reference_date,location,horizon,target,target_end_date,output_type,output_type_id,value,location_name,model_id
2025-11-22,01,0,wk inc flu hosp,2025-11-22,quantile,0.01,9,Alabama,Ensemble
2025-11-22,01,0,wk inc flu hosp,2025-11-22,quantile,0.025,11,Alabama,Ensemble
2025-11-22,01,0,wk inc flu hosp,2025-11-22,quantile,0.05,12,Alabama,Ensemble
2025-11-22,01,0,wk inc flu hosp,2025-11-22,quantile,0.1,16,Alabama,Ensemble
2025-11-22,01,0,wk inc flu hosp,2025-11-22,quantile,0.15,19,Alabama,Ensemble
2025-11-22,01,0,wk inc flu hosp,2025-11-22,quantile,0.2,21,Alabama,Ensemble
2025-11-22,01,0,wk inc flu hosp,2025-11-22,quantile,0.25,22,Alabama,Ensemble
2025-11-22,01,0,wk inc flu hosp,2025-11-22,quantile,0.3,24,Alabama,Ensemble
2025-11-22,01,0,wk inc flu hosp,2025-11-22,quantile,0.35,25,Alabama,Ensemble
2025-11-22,01,0,wk inc flu hosp,2025-11-22,quantile,0.4,26,Alabama,Ensemble
2025-11-22,01,0,wk inc flu hosp,2025-11-22,quantile,0.45,28,Alabama,Ensemble
2025-11-22,01,0,wk inc flu hosp,2025-11-22,quantile,0.5,31,Alabama,Ensemble
2025-11-22,01,0,wk inc flu hosp,2025-11-22,quantile,0.55,32,Alabama,Ensemble
2025-11-22,01,0,wk inc flu hosp,2025-11-22,quantile,0.6,34,Alabama,Ensemble
2025-11-22,01,0,wk inc flu hosp,2025-11-22,quantile,0.65,36,Alabama,Ensemble
2025-11-22,01,0,wk inc flu hosp,2025-11-22,quantile,0.7,38,Alabama,Ensemble
2025-11-22,01,0,wk inc flu hosp,2025-11-22,quantile,0.75,40,Alabama,Ensemble
2025-11-22,01,0,wk inc flu hosp,2025-11-22,quantile,0.8,42,Alabama,Ensemble
2025-11-22,01,0,wk inc flu hosp,2025-11-22,quantile,0.85,45,Alabama,Ensemble
2025-11-22,01,0,wk inc flu hosp,2025-11-22,quantile,0.9,50,Alabama,Ensemble
2025-11-22,01,0,wk inc flu hosp,2025-11-22,quantile,0.95,57,Alabama,Ensemble
2025-11-22,01,0,wk inc flu hosp,2025-11-22,quantile,0.975,66,Alabama,Ensemble
2025-11-22,01,0,wk inc flu hosp,2025-11-22,quantile,0.99,85,Alabama,Ensemble
2025-11-22,01,1,wk inc flu hosp,2025-11-29,quantile,0.01,9,Alabama,Ensemble
2025-11-22,01,1,wk inc flu hosp,2025-11-29,quantile,0.025,11,Alabama,Ensemble
2025-11-22,01,1,wk inc flu hosp,2025-11-29,quantile,0.05,14,Alabama,Ensemble
2025-11-22,01,1,wk inc flu hosp,2025-11-29,quantile,0.1,17,Alabama,Ensemble
2025-11-22,01,1,wk inc flu hosp,2025-11-29,quantile,0.15,21,Alabama,Ensemble
2025-11-22,01,1,wk inc flu hosp,2025-11-29,quantile,0.2,24,Alabama,Ensemble
2025-11-22,01,1,wk inc flu hosp,2025-11-29,quantile,0.25,27,Alabama,Ensemble
2025-11-22,01,1,wk inc flu hosp,2025-11-29,quantile,0.3,29,Alabama,Ensemble
2025-11-22,01,1,wk inc flu hosp,2025-11-29,quantile,0.35,32,Alabama,Ensemble
2025-11-22,01,1,wk inc flu hosp,2025-11-29,quantile,0.4,34,Alabama,Ensemble
2025-11-22,01,1,wk inc flu hosp,2025-11-29,quantile,0.45,36,Alabama,Ensemble
2025-11-22,01,1,wk inc flu hosp,2025-11-29,quantile,0.5,40,Alabama,Ensemble
2025-11-22,01,1,wk inc flu hosp,2025-11-29,quantile,0.55,43,Alabama,Ensemble
2025-11-22,01,1,wk inc flu hosp,2025-11-29,quantile,0.6,46,Alabama,Ensemble
2025-11-22,01,1,wk inc flu hosp,2025-11-29,quantile,0.65,49,Alabama,Ensemble
2025-11-22,01,1,wk inc flu hosp,2025-11-29,quantile,0.7,52,Alabama,Ensemble
2025-11-22,01,1,wk inc flu hosp,2025-11-29,quantile,0.75,56,Alabama,Ensemble
2025-11-22,01,1,wk inc flu hosp,2025-11-29,quantile,0.8,60,Alabama,Ensemble
2025-11-22,01,1,wk inc flu hosp,2025-11-29,quantile,0.85,65,Alabama,Ensemble
2025-11-22,01,1,wk inc flu hosp,2025-11-29,quantile,0.9,73,Alabama,Ensemble
2025-11-22,01,1,wk inc flu hosp,2025-11-29,quantile,0.95,88,Alabama,Ensemble
2025-11-22,01,1,wk inc flu hosp,2025-11-29,quantile,0.975,107,Alabama,Ensemble
2025-11-22,01,1,wk inc flu hosp,2025-11-29,quantile,0.99,141,Alabama,Ensemble
2025-11-22,01,2,wk inc flu hosp,2025-12-06,quantile,0.01,11,Alabama,Ensemble
2025-11-22,01,2,wk inc flu hosp,2025-12-06,quantile,0.025,13,Alabama,Ensemble
2025-11-22,01,2,wk inc flu hosp,2025-12-06,quantile,0.05,16,Alabama,Ensemble
2025-11-22,01,2,wk inc flu hosp,2025-12-06,quantile,0.1,20,Alabama,Ensemble
2025-11-22,01,2,wk inc flu hosp,2025-12-06,quantile,0.15,24,Alabama,Ensemble
2025-11-22,01,2,wk inc flu hosp,2025-12-06,quantile,0.2,28,Alabama,Ensemble
2025-11-22,01,2,wk inc flu hosp,2025-12-06,quantile,0.25,32,Alabama,Ensemble
2025-11-22,01,2,wk inc flu hosp,2025-12-06,quantile,0.3,36,Alabama,Ensemble
2025-11-22,01,2,wk inc flu hosp,2025-12-06,quantile,0.35,40,Alabama,Ensemble
2025-11-22,01,2,wk inc flu hosp,2025-12-06,quantile,0.4,43,Alabama,Ensemble
2025-11-22,01,2,wk inc flu hosp,2025-12-06,quantile,0.45,48,Alabama,Ensemble
2025-11-22,01,2,wk inc flu hosp,2025-12-06,quantile,0.5,53,Alabama,Ensemble
2025-11-22,01,2,wk inc flu hosp,2025-12-06,quantile,0.55,57,Alabama,Ensemble
2025-11-22,01,2,wk inc flu hosp,2025-12-06,quantile,0.6,61,Alabama,Ensemble
2025-11-22,01,2,wk inc flu hosp,2025-12-06,quantile,0.65,66,Alabama,Ensemble
2025-11-22,01,2,wk inc flu hosp,2025-12-06,quantile,0.7,71,Alabama,Ensemble
2025-11-22,01,2,wk inc flu hosp,2025-12-06,quantile,0.75,78,Alabama,Ensemble
2025-11-22,01,2,wk inc flu hosp,2025-12-06,quantile,0.8,85,Alabama,Ensemble
2025-11-22,01,2,wk inc flu hosp,2025-12-06,quantile,0.85,95,Alabama,Ensemble
2025-11-22,01,2,wk inc flu hosp,2025-12-06,quantile,0.9,111,Alabama,Ensemble
2025-11-22,01,2,wk inc flu hosp,2025-12-06,quantile,0.95,137,Alabama,Ensemble
2025-11-22,01,2,wk inc flu hosp,2025-12-06,quantile,0.975,173,Alabama,Ensemble
2025-11-22,01,2,wk inc flu hosp,2025-12-06,quantile,0.99,227,Alabama,Ensemble
2025-11-22,01,3,wk inc flu hosp,2025-12-13,quantile,0.01,12,Alabama,Ensemble
2025-11-22,01,3,wk inc flu hosp,2025-12-13,quantile,0.025,16,Alabama,Ensemble
2025-11-22,01,3,wk inc flu hosp,2025-12-13,quantile,0.05,19,Alabama,Ensemble
2025-11-22,01,3,wk inc flu hosp,2025-12-13,quantile,0.1,25,Alabama,Ensemble
2025-11-22,01,3,wk inc flu hosp,2025-12-13,quantile,0.15,29,Alabama,Ensemble
2025-11-22,01,3,wk inc flu hosp,2025-12-13,quantile,0.2,34,Alabama,Ensemble
2025-11-22,01,3,wk inc flu hosp,2025-12-13,quantile,0.25,40,Alabama,Ensemble
2025-11-22,01,3,wk inc flu hosp,2025-12-13,quantile,0.3,46,Alabama,Ensemble
2025-11-22,01,3,wk inc flu hosp,2025-12-13,quantile,0.35,52,Alabama,Ensemble
2025-11-22,01,3,wk inc flu hosp,2025-12-13,quantile,0.4,57,Alabama,Ensemble
2025-11-22,01,3,wk inc flu hosp,2025-12-13,quantile,0.45,63,Alabama,Ensemble
2025-11-22,01,3,wk inc flu hosp,2025-12-13,quantile,0.5,70,Alabama,Ensemble
2025-11-22,01,3,wk inc flu hosp,2025-12-13,quantile,0.55,77,Alabama,Ensemble
2025-11-22,01,3,wk inc flu hosp,2025-12-13,quantile,0.6,83,Alabama,Ensemble
2025-11-22,01,3,wk inc flu hosp,2025-12-13,quantile,0.65,91,Alabama,Ensemble
2025-11-22,01,3,wk inc flu hosp,2025-12-13,quantile,0.7,99,Alabama,Ensemble
2025-11-22,01,3,wk inc flu hosp,2025-12-13,quantile,0.75,109,Alabama,Ensemble
2025-11-22,01,3,wk inc flu hosp,2025-12-13,quantile,0.8,120,Alabama,Ensemble
2025-11-22,01,3,wk inc flu hosp,2025-12-13,quantile,0.85,136,Alabama,Ensemble
2025-11-22,01,3,wk inc flu hosp,2025-12-13,quantile,0.9,162,Alabama,Ensemble
2025-11-22,01,3,wk inc flu hosp,2025-12-13,quantile,0.95,202,Alabama,Ensemble
2025-11-22,01,3,wk inc flu hosp,2025-12-13,quantile,0.975,259,Alabama,Ensemble
2025-11-22,01,3,wk inc flu hosp,2025-12-13,quantile,0.99,337,Alabama,Ensemble
2025-11-22,02,0,wk inc flu hosp,2025-11-22,quantile,0.01,0,Alaska,Ensemble
2025-11-22,02,0,wk inc flu hosp,2025-11-22,quantile,0.025,0,Alaska,Ensemble
2025-11-22,02,0,wk inc flu hosp,2025-11-22,quantile,0.05,0,Alaska,Ensemble
2025-11-22,02,0,wk inc flu hosp,2025-11-22,quantile,0.1,0,Alaska,Ensemble
2025-11-22,02,0,wk inc flu hosp,2025-11-22,quantile,0.15,0,Alaska,Ensemble
2025-11-22,02,0,wk inc flu hosp,2025-11-22,quantile,0.2,0,Alaska,Ensemble
2025-11-22,02,0,wk inc flu hosp,2025-11-22,quantile,0.25,0,Alaska,Ensemble
2025-11-22,02,0,wk inc flu hosp,2025-11-22,quantile,0.3,0,Alaska,Ensemble
2025-11-22,02,0,wk inc flu hosp,2025-11-22,quantile,0.35,0,Alaska,Ensemble
2025-11-22,02,0,wk inc flu hosp,2025-11-22,quantile,0.4,0,Alaska,Ensemble
2025-11-22,02,0,wk inc flu hosp,2025-11-22,quantile,0.45,1,Alaska,Ensemble
2025-11-22,02,0,wk inc flu hosp,2025-11-22,quantile,0.5,2,Alaska,Ensemble
2025-11-22,02,0,wk inc flu hosp,2025-11-22,quantile,0.55,2,Alaska,Ensemble
2025-11-22,02,0,wk inc flu hosp,2025-11-22,quantile,0.6,2,Alaska,Ensemble
2025-11-22,02,0,wk inc flu hosp,2025-11-22,quantile,0.65,2,Alaska,Ensemble
2025-11-22,02,0,wk inc flu hosp,2025-11-22,quantile,0.7,3,Alaska,Ensemble
2025-11-22,02,0,wk inc flu hosp,2025-11-22,quantile,0.75,3,Alaska,Ensemble
2025-11-22,02,0,wk inc flu hosp,2025-11-22,quantile,0.8,3,Alaska,Ensemble
2025-11-22,02,0,wk inc flu hosp,2025-11-22,quantile,0.85,4,Alaska,Ensemble
2025-11-22,02,0,wk inc flu hosp,2025-11-22,quantile,0.9,4,Alaska,Ensemble
2025-11-22,02,0,wk inc flu hosp,2025-11-22,quantile,0.95,6,Alaska,Ensemble
2025-11-22,02,0,wk inc flu hosp,2025-11-22,quantile,0.975,7,Alaska,Ensemble
2025-11-22,02,0,wk inc flu hosp,2025-11-22,quantile,0.99,8,Alaska,Ensemble
2025-11-22,02,1,wk inc flu hosp,2025-11-29,quantile,0.01,0,Alaska,Ensemble
2025-11-22,02,1,wk inc flu hosp,2025-11-29,quantile,0.025,0,Alaska,Ensemble
2025-11-22,02,1,wk inc flu hosp,2025-11-29,quantile,0.05,0,Alaska,Ensemble
2025-11-22,02,1,wk inc flu hosp,2025-11-29,quantile,0.1,0,Alaska,Ensemble
2025-11-22,02,1,wk inc flu hosp,2025-11-29,quantile,0.15,0,Alaska,Ensemble
2025-11-22,02,1,wk inc flu hosp,2025-11-29,quantile,0.2,0,Alaska,Ensemble
2025-11-22,02,1,wk inc flu hosp,2025-11-29,quantile,0.25,1,Alaska,Ensemble
2025-11-22,02,1,wk inc flu hosp,2025-11-29,quantile,0.3,1,Alaska,Ensemble
2025-11-22,02,1,wk inc flu hosp,2025-11-29,quantile,0.35,1,Alaska,Ensemble
2025-11-22,02,1,wk inc flu hosp,2025-11-29,quantile,0.4,1,Alaska,Ensemble
2025-11-22,02,1,wk inc flu hosp,2025-11-29,quantile,0.45,1,Alaska,Ensemble
2025-11-22,02,1,wk inc flu hosp,2025-11-29,quantile,0.5,3,Alaska,Ensemble
2025-11-22,02,1,wk inc flu hosp,2025-11-29,quantile,0.55,3,Alaska,Ensemble
2025-11-22,02,1,wk inc flu hosp,2025-11-29,quantile,0.6,3,Alaska,Ensemble
2025-11-22,02,1,wk inc flu hosp,2025-11-29,quantile,0.65,3,Alaska,Ensemble
2025-11-22,02,1,wk inc flu hosp,2025-11-29,quantile,0.7,4,Alaska,Ensemble
2025-11-22,02,1,wk inc flu hosp,2025-11-29,quantile,0.75,4,Alaska,Ensemble
2025-11-22,02,1,wk inc flu hosp,2025-11-29,quantile,0.8,4,Alaska,Ensemble
2025-11-22,02,1,wk inc flu hosp,2025-11-29,quantile,0.85,5,Alaska,Ensemble
2025-11-22,02,1,wk inc flu hosp,2025-11-29,quantile,0.9,6,Alaska,Ensemble
2025-11-22,02,1,wk inc flu hosp,2025-11-29,quantile,0.95,7,Alaska,Ensemble
2025-11-22,02,1,wk inc flu hosp,2025-11-29,quantile,0.975,9,Alaska,Ensemble
2025-11-22,02,1,wk inc flu hosp,2025-11-29,quantile,0.99,10,Alaska,Ensemble
2025-11-22,02,2,wk inc flu hosp,2025-12-06,quantile,0.01,0,Alaska,Ensemble
2025-11-22,02,2,wk inc flu hosp,2025-12-06,quantile,0.025,0,Alaska,Ensemble
2025-11-22,02,2,wk inc flu hosp,2025-12-06,quantile,0.05,0,Alaska,Ensemble
2025-11-22,02,2,wk inc flu hosp,2025-12-06,quantile,0.1,0,Alaska,Ensemble
2025-11-22,02,2,wk inc flu hosp,2025-12-06,quantile,0.15,1,Alaska,Ensemble
2025-11-22,02,2,wk inc flu hosp,2025-12-06,quantile,0.2,1,Alaska,Ensemble
2025-11-22,02,2,wk inc flu hosp,2025-12-06,quantile,0.25,1,Alaska,Ensemble
2025-11-22,02,2,wk inc flu hosp,2025-12-06,quantile,0.3,1,Alaska,Ensemble
2025-11-22,02,2,wk inc flu hosp,2025-12-06,quantile,0.35,1,Alaska,Ensemble
2025-11-22,02,2,wk inc flu hosp,2025-12-06,quantile,0.4,2,Alaska,Ensemble
2025-11-22,02,2,wk inc flu hosp,2025-12-06,quantile,0.45,2,Alaska,Ensemble
2025-11-22,02,2,wk inc flu hosp,2025-12-06,quantile,0.5,3,Alaska,Ensemble
2025-11-22,02,2,wk inc flu hosp,2025-12-06,quantile,0.55,3,Alaska,Ensemble
2025-11-22,02,2,wk inc flu hosp,2025-12-06,quantile,0.6,4,Alaska,Ensemble
2025-11-22,02,2,wk inc flu hosp,2025-12-06,quantile,0.65,4,Alaska,Ensemble
2025-11-22,02,2,wk inc flu hosp,2025-12-06,quantile,0.7,5,Alaska,Ensemble
2025-11-22,02,2,wk inc flu hosp,2025-12-06,quantile,0.75,5,Alaska,Ensemble
2025-11-22,02,2,wk inc flu hosp,2025-12-06,quantile,0.8,6,Alaska,Ensemble
2025-11-22,02,2,wk inc flu hosp,2025-12-06,quantile,0.85,7,Alaska,Ensemble
2025-11-22,02,2,wk inc flu hosp,2025-12-06,quantile,0.9,8,Alaska,Ensemble
2025-11-22,02,2,wk inc flu hosp,2025-12-06,quantile,0.95,10,Alaska,Ensemble
2025-11-22,02,2,wk inc flu hosp,2025-12-06,quantile,0.975,13,Alaska,Ensemble
2025-11-22,02,2,wk inc flu hosp,2025-12-06,quantile,0.99,16,Alaska,Ensemble
2025-11-22,02,3,wk inc flu hosp,2025-12-13,quantile,0.01,0,Alaska,Ensemble
2025-11-22,02,3,wk inc flu hosp,2025-12-13,quantile,0.025,0,Alaska,Ensemble
2025-11-22,02,3,wk inc flu hosp,2025-12-13,quantile,0.05,0,Alaska,Ensemble
2025-11-22,02,3,wk inc flu hosp,2025-12-13,quantile,0.1,1,Alaska,Ensemble
2025-11-22,02,3,wk inc flu hosp,2025-12-13,quantile,0.15,1,Alaska,Ensemble
2025-11-22,02,3,wk inc flu hosp,2025-12-13,quantile,0.2,1,Alaska,Ensemble
2025-11-22,02,3,wk inc flu hosp,2025-12-13,quantile,0.25,1,Alaska,Ensemble
2025-11-22,02,3,wk inc flu hosp,2025-12-13,quantile,0.3,1,Alaska,Ensemble
2025-11-22,02,3,wk inc flu hosp,2025-12-13,quantile,0.35,2,Alaska,Ensemble
2025-11-22,02,3,wk inc flu hosp,2025-12-13,quantile,0.4,2,Alaska,Ensemble
2025-11-22,02,3,wk inc flu hosp,2025-12-13,quantile,0.45,3,Alaska,Ensemble
2025-11-22,02,3,wk inc flu hosp,2025-12-13,quantile,0.5,4,Alaska,Ensemble
2025-11-22,02,3,wk inc flu hosp,2025-12-13,quantile,0.55,5,Alaska,Ensemble
2025-11-22,02,3,wk inc flu hosp,2025-12-13,quantile,0.6,5,Alaska,Ensemble
2025-11-22,02,3,wk inc flu hosp,2025-12-13,quantile,0.65,6,Alaska,Ensemble
2025-11-22,02,3,wk inc flu hosp,2025-12-13,quantile,0.7,6,Alaska,Ensemble
2025-11-22,02,3,wk inc flu hosp,2025-12-13,quantile,0.75,7,Alaska,Ensemble
2025-11-22,02,3,wk inc flu hosp,2025-12-13,quantile,0.8,8,Alaska,Ensemble
2025-11-22,02,3,wk inc flu hosp,2025-12-13,quantile,0.85,10,Alaska,Ensemble
2025-11-22,02,3,wk inc flu hosp,2025-12-13,quantile,0.9,12,Alaska,Ensemble
2025-11-22,02,3,wk inc flu hosp,2025-12-13,quantile,0.95,15,Alaska,Ensemble
2025-11-22,02,3,wk inc flu hosp,2025-12-13,quantile,0.975,19,Alaska,Ensemble
2025-11-22,02,3,wk inc flu hosp,2025-12-13,quantile,0.99,24,Alaska,Ensemble
2025-11-22,04,0,wk inc flu hosp,2025-11-22,quantile,0.01,5,Arizona,Ensemble
2025-11-22,04,0,wk inc flu hosp,2025-11-22,quantile,0.025,6,Arizona,Ensemble
2025-11-22,04,0,wk inc flu hosp,2025-11-22,quantile,0.05,8,Arizona,Ensemble
2025-11-22,04,0,wk inc flu hosp,2025-11-22,quantile,0.1,9,Arizona,Ensemble
2025-11-22,04,0,wk inc flu hosp,2025-11-22,quantile,0.15,11,Arizona,Ensemble
2025-11-22,04,0,wk inc flu hosp,2025-11-22,quantile,0.2,13,Arizona,Ensemble
2025-11-22,04,0,wk inc flu hosp,2025-11-22,quantile,0.25,15,Arizona,Ensemble
2025-11-22,04,0,wk inc flu hosp,2025-11-22,quantile,0.3,17,Arizona,Ensemble
2025-11-22,04,0,wk inc flu hosp,2025-11-22,quantile,0.35,19,Arizona,Ensemble
2025-11-22,04,0,wk inc flu hosp,2025-11-22,quantile,0.4,21,Arizona,Ensemble
2025-11-22,04,0,wk inc flu hosp,2025-11-22,quantile,0.45,23,Arizona,Ensemble
2025-11-22,04,0,wk inc flu hosp,2025-11-22,quantile,0.5,26,Arizona,Ensemble
2025-11-22,04,0,wk inc flu hosp,2025-11-22,quantile,0.55,28,Arizona,Ensemble
2025-11-22,04,0,wk inc flu hosp,2025-11-22,quantile,0.6,30,Arizona,Ensemble
2025-11-22,04,0,wk inc flu hosp,2025-11-22,quantile,0.65,32,Arizona,Ensemble
2025-11-22,04,0,wk inc flu hosp,2025-11-22,quantile,0.7,34,Arizona,Ensemble
2025-11-22,04,0,wk inc flu hosp,2025-11-22,quantile,0.75,37,Arizona,Ensemble
2025-11-22,04,0,wk inc flu hosp,2025-11-22,quantile,0.8,40,Arizona,Ensemble
2025-11-22,04,0,wk inc flu hosp,2025-11-22,quantile,0.85,43,Arizona,Ensemble
2025-11-22,04,0,wk inc flu hosp,2025-11-22,quantile,0.9,48,Arizona,Ensemble
2025-11-22,04,0,wk inc flu hosp,2025-11-22,quantile,0.95,61,Arizona,Ensemble
2025-11-22,04,0,wk inc flu hosp,2025-11-22,quantile,0.975,81,Arizona,Ensemble
2025-11-22,04,0,wk inc flu hosp,2025-11-22,quantile,0.99,109,Arizona,Ensemble
2025-11-22,04,1,wk inc flu hosp,2025-11-29,quantile,0.01,5,Arizona,Ensemble
2025-11-22,04,1,wk inc flu hosp,2025-11-29,quantile,0.025,6,Arizona,Ensemble
2025-11-22,04,1,wk inc flu hosp,2025-11-29,quantile,0.05,8,Arizona,Ensemble
2025-11-22,04,1,wk inc flu hosp,2025-11-29,quantile,0.1,10,Arizona,Ensemble
2025-11-22,04,1,wk inc flu hosp,2025-11-29,quantile,0.15,12,Arizona,Ensemble
2025-11-22,04,1,wk inc flu hosp,2025-11-29,quantile,0.2,16,Arizona,Ensemble
2025-11-22,04,1,wk inc flu hosp,2025-11-29,quantile,0.25,19,Arizona,Ensemble
2025-11-22,04,1,wk inc flu hosp,2025-11-29,quantile,0.3,22,Arizona,Ensemble
2025-11-22,04,1,wk inc flu hosp,2025-11-29,quantile,0.35,24,Arizona,Ensemble
2025-11-22,04,1,wk inc flu hosp,2025-11-29,quantile,0.4,29,Arizona,Ensemble
2025-11-22,04,1,wk inc flu hosp,2025-11-29,quantile,0.45,32,Arizona,Ensemble
2025-11-22,04,1,wk inc flu hosp,2025-11-29,quantile,0.5,37,Arizona,Ensemble
2025-11-22,04,1,wk inc flu hosp,2025-11-29,quantile,0.55,40,Arizona,Ensemble
2025-11-22,04,1,wk inc flu hosp,2025-11-29,quantile,0.6,44,Arizona,Ensemble
2025-11-22,04,1,wk inc flu hosp,2025-11-29,quantile,0.65,49,Arizona,Ensemble
2025-11-22,04,1,wk inc flu hosp,2025-11-29,quantile,0.7,53,Arizona,Ensemble
2025-11-22,04,1,wk inc flu hosp,2025-11-29,quantile,0.75,57,Arizona,Ensemble
2025-11-22,04,1,wk inc flu hosp,2025-11-29,quantile,0.8,63,Arizona,Ensemble
2025-11-22,04,1,wk inc flu hosp,2025-11-29,quantile,0.85,72,Arizona,Ensemble
2025-11-22,04,1,wk inc flu hosp,2025-11-29,quantile,0.9,84,Arizona,Ensemble
2025-11-22,04,1,wk inc flu hosp,2025-11-29,quantile,0.95,112,Arizona,Ensemble
2025-11-22,04,1,wk inc flu hosp,2025-11-29,quantile,0.975,147,Arizona,Ensemble
2025-11-22,04,1,wk inc flu hosp,2025-11-29,quantile,0.99,204,Arizona,Ensemble
2025-11-22,04,2,wk inc flu hosp,2025-12-06,quantile,0.01,5,Arizona,Ensemble
2025-11-22,04,2,wk inc flu hosp,2025-12-06,quantile,0.025,7,Arizona,Ensemble
2025-11-22,04,2,wk inc flu hosp,2025-12-06,quantile,0.05,9,Arizona,Ensemble
2025-11-22,04,2,wk inc flu hosp,2025-12-06,quantile,0.1,12,Arizona,Ensemble
2025-11-22,04,2,wk inc flu hosp,2025-12-06,quantile,0.15,15,Arizona,Ensemble
2025-11-22,04,2,wk inc flu hosp,2025-12-06,quantile,0.2,23,Arizona,Ensemble
2025-11-22,04,2,wk inc flu hosp,2025-12-06,quantile,0.25,28,Arizona,Ensemble
2025-11-22,04,2,wk inc flu hosp,2025-12-06,quantile,0.3,33,Arizona,Ensemble
2025-11-22,04,2,wk inc flu hosp,2025-12-06,quantile,0.35,38,Arizona,Ensemble
2025-11-22,04,2,wk inc flu hosp,2025-12-06,quantile,0.4,42,Arizona,Ensemble
2025-11-22,04,2,wk inc flu hosp,2025-12-06,quantile,0.45,47,Arizona,Ensemble
2025-11-22,04,2,wk inc flu hosp,2025-12-06,quantile,0.5,55,Arizona,Ensemble
2025-11-22,04,2,wk inc flu hosp,2025-12-06,quantile,0.55,60,Arizona,Ensemble
2025-11-22,04,2,wk inc flu hosp,2025-12-06,quantile,0.6,66,Arizona,Ensemble
2025-11-22,04,2,wk inc flu hosp,2025-12-06,quantile,0.65,72,Arizona,Ensemble
2025-11-22,04,2,wk inc flu hosp,2025-12-06,quantile,0.7,80,Arizona,Ensemble
2025-11-22,04,2,wk inc flu hosp,2025-12-06,quantile,0.75,89,Arizona,Ensemble
2025-11-22,04,2,wk inc flu hosp,2025-12-06,quantile,0.8,100,Arizona,Ensemble
2025-11-22,04,2,wk inc flu hosp,2025-12-06,quantile,0.85,119,Arizona,Ensemble
2025-11-22,04,2,wk inc flu hosp,2025-12-06,quantile,0.9,145,Arizona,Ensemble
2025-11-22,04,2,wk inc flu hosp,2025-12-06,quantile,0.95,197,Arizona,Ensemble
2025-11-22,04,2,wk inc flu hosp,2025-12-06,quantile,0.975,260,Arizona,Ensemble
2025-11-22,04,2,wk inc flu hosp,2025-12-06,quantile,0.99,345,Arizona,Ensemble
2025-11-22,04,3,wk inc flu hosp,2025-12-13,quantile,0.01,6,Arizona,Ensemble
2025-11-22,04,3,wk inc flu hosp,2025-12-13,quantile,0.025,8,Arizona,Ensemble
2025-11-22,04,3,wk inc flu hosp,2025-12-13,quantile,0.05,11,Arizona,Ensemble
2025-11-22,04,3,wk inc flu hosp,2025-12-13,quantile,0.1,15,Arizona,Ensemble
2025-11-22,04,3,wk inc flu hosp,2025-12-13,quantile,0.15,19,Arizona,Ensemble
2025-11-22,04,3,wk inc flu hosp,2025-12-13,quantile,0.2,23,Arizona,Ensemble
2025-11-22,04,3,wk inc flu hosp,2025-12-13,quantile,0.25,29,Arizona,Ensemble
2025-11-22,04,3,wk inc flu hosp,2025-12-13,quantile,0.3,40,Arizona,Ensemble
2025-11-22,04,3,wk inc flu hosp,2025-12-13,quantile,0.35,48,Arizona,Ensemble
2025-11-22,04,3,wk inc flu hosp,2025-12-13,quantile,0.4,56,Arizona,Ensemble
2025-11-22,04,3,wk inc flu hosp,2025-12-13,quantile,0.45,63,Arizona,Ensemble
2025-11-22,04,3,wk inc flu hosp,2025-12-13,quantile,0.5,73,Arizona,Ensemble
2025-11-22,04,3,wk inc flu hosp,2025-12-13,quantile,0.55,82,Arizona,Ensemble
2025-11-22,04,3,wk inc flu hosp,2025-12-13,quantile,0.6,91,Arizona,Ensemble
2025-11-22,04,3,wk inc flu hosp,2025-12-13,quantile,0.65,103,Arizona,Ensemble
2025-11-22,04,3,wk inc flu hosp,2025-12-13,quantile,0.7,116,Arizona,Ensemble
2025-11-22,04,3,wk inc flu hosp,2025-12-13,quantile,0.75,135,Arizona,Ensemble
2025-11-22,04,3,wk inc flu hosp,2025-12-13,quantile,0.8,154,Arizona,Ensemble
2025-11-22,04,3,wk inc flu hosp,2025-12-13,quantile,0.85,181,Arizona,Ensemble
2025-11-22,04,3,wk inc flu hosp,2025-12-13,quantile,0.9,224,Arizona,Ensemble
2025-11-22,04,3,wk inc flu hosp,2025-12-13,quantile,0.95,311,Arizona,Ensemble
2025-11-22,04,3,wk inc flu hosp,2025-12-13,quantile,0.975,427,Arizona,Ensemble
2025-11-22,04,3,wk inc flu hosp,2025-12-13,quantile,0.99,571,Arizona,Ensemble
2025-11-22,05,0,wk inc flu hosp,2025-11-22,quantile,0.01,4,Arkansas,Ensemble
2025-11-22,05,0,wk inc flu hosp,2025-11-22,quantile,0.025,5,Arkansas,Ensemble
2025-11-22,05,0,wk inc flu hosp,2025-11-22,quantile,0.05,6,Arkansas,Ensemble
2025-11-22,05,0,wk inc flu hosp,2025-11-22,quantile,0.1,7,Arkansas,Ensemble
2025-11-22,05,0,wk inc flu hosp,2025-11-22,quantile,0.15,9,Arkansas,Ensemble
2025-11-22,05,0,wk inc flu hosp,2025-11-22,quantile,0.2,9,Arkansas,Ensemble
2025-11-22,05,0,wk inc flu hosp,2025-11-22,quantile,0.25,10,Arkansas,Ensemble
2025-11-22,05,0,wk inc flu hosp,2025-11-22,quantile,0.3,11,Arkansas,Ensemble
2025-11-22,05,0,wk inc flu hosp,2025-11-22,quantile,0.35,12,Arkansas,Ensemble
2025-11-22,05,0,wk inc flu hosp,2025-11-22,quantile,0.4,12,Arkansas,Ensemble
2025-11-22,05,0,wk inc flu hosp,2025-11-22,quantile,0.45,13,Arkansas,Ensemble
2025-11-22,05,0,wk inc flu hosp,2025-11-22,quantile,0.5,15,Arkansas,Ensemble
2025-11-22,05,0,wk inc flu hosp,2025-11-22,quantile,0.55,15,Arkansas,Ensemble
2025-11-22,05,0,wk inc flu hosp,2025-11-22,quantile,0.6,16,Arkansas,Ensemble
2025-11-22,05,0,wk inc flu hosp,2025-11-22,quantile,0.65,17,Arkansas,Ensemble
2025-11-22,05,0,wk inc flu hosp,2025-11-22,quantile,0.7,18,Arkansas,Ensemble
2025-11-22,05,0,wk inc flu hosp,2025-11-22,quantile,0.75,19,Arkansas,Ensemble
2025-11-22,05,0,wk inc flu hosp,2025-11-22,quantile,0.8,20,Arkansas,Ensemble
2025-11-22,05,0,wk inc flu hosp,2025-11-22,quantile,0.85,21,Arkansas,Ensemble
2025-11-22,05,0,wk inc flu hosp,2025-11-22,quantile,0.9,24,Arkansas,Ensemble
2025-11-22,05,0,wk inc flu hosp,2025-11-22,quantile,0.95,28,Arkansas,Ensemble
2025-11-22,05,0,wk inc flu hosp,2025-11-22,quantile,0.975,31,Arkansas,Ensemble
2025-11-22,05,0,wk inc flu hosp,2025-11-22,quantile,0.99,35,Arkansas,Ensemble
2025-11-22,05,1,wk inc flu hosp,2025-11-29,quantile,0.01,5,Arkansas,Ensemble
2025-11-22,05,1,wk inc flu hosp,2025-11-29,quantile,0.025,6,Arkansas,Ensemble
2025-11-22,05,1,wk inc flu hosp,2025-11-29,quantile,0.05,7,Arkansas,Ensemble
2025-11-22,05,1,wk inc flu hosp,2025-11-29,quantile,0.1,9,Arkansas,Ensemble
2025-11-22,05,1,wk inc flu hosp,2025-11-29,quantile,0.15,10,Arkansas,Ensemble
2025-11-22,05,1,wk inc flu hosp,2025-11-29,quantile,0.2,11,Arkansas,Ensemble
2025-11-22,05,1,wk inc flu hosp,2025-11-29,quantile,0.25,12,Arkansas,Ensemble
2025-11-22,05,1,wk inc flu hosp,2025-11-29,quantile,0.3,14,Arkansas,Ensemble
2025-11-22,05,1,wk inc flu hosp,2025-11-29,quantile,0.35,15,Arkansas,Ensemble
2025-11-22,05,1,wk inc flu hosp,2025-11-29,quantile,0.4,16,Arkansas,Ensemble
2025-11-22,05,1,wk inc flu hosp,2025-11-29,quantile,0.45,17,Arkansas,Ensemble
2025-11-22,05,1,wk inc flu hosp,2025-11-29,quantile,0.5,19,Arkansas,Ensemble
2025-11-22,05,1,wk inc flu hosp,2025-11-29,quantile,0.55,20,Arkansas,Ensemble
2025-11-22,05,1,wk inc flu hosp,2025-11-29,quantile,0.6,21,Arkansas,Ensemble
2025-11-22,05,1,wk inc flu hosp,2025-11-29,quantile,0.65,22,Arkansas,Ensemble
2025-11-22,05,1,wk inc flu hosp,2025-11-29,quantile,0.7,24,Arkansas,Ensemble
2025-11-22,05,1,wk inc flu hosp,2025-11-29,quantile,0.75,26,Arkansas,Ensemble
2025-11-22,05,1,wk inc flu hosp,2025-11-29,quantile,0.8,28,Arkansas,Ensemble
2025-11-22,05,1,wk inc flu hosp,2025-11-29,quantile,0.85,30,Arkansas,Ensemble
2025-11-22,05,1,wk inc flu hosp,2025-11-29,quantile,0.9,34,Arkansas,Ensemble
2025-11-22,05,1,wk inc flu hosp,2025-11-29,quantile,0.95,40,Arkansas,Ensemble
2025-11-22,05,1,wk inc flu hosp,2025-11-29,quantile,0.975,48,Arkansas,Ensemble
2025-11-22,05,1,wk inc flu hosp,2025-11-29,quantile,0.99,55,Arkansas,Ensemble
2025-11-22,05,2,wk inc flu hosp,2025-12-06,quantile,0.01,6,Arkansas,Ensemble
2025-11-22,05,2,wk inc flu hosp,2025-12-06,quantile,0.025,7,Arkansas,Ensemble
2025-11-22,05,2,wk inc flu hosp,2025-12-06,quantile,0.05,9,Arkansas,Ensemble
2025-11-22,05,2,wk inc flu hosp,2025-12-06,quantile,0.1,11,Arkansas,Ensemble
2025-11-22,05,2,wk inc flu hosp,2025-12-06,quantile,0.15,13,Arkansas,Ensemble
2025-11-22,05,2,wk inc flu hosp,2025-12-06,quantile,0.2,14,Arkansas,Ensemble
2025-11-22,05,2,wk inc flu hosp,2025-12-06,quantile,0.25,16,Arkansas,Ensemble
2025-11-22,05,2,wk inc flu hosp,2025-12-06,quantile,0.3,18,Arkansas,Ensemble
2025-11-22,05,2,wk inc flu hosp,2025-12-06,quantile,0.35,19,Arkansas,Ensemble
2025-11-22,05,2,wk inc flu hosp,2025-12-06,quantile,0.4,21,Arkansas,Ensemble
2025-11-22,05,2,wk inc flu hosp,2025-12-06,quantile,0.45,23,Arkansas,Ensemble
2025-11-22,05,2,wk inc flu hosp,2025-12-06,quantile,0.5,26,Arkansas,Ensemble
2025-11-22,05,2,wk inc flu hosp,2025-12-06,quantile,0.55,27,Arkansas,Ensemble
2025-11-22,05,2,wk inc flu hosp,2025-12-06,quantile,0.6,29,Arkansas,Ensemble
2025-11-22,05,2,wk inc flu hosp,2025-12-06,quantile,0.65,31,Arkansas,Ensemble
2025-11-22,05,2,wk inc flu hosp,2025-12-06,quantile,0.7,33,Arkansas,Ensemble
2025-11-22,05,2,wk inc flu hosp,2025-12-06,quantile,0.75,36,Arkansas,Ensemble
2025-11-22,05,2,wk inc flu hosp,2025-12-06,quantile,0.8,39,Arkansas,Ensemble
2025-11-22,05,2,wk inc flu hosp,2025-12-06,quantile,0.85,44,Arkansas,Ensemble
2025-11-22,05,2,wk inc flu hosp,2025-12-06,quantile,0.9,50,Arkansas,Ensemble
2025-11-22,05,2,wk inc flu hosp,2025-12-06,quantile,0.95,61,Arkansas,Ensemble
2025-11-22,05,2,wk inc flu hosp,2025-12-06,quantile,0.975,74,Arkansas,Ensemble
2025-11-22,05,2,wk inc flu hosp,2025-12-06,quantile,0.99,86,Arkansas,Ensemble
2025-11-22,05,3,wk inc flu hosp,2025-12-13,quantile,0.01,8,Arkansas,Ensemble
2025-11-22,05,3,wk inc flu hosp,2025-12-13,quantile,0.025,10,Arkansas,Ensemble
2025-11-22,05,3,wk inc flu hosp,2025-12-13,quantile,0.05,12,Arkansas,Ensemble
2025-11-22,05,3,wk inc flu hosp,2025-12-13,quantile,0.1,15,Arkansas,Ensemble
2025-11-22,05,3,wk inc flu hosp,2025-12-13,quantile,0.15,17,Arkansas,Ensemble
2025-11-22,05,3,wk inc flu hosp,2025-12-13,quantile,0.2,19,Arkansas,Ensemble
2025-11-22,05,3,wk inc flu hosp,2025-12-13,quantile,0.25,21,Arkansas,Ensemble
2025-11-22,05,3,wk inc flu hosp,2025-12-13,quantile,0.3,23,Arkansas,Ensemble
2025-11-22,05,3,wk inc flu hosp,2025-12-13,quantile,0.35,26,Arkansas,Ensemble
2025-11-22,05,3,wk inc flu hosp,2025-12-13,quantile,0.4,28,Arkansas,Ensemble
2025-11-22,05,3,wk inc flu hosp,2025-12-13,quantile,0.45,30,Arkansas,Ensemble
2025-11-22,05,3,wk inc flu hosp,2025-12-13,quantile,0.5,34,Arkansas,Ensemble
2025-11-22,05,3,wk inc flu hosp,2025-12-13,quantile,0.55,37,Arkansas,Ensemble
2025-11-22,05,3,wk inc flu hosp,2025-12-13,quantile,0.6,40,Arkansas,Ensemble
2025-11-22,05,3,wk inc flu hosp,2025-12-13,quantile,0.65,43,Arkansas,Ensemble
2025-11-22,05,3,wk inc flu hosp,2025-12-13,quantile,0.7,46,Arkansas,Ensemble
2025-11-22,05,3,wk inc flu hosp,2025-12-13,quantile,0.75,50,Arkansas,Ensemble
2025-11-22,05,3,wk inc flu hosp,2025-12-13,quantile,0.8,55,Arkansas,Ensemble
2025-11-22,05,3,wk inc flu hosp,2025-12-13,quantile,0.85,61,Arkansas,Ensemble
2025-11-22,05,3,wk inc flu hosp,2025-12-13,quantile,0.9,72,Arkansas,Ensemble
2025-11-22,05,3,wk inc flu hosp,2025-12-13,quantile,0.95,91,Arkansas,Ensemble
2025-11-22,05,3,wk inc flu hosp,2025-12-13,quantile,0.975,110,Arkansas,Ensemble
2025-11-22,05,3,wk inc flu hosp,2025-12-13,quantile,0.99,129,Arkansas,Ensemble
2025-11-22,06,0,wk inc flu hosp,2025-11-22,quantile,0.01,66,California,Ensemble
2025-11-22,06,0,wk inc flu hosp,2025-11-22,quantile,0.025,75,California,Ensemble
2025-11-22,06,0,wk inc flu hosp,2025-11-22,quantile,0.05,83,California,Ensemble
2025-11-22,06,0,wk inc flu hosp,2025-11-22,quantile,0.1,104,California,Ensemble
2025-11-22,06,0,wk inc flu hosp,2025-11-22,quantile,0.15,114,California,Ensemble
2025-11-22,06,0,wk inc flu hosp,2025-11-22,quantile,0.2,121,California,Ensemble
2025-11-22,06,0,wk inc flu hosp,2025-11-22,quantile,0.25,126,California,Ensemble
2025-11-22,06,0,wk inc flu hosp,2025-11-22,quantile,0.3,136,California,Ensemble
2025-11-22,06,0,wk inc flu hosp,2025-11-22,quantile,0.35,145,California,Ensemble
2025-11-22,06,0,wk inc flu hosp,2025-11-22,quantile,0.4,152,California,Ensemble
2025-11-22,06,0,wk inc flu hosp,2025-11-22,quantile,0.45,159,California,Ensemble
2025-11-22,06,0,wk inc flu hosp,2025-11-22,quantile,0.5,169,California,Ensemble
2025-11-22,06,0,wk inc flu hosp,2025-11-22,quantile,0.55,178,California,Ensemble
2025-11-22,06,0,wk inc flu hosp,2025-11-22,quantile,0.6,186,California,Ensemble
2025-11-22,06,0,wk inc flu hosp,2025-11-22,quantile,0.65,195,California,Ensemble
2025-11-22,06,0,wk inc flu hosp,2025-11-22,quantile,0.7,206,California,Ensemble
2025-11-22,06,0,wk inc flu hosp,2025-11-22,quantile,0.75,218,California,Ensemble
2025-11-22,06,0,wk inc flu hosp,2025-11-22,quantile,0.8,230,California,Ensemble
2025-11-22,06,0,wk inc flu hosp,2025-11-22,quantile,0.85,248,California,Ensemble
2025-11-22,06,0,wk inc flu hosp,2025-11-22,quantile,0.9,270,California,Ensemble
2025-11-22,06,0,wk inc flu hosp,2025-11-22,quantile,0.95,307,California,Ensemble
2025-11-22,06,0,wk inc flu hosp,2025-11-22,quantile,0.975,354,California,Ensemble
2025-11-22,06,0,wk inc flu hosp,2025-11-22,quantile,0.99,436,California,Ensemble
2025-11-22,06,1,wk inc flu hosp,2025-11-29,quantile,0.01,61,California,Ensemble
2025-11-22,06,1,wk inc flu hosp,2025-11-29,quantile,0.025,72,California,Ensemble
2025-11-22,06,1,wk inc flu hosp,2025-11-29,quantile,0.05,82,California,Ensemble
2025-11-22,06,1,wk inc flu hosp,2025-11-29,quantile,0.1,100,California,Ensemble
2025-11-22,06,1,wk inc flu hosp,2025-11-29,quantile,0.15,120,California,Ensemble
2025-11-22,06,1,wk inc flu hosp,2025-11-29,quantile,0.2,133,California,Ensemble
2025-11-22,06,1,wk inc flu hosp,2025-11-29,quantile,0.25,143,California,Ensemble
2025-11-22,06,1,wk inc flu hosp,2025-11-29,quantile,0.3,157,California,Ensemble
2025-11-22,06,1,wk inc flu hosp,2025-11-29,quantile,0.35,173,California,Ensemble
2025-11-22,06,1,wk inc flu hosp,2025-11-29,quantile,0.4,187,California,Ensemble
2025-11-22,06,1,wk inc flu hosp,2025-11-29,quantile,0.45,203,California,Ensemble
2025-11-22,06,1,wk inc flu hosp,2025-11-29,quantile,0.5,221,California,Ensemble
2025-11-22,06,1,wk inc flu hosp,2025-11-29,quantile,0.55,235,California,Ensemble
2025-11-22,06,1,wk inc flu hosp,2025-11-29,quantile,0.6,251,California,Ensemble
2025-11-22,06,1,wk inc flu hosp,2025-11-29,quantile,0.65,269,California,Ensemble
2025-11-22,06,1,wk inc flu hosp,2025-11-29,quantile,0.7,287,California,Ensemble
2025-11-22,06,1,wk inc flu hosp,2025-11-29,quantile,0.75,310,California,Ensemble
2025-11-22,06,1,wk inc flu hosp,2025-11-29,quantile,0.8,337,California,Ensemble
2025-11-22,06,1,wk inc flu hosp,2025-11-29,quantile,0.85,368,California,Ensemble
2025-11-22,06,1,wk inc flu hosp,2025-11-29,quantile,0.9,413,California,Ensemble
2025-11-22,06,1,wk inc flu hosp,2025-11-29,quantile,0.95,493,California,Ensemble
2025-11-22,06,1,wk inc flu hosp,2025-11-29,quantile,0.975,599,California,Ensemble
2025-11-22,06,1,wk inc flu hosp,2025-11-29,quantile,0.99,710,California,Ensemble
2025-11-22,06,2,wk inc flu hosp,2025-12-06,quantile,0.01,69,California,Ensemble
2025-11-22,06,2,wk inc flu hosp,2025-12-06,quantile,0.025,81,California,Ensemble
2025-11-22,06,2,wk inc flu hosp,2025-12-06,quantile,0.05,94,California,Ensemble
2025-11-22,06,2,wk inc flu hosp,2025-12-06,quantile,0.1,113,California,Ensemble
2025-11-22,06,2,wk inc flu hosp,2025-12-06,quantile,0.15,133,California,Ensemble
2025-11-22,06,2,wk inc flu hosp,2025-12-06,quantile,0.2,159,California,Ensemble
2025-11-22,06,2,wk inc flu hosp,2025-12-06,quantile,0.25,178,California,Ensemble
2025-11-22,06,2,wk inc flu hosp,2025-12-06,quantile,0.3,199,California,Ensemble
2025-11-22,06,2,wk inc flu hosp,2025-12-06,quantile,0.35,225,California,Ensemble
2025-11-22,06,2,wk inc flu hosp,2025-12-06,quantile,0.4,251,California,Ensemble
2025-11-22,06,2,wk inc flu hosp,2025-12-06,quantile,0.45,275,California,Ensemble
2025-11-22,06,2,wk inc flu hosp,2025-12-06,quantile,0.5,304,California,Ensemble
2025-11-22,06,2,wk inc flu hosp,2025-12-06,quantile,0.55,329,California,Ensemble
2025-11-22,06,2,wk inc flu hosp,2025-12-06,quantile,0.6,354,California,Ensemble
2025-11-22,06,2,wk inc flu hosp,2025-12-06,quantile,0.65,385,California,Ensemble
2025-11-22,06,2,wk inc flu hosp,2025-12-06,quantile,0.7,430,California,Ensemble
2025-11-22,06,2,wk inc flu hosp,2025-12-06,quantile,0.75,467,California,Ensemble
2025-11-22,06,2,wk inc flu hosp,2025-12-06,quantile,0.8,517,California,Ensemble
2025-11-22,06,2,wk inc flu hosp,2025-12-06,quantile,0.85,584,California,Ensemble
2025-11-22,06,2,wk inc flu hosp,2025-12-06,quantile,0.9,671,California,Ensemble
2025-11-22,06,2,wk inc flu hosp,2025-12-06,quantile,0.95,842,California,Ensemble
2025-11-22,06,2,wk inc flu hosp,2025-12-06,quantile,0.975,1046,California,Ensemble
2025-11-22,06,2,wk inc flu hosp,2025-12-06,quantile,0.99,1240,California,Ensemble
2025-11-22,06,3,wk inc flu hosp,2025-12-13,quantile,0.01,86,California,Ensemble
2025-11-22,06,3,wk inc flu hosp,2025-12-13,quantile,0.025,102,California,Ensemble
2025-11-22,06,3,wk inc flu hosp,2025-12-13,quantile,0.05,122,California,Ensemble
2025-11-22,06,3,wk inc flu hosp,2025-12-13,quantile,0.1,152,California,Ensemble
2025-11-22,06,3,wk inc flu hosp,2025-12-13,quantile,0.15,179,California,Ensemble
2025-11-22,06,3,wk inc flu hosp,2025-12-13,quantile,0.2,214,California,Ensemble
2025-11-22,06,3,wk inc flu hosp,2025-12-13,quantile,0.25,243,California,Ensemble
2025-11-22,06,3,wk inc flu hosp,2025-12-13,quantile,0.3,268,California,Ensemble
2025-11-22,06,3,wk inc flu hosp,2025-12-13,quantile,0.35,308,California,Ensemble
2025-11-22,06,3,wk inc flu hosp,2025-12-13,quantile,0.4,349,California,Ensemble
2025-11-22,06,3,wk inc flu hosp,2025-12-13,quantile,0.45,390,California,Ensemble
2025-11-22,06,3,wk inc flu hosp,2025-12-13,quantile,0.5,430,California,Ensemble
2025-11-22,06,3,wk inc flu hosp,2025-12-13,quantile,0.55,470,California,Ensemble
2025-11-22,06,3,wk inc flu hosp,2025-12-13,quantile,0.6,512,California,Ensemble
2025-11-22,06,3,wk inc flu hosp,2025-12-13,quantile,0.65,561,California,Ensemble
2025-11-22,06,3,wk inc flu hosp,2025-12-13,quantile,0.7,636,California,Ensemble
2025-11-22,06,3,wk inc flu hosp,2025-12-13,quantile,0.75,708,California,Ensemble
2025-11-22,06,3,wk inc flu hosp,2025-12-13,quantile,0.8,782,California,Ensemble
2025-11-22,06,3,wk inc flu hosp,2025-12-13,quantile,0.85,900,California,Ensemble
2025-11-22,06,3,wk inc flu hosp,2025-12-13,quantile,0.9,1058,California,Ensemble
2025-11-22,06,3,wk inc flu hosp,2025-12-13,quantile,0.95,1360,California,Ensemble
2025-11-22,06,3,wk inc flu hosp,2025-12-13,quantile,0.975,1721,California,Ensemble
2025-11-22,06,3,wk inc flu hosp,2025-12-13,quantile,0.99,2006,California,Ensemble
2025-11-22,08,0,wk inc flu hosp,2025-11-22,quantile,0.01,26,Colorado,Ensemble
2025-11-22,08,0,wk inc flu hosp,2025-11-22,quantile,0.025,29,Colorado,Ensemble
2025-11-22,08,0,wk inc flu hosp,2025-11-22,quantile,0.05,32,Colorado,Ensemble
2025-11-22,08,0,wk inc flu hosp,2025-11-22,quantile,0.1,36,Colorado,Ensemble
2025-11-22,08,0,wk inc flu hosp,2025-11-22,quantile,0.15,40,Colorado,Ensemble
2025-11-22,08,0,wk inc flu hosp,2025-11-22,quantile,0.2,43,Colorado,Ensemble
2025-11-22,08,0,wk inc flu hosp,2025-11-22,quantile,0.25,45,Colorado,Ensemble
2025-11-22,08,0,wk inc flu hosp,2025-11-22,quantile,0.3,47,Colorado,Ensemble
2025-11-22,08,0,wk inc flu hosp,2025-11-22,quantile,0.35,49,Colorado,Ensemble
2025-11-22,08,0,wk inc flu hosp,2025-11-22,quantile,0.4,51,Colorado,Ensemble
2025-11-22,08,0,wk inc flu hosp,2025-11-22,quantile,0.45,52,Colorado,Ensemble
2025-11-22,08,0,wk inc flu hosp,2025-11-22,quantile,0.5,55,Colorado,Ensemble
2025-11-22,08,0,wk inc flu hosp,2025-11-22,quantile,0.55,57,Colorado,Ensemble
2025-11-22,08,0,wk inc flu hosp,2025-11-22,quantile,0.6,59,Colorado,Ensemble
2025-11-22,08,0,wk inc flu hosp,2025-11-22,quantile,0.65,61,Colorado,Ensemble
2025-11-22,08,0,wk inc flu hosp,2025-11-22,quantile,0.7,63,Colorado,Ensemble
2025-11-22,08,0,wk inc flu hosp,2025-11-22,quantile,0.75,66,Colorado,Ensemble
2025-11-22,08,0,wk inc flu hosp,2025-11-22,quantile,0.8,69,Colorado,Ensemble
2025-11-22,08,0,wk inc flu hosp,2025-11-22,quantile,0.85,73,Colorado,Ensemble
2025-11-22,08,0,wk inc flu hosp,2025-11-22,quantile,0.9,78,Colorado,Ensemble
2025-11-22,08,0,wk inc flu hosp,2025-11-22,quantile,0.95,86,Colorado,Ensemble
2025-11-22,08,0,wk inc flu hosp,2025-11-22,quantile,0.975,97,Colorado,Ensemble
2025-11-22,08,0,wk inc flu hosp,2025-11-22,quantile,0.99,107,Colorado,Ensemble
2025-11-22,08,1,wk inc flu hosp,2025-11-29,quantile,0.01,29,Colorado,Ensemble
2025-11-22,08,1,wk inc flu hosp,2025-11-29,quantile,0.025,34,Colorado,Ensemble
2025-11-22,08,1,wk inc flu hosp,2025-11-29,quantile,0.05,38,Colorado,Ensemble
2025-11-22,08,1,wk inc flu hosp,2025-11-29,quantile,0.1,44,Colorado,Ensemble
2025-11-22,08,1,wk inc flu hosp,2025-11-29,quantile,0.15,48,Colorado,Ensemble
2025-11-22,08,1,wk inc flu hosp,2025-11-29,quantile,0.2,53,Colorado,Ensemble
2025-11-22,08,1,wk inc flu hosp,2025-11-29,quantile,0.25,57,Colorado,Ensemble
2025-11-22,08,1,wk inc flu hosp,2025-11-29,quantile,0.3,60,Colorado,Ensemble
2025-11-22,08,1,wk inc flu hosp,2025-11-29,quantile,0.35,64,Colorado,Ensemble
2025-11-22,08,1,wk inc flu hosp,2025-11-29,quantile,0.4,67,Colorado,Ensemble
2025-11-22,08,1,wk inc flu hosp,2025-11-29,quantile,0.45,70,Colorado,Ensemble
2025-11-22,08,1,wk inc flu hosp,2025-11-29,quantile,0.5,74,Colorado,Ensemble
2025-11-22,08,1,wk inc flu hosp,2025-11-29,quantile,0.55,78,Colorado,Ensemble
2025-11-22,08,1,wk inc flu hosp,2025-11-29,quantile,0.6,83,Colorado,Ensemble
2025-11-22,08,1,wk inc flu hosp,2025-11-29,quantile,0.65,86,Colorado,Ensemble
2025-11-22,08,1,wk inc flu hosp,2025-11-29,quantile,0.7,91,Colorado,Ensemble
2025-11-22,08,1,wk inc flu hosp,2025-11-29,quantile,0.75,96,Colorado,Ensemble
2025-11-22,08,1,wk inc flu hosp,2025-11-29,quantile,0.8,102,Colorado,Ensemble
2025-11-22,08,1,wk inc flu hosp,2025-11-29,quantile,0.85,110,Colorado,Ensemble
2025-11-22,08,1,wk inc flu hosp,2025-11-29,quantile,0.9,120,Colorado,Ensemble
2025-11-22,08,1,wk inc flu hosp,2025-11-29,quantile,0.95,138,Colorado,Ensemble
2025-11-22,08,1,wk inc flu hosp,2025-11-29,quantile,0.975,159,Colorado,Ensemble
2025-11-22,08,1,wk inc flu hosp,2025-11-29,quantile,0.99,181,Colorado,Ensemble
2025-11-22,08,2,wk inc flu hosp,2025-12-06,quantile,0.01,35,Colorado,Ensemble
2025-11-22,08,2,wk inc flu hosp,2025-12-06,quantile,0.025,41,Colorado,Ensemble
2025-11-22,08,2,wk inc flu hosp,2025-12-06,quantile,0.05,48,Colorado,Ensemble
2025-11-22,08,2,wk inc flu hosp,2025-12-06,quantile,0.1,56,Colorado,Ensemble
2025-11-22,08,2,wk inc flu hosp,2025-12-06,quantile,0.15,63,Colorado,Ensemble
2025-11-22,08,2,wk inc flu hosp,2025-12-06,quantile,0.2,68,Colorado,Ensemble
2025-11-22,08,2,wk inc flu hosp,2025-12-06,quantile,0.25,74,Colorado,Ensemble
2025-11-22,08,2,wk inc flu hosp,2025-12-06,quantile,0.3,79,Colorado,Ensemble
2025-11-22,08,2,wk inc flu hosp,2025-12-06,quantile,0.35,85,Colorado,Ensemble
2025-11-22,08,2,wk inc flu hosp,2025-12-06,quantile,0.4,90,Colorado,Ensemble
2025-11-22,08,2,wk inc flu hosp,2025-12-06,quantile,0.45,96,Colorado,Ensemble
2025-11-22,08,2,wk inc flu hosp,2025-12-06,quantile,0.5,102,Colorado,Ensemble
2025-11-22,08,2,wk inc flu hosp,2025-12-06,quantile,0.55,109,Colorado,Ensemble
2025-11-22,08,2,wk inc flu hosp,2025-12-06,quantile,0.6,115,Colorado,Ensemble
2025-11-22,08,2,wk inc flu hosp,2025-12-06,quantile,0.65,123,Colorado,Ensemble
2025-11-22,08,2,wk inc flu hosp,2025-12-06,quantile,0.7,130,Colorado,Ensemble
2025-11-22,08,2,wk inc flu hosp,2025-12-06,quantile,0.75,139,Colorado,Ensemble
2025-11-22,08,2,wk inc flu hosp,2025-12-06,quantile,0.8,149,Colorado,Ensemble
2025-11-22,08,2,wk inc flu hosp,2025-12-06,quantile,0.85,164,Colorado,Ensemble
2025-11-22,08,2,wk inc flu hosp,2025-12-06,quantile,0.9,185,Colorado,Ensemble
2025-11-22,08,2,wk inc flu hosp,2025-12-06,quantile,0.95,220,Colorado,Ensemble
2025-11-22,08,2,wk inc flu hosp,2025-12-06,quantile,0.975,255,Colorado,Ensemble
2025-11-22,08,2,wk inc flu hosp,2025-12-06,quantile,0.99,294,Colorado,Ensemble
2025-11-22,08,3,wk inc flu hosp,2025-12-13,quantile,0.01,42,Colorado,Ensemble
2025-11-22,08,3,wk inc flu hosp,2025-12-13,quantile,0.025,49,Colorado,Ensemble
2025-11-22,08,3,wk inc flu hosp,2025-12-13,quantile,0.05,56,Colorado,Ensemble
2025-11-22,08,3,wk inc flu hosp,2025-12-13,quantile,0.1,67,Colorado,Ensemble
2025-11-22,08,3,wk inc flu hosp,2025-12-13,quantile,0.15,75,Colorado,Ensemble
2025-11-22,08,3,wk inc flu hosp,2025-12-13,quantile,0.2,83,Colorado,Ensemble
2025-11-22,08,3,wk inc flu hosp,2025-12-13,quantile,0.25,91,Colorado,Ensemble
2025-11-22,08,3,wk inc flu hosp,2025-12-13,quantile,0.3,99,Colorado,Ensemble
2025-11-22,08,3,wk inc flu hosp,2025-12-13,quantile,0.35,105,Colorado,Ensemble
2025-11-22,08,3,wk inc flu hosp,2025-12-13,quantile,0.4,112,Colorado,Ensemble
2025-11-22,08,3,wk inc flu hosp,2025-12-13,quantile,0.45,119,Colorado,Ensemble
2025-11-22,08,3,wk inc flu hosp,2025-12-13,quantile,0.5,129,Colorado,Ensemble
2025-11-22,08,3,wk inc flu hosp,2025-12-13,quantile,0.55,138,Colorado,Ensemble
2025-11-22,08,3,wk inc flu hosp,2025-12-13,quantile,0.6,148,Colorado,Ensemble
2025-11-22,08,3,wk inc flu hosp,2025-12-13,quantile,0.65,159,Colorado,Ensemble
2025-11-22,08,3,wk inc flu hosp,2025-12-13,quantile,0.7,172,Colorado,Ensemble
2025-11-22,08,3,wk inc flu hosp,2025-12-13,quantile,0.75,185,Colorado,Ensemble
2025-11-22,08,3,wk inc flu hosp,2025-12-13,quantile,0.8,200,Colorado,Ensemble
2025-11-22,08,3,wk inc flu hosp,2025-12-13,quantile,0.85,224,Colorado,Ensemble
2025-11-22,08,3,wk inc flu hosp,2025-12-13,quantile,0.9,254,Colorado,Ensemble
2025-11-22,08,3,wk inc flu hosp,2025-12-13,quantile,0.95,312,Colorado,Ensemble
2025-11-22,08,3,wk inc flu hosp,2025-12-13,quantile,0.975,364,Colorado,Ensemble
2025-11-22,08,3,wk inc flu hosp,2025-12-13,quantile,0.99,418,Colorado,Ensemble
2025-11-22,09,0,wk inc flu hosp,2025-11-22,quantile,0.01,4,Connecticut,Ensemble
2025-11-22,09,0,wk inc flu hosp,2025-11-22,quantile,0.025,4,Connecticut,Ensemble
2025-11-22,09,0,wk inc flu hosp,2025-11-22,quantile,0.05,5,Connecticut,Ensemble
2025-11-22,09,0,wk inc flu hosp,2025-11-22,quantile,0.1,7,Connecticut,Ensemble
2025-11-22,09,0,wk inc flu hosp,2025-11-22,quantile,0.15,9,Connecticut,Ensemble
2025-11-22,09,0,wk inc flu hosp,2025-11-22,quantile,0.2,9,Connecticut,Ensemble
2025-11-22,09,0,wk inc flu hosp,2025-11-22,quantile,0.25,10,Connecticut,Ensemble
2025-11-22,09,0,wk inc flu hosp,2025-11-22,quantile,0.3,11,Connecticut,Ensemble
2025-11-22,09,0,wk inc flu hosp,2025-11-22,quantile,0.35,12,Connecticut,Ensemble
2025-11-22,09,0,wk inc flu hosp,2025-11-22,quantile,0.4,13,Connecticut,Ensemble
2025-11-22,09,0,wk inc flu hosp,2025-11-22,quantile,0.45,14,Connecticut,Ensemble
2025-11-22,09,0,wk inc flu hosp,2025-11-22,quantile,0.5,16,Connecticut,Ensemble
2025-11-22,09,0,wk inc flu hosp,2025-11-22,quantile,0.55,17,Connecticut,Ensemble
2025-11-22,09,0,wk inc flu hosp,2025-11-22,quantile,0.6,18,Connecticut,Ensemble
2025-11-22,09,0,wk inc flu hosp,2025-11-22,quantile,0.65,19,Connecticut,Ensemble
2025-11-22,09,0,wk inc flu hosp,2025-11-22,quantile,0.7,20,Connecticut,Ensemble
2025-11-22,09,0,wk inc flu hosp,2025-11-22,quantile,0.75,21,Connecticut,Ensemble
2025-11-22,09,0,wk inc flu hosp,2025-11-22,quantile,0.8,23,Connecticut,Ensemble
2025-11-22,09,0,wk inc flu hosp,2025-11-22,quantile,0.85,25,Connecticut,Ensemble
2025-11-22,09,0,wk inc flu hosp,2025-11-22,quantile,0.9,28,Connecticut,Ensemble
2025-11-22,09,0,wk inc flu hosp,2025-11-22,quantile,0.95,33,Connecticut,Ensemble
2025-11-22,09,0,wk inc flu hosp,2025-11-22,quantile,0.975,39,Connecticut,Ensemble
2025-11-22,09,0,wk inc flu hosp,2025-11-22,quantile,0.99,47,Connecticut,Ensemble
2025-11-22,09,1,wk inc flu hosp,2025-11-29,quantile,0.01,4,Connecticut,Ensemble
2025-11-22,09,1,wk inc flu hosp,2025-11-29,quantile,0.025,5,Connecticut,Ensemble
2025-11-22,09,1,wk inc flu hosp,2025-11-29,quantile,0.05,6,Connecticut,Ensemble
2025-11-22,09,1,wk inc flu hosp,2025-11-29,quantile,0.1,7,Connecticut,Ensemble
2025-11-22,09,1,wk inc flu hosp,2025-11-29,quantile,0.15,9,Connecticut,Ensemble
2025-11-22,09,1,wk inc flu hosp,2025-11-29,quantile,0.2,11,Connecticut,Ensemble
2025-11-22,09,1,wk inc flu hosp,2025-11-29,quantile,0.25,12,Connecticut,Ensemble
2025-11-22,09,1,wk inc flu hosp,2025-11-29,quantile,0.3,14,Connecticut,Ensemble
2025-11-22,09,1,wk inc flu hosp,2025-11-29,quantile,0.35,15,Connecticut,Ensemble
2025-11-22,09,1,wk inc flu hosp,2025-11-29,quantile,0.4,17,Connecticut,Ensemble
2025-11-22,09,1,wk inc flu hosp,2025-11-29,quantile,0.45,19,Connecticut,Ensemble
2025-11-22,09,1,wk inc flu hosp,2025-11-29,quantile,0.5,21,Connecticut,Ensemble
2025-11-22,09,1,wk inc flu hosp,2025-11-29,quantile,0.55,23,Connecticut,Ensemble
2025-11-22,09,1,wk inc flu hosp,2025-11-29,quantile,0.6,24,Connecticut,Ensemble
2025-11-22,09,1,wk inc flu hosp,2025-11-29,quantile,0.65,26,Connecticut,Ensemble
2025-11-22,09,1,wk inc flu hosp,2025-11-29,quantile,0.7,28,Connecticut,Ensemble
2025-11-22,09,1,wk inc flu hosp,2025-11-29,quantile,0.75,30,Connecticut,Ensemble
2025-11-22,09,1,wk inc flu hosp,2025-11-29,quantile,0.8,33,Connecticut,Ensemble
2025-11-22,09,1,wk inc flu hosp,2025-11-29,quantile,0.85,36,Connecticut,Ensemble
2025-11-22,09,1,wk inc flu hosp,2025-11-29,quantile,0.9,40,Connecticut,Ensemble
2025-11-22,09,1,wk inc flu hosp,2025-11-29,quantile,0.95,51,Connecticut,Ensemble
2025-11-22,09,1,wk inc flu hosp,2025-11-29,quantile,0.975,65,Connecticut,Ensemble
2025-11-22,09,1,wk inc flu hosp,2025-11-29,quantile,0.99,80,Connecticut,Ensemble
2025-11-22,09,2,wk inc flu hosp,2025-12-06,quantile,0.01,5,Connecticut,Ensemble
2025-11-22,09,2,wk inc flu hosp,2025-12-06,quantile,0.025,6,Connecticut,Ensemble
2025-11-22,09,2,wk inc flu hosp,2025-12-06,quantile,0.05,7,Connecticut,Ensemble
2025-11-22,09,2,wk inc flu hosp,2025-12-06,quantile,0.1,9,Connecticut,Ensemble
2025-11-22,09,2,wk inc flu hosp,2025-12-06,quantile,0.15,11,Connecticut,Ensemble
2025-11-22,09,2,wk inc flu hosp,2025-12-06,quantile,0.2,13,Connecticut,Ensemble
2025-11-22,09,2,wk inc flu hosp,2025-12-06,quantile,0.25,16,Connecticut,Ensemble
2025-11-22,09,2,wk inc flu hosp,2025-12-06,quantile,0.3,18,Connecticut,Ensemble
2025-11-22,09,2,wk inc flu hosp,2025-12-06,quantile,0.35,21,Connecticut,Ensemble
2025-11-22,09,2,wk inc flu hosp,2025-12-06,quantile,0.4,24,Connecticut,Ensemble
2025-11-22,09,2,wk inc flu hosp,2025-12-06,quantile,0.45,26,Connecticut,Ensemble
2025-11-22,09,2,wk inc flu hosp,2025-12-06,quantile,0.5,29,Connecticut,Ensemble
2025-11-22,09,2,wk inc flu hosp,2025-12-06,quantile,0.55,32,Connecticut,Ensemble
2025-11-22,09,2,wk inc flu hosp,2025-12-06,quantile,0.6,34,Connecticut,Ensemble
2025-11-22,09,2,wk inc flu hosp,2025-12-06,quantile,0.65,37,Connecticut,Ensemble
2025-11-22,09,2,wk inc flu hosp,2025-12-06,quantile,0.7,40,Connecticut,Ensemble
2025-11-22,09,2,wk inc flu hosp,2025-12-06,quantile,0.75,44,Connecticut,Ensemble
2025-11-22,09,2,wk inc flu hosp,2025-12-06,quantile,0.8,48,Connecticut,Ensemble
2025-11-22,09,2,wk inc flu hosp,2025-12-06,quantile,0.85,53,Connecticut,Ensemble
2025-11-22,09,2,wk inc flu hosp,2025-12-06,quantile,0.9,62,Connecticut,Ensemble
2025-11-22,09,2,wk inc flu hosp,2025-12-06,quantile,0.95,79,Connecticut,Ensemble
2025-11-22,09,2,wk inc flu hosp,2025-12-06,quantile,0.975,104,Connecticut,Ensemble
2025-11-22,09,2,wk inc flu hosp,2025-12-06,quantile,0.99,130,Connecticut,Ensemble
2025-11-22,09,3,wk inc flu hosp,2025-12-13,quantile,0.01,6,Connecticut,Ensemble
2025-11-22,09,3,wk inc flu hosp,2025-12-13,quantile,0.025,7,Connecticut,Ensemble
2025-11-22,09,3,wk inc flu hosp,2025-12-13,quantile,0.05,9,Connecticut,Ensemble
2025-11-22,09,3,wk inc flu hosp,2025-12-13,quantile,0.1,12,Connecticut,Ensemble
2025-11-22,09,3,wk inc flu hosp,2025-12-13,quantile,0.15,14,Connecticut,Ensemble
2025-11-22,09,3,wk inc flu hosp,2025-12-13,quantile,0.2,17,Connecticut,Ensemble
2025-11-22,09,3,wk inc flu hosp,2025-12-13,quantile,0.25,20,Connecticut,Ensemble
2025-11-22,09,3,wk inc flu hosp,2025-12-13,quantile,0.3,24,Connecticut,Ensemble
2025-11-22,09,3,wk inc flu hosp,2025-12-13,quantile,0.35,28,Connecticut,Ensemble
2025-11-22,09,3,wk inc flu hosp,2025-12-13,quantile,0.4,32,Connecticut,Ensemble
2025-11-22,09,3,wk inc flu hosp,2025-12-13,quantile,0.45,35,Connecticut,Ensemble
2025-11-22,09,3,wk inc flu hosp,2025-12-13,quantile,0.5,40,Connecticut,Ensemble
2025-11-22,09,3,wk inc flu hosp,2025-12-13,quantile,0.55,43,Connecticut,Ensemble
2025-11-22,09,3,wk inc flu hosp,2025-12-13,quantile,0.6,47,Connecticut,Ensemble
2025-11-22,09,3,wk inc flu hosp,2025-12-13,quantile,0.65,51,Connecticut,Ensemble
2025-11-22,09,3,wk inc flu hosp,2025-12-13,quantile,0.7,55,Connecticut,Ensemble
2025-11-22,09,3,wk inc flu hosp,2025-12-13,quantile,0.75,60,Connecticut,Ensemble
2025-11-22,09,3,wk inc flu hosp,2025-12-13,quantile,0.8,67,Connecticut,Ensemble
2025-11-22,09,3,wk inc flu hosp,2025-12-13,quantile,0.85,75,Connecticut,Ensemble
2025-11-22,09,3,wk inc flu hosp,2025-12-13,quantile,0.9,88,Connecticut,Ensemble
2025-11-22,09,3,wk inc flu hosp,2025-12-13,quantile,0.95,117,Connecticut,Ensemble
2025-11-22,09,3,wk inc flu hosp,2025-12-13,quantile,0.975,156,Connecticut,Ensemble
2025-11-22,09,3,wk inc flu hosp,2025-12-13,quantile,0.99,205,Connecticut,Ensemble
2025-11-22,10,0,wk inc flu hosp,2025-11-22,quantile,0.01,0,Delaware,Ensemble
2025-11-22,10,0,wk inc flu hosp,2025-11-22,quantile,0.025,0,Delaware,Ensemble
2025-11-22,10,0,wk inc flu hosp,2025-11-22,quantile,0.05,1,Delaware,Ensemble
2025-11-22,10,0,wk inc flu hosp,2025-11-22,quantile,0.1,1,Delaware,Ensemble
2025-11-22,10,0,wk inc flu hosp,2025-11-22,quantile,0.15,1,Delaware,Ensemble
2025-11-22,10,0,wk inc flu hosp,2025-11-22,quantile,0.2,1,Delaware,Ensemble
2025-11-22,10,0,wk inc flu hosp,2025-11-22,quantile,0.25,1,Delaware,Ensemble
2025-11-22,10,0,wk inc flu hosp,2025-11-22,quantile,0.3,2,Delaware,Ensemble
2025-11-22,10,0,wk inc flu hosp,2025-11-22,quantile,0.35,2,Delaware,Ensemble
2025-11-22,10,0,wk inc flu hosp,2025-11-22,quantile,0.4,2,Delaware,Ensemble
2025-11-22,10,0,wk inc flu hosp,2025-11-22,quantile,0.45,3,Delaware,Ensemble
2025-11-22,10,0,wk inc flu hosp,2025-11-22,quantile,0.5,4,Delaware,Ensemble
2025-11-22,10,0,wk inc flu hosp,2025-11-22,quantile,0.55,4,Delaware,Ensemble
2025-11-22,10,0,wk inc flu hosp,2025-11-22,quantile,0.6,4,Delaware,Ensemble
2025-11-22,10,0,wk inc flu hosp,2025-11-22,quantile,0.65,5,Delaware,Ensemble
2025-11-22,10,0,wk inc flu hosp,2025-11-22,quantile,0.7,5,Delaware,Ensemble
2025-11-22,10,0,wk inc flu hosp,2025-11-22,quantile,0.75,5,Delaware,Ensemble
2025-11-22,10,0,wk inc flu hosp,2025-11-22,quantile,0.8,6,Delaware,Ensemble
2025-11-22,10,0,wk inc flu hosp,2025-11-22,quantile,0.85,6,Delaware,Ensemble
2025-11-22,10,0,wk inc flu hosp,2025-11-22,quantile,0.9,7,Delaware,Ensemble
2025-11-22,10,0,wk inc flu hosp,2025-11-22,quantile,0.95,9,Delaware,Ensemble
2025-11-22,10,0,wk inc flu hosp,2025-11-22,quantile,0.975,10,Delaware,Ensemble
2025-11-22,10,0,wk inc flu hosp,2025-11-22,quantile,0.99,12,Delaware,Ensemble
2025-11-22,10,1,wk inc flu hosp,2025-11-29,quantile,0.01,0,Delaware,Ensemble
2025-11-22,10,1,wk inc flu hosp,2025-11-29,quantile,0.025,0,Delaware,Ensemble
2025-11-22,10,1,wk inc flu hosp,2025-11-29,quantile,0.05,1,Delaware,Ensemble
2025-11-22,10,1,wk inc flu hosp,2025-11-29,quantile,0.1,1,Delaware,Ensemble
2025-11-22,10,1,wk inc flu hosp,2025-11-29,quantile,0.15,2,Delaware,Ensemble
2025-11-22,10,1,wk inc flu hosp,2025-11-29,quantile,0.2,2,Delaware,Ensemble
2025-11-22,10,1,wk inc flu hosp,2025-11-29,quantile,0.25,2,Delaware,Ensemble
2025-11-22,10,1,wk inc flu hosp,2025-11-29,quantile,0.3,3,Delaware,Ensemble
2025-11-22,10,1,wk inc flu hosp,2025-11-29,quantile,0.35,3,Delaware,Ensemble
2025-11-22,10,1,wk inc flu hosp,2025-11-29,quantile,0.4,3,Delaware,Ensemble
2025-11-22,10,1,wk inc flu hosp,2025-11-29,quantile,0.45,4,Delaware,Ensemble
2025-11-22,10,1,wk inc flu hosp,2025-11-29,quantile,0.5,5,Delaware,Ensemble
2025-11-22,10,1,wk inc flu hosp,2025-11-29,quantile,0.55,5,Delaware,Ensemble
2025-11-22,10,1,wk inc flu hosp,2025-11-29,quantile,0.6,6,Delaware,Ensemble
2025-11-22,10,1,wk inc flu hosp,2025-11-29,quantile,0.65,6,Delaware,Ensemble
2025-11-22,10,1,wk inc flu hosp,2025-11-29,quantile,0.7,7,Delaware,Ensemble
2025-11-22,10,1,wk inc flu hosp,2025-11-29,quantile,0.75,7,Delaware,Ensemble
2025-11-22,10,1,wk inc flu hosp,2025-11-29,quantile,0.8,8,Delaware,Ensemble
2025-11-22,10,1,wk inc flu hosp,2025-11-29,quantile,0.85,9,Delaware,Ensemble
2025-11-22,10,1,wk inc flu hosp,2025-11-29,quantile,0.9,10,Delaware,Ensemble
2025-11-22,10,1,wk inc flu hosp,2025-11-29,quantile,0.95,12,Delaware,Ensemble
2025-11-22,10,1,wk inc flu hosp,2025-11-29,quantile,0.975,15,Delaware,Ensemble
2025-11-22,10,1,wk inc flu hosp,2025-11-29,quantile,0.99,18,Delaware,Ensemble
2025-11-22,10,2,wk inc flu hosp,2025-12-06,quantile,0.01,0,Delaware,Ensemble
2025-11-22,10,2,wk inc flu hosp,2025-12-06,quantile,0.025,0,Delaware,Ensemble
2025-11-22,10,2,wk inc flu hosp,2025-12-06,quantile,0.05,1,Delaware,Ensemble
2025-11-22,10,2,wk inc flu hosp,2025-12-06,quantile,0.1,2,Delaware,Ensemble
2025-11-22,10,2,wk inc flu hosp,2025-12-06,quantile,0.15,2,Delaware,Ensemble
2025-11-22,10,2,wk inc flu hosp,2025-12-06,quantile,0.2,3,Delaware,Ensemble
2025-11-22,10,2,wk inc flu hosp,2025-12-06,quantile,0.25,3,Delaware,Ensemble
2025-11-22,10,2,wk inc flu hosp,2025-12-06,quantile,0.3,4,Delaware,Ensemble
2025-11-22,10,2,wk inc flu hosp,2025-12-06,quantile,0.35,4,Delaware,Ensemble
2025-11-22,10,2,wk inc flu hosp,2025-12-06,quantile,0.4,5,Delaware,Ensemble
2025-11-22,10,2,wk inc flu hosp,2025-12-06,quantile,0.45,5,Delaware,Ensemble
2025-11-22,10,2,wk inc flu hosp,2025-12-06,quantile,0.5,7,Delaware,Ensemble
2025-11-22,10,2,wk inc flu hosp,2025-12-06,quantile,0.55,7,Delaware,Ensemble
2025-11-22,10,2,wk inc flu hosp,2025-12-06,quantile,0.6,8,Delaware,Ensemble
2025-11-22,10,2,wk inc flu hosp,2025-12-06,quantile,0.65,9,Delaware,Ensemble
2025-11-22,10,2,wk inc flu hosp,2025-12-06,quantile,0.7,9,Delaware,Ensemble
2025-11-22,10,2,wk inc flu hosp,2025-12-06,quantile,0.75,10,Delaware,Ensemble
2025-11-22,10,2,wk inc flu hosp,2025-12-06,quantile,0.8,11,Delaware,Ensemble
2025-11-22,10,2,wk inc flu hosp,2025-12-06,quantile,0.85,13,Delaware,Ensemble
2025-11-22,10,2,wk inc flu hosp,2025-12-06,quantile,0.9,15,Delaware,Ensemble
2025-11-22,10,2,wk inc flu hosp,2025-12-06,quantile,0.95,19,Delaware,Ensemble
2025-11-22,10,2,wk inc flu hosp,2025-12-06,quantile,0.975,23,Delaware,Ensemble
2025-11-22,10,2,wk inc flu hosp,2025-12-06,quantile,0.99,28,Delaware,Ensemble
2025-11-22,10,3,wk inc flu hosp,2025-12-13,quantile,0.01,1,Delaware,Ensemble
2025-11-22,10,3,wk inc flu hosp,2025-12-13,quantile,0.025,1,Delaware,Ensemble
2025-11-22,10,3,wk inc flu hosp,2025-12-13,quantile,0.05,2,Delaware,Ensemble
2025-11-22,10,3,wk inc flu hosp,2025-12-13,quantile,0.1,2,Delaware,Ensemble
2025-11-22,10,3,wk inc flu hosp,2025-12-13,quantile,0.15,3,Delaware,Ensemble
2025-11-22,10,3,wk inc flu hosp,2025-12-13,quantile,0.2,4,Delaware,Ensemble
2025-11-22,10,3,wk inc flu hosp,2025-12-13,quantile,0.25,5,Delaware,Ensemble
2025-11-22,10,3,wk inc flu hosp,2025-12-13,quantile,0.3,5,Delaware,Ensemble
2025-11-22,10,3,wk inc flu hosp,2025-12-13,quantile,0.35,6,Delaware,Ensemble
2025-11-22,10,3,wk inc flu hosp,2025-12-13,quantile,0.4,7,Delaware,Ensemble
2025-11-22,10,3,wk inc flu hosp,2025-12-13,quantile,0.45,8,Delaware,Ensemble
2025-11-22,10,3,wk inc flu hosp,2025-12-13,quantile,0.5,9,Delaware,Ensemble
2025-11-22,10,3,wk inc flu hosp,2025-12-13,quantile,0.55,10,Delaware,Ensemble
2025-11-22,10,3,wk inc flu hosp,2025-12-13,quantile,0.6,11,Delaware,Ensemble
2025-11-22,10,3,wk inc flu hosp,2025-12-13,quantile,0.65,12,Delaware,Ensemble
2025-11-22,10,3,wk inc flu hosp,2025-12-13,quantile,0.7,13,Delaware,Ensemble
2025-11-22,10,3,wk inc flu hosp,2025-12-13,quantile,0.75,15,Delaware,Ensemble
2025-11-22,10,3,wk inc flu hosp,2025-12-13,quantile,0.8,16,Delaware,Ensemble
2025-11-22,10,3,wk inc flu hosp,2025-12-13,quantile,0.85,19,Delaware,Ensemble
2025-11-22,10,3,wk inc flu hosp,2025-12-13,quantile,0.9,22,Delaware,Ensemble
2025-11-22,10,3,wk inc flu hosp,2025-12-13,quantile,0.95,29,Delaware,Ensemble
2025-11-22,10,3,wk inc flu hosp,2025-12-13,quantile,0.975,34,Delaware,Ensemble
2025-11-22,10,3,wk inc flu hosp,2025-12-13,quantile,0.99,40,Delaware,Ensemble
2025-11-22,11,0,wk inc flu hosp,2025-11-22,quantile,0.01,0,District of Columbia,Ensemble
2025-11-22,11,0,wk inc flu hosp,2025-11-22,quantile,0.025,0,District of Columbia,Ensemble
2025-11-22,11,0,wk inc flu hosp,2025-11-22,quantile,0.05,0,District of Columbia,Ensemble
2025-11-22,11,0,wk inc flu hosp,2025-11-22,quantile,0.1,0,District of Columbia,Ensemble
2025-11-22,11,0,wk inc flu hosp,2025-11-22,quantile,0.15,0,District of Columbia,Ensemble
2025-11-22,11,0,wk inc flu hosp,2025-11-22,quantile,0.2,0,District of Columbia,Ensemble
2025-11-22,11,0,wk inc flu hosp,2025-11-22,quantile,0.25,0,District of Columbia,Ensemble
2025-11-22,11,0,wk inc flu hosp,2025-11-22,quantile,0.3,1,District of Columbia,Ensemble
2025-11-22,11,0,wk inc flu hosp,2025-11-22,quantile,0.35,1,District of Columbia,Ensemble
2025-11-22,11,0,wk inc flu hosp,2025-11-22,quantile,0.4,1,District of Columbia,Ensemble
2025-11-22,11,0,wk inc flu hosp,2025-11-22,quantile,0.45,1,District of Columbia,Ensemble
2025-11-22,11,0,wk inc flu hosp,2025-11-22,quantile,0.5,2,District of Columbia,Ensemble
2025-11-22,11,0,wk inc flu hosp,2025-11-22,quantile,0.55,3,District of Columbia,Ensemble
2025-11-22,11,0,wk inc flu hosp,2025-11-22,quantile,0.6,3,District of Columbia,Ensemble
2025-11-22,11,0,wk inc flu hosp,2025-11-22,quantile,0.65,3,District of Columbia,Ensemble
2025-11-22,11,0,wk inc flu hosp,2025-11-22,quantile,0.7,3,District of Columbia,Ensemble
2025-11-22,11,0,wk inc flu hosp,2025-11-22,quantile,0.75,4,District of Columbia,Ensemble
2025-11-22,11,0,wk inc flu hosp,2025-11-22,quantile,0.8,4,District of Columbia,Ensemble
2025-11-22,11,0,wk inc flu hosp,2025-11-22,quantile,0.85,5,District of Columbia,Ensemble
2025-11-22,11,0,wk inc flu hosp,2025-11-22,quantile,0.9,6,District of Columbia,Ensemble
2025-11-22,11,0,wk inc flu hosp,2025-11-22,quantile,0.95,7,District of Columbia,Ensemble
2025-11-22,11,0,wk inc flu hosp,2025-11-22,quantile,0.975,9,District of Columbia,Ensemble
2025-11-22,11,0,wk inc flu hosp,2025-11-22,quantile,0.99,10,District of Columbia,Ensemble
2025-11-22,11,1,wk inc flu hosp,2025-11-29,quantile,0.01,0,District of Columbia,Ensemble
2025-11-22,11,1,wk inc flu hosp,2025-11-29,quantile,0.025,0,District of Columbia,Ensemble
2025-11-22,11,1,wk inc flu hosp,2025-11-29,quantile,0.05,0,District of Columbia,Ensemble
2025-11-22,11,1,wk inc flu hosp,2025-11-29,quantile,0.1,0,District of Columbia,Ensemble
2025-11-22,11,1,wk inc flu hosp,2025-11-29,quantile,0.15,0,District of Columbia,Ensemble
2025-11-22,11,1,wk inc flu hosp,2025-11-29,quantile,0.2,1,District of Columbia,Ensemble
2025-11-22,11,1,wk inc flu hosp,2025-11-29,quantile,0.25,1,District of Columbia,Ensemble
2025-11-22,11,1,wk inc flu hosp,2025-11-29,quantile,0.3,1,District of Columbia,Ensemble
2025-11-22,11,1,wk inc flu hosp,2025-11-29,quantile,0.35,1,District of Columbia,Ensemble
2025-11-22,11,1,wk inc flu hosp,2025-11-29,quantile,0.4,2,District of Columbia,Ensemble
2025-11-22,11,1,wk inc flu hosp,2025-11-29,quantile,0.45,2,District of Columbia,Ensemble
2025-11-22,11,1,wk inc flu hosp,2025-11-29,quantile,0.5,3,District of Columbia,Ensemble
2025-11-22,11,1,wk inc flu hosp,2025-11-29,quantile,0.55,4,District of Columbia,Ensemble
2025-11-22,11,1,wk inc flu hosp,2025-11-29,quantile,0.6,4,District of Columbia,Ensemble
2025-11-22,11,1,wk inc flu hosp,2025-11-29,quantile,0.65,4,District of Columbia,Ensemble
2025-11-22,11,1,wk inc flu hosp,2025-11-29,quantile,0.7,5,District of Columbia,Ensemble
2025-11-22,11,1,wk inc flu hosp,2025-11-29,quantile,0.75,5,District of Columbia,Ensemble
2025-11-22,11,1,wk inc flu hosp,2025-11-29,quantile,0.8,6,District of Columbia,Ensemble
2025-11-22,11,1,wk inc flu hosp,2025-11-29,quantile,0.85,7,District of Columbia,Ensemble
2025-11-22,11,1,wk inc flu hosp,2025-11-29,quantile,0.9,8,District of Columbia,Ensemble
2025-11-22,11,1,wk inc flu hosp,2025-11-29,quantile,0.95,11,District of Columbia,Ensemble
2025-11-22,11,1,wk inc flu hosp,2025-11-29,quantile,0.975,14,District of Columbia,Ensemble
2025-11-22,11,1,wk inc flu hosp,2025-11-29,quantile,0.99,16,District of Columbia,Ensemble
2025-11-22,11,2,wk inc flu hosp,2025-12-06,quantile,0.01,0,District of Columbia,Ensemble
2025-11-22,11,2,wk inc flu hosp,2025-12-06,quantile,0.025,0,District of Columbia,Ensemble
2025-11-22,11,2,wk inc flu hosp,2025-12-06,quantile,0.05,0,District of Columbia,Ensemble
2025-11-22,11,2,wk inc flu hosp,2025-12-06,quantile,0.1,1,District of Columbia,Ensemble
2025-11-22,11,2,wk inc flu hosp,2025-12-06,quantile,0.15,1,District of Columbia,Ensemble
2025-11-22,11,2,wk inc flu hosp,2025-12-06,quantile,0.2,1,District of Columbia,Ensemble
2025-11-22,11,2,wk inc flu hosp,2025-12-06,quantile,0.25,2,District of Columbia,Ensemble
2025-11-22,11,2,wk inc flu hosp,2025-12-06,quantile,0.3,2,District of Columbia,Ensemble
2025-11-22,11,2,wk inc flu hosp,2025-12-06,quantile,0.35,3,District of Columbia,Ensemble
2025-11-22,11,2,wk inc flu hosp,2025-12-06,quantile,0.4,3,District of Columbia,Ensemble
2025-11-22,11,2,wk inc flu hosp,2025-12-06,quantile,0.45,3,District of Columbia,Ensemble
2025-11-22,11,2,wk inc flu hosp,2025-12-06,quantile,0.5,5,District of Columbia,Ensemble
2025-11-22,11,2,wk inc flu hosp,2025-12-06,quantile,0.55,5,District of Columbia,Ensemble
2025-11-22,11,2,wk inc flu hosp,2025-12-06,quantile,0.6,6,District of Columbia,Ensemble
2025-11-22,11,2,wk inc flu hosp,2025-12-06,quantile,0.65,6,District of Columbia,Ensemble
2025-11-22,11,2,wk inc flu hosp,2025-12-06,quantile,0.7,7,District of Columbia,Ensemble
2025-11-22,11,2,wk inc flu hosp,2025-12-06,quantile,0.75,8,District of Columbia,Ensemble
2025-11-22,11,2,wk inc flu hosp,2025-12-06,quantile,0.8,9,District of Columbia,Ensemble
2025-11-22,11,2,wk inc flu hosp,2025-12-06,quantile,0.85,10,District of Columbia,Ensemble
2025-11-22,11,2,wk inc flu hosp,2025-12-06,quantile,0.9,12,District of Columbia,Ensemble
2025-11-22,11,2,wk inc flu hosp,2025-12-06,quantile,0.95,17,District of Columbia,Ensemble
2025-11-22,11,2,wk inc flu hosp,2025-12-06,quantile,0.975,21,District of Columbia,Ensemble
2025-11-22,11,2,wk inc flu hosp,2025-12-06,quantile,0.99,26,District of Columbia,Ensemble
2025-11-22,11,3,wk inc flu hosp,2025-12-13,quantile,0.01,1,District of Columbia,Ensemble
2025-11-22,11,3,wk inc flu hosp,2025-12-13,quantile,0.025,1,District of Columbia,Ensemble
2025-11-22,11,3,wk inc flu hosp,2025-12-13,quantile,0.05,1,District of Columbia,Ensemble
2025-11-22,11,3,wk inc flu hosp,2025-12-13,quantile,0.1,2,District of Columbia,Ensemble
2025-11-22,11,3,wk inc flu hosp,2025-12-13,quantile,0.15,2,District of Columbia,Ensemble
2025-11-22,11,3,wk inc flu hosp,2025-12-13,quantile,0.2,3,District of Columbia,Ensemble
2025-11-22,11,3,wk inc flu hosp,2025-12-13,quantile,0.25,3,District of Columbia,Ensemble
2025-11-22,11,3,wk inc flu hosp,2025-12-13,quantile,0.3,4,District of Columbia,Ensemble
2025-11-22,11,3,wk inc flu hosp,2025-12-13,quantile,0.35,4,District of Columbia,Ensemble
2025-11-22,11,3,wk inc flu hosp,2025-12-13,quantile,0.4,5,District of Columbia,Ensemble
2025-11-22,11,3,wk inc flu hosp,2025-12-13,quantile,0.45,6,District of Columbia,Ensemble
2025-11-22,11,3,wk inc flu hosp,2025-12-13,quantile,0.5,7,District of Columbia,Ensemble
2025-11-22,11,3,wk inc flu hosp,2025-12-13,quantile,0.55,8,District of Columbia,Ensemble
2025-11-22,11,3,wk inc flu hosp,2025-12-13,quantile,0.6,9,District of Columbia,Ensemble
2025-11-22,11,3,wk inc flu hosp,2025-12-13,quantile,0.65,9,District of Columbia,Ensemble
2025-11-22,11,3,wk inc flu hosp,2025-12-13,quantile,0.7,10,District of Columbia,Ensemble
2025-11-22,11,3,wk inc flu hosp,2025-12-13,quantile,0.75,12,District of Columbia,Ensemble
2025-11-22,11,3,wk inc flu hosp,2025-12-13,quantile,0.8,13,District of Columbia,Ensemble
2025-11-22,11,3,wk inc flu hosp,2025-12-13,quantile,0.85,15,District of Columbia,Ensemble
2025-11-22,11,3,wk inc flu hosp,2025-12-13,quantile,0.9,19,District of Columbia,Ensemble
2025-11-22,11,3,wk inc flu hosp,2025-12-13,quantile,0.95,26,District of Columbia,Ensemble
2025-11-22,11,3,wk inc flu hosp,2025-12-13,quantile,0.975,32,District of Columbia,Ensemble
2025-11-22,11,3,wk inc flu hosp,2025-12-13,quantile,0.99,40,District of Columbia,Ensemble
2025-11-22,12,0,wk inc flu hosp,2025-11-22,quantile,0.01,241,Florida,Ensemble
2025-11-22,12,0,wk inc flu hosp,2025-11-22,quantile,0.025,261,Florida,Ensemble
2025-11-22,12,0,wk inc flu hosp,2025-11-22,quantile,0.05,283,Florida,Ensemble
2025-11-22,12,0,wk inc flu hosp,2025-11-22,quantile,0.1,318,Florida,Ensemble
2025-11-22,12,0,wk inc flu hosp,2025-11-22,quantile,0.15,338,Florida,Ensemble
2025-11-22,12,0,wk inc flu hosp,2025-11-22,quantile,0.2,357,Florida,Ensemble
2025-11-22,12,0,wk inc flu hosp,2025-11-22,quantile,0.25,372,Florida,Ensemble
2025-11-22,12,0,wk inc flu hosp,2025-11-22,quantile,0.3,386,Florida,Ensemble
2025-11-22,12,0,wk inc flu hosp,2025-11-22,quantile,0.35,398,Florida,Ensemble
2025-11-22,12,0,wk inc flu hosp,2025-11-22,quantile,0.4,410,Florida,Ensemble
2025-11-22,12,0,wk inc flu hosp,2025-11-22,quantile,0.45,422,Florida,Ensemble
2025-11-22,12,0,wk inc flu hosp,2025-11-22,quantile,0.5,436,Florida,Ensemble
2025-11-22,12,0,wk inc flu hosp,2025-11-22,quantile,0.55,450,Florida,Ensemble
2025-11-22,12,0,wk inc flu hosp,2025-11-22,quantile,0.6,465,Florida,Ensemble
2025-11-22,12,0,wk inc flu hosp,2025-11-22,quantile,0.65,480,Florida,Ensemble
2025-11-22,12,0,wk inc flu hosp,2025-11-22,quantile,0.7,497,Florida,Ensemble
2025-11-22,12,0,wk inc flu hosp,2025-11-22,quantile,0.75,516,Florida,Ensemble
2025-11-22,12,0,wk inc flu hosp,2025-11-22,quantile,0.8,535,Florida,Ensemble
2025-11-22,12,0,wk inc flu hosp,2025-11-22,quantile,0.85,560,Florida,Ensemble
2025-11-22,12,0,wk inc flu hosp,2025-11-22,quantile,0.9,598,Florida,Ensemble
2025-11-22,12,0,wk inc flu hosp,2025-11-22,quantile,0.95,660,Florida,Ensemble
2025-11-22,12,0,wk inc flu hosp,2025-11-22,quantile,0.975,719,Florida,Ensemble
2025-11-22,12,0,wk inc flu hosp,2025-11-22,quantile,0.99,781,Florida,Ensemble
2025-11-22,12,1,wk inc flu hosp,2025-11-29,quantile,0.01,253,Florida,Ensemble
2025-11-22,12,1,wk inc flu hosp,2025-11-29,quantile,0.025,283,Florida,Ensemble
2025-11-22,12,1,wk inc flu hosp,2025-11-29,quantile,0.05,322,Florida,Ensemble
2025-11-22,12,1,wk inc flu hosp,2025-11-29,quantile,0.1,362,Florida,Ensemble
2025-11-22,12,1,wk inc flu hosp,2025-11-29,quantile,0.15,396,Florida,Ensemble
2025-11-22,12,1,wk inc flu hosp,2025-11-29,quantile,0.2,428,Florida,Ensemble
2025-11-22,12,1,wk inc flu hosp,2025-11-29,quantile,0.25,451,Florida,Ensemble
2025-11-22,12,1,wk inc flu hosp,2025-11-29,quantile,0.3,475,Florida,Ensemble
2025-11-22,12,1,wk inc flu hosp,2025-11-29,quantile,0.35,500,Florida,Ensemble
2025-11-22,12,1,wk inc flu hosp,2025-11-29,quantile,0.4,521,Florida,Ensemble
2025-11-22,12,1,wk inc flu hosp,2025-11-29,quantile,0.45,542,Florida,Ensemble
2025-11-22,12,1,wk inc flu hosp,2025-11-29,quantile,0.5,567,Florida,Ensemble
2025-11-22,12,1,wk inc flu hosp,2025-11-29,quantile,0.55,592,Florida,Ensemble
2025-11-22,12,1,wk inc flu hosp,2025-11-29,quantile,0.6,614,Florida,Ensemble
2025-11-22,12,1,wk inc flu hosp,2025-11-29,quantile,0.65,639,Florida,Ensemble
2025-11-22,12,1,wk inc flu hosp,2025-11-29,quantile,0.7,668,Florida,Ensemble
2025-11-22,12,1,wk inc flu hosp,2025-11-29,quantile,0.75,700,Florida,Ensemble
2025-11-22,12,1,wk inc flu hosp,2025-11-29,quantile,0.8,738,Florida,Ensemble
2025-11-22,12,1,wk inc flu hosp,2025-11-29,quantile,0.85,789,Florida,Ensemble
2025-11-22,12,1,wk inc flu hosp,2025-11-29,quantile,0.9,850,Florida,Ensemble
2025-11-22,12,1,wk inc flu hosp,2025-11-29,quantile,0.95,955,Florida,Ensemble
2025-11-22,12,1,wk inc flu hosp,2025-11-29,quantile,0.975,1077,Florida,Ensemble
2025-11-22,12,1,wk inc flu hosp,2025-11-29,quantile,0.99,1201,Florida,Ensemble
2025-11-22,12,2,wk inc flu hosp,2025-12-06,quantile,0.01,260,Florida,Ensemble
2025-11-22,12,2,wk inc flu hosp,2025-12-06,quantile,0.025,311,Florida,Ensemble
2025-11-22,12,2,wk inc flu hosp,2025-12-06,quantile,0.05,356,Florida,Ensemble
2025-11-22,12,2,wk inc flu hosp,2025-12-06,quantile,0.1,413,Florida,Ensemble
2025-11-22,12,2,wk inc flu hosp,2025-12-06,quantile,0.15,462,Florida,Ensemble
2025-11-22,12,2,wk inc flu hosp,2025-12-06,quantile,0.2,506,Florida,Ensemble
2025-11-22,12,2,wk inc flu hosp,2025-12-06,quantile,0.25,541,Florida,Ensemble
2025-11-22,12,2,wk inc flu hosp,2025-12-06,quantile,0.3,576,Florida,Ensemble
2025-11-22,12,2,wk inc flu hosp,2025-12-06,quantile,0.35,608,Florida,Ensemble
2025-11-22,12,2,wk inc flu hosp,2025-12-06,quantile,0.4,643,Florida,Ensemble
2025-11-22,12,2,wk inc flu hosp,2025-12-06,quantile,0.45,680,Florida,Ensemble
2025-11-22,12,2,wk inc flu hosp,2025-12-06,quantile,0.5,717,Florida,Ensemble
2025-11-22,12,2,wk inc flu hosp,2025-12-06,quantile,0.55,756,Florida,Ensemble
2025-11-22,12,2,wk inc flu hosp,2025-12-06,quantile,0.6,794,Florida,Ensemble
2025-11-22,12,2,wk inc flu hosp,2025-12-06,quantile,0.65,839,Florida,Ensemble
2025-11-22,12,2,wk inc flu hosp,2025-12-06,quantile,0.7,887,Florida,Ensemble
2025-11-22,12,2,wk inc flu hosp,2025-12-06,quantile,0.75,942,Florida,Ensemble
2025-11-22,12,2,wk inc flu hosp,2025-12-06,quantile,0.8,1012,Florida,Ensemble
2025-11-22,12,2,wk inc flu hosp,2025-12-06,quantile,0.85,1093,Florida,Ensemble
2025-11-22,12,2,wk inc flu hosp,2025-12-06,quantile,0.9,1200,Florida,Ensemble
2025-11-22,12,2,wk inc flu hosp,2025-12-06,quantile,0.95,1387,Florida,Ensemble
2025-11-22,12,2,wk inc flu hosp,2025-12-06,quantile,0.975,1585,Florida,Ensemble
2025-11-22,12,2,wk inc flu hosp,2025-12-06,quantile,0.99,1801,Florida,Ensemble
2025-11-22,12,3,wk inc flu hosp,2025-12-13,quantile,0.01,281,Florida,Ensemble
2025-11-22,12,3,wk inc flu hosp,2025-12-13,quantile,0.025,344,Florida,Ensemble
2025-11-22,12,3,wk inc flu hosp,2025-12-13,quantile,0.05,402,Florida,Ensemble
2025-11-22,12,3,wk inc flu hosp,2025-12-13,quantile,0.1,481,Florida,Ensemble
2025-11-22,12,3,wk inc flu hosp,2025-12-13,quantile,0.15,550,Florida,Ensemble
2025-11-22,12,3,wk inc flu hosp,2025-12-13,quantile,0.2,607,Florida,Ensemble
2025-11-22,12,3,wk inc flu hosp,2025-12-13,quantile,0.25,659,Florida,Ensemble
2025-11-22,12,3,wk inc flu hosp,2025-12-13,quantile,0.3,712,Florida,Ensemble
2025-11-22,12,3,wk inc flu hosp,2025-12-13,quantile,0.35,764,Florida,Ensemble
2025-11-22,12,3,wk inc flu hosp,2025-12-13,quantile,0.4,811,Florida,Ensemble
2025-11-22,12,3,wk inc flu hosp,2025-12-13,quantile,0.45,863,Florida,Ensemble
2025-11-22,12,3,wk inc flu hosp,2025-12-13,quantile,0.5,930,Florida,Ensemble
2025-11-22,12,3,wk inc flu hosp,2025-12-13,quantile,0.55,984,Florida,Ensemble
2025-11-22,12,3,wk inc flu hosp,2025-12-13,quantile,0.6,1040,Florida,Ensemble
2025-11-22,12,3,wk inc flu hosp,2025-12-13,quantile,0.65,1110,Florida,Ensemble
2025-11-22,12,3,wk inc flu hosp,2025-12-13,quantile,0.7,1187,Florida,Ensemble
2025-11-22,12,3,wk inc flu hosp,2025-12-13,quantile,0.75,1278,Florida,Ensemble
2025-11-22,12,3,wk inc flu hosp,2025-12-13,quantile,0.8,1392,Florida,Ensemble
2025-11-22,12,3,wk inc flu hosp,2025-12-13,quantile,0.85,1515,Florida,Ensemble
2025-11-22,12,3,wk inc flu hosp,2025-12-13,quantile,0.9,1694,Florida,Ensemble
2025-11-22,12,3,wk inc flu hosp,2025-12-13,quantile,0.95,1999,Florida,Ensemble
2025-11-22,12,3,wk inc flu hosp,2025-12-13,quantile,0.975,2280,Florida,Ensemble
2025-11-22,12,3,wk inc flu hosp,2025-12-13,quantile,0.99,2640,Florida,Ensemble
2025-11-22,13,0,wk inc flu hosp,2025-11-22,quantile,0.01,35,Georgia,Ensemble
2025-11-22,13,0,wk inc flu hosp,2025-11-22,quantile,0.025,39,Georgia,Ensemble
2025-11-22,13,0,wk inc flu hosp,2025-11-22,quantile,0.05,42,Georgia,Ensemble
2025-11-22,13,0,wk inc flu hosp,2025-11-22,quantile,0.1,47,Georgia,Ensemble
2025-11-22,13,0,wk inc flu hosp,2025-11-22,quantile,0.15,51,Georgia,Ensemble
2025-11-22,13,0,wk inc flu hosp,2025-11-22,quantile,0.2,55,Georgia,Ensemble
2025-11-22,13,0,wk inc flu hosp,2025-11-22,quantile,0.25,58,Georgia,Ensemble
2025-11-22,13,0,wk inc flu hosp,2025-11-22,quantile,0.3,61,Georgia,Ensemble
2025-11-22,13,0,wk inc flu hosp,2025-11-22,quantile,0.35,64,Georgia,Ensemble
2025-11-22,13,0,wk inc flu hosp,2025-11-22,quantile,0.4,67,Georgia,Ensemble
2025-11-22,13,0,wk inc flu hosp,2025-11-22,quantile,0.45,70,Georgia,Ensemble
2025-11-22,13,0,wk inc flu hosp,2025-11-22,quantile,0.5,74,Georgia,Ensemble
2025-11-22,13,0,wk inc flu hosp,2025-11-22,quantile,0.55,76,Georgia,Ensemble
2025-11-22,13,0,wk inc flu hosp,2025-11-22,quantile,0.6,79,Georgia,Ensemble
2025-11-22,13,0,wk inc flu hosp,2025-11-22,quantile,0.65,82,Georgia,Ensemble
2025-11-22,13,0,wk inc flu hosp,2025-11-22,quantile,0.7,84,Georgia,Ensemble
2025-11-22,13,0,wk inc flu hosp,2025-11-22,quantile,0.75,88,Georgia,Ensemble
2025-11-22,13,0,wk inc flu hosp,2025-11-22,quantile,0.8,91,Georgia,Ensemble
2025-11-22,13,0,wk inc flu hosp,2025-11-22,quantile,0.85,96,Georgia,Ensemble
2025-11-22,13,0,wk inc flu hosp,2025-11-22,quantile,0.9,103,Georgia,Ensemble
2025-11-22,13,0,wk inc flu hosp,2025-11-22,quantile,0.95,116,Georgia,Ensemble
2025-11-22,13,0,wk inc flu hosp,2025-11-22,quantile,0.975,129,Georgia,Ensemble
2025-11-22,13,0,wk inc flu hosp,2025-11-22,quantile,0.99,147,Georgia,Ensemble
2025-11-22,13,1,wk inc flu hosp,2025-11-29,quantile,0.01,35,Georgia,Ensemble
2025-11-22,13,1,wk inc flu hosp,2025-11-29,quantile,0.025,40,Georgia,Ensemble
2025-11-22,13,1,wk inc flu hosp,2025-11-29,quantile,0.05,45,Georgia,Ensemble
2025-11-22,13,1,wk inc flu hosp,2025-11-29,quantile,0.1,52,Georgia,Ensemble
2025-11-22,13,1,wk inc flu hosp,2025-11-29,quantile,0.15,58,Georgia,Ensemble
2025-11-22,13,1,wk inc flu hosp,2025-11-29,quantile,0.2,64,Georgia,Ensemble
2025-11-22,13,1,wk inc flu hosp,2025-11-29,quantile,0.25,70,Georgia,Ensemble
2025-11-22,13,1,wk inc flu hosp,2025-11-29,quantile,0.3,75,Georgia,Ensemble
2025-11-22,13,1,wk inc flu hosp,2025-11-29,quantile,0.35,80,Georgia,Ensemble
2025-11-22,13,1,wk inc flu hosp,2025-11-29,quantile,0.4,84,Georgia,Ensemble
2025-11-22,13,1,wk inc flu hosp,2025-11-29,quantile,0.45,90,Georgia,Ensemble
2025-11-22,13,1,wk inc flu hosp,2025-11-29,quantile,0.5,96,Georgia,Ensemble
2025-11-22,13,1,wk inc flu hosp,2025-11-29,quantile,0.55,101,Georgia,Ensemble
2025-11-22,13,1,wk inc flu hosp,2025-11-29,quantile,0.6,106,Georgia,Ensemble
2025-11-22,13,1,wk inc flu hosp,2025-11-29,quantile,0.65,111,Georgia,Ensemble
2025-11-22,13,1,wk inc flu hosp,2025-11-29,quantile,0.7,116,Georgia,Ensemble
2025-11-22,13,1,wk inc flu hosp,2025-11-29,quantile,0.75,122,Georgia,Ensemble
2025-11-22,13,1,wk inc flu hosp,2025-11-29,quantile,0.8,129,Georgia,Ensemble
2025-11-22,13,1,wk inc flu hosp,2025-11-29,quantile,0.85,138,Georgia,Ensemble
2025-11-22,13,1,wk inc flu hosp,2025-11-29,quantile,0.9,153,Georgia,Ensemble
2025-11-22,13,1,wk inc flu hosp,2025-11-29,quantile,0.95,178,Georgia,Ensemble
2025-11-22,13,1,wk inc flu hosp,2025-11-29,quantile,0.975,206,Georgia,Ensemble
2025-11-22,13,1,wk inc flu hosp,2025-11-29,quantile,0.99,239,Georgia,Ensemble
2025-11-22,13,2,wk inc flu hosp,2025-12-06,quantile,0.01,40,Georgia,Ensemble
2025-11-22,13,2,wk inc flu hosp,2025-12-06,quantile,0.025,47,Georgia,Ensemble
2025-11-22,13,2,wk inc flu hosp,2025-12-06,quantile,0.05,53,Georgia,Ensemble
2025-11-22,13,2,wk inc flu hosp,2025-12-06,quantile,0.1,64,Georgia,Ensemble
2025-11-22,13,2,wk inc flu hosp,2025-12-06,quantile,0.15,72,Georgia,Ensemble
2025-11-22,13,2,wk inc flu hosp,2025-12-06,quantile,0.2,79,Georgia,Ensemble
2025-11-22,13,2,wk inc flu hosp,2025-12-06,quantile,0.25,88,Georgia,Ensemble
2025-11-22,13,2,wk inc flu hosp,2025-12-06,quantile,0.3,95,Georgia,Ensemble
2025-11-22,13,2,wk inc flu hosp,2025-12-06,quantile,0.35,103,Georgia,Ensemble
2025-11-22,13,2,wk inc flu hosp,2025-12-06,quantile,0.4,110,Georgia,Ensemble
2025-11-22,13,2,wk inc flu hosp,2025-12-06,quantile,0.45,118,Georgia,Ensemble
2025-11-22,13,2,wk inc flu hosp,2025-12-06,quantile,0.5,128,Georgia,Ensemble
2025-11-22,13,2,wk inc flu hosp,2025-12-06,quantile,0.55,137,Georgia,Ensemble
2025-11-22,13,2,wk inc flu hosp,2025-12-06,quantile,0.6,146,Georgia,Ensemble
2025-11-22,13,2,wk inc flu hosp,2025-12-06,quantile,0.65,155,Georgia,Ensemble
2025-11-22,13,2,wk inc flu hosp,2025-12-06,quantile,0.7,165,Georgia,Ensemble
2025-11-22,13,2,wk inc flu hosp,2025-12-06,quantile,0.75,177,Georgia,Ensemble
2025-11-22,13,2,wk inc flu hosp,2025-12-06,quantile,0.8,190,Georgia,Ensemble
2025-11-22,13,2,wk inc flu hosp,2025-12-06,quantile,0.85,207,Georgia,Ensemble
2025-11-22,13,2,wk inc flu hosp,2025-12-06,quantile,0.9,232,Georgia,Ensemble
2025-11-22,13,2,wk inc flu hosp,2025-12-06,quantile,0.95,281,Georgia,Ensemble
2025-11-22,13,2,wk inc flu hosp,2025-12-06,quantile,0.975,335,Georgia,Ensemble
2025-11-22,13,2,wk inc flu hosp,2025-12-06,quantile,0.99,393,Georgia,Ensemble
2025-11-22,13,3,wk inc flu hosp,2025-12-13,quantile,0.01,48,Georgia,Ensemble
2025-11-22,13,3,wk inc flu hosp,2025-12-13,quantile,0.025,58,Georgia,Ensemble
2025-11-22,13,3,wk inc flu hosp,2025-12-13,quantile,0.05,67,Georgia,Ensemble
2025-11-22,13,3,wk inc flu hosp,2025-12-13,quantile,0.1,80,Georgia,Ensemble
2025-11-22,13,3,wk inc flu hosp,2025-12-13,quantile,0.15,91,Georgia,Ensemble
2025-11-22,13,3,wk inc flu hosp,2025-12-13,quantile,0.2,103,Georgia,Ensemble
2025-11-22,13,3,wk inc flu hosp,2025-12-13,quantile,0.25,113,Georgia,Ensemble
2025-11-22,13,3,wk inc flu hosp,2025-12-13,quantile,0.3,121,Georgia,Ensemble
2025-11-22,13,3,wk inc flu hosp,2025-12-13,quantile,0.35,131,Georgia,Ensemble
2025-11-22,13,3,wk inc flu hosp,2025-12-13,quantile,0.4,143,Georgia,Ensemble
2025-11-22,13,3,wk inc flu hosp,2025-12-13,quantile,0.45,158,Georgia,Ensemble
2025-11-22,13,3,wk inc flu hosp,2025-12-13,quantile,0.5,172,Georgia,Ensemble
2025-11-22,13,3,wk inc flu hosp,2025-12-13,quantile,0.55,185,Georgia,Ensemble
2025-11-22,13,3,wk inc flu hosp,2025-12-13,quantile,0.6,198,Georgia,Ensemble
2025-11-22,13,3,wk inc flu hosp,2025-12-13,quantile,0.65,212,Georgia,Ensemble
2025-11-22,13,3,wk inc flu hosp,2025-12-13,quantile,0.7,228,Georgia,Ensemble
2025-11-22,13,3,wk inc flu hosp,2025-12-13,quantile,0.75,247,Georgia,Ensemble
2025-11-22,13,3,wk inc flu hosp,2025-12-13,quantile,0.8,271,Georgia,Ensemble
2025-11-22,13,3,wk inc flu hosp,2025-12-13,quantile,0.85,298,Georgia,Ensemble
2025-11-22,13,3,wk inc flu hosp,2025-12-13,quantile,0.9,340,Georgia,Ensemble
2025-11-22,13,3,wk inc flu hosp,2025-12-13,quantile,0.95,412,Georgia,Ensemble
2025-11-22,13,3,wk inc flu hosp,2025-12-13,quantile,0.975,501,Georgia,Ensemble
2025-11-22,13,3,wk inc flu hosp,2025-12-13,quantile,0.99,599,Georgia,Ensemble
2025-11-22,15,0,wk inc flu hosp,2025-11-22,quantile,0.01,5,Hawaii,Ensemble
2025-11-22,15,0,wk inc flu hosp,2025-11-22,quantile,0.025,6,Hawaii,Ensemble
2025-11-22,15,0,wk inc flu hosp,2025-11-22,quantile,0.05,7,Hawaii,Ensemble
2025-11-22,15,0,wk inc flu hosp,2025-11-22,quantile,0.1,8,Hawaii,Ensemble
2025-11-22,15,0,wk inc flu hosp,2025-11-22,quantile,0.15,9,Hawaii,Ensemble
2025-11-22,15,0,wk inc flu hosp,2025-11-22,quantile,0.2,10,Hawaii,Ensemble
2025-11-22,15,0,wk inc flu hosp,2025-11-22,quantile,0.25,11,Hawaii,Ensemble
2025-11-22,15,0,wk inc flu hosp,2025-11-22,quantile,0.3,12,Hawaii,Ensemble
2025-11-22,15,0,wk inc flu hosp,2025-11-22,quantile,0.35,13,Hawaii,Ensemble
2025-11-22,15,0,wk inc flu hosp,2025-11-22,quantile,0.4,14,Hawaii,Ensemble
2025-11-22,15,0,wk inc flu hosp,2025-11-22,quantile,0.45,14,Hawaii,Ensemble
2025-11-22,15,0,wk inc flu hosp,2025-11-22,quantile,0.5,16,Hawaii,Ensemble
2025-11-22,15,0,wk inc flu hosp,2025-11-22,quantile,0.55,17,Hawaii,Ensemble
2025-11-22,15,0,wk inc flu hosp,2025-11-22,quantile,0.6,18,Hawaii,Ensemble
2025-11-22,15,0,wk inc flu hosp,2025-11-22,quantile,0.65,19,Hawaii,Ensemble
2025-11-22,15,0,wk inc flu hosp,2025-11-22,quantile,0.7,20,Hawaii,Ensemble
2025-11-22,15,0,wk inc flu hosp,2025-11-22,quantile,0.75,21,Hawaii,Ensemble
2025-11-22,15,0,wk inc flu hosp,2025-11-22,quantile,0.8,23,Hawaii,Ensemble
2025-11-22,15,0,wk inc flu hosp,2025-11-22,quantile,0.85,24,Hawaii,Ensemble
2025-11-22,15,0,wk inc flu hosp,2025-11-22,quantile,0.9,26,Hawaii,Ensemble
2025-11-22,15,0,wk inc flu hosp,2025-11-22,quantile,0.95,30,Hawaii,Ensemble
2025-11-22,15,0,wk inc flu hosp,2025-11-22,quantile,0.975,33,Hawaii,Ensemble
2025-11-22,15,0,wk inc flu hosp,2025-11-22,quantile,0.99,37,Hawaii,Ensemble
2025-11-22,15,1,wk inc flu hosp,2025-11-29,quantile,0.01,5,Hawaii,Ensemble
2025-11-22,15,1,wk inc flu hosp,2025-11-29,quantile,0.025,6,Hawaii,Ensemble
2025-11-22,15,1,wk inc flu hosp,2025-11-29,quantile,0.05,7,Hawaii,Ensemble
2025-11-22,15,1,wk inc flu hosp,2025-11-29,quantile,0.1,9,Hawaii,Ensemble
2025-11-22,15,1,wk inc flu hosp,2025-11-29,quantile,0.15,10,Hawaii,Ensemble
2025-11-22,15,1,wk inc flu hosp,2025-11-29,quantile,0.2,11,Hawaii,Ensemble
2025-11-22,15,1,wk inc flu hosp,2025-11-29,quantile,0.25,12,Hawaii,Ensemble
2025-11-22,15,1,wk inc flu hosp,2025-11-29,quantile,0.3,14,Hawaii,Ensemble
2025-11-22,15,1,wk inc flu hosp,2025-11-29,quantile,0.35,15,Hawaii,Ensemble
2025-11-22,15,1,wk inc flu hosp,2025-11-29,quantile,0.4,17,Hawaii,Ensemble
2025-11-22,15,1,wk inc flu hosp,2025-11-29,quantile,0.45,18,Hawaii,Ensemble
2025-11-22,15,1,wk inc flu hosp,2025-11-29,quantile,0.5,20,Hawaii,Ensemble
2025-11-22,15,1,wk inc flu hosp,2025-11-29,quantile,0.55,22,Hawaii,Ensemble
2025-11-22,15,1,wk inc flu hosp,2025-11-29,quantile,0.6,23,Hawaii,Ensemble
2025-11-22,15,1,wk inc flu hosp,2025-11-29,quantile,0.65,25,Hawaii,Ensemble
2025-11-22,15,1,wk inc flu hosp,2025-11-29,quantile,0.7,26,Hawaii,Ensemble
2025-11-22,15,1,wk inc flu hosp,2025-11-29,quantile,0.75,28,Hawaii,Ensemble
2025-11-22,15,1,wk inc flu hosp,2025-11-29,quantile,0.8,30,Hawaii,Ensemble
2025-11-22,15,1,wk inc flu hosp,2025-11-29,quantile,0.85,32,Hawaii,Ensemble
2025-11-22,15,1,wk inc flu hosp,2025-11-29,quantile,0.9,36,Hawaii,Ensemble
2025-11-22,15,1,wk inc flu hosp,2025-11-29,quantile,0.95,42,Hawaii,Ensemble
2025-11-22,15,1,wk inc flu hosp,2025-11-29,quantile,0.975,48,Hawaii,Ensemble
2025-11-22,15,1,wk inc flu hosp,2025-11-29,quantile,0.99,56,Hawaii,Ensemble
2025-11-22,15,2,wk inc flu hosp,2025-12-06,quantile,0.01,6,Hawaii,Ensemble
2025-11-22,15,2,wk inc flu hosp,2025-12-06,quantile,0.025,7,Hawaii,Ensemble
2025-11-22,15,2,wk inc flu hosp,2025-12-06,quantile,0.05,9,Hawaii,Ensemble
2025-11-22,15,2,wk inc flu hosp,2025-12-06,quantile,0.1,11,Hawaii,Ensemble
2025-11-22,15,2,wk inc flu hosp,2025-12-06,quantile,0.15,13,Hawaii,Ensemble
2025-11-22,15,2,wk inc flu hosp,2025-12-06,quantile,0.2,14,Hawaii,Ensemble
2025-11-22,15,2,wk inc flu hosp,2025-12-06,quantile,0.25,16,Hawaii,Ensemble
2025-11-22,15,2,wk inc flu hosp,2025-12-06,quantile,0.3,17,Hawaii,Ensemble
2025-11-22,15,2,wk inc flu hosp,2025-12-06,quantile,0.35,19,Hawaii,Ensemble
2025-11-22,15,2,wk inc flu hosp,2025-12-06,quantile,0.4,21,Hawaii,Ensemble
2025-11-22,15,2,wk inc flu hosp,2025-12-06,quantile,0.45,23,Hawaii,Ensemble
2025-11-22,15,2,wk inc flu hosp,2025-12-06,quantile,0.5,26,Hawaii,Ensemble
2025-11-22,15,2,wk inc flu hosp,2025-12-06,quantile,0.55,28,Hawaii,Ensemble
2025-11-22,15,2,wk inc flu hosp,2025-12-06,quantile,0.6,30,Hawaii,Ensemble
2025-11-22,15,2,wk inc flu hosp,2025-12-06,quantile,0.65,32,Hawaii,Ensemble
2025-11-22,15,2,wk inc flu hosp,2025-12-06,quantile,0.7,35,Hawaii,Ensemble
2025-11-22,15,2,wk inc flu hosp,2025-12-06,quantile,0.75,37,Hawaii,Ensemble
2025-11-22,15,2,wk inc flu hosp,2025-12-06,quantile,0.8,41,Hawaii,Ensemble
2025-11-22,15,2,wk inc flu hosp,2025-12-06,quantile,0.85,45,Hawaii,Ensemble
2025-11-22,15,2,wk inc flu hosp,2025-12-06,quantile,0.9,50,Hawaii,Ensemble
2025-11-22,15,2,wk inc flu hosp,2025-12-06,quantile,0.95,60,Hawaii,Ensemble
2025-11-22,15,2,wk inc flu hosp,2025-12-06,quantile,0.975,69,Hawaii,Ensemble
2025-11-22,15,2,wk inc flu hosp,2025-12-06,quantile,0.99,82,Hawaii,Ensemble
2025-11-22,15,3,wk inc flu hosp,2025-12-13,quantile,0.01,6,Hawaii,Ensemble
2025-11-22,15,3,wk inc flu hosp,2025-12-13,quantile,0.025,8,Hawaii,Ensemble
2025-11-22,15,3,wk inc flu hosp,2025-12-13,quantile,0.05,10,Hawaii,Ensemble
2025-11-22,15,3,wk inc flu hosp,2025-12-13,quantile,0.1,14,Hawaii,Ensemble
2025-11-22,15,3,wk inc flu hosp,2025-12-13,quantile,0.15,16,Hawaii,Ensemble
2025-11-22,15,3,wk inc flu hosp,2025-12-13,quantile,0.2,18,Hawaii,Ensemble
2025-11-22,15,3,wk inc flu hosp,2025-12-13,quantile,0.25,20,Hawaii,Ensemble
2025-11-22,15,3,wk inc flu hosp,2025-12-13,quantile,0.3,22,Hawaii,Ensemble
2025-11-22,15,3,wk inc flu hosp,2025-12-13,quantile,0.35,24,Hawaii,Ensemble
2025-11-22,15,3,wk inc flu hosp,2025-12-13,quantile,0.4,27,Hawaii,Ensemble
2025-11-22,15,3,wk inc flu hosp,2025-12-13,quantile,0.45,29,Hawaii,Ensemble
2025-11-22,15,3,wk inc flu hosp,2025-12-13,quantile,0.5,32,Hawaii,Ensemble
2025-11-22,15,3,wk inc flu hosp,2025-12-13,quantile,0.55,35,Hawaii,Ensemble
2025-11-22,15,3,wk inc flu hosp,2025-12-13,quantile,0.6,38,Hawaii,Ensemble
2025-11-22,15,3,wk inc flu hosp,2025-12-13,quantile,0.65,41,Hawaii,Ensemble
2025-11-22,15,3,wk inc flu hosp,2025-12-13,quantile,0.7,44,Hawaii,Ensemble
2025-11-22,15,3,wk inc flu hosp,2025-12-13,quantile,0.75,48,Hawaii,Ensemble
2025-11-22,15,3,wk inc flu hosp,2025-12-13,quantile,0.8,53,Hawaii,Ensemble
2025-11-22,15,3,wk inc flu hosp,2025-12-13,quantile,0.85,59,Hawaii,Ensemble
2025-11-22,15,3,wk inc flu hosp,2025-12-13,quantile,0.9,67,Hawaii,Ensemble
2025-11-22,15,3,wk inc flu hosp,2025-12-13,quantile,0.95,82,Hawaii,Ensemble
2025-11-22,15,3,wk inc flu hosp,2025-12-13,quantile,0.975,97,Hawaii,Ensemble
2025-11-22,15,3,wk inc flu hosp,2025-12-13,quantile,0.99,117,Hawaii,Ensemble
2025-11-22,16,0,wk inc flu hosp,2025-11-22,quantile,0.01,4,Idaho,Ensemble
2025-11-22,16,0,wk inc flu hosp,2025-11-22,quantile,0.025,5,Idaho,Ensemble
2025-11-22,16,0,wk inc flu hosp,2025-11-22,quantile,0.05,6,Idaho,Ensemble
2025-11-22,16,0,wk inc flu hosp,2025-11-22,quantile,0.1,7,Idaho,Ensemble
2025-11-22,16,0,wk inc flu hosp,2025-11-22,quantile,0.15,9,Idaho,Ensemble
2025-11-22,16,0,wk inc flu hosp,2025-11-22,quantile,0.2,9,Idaho,Ensemble
2025-11-22,16,0,wk inc flu hosp,2025-11-22,quantile,0.25,10,Idaho,Ensemble
2025-11-22,16,0,wk inc flu hosp,2025-11-22,quantile,0.3,11,Idaho,Ensemble
2025-11-22,16,0,wk inc flu hosp,2025-11-22,quantile,0.35,11,Idaho,Ensemble
2025-11-22,16,0,wk inc flu hosp,2025-11-22,quantile,0.4,12,Idaho,Ensemble
2025-11-22,16,0,wk inc flu hosp,2025-11-22,quantile,0.45,13,Idaho,Ensemble
2025-11-22,16,0,wk inc flu hosp,2025-11-22,quantile,0.5,15,Idaho,Ensemble
2025-11-22,16,0,wk inc flu hosp,2025-11-22,quantile,0.55,15,Idaho,Ensemble
2025-11-22,16,0,wk inc flu hosp,2025-11-22,quantile,0.6,16,Idaho,Ensemble
2025-11-22,16,0,wk inc flu hosp,2025-11-22,quantile,0.65,17,Idaho,Ensemble
2025-11-22,16,0,wk inc flu hosp,2025-11-22,quantile,0.7,18,Idaho,Ensemble
2025-11-22,16,0,wk inc flu hosp,2025-11-22,quantile,0.75,18,Idaho,Ensemble
2025-11-22,16,0,wk inc flu hosp,2025-11-22,quantile,0.8,20,Idaho,Ensemble
2025-11-22,16,0,wk inc flu hosp,2025-11-22,quantile,0.85,21,Idaho,Ensemble
2025-11-22,16,0,wk inc flu hosp,2025-11-22,quantile,0.9,23,Idaho,Ensemble
2025-11-22,16,0,wk inc flu hosp,2025-11-22,quantile,0.95,27,Idaho,Ensemble
2025-11-22,16,0,wk inc flu hosp,2025-11-22,quantile,0.975,31,Idaho,Ensemble
2025-11-22,16,0,wk inc flu hosp,2025-11-22,quantile,0.99,37,Idaho,Ensemble
2025-11-22,16,1,wk inc flu hosp,2025-11-29,quantile,0.01,6,Idaho,Ensemble
2025-11-22,16,1,wk inc flu hosp,2025-11-29,quantile,0.025,7,Idaho,Ensemble
2025-11-22,16,1,wk inc flu hosp,2025-11-29,quantile,0.05,8,Idaho,Ensemble
2025-11-22,16,1,wk inc flu hosp,2025-11-29,quantile,0.1,9,Idaho,Ensemble
2025-11-22,16,1,wk inc flu hosp,2025-11-29,quantile,0.15,11,Idaho,Ensemble
2025-11-22,16,1,wk inc flu hosp,2025-11-29,quantile,0.2,12,Idaho,Ensemble
2025-11-22,16,1,wk inc flu hosp,2025-11-29,quantile,0.25,13,Idaho,Ensemble
2025-11-22,16,1,wk inc flu hosp,2025-11-29,quantile,0.3,14,Idaho,Ensemble
2025-11-22,16,1,wk inc flu hosp,2025-11-29,quantile,0.35,16,Idaho,Ensemble
2025-11-22,16,1,wk inc flu hosp,2025-11-29,quantile,0.4,17,Idaho,Ensemble
2025-11-22,16,1,wk inc flu hosp,2025-11-29,quantile,0.45,18,Idaho,Ensemble
2025-11-22,16,1,wk inc flu hosp,2025-11-29,quantile,0.5,20,Idaho,Ensemble
2025-11-22,16,1,wk inc flu hosp,2025-11-29,quantile,0.55,21,Idaho,Ensemble
2025-11-22,16,1,wk inc flu hosp,2025-11-29,quantile,0.6,22,Idaho,Ensemble
2025-11-22,16,1,wk inc flu hosp,2025-11-29,quantile,0.65,23,Idaho,Ensemble
2025-11-22,16,1,wk inc flu hosp,2025-11-29,quantile,0.7,25,Idaho,Ensemble
2025-11-22,16,1,wk inc flu hosp,2025-11-29,quantile,0.75,26,Idaho,Ensemble
2025-11-22,16,1,wk inc flu hosp,2025-11-29,quantile,0.8,29,Idaho,Ensemble
2025-11-22,16,1,wk inc flu hosp,2025-11-29,quantile,0.85,31,Idaho,Ensemble
2025-11-22,16,1,wk inc flu hosp,2025-11-29,quantile,0.9,35,Idaho,Ensemble
2025-11-22,16,1,wk inc flu hosp,2025-11-29,quantile,0.95,42,Idaho,Ensemble
2025-11-22,16,1,wk inc flu hosp,2025-11-29,quantile,0.975,49,Idaho,Ensemble
2025-11-22,16,1,wk inc flu hosp,2025-11-29,quantile,0.99,58,Idaho,Ensemble
2025-11-22,16,2,wk inc flu hosp,2025-12-06,quantile,0.01,8,Idaho,Ensemble
2025-11-22,16,2,wk inc flu hosp,2025-12-06,quantile,0.025,9,Idaho,Ensemble
2025-11-22,16,2,wk inc flu hosp,2025-12-06,quantile,0.05,11,Idaho,Ensemble
2025-11-22,16,2,wk inc flu hosp,2025-12-06,quantile,0.1,13,Idaho,Ensemble
2025-11-22,16,2,wk inc flu hosp,2025-12-06,quantile,0.15,15,Idaho,Ensemble
2025-11-22,16,2,wk inc flu hosp,2025-12-06,quantile,0.2,16,Idaho,Ensemble
2025-11-22,16,2,wk inc flu hosp,2025-12-06,quantile,0.25,18,Idaho,Ensemble
2025-11-22,16,2,wk inc flu hosp,2025-12-06,quantile,0.3,19,Idaho,Ensemble
2025-11-22,16,2,wk inc flu hosp,2025-12-06,quantile,0.35,21,Idaho,Ensemble
2025-11-22,16,2,wk inc flu hosp,2025-12-06,quantile,0.4,23,Idaho,Ensemble
2025-11-22,16,2,wk inc flu hosp,2025-12-06,quantile,0.45,24,Idaho,Ensemble
2025-11-22,16,2,wk inc flu hosp,2025-12-06,quantile,0.5,27,Idaho,Ensemble
2025-11-22,16,2,wk inc flu hosp,2025-12-06,quantile,0.55,29,Idaho,Ensemble
2025-11-22,16,2,wk inc flu hosp,2025-12-06,quantile,0.6,31,Idaho,Ensemble
2025-11-22,16,2,wk inc flu hosp,2025-12-06,quantile,0.65,33,Idaho,Ensemble
2025-11-22,16,2,wk inc flu hosp,2025-12-06,quantile,0.7,36,Idaho,Ensemble
2025-11-22,16,2,wk inc flu hosp,2025-12-06,quantile,0.75,39,Idaho,Ensemble
2025-11-22,16,2,wk inc flu hosp,2025-12-06,quantile,0.8,42,Idaho,Ensemble
2025-11-22,16,2,wk inc flu hosp,2025-12-06,quantile,0.85,47,Idaho,Ensemble
2025-11-22,16,2,wk inc flu hosp,2025-12-06,quantile,0.9,54,Idaho,Ensemble
2025-11-22,16,2,wk inc flu hosp,2025-12-06,quantile,0.95,64,Idaho,Ensemble
2025-11-22,16,2,wk inc flu hosp,2025-12-06,quantile,0.975,76,Idaho,Ensemble
2025-11-22,16,2,wk inc flu hosp,2025-12-06,quantile,0.99,90,Idaho,Ensemble
2025-11-22,16,3,wk inc flu hosp,2025-12-13,quantile,0.01,11,Idaho,Ensemble
2025-11-22,16,3,wk inc flu hosp,2025-12-13,quantile,0.025,13,Idaho,Ensemble
2025-11-22,16,3,wk inc flu hosp,2025-12-13,quantile,0.05,14,Idaho,Ensemble
2025-11-22,16,3,wk inc flu hosp,2025-12-13,quantile,0.1,17,Idaho,Ensemble
2025-11-22,16,3,wk inc flu hosp,2025-12-13,quantile,0.15,19,Idaho,Ensemble
2025-11-22,16,3,wk inc flu hosp,2025-12-13,quantile,0.2,22,Idaho,Ensemble
2025-11-22,16,3,wk inc flu hosp,2025-12-13,quantile,0.25,24,Idaho,Ensemble
2025-11-22,16,3,wk inc flu hosp,2025-12-13,quantile,0.3,26,Idaho,Ensemble
2025-11-22,16,3,wk inc flu hosp,2025-12-13,quantile,0.35,28,Idaho,Ensemble
2025-11-22,16,3,wk inc flu hosp,2025-12-13,quantile,0.4,30,Idaho,Ensemble
2025-11-22,16,3,wk inc flu hosp,2025-12-13,quantile,0.45,32,Idaho,Ensemble
2025-11-22,16,3,wk inc flu hosp,2025-12-13,quantile,0.5,35,Idaho,Ensemble
2025-11-22,16,3,wk inc flu hosp,2025-12-13,quantile,0.55,38,Idaho,Ensemble
2025-11-22,16,3,wk inc flu hosp,2025-12-13,quantile,0.6,40,Idaho,Ensemble
2025-11-22,16,3,wk inc flu hosp,2025-12-13,quantile,0.65,43,Idaho,Ensemble
2025-11-22,16,3,wk inc flu hosp,2025-12-13,quantile,0.7,47,Idaho,Ensemble
2025-11-22,16,3,wk inc flu hosp,2025-12-13,quantile,0.75,52,Idaho,Ensemble
2025-11-22,16,3,wk inc flu hosp,2025-12-13,quantile,0.8,58,Idaho,Ensemble
2025-11-22,16,3,wk inc flu hosp,2025-12-13,quantile,0.85,65,Idaho,Ensemble
2025-11-22,16,3,wk inc flu hosp,2025-12-13,quantile,0.9,75,Idaho,Ensemble
2025-11-22,16,3,wk inc flu hosp,2025-12-13,quantile,0.95,91,Idaho,Ensemble
2025-11-22,16,3,wk inc flu hosp,2025-12-13,quantile,0.975,108,Idaho,Ensemble
2025-11-22,16,3,wk inc flu hosp,2025-12-13,quantile,0.99,127,Idaho,Ensemble
2025-11-22,17,0,wk inc flu hosp,2025-11-22,quantile,0.01,21,Illinois,Ensemble
2025-11-22,17,0,wk inc flu hosp,2025-11-22,quantile,0.025,25,Illinois,Ensemble
2025-11-22,17,0,wk inc flu hosp,2025-11-22,quantile,0.05,28,Illinois,Ensemble
2025-11-22,17,0,wk inc flu hosp,2025-11-22,quantile,0.1,32,Illinois,Ensemble
2025-11-22,17,0,wk inc flu hosp,2025-11-22,quantile,0.15,35,Illinois,Ensemble
2025-11-22,17,0,wk inc flu hosp,2025-11-22,quantile,0.2,38,Illinois,Ensemble
2025-11-22,17,0,wk inc flu hosp,2025-11-22,quantile,0.25,41,Illinois,Ensemble
2025-11-22,17,0,wk inc flu hosp,2025-11-22,quantile,0.3,43,Illinois,Ensemble
2025-11-22,17,0,wk inc flu hosp,2025-11-22,quantile,0.35,45,Illinois,Ensemble
2025-11-22,17,0,wk inc flu hosp,2025-11-22,quantile,0.4,47,Illinois,Ensemble
2025-11-22,17,0,wk inc flu hosp,2025-11-22,quantile,0.45,50,Illinois,Ensemble
2025-11-22,17,0,wk inc flu hosp,2025-11-22,quantile,0.5,54,Illinois,Ensemble
2025-11-22,17,0,wk inc flu hosp,2025-11-22,quantile,0.55,56,Illinois,Ensemble
2025-11-22,17,0,wk inc flu hosp,2025-11-22,quantile,0.6,58,Illinois,Ensemble
2025-11-22,17,0,wk inc flu hosp,2025-11-22,quantile,0.65,60,Illinois,Ensemble
2025-11-22,17,0,wk inc flu hosp,2025-11-22,quantile,0.7,63,Illinois,Ensemble
2025-11-22,17,0,wk inc flu hosp,2025-11-22,quantile,0.75,65,Illinois,Ensemble
2025-11-22,17,0,wk inc flu hosp,2025-11-22,quantile,0.8,69,Illinois,Ensemble
2025-11-22,17,0,wk inc flu hosp,2025-11-22,quantile,0.85,73,Illinois,Ensemble
2025-11-22,17,0,wk inc flu hosp,2025-11-22,quantile,0.9,79,Illinois,Ensemble
2025-11-22,17,0,wk inc flu hosp,2025-11-22,quantile,0.95,88,Illinois,Ensemble
2025-11-22,17,0,wk inc flu hosp,2025-11-22,quantile,0.975,100,Illinois,Ensemble
2025-11-22,17,0,wk inc flu hosp,2025-11-22,quantile,0.99,116,Illinois,Ensemble
2025-11-22,17,1,wk inc flu hosp,2025-11-29,quantile,0.01,20,Illinois,Ensemble
2025-11-22,17,1,wk inc flu hosp,2025-11-29,quantile,0.025,24,Illinois,Ensemble
2025-11-22,17,1,wk inc flu hosp,2025-11-29,quantile,0.05,28,Illinois,Ensemble
2025-11-22,17,1,wk inc flu hosp,2025-11-29,quantile,0.1,34,Illinois,Ensemble
2025-11-22,17,1,wk inc flu hosp,2025-11-29,quantile,0.15,39,Illinois,Ensemble
2025-11-22,17,1,wk inc flu hosp,2025-11-29,quantile,0.2,43,Illinois,Ensemble
2025-11-22,17,1,wk inc flu hosp,2025-11-29,quantile,0.25,47,Illinois,Ensemble
2025-11-22,17,1,wk inc flu hosp,2025-11-29,quantile,0.3,51,Illinois,Ensemble
2025-11-22,17,1,wk inc flu hosp,2025-11-29,quantile,0.35,56,Illinois,Ensemble
2025-11-22,17,1,wk inc flu hosp,2025-11-29,quantile,0.4,60,Illinois,Ensemble
2025-11-22,17,1,wk inc flu hosp,2025-11-29,quantile,0.45,64,Illinois,Ensemble
2025-11-22,17,1,wk inc flu hosp,2025-11-29,quantile,0.5,69,Illinois,Ensemble
2025-11-22,17,1,wk inc flu hosp,2025-11-29,quantile,0.55,73,Illinois,Ensemble
2025-11-22,17,1,wk inc flu hosp,2025-11-29,quantile,0.6,76,Illinois,Ensemble
2025-11-22,17,1,wk inc flu hosp,2025-11-29,quantile,0.65,80,Illinois,Ensemble
2025-11-22,17,1,wk inc flu hosp,2025-11-29,quantile,0.7,85,Illinois,Ensemble
2025-11-22,17,1,wk inc flu hosp,2025-11-29,quantile,0.75,90,Illinois,Ensemble
2025-11-22,17,1,wk inc flu hosp,2025-11-29,quantile,0.8,96,Illinois,Ensemble
2025-11-22,17,1,wk inc flu hosp,2025-11-29,quantile,0.85,103,Illinois,Ensemble
2025-11-22,17,1,wk inc flu hosp,2025-11-29,quantile,0.9,115,Illinois,Ensemble
2025-11-22,17,1,wk inc flu hosp,2025-11-29,quantile,0.95,138,Illinois,Ensemble
2025-11-22,17,1,wk inc flu hosp,2025-11-29,quantile,0.975,162,Illinois,Ensemble
2025-11-22,17,1,wk inc flu hosp,2025-11-29,quantile,0.99,192,Illinois,Ensemble
2025-11-22,17,2,wk inc flu hosp,2025-12-06,quantile,0.01,24,Illinois,Ensemble
2025-11-22,17,2,wk inc flu hosp,2025-12-06,quantile,0.025,28,Illinois,Ensemble
2025-11-22,17,2,wk inc flu hosp,2025-12-06,quantile,0.05,32,Illinois,Ensemble
2025-11-22,17,2,wk inc flu hosp,2025-12-06,quantile,0.1,40,Illinois,Ensemble
2025-11-22,17,2,wk inc flu hosp,2025-12-06,quantile,0.15,46,Illinois,Ensemble
2025-11-22,17,2,wk inc flu hosp,2025-12-06,quantile,0.2,52,Illinois,Ensemble
2025-11-22,17,2,wk inc flu hosp,2025-12-06,quantile,0.25,59,Illinois,Ensemble
2025-11-22,17,2,wk inc flu hosp,2025-12-06,quantile,0.3,65,Illinois,Ensemble
2025-11-22,17,2,wk inc flu hosp,2025-12-06,quantile,0.35,72,Illinois,Ensemble
2025-11-22,17,2,wk inc flu hosp,2025-12-06,quantile,0.4,77,Illinois,Ensemble
2025-11-22,17,2,wk inc flu hosp,2025-12-06,quantile,0.45,84,Illinois,Ensemble
2025-11-22,17,2,wk inc flu hosp,2025-12-06,quantile,0.5,92,Illinois,Ensemble
2025-11-22,17,2,wk inc flu hosp,2025-12-06,quantile,0.55,97,Illinois,Ensemble
2025-11-22,17,2,wk inc flu hosp,2025-12-06,quantile,0.6,104,Illinois,Ensemble
2025-11-22,17,2,wk inc flu hosp,2025-12-06,quantile,0.65,110,Illinois,Ensemble
2025-11-22,17,2,wk inc flu hosp,2025-12-06,quantile,0.7,117,Illinois,Ensemble
2025-11-22,17,2,wk inc flu hosp,2025-12-06,quantile,0.75,126,Illinois,Ensemble
2025-11-22,17,2,wk inc flu hosp,2025-12-06,quantile,0.8,138,Illinois,Ensemble
2025-11-22,17,2,wk inc flu hosp,2025-12-06,quantile,0.85,153,Illinois,Ensemble
2025-11-22,17,2,wk inc flu hosp,2025-12-06,quantile,0.9,178,Illinois,Ensemble
2025-11-22,17,2,wk inc flu hosp,2025-12-06,quantile,0.95,222,Illinois,Ensemble
2025-11-22,17,2,wk inc flu hosp,2025-12-06,quantile,0.975,270,Illinois,Ensemble
2025-11-22,17,2,wk inc flu hosp,2025-12-06,quantile,0.99,317,Illinois,Ensemble
2025-11-22,17,3,wk inc flu hosp,2025-12-13,quantile,0.01,31,Illinois,Ensemble
2025-11-22,17,3,wk inc flu hosp,2025-12-13,quantile,0.025,36,Illinois,Ensemble
2025-11-22,17,3,wk inc flu hosp,2025-12-13,quantile,0.05,42,Illinois,Ensemble
2025-11-22,17,3,wk inc flu hosp,2025-12-13,quantile,0.1,51,Illinois,Ensemble
2025-11-22,17,3,wk inc flu hosp,2025-12-13,quantile,0.15,59,Illinois,Ensemble
2025-11-22,17,3,wk inc flu hosp,2025-12-13,quantile,0.2,66,Illinois,Ensemble
2025-11-22,17,3,wk inc flu hosp,2025-12-13,quantile,0.25,74,Illinois,Ensemble
2025-11-22,17,3,wk inc flu hosp,2025-12-13,quantile,0.3,84,Illinois,Ensemble
2025-11-22,17,3,wk inc flu hosp,2025-12-13,quantile,0.35,94,Illinois,Ensemble
2025-11-22,17,3,wk inc flu hosp,2025-12-13,quantile,0.4,101,Illinois,Ensemble
2025-11-22,17,3,wk inc flu hosp,2025-12-13,quantile,0.45,111,Illinois,Ensemble
2025-11-22,17,3,wk inc flu hosp,2025-12-13,quantile,0.5,122,Illinois,Ensemble
2025-11-22,17,3,wk inc flu hosp,2025-12-13,quantile,0.55,131,Illinois,Ensemble
2025-11-22,17,3,wk inc flu hosp,2025-12-13,quantile,0.6,142,Illinois,Ensemble
2025-11-22,17,3,wk inc flu hosp,2025-12-13,quantile,0.65,153,Illinois,Ensemble
2025-11-22,17,3,wk inc flu hosp,2025-12-13,quantile,0.7,164,Illinois,Ensemble
2025-11-22,17,3,wk inc flu hosp,2025-12-13,quantile,0.75,179,Illinois,Ensemble
2025-11-22,17,3,wk inc flu hosp,2025-12-13,quantile,0.8,196,Illinois,Ensemble
2025-11-22,17,3,wk inc flu hosp,2025-12-13,quantile,0.85,221,Illinois,Ensemble
2025-11-22,17,3,wk inc flu hosp,2025-12-13,quantile,0.9,262,Illinois,Ensemble
2025-11-22,17,3,wk inc flu hosp,2025-12-13,quantile,0.95,338,Illinois,Ensemble
2025-11-22,17,3,wk inc flu hosp,2025-12-13,quantile,0.975,410,Illinois,Ensemble
2025-11-22,17,3,wk inc flu hosp,2025-12-13,quantile,0.99,487,Illinois,Ensemble
2025-11-22,18,0,wk inc flu hosp,2025-11-22,quantile,0.01,19,Indiana,Ensemble
2025-11-22,18,0,wk inc flu hosp,2025-11-22,quantile,0.025,21,Indiana,Ensemble
2025-11-22,18,0,wk inc flu hosp,2025-11-22,quantile,0.05,23,Indiana,Ensemble
2025-11-22,18,0,wk inc flu hosp,2025-11-22,quantile,0.1,28,Indiana,Ensemble
2025-11-22,18,0,wk inc flu hosp,2025-11-22,quantile,0.15,31,Indiana,Ensemble
2025-11-22,18,0,wk inc flu hosp,2025-11-22,quantile,0.2,34,Indiana,Ensemble
2025-11-22,18,0,wk inc flu hosp,2025-11-22,quantile,0.25,36,Indiana,Ensemble
2025-11-22,18,0,wk inc flu hosp,2025-11-22,quantile,0.3,38,Indiana,Ensemble
2025-11-22,18,0,wk inc flu hosp,2025-11-22,quantile,0.35,40,Indiana,Ensemble
2025-11-22,18,0,wk inc flu hosp,2025-11-22,quantile,0.4,42,Indiana,Ensemble
2025-11-22,18,0,wk inc flu hosp,2025-11-22,quantile,0.45,44,Indiana,Ensemble
2025-11-22,18,0,wk inc flu hosp,2025-11-22,quantile,0.5,47,Indiana,Ensemble
2025-11-22,18,0,wk inc flu hosp,2025-11-22,quantile,0.55,49,Indiana,Ensemble
2025-11-22,18,0,wk inc flu hosp,2025-11-22,quantile,0.6,51,Indiana,Ensemble
2025-11-22,18,0,wk inc flu hosp,2025-11-22,quantile,0.65,53,Indiana,Ensemble
2025-11-22,18,0,wk inc flu hosp,2025-11-22,quantile,0.7,55,Indiana,Ensemble
2025-11-22,18,0,wk inc flu hosp,2025-11-22,quantile,0.75,58,Indiana,Ensemble
2025-11-22,18,0,wk inc flu hosp,2025-11-22,quantile,0.8,61,Indiana,Ensemble
2025-11-22,18,0,wk inc flu hosp,2025-11-22,quantile,0.85,64,Indiana,Ensemble
2025-11-22,18,0,wk inc flu hosp,2025-11-22,quantile,0.9,70,Indiana,Ensemble
2025-11-22,18,0,wk inc flu hosp,2025-11-22,quantile,0.95,83,Indiana,Ensemble
2025-11-22,18,0,wk inc flu hosp,2025-11-22,quantile,0.975,98,Indiana,Ensemble
2025-11-22,18,0,wk inc flu hosp,2025-11-22,quantile,0.99,125,Indiana,Ensemble
2025-11-22,18,1,wk inc flu hosp,2025-11-29,quantile,0.01,19,Indiana,Ensemble
2025-11-22,18,1,wk inc flu hosp,2025-11-29,quantile,0.025,22,Indiana,Ensemble
2025-11-22,18,1,wk inc flu hosp,2025-11-29,quantile,0.05,25,Indiana,Ensemble
2025-11-22,18,1,wk inc flu hosp,2025-11-29,quantile,0.1,30,Indiana,Ensemble
2025-11-22,18,1,wk inc flu hosp,2025-11-29,quantile,0.15,35,Indiana,Ensemble
2025-11-22,18,1,wk inc flu hosp,2025-11-29,quantile,0.2,39,Indiana,Ensemble
2025-11-22,18,1,wk inc flu hosp,2025-11-29,quantile,0.25,43,Indiana,Ensemble
2025-11-22,18,1,wk inc flu hosp,2025-11-29,quantile,0.3,47,Indiana,Ensemble
2025-11-22,18,1,wk inc flu hosp,2025-11-29,quantile,0.35,50,Indiana,Ensemble
2025-11-22,18,1,wk inc flu hosp,2025-11-29,quantile,0.4,53,Indiana,Ensemble
2025-11-22,18,1,wk inc flu hosp,2025-11-29,quantile,0.45,56,Indiana,Ensemble
2025-11-22,18,1,wk inc flu hosp,2025-11-29,quantile,0.5,61,Indiana,Ensemble
2025-11-22,18,1,wk inc flu hosp,2025-11-29,quantile,0.55,64,Indiana,Ensemble
2025-11-22,18,1,wk inc flu hosp,2025-11-29,quantile,0.6,67,Indiana,Ensemble
2025-11-22,18,1,wk inc flu hosp,2025-11-29,quantile,0.65,71,Indiana,Ensemble
2025-11-22,18,1,wk inc flu hosp,2025-11-29,quantile,0.7,75,Indiana,Ensemble
2025-11-22,18,1,wk inc flu hosp,2025-11-29,quantile,0.75,80,Indiana,Ensemble
2025-11-22,18,1,wk inc flu hosp,2025-11-29,quantile,0.8,85,Indiana,Ensemble
2025-11-22,18,1,wk inc flu hosp,2025-11-29,quantile,0.85,93,Indiana,Ensemble
2025-11-22,18,1,wk inc flu hosp,2025-11-29,quantile,0.9,104,Indiana,Ensemble
2025-11-22,18,1,wk inc flu hosp,2025-11-29,quantile,0.95,130,Indiana,Ensemble
2025-11-22,18,1,wk inc flu hosp,2025-11-29,quantile,0.975,157,Indiana,Ensemble
2025-11-22,18,1,wk inc flu hosp,2025-11-29,quantile,0.99,191,Indiana,Ensemble
2025-11-22,18,2,wk inc flu hosp,2025-12-06,quantile,0.01,23,Indiana,Ensemble
2025-11-22,18,2,wk inc flu hosp,2025-12-06,quantile,0.025,26,Indiana,Ensemble
2025-11-22,18,2,wk inc flu hosp,2025-12-06,quantile,0.05,30,Indiana,Ensemble
2025-11-22,18,2,wk inc flu hosp,2025-12-06,quantile,0.1,36,Indiana,Ensemble
2025-11-22,18,2,wk inc flu hosp,2025-12-06,quantile,0.15,44,Indiana,Ensemble
2025-11-22,18,2,wk inc flu hosp,2025-12-06,quantile,0.2,49,Indiana,Ensemble
2025-11-22,18,2,wk inc flu hosp,2025-12-06,quantile,0.25,55,Indiana,Ensemble
2025-11-22,18,2,wk inc flu hosp,2025-12-06,quantile,0.3,61,Indiana,Ensemble
2025-11-22,18,2,wk inc flu hosp,2025-12-06,quantile,0.35,66,Indiana,Ensemble
2025-11-22,18,2,wk inc flu hosp,2025-12-06,quantile,0.4,71,Indiana,Ensemble
2025-11-22,18,2,wk inc flu hosp,2025-12-06,quantile,0.45,76,Indiana,Ensemble
2025-11-22,18,2,wk inc flu hosp,2025-12-06,quantile,0.5,82,Indiana,Ensemble
2025-11-22,18,2,wk inc flu hosp,2025-12-06,quantile,0.55,88,Indiana,Ensemble
2025-11-22,18,2,wk inc flu hosp,2025-12-06,quantile,0.6,93,Indiana,Ensemble
2025-11-22,18,2,wk inc flu hosp,2025-12-06,quantile,0.65,100,Indiana,Ensemble
2025-11-22,18,2,wk inc flu hosp,2025-12-06,quantile,0.7,107,Indiana,Ensemble
2025-11-22,18,2,wk inc flu hosp,2025-12-06,quantile,0.75,115,Indiana,Ensemble
2025-11-22,18,2,wk inc flu hosp,2025-12-06,quantile,0.8,126,Indiana,Ensemble
2025-11-22,18,2,wk inc flu hosp,2025-12-06,quantile,0.85,140,Indiana,Ensemble
2025-11-22,18,2,wk inc flu hosp,2025-12-06,quantile,0.9,161,Indiana,Ensemble
2025-11-22,18,2,wk inc flu hosp,2025-12-06,quantile,0.95,208,Indiana,Ensemble
2025-11-22,18,2,wk inc flu hosp,2025-12-06,quantile,0.975,251,Indiana,Ensemble
2025-11-22,18,2,wk inc flu hosp,2025-12-06,quantile,0.99,301,Indiana,Ensemble
2025-11-22,18,3,wk inc flu hosp,2025-12-13,quantile,0.01,28,Indiana,Ensemble
2025-11-22,18,3,wk inc flu hosp,2025-12-13,quantile,0.025,33,Indiana,Ensemble
2025-11-22,18,3,wk inc flu hosp,2025-12-13,quantile,0.05,37,Indiana,Ensemble
2025-11-22,18,3,wk inc flu hosp,2025-12-13,quantile,0.1,46,Indiana,Ensemble
2025-11-22,18,3,wk inc flu hosp,2025-12-13,quantile,0.15,53,Indiana,Ensemble
2025-11-22,18,3,wk inc flu hosp,2025-12-13,quantile,0.2,60,Indiana,Ensemble
2025-11-22,18,3,wk inc flu hosp,2025-12-13,quantile,0.25,68,Indiana,Ensemble
2025-11-22,18,3,wk inc flu hosp,2025-12-13,quantile,0.3,75,Indiana,Ensemble
2025-11-22,18,3,wk inc flu hosp,2025-12-13,quantile,0.35,83,Indiana,Ensemble
2025-11-22,18,3,wk inc flu hosp,2025-12-13,quantile,0.4,91,Indiana,Ensemble
2025-11-22,18,3,wk inc flu hosp,2025-12-13,quantile,0.45,99,Indiana,Ensemble
2025-11-22,18,3,wk inc flu hosp,2025-12-13,quantile,0.5,108,Indiana,Ensemble
2025-11-22,18,3,wk inc flu hosp,2025-12-13,quantile,0.55,116,Indiana,Ensemble
2025-11-22,18,3,wk inc flu hosp,2025-12-13,quantile,0.6,124,Indiana,Ensemble
2025-11-22,18,3,wk inc flu hosp,2025-12-13,quantile,0.65,135,Indiana,Ensemble
2025-11-22,18,3,wk inc flu hosp,2025-12-13,quantile,0.7,145,Indiana,Ensemble
2025-11-22,18,3,wk inc flu hosp,2025-12-13,quantile,0.75,157,Indiana,Ensemble
2025-11-22,18,3,wk inc flu hosp,2025-12-13,quantile,0.8,176,Indiana,Ensemble
2025-11-22,18,3,wk inc flu hosp,2025-12-13,quantile,0.85,195,Indiana,Ensemble
2025-11-22,18,3,wk inc flu hosp,2025-12-13,quantile,0.9,232,Indiana,Ensemble
2025-11-22,18,3,wk inc flu hosp,2025-12-13,quantile,0.95,305,Indiana,Ensemble
2025-11-22,18,3,wk inc flu hosp,2025-12-13,quantile,0.975,375,Indiana,Ensemble
2025-11-22,18,3,wk inc flu hosp,2025-12-13,quantile,0.99,451,Indiana,Ensemble
2025-11-22,19,0,wk inc flu hosp,2025-11-22,quantile,0.01,2,Iowa,Ensemble
2025-11-22,19,0,wk inc flu hosp,2025-11-22,quantile,0.025,3,Iowa,Ensemble
2025-11-22,19,0,wk inc flu hosp,2025-11-22,quantile,0.05,3,Iowa,Ensemble
2025-11-22,19,0,wk inc flu hosp,2025-11-22,quantile,0.1,4,Iowa,Ensemble
2025-11-22,19,0,wk inc flu hosp,2025-11-22,quantile,0.15,5,Iowa,Ensemble
2025-11-22,19,0,wk inc flu hosp,2025-11-22,quantile,0.2,6,Iowa,Ensemble
2025-11-22,19,0,wk inc flu hosp,2025-11-22,quantile,0.25,6,Iowa,Ensemble
2025-11-22,19,0,wk inc flu hosp,2025-11-22,quantile,0.3,7,Iowa,Ensemble
2025-11-22,19,0,wk inc flu hosp,2025-11-22,quantile,0.35,8,Iowa,Ensemble
2025-11-22,19,0,wk inc flu hosp,2025-11-22,quantile,0.4,8,Iowa,Ensemble
2025-11-22,19,0,wk inc flu hosp,2025-11-22,quantile,0.45,9,Iowa,Ensemble
2025-11-22,19,0,wk inc flu hosp,2025-11-22,quantile,0.5,10,Iowa,Ensemble
2025-11-22,19,0,wk inc flu hosp,2025-11-22,quantile,0.55,11,Iowa,Ensemble
2025-11-22,19,0,wk inc flu hosp,2025-11-22,quantile,0.6,12,Iowa,Ensemble
2025-11-22,19,0,wk inc flu hosp,2025-11-22,quantile,0.65,13,Iowa,Ensemble
2025-11-22,19,0,wk inc flu hosp,2025-11-22,quantile,0.7,13,Iowa,Ensemble
2025-11-22,19,0,wk inc flu hosp,2025-11-22,quantile,0.75,14,Iowa,Ensemble
2025-11-22,19,0,wk inc flu hosp,2025-11-22,quantile,0.8,16,Iowa,Ensemble
2025-11-22,19,0,wk inc flu hosp,2025-11-22,quantile,0.85,17,Iowa,Ensemble
2025-11-22,19,0,wk inc flu hosp,2025-11-22,quantile,0.9,19,Iowa,Ensemble
2025-11-22,19,0,wk inc flu hosp,2025-11-22,quantile,0.95,22,Iowa,Ensemble
2025-11-22,19,0,wk inc flu hosp,2025-11-22,quantile,0.975,26,Iowa,Ensemble
2025-11-22,19,0,wk inc flu hosp,2025-11-22,quantile,0.99,29,Iowa,Ensemble
2025-11-22,19,1,wk inc flu hosp,2025-11-29,quantile,0.01,3,Iowa,Ensemble
2025-11-22,19,1,wk inc flu hosp,2025-11-29,quantile,0.025,4,Iowa,Ensemble
2025-11-22,19,1,wk inc flu hosp,2025-11-29,quantile,0.05,5,Iowa,Ensemble
2025-11-22,19,1,wk inc flu hosp,2025-11-29,quantile,0.1,6,Iowa,Ensemble
2025-11-22,19,1,wk inc flu hosp,2025-11-29,quantile,0.15,7,Iowa,Ensemble
2025-11-22,19,1,wk inc flu hosp,2025-11-29,quantile,0.2,8,Iowa,Ensemble
2025-11-22,19,1,wk inc flu hosp,2025-11-29,quantile,0.25,9,Iowa,Ensemble
2025-11-22,19,1,wk inc flu hosp,2025-11-29,quantile,0.3,10,Iowa,Ensemble
2025-11-22,19,1,wk inc flu hosp,2025-11-29,quantile,0.35,11,Iowa,Ensemble
2025-11-22,19,1,wk inc flu hosp,2025-11-29,quantile,0.4,12,Iowa,Ensemble
2025-11-22,19,1,wk inc flu hosp,2025-11-29,quantile,0.45,13,Iowa,Ensemble
2025-11-22,19,1,wk inc flu hosp,2025-11-29,quantile,0.5,15,Iowa,Ensemble
2025-11-22,19,1,wk inc flu hosp,2025-11-29,quantile,0.55,17,Iowa,Ensemble
2025-11-22,19,1,wk inc flu hosp,2025-11-29,quantile,0.6,18,Iowa,Ensemble
2025-11-22,19,1,wk inc flu hosp,2025-11-29,quantile,0.65,19,Iowa,Ensemble
2025-11-22,19,1,wk inc flu hosp,2025-11-29,quantile,0.7,21,Iowa,Ensemble
2025-11-22,19,1,wk inc flu hosp,2025-11-29,quantile,0.75,23,Iowa,Ensemble
2025-11-22,19,1,wk inc flu hosp,2025-11-29,quantile,0.8,26,Iowa,Ensemble
2025-11-22,19,1,wk inc flu hosp,2025-11-29,quantile,0.85,29,Iowa,Ensemble
2025-11-22,19,1,wk inc flu hosp,2025-11-29,quantile,0.9,33,Iowa,Ensemble
2025-11-22,19,1,wk inc flu hosp,2025-11-29,quantile,0.95,41,Iowa,Ensemble
2025-11-22,19,1,wk inc flu hosp,2025-11-29,quantile,0.975,50,Iowa,Ensemble
2025-11-22,19,1,wk inc flu hosp,2025-11-29,quantile,0.99,57,Iowa,Ensemble
2025-11-22,19,2,wk inc flu hosp,2025-12-06,quantile,0.01,3,Iowa,Ensemble
2025-11-22,19,2,wk inc flu hosp,2025-12-06,quantile,0.025,4,Iowa,Ensemble
2025-11-22,19,2,wk inc flu hosp,2025-12-06,quantile,0.05,6,Iowa,Ensemble
2025-11-22,19,2,wk inc flu hosp,2025-12-06,quantile,0.1,8,Iowa,Ensemble
2025-11-22,19,2,wk inc flu hosp,2025-12-06,quantile,0.15,10,Iowa,Ensemble
2025-11-22,19,2,wk inc flu hosp,2025-12-06,quantile,0.2,12,Iowa,Ensemble
2025-11-22,19,2,wk inc flu hosp,2025-12-06,quantile,0.25,13,Iowa,Ensemble
2025-11-22,19,2,wk inc flu hosp,2025-12-06,quantile,0.3,14,Iowa,Ensemble
2025-11-22,19,2,wk inc flu hosp,2025-12-06,quantile,0.35,16,Iowa,Ensemble
2025-11-22,19,2,wk inc flu hosp,2025-12-06,quantile,0.4,17,Iowa,Ensemble
2025-11-22,19,2,wk inc flu hosp,2025-12-06,quantile,0.45,19,Iowa,Ensemble
2025-11-22,19,2,wk inc flu hosp,2025-12-06,quantile,0.5,22,Iowa,Ensemble
2025-11-22,19,2,wk inc flu hosp,2025-12-06,quantile,0.55,24,Iowa,Ensemble
2025-11-22,19,2,wk inc flu hosp,2025-12-06,quantile,0.6,26,Iowa,Ensemble
2025-11-22,19,2,wk inc flu hosp,2025-12-06,quantile,0.65,28,Iowa,Ensemble
2025-11-22,19,2,wk inc flu hosp,2025-12-06,quantile,0.7,31,Iowa,Ensemble
2025-11-22,19,2,wk inc flu hosp,2025-12-06,quantile,0.75,36,Iowa,Ensemble
2025-11-22,19,2,wk inc flu hosp,2025-12-06,quantile,0.8,42,Iowa,Ensemble
2025-11-22,19,2,wk inc flu hosp,2025-12-06,quantile,0.85,48,Iowa,Ensemble
2025-11-22,19,2,wk inc flu hosp,2025-12-06,quantile,0.9,56,Iowa,Ensemble
2025-11-22,19,2,wk inc flu hosp,2025-12-06,quantile,0.95,75,Iowa,Ensemble
2025-11-22,19,2,wk inc flu hosp,2025-12-06,quantile,0.975,102,Iowa,Ensemble
2025-11-22,19,2,wk inc flu hosp,2025-12-06,quantile,0.99,117,Iowa,Ensemble
2025-11-22,19,3,wk inc flu hosp,2025-12-13,quantile,0.01,4,Iowa,Ensemble
2025-11-22,19,3,wk inc flu hosp,2025-12-13,quantile,0.025,6,Iowa,Ensemble
2025-11-22,19,3,wk inc flu hosp,2025-12-13,quantile,0.05,8,Iowa,Ensemble
2025-11-22,19,3,wk inc flu hosp,2025-12-13,quantile,0.1,11,Iowa,Ensemble
2025-11-22,19,3,wk inc flu hosp,2025-12-13,quantile,0.15,14,Iowa,Ensemble
2025-11-22,19,3,wk inc flu hosp,2025-12-13,quantile,0.2,16,Iowa,Ensemble
2025-11-22,19,3,wk inc flu hosp,2025-12-13,quantile,0.25,18,Iowa,Ensemble
2025-11-22,19,3,wk inc flu hosp,2025-12-13,quantile,0.3,20,Iowa,Ensemble
2025-11-22,19,3,wk inc flu hosp,2025-12-13,quantile,0.35,22,Iowa,Ensemble
2025-11-22,19,3,wk inc flu hosp,2025-12-13,quantile,0.4,24,Iowa,Ensemble
2025-11-22,19,3,wk inc flu hosp,2025-12-13,quantile,0.45,26,Iowa,Ensemble
2025-11-22,19,3,wk inc flu hosp,2025-12-13,quantile,0.5,30,Iowa,Ensemble
2025-11-22,19,3,wk inc flu hosp,2025-12-13,quantile,0.55,33,Iowa,Ensemble
2025-11-22,19,3,wk inc flu hosp,2025-12-13,quantile,0.6,37,Iowa,Ensemble
2025-11-22,19,3,wk inc flu hosp,2025-12-13,quantile,0.65,41,Iowa,Ensemble
2025-11-22,19,3,wk inc flu hosp,2025-12-13,quantile,0.7,45,Iowa,Ensemble
2025-11-22,19,3,wk inc flu hosp,2025-12-13,quantile,0.75,52,Iowa,Ensemble
2025-11-22,19,3,wk inc flu hosp,2025-12-13,quantile,0.8,65,Iowa,Ensemble
2025-11-22,19,3,wk inc flu hosp,2025-12-13,quantile,0.85,74,Iowa,Ensemble
2025-11-22,19,3,wk inc flu hosp,2025-12-13,quantile,0.9,86,Iowa,Ensemble
2025-11-22,19,3,wk inc flu hosp,2025-12-13,quantile,0.95,118,Iowa,Ensemble
2025-11-22,19,3,wk inc flu hosp,2025-12-13,quantile,0.975,168,Iowa,Ensemble
2025-11-22,19,3,wk inc flu hosp,2025-12-13,quantile,0.99,193,Iowa,Ensemble
2025-11-22,20,0,wk inc flu hosp,2025-11-22,quantile,0.01,3,Kansas,Ensemble
2025-11-22,20,0,wk inc flu hosp,2025-11-22,quantile,0.025,3,Kansas,Ensemble
2025-11-22,20,0,wk inc flu hosp,2025-11-22,quantile,0.05,4,Kansas,Ensemble
2025-11-22,20,0,wk inc flu hosp,2025-11-22,quantile,0.1,5,Kansas,Ensemble
2025-11-22,20,0,wk inc flu hosp,2025-11-22,quantile,0.15,6,Kansas,Ensemble
2025-11-22,20,0,wk inc flu hosp,2025-11-22,quantile,0.2,7,Kansas,Ensemble
2025-11-22,20,0,wk inc flu hosp,2025-11-22,quantile,0.25,7,Kansas,Ensemble
2025-11-22,20,0,wk inc flu hosp,2025-11-22,quantile,0.3,8,Kansas,Ensemble
2025-11-22,20,0,wk inc flu hosp,2025-11-22,quantile,0.35,8,Kansas,Ensemble
2025-11-22,20,0,wk inc flu hosp,2025-11-22,quantile,0.4,9,Kansas,Ensemble
2025-11-22,20,0,wk inc flu hosp,2025-11-22,quantile,0.45,9,Kansas,Ensemble
2025-11-22,20,0,wk inc flu hosp,2025-11-22,quantile,0.5,11,Kansas,Ensemble
2025-11-22,20,0,wk inc flu hosp,2025-11-22,quantile,0.55,11,Kansas,Ensemble
2025-11-22,20,0,wk inc flu hosp,2025-11-22,quantile,0.6,12,Kansas,Ensemble
2025-11-22,20,0,wk inc flu hosp,2025-11-22,quantile,0.65,13,Kansas,Ensemble
2025-11-22,20,0,wk inc flu hosp,2025-11-22,quantile,0.7,14,Kansas,Ensemble
2025-11-22,20,0,wk inc flu hosp,2025-11-22,quantile,0.75,15,Kansas,Ensemble
2025-11-22,20,0,wk inc flu hosp,2025-11-22,quantile,0.8,16,Kansas,Ensemble
2025-11-22,20,0,wk inc flu hosp,2025-11-22,quantile,0.85,17,Kansas,Ensemble
2025-11-22,20,0,wk inc flu hosp,2025-11-22,quantile,0.9,19,Kansas,Ensemble
2025-11-22,20,0,wk inc flu hosp,2025-11-22,quantile,0.95,22,Kansas,Ensemble
2025-11-22,20,0,wk inc flu hosp,2025-11-22,quantile,0.975,26,Kansas,Ensemble
2025-11-22,20,0,wk inc flu hosp,2025-11-22,quantile,0.99,34,Kansas,Ensemble
2025-11-22,20,1,wk inc flu hosp,2025-11-29,quantile,0.01,3,Kansas,Ensemble
2025-11-22,20,1,wk inc flu hosp,2025-11-29,quantile,0.025,4,Kansas,Ensemble
2025-11-22,20,1,wk inc flu hosp,2025-11-29,quantile,0.05,4,Kansas,Ensemble
2025-11-22,20,1,wk inc flu hosp,2025-11-29,quantile,0.1,5,Kansas,Ensemble
2025-11-22,20,1,wk inc flu hosp,2025-11-29,quantile,0.15,6,Kansas,Ensemble
2025-11-22,20,1,wk inc flu hosp,2025-11-29,quantile,0.2,7,Kansas,Ensemble
2025-11-22,20,1,wk inc flu hosp,2025-11-29,quantile,0.25,8,Kansas,Ensemble
2025-11-22,20,1,wk inc flu hosp,2025-11-29,quantile,0.3,9,Kansas,Ensemble
2025-11-22,20,1,wk inc flu hosp,2025-11-29,quantile,0.35,10,Kansas,Ensemble
2025-11-22,20,1,wk inc flu hosp,2025-11-29,quantile,0.4,11,Kansas,Ensemble
2025-11-22,20,1,wk inc flu hosp,2025-11-29,quantile,0.45,12,Kansas,Ensemble
2025-11-22,20,1,wk inc flu hosp,2025-11-29,quantile,0.5,14,Kansas,Ensemble
2025-11-22,20,1,wk inc flu hosp,2025-11-29,quantile,0.55,15,Kansas,Ensemble
2025-11-22,20,1,wk inc flu hosp,2025-11-29,quantile,0.6,16,Kansas,Ensemble
2025-11-22,20,1,wk inc flu hosp,2025-11-29,quantile,0.65,17,Kansas,Ensemble
2025-11-22,20,1,wk inc flu hosp,2025-11-29,quantile,0.7,19,Kansas,Ensemble
2025-11-22,20,1,wk inc flu hosp,2025-11-29,quantile,0.75,20,Kansas,Ensemble
2025-11-22,20,1,wk inc flu hosp,2025-11-29,quantile,0.8,22,Kansas,Ensemble
2025-11-22,20,1,wk inc flu hosp,2025-11-29,quantile,0.85,24,Kansas,Ensemble
2025-11-22,20,1,wk inc flu hosp,2025-11-29,quantile,0.9,28,Kansas,Ensemble
2025-11-22,20,1,wk inc flu hosp,2025-11-29,quantile,0.95,34,Kansas,Ensemble
2025-11-22,20,1,wk inc flu hosp,2025-11-29,quantile,0.975,43,Kansas,Ensemble
2025-11-22,20,1,wk inc flu hosp,2025-11-29,quantile,0.99,53,Kansas,Ensemble
2025-11-22,20,2,wk inc flu hosp,2025-12-06,quantile,0.01,3,Kansas,Ensemble
2025-11-22,20,2,wk inc flu hosp,2025-12-06,quantile,0.025,3,Kansas,Ensemble
2025-11-22,20,2,wk inc flu hosp,2025-12-06,quantile,0.05,4,Kansas,Ensemble
2025-11-22,20,2,wk inc flu hosp,2025-12-06,quantile,0.1,5,Kansas,Ensemble
2025-11-22,20,2,wk inc flu hosp,2025-12-06,quantile,0.15,6,Kansas,Ensemble
2025-11-22,20,2,wk inc flu hosp,2025-12-06,quantile,0.2,8,Kansas,Ensemble
2025-11-22,20,2,wk inc flu hosp,2025-12-06,quantile,0.25,10,Kansas,Ensemble
2025-11-22,20,2,wk inc flu hosp,2025-12-06,quantile,0.3,12,Kansas,Ensemble
2025-11-22,20,2,wk inc flu hosp,2025-12-06,quantile,0.35,13,Kansas,Ensemble
2025-11-22,20,2,wk inc flu hosp,2025-12-06,quantile,0.4,15,Kansas,Ensemble
2025-11-22,20,2,wk inc flu hosp,2025-12-06,quantile,0.45,16,Kansas,Ensemble
2025-11-22,20,2,wk inc flu hosp,2025-12-06,quantile,0.5,19,Kansas,Ensemble
2025-11-22,20,2,wk inc flu hosp,2025-12-06,quantile,0.55,20,Kansas,Ensemble
2025-11-22,20,2,wk inc flu hosp,2025-12-06,quantile,0.6,22,Kansas,Ensemble
2025-11-22,20,2,wk inc flu hosp,2025-12-06,quantile,0.65,24,Kansas,Ensemble
2025-11-22,20,2,wk inc flu hosp,2025-12-06,quantile,0.7,26,Kansas,Ensemble
2025-11-22,20,2,wk inc flu hosp,2025-12-06,quantile,0.75,28,Kansas,Ensemble
2025-11-22,20,2,wk inc flu hosp,2025-12-06,quantile,0.8,31,Kansas,Ensemble
2025-11-22,20,2,wk inc flu hosp,2025-12-06,quantile,0.85,35,Kansas,Ensemble
2025-11-22,20,2,wk inc flu hosp,2025-12-06,quantile,0.9,41,Kansas,Ensemble
2025-11-22,20,2,wk inc flu hosp,2025-12-06,quantile,0.95,52,Kansas,Ensemble
2025-11-22,20,2,wk inc flu hosp,2025-12-06,quantile,0.975,67,Kansas,Ensemble
2025-11-22,20,2,wk inc flu hosp,2025-12-06,quantile,0.99,83,Kansas,Ensemble
2025-11-22,20,3,wk inc flu hosp,2025-12-13,quantile,0.01,3,Kansas,Ensemble
2025-11-22,20,3,wk inc flu hosp,2025-12-13,quantile,0.025,4,Kansas,Ensemble
2025-11-22,20,3,wk inc flu hosp,2025-12-13,quantile,0.05,5,Kansas,Ensemble
2025-11-22,20,3,wk inc flu hosp,2025-12-13,quantile,0.1,7,Kansas,Ensemble
2025-11-22,20,3,wk inc flu hosp,2025-12-13,quantile,0.15,8,Kansas,Ensemble
2025-11-22,20,3,wk inc flu hosp,2025-12-13,quantile,0.2,11,Kansas,Ensemble
2025-11-22,20,3,wk inc flu hosp,2025-12-13,quantile,0.25,13,Kansas,Ensemble
2025-11-22,20,3,wk inc flu hosp,2025-12-13,quantile,0.3,16,Kansas,Ensemble
2025-11-22,20,3,wk inc flu hosp,2025-12-13,quantile,0.35,18,Kansas,Ensemble
2025-11-22,20,3,wk inc flu hosp,2025-12-13,quantile,0.4,20,Kansas,Ensemble
2025-11-22,20,3,wk inc flu hosp,2025-12-13,quantile,0.45,22,Kansas,Ensemble
2025-11-22,20,3,wk inc flu hosp,2025-12-13,quantile,0.5,25,Kansas,Ensemble
2025-11-22,20,3,wk inc flu hosp,2025-12-13,quantile,0.55,27,Kansas,Ensemble
2025-11-22,20,3,wk inc flu hosp,2025-12-13,quantile,0.6,30,Kansas,Ensemble
2025-11-22,20,3,wk inc flu hosp,2025-12-13,quantile,0.65,32,Kansas,Ensemble
2025-11-22,20,3,wk inc flu hosp,2025-12-13,quantile,0.7,35,Kansas,Ensemble
2025-11-22,20,3,wk inc flu hosp,2025-12-13,quantile,0.75,39,Kansas,Ensemble
2025-11-22,20,3,wk inc flu hosp,2025-12-13,quantile,0.8,43,Kansas,Ensemble
2025-11-22,20,3,wk inc flu hosp,2025-12-13,quantile,0.85,49,Kansas,Ensemble
2025-11-22,20,3,wk inc flu hosp,2025-12-13,quantile,0.9,59,Kansas,Ensemble
2025-11-22,20,3,wk inc flu hosp,2025-12-13,quantile,0.95,78,Kansas,Ensemble
2025-11-22,20,3,wk inc flu hosp,2025-12-13,quantile,0.975,96,Kansas,Ensemble
2025-11-22,20,3,wk inc flu hosp,2025-12-13,quantile,0.99,122,Kansas,Ensemble
2025-11-22,21,0,wk inc flu hosp,2025-11-22,quantile,0.01,8,Kentucky,Ensemble
2025-11-22,21,0,wk inc flu hosp,2025-11-22,quantile,0.025,10,Kentucky,Ensemble
2025-11-22,21,0,wk inc flu hosp,2025-11-22,quantile,0.05,11,Kentucky,Ensemble
2025-11-22,21,0,wk inc flu hosp,2025-11-22,quantile,0.1,13,Kentucky,Ensemble
2025-11-22,21,0,wk inc flu hosp,2025-11-22,quantile,0.15,16,Kentucky,Ensemble
2025-11-22,21,0,wk inc flu hosp,2025-11-22,quantile,0.2,17,Kentucky,Ensemble
2025-11-22,21,0,wk inc flu hosp,2025-11-22,quantile,0.25,19,Kentucky,Ensemble
2025-11-22,21,0,wk inc flu hosp,2025-11-22,quantile,0.3,20,Kentucky,Ensemble
2025-11-22,21,0,wk inc flu hosp,2025-11-22,quantile,0.35,21,Kentucky,Ensemble
2025-11-22,21,0,wk inc flu hosp,2025-11-22,quantile,0.4,22,Kentucky,Ensemble
2025-11-22,21,0,wk inc flu hosp,2025-11-22,quantile,0.45,23,Kentucky,Ensemble
2025-11-22,21,0,wk inc flu hosp,2025-11-22,quantile,0.5,26,Kentucky,Ensemble
2025-11-22,21,0,wk inc flu hosp,2025-11-22,quantile,0.55,27,Kentucky,Ensemble
2025-11-22,21,0,wk inc flu hosp,2025-11-22,quantile,0.6,28,Kentucky,Ensemble
2025-11-22,21,0,wk inc flu hosp,2025-11-22,quantile,0.65,30,Kentucky,Ensemble
2025-11-22,21,0,wk inc flu hosp,2025-11-22,quantile,0.7,31,Kentucky,Ensemble
2025-11-22,21,0,wk inc flu hosp,2025-11-22,quantile,0.75,33,Kentucky,Ensemble
2025-11-22,21,0,wk inc flu hosp,2025-11-22,quantile,0.8,35,Kentucky,Ensemble
2025-11-22,21,0,wk inc flu hosp,2025-11-22,quantile,0.85,38,Kentucky,Ensemble
2025-11-22,21,0,wk inc flu hosp,2025-11-22,quantile,0.9,42,Kentucky,Ensemble
2025-11-22,21,0,wk inc flu hosp,2025-11-22,quantile,0.95,49,Kentucky,Ensemble
2025-11-22,21,0,wk inc flu hosp,2025-11-22,quantile,0.975,60,Kentucky,Ensemble
2025-11-22,21,0,wk inc flu hosp,2025-11-22,quantile,0.99,75,Kentucky,Ensemble
2025-11-22,21,1,wk inc flu hosp,2025-11-29,quantile,0.01,8,Kentucky,Ensemble
2025-11-22,21,1,wk inc flu hosp,2025-11-29,quantile,0.025,10,Kentucky,Ensemble
2025-11-22,21,1,wk inc flu hosp,2025-11-29,quantile,0.05,11,Kentucky,Ensemble
2025-11-22,21,1,wk inc flu hosp,2025-11-29,quantile,0.1,14,Kentucky,Ensemble
2025-11-22,21,1,wk inc flu hosp,2025-11-29,quantile,0.15,17,Kentucky,Ensemble
2025-11-22,21,1,wk inc flu hosp,2025-11-29,quantile,0.2,20,Kentucky,Ensemble
2025-11-22,21,1,wk inc flu hosp,2025-11-29,quantile,0.25,22,Kentucky,Ensemble
2025-11-22,21,1,wk inc flu hosp,2025-11-29,quantile,0.3,24,Kentucky,Ensemble
2025-11-22,21,1,wk inc flu hosp,2025-11-29,quantile,0.35,26,Kentucky,Ensemble
2025-11-22,21,1,wk inc flu hosp,2025-11-29,quantile,0.4,28,Kentucky,Ensemble
2025-11-22,21,1,wk inc flu hosp,2025-11-29,quantile,0.45,30,Kentucky,Ensemble
2025-11-22,21,1,wk inc flu hosp,2025-11-29,quantile,0.5,33,Kentucky,Ensemble
2025-11-22,21,1,wk inc flu hosp,2025-11-29,quantile,0.55,36,Kentucky,Ensemble
2025-11-22,21,1,wk inc flu hosp,2025-11-29,quantile,0.6,38,Kentucky,Ensemble
2025-11-22,21,1,wk inc flu hosp,2025-11-29,quantile,0.65,40,Kentucky,Ensemble
2025-11-22,21,1,wk inc flu hosp,2025-11-29,quantile,0.7,42,Kentucky,Ensemble
2025-11-22,21,1,wk inc flu hosp,2025-11-29,quantile,0.75,45,Kentucky,Ensemble
2025-11-22,21,1,wk inc flu hosp,2025-11-29,quantile,0.8,49,Kentucky,Ensemble
2025-11-22,21,1,wk inc flu hosp,2025-11-29,quantile,0.85,53,Kentucky,Ensemble
2025-11-22,21,1,wk inc flu hosp,2025-11-29,quantile,0.9,59,Kentucky,Ensemble
2025-11-22,21,1,wk inc flu hosp,2025-11-29,quantile,0.95,74,Kentucky,Ensemble
2025-11-22,21,1,wk inc flu hosp,2025-11-29,quantile,0.975,91,Kentucky,Ensemble
2025-11-22,21,1,wk inc flu hosp,2025-11-29,quantile,0.99,115,Kentucky,Ensemble
2025-11-22,21,2,wk inc flu hosp,2025-12-06,quantile,0.01,9,Kentucky,Ensemble
2025-11-22,21,2,wk inc flu hosp,2025-12-06,quantile,0.025,11,Kentucky,Ensemble
2025-11-22,21,2,wk inc flu hosp,2025-12-06,quantile,0.05,13,Kentucky,Ensemble
2025-11-22,21,2,wk inc flu hosp,2025-12-06,quantile,0.1,16,Kentucky,Ensemble
2025-11-22,21,2,wk inc flu hosp,2025-12-06,quantile,0.15,20,Kentucky,Ensemble
2025-11-22,21,2,wk inc flu hosp,2025-12-06,quantile,0.2,24,Kentucky,Ensemble
2025-11-22,21,2,wk inc flu hosp,2025-12-06,quantile,0.25,28,Kentucky,Ensemble
2025-11-22,21,2,wk inc flu hosp,2025-12-06,quantile,0.3,31,Kentucky,Ensemble
2025-11-22,21,2,wk inc flu hosp,2025-12-06,quantile,0.35,34,Kentucky,Ensemble
2025-11-22,21,2,wk inc flu hosp,2025-12-06,quantile,0.4,37,Kentucky,Ensemble
2025-11-22,21,2,wk inc flu hosp,2025-12-06,quantile,0.45,40,Kentucky,Ensemble
2025-11-22,21,2,wk inc flu hosp,2025-12-06,quantile,0.5,44,Kentucky,Ensemble
2025-11-22,21,2,wk inc flu hosp,2025-12-06,quantile,0.55,49,Kentucky,Ensemble
2025-11-22,21,2,wk inc flu hosp,2025-12-06,quantile,0.6,53,Kentucky,Ensemble
2025-11-22,21,2,wk inc flu hosp,2025-12-06,quantile,0.65,56,Kentucky,Ensemble
2025-11-22,21,2,wk inc flu hosp,2025-12-06,quantile,0.7,61,Kentucky,Ensemble
2025-11-22,21,2,wk inc flu hosp,2025-12-06,quantile,0.75,65,Kentucky,Ensemble
2025-11-22,21,2,wk inc flu hosp,2025-12-06,quantile,0.8,71,Kentucky,Ensemble
2025-11-22,21,2,wk inc flu hosp,2025-12-06,quantile,0.85,79,Kentucky,Ensemble
2025-11-22,21,2,wk inc flu hosp,2025-12-06,quantile,0.9,90,Kentucky,Ensemble
2025-11-22,21,2,wk inc flu hosp,2025-12-06,quantile,0.95,114,Kentucky,Ensemble
2025-11-22,21,2,wk inc flu hosp,2025-12-06,quantile,0.975,144,Kentucky,Ensemble
2025-11-22,21,2,wk inc flu hosp,2025-12-06,quantile,0.99,172,Kentucky,Ensemble
2025-11-22,21,3,wk inc flu hosp,2025-12-13,quantile,0.01,13,Kentucky,Ensemble
2025-11-22,21,3,wk inc flu hosp,2025-12-13,quantile,0.025,15,Kentucky,Ensemble
2025-11-22,21,3,wk inc flu hosp,2025-12-13,quantile,0.05,18,Kentucky,Ensemble
2025-11-22,21,3,wk inc flu hosp,2025-12-13,quantile,0.1,22,Kentucky,Ensemble
2025-11-22,21,3,wk inc flu hosp,2025-12-13,quantile,0.15,27,Kentucky,Ensemble
2025-11-22,21,3,wk inc flu hosp,2025-12-13,quantile,0.2,32,Kentucky,Ensemble
2025-11-22,21,3,wk inc flu hosp,2025-12-13,quantile,0.25,37,Kentucky,Ensemble
2025-11-22,21,3,wk inc flu hosp,2025-12-13,quantile,0.3,42,Kentucky,Ensemble
2025-11-22,21,3,wk inc flu hosp,2025-12-13,quantile,0.35,47,Kentucky,Ensemble
2025-11-22,21,3,wk inc flu hosp,2025-12-13,quantile,0.4,52,Kentucky,Ensemble
2025-11-22,21,3,wk inc flu hosp,2025-12-13,quantile,0.45,56,Kentucky,Ensemble
2025-11-22,21,3,wk inc flu hosp,2025-12-13,quantile,0.5,63,Kentucky,Ensemble
2025-11-22,21,3,wk inc flu hosp,2025-12-13,quantile,0.55,68,Kentucky,Ensemble
2025-11-22,21,3,wk inc flu hosp,2025-12-13,quantile,0.6,76,Kentucky,Ensemble
2025-11-22,21,3,wk inc flu hosp,2025-12-13,quantile,0.65,82,Kentucky,Ensemble
2025-11-22,21,3,wk inc flu hosp,2025-12-13,quantile,0.7,90,Kentucky,Ensemble
2025-11-22,21,3,wk inc flu hosp,2025-12-13,quantile,0.75,98,Kentucky,Ensemble
2025-11-22,21,3,wk inc flu hosp,2025-12-13,quantile,0.8,108,Kentucky,Ensemble
2025-11-22,21,3,wk inc flu hosp,2025-12-13,quantile,0.85,120,Kentucky,Ensemble
2025-11-22,21,3,wk inc flu hosp,2025-12-13,quantile,0.9,141,Kentucky,Ensemble
2025-11-22,21,3,wk inc flu hosp,2025-12-13,quantile,0.95,181,Kentucky,Ensemble
2025-11-22,21,3,wk inc flu hosp,2025-12-13,quantile,0.975,221,Kentucky,Ensemble
2025-11-22,21,3,wk inc flu hosp,2025-12-13,quantile,0.99,258,Kentucky,Ensemble
2025-11-22,22,0,wk inc flu hosp,2025-11-22,quantile,0.01,47,Louisiana,Ensemble
2025-11-22,22,0,wk inc flu hosp,2025-11-22,quantile,0.025,55,Louisiana,Ensemble
2025-11-22,22,0,wk inc flu hosp,2025-11-22,quantile,0.05,65,Louisiana,Ensemble
2025-11-22,22,0,wk inc flu hosp,2025-11-22,quantile,0.1,73,Louisiana,Ensemble
2025-11-22,22,0,wk inc flu hosp,2025-11-22,quantile,0.15,80,Louisiana,Ensemble
2025-11-22,22,0,wk inc flu hosp,2025-11-22,quantile,0.2,86,Louisiana,Ensemble
2025-11-22,22,0,wk inc flu hosp,2025-11-22,quantile,0.25,91,Louisiana,Ensemble
2025-11-22,22,0,wk inc flu hosp,2025-11-22,quantile,0.3,94,Louisiana,Ensemble
2025-11-22,22,0,wk inc flu hosp,2025-11-22,quantile,0.35,98,Louisiana,Ensemble
2025-11-22,22,0,wk inc flu hosp,2025-11-22,quantile,0.4,101,Louisiana,Ensemble
2025-11-22,22,0,wk inc flu hosp,2025-11-22,quantile,0.45,104,Louisiana,Ensemble
2025-11-22,22,0,wk inc flu hosp,2025-11-22,quantile,0.5,108,Louisiana,Ensemble
2025-11-22,22,0,wk inc flu hosp,2025-11-22,quantile,0.55,112,Louisiana,Ensemble
2025-11-22,22,0,wk inc flu hosp,2025-11-22,quantile,0.6,115,Louisiana,Ensemble
2025-11-22,22,0,wk inc flu hosp,2025-11-22,quantile,0.65,119,Louisiana,Ensemble
2025-11-22,22,0,wk inc flu hosp,2025-11-22,quantile,0.7,123,Louisiana,Ensemble
2025-11-22,22,0,wk inc flu hosp,2025-11-22,quantile,0.75,127,Louisiana,Ensemble
2025-11-22,22,0,wk inc flu hosp,2025-11-22,quantile,0.8,133,Louisiana,Ensemble
2025-11-22,22,0,wk inc flu hosp,2025-11-22,quantile,0.85,140,Louisiana,Ensemble
2025-11-22,22,0,wk inc flu hosp,2025-11-22,quantile,0.9,149,Louisiana,Ensemble
2025-11-22,22,0,wk inc flu hosp,2025-11-22,quantile,0.95,164,Louisiana,Ensemble
2025-11-22,22,0,wk inc flu hosp,2025-11-22,quantile,0.975,180,Louisiana,Ensemble
2025-11-22,22,0,wk inc flu hosp,2025-11-22,quantile,0.99,202,Louisiana,Ensemble
2025-11-22,22,1,wk inc flu hosp,2025-11-29,quantile,0.01,46,Louisiana,Ensemble
2025-11-22,22,1,wk inc flu hosp,2025-11-29,quantile,0.025,56,Louisiana,Ensemble
2025-11-22,22,1,wk inc flu hosp,2025-11-29,quantile,0.05,66,Louisiana,Ensemble
2025-11-22,22,1,wk inc flu hosp,2025-11-29,quantile,0.1,80,Louisiana,Ensemble
2025-11-22,22,1,wk inc flu hosp,2025-11-29,quantile,0.15,91,Louisiana,Ensemble
2025-11-22,22,1,wk inc flu hosp,2025-11-29,quantile,0.2,101,Louisiana,Ensemble
2025-11-22,22,1,wk inc flu hosp,2025-11-29,quantile,0.25,109,Louisiana,Ensemble
2025-11-22,22,1,wk inc flu hosp,2025-11-29,quantile,0.3,115,Louisiana,Ensemble
2025-11-22,22,1,wk inc flu hosp,2025-11-29,quantile,0.35,120,Louisiana,Ensemble
2025-11-22,22,1,wk inc flu hosp,2025-11-29,quantile,0.4,126,Louisiana,Ensemble
2025-11-22,22,1,wk inc flu hosp,2025-11-29,quantile,0.45,132,Louisiana,Ensemble
2025-11-22,22,1,wk inc flu hosp,2025-11-29,quantile,0.5,138,Louisiana,Ensemble
2025-11-22,22,1,wk inc flu hosp,2025-11-29,quantile,0.55,144,Louisiana,Ensemble
2025-11-22,22,1,wk inc flu hosp,2025-11-29,quantile,0.6,151,Louisiana,Ensemble
2025-11-22,22,1,wk inc flu hosp,2025-11-29,quantile,0.65,157,Louisiana,Ensemble
2025-11-22,22,1,wk inc flu hosp,2025-11-29,quantile,0.7,165,Louisiana,Ensemble
2025-11-22,22,1,wk inc flu hosp,2025-11-29,quantile,0.75,174,Louisiana,Ensemble
2025-11-22,22,1,wk inc flu hosp,2025-11-29,quantile,0.8,183,Louisiana,Ensemble
2025-11-22,22,1,wk inc flu hosp,2025-11-29,quantile,0.85,196,Louisiana,Ensemble
2025-11-22,22,1,wk inc flu hosp,2025-11-29,quantile,0.9,213,Louisiana,Ensemble
2025-11-22,22,1,wk inc flu hosp,2025-11-29,quantile,0.95,242,Louisiana,Ensemble
2025-11-22,22,1,wk inc flu hosp,2025-11-29,quantile,0.975,273,Louisiana,Ensemble
2025-11-22,22,1,wk inc flu hosp,2025-11-29,quantile,0.99,318,Louisiana,Ensemble
2025-11-22,22,2,wk inc flu hosp,2025-12-06,quantile,0.01,49,Louisiana,Ensemble
2025-11-22,22,2,wk inc flu hosp,2025-12-06,quantile,0.025,60,Louisiana,Ensemble
2025-11-22,22,2,wk inc flu hosp,2025-12-06,quantile,0.05,70,Louisiana,Ensemble
2025-11-22,22,2,wk inc flu hosp,2025-12-06,quantile,0.1,90,Louisiana,Ensemble
2025-11-22,22,2,wk inc flu hosp,2025-12-06,quantile,0.15,103,Louisiana,Ensemble
2025-11-22,22,2,wk inc flu hosp,2025-12-06,quantile,0.2,119,Louisiana,Ensemble
2025-11-22,22,2,wk inc flu hosp,2025-12-06,quantile,0.25,131,Louisiana,Ensemble
2025-11-22,22,2,wk inc flu hosp,2025-12-06,quantile,0.3,141,Louisiana,Ensemble
2025-11-22,22,2,wk inc flu hosp,2025-12-06,quantile,0.35,150,Louisiana,Ensemble
2025-11-22,22,2,wk inc flu hosp,2025-12-06,quantile,0.4,159,Louisiana,Ensemble
2025-11-22,22,2,wk inc flu hosp,2025-12-06,quantile,0.45,169,Louisiana,Ensemble
2025-11-22,22,2,wk inc flu hosp,2025-12-06,quantile,0.5,180,Louisiana,Ensemble
2025-11-22,22,2,wk inc flu hosp,2025-12-06,quantile,0.55,190,Louisiana,Ensemble
2025-11-22,22,2,wk inc flu hosp,2025-12-06,quantile,0.6,200,Louisiana,Ensemble
2025-11-22,22,2,wk inc flu hosp,2025-12-06,quantile,0.65,211,Louisiana,Ensemble
2025-11-22,22,2,wk inc flu hosp,2025-12-06,quantile,0.7,226,Louisiana,Ensemble
2025-11-22,22,2,wk inc flu hosp,2025-12-06,quantile,0.75,242,Louisiana,Ensemble
2025-11-22,22,2,wk inc flu hosp,2025-12-06,quantile,0.8,259,Louisiana,Ensemble
2025-11-22,22,2,wk inc flu hosp,2025-12-06,quantile,0.85,280,Louisiana,Ensemble
2025-11-22,22,2,wk inc flu hosp,2025-12-06,quantile,0.9,310,Louisiana,Ensemble
2025-11-22,22,2,wk inc flu hosp,2025-12-06,quantile,0.95,359,Louisiana,Ensemble
2025-11-22,22,2,wk inc flu hosp,2025-12-06,quantile,0.975,416,Louisiana,Ensemble
2025-11-22,22,2,wk inc flu hosp,2025-12-06,quantile,0.99,492,Louisiana,Ensemble
2025-11-22,22,3,wk inc flu hosp,2025-12-13,quantile,0.01,57,Louisiana,Ensemble
2025-11-22,22,3,wk inc flu hosp,2025-12-13,quantile,0.025,67,Louisiana,Ensemble
2025-11-22,22,3,wk inc flu hosp,2025-12-13,quantile,0.05,80,Louisiana,Ensemble
2025-11-22,22,3,wk inc flu hosp,2025-12-13,quantile,0.1,102,Louisiana,Ensemble
2025-11-22,22,3,wk inc flu hosp,2025-12-13,quantile,0.15,121,Louisiana,Ensemble
2025-11-22,22,3,wk inc flu hosp,2025-12-13,quantile,0.2,138,Louisiana,Ensemble
2025-11-22,22,3,wk inc flu hosp,2025-12-13,quantile,0.25,155,Louisiana,Ensemble
2025-11-22,22,3,wk inc flu hosp,2025-12-13,quantile,0.3,169,Louisiana,Ensemble
2025-11-22,22,3,wk inc flu hosp,2025-12-13,quantile,0.35,183,Louisiana,Ensemble
2025-11-22,22,3,wk inc flu hosp,2025-12-13,quantile,0.4,196,Louisiana,Ensemble
2025-11-22,22,3,wk inc flu hosp,2025-12-13,quantile,0.45,209,Louisiana,Ensemble
2025-11-22,22,3,wk inc flu hosp,2025-12-13,quantile,0.5,226,Louisiana,Ensemble
2025-11-22,22,3,wk inc flu hosp,2025-12-13,quantile,0.55,239,Louisiana,Ensemble
2025-11-22,22,3,wk inc flu hosp,2025-12-13,quantile,0.6,256,Louisiana,Ensemble
2025-11-22,22,3,wk inc flu hosp,2025-12-13,quantile,0.65,273,Louisiana,Ensemble
2025-11-22,22,3,wk inc flu hosp,2025-12-13,quantile,0.7,293,Louisiana,Ensemble
2025-11-22,22,3,wk inc flu hosp,2025-12-13,quantile,0.75,316,Louisiana,Ensemble
2025-11-22,22,3,wk inc flu hosp,2025-12-13,quantile,0.8,343,Louisiana,Ensemble
2025-11-22,22,3,wk inc flu hosp,2025-12-13,quantile,0.85,375,Louisiana,Ensemble
2025-11-22,22,3,wk inc flu hosp,2025-12-13,quantile,0.9,419,Louisiana,Ensemble
2025-11-22,22,3,wk inc flu hosp,2025-12-13,quantile,0.95,500,Louisiana,Ensemble
2025-11-22,22,3,wk inc flu hosp,2025-12-13,quantile,0.975,575,Louisiana,Ensemble
2025-11-22,22,3,wk inc flu hosp,2025-12-13,quantile,0.99,682,Louisiana,Ensemble
2025-11-22,23,0,wk inc flu hosp,2025-11-22,quantile,0.01,1,Maine,Ensemble
2025-11-22,23,0,wk inc flu hosp,2025-11-22,quantile,0.025,2,Maine,Ensemble
2025-11-22,23,0,wk inc flu hosp,2025-11-22,quantile,0.05,2,Maine,Ensemble
2025-11-22,23,0,wk inc flu hosp,2025-11-22,quantile,0.1,2,Maine,Ensemble
2025-11-22,23,0,wk inc flu hosp,2025-11-22,quantile,0.15,2,Maine,Ensemble
2025-11-22,23,0,wk inc flu hosp,2025-11-22,quantile,0.2,3,Maine,Ensemble
2025-11-22,23,0,wk inc flu hosp,2025-11-22,quantile,0.25,3,Maine,Ensemble
2025-11-22,23,0,wk inc flu hosp,2025-11-22,quantile,0.3,4,Maine,Ensemble
2025-11-22,23,0,wk inc flu hosp,2025-11-22,quantile,0.35,4,Maine,Ensemble
2025-11-22,23,0,wk inc flu hosp,2025-11-22,quantile,0.4,4,Maine,Ensemble
2025-11-22,23,0,wk inc flu hosp,2025-11-22,quantile,0.45,5,Maine,Ensemble
2025-11-22,23,0,wk inc flu hosp,2025-11-22,quantile,0.5,6,Maine,Ensemble
2025-11-22,23,0,wk inc flu hosp,2025-11-22,quantile,0.55,6,Maine,Ensemble
2025-11-22,23,0,wk inc flu hosp,2025-11-22,quantile,0.6,6,Maine,Ensemble
2025-11-22,23,0,wk inc flu hosp,2025-11-22,quantile,0.65,7,Maine,Ensemble
2025-11-22,23,0,wk inc flu hosp,2025-11-22,quantile,0.7,7,Maine,Ensemble
2025-11-22,23,0,wk inc flu hosp,2025-11-22,quantile,0.75,8,Maine,Ensemble
2025-11-22,23,0,wk inc flu hosp,2025-11-22,quantile,0.8,8,Maine,Ensemble
2025-11-22,23,0,wk inc flu hosp,2025-11-22,quantile,0.85,9,Maine,Ensemble
2025-11-22,23,0,wk inc flu hosp,2025-11-22,quantile,0.9,10,Maine,Ensemble
2025-11-22,23,0,wk inc flu hosp,2025-11-22,quantile,0.95,12,Maine,Ensemble
2025-11-22,23,0,wk inc flu hosp,2025-11-22,quantile,0.975,13,Maine,Ensemble
2025-11-22,23,0,wk inc flu hosp,2025-11-22,quantile,0.99,15,Maine,Ensemble
2025-11-22,23,1,wk inc flu hosp,2025-11-29,quantile,0.01,2,Maine,Ensemble
2025-11-22,23,1,wk inc flu hosp,2025-11-29,quantile,0.025,2,Maine,Ensemble
2025-11-22,23,1,wk inc flu hosp,2025-11-29,quantile,0.05,2,Maine,Ensemble
2025-11-22,23,1,wk inc flu hosp,2025-11-29,quantile,0.1,3,Maine,Ensemble
2025-11-22,23,1,wk inc flu hosp,2025-11-29,quantile,0.15,3,Maine,Ensemble
2025-11-22,23,1,wk inc flu hosp,2025-11-29,quantile,0.2,4,Maine,Ensemble
2025-11-22,23,1,wk inc flu hosp,2025-11-29,quantile,0.25,4,Maine,Ensemble
2025-11-22,23,1,wk inc flu hosp,2025-11-29,quantile,0.3,5,Maine,Ensemble
2025-11-22,23,1,wk inc flu hosp,2025-11-29,quantile,0.35,5,Maine,Ensemble
2025-11-22,23,1,wk inc flu hosp,2025-11-29,quantile,0.4,6,Maine,Ensemble
2025-11-22,23,1,wk inc flu hosp,2025-11-29,quantile,0.45,6,Maine,Ensemble
2025-11-22,23,1,wk inc flu hosp,2025-11-29,quantile,0.5,8,Maine,Ensemble
2025-11-22,23,1,wk inc flu hosp,2025-11-29,quantile,0.55,8,Maine,Ensemble
2025-11-22,23,1,wk inc flu hosp,2025-11-29,quantile,0.6,9,Maine,Ensemble
2025-11-22,23,1,wk inc flu hosp,2025-11-29,quantile,0.65,9,Maine,Ensemble
2025-11-22,23,1,wk inc flu hosp,2025-11-29,quantile,0.7,10,Maine,Ensemble
2025-11-22,23,1,wk inc flu hosp,2025-11-29,quantile,0.75,11,Maine,Ensemble
2025-11-22,23,1,wk inc flu hosp,2025-11-29,quantile,0.8,11,Maine,Ensemble
2025-11-22,23,1,wk inc flu hosp,2025-11-29,quantile,0.85,13,Maine,Ensemble
2025-11-22,23,1,wk inc flu hosp,2025-11-29,quantile,0.9,15,Maine,Ensemble
2025-11-22,23,1,wk inc flu hosp,2025-11-29,quantile,0.95,18,Maine,Ensemble
2025-11-22,23,1,wk inc flu hosp,2025-11-29,quantile,0.975,20,Maine,Ensemble
2025-11-22,23,1,wk inc flu hosp,2025-11-29,quantile,0.99,23,Maine,Ensemble
2025-11-22,23,2,wk inc flu hosp,2025-12-06,quantile,0.01,2,Maine,Ensemble
2025-11-22,23,2,wk inc flu hosp,2025-12-06,quantile,0.025,2,Maine,Ensemble
2025-11-22,23,2,wk inc flu hosp,2025-12-06,quantile,0.05,3,Maine,Ensemble
2025-11-22,23,2,wk inc flu hosp,2025-12-06,quantile,0.1,3,Maine,Ensemble
2025-11-22,23,2,wk inc flu hosp,2025-12-06,quantile,0.15,5,Maine,Ensemble
2025-11-22,23,2,wk inc flu hosp,2025-12-06,quantile,0.2,5,Maine,Ensemble
2025-11-22,23,2,wk inc flu hosp,2025-12-06,quantile,0.25,6,Maine,Ensemble
2025-11-22,23,2,wk inc flu hosp,2025-12-06,quantile,0.3,6,Maine,Ensemble
2025-11-22,23,2,wk inc flu hosp,2025-12-06,quantile,0.35,7,Maine,Ensemble
2025-11-22,23,2,wk inc flu hosp,2025-12-06,quantile,0.4,8,Maine,Ensemble
2025-11-22,23,2,wk inc flu hosp,2025-12-06,quantile,0.45,8,Maine,Ensemble
2025-11-22,23,2,wk inc flu hosp,2025-12-06,quantile,0.5,10,Maine,Ensemble
2025-11-22,23,2,wk inc flu hosp,2025-12-06,quantile,0.55,11,Maine,Ensemble
2025-11-22,23,2,wk inc flu hosp,2025-12-06,quantile,0.6,11,Maine,Ensemble
2025-11-22,23,2,wk inc flu hosp,2025-12-06,quantile,0.65,12,Maine,Ensemble
2025-11-22,23,2,wk inc flu hosp,2025-12-06,quantile,0.7,13,Maine,Ensemble
2025-11-22,23,2,wk inc flu hosp,2025-12-06,quantile,0.75,14,Maine,Ensemble
2025-11-22,23,2,wk inc flu hosp,2025-12-06,quantile,0.8,16,Maine,Ensemble
2025-11-22,23,2,wk inc flu hosp,2025-12-06,quantile,0.85,18,Maine,Ensemble
2025-11-22,23,2,wk inc flu hosp,2025-12-06,quantile,0.9,20,Maine,Ensemble
2025-11-22,23,2,wk inc flu hosp,2025-12-06,quantile,0.95,25,Maine,Ensemble
2025-11-22,23,2,wk inc flu hosp,2025-12-06,quantile,0.975,29,Maine,Ensemble
2025-11-22,23,2,wk inc flu hosp,2025-12-06,quantile,0.99,34,Maine,Ensemble
2025-11-22,23,3,wk inc flu hosp,2025-12-13,quantile,0.01,3,Maine,Ensemble
2025-11-22,23,3,wk inc flu hosp,2025-12-13,quantile,0.025,3,Maine,Ensemble
2025-11-22,23,3,wk inc flu hosp,2025-12-13,quantile,0.05,4,Maine,Ensemble
2025-11-22,23,3,wk inc flu hosp,2025-12-13,quantile,0.1,5,Maine,Ensemble
2025-11-22,23,3,wk inc flu hosp,2025-12-13,quantile,0.15,6,Maine,Ensemble
2025-11-22,23,3,wk inc flu hosp,2025-12-13,quantile,0.2,7,Maine,Ensemble
2025-11-22,23,3,wk inc flu hosp,2025-12-13,quantile,0.25,8,Maine,Ensemble
2025-11-22,23,3,wk inc flu hosp,2025-12-13,quantile,0.3,9,Maine,Ensemble
2025-11-22,23,3,wk inc flu hosp,2025-12-13,quantile,0.35,10,Maine,Ensemble
2025-11-22,23,3,wk inc flu hosp,2025-12-13,quantile,0.4,10,Maine,Ensemble
2025-11-22,23,3,wk inc flu hosp,2025-12-13,quantile,0.45,11,Maine,Ensemble
2025-11-22,23,3,wk inc flu hosp,2025-12-13,quantile,0.5,13,Maine,Ensemble
2025-11-22,23,3,wk inc flu hosp,2025-12-13,quantile,0.55,14,Maine,Ensemble
2025-11-22,23,3,wk inc flu hosp,2025-12-13,quantile,0.6,15,Maine,Ensemble
2025-11-22,23,3,wk inc flu hosp,2025-12-13,quantile,0.65,16,Maine,Ensemble
2025-11-22,23,3,wk inc flu hosp,2025-12-13,quantile,0.7,17,Maine,Ensemble
2025-11-22,23,3,wk inc flu hosp,2025-12-13,quantile,0.75,19,Maine,Ensemble
2025-11-22,23,3,wk inc flu hosp,2025-12-13,quantile,0.8,21,Maine,Ensemble
2025-11-22,23,3,wk inc flu hosp,2025-12-13,quantile,0.85,24,Maine,Ensemble
2025-11-22,23,3,wk inc flu hosp,2025-12-13,quantile,0.9,27,Maine,Ensemble
2025-11-22,23,3,wk inc flu hosp,2025-12-13,quantile,0.95,36,Maine,Ensemble
2025-11-22,23,3,wk inc flu hosp,2025-12-13,quantile,0.975,41,Maine,Ensemble
2025-11-22,23,3,wk inc flu hosp,2025-12-13,quantile,0.99,48,Maine,Ensemble
2025-11-22,24,0,wk inc flu hosp,2025-11-22,quantile,0.01,15,Maryland,Ensemble
2025-11-22,24,0,wk inc flu hosp,2025-11-22,quantile,0.025,17,Maryland,Ensemble
2025-11-22,24,0,wk inc flu hosp,2025-11-22,quantile,0.05,19,Maryland,Ensemble
2025-11-22,24,0,wk inc flu hosp,2025-11-22,quantile,0.1,24,Maryland,Ensemble
2025-11-22,24,0,wk inc flu hosp,2025-11-22,quantile,0.15,27,Maryland,Ensemble
2025-11-22,24,0,wk inc flu hosp,2025-11-22,quantile,0.2,29,Maryland,Ensemble
2025-11-22,24,0,wk inc flu hosp,2025-11-22,quantile,0.25,31,Maryland,Ensemble
2025-11-22,24,0,wk inc flu hosp,2025-11-22,quantile,0.3,33,Maryland,Ensemble
2025-11-22,24,0,wk inc flu hosp,2025-11-22,quantile,0.35,35,Maryland,Ensemble
2025-11-22,24,0,wk inc flu hosp,2025-11-22,quantile,0.4,37,Maryland,Ensemble
2025-11-22,24,0,wk inc flu hosp,2025-11-22,quantile,0.45,39,Maryland,Ensemble
2025-11-22,24,0,wk inc flu hosp,2025-11-22,quantile,0.5,41,Maryland,Ensemble
2025-11-22,24,0,wk inc flu hosp,2025-11-22,quantile,0.55,43,Maryland,Ensemble
2025-11-22,24,0,wk inc flu hosp,2025-11-22,quantile,0.6,45,Maryland,Ensemble
2025-11-22,24,0,wk inc flu hosp,2025-11-22,quantile,0.65,47,Maryland,Ensemble
2025-11-22,24,0,wk inc flu hosp,2025-11-22,quantile,0.7,49,Maryland,Ensemble
2025-11-22,24,0,wk inc flu hosp,2025-11-22,quantile,0.75,51,Maryland,Ensemble
2025-11-22,24,0,wk inc flu hosp,2025-11-22,quantile,0.8,54,Maryland,Ensemble
2025-11-22,24,0,wk inc flu hosp,2025-11-22,quantile,0.85,57,Maryland,Ensemble
2025-11-22,24,0,wk inc flu hosp,2025-11-22,quantile,0.9,63,Maryland,Ensemble
2025-11-22,24,0,wk inc flu hosp,2025-11-22,quantile,0.95,71,Maryland,Ensemble
2025-11-22,24,0,wk inc flu hosp,2025-11-22,quantile,0.975,80,Maryland,Ensemble
2025-11-22,24,0,wk inc flu hosp,2025-11-22,quantile,0.99,100,Maryland,Ensemble
2025-11-22,24,1,wk inc flu hosp,2025-11-29,quantile,0.01,17,Maryland,Ensemble
2025-11-22,24,1,wk inc flu hosp,2025-11-29,quantile,0.025,19,Maryland,Ensemble
2025-11-22,24,1,wk inc flu hosp,2025-11-29,quantile,0.05,22,Maryland,Ensemble
2025-11-22,24,1,wk inc flu hosp,2025-11-29,quantile,0.1,28,Maryland,Ensemble
2025-11-22,24,1,wk inc flu hosp,2025-11-29,quantile,0.15,33,Maryland,Ensemble
2025-11-22,24,1,wk inc flu hosp,2025-11-29,quantile,0.2,37,Maryland,Ensemble
2025-11-22,24,1,wk inc flu hosp,2025-11-29,quantile,0.25,40,Maryland,Ensemble
2025-11-22,24,1,wk inc flu hosp,2025-11-29,quantile,0.3,43,Maryland,Ensemble
2025-11-22,24,1,wk inc flu hosp,2025-11-29,quantile,0.35,47,Maryland,Ensemble
2025-11-22,24,1,wk inc flu hosp,2025-11-29,quantile,0.4,50,Maryland,Ensemble
2025-11-22,24,1,wk inc flu hosp,2025-11-29,quantile,0.45,54,Maryland,Ensemble
2025-11-22,24,1,wk inc flu hosp,2025-11-29,quantile,0.5,58,Maryland,Ensemble
2025-11-22,24,1,wk inc flu hosp,2025-11-29,quantile,0.55,61,Maryland,Ensemble
2025-11-22,24,1,wk inc flu hosp,2025-11-29,quantile,0.6,64,Maryland,Ensemble
2025-11-22,24,1,wk inc flu hosp,2025-11-29,quantile,0.65,67,Maryland,Ensemble
2025-11-22,24,1,wk inc flu hosp,2025-11-29,quantile,0.7,71,Maryland,Ensemble
2025-11-22,24,1,wk inc flu hosp,2025-11-29,quantile,0.75,76,Maryland,Ensemble
2025-11-22,24,1,wk inc flu hosp,2025-11-29,quantile,0.8,81,Maryland,Ensemble
2025-11-22,24,1,wk inc flu hosp,2025-11-29,quantile,0.85,87,Maryland,Ensemble
2025-11-22,24,1,wk inc flu hosp,2025-11-29,quantile,0.9,96,Maryland,Ensemble
2025-11-22,24,1,wk inc flu hosp,2025-11-29,quantile,0.95,111,Maryland,Ensemble
2025-11-22,24,1,wk inc flu hosp,2025-11-29,quantile,0.975,132,Maryland,Ensemble
2025-11-22,24,1,wk inc flu hosp,2025-11-29,quantile,0.99,166,Maryland,Ensemble
2025-11-22,24,2,wk inc flu hosp,2025-12-06,quantile,0.01,22,Maryland,Ensemble
2025-11-22,24,2,wk inc flu hosp,2025-12-06,quantile,0.025,27,Maryland,Ensemble
2025-11-22,24,2,wk inc flu hosp,2025-12-06,quantile,0.05,31,Maryland,Ensemble
2025-11-22,24,2,wk inc flu hosp,2025-12-06,quantile,0.1,37,Maryland,Ensemble
2025-11-22,24,2,wk inc flu hosp,2025-12-06,quantile,0.15,43,Maryland,Ensemble
2025-11-22,24,2,wk inc flu hosp,2025-12-06,quantile,0.2,48,Maryland,Ensemble
2025-11-22,24,2,wk inc flu hosp,2025-12-06,quantile,0.25,53,Maryland,Ensemble
2025-11-22,24,2,wk inc flu hosp,2025-12-06,quantile,0.3,58,Maryland,Ensemble
2025-11-22,24,2,wk inc flu hosp,2025-12-06,quantile,0.35,65,Maryland,Ensemble
2025-11-22,24,2,wk inc flu hosp,2025-12-06,quantile,0.4,71,Maryland,Ensemble
2025-11-22,24,2,wk inc flu hosp,2025-12-06,quantile,0.45,76,Maryland,Ensemble
2025-11-22,24,2,wk inc flu hosp,2025-12-06,quantile,0.5,82,Maryland,Ensemble
2025-11-22,24,2,wk inc flu hosp,2025-12-06,quantile,0.55,87,Maryland,Ensemble
2025-11-22,24,2,wk inc flu hosp,2025-12-06,quantile,0.6,92,Maryland,Ensemble
2025-11-22,24,2,wk inc flu hosp,2025-12-06,quantile,0.65,97,Maryland,Ensemble
2025-11-22,24,2,wk inc flu hosp,2025-12-06,quantile,0.7,103,Maryland,Ensemble
2025-11-22,24,2,wk inc flu hosp,2025-12-06,quantile,0.75,111,Maryland,Ensemble
2025-11-22,24,2,wk inc flu hosp,2025-12-06,quantile,0.8,121,Maryland,Ensemble
2025-11-22,24,2,wk inc flu hosp,2025-12-06,quantile,0.85,132,Maryland,Ensemble
2025-11-22,24,2,wk inc flu hosp,2025-12-06,quantile,0.9,146,Maryland,Ensemble
2025-11-22,24,2,wk inc flu hosp,2025-12-06,quantile,0.95,171,Maryland,Ensemble
2025-11-22,24,2,wk inc flu hosp,2025-12-06,quantile,0.975,206,Maryland,Ensemble
2025-11-22,24,2,wk inc flu hosp,2025-12-06,quantile,0.99,256,Maryland,Ensemble
2025-11-22,24,3,wk inc flu hosp,2025-12-13,quantile,0.01,28,Maryland,Ensemble
2025-11-22,24,3,wk inc flu hosp,2025-12-13,quantile,0.025,34,Maryland,Ensemble
2025-11-22,24,3,wk inc flu hosp,2025-12-13,quantile,0.05,39,Maryland,Ensemble
2025-11-22,24,3,wk inc flu hosp,2025-12-13,quantile,0.1,47,Maryland,Ensemble
2025-11-22,24,3,wk inc flu hosp,2025-12-13,quantile,0.15,54,Maryland,Ensemble
2025-11-22,24,3,wk inc flu hosp,2025-12-13,quantile,0.2,62,Maryland,Ensemble
2025-11-22,24,3,wk inc flu hosp,2025-12-13,quantile,0.25,68,Maryland,Ensemble
2025-11-22,24,3,wk inc flu hosp,2025-12-13,quantile,0.3,75,Maryland,Ensemble
2025-11-22,24,3,wk inc flu hosp,2025-12-13,quantile,0.35,83,Maryland,Ensemble
2025-11-22,24,3,wk inc flu hosp,2025-12-13,quantile,0.4,92,Maryland,Ensemble
2025-11-22,24,3,wk inc flu hosp,2025-12-13,quantile,0.45,100,Maryland,Ensemble
2025-11-22,24,3,wk inc flu hosp,2025-12-13,quantile,0.5,108,Maryland,Ensemble
2025-11-22,24,3,wk inc flu hosp,2025-12-13,quantile,0.55,116,Maryland,Ensemble
2025-11-22,24,3,wk inc flu hosp,2025-12-13,quantile,0.6,124,Maryland,Ensemble
2025-11-22,24,3,wk inc flu hosp,2025-12-13,quantile,0.65,133,Maryland,Ensemble
2025-11-22,24,3,wk inc flu hosp,2025-12-13,quantile,0.7,143,Maryland,Ensemble
2025-11-22,24,3,wk inc flu hosp,2025-12-13,quantile,0.75,156,Maryland,Ensemble
2025-11-22,24,3,wk inc flu hosp,2025-12-13,quantile,0.8,170,Maryland,Ensemble
2025-11-22,24,3,wk inc flu hosp,2025-12-13,quantile,0.85,187,Maryland,Ensemble
2025-11-22,24,3,wk inc flu hosp,2025-12-13,quantile,0.9,211,Maryland,Ensemble
2025-11-22,24,3,wk inc flu hosp,2025-12-13,quantile,0.95,251,Maryland,Ensemble
2025-11-22,24,3,wk inc flu hosp,2025-12-13,quantile,0.975,297,Maryland,Ensemble
2025-11-22,24,3,wk inc flu hosp,2025-12-13,quantile,0.99,374,Maryland,Ensemble
2025-11-22,25,0,wk inc flu hosp,2025-11-22,quantile,0.01,16,Massachusetts,Ensemble
2025-11-22,25,0,wk inc flu hosp,2025-11-22,quantile,0.025,18,Massachusetts,Ensemble
2025-11-22,25,0,wk inc flu hosp,2025-11-22,quantile,0.05,21,Massachusetts,Ensemble
2025-11-22,25,0,wk inc flu hosp,2025-11-22,quantile,0.1,24,Massachusetts,Ensemble
2025-11-22,25,0,wk inc flu hosp,2025-11-22,quantile,0.15,27,Massachusetts,Ensemble
2025-11-22,25,0,wk inc flu hosp,2025-11-22,quantile,0.2,29,Massachusetts,Ensemble
2025-11-22,25,0,wk inc flu hosp,2025-11-22,quantile,0.25,31,Massachusetts,Ensemble
2025-11-22,25,0,wk inc flu hosp,2025-11-22,quantile,0.3,33,Massachusetts,Ensemble
2025-11-22,25,0,wk inc flu hosp,2025-11-22,quantile,0.35,35,Massachusetts,Ensemble
2025-11-22,25,0,wk inc flu hosp,2025-11-22,quantile,0.4,37,Massachusetts,Ensemble
2025-11-22,25,0,wk inc flu hosp,2025-11-22,quantile,0.45,38,Massachusetts,Ensemble
2025-11-22,25,0,wk inc flu hosp,2025-11-22,quantile,0.5,41,Massachusetts,Ensemble
2025-11-22,25,0,wk inc flu hosp,2025-11-22,quantile,0.55,43,Massachusetts,Ensemble
2025-11-22,25,0,wk inc flu hosp,2025-11-22,quantile,0.6,45,Massachusetts,Ensemble
2025-11-22,25,0,wk inc flu hosp,2025-11-22,quantile,0.65,47,Massachusetts,Ensemble
2025-11-22,25,0,wk inc flu hosp,2025-11-22,quantile,0.7,50,Massachusetts,Ensemble
2025-11-22,25,0,wk inc flu hosp,2025-11-22,quantile,0.75,52,Massachusetts,Ensemble
2025-11-22,25,0,wk inc flu hosp,2025-11-22,quantile,0.8,55,Massachusetts,Ensemble
2025-11-22,25,0,wk inc flu hosp,2025-11-22,quantile,0.85,59,Massachusetts,Ensemble
2025-11-22,25,0,wk inc flu hosp,2025-11-22,quantile,0.9,64,Massachusetts,Ensemble
2025-11-22,25,0,wk inc flu hosp,2025-11-22,quantile,0.95,72,Massachusetts,Ensemble
2025-11-22,25,0,wk inc flu hosp,2025-11-22,quantile,0.975,81,Massachusetts,Ensemble
2025-11-22,25,0,wk inc flu hosp,2025-11-22,quantile,0.99,90,Massachusetts,Ensemble
2025-11-22,25,1,wk inc flu hosp,2025-11-29,quantile,0.01,17,Massachusetts,Ensemble
2025-11-22,25,1,wk inc flu hosp,2025-11-29,quantile,0.025,20,Massachusetts,Ensemble
2025-11-22,25,1,wk inc flu hosp,2025-11-29,quantile,0.05,24,Massachusetts,Ensemble
2025-11-22,25,1,wk inc flu hosp,2025-11-29,quantile,0.1,29,Massachusetts,Ensemble
2025-11-22,25,1,wk inc flu hosp,2025-11-29,quantile,0.15,33,Massachusetts,Ensemble
2025-11-22,25,1,wk inc flu hosp,2025-11-29,quantile,0.2,37,Massachusetts,Ensemble
2025-11-22,25,1,wk inc flu hosp,2025-11-29,quantile,0.25,40,Massachusetts,Ensemble
2025-11-22,25,1,wk inc flu hosp,2025-11-29,quantile,0.3,43,Massachusetts,Ensemble
2025-11-22,25,1,wk inc flu hosp,2025-11-29,quantile,0.35,46,Massachusetts,Ensemble
2025-11-22,25,1,wk inc flu hosp,2025-11-29,quantile,0.4,49,Massachusetts,Ensemble
2025-11-22,25,1,wk inc flu hosp,2025-11-29,quantile,0.45,52,Massachusetts,Ensemble
2025-11-22,25,1,wk inc flu hosp,2025-11-29,quantile,0.5,57,Massachusetts,Ensemble
2025-11-22,25,1,wk inc flu hosp,2025-11-29,quantile,0.55,62,Massachusetts,Ensemble
2025-11-22,25,1,wk inc flu hosp,2025-11-29,quantile,0.6,66,Massachusetts,Ensemble
2025-11-22,25,1,wk inc flu hosp,2025-11-29,quantile,0.65,70,Massachusetts,Ensemble
2025-11-22,25,1,wk inc flu hosp,2025-11-29,quantile,0.7,74,Massachusetts,Ensemble
2025-11-22,25,1,wk inc flu hosp,2025-11-29,quantile,0.75,78,Massachusetts,Ensemble
2025-11-22,25,1,wk inc flu hosp,2025-11-29,quantile,0.8,84,Massachusetts,Ensemble
2025-11-22,25,1,wk inc flu hosp,2025-11-29,quantile,0.85,91,Massachusetts,Ensemble
2025-11-22,25,1,wk inc flu hosp,2025-11-29,quantile,0.9,102,Massachusetts,Ensemble
2025-11-22,25,1,wk inc flu hosp,2025-11-29,quantile,0.95,120,Massachusetts,Ensemble
2025-11-22,25,1,wk inc flu hosp,2025-11-29,quantile,0.975,138,Massachusetts,Ensemble
2025-11-22,25,1,wk inc flu hosp,2025-11-29,quantile,0.99,154,Massachusetts,Ensemble
2025-11-22,25,2,wk inc flu hosp,2025-12-06,quantile,0.01,23,Massachusetts,Ensemble
2025-11-22,25,2,wk inc flu hosp,2025-12-06,quantile,0.025,26,Massachusetts,Ensemble
2025-11-22,25,2,wk inc flu hosp,2025-12-06,quantile,0.05,29,Massachusetts,Ensemble
2025-11-22,25,2,wk inc flu hosp,2025-12-06,quantile,0.1,37,Massachusetts,Ensemble
2025-11-22,25,2,wk inc flu hosp,2025-12-06,quantile,0.15,42,Massachusetts,Ensemble
2025-11-22,25,2,wk inc flu hosp,2025-12-06,quantile,0.2,48,Massachusetts,Ensemble
2025-11-22,25,2,wk inc flu hosp,2025-12-06,quantile,0.25,53,Massachusetts,Ensemble
2025-11-22,25,2,wk inc flu hosp,2025-12-06,quantile,0.3,58,Massachusetts,Ensemble
2025-11-22,25,2,wk inc flu hosp,2025-12-06,quantile,0.35,62,Massachusetts,Ensemble
2025-11-22,25,2,wk inc flu hosp,2025-12-06,quantile,0.4,67,Massachusetts,Ensemble
2025-11-22,25,2,wk inc flu hosp,2025-12-06,quantile,0.45,73,Massachusetts,Ensemble
2025-11-22,25,2,wk inc flu hosp,2025-12-06,quantile,0.5,81,Massachusetts,Ensemble
2025-11-22,25,2,wk inc flu hosp,2025-12-06,quantile,0.55,92,Massachusetts,Ensemble
2025-11-22,25,2,wk inc flu hosp,2025-12-06,quantile,0.6,100,Massachusetts,Ensemble
2025-11-22,25,2,wk inc flu hosp,2025-12-06,quantile,0.65,105,Massachusetts,Ensemble
2025-11-22,25,2,wk inc flu hosp,2025-12-06,quantile,0.7,113,Massachusetts,Ensemble
2025-11-22,25,2,wk inc flu hosp,2025-12-06,quantile,0.75,120,Massachusetts,Ensemble
2025-11-22,25,2,wk inc flu hosp,2025-12-06,quantile,0.8,133,Massachusetts,Ensemble
2025-11-22,25,2,wk inc flu hosp,2025-12-06,quantile,0.85,152,Massachusetts,Ensemble
2025-11-22,25,2,wk inc flu hosp,2025-12-06,quantile,0.9,171,Massachusetts,Ensemble
2025-11-22,25,2,wk inc flu hosp,2025-12-06,quantile,0.95,204,Massachusetts,Ensemble
2025-11-22,25,2,wk inc flu hosp,2025-12-06,quantile,0.975,235,Massachusetts,Ensemble
2025-11-22,25,2,wk inc flu hosp,2025-12-06,quantile,0.99,266,Massachusetts,Ensemble
2025-11-22,25,3,wk inc flu hosp,2025-12-13,quantile,0.01,29,Massachusetts,Ensemble
2025-11-22,25,3,wk inc flu hosp,2025-12-13,quantile,0.025,33,Massachusetts,Ensemble
2025-11-22,25,3,wk inc flu hosp,2025-12-13,quantile,0.05,38,Massachusetts,Ensemble
2025-11-22,25,3,wk inc flu hosp,2025-12-13,quantile,0.1,46,Massachusetts,Ensemble
2025-11-22,25,3,wk inc flu hosp,2025-12-13,quantile,0.15,54,Massachusetts,Ensemble
2025-11-22,25,3,wk inc flu hosp,2025-12-13,quantile,0.2,62,Massachusetts,Ensemble
2025-11-22,25,3,wk inc flu hosp,2025-12-13,quantile,0.25,67,Massachusetts,Ensemble
2025-11-22,25,3,wk inc flu hosp,2025-12-13,quantile,0.3,74,Massachusetts,Ensemble
2025-11-22,25,3,wk inc flu hosp,2025-12-13,quantile,0.35,80,Massachusetts,Ensemble
2025-11-22,25,3,wk inc flu hosp,2025-12-13,quantile,0.4,88,Massachusetts,Ensemble
2025-11-22,25,3,wk inc flu hosp,2025-12-13,quantile,0.45,97,Massachusetts,Ensemble
2025-11-22,25,3,wk inc flu hosp,2025-12-13,quantile,0.5,111,Massachusetts,Ensemble
2025-11-22,25,3,wk inc flu hosp,2025-12-13,quantile,0.55,133,Massachusetts,Ensemble
2025-11-22,25,3,wk inc flu hosp,2025-12-13,quantile,0.6,143,Massachusetts,Ensemble
2025-11-22,25,3,wk inc flu hosp,2025-12-13,quantile,0.65,155,Massachusetts,Ensemble
2025-11-22,25,3,wk inc flu hosp,2025-12-13,quantile,0.7,166,Massachusetts,Ensemble
2025-11-22,25,3,wk inc flu hosp,2025-12-13,quantile,0.75,178,Massachusetts,Ensemble
2025-11-22,25,3,wk inc flu hosp,2025-12-13,quantile,0.8,196,Massachusetts,Ensemble
2025-11-22,25,3,wk inc flu hosp,2025-12-13,quantile,0.85,235,Massachusetts,Ensemble
2025-11-22,25,3,wk inc flu hosp,2025-12-13,quantile,0.9,264,Massachusetts,Ensemble
2025-11-22,25,3,wk inc flu hosp,2025-12-13,quantile,0.95,311,Massachusetts,Ensemble
2025-11-22,25,3,wk inc flu hosp,2025-12-13,quantile,0.975,359,Massachusetts,Ensemble
2025-11-22,25,3,wk inc flu hosp,2025-12-13,quantile,0.99,406,Massachusetts,Ensemble
2025-11-22,26,0,wk inc flu hosp,2025-11-22,quantile,0.01,15,Michigan,Ensemble
2025-11-22,26,0,wk inc flu hosp,2025-11-22,quantile,0.025,18,Michigan,Ensemble
2025-11-22,26,0,wk inc flu hosp,2025-11-22,quantile,0.05,20,Michigan,Ensemble
2025-11-22,26,0,wk inc flu hosp,2025-11-22,quantile,0.1,24,Michigan,Ensemble
2025-11-22,26,0,wk inc flu hosp,2025-11-22,quantile,0.15,27,Michigan,Ensemble
2025-11-22,26,0,wk inc flu hosp,2025-11-22,quantile,0.2,30,Michigan,Ensemble
2025-11-22,26,0,wk inc flu hosp,2025-11-22,quantile,0.25,33,Michigan,Ensemble
2025-11-22,26,0,wk inc flu hosp,2025-11-22,quantile,0.3,35,Michigan,Ensemble
2025-11-22,26,0,wk inc flu hosp,2025-11-22,quantile,0.35,38,Michigan,Ensemble
2025-11-22,26,0,wk inc flu hosp,2025-11-22,quantile,0.4,40,Michigan,Ensemble
2025-11-22,26,0,wk inc flu hosp,2025-11-22,quantile,0.45,42,Michigan,Ensemble
2025-11-22,26,0,wk inc flu hosp,2025-11-22,quantile,0.5,45,Michigan,Ensemble
2025-11-22,26,0,wk inc flu hosp,2025-11-22,quantile,0.55,47,Michigan,Ensemble
2025-11-22,26,0,wk inc flu hosp,2025-11-22,quantile,0.6,50,Michigan,Ensemble
2025-11-22,26,0,wk inc flu hosp,2025-11-22,quantile,0.65,52,Michigan,Ensemble
2025-11-22,26,0,wk inc flu hosp,2025-11-22,quantile,0.7,55,Michigan,Ensemble
2025-11-22,26,0,wk inc flu hosp,2025-11-22,quantile,0.75,57,Michigan,Ensemble
2025-11-22,26,0,wk inc flu hosp,2025-11-22,quantile,0.8,60,Michigan,Ensemble
2025-11-22,26,0,wk inc flu hosp,2025-11-22,quantile,0.85,65,Michigan,Ensemble
2025-11-22,26,0,wk inc flu hosp,2025-11-22,quantile,0.9,70,Michigan,Ensemble
2025-11-22,26,0,wk inc flu hosp,2025-11-22,quantile,0.95,81,Michigan,Ensemble
2025-11-22,26,0,wk inc flu hosp,2025-11-22,quantile,0.975,93,Michigan,Ensemble
2025-11-22,26,0,wk inc flu hosp,2025-11-22,quantile,0.99,104,Michigan,Ensemble
2025-11-22,26,1,wk inc flu hosp,2025-11-29,quantile,0.01,17,Michigan,Ensemble
2025-11-22,26,1,wk inc flu hosp,2025-11-29,quantile,0.025,20,Michigan,Ensemble
2025-11-22,26,1,wk inc flu hosp,2025-11-29,quantile,0.05,24,Michigan,Ensemble
2025-11-22,26,1,wk inc flu hosp,2025-11-29,quantile,0.1,29,Michigan,Ensemble
2025-11-22,26,1,wk inc flu hosp,2025-11-29,quantile,0.15,33,Michigan,Ensemble
2025-11-22,26,1,wk inc flu hosp,2025-11-29,quantile,0.2,38,Michigan,Ensemble
2025-11-22,26,1,wk inc flu hosp,2025-11-29,quantile,0.25,42,Michigan,Ensemble
2025-11-22,26,1,wk inc flu hosp,2025-11-29,quantile,0.3,46,Michigan,Ensemble
2025-11-22,26,1,wk inc flu hosp,2025-11-29,quantile,0.35,50,Michigan,Ensemble
2025-11-22,26,1,wk inc flu hosp,2025-11-29,quantile,0.4,57,Michigan,Ensemble
2025-11-22,26,1,wk inc flu hosp,2025-11-29,quantile,0.45,62,Michigan,Ensemble
2025-11-22,26,1,wk inc flu hosp,2025-11-29,quantile,0.5,66,Michigan,Ensemble
2025-11-22,26,1,wk inc flu hosp,2025-11-29,quantile,0.55,70,Michigan,Ensemble
2025-11-22,26,1,wk inc flu hosp,2025-11-29,quantile,0.6,75,Michigan,Ensemble
2025-11-22,26,1,wk inc flu hosp,2025-11-29,quantile,0.65,80,Michigan,Ensemble
2025-11-22,26,1,wk inc flu hosp,2025-11-29,quantile,0.7,84,Michigan,Ensemble
2025-11-22,26,1,wk inc flu hosp,2025-11-29,quantile,0.75,89,Michigan,Ensemble
2025-11-22,26,1,wk inc flu hosp,2025-11-29,quantile,0.8,97,Michigan,Ensemble
2025-11-22,26,1,wk inc flu hosp,2025-11-29,quantile,0.85,106,Michigan,Ensemble
2025-11-22,26,1,wk inc flu hosp,2025-11-29,quantile,0.9,115,Michigan,Ensemble
2025-11-22,26,1,wk inc flu hosp,2025-11-29,quantile,0.95,135,Michigan,Ensemble
2025-11-22,26,1,wk inc flu hosp,2025-11-29,quantile,0.975,159,Michigan,Ensemble
2025-11-22,26,1,wk inc flu hosp,2025-11-29,quantile,0.99,182,Michigan,Ensemble
2025-11-22,26,2,wk inc flu hosp,2025-12-06,quantile,0.01,21,Michigan,Ensemble
2025-11-22,26,2,wk inc flu hosp,2025-12-06,quantile,0.025,25,Michigan,Ensemble
2025-11-22,26,2,wk inc flu hosp,2025-12-06,quantile,0.05,29,Michigan,Ensemble
2025-11-22,26,2,wk inc flu hosp,2025-12-06,quantile,0.1,35,Michigan,Ensemble
2025-11-22,26,2,wk inc flu hosp,2025-12-06,quantile,0.15,41,Michigan,Ensemble
2025-11-22,26,2,wk inc flu hosp,2025-12-06,quantile,0.2,47,Michigan,Ensemble
2025-11-22,26,2,wk inc flu hosp,2025-12-06,quantile,0.25,53,Michigan,Ensemble
2025-11-22,26,2,wk inc flu hosp,2025-12-06,quantile,0.3,58,Michigan,Ensemble
2025-11-22,26,2,wk inc flu hosp,2025-12-06,quantile,0.35,65,Michigan,Ensemble
2025-11-22,26,2,wk inc flu hosp,2025-12-06,quantile,0.4,80,Michigan,Ensemble
2025-11-22,26,2,wk inc flu hosp,2025-12-06,quantile,0.45,91,Michigan,Ensemble
2025-11-22,26,2,wk inc flu hosp,2025-12-06,quantile,0.5,97,Michigan,Ensemble
2025-11-22,26,2,wk inc flu hosp,2025-12-06,quantile,0.55,103,Michigan,Ensemble
2025-11-22,26,2,wk inc flu hosp,2025-12-06,quantile,0.6,113,Michigan,Ensemble
2025-11-22,26,2,wk inc flu hosp,2025-12-06,quantile,0.65,122,Michigan,Ensemble
2025-11-22,26,2,wk inc flu hosp,2025-12-06,quantile,0.7,131,Michigan,Ensemble
2025-11-22,26,2,wk inc flu hosp,2025-12-06,quantile,0.75,142,Michigan,Ensemble
2025-11-22,26,2,wk inc flu hosp,2025-12-06,quantile,0.8,153,Michigan,Ensemble
2025-11-22,26,2,wk inc flu hosp,2025-12-06,quantile,0.85,172,Michigan,Ensemble
2025-11-22,26,2,wk inc flu hosp,2025-12-06,quantile,0.9,192,Michigan,Ensemble
2025-11-22,26,2,wk inc flu hosp,2025-12-06,quantile,0.95,228,Michigan,Ensemble
2025-11-22,26,2,wk inc flu hosp,2025-12-06,quantile,0.975,272,Michigan,Ensemble
2025-11-22,26,2,wk inc flu hosp,2025-12-06,quantile,0.99,315,Michigan,Ensemble
2025-11-22,26,3,wk inc flu hosp,2025-12-13,quantile,0.01,24,Michigan,Ensemble
2025-11-22,26,3,wk inc flu hosp,2025-12-13,quantile,0.025,29,Michigan,Ensemble
2025-11-22,26,3,wk inc flu hosp,2025-12-13,quantile,0.05,35,Michigan,Ensemble
2025-11-22,26,3,wk inc flu hosp,2025-12-13,quantile,0.1,44,Michigan,Ensemble
2025-11-22,26,3,wk inc flu hosp,2025-12-13,quantile,0.15,52,Michigan,Ensemble
2025-11-22,26,3,wk inc flu hosp,2025-12-13,quantile,0.2,62,Michigan,Ensemble
2025-11-22,26,3,wk inc flu hosp,2025-12-13,quantile,0.25,69,Michigan,Ensemble
2025-11-22,26,3,wk inc flu hosp,2025-12-13,quantile,0.3,76,Michigan,Ensemble
2025-11-22,26,3,wk inc flu hosp,2025-12-13,quantile,0.35,87,Michigan,Ensemble
2025-11-22,26,3,wk inc flu hosp,2025-12-13,quantile,0.4,117,Michigan,Ensemble
2025-11-22,26,3,wk inc flu hosp,2025-12-13,quantile,0.45,137,Michigan,Ensemble
2025-11-22,26,3,wk inc flu hosp,2025-12-13,quantile,0.5,147,Michigan,Ensemble
2025-11-22,26,3,wk inc flu hosp,2025-12-13,quantile,0.55,159,Michigan,Ensemble
2025-11-22,26,3,wk inc flu hosp,2025-12-13,quantile,0.6,174,Michigan,Ensemble
2025-11-22,26,3,wk inc flu hosp,2025-12-13,quantile,0.65,189,Michigan,Ensemble
2025-11-22,26,3,wk inc flu hosp,2025-12-13,quantile,0.7,205,Michigan,Ensemble
2025-11-22,26,3,wk inc flu hosp,2025-12-13,quantile,0.75,229,Michigan,Ensemble
2025-11-22,26,3,wk inc flu hosp,2025-12-13,quantile,0.8,249,Michigan,Ensemble
2025-11-22,26,3,wk inc flu hosp,2025-12-13,quantile,0.85,279,Michigan,Ensemble
2025-11-22,26,3,wk inc flu hosp,2025-12-13,quantile,0.9,319,Michigan,Ensemble
2025-11-22,26,3,wk inc flu hosp,2025-12-13,quantile,0.95,381,Michigan,Ensemble
2025-11-22,26,3,wk inc flu hosp,2025-12-13,quantile,0.975,451,Michigan,Ensemble
2025-11-22,26,3,wk inc flu hosp,2025-12-13,quantile,0.99,515,Michigan,Ensemble
2025-11-22,27,0,wk inc flu hosp,2025-11-22,quantile,0.01,5,Minnesota,Ensemble
2025-11-22,27,0,wk inc flu hosp,2025-11-22,quantile,0.025,6,Minnesota,Ensemble
2025-11-22,27,0,wk inc flu hosp,2025-11-22,quantile,0.05,7,Minnesota,Ensemble
2025-11-22,27,0,wk inc flu hosp,2025-11-22,quantile,0.1,9,Minnesota,Ensemble
2025-11-22,27,0,wk inc flu hosp,2025-11-22,quantile,0.15,11,Minnesota,Ensemble
2025-11-22,27,0,wk inc flu hosp,2025-11-22,quantile,0.2,13,Minnesota,Ensemble
2025-11-22,27,0,wk inc flu hosp,2025-11-22,quantile,0.25,14,Minnesota,Ensemble
2025-11-22,27,0,wk inc flu hosp,2025-11-22,quantile,0.3,15,Minnesota,Ensemble
2025-11-22,27,0,wk inc flu hosp,2025-11-22,quantile,0.35,16,Minnesota,Ensemble
2025-11-22,27,0,wk inc flu hosp,2025-11-22,quantile,0.4,17,Minnesota,Ensemble
2025-11-22,27,0,wk inc flu hosp,2025-11-22,quantile,0.45,18,Minnesota,Ensemble
2025-11-22,27,0,wk inc flu hosp,2025-11-22,quantile,0.5,20,Minnesota,Ensemble
2025-11-22,27,0,wk inc flu hosp,2025-11-22,quantile,0.55,22,Minnesota,Ensemble
2025-11-22,27,0,wk inc flu hosp,2025-11-22,quantile,0.6,23,Minnesota,Ensemble
2025-11-22,27,0,wk inc flu hosp,2025-11-22,quantile,0.65,24,Minnesota,Ensemble
2025-11-22,27,0,wk inc flu hosp,2025-11-22,quantile,0.7,25,Minnesota,Ensemble
2025-11-22,27,0,wk inc flu hosp,2025-11-22,quantile,0.75,27,Minnesota,Ensemble
2025-11-22,27,0,wk inc flu hosp,2025-11-22,quantile,0.8,28,Minnesota,Ensemble
2025-11-22,27,0,wk inc flu hosp,2025-11-22,quantile,0.85,31,Minnesota,Ensemble
2025-11-22,27,0,wk inc flu hosp,2025-11-22,quantile,0.9,34,Minnesota,Ensemble
2025-11-22,27,0,wk inc flu hosp,2025-11-22,quantile,0.95,38,Minnesota,Ensemble
2025-11-22,27,0,wk inc flu hosp,2025-11-22,quantile,0.975,43,Minnesota,Ensemble
2025-11-22,27,0,wk inc flu hosp,2025-11-22,quantile,0.99,49,Minnesota,Ensemble
2025-11-22,27,1,wk inc flu hosp,2025-11-29,quantile,0.01,6,Minnesota,Ensemble
2025-11-22,27,1,wk inc flu hosp,2025-11-29,quantile,0.025,7,Minnesota,Ensemble
2025-11-22,27,1,wk inc flu hosp,2025-11-29,quantile,0.05,9,Minnesota,Ensemble
2025-11-22,27,1,wk inc flu hosp,2025-11-29,quantile,0.1,12,Minnesota,Ensemble
2025-11-22,27,1,wk inc flu hosp,2025-11-29,quantile,0.15,14,Minnesota,Ensemble
2025-11-22,27,1,wk inc flu hosp,2025-11-29,quantile,0.2,16,Minnesota,Ensemble
2025-11-22,27,1,wk inc flu hosp,2025-11-29,quantile,0.25,18,Minnesota,Ensemble
2025-11-22,27,1,wk inc flu hosp,2025-11-29,quantile,0.3,20,Minnesota,Ensemble
2025-11-22,27,1,wk inc flu hosp,2025-11-29,quantile,0.35,22,Minnesota,Ensemble
2025-11-22,27,1,wk inc flu hosp,2025-11-29,quantile,0.4,24,Minnesota,Ensemble
2025-11-22,27,1,wk inc flu hosp,2025-11-29,quantile,0.45,26,Minnesota,Ensemble
2025-11-22,27,1,wk inc flu hosp,2025-11-29,quantile,0.5,29,Minnesota,Ensemble
2025-11-22,27,1,wk inc flu hosp,2025-11-29,quantile,0.55,31,Minnesota,Ensemble
2025-11-22,27,1,wk inc flu hosp,2025-11-29,quantile,0.6,33,Minnesota,Ensemble
2025-11-22,27,1,wk inc flu hosp,2025-11-29,quantile,0.65,35,Minnesota,Ensemble
2025-11-22,27,1,wk inc flu hosp,2025-11-29,quantile,0.7,37,Minnesota,Ensemble
2025-11-22,27,1,wk inc flu hosp,2025-11-29,quantile,0.75,41,Minnesota,Ensemble
2025-11-22,27,1,wk inc flu hosp,2025-11-29,quantile,0.8,44,Minnesota,Ensemble
2025-11-22,27,1,wk inc flu hosp,2025-11-29,quantile,0.85,47,Minnesota,Ensemble
2025-11-22,27,1,wk inc flu hosp,2025-11-29,quantile,0.9,53,Minnesota,Ensemble
2025-11-22,27,1,wk inc flu hosp,2025-11-29,quantile,0.95,63,Minnesota,Ensemble
2025-11-22,27,1,wk inc flu hosp,2025-11-29,quantile,0.975,72,Minnesota,Ensemble
2025-11-22,27,1,wk inc flu hosp,2025-11-29,quantile,0.99,84,Minnesota,Ensemble
2025-11-22,27,2,wk inc flu hosp,2025-12-06,quantile,0.01,8,Minnesota,Ensemble
2025-11-22,27,2,wk inc flu hosp,2025-12-06,quantile,0.025,11,Minnesota,Ensemble
2025-11-22,27,2,wk inc flu hosp,2025-12-06,quantile,0.05,13,Minnesota,Ensemble
2025-11-22,27,2,wk inc flu hosp,2025-12-06,quantile,0.1,16,Minnesota,Ensemble
2025-11-22,27,2,wk inc flu hosp,2025-12-06,quantile,0.15,19,Minnesota,Ensemble
2025-11-22,27,2,wk inc flu hosp,2025-12-06,quantile,0.2,22,Minnesota,Ensemble
2025-11-22,27,2,wk inc flu hosp,2025-12-06,quantile,0.25,25,Minnesota,Ensemble
2025-11-22,27,2,wk inc flu hosp,2025-12-06,quantile,0.3,28,Minnesota,Ensemble
2025-11-22,27,2,wk inc flu hosp,2025-12-06,quantile,0.35,31,Minnesota,Ensemble
2025-11-22,27,2,wk inc flu hosp,2025-12-06,quantile,0.4,34,Minnesota,Ensemble
2025-11-22,27,2,wk inc flu hosp,2025-12-06,quantile,0.45,38,Minnesota,Ensemble
2025-11-22,27,2,wk inc flu hosp,2025-12-06,quantile,0.5,43,Minnesota,Ensemble
2025-11-22,27,2,wk inc flu hosp,2025-12-06,quantile,0.55,46,Minnesota,Ensemble
2025-11-22,27,2,wk inc flu hosp,2025-12-06,quantile,0.6,50,Minnesota,Ensemble
2025-11-22,27,2,wk inc flu hosp,2025-12-06,quantile,0.65,54,Minnesota,Ensemble
2025-11-22,27,2,wk inc flu hosp,2025-12-06,quantile,0.7,59,Minnesota,Ensemble
2025-11-22,27,2,wk inc flu hosp,2025-12-06,quantile,0.75,65,Minnesota,Ensemble
2025-11-22,27,2,wk inc flu hosp,2025-12-06,quantile,0.8,71,Minnesota,Ensemble
2025-11-22,27,2,wk inc flu hosp,2025-12-06,quantile,0.85,78,Minnesota,Ensemble
2025-11-22,27,2,wk inc flu hosp,2025-12-06,quantile,0.9,89,Minnesota,Ensemble
2025-11-22,27,2,wk inc flu hosp,2025-12-06,quantile,0.95,108,Minnesota,Ensemble
2025-11-22,27,2,wk inc flu hosp,2025-12-06,quantile,0.975,126,Minnesota,Ensemble
2025-11-22,27,2,wk inc flu hosp,2025-12-06,quantile,0.99,154,Minnesota,Ensemble
2025-11-22,27,3,wk inc flu hosp,2025-12-13,quantile,0.01,13,Minnesota,Ensemble
2025-11-22,27,3,wk inc flu hosp,2025-12-13,quantile,0.025,16,Minnesota,Ensemble
2025-11-22,27,3,wk inc flu hosp,2025-12-13,quantile,0.05,19,Minnesota,Ensemble
2025-11-22,27,3,wk inc flu hosp,2025-12-13,quantile,0.1,24,Minnesota,Ensemble
2025-11-22,27,3,wk inc flu hosp,2025-12-13,quantile,0.15,28,Minnesota,Ensemble
2025-11-22,27,3,wk inc flu hosp,2025-12-13,quantile,0.2,31,Minnesota,Ensemble
2025-11-22,27,3,wk inc flu hosp,2025-12-13,quantile,0.25,35,Minnesota,Ensemble
2025-11-22,27,3,wk inc flu hosp,2025-12-13,quantile,0.3,39,Minnesota,Ensemble
2025-11-22,27,3,wk inc flu hosp,2025-12-13,quantile,0.35,44,Minnesota,Ensemble
2025-11-22,27,3,wk inc flu hosp,2025-12-13,quantile,0.4,49,Minnesota,Ensemble
2025-11-22,27,3,wk inc flu hosp,2025-12-13,quantile,0.45,55,Minnesota,Ensemble
2025-11-22,27,3,wk inc flu hosp,2025-12-13,quantile,0.5,63,Minnesota,Ensemble
2025-11-22,27,3,wk inc flu hosp,2025-12-13,quantile,0.55,69,Minnesota,Ensemble
2025-11-22,27,3,wk inc flu hosp,2025-12-13,quantile,0.6,76,Minnesota,Ensemble
2025-11-22,27,3,wk inc flu hosp,2025-12-13,quantile,0.65,84,Minnesota,Ensemble
2025-11-22,27,3,wk inc flu hosp,2025-12-13,quantile,0.7,93,Minnesota,Ensemble
2025-11-22,27,3,wk inc flu hosp,2025-12-13,quantile,0.75,102,Minnesota,Ensemble
2025-11-22,27,3,wk inc flu hosp,2025-12-13,quantile,0.8,112,Minnesota,Ensemble
2025-11-22,27,3,wk inc flu hosp,2025-12-13,quantile,0.85,125,Minnesota,Ensemble
2025-11-22,27,3,wk inc flu hosp,2025-12-13,quantile,0.9,143,Minnesota,Ensemble
2025-11-22,27,3,wk inc flu hosp,2025-12-13,quantile,0.95,175,Minnesota,Ensemble
2025-11-22,27,3,wk inc flu hosp,2025-12-13,quantile,0.975,205,Minnesota,Ensemble
2025-11-22,27,3,wk inc flu hosp,2025-12-13,quantile,0.99,256,Minnesota,Ensemble
2025-11-22,28,0,wk inc flu hosp,2025-11-22,quantile,0.01,8,Mississippi,Ensemble
2025-11-22,28,0,wk inc flu hosp,2025-11-22,quantile,0.025,10,Mississippi,Ensemble
2025-11-22,28,0,wk inc flu hosp,2025-11-22,quantile,0.05,11,Mississippi,Ensemble
2025-11-22,28,0,wk inc flu hosp,2025-11-22,quantile,0.1,13,Mississippi,Ensemble
2025-11-22,28,0,wk inc flu hosp,2025-11-22,quantile,0.15,14,Mississippi,Ensemble
2025-11-22,28,0,wk inc flu hosp,2025-11-22,quantile,0.2,16,Mississippi,Ensemble
2025-11-22,28,0,wk inc flu hosp,2025-11-22,quantile,0.25,16,Mississippi,Ensemble
2025-11-22,28,0,wk inc flu hosp,2025-11-22,quantile,0.3,17,Mississippi,Ensemble
2025-11-22,28,0,wk inc flu hosp,2025-11-22,quantile,0.35,18,Mississippi,Ensemble
2025-11-22,28,0,wk inc flu hosp,2025-11-22,quantile,0.4,20,Mississippi,Ensemble
2025-11-22,28,0,wk inc flu hosp,2025-11-22,quantile,0.45,20,Mississippi,Ensemble
2025-11-22,28,0,wk inc flu hosp,2025-11-22,quantile,0.5,23,Mississippi,Ensemble
2025-11-22,28,0,wk inc flu hosp,2025-11-22,quantile,0.55,24,Mississippi,Ensemble
2025-11-22,28,0,wk inc flu hosp,2025-11-22,quantile,0.6,24,Mississippi,Ensemble
2025-11-22,28,0,wk inc flu hosp,2025-11-22,quantile,0.65,26,Mississippi,Ensemble
2025-11-22,28,0,wk inc flu hosp,2025-11-22,quantile,0.7,27,Mississippi,Ensemble
2025-11-22,28,0,wk inc flu hosp,2025-11-22,quantile,0.75,29,Mississippi,Ensemble
2025-11-22,28,0,wk inc flu hosp,2025-11-22,quantile,0.8,30,Mississippi,Ensemble
2025-11-22,28,0,wk inc flu hosp,2025-11-22,quantile,0.85,32,Mississippi,Ensemble
2025-11-22,28,0,wk inc flu hosp,2025-11-22,quantile,0.9,35,Mississippi,Ensemble
2025-11-22,28,0,wk inc flu hosp,2025-11-22,quantile,0.95,40,Mississippi,Ensemble
2025-11-22,28,0,wk inc flu hosp,2025-11-22,quantile,0.975,45,Mississippi,Ensemble
2025-11-22,28,0,wk inc flu hosp,2025-11-22,quantile,0.99,51,Mississippi,Ensemble
2025-11-22,28,1,wk inc flu hosp,2025-11-29,quantile,0.01,10,Mississippi,Ensemble
2025-11-22,28,1,wk inc flu hosp,2025-11-29,quantile,0.025,11,Mississippi,Ensemble
2025-11-22,28,1,wk inc flu hosp,2025-11-29,quantile,0.05,13,Mississippi,Ensemble
2025-11-22,28,1,wk inc flu hosp,2025-11-29,quantile,0.1,15,Mississippi,Ensemble
2025-11-22,28,1,wk inc flu hosp,2025-11-29,quantile,0.15,17,Mississippi,Ensemble
2025-11-22,28,1,wk inc flu hosp,2025-11-29,quantile,0.2,18,Mississippi,Ensemble
2025-11-22,28,1,wk inc flu hosp,2025-11-29,quantile,0.25,20,Mississippi,Ensemble
2025-11-22,28,1,wk inc flu hosp,2025-11-29,quantile,0.3,21,Mississippi,Ensemble
2025-11-22,28,1,wk inc flu hosp,2025-11-29,quantile,0.35,23,Mississippi,Ensemble
2025-11-22,28,1,wk inc flu hosp,2025-11-29,quantile,0.4,24,Mississippi,Ensemble
2025-11-22,28,1,wk inc flu hosp,2025-11-29,quantile,0.45,26,Mississippi,Ensemble
2025-11-22,28,1,wk inc flu hosp,2025-11-29,quantile,0.5,28,Mississippi,Ensemble
2025-11-22,28,1,wk inc flu hosp,2025-11-29,quantile,0.55,30,Mississippi,Ensemble
2025-11-22,28,1,wk inc flu hosp,2025-11-29,quantile,0.6,32,Mississippi,Ensemble
2025-11-22,28,1,wk inc flu hosp,2025-11-29,quantile,0.65,34,Mississippi,Ensemble
2025-11-22,28,1,wk inc flu hosp,2025-11-29,quantile,0.7,36,Mississippi,Ensemble
2025-11-22,28,1,wk inc flu hosp,2025-11-29,quantile,0.75,38,Mississippi,Ensemble
2025-11-22,28,1,wk inc flu hosp,2025-11-29,quantile,0.8,41,Mississippi,Ensemble
2025-11-22,28,1,wk inc flu hosp,2025-11-29,quantile,0.85,45,Mississippi,Ensemble
2025-11-22,28,1,wk inc flu hosp,2025-11-29,quantile,0.9,50,Mississippi,Ensemble
2025-11-22,28,1,wk inc flu hosp,2025-11-29,quantile,0.95,59,Mississippi,Ensemble
2025-11-22,28,1,wk inc flu hosp,2025-11-29,quantile,0.975,69,Mississippi,Ensemble
2025-11-22,28,1,wk inc flu hosp,2025-11-29,quantile,0.99,81,Mississippi,Ensemble
2025-11-22,28,2,wk inc flu hosp,2025-12-06,quantile,0.01,11,Mississippi,Ensemble
2025-11-22,28,2,wk inc flu hosp,2025-12-06,quantile,0.025,13,Mississippi,Ensemble
2025-11-22,28,2,wk inc flu hosp,2025-12-06,quantile,0.05,15,Mississippi,Ensemble
2025-11-22,28,2,wk inc flu hosp,2025-12-06,quantile,0.1,18,Mississippi,Ensemble
2025-11-22,28,2,wk inc flu hosp,2025-12-06,quantile,0.15,21,Mississippi,Ensemble
2025-11-22,28,2,wk inc flu hosp,2025-12-06,quantile,0.2,23,Mississippi,Ensemble
2025-11-22,28,2,wk inc flu hosp,2025-12-06,quantile,0.25,25,Mississippi,Ensemble
2025-11-22,28,2,wk inc flu hosp,2025-12-06,quantile,0.3,27,Mississippi,Ensemble
2025-11-22,28,2,wk inc flu hosp,2025-12-06,quantile,0.35,29,Mississippi,Ensemble
2025-11-22,28,2,wk inc flu hosp,2025-12-06,quantile,0.4,32,Mississippi,Ensemble
2025-11-22,28,2,wk inc flu hosp,2025-12-06,quantile,0.45,34,Mississippi,Ensemble
2025-11-22,28,2,wk inc flu hosp,2025-12-06,quantile,0.5,38,Mississippi,Ensemble
2025-11-22,28,2,wk inc flu hosp,2025-12-06,quantile,0.55,40,Mississippi,Ensemble
2025-11-22,28,2,wk inc flu hosp,2025-12-06,quantile,0.6,43,Mississippi,Ensemble
2025-11-22,28,2,wk inc flu hosp,2025-12-06,quantile,0.65,46,Mississippi,Ensemble
2025-11-22,28,2,wk inc flu hosp,2025-12-06,quantile,0.7,49,Mississippi,Ensemble
2025-11-22,28,2,wk inc flu hosp,2025-12-06,quantile,0.75,53,Mississippi,Ensemble
2025-11-22,28,2,wk inc flu hosp,2025-12-06,quantile,0.8,59,Mississippi,Ensemble
2025-11-22,28,2,wk inc flu hosp,2025-12-06,quantile,0.85,65,Mississippi,Ensemble
2025-11-22,28,2,wk inc flu hosp,2025-12-06,quantile,0.9,75,Mississippi,Ensemble
2025-11-22,28,2,wk inc flu hosp,2025-12-06,quantile,0.95,93,Mississippi,Ensemble
2025-11-22,28,2,wk inc flu hosp,2025-12-06,quantile,0.975,112,Mississippi,Ensemble
2025-11-22,28,2,wk inc flu hosp,2025-12-06,quantile,0.99,139,Mississippi,Ensemble
2025-11-22,28,3,wk inc flu hosp,2025-12-13,quantile,0.01,13,Mississippi,Ensemble
2025-11-22,28,3,wk inc flu hosp,2025-12-13,quantile,0.025,15,Mississippi,Ensemble
2025-11-22,28,3,wk inc flu hosp,2025-12-13,quantile,0.05,17,Mississippi,Ensemble
2025-11-22,28,3,wk inc flu hosp,2025-12-13,quantile,0.1,21,Mississippi,Ensemble
2025-11-22,28,3,wk inc flu hosp,2025-12-13,quantile,0.15,24,Mississippi,Ensemble
2025-11-22,28,3,wk inc flu hosp,2025-12-13,quantile,0.2,28,Mississippi,Ensemble
2025-11-22,28,3,wk inc flu hosp,2025-12-13,quantile,0.25,31,Mississippi,Ensemble
2025-11-22,28,3,wk inc flu hosp,2025-12-13,quantile,0.3,34,Mississippi,Ensemble
2025-11-22,28,3,wk inc flu hosp,2025-12-13,quantile,0.35,37,Mississippi,Ensemble
2025-11-22,28,3,wk inc flu hosp,2025-12-13,quantile,0.4,40,Mississippi,Ensemble
2025-11-22,28,3,wk inc flu hosp,2025-12-13,quantile,0.45,44,Mississippi,Ensemble
2025-11-22,28,3,wk inc flu hosp,2025-12-13,quantile,0.5,48,Mississippi,Ensemble
2025-11-22,28,3,wk inc flu hosp,2025-12-13,quantile,0.55,52,Mississippi,Ensemble
2025-11-22,28,3,wk inc flu hosp,2025-12-13,quantile,0.6,56,Mississippi,Ensemble
2025-11-22,28,3,wk inc flu hosp,2025-12-13,quantile,0.65,61,Mississippi,Ensemble
2025-11-22,28,3,wk inc flu hosp,2025-12-13,quantile,0.7,66,Mississippi,Ensemble
2025-11-22,28,3,wk inc flu hosp,2025-12-13,quantile,0.75,72,Mississippi,Ensemble
2025-11-22,28,3,wk inc flu hosp,2025-12-13,quantile,0.8,80,Mississippi,Ensemble
2025-11-22,28,3,wk inc flu hosp,2025-12-13,quantile,0.85,91,Mississippi,Ensemble
2025-11-22,28,3,wk inc flu hosp,2025-12-13,quantile,0.9,105,Mississippi,Ensemble
2025-11-22,28,3,wk inc flu hosp,2025-12-13,quantile,0.95,133,Mississippi,Ensemble
2025-11-22,28,3,wk inc flu hosp,2025-12-13,quantile,0.975,167,Mississippi,Ensemble
2025-11-22,28,3,wk inc flu hosp,2025-12-13,quantile,0.99,206,Mississippi,Ensemble
2025-11-22,29,0,wk inc flu hosp,2025-11-22,quantile,0.01,16,Missouri,Ensemble
2025-11-22,29,0,wk inc flu hosp,2025-11-22,quantile,0.025,17,Missouri,Ensemble
2025-11-22,29,0,wk inc flu hosp,2025-11-22,quantile,0.05,19,Missouri,Ensemble
2025-11-22,29,0,wk inc flu hosp,2025-11-22,quantile,0.1,22,Missouri,Ensemble
2025-11-22,29,0,wk inc flu hosp,2025-11-22,quantile,0.15,24,Missouri,Ensemble
2025-11-22,29,0,wk inc flu hosp,2025-11-22,quantile,0.2,25,Missouri,Ensemble
2025-11-22,29,0,wk inc flu hosp,2025-11-22,quantile,0.25,26,Missouri,Ensemble
2025-11-22,29,0,wk inc flu hosp,2025-11-22,quantile,0.3,27,Missouri,Ensemble
2025-11-22,29,0,wk inc flu hosp,2025-11-22,quantile,0.35,28,Missouri,Ensemble
2025-11-22,29,0,wk inc flu hosp,2025-11-22,quantile,0.4,30,Missouri,Ensemble
2025-11-22,29,0,wk inc flu hosp,2025-11-22,quantile,0.45,31,Missouri,Ensemble
2025-11-22,29,0,wk inc flu hosp,2025-11-22,quantile,0.5,33,Missouri,Ensemble
2025-11-22,29,0,wk inc flu hosp,2025-11-22,quantile,0.55,34,Missouri,Ensemble
2025-11-22,29,0,wk inc flu hosp,2025-11-22,quantile,0.6,36,Missouri,Ensemble
2025-11-22,29,0,wk inc flu hosp,2025-11-22,quantile,0.65,37,Missouri,Ensemble
2025-11-22,29,0,wk inc flu hosp,2025-11-22,quantile,0.7,39,Missouri,Ensemble
2025-11-22,29,0,wk inc flu hosp,2025-11-22,quantile,0.75,40,Missouri,Ensemble
2025-11-22,29,0,wk inc flu hosp,2025-11-22,quantile,0.8,42,Missouri,Ensemble
2025-11-22,29,0,wk inc flu hosp,2025-11-22,quantile,0.85,45,Missouri,Ensemble
2025-11-22,29,0,wk inc flu hosp,2025-11-22,quantile,0.9,49,Missouri,Ensemble
2025-11-22,29,0,wk inc flu hosp,2025-11-22,quantile,0.95,55,Missouri,Ensemble
2025-11-22,29,0,wk inc flu hosp,2025-11-22,quantile,0.975,61,Missouri,Ensemble
2025-11-22,29,0,wk inc flu hosp,2025-11-22,quantile,0.99,69,Missouri,Ensemble
2025-11-22,29,1,wk inc flu hosp,2025-11-29,quantile,0.01,19,Missouri,Ensemble
2025-11-22,29,1,wk inc flu hosp,2025-11-29,quantile,0.025,21,Missouri,Ensemble
2025-11-22,29,1,wk inc flu hosp,2025-11-29,quantile,0.05,23,Missouri,Ensemble
2025-11-22,29,1,wk inc flu hosp,2025-11-29,quantile,0.1,26,Missouri,Ensemble
2025-11-22,29,1,wk inc flu hosp,2025-11-29,quantile,0.15,28,Missouri,Ensemble
2025-11-22,29,1,wk inc flu hosp,2025-11-29,quantile,0.2,31,Missouri,Ensemble
2025-11-22,29,1,wk inc flu hosp,2025-11-29,quantile,0.25,32,Missouri,Ensemble
2025-11-22,29,1,wk inc flu hosp,2025-11-29,quantile,0.3,34,Missouri,Ensemble
2025-11-22,29,1,wk inc flu hosp,2025-11-29,quantile,0.35,36,Missouri,Ensemble
2025-11-22,29,1,wk inc flu hosp,2025-11-29,quantile,0.4,38,Missouri,Ensemble
2025-11-22,29,1,wk inc flu hosp,2025-11-29,quantile,0.45,40,Missouri,Ensemble
2025-11-22,29,1,wk inc flu hosp,2025-11-29,quantile,0.5,43,Missouri,Ensemble
2025-11-22,29,1,wk inc flu hosp,2025-11-29,quantile,0.55,45,Missouri,Ensemble
2025-11-22,29,1,wk inc flu hosp,2025-11-29,quantile,0.6,47,Missouri,Ensemble
2025-11-22,29,1,wk inc flu hosp,2025-11-29,quantile,0.65,49,Missouri,Ensemble
2025-11-22,29,1,wk inc flu hosp,2025-11-29,quantile,0.7,52,Missouri,Ensemble
2025-11-22,29,1,wk inc flu hosp,2025-11-29,quantile,0.75,55,Missouri,Ensemble
2025-11-22,29,1,wk inc flu hosp,2025-11-29,quantile,0.8,59,Missouri,Ensemble
2025-11-22,29,1,wk inc flu hosp,2025-11-29,quantile,0.85,65,Missouri,Ensemble
2025-11-22,29,1,wk inc flu hosp,2025-11-29,quantile,0.9,72,Missouri,Ensemble
2025-11-22,29,1,wk inc flu hosp,2025-11-29,quantile,0.95,83,Missouri,Ensemble
2025-11-22,29,1,wk inc flu hosp,2025-11-29,quantile,0.975,98,Missouri,Ensemble
2025-11-22,29,1,wk inc flu hosp,2025-11-29,quantile,0.99,124,Missouri,Ensemble
2025-11-22,29,2,wk inc flu hosp,2025-12-06,quantile,0.01,21,Missouri,Ensemble
2025-11-22,29,2,wk inc flu hosp,2025-12-06,quantile,0.025,24,Missouri,Ensemble
2025-11-22,29,2,wk inc flu hosp,2025-12-06,quantile,0.05,27,Missouri,Ensemble
2025-11-22,29,2,wk inc flu hosp,2025-12-06,quantile,0.1,31,Missouri,Ensemble
2025-11-22,29,2,wk inc flu hosp,2025-12-06,quantile,0.15,35,Missouri,Ensemble
2025-11-22,29,2,wk inc flu hosp,2025-12-06,quantile,0.2,38,Missouri,Ensemble
2025-11-22,29,2,wk inc flu hosp,2025-12-06,quantile,0.25,41,Missouri,Ensemble
2025-11-22,29,2,wk inc flu hosp,2025-12-06,quantile,0.3,44,Missouri,Ensemble
2025-11-22,29,2,wk inc flu hosp,2025-12-06,quantile,0.35,47,Missouri,Ensemble
2025-11-22,29,2,wk inc flu hosp,2025-12-06,quantile,0.4,49,Missouri,Ensemble
2025-11-22,29,2,wk inc flu hosp,2025-12-06,quantile,0.45,52,Missouri,Ensemble
2025-11-22,29,2,wk inc flu hosp,2025-12-06,quantile,0.5,57,Missouri,Ensemble
2025-11-22,29,2,wk inc flu hosp,2025-12-06,quantile,0.55,61,Missouri,Ensemble
2025-11-22,29,2,wk inc flu hosp,2025-12-06,quantile,0.6,65,Missouri,Ensemble
2025-11-22,29,2,wk inc flu hosp,2025-12-06,quantile,0.65,70,Missouri,Ensemble
2025-11-22,29,2,wk inc flu hosp,2025-12-06,quantile,0.7,75,Missouri,Ensemble
2025-11-22,29,2,wk inc flu hosp,2025-12-06,quantile,0.75,82,Missouri,Ensemble
2025-11-22,29,2,wk inc flu hosp,2025-12-06,quantile,0.8,90,Missouri,Ensemble
2025-11-22,29,2,wk inc flu hosp,2025-12-06,quantile,0.85,99,Missouri,Ensemble
2025-11-22,29,2,wk inc flu hosp,2025-12-06,quantile,0.9,115,Missouri,Ensemble
2025-11-22,29,2,wk inc flu hosp,2025-12-06,quantile,0.95,139,Missouri,Ensemble
2025-11-22,29,2,wk inc flu hosp,2025-12-06,quantile,0.975,187,Missouri,Ensemble
2025-11-22,29,2,wk inc flu hosp,2025-12-06,quantile,0.99,256,Missouri,Ensemble
2025-11-22,29,3,wk inc flu hosp,2025-12-13,quantile,0.01,28,Missouri,Ensemble
2025-11-22,29,3,wk inc flu hosp,2025-12-13,quantile,0.025,32,Missouri,Ensemble
2025-11-22,29,3,wk inc flu hosp,2025-12-13,quantile,0.05,36,Missouri,Ensemble
2025-11-22,29,3,wk inc flu hosp,2025-12-13,quantile,0.1,42,Missouri,Ensemble
2025-11-22,29,3,wk inc flu hosp,2025-12-13,quantile,0.15,47,Missouri,Ensemble
2025-11-22,29,3,wk inc flu hosp,2025-12-13,quantile,0.2,53,Missouri,Ensemble
2025-11-22,29,3,wk inc flu hosp,2025-12-13,quantile,0.25,58,Missouri,Ensemble
2025-11-22,29,3,wk inc flu hosp,2025-12-13,quantile,0.3,62,Missouri,Ensemble
2025-11-22,29,3,wk inc flu hosp,2025-12-13,quantile,0.35,67,Missouri,Ensemble
2025-11-22,29,3,wk inc flu hosp,2025-12-13,quantile,0.4,72,Missouri,Ensemble
2025-11-22,29,3,wk inc flu hosp,2025-12-13,quantile,0.45,78,Missouri,Ensemble
2025-11-22,29,3,wk inc flu hosp,2025-12-13,quantile,0.5,85,Missouri,Ensemble
2025-11-22,29,3,wk inc flu hosp,2025-12-13,quantile,0.55,93,Missouri,Ensemble
2025-11-22,29,3,wk inc flu hosp,2025-12-13,quantile,0.6,101,Missouri,Ensemble
2025-11-22,29,3,wk inc flu hosp,2025-12-13,quantile,0.65,108,Missouri,Ensemble
2025-11-22,29,3,wk inc flu hosp,2025-12-13,quantile,0.7,119,Missouri,Ensemble
2025-11-22,29,3,wk inc flu hosp,2025-12-13,quantile,0.75,130,Missouri,Ensemble
2025-11-22,29,3,wk inc flu hosp,2025-12-13,quantile,0.8,145,Missouri,Ensemble
2025-11-22,29,3,wk inc flu hosp,2025-12-13,quantile,0.85,167,Missouri,Ensemble
2025-11-22,29,3,wk inc flu hosp,2025-12-13,quantile,0.9,209,Missouri,Ensemble
2025-11-22,29,3,wk inc flu hosp,2025-12-13,quantile,0.95,264,Missouri,Ensemble
2025-11-22,29,3,wk inc flu hosp,2025-12-13,quantile,0.975,335,Missouri,Ensemble
2025-11-22,29,3,wk inc flu hosp,2025-12-13,quantile,0.99,421,Missouri,Ensemble
2025-11-22,30,0,wk inc flu hosp,2025-11-22,quantile,0.01,0,Montana,Ensemble
2025-11-22,30,0,wk inc flu hosp,2025-11-22,quantile,0.025,0,Montana,Ensemble
2025-11-22,30,0,wk inc flu hosp,2025-11-22,quantile,0.05,0,Montana,Ensemble
2025-11-22,30,0,wk inc flu hosp,2025-11-22,quantile,0.1,1,Montana,Ensemble
2025-11-22,30,0,wk inc flu hosp,2025-11-22,quantile,0.15,1,Montana,Ensemble
2025-11-22,30,0,wk inc flu hosp,2025-11-22,quantile,0.2,2,Montana,Ensemble
2025-11-22,30,0,wk inc flu hosp,2025-11-22,quantile,0.25,2,Montana,Ensemble
2025-11-22,30,0,wk inc flu hosp,2025-11-22,quantile,0.3,3,Montana,Ensemble
2025-11-22,30,0,wk inc flu hosp,2025-11-22,quantile,0.35,3,Montana,Ensemble
2025-11-22,30,0,wk inc flu hosp,2025-11-22,quantile,0.4,3,Montana,Ensemble
2025-11-22,30,0,wk inc flu hosp,2025-11-22,quantile,0.45,4,Montana,Ensemble
2025-11-22,30,0,wk inc flu hosp,2025-11-22,quantile,0.5,5,Montana,Ensemble
2025-11-22,30,0,wk inc flu hosp,2025-11-22,quantile,0.55,6,Montana,Ensemble
2025-11-22,30,0,wk inc flu hosp,2025-11-22,quantile,0.6,6,Montana,Ensemble
2025-11-22,30,0,wk inc flu hosp,2025-11-22,quantile,0.65,7,Montana,Ensemble
2025-11-22,30,0,wk inc flu hosp,2025-11-22,quantile,0.7,7,Montana,Ensemble
2025-11-22,30,0,wk inc flu hosp,2025-11-22,quantile,0.75,7,Montana,Ensemble
2025-11-22,30,0,wk inc flu hosp,2025-11-22,quantile,0.8,8,Montana,Ensemble
2025-11-22,30,0,wk inc flu hosp,2025-11-22,quantile,0.85,9,Montana,Ensemble
2025-11-22,30,0,wk inc flu hosp,2025-11-22,quantile,0.9,10,Montana,Ensemble
2025-11-22,30,0,wk inc flu hosp,2025-11-22,quantile,0.95,12,Montana,Ensemble
2025-11-22,30,0,wk inc flu hosp,2025-11-22,quantile,0.975,14,Montana,Ensemble
2025-11-22,30,0,wk inc flu hosp,2025-11-22,quantile,0.99,16,Montana,Ensemble
2025-11-22,30,1,wk inc flu hosp,2025-11-29,quantile,0.01,0,Montana,Ensemble
2025-11-22,30,1,wk inc flu hosp,2025-11-29,quantile,0.025,0,Montana,Ensemble
2025-11-22,30,1,wk inc flu hosp,2025-11-29,quantile,0.05,0,Montana,Ensemble
2025-11-22,30,1,wk inc flu hosp,2025-11-29,quantile,0.1,1,Montana,Ensemble
2025-11-22,30,1,wk inc flu hosp,2025-11-29,quantile,0.15,2,Montana,Ensemble
2025-11-22,30,1,wk inc flu hosp,2025-11-29,quantile,0.2,3,Montana,Ensemble
2025-11-22,30,1,wk inc flu hosp,2025-11-29,quantile,0.25,3,Montana,Ensemble
2025-11-22,30,1,wk inc flu hosp,2025-11-29,quantile,0.3,4,Montana,Ensemble
2025-11-22,30,1,wk inc flu hosp,2025-11-29,quantile,0.35,4,Montana,Ensemble
2025-11-22,30,1,wk inc flu hosp,2025-11-29,quantile,0.4,5,Montana,Ensemble
2025-11-22,30,1,wk inc flu hosp,2025-11-29,quantile,0.45,6,Montana,Ensemble
2025-11-22,30,1,wk inc flu hosp,2025-11-29,quantile,0.5,7,Montana,Ensemble
2025-11-22,30,1,wk inc flu hosp,2025-11-29,quantile,0.55,8,Montana,Ensemble
2025-11-22,30,1,wk inc flu hosp,2025-11-29,quantile,0.6,9,Montana,Ensemble
2025-11-22,30,1,wk inc flu hosp,2025-11-29,quantile,0.65,9,Montana,Ensemble
2025-11-22,30,1,wk inc flu hosp,2025-11-29,quantile,0.7,10,Montana,Ensemble
2025-11-22,30,1,wk inc flu hosp,2025-11-29,quantile,0.75,11,Montana,Ensemble
2025-11-22,30,1,wk inc flu hosp,2025-11-29,quantile,0.8,12,Montana,Ensemble
2025-11-22,30,1,wk inc flu hosp,2025-11-29,quantile,0.85,13,Montana,Ensemble
2025-11-22,30,1,wk inc flu hosp,2025-11-29,quantile,0.9,14,Montana,Ensemble
2025-11-22,30,1,wk inc flu hosp,2025-11-29,quantile,0.95,18,Montana,Ensemble
2025-11-22,30,1,wk inc flu hosp,2025-11-29,quantile,0.975,21,Montana,Ensemble
2025-11-22,30,1,wk inc flu hosp,2025-11-29,quantile,0.99,25,Montana,Ensemble
2025-11-22,30,2,wk inc flu hosp,2025-12-06,quantile,0.01,0,Montana,Ensemble
2025-11-22,30,2,wk inc flu hosp,2025-12-06,quantile,0.025,0,Montana,Ensemble
2025-11-22,30,2,wk inc flu hosp,2025-12-06,quantile,0.05,1,Montana,Ensemble
2025-11-22,30,2,wk inc flu hosp,2025-12-06,quantile,0.1,2,Montana,Ensemble
2025-11-22,30,2,wk inc flu hosp,2025-12-06,quantile,0.15,3,Montana,Ensemble
2025-11-22,30,2,wk inc flu hosp,2025-12-06,quantile,0.2,4,Montana,Ensemble
2025-11-22,30,2,wk inc flu hosp,2025-12-06,quantile,0.25,5,Montana,Ensemble
2025-11-22,30,2,wk inc flu hosp,2025-12-06,quantile,0.3,6,Montana,Ensemble
2025-11-22,30,2,wk inc flu hosp,2025-12-06,quantile,0.35,7,Montana,Ensemble
2025-11-22,30,2,wk inc flu hosp,2025-12-06,quantile,0.4,7,Montana,Ensemble
2025-11-22,30,2,wk inc flu hosp,2025-12-06,quantile,0.45,8,Montana,Ensemble
2025-11-22,30,2,wk inc flu hosp,2025-12-06,quantile,0.5,10,Montana,Ensemble
2025-11-22,30,2,wk inc flu hosp,2025-12-06,quantile,0.55,10,Montana,Ensemble
2025-11-22,30,2,wk inc flu hosp,2025-12-06,quantile,0.6,11,Montana,Ensemble
2025-11-22,30,2,wk inc flu hosp,2025-12-06,quantile,0.65,12,Montana,Ensemble
2025-11-22,30,2,wk inc flu hosp,2025-12-06,quantile,0.7,13,Montana,Ensemble
2025-11-22,30,2,wk inc flu hosp,2025-12-06,quantile,0.75,14,Montana,Ensemble
2025-11-22,30,2,wk inc flu hosp,2025-12-06,quantile,0.8,16,Montana,Ensemble
2025-11-22,30,2,wk inc flu hosp,2025-12-06,quantile,0.85,17,Montana,Ensemble
2025-11-22,30,2,wk inc flu hosp,2025-12-06,quantile,0.9,21,Montana,Ensemble
2025-11-22,30,2,wk inc flu hosp,2025-12-06,quantile,0.95,26,Montana,Ensemble
2025-11-22,30,2,wk inc flu hosp,2025-12-06,quantile,0.975,33,Montana,Ensemble
2025-11-22,30,2,wk inc flu hosp,2025-12-06,quantile,0.99,39,Montana,Ensemble
2025-11-22,30,3,wk inc flu hosp,2025-12-13,quantile,0.01,1,Montana,Ensemble
2025-11-22,30,3,wk inc flu hosp,2025-12-13,quantile,0.025,2,Montana,Ensemble
2025-11-22,30,3,wk inc flu hosp,2025-12-13,quantile,0.05,2,Montana,Ensemble
2025-11-22,30,3,wk inc flu hosp,2025-12-13,quantile,0.1,4,Montana,Ensemble
2025-11-22,30,3,wk inc flu hosp,2025-12-13,quantile,0.15,4,Montana,Ensemble
2025-11-22,30,3,wk inc flu hosp,2025-12-13,quantile,0.2,6,Montana,Ensemble
2025-11-22,30,3,wk inc flu hosp,2025-12-13,quantile,0.25,7,Montana,Ensemble
2025-11-22,30,3,wk inc flu hosp,2025-12-13,quantile,0.3,8,Montana,Ensemble
2025-11-22,30,3,wk inc flu hosp,2025-12-13,quantile,0.35,9,Montana,Ensemble
2025-11-22,30,3,wk inc flu hosp,2025-12-13,quantile,0.4,10,Montana,Ensemble
2025-11-22,30,3,wk inc flu hosp,2025-12-13,quantile,0.45,11,Montana,Ensemble
2025-11-22,30,3,wk inc flu hosp,2025-12-13,quantile,0.5,13,Montana,Ensemble
2025-11-22,30,3,wk inc flu hosp,2025-12-13,quantile,0.55,15,Montana,Ensemble
2025-11-22,30,3,wk inc flu hosp,2025-12-13,quantile,0.6,16,Montana,Ensemble
2025-11-22,30,3,wk inc flu hosp,2025-12-13,quantile,0.65,17,Montana,Ensemble
2025-11-22,30,3,wk inc flu hosp,2025-12-13,quantile,0.7,18,Montana,Ensemble
2025-11-22,30,3,wk inc flu hosp,2025-12-13,quantile,0.75,20,Montana,Ensemble
2025-11-22,30,3,wk inc flu hosp,2025-12-13,quantile,0.8,23,Montana,Ensemble
2025-11-22,30,3,wk inc flu hosp,2025-12-13,quantile,0.85,26,Montana,Ensemble
2025-11-22,30,3,wk inc flu hosp,2025-12-13,quantile,0.9,31,Montana,Ensemble
2025-11-22,30,3,wk inc flu hosp,2025-12-13,quantile,0.95,39,Montana,Ensemble
2025-11-22,30,3,wk inc flu hosp,2025-12-13,quantile,0.975,49,Montana,Ensemble
2025-11-22,30,3,wk inc flu hosp,2025-12-13,quantile,0.99,58,Montana,Ensemble
2025-11-22,31,0,wk inc flu hosp,2025-11-22,quantile,0.01,0,Nebraska,Ensemble
2025-11-22,31,0,wk inc flu hosp,2025-11-22,quantile,0.025,0,Nebraska,Ensemble
2025-11-22,31,0,wk inc flu hosp,2025-11-22,quantile,0.05,0,Nebraska,Ensemble
2025-11-22,31,0,wk inc flu hosp,2025-11-22,quantile,0.1,0,Nebraska,Ensemble
2025-11-22,31,0,wk inc flu hosp,2025-11-22,quantile,0.15,1,Nebraska,Ensemble
2025-11-22,31,0,wk inc flu hosp,2025-11-22,quantile,0.2,1,Nebraska,Ensemble
2025-11-22,31,0,wk inc flu hosp,2025-11-22,quantile,0.25,1,Nebraska,Ensemble
2025-11-22,31,0,wk inc flu hosp,2025-11-22,quantile,0.3,1,Nebraska,Ensemble
2025-11-22,31,0,wk inc flu hosp,2025-11-22,quantile,0.35,1,Nebraska,Ensemble
2025-11-22,31,0,wk inc flu hosp,2025-11-22,quantile,0.4,2,Nebraska,Ensemble
2025-11-22,31,0,wk inc flu hosp,2025-11-22,quantile,0.45,2,Nebraska,Ensemble
2025-11-22,31,0,wk inc flu hosp,2025-11-22,quantile,0.5,3,Nebraska,Ensemble
2025-11-22,31,0,wk inc flu hosp,2025-11-22,quantile,0.55,3,Nebraska,Ensemble
2025-11-22,31,0,wk inc flu hosp,2025-11-22,quantile,0.6,4,Nebraska,Ensemble
2025-11-22,31,0,wk inc flu hosp,2025-11-22,quantile,0.65,4,Nebraska,Ensemble
2025-11-22,31,0,wk inc flu hosp,2025-11-22,quantile,0.7,5,Nebraska,Ensemble
2025-11-22,31,0,wk inc flu hosp,2025-11-22,quantile,0.75,5,Nebraska,Ensemble
2025-11-22,31,0,wk inc flu hosp,2025-11-22,quantile,0.8,6,Nebraska,Ensemble
2025-11-22,31,0,wk inc flu hosp,2025-11-22,quantile,0.85,6,Nebraska,Ensemble
2025-11-22,31,0,wk inc flu hosp,2025-11-22,quantile,0.9,7,Nebraska,Ensemble
2025-11-22,31,0,wk inc flu hosp,2025-11-22,quantile,0.95,9,Nebraska,Ensemble
2025-11-22,31,0,wk inc flu hosp,2025-11-22,quantile,0.975,11,Nebraska,Ensemble
2025-11-22,31,0,wk inc flu hosp,2025-11-22,quantile,0.99,13,Nebraska,Ensemble
2025-11-22,31,1,wk inc flu hosp,2025-11-29,quantile,0.01,0,Nebraska,Ensemble
2025-11-22,31,1,wk inc flu hosp,2025-11-29,quantile,0.025,0,Nebraska,Ensemble
2025-11-22,31,1,wk inc flu hosp,2025-11-29,quantile,0.05,0,Nebraska,Ensemble
2025-11-22,31,1,wk inc flu hosp,2025-11-29,quantile,0.1,0,Nebraska,Ensemble
2025-11-22,31,1,wk inc flu hosp,2025-11-29,quantile,0.15,1,Nebraska,Ensemble
2025-11-22,31,1,wk inc flu hosp,2025-11-29,quantile,0.2,1,Nebraska,Ensemble
2025-11-22,31,1,wk inc flu hosp,2025-11-29,quantile,0.25,1,Nebraska,Ensemble
2025-11-22,31,1,wk inc flu hosp,2025-11-29,quantile,0.3,2,Nebraska,Ensemble
2025-11-22,31,1,wk inc flu hosp,2025-11-29,quantile,0.35,2,Nebraska,Ensemble
2025-11-22,31,1,wk inc flu hosp,2025-11-29,quantile,0.4,3,Nebraska,Ensemble
2025-11-22,31,1,wk inc flu hosp,2025-11-29,quantile,0.45,3,Nebraska,Ensemble
2025-11-22,31,1,wk inc flu hosp,2025-11-29,quantile,0.5,4,Nebraska,Ensemble
2025-11-22,31,1,wk inc flu hosp,2025-11-29,quantile,0.55,5,Nebraska,Ensemble
2025-11-22,31,1,wk inc flu hosp,2025-11-29,quantile,0.6,5,Nebraska,Ensemble
2025-11-22,31,1,wk inc flu hosp,2025-11-29,quantile,0.65,6,Nebraska,Ensemble
2025-11-22,31,1,wk inc flu hosp,2025-11-29,quantile,0.7,6,Nebraska,Ensemble
2025-11-22,31,1,wk inc flu hosp,2025-11-29,quantile,0.75,7,Nebraska,Ensemble
2025-11-22,31,1,wk inc flu hosp,2025-11-29,quantile,0.8,8,Nebraska,Ensemble
2025-11-22,31,1,wk inc flu hosp,2025-11-29,quantile,0.85,9,Nebraska,Ensemble
2025-11-22,31,1,wk inc flu hosp,2025-11-29,quantile,0.9,11,Nebraska,Ensemble
2025-11-22,31,1,wk inc flu hosp,2025-11-29,quantile,0.95,14,Nebraska,Ensemble
2025-11-22,31,1,wk inc flu hosp,2025-11-29,quantile,0.975,18,Nebraska,Ensemble
2025-11-22,31,1,wk inc flu hosp,2025-11-29,quantile,0.99,23,Nebraska,Ensemble
2025-11-22,31,2,wk inc flu hosp,2025-12-06,quantile,0.01,0,Nebraska,Ensemble
2025-11-22,31,2,wk inc flu hosp,2025-12-06,quantile,0.025,0,Nebraska,Ensemble
2025-11-22,31,2,wk inc flu hosp,2025-12-06,quantile,0.05,0,Nebraska,Ensemble
2025-11-22,31,2,wk inc flu hosp,2025-12-06,quantile,0.1,1,Nebraska,Ensemble
2025-11-22,31,2,wk inc flu hosp,2025-12-06,quantile,0.15,1,Nebraska,Ensemble
2025-11-22,31,2,wk inc flu hosp,2025-12-06,quantile,0.2,2,Nebraska,Ensemble
2025-11-22,31,2,wk inc flu hosp,2025-12-06,quantile,0.25,2,Nebraska,Ensemble
2025-11-22,31,2,wk inc flu hosp,2025-12-06,quantile,0.3,3,Nebraska,Ensemble
2025-11-22,31,2,wk inc flu hosp,2025-12-06,quantile,0.35,3,Nebraska,Ensemble
2025-11-22,31,2,wk inc flu hosp,2025-12-06,quantile,0.4,4,Nebraska,Ensemble
2025-11-22,31,2,wk inc flu hosp,2025-12-06,quantile,0.45,4,Nebraska,Ensemble
2025-11-22,31,2,wk inc flu hosp,2025-12-06,quantile,0.5,6,Nebraska,Ensemble
2025-11-22,31,2,wk inc flu hosp,2025-12-06,quantile,0.55,7,Nebraska,Ensemble
2025-11-22,31,2,wk inc flu hosp,2025-12-06,quantile,0.6,8,Nebraska,Ensemble
2025-11-22,31,2,wk inc flu hosp,2025-12-06,quantile,0.65,8,Nebraska,Ensemble
2025-11-22,31,2,wk inc flu hosp,2025-12-06,quantile,0.7,10,Nebraska,Ensemble
2025-11-22,31,2,wk inc flu hosp,2025-12-06,quantile,0.75,11,Nebraska,Ensemble
2025-11-22,31,2,wk inc flu hosp,2025-12-06,quantile,0.8,13,Nebraska,Ensemble
2025-11-22,31,2,wk inc flu hosp,2025-12-06,quantile,0.85,15,Nebraska,Ensemble
2025-11-22,31,2,wk inc flu hosp,2025-12-06,quantile,0.9,18,Nebraska,Ensemble
2025-11-22,31,2,wk inc flu hosp,2025-12-06,quantile,0.95,23,Nebraska,Ensemble
2025-11-22,31,2,wk inc flu hosp,2025-12-06,quantile,0.975,31,Nebraska,Ensemble
2025-11-22,31,2,wk inc flu hosp,2025-12-06,quantile,0.99,40,Nebraska,Ensemble
2025-11-22,31,3,wk inc flu hosp,2025-12-13,quantile,0.01,0,Nebraska,Ensemble
2025-11-22,31,3,wk inc flu hosp,2025-12-13,quantile,0.025,1,Nebraska,Ensemble
2025-11-22,31,3,wk inc flu hosp,2025-12-13,quantile,0.05,1,Nebraska,Ensemble
2025-11-22,31,3,wk inc flu hosp,2025-12-13,quantile,0.1,2,Nebraska,Ensemble
2025-11-22,31,3,wk inc flu hosp,2025-12-13,quantile,0.15,3,Nebraska,Ensemble
2025-11-22,31,3,wk inc flu hosp,2025-12-13,quantile,0.2,3,Nebraska,Ensemble
2025-11-22,31,3,wk inc flu hosp,2025-12-13,quantile,0.25,4,Nebraska,Ensemble
2025-11-22,31,3,wk inc flu hosp,2025-12-13,quantile,0.3,5,Nebraska,Ensemble
2025-11-22,31,3,wk inc flu hosp,2025-12-13,quantile,0.35,6,Nebraska,Ensemble
2025-11-22,31,3,wk inc flu hosp,2025-12-13,quantile,0.4,7,Nebraska,Ensemble
2025-11-22,31,3,wk inc flu hosp,2025-12-13,quantile,0.45,8,Nebraska,Ensemble
2025-11-22,31,3,wk inc flu hosp,2025-12-13,quantile,0.5,10,Nebraska,Ensemble
2025-11-22,31,3,wk inc flu hosp,2025-12-13,quantile,0.55,11,Nebraska,Ensemble
2025-11-22,31,3,wk inc flu hosp,2025-12-13,quantile,0.6,12,Nebraska,Ensemble
2025-11-22,31,3,wk inc flu hosp,2025-12-13,quantile,0.65,14,Nebraska,Ensemble
2025-11-22,31,3,wk inc flu hosp,2025-12-13,quantile,0.7,16,Nebraska,Ensemble
2025-11-22,31,3,wk inc flu hosp,2025-12-13,quantile,0.75,18,Nebraska,Ensemble
2025-11-22,31,3,wk inc flu hosp,2025-12-13,quantile,0.8,22,Nebraska,Ensemble
2025-11-22,31,3,wk inc flu hosp,2025-12-13,quantile,0.85,25,Nebraska,Ensemble
2025-11-22,31,3,wk inc flu hosp,2025-12-13,quantile,0.9,31,Nebraska,Ensemble
2025-11-22,31,3,wk inc flu hosp,2025-12-13,quantile,0.95,42,Nebraska,Ensemble
2025-11-22,31,3,wk inc flu hosp,2025-12-13,quantile,0.975,55,Nebraska,Ensemble
2025-11-22,31,3,wk inc flu hosp,2025-12-13,quantile,0.99,70,Nebraska,Ensemble
2025-11-22,32,0,wk inc flu hosp,2025-11-22,quantile,0.01,8,Nevada,Ensemble
2025-11-22,32,0,wk inc flu hosp,2025-11-22,quantile,0.025,9,Nevada,Ensemble
2025-11-22,32,0,wk inc flu hosp,2025-11-22,quantile,0.05,10,Nevada,Ensemble
2025-11-22,32,0,wk inc flu hosp,2025-11-22,quantile,0.1,12,Nevada,Ensemble
2025-11-22,32,0,wk inc flu hosp,2025-11-22,quantile,0.15,14,Nevada,Ensemble
2025-11-22,32,0,wk inc flu hosp,2025-11-22,quantile,0.2,15,Nevada,Ensemble
2025-11-22,32,0,wk inc flu hosp,2025-11-22,quantile,0.25,16,Nevada,Ensemble
2025-11-22,32,0,wk inc flu hosp,2025-11-22,quantile,0.3,17,Nevada,Ensemble
2025-11-22,32,0,wk inc flu hosp,2025-11-22,quantile,0.35,18,Nevada,Ensemble
2025-11-22,32,0,wk inc flu hosp,2025-11-22,quantile,0.4,19,Nevada,Ensemble
2025-11-22,32,0,wk inc flu hosp,2025-11-22,quantile,0.45,20,Nevada,Ensemble
2025-11-22,32,0,wk inc flu hosp,2025-11-22,quantile,0.5,22,Nevada,Ensemble
2025-11-22,32,0,wk inc flu hosp,2025-11-22,quantile,0.55,23,Nevada,Ensemble
2025-11-22,32,0,wk inc flu hosp,2025-11-22,quantile,0.6,24,Nevada,Ensemble
2025-11-22,32,0,wk inc flu hosp,2025-11-22,quantile,0.65,25,Nevada,Ensemble
2025-11-22,32,0,wk inc flu hosp,2025-11-22,quantile,0.7,26,Nevada,Ensemble
2025-11-22,32,0,wk inc flu hosp,2025-11-22,quantile,0.75,28,Nevada,Ensemble
2025-11-22,32,0,wk inc flu hosp,2025-11-22,quantile,0.8,29,Nevada,Ensemble
2025-11-22,32,0,wk inc flu hosp,2025-11-22,quantile,0.85,31,Nevada,Ensemble
2025-11-22,32,0,wk inc flu hosp,2025-11-22,quantile,0.9,33,Nevada,Ensemble
2025-11-22,32,0,wk inc flu hosp,2025-11-22,quantile,0.95,38,Nevada,Ensemble
2025-11-22,32,0,wk inc flu hosp,2025-11-22,quantile,0.975,42,Nevada,Ensemble
2025-11-22,32,0,wk inc flu hosp,2025-11-22,quantile,0.99,47,Nevada,Ensemble
2025-11-22,32,1,wk inc flu hosp,2025-11-29,quantile,0.01,8,Nevada,Ensemble
2025-11-22,32,1,wk inc flu hosp,2025-11-29,quantile,0.025,9,Nevada,Ensemble
2025-11-22,32,1,wk inc flu hosp,2025-11-29,quantile,0.05,11,Nevada,Ensemble
2025-11-22,32,1,wk inc flu hosp,2025-11-29,quantile,0.1,15,Nevada,Ensemble
2025-11-22,32,1,wk inc flu hosp,2025-11-29,quantile,0.15,17,Nevada,Ensemble
2025-11-22,32,1,wk inc flu hosp,2025-11-29,quantile,0.2,19,Nevada,Ensemble
2025-11-22,32,1,wk inc flu hosp,2025-11-29,quantile,0.25,20,Nevada,Ensemble
2025-11-22,32,1,wk inc flu hosp,2025-11-29,quantile,0.3,22,Nevada,Ensemble
2025-11-22,32,1,wk inc flu hosp,2025-11-29,quantile,0.35,24,Nevada,Ensemble
2025-11-22,32,1,wk inc flu hosp,2025-11-29,quantile,0.4,25,Nevada,Ensemble
2025-11-22,32,1,wk inc flu hosp,2025-11-29,quantile,0.45,26,Nevada,Ensemble
2025-11-22,32,1,wk inc flu hosp,2025-11-29,quantile,0.5,29,Nevada,Ensemble
2025-11-22,32,1,wk inc flu hosp,2025-11-29,quantile,0.55,31,Nevada,Ensemble
2025-11-22,32,1,wk inc flu hosp,2025-11-29,quantile,0.6,33,Nevada,Ensemble
2025-11-22,32,1,wk inc flu hosp,2025-11-29,quantile,0.65,34,Nevada,Ensemble
2025-11-22,32,1,wk inc flu hosp,2025-11-29,quantile,0.7,37,Nevada,Ensemble
2025-11-22,32,1,wk inc flu hosp,2025-11-29,quantile,0.75,39,Nevada,Ensemble
2025-11-22,32,1,wk inc flu hosp,2025-11-29,quantile,0.8,42,Nevada,Ensemble
2025-11-22,32,1,wk inc flu hosp,2025-11-29,quantile,0.85,45,Nevada,Ensemble
2025-11-22,32,1,wk inc flu hosp,2025-11-29,quantile,0.9,50,Nevada,Ensemble
2025-11-22,32,1,wk inc flu hosp,2025-11-29,quantile,0.95,58,Nevada,Ensemble
2025-11-22,32,1,wk inc flu hosp,2025-11-29,quantile,0.975,65,Nevada,Ensemble
2025-11-22,32,1,wk inc flu hosp,2025-11-29,quantile,0.99,77,Nevada,Ensemble
2025-11-22,32,2,wk inc flu hosp,2025-12-06,quantile,0.01,9,Nevada,Ensemble
2025-11-22,32,2,wk inc flu hosp,2025-12-06,quantile,0.025,11,Nevada,Ensemble
2025-11-22,32,2,wk inc flu hosp,2025-12-06,quantile,0.05,13,Nevada,Ensemble
2025-11-22,32,2,wk inc flu hosp,2025-12-06,quantile,0.1,18,Nevada,Ensemble
2025-11-22,32,2,wk inc flu hosp,2025-12-06,quantile,0.15,21,Nevada,Ensemble
2025-11-22,32,2,wk inc flu hosp,2025-12-06,quantile,0.2,24,Nevada,Ensemble
2025-11-22,32,2,wk inc flu hosp,2025-12-06,quantile,0.25,27,Nevada,Ensemble
2025-11-22,32,2,wk inc flu hosp,2025-12-06,quantile,0.3,29,Nevada,Ensemble
2025-11-22,32,2,wk inc flu hosp,2025-12-06,quantile,0.35,31,Nevada,Ensemble
2025-11-22,32,2,wk inc flu hosp,2025-12-06,quantile,0.4,33,Nevada,Ensemble
2025-11-22,32,2,wk inc flu hosp,2025-12-06,quantile,0.45,36,Nevada,Ensemble
2025-11-22,32,2,wk inc flu hosp,2025-12-06,quantile,0.5,39,Nevada,Ensemble
2025-11-22,32,2,wk inc flu hosp,2025-12-06,quantile,0.55,42,Nevada,Ensemble
2025-11-22,32,2,wk inc flu hosp,2025-12-06,quantile,0.6,45,Nevada,Ensemble
2025-11-22,32,2,wk inc flu hosp,2025-12-06,quantile,0.65,48,Nevada,Ensemble
2025-11-22,32,2,wk inc flu hosp,2025-12-06,quantile,0.7,52,Nevada,Ensemble
2025-11-22,32,2,wk inc flu hosp,2025-12-06,quantile,0.75,56,Nevada,Ensemble
2025-11-22,32,2,wk inc flu hosp,2025-12-06,quantile,0.8,60,Nevada,Ensemble
2025-11-22,32,2,wk inc flu hosp,2025-12-06,quantile,0.85,66,Nevada,Ensemble
2025-11-22,32,2,wk inc flu hosp,2025-12-06,quantile,0.9,75,Nevada,Ensemble
2025-11-22,32,2,wk inc flu hosp,2025-12-06,quantile,0.95,90,Nevada,Ensemble
2025-11-22,32,2,wk inc flu hosp,2025-12-06,quantile,0.975,103,Nevada,Ensemble
2025-11-22,32,2,wk inc flu hosp,2025-12-06,quantile,0.99,121,Nevada,Ensemble
2025-11-22,32,3,wk inc flu hosp,2025-12-13,quantile,0.01,12,Nevada,Ensemble
2025-11-22,32,3,wk inc flu hosp,2025-12-13,quantile,0.025,14,Nevada,Ensemble
2025-11-22,32,3,wk inc flu hosp,2025-12-13,quantile,0.05,17,Nevada,Ensemble
2025-11-22,32,3,wk inc flu hosp,2025-12-13,quantile,0.1,22,Nevada,Ensemble
2025-11-22,32,3,wk inc flu hosp,2025-12-13,quantile,0.15,27,Nevada,Ensemble
2025-11-22,32,3,wk inc flu hosp,2025-12-13,quantile,0.2,31,Nevada,Ensemble
2025-11-22,32,3,wk inc flu hosp,2025-12-13,quantile,0.25,35,Nevada,Ensemble
2025-11-22,32,3,wk inc flu hosp,2025-12-13,quantile,0.3,38,Nevada,Ensemble
2025-11-22,32,3,wk inc flu hosp,2025-12-13,quantile,0.35,42,Nevada,Ensemble
2025-11-22,32,3,wk inc flu hosp,2025-12-13,quantile,0.4,46,Nevada,Ensemble
2025-11-22,32,3,wk inc flu hosp,2025-12-13,quantile,0.45,49,Nevada,Ensemble
2025-11-22,32,3,wk inc flu hosp,2025-12-13,quantile,0.5,53,Nevada,Ensemble
2025-11-22,32,3,wk inc flu hosp,2025-12-13,quantile,0.55,58,Nevada,Ensemble
2025-11-22,32,3,wk inc flu hosp,2025-12-13,quantile,0.6,62,Nevada,Ensemble
2025-11-22,32,3,wk inc flu hosp,2025-12-13,quantile,0.65,68,Nevada,Ensemble
2025-11-22,32,3,wk inc flu hosp,2025-12-13,quantile,0.7,73,Nevada,Ensemble
2025-11-22,32,3,wk inc flu hosp,2025-12-13,quantile,0.75,79,Nevada,Ensemble
2025-11-22,32,3,wk inc flu hosp,2025-12-13,quantile,0.8,88,Nevada,Ensemble
2025-11-22,32,3,wk inc flu hosp,2025-12-13,quantile,0.85,97,Nevada,Ensemble
2025-11-22,32,3,wk inc flu hosp,2025-12-13,quantile,0.9,111,Nevada,Ensemble
2025-11-22,32,3,wk inc flu hosp,2025-12-13,quantile,0.95,134,Nevada,Ensemble
2025-11-22,32,3,wk inc flu hosp,2025-12-13,quantile,0.975,157,Nevada,Ensemble
2025-11-22,32,3,wk inc flu hosp,2025-12-13,quantile,0.99,183,Nevada,Ensemble
2025-11-22,33,0,wk inc flu hosp,2025-11-22,quantile,0.01,0,New Hampshire,Ensemble
2025-11-22,33,0,wk inc flu hosp,2025-11-22,quantile,0.025,0,New Hampshire,Ensemble
2025-11-22,33,0,wk inc flu hosp,2025-11-22,quantile,0.05,1,New Hampshire,Ensemble
2025-11-22,33,0,wk inc flu hosp,2025-11-22,quantile,0.1,1,New Hampshire,Ensemble
2025-11-22,33,0,wk inc flu hosp,2025-11-22,quantile,0.15,2,New Hampshire,Ensemble
2025-11-22,33,0,wk inc flu hosp,2025-11-22,quantile,0.2,2,New Hampshire,Ensemble
2025-11-22,33,0,wk inc flu hosp,2025-11-22,quantile,0.25,2,New Hampshire,Ensemble
2025-11-22,33,0,wk inc flu hosp,2025-11-22,quantile,0.3,3,New Hampshire,Ensemble
2025-11-22,33,0,wk inc flu hosp,2025-11-22,quantile,0.35,3,New Hampshire,Ensemble
2025-11-22,33,0,wk inc flu hosp,2025-11-22,quantile,0.4,3,New Hampshire,Ensemble
2025-11-22,33,0,wk inc flu hosp,2025-11-22,quantile,0.45,4,New Hampshire,Ensemble
2025-11-22,33,0,wk inc flu hosp,2025-11-22,quantile,0.5,5,New Hampshire,Ensemble
2025-11-22,33,0,wk inc flu hosp,2025-11-22,quantile,0.55,5,New Hampshire,Ensemble
2025-11-22,33,0,wk inc flu hosp,2025-11-22,quantile,0.6,5,New Hampshire,Ensemble
2025-11-22,33,0,wk inc flu hosp,2025-11-22,quantile,0.65,6,New Hampshire,Ensemble
2025-11-22,33,0,wk inc flu hosp,2025-11-22,quantile,0.7,6,New Hampshire,Ensemble
2025-11-22,33,0,wk inc flu hosp,2025-11-22,quantile,0.75,7,New Hampshire,Ensemble
2025-11-22,33,0,wk inc flu hosp,2025-11-22,quantile,0.8,7,New Hampshire,Ensemble
2025-11-22,33,0,wk inc flu hosp,2025-11-22,quantile,0.85,8,New Hampshire,Ensemble
2025-11-22,33,0,wk inc flu hosp,2025-11-22,quantile,0.9,9,New Hampshire,Ensemble
2025-11-22,33,0,wk inc flu hosp,2025-11-22,quantile,0.95,11,New Hampshire,Ensemble
2025-11-22,33,0,wk inc flu hosp,2025-11-22,quantile,0.975,13,New Hampshire,Ensemble
2025-11-22,33,0,wk inc flu hosp,2025-11-22,quantile,0.99,14,New Hampshire,Ensemble
2025-11-22,33,1,wk inc flu hosp,2025-11-29,quantile,0.01,0,New Hampshire,Ensemble
2025-11-22,33,1,wk inc flu hosp,2025-11-29,quantile,0.025,0,New Hampshire,Ensemble
2025-11-22,33,1,wk inc flu hosp,2025-11-29,quantile,0.05,1,New Hampshire,Ensemble
2025-11-22,33,1,wk inc flu hosp,2025-11-29,quantile,0.1,1,New Hampshire,Ensemble
2025-11-22,33,1,wk inc flu hosp,2025-11-29,quantile,0.15,2,New Hampshire,Ensemble
2025-11-22,33,1,wk inc flu hosp,2025-11-29,quantile,0.2,3,New Hampshire,Ensemble
2025-11-22,33,1,wk inc flu hosp,2025-11-29,quantile,0.25,3,New Hampshire,Ensemble
2025-11-22,33,1,wk inc flu hosp,2025-11-29,quantile,0.3,4,New Hampshire,Ensemble
2025-11-22,33,1,wk inc flu hosp,2025-11-29,quantile,0.35,4,New Hampshire,Ensemble
2025-11-22,33,1,wk inc flu hosp,2025-11-29,quantile,0.4,5,New Hampshire,Ensemble
2025-11-22,33,1,wk inc flu hosp,2025-11-29,quantile,0.45,5,New Hampshire,Ensemble
2025-11-22,33,1,wk inc flu hosp,2025-11-29,quantile,0.5,7,New Hampshire,Ensemble
2025-11-22,33,1,wk inc flu hosp,2025-11-29,quantile,0.55,7,New Hampshire,Ensemble
2025-11-22,33,1,wk inc flu hosp,2025-11-29,quantile,0.6,8,New Hampshire,Ensemble
2025-11-22,33,1,wk inc flu hosp,2025-11-29,quantile,0.65,9,New Hampshire,Ensemble
2025-11-22,33,1,wk inc flu hosp,2025-11-29,quantile,0.7,9,New Hampshire,Ensemble
2025-11-22,33,1,wk inc flu hosp,2025-11-29,quantile,0.75,10,New Hampshire,Ensemble
2025-11-22,33,1,wk inc flu hosp,2025-11-29,quantile,0.8,11,New Hampshire,Ensemble
2025-11-22,33,1,wk inc flu hosp,2025-11-29,quantile,0.85,12,New Hampshire,Ensemble
2025-11-22,33,1,wk inc flu hosp,2025-11-29,quantile,0.9,14,New Hampshire,Ensemble
2025-11-22,33,1,wk inc flu hosp,2025-11-29,quantile,0.95,17,New Hampshire,Ensemble
2025-11-22,33,1,wk inc flu hosp,2025-11-29,quantile,0.975,21,New Hampshire,Ensemble
2025-11-22,33,1,wk inc flu hosp,2025-11-29,quantile,0.99,24,New Hampshire,Ensemble
2025-11-22,33,2,wk inc flu hosp,2025-12-06,quantile,0.01,0,New Hampshire,Ensemble
2025-11-22,33,2,wk inc flu hosp,2025-12-06,quantile,0.025,1,New Hampshire,Ensemble
2025-11-22,33,2,wk inc flu hosp,2025-12-06,quantile,0.05,1,New Hampshire,Ensemble
2025-11-22,33,2,wk inc flu hosp,2025-12-06,quantile,0.1,2,New Hampshire,Ensemble
2025-11-22,33,2,wk inc flu hosp,2025-12-06,quantile,0.15,3,New Hampshire,Ensemble
2025-11-22,33,2,wk inc flu hosp,2025-12-06,quantile,0.2,4,New Hampshire,Ensemble
2025-11-22,33,2,wk inc flu hosp,2025-12-06,quantile,0.25,5,New Hampshire,Ensemble
2025-11-22,33,2,wk inc flu hosp,2025-12-06,quantile,0.3,6,New Hampshire,Ensemble
2025-11-22,33,2,wk inc flu hosp,2025-12-06,quantile,0.35,6,New Hampshire,Ensemble
2025-11-22,33,2,wk inc flu hosp,2025-12-06,quantile,0.4,7,New Hampshire,Ensemble
2025-11-22,33,2,wk inc flu hosp,2025-12-06,quantile,0.45,8,New Hampshire,Ensemble
2025-11-22,33,2,wk inc flu hosp,2025-12-06,quantile,0.5,10,New Hampshire,Ensemble
2025-11-22,33,2,wk inc flu hosp,2025-12-06,quantile,0.55,11,New Hampshire,Ensemble
2025-11-22,33,2,wk inc flu hosp,2025-12-06,quantile,0.6,11,New Hampshire,Ensemble
2025-11-22,33,2,wk inc flu hosp,2025-12-06,quantile,0.65,12,New Hampshire,Ensemble
2025-11-22,33,2,wk inc flu hosp,2025-12-06,quantile,0.7,14,New Hampshire,Ensemble
2025-11-22,33,2,wk inc flu hosp,2025-12-06,quantile,0.75,15,New Hampshire,Ensemble
2025-11-22,33,2,wk inc flu hosp,2025-12-06,quantile,0.8,17,New Hampshire,Ensemble
2025-11-22,33,2,wk inc flu hosp,2025-12-06,quantile,0.85,19,New Hampshire,Ensemble
2025-11-22,33,2,wk inc flu hosp,2025-12-06,quantile,0.9,22,New Hampshire,Ensemble
2025-11-22,33,2,wk inc flu hosp,2025-12-06,quantile,0.95,29,New Hampshire,Ensemble
2025-11-22,33,2,wk inc flu hosp,2025-12-06,quantile,0.975,36,New Hampshire,Ensemble
2025-11-22,33,2,wk inc flu hosp,2025-12-06,quantile,0.99,42,New Hampshire,Ensemble
2025-11-22,33,3,wk inc flu hosp,2025-12-13,quantile,0.01,1,New Hampshire,Ensemble
2025-11-22,33,3,wk inc flu hosp,2025-12-13,quantile,0.025,2,New Hampshire,Ensemble
2025-11-22,33,3,wk inc flu hosp,2025-12-13,quantile,0.05,2,New Hampshire,Ensemble
2025-11-22,33,3,wk inc flu hosp,2025-12-13,quantile,0.1,4,New Hampshire,Ensemble
2025-11-22,33,3,wk inc flu hosp,2025-12-13,quantile,0.15,5,New Hampshire,Ensemble
2025-11-22,33,3,wk inc flu hosp,2025-12-13,quantile,0.2,6,New Hampshire,Ensemble
2025-11-22,33,3,wk inc flu hosp,2025-12-13,quantile,0.25,8,New Hampshire,Ensemble
2025-11-22,33,3,wk inc flu hosp,2025-12-13,quantile,0.3,9,New Hampshire,Ensemble
2025-11-22,33,3,wk inc flu hosp,2025-12-13,quantile,0.35,10,New Hampshire,Ensemble
2025-11-22,33,3,wk inc flu hosp,2025-12-13,quantile,0.4,11,New Hampshire,Ensemble
2025-11-22,33,3,wk inc flu hosp,2025-12-13,quantile,0.45,12,New Hampshire,Ensemble
2025-11-22,33,3,wk inc flu hosp,2025-12-13,quantile,0.5,14,New Hampshire,Ensemble
2025-11-22,33,3,wk inc flu hosp,2025-12-13,quantile,0.55,15,New Hampshire,Ensemble
2025-11-22,33,3,wk inc flu hosp,2025-12-13,quantile,0.6,16,New Hampshire,Ensemble
2025-11-22,33,3,wk inc flu hosp,2025-12-13,quantile,0.65,18,New Hampshire,Ensemble
2025-11-22,33,3,wk inc flu hosp,2025-12-13,quantile,0.7,19,New Hampshire,Ensemble
2025-11-22,33,3,wk inc flu hosp,2025-12-13,quantile,0.75,22,New Hampshire,Ensemble
2025-11-22,33,3,wk inc flu hosp,2025-12-13,quantile,0.8,24,New Hampshire,Ensemble
2025-11-22,33,3,wk inc flu hosp,2025-12-13,quantile,0.85,28,New Hampshire,Ensemble
2025-11-22,33,3,wk inc flu hosp,2025-12-13,quantile,0.9,35,New Hampshire,Ensemble
2025-11-22,33,3,wk inc flu hosp,2025-12-13,quantile,0.95,48,New Hampshire,Ensemble
2025-11-22,33,3,wk inc flu hosp,2025-12-13,quantile,0.975,59,New Hampshire,Ensemble
2025-11-22,33,3,wk inc flu hosp,2025-12-13,quantile,0.99,70,New Hampshire,Ensemble
2025-11-22,34,0,wk inc flu hosp,2025-11-22,quantile,0.01,28,New Jersey,Ensemble
2025-11-22,34,0,wk inc flu hosp,2025-11-22,quantile,0.025,31,New Jersey,Ensemble
2025-11-22,34,0,wk inc flu hosp,2025-11-22,quantile,0.05,34,New Jersey,Ensemble
2025-11-22,34,0,wk inc flu hosp,2025-11-22,quantile,0.1,41,New Jersey,Ensemble
2025-11-22,34,0,wk inc flu hosp,2025-11-22,quantile,0.15,46,New Jersey,Ensemble
2025-11-22,34,0,wk inc flu hosp,2025-11-22,quantile,0.2,51,New Jersey,Ensemble
2025-11-22,34,0,wk inc flu hosp,2025-11-22,quantile,0.25,53,New Jersey,Ensemble
2025-11-22,34,0,wk inc flu hosp,2025-11-22,quantile,0.3,56,New Jersey,Ensemble
2025-11-22,34,0,wk inc flu hosp,2025-11-22,quantile,0.35,59,New Jersey,Ensemble
2025-11-22,34,0,wk inc flu hosp,2025-11-22,quantile,0.4,62,New Jersey,Ensemble
2025-11-22,34,0,wk inc flu hosp,2025-11-22,quantile,0.45,66,New Jersey,Ensemble
2025-11-22,34,0,wk inc flu hosp,2025-11-22,quantile,0.5,71,New Jersey,Ensemble
2025-11-22,34,0,wk inc flu hosp,2025-11-22,quantile,0.55,74,New Jersey,Ensemble
2025-11-22,34,0,wk inc flu hosp,2025-11-22,quantile,0.6,77,New Jersey,Ensemble
2025-11-22,34,0,wk inc flu hosp,2025-11-22,quantile,0.65,80,New Jersey,Ensemble
2025-11-22,34,0,wk inc flu hosp,2025-11-22,quantile,0.7,84,New Jersey,Ensemble
2025-11-22,34,0,wk inc flu hosp,2025-11-22,quantile,0.75,88,New Jersey,Ensemble
2025-11-22,34,0,wk inc flu hosp,2025-11-22,quantile,0.8,92,New Jersey,Ensemble
2025-11-22,34,0,wk inc flu hosp,2025-11-22,quantile,0.85,99,New Jersey,Ensemble
2025-11-22,34,0,wk inc flu hosp,2025-11-22,quantile,0.9,106,New Jersey,Ensemble
2025-11-22,34,0,wk inc flu hosp,2025-11-22,quantile,0.95,120,New Jersey,Ensemble
2025-11-22,34,0,wk inc flu hosp,2025-11-22,quantile,0.975,134,New Jersey,Ensemble
2025-11-22,34,0,wk inc flu hosp,2025-11-22,quantile,0.99,153,New Jersey,Ensemble
2025-11-22,34,1,wk inc flu hosp,2025-11-29,quantile,0.01,31,New Jersey,Ensemble
2025-11-22,34,1,wk inc flu hosp,2025-11-29,quantile,0.025,34,New Jersey,Ensemble
2025-11-22,34,1,wk inc flu hosp,2025-11-29,quantile,0.05,39,New Jersey,Ensemble
2025-11-22,34,1,wk inc flu hosp,2025-11-29,quantile,0.1,44,New Jersey,Ensemble
2025-11-22,34,1,wk inc flu hosp,2025-11-29,quantile,0.15,53,New Jersey,Ensemble
2025-11-22,34,1,wk inc flu hosp,2025-11-29,quantile,0.2,60,New Jersey,Ensemble
2025-11-22,34,1,wk inc flu hosp,2025-11-29,quantile,0.25,66,New Jersey,Ensemble
2025-11-22,34,1,wk inc flu hosp,2025-11-29,quantile,0.3,72,New Jersey,Ensemble
2025-11-22,34,1,wk inc flu hosp,2025-11-29,quantile,0.35,77,New Jersey,Ensemble
2025-11-22,34,1,wk inc flu hosp,2025-11-29,quantile,0.4,84,New Jersey,Ensemble
2025-11-22,34,1,wk inc flu hosp,2025-11-29,quantile,0.45,91,New Jersey,Ensemble
2025-11-22,34,1,wk inc flu hosp,2025-11-29,quantile,0.5,98,New Jersey,Ensemble
2025-11-22,34,1,wk inc flu hosp,2025-11-29,quantile,0.55,104,New Jersey,Ensemble
2025-11-22,34,1,wk inc flu hosp,2025-11-29,quantile,0.6,109,New Jersey,Ensemble
2025-11-22,34,1,wk inc flu hosp,2025-11-29,quantile,0.65,115,New Jersey,Ensemble
2025-11-22,34,1,wk inc flu hosp,2025-11-29,quantile,0.7,121,New Jersey,Ensemble
2025-11-22,34,1,wk inc flu hosp,2025-11-29,quantile,0.75,128,New Jersey,Ensemble
2025-11-22,34,1,wk inc flu hosp,2025-11-29,quantile,0.8,136,New Jersey,Ensemble
2025-11-22,34,1,wk inc flu hosp,2025-11-29,quantile,0.85,146,New Jersey,Ensemble
2025-11-22,34,1,wk inc flu hosp,2025-11-29,quantile,0.9,161,New Jersey,Ensemble
2025-11-22,34,1,wk inc flu hosp,2025-11-29,quantile,0.95,190,New Jersey,Ensemble
2025-11-22,34,1,wk inc flu hosp,2025-11-29,quantile,0.975,222,New Jersey,Ensemble
2025-11-22,34,1,wk inc flu hosp,2025-11-29,quantile,0.99,253,New Jersey,Ensemble
2025-11-22,34,2,wk inc flu hosp,2025-12-06,quantile,0.01,34,New Jersey,Ensemble
2025-11-22,34,2,wk inc flu hosp,2025-12-06,quantile,0.025,39,New Jersey,Ensemble
2025-11-22,34,2,wk inc flu hosp,2025-12-06,quantile,0.05,44,New Jersey,Ensemble
2025-11-22,34,2,wk inc flu hosp,2025-12-06,quantile,0.1,54,New Jersey,Ensemble
2025-11-22,34,2,wk inc flu hosp,2025-12-06,quantile,0.15,62,New Jersey,Ensemble
2025-11-22,34,2,wk inc flu hosp,2025-12-06,quantile,0.2,73,New Jersey,Ensemble
2025-11-22,34,2,wk inc flu hosp,2025-12-06,quantile,0.25,82,New Jersey,Ensemble
2025-11-22,34,2,wk inc flu hosp,2025-12-06,quantile,0.3,92,New Jersey,Ensemble
2025-11-22,34,2,wk inc flu hosp,2025-12-06,quantile,0.35,100,New Jersey,Ensemble
2025-11-22,34,2,wk inc flu hosp,2025-12-06,quantile,0.4,111,New Jersey,Ensemble
2025-11-22,34,2,wk inc flu hosp,2025-12-06,quantile,0.45,123,New Jersey,Ensemble
2025-11-22,34,2,wk inc flu hosp,2025-12-06,quantile,0.5,133,New Jersey,Ensemble
2025-11-22,34,2,wk inc flu hosp,2025-12-06,quantile,0.55,142,New Jersey,Ensemble
2025-11-22,34,2,wk inc flu hosp,2025-12-06,quantile,0.6,151,New Jersey,Ensemble
2025-11-22,34,2,wk inc flu hosp,2025-12-06,quantile,0.65,161,New Jersey,Ensemble
2025-11-22,34,2,wk inc flu hosp,2025-12-06,quantile,0.7,171,New Jersey,Ensemble
2025-11-22,34,2,wk inc flu hosp,2025-12-06,quantile,0.75,183,New Jersey,Ensemble
2025-11-22,34,2,wk inc flu hosp,2025-12-06,quantile,0.8,198,New Jersey,Ensemble
2025-11-22,34,2,wk inc flu hosp,2025-12-06,quantile,0.85,215,New Jersey,Ensemble
2025-11-22,34,2,wk inc flu hosp,2025-12-06,quantile,0.9,241,New Jersey,Ensemble
2025-11-22,34,2,wk inc flu hosp,2025-12-06,quantile,0.95,294,New Jersey,Ensemble
2025-11-22,34,2,wk inc flu hosp,2025-12-06,quantile,0.975,352,New Jersey,Ensemble
2025-11-22,34,2,wk inc flu hosp,2025-12-06,quantile,0.99,413,New Jersey,Ensemble
2025-11-22,34,3,wk inc flu hosp,2025-12-13,quantile,0.01,41,New Jersey,Ensemble
2025-11-22,34,3,wk inc flu hosp,2025-12-13,quantile,0.025,47,New Jersey,Ensemble
2025-11-22,34,3,wk inc flu hosp,2025-12-13,quantile,0.05,55,New Jersey,Ensemble
2025-11-22,34,3,wk inc flu hosp,2025-12-13,quantile,0.1,67,New Jersey,Ensemble
2025-11-22,34,3,wk inc flu hosp,2025-12-13,quantile,0.15,76,New Jersey,Ensemble
2025-11-22,34,3,wk inc flu hosp,2025-12-13,quantile,0.2,88,New Jersey,Ensemble
2025-11-22,34,3,wk inc flu hosp,2025-12-13,quantile,0.25,100,New Jersey,Ensemble
2025-11-22,34,3,wk inc flu hosp,2025-12-13,quantile,0.3,113,New Jersey,Ensemble
2025-11-22,34,3,wk inc flu hosp,2025-12-13,quantile,0.35,127,New Jersey,Ensemble
2025-11-22,34,3,wk inc flu hosp,2025-12-13,quantile,0.4,142,New Jersey,Ensemble
2025-11-22,34,3,wk inc flu hosp,2025-12-13,quantile,0.45,160,New Jersey,Ensemble
2025-11-22,34,3,wk inc flu hosp,2025-12-13,quantile,0.5,176,New Jersey,Ensemble
2025-11-22,34,3,wk inc flu hosp,2025-12-13,quantile,0.55,188,New Jersey,Ensemble
2025-11-22,34,3,wk inc flu hosp,2025-12-13,quantile,0.6,201,New Jersey,Ensemble
2025-11-22,34,3,wk inc flu hosp,2025-12-13,quantile,0.65,214,New Jersey,Ensemble
2025-11-22,34,3,wk inc flu hosp,2025-12-13,quantile,0.7,230,New Jersey,Ensemble
2025-11-22,34,3,wk inc flu hosp,2025-12-13,quantile,0.75,249,New Jersey,Ensemble
2025-11-22,34,3,wk inc flu hosp,2025-12-13,quantile,0.8,270,New Jersey,Ensemble
2025-11-22,34,3,wk inc flu hosp,2025-12-13,quantile,0.85,297,New Jersey,Ensemble
2025-11-22,34,3,wk inc flu hosp,2025-12-13,quantile,0.9,336,New Jersey,Ensemble
2025-11-22,34,3,wk inc flu hosp,2025-12-13,quantile,0.95,417,New Jersey,Ensemble
2025-11-22,34,3,wk inc flu hosp,2025-12-13,quantile,0.975,504,New Jersey,Ensemble
2025-11-22,34,3,wk inc flu hosp,2025-12-13,quantile,0.99,594,New Jersey,Ensemble
2025-11-22,35,0,wk inc flu hosp,2025-11-22,quantile,0.01,7,New Mexico,Ensemble
2025-11-22,35,0,wk inc flu hosp,2025-11-22,quantile,0.025,8,New Mexico,Ensemble
2025-11-22,35,0,wk inc flu hosp,2025-11-22,quantile,0.05,9,New Mexico,Ensemble
2025-11-22,35,0,wk inc flu hosp,2025-11-22,quantile,0.1,10,New Mexico,Ensemble
2025-11-22,35,0,wk inc flu hosp,2025-11-22,quantile,0.15,11,New Mexico,Ensemble
2025-11-22,35,0,wk inc flu hosp,2025-11-22,quantile,0.2,12,New Mexico,Ensemble
2025-11-22,35,0,wk inc flu hosp,2025-11-22,quantile,0.25,13,New Mexico,Ensemble
2025-11-22,35,0,wk inc flu hosp,2025-11-22,quantile,0.3,14,New Mexico,Ensemble
2025-11-22,35,0,wk inc flu hosp,2025-11-22,quantile,0.35,15,New Mexico,Ensemble
2025-11-22,35,0,wk inc flu hosp,2025-11-22,quantile,0.4,15,New Mexico,Ensemble
2025-11-22,35,0,wk inc flu hosp,2025-11-22,quantile,0.45,16,New Mexico,Ensemble
2025-11-22,35,0,wk inc flu hosp,2025-11-22,quantile,0.5,18,New Mexico,Ensemble
2025-11-22,35,0,wk inc flu hosp,2025-11-22,quantile,0.55,19,New Mexico,Ensemble
2025-11-22,35,0,wk inc flu hosp,2025-11-22,quantile,0.6,20,New Mexico,Ensemble
2025-11-22,35,0,wk inc flu hosp,2025-11-22,quantile,0.65,21,New Mexico,Ensemble
2025-11-22,35,0,wk inc flu hosp,2025-11-22,quantile,0.7,22,New Mexico,Ensemble
2025-11-22,35,0,wk inc flu hosp,2025-11-22,quantile,0.75,23,New Mexico,Ensemble
2025-11-22,35,0,wk inc flu hosp,2025-11-22,quantile,0.8,24,New Mexico,Ensemble
2025-11-22,35,0,wk inc flu hosp,2025-11-22,quantile,0.85,26,New Mexico,Ensemble
2025-11-22,35,0,wk inc flu hosp,2025-11-22,quantile,0.9,28,New Mexico,Ensemble
2025-11-22,35,0,wk inc flu hosp,2025-11-22,quantile,0.95,31,New Mexico,Ensemble
2025-11-22,35,0,wk inc flu hosp,2025-11-22,quantile,0.975,35,New Mexico,Ensemble
2025-11-22,35,0,wk inc flu hosp,2025-11-22,quantile,0.99,39,New Mexico,Ensemble
2025-11-22,35,1,wk inc flu hosp,2025-11-29,quantile,0.01,8,New Mexico,Ensemble
2025-11-22,35,1,wk inc flu hosp,2025-11-29,quantile,0.025,9,New Mexico,Ensemble
2025-11-22,35,1,wk inc flu hosp,2025-11-29,quantile,0.05,11,New Mexico,Ensemble
2025-11-22,35,1,wk inc flu hosp,2025-11-29,quantile,0.1,13,New Mexico,Ensemble
2025-11-22,35,1,wk inc flu hosp,2025-11-29,quantile,0.15,15,New Mexico,Ensemble
2025-11-22,35,1,wk inc flu hosp,2025-11-29,quantile,0.2,16,New Mexico,Ensemble
2025-11-22,35,1,wk inc flu hosp,2025-11-29,quantile,0.25,18,New Mexico,Ensemble
2025-11-22,35,1,wk inc flu hosp,2025-11-29,quantile,0.3,19,New Mexico,Ensemble
2025-11-22,35,1,wk inc flu hosp,2025-11-29,quantile,0.35,21,New Mexico,Ensemble
2025-11-22,35,1,wk inc flu hosp,2025-11-29,quantile,0.4,22,New Mexico,Ensemble
2025-11-22,35,1,wk inc flu hosp,2025-11-29,quantile,0.45,23,New Mexico,Ensemble
2025-11-22,35,1,wk inc flu hosp,2025-11-29,quantile,0.5,26,New Mexico,Ensemble
2025-11-22,35,1,wk inc flu hosp,2025-11-29,quantile,0.55,27,New Mexico,Ensemble
2025-11-22,35,1,wk inc flu hosp,2025-11-29,quantile,0.6,28,New Mexico,Ensemble
2025-11-22,35,1,wk inc flu hosp,2025-11-29,quantile,0.65,30,New Mexico,Ensemble
2025-11-22,35,1,wk inc flu hosp,2025-11-29,quantile,0.7,31,New Mexico,Ensemble
2025-11-22,35,1,wk inc flu hosp,2025-11-29,quantile,0.75,33,New Mexico,Ensemble
2025-11-22,35,1,wk inc flu hosp,2025-11-29,quantile,0.8,36,New Mexico,Ensemble
2025-11-22,35,1,wk inc flu hosp,2025-11-29,quantile,0.85,39,New Mexico,Ensemble
2025-11-22,35,1,wk inc flu hosp,2025-11-29,quantile,0.9,43,New Mexico,Ensemble
2025-11-22,35,1,wk inc flu hosp,2025-11-29,quantile,0.95,49,New Mexico,Ensemble
2025-11-22,35,1,wk inc flu hosp,2025-11-29,quantile,0.975,56,New Mexico,Ensemble
2025-11-22,35,1,wk inc flu hosp,2025-11-29,quantile,0.99,65,New Mexico,Ensemble
2025-11-22,35,2,wk inc flu hosp,2025-12-06,quantile,0.01,11,New Mexico,Ensemble
2025-11-22,35,2,wk inc flu hosp,2025-12-06,quantile,0.025,12,New Mexico,Ensemble
2025-11-22,35,2,wk inc flu hosp,2025-12-06,quantile,0.05,14,New Mexico,Ensemble
2025-11-22,35,2,wk inc flu hosp,2025-12-06,quantile,0.1,17,New Mexico,Ensemble
2025-11-22,35,2,wk inc flu hosp,2025-12-06,quantile,0.15,20,New Mexico,Ensemble
2025-11-22,35,2,wk inc flu hosp,2025-12-06,quantile,0.2,22,New Mexico,Ensemble
2025-11-22,35,2,wk inc flu hosp,2025-12-06,quantile,0.25,24,New Mexico,Ensemble
2025-11-22,35,2,wk inc flu hosp,2025-12-06,quantile,0.3,27,New Mexico,Ensemble
2025-11-22,35,2,wk inc flu hosp,2025-12-06,quantile,0.35,29,New Mexico,Ensemble
2025-11-22,35,2,wk inc flu hosp,2025-12-06,quantile,0.4,31,New Mexico,Ensemble
2025-11-22,35,2,wk inc flu hosp,2025-12-06,quantile,0.45,33,New Mexico,Ensemble
2025-11-22,35,2,wk inc flu hosp,2025-12-06,quantile,0.5,36,New Mexico,Ensemble
2025-11-22,35,2,wk inc flu hosp,2025-12-06,quantile,0.55,38,New Mexico,Ensemble
2025-11-22,35,2,wk inc flu hosp,2025-12-06,quantile,0.6,40,New Mexico,Ensemble
2025-11-22,35,2,wk inc flu hosp,2025-12-06,quantile,0.65,43,New Mexico,Ensemble
2025-11-22,35,2,wk inc flu hosp,2025-12-06,quantile,0.7,46,New Mexico,Ensemble
2025-11-22,35,2,wk inc flu hosp,2025-12-06,quantile,0.75,49,New Mexico,Ensemble
2025-11-22,35,2,wk inc flu hosp,2025-12-06,quantile,0.8,53,New Mexico,Ensemble
2025-11-22,35,2,wk inc flu hosp,2025-12-06,quantile,0.85,58,New Mexico,Ensemble
2025-11-22,35,2,wk inc flu hosp,2025-12-06,quantile,0.9,66,New Mexico,Ensemble
2025-11-22,35,2,wk inc flu hosp,2025-12-06,quantile,0.95,77,New Mexico,Ensemble
2025-11-22,35,2,wk inc flu hosp,2025-12-06,quantile,0.975,90,New Mexico,Ensemble
2025-11-22,35,2,wk inc flu hosp,2025-12-06,quantile,0.99,107,New Mexico,Ensemble
2025-11-22,35,3,wk inc flu hosp,2025-12-13,quantile,0.01,14,New Mexico,Ensemble
2025-11-22,35,3,wk inc flu hosp,2025-12-13,quantile,0.025,16,New Mexico,Ensemble
2025-11-22,35,3,wk inc flu hosp,2025-12-13,quantile,0.05,18,New Mexico,Ensemble
2025-11-22,35,3,wk inc flu hosp,2025-12-13,quantile,0.1,22,New Mexico,Ensemble
2025-11-22,35,3,wk inc flu hosp,2025-12-13,quantile,0.15,25,New Mexico,Ensemble
2025-11-22,35,3,wk inc flu hosp,2025-12-13,quantile,0.2,27,New Mexico,Ensemble
2025-11-22,35,3,wk inc flu hosp,2025-12-13,quantile,0.25,31,New Mexico,Ensemble
2025-11-22,35,3,wk inc flu hosp,2025-12-13,quantile,0.3,34,New Mexico,Ensemble
2025-11-22,35,3,wk inc flu hosp,2025-12-13,quantile,0.35,37,New Mexico,Ensemble
2025-11-22,35,3,wk inc flu hosp,2025-12-13,quantile,0.4,40,New Mexico,Ensemble
2025-11-22,35,3,wk inc flu hosp,2025-12-13,quantile,0.45,43,New Mexico,Ensemble
2025-11-22,35,3,wk inc flu hosp,2025-12-13,quantile,0.5,47,New Mexico,Ensemble
2025-11-22,35,3,wk inc flu hosp,2025-12-13,quantile,0.55,50,New Mexico,Ensemble
2025-11-22,35,3,wk inc flu hosp,2025-12-13,quantile,0.6,53,New Mexico,Ensemble
2025-11-22,35,3,wk inc flu hosp,2025-12-13,quantile,0.65,57,New Mexico,Ensemble
2025-11-22,35,3,wk inc flu hosp,2025-12-13,quantile,0.7,62,New Mexico,Ensemble
2025-11-22,35,3,wk inc flu hosp,2025-12-13,quantile,0.75,67,New Mexico,Ensemble
2025-11-22,35,3,wk inc flu hosp,2025-12-13,quantile,0.8,73,New Mexico,Ensemble
2025-11-22,35,3,wk inc flu hosp,2025-12-13,quantile,0.85,81,New Mexico,Ensemble
2025-11-22,35,3,wk inc flu hosp,2025-12-13,quantile,0.9,93,New Mexico,Ensemble
2025-11-22,35,3,wk inc flu hosp,2025-12-13,quantile,0.95,114,New Mexico,Ensemble
2025-11-22,35,3,wk inc flu hosp,2025-12-13,quantile,0.975,131,New Mexico,Ensemble
2025-11-22,35,3,wk inc flu hosp,2025-12-13,quantile,0.99,156,New Mexico,Ensemble
2025-11-22,36,0,wk inc flu hosp,2025-11-22,quantile,0.01,101,New York,Ensemble
2025-11-22,36,0,wk inc flu hosp,2025-11-22,quantile,0.025,110,New York,Ensemble
2025-11-22,36,0,wk inc flu hosp,2025-11-22,quantile,0.05,120,New York,Ensemble
2025-11-22,36,0,wk inc flu hosp,2025-11-22,quantile,0.1,142,New York,Ensemble
2025-11-22,36,0,wk inc flu hosp,2025-11-22,quantile,0.15,155,New York,Ensemble
2025-11-22,36,0,wk inc flu hosp,2025-11-22,quantile,0.2,165,New York,Ensemble
2025-11-22,36,0,wk inc flu hosp,2025-11-22,quantile,0.25,175,New York,Ensemble
2025-11-22,36,0,wk inc flu hosp,2025-11-22,quantile,0.3,183,New York,Ensemble
2025-11-22,36,0,wk inc flu hosp,2025-11-22,quantile,0.35,193,New York,Ensemble
2025-11-22,36,0,wk inc flu hosp,2025-11-22,quantile,0.4,202,New York,Ensemble
2025-11-22,36,0,wk inc flu hosp,2025-11-22,quantile,0.45,209,New York,Ensemble
2025-11-22,36,0,wk inc flu hosp,2025-11-22,quantile,0.5,217,New York,Ensemble
2025-11-22,36,0,wk inc flu hosp,2025-11-22,quantile,0.55,225,New York,Ensemble
2025-11-22,36,0,wk inc flu hosp,2025-11-22,quantile,0.6,232,New York,Ensemble
2025-11-22,36,0,wk inc flu hosp,2025-11-22,quantile,0.65,242,New York,Ensemble
2025-11-22,36,0,wk inc flu hosp,2025-11-22,quantile,0.7,250,New York,Ensemble
2025-11-22,36,0,wk inc flu hosp,2025-11-22,quantile,0.75,260,New York,Ensemble
2025-11-22,36,0,wk inc flu hosp,2025-11-22,quantile,0.8,273,New York,Ensemble
2025-11-22,36,0,wk inc flu hosp,2025-11-22,quantile,0.85,293,New York,Ensemble
2025-11-22,36,0,wk inc flu hosp,2025-11-22,quantile,0.9,314,New York,Ensemble
2025-11-22,36,0,wk inc flu hosp,2025-11-22,quantile,0.95,344,New York,Ensemble
2025-11-22,36,0,wk inc flu hosp,2025-11-22,quantile,0.975,380,New York,Ensemble
2025-11-22,36,0,wk inc flu hosp,2025-11-22,quantile,0.99,429,New York,Ensemble
2025-11-22,36,1,wk inc flu hosp,2025-11-29,quantile,0.01,121,New York,Ensemble
2025-11-22,36,1,wk inc flu hosp,2025-11-29,quantile,0.025,137,New York,Ensemble
2025-11-22,36,1,wk inc flu hosp,2025-11-29,quantile,0.05,150,New York,Ensemble
2025-11-22,36,1,wk inc flu hosp,2025-11-29,quantile,0.1,175,New York,Ensemble
2025-11-22,36,1,wk inc flu hosp,2025-11-29,quantile,0.15,198,New York,Ensemble
2025-11-22,36,1,wk inc flu hosp,2025-11-29,quantile,0.2,214,New York,Ensemble
2025-11-22,36,1,wk inc flu hosp,2025-11-29,quantile,0.25,227,New York,Ensemble
2025-11-22,36,1,wk inc flu hosp,2025-11-29,quantile,0.3,246,New York,Ensemble
2025-11-22,36,1,wk inc flu hosp,2025-11-29,quantile,0.35,264,New York,Ensemble
2025-11-22,36,1,wk inc flu hosp,2025-11-29,quantile,0.4,281,New York,Ensemble
2025-11-22,36,1,wk inc flu hosp,2025-11-29,quantile,0.45,296,New York,Ensemble
2025-11-22,36,1,wk inc flu hosp,2025-11-29,quantile,0.5,311,New York,Ensemble
2025-11-22,36,1,wk inc flu hosp,2025-11-29,quantile,0.55,328,New York,Ensemble
2025-11-22,36,1,wk inc flu hosp,2025-11-29,quantile,0.6,345,New York,Ensemble
2025-11-22,36,1,wk inc flu hosp,2025-11-29,quantile,0.65,363,New York,Ensemble
2025-11-22,36,1,wk inc flu hosp,2025-11-29,quantile,0.7,380,New York,Ensemble
2025-11-22,36,1,wk inc flu hosp,2025-11-29,quantile,0.75,399,New York,Ensemble
2025-11-22,36,1,wk inc flu hosp,2025-11-29,quantile,0.8,429,New York,Ensemble
2025-11-22,36,1,wk inc flu hosp,2025-11-29,quantile,0.85,473,New York,Ensemble
2025-11-22,36,1,wk inc flu hosp,2025-11-29,quantile,0.9,517,New York,Ensemble
2025-11-22,36,1,wk inc flu hosp,2025-11-29,quantile,0.95,588,New York,Ensemble
2025-11-22,36,1,wk inc flu hosp,2025-11-29,quantile,0.975,661,New York,Ensemble
2025-11-22,36,1,wk inc flu hosp,2025-11-29,quantile,0.99,767,New York,Ensemble
2025-11-22,36,2,wk inc flu hosp,2025-12-06,quantile,0.01,156,New York,Ensemble
2025-11-22,36,2,wk inc flu hosp,2025-12-06,quantile,0.025,175,New York,Ensemble
2025-11-22,36,2,wk inc flu hosp,2025-12-06,quantile,0.05,196,New York,Ensemble
2025-11-22,36,2,wk inc flu hosp,2025-12-06,quantile,0.1,228,New York,Ensemble
2025-11-22,36,2,wk inc flu hosp,2025-12-06,quantile,0.15,262,New York,Ensemble
2025-11-22,36,2,wk inc flu hosp,2025-12-06,quantile,0.2,290,New York,Ensemble
2025-11-22,36,2,wk inc flu hosp,2025-12-06,quantile,0.25,314,New York,Ensemble
2025-11-22,36,2,wk inc flu hosp,2025-12-06,quantile,0.3,341,New York,Ensemble
2025-11-22,36,2,wk inc flu hosp,2025-12-06,quantile,0.35,371,New York,Ensemble
2025-11-22,36,2,wk inc flu hosp,2025-12-06,quantile,0.4,402,New York,Ensemble
2025-11-22,36,2,wk inc flu hosp,2025-12-06,quantile,0.45,428,New York,Ensemble
2025-11-22,36,2,wk inc flu hosp,2025-12-06,quantile,0.5,455,New York,Ensemble
2025-11-22,36,2,wk inc flu hosp,2025-12-06,quantile,0.55,482,New York,Ensemble
2025-11-22,36,2,wk inc flu hosp,2025-12-06,quantile,0.6,510,New York,Ensemble
2025-11-22,36,2,wk inc flu hosp,2025-12-06,quantile,0.65,543,New York,Ensemble
2025-11-22,36,2,wk inc flu hosp,2025-12-06,quantile,0.7,577,New York,Ensemble
2025-11-22,36,2,wk inc flu hosp,2025-12-06,quantile,0.75,618,New York,Ensemble
2025-11-22,36,2,wk inc flu hosp,2025-12-06,quantile,0.8,675,New York,Ensemble
2025-11-22,36,2,wk inc flu hosp,2025-12-06,quantile,0.85,753,New York,Ensemble
2025-11-22,36,2,wk inc flu hosp,2025-12-06,quantile,0.9,839,New York,Ensemble
2025-11-22,36,2,wk inc flu hosp,2025-12-06,quantile,0.95,979,New York,Ensemble
2025-11-22,36,2,wk inc flu hosp,2025-12-06,quantile,0.975,1116,New York,Ensemble
2025-11-22,36,2,wk inc flu hosp,2025-12-06,quantile,0.99,1308,New York,Ensemble
2025-11-22,36,3,wk inc flu hosp,2025-12-13,quantile,0.01,184,New York,Ensemble
2025-11-22,36,3,wk inc flu hosp,2025-12-13,quantile,0.025,213,New York,Ensemble
2025-11-22,36,3,wk inc flu hosp,2025-12-13,quantile,0.05,241,New York,Ensemble
2025-11-22,36,3,wk inc flu hosp,2025-12-13,quantile,0.1,285,New York,Ensemble
2025-11-22,36,3,wk inc flu hosp,2025-12-13,quantile,0.15,327,New York,Ensemble
2025-11-22,36,3,wk inc flu hosp,2025-12-13,quantile,0.2,367,New York,Ensemble
2025-11-22,36,3,wk inc flu hosp,2025-12-13,quantile,0.25,404,New York,Ensemble
2025-11-22,36,3,wk inc flu hosp,2025-12-13,quantile,0.3,435,New York,Ensemble
2025-11-22,36,3,wk inc flu hosp,2025-12-13,quantile,0.35,476,New York,Ensemble
2025-11-22,36,3,wk inc flu hosp,2025-12-13,quantile,0.4,517,New York,Ensemble
2025-11-22,36,3,wk inc flu hosp,2025-12-13,quantile,0.45,567,New York,Ensemble
2025-11-22,36,3,wk inc flu hosp,2025-12-13,quantile,0.5,610,New York,Ensemble
2025-11-22,36,3,wk inc flu hosp,2025-12-13,quantile,0.55,649,New York,Ensemble
2025-11-22,36,3,wk inc flu hosp,2025-12-13,quantile,0.6,697,New York,Ensemble
2025-11-22,36,3,wk inc flu hosp,2025-12-13,quantile,0.65,741,New York,Ensemble
2025-11-22,36,3,wk inc flu hosp,2025-12-13,quantile,0.7,793,New York,Ensemble
2025-11-22,36,3,wk inc flu hosp,2025-12-13,quantile,0.75,866,New York,Ensemble
2025-11-22,36,3,wk inc flu hosp,2025-12-13,quantile,0.8,970,New York,Ensemble
2025-11-22,36,3,wk inc flu hosp,2025-12-13,quantile,0.85,1069,New York,Ensemble
2025-11-22,36,3,wk inc flu hosp,2025-12-13,quantile,0.9,1201,New York,Ensemble
2025-11-22,36,3,wk inc flu hosp,2025-12-13,quantile,0.95,1446,New York,Ensemble
2025-11-22,36,3,wk inc flu hosp,2025-12-13,quantile,0.975,1654,New York,Ensemble
2025-11-22,36,3,wk inc flu hosp,2025-12-13,quantile,0.99,1939,New York,Ensemble
2025-11-22,37,0,wk inc flu hosp,2025-11-22,quantile,0.01,37,North Carolina,Ensemble
2025-11-22,37,0,wk inc flu hosp,2025-11-22,quantile,0.025,41,North Carolina,Ensemble
2025-11-22,37,0,wk inc flu hosp,2025-11-22,quantile,0.05,46,North Carolina,Ensemble
2025-11-22,37,0,wk inc flu hosp,2025-11-22,quantile,0.1,58,North Carolina,Ensemble
2025-11-22,37,0,wk inc flu hosp,2025-11-22,quantile,0.15,64,North Carolina,Ensemble
2025-11-22,37,0,wk inc flu hosp,2025-11-22,quantile,0.2,70,North Carolina,Ensemble
2025-11-22,37,0,wk inc flu hosp,2025-11-22,quantile,0.25,74,North Carolina,Ensemble
2025-11-22,37,0,wk inc flu hosp,2025-11-22,quantile,0.3,78,North Carolina,Ensemble
2025-11-22,37,0,wk inc flu hosp,2025-11-22,quantile,0.35,81,North Carolina,Ensemble
2025-11-22,37,0,wk inc flu hosp,2025-11-22,quantile,0.4,86,North Carolina,Ensemble
2025-11-22,37,0,wk inc flu hosp,2025-11-22,quantile,0.45,91,North Carolina,Ensemble
2025-11-22,37,0,wk inc flu hosp,2025-11-22,quantile,0.5,97,North Carolina,Ensemble
2025-11-22,37,0,wk inc flu hosp,2025-11-22,quantile,0.55,101,North Carolina,Ensemble
2025-11-22,37,0,wk inc flu hosp,2025-11-22,quantile,0.6,105,North Carolina,Ensemble
2025-11-22,37,0,wk inc flu hosp,2025-11-22,quantile,0.65,109,North Carolina,Ensemble
2025-11-22,37,0,wk inc flu hosp,2025-11-22,quantile,0.7,114,North Carolina,Ensemble
2025-11-22,37,0,wk inc flu hosp,2025-11-22,quantile,0.75,118,North Carolina,Ensemble
2025-11-22,37,0,wk inc flu hosp,2025-11-22,quantile,0.8,124,North Carolina,Ensemble
2025-11-22,37,0,wk inc flu hosp,2025-11-22,quantile,0.85,131,North Carolina,Ensemble
2025-11-22,37,0,wk inc flu hosp,2025-11-22,quantile,0.9,141,North Carolina,Ensemble
2025-11-22,37,0,wk inc flu hosp,2025-11-22,quantile,0.95,160,North Carolina,Ensemble
2025-11-22,37,0,wk inc flu hosp,2025-11-22,quantile,0.975,183,North Carolina,Ensemble
2025-11-22,37,0,wk inc flu hosp,2025-11-22,quantile,0.99,207,North Carolina,Ensemble
2025-11-22,37,1,wk inc flu hosp,2025-11-29,quantile,0.01,43,North Carolina,Ensemble
2025-11-22,37,1,wk inc flu hosp,2025-11-29,quantile,0.025,50,North Carolina,Ensemble
2025-11-22,37,1,wk inc flu hosp,2025-11-29,quantile,0.05,56,North Carolina,Ensemble
2025-11-22,37,1,wk inc flu hosp,2025-11-29,quantile,0.1,65,North Carolina,Ensemble
2025-11-22,37,1,wk inc flu hosp,2025-11-29,quantile,0.15,76,North Carolina,Ensemble
2025-11-22,37,1,wk inc flu hosp,2025-11-29,quantile,0.2,84,North Carolina,Ensemble
2025-11-22,37,1,wk inc flu hosp,2025-11-29,quantile,0.25,93,North Carolina,Ensemble
2025-11-22,37,1,wk inc flu hosp,2025-11-29,quantile,0.3,100,North Carolina,Ensemble
2025-11-22,37,1,wk inc flu hosp,2025-11-29,quantile,0.35,108,North Carolina,Ensemble
2025-11-22,37,1,wk inc flu hosp,2025-11-29,quantile,0.4,119,North Carolina,Ensemble
2025-11-22,37,1,wk inc flu hosp,2025-11-29,quantile,0.45,129,North Carolina,Ensemble
2025-11-22,37,1,wk inc flu hosp,2025-11-29,quantile,0.5,138,North Carolina,Ensemble
2025-11-22,37,1,wk inc flu hosp,2025-11-29,quantile,0.55,145,North Carolina,Ensemble
2025-11-22,37,1,wk inc flu hosp,2025-11-29,quantile,0.6,153,North Carolina,Ensemble
2025-11-22,37,1,wk inc flu hosp,2025-11-29,quantile,0.65,161,North Carolina,Ensemble
2025-11-22,37,1,wk inc flu hosp,2025-11-29,quantile,0.7,171,North Carolina,Ensemble
2025-11-22,37,1,wk inc flu hosp,2025-11-29,quantile,0.75,180,North Carolina,Ensemble
2025-11-22,37,1,wk inc flu hosp,2025-11-29,quantile,0.8,191,North Carolina,Ensemble
2025-11-22,37,1,wk inc flu hosp,2025-11-29,quantile,0.85,206,North Carolina,Ensemble
2025-11-22,37,1,wk inc flu hosp,2025-11-29,quantile,0.9,229,North Carolina,Ensemble
2025-11-22,37,1,wk inc flu hosp,2025-11-29,quantile,0.95,272,North Carolina,Ensemble
2025-11-22,37,1,wk inc flu hosp,2025-11-29,quantile,0.975,326,North Carolina,Ensemble
2025-11-22,37,1,wk inc flu hosp,2025-11-29,quantile,0.99,367,North Carolina,Ensemble
2025-11-22,37,2,wk inc flu hosp,2025-12-06,quantile,0.01,51,North Carolina,Ensemble
2025-11-22,37,2,wk inc flu hosp,2025-12-06,quantile,0.025,60,North Carolina,Ensemble
2025-11-22,37,2,wk inc flu hosp,2025-12-06,quantile,0.05,68,North Carolina,Ensemble
2025-11-22,37,2,wk inc flu hosp,2025-12-06,quantile,0.1,79,North Carolina,Ensemble
2025-11-22,37,2,wk inc flu hosp,2025-12-06,quantile,0.15,92,North Carolina,Ensemble
2025-11-22,37,2,wk inc flu hosp,2025-12-06,quantile,0.2,104,North Carolina,Ensemble
2025-11-22,37,2,wk inc flu hosp,2025-12-06,quantile,0.25,117,North Carolina,Ensemble
2025-11-22,37,2,wk inc flu hosp,2025-12-06,quantile,0.3,129,North Carolina,Ensemble
2025-11-22,37,2,wk inc flu hosp,2025-12-06,quantile,0.35,142,North Carolina,Ensemble
2025-11-22,37,2,wk inc flu hosp,2025-12-06,quantile,0.4,159,North Carolina,Ensemble
2025-11-22,37,2,wk inc flu hosp,2025-12-06,quantile,0.45,176,North Carolina,Ensemble
2025-11-22,37,2,wk inc flu hosp,2025-12-06,quantile,0.5,191,North Carolina,Ensemble
2025-11-22,37,2,wk inc flu hosp,2025-12-06,quantile,0.55,202,North Carolina,Ensemble
2025-11-22,37,2,wk inc flu hosp,2025-12-06,quantile,0.6,215,North Carolina,Ensemble
2025-11-22,37,2,wk inc flu hosp,2025-12-06,quantile,0.65,229,North Carolina,Ensemble
2025-11-22,37,2,wk inc flu hosp,2025-12-06,quantile,0.7,245,North Carolina,Ensemble
2025-11-22,37,2,wk inc flu hosp,2025-12-06,quantile,0.75,264,North Carolina,Ensemble
2025-11-22,37,2,wk inc flu hosp,2025-12-06,quantile,0.8,286,North Carolina,Ensemble
2025-11-22,37,2,wk inc flu hosp,2025-12-06,quantile,0.85,313,North Carolina,Ensemble
2025-11-22,37,2,wk inc flu hosp,2025-12-06,quantile,0.9,355,North Carolina,Ensemble
2025-11-22,37,2,wk inc flu hosp,2025-12-06,quantile,0.95,435,North Carolina,Ensemble
2025-11-22,37,2,wk inc flu hosp,2025-12-06,quantile,0.975,530,North Carolina,Ensemble
2025-11-22,37,2,wk inc flu hosp,2025-12-06,quantile,0.99,611,North Carolina,Ensemble
2025-11-22,37,3,wk inc flu hosp,2025-12-13,quantile,0.01,61,North Carolina,Ensemble
2025-11-22,37,3,wk inc flu hosp,2025-12-13,quantile,0.025,70,North Carolina,Ensemble
2025-11-22,37,3,wk inc flu hosp,2025-12-13,quantile,0.05,82,North Carolina,Ensemble
2025-11-22,37,3,wk inc flu hosp,2025-12-13,quantile,0.1,98,North Carolina,Ensemble
2025-11-22,37,3,wk inc flu hosp,2025-12-13,quantile,0.15,115,North Carolina,Ensemble
2025-11-22,37,3,wk inc flu hosp,2025-12-13,quantile,0.2,132,North Carolina,Ensemble
2025-11-22,37,3,wk inc flu hosp,2025-12-13,quantile,0.25,147,North Carolina,Ensemble
2025-11-22,37,3,wk inc flu hosp,2025-12-13,quantile,0.3,163,North Carolina,Ensemble
2025-11-22,37,3,wk inc flu hosp,2025-12-13,quantile,0.35,185,North Carolina,Ensemble
2025-11-22,37,3,wk inc flu hosp,2025-12-13,quantile,0.4,210,North Carolina,Ensemble
2025-11-22,37,3,wk inc flu hosp,2025-12-13,quantile,0.45,235,North Carolina,Ensemble
2025-11-22,37,3,wk inc flu hosp,2025-12-13,quantile,0.5,253,North Carolina,Ensemble
2025-11-22,37,3,wk inc flu hosp,2025-12-13,quantile,0.55,273,North Carolina,Ensemble
2025-11-22,37,3,wk inc flu hosp,2025-12-13,quantile,0.6,292,North Carolina,Ensemble
2025-11-22,37,3,wk inc flu hosp,2025-12-13,quantile,0.65,313,North Carolina,Ensemble
2025-11-22,37,3,wk inc flu hosp,2025-12-13,quantile,0.7,343,North Carolina,Ensemble
2025-11-22,37,3,wk inc flu hosp,2025-12-13,quantile,0.75,375,North Carolina,Ensemble
2025-11-22,37,3,wk inc flu hosp,2025-12-13,quantile,0.8,409,North Carolina,Ensemble
2025-11-22,37,3,wk inc flu hosp,2025-12-13,quantile,0.85,457,North Carolina,Ensemble
2025-11-22,37,3,wk inc flu hosp,2025-12-13,quantile,0.9,528,North Carolina,Ensemble
2025-11-22,37,3,wk inc flu hosp,2025-12-13,quantile,0.95,650,North Carolina,Ensemble
2025-11-22,37,3,wk inc flu hosp,2025-12-13,quantile,0.975,815,North Carolina,Ensemble
2025-11-22,37,3,wk inc flu hosp,2025-12-13,quantile,0.99,942,North Carolina,Ensemble
2025-11-22,38,0,wk inc flu hosp,2025-11-22,quantile,0.01,0,North Dakota,Ensemble
2025-11-22,38,0,wk inc flu hosp,2025-11-22,quantile,0.025,0,North Dakota,Ensemble
2025-11-22,38,0,wk inc flu hosp,2025-11-22,quantile,0.05,0,North Dakota,Ensemble
2025-11-22,38,0,wk inc flu hosp,2025-11-22,quantile,0.1,1,North Dakota,Ensemble
2025-11-22,38,0,wk inc flu hosp,2025-11-22,quantile,0.15,1,North Dakota,Ensemble
2025-11-22,38,0,wk inc flu hosp,2025-11-22,quantile,0.2,1,North Dakota,Ensemble
2025-11-22,38,0,wk inc flu hosp,2025-11-22,quantile,0.25,1,North Dakota,Ensemble
2025-11-22,38,0,wk inc flu hosp,2025-11-22,quantile,0.3,1,North Dakota,Ensemble
2025-11-22,38,0,wk inc flu hosp,2025-11-22,quantile,0.35,2,North Dakota,Ensemble
2025-11-22,38,0,wk inc flu hosp,2025-11-22,quantile,0.4,2,North Dakota,Ensemble
2025-11-22,38,0,wk inc flu hosp,2025-11-22,quantile,0.45,2,North Dakota,Ensemble
2025-11-22,38,0,wk inc flu hosp,2025-11-22,quantile,0.5,3,North Dakota,Ensemble
2025-11-22,38,0,wk inc flu hosp,2025-11-22,quantile,0.55,4,North Dakota,Ensemble
2025-11-22,38,0,wk inc flu hosp,2025-11-22,quantile,0.6,4,North Dakota,Ensemble
2025-11-22,38,0,wk inc flu hosp,2025-11-22,quantile,0.65,4,North Dakota,Ensemble
2025-11-22,38,0,wk inc flu hosp,2025-11-22,quantile,0.7,4,North Dakota,Ensemble
2025-11-22,38,0,wk inc flu hosp,2025-11-22,quantile,0.75,5,North Dakota,Ensemble
2025-11-22,38,0,wk inc flu hosp,2025-11-22,quantile,0.8,5,North Dakota,Ensemble
2025-11-22,38,0,wk inc flu hosp,2025-11-22,quantile,0.85,6,North Dakota,Ensemble
2025-11-22,38,0,wk inc flu hosp,2025-11-22,quantile,0.9,7,North Dakota,Ensemble
2025-11-22,38,0,wk inc flu hosp,2025-11-22,quantile,0.95,8,North Dakota,Ensemble
2025-11-22,38,0,wk inc flu hosp,2025-11-22,quantile,0.975,9,North Dakota,Ensemble
2025-11-22,38,0,wk inc flu hosp,2025-11-22,quantile,0.99,11,North Dakota,Ensemble
2025-11-22,38,1,wk inc flu hosp,2025-11-29,quantile,0.01,0,North Dakota,Ensemble
2025-11-22,38,1,wk inc flu hosp,2025-11-29,quantile,0.025,0,North Dakota,Ensemble
2025-11-22,38,1,wk inc flu hosp,2025-11-29,quantile,0.05,0,North Dakota,Ensemble
2025-11-22,38,1,wk inc flu hosp,2025-11-29,quantile,0.1,1,North Dakota,Ensemble
2025-11-22,38,1,wk inc flu hosp,2025-11-29,quantile,0.15,1,North Dakota,Ensemble
2025-11-22,38,1,wk inc flu hosp,2025-11-29,quantile,0.2,1,North Dakota,Ensemble
2025-11-22,38,1,wk inc flu hosp,2025-11-29,quantile,0.25,2,North Dakota,Ensemble
2025-11-22,38,1,wk inc flu hosp,2025-11-29,quantile,0.3,2,North Dakota,Ensemble
2025-11-22,38,1,wk inc flu hosp,2025-11-29,quantile,0.35,3,North Dakota,Ensemble
2025-11-22,38,1,wk inc flu hosp,2025-11-29,quantile,0.4,3,North Dakota,Ensemble
2025-11-22,38,1,wk inc flu hosp,2025-11-29,quantile,0.45,3,North Dakota,Ensemble
2025-11-22,38,1,wk inc flu hosp,2025-11-29,quantile,0.5,4,North Dakota,Ensemble
2025-11-22,38,1,wk inc flu hosp,2025-11-29,quantile,0.55,5,North Dakota,Ensemble
2025-11-22,38,1,wk inc flu hosp,2025-11-29,quantile,0.6,5,North Dakota,Ensemble
2025-11-22,38,1,wk inc flu hosp,2025-11-29,quantile,0.65,6,North Dakota,Ensemble
2025-11-22,38,1,wk inc flu hosp,2025-11-29,quantile,0.7,6,North Dakota,Ensemble
2025-11-22,38,1,wk inc flu hosp,2025-11-29,quantile,0.75,7,North Dakota,Ensemble
2025-11-22,38,1,wk inc flu hosp,2025-11-29,quantile,0.8,8,North Dakota,Ensemble
2025-11-22,38,1,wk inc flu hosp,2025-11-29,quantile,0.85,9,North Dakota,Ensemble
2025-11-22,38,1,wk inc flu hosp,2025-11-29,quantile,0.9,10,North Dakota,Ensemble
2025-11-22,38,1,wk inc flu hosp,2025-11-29,quantile,0.95,12,North Dakota,Ensemble
2025-11-22,38,1,wk inc flu hosp,2025-11-29,quantile,0.975,14,North Dakota,Ensemble
2025-11-22,38,1,wk inc flu hosp,2025-11-29,quantile,0.99,17,North Dakota,Ensemble
2025-11-22,38,2,wk inc flu hosp,2025-12-06,quantile,0.01,0,North Dakota,Ensemble
2025-11-22,38,2,wk inc flu hosp,2025-12-06,quantile,0.025,1,North Dakota,Ensemble
2025-11-22,38,2,wk inc flu hosp,2025-12-06,quantile,0.05,1,North Dakota,Ensemble
2025-11-22,38,2,wk inc flu hosp,2025-12-06,quantile,0.1,1,North Dakota,Ensemble
2025-11-22,38,2,wk inc flu hosp,2025-12-06,quantile,0.15,2,North Dakota,Ensemble
2025-11-22,38,2,wk inc flu hosp,2025-12-06,quantile,0.2,2,North Dakota,Ensemble
2025-11-22,38,2,wk inc flu hosp,2025-12-06,quantile,0.25,3,North Dakota,Ensemble
2025-11-22,38,2,wk inc flu hosp,2025-12-06,quantile,0.3,3,North Dakota,Ensemble
2025-11-22,38,2,wk inc flu hosp,2025-12-06,quantile,0.35,4,North Dakota,Ensemble
2025-11-22,38,2,wk inc flu hosp,2025-12-06,quantile,0.4,4,North Dakota,Ensemble
2025-11-22,38,2,wk inc flu hosp,2025-12-06,quantile,0.45,5,North Dakota,Ensemble
2025-11-22,38,2,wk inc flu hosp,2025-12-06,quantile,0.5,6,North Dakota,Ensemble
2025-11-22,38,2,wk inc flu hosp,2025-12-06,quantile,0.55,7,North Dakota,Ensemble
2025-11-22,38,2,wk inc flu hosp,2025-12-06,quantile,0.6,7,North Dakota,Ensemble
2025-11-22,38,2,wk inc flu hosp,2025-12-06,quantile,0.65,8,North Dakota,Ensemble
2025-11-22,38,2,wk inc flu hosp,2025-12-06,quantile,0.7,9,North Dakota,Ensemble
2025-11-22,38,2,wk inc flu hosp,2025-12-06,quantile,0.75,10,North Dakota,Ensemble
2025-11-22,38,2,wk inc flu hosp,2025-12-06,quantile,0.8,11,North Dakota,Ensemble
2025-11-22,38,2,wk inc flu hosp,2025-12-06,quantile,0.85,13,North Dakota,Ensemble
2025-11-22,38,2,wk inc flu hosp,2025-12-06,quantile,0.9,15,North Dakota,Ensemble
2025-11-22,38,2,wk inc flu hosp,2025-12-06,quantile,0.95,19,North Dakota,Ensemble
2025-11-22,38,2,wk inc flu hosp,2025-12-06,quantile,0.975,23,North Dakota,Ensemble
2025-11-22,38,2,wk inc flu hosp,2025-12-06,quantile,0.99,27,North Dakota,Ensemble
2025-11-22,38,3,wk inc flu hosp,2025-12-13,quantile,0.01,0,North Dakota,Ensemble
2025-11-22,38,3,wk inc flu hosp,2025-12-13,quantile,0.025,1,North Dakota,Ensemble
2025-11-22,38,3,wk inc flu hosp,2025-12-13,quantile,0.05,1,North Dakota,Ensemble
2025-11-22,38,3,wk inc flu hosp,2025-12-13,quantile,0.1,2,North Dakota,Ensemble
2025-11-22,38,3,wk inc flu hosp,2025-12-13,quantile,0.15,3,North Dakota,Ensemble
2025-11-22,38,3,wk inc flu hosp,2025-12-13,quantile,0.2,3,North Dakota,Ensemble
2025-11-22,38,3,wk inc flu hosp,2025-12-13,quantile,0.25,4,North Dakota,Ensemble
2025-11-22,38,3,wk inc flu hosp,2025-12-13,quantile,0.3,5,North Dakota,Ensemble
2025-11-22,38,3,wk inc flu hosp,2025-12-13,quantile,0.35,5,North Dakota,Ensemble
2025-11-22,38,3,wk inc flu hosp,2025-12-13,quantile,0.4,6,North Dakota,Ensemble
2025-11-22,38,3,wk inc flu hosp,2025-12-13,quantile,0.45,7,North Dakota,Ensemble
2025-11-22,38,3,wk inc flu hosp,2025-12-13,quantile,0.5,8,North Dakota,Ensemble
2025-11-22,38,3,wk inc flu hosp,2025-12-13,quantile,0.55,9,North Dakota,Ensemble
2025-11-22,38,3,wk inc flu hosp,2025-12-13,quantile,0.6,10,North Dakota,Ensemble
2025-11-22,38,3,wk inc flu hosp,2025-12-13,quantile,0.65,11,North Dakota,Ensemble
2025-11-22,38,3,wk inc flu hosp,2025-12-13,quantile,0.7,13,North Dakota,Ensemble
2025-11-22,38,3,wk inc flu hosp,2025-12-13,quantile,0.75,14,North Dakota,Ensemble
2025-11-22,38,3,wk inc flu hosp,2025-12-13,quantile,0.8,17,North Dakota,Ensemble
2025-11-22,38,3,wk inc flu hosp,2025-12-13,quantile,0.85,19,North Dakota,Ensemble
2025-11-22,38,3,wk inc flu hosp,2025-12-13,quantile,0.9,23,North Dakota,Ensemble
2025-11-22,38,3,wk inc flu hosp,2025-12-13,quantile,0.95,29,North Dakota,Ensemble
2025-11-22,38,3,wk inc flu hosp,2025-12-13,quantile,0.975,36,North Dakota,Ensemble
2025-11-22,38,3,wk inc flu hosp,2025-12-13,quantile,0.99,42,North Dakota,Ensemble
2025-11-22,39,0,wk inc flu hosp,2025-11-22,quantile,0.01,24,Ohio,Ensemble
2025-11-22,39,0,wk inc flu hosp,2025-11-22,quantile,0.025,27,Ohio,Ensemble
2025-11-22,39,0,wk inc flu hosp,2025-11-22,quantile,0.05,31,Ohio,Ensemble
2025-11-22,39,0,wk inc flu hosp,2025-11-22,quantile,0.1,35,Ohio,Ensemble
2025-11-22,39,0,wk inc flu hosp,2025-11-22,quantile,0.15,39,Ohio,Ensemble
2025-11-22,39,0,wk inc flu hosp,2025-11-22,quantile,0.2,41,Ohio,Ensemble
2025-11-22,39,0,wk inc flu hosp,2025-11-22,quantile,0.25,44,Ohio,Ensemble
2025-11-22,39,0,wk inc flu hosp,2025-11-22,quantile,0.3,48,Ohio,Ensemble
2025-11-22,39,0,wk inc flu hosp,2025-11-22,quantile,0.35,51,Ohio,Ensemble
2025-11-22,39,0,wk inc flu hosp,2025-11-22,quantile,0.4,54,Ohio,Ensemble
2025-11-22,39,0,wk inc flu hosp,2025-11-22,quantile,0.45,57,Ohio,Ensemble
2025-11-22,39,0,wk inc flu hosp,2025-11-22,quantile,0.5,60,Ohio,Ensemble
2025-11-22,39,0,wk inc flu hosp,2025-11-22,quantile,0.55,63,Ohio,Ensemble
2025-11-22,39,0,wk inc flu hosp,2025-11-22,quantile,0.6,66,Ohio,Ensemble
2025-11-22,39,0,wk inc flu hosp,2025-11-22,quantile,0.65,68,Ohio,Ensemble
2025-11-22,39,0,wk inc flu hosp,2025-11-22,quantile,0.7,71,Ohio,Ensemble
2025-11-22,39,0,wk inc flu hosp,2025-11-22,quantile,0.75,75,Ohio,Ensemble
2025-11-22,39,0,wk inc flu hosp,2025-11-22,quantile,0.8,79,Ohio,Ensemble
2025-11-22,39,0,wk inc flu hosp,2025-11-22,quantile,0.85,84,Ohio,Ensemble
2025-11-22,39,0,wk inc flu hosp,2025-11-22,quantile,0.9,91,Ohio,Ensemble
2025-11-22,39,0,wk inc flu hosp,2025-11-22,quantile,0.95,104,Ohio,Ensemble
2025-11-22,39,0,wk inc flu hosp,2025-11-22,quantile,0.975,122,Ohio,Ensemble
2025-11-22,39,0,wk inc flu hosp,2025-11-22,quantile,0.99,134,Ohio,Ensemble
2025-11-22,39,1,wk inc flu hosp,2025-11-29,quantile,0.01,28,Ohio,Ensemble
2025-11-22,39,1,wk inc flu hosp,2025-11-29,quantile,0.025,32,Ohio,Ensemble
2025-11-22,39,1,wk inc flu hosp,2025-11-29,quantile,0.05,36,Ohio,Ensemble
2025-11-22,39,1,wk inc flu hosp,2025-11-29,quantile,0.1,42,Ohio,Ensemble
2025-11-22,39,1,wk inc flu hosp,2025-11-29,quantile,0.15,46,Ohio,Ensemble
2025-11-22,39,1,wk inc flu hosp,2025-11-29,quantile,0.2,51,Ohio,Ensemble
2025-11-22,39,1,wk inc flu hosp,2025-11-29,quantile,0.25,55,Ohio,Ensemble
2025-11-22,39,1,wk inc flu hosp,2025-11-29,quantile,0.3,60,Ohio,Ensemble
2025-11-22,39,1,wk inc flu hosp,2025-11-29,quantile,0.35,66,Ohio,Ensemble
2025-11-22,39,1,wk inc flu hosp,2025-11-29,quantile,0.4,71,Ohio,Ensemble
2025-11-22,39,1,wk inc flu hosp,2025-11-29,quantile,0.45,76,Ohio,Ensemble
2025-11-22,39,1,wk inc flu hosp,2025-11-29,quantile,0.5,82,Ohio,Ensemble
2025-11-22,39,1,wk inc flu hosp,2025-11-29,quantile,0.55,87,Ohio,Ensemble
2025-11-22,39,1,wk inc flu hosp,2025-11-29,quantile,0.6,92,Ohio,Ensemble
2025-11-22,39,1,wk inc flu hosp,2025-11-29,quantile,0.65,97,Ohio,Ensemble
2025-11-22,39,1,wk inc flu hosp,2025-11-29,quantile,0.7,103,Ohio,Ensemble
2025-11-22,39,1,wk inc flu hosp,2025-11-29,quantile,0.75,109,Ohio,Ensemble
2025-11-22,39,1,wk inc flu hosp,2025-11-29,quantile,0.8,117,Ohio,Ensemble
2025-11-22,39,1,wk inc flu hosp,2025-11-29,quantile,0.85,127,Ohio,Ensemble
2025-11-22,39,1,wk inc flu hosp,2025-11-29,quantile,0.9,139,Ohio,Ensemble
2025-11-22,39,1,wk inc flu hosp,2025-11-29,quantile,0.95,167,Ohio,Ensemble
2025-11-22,39,1,wk inc flu hosp,2025-11-29,quantile,0.975,202,Ohio,Ensemble
2025-11-22,39,1,wk inc flu hosp,2025-11-29,quantile,0.99,226,Ohio,Ensemble
2025-11-22,39,2,wk inc flu hosp,2025-12-06,quantile,0.01,34,Ohio,Ensemble
2025-11-22,39,2,wk inc flu hosp,2025-12-06,quantile,0.025,39,Ohio,Ensemble
2025-11-22,39,2,wk inc flu hosp,2025-12-06,quantile,0.05,44,Ohio,Ensemble
2025-11-22,39,2,wk inc flu hosp,2025-12-06,quantile,0.1,52,Ohio,Ensemble
2025-11-22,39,2,wk inc flu hosp,2025-12-06,quantile,0.15,59,Ohio,Ensemble
2025-11-22,39,2,wk inc flu hosp,2025-12-06,quantile,0.2,66,Ohio,Ensemble
2025-11-22,39,2,wk inc flu hosp,2025-12-06,quantile,0.25,73,Ohio,Ensemble
2025-11-22,39,2,wk inc flu hosp,2025-12-06,quantile,0.3,80,Ohio,Ensemble
2025-11-22,39,2,wk inc flu hosp,2025-12-06,quantile,0.35,89,Ohio,Ensemble
2025-11-22,39,2,wk inc flu hosp,2025-12-06,quantile,0.4,96,Ohio,Ensemble
2025-11-22,39,2,wk inc flu hosp,2025-12-06,quantile,0.45,104,Ohio,Ensemble
2025-11-22,39,2,wk inc flu hosp,2025-12-06,quantile,0.5,113,Ohio,Ensemble
2025-11-22,39,2,wk inc flu hosp,2025-12-06,quantile,0.55,121,Ohio,Ensemble
2025-11-22,39,2,wk inc flu hosp,2025-12-06,quantile,0.6,129,Ohio,Ensemble
2025-11-22,39,2,wk inc flu hosp,2025-12-06,quantile,0.65,137,Ohio,Ensemble
2025-11-22,39,2,wk inc flu hosp,2025-12-06,quantile,0.7,147,Ohio,Ensemble
2025-11-22,39,2,wk inc flu hosp,2025-12-06,quantile,0.75,159,Ohio,Ensemble
2025-11-22,39,2,wk inc flu hosp,2025-12-06,quantile,0.8,173,Ohio,Ensemble
2025-11-22,39,2,wk inc flu hosp,2025-12-06,quantile,0.85,190,Ohio,Ensemble
2025-11-22,39,2,wk inc flu hosp,2025-12-06,quantile,0.9,215,Ohio,Ensemble
2025-11-22,39,2,wk inc flu hosp,2025-12-06,quantile,0.95,266,Ohio,Ensemble
2025-11-22,39,2,wk inc flu hosp,2025-12-06,quantile,0.975,328,Ohio,Ensemble
2025-11-22,39,2,wk inc flu hosp,2025-12-06,quantile,0.99,372,Ohio,Ensemble
2025-11-22,39,3,wk inc flu hosp,2025-12-13,quantile,0.01,47,Ohio,Ensemble
2025-11-22,39,3,wk inc flu hosp,2025-12-13,quantile,0.025,53,Ohio,Ensemble
2025-11-22,39,3,wk inc flu hosp,2025-12-13,quantile,0.05,61,Ohio,Ensemble
2025-11-22,39,3,wk inc flu hosp,2025-12-13,quantile,0.1,71,Ohio,Ensemble
2025-11-22,39,3,wk inc flu hosp,2025-12-13,quantile,0.15,80,Ohio,Ensemble
2025-11-22,39,3,wk inc flu hosp,2025-12-13,quantile,0.2,89,Ohio,Ensemble
2025-11-22,39,3,wk inc flu hosp,2025-12-13,quantile,0.25,99,Ohio,Ensemble
2025-11-22,39,3,wk inc flu hosp,2025-12-13,quantile,0.3,108,Ohio,Ensemble
2025-11-22,39,3,wk inc flu hosp,2025-12-13,quantile,0.35,118,Ohio,Ensemble
2025-11-22,39,3,wk inc flu hosp,2025-12-13,quantile,0.4,130,Ohio,Ensemble
2025-11-22,39,3,wk inc flu hosp,2025-12-13,quantile,0.45,140,Ohio,Ensemble
2025-11-22,39,3,wk inc flu hosp,2025-12-13,quantile,0.5,153,Ohio,Ensemble
2025-11-22,39,3,wk inc flu hosp,2025-12-13,quantile,0.55,164,Ohio,Ensemble
2025-11-22,39,3,wk inc flu hosp,2025-12-13,quantile,0.6,176,Ohio,Ensemble
2025-11-22,39,3,wk inc flu hosp,2025-12-13,quantile,0.65,189,Ohio,Ensemble
2025-11-22,39,3,wk inc flu hosp,2025-12-13,quantile,0.7,203,Ohio,Ensemble
2025-11-22,39,3,wk inc flu hosp,2025-12-13,quantile,0.75,219,Ohio,Ensemble
2025-11-22,39,3,wk inc flu hosp,2025-12-13,quantile,0.8,241,Ohio,Ensemble
2025-11-22,39,3,wk inc flu hosp,2025-12-13,quantile,0.85,271,Ohio,Ensemble
2025-11-22,39,3,wk inc flu hosp,2025-12-13,quantile,0.9,309,Ohio,Ensemble
2025-11-22,39,3,wk inc flu hosp,2025-12-13,quantile,0.95,383,Ohio,Ensemble
2025-11-22,39,3,wk inc flu hosp,2025-12-13,quantile,0.975,471,Ohio,Ensemble
2025-11-22,39,3,wk inc flu hosp,2025-12-13,quantile,0.99,549,Ohio,Ensemble
2025-11-22,40,0,wk inc flu hosp,2025-11-22,quantile,0.01,2,Oklahoma,Ensemble
2025-11-22,40,0,wk inc flu hosp,2025-11-22,quantile,0.025,3,Oklahoma,Ensemble
2025-11-22,40,0,wk inc flu hosp,2025-11-22,quantile,0.05,4,Oklahoma,Ensemble
2025-11-22,40,0,wk inc flu hosp,2025-11-22,quantile,0.1,5,Oklahoma,Ensemble
2025-11-22,40,0,wk inc flu hosp,2025-11-22,quantile,0.15,6,Oklahoma,Ensemble
2025-11-22,40,0,wk inc flu hosp,2025-11-22,quantile,0.2,7,Oklahoma,Ensemble
2025-11-22,40,0,wk inc flu hosp,2025-11-22,quantile,0.25,8,Oklahoma,Ensemble
2025-11-22,40,0,wk inc flu hosp,2025-11-22,quantile,0.3,9,Oklahoma,Ensemble
2025-11-22,40,0,wk inc flu hosp,2025-11-22,quantile,0.35,10,Oklahoma,Ensemble
2025-11-22,40,0,wk inc flu hosp,2025-11-22,quantile,0.4,11,Oklahoma,Ensemble
2025-11-22,40,0,wk inc flu hosp,2025-11-22,quantile,0.45,12,Oklahoma,Ensemble
2025-11-22,40,0,wk inc flu hosp,2025-11-22,quantile,0.5,14,Oklahoma,Ensemble
2025-11-22,40,0,wk inc flu hosp,2025-11-22,quantile,0.55,15,Oklahoma,Ensemble
2025-11-22,40,0,wk inc flu hosp,2025-11-22,quantile,0.6,16,Oklahoma,Ensemble
2025-11-22,40,0,wk inc flu hosp,2025-11-22,quantile,0.65,17,Oklahoma,Ensemble
2025-11-22,40,0,wk inc flu hosp,2025-11-22,quantile,0.7,18,Oklahoma,Ensemble
2025-11-22,40,0,wk inc flu hosp,2025-11-22,quantile,0.75,20,Oklahoma,Ensemble
2025-11-22,40,0,wk inc flu hosp,2025-11-22,quantile,0.8,21,Oklahoma,Ensemble
2025-11-22,40,0,wk inc flu hosp,2025-11-22,quantile,0.85,23,Oklahoma,Ensemble
2025-11-22,40,0,wk inc flu hosp,2025-11-22,quantile,0.9,26,Oklahoma,Ensemble
2025-11-22,40,0,wk inc flu hosp,2025-11-22,quantile,0.95,31,Oklahoma,Ensemble
2025-11-22,40,0,wk inc flu hosp,2025-11-22,quantile,0.975,36,Oklahoma,Ensemble
2025-11-22,40,0,wk inc flu hosp,2025-11-22,quantile,0.99,42,Oklahoma,Ensemble
2025-11-22,40,1,wk inc flu hosp,2025-11-29,quantile,0.01,3,Oklahoma,Ensemble
2025-11-22,40,1,wk inc flu hosp,2025-11-29,quantile,0.025,3,Oklahoma,Ensemble
2025-11-22,40,1,wk inc flu hosp,2025-11-29,quantile,0.05,5,Oklahoma,Ensemble
2025-11-22,40,1,wk inc flu hosp,2025-11-29,quantile,0.1,7,Oklahoma,Ensemble
2025-11-22,40,1,wk inc flu hosp,2025-11-29,quantile,0.15,8,Oklahoma,Ensemble
2025-11-22,40,1,wk inc flu hosp,2025-11-29,quantile,0.2,10,Oklahoma,Ensemble
2025-11-22,40,1,wk inc flu hosp,2025-11-29,quantile,0.25,11,Oklahoma,Ensemble
2025-11-22,40,1,wk inc flu hosp,2025-11-29,quantile,0.3,12,Oklahoma,Ensemble
2025-11-22,40,1,wk inc flu hosp,2025-11-29,quantile,0.35,14,Oklahoma,Ensemble
2025-11-22,40,1,wk inc flu hosp,2025-11-29,quantile,0.4,15,Oklahoma,Ensemble
2025-11-22,40,1,wk inc flu hosp,2025-11-29,quantile,0.45,17,Oklahoma,Ensemble
2025-11-22,40,1,wk inc flu hosp,2025-11-29,quantile,0.5,19,Oklahoma,Ensemble
2025-11-22,40,1,wk inc flu hosp,2025-11-29,quantile,0.55,20,Oklahoma,Ensemble
2025-11-22,40,1,wk inc flu hosp,2025-11-29,quantile,0.6,22,Oklahoma,Ensemble
2025-11-22,40,1,wk inc flu hosp,2025-11-29,quantile,0.65,24,Oklahoma,Ensemble
2025-11-22,40,1,wk inc flu hosp,2025-11-29,quantile,0.7,25,Oklahoma,Ensemble
2025-11-22,40,1,wk inc flu hosp,2025-11-29,quantile,0.75,27,Oklahoma,Ensemble
2025-11-22,40,1,wk inc flu hosp,2025-11-29,quantile,0.8,30,Oklahoma,Ensemble
2025-11-22,40,1,wk inc flu hosp,2025-11-29,quantile,0.85,33,Oklahoma,Ensemble
2025-11-22,40,1,wk inc flu hosp,2025-11-29,quantile,0.9,37,Oklahoma,Ensemble
2025-11-22,40,1,wk inc flu hosp,2025-11-29,quantile,0.95,46,Oklahoma,Ensemble
2025-11-22,40,1,wk inc flu hosp,2025-11-29,quantile,0.975,55,Oklahoma,Ensemble
2025-11-22,40,1,wk inc flu hosp,2025-11-29,quantile,0.99,65,Oklahoma,Ensemble
2025-11-22,40,2,wk inc flu hosp,2025-12-06,quantile,0.01,4,Oklahoma,Ensemble
2025-11-22,40,2,wk inc flu hosp,2025-12-06,quantile,0.025,5,Oklahoma,Ensemble
2025-11-22,40,2,wk inc flu hosp,2025-12-06,quantile,0.05,7,Oklahoma,Ensemble
2025-11-22,40,2,wk inc flu hosp,2025-12-06,quantile,0.1,8,Oklahoma,Ensemble
2025-11-22,40,2,wk inc flu hosp,2025-12-06,quantile,0.15,10,Oklahoma,Ensemble
2025-11-22,40,2,wk inc flu hosp,2025-12-06,quantile,0.2,13,Oklahoma,Ensemble
2025-11-22,40,2,wk inc flu hosp,2025-12-06,quantile,0.25,15,Oklahoma,Ensemble
2025-11-22,40,2,wk inc flu hosp,2025-12-06,quantile,0.3,17,Oklahoma,Ensemble
2025-11-22,40,2,wk inc flu hosp,2025-12-06,quantile,0.35,19,Oklahoma,Ensemble
2025-11-22,40,2,wk inc flu hosp,2025-12-06,quantile,0.4,21,Oklahoma,Ensemble
2025-11-22,40,2,wk inc flu hosp,2025-12-06,quantile,0.45,23,Oklahoma,Ensemble
2025-11-22,40,2,wk inc flu hosp,2025-12-06,quantile,0.5,26,Oklahoma,Ensemble
2025-11-22,40,2,wk inc flu hosp,2025-12-06,quantile,0.55,29,Oklahoma,Ensemble
2025-11-22,40,2,wk inc flu hosp,2025-12-06,quantile,0.6,31,Oklahoma,Ensemble
2025-11-22,40,2,wk inc flu hosp,2025-12-06,quantile,0.65,34,Oklahoma,Ensemble
2025-11-22,40,2,wk inc flu hosp,2025-12-06,quantile,0.7,37,Oklahoma,Ensemble
2025-11-22,40,2,wk inc flu hosp,2025-12-06,quantile,0.75,40,Oklahoma,Ensemble
2025-11-22,40,2,wk inc flu hosp,2025-12-06,quantile,0.8,45,Oklahoma,Ensemble
2025-11-22,40,2,wk inc flu hosp,2025-12-06,quantile,0.85,50,Oklahoma,Ensemble
2025-11-22,40,2,wk inc flu hosp,2025-12-06,quantile,0.9,59,Oklahoma,Ensemble
2025-11-22,40,2,wk inc flu hosp,2025-12-06,quantile,0.95,74,Oklahoma,Ensemble
2025-11-22,40,2,wk inc flu hosp,2025-12-06,quantile,0.975,91,Oklahoma,Ensemble
2025-11-22,40,2,wk inc flu hosp,2025-12-06,quantile,0.99,111,Oklahoma,Ensemble
2025-11-22,40,3,wk inc flu hosp,2025-12-13,quantile,0.01,5,Oklahoma,Ensemble
2025-11-22,40,3,wk inc flu hosp,2025-12-13,quantile,0.025,6,Oklahoma,Ensemble
2025-11-22,40,3,wk inc flu hosp,2025-12-13,quantile,0.05,8,Oklahoma,Ensemble
2025-11-22,40,3,wk inc flu hosp,2025-12-13,quantile,0.1,10,Oklahoma,Ensemble
2025-11-22,40,3,wk inc flu hosp,2025-12-13,quantile,0.15,12,Oklahoma,Ensemble
2025-11-22,40,3,wk inc flu hosp,2025-12-13,quantile,0.2,15,Oklahoma,Ensemble
2025-11-22,40,3,wk inc flu hosp,2025-12-13,quantile,0.25,18,Oklahoma,Ensemble
2025-11-22,40,3,wk inc flu hosp,2025-12-13,quantile,0.3,21,Oklahoma,Ensemble
2025-11-22,40,3,wk inc flu hosp,2025-12-13,quantile,0.35,24,Oklahoma,Ensemble
2025-11-22,40,3,wk inc flu hosp,2025-12-13,quantile,0.4,27,Oklahoma,Ensemble
2025-11-22,40,3,wk inc flu hosp,2025-12-13,quantile,0.45,30,Oklahoma,Ensemble
2025-11-22,40,3,wk inc flu hosp,2025-12-13,quantile,0.5,34,Oklahoma,Ensemble
2025-11-22,40,3,wk inc flu hosp,2025-12-13,quantile,0.55,37,Oklahoma,Ensemble
2025-11-22,40,3,wk inc flu hosp,2025-12-13,quantile,0.6,41,Oklahoma,Ensemble
2025-11-22,40,3,wk inc flu hosp,2025-12-13,quantile,0.65,45,Oklahoma,Ensemble
2025-11-22,40,3,wk inc flu hosp,2025-12-13,quantile,0.7,49,Oklahoma,Ensemble
2025-11-22,40,3,wk inc flu hosp,2025-12-13,quantile,0.75,55,Oklahoma,Ensemble
2025-11-22,40,3,wk inc flu hosp,2025-12-13,quantile,0.8,62,Oklahoma,Ensemble
2025-11-22,40,3,wk inc flu hosp,2025-12-13,quantile,0.85,71,Oklahoma,Ensemble
2025-11-22,40,3,wk inc flu hosp,2025-12-13,quantile,0.9,84,Oklahoma,Ensemble
2025-11-22,40,3,wk inc flu hosp,2025-12-13,quantile,0.95,111,Oklahoma,Ensemble
2025-11-22,40,3,wk inc flu hosp,2025-12-13,quantile,0.975,139,Oklahoma,Ensemble
2025-11-22,40,3,wk inc flu hosp,2025-12-13,quantile,0.99,173,Oklahoma,Ensemble
2025-11-22,41,0,wk inc flu hosp,2025-11-22,quantile,0.01,2,Oregon,Ensemble
2025-11-22,41,0,wk inc flu hosp,2025-11-22,quantile,0.025,3,Oregon,Ensemble
2025-11-22,41,0,wk inc flu hosp,2025-11-22,quantile,0.05,3,Oregon,Ensemble
2025-11-22,41,0,wk inc flu hosp,2025-11-22,quantile,0.1,4,Oregon,Ensemble
2025-11-22,41,0,wk inc flu hosp,2025-11-22,quantile,0.15,5,Oregon,Ensemble
2025-11-22,41,0,wk inc flu hosp,2025-11-22,quantile,0.2,6,Oregon,Ensemble
2025-11-22,41,0,wk inc flu hosp,2025-11-22,quantile,0.25,6,Oregon,Ensemble
2025-11-22,41,0,wk inc flu hosp,2025-11-22,quantile,0.3,7,Oregon,Ensemble
2025-11-22,41,0,wk inc flu hosp,2025-11-22,quantile,0.35,8,Oregon,Ensemble
2025-11-22,41,0,wk inc flu hosp,2025-11-22,quantile,0.4,9,Oregon,Ensemble
2025-11-22,41,0,wk inc flu hosp,2025-11-22,quantile,0.45,10,Oregon,Ensemble
2025-11-22,41,0,wk inc flu hosp,2025-11-22,quantile,0.5,12,Oregon,Ensemble
2025-11-22,41,0,wk inc flu hosp,2025-11-22,quantile,0.55,13,Oregon,Ensemble
2025-11-22,41,0,wk inc flu hosp,2025-11-22,quantile,0.6,14,Oregon,Ensemble
2025-11-22,41,0,wk inc flu hosp,2025-11-22,quantile,0.65,14,Oregon,Ensemble
2025-11-22,41,0,wk inc flu hosp,2025-11-22,quantile,0.7,15,Oregon,Ensemble
2025-11-22,41,0,wk inc flu hosp,2025-11-22,quantile,0.75,17,Oregon,Ensemble
2025-11-22,41,0,wk inc flu hosp,2025-11-22,quantile,0.8,18,Oregon,Ensemble
2025-11-22,41,0,wk inc flu hosp,2025-11-22,quantile,0.85,20,Oregon,Ensemble
2025-11-22,41,0,wk inc flu hosp,2025-11-22,quantile,0.9,22,Oregon,Ensemble
2025-11-22,41,0,wk inc flu hosp,2025-11-22,quantile,0.95,26,Oregon,Ensemble
2025-11-22,41,0,wk inc flu hosp,2025-11-22,quantile,0.975,32,Oregon,Ensemble
2025-11-22,41,0,wk inc flu hosp,2025-11-22,quantile,0.99,38,Oregon,Ensemble
2025-11-22,41,1,wk inc flu hosp,2025-11-29,quantile,0.01,3,Oregon,Ensemble
2025-11-22,41,1,wk inc flu hosp,2025-11-29,quantile,0.025,4,Oregon,Ensemble
2025-11-22,41,1,wk inc flu hosp,2025-11-29,quantile,0.05,6,Oregon,Ensemble
2025-11-22,41,1,wk inc flu hosp,2025-11-29,quantile,0.1,7,Oregon,Ensemble
2025-11-22,41,1,wk inc flu hosp,2025-11-29,quantile,0.15,8,Oregon,Ensemble
2025-11-22,41,1,wk inc flu hosp,2025-11-29,quantile,0.2,10,Oregon,Ensemble
2025-11-22,41,1,wk inc flu hosp,2025-11-29,quantile,0.25,11,Oregon,Ensemble
2025-11-22,41,1,wk inc flu hosp,2025-11-29,quantile,0.3,12,Oregon,Ensemble
2025-11-22,41,1,wk inc flu hosp,2025-11-29,quantile,0.35,13,Oregon,Ensemble
2025-11-22,41,1,wk inc flu hosp,2025-11-29,quantile,0.4,14,Oregon,Ensemble
2025-11-22,41,1,wk inc flu hosp,2025-11-29,quantile,0.45,16,Oregon,Ensemble
2025-11-22,41,1,wk inc flu hosp,2025-11-29,quantile,0.5,18,Oregon,Ensemble
2025-11-22,41,1,wk inc flu hosp,2025-11-29,quantile,0.55,19,Oregon,Ensemble
2025-11-22,41,1,wk inc flu hosp,2025-11-29,quantile,0.6,21,Oregon,Ensemble
2025-11-22,41,1,wk inc flu hosp,2025-11-29,quantile,0.65,23,Oregon,Ensemble
2025-11-22,41,1,wk inc flu hosp,2025-11-29,quantile,0.7,24,Oregon,Ensemble
2025-11-22,41,1,wk inc flu hosp,2025-11-29,quantile,0.75,26,Oregon,Ensemble
2025-11-22,41,1,wk inc flu hosp,2025-11-29,quantile,0.8,28,Oregon,Ensemble
2025-11-22,41,1,wk inc flu hosp,2025-11-29,quantile,0.85,31,Oregon,Ensemble
2025-11-22,41,1,wk inc flu hosp,2025-11-29,quantile,0.9,35,Oregon,Ensemble
2025-11-22,41,1,wk inc flu hosp,2025-11-29,quantile,0.95,44,Oregon,Ensemble
2025-11-22,41,1,wk inc flu hosp,2025-11-29,quantile,0.975,57,Oregon,Ensemble
2025-11-22,41,1,wk inc flu hosp,2025-11-29,quantile,0.99,67,Oregon,Ensemble
2025-11-22,41,2,wk inc flu hosp,2025-12-06,quantile,0.01,6,Oregon,Ensemble
2025-11-22,41,2,wk inc flu hosp,2025-12-06,quantile,0.025,8,Oregon,Ensemble
2025-11-22,41,2,wk inc flu hosp,2025-12-06,quantile,0.05,9,Oregon,Ensemble
2025-11-22,41,2,wk inc flu hosp,2025-12-06,quantile,0.1,11,Oregon,Ensemble
2025-11-22,41,2,wk inc flu hosp,2025-12-06,quantile,0.15,12,Oregon,Ensemble
2025-11-22,41,2,wk inc flu hosp,2025-12-06,quantile,0.2,14,Oregon,Ensemble
2025-11-22,41,2,wk inc flu hosp,2025-12-06,quantile,0.25,16,Oregon,Ensemble
2025-11-22,41,2,wk inc flu hosp,2025-12-06,quantile,0.3,17,Oregon,Ensemble
2025-11-22,41,2,wk inc flu hosp,2025-12-06,quantile,0.35,19,Oregon,Ensemble
2025-11-22,41,2,wk inc flu hosp,2025-12-06,quantile,0.4,21,Oregon,Ensemble
2025-11-22,41,2,wk inc flu hosp,2025-12-06,quantile,0.45,23,Oregon,Ensemble
2025-11-22,41,2,wk inc flu hosp,2025-12-06,quantile,0.5,26,Oregon,Ensemble
2025-11-22,41,2,wk inc flu hosp,2025-12-06,quantile,0.55,29,Oregon,Ensemble
2025-11-22,41,2,wk inc flu hosp,2025-12-06,quantile,0.6,31,Oregon,Ensemble
2025-11-22,41,2,wk inc flu hosp,2025-12-06,quantile,0.65,34,Oregon,Ensemble
2025-11-22,41,2,wk inc flu hosp,2025-12-06,quantile,0.7,37,Oregon,Ensemble
2025-11-22,41,2,wk inc flu hosp,2025-12-06,quantile,0.75,40,Oregon,Ensemble
2025-11-22,41,2,wk inc flu hosp,2025-12-06,quantile,0.8,44,Oregon,Ensemble
2025-11-22,41,2,wk inc flu hosp,2025-12-06,quantile,0.85,50,Oregon,Ensemble
2025-11-22,41,2,wk inc flu hosp,2025-12-06,quantile,0.9,59,Oregon,Ensemble
2025-11-22,41,2,wk inc flu hosp,2025-12-06,quantile,0.95,78,Oregon,Ensemble
2025-11-22,41,2,wk inc flu hosp,2025-12-06,quantile,0.975,99,Oregon,Ensemble
2025-11-22,41,2,wk inc flu hosp,2025-12-06,quantile,0.99,121,Oregon,Ensemble
2025-11-22,41,3,wk inc flu hosp,2025-12-13,quantile,0.01,10,Oregon,Ensemble
2025-11-22,41,3,wk inc flu hosp,2025-12-13,quantile,0.025,12,Oregon,Ensemble
2025-11-22,41,3,wk inc flu hosp,2025-12-13,quantile,0.05,14,Oregon,Ensemble
2025-11-22,41,3,wk inc flu hosp,2025-12-13,quantile,0.1,16,Oregon,Ensemble
2025-11-22,41,3,wk inc flu hosp,2025-12-13,quantile,0.15,19,Oregon,Ensemble
2025-11-22,41,3,wk inc flu hosp,2025-12-13,quantile,0.2,21,Oregon,Ensemble
2025-11-22,41,3,wk inc flu hosp,2025-12-13,quantile,0.25,23,Oregon,Ensemble
2025-11-22,41,3,wk inc flu hosp,2025-12-13,quantile,0.3,25,Oregon,Ensemble
2025-11-22,41,3,wk inc flu hosp,2025-12-13,quantile,0.35,28,Oregon,Ensemble
2025-11-22,41,3,wk inc flu hosp,2025-12-13,quantile,0.4,30,Oregon,Ensemble
2025-11-22,41,3,wk inc flu hosp,2025-12-13,quantile,0.45,33,Oregon,Ensemble
2025-11-22,41,3,wk inc flu hosp,2025-12-13,quantile,0.5,38,Oregon,Ensemble
2025-11-22,41,3,wk inc flu hosp,2025-12-13,quantile,0.55,41,Oregon,Ensemble
2025-11-22,41,3,wk inc flu hosp,2025-12-13,quantile,0.6,45,Oregon,Ensemble
2025-11-22,41,3,wk inc flu hosp,2025-12-13,quantile,0.65,49,Oregon,Ensemble
2025-11-22,41,3,wk inc flu hosp,2025-12-13,quantile,0.7,53,Oregon,Ensemble
2025-11-22,41,3,wk inc flu hosp,2025-12-13,quantile,0.75,60,Oregon,Ensemble
2025-11-22,41,3,wk inc flu hosp,2025-12-13,quantile,0.8,67,Oregon,Ensemble
2025-11-22,41,3,wk inc flu hosp,2025-12-13,quantile,0.85,77,Oregon,Ensemble
2025-11-22,41,3,wk inc flu hosp,2025-12-13,quantile,0.9,94,Oregon,Ensemble
2025-11-22,41,3,wk inc flu hosp,2025-12-13,quantile,0.95,127,Oregon,Ensemble
2025-11-22,41,3,wk inc flu hosp,2025-12-13,quantile,0.975,166,Oregon,Ensemble
2025-11-22,41,3,wk inc flu hosp,2025-12-13,quantile,0.99,200,Oregon,Ensemble
2025-11-22,42,0,wk inc flu hosp,2025-11-22,quantile,0.01,97,Pennsylvania,Ensemble
2025-11-22,42,0,wk inc flu hosp,2025-11-22,quantile,0.025,105,Pennsylvania,Ensemble
2025-11-22,42,0,wk inc flu hosp,2025-11-22,quantile,0.05,113,Pennsylvania,Ensemble
2025-11-22,42,0,wk inc flu hosp,2025-11-22,quantile,0.1,125,Pennsylvania,Ensemble
2025-11-22,42,0,wk inc flu hosp,2025-11-22,quantile,0.15,135,Pennsylvania,Ensemble
2025-11-22,42,0,wk inc flu hosp,2025-11-22,quantile,0.2,143,Pennsylvania,Ensemble
2025-11-22,42,0,wk inc flu hosp,2025-11-22,quantile,0.25,152,Pennsylvania,Ensemble
2025-11-22,42,0,wk inc flu hosp,2025-11-22,quantile,0.3,160,Pennsylvania,Ensemble
2025-11-22,42,0,wk inc flu hosp,2025-11-22,quantile,0.35,167,Pennsylvania,Ensemble
2025-11-22,42,0,wk inc flu hosp,2025-11-22,quantile,0.4,173,Pennsylvania,Ensemble
2025-11-22,42,0,wk inc flu hosp,2025-11-22,quantile,0.45,180,Pennsylvania,Ensemble
2025-11-22,42,0,wk inc flu hosp,2025-11-22,quantile,0.5,190,Pennsylvania,Ensemble
2025-11-22,42,0,wk inc flu hosp,2025-11-22,quantile,0.55,197,Pennsylvania,Ensemble
2025-11-22,42,0,wk inc flu hosp,2025-11-22,quantile,0.6,205,Pennsylvania,Ensemble
2025-11-22,42,0,wk inc flu hosp,2025-11-22,quantile,0.65,213,Pennsylvania,Ensemble
2025-11-22,42,0,wk inc flu hosp,2025-11-22,quantile,0.7,222,Pennsylvania,Ensemble
2025-11-22,42,0,wk inc flu hosp,2025-11-22,quantile,0.75,232,Pennsylvania,Ensemble
2025-11-22,42,0,wk inc flu hosp,2025-11-22,quantile,0.8,243,Pennsylvania,Ensemble
2025-11-22,42,0,wk inc flu hosp,2025-11-22,quantile,0.85,258,Pennsylvania,Ensemble
2025-11-22,42,0,wk inc flu hosp,2025-11-22,quantile,0.9,278,Pennsylvania,Ensemble
2025-11-22,42,0,wk inc flu hosp,2025-11-22,quantile,0.95,306,Pennsylvania,Ensemble
2025-11-22,42,0,wk inc flu hosp,2025-11-22,quantile,0.975,344,Pennsylvania,Ensemble
2025-11-22,42,0,wk inc flu hosp,2025-11-22,quantile,0.99,381,Pennsylvania,Ensemble
2025-11-22,42,1,wk inc flu hosp,2025-11-29,quantile,0.01,105,Pennsylvania,Ensemble
2025-11-22,42,1,wk inc flu hosp,2025-11-29,quantile,0.025,117,Pennsylvania,Ensemble
2025-11-22,42,1,wk inc flu hosp,2025-11-29,quantile,0.05,130,Pennsylvania,Ensemble
2025-11-22,42,1,wk inc flu hosp,2025-11-29,quantile,0.1,147,Pennsylvania,Ensemble
2025-11-22,42,1,wk inc flu hosp,2025-11-29,quantile,0.15,161,Pennsylvania,Ensemble
2025-11-22,42,1,wk inc flu hosp,2025-11-29,quantile,0.2,173,Pennsylvania,Ensemble
2025-11-22,42,1,wk inc flu hosp,2025-11-29,quantile,0.25,185,Pennsylvania,Ensemble
2025-11-22,42,1,wk inc flu hosp,2025-11-29,quantile,0.3,197,Pennsylvania,Ensemble
2025-11-22,42,1,wk inc flu hosp,2025-11-29,quantile,0.35,208,Pennsylvania,Ensemble
2025-11-22,42,1,wk inc flu hosp,2025-11-29,quantile,0.4,221,Pennsylvania,Ensemble
2025-11-22,42,1,wk inc flu hosp,2025-11-29,quantile,0.45,233,Pennsylvania,Ensemble
2025-11-22,42,1,wk inc flu hosp,2025-11-29,quantile,0.5,250,Pennsylvania,Ensemble
2025-11-22,42,1,wk inc flu hosp,2025-11-29,quantile,0.55,263,Pennsylvania,Ensemble
2025-11-22,42,1,wk inc flu hosp,2025-11-29,quantile,0.6,275,Pennsylvania,Ensemble
2025-11-22,42,1,wk inc flu hosp,2025-11-29,quantile,0.65,289,Pennsylvania,Ensemble
2025-11-22,42,1,wk inc flu hosp,2025-11-29,quantile,0.7,303,Pennsylvania,Ensemble
2025-11-22,42,1,wk inc flu hosp,2025-11-29,quantile,0.75,320,Pennsylvania,Ensemble
2025-11-22,42,1,wk inc flu hosp,2025-11-29,quantile,0.8,339,Pennsylvania,Ensemble
2025-11-22,42,1,wk inc flu hosp,2025-11-29,quantile,0.85,365,Pennsylvania,Ensemble
2025-11-22,42,1,wk inc flu hosp,2025-11-29,quantile,0.9,397,Pennsylvania,Ensemble
2025-11-22,42,1,wk inc flu hosp,2025-11-29,quantile,0.95,454,Pennsylvania,Ensemble
2025-11-22,42,1,wk inc flu hosp,2025-11-29,quantile,0.975,552,Pennsylvania,Ensemble
2025-11-22,42,1,wk inc flu hosp,2025-11-29,quantile,0.99,660,Pennsylvania,Ensemble
2025-11-22,42,2,wk inc flu hosp,2025-12-06,quantile,0.01,126,Pennsylvania,Ensemble
2025-11-22,42,2,wk inc flu hosp,2025-12-06,quantile,0.025,139,Pennsylvania,Ensemble
2025-11-22,42,2,wk inc flu hosp,2025-12-06,quantile,0.05,156,Pennsylvania,Ensemble
2025-11-22,42,2,wk inc flu hosp,2025-12-06,quantile,0.1,181,Pennsylvania,Ensemble
2025-11-22,42,2,wk inc flu hosp,2025-12-06,quantile,0.15,198,Pennsylvania,Ensemble
2025-11-22,42,2,wk inc flu hosp,2025-12-06,quantile,0.2,217,Pennsylvania,Ensemble
2025-11-22,42,2,wk inc flu hosp,2025-12-06,quantile,0.25,235,Pennsylvania,Ensemble
2025-11-22,42,2,wk inc flu hosp,2025-12-06,quantile,0.3,251,Pennsylvania,Ensemble
2025-11-22,42,2,wk inc flu hosp,2025-12-06,quantile,0.35,270,Pennsylvania,Ensemble
2025-11-22,42,2,wk inc flu hosp,2025-12-06,quantile,0.4,288,Pennsylvania,Ensemble
2025-11-22,42,2,wk inc flu hosp,2025-12-06,quantile,0.45,312,Pennsylvania,Ensemble
2025-11-22,42,2,wk inc flu hosp,2025-12-06,quantile,0.5,334,Pennsylvania,Ensemble
2025-11-22,42,2,wk inc flu hosp,2025-12-06,quantile,0.55,354,Pennsylvania,Ensemble
2025-11-22,42,2,wk inc flu hosp,2025-12-06,quantile,0.6,375,Pennsylvania,Ensemble
2025-11-22,42,2,wk inc flu hosp,2025-12-06,quantile,0.65,397,Pennsylvania,Ensemble
2025-11-22,42,2,wk inc flu hosp,2025-12-06,quantile,0.7,421,Pennsylvania,Ensemble
2025-11-22,42,2,wk inc flu hosp,2025-12-06,quantile,0.75,449,Pennsylvania,Ensemble
2025-11-22,42,2,wk inc flu hosp,2025-12-06,quantile,0.8,484,Pennsylvania,Ensemble
2025-11-22,42,2,wk inc flu hosp,2025-12-06,quantile,0.85,528,Pennsylvania,Ensemble
2025-11-22,42,2,wk inc flu hosp,2025-12-06,quantile,0.9,588,Pennsylvania,Ensemble
2025-11-22,42,2,wk inc flu hosp,2025-12-06,quantile,0.95,692,Pennsylvania,Ensemble
2025-11-22,42,2,wk inc flu hosp,2025-12-06,quantile,0.975,919,Pennsylvania,Ensemble
2025-11-22,42,2,wk inc flu hosp,2025-12-06,quantile,0.99,1153,Pennsylvania,Ensemble
2025-11-22,42,3,wk inc flu hosp,2025-12-13,quantile,0.01,146,Pennsylvania,Ensemble
2025-11-22,42,3,wk inc flu hosp,2025-12-13,quantile,0.025,163,Pennsylvania,Ensemble
2025-11-22,42,3,wk inc flu hosp,2025-12-13,quantile,0.05,186,Pennsylvania,Ensemble
2025-11-22,42,3,wk inc flu hosp,2025-12-13,quantile,0.1,219,Pennsylvania,Ensemble
2025-11-22,42,3,wk inc flu hosp,2025-12-13,quantile,0.15,248,Pennsylvania,Ensemble
2025-11-22,42,3,wk inc flu hosp,2025-12-13,quantile,0.2,281,Pennsylvania,Ensemble
2025-11-22,42,3,wk inc flu hosp,2025-12-13,quantile,0.25,306,Pennsylvania,Ensemble
2025-11-22,42,3,wk inc flu hosp,2025-12-13,quantile,0.3,332,Pennsylvania,Ensemble
2025-11-22,42,3,wk inc flu hosp,2025-12-13,quantile,0.35,359,Pennsylvania,Ensemble
2025-11-22,42,3,wk inc flu hosp,2025-12-13,quantile,0.4,386,Pennsylvania,Ensemble
2025-11-22,42,3,wk inc flu hosp,2025-12-13,quantile,0.45,424,Pennsylvania,Ensemble
2025-11-22,42,3,wk inc flu hosp,2025-12-13,quantile,0.5,456,Pennsylvania,Ensemble
2025-11-22,42,3,wk inc flu hosp,2025-12-13,quantile,0.55,487,Pennsylvania,Ensemble
2025-11-22,42,3,wk inc flu hosp,2025-12-13,quantile,0.6,520,Pennsylvania,Ensemble
2025-11-22,42,3,wk inc flu hosp,2025-12-13,quantile,0.65,554,Pennsylvania,Ensemble
2025-11-22,42,3,wk inc flu hosp,2025-12-13,quantile,0.7,590,Pennsylvania,Ensemble
2025-11-22,42,3,wk inc flu hosp,2025-12-13,quantile,0.75,638,Pennsylvania,Ensemble
2025-11-22,42,3,wk inc flu hosp,2025-12-13,quantile,0.8,694,Pennsylvania,Ensemble
2025-11-22,42,3,wk inc flu hosp,2025-12-13,quantile,0.85,765,Pennsylvania,Ensemble
2025-11-22,42,3,wk inc flu hosp,2025-12-13,quantile,0.9,871,Pennsylvania,Ensemble
2025-11-22,42,3,wk inc flu hosp,2025-12-13,quantile,0.95,1051,Pennsylvania,Ensemble
2025-11-22,42,3,wk inc flu hosp,2025-12-13,quantile,0.975,1442,Pennsylvania,Ensemble
2025-11-22,42,3,wk inc flu hosp,2025-12-13,quantile,0.99,1733,Pennsylvania,Ensemble
2025-11-22,44,0,wk inc flu hosp,2025-11-22,quantile,0.01,2,Rhode Island,Ensemble
2025-11-22,44,0,wk inc flu hosp,2025-11-22,quantile,0.025,2,Rhode Island,Ensemble
2025-11-22,44,0,wk inc flu hosp,2025-11-22,quantile,0.05,3,Rhode Island,Ensemble
2025-11-22,44,0,wk inc flu hosp,2025-11-22,quantile,0.1,4,Rhode Island,Ensemble
2025-11-22,44,0,wk inc flu hosp,2025-11-22,quantile,0.15,5,Rhode Island,Ensemble
2025-11-22,44,0,wk inc flu hosp,2025-11-22,quantile,0.2,5,Rhode Island,Ensemble
2025-11-22,44,0,wk inc flu hosp,2025-11-22,quantile,0.25,5,Rhode Island,Ensemble
2025-11-22,44,0,wk inc flu hosp,2025-11-22,quantile,0.3,6,Rhode Island,Ensemble
2025-11-22,44,0,wk inc flu hosp,2025-11-22,quantile,0.35,6,Rhode Island,Ensemble
2025-11-22,44,0,wk inc flu hosp,2025-11-22,quantile,0.4,7,Rhode Island,Ensemble
2025-11-22,44,0,wk inc flu hosp,2025-11-22,quantile,0.45,7,Rhode Island,Ensemble
2025-11-22,44,0,wk inc flu hosp,2025-11-22,quantile,0.5,8,Rhode Island,Ensemble
2025-11-22,44,0,wk inc flu hosp,2025-11-22,quantile,0.55,9,Rhode Island,Ensemble
2025-11-22,44,0,wk inc flu hosp,2025-11-22,quantile,0.6,9,Rhode Island,Ensemble
2025-11-22,44,0,wk inc flu hosp,2025-11-22,quantile,0.65,10,Rhode Island,Ensemble
2025-11-22,44,0,wk inc flu hosp,2025-11-22,quantile,0.7,10,Rhode Island,Ensemble
2025-11-22,44,0,wk inc flu hosp,2025-11-22,quantile,0.75,10,Rhode Island,Ensemble
2025-11-22,44,0,wk inc flu hosp,2025-11-22,quantile,0.8,11,Rhode Island,Ensemble
2025-11-22,44,0,wk inc flu hosp,2025-11-22,quantile,0.85,12,Rhode Island,Ensemble
2025-11-22,44,0,wk inc flu hosp,2025-11-22,quantile,0.9,13,Rhode Island,Ensemble
2025-11-22,44,0,wk inc flu hosp,2025-11-22,quantile,0.95,15,Rhode Island,Ensemble
2025-11-22,44,0,wk inc flu hosp,2025-11-22,quantile,0.975,17,Rhode Island,Ensemble
2025-11-22,44,0,wk inc flu hosp,2025-11-22,quantile,0.99,19,Rhode Island,Ensemble
2025-11-22,44,1,wk inc flu hosp,2025-11-29,quantile,0.01,3,Rhode Island,Ensemble
2025-11-22,44,1,wk inc flu hosp,2025-11-29,quantile,0.025,3,Rhode Island,Ensemble
2025-11-22,44,1,wk inc flu hosp,2025-11-29,quantile,0.05,4,Rhode Island,Ensemble
2025-11-22,44,1,wk inc flu hosp,2025-11-29,quantile,0.1,5,Rhode Island,Ensemble
2025-11-22,44,1,wk inc flu hosp,2025-11-29,quantile,0.15,6,Rhode Island,Ensemble
2025-11-22,44,1,wk inc flu hosp,2025-11-29,quantile,0.2,7,Rhode Island,Ensemble
2025-11-22,44,1,wk inc flu hosp,2025-11-29,quantile,0.25,8,Rhode Island,Ensemble
2025-11-22,44,1,wk inc flu hosp,2025-11-29,quantile,0.3,8,Rhode Island,Ensemble
2025-11-22,44,1,wk inc flu hosp,2025-11-29,quantile,0.35,9,Rhode Island,Ensemble
2025-11-22,44,1,wk inc flu hosp,2025-11-29,quantile,0.4,10,Rhode Island,Ensemble
2025-11-22,44,1,wk inc flu hosp,2025-11-29,quantile,0.45,11,Rhode Island,Ensemble
2025-11-22,44,1,wk inc flu hosp,2025-11-29,quantile,0.5,12,Rhode Island,Ensemble
2025-11-22,44,1,wk inc flu hosp,2025-11-29,quantile,0.55,13,Rhode Island,Ensemble
2025-11-22,44,1,wk inc flu hosp,2025-11-29,quantile,0.6,14,Rhode Island,Ensemble
2025-11-22,44,1,wk inc flu hosp,2025-11-29,quantile,0.65,14,Rhode Island,Ensemble
2025-11-22,44,1,wk inc flu hosp,2025-11-29,quantile,0.7,15,Rhode Island,Ensemble
2025-11-22,44,1,wk inc flu hosp,2025-11-29,quantile,0.75,16,Rhode Island,Ensemble
2025-11-22,44,1,wk inc flu hosp,2025-11-29,quantile,0.8,17,Rhode Island,Ensemble
2025-11-22,44,1,wk inc flu hosp,2025-11-29,quantile,0.85,19,Rhode Island,Ensemble
2025-11-22,44,1,wk inc flu hosp,2025-11-29,quantile,0.9,22,Rhode Island,Ensemble
2025-11-22,44,1,wk inc flu hosp,2025-11-29,quantile,0.95,26,Rhode Island,Ensemble
2025-11-22,44,1,wk inc flu hosp,2025-11-29,quantile,0.975,30,Rhode Island,Ensemble
2025-11-22,44,1,wk inc flu hosp,2025-11-29,quantile,0.99,35,Rhode Island,Ensemble
2025-11-22,44,2,wk inc flu hosp,2025-12-06,quantile,0.01,3,Rhode Island,Ensemble
2025-11-22,44,2,wk inc flu hosp,2025-12-06,quantile,0.025,4,Rhode Island,Ensemble
2025-11-22,44,2,wk inc flu hosp,2025-12-06,quantile,0.05,5,Rhode Island,Ensemble
2025-11-22,44,2,wk inc flu hosp,2025-12-06,quantile,0.1,7,Rhode Island,Ensemble
2025-11-22,44,2,wk inc flu hosp,2025-12-06,quantile,0.15,8,Rhode Island,Ensemble
2025-11-22,44,2,wk inc flu hosp,2025-12-06,quantile,0.2,9,Rhode Island,Ensemble
2025-11-22,44,2,wk inc flu hosp,2025-12-06,quantile,0.25,10,Rhode Island,Ensemble
2025-11-22,44,2,wk inc flu hosp,2025-12-06,quantile,0.3,11,Rhode Island,Ensemble
2025-11-22,44,2,wk inc flu hosp,2025-12-06,quantile,0.35,12,Rhode Island,Ensemble
2025-11-22,44,2,wk inc flu hosp,2025-12-06,quantile,0.4,13,Rhode Island,Ensemble
2025-11-22,44,2,wk inc flu hosp,2025-12-06,quantile,0.45,14,Rhode Island,Ensemble
2025-11-22,44,2,wk inc flu hosp,2025-12-06,quantile,0.5,16,Rhode Island,Ensemble
2025-11-22,44,2,wk inc flu hosp,2025-12-06,quantile,0.55,18,Rhode Island,Ensemble
2025-11-22,44,2,wk inc flu hosp,2025-12-06,quantile,0.6,19,Rhode Island,Ensemble
2025-11-22,44,2,wk inc flu hosp,2025-12-06,quantile,0.65,21,Rhode Island,Ensemble
2025-11-22,44,2,wk inc flu hosp,2025-12-06,quantile,0.7,23,Rhode Island,Ensemble
2025-11-22,44,2,wk inc flu hosp,2025-12-06,quantile,0.75,25,Rhode Island,Ensemble
2025-11-22,44,2,wk inc flu hosp,2025-12-06,quantile,0.8,27,Rhode Island,Ensemble
2025-11-22,44,2,wk inc flu hosp,2025-12-06,quantile,0.85,30,Rhode Island,Ensemble
2025-11-22,44,2,wk inc flu hosp,2025-12-06,quantile,0.9,34,Rhode Island,Ensemble
2025-11-22,44,2,wk inc flu hosp,2025-12-06,quantile,0.95,43,Rhode Island,Ensemble
2025-11-22,44,2,wk inc flu hosp,2025-12-06,quantile,0.975,51,Rhode Island,Ensemble
2025-11-22,44,2,wk inc flu hosp,2025-12-06,quantile,0.99,61,Rhode Island,Ensemble
2025-11-22,44,3,wk inc flu hosp,2025-12-13,quantile,0.01,4,Rhode Island,Ensemble
2025-11-22,44,3,wk inc flu hosp,2025-12-13,quantile,0.025,5,Rhode Island,Ensemble
2025-11-22,44,3,wk inc flu hosp,2025-12-13,quantile,0.05,7,Rhode Island,Ensemble
2025-11-22,44,3,wk inc flu hosp,2025-12-13,quantile,0.1,9,Rhode Island,Ensemble
2025-11-22,44,3,wk inc flu hosp,2025-12-13,quantile,0.15,11,Rhode Island,Ensemble
2025-11-22,44,3,wk inc flu hosp,2025-12-13,quantile,0.2,12,Rhode Island,Ensemble
2025-11-22,44,3,wk inc flu hosp,2025-12-13,quantile,0.25,14,Rhode Island,Ensemble
2025-11-22,44,3,wk inc flu hosp,2025-12-13,quantile,0.3,15,Rhode Island,Ensemble
2025-11-22,44,3,wk inc flu hosp,2025-12-13,quantile,0.35,17,Rhode Island,Ensemble
2025-11-22,44,3,wk inc flu hosp,2025-12-13,quantile,0.4,18,Rhode Island,Ensemble
2025-11-22,44,3,wk inc flu hosp,2025-12-13,quantile,0.45,20,Rhode Island,Ensemble
2025-11-22,44,3,wk inc flu hosp,2025-12-13,quantile,0.5,22,Rhode Island,Ensemble
2025-11-22,44,3,wk inc flu hosp,2025-12-13,quantile,0.55,24,Rhode Island,Ensemble
2025-11-22,44,3,wk inc flu hosp,2025-12-13,quantile,0.6,26,Rhode Island,Ensemble
2025-11-22,44,3,wk inc flu hosp,2025-12-13,quantile,0.65,28,Rhode Island,Ensemble
2025-11-22,44,3,wk inc flu hosp,2025-12-13,quantile,0.7,30,Rhode Island,Ensemble
2025-11-22,44,3,wk inc flu hosp,2025-12-13,quantile,0.75,34,Rhode Island,Ensemble
2025-11-22,44,3,wk inc flu hosp,2025-12-13,quantile,0.8,37,Rhode Island,Ensemble
2025-11-22,44,3,wk inc flu hosp,2025-12-13,quantile,0.85,42,Rhode Island,Ensemble
2025-11-22,44,3,wk inc flu hosp,2025-12-13,quantile,0.9,48,Rhode Island,Ensemble
2025-11-22,44,3,wk inc flu hosp,2025-12-13,quantile,0.95,61,Rhode Island,Ensemble
2025-11-22,44,3,wk inc flu hosp,2025-12-13,quantile,0.975,72,Rhode Island,Ensemble
2025-11-22,44,3,wk inc flu hosp,2025-12-13,quantile,0.99,88,Rhode Island,Ensemble
2025-11-22,45,0,wk inc flu hosp,2025-11-22,quantile,0.01,8,South Carolina,Ensemble
2025-11-22,45,0,wk inc flu hosp,2025-11-22,quantile,0.025,9,South Carolina,Ensemble
2025-11-22,45,0,wk inc flu hosp,2025-11-22,quantile,0.05,11,South Carolina,Ensemble
2025-11-22,45,0,wk inc flu hosp,2025-11-22,quantile,0.1,13,South Carolina,Ensemble
2025-11-22,45,0,wk inc flu hosp,2025-11-22,quantile,0.15,14,South Carolina,Ensemble
2025-11-22,45,0,wk inc flu hosp,2025-11-22,quantile,0.2,16,South Carolina,Ensemble
2025-11-22,45,0,wk inc flu hosp,2025-11-22,quantile,0.25,18,South Carolina,Ensemble
2025-11-22,45,0,wk inc flu hosp,2025-11-22,quantile,0.3,19,South Carolina,Ensemble
2025-11-22,45,0,wk inc flu hosp,2025-11-22,quantile,0.35,21,South Carolina,Ensemble
2025-11-22,45,0,wk inc flu hosp,2025-11-22,quantile,0.4,22,South Carolina,Ensemble
2025-11-22,45,0,wk inc flu hosp,2025-11-22,quantile,0.45,23,South Carolina,Ensemble
2025-11-22,45,0,wk inc flu hosp,2025-11-22,quantile,0.5,25,South Carolina,Ensemble
2025-11-22,45,0,wk inc flu hosp,2025-11-22,quantile,0.55,27,South Carolina,Ensemble
2025-11-22,45,0,wk inc flu hosp,2025-11-22,quantile,0.6,28,South Carolina,Ensemble
2025-11-22,45,0,wk inc flu hosp,2025-11-22,quantile,0.65,29,South Carolina,Ensemble
2025-11-22,45,0,wk inc flu hosp,2025-11-22,quantile,0.7,31,South Carolina,Ensemble
2025-11-22,45,0,wk inc flu hosp,2025-11-22,quantile,0.75,32,South Carolina,Ensemble
2025-11-22,45,0,wk inc flu hosp,2025-11-22,quantile,0.8,34,South Carolina,Ensemble
2025-11-22,45,0,wk inc flu hosp,2025-11-22,quantile,0.85,36,South Carolina,Ensemble
2025-11-22,45,0,wk inc flu hosp,2025-11-22,quantile,0.9,40,South Carolina,Ensemble
2025-11-22,45,0,wk inc flu hosp,2025-11-22,quantile,0.95,46,South Carolina,Ensemble
2025-11-22,45,0,wk inc flu hosp,2025-11-22,quantile,0.975,53,South Carolina,Ensemble
2025-11-22,45,0,wk inc flu hosp,2025-11-22,quantile,0.99,59,South Carolina,Ensemble
2025-11-22,45,1,wk inc flu hosp,2025-11-29,quantile,0.01,9,South Carolina,Ensemble
2025-11-22,45,1,wk inc flu hosp,2025-11-29,quantile,0.025,11,South Carolina,Ensemble
2025-11-22,45,1,wk inc flu hosp,2025-11-29,quantile,0.05,13,South Carolina,Ensemble
2025-11-22,45,1,wk inc flu hosp,2025-11-29,quantile,0.1,16,South Carolina,Ensemble
2025-11-22,45,1,wk inc flu hosp,2025-11-29,quantile,0.15,19,South Carolina,Ensemble
2025-11-22,45,1,wk inc flu hosp,2025-11-29,quantile,0.2,21,South Carolina,Ensemble
2025-11-22,45,1,wk inc flu hosp,2025-11-29,quantile,0.25,22,South Carolina,Ensemble
2025-11-22,45,1,wk inc flu hosp,2025-11-29,quantile,0.3,24,South Carolina,Ensemble
2025-11-22,45,1,wk inc flu hosp,2025-11-29,quantile,0.35,26,South Carolina,Ensemble
2025-11-22,45,1,wk inc flu hosp,2025-11-29,quantile,0.4,28,South Carolina,Ensemble
2025-11-22,45,1,wk inc flu hosp,2025-11-29,quantile,0.45,31,South Carolina,Ensemble
2025-11-22,45,1,wk inc flu hosp,2025-11-29,quantile,0.5,34,South Carolina,Ensemble
2025-11-22,45,1,wk inc flu hosp,2025-11-29,quantile,0.55,36,South Carolina,Ensemble
2025-11-22,45,1,wk inc flu hosp,2025-11-29,quantile,0.6,38,South Carolina,Ensemble
2025-11-22,45,1,wk inc flu hosp,2025-11-29,quantile,0.65,40,South Carolina,Ensemble
2025-11-22,45,1,wk inc flu hosp,2025-11-29,quantile,0.7,42,South Carolina,Ensemble
2025-11-22,45,1,wk inc flu hosp,2025-11-29,quantile,0.75,45,South Carolina,Ensemble
2025-11-22,45,1,wk inc flu hosp,2025-11-29,quantile,0.8,49,South Carolina,Ensemble
2025-11-22,45,1,wk inc flu hosp,2025-11-29,quantile,0.85,53,South Carolina,Ensemble
2025-11-22,45,1,wk inc flu hosp,2025-11-29,quantile,0.9,59,South Carolina,Ensemble
2025-11-22,45,1,wk inc flu hosp,2025-11-29,quantile,0.95,72,South Carolina,Ensemble
2025-11-22,45,1,wk inc flu hosp,2025-11-29,quantile,0.975,89,South Carolina,Ensemble
2025-11-22,45,1,wk inc flu hosp,2025-11-29,quantile,0.99,102,South Carolina,Ensemble
2025-11-22,45,2,wk inc flu hosp,2025-12-06,quantile,0.01,13,South Carolina,Ensemble
2025-11-22,45,2,wk inc flu hosp,2025-12-06,quantile,0.025,15,South Carolina,Ensemble
2025-11-22,45,2,wk inc flu hosp,2025-12-06,quantile,0.05,18,South Carolina,Ensemble
2025-11-22,45,2,wk inc flu hosp,2025-12-06,quantile,0.1,22,South Carolina,Ensemble
2025-11-22,45,2,wk inc flu hosp,2025-12-06,quantile,0.15,24,South Carolina,Ensemble
2025-11-22,45,2,wk inc flu hosp,2025-12-06,quantile,0.2,28,South Carolina,Ensemble
2025-11-22,45,2,wk inc flu hosp,2025-12-06,quantile,0.25,30,South Carolina,Ensemble
2025-11-22,45,2,wk inc flu hosp,2025-12-06,quantile,0.3,33,South Carolina,Ensemble
2025-11-22,45,2,wk inc flu hosp,2025-12-06,quantile,0.35,36,South Carolina,Ensemble
2025-11-22,45,2,wk inc flu hosp,2025-12-06,quantile,0.4,39,South Carolina,Ensemble
2025-11-22,45,2,wk inc flu hosp,2025-12-06,quantile,0.45,42,South Carolina,Ensemble
2025-11-22,45,2,wk inc flu hosp,2025-12-06,quantile,0.5,47,South Carolina,Ensemble
2025-11-22,45,2,wk inc flu hosp,2025-12-06,quantile,0.55,50,South Carolina,Ensemble
2025-11-22,45,2,wk inc flu hosp,2025-12-06,quantile,0.6,53,South Carolina,Ensemble
2025-11-22,45,2,wk inc flu hosp,2025-12-06,quantile,0.65,57,South Carolina,Ensemble
2025-11-22,45,2,wk inc flu hosp,2025-12-06,quantile,0.7,61,South Carolina,Ensemble
2025-11-22,45,2,wk inc flu hosp,2025-12-06,quantile,0.75,65,South Carolina,Ensemble
2025-11-22,45,2,wk inc flu hosp,2025-12-06,quantile,0.8,71,South Carolina,Ensemble
2025-11-22,45,2,wk inc flu hosp,2025-12-06,quantile,0.85,80,South Carolina,Ensemble
2025-11-22,45,2,wk inc flu hosp,2025-12-06,quantile,0.9,92,South Carolina,Ensemble
2025-11-22,45,2,wk inc flu hosp,2025-12-06,quantile,0.95,113,South Carolina,Ensemble
2025-11-22,45,2,wk inc flu hosp,2025-12-06,quantile,0.975,140,South Carolina,Ensemble
2025-11-22,45,2,wk inc flu hosp,2025-12-06,quantile,0.99,165,South Carolina,Ensemble
2025-11-22,45,3,wk inc flu hosp,2025-12-13,quantile,0.01,21,South Carolina,Ensemble
2025-11-22,45,3,wk inc flu hosp,2025-12-13,quantile,0.025,24,South Carolina,Ensemble
2025-11-22,45,3,wk inc flu hosp,2025-12-13,quantile,0.05,28,South Carolina,Ensemble
2025-11-22,45,3,wk inc flu hosp,2025-12-13,quantile,0.1,32,South Carolina,Ensemble
2025-11-22,45,3,wk inc flu hosp,2025-12-13,quantile,0.15,36,South Carolina,Ensemble
2025-11-22,45,3,wk inc flu hosp,2025-12-13,quantile,0.2,40,South Carolina,Ensemble
2025-11-22,45,3,wk inc flu hosp,2025-12-13,quantile,0.25,44,South Carolina,Ensemble
2025-11-22,45,3,wk inc flu hosp,2025-12-13,quantile,0.3,47,South Carolina,Ensemble
2025-11-22,45,3,wk inc flu hosp,2025-12-13,quantile,0.35,50,South Carolina,Ensemble
2025-11-22,45,3,wk inc flu hosp,2025-12-13,quantile,0.4,55,South Carolina,Ensemble
2025-11-22,45,3,wk inc flu hosp,2025-12-13,quantile,0.45,60,South Carolina,Ensemble
2025-11-22,45,3,wk inc flu hosp,2025-12-13,quantile,0.5,65,South Carolina,Ensemble
2025-11-22,45,3,wk inc flu hosp,2025-12-13,quantile,0.55,70,South Carolina,Ensemble
2025-11-22,45,3,wk inc flu hosp,2025-12-13,quantile,0.6,75,South Carolina,Ensemble
2025-11-22,45,3,wk inc flu hosp,2025-12-13,quantile,0.65,80,South Carolina,Ensemble
2025-11-22,45,3,wk inc flu hosp,2025-12-13,quantile,0.7,86,South Carolina,Ensemble
2025-11-22,45,3,wk inc flu hosp,2025-12-13,quantile,0.75,93,South Carolina,Ensemble
2025-11-22,45,3,wk inc flu hosp,2025-12-13,quantile,0.8,102,South Carolina,Ensemble
2025-11-22,45,3,wk inc flu hosp,2025-12-13,quantile,0.85,117,South Carolina,Ensemble
2025-11-22,45,3,wk inc flu hosp,2025-12-13,quantile,0.9,136,South Carolina,Ensemble
2025-11-22,45,3,wk inc flu hosp,2025-12-13,quantile,0.95,168,South Carolina,Ensemble
2025-11-22,45,3,wk inc flu hosp,2025-12-13,quantile,0.975,212,South Carolina,Ensemble
2025-11-22,45,3,wk inc flu hosp,2025-12-13,quantile,0.99,253,South Carolina,Ensemble
2025-11-22,46,0,wk inc flu hosp,2025-11-22,quantile,0.01,0,South Dakota,Ensemble
2025-11-22,46,0,wk inc flu hosp,2025-11-22,quantile,0.025,0,South Dakota,Ensemble
2025-11-22,46,0,wk inc flu hosp,2025-11-22,quantile,0.05,0,South Dakota,Ensemble
2025-11-22,46,0,wk inc flu hosp,2025-11-22,quantile,0.1,0,South Dakota,Ensemble
2025-11-22,46,0,wk inc flu hosp,2025-11-22,quantile,0.15,1,South Dakota,Ensemble
2025-11-22,46,0,wk inc flu hosp,2025-11-22,quantile,0.2,1,South Dakota,Ensemble
2025-11-22,46,0,wk inc flu hosp,2025-11-22,quantile,0.25,1,South Dakota,Ensemble
2025-11-22,46,0,wk inc flu hosp,2025-11-22,quantile,0.3,1,South Dakota,Ensemble
2025-11-22,46,0,wk inc flu hosp,2025-11-22,quantile,0.35,1,South Dakota,Ensemble
2025-11-22,46,0,wk inc flu hosp,2025-11-22,quantile,0.4,1,South Dakota,Ensemble
2025-11-22,46,0,wk inc flu hosp,2025-11-22,quantile,0.45,2,South Dakota,Ensemble
2025-11-22,46,0,wk inc flu hosp,2025-11-22,quantile,0.5,3,South Dakota,Ensemble
2025-11-22,46,0,wk inc flu hosp,2025-11-22,quantile,0.55,3,South Dakota,Ensemble
2025-11-22,46,0,wk inc flu hosp,2025-11-22,quantile,0.6,3,South Dakota,Ensemble
2025-11-22,46,0,wk inc flu hosp,2025-11-22,quantile,0.65,3,South Dakota,Ensemble
2025-11-22,46,0,wk inc flu hosp,2025-11-22,quantile,0.7,4,South Dakota,Ensemble
2025-11-22,46,0,wk inc flu hosp,2025-11-22,quantile,0.75,4,South Dakota,Ensemble
2025-11-22,46,0,wk inc flu hosp,2025-11-22,quantile,0.8,4,South Dakota,Ensemble
2025-11-22,46,0,wk inc flu hosp,2025-11-22,quantile,0.85,5,South Dakota,Ensemble
2025-11-22,46,0,wk inc flu hosp,2025-11-22,quantile,0.9,5,South Dakota,Ensemble
2025-11-22,46,0,wk inc flu hosp,2025-11-22,quantile,0.95,7,South Dakota,Ensemble
2025-11-22,46,0,wk inc flu hosp,2025-11-22,quantile,0.975,8,South Dakota,Ensemble
2025-11-22,46,0,wk inc flu hosp,2025-11-22,quantile,0.99,10,South Dakota,Ensemble
2025-11-22,46,1,wk inc flu hosp,2025-11-29,quantile,0.01,0,South Dakota,Ensemble
2025-11-22,46,1,wk inc flu hosp,2025-11-29,quantile,0.025,0,South Dakota,Ensemble
2025-11-22,46,1,wk inc flu hosp,2025-11-29,quantile,0.05,0,South Dakota,Ensemble
2025-11-22,46,1,wk inc flu hosp,2025-11-29,quantile,0.1,1,South Dakota,Ensemble
2025-11-22,46,1,wk inc flu hosp,2025-11-29,quantile,0.15,1,South Dakota,Ensemble
2025-11-22,46,1,wk inc flu hosp,2025-11-29,quantile,0.2,1,South Dakota,Ensemble
2025-11-22,46,1,wk inc flu hosp,2025-11-29,quantile,0.25,1,South Dakota,Ensemble
2025-11-22,46,1,wk inc flu hosp,2025-11-29,quantile,0.3,1,South Dakota,Ensemble
2025-11-22,46,1,wk inc flu hosp,2025-11-29,quantile,0.35,2,South Dakota,Ensemble
2025-11-22,46,1,wk inc flu hosp,2025-11-29,quantile,0.4,2,South Dakota,Ensemble
2025-11-22,46,1,wk inc flu hosp,2025-11-29,quantile,0.45,2,South Dakota,Ensemble
2025-11-22,46,1,wk inc flu hosp,2025-11-29,quantile,0.5,4,South Dakota,Ensemble
2025-11-22,46,1,wk inc flu hosp,2025-11-29,quantile,0.55,4,South Dakota,Ensemble
2025-11-22,46,1,wk inc flu hosp,2025-11-29,quantile,0.6,4,South Dakota,Ensemble
2025-11-22,46,1,wk inc flu hosp,2025-11-29,quantile,0.65,4,South Dakota,Ensemble
2025-11-22,46,1,wk inc flu hosp,2025-11-29,quantile,0.7,5,South Dakota,Ensemble
2025-11-22,46,1,wk inc flu hosp,2025-11-29,quantile,0.75,6,South Dakota,Ensemble
2025-11-22,46,1,wk inc flu hosp,2025-11-29,quantile,0.8,6,South Dakota,Ensemble
2025-11-22,46,1,wk inc flu hosp,2025-11-29,quantile,0.85,7,South Dakota,Ensemble
2025-11-22,46,1,wk inc flu hosp,2025-11-29,quantile,0.9,8,South Dakota,Ensemble
2025-11-22,46,1,wk inc flu hosp,2025-11-29,quantile,0.95,10,South Dakota,Ensemble
2025-11-22,46,1,wk inc flu hosp,2025-11-29,quantile,0.975,13,South Dakota,Ensemble
2025-11-22,46,1,wk inc flu hosp,2025-11-29,quantile,0.99,15,South Dakota,Ensemble
2025-11-22,46,2,wk inc flu hosp,2025-12-06,quantile,0.01,0,South Dakota,Ensemble
2025-11-22,46,2,wk inc flu hosp,2025-12-06,quantile,0.025,0,South Dakota,Ensemble
2025-11-22,46,2,wk inc flu hosp,2025-12-06,quantile,0.05,0,South Dakota,Ensemble
2025-11-22,46,2,wk inc flu hosp,2025-12-06,quantile,0.1,1,South Dakota,Ensemble
2025-11-22,46,2,wk inc flu hosp,2025-12-06,quantile,0.15,1,South Dakota,Ensemble
2025-11-22,46,2,wk inc flu hosp,2025-12-06,quantile,0.2,1,South Dakota,Ensemble
2025-11-22,46,2,wk inc flu hosp,2025-12-06,quantile,0.25,2,South Dakota,Ensemble
2025-11-22,46,2,wk inc flu hosp,2025-12-06,quantile,0.3,2,South Dakota,Ensemble
2025-11-22,46,2,wk inc flu hosp,2025-12-06,quantile,0.35,3,South Dakota,Ensemble
2025-11-22,46,2,wk inc flu hosp,2025-12-06,quantile,0.4,3,South Dakota,Ensemble
2025-11-22,46,2,wk inc flu hosp,2025-12-06,quantile,0.45,4,South Dakota,Ensemble
2025-11-22,46,2,wk inc flu hosp,2025-12-06,quantile,0.5,5,South Dakota,Ensemble
2025-11-22,46,2,wk inc flu hosp,2025-12-06,quantile,0.55,5,South Dakota,Ensemble
2025-11-22,46,2,wk inc flu hosp,2025-12-06,quantile,0.6,6,South Dakota,Ensemble
2025-11-22,46,2,wk inc flu hosp,2025-12-06,quantile,0.65,7,South Dakota,Ensemble
2025-11-22,46,2,wk inc flu hosp,2025-12-06,quantile,0.7,7,South Dakota,Ensemble
2025-11-22,46,2,wk inc flu hosp,2025-12-06,quantile,0.75,8,South Dakota,Ensemble
2025-11-22,46,2,wk inc flu hosp,2025-12-06,quantile,0.8,9,South Dakota,Ensemble
2025-11-22,46,2,wk inc flu hosp,2025-12-06,quantile,0.85,10,South Dakota,Ensemble
2025-11-22,46,2,wk inc flu hosp,2025-12-06,quantile,0.9,12,South Dakota,Ensemble
2025-11-22,46,2,wk inc flu hosp,2025-12-06,quantile,0.95,16,South Dakota,Ensemble
2025-11-22,46,2,wk inc flu hosp,2025-12-06,quantile,0.975,21,South Dakota,Ensemble
2025-11-22,46,2,wk inc flu hosp,2025-12-06,quantile,0.99,27,South Dakota,Ensemble
2025-11-22,46,3,wk inc flu hosp,2025-12-13,quantile,0.01,0,South Dakota,Ensemble
2025-11-22,46,3,wk inc flu hosp,2025-12-13,quantile,0.025,0,South Dakota,Ensemble
2025-11-22,46,3,wk inc flu hosp,2025-12-13,quantile,0.05,1,South Dakota,Ensemble
2025-11-22,46,3,wk inc flu hosp,2025-12-13,quantile,0.1,1,South Dakota,Ensemble
2025-11-22,46,3,wk inc flu hosp,2025-12-13,quantile,0.15,2,South Dakota,Ensemble
2025-11-22,46,3,wk inc flu hosp,2025-12-13,quantile,0.2,2,South Dakota,Ensemble
2025-11-22,46,3,wk inc flu hosp,2025-12-13,quantile,0.25,3,South Dakota,Ensemble
2025-11-22,46,3,wk inc flu hosp,2025-12-13,quantile,0.3,3,South Dakota,Ensemble
2025-11-22,46,3,wk inc flu hosp,2025-12-13,quantile,0.35,4,South Dakota,Ensemble
2025-11-22,46,3,wk inc flu hosp,2025-12-13,quantile,0.4,4,South Dakota,Ensemble
2025-11-22,46,3,wk inc flu hosp,2025-12-13,quantile,0.45,5,South Dakota,Ensemble
2025-11-22,46,3,wk inc flu hosp,2025-12-13,quantile,0.5,7,South Dakota,Ensemble
2025-11-22,46,3,wk inc flu hosp,2025-12-13,quantile,0.55,8,South Dakota,Ensemble
2025-11-22,46,3,wk inc flu hosp,2025-12-13,quantile,0.6,8,South Dakota,Ensemble
2025-11-22,46,3,wk inc flu hosp,2025-12-13,quantile,0.65,9,South Dakota,Ensemble
2025-11-22,46,3,wk inc flu hosp,2025-12-13,quantile,0.7,10,South Dakota,Ensemble
2025-11-22,46,3,wk inc flu hosp,2025-12-13,quantile,0.75,12,South Dakota,Ensemble
2025-11-22,46,3,wk inc flu hosp,2025-12-13,quantile,0.8,13,South Dakota,Ensemble
2025-11-22,46,3,wk inc flu hosp,2025-12-13,quantile,0.85,16,South Dakota,Ensemble
2025-11-22,46,3,wk inc flu hosp,2025-12-13,quantile,0.9,19,South Dakota,Ensemble
2025-11-22,46,3,wk inc flu hosp,2025-12-13,quantile,0.95,26,South Dakota,Ensemble
2025-11-22,46,3,wk inc flu hosp,2025-12-13,quantile,0.975,34,South Dakota,Ensemble
2025-11-22,46,3,wk inc flu hosp,2025-12-13,quantile,0.99,42,South Dakota,Ensemble
2025-11-22,47,0,wk inc flu hosp,2025-11-22,quantile,0.01,21,Tennessee,Ensemble
2025-11-22,47,0,wk inc flu hosp,2025-11-22,quantile,0.025,24,Tennessee,Ensemble
2025-11-22,47,0,wk inc flu hosp,2025-11-22,quantile,0.05,27,Tennessee,Ensemble
2025-11-22,47,0,wk inc flu hosp,2025-11-22,quantile,0.1,31,Tennessee,Ensemble
2025-11-22,47,0,wk inc flu hosp,2025-11-22,quantile,0.15,35,Tennessee,Ensemble
2025-11-22,47,0,wk inc flu hosp,2025-11-22,quantile,0.2,37,Tennessee,Ensemble
2025-11-22,47,0,wk inc flu hosp,2025-11-22,quantile,0.25,40,Tennessee,Ensemble
2025-11-22,47,0,wk inc flu hosp,2025-11-22,quantile,0.3,42,Tennessee,Ensemble
2025-11-22,47,0,wk inc flu hosp,2025-11-22,quantile,0.35,45,Tennessee,Ensemble
2025-11-22,47,0,wk inc flu hosp,2025-11-22,quantile,0.4,47,Tennessee,Ensemble
2025-11-22,47,0,wk inc flu hosp,2025-11-22,quantile,0.45,49,Tennessee,Ensemble
2025-11-22,47,0,wk inc flu hosp,2025-11-22,quantile,0.5,53,Tennessee,Ensemble
2025-11-22,47,0,wk inc flu hosp,2025-11-22,quantile,0.55,55,Tennessee,Ensemble
2025-11-22,47,0,wk inc flu hosp,2025-11-22,quantile,0.6,57,Tennessee,Ensemble
2025-11-22,47,0,wk inc flu hosp,2025-11-22,quantile,0.65,60,Tennessee,Ensemble
2025-11-22,47,0,wk inc flu hosp,2025-11-22,quantile,0.7,63,Tennessee,Ensemble
2025-11-22,47,0,wk inc flu hosp,2025-11-22,quantile,0.75,66,Tennessee,Ensemble
2025-11-22,47,0,wk inc flu hosp,2025-11-22,quantile,0.8,69,Tennessee,Ensemble
2025-11-22,47,0,wk inc flu hosp,2025-11-22,quantile,0.85,74,Tennessee,Ensemble
2025-11-22,47,0,wk inc flu hosp,2025-11-22,quantile,0.9,80,Tennessee,Ensemble
2025-11-22,47,0,wk inc flu hosp,2025-11-22,quantile,0.95,91,Tennessee,Ensemble
2025-11-22,47,0,wk inc flu hosp,2025-11-22,quantile,0.975,102,Tennessee,Ensemble
2025-11-22,47,0,wk inc flu hosp,2025-11-22,quantile,0.99,115,Tennessee,Ensemble
2025-11-22,47,1,wk inc flu hosp,2025-11-29,quantile,0.01,22,Tennessee,Ensemble
2025-11-22,47,1,wk inc flu hosp,2025-11-29,quantile,0.025,25,Tennessee,Ensemble
2025-11-22,47,1,wk inc flu hosp,2025-11-29,quantile,0.05,29,Tennessee,Ensemble
2025-11-22,47,1,wk inc flu hosp,2025-11-29,quantile,0.1,35,Tennessee,Ensemble
2025-11-22,47,1,wk inc flu hosp,2025-11-29,quantile,0.15,40,Tennessee,Ensemble
2025-11-22,47,1,wk inc flu hosp,2025-11-29,quantile,0.2,45,Tennessee,Ensemble
2025-11-22,47,1,wk inc flu hosp,2025-11-29,quantile,0.25,48,Tennessee,Ensemble
2025-11-22,47,1,wk inc flu hosp,2025-11-29,quantile,0.3,52,Tennessee,Ensemble
2025-11-22,47,1,wk inc flu hosp,2025-11-29,quantile,0.35,56,Tennessee,Ensemble
2025-11-22,47,1,wk inc flu hosp,2025-11-29,quantile,0.4,59,Tennessee,Ensemble
2025-11-22,47,1,wk inc flu hosp,2025-11-29,quantile,0.45,62,Tennessee,Ensemble
2025-11-22,47,1,wk inc flu hosp,2025-11-29,quantile,0.5,68,Tennessee,Ensemble
2025-11-22,47,1,wk inc flu hosp,2025-11-29,quantile,0.55,72,Tennessee,Ensemble
2025-11-22,47,1,wk inc flu hosp,2025-11-29,quantile,0.6,76,Tennessee,Ensemble
2025-11-22,47,1,wk inc flu hosp,2025-11-29,quantile,0.65,80,Tennessee,Ensemble
2025-11-22,47,1,wk inc flu hosp,2025-11-29,quantile,0.7,85,Tennessee,Ensemble
2025-11-22,47,1,wk inc flu hosp,2025-11-29,quantile,0.75,89,Tennessee,Ensemble
2025-11-22,47,1,wk inc flu hosp,2025-11-29,quantile,0.8,95,Tennessee,Ensemble
2025-11-22,47,1,wk inc flu hosp,2025-11-29,quantile,0.85,103,Tennessee,Ensemble
2025-11-22,47,1,wk inc flu hosp,2025-11-29,quantile,0.9,114,Tennessee,Ensemble
2025-11-22,47,1,wk inc flu hosp,2025-11-29,quantile,0.95,135,Tennessee,Ensemble
2025-11-22,47,1,wk inc flu hosp,2025-11-29,quantile,0.975,155,Tennessee,Ensemble
2025-11-22,47,1,wk inc flu hosp,2025-11-29,quantile,0.99,181,Tennessee,Ensemble
2025-11-22,47,2,wk inc flu hosp,2025-12-06,quantile,0.01,24,Tennessee,Ensemble
2025-11-22,47,2,wk inc flu hosp,2025-12-06,quantile,0.025,28,Tennessee,Ensemble
2025-11-22,47,2,wk inc flu hosp,2025-12-06,quantile,0.05,32,Tennessee,Ensemble
2025-11-22,47,2,wk inc flu hosp,2025-12-06,quantile,0.1,41,Tennessee,Ensemble
2025-11-22,47,2,wk inc flu hosp,2025-12-06,quantile,0.15,48,Tennessee,Ensemble
2025-11-22,47,2,wk inc flu hosp,2025-12-06,quantile,0.2,54,Tennessee,Ensemble
2025-11-22,47,2,wk inc flu hosp,2025-12-06,quantile,0.25,60,Tennessee,Ensemble
2025-11-22,47,2,wk inc flu hosp,2025-12-06,quantile,0.3,66,Tennessee,Ensemble
2025-11-22,47,2,wk inc flu hosp,2025-12-06,quantile,0.35,72,Tennessee,Ensemble
2025-11-22,47,2,wk inc flu hosp,2025-12-06,quantile,0.4,77,Tennessee,Ensemble
2025-11-22,47,2,wk inc flu hosp,2025-12-06,quantile,0.45,83,Tennessee,Ensemble
2025-11-22,47,2,wk inc flu hosp,2025-12-06,quantile,0.5,90,Tennessee,Ensemble
2025-11-22,47,2,wk inc flu hosp,2025-12-06,quantile,0.55,96,Tennessee,Ensemble
2025-11-22,47,2,wk inc flu hosp,2025-12-06,quantile,0.6,103,Tennessee,Ensemble
2025-11-22,47,2,wk inc flu hosp,2025-12-06,quantile,0.65,110,Tennessee,Ensemble
2025-11-22,47,2,wk inc flu hosp,2025-12-06,quantile,0.7,117,Tennessee,Ensemble
2025-11-22,47,2,wk inc flu hosp,2025-12-06,quantile,0.75,125,Tennessee,Ensemble
2025-11-22,47,2,wk inc flu hosp,2025-12-06,quantile,0.8,135,Tennessee,Ensemble
2025-11-22,47,2,wk inc flu hosp,2025-12-06,quantile,0.85,148,Tennessee,Ensemble
2025-11-22,47,2,wk inc flu hosp,2025-12-06,quantile,0.9,167,Tennessee,Ensemble
2025-11-22,47,2,wk inc flu hosp,2025-12-06,quantile,0.95,203,Tennessee,Ensemble
2025-11-22,47,2,wk inc flu hosp,2025-12-06,quantile,0.975,237,Tennessee,Ensemble
2025-11-22,47,2,wk inc flu hosp,2025-12-06,quantile,0.99,285,Tennessee,Ensemble
2025-11-22,47,3,wk inc flu hosp,2025-12-13,quantile,0.01,27,Tennessee,Ensemble
2025-11-22,47,3,wk inc flu hosp,2025-12-13,quantile,0.025,32,Tennessee,Ensemble
2025-11-22,47,3,wk inc flu hosp,2025-12-13,quantile,0.05,37,Tennessee,Ensemble
2025-11-22,47,3,wk inc flu hosp,2025-12-13,quantile,0.1,49,Tennessee,Ensemble
2025-11-22,47,3,wk inc flu hosp,2025-12-13,quantile,0.15,58,Tennessee,Ensemble
2025-11-22,47,3,wk inc flu hosp,2025-12-13,quantile,0.2,66,Tennessee,Ensemble
2025-11-22,47,3,wk inc flu hosp,2025-12-13,quantile,0.25,74,Tennessee,Ensemble
2025-11-22,47,3,wk inc flu hosp,2025-12-13,quantile,0.3,82,Tennessee,Ensemble
2025-11-22,47,3,wk inc flu hosp,2025-12-13,quantile,0.35,90,Tennessee,Ensemble
2025-11-22,47,3,wk inc flu hosp,2025-12-13,quantile,0.4,99,Tennessee,Ensemble
2025-11-22,47,3,wk inc flu hosp,2025-12-13,quantile,0.45,106,Tennessee,Ensemble
2025-11-22,47,3,wk inc flu hosp,2025-12-13,quantile,0.5,116,Tennessee,Ensemble
2025-11-22,47,3,wk inc flu hosp,2025-12-13,quantile,0.55,128,Tennessee,Ensemble
2025-11-22,47,3,wk inc flu hosp,2025-12-13,quantile,0.6,138,Tennessee,Ensemble
2025-11-22,47,3,wk inc flu hosp,2025-12-13,quantile,0.65,149,Tennessee,Ensemble
2025-11-22,47,3,wk inc flu hosp,2025-12-13,quantile,0.7,161,Tennessee,Ensemble
2025-11-22,47,3,wk inc flu hosp,2025-12-13,quantile,0.75,174,Tennessee,Ensemble
2025-11-22,47,3,wk inc flu hosp,2025-12-13,quantile,0.8,192,Tennessee,Ensemble
2025-11-22,47,3,wk inc flu hosp,2025-12-13,quantile,0.85,214,Tennessee,Ensemble
2025-11-22,47,3,wk inc flu hosp,2025-12-13,quantile,0.9,246,Tennessee,Ensemble
2025-11-22,47,3,wk inc flu hosp,2025-12-13,quantile,0.95,305,Tennessee,Ensemble
2025-11-22,47,3,wk inc flu hosp,2025-12-13,quantile,0.975,365,Tennessee,Ensemble
2025-11-22,47,3,wk inc flu hosp,2025-12-13,quantile,0.99,443,Tennessee,Ensemble
2025-11-22,48,0,wk inc flu hosp,2025-11-22,quantile,0.01,166,Texas,Ensemble
2025-11-22,48,0,wk inc flu hosp,2025-11-22,quantile,0.025,183,Texas,Ensemble
2025-11-22,48,0,wk inc flu hosp,2025-11-22,quantile,0.05,198,Texas,Ensemble
2025-11-22,48,0,wk inc flu hosp,2025-11-22,quantile,0.1,223,Texas,Ensemble
2025-11-22,48,0,wk inc flu hosp,2025-11-22,quantile,0.15,239,Texas,Ensemble
2025-11-22,48,0,wk inc flu hosp,2025-11-22,quantile,0.2,253,Texas,Ensemble
2025-11-22,48,0,wk inc flu hosp,2025-11-22,quantile,0.25,269,Texas,Ensemble
2025-11-22,48,0,wk inc flu hosp,2025-11-22,quantile,0.3,283,Texas,Ensemble
2025-11-22,48,0,wk inc flu hosp,2025-11-22,quantile,0.35,296,Texas,Ensemble
2025-11-22,48,0,wk inc flu hosp,2025-11-22,quantile,0.4,309,Texas,Ensemble
2025-11-22,48,0,wk inc flu hosp,2025-11-22,quantile,0.45,323,Texas,Ensemble
2025-11-22,48,0,wk inc flu hosp,2025-11-22,quantile,0.5,338,Texas,Ensemble
2025-11-22,48,0,wk inc flu hosp,2025-11-22,quantile,0.55,352,Texas,Ensemble
2025-11-22,48,0,wk inc flu hosp,2025-11-22,quantile,0.6,364,Texas,Ensemble
2025-11-22,48,0,wk inc flu hosp,2025-11-22,quantile,0.65,379,Texas,Ensemble
2025-11-22,48,0,wk inc flu hosp,2025-11-22,quantile,0.7,393,Texas,Ensemble
2025-11-22,48,0,wk inc flu hosp,2025-11-22,quantile,0.75,408,Texas,Ensemble
2025-11-22,48,0,wk inc flu hosp,2025-11-22,quantile,0.8,425,Texas,Ensemble
2025-11-22,48,0,wk inc flu hosp,2025-11-22,quantile,0.85,448,Texas,Ensemble
2025-11-22,48,0,wk inc flu hosp,2025-11-22,quantile,0.9,479,Texas,Ensemble
2025-11-22,48,0,wk inc flu hosp,2025-11-22,quantile,0.95,534,Texas,Ensemble
2025-11-22,48,0,wk inc flu hosp,2025-11-22,quantile,0.975,584,Texas,Ensemble
2025-11-22,48,0,wk inc flu hosp,2025-11-22,quantile,0.99,652,Texas,Ensemble
2025-11-22,48,1,wk inc flu hosp,2025-11-29,quantile,0.01,186,Texas,Ensemble
2025-11-22,48,1,wk inc flu hosp,2025-11-29,quantile,0.025,207,Texas,Ensemble
2025-11-22,48,1,wk inc flu hosp,2025-11-29,quantile,0.05,230,Texas,Ensemble
2025-11-22,48,1,wk inc flu hosp,2025-11-29,quantile,0.1,260,Texas,Ensemble
2025-11-22,48,1,wk inc flu hosp,2025-11-29,quantile,0.15,284,Texas,Ensemble
2025-11-22,48,1,wk inc flu hosp,2025-11-29,quantile,0.2,307,Texas,Ensemble
2025-11-22,48,1,wk inc flu hosp,2025-11-29,quantile,0.25,336,Texas,Ensemble
2025-11-22,48,1,wk inc flu hosp,2025-11-29,quantile,0.3,359,Texas,Ensemble
2025-11-22,48,1,wk inc flu hosp,2025-11-29,quantile,0.35,379,Texas,Ensemble
2025-11-22,48,1,wk inc flu hosp,2025-11-29,quantile,0.4,400,Texas,Ensemble
2025-11-22,48,1,wk inc flu hosp,2025-11-29,quantile,0.45,422,Texas,Ensemble
2025-11-22,48,1,wk inc flu hosp,2025-11-29,quantile,0.5,446,Texas,Ensemble
2025-11-22,48,1,wk inc flu hosp,2025-11-29,quantile,0.55,470,Texas,Ensemble
2025-11-22,48,1,wk inc flu hosp,2025-11-29,quantile,0.6,491,Texas,Ensemble
2025-11-22,48,1,wk inc flu hosp,2025-11-29,quantile,0.65,515,Texas,Ensemble
2025-11-22,48,1,wk inc flu hosp,2025-11-29,quantile,0.7,540,Texas,Ensemble
2025-11-22,48,1,wk inc flu hosp,2025-11-29,quantile,0.75,568,Texas,Ensemble
2025-11-22,48,1,wk inc flu hosp,2025-11-29,quantile,0.8,599,Texas,Ensemble
2025-11-22,48,1,wk inc flu hosp,2025-11-29,quantile,0.85,640,Texas,Ensemble
2025-11-22,48,1,wk inc flu hosp,2025-11-29,quantile,0.9,697,Texas,Ensemble
2025-11-22,48,1,wk inc flu hosp,2025-11-29,quantile,0.95,789,Texas,Ensemble
2025-11-22,48,1,wk inc flu hosp,2025-11-29,quantile,0.975,888,Texas,Ensemble
2025-11-22,48,1,wk inc flu hosp,2025-11-29,quantile,0.99,1008,Texas,Ensemble
2025-11-22,48,2,wk inc flu hosp,2025-12-06,quantile,0.01,199,Texas,Ensemble
2025-11-22,48,2,wk inc flu hosp,2025-12-06,quantile,0.025,228,Texas,Ensemble
2025-11-22,48,2,wk inc flu hosp,2025-12-06,quantile,0.05,258,Texas,Ensemble
2025-11-22,48,2,wk inc flu hosp,2025-12-06,quantile,0.1,301,Texas,Ensemble
2025-11-22,48,2,wk inc flu hosp,2025-12-06,quantile,0.15,336,Texas,Ensemble
2025-11-22,48,2,wk inc flu hosp,2025-12-06,quantile,0.2,370,Texas,Ensemble
2025-11-22,48,2,wk inc flu hosp,2025-12-06,quantile,0.25,409,Texas,Ensemble
2025-11-22,48,2,wk inc flu hosp,2025-12-06,quantile,0.3,445,Texas,Ensemble
2025-11-22,48,2,wk inc flu hosp,2025-12-06,quantile,0.35,478,Texas,Ensemble
2025-11-22,48,2,wk inc flu hosp,2025-12-06,quantile,0.4,511,Texas,Ensemble
2025-11-22,48,2,wk inc flu hosp,2025-12-06,quantile,0.45,543,Texas,Ensemble
2025-11-22,48,2,wk inc flu hosp,2025-12-06,quantile,0.5,580,Texas,Ensemble
2025-11-22,48,2,wk inc flu hosp,2025-12-06,quantile,0.55,615,Texas,Ensemble
2025-11-22,48,2,wk inc flu hosp,2025-12-06,quantile,0.6,649,Texas,Ensemble
2025-11-22,48,2,wk inc flu hosp,2025-12-06,quantile,0.65,688,Texas,Ensemble
2025-11-22,48,2,wk inc flu hosp,2025-12-06,quantile,0.7,732,Texas,Ensemble
2025-11-22,48,2,wk inc flu hosp,2025-12-06,quantile,0.75,784,Texas,Ensemble
2025-11-22,48,2,wk inc flu hosp,2025-12-06,quantile,0.8,834,Texas,Ensemble
2025-11-22,48,2,wk inc flu hosp,2025-12-06,quantile,0.85,914,Texas,Ensemble
2025-11-22,48,2,wk inc flu hosp,2025-12-06,quantile,0.9,1017,Texas,Ensemble
2025-11-22,48,2,wk inc flu hosp,2025-12-06,quantile,0.95,1186,Texas,Ensemble
2025-11-22,48,2,wk inc flu hosp,2025-12-06,quantile,0.975,1394,Texas,Ensemble
2025-11-22,48,2,wk inc flu hosp,2025-12-06,quantile,0.99,1607,Texas,Ensemble
2025-11-22,48,3,wk inc flu hosp,2025-12-13,quantile,0.01,244,Texas,Ensemble
2025-11-22,48,3,wk inc flu hosp,2025-12-13,quantile,0.025,280,Texas,Ensemble
2025-11-22,48,3,wk inc flu hosp,2025-12-13,quantile,0.05,324,Texas,Ensemble
2025-11-22,48,3,wk inc flu hosp,2025-12-13,quantile,0.1,380,Texas,Ensemble
2025-11-22,48,3,wk inc flu hosp,2025-12-13,quantile,0.15,426,Texas,Ensemble
2025-11-22,48,3,wk inc flu hosp,2025-12-13,quantile,0.2,466,Texas,Ensemble
2025-11-22,48,3,wk inc flu hosp,2025-12-13,quantile,0.25,509,Texas,Ensemble
2025-11-22,48,3,wk inc flu hosp,2025-12-13,quantile,0.3,553,Texas,Ensemble
2025-11-22,48,3,wk inc flu hosp,2025-12-13,quantile,0.35,600,Texas,Ensemble
2025-11-22,48,3,wk inc flu hosp,2025-12-13,quantile,0.4,648,Texas,Ensemble
2025-11-22,48,3,wk inc flu hosp,2025-12-13,quantile,0.45,696,Texas,Ensemble
2025-11-22,48,3,wk inc flu hosp,2025-12-13,quantile,0.5,748,Texas,Ensemble
2025-11-22,48,3,wk inc flu hosp,2025-12-13,quantile,0.55,794,Texas,Ensemble
2025-11-22,48,3,wk inc flu hosp,2025-12-13,quantile,0.6,848,Texas,Ensemble
2025-11-22,48,3,wk inc flu hosp,2025-12-13,quantile,0.65,902,Texas,Ensemble
2025-11-22,48,3,wk inc flu hosp,2025-12-13,quantile,0.7,968,Texas,Ensemble
2025-11-22,48,3,wk inc flu hosp,2025-12-13,quantile,0.75,1043,Texas,Ensemble
2025-11-22,48,3,wk inc flu hosp,2025-12-13,quantile,0.8,1126,Texas,Ensemble
2025-11-22,48,3,wk inc flu hosp,2025-12-13,quantile,0.85,1241,Texas,Ensemble
2025-11-22,48,3,wk inc flu hosp,2025-12-13,quantile,0.9,1403,Texas,Ensemble
2025-11-22,48,3,wk inc flu hosp,2025-12-13,quantile,0.95,1661,Texas,Ensemble
2025-11-22,48,3,wk inc flu hosp,2025-12-13,quantile,0.975,2002,Texas,Ensemble
2025-11-22,48,3,wk inc flu hosp,2025-12-13,quantile,0.99,2297,Texas,Ensemble
2025-11-22,49,0,wk inc flu hosp,2025-11-22,quantile,0.01,3,Utah,Ensemble
2025-11-22,49,0,wk inc flu hosp,2025-11-22,quantile,0.025,4,Utah,Ensemble
2025-11-22,49,0,wk inc flu hosp,2025-11-22,quantile,0.05,5,Utah,Ensemble
2025-11-22,49,0,wk inc flu hosp,2025-11-22,quantile,0.1,7,Utah,Ensemble
2025-11-22,49,0,wk inc flu hosp,2025-11-22,quantile,0.15,8,Utah,Ensemble
2025-11-22,49,0,wk inc flu hosp,2025-11-22,quantile,0.2,9,Utah,Ensemble
2025-11-22,49,0,wk inc flu hosp,2025-11-22,quantile,0.25,10,Utah,Ensemble
2025-11-22,49,0,wk inc flu hosp,2025-11-22,quantile,0.3,10,Utah,Ensemble
2025-11-22,49,0,wk inc flu hosp,2025-11-22,quantile,0.35,11,Utah,Ensemble
2025-11-22,49,0,wk inc flu hosp,2025-11-22,quantile,0.4,12,Utah,Ensemble
2025-11-22,49,0,wk inc flu hosp,2025-11-22,quantile,0.45,13,Utah,Ensemble
2025-11-22,49,0,wk inc flu hosp,2025-11-22,quantile,0.5,14,Utah,Ensemble
2025-11-22,49,0,wk inc flu hosp,2025-11-22,quantile,0.55,15,Utah,Ensemble
2025-11-22,49,0,wk inc flu hosp,2025-11-22,quantile,0.6,16,Utah,Ensemble
2025-11-22,49,0,wk inc flu hosp,2025-11-22,quantile,0.65,16,Utah,Ensemble
2025-11-22,49,0,wk inc flu hosp,2025-11-22,quantile,0.7,17,Utah,Ensemble
2025-11-22,49,0,wk inc flu hosp,2025-11-22,quantile,0.75,18,Utah,Ensemble
2025-11-22,49,0,wk inc flu hosp,2025-11-22,quantile,0.8,19,Utah,Ensemble
2025-11-22,49,0,wk inc flu hosp,2025-11-22,quantile,0.85,21,Utah,Ensemble
2025-11-22,49,0,wk inc flu hosp,2025-11-22,quantile,0.9,23,Utah,Ensemble
2025-11-22,49,0,wk inc flu hosp,2025-11-22,quantile,0.95,26,Utah,Ensemble
2025-11-22,49,0,wk inc flu hosp,2025-11-22,quantile,0.975,28,Utah,Ensemble
2025-11-22,49,0,wk inc flu hosp,2025-11-22,quantile,0.99,31,Utah,Ensemble
2025-11-22,49,1,wk inc flu hosp,2025-11-29,quantile,0.01,5,Utah,Ensemble
2025-11-22,49,1,wk inc flu hosp,2025-11-29,quantile,0.025,6,Utah,Ensemble
2025-11-22,49,1,wk inc flu hosp,2025-11-29,quantile,0.05,7,Utah,Ensemble
2025-11-22,49,1,wk inc flu hosp,2025-11-29,quantile,0.1,9,Utah,Ensemble
2025-11-22,49,1,wk inc flu hosp,2025-11-29,quantile,0.15,10,Utah,Ensemble
2025-11-22,49,1,wk inc flu hosp,2025-11-29,quantile,0.2,12,Utah,Ensemble
2025-11-22,49,1,wk inc flu hosp,2025-11-29,quantile,0.25,14,Utah,Ensemble
2025-11-22,49,1,wk inc flu hosp,2025-11-29,quantile,0.3,15,Utah,Ensemble
2025-11-22,49,1,wk inc flu hosp,2025-11-29,quantile,0.35,17,Utah,Ensemble
2025-11-22,49,1,wk inc flu hosp,2025-11-29,quantile,0.4,18,Utah,Ensemble
2025-11-22,49,1,wk inc flu hosp,2025-11-29,quantile,0.45,19,Utah,Ensemble
2025-11-22,49,1,wk inc flu hosp,2025-11-29,quantile,0.5,22,Utah,Ensemble
2025-11-22,49,1,wk inc flu hosp,2025-11-29,quantile,0.55,23,Utah,Ensemble
2025-11-22,49,1,wk inc flu hosp,2025-11-29,quantile,0.6,25,Utah,Ensemble
2025-11-22,49,1,wk inc flu hosp,2025-11-29,quantile,0.65,26,Utah,Ensemble
2025-11-22,49,1,wk inc flu hosp,2025-11-29,quantile,0.7,28,Utah,Ensemble
2025-11-22,49,1,wk inc flu hosp,2025-11-29,quantile,0.75,30,Utah,Ensemble
2025-11-22,49,1,wk inc flu hosp,2025-11-29,quantile,0.8,33,Utah,Ensemble
2025-11-22,49,1,wk inc flu hosp,2025-11-29,quantile,0.85,36,Utah,Ensemble
2025-11-22,49,1,wk inc flu hosp,2025-11-29,quantile,0.9,40,Utah,Ensemble
2025-11-22,49,1,wk inc flu hosp,2025-11-29,quantile,0.95,46,Utah,Ensemble
2025-11-22,49,1,wk inc flu hosp,2025-11-29,quantile,0.975,52,Utah,Ensemble
2025-11-22,49,1,wk inc flu hosp,2025-11-29,quantile,0.99,59,Utah,Ensemble
2025-11-22,49,2,wk inc flu hosp,2025-12-06,quantile,0.01,7,Utah,Ensemble
2025-11-22,49,2,wk inc flu hosp,2025-12-06,quantile,0.025,8,Utah,Ensemble
2025-11-22,49,2,wk inc flu hosp,2025-12-06,quantile,0.05,9,Utah,Ensemble
2025-11-22,49,2,wk inc flu hosp,2025-12-06,quantile,0.1,12,Utah,Ensemble
2025-11-22,49,2,wk inc flu hosp,2025-12-06,quantile,0.15,14,Utah,Ensemble
2025-11-22,49,2,wk inc flu hosp,2025-12-06,quantile,0.2,17,Utah,Ensemble
2025-11-22,49,2,wk inc flu hosp,2025-12-06,quantile,0.25,20,Utah,Ensemble
2025-11-22,49,2,wk inc flu hosp,2025-12-06,quantile,0.3,22,Utah,Ensemble
2025-11-22,49,2,wk inc flu hosp,2025-12-06,quantile,0.35,24,Utah,Ensemble
2025-11-22,49,2,wk inc flu hosp,2025-12-06,quantile,0.4,27,Utah,Ensemble
2025-11-22,49,2,wk inc flu hosp,2025-12-06,quantile,0.45,29,Utah,Ensemble
2025-11-22,49,2,wk inc flu hosp,2025-12-06,quantile,0.5,32,Utah,Ensemble
2025-11-22,49,2,wk inc flu hosp,2025-12-06,quantile,0.55,35,Utah,Ensemble
2025-11-22,49,2,wk inc flu hosp,2025-12-06,quantile,0.6,37,Utah,Ensemble
2025-11-22,49,2,wk inc flu hosp,2025-12-06,quantile,0.65,41,Utah,Ensemble
2025-11-22,49,2,wk inc flu hosp,2025-12-06,quantile,0.7,44,Utah,Ensemble
2025-11-22,49,2,wk inc flu hosp,2025-12-06,quantile,0.75,48,Utah,Ensemble
2025-11-22,49,2,wk inc flu hosp,2025-12-06,quantile,0.8,53,Utah,Ensemble
2025-11-22,49,2,wk inc flu hosp,2025-12-06,quantile,0.85,59,Utah,Ensemble
2025-11-22,49,2,wk inc flu hosp,2025-12-06,quantile,0.9,67,Utah,Ensemble
2025-11-22,49,2,wk inc flu hosp,2025-12-06,quantile,0.95,80,Utah,Ensemble
2025-11-22,49,2,wk inc flu hosp,2025-12-06,quantile,0.975,92,Utah,Ensemble
2025-11-22,49,2,wk inc flu hosp,2025-12-06,quantile,0.99,107,Utah,Ensemble
2025-11-22,49,3,wk inc flu hosp,2025-12-13,quantile,0.01,9,Utah,Ensemble
2025-11-22,49,3,wk inc flu hosp,2025-12-13,quantile,0.025,11,Utah,Ensemble
2025-11-22,49,3,wk inc flu hosp,2025-12-13,quantile,0.05,13,Utah,Ensemble
2025-11-22,49,3,wk inc flu hosp,2025-12-13,quantile,0.1,16,Utah,Ensemble
2025-11-22,49,3,wk inc flu hosp,2025-12-13,quantile,0.15,20,Utah,Ensemble
2025-11-22,49,3,wk inc flu hosp,2025-12-13,quantile,0.2,23,Utah,Ensemble
2025-11-22,49,3,wk inc flu hosp,2025-12-13,quantile,0.25,26,Utah,Ensemble
2025-11-22,49,3,wk inc flu hosp,2025-12-13,quantile,0.3,30,Utah,Ensemble
2025-11-22,49,3,wk inc flu hosp,2025-12-13,quantile,0.35,34,Utah,Ensemble
2025-11-22,49,3,wk inc flu hosp,2025-12-13,quantile,0.4,37,Utah,Ensemble
2025-11-22,49,3,wk inc flu hosp,2025-12-13,quantile,0.45,41,Utah,Ensemble
2025-11-22,49,3,wk inc flu hosp,2025-12-13,quantile,0.5,46,Utah,Ensemble
2025-11-22,49,3,wk inc flu hosp,2025-12-13,quantile,0.55,50,Utah,Ensemble
2025-11-22,49,3,wk inc flu hosp,2025-12-13,quantile,0.6,56,Utah,Ensemble
2025-11-22,49,3,wk inc flu hosp,2025-12-13,quantile,0.65,62,Utah,Ensemble
2025-11-22,49,3,wk inc flu hosp,2025-12-13,quantile,0.7,68,Utah,Ensemble
2025-11-22,49,3,wk inc flu hosp,2025-12-13,quantile,0.75,75,Utah,Ensemble
2025-11-22,49,3,wk inc flu hosp,2025-12-13,quantile,0.8,83,Utah,Ensemble
2025-11-22,49,3,wk inc flu hosp,2025-12-13,quantile,0.85,94,Utah,Ensemble
2025-11-22,49,3,wk inc flu hosp,2025-12-13,quantile,0.9,110,Utah,Ensemble
2025-11-22,49,3,wk inc flu hosp,2025-12-13,quantile,0.95,134,Utah,Ensemble
2025-11-22,49,3,wk inc flu hosp,2025-12-13,quantile,0.975,154,Utah,Ensemble
2025-11-22,49,3,wk inc flu hosp,2025-12-13,quantile,0.99,179,Utah,Ensemble
2025-11-22,50,0,wk inc flu hosp,2025-11-22,quantile,0.01,0,Vermont,Ensemble
2025-11-22,50,0,wk inc flu hosp,2025-11-22,quantile,0.025,0,Vermont,Ensemble
2025-11-22,50,0,wk inc flu hosp,2025-11-22,quantile,0.05,0,Vermont,Ensemble
2025-11-22,50,0,wk inc flu hosp,2025-11-22,quantile,0.1,1,Vermont,Ensemble
2025-11-22,50,0,wk inc flu hosp,2025-11-22,quantile,0.15,1,Vermont,Ensemble
2025-11-22,50,0,wk inc flu hosp,2025-11-22,quantile,0.2,1,Vermont,Ensemble
2025-11-22,50,0,wk inc flu hosp,2025-11-22,quantile,0.25,2,Vermont,Ensemble
2025-11-22,50,0,wk inc flu hosp,2025-11-22,quantile,0.3,2,Vermont,Ensemble
2025-11-22,50,0,wk inc flu hosp,2025-11-22,quantile,0.35,2,Vermont,Ensemble
2025-11-22,50,0,wk inc flu hosp,2025-11-22,quantile,0.4,3,Vermont,Ensemble
2025-11-22,50,0,wk inc flu hosp,2025-11-22,quantile,0.45,3,Vermont,Ensemble
2025-11-22,50,0,wk inc flu hosp,2025-11-22,quantile,0.5,4,Vermont,Ensemble
2025-11-22,50,0,wk inc flu hosp,2025-11-22,quantile,0.55,4,Vermont,Ensemble
2025-11-22,50,0,wk inc flu hosp,2025-11-22,quantile,0.6,4,Vermont,Ensemble
2025-11-22,50,0,wk inc flu hosp,2025-11-22,quantile,0.65,5,Vermont,Ensemble
2025-11-22,50,0,wk inc flu hosp,2025-11-22,quantile,0.7,5,Vermont,Ensemble
2025-11-22,50,0,wk inc flu hosp,2025-11-22,quantile,0.75,5,Vermont,Ensemble
2025-11-22,50,0,wk inc flu hosp,2025-11-22,quantile,0.8,6,Vermont,Ensemble
2025-11-22,50,0,wk inc flu hosp,2025-11-22,quantile,0.85,6,Vermont,Ensemble
2025-11-22,50,0,wk inc flu hosp,2025-11-22,quantile,0.9,7,Vermont,Ensemble
2025-11-22,50,0,wk inc flu hosp,2025-11-22,quantile,0.95,8,Vermont,Ensemble
2025-11-22,50,0,wk inc flu hosp,2025-11-22,quantile,0.975,9,Vermont,Ensemble
2025-11-22,50,0,wk inc flu hosp,2025-11-22,quantile,0.99,11,Vermont,Ensemble
2025-11-22,50,1,wk inc flu hosp,2025-11-29,quantile,0.01,1,Vermont,Ensemble
2025-11-22,50,1,wk inc flu hosp,2025-11-29,quantile,0.025,1,Vermont,Ensemble
2025-11-22,50,1,wk inc flu hosp,2025-11-29,quantile,0.05,1,Vermont,Ensemble
2025-11-22,50,1,wk inc flu hosp,2025-11-29,quantile,0.1,1,Vermont,Ensemble
2025-11-22,50,1,wk inc flu hosp,2025-11-29,quantile,0.15,2,Vermont,Ensemble
2025-11-22,50,1,wk inc flu hosp,2025-11-29,quantile,0.2,2,Vermont,Ensemble
2025-11-22,50,1,wk inc flu hosp,2025-11-29,quantile,0.25,3,Vermont,Ensemble
2025-11-22,50,1,wk inc flu hosp,2025-11-29,quantile,0.3,3,Vermont,Ensemble
2025-11-22,50,1,wk inc flu hosp,2025-11-29,quantile,0.35,3,Vermont,Ensemble
2025-11-22,50,1,wk inc flu hosp,2025-11-29,quantile,0.4,4,Vermont,Ensemble
2025-11-22,50,1,wk inc flu hosp,2025-11-29,quantile,0.45,4,Vermont,Ensemble
2025-11-22,50,1,wk inc flu hosp,2025-11-29,quantile,0.5,5,Vermont,Ensemble
2025-11-22,50,1,wk inc flu hosp,2025-11-29,quantile,0.55,6,Vermont,Ensemble
2025-11-22,50,1,wk inc flu hosp,2025-11-29,quantile,0.6,6,Vermont,Ensemble
2025-11-22,50,1,wk inc flu hosp,2025-11-29,quantile,0.65,7,Vermont,Ensemble
2025-11-22,50,1,wk inc flu hosp,2025-11-29,quantile,0.7,7,Vermont,Ensemble
2025-11-22,50,1,wk inc flu hosp,2025-11-29,quantile,0.75,7,Vermont,Ensemble
2025-11-22,50,1,wk inc flu hosp,2025-11-29,quantile,0.8,8,Vermont,Ensemble
2025-11-22,50,1,wk inc flu hosp,2025-11-29,quantile,0.85,9,Vermont,Ensemble
2025-11-22,50,1,wk inc flu hosp,2025-11-29,quantile,0.9,10,Vermont,Ensemble
2025-11-22,50,1,wk inc flu hosp,2025-11-29,quantile,0.95,12,Vermont,Ensemble
2025-11-22,50,1,wk inc flu hosp,2025-11-29,quantile,0.975,14,Vermont,Ensemble
2025-11-22,50,1,wk inc flu hosp,2025-11-29,quantile,0.99,16,Vermont,Ensemble
2025-11-22,50,2,wk inc flu hosp,2025-12-06,quantile,0.01,1,Vermont,Ensemble
2025-11-22,50,2,wk inc flu hosp,2025-12-06,quantile,0.025,1,Vermont,Ensemble
2025-11-22,50,2,wk inc flu hosp,2025-12-06,quantile,0.05,1,Vermont,Ensemble
2025-11-22,50,2,wk inc flu hosp,2025-12-06,quantile,0.1,2,Vermont,Ensemble
2025-11-22,50,2,wk inc flu hosp,2025-12-06,quantile,0.15,3,Vermont,Ensemble
2025-11-22,50,2,wk inc flu hosp,2025-12-06,quantile,0.2,3,Vermont,Ensemble
2025-11-22,50,2,wk inc flu hosp,2025-12-06,quantile,0.25,4,Vermont,Ensemble
2025-11-22,50,2,wk inc flu hosp,2025-12-06,quantile,0.3,4,Vermont,Ensemble
2025-11-22,50,2,wk inc flu hosp,2025-12-06,quantile,0.35,5,Vermont,Ensemble
2025-11-22,50,2,wk inc flu hosp,2025-12-06,quantile,0.4,5,Vermont,Ensemble
2025-11-22,50,2,wk inc flu hosp,2025-12-06,quantile,0.45,6,Vermont,Ensemble
2025-11-22,50,2,wk inc flu hosp,2025-12-06,quantile,0.5,7,Vermont,Ensemble
2025-11-22,50,2,wk inc flu hosp,2025-12-06,quantile,0.55,8,Vermont,Ensemble
2025-11-22,50,2,wk inc flu hosp,2025-12-06,quantile,0.6,8,Vermont,Ensemble
2025-11-22,50,2,wk inc flu hosp,2025-12-06,quantile,0.65,9,Vermont,Ensemble
2025-11-22,50,2,wk inc flu hosp,2025-12-06,quantile,0.7,10,Vermont,Ensemble
2025-11-22,50,2,wk inc flu hosp,2025-12-06,quantile,0.75,10,Vermont,Ensemble
2025-11-22,50,2,wk inc flu hosp,2025-12-06,quantile,0.8,11,Vermont,Ensemble
2025-11-22,50,2,wk inc flu hosp,2025-12-06,quantile,0.85,13,Vermont,Ensemble
2025-11-22,50,2,wk inc flu hosp,2025-12-06,quantile,0.9,15,Vermont,Ensemble
2025-11-22,50,2,wk inc flu hosp,2025-12-06,quantile,0.95,18,Vermont,Ensemble
2025-11-22,50,2,wk inc flu hosp,2025-12-06,quantile,0.975,21,Vermont,Ensemble
2025-11-22,50,2,wk inc flu hosp,2025-12-06,quantile,0.99,25,Vermont,Ensemble
2025-11-22,50,3,wk inc flu hosp,2025-12-13,quantile,0.01,1,Vermont,Ensemble
2025-11-22,50,3,wk inc flu hosp,2025-12-13,quantile,0.025,1,Vermont,Ensemble
2025-11-22,50,3,wk inc flu hosp,2025-12-13,quantile,0.05,2,Vermont,Ensemble
2025-11-22,50,3,wk inc flu hosp,2025-12-13,quantile,0.1,3,Vermont,Ensemble
2025-11-22,50,3,wk inc flu hosp,2025-12-13,quantile,0.15,4,Vermont,Ensemble
2025-11-22,50,3,wk inc flu hosp,2025-12-13,quantile,0.2,4,Vermont,Ensemble
2025-11-22,50,3,wk inc flu hosp,2025-12-13,quantile,0.25,5,Vermont,Ensemble
2025-11-22,50,3,wk inc flu hosp,2025-12-13,quantile,0.3,6,Vermont,Ensemble
2025-11-22,50,3,wk inc flu hosp,2025-12-13,quantile,0.35,7,Vermont,Ensemble
2025-11-22,50,3,wk inc flu hosp,2025-12-13,quantile,0.4,7,Vermont,Ensemble
2025-11-22,50,3,wk inc flu hosp,2025-12-13,quantile,0.45,8,Vermont,Ensemble
2025-11-22,50,3,wk inc flu hosp,2025-12-13,quantile,0.5,10,Vermont,Ensemble
2025-11-22,50,3,wk inc flu hosp,2025-12-13,quantile,0.55,10,Vermont,Ensemble
2025-11-22,50,3,wk inc flu hosp,2025-12-13,quantile,0.6,11,Vermont,Ensemble
2025-11-22,50,3,wk inc flu hosp,2025-12-13,quantile,0.65,12,Vermont,Ensemble
2025-11-22,50,3,wk inc flu hosp,2025-12-13,quantile,0.7,13,Vermont,Ensemble
2025-11-22,50,3,wk inc flu hosp,2025-12-13,quantile,0.75,14,Vermont,Ensemble
2025-11-22,50,3,wk inc flu hosp,2025-12-13,quantile,0.8,16,Vermont,Ensemble
2025-11-22,50,3,wk inc flu hosp,2025-12-13,quantile,0.85,18,Vermont,Ensemble
2025-11-22,50,3,wk inc flu hosp,2025-12-13,quantile,0.9,20,Vermont,Ensemble
2025-11-22,50,3,wk inc flu hosp,2025-12-13,quantile,0.95,25,Vermont,Ensemble
2025-11-22,50,3,wk inc flu hosp,2025-12-13,quantile,0.975,30,Vermont,Ensemble
2025-11-22,50,3,wk inc flu hosp,2025-12-13,quantile,0.99,34,Vermont,Ensemble
2025-11-22,51,0,wk inc flu hosp,2025-11-22,quantile,0.01,16,Virginia,Ensemble
2025-11-22,51,0,wk inc flu hosp,2025-11-22,quantile,0.025,19,Virginia,Ensemble
2025-11-22,51,0,wk inc flu hosp,2025-11-22,quantile,0.05,21,Virginia,Ensemble
2025-11-22,51,0,wk inc flu hosp,2025-11-22,quantile,0.1,24,Virginia,Ensemble
2025-11-22,51,0,wk inc flu hosp,2025-11-22,quantile,0.15,26,Virginia,Ensemble
2025-11-22,51,0,wk inc flu hosp,2025-11-22,quantile,0.2,29,Virginia,Ensemble
2025-11-22,51,0,wk inc flu hosp,2025-11-22,quantile,0.25,30,Virginia,Ensemble
2025-11-22,51,0,wk inc flu hosp,2025-11-22,quantile,0.3,32,Virginia,Ensemble
2025-11-22,51,0,wk inc flu hosp,2025-11-22,quantile,0.35,34,Virginia,Ensemble
2025-11-22,51,0,wk inc flu hosp,2025-11-22,quantile,0.4,36,Virginia,Ensemble
2025-11-22,51,0,wk inc flu hosp,2025-11-22,quantile,0.45,38,Virginia,Ensemble
2025-11-22,51,0,wk inc flu hosp,2025-11-22,quantile,0.5,40,Virginia,Ensemble
2025-11-22,51,0,wk inc flu hosp,2025-11-22,quantile,0.55,43,Virginia,Ensemble
2025-11-22,51,0,wk inc flu hosp,2025-11-22,quantile,0.6,45,Virginia,Ensemble
2025-11-22,51,0,wk inc flu hosp,2025-11-22,quantile,0.65,47,Virginia,Ensemble
2025-11-22,51,0,wk inc flu hosp,2025-11-22,quantile,0.7,48,Virginia,Ensemble
2025-11-22,51,0,wk inc flu hosp,2025-11-22,quantile,0.75,51,Virginia,Ensemble
2025-11-22,51,0,wk inc flu hosp,2025-11-22,quantile,0.8,53,Virginia,Ensemble
2025-11-22,51,0,wk inc flu hosp,2025-11-22,quantile,0.85,56,Virginia,Ensemble
2025-11-22,51,0,wk inc flu hosp,2025-11-22,quantile,0.9,61,Virginia,Ensemble
2025-11-22,51,0,wk inc flu hosp,2025-11-22,quantile,0.95,69,Virginia,Ensemble
2025-11-22,51,0,wk inc flu hosp,2025-11-22,quantile,0.975,78,Virginia,Ensemble
2025-11-22,51,0,wk inc flu hosp,2025-11-22,quantile,0.99,88,Virginia,Ensemble
2025-11-22,51,1,wk inc flu hosp,2025-11-29,quantile,0.01,18,Virginia,Ensemble
2025-11-22,51,1,wk inc flu hosp,2025-11-29,quantile,0.025,20,Virginia,Ensemble
2025-11-22,51,1,wk inc flu hosp,2025-11-29,quantile,0.05,24,Virginia,Ensemble
2025-11-22,51,1,wk inc flu hosp,2025-11-29,quantile,0.1,28,Virginia,Ensemble
2025-11-22,51,1,wk inc flu hosp,2025-11-29,quantile,0.15,32,Virginia,Ensemble
2025-11-22,51,1,wk inc flu hosp,2025-11-29,quantile,0.2,35,Virginia,Ensemble
2025-11-22,51,1,wk inc flu hosp,2025-11-29,quantile,0.25,38,Virginia,Ensemble
2025-11-22,51,1,wk inc flu hosp,2025-11-29,quantile,0.3,41,Virginia,Ensemble
2025-11-22,51,1,wk inc flu hosp,2025-11-29,quantile,0.35,45,Virginia,Ensemble
2025-11-22,51,1,wk inc flu hosp,2025-11-29,quantile,0.4,48,Virginia,Ensemble
2025-11-22,51,1,wk inc flu hosp,2025-11-29,quantile,0.45,51,Virginia,Ensemble
2025-11-22,51,1,wk inc flu hosp,2025-11-29,quantile,0.5,56,Virginia,Ensemble
2025-11-22,51,1,wk inc flu hosp,2025-11-29,quantile,0.55,59,Virginia,Ensemble
2025-11-22,51,1,wk inc flu hosp,2025-11-29,quantile,0.6,63,Virginia,Ensemble
2025-11-22,51,1,wk inc flu hosp,2025-11-29,quantile,0.65,66,Virginia,Ensemble
2025-11-22,51,1,wk inc flu hosp,2025-11-29,quantile,0.7,69,Virginia,Ensemble
2025-11-22,51,1,wk inc flu hosp,2025-11-29,quantile,0.75,73,Virginia,Ensemble
2025-11-22,51,1,wk inc flu hosp,2025-11-29,quantile,0.8,78,Virginia,Ensemble
2025-11-22,51,1,wk inc flu hosp,2025-11-29,quantile,0.85,84,Virginia,Ensemble
2025-11-22,51,1,wk inc flu hosp,2025-11-29,quantile,0.9,91,Virginia,Ensemble
2025-11-22,51,1,wk inc flu hosp,2025-11-29,quantile,0.95,107,Virginia,Ensemble
2025-11-22,51,1,wk inc flu hosp,2025-11-29,quantile,0.975,125,Virginia,Ensemble
2025-11-22,51,1,wk inc flu hosp,2025-11-29,quantile,0.99,143,Virginia,Ensemble
2025-11-22,51,2,wk inc flu hosp,2025-12-06,quantile,0.01,20,Virginia,Ensemble
2025-11-22,51,2,wk inc flu hosp,2025-12-06,quantile,0.025,24,Virginia,Ensemble
2025-11-22,51,2,wk inc flu hosp,2025-12-06,quantile,0.05,28,Virginia,Ensemble
2025-11-22,51,2,wk inc flu hosp,2025-12-06,quantile,0.1,35,Virginia,Ensemble
2025-11-22,51,2,wk inc flu hosp,2025-12-06,quantile,0.15,41,Virginia,Ensemble
2025-11-22,51,2,wk inc flu hosp,2025-12-06,quantile,0.2,45,Virginia,Ensemble
2025-11-22,51,2,wk inc flu hosp,2025-12-06,quantile,0.25,50,Virginia,Ensemble
2025-11-22,51,2,wk inc flu hosp,2025-12-06,quantile,0.3,55,Virginia,Ensemble
2025-11-22,51,2,wk inc flu hosp,2025-12-06,quantile,0.35,60,Virginia,Ensemble
2025-11-22,51,2,wk inc flu hosp,2025-12-06,quantile,0.4,65,Virginia,Ensemble
2025-11-22,51,2,wk inc flu hosp,2025-12-06,quantile,0.45,71,Virginia,Ensemble
2025-11-22,51,2,wk inc flu hosp,2025-12-06,quantile,0.5,77,Virginia,Ensemble
2025-11-22,51,2,wk inc flu hosp,2025-12-06,quantile,0.55,83,Virginia,Ensemble
2025-11-22,51,2,wk inc flu hosp,2025-12-06,quantile,0.6,88,Virginia,Ensemble
2025-11-22,51,2,wk inc flu hosp,2025-12-06,quantile,0.65,94,Virginia,Ensemble
2025-11-22,51,2,wk inc flu hosp,2025-12-06,quantile,0.7,99,Virginia,Ensemble
2025-11-22,51,2,wk inc flu hosp,2025-12-06,quantile,0.75,106,Virginia,Ensemble
2025-11-22,51,2,wk inc flu hosp,2025-12-06,quantile,0.8,114,Virginia,Ensemble
2025-11-22,51,2,wk inc flu hosp,2025-12-06,quantile,0.85,124,Virginia,Ensemble
2025-11-22,51,2,wk inc flu hosp,2025-12-06,quantile,0.9,138,Virginia,Ensemble
2025-11-22,51,2,wk inc flu hosp,2025-12-06,quantile,0.95,165,Virginia,Ensemble
2025-11-22,51,2,wk inc flu hosp,2025-12-06,quantile,0.975,199,Virginia,Ensemble
2025-11-22,51,2,wk inc flu hosp,2025-12-06,quantile,0.99,238,Virginia,Ensemble
2025-11-22,51,3,wk inc flu hosp,2025-12-13,quantile,0.01,28,Virginia,Ensemble
2025-11-22,51,3,wk inc flu hosp,2025-12-13,quantile,0.025,33,Virginia,Ensemble
2025-11-22,51,3,wk inc flu hosp,2025-12-13,quantile,0.05,38,Virginia,Ensemble
2025-11-22,51,3,wk inc flu hosp,2025-12-13,quantile,0.1,47,Virginia,Ensemble
2025-11-22,51,3,wk inc flu hosp,2025-12-13,quantile,0.15,54,Virginia,Ensemble
2025-11-22,51,3,wk inc flu hosp,2025-12-13,quantile,0.2,61,Virginia,Ensemble
2025-11-22,51,3,wk inc flu hosp,2025-12-13,quantile,0.25,66,Virginia,Ensemble
2025-11-22,51,3,wk inc flu hosp,2025-12-13,quantile,0.3,72,Virginia,Ensemble
2025-11-22,51,3,wk inc flu hosp,2025-12-13,quantile,0.35,79,Virginia,Ensemble
2025-11-22,51,3,wk inc flu hosp,2025-12-13,quantile,0.4,86,Virginia,Ensemble
2025-11-22,51,3,wk inc flu hosp,2025-12-13,quantile,0.45,94,Virginia,Ensemble
2025-11-22,51,3,wk inc flu hosp,2025-12-13,quantile,0.5,105,Virginia,Ensemble
2025-11-22,51,3,wk inc flu hosp,2025-12-13,quantile,0.55,114,Virginia,Ensemble
2025-11-22,51,3,wk inc flu hosp,2025-12-13,quantile,0.6,120,Virginia,Ensemble
2025-11-22,51,3,wk inc flu hosp,2025-12-13,quantile,0.65,129,Virginia,Ensemble
2025-11-22,51,3,wk inc flu hosp,2025-12-13,quantile,0.7,139,Virginia,Ensemble
2025-11-22,51,3,wk inc flu hosp,2025-12-13,quantile,0.75,148,Virginia,Ensemble
2025-11-22,51,3,wk inc flu hosp,2025-12-13,quantile,0.8,160,Virginia,Ensemble
2025-11-22,51,3,wk inc flu hosp,2025-12-13,quantile,0.85,175,Virginia,Ensemble
2025-11-22,51,3,wk inc flu hosp,2025-12-13,quantile,0.9,197,Virginia,Ensemble
2025-11-22,51,3,wk inc flu hosp,2025-12-13,quantile,0.95,236,Virginia,Ensemble
2025-11-22,51,3,wk inc flu hosp,2025-12-13,quantile,0.975,292,Virginia,Ensemble
2025-11-22,51,3,wk inc flu hosp,2025-12-13,quantile,0.99,364,Virginia,Ensemble
2025-11-22,53,0,wk inc flu hosp,2025-11-22,quantile,0.01,6,Washington,Ensemble
2025-11-22,53,0,wk inc flu hosp,2025-11-22,quantile,0.025,8,Washington,Ensemble
2025-11-22,53,0,wk inc flu hosp,2025-11-22,quantile,0.05,9,Washington,Ensemble
2025-11-22,53,0,wk inc flu hosp,2025-11-22,quantile,0.1,12,Washington,Ensemble
2025-11-22,53,0,wk inc flu hosp,2025-11-22,quantile,0.15,13,Washington,Ensemble
2025-11-22,53,0,wk inc flu hosp,2025-11-22,quantile,0.2,16,Washington,Ensemble
2025-11-22,53,0,wk inc flu hosp,2025-11-22,quantile,0.25,17,Washington,Ensemble
2025-11-22,53,0,wk inc flu hosp,2025-11-22,quantile,0.3,18,Washington,Ensemble
2025-11-22,53,0,wk inc flu hosp,2025-11-22,quantile,0.35,20,Washington,Ensemble
2025-11-22,53,0,wk inc flu hosp,2025-11-22,quantile,0.4,21,Washington,Ensemble
2025-11-22,53,0,wk inc flu hosp,2025-11-22,quantile,0.45,23,Washington,Ensemble
2025-11-22,53,0,wk inc flu hosp,2025-11-22,quantile,0.5,26,Washington,Ensemble
2025-11-22,53,0,wk inc flu hosp,2025-11-22,quantile,0.55,28,Washington,Ensemble
2025-11-22,53,0,wk inc flu hosp,2025-11-22,quantile,0.6,29,Washington,Ensemble
2025-11-22,53,0,wk inc flu hosp,2025-11-22,quantile,0.65,31,Washington,Ensemble
2025-11-22,53,0,wk inc flu hosp,2025-11-22,quantile,0.7,32,Washington,Ensemble
2025-11-22,53,0,wk inc flu hosp,2025-11-22,quantile,0.75,34,Washington,Ensemble
2025-11-22,53,0,wk inc flu hosp,2025-11-22,quantile,0.8,36,Washington,Ensemble
2025-11-22,53,0,wk inc flu hosp,2025-11-22,quantile,0.85,39,Washington,Ensemble
2025-11-22,53,0,wk inc flu hosp,2025-11-22,quantile,0.9,43,Washington,Ensemble
2025-11-22,53,0,wk inc flu hosp,2025-11-22,quantile,0.95,50,Washington,Ensemble
2025-11-22,53,0,wk inc flu hosp,2025-11-22,quantile,0.975,60,Washington,Ensemble
2025-11-22,53,0,wk inc flu hosp,2025-11-22,quantile,0.99,75,Washington,Ensemble
2025-11-22,53,1,wk inc flu hosp,2025-11-29,quantile,0.01,6,Washington,Ensemble
2025-11-22,53,1,wk inc flu hosp,2025-11-29,quantile,0.025,8,Washington,Ensemble
2025-11-22,53,1,wk inc flu hosp,2025-11-29,quantile,0.05,9,Washington,Ensemble
2025-11-22,53,1,wk inc flu hosp,2025-11-29,quantile,0.1,12,Washington,Ensemble
2025-11-22,53,1,wk inc flu hosp,2025-11-29,quantile,0.15,15,Washington,Ensemble
2025-11-22,53,1,wk inc flu hosp,2025-11-29,quantile,0.2,18,Washington,Ensemble
2025-11-22,53,1,wk inc flu hosp,2025-11-29,quantile,0.25,20,Washington,Ensemble
2025-11-22,53,1,wk inc flu hosp,2025-11-29,quantile,0.3,23,Washington,Ensemble
2025-11-22,53,1,wk inc flu hosp,2025-11-29,quantile,0.35,25,Washington,Ensemble
2025-11-22,53,1,wk inc flu hosp,2025-11-29,quantile,0.4,28,Washington,Ensemble
2025-11-22,53,1,wk inc flu hosp,2025-11-29,quantile,0.45,31,Washington,Ensemble
2025-11-22,53,1,wk inc flu hosp,2025-11-29,quantile,0.5,34,Washington,Ensemble
2025-11-22,53,1,wk inc flu hosp,2025-11-29,quantile,0.55,37,Washington,Ensemble
2025-11-22,53,1,wk inc flu hosp,2025-11-29,quantile,0.6,39,Washington,Ensemble
2025-11-22,53,1,wk inc flu hosp,2025-11-29,quantile,0.65,41,Washington,Ensemble
2025-11-22,53,1,wk inc flu hosp,2025-11-29,quantile,0.7,44,Washington,Ensemble
2025-11-22,53,1,wk inc flu hosp,2025-11-29,quantile,0.75,47,Washington,Ensemble
2025-11-22,53,1,wk inc flu hosp,2025-11-29,quantile,0.8,51,Washington,Ensemble
2025-11-22,53,1,wk inc flu hosp,2025-11-29,quantile,0.85,55,Washington,Ensemble
2025-11-22,53,1,wk inc flu hosp,2025-11-29,quantile,0.9,61,Washington,Ensemble
2025-11-22,53,1,wk inc flu hosp,2025-11-29,quantile,0.95,74,Washington,Ensemble
2025-11-22,53,1,wk inc flu hosp,2025-11-29,quantile,0.975,94,Washington,Ensemble
2025-11-22,53,1,wk inc flu hosp,2025-11-29,quantile,0.99,114,Washington,Ensemble
2025-11-22,53,2,wk inc flu hosp,2025-12-06,quantile,0.01,9,Washington,Ensemble
2025-11-22,53,2,wk inc flu hosp,2025-12-06,quantile,0.025,11,Washington,Ensemble
2025-11-22,53,2,wk inc flu hosp,2025-12-06,quantile,0.05,13,Washington,Ensemble
2025-11-22,53,2,wk inc flu hosp,2025-12-06,quantile,0.1,16,Washington,Ensemble
2025-11-22,53,2,wk inc flu hosp,2025-12-06,quantile,0.15,21,Washington,Ensemble
2025-11-22,53,2,wk inc flu hosp,2025-12-06,quantile,0.2,24,Washington,Ensemble
2025-11-22,53,2,wk inc flu hosp,2025-12-06,quantile,0.25,28,Washington,Ensemble
2025-11-22,53,2,wk inc flu hosp,2025-12-06,quantile,0.3,32,Washington,Ensemble
2025-11-22,53,2,wk inc flu hosp,2025-12-06,quantile,0.35,36,Washington,Ensemble
2025-11-22,53,2,wk inc flu hosp,2025-12-06,quantile,0.4,41,Washington,Ensemble
2025-11-22,53,2,wk inc flu hosp,2025-12-06,quantile,0.45,45,Washington,Ensemble
2025-11-22,53,2,wk inc flu hosp,2025-12-06,quantile,0.5,50,Washington,Ensemble
2025-11-22,53,2,wk inc flu hosp,2025-12-06,quantile,0.55,54,Washington,Ensemble
2025-11-22,53,2,wk inc flu hosp,2025-12-06,quantile,0.6,58,Washington,Ensemble
2025-11-22,53,2,wk inc flu hosp,2025-12-06,quantile,0.65,62,Washington,Ensemble
2025-11-22,53,2,wk inc flu hosp,2025-12-06,quantile,0.7,67,Washington,Ensemble
2025-11-22,53,2,wk inc flu hosp,2025-12-06,quantile,0.75,72,Washington,Ensemble
2025-11-22,53,2,wk inc flu hosp,2025-12-06,quantile,0.8,78,Washington,Ensemble
2025-11-22,53,2,wk inc flu hosp,2025-12-06,quantile,0.85,87,Washington,Ensemble
2025-11-22,53,2,wk inc flu hosp,2025-12-06,quantile,0.9,98,Washington,Ensemble
2025-11-22,53,2,wk inc flu hosp,2025-12-06,quantile,0.95,124,Washington,Ensemble
2025-11-22,53,2,wk inc flu hosp,2025-12-06,quantile,0.975,158,Washington,Ensemble
2025-11-22,53,2,wk inc flu hosp,2025-12-06,quantile,0.99,188,Washington,Ensemble
2025-11-22,53,3,wk inc flu hosp,2025-12-13,quantile,0.01,11,Washington,Ensemble
2025-11-22,53,3,wk inc flu hosp,2025-12-13,quantile,0.025,14,Washington,Ensemble
2025-11-22,53,3,wk inc flu hosp,2025-12-13,quantile,0.05,18,Washington,Ensemble
2025-11-22,53,3,wk inc flu hosp,2025-12-13,quantile,0.1,22,Washington,Ensemble
2025-11-22,53,3,wk inc flu hosp,2025-12-13,quantile,0.15,27,Washington,Ensemble
2025-11-22,53,3,wk inc flu hosp,2025-12-13,quantile,0.2,32,Washington,Ensemble
2025-11-22,53,3,wk inc flu hosp,2025-12-13,quantile,0.25,38,Washington,Ensemble
2025-11-22,53,3,wk inc flu hosp,2025-12-13,quantile,0.3,43,Washington,Ensemble
2025-11-22,53,3,wk inc flu hosp,2025-12-13,quantile,0.35,49,Washington,Ensemble
2025-11-22,53,3,wk inc flu hosp,2025-12-13,quantile,0.4,55,Washington,Ensemble
2025-11-22,53,3,wk inc flu hosp,2025-12-13,quantile,0.45,62,Washington,Ensemble
2025-11-22,53,3,wk inc flu hosp,2025-12-13,quantile,0.5,69,Washington,Ensemble
2025-11-22,53,3,wk inc flu hosp,2025-12-13,quantile,0.55,75,Washington,Ensemble
2025-11-22,53,3,wk inc flu hosp,2025-12-13,quantile,0.6,81,Washington,Ensemble
2025-11-22,53,3,wk inc flu hosp,2025-12-13,quantile,0.65,87,Washington,Ensemble
2025-11-22,53,3,wk inc flu hosp,2025-12-13,quantile,0.7,94,Washington,Ensemble
2025-11-22,53,3,wk inc flu hosp,2025-12-13,quantile,0.75,102,Washington,Ensemble
2025-11-22,53,3,wk inc flu hosp,2025-12-13,quantile,0.8,112,Washington,Ensemble
2025-11-22,53,3,wk inc flu hosp,2025-12-13,quantile,0.85,125,Washington,Ensemble
2025-11-22,53,3,wk inc flu hosp,2025-12-13,quantile,0.9,142,Washington,Ensemble
2025-11-22,53,3,wk inc flu hosp,2025-12-13,quantile,0.95,175,Washington,Ensemble
2025-11-22,53,3,wk inc flu hosp,2025-12-13,quantile,0.975,227,Washington,Ensemble
2025-11-22,53,3,wk inc flu hosp,2025-12-13,quantile,0.99,266,Washington,Ensemble
2025-11-22,54,0,wk inc flu hosp,2025-11-22,quantile,0.01,1,West Virginia,Ensemble
2025-11-22,54,0,wk inc flu hosp,2025-11-22,quantile,0.025,1,West Virginia,Ensemble
2025-11-22,54,0,wk inc flu hosp,2025-11-22,quantile,0.05,1,West Virginia,Ensemble
2025-11-22,54,0,wk inc flu hosp,2025-11-22,quantile,0.1,2,West Virginia,Ensemble
2025-11-22,54,0,wk inc flu hosp,2025-11-22,quantile,0.15,2,West Virginia,Ensemble
2025-11-22,54,0,wk inc flu hosp,2025-11-22,quantile,0.2,2,West Virginia,Ensemble
2025-11-22,54,0,wk inc flu hosp,2025-11-22,quantile,0.25,2,West Virginia,Ensemble
2025-11-22,54,0,wk inc flu hosp,2025-11-22,quantile,0.3,2,West Virginia,Ensemble
2025-11-22,54,0,wk inc flu hosp,2025-11-22,quantile,0.35,2,West Virginia,Ensemble
2025-11-22,54,0,wk inc flu hosp,2025-11-22,quantile,0.4,3,West Virginia,Ensemble
2025-11-22,54,0,wk inc flu hosp,2025-11-22,quantile,0.45,3,West Virginia,Ensemble
2025-11-22,54,0,wk inc flu hosp,2025-11-22,quantile,0.5,4,West Virginia,Ensemble
2025-11-22,54,0,wk inc flu hosp,2025-11-22,quantile,0.55,4,West Virginia,Ensemble
2025-11-22,54,0,wk inc flu hosp,2025-11-22,quantile,0.6,5,West Virginia,Ensemble
2025-11-22,54,0,wk inc flu hosp,2025-11-22,quantile,0.65,5,West Virginia,Ensemble
2025-11-22,54,0,wk inc flu hosp,2025-11-22,quantile,0.7,5,West Virginia,Ensemble
2025-11-22,54,0,wk inc flu hosp,2025-11-22,quantile,0.75,6,West Virginia,Ensemble
2025-11-22,54,0,wk inc flu hosp,2025-11-22,quantile,0.8,6,West Virginia,Ensemble
2025-11-22,54,0,wk inc flu hosp,2025-11-22,quantile,0.85,7,West Virginia,Ensemble
2025-11-22,54,0,wk inc flu hosp,2025-11-22,quantile,0.9,7,West Virginia,Ensemble
2025-11-22,54,0,wk inc flu hosp,2025-11-22,quantile,0.95,9,West Virginia,Ensemble
2025-11-22,54,0,wk inc flu hosp,2025-11-22,quantile,0.975,12,West Virginia,Ensemble
2025-11-22,54,0,wk inc flu hosp,2025-11-22,quantile,0.99,14,West Virginia,Ensemble
2025-11-22,54,1,wk inc flu hosp,2025-11-29,quantile,0.01,1,West Virginia,Ensemble
2025-11-22,54,1,wk inc flu hosp,2025-11-29,quantile,0.025,2,West Virginia,Ensemble
2025-11-22,54,1,wk inc flu hosp,2025-11-29,quantile,0.05,2,West Virginia,Ensemble
2025-11-22,54,1,wk inc flu hosp,2025-11-29,quantile,0.1,2,West Virginia,Ensemble
2025-11-22,54,1,wk inc flu hosp,2025-11-29,quantile,0.15,2,West Virginia,Ensemble
2025-11-22,54,1,wk inc flu hosp,2025-11-29,quantile,0.2,3,West Virginia,Ensemble
2025-11-22,54,1,wk inc flu hosp,2025-11-29,quantile,0.25,3,West Virginia,Ensemble
2025-11-22,54,1,wk inc flu hosp,2025-11-29,quantile,0.3,3,West Virginia,Ensemble
2025-11-22,54,1,wk inc flu hosp,2025-11-29,quantile,0.35,3,West Virginia,Ensemble
2025-11-22,54,1,wk inc flu hosp,2025-11-29,quantile,0.4,4,West Virginia,Ensemble
2025-11-22,54,1,wk inc flu hosp,2025-11-29,quantile,0.45,4,West Virginia,Ensemble
2025-11-22,54,1,wk inc flu hosp,2025-11-29,quantile,0.5,6,West Virginia,Ensemble
2025-11-22,54,1,wk inc flu hosp,2025-11-29,quantile,0.55,6,West Virginia,Ensemble
2025-11-22,54,1,wk inc flu hosp,2025-11-29,quantile,0.6,6,West Virginia,Ensemble
2025-11-22,54,1,wk inc flu hosp,2025-11-29,quantile,0.65,7,West Virginia,Ensemble
2025-11-22,54,1,wk inc flu hosp,2025-11-29,quantile,0.7,7,West Virginia,Ensemble
2025-11-22,54,1,wk inc flu hosp,2025-11-29,quantile,0.75,8,West Virginia,Ensemble
2025-11-22,54,1,wk inc flu hosp,2025-11-29,quantile,0.8,9,West Virginia,Ensemble
2025-11-22,54,1,wk inc flu hosp,2025-11-29,quantile,0.85,10,West Virginia,Ensemble
2025-11-22,54,1,wk inc flu hosp,2025-11-29,quantile,0.9,12,West Virginia,Ensemble
2025-11-22,54,1,wk inc flu hosp,2025-11-29,quantile,0.95,15,West Virginia,Ensemble
2025-11-22,54,1,wk inc flu hosp,2025-11-29,quantile,0.975,19,West Virginia,Ensemble
2025-11-22,54,1,wk inc flu hosp,2025-11-29,quantile,0.99,22,West Virginia,Ensemble
2025-11-22,54,2,wk inc flu hosp,2025-12-06,quantile,0.01,2,West Virginia,Ensemble
2025-11-22,54,2,wk inc flu hosp,2025-12-06,quantile,0.025,2,West Virginia,Ensemble
2025-11-22,54,2,wk inc flu hosp,2025-12-06,quantile,0.05,2,West Virginia,Ensemble
2025-11-22,54,2,wk inc flu hosp,2025-12-06,quantile,0.1,3,West Virginia,Ensemble
2025-11-22,54,2,wk inc flu hosp,2025-12-06,quantile,0.15,4,West Virginia,Ensemble
2025-11-22,54,2,wk inc flu hosp,2025-12-06,quantile,0.2,4,West Virginia,Ensemble
2025-11-22,54,2,wk inc flu hosp,2025-12-06,quantile,0.25,4,West Virginia,Ensemble
2025-11-22,54,2,wk inc flu hosp,2025-12-06,quantile,0.3,4,West Virginia,Ensemble
2025-11-22,54,2,wk inc flu hosp,2025-12-06,quantile,0.35,5,West Virginia,Ensemble
2025-11-22,54,2,wk inc flu hosp,2025-12-06,quantile,0.4,6,West Virginia,Ensemble
2025-11-22,54,2,wk inc flu hosp,2025-12-06,quantile,0.45,7,West Virginia,Ensemble
2025-11-22,54,2,wk inc flu hosp,2025-12-06,quantile,0.5,8,West Virginia,Ensemble
2025-11-22,54,2,wk inc flu hosp,2025-12-06,quantile,0.55,9,West Virginia,Ensemble
2025-11-22,54,2,wk inc flu hosp,2025-12-06,quantile,0.6,10,West Virginia,Ensemble
2025-11-22,54,2,wk inc flu hosp,2025-12-06,quantile,0.65,10,West Virginia,Ensemble
2025-11-22,54,2,wk inc flu hosp,2025-12-06,quantile,0.7,11,West Virginia,Ensemble
2025-11-22,54,2,wk inc flu hosp,2025-12-06,quantile,0.75,12,West Virginia,Ensemble
2025-11-22,54,2,wk inc flu hosp,2025-12-06,quantile,0.8,13,West Virginia,Ensemble
2025-11-22,54,2,wk inc flu hosp,2025-12-06,quantile,0.85,15,West Virginia,Ensemble
2025-11-22,54,2,wk inc flu hosp,2025-12-06,quantile,0.9,18,West Virginia,Ensemble
2025-11-22,54,2,wk inc flu hosp,2025-12-06,quantile,0.95,25,West Virginia,Ensemble
2025-11-22,54,2,wk inc flu hosp,2025-12-06,quantile,0.975,31,West Virginia,Ensemble
2025-11-22,54,2,wk inc flu hosp,2025-12-06,quantile,0.99,37,West Virginia,Ensemble
2025-11-22,54,3,wk inc flu hosp,2025-12-13,quantile,0.01,2,West Virginia,Ensemble
2025-11-22,54,3,wk inc flu hosp,2025-12-13,quantile,0.025,2,West Virginia,Ensemble
2025-11-22,54,3,wk inc flu hosp,2025-12-13,quantile,0.05,3,West Virginia,Ensemble
2025-11-22,54,3,wk inc flu hosp,2025-12-13,quantile,0.1,4,West Virginia,Ensemble
2025-11-22,54,3,wk inc flu hosp,2025-12-13,quantile,0.15,4,West Virginia,Ensemble
2025-11-22,54,3,wk inc flu hosp,2025-12-13,quantile,0.2,5,West Virginia,Ensemble
2025-11-22,54,3,wk inc flu hosp,2025-12-13,quantile,0.25,6,West Virginia,Ensemble
2025-11-22,54,3,wk inc flu hosp,2025-12-13,quantile,0.3,6,West Virginia,Ensemble
2025-11-22,54,3,wk inc flu hosp,2025-12-13,quantile,0.35,7,West Virginia,Ensemble
2025-11-22,54,3,wk inc flu hosp,2025-12-13,quantile,0.4,8,West Virginia,Ensemble
2025-11-22,54,3,wk inc flu hosp,2025-12-13,quantile,0.45,9,West Virginia,Ensemble
2025-11-22,54,3,wk inc flu hosp,2025-12-13,quantile,0.5,11,West Virginia,Ensemble
2025-11-22,54,3,wk inc flu hosp,2025-12-13,quantile,0.55,12,West Virginia,Ensemble
2025-11-22,54,3,wk inc flu hosp,2025-12-13,quantile,0.6,13,West Virginia,Ensemble
2025-11-22,54,3,wk inc flu hosp,2025-12-13,quantile,0.65,14,West Virginia,Ensemble
2025-11-22,54,3,wk inc flu hosp,2025-12-13,quantile,0.7,15,West Virginia,Ensemble
2025-11-22,54,3,wk inc flu hosp,2025-12-13,quantile,0.75,17,West Virginia,Ensemble
2025-11-22,54,3,wk inc flu hosp,2025-12-13,quantile,0.8,19,West Virginia,Ensemble
2025-11-22,54,3,wk inc flu hosp,2025-12-13,quantile,0.85,22,West Virginia,Ensemble
2025-11-22,54,3,wk inc flu hosp,2025-12-13,quantile,0.9,26,West Virginia,Ensemble
2025-11-22,54,3,wk inc flu hosp,2025-12-13,quantile,0.95,37,West Virginia,Ensemble
2025-11-22,54,3,wk inc flu hosp,2025-12-13,quantile,0.975,47,West Virginia,Ensemble
2025-11-22,54,3,wk inc flu hosp,2025-12-13,quantile,0.99,58,West Virginia,Ensemble
2025-11-22,55,0,wk inc flu hosp,2025-11-22,quantile,0.01,2,Wisconsin,Ensemble
2025-11-22,55,0,wk inc flu hosp,2025-11-22,quantile,0.025,3,Wisconsin,Ensemble
2025-11-22,55,0,wk inc flu hosp,2025-11-22,quantile,0.05,4,Wisconsin,Ensemble
2025-11-22,55,0,wk inc flu hosp,2025-11-22,quantile,0.1,4,Wisconsin,Ensemble
2025-11-22,55,0,wk inc flu hosp,2025-11-22,quantile,0.15,5,Wisconsin,Ensemble
2025-11-22,55,0,wk inc flu hosp,2025-11-22,quantile,0.2,6,Wisconsin,Ensemble
2025-11-22,55,0,wk inc flu hosp,2025-11-22,quantile,0.25,7,Wisconsin,Ensemble
2025-11-22,55,0,wk inc flu hosp,2025-11-22,quantile,0.3,7,Wisconsin,Ensemble
2025-11-22,55,0,wk inc flu hosp,2025-11-22,quantile,0.35,8,Wisconsin,Ensemble
2025-11-22,55,0,wk inc flu hosp,2025-11-22,quantile,0.4,9,Wisconsin,Ensemble
2025-11-22,55,0,wk inc flu hosp,2025-11-22,quantile,0.45,9,Wisconsin,Ensemble
2025-11-22,55,0,wk inc flu hosp,2025-11-22,quantile,0.5,11,Wisconsin,Ensemble
2025-11-22,55,0,wk inc flu hosp,2025-11-22,quantile,0.55,12,Wisconsin,Ensemble
2025-11-22,55,0,wk inc flu hosp,2025-11-22,quantile,0.6,12,Wisconsin,Ensemble
2025-11-22,55,0,wk inc flu hosp,2025-11-22,quantile,0.65,13,Wisconsin,Ensemble
2025-11-22,55,0,wk inc flu hosp,2025-11-22,quantile,0.7,14,Wisconsin,Ensemble
2025-11-22,55,0,wk inc flu hosp,2025-11-22,quantile,0.75,15,Wisconsin,Ensemble
2025-11-22,55,0,wk inc flu hosp,2025-11-22,quantile,0.8,16,Wisconsin,Ensemble
2025-11-22,55,0,wk inc flu hosp,2025-11-22,quantile,0.85,17,Wisconsin,Ensemble
2025-11-22,55,0,wk inc flu hosp,2025-11-22,quantile,0.9,19,Wisconsin,Ensemble
2025-11-22,55,0,wk inc flu hosp,2025-11-22,quantile,0.95,23,Wisconsin,Ensemble
2025-11-22,55,0,wk inc flu hosp,2025-11-22,quantile,0.975,27,Wisconsin,Ensemble
2025-11-22,55,0,wk inc flu hosp,2025-11-22,quantile,0.99,31,Wisconsin,Ensemble
2025-11-22,55,1,wk inc flu hosp,2025-11-29,quantile,0.01,2,Wisconsin,Ensemble
2025-11-22,55,1,wk inc flu hosp,2025-11-29,quantile,0.025,3,Wisconsin,Ensemble
2025-11-22,55,1,wk inc flu hosp,2025-11-29,quantile,0.05,4,Wisconsin,Ensemble
2025-11-22,55,1,wk inc flu hosp,2025-11-29,quantile,0.1,5,Wisconsin,Ensemble
2025-11-22,55,1,wk inc flu hosp,2025-11-29,quantile,0.15,7,Wisconsin,Ensemble
2025-11-22,55,1,wk inc flu hosp,2025-11-29,quantile,0.2,8,Wisconsin,Ensemble
2025-11-22,55,1,wk inc flu hosp,2025-11-29,quantile,0.25,8,Wisconsin,Ensemble
2025-11-22,55,1,wk inc flu hosp,2025-11-29,quantile,0.3,10,Wisconsin,Ensemble
2025-11-22,55,1,wk inc flu hosp,2025-11-29,quantile,0.35,10,Wisconsin,Ensemble
2025-11-22,55,1,wk inc flu hosp,2025-11-29,quantile,0.4,11,Wisconsin,Ensemble
2025-11-22,55,1,wk inc flu hosp,2025-11-29,quantile,0.45,12,Wisconsin,Ensemble
2025-11-22,55,1,wk inc flu hosp,2025-11-29,quantile,0.5,14,Wisconsin,Ensemble
2025-11-22,55,1,wk inc flu hosp,2025-11-29,quantile,0.55,15,Wisconsin,Ensemble
2025-11-22,55,1,wk inc flu hosp,2025-11-29,quantile,0.6,16,Wisconsin,Ensemble
2025-11-22,55,1,wk inc flu hosp,2025-11-29,quantile,0.65,17,Wisconsin,Ensemble
2025-11-22,55,1,wk inc flu hosp,2025-11-29,quantile,0.7,19,Wisconsin,Ensemble
2025-11-22,55,1,wk inc flu hosp,2025-11-29,quantile,0.75,20,Wisconsin,Ensemble
2025-11-22,55,1,wk inc flu hosp,2025-11-29,quantile,0.8,22,Wisconsin,Ensemble
2025-11-22,55,1,wk inc flu hosp,2025-11-29,quantile,0.85,24,Wisconsin,Ensemble
2025-11-22,55,1,wk inc flu hosp,2025-11-29,quantile,0.9,27,Wisconsin,Ensemble
2025-11-22,55,1,wk inc flu hosp,2025-11-29,quantile,0.95,33,Wisconsin,Ensemble
2025-11-22,55,1,wk inc flu hosp,2025-11-29,quantile,0.975,39,Wisconsin,Ensemble
2025-11-22,55,1,wk inc flu hosp,2025-11-29,quantile,0.99,47,Wisconsin,Ensemble
2025-11-22,55,2,wk inc flu hosp,2025-12-06,quantile,0.01,3,Wisconsin,Ensemble
2025-11-22,55,2,wk inc flu hosp,2025-12-06,quantile,0.025,4,Wisconsin,Ensemble
2025-11-22,55,2,wk inc flu hosp,2025-12-06,quantile,0.05,5,Wisconsin,Ensemble
2025-11-22,55,2,wk inc flu hosp,2025-12-06,quantile,0.1,7,Wisconsin,Ensemble
2025-11-22,55,2,wk inc flu hosp,2025-12-06,quantile,0.15,9,Wisconsin,Ensemble
2025-11-22,55,2,wk inc flu hosp,2025-12-06,quantile,0.2,10,Wisconsin,Ensemble
2025-11-22,55,2,wk inc flu hosp,2025-12-06,quantile,0.25,12,Wisconsin,Ensemble
2025-11-22,55,2,wk inc flu hosp,2025-12-06,quantile,0.3,14,Wisconsin,Ensemble
2025-11-22,55,2,wk inc flu hosp,2025-12-06,quantile,0.35,15,Wisconsin,Ensemble
2025-11-22,55,2,wk inc flu hosp,2025-12-06,quantile,0.4,17,Wisconsin,Ensemble
2025-11-22,55,2,wk inc flu hosp,2025-12-06,quantile,0.45,18,Wisconsin,Ensemble
2025-11-22,55,2,wk inc flu hosp,2025-12-06,quantile,0.5,21,Wisconsin,Ensemble
2025-11-22,55,2,wk inc flu hosp,2025-12-06,quantile,0.55,22,Wisconsin,Ensemble
2025-11-22,55,2,wk inc flu hosp,2025-12-06,quantile,0.6,24,Wisconsin,Ensemble
2025-11-22,55,2,wk inc flu hosp,2025-12-06,quantile,0.65,26,Wisconsin,Ensemble
2025-11-22,55,2,wk inc flu hosp,2025-12-06,quantile,0.7,28,Wisconsin,Ensemble
2025-11-22,55,2,wk inc flu hosp,2025-12-06,quantile,0.75,31,Wisconsin,Ensemble
2025-11-22,55,2,wk inc flu hosp,2025-12-06,quantile,0.8,34,Wisconsin,Ensemble
2025-11-22,55,2,wk inc flu hosp,2025-12-06,quantile,0.85,38,Wisconsin,Ensemble
2025-11-22,55,2,wk inc flu hosp,2025-12-06,quantile,0.9,44,Wisconsin,Ensemble
2025-11-22,55,2,wk inc flu hosp,2025-12-06,quantile,0.95,54,Wisconsin,Ensemble
2025-11-22,55,2,wk inc flu hosp,2025-12-06,quantile,0.975,65,Wisconsin,Ensemble
2025-11-22,55,2,wk inc flu hosp,2025-12-06,quantile,0.99,77,Wisconsin,Ensemble
2025-11-22,55,3,wk inc flu hosp,2025-12-13,quantile,0.01,3,Wisconsin,Ensemble
2025-11-22,55,3,wk inc flu hosp,2025-12-13,quantile,0.025,4,Wisconsin,Ensemble
2025-11-22,55,3,wk inc flu hosp,2025-12-13,quantile,0.05,6,Wisconsin,Ensemble
2025-11-22,55,3,wk inc flu hosp,2025-12-13,quantile,0.1,9,Wisconsin,Ensemble
2025-11-22,55,3,wk inc flu hosp,2025-12-13,quantile,0.15,11,Wisconsin,Ensemble
2025-11-22,55,3,wk inc flu hosp,2025-12-13,quantile,0.2,14,Wisconsin,Ensemble
2025-11-22,55,3,wk inc flu hosp,2025-12-13,quantile,0.25,16,Wisconsin,Ensemble
2025-11-22,55,3,wk inc flu hosp,2025-12-13,quantile,0.3,19,Wisconsin,Ensemble
2025-11-22,55,3,wk inc flu hosp,2025-12-13,quantile,0.35,21,Wisconsin,Ensemble
2025-11-22,55,3,wk inc flu hosp,2025-12-13,quantile,0.4,23,Wisconsin,Ensemble
2025-11-22,55,3,wk inc flu hosp,2025-12-13,quantile,0.45,26,Wisconsin,Ensemble
2025-11-22,55,3,wk inc flu hosp,2025-12-13,quantile,0.5,30,Wisconsin,Ensemble
2025-11-22,55,3,wk inc flu hosp,2025-12-13,quantile,0.55,32,Wisconsin,Ensemble
2025-11-22,55,3,wk inc flu hosp,2025-12-13,quantile,0.6,35,Wisconsin,Ensemble
2025-11-22,55,3,wk inc flu hosp,2025-12-13,quantile,0.65,38,Wisconsin,Ensemble
2025-11-22,55,3,wk inc flu hosp,2025-12-13,quantile,0.7,41,Wisconsin,Ensemble
2025-11-22,55,3,wk inc flu hosp,2025-12-13,quantile,0.75,46,Wisconsin,Ensemble
2025-11-22,55,3,wk inc flu hosp,2025-12-13,quantile,0.8,52,Wisconsin,Ensemble
2025-11-22,55,3,wk inc flu hosp,2025-12-13,quantile,0.85,59,Wisconsin,Ensemble
2025-11-22,55,3,wk inc flu hosp,2025-12-13,quantile,0.9,69,Wisconsin,Ensemble
2025-11-22,55,3,wk inc flu hosp,2025-12-13,quantile,0.95,88,Wisconsin,Ensemble
2025-11-22,55,3,wk inc flu hosp,2025-12-13,quantile,0.975,105,Wisconsin,Ensemble
2025-11-22,55,3,wk inc flu hosp,2025-12-13,quantile,0.99,127,Wisconsin,Ensemble
2025-11-22,56,0,wk inc flu hosp,2025-11-22,quantile,0.01,0,Wyoming,Ensemble
2025-11-22,56,0,wk inc flu hosp,2025-11-22,quantile,0.025,1,Wyoming,Ensemble
2025-11-22,56,0,wk inc flu hosp,2025-11-22,quantile,0.05,1,Wyoming,Ensemble
2025-11-22,56,0,wk inc flu hosp,2025-11-22,quantile,0.1,1,Wyoming,Ensemble
2025-11-22,56,0,wk inc flu hosp,2025-11-22,quantile,0.15,2,Wyoming,Ensemble
2025-11-22,56,0,wk inc flu hosp,2025-11-22,quantile,0.2,2,Wyoming,Ensemble
2025-11-22,56,0,wk inc flu hosp,2025-11-22,quantile,0.25,2,Wyoming,Ensemble
2025-11-22,56,0,wk inc flu hosp,2025-11-22,quantile,0.3,3,Wyoming,Ensemble
2025-11-22,56,0,wk inc flu hosp,2025-11-22,quantile,0.35,3,Wyoming,Ensemble
2025-11-22,56,0,wk inc flu hosp,2025-11-22,quantile,0.4,3,Wyoming,Ensemble
2025-11-22,56,0,wk inc flu hosp,2025-11-22,quantile,0.45,3,Wyoming,Ensemble
2025-11-22,56,0,wk inc flu hosp,2025-11-22,quantile,0.5,5,Wyoming,Ensemble
2025-11-22,56,0,wk inc flu hosp,2025-11-22,quantile,0.55,5,Wyoming,Ensemble
2025-11-22,56,0,wk inc flu hosp,2025-11-22,quantile,0.6,5,Wyoming,Ensemble
2025-11-22,56,0,wk inc flu hosp,2025-11-22,quantile,0.65,6,Wyoming,Ensemble
2025-11-22,56,0,wk inc flu hosp,2025-11-22,quantile,0.7,6,Wyoming,Ensemble
2025-11-22,56,0,wk inc flu hosp,2025-11-22,quantile,0.75,6,Wyoming,Ensemble
2025-11-22,56,0,wk inc flu hosp,2025-11-22,quantile,0.8,7,Wyoming,Ensemble
2025-11-22,56,0,wk inc flu hosp,2025-11-22,quantile,0.85,8,Wyoming,Ensemble
2025-11-22,56,0,wk inc flu hosp,2025-11-22,quantile,0.9,9,Wyoming,Ensemble
2025-11-22,56,0,wk inc flu hosp,2025-11-22,quantile,0.95,10,Wyoming,Ensemble
2025-11-22,56,0,wk inc flu hosp,2025-11-22,quantile,0.975,11,Wyoming,Ensemble
2025-11-22,56,0,wk inc flu hosp,2025-11-22,quantile,0.99,13,Wyoming,Ensemble
2025-11-22,56,1,wk inc flu hosp,2025-11-29,quantile,0.01,1,Wyoming,Ensemble
2025-11-22,56,1,wk inc flu hosp,2025-11-29,quantile,0.025,1,Wyoming,Ensemble
2025-11-22,56,1,wk inc flu hosp,2025-11-29,quantile,0.05,1,Wyoming,Ensemble
2025-11-22,56,1,wk inc flu hosp,2025-11-29,quantile,0.1,2,Wyoming,Ensemble
2025-11-22,56,1,wk inc flu hosp,2025-11-29,quantile,0.15,2,Wyoming,Ensemble
2025-11-22,56,1,wk inc flu hosp,2025-11-29,quantile,0.2,3,Wyoming,Ensemble
2025-11-22,56,1,wk inc flu hosp,2025-11-29,quantile,0.25,3,Wyoming,Ensemble
2025-11-22,56,1,wk inc flu hosp,2025-11-29,quantile,0.3,4,Wyoming,Ensemble
2025-11-22,56,1,wk inc flu hosp,2025-11-29,quantile,0.35,4,Wyoming,Ensemble
2025-11-22,56,1,wk inc flu hosp,2025-11-29,quantile,0.4,5,Wyoming,Ensemble
2025-11-22,56,1,wk inc flu hosp,2025-11-29,quantile,0.45,5,Wyoming,Ensemble
2025-11-22,56,1,wk inc flu hosp,2025-11-29,quantile,0.5,6,Wyoming,Ensemble
2025-11-22,56,1,wk inc flu hosp,2025-11-29,quantile,0.55,7,Wyoming,Ensemble
2025-11-22,56,1,wk inc flu hosp,2025-11-29,quantile,0.6,7,Wyoming,Ensemble
2025-11-22,56,1,wk inc flu hosp,2025-11-29,quantile,0.65,8,Wyoming,Ensemble
2025-11-22,56,1,wk inc flu hosp,2025-11-29,quantile,0.7,8,Wyoming,Ensemble
2025-11-22,56,1,wk inc flu hosp,2025-11-29,quantile,0.75,9,Wyoming,Ensemble
2025-11-22,56,1,wk inc flu hosp,2025-11-29,quantile,0.8,10,Wyoming,Ensemble
2025-11-22,56,1,wk inc flu hosp,2025-11-29,quantile,0.85,11,Wyoming,Ensemble
2025-11-22,56,1,wk inc flu hosp,2025-11-29,quantile,0.9,12,Wyoming,Ensemble
2025-11-22,56,1,wk inc flu hosp,2025-11-29,quantile,0.95,14,Wyoming,Ensemble
2025-11-22,56,1,wk inc flu hosp,2025-11-29,quantile,0.975,17,Wyoming,Ensemble
2025-11-22,56,1,wk inc flu hosp,2025-11-29,quantile,0.99,20,Wyoming,Ensemble
2025-11-22,56,2,wk inc flu hosp,2025-12-06,quantile,0.01,1,Wyoming,Ensemble
2025-11-22,56,2,wk inc flu hosp,2025-12-06,quantile,0.025,1,Wyoming,Ensemble
2025-11-22,56,2,wk inc flu hosp,2025-12-06,quantile,0.05,2,Wyoming,Ensemble
2025-11-22,56,2,wk inc flu hosp,2025-12-06,quantile,0.1,3,Wyoming,Ensemble
2025-11-22,56,2,wk inc flu hosp,2025-12-06,quantile,0.15,3,Wyoming,Ensemble
2025-11-22,56,2,wk inc flu hosp,2025-12-06,quantile,0.2,4,Wyoming,Ensemble
2025-11-22,56,2,wk inc flu hosp,2025-12-06,quantile,0.25,5,Wyoming,Ensemble
2025-11-22,56,2,wk inc flu hosp,2025-12-06,quantile,0.3,5,Wyoming,Ensemble
2025-11-22,56,2,wk inc flu hosp,2025-12-06,quantile,0.35,6,Wyoming,Ensemble
2025-11-22,56,2,wk inc flu hosp,2025-12-06,quantile,0.4,6,Wyoming,Ensemble
2025-11-22,56,2,wk inc flu hosp,2025-12-06,quantile,0.45,7,Wyoming,Ensemble
2025-11-22,56,2,wk inc flu hosp,2025-12-06,quantile,0.5,9,Wyoming,Ensemble
2025-11-22,56,2,wk inc flu hosp,2025-12-06,quantile,0.55,9,Wyoming,Ensemble
2025-11-22,56,2,wk inc flu hosp,2025-12-06,quantile,0.6,10,Wyoming,Ensemble
2025-11-22,56,2,wk inc flu hosp,2025-12-06,quantile,0.65,11,Wyoming,Ensemble
2025-11-22,56,2,wk inc flu hosp,2025-12-06,quantile,0.7,11,Wyoming,Ensemble
2025-11-22,56,2,wk inc flu hosp,2025-12-06,quantile,0.75,12,Wyoming,Ensemble
2025-11-22,56,2,wk inc flu hosp,2025-12-06,quantile,0.8,14,Wyoming,Ensemble
2025-11-22,56,2,wk inc flu hosp,2025-12-06,quantile,0.85,15,Wyoming,Ensemble
2025-11-22,56,2,wk inc flu hosp,2025-12-06,quantile,0.9,18,Wyoming,Ensemble
2025-11-22,56,2,wk inc flu hosp,2025-12-06,quantile,0.95,22,Wyoming,Ensemble
2025-11-22,56,2,wk inc flu hosp,2025-12-06,quantile,0.975,26,Wyoming,Ensemble
2025-11-22,56,2,wk inc flu hosp,2025-12-06,quantile,0.99,31,Wyoming,Ensemble
2025-11-22,56,3,wk inc flu hosp,2025-12-13,quantile,0.01,1,Wyoming,Ensemble
2025-11-22,56,3,wk inc flu hosp,2025-12-13,quantile,0.025,2,Wyoming,Ensemble
2025-11-22,56,3,wk inc flu hosp,2025-12-13,quantile,0.05,3,Wyoming,Ensemble
2025-11-22,56,3,wk inc flu hosp,2025-12-13,quantile,0.1,4,Wyoming,Ensemble
2025-11-22,56,3,wk inc flu hosp,2025-12-13,quantile,0.15,5,Wyoming,Ensemble
2025-11-22,56,3,wk inc flu hosp,2025-12-13,quantile,0.2,6,Wyoming,Ensemble
2025-11-22,56,3,wk inc flu hosp,2025-12-13,quantile,0.25,6,Wyoming,Ensemble
2025-11-22,56,3,wk inc flu hosp,2025-12-13,quantile,0.3,7,Wyoming,Ensemble
2025-11-22,56,3,wk inc flu hosp,2025-12-13,quantile,0.35,8,Wyoming,Ensemble
2025-11-22,56,3,wk inc flu hosp,2025-12-13,quantile,0.4,9,Wyoming,Ensemble
2025-11-22,56,3,wk inc flu hosp,2025-12-13,quantile,0.45,10,Wyoming,Ensemble
2025-11-22,56,3,wk inc flu hosp,2025-12-13,quantile,0.5,11,Wyoming,Ensemble
2025-11-22,56,3,wk inc flu hosp,2025-12-13,quantile,0.55,12,Wyoming,Ensemble
2025-11-22,56,3,wk inc flu hosp,2025-12-13,quantile,0.6,13,Wyoming,Ensemble
2025-11-22,56,3,wk inc flu hosp,2025-12-13,quantile,0.65,14,Wyoming,Ensemble
2025-11-22,56,3,wk inc flu hosp,2025-12-13,quantile,0.7,15,Wyoming,Ensemble
2025-11-22,56,3,wk inc flu hosp,2025-12-13,quantile,0.75,16,Wyoming,Ensemble
2025-11-22,56,3,wk inc flu hosp,2025-12-13,quantile,0.8,18,Wyoming,Ensemble
2025-11-22,56,3,wk inc flu hosp,2025-12-13,quantile,0.85,21,Wyoming,Ensemble
2025-11-22,56,3,wk inc flu hosp,2025-12-13,quantile,0.9,25,Wyoming,Ensemble
2025-11-22,56,3,wk inc flu hosp,2025-12-13,quantile,0.95,31,Wyoming,Ensemble
2025-11-22,56,3,wk inc flu hosp,2025-12-13,quantile,0.975,38,Wyoming,Ensemble
2025-11-22,56,3,wk inc flu hosp,2025-12-13,quantile,0.99,45,Wyoming,Ensemble
2025-11-22,72,0,wk inc flu hosp,2025-11-22,quantile,0.01,81,Puerto Rico,Ensemble
2025-11-22,72,0,wk inc flu hosp,2025-11-22,quantile,0.025,88,Puerto Rico,Ensemble
2025-11-22,72,0,wk inc flu hosp,2025-11-22,quantile,0.05,97,Puerto Rico,Ensemble
2025-11-22,72,0,wk inc flu hosp,2025-11-22,quantile,0.1,110,Puerto Rico,Ensemble
2025-11-22,72,0,wk inc flu hosp,2025-11-22,quantile,0.15,120,Puerto Rico,Ensemble
2025-11-22,72,0,wk inc flu hosp,2025-11-22,quantile,0.2,128,Puerto Rico,Ensemble
2025-11-22,72,0,wk inc flu hosp,2025-11-22,quantile,0.25,136,Puerto Rico,Ensemble
2025-11-22,72,0,wk inc flu hosp,2025-11-22,quantile,0.3,143,Puerto Rico,Ensemble
2025-11-22,72,0,wk inc flu hosp,2025-11-22,quantile,0.35,149,Puerto Rico,Ensemble
2025-11-22,72,0,wk inc flu hosp,2025-11-22,quantile,0.4,156,Puerto Rico,Ensemble
2025-11-22,72,0,wk inc flu hosp,2025-11-22,quantile,0.45,162,Puerto Rico,Ensemble
2025-11-22,72,0,wk inc flu hosp,2025-11-22,quantile,0.5,169,Puerto Rico,Ensemble
2025-11-22,72,0,wk inc flu hosp,2025-11-22,quantile,0.55,176,Puerto Rico,Ensemble
2025-11-22,72,0,wk inc flu hosp,2025-11-22,quantile,0.6,183,Puerto Rico,Ensemble
2025-11-22,72,0,wk inc flu hosp,2025-11-22,quantile,0.65,190,Puerto Rico,Ensemble
2025-11-22,72,0,wk inc flu hosp,2025-11-22,quantile,0.7,198,Puerto Rico,Ensemble
2025-11-22,72,0,wk inc flu hosp,2025-11-22,quantile,0.75,208,Puerto Rico,Ensemble
2025-11-22,72,0,wk inc flu hosp,2025-11-22,quantile,0.8,221,Puerto Rico,Ensemble
2025-11-22,72,0,wk inc flu hosp,2025-11-22,quantile,0.85,233,Puerto Rico,Ensemble
2025-11-22,72,0,wk inc flu hosp,2025-11-22,quantile,0.9,253,Puerto Rico,Ensemble
2025-11-22,72,0,wk inc flu hosp,2025-11-22,quantile,0.95,283,Puerto Rico,Ensemble
2025-11-22,72,0,wk inc flu hosp,2025-11-22,quantile,0.975,311,Puerto Rico,Ensemble
2025-11-22,72,0,wk inc flu hosp,2025-11-22,quantile,0.99,349,Puerto Rico,Ensemble
2025-11-22,72,1,wk inc flu hosp,2025-11-29,quantile,0.01,85,Puerto Rico,Ensemble
2025-11-22,72,1,wk inc flu hosp,2025-11-29,quantile,0.025,98,Puerto Rico,Ensemble
2025-11-22,72,1,wk inc flu hosp,2025-11-29,quantile,0.05,110,Puerto Rico,Ensemble
2025-11-22,72,1,wk inc flu hosp,2025-11-29,quantile,0.1,127,Puerto Rico,Ensemble
2025-11-22,72,1,wk inc flu hosp,2025-11-29,quantile,0.15,143,Puerto Rico,Ensemble
2025-11-22,72,1,wk inc flu hosp,2025-11-29,quantile,0.2,155,Puerto Rico,Ensemble
2025-11-22,72,1,wk inc flu hosp,2025-11-29,quantile,0.25,165,Puerto Rico,Ensemble
2025-11-22,72,1,wk inc flu hosp,2025-11-29,quantile,0.3,175,Puerto Rico,Ensemble
2025-11-22,72,1,wk inc flu hosp,2025-11-29,quantile,0.35,185,Puerto Rico,Ensemble
2025-11-22,72,1,wk inc flu hosp,2025-11-29,quantile,0.4,195,Puerto Rico,Ensemble
2025-11-22,72,1,wk inc flu hosp,2025-11-29,quantile,0.45,205,Puerto Rico,Ensemble
2025-11-22,72,1,wk inc flu hosp,2025-11-29,quantile,0.5,218,Puerto Rico,Ensemble
2025-11-22,72,1,wk inc flu hosp,2025-11-29,quantile,0.55,230,Puerto Rico,Ensemble
2025-11-22,72,1,wk inc flu hosp,2025-11-29,quantile,0.6,242,Puerto Rico,Ensemble
2025-11-22,72,1,wk inc flu hosp,2025-11-29,quantile,0.65,253,Puerto Rico,Ensemble
2025-11-22,72,1,wk inc flu hosp,2025-11-29,quantile,0.7,267,Puerto Rico,Ensemble
2025-11-22,72,1,wk inc flu hosp,2025-11-29,quantile,0.75,282,Puerto Rico,Ensemble
2025-11-22,72,1,wk inc flu hosp,2025-11-29,quantile,0.8,299,Puerto Rico,Ensemble
2025-11-22,72,1,wk inc flu hosp,2025-11-29,quantile,0.85,320,Puerto Rico,Ensemble
2025-11-22,72,1,wk inc flu hosp,2025-11-29,quantile,0.9,353,Puerto Rico,Ensemble
2025-11-22,72,1,wk inc flu hosp,2025-11-29,quantile,0.95,405,Puerto Rico,Ensemble
2025-11-22,72,1,wk inc flu hosp,2025-11-29,quantile,0.975,452,Puerto Rico,Ensemble
2025-11-22,72,1,wk inc flu hosp,2025-11-29,quantile,0.99,517,Puerto Rico,Ensemble
2025-11-22,72,2,wk inc flu hosp,2025-12-06,quantile,0.01,95,Puerto Rico,Ensemble
2025-11-22,72,2,wk inc flu hosp,2025-12-06,quantile,0.025,112,Puerto Rico,Ensemble
2025-11-22,72,2,wk inc flu hosp,2025-12-06,quantile,0.05,127,Puerto Rico,Ensemble
2025-11-22,72,2,wk inc flu hosp,2025-12-06,quantile,0.1,149,Puerto Rico,Ensemble
2025-11-22,72,2,wk inc flu hosp,2025-12-06,quantile,0.15,167,Puerto Rico,Ensemble
2025-11-22,72,2,wk inc flu hosp,2025-12-06,quantile,0.2,186,Puerto Rico,Ensemble
2025-11-22,72,2,wk inc flu hosp,2025-12-06,quantile,0.25,202,Puerto Rico,Ensemble
2025-11-22,72,2,wk inc flu hosp,2025-12-06,quantile,0.3,218,Puerto Rico,Ensemble
2025-11-22,72,2,wk inc flu hosp,2025-12-06,quantile,0.35,233,Puerto Rico,Ensemble
2025-11-22,72,2,wk inc flu hosp,2025-12-06,quantile,0.4,247,Puerto Rico,Ensemble
2025-11-22,72,2,wk inc flu hosp,2025-12-06,quantile,0.45,261,Puerto Rico,Ensemble
2025-11-22,72,2,wk inc flu hosp,2025-12-06,quantile,0.5,279,Puerto Rico,Ensemble
2025-11-22,72,2,wk inc flu hosp,2025-12-06,quantile,0.55,296,Puerto Rico,Ensemble
2025-11-22,72,2,wk inc flu hosp,2025-12-06,quantile,0.6,313,Puerto Rico,Ensemble
2025-11-22,72,2,wk inc flu hosp,2025-12-06,quantile,0.65,331,Puerto Rico,Ensemble
2025-11-22,72,2,wk inc flu hosp,2025-12-06,quantile,0.7,353,Puerto Rico,Ensemble
2025-11-22,72,2,wk inc flu hosp,2025-12-06,quantile,0.75,379,Puerto Rico,Ensemble
2025-11-22,72,2,wk inc flu hosp,2025-12-06,quantile,0.8,409,Puerto Rico,Ensemble
2025-11-22,72,2,wk inc flu hosp,2025-12-06,quantile,0.85,447,Puerto Rico,Ensemble
2025-11-22,72,2,wk inc flu hosp,2025-12-06,quantile,0.9,498,Puerto Rico,Ensemble
2025-11-22,72,2,wk inc flu hosp,2025-12-06,quantile,0.95,581,Puerto Rico,Ensemble
2025-11-22,72,2,wk inc flu hosp,2025-12-06,quantile,0.975,662,Puerto Rico,Ensemble
2025-11-22,72,2,wk inc flu hosp,2025-12-06,quantile,0.99,775,Puerto Rico,Ensemble
2025-11-22,72,3,wk inc flu hosp,2025-12-13,quantile,0.01,106,Puerto Rico,Ensemble
2025-11-22,72,3,wk inc flu hosp,2025-12-13,quantile,0.025,130,Puerto Rico,Ensemble
2025-11-22,72,3,wk inc flu hosp,2025-12-13,quantile,0.05,152,Puerto Rico,Ensemble
2025-11-22,72,3,wk inc flu hosp,2025-12-13,quantile,0.1,182,Puerto Rico,Ensemble
2025-11-22,72,3,wk inc flu hosp,2025-12-13,quantile,0.15,208,Puerto Rico,Ensemble
2025-11-22,72,3,wk inc flu hosp,2025-12-13,quantile,0.2,230,Puerto Rico,Ensemble
2025-11-22,72,3,wk inc flu hosp,2025-12-13,quantile,0.25,252,Puerto Rico,Ensemble
2025-11-22,72,3,wk inc flu hosp,2025-12-13,quantile,0.3,272,Puerto Rico,Ensemble
2025-11-22,72,3,wk inc flu hosp,2025-12-13,quantile,0.35,292,Puerto Rico,Ensemble
2025-11-22,72,3,wk inc flu hosp,2025-12-13,quantile,0.4,313,Puerto Rico,Ensemble
2025-11-22,72,3,wk inc flu hosp,2025-12-13,quantile,0.45,334,Puerto Rico,Ensemble
2025-11-22,72,3,wk inc flu hosp,2025-12-13,quantile,0.5,359,Puerto Rico,Ensemble
2025-11-22,72,3,wk inc flu hosp,2025-12-13,quantile,0.55,383,Puerto Rico,Ensemble
2025-11-22,72,3,wk inc flu hosp,2025-12-13,quantile,0.6,408,Puerto Rico,Ensemble
2025-11-22,72,3,wk inc flu hosp,2025-12-13,quantile,0.65,437,Puerto Rico,Ensemble
2025-11-22,72,3,wk inc flu hosp,2025-12-13,quantile,0.7,469,Puerto Rico,Ensemble
2025-11-22,72,3,wk inc flu hosp,2025-12-13,quantile,0.75,505,Puerto Rico,Ensemble
2025-11-22,72,3,wk inc flu hosp,2025-12-13,quantile,0.8,549,Puerto Rico,Ensemble
2025-11-22,72,3,wk inc flu hosp,2025-12-13,quantile,0.85,604,Puerto Rico,Ensemble
2025-11-22,72,3,wk inc flu hosp,2025-12-13,quantile,0.9,682,Puerto Rico,Ensemble
2025-11-22,72,3,wk inc flu hosp,2025-12-13,quantile,0.95,812,Puerto Rico,Ensemble
2025-11-22,72,3,wk inc flu hosp,2025-12-13,quantile,0.975,935,Puerto Rico,Ensemble
2025-11-22,72,3,wk inc flu hosp,2025-12-13,quantile,0.99,1110,Puerto Rico,Ensemble
2025-11-22,US,0,wk inc flu hosp,2025-11-22,quantile,0.01,1277,US,Ensemble
2025-11-22,US,0,wk inc flu hosp,2025-11-22,quantile,0.025,1439,US,Ensemble
2025-11-22,US,0,wk inc flu hosp,2025-11-22,quantile,0.05,1570,US,Ensemble
2025-11-22,US,0,wk inc flu hosp,2025-11-22,quantile,0.1,1756,US,Ensemble
2025-11-22,US,0,wk inc flu hosp,2025-11-22,quantile,0.15,1870,US,Ensemble
2025-11-22,US,0,wk inc flu hosp,2025-11-22,quantile,0.2,1965,US,Ensemble
2025-11-22,US,0,wk inc flu hosp,2025-11-22,quantile,0.25,2090,US,Ensemble
2025-11-22,US,0,wk inc flu hosp,2025-11-22,quantile,0.3,2264,US,Ensemble
2025-11-22,US,0,wk inc flu hosp,2025-11-22,quantile,0.35,2369,US,Ensemble
2025-11-22,US,0,wk inc flu hosp,2025-11-22,quantile,0.4,2490,US,Ensemble
2025-11-22,US,0,wk inc flu hosp,2025-11-22,quantile,0.45,2591,US,Ensemble
2025-11-22,US,0,wk inc flu hosp,2025-11-22,quantile,0.5,2702,US,Ensemble
2025-11-22,US,0,wk inc flu hosp,2025-11-22,quantile,0.55,2808,US,Ensemble
2025-11-22,US,0,wk inc flu hosp,2025-11-22,quantile,0.6,2904,US,Ensemble
2025-11-22,US,0,wk inc flu hosp,2025-11-22,quantile,0.65,3015,US,Ensemble
2025-11-22,US,0,wk inc flu hosp,2025-11-22,quantile,0.7,3129,US,Ensemble
2025-11-22,US,0,wk inc flu hosp,2025-11-22,quantile,0.75,3273,US,Ensemble
2025-11-22,US,0,wk inc flu hosp,2025-11-22,quantile,0.8,3437,US,Ensemble
2025-11-22,US,0,wk inc flu hosp,2025-11-22,quantile,0.85,3668,US,Ensemble
2025-11-22,US,0,wk inc flu hosp,2025-11-22,quantile,0.9,3899,US,Ensemble
2025-11-22,US,0,wk inc flu hosp,2025-11-22,quantile,0.95,4364,US,Ensemble
2025-11-22,US,0,wk inc flu hosp,2025-11-22,quantile,0.975,4831,US,Ensemble
2025-11-22,US,0,wk inc flu hosp,2025-11-22,quantile,0.99,5299,US,Ensemble
2025-11-22,US,1,wk inc flu hosp,2025-11-29,quantile,0.01,1402,US,Ensemble
2025-11-22,US,1,wk inc flu hosp,2025-11-29,quantile,0.025,1588,US,Ensemble
2025-11-22,US,1,wk inc flu hosp,2025-11-29,quantile,0.05,1800,US,Ensemble
2025-11-22,US,1,wk inc flu hosp,2025-11-29,quantile,0.1,2045,US,Ensemble
2025-11-22,US,1,wk inc flu hosp,2025-11-29,quantile,0.15,2224,US,Ensemble
2025-11-22,US,1,wk inc flu hosp,2025-11-29,quantile,0.2,2370,US,Ensemble
2025-11-22,US,1,wk inc flu hosp,2025-11-29,quantile,0.25,2560,US,Ensemble
2025-11-22,US,1,wk inc flu hosp,2025-11-29,quantile,0.3,2833,US,Ensemble
2025-11-22,US,1,wk inc flu hosp,2025-11-29,quantile,0.35,2987,US,Ensemble
2025-11-22,US,1,wk inc flu hosp,2025-11-29,quantile,0.4,3202,US,Ensemble
2025-11-22,US,1,wk inc flu hosp,2025-11-29,quantile,0.45,3390,US,Ensemble
2025-11-22,US,1,wk inc flu hosp,2025-11-29,quantile,0.5,3591,US,Ensemble
2025-11-22,US,1,wk inc flu hosp,2025-11-29,quantile,0.55,3779,US,Ensemble
2025-11-22,US,1,wk inc flu hosp,2025-11-29,quantile,0.6,3951,US,Ensemble
2025-11-22,US,1,wk inc flu hosp,2025-11-29,quantile,0.65,4135,US,Ensemble
2025-11-22,US,1,wk inc flu hosp,2025-11-29,quantile,0.7,4327,US,Ensemble
2025-11-22,US,1,wk inc flu hosp,2025-11-29,quantile,0.75,4575,US,Ensemble
2025-11-22,US,1,wk inc flu hosp,2025-11-29,quantile,0.8,4885,US,Ensemble
2025-11-22,US,1,wk inc flu hosp,2025-11-29,quantile,0.85,5269,US,Ensemble
2025-11-22,US,1,wk inc flu hosp,2025-11-29,quantile,0.9,5769,US,Ensemble
2025-11-22,US,1,wk inc flu hosp,2025-11-29,quantile,0.95,6615,US,Ensemble
2025-11-22,US,1,wk inc flu hosp,2025-11-29,quantile,0.975,7602,US,Ensemble
2025-11-22,US,1,wk inc flu hosp,2025-11-29,quantile,0.99,8577,US,Ensemble
2025-11-22,US,2,wk inc flu hosp,2025-12-06,quantile,0.01,1587,US,Ensemble
2025-11-22,US,2,wk inc flu hosp,2025-12-06,quantile,0.025,1865,US,Ensemble
2025-11-22,US,2,wk inc flu hosp,2025-12-06,quantile,0.05,2108,US,Ensemble
2025-11-22,US,2,wk inc flu hosp,2025-12-06,quantile,0.1,2454,US,Ensemble
2025-11-22,US,2,wk inc flu hosp,2025-12-06,quantile,0.15,2711,US,Ensemble
2025-11-22,US,2,wk inc flu hosp,2025-12-06,quantile,0.2,2935,US,Ensemble
2025-11-22,US,2,wk inc flu hosp,2025-12-06,quantile,0.25,3217,US,Ensemble
2025-11-22,US,2,wk inc flu hosp,2025-12-06,quantile,0.3,3586,US,Ensemble
2025-11-22,US,2,wk inc flu hosp,2025-12-06,quantile,0.35,3865,US,Ensemble
2025-11-22,US,2,wk inc flu hosp,2025-12-06,quantile,0.4,4194,US,Ensemble
2025-11-22,US,2,wk inc flu hosp,2025-12-06,quantile,0.45,4467,US,Ensemble
2025-11-22,US,2,wk inc flu hosp,2025-12-06,quantile,0.5,4773,US,Ensemble
2025-11-22,US,2,wk inc flu hosp,2025-12-06,quantile,0.55,5060,US,Ensemble
2025-11-22,US,2,wk inc flu hosp,2025-12-06,quantile,0.6,5336,US,Ensemble
2025-11-22,US,2,wk inc flu hosp,2025-12-06,quantile,0.65,5636,US,Ensemble
2025-11-22,US,2,wk inc flu hosp,2025-12-06,quantile,0.7,6000,US,Ensemble
2025-11-22,US,2,wk inc flu hosp,2025-12-06,quantile,0.75,6384,US,Ensemble
2025-11-22,US,2,wk inc flu hosp,2025-12-06,quantile,0.8,6901,US,Ensemble
2025-11-22,US,2,wk inc flu hosp,2025-12-06,quantile,0.85,7633,US,Ensemble
2025-11-22,US,2,wk inc flu hosp,2025-12-06,quantile,0.9,8476,US,Ensemble
2025-11-22,US,2,wk inc flu hosp,2025-12-06,quantile,0.95,10225,US,Ensemble
2025-11-22,US,2,wk inc flu hosp,2025-12-06,quantile,0.975,12215,US,Ensemble
2025-11-22,US,2,wk inc flu hosp,2025-12-06,quantile,0.99,13968,US,Ensemble
2025-11-22,US,3,wk inc flu hosp,2025-12-13,quantile,0.01,1770,US,Ensemble
2025-11-22,US,3,wk inc flu hosp,2025-12-13,quantile,0.025,2140,US,Ensemble
2025-11-22,US,3,wk inc flu hosp,2025-12-13,quantile,0.05,2434,US,Ensemble
2025-11-22,US,3,wk inc flu hosp,2025-12-13,quantile,0.1,2860,US,Ensemble
2025-11-22,US,3,wk inc flu hosp,2025-12-13,quantile,0.15,3222,US,Ensemble
2025-11-22,US,3,wk inc flu hosp,2025-12-13,quantile,0.2,3546,US,Ensemble
2025-11-22,US,3,wk inc flu hosp,2025-12-13,quantile,0.25,3951,US,Ensemble
2025-11-22,US,3,wk inc flu hosp,2025-12-13,quantile,0.3,4470,US,Ensemble
2025-11-22,US,3,wk inc flu hosp,2025-12-13,quantile,0.35,4913,US,Ensemble
2025-11-22,US,3,wk inc flu hosp,2025-12-13,quantile,0.4,5394,US,Ensemble
2025-11-22,US,3,wk inc flu hosp,2025-12-13,quantile,0.45,5855,US,Ensemble
2025-11-22,US,3,wk inc flu hosp,2025-12-13,quantile,0.5,6305,US,Ensemble
2025-11-22,US,3,wk inc flu hosp,2025-12-13,quantile,0.55,6752,US,Ensemble
2025-11-22,US,3,wk inc flu hosp,2025-12-13,quantile,0.6,7228,US,Ensemble
2025-11-22,US,3,wk inc flu hosp,2025-12-13,quantile,0.65,7686,US,Ensemble
2025-11-22,US,3,wk inc flu hosp,2025-12-13,quantile,0.7,8188,US,Ensemble
2025-11-22,US,3,wk inc flu hosp,2025-12-13,quantile,0.75,8835,US,Ensemble
2025-11-22,US,3,wk inc flu hosp,2025-12-13,quantile,0.8,9641,US,Ensemble
2025-11-22,US,3,wk inc flu hosp,2025-12-13,quantile,0.85,10901,US,Ensemble
2025-11-22,US,3,wk inc flu hosp,2025-12-13,quantile,0.9,12297,US,Ensemble
2025-11-22,US,3,wk inc flu hosp,2025-12-13,quantile,0.95,15558,US,Ensemble
2025-11-22,US,3,wk inc flu hosp,2025-12-13,quantile,0.975,18714,US,Ensemble
2025-11-22,US,3,wk inc flu hosp,2025-12-13,quantile,0.99,21504,US,Ensemble
