reference_date,location,horizon,target,target_end_date,output_type,output_type_id,value,location_name,model_id
2026-05-16,01,0,wk inc flu hosp,2026-05-16,quantile,0.01,3,Alabama,Ensemble
2026-05-16,01,0,wk inc flu hosp,2026-05-16,quantile,0.025,4,Alabama,Ensemble
2026-05-16,01,0,wk inc flu hosp,2026-05-16,quantile,0.05,5,Alabama,Ensemble
2026-05-16,01,0,wk inc flu hosp,2026-05-16,quantile,0.1,7,Alabama,Ensemble
2026-05-16,01,0,wk inc flu hosp,2026-05-16,quantile,0.15,9,Alabama,Ensemble
2026-05-16,01,0,wk inc flu hosp,2026-05-16,quantile,0.2,10,Alabama,Ensemble
2026-05-16,01,0,wk inc flu hosp,2026-05-16,quantile,0.25,11,Alabama,Ensemble
2026-05-16,01,0,wk inc flu hosp,2026-05-16,quantile,0.3,12,Alabama,Ensemble
2026-05-16,01,0,wk inc flu hosp,2026-05-16,quantile,0.35,13,Alabama,Ensemble
2026-05-16,01,0,wk inc flu hosp,2026-05-16,quantile,0.4,14,Alabama,Ensemble
2026-05-16,01,0,wk inc flu hosp,2026-05-16,quantile,0.45,15,Alabama,Ensemble
2026-05-16,01,0,wk inc flu hosp,2026-05-16,quantile,0.5,17,Alabama,Ensemble
2026-05-16,01,0,wk inc flu hosp,2026-05-16,quantile,0.55,18,Alabama,Ensemble
2026-05-16,01,0,wk inc flu hosp,2026-05-16,quantile,0.6,19,Alabama,Ensemble
2026-05-16,01,0,wk inc flu hosp,2026-05-16,quantile,0.65,20,Alabama,Ensemble
2026-05-16,01,0,wk inc flu hosp,2026-05-16,quantile,0.7,22,Alabama,Ensemble
2026-05-16,01,0,wk inc flu hosp,2026-05-16,quantile,0.75,23,Alabama,Ensemble
2026-05-16,01,0,wk inc flu hosp,2026-05-16,quantile,0.8,25,Alabama,Ensemble
2026-05-16,01,0,wk inc flu hosp,2026-05-16,quantile,0.85,27,Alabama,Ensemble
2026-05-16,01,0,wk inc flu hosp,2026-05-16,quantile,0.9,30,Alabama,Ensemble
2026-05-16,01,0,wk inc flu hosp,2026-05-16,quantile,0.95,34,Alabama,Ensemble
2026-05-16,01,0,wk inc flu hosp,2026-05-16,quantile,0.975,40,Alabama,Ensemble
2026-05-16,01,0,wk inc flu hosp,2026-05-16,quantile,0.99,48,Alabama,Ensemble
2026-05-16,01,1,wk inc flu hosp,2026-05-23,quantile,0.01,2,Alabama,Ensemble
2026-05-16,01,1,wk inc flu hosp,2026-05-23,quantile,0.025,3,Alabama,Ensemble
2026-05-16,01,1,wk inc flu hosp,2026-05-23,quantile,0.05,4,Alabama,Ensemble
2026-05-16,01,1,wk inc flu hosp,2026-05-23,quantile,0.1,6,Alabama,Ensemble
2026-05-16,01,1,wk inc flu hosp,2026-05-23,quantile,0.15,8,Alabama,Ensemble
2026-05-16,01,1,wk inc flu hosp,2026-05-23,quantile,0.2,9,Alabama,Ensemble
2026-05-16,01,1,wk inc flu hosp,2026-05-23,quantile,0.25,10,Alabama,Ensemble
2026-05-16,01,1,wk inc flu hosp,2026-05-23,quantile,0.3,11,Alabama,Ensemble
2026-05-16,01,1,wk inc flu hosp,2026-05-23,quantile,0.35,12,Alabama,Ensemble
2026-05-16,01,1,wk inc flu hosp,2026-05-23,quantile,0.4,13,Alabama,Ensemble
2026-05-16,01,1,wk inc flu hosp,2026-05-23,quantile,0.45,14,Alabama,Ensemble
2026-05-16,01,1,wk inc flu hosp,2026-05-23,quantile,0.5,16,Alabama,Ensemble
2026-05-16,01,1,wk inc flu hosp,2026-05-23,quantile,0.55,17,Alabama,Ensemble
2026-05-16,01,1,wk inc flu hosp,2026-05-23,quantile,0.6,18,Alabama,Ensemble
2026-05-16,01,1,wk inc flu hosp,2026-05-23,quantile,0.65,19,Alabama,Ensemble
2026-05-16,01,1,wk inc flu hosp,2026-05-23,quantile,0.7,21,Alabama,Ensemble
2026-05-16,01,1,wk inc flu hosp,2026-05-23,quantile,0.75,23,Alabama,Ensemble
2026-05-16,01,1,wk inc flu hosp,2026-05-23,quantile,0.8,25,Alabama,Ensemble
2026-05-16,01,1,wk inc flu hosp,2026-05-23,quantile,0.85,27,Alabama,Ensemble
2026-05-16,01,1,wk inc flu hosp,2026-05-23,quantile,0.9,31,Alabama,Ensemble
2026-05-16,01,1,wk inc flu hosp,2026-05-23,quantile,0.95,37,Alabama,Ensemble
2026-05-16,01,1,wk inc flu hosp,2026-05-23,quantile,0.975,44,Alabama,Ensemble
2026-05-16,01,1,wk inc flu hosp,2026-05-23,quantile,0.99,53,Alabama,Ensemble
2026-05-16,01,2,wk inc flu hosp,2026-05-30,quantile,0.01,2,Alabama,Ensemble
2026-05-16,01,2,wk inc flu hosp,2026-05-30,quantile,0.025,3,Alabama,Ensemble
2026-05-16,01,2,wk inc flu hosp,2026-05-30,quantile,0.05,4,Alabama,Ensemble
2026-05-16,01,2,wk inc flu hosp,2026-05-30,quantile,0.1,6,Alabama,Ensemble
2026-05-16,01,2,wk inc flu hosp,2026-05-30,quantile,0.15,7,Alabama,Ensemble
2026-05-16,01,2,wk inc flu hosp,2026-05-30,quantile,0.2,8,Alabama,Ensemble
2026-05-16,01,2,wk inc flu hosp,2026-05-30,quantile,0.25,9,Alabama,Ensemble
2026-05-16,01,2,wk inc flu hosp,2026-05-30,quantile,0.3,10,Alabama,Ensemble
2026-05-16,01,2,wk inc flu hosp,2026-05-30,quantile,0.35,11,Alabama,Ensemble
2026-05-16,01,2,wk inc flu hosp,2026-05-30,quantile,0.4,12,Alabama,Ensemble
2026-05-16,01,2,wk inc flu hosp,2026-05-30,quantile,0.45,13,Alabama,Ensemble
2026-05-16,01,2,wk inc flu hosp,2026-05-30,quantile,0.5,15,Alabama,Ensemble
2026-05-16,01,2,wk inc flu hosp,2026-05-30,quantile,0.55,16,Alabama,Ensemble
2026-05-16,01,2,wk inc flu hosp,2026-05-30,quantile,0.6,17,Alabama,Ensemble
2026-05-16,01,2,wk inc flu hosp,2026-05-30,quantile,0.65,19,Alabama,Ensemble
2026-05-16,01,2,wk inc flu hosp,2026-05-30,quantile,0.7,20,Alabama,Ensemble
2026-05-16,01,2,wk inc flu hosp,2026-05-30,quantile,0.75,22,Alabama,Ensemble
2026-05-16,01,2,wk inc flu hosp,2026-05-30,quantile,0.8,25,Alabama,Ensemble
2026-05-16,01,2,wk inc flu hosp,2026-05-30,quantile,0.85,28,Alabama,Ensemble
2026-05-16,01,2,wk inc flu hosp,2026-05-30,quantile,0.9,33,Alabama,Ensemble
2026-05-16,01,2,wk inc flu hosp,2026-05-30,quantile,0.95,41,Alabama,Ensemble
2026-05-16,01,2,wk inc flu hosp,2026-05-30,quantile,0.975,49,Alabama,Ensemble
2026-05-16,01,2,wk inc flu hosp,2026-05-30,quantile,0.99,62,Alabama,Ensemble
2026-05-16,01,3,wk inc flu hosp,2026-06-06,quantile,0.01,2,Alabama,Ensemble
2026-05-16,01,3,wk inc flu hosp,2026-06-06,quantile,0.025,2,Alabama,Ensemble
2026-05-16,01,3,wk inc flu hosp,2026-06-06,quantile,0.05,3,Alabama,Ensemble
2026-05-16,01,3,wk inc flu hosp,2026-06-06,quantile,0.1,5,Alabama,Ensemble
2026-05-16,01,3,wk inc flu hosp,2026-06-06,quantile,0.15,6,Alabama,Ensemble
2026-05-16,01,3,wk inc flu hosp,2026-06-06,quantile,0.2,7,Alabama,Ensemble
2026-05-16,01,3,wk inc flu hosp,2026-06-06,quantile,0.25,9,Alabama,Ensemble
2026-05-16,01,3,wk inc flu hosp,2026-06-06,quantile,0.3,10,Alabama,Ensemble
2026-05-16,01,3,wk inc flu hosp,2026-06-06,quantile,0.35,10,Alabama,Ensemble
2026-05-16,01,3,wk inc flu hosp,2026-06-06,quantile,0.4,12,Alabama,Ensemble
2026-05-16,01,3,wk inc flu hosp,2026-06-06,quantile,0.45,13,Alabama,Ensemble
2026-05-16,01,3,wk inc flu hosp,2026-06-06,quantile,0.5,15,Alabama,Ensemble
2026-05-16,01,3,wk inc flu hosp,2026-06-06,quantile,0.55,16,Alabama,Ensemble
2026-05-16,01,3,wk inc flu hosp,2026-06-06,quantile,0.6,17,Alabama,Ensemble
2026-05-16,01,3,wk inc flu hosp,2026-06-06,quantile,0.65,18,Alabama,Ensemble
2026-05-16,01,3,wk inc flu hosp,2026-06-06,quantile,0.7,19,Alabama,Ensemble
2026-05-16,01,3,wk inc flu hosp,2026-06-06,quantile,0.75,21,Alabama,Ensemble
2026-05-16,01,3,wk inc flu hosp,2026-06-06,quantile,0.8,24,Alabama,Ensemble
2026-05-16,01,3,wk inc flu hosp,2026-06-06,quantile,0.85,27,Alabama,Ensemble
2026-05-16,01,3,wk inc flu hosp,2026-06-06,quantile,0.9,31,Alabama,Ensemble
2026-05-16,01,3,wk inc flu hosp,2026-06-06,quantile,0.95,40,Alabama,Ensemble
2026-05-16,01,3,wk inc flu hosp,2026-06-06,quantile,0.975,48,Alabama,Ensemble
2026-05-16,01,3,wk inc flu hosp,2026-06-06,quantile,0.99,61,Alabama,Ensemble
2026-05-16,02,0,wk inc flu hosp,2026-05-16,quantile,0.01,0,Alaska,Ensemble
2026-05-16,02,0,wk inc flu hosp,2026-05-16,quantile,0.025,0,Alaska,Ensemble
2026-05-16,02,0,wk inc flu hosp,2026-05-16,quantile,0.05,0,Alaska,Ensemble
2026-05-16,02,0,wk inc flu hosp,2026-05-16,quantile,0.1,1,Alaska,Ensemble
2026-05-16,02,0,wk inc flu hosp,2026-05-16,quantile,0.15,1,Alaska,Ensemble
2026-05-16,02,0,wk inc flu hosp,2026-05-16,quantile,0.2,1,Alaska,Ensemble
2026-05-16,02,0,wk inc flu hosp,2026-05-16,quantile,0.25,2,Alaska,Ensemble
2026-05-16,02,0,wk inc flu hosp,2026-05-16,quantile,0.3,2,Alaska,Ensemble
2026-05-16,02,0,wk inc flu hosp,2026-05-16,quantile,0.35,2,Alaska,Ensemble
2026-05-16,02,0,wk inc flu hosp,2026-05-16,quantile,0.4,2,Alaska,Ensemble
2026-05-16,02,0,wk inc flu hosp,2026-05-16,quantile,0.45,3,Alaska,Ensemble
2026-05-16,02,0,wk inc flu hosp,2026-05-16,quantile,0.5,4,Alaska,Ensemble
2026-05-16,02,0,wk inc flu hosp,2026-05-16,quantile,0.55,4,Alaska,Ensemble
2026-05-16,02,0,wk inc flu hosp,2026-05-16,quantile,0.6,4,Alaska,Ensemble
2026-05-16,02,0,wk inc flu hosp,2026-05-16,quantile,0.65,5,Alaska,Ensemble
2026-05-16,02,0,wk inc flu hosp,2026-05-16,quantile,0.7,5,Alaska,Ensemble
2026-05-16,02,0,wk inc flu hosp,2026-05-16,quantile,0.75,5,Alaska,Ensemble
2026-05-16,02,0,wk inc flu hosp,2026-05-16,quantile,0.8,6,Alaska,Ensemble
2026-05-16,02,0,wk inc flu hosp,2026-05-16,quantile,0.85,6,Alaska,Ensemble
2026-05-16,02,0,wk inc flu hosp,2026-05-16,quantile,0.9,7,Alaska,Ensemble
2026-05-16,02,0,wk inc flu hosp,2026-05-16,quantile,0.95,9,Alaska,Ensemble
2026-05-16,02,0,wk inc flu hosp,2026-05-16,quantile,0.975,11,Alaska,Ensemble
2026-05-16,02,0,wk inc flu hosp,2026-05-16,quantile,0.99,14,Alaska,Ensemble
2026-05-16,02,1,wk inc flu hosp,2026-05-23,quantile,0.01,0,Alaska,Ensemble
2026-05-16,02,1,wk inc flu hosp,2026-05-23,quantile,0.025,0,Alaska,Ensemble
2026-05-16,02,1,wk inc flu hosp,2026-05-23,quantile,0.05,0,Alaska,Ensemble
2026-05-16,02,1,wk inc flu hosp,2026-05-23,quantile,0.1,1,Alaska,Ensemble
2026-05-16,02,1,wk inc flu hosp,2026-05-23,quantile,0.15,1,Alaska,Ensemble
2026-05-16,02,1,wk inc flu hosp,2026-05-23,quantile,0.2,1,Alaska,Ensemble
2026-05-16,02,1,wk inc flu hosp,2026-05-23,quantile,0.25,1,Alaska,Ensemble
2026-05-16,02,1,wk inc flu hosp,2026-05-23,quantile,0.3,2,Alaska,Ensemble
2026-05-16,02,1,wk inc flu hosp,2026-05-23,quantile,0.35,2,Alaska,Ensemble
2026-05-16,02,1,wk inc flu hosp,2026-05-23,quantile,0.4,2,Alaska,Ensemble
2026-05-16,02,1,wk inc flu hosp,2026-05-23,quantile,0.45,2,Alaska,Ensemble
2026-05-16,02,1,wk inc flu hosp,2026-05-23,quantile,0.5,4,Alaska,Ensemble
2026-05-16,02,1,wk inc flu hosp,2026-05-23,quantile,0.55,4,Alaska,Ensemble
2026-05-16,02,1,wk inc flu hosp,2026-05-23,quantile,0.6,4,Alaska,Ensemble
2026-05-16,02,1,wk inc flu hosp,2026-05-23,quantile,0.65,5,Alaska,Ensemble
2026-05-16,02,1,wk inc flu hosp,2026-05-23,quantile,0.7,5,Alaska,Ensemble
2026-05-16,02,1,wk inc flu hosp,2026-05-23,quantile,0.75,5,Alaska,Ensemble
2026-05-16,02,1,wk inc flu hosp,2026-05-23,quantile,0.8,6,Alaska,Ensemble
2026-05-16,02,1,wk inc flu hosp,2026-05-23,quantile,0.85,6,Alaska,Ensemble
2026-05-16,02,1,wk inc flu hosp,2026-05-23,quantile,0.9,7,Alaska,Ensemble
2026-05-16,02,1,wk inc flu hosp,2026-05-23,quantile,0.95,9,Alaska,Ensemble
2026-05-16,02,1,wk inc flu hosp,2026-05-23,quantile,0.975,11,Alaska,Ensemble
2026-05-16,02,1,wk inc flu hosp,2026-05-23,quantile,0.99,15,Alaska,Ensemble
2026-05-16,02,2,wk inc flu hosp,2026-05-30,quantile,0.01,0,Alaska,Ensemble
2026-05-16,02,2,wk inc flu hosp,2026-05-30,quantile,0.025,0,Alaska,Ensemble
2026-05-16,02,2,wk inc flu hosp,2026-05-30,quantile,0.05,0,Alaska,Ensemble
2026-05-16,02,2,wk inc flu hosp,2026-05-30,quantile,0.1,1,Alaska,Ensemble
2026-05-16,02,2,wk inc flu hosp,2026-05-30,quantile,0.15,1,Alaska,Ensemble
2026-05-16,02,2,wk inc flu hosp,2026-05-30,quantile,0.2,1,Alaska,Ensemble
2026-05-16,02,2,wk inc flu hosp,2026-05-30,quantile,0.25,1,Alaska,Ensemble
2026-05-16,02,2,wk inc flu hosp,2026-05-30,quantile,0.3,2,Alaska,Ensemble
2026-05-16,02,2,wk inc flu hosp,2026-05-30,quantile,0.35,2,Alaska,Ensemble
2026-05-16,02,2,wk inc flu hosp,2026-05-30,quantile,0.4,2,Alaska,Ensemble
2026-05-16,02,2,wk inc flu hosp,2026-05-30,quantile,0.45,2,Alaska,Ensemble
2026-05-16,02,2,wk inc flu hosp,2026-05-30,quantile,0.5,4,Alaska,Ensemble
2026-05-16,02,2,wk inc flu hosp,2026-05-30,quantile,0.55,4,Alaska,Ensemble
2026-05-16,02,2,wk inc flu hosp,2026-05-30,quantile,0.6,4,Alaska,Ensemble
2026-05-16,02,2,wk inc flu hosp,2026-05-30,quantile,0.65,4,Alaska,Ensemble
2026-05-16,02,2,wk inc flu hosp,2026-05-30,quantile,0.7,4,Alaska,Ensemble
2026-05-16,02,2,wk inc flu hosp,2026-05-30,quantile,0.75,5,Alaska,Ensemble
2026-05-16,02,2,wk inc flu hosp,2026-05-30,quantile,0.8,5,Alaska,Ensemble
2026-05-16,02,2,wk inc flu hosp,2026-05-30,quantile,0.85,6,Alaska,Ensemble
2026-05-16,02,2,wk inc flu hosp,2026-05-30,quantile,0.9,7,Alaska,Ensemble
2026-05-16,02,2,wk inc flu hosp,2026-05-30,quantile,0.95,9,Alaska,Ensemble
2026-05-16,02,2,wk inc flu hosp,2026-05-30,quantile,0.975,12,Alaska,Ensemble
2026-05-16,02,2,wk inc flu hosp,2026-05-30,quantile,0.99,16,Alaska,Ensemble
2026-05-16,02,3,wk inc flu hosp,2026-06-06,quantile,0.01,0,Alaska,Ensemble
2026-05-16,02,3,wk inc flu hosp,2026-06-06,quantile,0.025,0,Alaska,Ensemble
2026-05-16,02,3,wk inc flu hosp,2026-06-06,quantile,0.05,0,Alaska,Ensemble
2026-05-16,02,3,wk inc flu hosp,2026-06-06,quantile,0.1,0,Alaska,Ensemble
2026-05-16,02,3,wk inc flu hosp,2026-06-06,quantile,0.15,1,Alaska,Ensemble
2026-05-16,02,3,wk inc flu hosp,2026-06-06,quantile,0.2,1,Alaska,Ensemble
2026-05-16,02,3,wk inc flu hosp,2026-06-06,quantile,0.25,1,Alaska,Ensemble
2026-05-16,02,3,wk inc flu hosp,2026-06-06,quantile,0.3,2,Alaska,Ensemble
2026-05-16,02,3,wk inc flu hosp,2026-06-06,quantile,0.35,2,Alaska,Ensemble
2026-05-16,02,3,wk inc flu hosp,2026-06-06,quantile,0.4,2,Alaska,Ensemble
2026-05-16,02,3,wk inc flu hosp,2026-06-06,quantile,0.45,2,Alaska,Ensemble
2026-05-16,02,3,wk inc flu hosp,2026-06-06,quantile,0.5,3,Alaska,Ensemble
2026-05-16,02,3,wk inc flu hosp,2026-06-06,quantile,0.55,4,Alaska,Ensemble
2026-05-16,02,3,wk inc flu hosp,2026-06-06,quantile,0.6,4,Alaska,Ensemble
2026-05-16,02,3,wk inc flu hosp,2026-06-06,quantile,0.65,4,Alaska,Ensemble
2026-05-16,02,3,wk inc flu hosp,2026-06-06,quantile,0.7,5,Alaska,Ensemble
2026-05-16,02,3,wk inc flu hosp,2026-06-06,quantile,0.75,5,Alaska,Ensemble
2026-05-16,02,3,wk inc flu hosp,2026-06-06,quantile,0.8,6,Alaska,Ensemble
2026-05-16,02,3,wk inc flu hosp,2026-06-06,quantile,0.85,6,Alaska,Ensemble
2026-05-16,02,3,wk inc flu hosp,2026-06-06,quantile,0.9,7,Alaska,Ensemble
2026-05-16,02,3,wk inc flu hosp,2026-06-06,quantile,0.95,10,Alaska,Ensemble
2026-05-16,02,3,wk inc flu hosp,2026-06-06,quantile,0.975,13,Alaska,Ensemble
2026-05-16,02,3,wk inc flu hosp,2026-06-06,quantile,0.99,17,Alaska,Ensemble
2026-05-16,04,0,wk inc flu hosp,2026-05-16,quantile,0.01,14,Arizona,Ensemble
2026-05-16,04,0,wk inc flu hosp,2026-05-16,quantile,0.025,17,Arizona,Ensemble
2026-05-16,04,0,wk inc flu hosp,2026-05-16,quantile,0.05,21,Arizona,Ensemble
2026-05-16,04,0,wk inc flu hosp,2026-05-16,quantile,0.1,25,Arizona,Ensemble
2026-05-16,04,0,wk inc flu hosp,2026-05-16,quantile,0.15,28,Arizona,Ensemble
2026-05-16,04,0,wk inc flu hosp,2026-05-16,quantile,0.2,30,Arizona,Ensemble
2026-05-16,04,0,wk inc flu hosp,2026-05-16,quantile,0.25,32,Arizona,Ensemble
2026-05-16,04,0,wk inc flu hosp,2026-05-16,quantile,0.3,34,Arizona,Ensemble
2026-05-16,04,0,wk inc flu hosp,2026-05-16,quantile,0.35,36,Arizona,Ensemble
2026-05-16,04,0,wk inc flu hosp,2026-05-16,quantile,0.4,38,Arizona,Ensemble
2026-05-16,04,0,wk inc flu hosp,2026-05-16,quantile,0.45,39,Arizona,Ensemble
2026-05-16,04,0,wk inc flu hosp,2026-05-16,quantile,0.5,42,Arizona,Ensemble
2026-05-16,04,0,wk inc flu hosp,2026-05-16,quantile,0.55,45,Arizona,Ensemble
2026-05-16,04,0,wk inc flu hosp,2026-05-16,quantile,0.6,47,Arizona,Ensemble
2026-05-16,04,0,wk inc flu hosp,2026-05-16,quantile,0.65,49,Arizona,Ensemble
2026-05-16,04,0,wk inc flu hosp,2026-05-16,quantile,0.7,52,Arizona,Ensemble
2026-05-16,04,0,wk inc flu hosp,2026-05-16,quantile,0.75,55,Arizona,Ensemble
2026-05-16,04,0,wk inc flu hosp,2026-05-16,quantile,0.8,59,Arizona,Ensemble
2026-05-16,04,0,wk inc flu hosp,2026-05-16,quantile,0.85,63,Arizona,Ensemble
2026-05-16,04,0,wk inc flu hosp,2026-05-16,quantile,0.9,70,Arizona,Ensemble
2026-05-16,04,0,wk inc flu hosp,2026-05-16,quantile,0.95,82,Arizona,Ensemble
2026-05-16,04,0,wk inc flu hosp,2026-05-16,quantile,0.975,95,Arizona,Ensemble
2026-05-16,04,0,wk inc flu hosp,2026-05-16,quantile,0.99,115,Arizona,Ensemble
2026-05-16,04,1,wk inc flu hosp,2026-05-23,quantile,0.01,10,Arizona,Ensemble
2026-05-16,04,1,wk inc flu hosp,2026-05-23,quantile,0.025,13,Arizona,Ensemble
2026-05-16,04,1,wk inc flu hosp,2026-05-23,quantile,0.05,16,Arizona,Ensemble
2026-05-16,04,1,wk inc flu hosp,2026-05-23,quantile,0.1,20,Arizona,Ensemble
2026-05-16,04,1,wk inc flu hosp,2026-05-23,quantile,0.15,22,Arizona,Ensemble
2026-05-16,04,1,wk inc flu hosp,2026-05-23,quantile,0.2,25,Arizona,Ensemble
2026-05-16,04,1,wk inc flu hosp,2026-05-23,quantile,0.25,27,Arizona,Ensemble
2026-05-16,04,1,wk inc flu hosp,2026-05-23,quantile,0.3,29,Arizona,Ensemble
2026-05-16,04,1,wk inc flu hosp,2026-05-23,quantile,0.35,30,Arizona,Ensemble
2026-05-16,04,1,wk inc flu hosp,2026-05-23,quantile,0.4,32,Arizona,Ensemble
2026-05-16,04,1,wk inc flu hosp,2026-05-23,quantile,0.45,34,Arizona,Ensemble
2026-05-16,04,1,wk inc flu hosp,2026-05-23,quantile,0.5,37,Arizona,Ensemble
2026-05-16,04,1,wk inc flu hosp,2026-05-23,quantile,0.55,39,Arizona,Ensemble
2026-05-16,04,1,wk inc flu hosp,2026-05-23,quantile,0.6,41,Arizona,Ensemble
2026-05-16,04,1,wk inc flu hosp,2026-05-23,quantile,0.65,43,Arizona,Ensemble
2026-05-16,04,1,wk inc flu hosp,2026-05-23,quantile,0.7,46,Arizona,Ensemble
2026-05-16,04,1,wk inc flu hosp,2026-05-23,quantile,0.75,50,Arizona,Ensemble
2026-05-16,04,1,wk inc flu hosp,2026-05-23,quantile,0.8,54,Arizona,Ensemble
2026-05-16,04,1,wk inc flu hosp,2026-05-23,quantile,0.85,60,Arizona,Ensemble
2026-05-16,04,1,wk inc flu hosp,2026-05-23,quantile,0.9,67,Arizona,Ensemble
2026-05-16,04,1,wk inc flu hosp,2026-05-23,quantile,0.95,82,Arizona,Ensemble
2026-05-16,04,1,wk inc flu hosp,2026-05-23,quantile,0.975,99,Arizona,Ensemble
2026-05-16,04,1,wk inc flu hosp,2026-05-23,quantile,0.99,124,Arizona,Ensemble
2026-05-16,04,2,wk inc flu hosp,2026-05-30,quantile,0.01,7,Arizona,Ensemble
2026-05-16,04,2,wk inc flu hosp,2026-05-30,quantile,0.025,10,Arizona,Ensemble
2026-05-16,04,2,wk inc flu hosp,2026-05-30,quantile,0.05,13,Arizona,Ensemble
2026-05-16,04,2,wk inc flu hosp,2026-05-30,quantile,0.1,17,Arizona,Ensemble
2026-05-16,04,2,wk inc flu hosp,2026-05-30,quantile,0.15,20,Arizona,Ensemble
2026-05-16,04,2,wk inc flu hosp,2026-05-30,quantile,0.2,22,Arizona,Ensemble
2026-05-16,04,2,wk inc flu hosp,2026-05-30,quantile,0.25,24,Arizona,Ensemble
2026-05-16,04,2,wk inc flu hosp,2026-05-30,quantile,0.3,25,Arizona,Ensemble
2026-05-16,04,2,wk inc flu hosp,2026-05-30,quantile,0.35,27,Arizona,Ensemble
2026-05-16,04,2,wk inc flu hosp,2026-05-30,quantile,0.4,29,Arizona,Ensemble
2026-05-16,04,2,wk inc flu hosp,2026-05-30,quantile,0.45,31,Arizona,Ensemble
2026-05-16,04,2,wk inc flu hosp,2026-05-30,quantile,0.5,34,Arizona,Ensemble
2026-05-16,04,2,wk inc flu hosp,2026-05-30,quantile,0.55,35,Arizona,Ensemble
2026-05-16,04,2,wk inc flu hosp,2026-05-30,quantile,0.6,37,Arizona,Ensemble
2026-05-16,04,2,wk inc flu hosp,2026-05-30,quantile,0.65,40,Arizona,Ensemble
2026-05-16,04,2,wk inc flu hosp,2026-05-30,quantile,0.7,43,Arizona,Ensemble
2026-05-16,04,2,wk inc flu hosp,2026-05-30,quantile,0.75,47,Arizona,Ensemble
2026-05-16,04,2,wk inc flu hosp,2026-05-30,quantile,0.8,51,Arizona,Ensemble
2026-05-16,04,2,wk inc flu hosp,2026-05-30,quantile,0.85,57,Arizona,Ensemble
2026-05-16,04,2,wk inc flu hosp,2026-05-30,quantile,0.9,65,Arizona,Ensemble
2026-05-16,04,2,wk inc flu hosp,2026-05-30,quantile,0.95,81,Arizona,Ensemble
2026-05-16,04,2,wk inc flu hosp,2026-05-30,quantile,0.975,99,Arizona,Ensemble
2026-05-16,04,2,wk inc flu hosp,2026-05-30,quantile,0.99,127,Arizona,Ensemble
2026-05-16,04,3,wk inc flu hosp,2026-06-06,quantile,0.01,6,Arizona,Ensemble
2026-05-16,04,3,wk inc flu hosp,2026-06-06,quantile,0.025,8,Arizona,Ensemble
2026-05-16,04,3,wk inc flu hosp,2026-06-06,quantile,0.05,11,Arizona,Ensemble
2026-05-16,04,3,wk inc flu hosp,2026-06-06,quantile,0.1,14,Arizona,Ensemble
2026-05-16,04,3,wk inc flu hosp,2026-06-06,quantile,0.15,16,Arizona,Ensemble
2026-05-16,04,3,wk inc flu hosp,2026-06-06,quantile,0.2,18,Arizona,Ensemble
2026-05-16,04,3,wk inc flu hosp,2026-06-06,quantile,0.25,19,Arizona,Ensemble
2026-05-16,04,3,wk inc flu hosp,2026-06-06,quantile,0.3,21,Arizona,Ensemble
2026-05-16,04,3,wk inc flu hosp,2026-06-06,quantile,0.35,23,Arizona,Ensemble
2026-05-16,04,3,wk inc flu hosp,2026-06-06,quantile,0.4,24,Arizona,Ensemble
2026-05-16,04,3,wk inc flu hosp,2026-06-06,quantile,0.45,26,Arizona,Ensemble
2026-05-16,04,3,wk inc flu hosp,2026-06-06,quantile,0.5,29,Arizona,Ensemble
2026-05-16,04,3,wk inc flu hosp,2026-06-06,quantile,0.55,31,Arizona,Ensemble
2026-05-16,04,3,wk inc flu hosp,2026-06-06,quantile,0.6,33,Arizona,Ensemble
2026-05-16,04,3,wk inc flu hosp,2026-06-06,quantile,0.65,35,Arizona,Ensemble
2026-05-16,04,3,wk inc flu hosp,2026-06-06,quantile,0.7,38,Arizona,Ensemble
2026-05-16,04,3,wk inc flu hosp,2026-06-06,quantile,0.75,41,Arizona,Ensemble
2026-05-16,04,3,wk inc flu hosp,2026-06-06,quantile,0.8,46,Arizona,Ensemble
2026-05-16,04,3,wk inc flu hosp,2026-06-06,quantile,0.85,52,Arizona,Ensemble
2026-05-16,04,3,wk inc flu hosp,2026-06-06,quantile,0.9,62,Arizona,Ensemble
2026-05-16,04,3,wk inc flu hosp,2026-06-06,quantile,0.95,79,Arizona,Ensemble
2026-05-16,04,3,wk inc flu hosp,2026-06-06,quantile,0.975,100,Arizona,Ensemble
2026-05-16,04,3,wk inc flu hosp,2026-06-06,quantile,0.99,131,Arizona,Ensemble
2026-05-16,05,0,wk inc flu hosp,2026-05-16,quantile,0.01,0,Arkansas,Ensemble
2026-05-16,05,0,wk inc flu hosp,2026-05-16,quantile,0.025,0,Arkansas,Ensemble
2026-05-16,05,0,wk inc flu hosp,2026-05-16,quantile,0.05,1,Arkansas,Ensemble
2026-05-16,05,0,wk inc flu hosp,2026-05-16,quantile,0.1,2,Arkansas,Ensemble
2026-05-16,05,0,wk inc flu hosp,2026-05-16,quantile,0.15,2,Arkansas,Ensemble
2026-05-16,05,0,wk inc flu hosp,2026-05-16,quantile,0.2,3,Arkansas,Ensemble
2026-05-16,05,0,wk inc flu hosp,2026-05-16,quantile,0.25,3,Arkansas,Ensemble
2026-05-16,05,0,wk inc flu hosp,2026-05-16,quantile,0.3,4,Arkansas,Ensemble
2026-05-16,05,0,wk inc flu hosp,2026-05-16,quantile,0.35,4,Arkansas,Ensemble
2026-05-16,05,0,wk inc flu hosp,2026-05-16,quantile,0.4,5,Arkansas,Ensemble
2026-05-16,05,0,wk inc flu hosp,2026-05-16,quantile,0.45,5,Arkansas,Ensemble
2026-05-16,05,0,wk inc flu hosp,2026-05-16,quantile,0.5,7,Arkansas,Ensemble
2026-05-16,05,0,wk inc flu hosp,2026-05-16,quantile,0.55,7,Arkansas,Ensemble
2026-05-16,05,0,wk inc flu hosp,2026-05-16,quantile,0.6,8,Arkansas,Ensemble
2026-05-16,05,0,wk inc flu hosp,2026-05-16,quantile,0.65,8,Arkansas,Ensemble
2026-05-16,05,0,wk inc flu hosp,2026-05-16,quantile,0.7,9,Arkansas,Ensemble
2026-05-16,05,0,wk inc flu hosp,2026-05-16,quantile,0.75,10,Arkansas,Ensemble
2026-05-16,05,0,wk inc flu hosp,2026-05-16,quantile,0.8,10,Arkansas,Ensemble
2026-05-16,05,0,wk inc flu hosp,2026-05-16,quantile,0.85,12,Arkansas,Ensemble
2026-05-16,05,0,wk inc flu hosp,2026-05-16,quantile,0.9,14,Arkansas,Ensemble
2026-05-16,05,0,wk inc flu hosp,2026-05-16,quantile,0.95,17,Arkansas,Ensemble
2026-05-16,05,0,wk inc flu hosp,2026-05-16,quantile,0.975,20,Arkansas,Ensemble
2026-05-16,05,0,wk inc flu hosp,2026-05-16,quantile,0.99,26,Arkansas,Ensemble
2026-05-16,05,1,wk inc flu hosp,2026-05-23,quantile,0.01,0,Arkansas,Ensemble
2026-05-16,05,1,wk inc flu hosp,2026-05-23,quantile,0.025,0,Arkansas,Ensemble
2026-05-16,05,1,wk inc flu hosp,2026-05-23,quantile,0.05,1,Arkansas,Ensemble
2026-05-16,05,1,wk inc flu hosp,2026-05-23,quantile,0.1,2,Arkansas,Ensemble
2026-05-16,05,1,wk inc flu hosp,2026-05-23,quantile,0.15,2,Arkansas,Ensemble
2026-05-16,05,1,wk inc flu hosp,2026-05-23,quantile,0.2,2,Arkansas,Ensemble
2026-05-16,05,1,wk inc flu hosp,2026-05-23,quantile,0.25,3,Arkansas,Ensemble
2026-05-16,05,1,wk inc flu hosp,2026-05-23,quantile,0.3,3,Arkansas,Ensemble
2026-05-16,05,1,wk inc flu hosp,2026-05-23,quantile,0.35,4,Arkansas,Ensemble
2026-05-16,05,1,wk inc flu hosp,2026-05-23,quantile,0.4,4,Arkansas,Ensemble
2026-05-16,05,1,wk inc flu hosp,2026-05-23,quantile,0.45,5,Arkansas,Ensemble
2026-05-16,05,1,wk inc flu hosp,2026-05-23,quantile,0.5,6,Arkansas,Ensemble
2026-05-16,05,1,wk inc flu hosp,2026-05-23,quantile,0.55,7,Arkansas,Ensemble
2026-05-16,05,1,wk inc flu hosp,2026-05-23,quantile,0.6,7,Arkansas,Ensemble
2026-05-16,05,1,wk inc flu hosp,2026-05-23,quantile,0.65,8,Arkansas,Ensemble
2026-05-16,05,1,wk inc flu hosp,2026-05-23,quantile,0.7,8,Arkansas,Ensemble
2026-05-16,05,1,wk inc flu hosp,2026-05-23,quantile,0.75,9,Arkansas,Ensemble
2026-05-16,05,1,wk inc flu hosp,2026-05-23,quantile,0.8,10,Arkansas,Ensemble
2026-05-16,05,1,wk inc flu hosp,2026-05-23,quantile,0.85,11,Arkansas,Ensemble
2026-05-16,05,1,wk inc flu hosp,2026-05-23,quantile,0.9,13,Arkansas,Ensemble
2026-05-16,05,1,wk inc flu hosp,2026-05-23,quantile,0.95,17,Arkansas,Ensemble
2026-05-16,05,1,wk inc flu hosp,2026-05-23,quantile,0.975,22,Arkansas,Ensemble
2026-05-16,05,1,wk inc flu hosp,2026-05-23,quantile,0.99,29,Arkansas,Ensemble
2026-05-16,05,2,wk inc flu hosp,2026-05-30,quantile,0.01,0,Arkansas,Ensemble
2026-05-16,05,2,wk inc flu hosp,2026-05-30,quantile,0.025,0,Arkansas,Ensemble
2026-05-16,05,2,wk inc flu hosp,2026-05-30,quantile,0.05,1,Arkansas,Ensemble
2026-05-16,05,2,wk inc flu hosp,2026-05-30,quantile,0.1,1,Arkansas,Ensemble
2026-05-16,05,2,wk inc flu hosp,2026-05-30,quantile,0.15,2,Arkansas,Ensemble
2026-05-16,05,2,wk inc flu hosp,2026-05-30,quantile,0.2,2,Arkansas,Ensemble
2026-05-16,05,2,wk inc flu hosp,2026-05-30,quantile,0.25,3,Arkansas,Ensemble
2026-05-16,05,2,wk inc flu hosp,2026-05-30,quantile,0.3,3,Arkansas,Ensemble
2026-05-16,05,2,wk inc flu hosp,2026-05-30,quantile,0.35,3,Arkansas,Ensemble
2026-05-16,05,2,wk inc flu hosp,2026-05-30,quantile,0.4,4,Arkansas,Ensemble
2026-05-16,05,2,wk inc flu hosp,2026-05-30,quantile,0.45,4,Arkansas,Ensemble
2026-05-16,05,2,wk inc flu hosp,2026-05-30,quantile,0.5,6,Arkansas,Ensemble
2026-05-16,05,2,wk inc flu hosp,2026-05-30,quantile,0.55,6,Arkansas,Ensemble
2026-05-16,05,2,wk inc flu hosp,2026-05-30,quantile,0.6,7,Arkansas,Ensemble
2026-05-16,05,2,wk inc flu hosp,2026-05-30,quantile,0.65,7,Arkansas,Ensemble
2026-05-16,05,2,wk inc flu hosp,2026-05-30,quantile,0.7,8,Arkansas,Ensemble
2026-05-16,05,2,wk inc flu hosp,2026-05-30,quantile,0.75,9,Arkansas,Ensemble
2026-05-16,05,2,wk inc flu hosp,2026-05-30,quantile,0.8,10,Arkansas,Ensemble
2026-05-16,05,2,wk inc flu hosp,2026-05-30,quantile,0.85,12,Arkansas,Ensemble
2026-05-16,05,2,wk inc flu hosp,2026-05-30,quantile,0.9,14,Arkansas,Ensemble
2026-05-16,05,2,wk inc flu hosp,2026-05-30,quantile,0.95,18,Arkansas,Ensemble
2026-05-16,05,2,wk inc flu hosp,2026-05-30,quantile,0.975,24,Arkansas,Ensemble
2026-05-16,05,2,wk inc flu hosp,2026-05-30,quantile,0.99,32,Arkansas,Ensemble
2026-05-16,05,3,wk inc flu hosp,2026-06-06,quantile,0.01,0,Arkansas,Ensemble
2026-05-16,05,3,wk inc flu hosp,2026-06-06,quantile,0.025,0,Arkansas,Ensemble
2026-05-16,05,3,wk inc flu hosp,2026-06-06,quantile,0.05,0,Arkansas,Ensemble
2026-05-16,05,3,wk inc flu hosp,2026-06-06,quantile,0.1,1,Arkansas,Ensemble
2026-05-16,05,3,wk inc flu hosp,2026-06-06,quantile,0.15,1,Arkansas,Ensemble
2026-05-16,05,3,wk inc flu hosp,2026-06-06,quantile,0.2,2,Arkansas,Ensemble
2026-05-16,05,3,wk inc flu hosp,2026-06-06,quantile,0.25,2,Arkansas,Ensemble
2026-05-16,05,3,wk inc flu hosp,2026-06-06,quantile,0.3,3,Arkansas,Ensemble
2026-05-16,05,3,wk inc flu hosp,2026-06-06,quantile,0.35,3,Arkansas,Ensemble
2026-05-16,05,3,wk inc flu hosp,2026-06-06,quantile,0.4,3,Arkansas,Ensemble
2026-05-16,05,3,wk inc flu hosp,2026-06-06,quantile,0.45,4,Arkansas,Ensemble
2026-05-16,05,3,wk inc flu hosp,2026-06-06,quantile,0.5,5,Arkansas,Ensemble
2026-05-16,05,3,wk inc flu hosp,2026-06-06,quantile,0.55,6,Arkansas,Ensemble
2026-05-16,05,3,wk inc flu hosp,2026-06-06,quantile,0.6,6,Arkansas,Ensemble
2026-05-16,05,3,wk inc flu hosp,2026-06-06,quantile,0.65,7,Arkansas,Ensemble
2026-05-16,05,3,wk inc flu hosp,2026-06-06,quantile,0.7,7,Arkansas,Ensemble
2026-05-16,05,3,wk inc flu hosp,2026-06-06,quantile,0.75,8,Arkansas,Ensemble
2026-05-16,05,3,wk inc flu hosp,2026-06-06,quantile,0.8,10,Arkansas,Ensemble
2026-05-16,05,3,wk inc flu hosp,2026-06-06,quantile,0.85,11,Arkansas,Ensemble
2026-05-16,05,3,wk inc flu hosp,2026-06-06,quantile,0.9,14,Arkansas,Ensemble
2026-05-16,05,3,wk inc flu hosp,2026-06-06,quantile,0.95,19,Arkansas,Ensemble
2026-05-16,05,3,wk inc flu hosp,2026-06-06,quantile,0.975,25,Arkansas,Ensemble
2026-05-16,05,3,wk inc flu hosp,2026-06-06,quantile,0.99,36,Arkansas,Ensemble
2026-05-16,06,0,wk inc flu hosp,2026-05-16,quantile,0.01,59,California,Ensemble
2026-05-16,06,0,wk inc flu hosp,2026-05-16,quantile,0.025,69,California,Ensemble
2026-05-16,06,0,wk inc flu hosp,2026-05-16,quantile,0.05,81,California,Ensemble
2026-05-16,06,0,wk inc flu hosp,2026-05-16,quantile,0.1,96,California,Ensemble
2026-05-16,06,0,wk inc flu hosp,2026-05-16,quantile,0.15,105,California,Ensemble
2026-05-16,06,0,wk inc flu hosp,2026-05-16,quantile,0.2,113,California,Ensemble
2026-05-16,06,0,wk inc flu hosp,2026-05-16,quantile,0.25,120,California,Ensemble
2026-05-16,06,0,wk inc flu hosp,2026-05-16,quantile,0.3,126,California,Ensemble
2026-05-16,06,0,wk inc flu hosp,2026-05-16,quantile,0.35,133,California,Ensemble
2026-05-16,06,0,wk inc flu hosp,2026-05-16,quantile,0.4,139,California,Ensemble
2026-05-16,06,0,wk inc flu hosp,2026-05-16,quantile,0.45,145,California,Ensemble
2026-05-16,06,0,wk inc flu hosp,2026-05-16,quantile,0.5,152,California,Ensemble
2026-05-16,06,0,wk inc flu hosp,2026-05-16,quantile,0.55,158,California,Ensemble
2026-05-16,06,0,wk inc flu hosp,2026-05-16,quantile,0.6,165,California,Ensemble
2026-05-16,06,0,wk inc flu hosp,2026-05-16,quantile,0.65,172,California,Ensemble
2026-05-16,06,0,wk inc flu hosp,2026-05-16,quantile,0.7,180,California,Ensemble
2026-05-16,06,0,wk inc flu hosp,2026-05-16,quantile,0.75,189,California,Ensemble
2026-05-16,06,0,wk inc flu hosp,2026-05-16,quantile,0.8,199,California,Ensemble
2026-05-16,06,0,wk inc flu hosp,2026-05-16,quantile,0.85,211,California,Ensemble
2026-05-16,06,0,wk inc flu hosp,2026-05-16,quantile,0.9,229,California,Ensemble
2026-05-16,06,0,wk inc flu hosp,2026-05-16,quantile,0.95,261,California,Ensemble
2026-05-16,06,0,wk inc flu hosp,2026-05-16,quantile,0.975,295,California,Ensemble
2026-05-16,06,0,wk inc flu hosp,2026-05-16,quantile,0.99,348,California,Ensemble
2026-05-16,06,1,wk inc flu hosp,2026-05-23,quantile,0.01,47,California,Ensemble
2026-05-16,06,1,wk inc flu hosp,2026-05-23,quantile,0.025,56,California,Ensemble
2026-05-16,06,1,wk inc flu hosp,2026-05-23,quantile,0.05,67,California,Ensemble
2026-05-16,06,1,wk inc flu hosp,2026-05-23,quantile,0.1,79,California,Ensemble
2026-05-16,06,1,wk inc flu hosp,2026-05-23,quantile,0.15,88,California,Ensemble
2026-05-16,06,1,wk inc flu hosp,2026-05-23,quantile,0.2,96,California,Ensemble
2026-05-16,06,1,wk inc flu hosp,2026-05-23,quantile,0.25,103,California,Ensemble
2026-05-16,06,1,wk inc flu hosp,2026-05-23,quantile,0.3,110,California,Ensemble
2026-05-16,06,1,wk inc flu hosp,2026-05-23,quantile,0.35,116,California,Ensemble
2026-05-16,06,1,wk inc flu hosp,2026-05-23,quantile,0.4,123,California,Ensemble
2026-05-16,06,1,wk inc flu hosp,2026-05-23,quantile,0.45,130,California,Ensemble
2026-05-16,06,1,wk inc flu hosp,2026-05-23,quantile,0.5,137,California,Ensemble
2026-05-16,06,1,wk inc flu hosp,2026-05-23,quantile,0.55,145,California,Ensemble
2026-05-16,06,1,wk inc flu hosp,2026-05-23,quantile,0.6,152,California,Ensemble
2026-05-16,06,1,wk inc flu hosp,2026-05-23,quantile,0.65,160,California,Ensemble
2026-05-16,06,1,wk inc flu hosp,2026-05-23,quantile,0.7,169,California,Ensemble
2026-05-16,06,1,wk inc flu hosp,2026-05-23,quantile,0.75,179,California,Ensemble
2026-05-16,06,1,wk inc flu hosp,2026-05-23,quantile,0.8,191,California,Ensemble
2026-05-16,06,1,wk inc flu hosp,2026-05-23,quantile,0.85,207,California,Ensemble
2026-05-16,06,1,wk inc flu hosp,2026-05-23,quantile,0.9,229,California,Ensemble
2026-05-16,06,1,wk inc flu hosp,2026-05-23,quantile,0.95,269,California,Ensemble
2026-05-16,06,1,wk inc flu hosp,2026-05-23,quantile,0.975,315,California,Ensemble
2026-05-16,06,1,wk inc flu hosp,2026-05-23,quantile,0.99,387,California,Ensemble
2026-05-16,06,2,wk inc flu hosp,2026-05-30,quantile,0.01,38,California,Ensemble
2026-05-16,06,2,wk inc flu hosp,2026-05-30,quantile,0.025,47,California,Ensemble
2026-05-16,06,2,wk inc flu hosp,2026-05-30,quantile,0.05,56,California,Ensemble
2026-05-16,06,2,wk inc flu hosp,2026-05-30,quantile,0.1,69,California,Ensemble
2026-05-16,06,2,wk inc flu hosp,2026-05-30,quantile,0.15,77,California,Ensemble
2026-05-16,06,2,wk inc flu hosp,2026-05-30,quantile,0.2,84,California,Ensemble
2026-05-16,06,2,wk inc flu hosp,2026-05-30,quantile,0.25,91,California,Ensemble
2026-05-16,06,2,wk inc flu hosp,2026-05-30,quantile,0.3,98,California,Ensemble
2026-05-16,06,2,wk inc flu hosp,2026-05-30,quantile,0.35,104,California,Ensemble
2026-05-16,06,2,wk inc flu hosp,2026-05-30,quantile,0.4,111,California,Ensemble
2026-05-16,06,2,wk inc flu hosp,2026-05-30,quantile,0.45,117,California,Ensemble
2026-05-16,06,2,wk inc flu hosp,2026-05-30,quantile,0.5,125,California,Ensemble
2026-05-16,06,2,wk inc flu hosp,2026-05-30,quantile,0.55,132,California,Ensemble
2026-05-16,06,2,wk inc flu hosp,2026-05-30,quantile,0.6,140,California,Ensemble
2026-05-16,06,2,wk inc flu hosp,2026-05-30,quantile,0.65,149,California,Ensemble
2026-05-16,06,2,wk inc flu hosp,2026-05-30,quantile,0.7,158,California,Ensemble
2026-05-16,06,2,wk inc flu hosp,2026-05-30,quantile,0.75,169,California,Ensemble
2026-05-16,06,2,wk inc flu hosp,2026-05-30,quantile,0.8,181,California,Ensemble
2026-05-16,06,2,wk inc flu hosp,2026-05-30,quantile,0.85,198,California,Ensemble
2026-05-16,06,2,wk inc flu hosp,2026-05-30,quantile,0.9,221,California,Ensemble
2026-05-16,06,2,wk inc flu hosp,2026-05-30,quantile,0.95,263,California,Ensemble
2026-05-16,06,2,wk inc flu hosp,2026-05-30,quantile,0.975,314,California,Ensemble
2026-05-16,06,2,wk inc flu hosp,2026-05-30,quantile,0.99,390,California,Ensemble
2026-05-16,06,3,wk inc flu hosp,2026-06-06,quantile,0.01,32,California,Ensemble
2026-05-16,06,3,wk inc flu hosp,2026-06-06,quantile,0.025,39,California,Ensemble
2026-05-16,06,3,wk inc flu hosp,2026-06-06,quantile,0.05,49,California,Ensemble
2026-05-16,06,3,wk inc flu hosp,2026-06-06,quantile,0.1,60,California,Ensemble
2026-05-16,06,3,wk inc flu hosp,2026-06-06,quantile,0.15,69,California,Ensemble
2026-05-16,06,3,wk inc flu hosp,2026-06-06,quantile,0.2,76,California,Ensemble
2026-05-16,06,3,wk inc flu hosp,2026-06-06,quantile,0.25,82,California,Ensemble
2026-05-16,06,3,wk inc flu hosp,2026-06-06,quantile,0.3,89,California,Ensemble
2026-05-16,06,3,wk inc flu hosp,2026-06-06,quantile,0.35,94,California,Ensemble
2026-05-16,06,3,wk inc flu hosp,2026-06-06,quantile,0.4,101,California,Ensemble
2026-05-16,06,3,wk inc flu hosp,2026-06-06,quantile,0.45,107,California,Ensemble
2026-05-16,06,3,wk inc flu hosp,2026-06-06,quantile,0.5,115,California,Ensemble
2026-05-16,06,3,wk inc flu hosp,2026-06-06,quantile,0.55,122,California,Ensemble
2026-05-16,06,3,wk inc flu hosp,2026-06-06,quantile,0.6,130,California,Ensemble
2026-05-16,06,3,wk inc flu hosp,2026-06-06,quantile,0.65,139,California,Ensemble
2026-05-16,06,3,wk inc flu hosp,2026-06-06,quantile,0.7,148,California,Ensemble
2026-05-16,06,3,wk inc flu hosp,2026-06-06,quantile,0.75,160,California,Ensemble
2026-05-16,06,3,wk inc flu hosp,2026-06-06,quantile,0.8,174,California,Ensemble
2026-05-16,06,3,wk inc flu hosp,2026-06-06,quantile,0.85,192,California,Ensemble
2026-05-16,06,3,wk inc flu hosp,2026-06-06,quantile,0.9,217,California,Ensemble
2026-05-16,06,3,wk inc flu hosp,2026-06-06,quantile,0.95,266,California,Ensemble
2026-05-16,06,3,wk inc flu hosp,2026-06-06,quantile,0.975,323,California,Ensemble
2026-05-16,06,3,wk inc flu hosp,2026-06-06,quantile,0.99,413,California,Ensemble
2026-05-16,08,0,wk inc flu hosp,2026-05-16,quantile,0.01,2,Colorado,Ensemble
2026-05-16,08,0,wk inc flu hosp,2026-05-16,quantile,0.025,4,Colorado,Ensemble
2026-05-16,08,0,wk inc flu hosp,2026-05-16,quantile,0.05,5,Colorado,Ensemble
2026-05-16,08,0,wk inc flu hosp,2026-05-16,quantile,0.1,6,Colorado,Ensemble
2026-05-16,08,0,wk inc flu hosp,2026-05-16,quantile,0.15,7,Colorado,Ensemble
2026-05-16,08,0,wk inc flu hosp,2026-05-16,quantile,0.2,8,Colorado,Ensemble
2026-05-16,08,0,wk inc flu hosp,2026-05-16,quantile,0.25,9,Colorado,Ensemble
2026-05-16,08,0,wk inc flu hosp,2026-05-16,quantile,0.3,10,Colorado,Ensemble
2026-05-16,08,0,wk inc flu hosp,2026-05-16,quantile,0.35,11,Colorado,Ensemble
2026-05-16,08,0,wk inc flu hosp,2026-05-16,quantile,0.4,12,Colorado,Ensemble
2026-05-16,08,0,wk inc flu hosp,2026-05-16,quantile,0.45,13,Colorado,Ensemble
2026-05-16,08,0,wk inc flu hosp,2026-05-16,quantile,0.5,14,Colorado,Ensemble
2026-05-16,08,0,wk inc flu hosp,2026-05-16,quantile,0.55,16,Colorado,Ensemble
2026-05-16,08,0,wk inc flu hosp,2026-05-16,quantile,0.6,16,Colorado,Ensemble
2026-05-16,08,0,wk inc flu hosp,2026-05-16,quantile,0.65,17,Colorado,Ensemble
2026-05-16,08,0,wk inc flu hosp,2026-05-16,quantile,0.7,18,Colorado,Ensemble
2026-05-16,08,0,wk inc flu hosp,2026-05-16,quantile,0.75,20,Colorado,Ensemble
2026-05-16,08,0,wk inc flu hosp,2026-05-16,quantile,0.8,22,Colorado,Ensemble
2026-05-16,08,0,wk inc flu hosp,2026-05-16,quantile,0.85,24,Colorado,Ensemble
2026-05-16,08,0,wk inc flu hosp,2026-05-16,quantile,0.9,28,Colorado,Ensemble
2026-05-16,08,0,wk inc flu hosp,2026-05-16,quantile,0.95,35,Colorado,Ensemble
2026-05-16,08,0,wk inc flu hosp,2026-05-16,quantile,0.975,43,Colorado,Ensemble
2026-05-16,08,0,wk inc flu hosp,2026-05-16,quantile,0.99,54,Colorado,Ensemble
2026-05-16,08,1,wk inc flu hosp,2026-05-23,quantile,0.01,1,Colorado,Ensemble
2026-05-16,08,1,wk inc flu hosp,2026-05-23,quantile,0.025,2,Colorado,Ensemble
2026-05-16,08,1,wk inc flu hosp,2026-05-23,quantile,0.05,3,Colorado,Ensemble
2026-05-16,08,1,wk inc flu hosp,2026-05-23,quantile,0.1,5,Colorado,Ensemble
2026-05-16,08,1,wk inc flu hosp,2026-05-23,quantile,0.15,6,Colorado,Ensemble
2026-05-16,08,1,wk inc flu hosp,2026-05-23,quantile,0.2,7,Colorado,Ensemble
2026-05-16,08,1,wk inc flu hosp,2026-05-23,quantile,0.25,8,Colorado,Ensemble
2026-05-16,08,1,wk inc flu hosp,2026-05-23,quantile,0.3,8,Colorado,Ensemble
2026-05-16,08,1,wk inc flu hosp,2026-05-23,quantile,0.35,9,Colorado,Ensemble
2026-05-16,08,1,wk inc flu hosp,2026-05-23,quantile,0.4,10,Colorado,Ensemble
2026-05-16,08,1,wk inc flu hosp,2026-05-23,quantile,0.45,11,Colorado,Ensemble
2026-05-16,08,1,wk inc flu hosp,2026-05-23,quantile,0.5,13,Colorado,Ensemble
2026-05-16,08,1,wk inc flu hosp,2026-05-23,quantile,0.55,13,Colorado,Ensemble
2026-05-16,08,1,wk inc flu hosp,2026-05-23,quantile,0.6,15,Colorado,Ensemble
2026-05-16,08,1,wk inc flu hosp,2026-05-23,quantile,0.65,16,Colorado,Ensemble
2026-05-16,08,1,wk inc flu hosp,2026-05-23,quantile,0.7,17,Colorado,Ensemble
2026-05-16,08,1,wk inc flu hosp,2026-05-23,quantile,0.75,19,Colorado,Ensemble
2026-05-16,08,1,wk inc flu hosp,2026-05-23,quantile,0.8,21,Colorado,Ensemble
2026-05-16,08,1,wk inc flu hosp,2026-05-23,quantile,0.85,23,Colorado,Ensemble
2026-05-16,08,1,wk inc flu hosp,2026-05-23,quantile,0.9,29,Colorado,Ensemble
2026-05-16,08,1,wk inc flu hosp,2026-05-23,quantile,0.95,37,Colorado,Ensemble
2026-05-16,08,1,wk inc flu hosp,2026-05-23,quantile,0.975,47,Colorado,Ensemble
2026-05-16,08,1,wk inc flu hosp,2026-05-23,quantile,0.99,65,Colorado,Ensemble
2026-05-16,08,2,wk inc flu hosp,2026-05-30,quantile,0.01,1,Colorado,Ensemble
2026-05-16,08,2,wk inc flu hosp,2026-05-30,quantile,0.025,1,Colorado,Ensemble
2026-05-16,08,2,wk inc flu hosp,2026-05-30,quantile,0.05,3,Colorado,Ensemble
2026-05-16,08,2,wk inc flu hosp,2026-05-30,quantile,0.1,4,Colorado,Ensemble
2026-05-16,08,2,wk inc flu hosp,2026-05-30,quantile,0.15,5,Colorado,Ensemble
2026-05-16,08,2,wk inc flu hosp,2026-05-30,quantile,0.2,6,Colorado,Ensemble
2026-05-16,08,2,wk inc flu hosp,2026-05-30,quantile,0.25,6,Colorado,Ensemble
2026-05-16,08,2,wk inc flu hosp,2026-05-30,quantile,0.3,7,Colorado,Ensemble
2026-05-16,08,2,wk inc flu hosp,2026-05-30,quantile,0.35,8,Colorado,Ensemble
2026-05-16,08,2,wk inc flu hosp,2026-05-30,quantile,0.4,9,Colorado,Ensemble
2026-05-16,08,2,wk inc flu hosp,2026-05-30,quantile,0.45,9,Colorado,Ensemble
2026-05-16,08,2,wk inc flu hosp,2026-05-30,quantile,0.5,11,Colorado,Ensemble
2026-05-16,08,2,wk inc flu hosp,2026-05-30,quantile,0.55,12,Colorado,Ensemble
2026-05-16,08,2,wk inc flu hosp,2026-05-30,quantile,0.6,13,Colorado,Ensemble
2026-05-16,08,2,wk inc flu hosp,2026-05-30,quantile,0.65,15,Colorado,Ensemble
2026-05-16,08,2,wk inc flu hosp,2026-05-30,quantile,0.7,16,Colorado,Ensemble
2026-05-16,08,2,wk inc flu hosp,2026-05-30,quantile,0.75,18,Colorado,Ensemble
2026-05-16,08,2,wk inc flu hosp,2026-05-30,quantile,0.8,20,Colorado,Ensemble
2026-05-16,08,2,wk inc flu hosp,2026-05-30,quantile,0.85,23,Colorado,Ensemble
2026-05-16,08,2,wk inc flu hosp,2026-05-30,quantile,0.9,30,Colorado,Ensemble
2026-05-16,08,2,wk inc flu hosp,2026-05-30,quantile,0.95,42,Colorado,Ensemble
2026-05-16,08,2,wk inc flu hosp,2026-05-30,quantile,0.975,54,Colorado,Ensemble
2026-05-16,08,2,wk inc flu hosp,2026-05-30,quantile,0.99,76,Colorado,Ensemble
2026-05-16,08,3,wk inc flu hosp,2026-06-06,quantile,0.01,0,Colorado,Ensemble
2026-05-16,08,3,wk inc flu hosp,2026-06-06,quantile,0.025,1,Colorado,Ensemble
2026-05-16,08,3,wk inc flu hosp,2026-06-06,quantile,0.05,2,Colorado,Ensemble
2026-05-16,08,3,wk inc flu hosp,2026-06-06,quantile,0.1,3,Colorado,Ensemble
2026-05-16,08,3,wk inc flu hosp,2026-06-06,quantile,0.15,4,Colorado,Ensemble
2026-05-16,08,3,wk inc flu hosp,2026-06-06,quantile,0.2,5,Colorado,Ensemble
2026-05-16,08,3,wk inc flu hosp,2026-06-06,quantile,0.25,6,Colorado,Ensemble
2026-05-16,08,3,wk inc flu hosp,2026-06-06,quantile,0.3,7,Colorado,Ensemble
2026-05-16,08,3,wk inc flu hosp,2026-06-06,quantile,0.35,7,Colorado,Ensemble
2026-05-16,08,3,wk inc flu hosp,2026-06-06,quantile,0.4,8,Colorado,Ensemble
2026-05-16,08,3,wk inc flu hosp,2026-06-06,quantile,0.45,9,Colorado,Ensemble
2026-05-16,08,3,wk inc flu hosp,2026-06-06,quantile,0.5,11,Colorado,Ensemble
2026-05-16,08,3,wk inc flu hosp,2026-06-06,quantile,0.55,11,Colorado,Ensemble
2026-05-16,08,3,wk inc flu hosp,2026-06-06,quantile,0.6,13,Colorado,Ensemble
2026-05-16,08,3,wk inc flu hosp,2026-06-06,quantile,0.65,14,Colorado,Ensemble
2026-05-16,08,3,wk inc flu hosp,2026-06-06,quantile,0.7,15,Colorado,Ensemble
2026-05-16,08,3,wk inc flu hosp,2026-06-06,quantile,0.75,17,Colorado,Ensemble
2026-05-16,08,3,wk inc flu hosp,2026-06-06,quantile,0.8,20,Colorado,Ensemble
2026-05-16,08,3,wk inc flu hosp,2026-06-06,quantile,0.85,24,Colorado,Ensemble
2026-05-16,08,3,wk inc flu hosp,2026-06-06,quantile,0.9,32,Colorado,Ensemble
2026-05-16,08,3,wk inc flu hosp,2026-06-06,quantile,0.95,46,Colorado,Ensemble
2026-05-16,08,3,wk inc flu hosp,2026-06-06,quantile,0.975,62,Colorado,Ensemble
2026-05-16,08,3,wk inc flu hosp,2026-06-06,quantile,0.99,87,Colorado,Ensemble
2026-05-16,09,0,wk inc flu hosp,2026-05-16,quantile,0.01,1,Connecticut,Ensemble
2026-05-16,09,0,wk inc flu hosp,2026-05-16,quantile,0.025,1,Connecticut,Ensemble
2026-05-16,09,0,wk inc flu hosp,2026-05-16,quantile,0.05,2,Connecticut,Ensemble
2026-05-16,09,0,wk inc flu hosp,2026-05-16,quantile,0.1,3,Connecticut,Ensemble
2026-05-16,09,0,wk inc flu hosp,2026-05-16,quantile,0.15,4,Connecticut,Ensemble
2026-05-16,09,0,wk inc flu hosp,2026-05-16,quantile,0.2,4,Connecticut,Ensemble
2026-05-16,09,0,wk inc flu hosp,2026-05-16,quantile,0.25,5,Connecticut,Ensemble
2026-05-16,09,0,wk inc flu hosp,2026-05-16,quantile,0.3,5,Connecticut,Ensemble
2026-05-16,09,0,wk inc flu hosp,2026-05-16,quantile,0.35,6,Connecticut,Ensemble
2026-05-16,09,0,wk inc flu hosp,2026-05-16,quantile,0.4,6,Connecticut,Ensemble
2026-05-16,09,0,wk inc flu hosp,2026-05-16,quantile,0.45,7,Connecticut,Ensemble
2026-05-16,09,0,wk inc flu hosp,2026-05-16,quantile,0.5,8,Connecticut,Ensemble
2026-05-16,09,0,wk inc flu hosp,2026-05-16,quantile,0.55,9,Connecticut,Ensemble
2026-05-16,09,0,wk inc flu hosp,2026-05-16,quantile,0.6,9,Connecticut,Ensemble
2026-05-16,09,0,wk inc flu hosp,2026-05-16,quantile,0.65,10,Connecticut,Ensemble
2026-05-16,09,0,wk inc flu hosp,2026-05-16,quantile,0.7,10,Connecticut,Ensemble
2026-05-16,09,0,wk inc flu hosp,2026-05-16,quantile,0.75,11,Connecticut,Ensemble
2026-05-16,09,0,wk inc flu hosp,2026-05-16,quantile,0.8,12,Connecticut,Ensemble
2026-05-16,09,0,wk inc flu hosp,2026-05-16,quantile,0.85,14,Connecticut,Ensemble
2026-05-16,09,0,wk inc flu hosp,2026-05-16,quantile,0.9,16,Connecticut,Ensemble
2026-05-16,09,0,wk inc flu hosp,2026-05-16,quantile,0.95,21,Connecticut,Ensemble
2026-05-16,09,0,wk inc flu hosp,2026-05-16,quantile,0.975,26,Connecticut,Ensemble
2026-05-16,09,0,wk inc flu hosp,2026-05-16,quantile,0.99,34,Connecticut,Ensemble
2026-05-16,09,1,wk inc flu hosp,2026-05-23,quantile,0.01,0,Connecticut,Ensemble
2026-05-16,09,1,wk inc flu hosp,2026-05-23,quantile,0.025,1,Connecticut,Ensemble
2026-05-16,09,1,wk inc flu hosp,2026-05-23,quantile,0.05,1,Connecticut,Ensemble
2026-05-16,09,1,wk inc flu hosp,2026-05-23,quantile,0.1,2,Connecticut,Ensemble
2026-05-16,09,1,wk inc flu hosp,2026-05-23,quantile,0.15,3,Connecticut,Ensemble
2026-05-16,09,1,wk inc flu hosp,2026-05-23,quantile,0.2,3,Connecticut,Ensemble
2026-05-16,09,1,wk inc flu hosp,2026-05-23,quantile,0.25,4,Connecticut,Ensemble
2026-05-16,09,1,wk inc flu hosp,2026-05-23,quantile,0.3,4,Connecticut,Ensemble
2026-05-16,09,1,wk inc flu hosp,2026-05-23,quantile,0.35,5,Connecticut,Ensemble
2026-05-16,09,1,wk inc flu hosp,2026-05-23,quantile,0.4,5,Connecticut,Ensemble
2026-05-16,09,1,wk inc flu hosp,2026-05-23,quantile,0.45,6,Connecticut,Ensemble
2026-05-16,09,1,wk inc flu hosp,2026-05-23,quantile,0.5,7,Connecticut,Ensemble
2026-05-16,09,1,wk inc flu hosp,2026-05-23,quantile,0.55,8,Connecticut,Ensemble
2026-05-16,09,1,wk inc flu hosp,2026-05-23,quantile,0.6,8,Connecticut,Ensemble
2026-05-16,09,1,wk inc flu hosp,2026-05-23,quantile,0.65,9,Connecticut,Ensemble
2026-05-16,09,1,wk inc flu hosp,2026-05-23,quantile,0.7,10,Connecticut,Ensemble
2026-05-16,09,1,wk inc flu hosp,2026-05-23,quantile,0.75,10,Connecticut,Ensemble
2026-05-16,09,1,wk inc flu hosp,2026-05-23,quantile,0.8,12,Connecticut,Ensemble
2026-05-16,09,1,wk inc flu hosp,2026-05-23,quantile,0.85,14,Connecticut,Ensemble
2026-05-16,09,1,wk inc flu hosp,2026-05-23,quantile,0.9,17,Connecticut,Ensemble
2026-05-16,09,1,wk inc flu hosp,2026-05-23,quantile,0.95,24,Connecticut,Ensemble
2026-05-16,09,1,wk inc flu hosp,2026-05-23,quantile,0.975,32,Connecticut,Ensemble
2026-05-16,09,1,wk inc flu hosp,2026-05-23,quantile,0.99,42,Connecticut,Ensemble
2026-05-16,09,2,wk inc flu hosp,2026-05-30,quantile,0.01,0,Connecticut,Ensemble
2026-05-16,09,2,wk inc flu hosp,2026-05-30,quantile,0.025,1,Connecticut,Ensemble
2026-05-16,09,2,wk inc flu hosp,2026-05-30,quantile,0.05,1,Connecticut,Ensemble
2026-05-16,09,2,wk inc flu hosp,2026-05-30,quantile,0.1,2,Connecticut,Ensemble
2026-05-16,09,2,wk inc flu hosp,2026-05-30,quantile,0.15,2,Connecticut,Ensemble
2026-05-16,09,2,wk inc flu hosp,2026-05-30,quantile,0.2,3,Connecticut,Ensemble
2026-05-16,09,2,wk inc flu hosp,2026-05-30,quantile,0.25,4,Connecticut,Ensemble
2026-05-16,09,2,wk inc flu hosp,2026-05-30,quantile,0.3,4,Connecticut,Ensemble
2026-05-16,09,2,wk inc flu hosp,2026-05-30,quantile,0.35,5,Connecticut,Ensemble
2026-05-16,09,2,wk inc flu hosp,2026-05-30,quantile,0.4,5,Connecticut,Ensemble
2026-05-16,09,2,wk inc flu hosp,2026-05-30,quantile,0.45,6,Connecticut,Ensemble
2026-05-16,09,2,wk inc flu hosp,2026-05-30,quantile,0.5,7,Connecticut,Ensemble
2026-05-16,09,2,wk inc flu hosp,2026-05-30,quantile,0.55,7,Connecticut,Ensemble
2026-05-16,09,2,wk inc flu hosp,2026-05-30,quantile,0.6,8,Connecticut,Ensemble
2026-05-16,09,2,wk inc flu hosp,2026-05-30,quantile,0.65,9,Connecticut,Ensemble
2026-05-16,09,2,wk inc flu hosp,2026-05-30,quantile,0.7,9,Connecticut,Ensemble
2026-05-16,09,2,wk inc flu hosp,2026-05-30,quantile,0.75,10,Connecticut,Ensemble
2026-05-16,09,2,wk inc flu hosp,2026-05-30,quantile,0.8,12,Connecticut,Ensemble
2026-05-16,09,2,wk inc flu hosp,2026-05-30,quantile,0.85,15,Connecticut,Ensemble
2026-05-16,09,2,wk inc flu hosp,2026-05-30,quantile,0.9,19,Connecticut,Ensemble
2026-05-16,09,2,wk inc flu hosp,2026-05-30,quantile,0.95,29,Connecticut,Ensemble
2026-05-16,09,2,wk inc flu hosp,2026-05-30,quantile,0.975,39,Connecticut,Ensemble
2026-05-16,09,2,wk inc flu hosp,2026-05-30,quantile,0.99,53,Connecticut,Ensemble
2026-05-16,09,3,wk inc flu hosp,2026-06-06,quantile,0.01,0,Connecticut,Ensemble
2026-05-16,09,3,wk inc flu hosp,2026-06-06,quantile,0.025,0,Connecticut,Ensemble
2026-05-16,09,3,wk inc flu hosp,2026-06-06,quantile,0.05,1,Connecticut,Ensemble
2026-05-16,09,3,wk inc flu hosp,2026-06-06,quantile,0.1,1,Connecticut,Ensemble
2026-05-16,09,3,wk inc flu hosp,2026-06-06,quantile,0.15,2,Connecticut,Ensemble
2026-05-16,09,3,wk inc flu hosp,2026-06-06,quantile,0.2,3,Connecticut,Ensemble
2026-05-16,09,3,wk inc flu hosp,2026-06-06,quantile,0.25,3,Connecticut,Ensemble
2026-05-16,09,3,wk inc flu hosp,2026-06-06,quantile,0.3,4,Connecticut,Ensemble
2026-05-16,09,3,wk inc flu hosp,2026-06-06,quantile,0.35,4,Connecticut,Ensemble
2026-05-16,09,3,wk inc flu hosp,2026-06-06,quantile,0.4,5,Connecticut,Ensemble
2026-05-16,09,3,wk inc flu hosp,2026-06-06,quantile,0.45,5,Connecticut,Ensemble
2026-05-16,09,3,wk inc flu hosp,2026-06-06,quantile,0.5,7,Connecticut,Ensemble
2026-05-16,09,3,wk inc flu hosp,2026-06-06,quantile,0.55,7,Connecticut,Ensemble
2026-05-16,09,3,wk inc flu hosp,2026-06-06,quantile,0.6,8,Connecticut,Ensemble
2026-05-16,09,3,wk inc flu hosp,2026-06-06,quantile,0.65,8,Connecticut,Ensemble
2026-05-16,09,3,wk inc flu hosp,2026-06-06,quantile,0.7,9,Connecticut,Ensemble
2026-05-16,09,3,wk inc flu hosp,2026-06-06,quantile,0.75,10,Connecticut,Ensemble
2026-05-16,09,3,wk inc flu hosp,2026-06-06,quantile,0.8,12,Connecticut,Ensemble
2026-05-16,09,3,wk inc flu hosp,2026-06-06,quantile,0.85,16,Connecticut,Ensemble
2026-05-16,09,3,wk inc flu hosp,2026-06-06,quantile,0.9,22,Connecticut,Ensemble
2026-05-16,09,3,wk inc flu hosp,2026-06-06,quantile,0.95,34,Connecticut,Ensemble
2026-05-16,09,3,wk inc flu hosp,2026-06-06,quantile,0.975,47,Connecticut,Ensemble
2026-05-16,09,3,wk inc flu hosp,2026-06-06,quantile,0.99,65,Connecticut,Ensemble
2026-05-16,10,0,wk inc flu hosp,2026-05-16,quantile,0.01,0,Delaware,Ensemble
2026-05-16,10,0,wk inc flu hosp,2026-05-16,quantile,0.025,0,Delaware,Ensemble
2026-05-16,10,0,wk inc flu hosp,2026-05-16,quantile,0.05,0,Delaware,Ensemble
2026-05-16,10,0,wk inc flu hosp,2026-05-16,quantile,0.1,0,Delaware,Ensemble
2026-05-16,10,0,wk inc flu hosp,2026-05-16,quantile,0.15,0,Delaware,Ensemble
2026-05-16,10,0,wk inc flu hosp,2026-05-16,quantile,0.2,0,Delaware,Ensemble
2026-05-16,10,0,wk inc flu hosp,2026-05-16,quantile,0.25,0,Delaware,Ensemble
2026-05-16,10,0,wk inc flu hosp,2026-05-16,quantile,0.3,1,Delaware,Ensemble
2026-05-16,10,0,wk inc flu hosp,2026-05-16,quantile,0.35,1,Delaware,Ensemble
2026-05-16,10,0,wk inc flu hosp,2026-05-16,quantile,0.4,1,Delaware,Ensemble
2026-05-16,10,0,wk inc flu hosp,2026-05-16,quantile,0.45,1,Delaware,Ensemble
2026-05-16,10,0,wk inc flu hosp,2026-05-16,quantile,0.5,2,Delaware,Ensemble
2026-05-16,10,0,wk inc flu hosp,2026-05-16,quantile,0.55,3,Delaware,Ensemble
2026-05-16,10,0,wk inc flu hosp,2026-05-16,quantile,0.6,3,Delaware,Ensemble
2026-05-16,10,0,wk inc flu hosp,2026-05-16,quantile,0.65,3,Delaware,Ensemble
2026-05-16,10,0,wk inc flu hosp,2026-05-16,quantile,0.7,3,Delaware,Ensemble
2026-05-16,10,0,wk inc flu hosp,2026-05-16,quantile,0.75,4,Delaware,Ensemble
2026-05-16,10,0,wk inc flu hosp,2026-05-16,quantile,0.8,4,Delaware,Ensemble
2026-05-16,10,0,wk inc flu hosp,2026-05-16,quantile,0.85,4,Delaware,Ensemble
2026-05-16,10,0,wk inc flu hosp,2026-05-16,quantile,0.9,5,Delaware,Ensemble
2026-05-16,10,0,wk inc flu hosp,2026-05-16,quantile,0.95,7,Delaware,Ensemble
2026-05-16,10,0,wk inc flu hosp,2026-05-16,quantile,0.975,8,Delaware,Ensemble
2026-05-16,10,0,wk inc flu hosp,2026-05-16,quantile,0.99,11,Delaware,Ensemble
2026-05-16,10,1,wk inc flu hosp,2026-05-23,quantile,0.01,0,Delaware,Ensemble
2026-05-16,10,1,wk inc flu hosp,2026-05-23,quantile,0.025,0,Delaware,Ensemble
2026-05-16,10,1,wk inc flu hosp,2026-05-23,quantile,0.05,0,Delaware,Ensemble
2026-05-16,10,1,wk inc flu hosp,2026-05-23,quantile,0.1,0,Delaware,Ensemble
2026-05-16,10,1,wk inc flu hosp,2026-05-23,quantile,0.15,0,Delaware,Ensemble
2026-05-16,10,1,wk inc flu hosp,2026-05-23,quantile,0.2,0,Delaware,Ensemble
2026-05-16,10,1,wk inc flu hosp,2026-05-23,quantile,0.25,0,Delaware,Ensemble
2026-05-16,10,1,wk inc flu hosp,2026-05-23,quantile,0.3,0,Delaware,Ensemble
2026-05-16,10,1,wk inc flu hosp,2026-05-23,quantile,0.35,1,Delaware,Ensemble
2026-05-16,10,1,wk inc flu hosp,2026-05-23,quantile,0.4,1,Delaware,Ensemble
2026-05-16,10,1,wk inc flu hosp,2026-05-23,quantile,0.45,1,Delaware,Ensemble
2026-05-16,10,1,wk inc flu hosp,2026-05-23,quantile,0.5,2,Delaware,Ensemble
2026-05-16,10,1,wk inc flu hosp,2026-05-23,quantile,0.55,2,Delaware,Ensemble
2026-05-16,10,1,wk inc flu hosp,2026-05-23,quantile,0.6,3,Delaware,Ensemble
2026-05-16,10,1,wk inc flu hosp,2026-05-23,quantile,0.65,3,Delaware,Ensemble
2026-05-16,10,1,wk inc flu hosp,2026-05-23,quantile,0.7,3,Delaware,Ensemble
2026-05-16,10,1,wk inc flu hosp,2026-05-23,quantile,0.75,3,Delaware,Ensemble
2026-05-16,10,1,wk inc flu hosp,2026-05-23,quantile,0.8,4,Delaware,Ensemble
2026-05-16,10,1,wk inc flu hosp,2026-05-23,quantile,0.85,4,Delaware,Ensemble
2026-05-16,10,1,wk inc flu hosp,2026-05-23,quantile,0.9,5,Delaware,Ensemble
2026-05-16,10,1,wk inc flu hosp,2026-05-23,quantile,0.95,7,Delaware,Ensemble
2026-05-16,10,1,wk inc flu hosp,2026-05-23,quantile,0.975,9,Delaware,Ensemble
2026-05-16,10,1,wk inc flu hosp,2026-05-23,quantile,0.99,13,Delaware,Ensemble
2026-05-16,10,2,wk inc flu hosp,2026-05-30,quantile,0.01,0,Delaware,Ensemble
2026-05-16,10,2,wk inc flu hosp,2026-05-30,quantile,0.025,0,Delaware,Ensemble
2026-05-16,10,2,wk inc flu hosp,2026-05-30,quantile,0.05,0,Delaware,Ensemble
2026-05-16,10,2,wk inc flu hosp,2026-05-30,quantile,0.1,0,Delaware,Ensemble
2026-05-16,10,2,wk inc flu hosp,2026-05-30,quantile,0.15,0,Delaware,Ensemble
2026-05-16,10,2,wk inc flu hosp,2026-05-30,quantile,0.2,0,Delaware,Ensemble
2026-05-16,10,2,wk inc flu hosp,2026-05-30,quantile,0.25,0,Delaware,Ensemble
2026-05-16,10,2,wk inc flu hosp,2026-05-30,quantile,0.3,0,Delaware,Ensemble
2026-05-16,10,2,wk inc flu hosp,2026-05-30,quantile,0.35,0,Delaware,Ensemble
2026-05-16,10,2,wk inc flu hosp,2026-05-30,quantile,0.4,1,Delaware,Ensemble
2026-05-16,10,2,wk inc flu hosp,2026-05-30,quantile,0.45,1,Delaware,Ensemble
2026-05-16,10,2,wk inc flu hosp,2026-05-30,quantile,0.5,2,Delaware,Ensemble
2026-05-16,10,2,wk inc flu hosp,2026-05-30,quantile,0.55,2,Delaware,Ensemble
2026-05-16,10,2,wk inc flu hosp,2026-05-30,quantile,0.6,2,Delaware,Ensemble
2026-05-16,10,2,wk inc flu hosp,2026-05-30,quantile,0.65,3,Delaware,Ensemble
2026-05-16,10,2,wk inc flu hosp,2026-05-30,quantile,0.7,3,Delaware,Ensemble
2026-05-16,10,2,wk inc flu hosp,2026-05-30,quantile,0.75,3,Delaware,Ensemble
2026-05-16,10,2,wk inc flu hosp,2026-05-30,quantile,0.8,4,Delaware,Ensemble
2026-05-16,10,2,wk inc flu hosp,2026-05-30,quantile,0.85,4,Delaware,Ensemble
2026-05-16,10,2,wk inc flu hosp,2026-05-30,quantile,0.9,5,Delaware,Ensemble
2026-05-16,10,2,wk inc flu hosp,2026-05-30,quantile,0.95,8,Delaware,Ensemble
2026-05-16,10,2,wk inc flu hosp,2026-05-30,quantile,0.975,11,Delaware,Ensemble
2026-05-16,10,2,wk inc flu hosp,2026-05-30,quantile,0.99,15,Delaware,Ensemble
2026-05-16,10,3,wk inc flu hosp,2026-06-06,quantile,0.01,0,Delaware,Ensemble
2026-05-16,10,3,wk inc flu hosp,2026-06-06,quantile,0.025,0,Delaware,Ensemble
2026-05-16,10,3,wk inc flu hosp,2026-06-06,quantile,0.05,0,Delaware,Ensemble
2026-05-16,10,3,wk inc flu hosp,2026-06-06,quantile,0.1,0,Delaware,Ensemble
2026-05-16,10,3,wk inc flu hosp,2026-06-06,quantile,0.15,0,Delaware,Ensemble
2026-05-16,10,3,wk inc flu hosp,2026-06-06,quantile,0.2,0,Delaware,Ensemble
2026-05-16,10,3,wk inc flu hosp,2026-06-06,quantile,0.25,0,Delaware,Ensemble
2026-05-16,10,3,wk inc flu hosp,2026-06-06,quantile,0.3,0,Delaware,Ensemble
2026-05-16,10,3,wk inc flu hosp,2026-06-06,quantile,0.35,0,Delaware,Ensemble
2026-05-16,10,3,wk inc flu hosp,2026-06-06,quantile,0.4,1,Delaware,Ensemble
2026-05-16,10,3,wk inc flu hosp,2026-06-06,quantile,0.45,1,Delaware,Ensemble
2026-05-16,10,3,wk inc flu hosp,2026-06-06,quantile,0.5,2,Delaware,Ensemble
2026-05-16,10,3,wk inc flu hosp,2026-06-06,quantile,0.55,2,Delaware,Ensemble
2026-05-16,10,3,wk inc flu hosp,2026-06-06,quantile,0.6,2,Delaware,Ensemble
2026-05-16,10,3,wk inc flu hosp,2026-06-06,quantile,0.65,2,Delaware,Ensemble
2026-05-16,10,3,wk inc flu hosp,2026-06-06,quantile,0.7,3,Delaware,Ensemble
2026-05-16,10,3,wk inc flu hosp,2026-06-06,quantile,0.75,3,Delaware,Ensemble
2026-05-16,10,3,wk inc flu hosp,2026-06-06,quantile,0.8,3,Delaware,Ensemble
2026-05-16,10,3,wk inc flu hosp,2026-06-06,quantile,0.85,4,Delaware,Ensemble
2026-05-16,10,3,wk inc flu hosp,2026-06-06,quantile,0.9,6,Delaware,Ensemble
2026-05-16,10,3,wk inc flu hosp,2026-06-06,quantile,0.95,9,Delaware,Ensemble
2026-05-16,10,3,wk inc flu hosp,2026-06-06,quantile,0.975,12,Delaware,Ensemble
2026-05-16,10,3,wk inc flu hosp,2026-06-06,quantile,0.99,17,Delaware,Ensemble
2026-05-16,11,0,wk inc flu hosp,2026-05-16,quantile,0.01,0,District of Columbia,Ensemble
2026-05-16,11,0,wk inc flu hosp,2026-05-16,quantile,0.025,0,District of Columbia,Ensemble
2026-05-16,11,0,wk inc flu hosp,2026-05-16,quantile,0.05,0,District of Columbia,Ensemble
2026-05-16,11,0,wk inc flu hosp,2026-05-16,quantile,0.1,0,District of Columbia,Ensemble
2026-05-16,11,0,wk inc flu hosp,2026-05-16,quantile,0.15,0,District of Columbia,Ensemble
2026-05-16,11,0,wk inc flu hosp,2026-05-16,quantile,0.2,0,District of Columbia,Ensemble
2026-05-16,11,0,wk inc flu hosp,2026-05-16,quantile,0.25,0,District of Columbia,Ensemble
2026-05-16,11,0,wk inc flu hosp,2026-05-16,quantile,0.3,0,District of Columbia,Ensemble
2026-05-16,11,0,wk inc flu hosp,2026-05-16,quantile,0.35,0,District of Columbia,Ensemble
2026-05-16,11,0,wk inc flu hosp,2026-05-16,quantile,0.4,0,District of Columbia,Ensemble
2026-05-16,11,0,wk inc flu hosp,2026-05-16,quantile,0.45,0,District of Columbia,Ensemble
2026-05-16,11,0,wk inc flu hosp,2026-05-16,quantile,0.5,1,District of Columbia,Ensemble
2026-05-16,11,0,wk inc flu hosp,2026-05-16,quantile,0.55,1,District of Columbia,Ensemble
2026-05-16,11,0,wk inc flu hosp,2026-05-16,quantile,0.6,2,District of Columbia,Ensemble
2026-05-16,11,0,wk inc flu hosp,2026-05-16,quantile,0.65,2,District of Columbia,Ensemble
2026-05-16,11,0,wk inc flu hosp,2026-05-16,quantile,0.7,2,District of Columbia,Ensemble
2026-05-16,11,0,wk inc flu hosp,2026-05-16,quantile,0.75,2,District of Columbia,Ensemble
2026-05-16,11,0,wk inc flu hosp,2026-05-16,quantile,0.8,2,District of Columbia,Ensemble
2026-05-16,11,0,wk inc flu hosp,2026-05-16,quantile,0.85,3,District of Columbia,Ensemble
2026-05-16,11,0,wk inc flu hosp,2026-05-16,quantile,0.9,4,District of Columbia,Ensemble
2026-05-16,11,0,wk inc flu hosp,2026-05-16,quantile,0.95,5,District of Columbia,Ensemble
2026-05-16,11,0,wk inc flu hosp,2026-05-16,quantile,0.975,7,District of Columbia,Ensemble
2026-05-16,11,0,wk inc flu hosp,2026-05-16,quantile,0.99,11,District of Columbia,Ensemble
2026-05-16,11,1,wk inc flu hosp,2026-05-23,quantile,0.01,0,District of Columbia,Ensemble
2026-05-16,11,1,wk inc flu hosp,2026-05-23,quantile,0.025,0,District of Columbia,Ensemble
2026-05-16,11,1,wk inc flu hosp,2026-05-23,quantile,0.05,0,District of Columbia,Ensemble
2026-05-16,11,1,wk inc flu hosp,2026-05-23,quantile,0.1,0,District of Columbia,Ensemble
2026-05-16,11,1,wk inc flu hosp,2026-05-23,quantile,0.15,0,District of Columbia,Ensemble
2026-05-16,11,1,wk inc flu hosp,2026-05-23,quantile,0.2,0,District of Columbia,Ensemble
2026-05-16,11,1,wk inc flu hosp,2026-05-23,quantile,0.25,0,District of Columbia,Ensemble
2026-05-16,11,1,wk inc flu hosp,2026-05-23,quantile,0.3,0,District of Columbia,Ensemble
2026-05-16,11,1,wk inc flu hosp,2026-05-23,quantile,0.35,0,District of Columbia,Ensemble
2026-05-16,11,1,wk inc flu hosp,2026-05-23,quantile,0.4,0,District of Columbia,Ensemble
2026-05-16,11,1,wk inc flu hosp,2026-05-23,quantile,0.45,0,District of Columbia,Ensemble
2026-05-16,11,1,wk inc flu hosp,2026-05-23,quantile,0.5,1,District of Columbia,Ensemble
2026-05-16,11,1,wk inc flu hosp,2026-05-23,quantile,0.55,1,District of Columbia,Ensemble
2026-05-16,11,1,wk inc flu hosp,2026-05-23,quantile,0.6,1,District of Columbia,Ensemble
2026-05-16,11,1,wk inc flu hosp,2026-05-23,quantile,0.65,2,District of Columbia,Ensemble
2026-05-16,11,1,wk inc flu hosp,2026-05-23,quantile,0.7,2,District of Columbia,Ensemble
2026-05-16,11,1,wk inc flu hosp,2026-05-23,quantile,0.75,2,District of Columbia,Ensemble
2026-05-16,11,1,wk inc flu hosp,2026-05-23,quantile,0.8,3,District of Columbia,Ensemble
2026-05-16,11,1,wk inc flu hosp,2026-05-23,quantile,0.85,3,District of Columbia,Ensemble
2026-05-16,11,1,wk inc flu hosp,2026-05-23,quantile,0.9,4,District of Columbia,Ensemble
2026-05-16,11,1,wk inc flu hosp,2026-05-23,quantile,0.95,6,District of Columbia,Ensemble
2026-05-16,11,1,wk inc flu hosp,2026-05-23,quantile,0.975,9,District of Columbia,Ensemble
2026-05-16,11,1,wk inc flu hosp,2026-05-23,quantile,0.99,13,District of Columbia,Ensemble
2026-05-16,11,2,wk inc flu hosp,2026-05-30,quantile,0.01,0,District of Columbia,Ensemble
2026-05-16,11,2,wk inc flu hosp,2026-05-30,quantile,0.025,0,District of Columbia,Ensemble
2026-05-16,11,2,wk inc flu hosp,2026-05-30,quantile,0.05,0,District of Columbia,Ensemble
2026-05-16,11,2,wk inc flu hosp,2026-05-30,quantile,0.1,0,District of Columbia,Ensemble
2026-05-16,11,2,wk inc flu hosp,2026-05-30,quantile,0.15,0,District of Columbia,Ensemble
2026-05-16,11,2,wk inc flu hosp,2026-05-30,quantile,0.2,0,District of Columbia,Ensemble
2026-05-16,11,2,wk inc flu hosp,2026-05-30,quantile,0.25,0,District of Columbia,Ensemble
2026-05-16,11,2,wk inc flu hosp,2026-05-30,quantile,0.3,0,District of Columbia,Ensemble
2026-05-16,11,2,wk inc flu hosp,2026-05-30,quantile,0.35,0,District of Columbia,Ensemble
2026-05-16,11,2,wk inc flu hosp,2026-05-30,quantile,0.4,0,District of Columbia,Ensemble
2026-05-16,11,2,wk inc flu hosp,2026-05-30,quantile,0.45,0,District of Columbia,Ensemble
2026-05-16,11,2,wk inc flu hosp,2026-05-30,quantile,0.5,1,District of Columbia,Ensemble
2026-05-16,11,2,wk inc flu hosp,2026-05-30,quantile,0.55,1,District of Columbia,Ensemble
2026-05-16,11,2,wk inc flu hosp,2026-05-30,quantile,0.6,2,District of Columbia,Ensemble
2026-05-16,11,2,wk inc flu hosp,2026-05-30,quantile,0.65,2,District of Columbia,Ensemble
2026-05-16,11,2,wk inc flu hosp,2026-05-30,quantile,0.7,2,District of Columbia,Ensemble
2026-05-16,11,2,wk inc flu hosp,2026-05-30,quantile,0.75,2,District of Columbia,Ensemble
2026-05-16,11,2,wk inc flu hosp,2026-05-30,quantile,0.8,3,District of Columbia,Ensemble
2026-05-16,11,2,wk inc flu hosp,2026-05-30,quantile,0.85,3,District of Columbia,Ensemble
2026-05-16,11,2,wk inc flu hosp,2026-05-30,quantile,0.9,4,District of Columbia,Ensemble
2026-05-16,11,2,wk inc flu hosp,2026-05-30,quantile,0.95,7,District of Columbia,Ensemble
2026-05-16,11,2,wk inc flu hosp,2026-05-30,quantile,0.975,10,District of Columbia,Ensemble
2026-05-16,11,2,wk inc flu hosp,2026-05-30,quantile,0.99,14,District of Columbia,Ensemble
2026-05-16,11,3,wk inc flu hosp,2026-06-06,quantile,0.01,0,District of Columbia,Ensemble
2026-05-16,11,3,wk inc flu hosp,2026-06-06,quantile,0.025,0,District of Columbia,Ensemble
2026-05-16,11,3,wk inc flu hosp,2026-06-06,quantile,0.05,0,District of Columbia,Ensemble
2026-05-16,11,3,wk inc flu hosp,2026-06-06,quantile,0.1,0,District of Columbia,Ensemble
2026-05-16,11,3,wk inc flu hosp,2026-06-06,quantile,0.15,0,District of Columbia,Ensemble
2026-05-16,11,3,wk inc flu hosp,2026-06-06,quantile,0.2,0,District of Columbia,Ensemble
2026-05-16,11,3,wk inc flu hosp,2026-06-06,quantile,0.25,0,District of Columbia,Ensemble
2026-05-16,11,3,wk inc flu hosp,2026-06-06,quantile,0.3,0,District of Columbia,Ensemble
2026-05-16,11,3,wk inc flu hosp,2026-06-06,quantile,0.35,0,District of Columbia,Ensemble
2026-05-16,11,3,wk inc flu hosp,2026-06-06,quantile,0.4,0,District of Columbia,Ensemble
2026-05-16,11,3,wk inc flu hosp,2026-06-06,quantile,0.45,0,District of Columbia,Ensemble
2026-05-16,11,3,wk inc flu hosp,2026-06-06,quantile,0.5,1,District of Columbia,Ensemble
2026-05-16,11,3,wk inc flu hosp,2026-06-06,quantile,0.55,1,District of Columbia,Ensemble
2026-05-16,11,3,wk inc flu hosp,2026-06-06,quantile,0.6,2,District of Columbia,Ensemble
2026-05-16,11,3,wk inc flu hosp,2026-06-06,quantile,0.65,2,District of Columbia,Ensemble
2026-05-16,11,3,wk inc flu hosp,2026-06-06,quantile,0.7,2,District of Columbia,Ensemble
2026-05-16,11,3,wk inc flu hosp,2026-06-06,quantile,0.75,2,District of Columbia,Ensemble
2026-05-16,11,3,wk inc flu hosp,2026-06-06,quantile,0.8,3,District of Columbia,Ensemble
2026-05-16,11,3,wk inc flu hosp,2026-06-06,quantile,0.85,4,District of Columbia,Ensemble
2026-05-16,11,3,wk inc flu hosp,2026-06-06,quantile,0.9,5,District of Columbia,Ensemble
2026-05-16,11,3,wk inc flu hosp,2026-06-06,quantile,0.95,9,District of Columbia,Ensemble
2026-05-16,11,3,wk inc flu hosp,2026-06-06,quantile,0.975,13,District of Columbia,Ensemble
2026-05-16,11,3,wk inc flu hosp,2026-06-06,quantile,0.99,20,District of Columbia,Ensemble
2026-05-16,12,0,wk inc flu hosp,2026-05-16,quantile,0.01,50,Florida,Ensemble
2026-05-16,12,0,wk inc flu hosp,2026-05-16,quantile,0.025,60,Florida,Ensemble
2026-05-16,12,0,wk inc flu hosp,2026-05-16,quantile,0.05,70,Florida,Ensemble
2026-05-16,12,0,wk inc flu hosp,2026-05-16,quantile,0.1,83,Florida,Ensemble
2026-05-16,12,0,wk inc flu hosp,2026-05-16,quantile,0.15,92,Florida,Ensemble
2026-05-16,12,0,wk inc flu hosp,2026-05-16,quantile,0.2,100,Florida,Ensemble
2026-05-16,12,0,wk inc flu hosp,2026-05-16,quantile,0.25,107,Florida,Ensemble
2026-05-16,12,0,wk inc flu hosp,2026-05-16,quantile,0.3,113,Florida,Ensemble
2026-05-16,12,0,wk inc flu hosp,2026-05-16,quantile,0.35,119,Florida,Ensemble
2026-05-16,12,0,wk inc flu hosp,2026-05-16,quantile,0.4,125,Florida,Ensemble
2026-05-16,12,0,wk inc flu hosp,2026-05-16,quantile,0.45,132,Florida,Ensemble
2026-05-16,12,0,wk inc flu hosp,2026-05-16,quantile,0.5,139,Florida,Ensemble
2026-05-16,12,0,wk inc flu hosp,2026-05-16,quantile,0.55,146,Florida,Ensemble
2026-05-16,12,0,wk inc flu hosp,2026-05-16,quantile,0.6,153,Florida,Ensemble
2026-05-16,12,0,wk inc flu hosp,2026-05-16,quantile,0.65,160,Florida,Ensemble
2026-05-16,12,0,wk inc flu hosp,2026-05-16,quantile,0.7,168,Florida,Ensemble
2026-05-16,12,0,wk inc flu hosp,2026-05-16,quantile,0.75,177,Florida,Ensemble
2026-05-16,12,0,wk inc flu hosp,2026-05-16,quantile,0.8,187,Florida,Ensemble
2026-05-16,12,0,wk inc flu hosp,2026-05-16,quantile,0.85,199,Florida,Ensemble
2026-05-16,12,0,wk inc flu hosp,2026-05-16,quantile,0.9,215,Florida,Ensemble
2026-05-16,12,0,wk inc flu hosp,2026-05-16,quantile,0.95,244,Florida,Ensemble
2026-05-16,12,0,wk inc flu hosp,2026-05-16,quantile,0.975,274,Florida,Ensemble
2026-05-16,12,0,wk inc flu hosp,2026-05-16,quantile,0.99,316,Florida,Ensemble
2026-05-16,12,1,wk inc flu hosp,2026-05-23,quantile,0.01,42,Florida,Ensemble
2026-05-16,12,1,wk inc flu hosp,2026-05-23,quantile,0.025,51,Florida,Ensemble
2026-05-16,12,1,wk inc flu hosp,2026-05-23,quantile,0.05,60,Florida,Ensemble
2026-05-16,12,1,wk inc flu hosp,2026-05-23,quantile,0.1,73,Florida,Ensemble
2026-05-16,12,1,wk inc flu hosp,2026-05-23,quantile,0.15,82,Florida,Ensemble
2026-05-16,12,1,wk inc flu hosp,2026-05-23,quantile,0.2,90,Florida,Ensemble
2026-05-16,12,1,wk inc flu hosp,2026-05-23,quantile,0.25,97,Florida,Ensemble
2026-05-16,12,1,wk inc flu hosp,2026-05-23,quantile,0.3,104,Florida,Ensemble
2026-05-16,12,1,wk inc flu hosp,2026-05-23,quantile,0.35,111,Florida,Ensemble
2026-05-16,12,1,wk inc flu hosp,2026-05-23,quantile,0.4,118,Florida,Ensemble
2026-05-16,12,1,wk inc flu hosp,2026-05-23,quantile,0.45,124,Florida,Ensemble
2026-05-16,12,1,wk inc flu hosp,2026-05-23,quantile,0.5,132,Florida,Ensemble
2026-05-16,12,1,wk inc flu hosp,2026-05-23,quantile,0.55,139,Florida,Ensemble
2026-05-16,12,1,wk inc flu hosp,2026-05-23,quantile,0.6,147,Florida,Ensemble
2026-05-16,12,1,wk inc flu hosp,2026-05-23,quantile,0.65,155,Florida,Ensemble
2026-05-16,12,1,wk inc flu hosp,2026-05-23,quantile,0.7,164,Florida,Ensemble
2026-05-16,12,1,wk inc flu hosp,2026-05-23,quantile,0.75,174,Florida,Ensemble
2026-05-16,12,1,wk inc flu hosp,2026-05-23,quantile,0.8,187,Florida,Ensemble
2026-05-16,12,1,wk inc flu hosp,2026-05-23,quantile,0.85,202,Florida,Ensemble
2026-05-16,12,1,wk inc flu hosp,2026-05-23,quantile,0.9,224,Florida,Ensemble
2026-05-16,12,1,wk inc flu hosp,2026-05-23,quantile,0.95,260,Florida,Ensemble
2026-05-16,12,1,wk inc flu hosp,2026-05-23,quantile,0.975,297,Florida,Ensemble
2026-05-16,12,1,wk inc flu hosp,2026-05-23,quantile,0.99,353,Florida,Ensemble
2026-05-16,12,2,wk inc flu hosp,2026-05-30,quantile,0.01,39,Florida,Ensemble
2026-05-16,12,2,wk inc flu hosp,2026-05-30,quantile,0.025,47,Florida,Ensemble
2026-05-16,12,2,wk inc flu hosp,2026-05-30,quantile,0.05,57,Florida,Ensemble
2026-05-16,12,2,wk inc flu hosp,2026-05-30,quantile,0.1,70,Florida,Ensemble
2026-05-16,12,2,wk inc flu hosp,2026-05-30,quantile,0.15,80,Florida,Ensemble
2026-05-16,12,2,wk inc flu hosp,2026-05-30,quantile,0.2,88,Florida,Ensemble
2026-05-16,12,2,wk inc flu hosp,2026-05-30,quantile,0.25,95,Florida,Ensemble
2026-05-16,12,2,wk inc flu hosp,2026-05-30,quantile,0.3,102,Florida,Ensemble
2026-05-16,12,2,wk inc flu hosp,2026-05-30,quantile,0.35,108,Florida,Ensemble
2026-05-16,12,2,wk inc flu hosp,2026-05-30,quantile,0.4,115,Florida,Ensemble
2026-05-16,12,2,wk inc flu hosp,2026-05-30,quantile,0.45,122,Florida,Ensemble
2026-05-16,12,2,wk inc flu hosp,2026-05-30,quantile,0.5,131,Florida,Ensemble
2026-05-16,12,2,wk inc flu hosp,2026-05-30,quantile,0.55,139,Florida,Ensemble
2026-05-16,12,2,wk inc flu hosp,2026-05-30,quantile,0.6,146,Florida,Ensemble
2026-05-16,12,2,wk inc flu hosp,2026-05-30,quantile,0.65,155,Florida,Ensemble
2026-05-16,12,2,wk inc flu hosp,2026-05-30,quantile,0.7,165,Florida,Ensemble
2026-05-16,12,2,wk inc flu hosp,2026-05-30,quantile,0.75,176,Florida,Ensemble
2026-05-16,12,2,wk inc flu hosp,2026-05-30,quantile,0.8,191,Florida,Ensemble
2026-05-16,12,2,wk inc flu hosp,2026-05-30,quantile,0.85,211,Florida,Ensemble
2026-05-16,12,2,wk inc flu hosp,2026-05-30,quantile,0.9,238,Florida,Ensemble
2026-05-16,12,2,wk inc flu hosp,2026-05-30,quantile,0.95,289,Florida,Ensemble
2026-05-16,12,2,wk inc flu hosp,2026-05-30,quantile,0.975,339,Florida,Ensemble
2026-05-16,12,2,wk inc flu hosp,2026-05-30,quantile,0.99,407,Florida,Ensemble
2026-05-16,12,3,wk inc flu hosp,2026-06-06,quantile,0.01,33,Florida,Ensemble
2026-05-16,12,3,wk inc flu hosp,2026-06-06,quantile,0.025,40,Florida,Ensemble
2026-05-16,12,3,wk inc flu hosp,2026-06-06,quantile,0.05,49,Florida,Ensemble
2026-05-16,12,3,wk inc flu hosp,2026-06-06,quantile,0.1,61,Florida,Ensemble
2026-05-16,12,3,wk inc flu hosp,2026-06-06,quantile,0.15,70,Florida,Ensemble
2026-05-16,12,3,wk inc flu hosp,2026-06-06,quantile,0.2,77,Florida,Ensemble
2026-05-16,12,3,wk inc flu hosp,2026-06-06,quantile,0.25,85,Florida,Ensemble
2026-05-16,12,3,wk inc flu hosp,2026-06-06,quantile,0.3,92,Florida,Ensemble
2026-05-16,12,3,wk inc flu hosp,2026-06-06,quantile,0.35,99,Florida,Ensemble
2026-05-16,12,3,wk inc flu hosp,2026-06-06,quantile,0.4,105,Florida,Ensemble
2026-05-16,12,3,wk inc flu hosp,2026-06-06,quantile,0.45,112,Florida,Ensemble
2026-05-16,12,3,wk inc flu hosp,2026-06-06,quantile,0.5,120,Florida,Ensemble
2026-05-16,12,3,wk inc flu hosp,2026-06-06,quantile,0.55,127,Florida,Ensemble
2026-05-16,12,3,wk inc flu hosp,2026-06-06,quantile,0.6,134,Florida,Ensemble
2026-05-16,12,3,wk inc flu hosp,2026-06-06,quantile,0.65,143,Florida,Ensemble
2026-05-16,12,3,wk inc flu hosp,2026-06-06,quantile,0.7,152,Florida,Ensemble
2026-05-16,12,3,wk inc flu hosp,2026-06-06,quantile,0.75,163,Florida,Ensemble
2026-05-16,12,3,wk inc flu hosp,2026-06-06,quantile,0.8,178,Florida,Ensemble
2026-05-16,12,3,wk inc flu hosp,2026-06-06,quantile,0.85,197,Florida,Ensemble
2026-05-16,12,3,wk inc flu hosp,2026-06-06,quantile,0.9,223,Florida,Ensemble
2026-05-16,12,3,wk inc flu hosp,2026-06-06,quantile,0.95,268,Florida,Ensemble
2026-05-16,12,3,wk inc flu hosp,2026-06-06,quantile,0.975,316,Florida,Ensemble
2026-05-16,12,3,wk inc flu hosp,2026-06-06,quantile,0.99,391,Florida,Ensemble
2026-05-16,13,0,wk inc flu hosp,2026-05-16,quantile,0.01,3,Georgia,Ensemble
2026-05-16,13,0,wk inc flu hosp,2026-05-16,quantile,0.025,4,Georgia,Ensemble
2026-05-16,13,0,wk inc flu hosp,2026-05-16,quantile,0.05,6,Georgia,Ensemble
2026-05-16,13,0,wk inc flu hosp,2026-05-16,quantile,0.1,8,Georgia,Ensemble
2026-05-16,13,0,wk inc flu hosp,2026-05-16,quantile,0.15,9,Georgia,Ensemble
2026-05-16,13,0,wk inc flu hosp,2026-05-16,quantile,0.2,10,Georgia,Ensemble
2026-05-16,13,0,wk inc flu hosp,2026-05-16,quantile,0.25,11,Georgia,Ensemble
2026-05-16,13,0,wk inc flu hosp,2026-05-16,quantile,0.3,13,Georgia,Ensemble
2026-05-16,13,0,wk inc flu hosp,2026-05-16,quantile,0.35,14,Georgia,Ensemble
2026-05-16,13,0,wk inc flu hosp,2026-05-16,quantile,0.4,15,Georgia,Ensemble
2026-05-16,13,0,wk inc flu hosp,2026-05-16,quantile,0.45,16,Georgia,Ensemble
2026-05-16,13,0,wk inc flu hosp,2026-05-16,quantile,0.5,18,Georgia,Ensemble
2026-05-16,13,0,wk inc flu hosp,2026-05-16,quantile,0.55,19,Georgia,Ensemble
2026-05-16,13,0,wk inc flu hosp,2026-05-16,quantile,0.6,20,Georgia,Ensemble
2026-05-16,13,0,wk inc flu hosp,2026-05-16,quantile,0.65,21,Georgia,Ensemble
2026-05-16,13,0,wk inc flu hosp,2026-05-16,quantile,0.7,23,Georgia,Ensemble
2026-05-16,13,0,wk inc flu hosp,2026-05-16,quantile,0.75,24,Georgia,Ensemble
2026-05-16,13,0,wk inc flu hosp,2026-05-16,quantile,0.8,26,Georgia,Ensemble
2026-05-16,13,0,wk inc flu hosp,2026-05-16,quantile,0.85,29,Georgia,Ensemble
2026-05-16,13,0,wk inc flu hosp,2026-05-16,quantile,0.9,32,Georgia,Ensemble
2026-05-16,13,0,wk inc flu hosp,2026-05-16,quantile,0.95,38,Georgia,Ensemble
2026-05-16,13,0,wk inc flu hosp,2026-05-16,quantile,0.975,45,Georgia,Ensemble
2026-05-16,13,0,wk inc flu hosp,2026-05-16,quantile,0.99,56,Georgia,Ensemble
2026-05-16,13,1,wk inc flu hosp,2026-05-23,quantile,0.01,3,Georgia,Ensemble
2026-05-16,13,1,wk inc flu hosp,2026-05-23,quantile,0.025,4,Georgia,Ensemble
2026-05-16,13,1,wk inc flu hosp,2026-05-23,quantile,0.05,5,Georgia,Ensemble
2026-05-16,13,1,wk inc flu hosp,2026-05-23,quantile,0.1,7,Georgia,Ensemble
2026-05-16,13,1,wk inc flu hosp,2026-05-23,quantile,0.15,8,Georgia,Ensemble
2026-05-16,13,1,wk inc flu hosp,2026-05-23,quantile,0.2,10,Georgia,Ensemble
2026-05-16,13,1,wk inc flu hosp,2026-05-23,quantile,0.25,11,Georgia,Ensemble
2026-05-16,13,1,wk inc flu hosp,2026-05-23,quantile,0.3,12,Georgia,Ensemble
2026-05-16,13,1,wk inc flu hosp,2026-05-23,quantile,0.35,13,Georgia,Ensemble
2026-05-16,13,1,wk inc flu hosp,2026-05-23,quantile,0.4,14,Georgia,Ensemble
2026-05-16,13,1,wk inc flu hosp,2026-05-23,quantile,0.45,15,Georgia,Ensemble
2026-05-16,13,1,wk inc flu hosp,2026-05-23,quantile,0.5,18,Georgia,Ensemble
2026-05-16,13,1,wk inc flu hosp,2026-05-23,quantile,0.55,19,Georgia,Ensemble
2026-05-16,13,1,wk inc flu hosp,2026-05-23,quantile,0.6,20,Georgia,Ensemble
2026-05-16,13,1,wk inc flu hosp,2026-05-23,quantile,0.65,21,Georgia,Ensemble
2026-05-16,13,1,wk inc flu hosp,2026-05-23,quantile,0.7,23,Georgia,Ensemble
2026-05-16,13,1,wk inc flu hosp,2026-05-23,quantile,0.75,25,Georgia,Ensemble
2026-05-16,13,1,wk inc flu hosp,2026-05-23,quantile,0.8,27,Georgia,Ensemble
2026-05-16,13,1,wk inc flu hosp,2026-05-23,quantile,0.85,30,Georgia,Ensemble
2026-05-16,13,1,wk inc flu hosp,2026-05-23,quantile,0.9,35,Georgia,Ensemble
2026-05-16,13,1,wk inc flu hosp,2026-05-23,quantile,0.95,44,Georgia,Ensemble
2026-05-16,13,1,wk inc flu hosp,2026-05-23,quantile,0.975,54,Georgia,Ensemble
2026-05-16,13,1,wk inc flu hosp,2026-05-23,quantile,0.99,71,Georgia,Ensemble
2026-05-16,13,2,wk inc flu hosp,2026-05-30,quantile,0.01,2,Georgia,Ensemble
2026-05-16,13,2,wk inc flu hosp,2026-05-30,quantile,0.025,3,Georgia,Ensemble
2026-05-16,13,2,wk inc flu hosp,2026-05-30,quantile,0.05,4,Georgia,Ensemble
2026-05-16,13,2,wk inc flu hosp,2026-05-30,quantile,0.1,6,Georgia,Ensemble
2026-05-16,13,2,wk inc flu hosp,2026-05-30,quantile,0.15,7,Georgia,Ensemble
2026-05-16,13,2,wk inc flu hosp,2026-05-30,quantile,0.2,8,Georgia,Ensemble
2026-05-16,13,2,wk inc flu hosp,2026-05-30,quantile,0.25,9,Georgia,Ensemble
2026-05-16,13,2,wk inc flu hosp,2026-05-30,quantile,0.3,10,Georgia,Ensemble
2026-05-16,13,2,wk inc flu hosp,2026-05-30,quantile,0.35,11,Georgia,Ensemble
2026-05-16,13,2,wk inc flu hosp,2026-05-30,quantile,0.4,12,Georgia,Ensemble
2026-05-16,13,2,wk inc flu hosp,2026-05-30,quantile,0.45,14,Georgia,Ensemble
2026-05-16,13,2,wk inc flu hosp,2026-05-30,quantile,0.5,16,Georgia,Ensemble
2026-05-16,13,2,wk inc flu hosp,2026-05-30,quantile,0.55,17,Georgia,Ensemble
2026-05-16,13,2,wk inc flu hosp,2026-05-30,quantile,0.6,18,Georgia,Ensemble
2026-05-16,13,2,wk inc flu hosp,2026-05-30,quantile,0.65,20,Georgia,Ensemble
2026-05-16,13,2,wk inc flu hosp,2026-05-30,quantile,0.7,21,Georgia,Ensemble
2026-05-16,13,2,wk inc flu hosp,2026-05-30,quantile,0.75,23,Georgia,Ensemble
2026-05-16,13,2,wk inc flu hosp,2026-05-30,quantile,0.8,26,Georgia,Ensemble
2026-05-16,13,2,wk inc flu hosp,2026-05-30,quantile,0.85,30,Georgia,Ensemble
2026-05-16,13,2,wk inc flu hosp,2026-05-30,quantile,0.9,37,Georgia,Ensemble
2026-05-16,13,2,wk inc flu hosp,2026-05-30,quantile,0.95,50,Georgia,Ensemble
2026-05-16,13,2,wk inc flu hosp,2026-05-30,quantile,0.975,64,Georgia,Ensemble
2026-05-16,13,2,wk inc flu hosp,2026-05-30,quantile,0.99,85,Georgia,Ensemble
2026-05-16,13,3,wk inc flu hosp,2026-06-06,quantile,0.01,2,Georgia,Ensemble
2026-05-16,13,3,wk inc flu hosp,2026-06-06,quantile,0.025,3,Georgia,Ensemble
2026-05-16,13,3,wk inc flu hosp,2026-06-06,quantile,0.05,4,Georgia,Ensemble
2026-05-16,13,3,wk inc flu hosp,2026-06-06,quantile,0.1,5,Georgia,Ensemble
2026-05-16,13,3,wk inc flu hosp,2026-06-06,quantile,0.15,7,Georgia,Ensemble
2026-05-16,13,3,wk inc flu hosp,2026-06-06,quantile,0.2,8,Georgia,Ensemble
2026-05-16,13,3,wk inc flu hosp,2026-06-06,quantile,0.25,9,Georgia,Ensemble
2026-05-16,13,3,wk inc flu hosp,2026-06-06,quantile,0.3,10,Georgia,Ensemble
2026-05-16,13,3,wk inc flu hosp,2026-06-06,quantile,0.35,11,Georgia,Ensemble
2026-05-16,13,3,wk inc flu hosp,2026-06-06,quantile,0.4,12,Georgia,Ensemble
2026-05-16,13,3,wk inc flu hosp,2026-06-06,quantile,0.45,13,Georgia,Ensemble
2026-05-16,13,3,wk inc flu hosp,2026-06-06,quantile,0.5,15,Georgia,Ensemble
2026-05-16,13,3,wk inc flu hosp,2026-06-06,quantile,0.55,16,Georgia,Ensemble
2026-05-16,13,3,wk inc flu hosp,2026-06-06,quantile,0.6,17,Georgia,Ensemble
2026-05-16,13,3,wk inc flu hosp,2026-06-06,quantile,0.65,19,Georgia,Ensemble
2026-05-16,13,3,wk inc flu hosp,2026-06-06,quantile,0.7,21,Georgia,Ensemble
2026-05-16,13,3,wk inc flu hosp,2026-06-06,quantile,0.75,23,Georgia,Ensemble
2026-05-16,13,3,wk inc flu hosp,2026-06-06,quantile,0.8,26,Georgia,Ensemble
2026-05-16,13,3,wk inc flu hosp,2026-06-06,quantile,0.85,30,Georgia,Ensemble
2026-05-16,13,3,wk inc flu hosp,2026-06-06,quantile,0.9,37,Georgia,Ensemble
2026-05-16,13,3,wk inc flu hosp,2026-06-06,quantile,0.95,50,Georgia,Ensemble
2026-05-16,13,3,wk inc flu hosp,2026-06-06,quantile,0.975,67,Georgia,Ensemble
2026-05-16,13,3,wk inc flu hosp,2026-06-06,quantile,0.99,90,Georgia,Ensemble
2026-05-16,15,0,wk inc flu hosp,2026-05-16,quantile,0.01,0,Hawaii,Ensemble
2026-05-16,15,0,wk inc flu hosp,2026-05-16,quantile,0.025,1,Hawaii,Ensemble
2026-05-16,15,0,wk inc flu hosp,2026-05-16,quantile,0.05,1,Hawaii,Ensemble
2026-05-16,15,0,wk inc flu hosp,2026-05-16,quantile,0.1,2,Hawaii,Ensemble
2026-05-16,15,0,wk inc flu hosp,2026-05-16,quantile,0.15,2,Hawaii,Ensemble
2026-05-16,15,0,wk inc flu hosp,2026-05-16,quantile,0.2,3,Hawaii,Ensemble
2026-05-16,15,0,wk inc flu hosp,2026-05-16,quantile,0.25,3,Hawaii,Ensemble
2026-05-16,15,0,wk inc flu hosp,2026-05-16,quantile,0.3,4,Hawaii,Ensemble
2026-05-16,15,0,wk inc flu hosp,2026-05-16,quantile,0.35,4,Hawaii,Ensemble
2026-05-16,15,0,wk inc flu hosp,2026-05-16,quantile,0.4,4,Hawaii,Ensemble
2026-05-16,15,0,wk inc flu hosp,2026-05-16,quantile,0.45,5,Hawaii,Ensemble
2026-05-16,15,0,wk inc flu hosp,2026-05-16,quantile,0.5,6,Hawaii,Ensemble
2026-05-16,15,0,wk inc flu hosp,2026-05-16,quantile,0.55,7,Hawaii,Ensemble
2026-05-16,15,0,wk inc flu hosp,2026-05-16,quantile,0.6,7,Hawaii,Ensemble
2026-05-16,15,0,wk inc flu hosp,2026-05-16,quantile,0.65,8,Hawaii,Ensemble
2026-05-16,15,0,wk inc flu hosp,2026-05-16,quantile,0.7,8,Hawaii,Ensemble
2026-05-16,15,0,wk inc flu hosp,2026-05-16,quantile,0.75,9,Hawaii,Ensemble
2026-05-16,15,0,wk inc flu hosp,2026-05-16,quantile,0.8,10,Hawaii,Ensemble
2026-05-16,15,0,wk inc flu hosp,2026-05-16,quantile,0.85,11,Hawaii,Ensemble
2026-05-16,15,0,wk inc flu hosp,2026-05-16,quantile,0.9,13,Hawaii,Ensemble
2026-05-16,15,0,wk inc flu hosp,2026-05-16,quantile,0.95,16,Hawaii,Ensemble
2026-05-16,15,0,wk inc flu hosp,2026-05-16,quantile,0.975,19,Hawaii,Ensemble
2026-05-16,15,0,wk inc flu hosp,2026-05-16,quantile,0.99,26,Hawaii,Ensemble
2026-05-16,15,1,wk inc flu hosp,2026-05-23,quantile,0.01,0,Hawaii,Ensemble
2026-05-16,15,1,wk inc flu hosp,2026-05-23,quantile,0.025,0,Hawaii,Ensemble
2026-05-16,15,1,wk inc flu hosp,2026-05-23,quantile,0.05,1,Hawaii,Ensemble
2026-05-16,15,1,wk inc flu hosp,2026-05-23,quantile,0.1,1,Hawaii,Ensemble
2026-05-16,15,1,wk inc flu hosp,2026-05-23,quantile,0.15,2,Hawaii,Ensemble
2026-05-16,15,1,wk inc flu hosp,2026-05-23,quantile,0.2,2,Hawaii,Ensemble
2026-05-16,15,1,wk inc flu hosp,2026-05-23,quantile,0.25,3,Hawaii,Ensemble
2026-05-16,15,1,wk inc flu hosp,2026-05-23,quantile,0.3,3,Hawaii,Ensemble
2026-05-16,15,1,wk inc flu hosp,2026-05-23,quantile,0.35,3,Hawaii,Ensemble
2026-05-16,15,1,wk inc flu hosp,2026-05-23,quantile,0.4,4,Hawaii,Ensemble
2026-05-16,15,1,wk inc flu hosp,2026-05-23,quantile,0.45,4,Hawaii,Ensemble
2026-05-16,15,1,wk inc flu hosp,2026-05-23,quantile,0.5,6,Hawaii,Ensemble
2026-05-16,15,1,wk inc flu hosp,2026-05-23,quantile,0.55,6,Hawaii,Ensemble
2026-05-16,15,1,wk inc flu hosp,2026-05-23,quantile,0.6,7,Hawaii,Ensemble
2026-05-16,15,1,wk inc flu hosp,2026-05-23,quantile,0.65,8,Hawaii,Ensemble
2026-05-16,15,1,wk inc flu hosp,2026-05-23,quantile,0.7,8,Hawaii,Ensemble
2026-05-16,15,1,wk inc flu hosp,2026-05-23,quantile,0.75,9,Hawaii,Ensemble
2026-05-16,15,1,wk inc flu hosp,2026-05-23,quantile,0.8,10,Hawaii,Ensemble
2026-05-16,15,1,wk inc flu hosp,2026-05-23,quantile,0.85,11,Hawaii,Ensemble
2026-05-16,15,1,wk inc flu hosp,2026-05-23,quantile,0.9,13,Hawaii,Ensemble
2026-05-16,15,1,wk inc flu hosp,2026-05-23,quantile,0.95,17,Hawaii,Ensemble
2026-05-16,15,1,wk inc flu hosp,2026-05-23,quantile,0.975,21,Hawaii,Ensemble
2026-05-16,15,1,wk inc flu hosp,2026-05-23,quantile,0.99,28,Hawaii,Ensemble
2026-05-16,15,2,wk inc flu hosp,2026-05-30,quantile,0.01,0,Hawaii,Ensemble
2026-05-16,15,2,wk inc flu hosp,2026-05-30,quantile,0.025,0,Hawaii,Ensemble
2026-05-16,15,2,wk inc flu hosp,2026-05-30,quantile,0.05,1,Hawaii,Ensemble
2026-05-16,15,2,wk inc flu hosp,2026-05-30,quantile,0.1,1,Hawaii,Ensemble
2026-05-16,15,2,wk inc flu hosp,2026-05-30,quantile,0.15,2,Hawaii,Ensemble
2026-05-16,15,2,wk inc flu hosp,2026-05-30,quantile,0.2,2,Hawaii,Ensemble
2026-05-16,15,2,wk inc flu hosp,2026-05-30,quantile,0.25,3,Hawaii,Ensemble
2026-05-16,15,2,wk inc flu hosp,2026-05-30,quantile,0.3,3,Hawaii,Ensemble
2026-05-16,15,2,wk inc flu hosp,2026-05-30,quantile,0.35,3,Hawaii,Ensemble
2026-05-16,15,2,wk inc flu hosp,2026-05-30,quantile,0.4,4,Hawaii,Ensemble
2026-05-16,15,2,wk inc flu hosp,2026-05-30,quantile,0.45,4,Hawaii,Ensemble
2026-05-16,15,2,wk inc flu hosp,2026-05-30,quantile,0.5,6,Hawaii,Ensemble
2026-05-16,15,2,wk inc flu hosp,2026-05-30,quantile,0.55,6,Hawaii,Ensemble
2026-05-16,15,2,wk inc flu hosp,2026-05-30,quantile,0.6,7,Hawaii,Ensemble
2026-05-16,15,2,wk inc flu hosp,2026-05-30,quantile,0.65,7,Hawaii,Ensemble
2026-05-16,15,2,wk inc flu hosp,2026-05-30,quantile,0.7,8,Hawaii,Ensemble
2026-05-16,15,2,wk inc flu hosp,2026-05-30,quantile,0.75,9,Hawaii,Ensemble
2026-05-16,15,2,wk inc flu hosp,2026-05-30,quantile,0.8,10,Hawaii,Ensemble
2026-05-16,15,2,wk inc flu hosp,2026-05-30,quantile,0.85,11,Hawaii,Ensemble
2026-05-16,15,2,wk inc flu hosp,2026-05-30,quantile,0.9,13,Hawaii,Ensemble
2026-05-16,15,2,wk inc flu hosp,2026-05-30,quantile,0.95,16,Hawaii,Ensemble
2026-05-16,15,2,wk inc flu hosp,2026-05-30,quantile,0.975,21,Hawaii,Ensemble
2026-05-16,15,2,wk inc flu hosp,2026-05-30,quantile,0.99,27,Hawaii,Ensemble
2026-05-16,15,3,wk inc flu hosp,2026-06-06,quantile,0.01,0,Hawaii,Ensemble
2026-05-16,15,3,wk inc flu hosp,2026-06-06,quantile,0.025,0,Hawaii,Ensemble
2026-05-16,15,3,wk inc flu hosp,2026-06-06,quantile,0.05,0,Hawaii,Ensemble
2026-05-16,15,3,wk inc flu hosp,2026-06-06,quantile,0.1,1,Hawaii,Ensemble
2026-05-16,15,3,wk inc flu hosp,2026-06-06,quantile,0.15,1,Hawaii,Ensemble
2026-05-16,15,3,wk inc flu hosp,2026-06-06,quantile,0.2,2,Hawaii,Ensemble
2026-05-16,15,3,wk inc flu hosp,2026-06-06,quantile,0.25,2,Hawaii,Ensemble
2026-05-16,15,3,wk inc flu hosp,2026-06-06,quantile,0.3,3,Hawaii,Ensemble
2026-05-16,15,3,wk inc flu hosp,2026-06-06,quantile,0.35,3,Hawaii,Ensemble
2026-05-16,15,3,wk inc flu hosp,2026-06-06,quantile,0.4,3,Hawaii,Ensemble
2026-05-16,15,3,wk inc flu hosp,2026-06-06,quantile,0.45,4,Hawaii,Ensemble
2026-05-16,15,3,wk inc flu hosp,2026-06-06,quantile,0.5,5,Hawaii,Ensemble
2026-05-16,15,3,wk inc flu hosp,2026-06-06,quantile,0.55,6,Hawaii,Ensemble
2026-05-16,15,3,wk inc flu hosp,2026-06-06,quantile,0.6,6,Hawaii,Ensemble
2026-05-16,15,3,wk inc flu hosp,2026-06-06,quantile,0.65,7,Hawaii,Ensemble
2026-05-16,15,3,wk inc flu hosp,2026-06-06,quantile,0.7,8,Hawaii,Ensemble
2026-05-16,15,3,wk inc flu hosp,2026-06-06,quantile,0.75,9,Hawaii,Ensemble
2026-05-16,15,3,wk inc flu hosp,2026-06-06,quantile,0.8,10,Hawaii,Ensemble
2026-05-16,15,3,wk inc flu hosp,2026-06-06,quantile,0.85,11,Hawaii,Ensemble
2026-05-16,15,3,wk inc flu hosp,2026-06-06,quantile,0.9,13,Hawaii,Ensemble
2026-05-16,15,3,wk inc flu hosp,2026-06-06,quantile,0.95,16,Hawaii,Ensemble
2026-05-16,15,3,wk inc flu hosp,2026-06-06,quantile,0.975,21,Hawaii,Ensemble
2026-05-16,15,3,wk inc flu hosp,2026-06-06,quantile,0.99,28,Hawaii,Ensemble
2026-05-16,16,0,wk inc flu hosp,2026-05-16,quantile,0.01,1,Idaho,Ensemble
2026-05-16,16,0,wk inc flu hosp,2026-05-16,quantile,0.025,1,Idaho,Ensemble
2026-05-16,16,0,wk inc flu hosp,2026-05-16,quantile,0.05,1,Idaho,Ensemble
2026-05-16,16,0,wk inc flu hosp,2026-05-16,quantile,0.1,2,Idaho,Ensemble
2026-05-16,16,0,wk inc flu hosp,2026-05-16,quantile,0.15,3,Idaho,Ensemble
2026-05-16,16,0,wk inc flu hosp,2026-05-16,quantile,0.2,3,Idaho,Ensemble
2026-05-16,16,0,wk inc flu hosp,2026-05-16,quantile,0.25,4,Idaho,Ensemble
2026-05-16,16,0,wk inc flu hosp,2026-05-16,quantile,0.3,4,Idaho,Ensemble
2026-05-16,16,0,wk inc flu hosp,2026-05-16,quantile,0.35,4,Idaho,Ensemble
2026-05-16,16,0,wk inc flu hosp,2026-05-16,quantile,0.4,5,Idaho,Ensemble
2026-05-16,16,0,wk inc flu hosp,2026-05-16,quantile,0.45,5,Idaho,Ensemble
2026-05-16,16,0,wk inc flu hosp,2026-05-16,quantile,0.5,6,Idaho,Ensemble
2026-05-16,16,0,wk inc flu hosp,2026-05-16,quantile,0.55,7,Idaho,Ensemble
2026-05-16,16,0,wk inc flu hosp,2026-05-16,quantile,0.6,7,Idaho,Ensemble
2026-05-16,16,0,wk inc flu hosp,2026-05-16,quantile,0.65,8,Idaho,Ensemble
2026-05-16,16,0,wk inc flu hosp,2026-05-16,quantile,0.7,8,Idaho,Ensemble
2026-05-16,16,0,wk inc flu hosp,2026-05-16,quantile,0.75,9,Idaho,Ensemble
2026-05-16,16,0,wk inc flu hosp,2026-05-16,quantile,0.8,9,Idaho,Ensemble
2026-05-16,16,0,wk inc flu hosp,2026-05-16,quantile,0.85,11,Idaho,Ensemble
2026-05-16,16,0,wk inc flu hosp,2026-05-16,quantile,0.9,12,Idaho,Ensemble
2026-05-16,16,0,wk inc flu hosp,2026-05-16,quantile,0.95,14,Idaho,Ensemble
2026-05-16,16,0,wk inc flu hosp,2026-05-16,quantile,0.975,17,Idaho,Ensemble
2026-05-16,16,0,wk inc flu hosp,2026-05-16,quantile,0.99,21,Idaho,Ensemble
2026-05-16,16,1,wk inc flu hosp,2026-05-23,quantile,0.01,0,Idaho,Ensemble
2026-05-16,16,1,wk inc flu hosp,2026-05-23,quantile,0.025,1,Idaho,Ensemble
2026-05-16,16,1,wk inc flu hosp,2026-05-23,quantile,0.05,1,Idaho,Ensemble
2026-05-16,16,1,wk inc flu hosp,2026-05-23,quantile,0.1,2,Idaho,Ensemble
2026-05-16,16,1,wk inc flu hosp,2026-05-23,quantile,0.15,2,Idaho,Ensemble
2026-05-16,16,1,wk inc flu hosp,2026-05-23,quantile,0.2,2,Idaho,Ensemble
2026-05-16,16,1,wk inc flu hosp,2026-05-23,quantile,0.25,3,Idaho,Ensemble
2026-05-16,16,1,wk inc flu hosp,2026-05-23,quantile,0.3,3,Idaho,Ensemble
2026-05-16,16,1,wk inc flu hosp,2026-05-23,quantile,0.35,4,Idaho,Ensemble
2026-05-16,16,1,wk inc flu hosp,2026-05-23,quantile,0.4,4,Idaho,Ensemble
2026-05-16,16,1,wk inc flu hosp,2026-05-23,quantile,0.45,4,Idaho,Ensemble
2026-05-16,16,1,wk inc flu hosp,2026-05-23,quantile,0.5,6,Idaho,Ensemble
2026-05-16,16,1,wk inc flu hosp,2026-05-23,quantile,0.55,6,Idaho,Ensemble
2026-05-16,16,1,wk inc flu hosp,2026-05-23,quantile,0.6,6,Idaho,Ensemble
2026-05-16,16,1,wk inc flu hosp,2026-05-23,quantile,0.65,7,Idaho,Ensemble
2026-05-16,16,1,wk inc flu hosp,2026-05-23,quantile,0.7,7,Idaho,Ensemble
2026-05-16,16,1,wk inc flu hosp,2026-05-23,quantile,0.75,8,Idaho,Ensemble
2026-05-16,16,1,wk inc flu hosp,2026-05-23,quantile,0.8,9,Idaho,Ensemble
2026-05-16,16,1,wk inc flu hosp,2026-05-23,quantile,0.85,10,Idaho,Ensemble
2026-05-16,16,1,wk inc flu hosp,2026-05-23,quantile,0.9,12,Idaho,Ensemble
2026-05-16,16,1,wk inc flu hosp,2026-05-23,quantile,0.95,15,Idaho,Ensemble
2026-05-16,16,1,wk inc flu hosp,2026-05-23,quantile,0.975,18,Idaho,Ensemble
2026-05-16,16,1,wk inc flu hosp,2026-05-23,quantile,0.99,23,Idaho,Ensemble
2026-05-16,16,2,wk inc flu hosp,2026-05-30,quantile,0.01,0,Idaho,Ensemble
2026-05-16,16,2,wk inc flu hosp,2026-05-30,quantile,0.025,0,Idaho,Ensemble
2026-05-16,16,2,wk inc flu hosp,2026-05-30,quantile,0.05,1,Idaho,Ensemble
2026-05-16,16,2,wk inc flu hosp,2026-05-30,quantile,0.1,1,Idaho,Ensemble
2026-05-16,16,2,wk inc flu hosp,2026-05-30,quantile,0.15,2,Idaho,Ensemble
2026-05-16,16,2,wk inc flu hosp,2026-05-30,quantile,0.2,2,Idaho,Ensemble
2026-05-16,16,2,wk inc flu hosp,2026-05-30,quantile,0.25,2,Idaho,Ensemble
2026-05-16,16,2,wk inc flu hosp,2026-05-30,quantile,0.3,3,Idaho,Ensemble
2026-05-16,16,2,wk inc flu hosp,2026-05-30,quantile,0.35,3,Idaho,Ensemble
2026-05-16,16,2,wk inc flu hosp,2026-05-30,quantile,0.4,3,Idaho,Ensemble
2026-05-16,16,2,wk inc flu hosp,2026-05-30,quantile,0.45,4,Idaho,Ensemble
2026-05-16,16,2,wk inc flu hosp,2026-05-30,quantile,0.5,5,Idaho,Ensemble
2026-05-16,16,2,wk inc flu hosp,2026-05-30,quantile,0.55,5,Idaho,Ensemble
2026-05-16,16,2,wk inc flu hosp,2026-05-30,quantile,0.6,6,Idaho,Ensemble
2026-05-16,16,2,wk inc flu hosp,2026-05-30,quantile,0.65,6,Idaho,Ensemble
2026-05-16,16,2,wk inc flu hosp,2026-05-30,quantile,0.7,7,Idaho,Ensemble
2026-05-16,16,2,wk inc flu hosp,2026-05-30,quantile,0.75,8,Idaho,Ensemble
2026-05-16,16,2,wk inc flu hosp,2026-05-30,quantile,0.8,9,Idaho,Ensemble
2026-05-16,16,2,wk inc flu hosp,2026-05-30,quantile,0.85,10,Idaho,Ensemble
2026-05-16,16,2,wk inc flu hosp,2026-05-30,quantile,0.9,11,Idaho,Ensemble
2026-05-16,16,2,wk inc flu hosp,2026-05-30,quantile,0.95,15,Idaho,Ensemble
2026-05-16,16,2,wk inc flu hosp,2026-05-30,quantile,0.975,19,Idaho,Ensemble
2026-05-16,16,2,wk inc flu hosp,2026-05-30,quantile,0.99,25,Idaho,Ensemble
2026-05-16,16,3,wk inc flu hosp,2026-06-06,quantile,0.01,0,Idaho,Ensemble
2026-05-16,16,3,wk inc flu hosp,2026-06-06,quantile,0.025,0,Idaho,Ensemble
2026-05-16,16,3,wk inc flu hosp,2026-06-06,quantile,0.05,0,Idaho,Ensemble
2026-05-16,16,3,wk inc flu hosp,2026-06-06,quantile,0.1,1,Idaho,Ensemble
2026-05-16,16,3,wk inc flu hosp,2026-06-06,quantile,0.15,1,Idaho,Ensemble
2026-05-16,16,3,wk inc flu hosp,2026-06-06,quantile,0.2,2,Idaho,Ensemble
2026-05-16,16,3,wk inc flu hosp,2026-06-06,quantile,0.25,2,Idaho,Ensemble
2026-05-16,16,3,wk inc flu hosp,2026-06-06,quantile,0.3,2,Idaho,Ensemble
2026-05-16,16,3,wk inc flu hosp,2026-06-06,quantile,0.35,2,Idaho,Ensemble
2026-05-16,16,3,wk inc flu hosp,2026-06-06,quantile,0.4,3,Idaho,Ensemble
2026-05-16,16,3,wk inc flu hosp,2026-06-06,quantile,0.45,3,Idaho,Ensemble
2026-05-16,16,3,wk inc flu hosp,2026-06-06,quantile,0.5,4,Idaho,Ensemble
2026-05-16,16,3,wk inc flu hosp,2026-06-06,quantile,0.55,5,Idaho,Ensemble
2026-05-16,16,3,wk inc flu hosp,2026-06-06,quantile,0.6,5,Idaho,Ensemble
2026-05-16,16,3,wk inc flu hosp,2026-06-06,quantile,0.65,6,Idaho,Ensemble
2026-05-16,16,3,wk inc flu hosp,2026-06-06,quantile,0.7,6,Idaho,Ensemble
2026-05-16,16,3,wk inc flu hosp,2026-06-06,quantile,0.75,7,Idaho,Ensemble
2026-05-16,16,3,wk inc flu hosp,2026-06-06,quantile,0.8,8,Idaho,Ensemble
2026-05-16,16,3,wk inc flu hosp,2026-06-06,quantile,0.85,9,Idaho,Ensemble
2026-05-16,16,3,wk inc flu hosp,2026-06-06,quantile,0.9,11,Idaho,Ensemble
2026-05-16,16,3,wk inc flu hosp,2026-06-06,quantile,0.95,15,Idaho,Ensemble
2026-05-16,16,3,wk inc flu hosp,2026-06-06,quantile,0.975,20,Idaho,Ensemble
2026-05-16,16,3,wk inc flu hosp,2026-06-06,quantile,0.99,27,Idaho,Ensemble
2026-05-16,17,0,wk inc flu hosp,2026-05-16,quantile,0.01,7,Illinois,Ensemble
2026-05-16,17,0,wk inc flu hosp,2026-05-16,quantile,0.025,9,Illinois,Ensemble
2026-05-16,17,0,wk inc flu hosp,2026-05-16,quantile,0.05,11,Illinois,Ensemble
2026-05-16,17,0,wk inc flu hosp,2026-05-16,quantile,0.1,14,Illinois,Ensemble
2026-05-16,17,0,wk inc flu hosp,2026-05-16,quantile,0.15,16,Illinois,Ensemble
2026-05-16,17,0,wk inc flu hosp,2026-05-16,quantile,0.2,18,Illinois,Ensemble
2026-05-16,17,0,wk inc flu hosp,2026-05-16,quantile,0.25,20,Illinois,Ensemble
2026-05-16,17,0,wk inc flu hosp,2026-05-16,quantile,0.3,22,Illinois,Ensemble
2026-05-16,17,0,wk inc flu hosp,2026-05-16,quantile,0.35,24,Illinois,Ensemble
2026-05-16,17,0,wk inc flu hosp,2026-05-16,quantile,0.4,25,Illinois,Ensemble
2026-05-16,17,0,wk inc flu hosp,2026-05-16,quantile,0.45,27,Illinois,Ensemble
2026-05-16,17,0,wk inc flu hosp,2026-05-16,quantile,0.5,29,Illinois,Ensemble
2026-05-16,17,0,wk inc flu hosp,2026-05-16,quantile,0.55,31,Illinois,Ensemble
2026-05-16,17,0,wk inc flu hosp,2026-05-16,quantile,0.6,33,Illinois,Ensemble
2026-05-16,17,0,wk inc flu hosp,2026-05-16,quantile,0.65,35,Illinois,Ensemble
2026-05-16,17,0,wk inc flu hosp,2026-05-16,quantile,0.7,38,Illinois,Ensemble
2026-05-16,17,0,wk inc flu hosp,2026-05-16,quantile,0.75,40,Illinois,Ensemble
2026-05-16,17,0,wk inc flu hosp,2026-05-16,quantile,0.8,44,Illinois,Ensemble
2026-05-16,17,0,wk inc flu hosp,2026-05-16,quantile,0.85,48,Illinois,Ensemble
2026-05-16,17,0,wk inc flu hosp,2026-05-16,quantile,0.9,55,Illinois,Ensemble
2026-05-16,17,0,wk inc flu hosp,2026-05-16,quantile,0.95,67,Illinois,Ensemble
2026-05-16,17,0,wk inc flu hosp,2026-05-16,quantile,0.975,81,Illinois,Ensemble
2026-05-16,17,0,wk inc flu hosp,2026-05-16,quantile,0.99,100,Illinois,Ensemble
2026-05-16,17,1,wk inc flu hosp,2026-05-23,quantile,0.01,5,Illinois,Ensemble
2026-05-16,17,1,wk inc flu hosp,2026-05-23,quantile,0.025,6,Illinois,Ensemble
2026-05-16,17,1,wk inc flu hosp,2026-05-23,quantile,0.05,7,Illinois,Ensemble
2026-05-16,17,1,wk inc flu hosp,2026-05-23,quantile,0.1,10,Illinois,Ensemble
2026-05-16,17,1,wk inc flu hosp,2026-05-23,quantile,0.15,12,Illinois,Ensemble
2026-05-16,17,1,wk inc flu hosp,2026-05-23,quantile,0.2,14,Illinois,Ensemble
2026-05-16,17,1,wk inc flu hosp,2026-05-23,quantile,0.25,15,Illinois,Ensemble
2026-05-16,17,1,wk inc flu hosp,2026-05-23,quantile,0.3,17,Illinois,Ensemble
2026-05-16,17,1,wk inc flu hosp,2026-05-23,quantile,0.35,19,Illinois,Ensemble
2026-05-16,17,1,wk inc flu hosp,2026-05-23,quantile,0.4,21,Illinois,Ensemble
2026-05-16,17,1,wk inc flu hosp,2026-05-23,quantile,0.45,22,Illinois,Ensemble
2026-05-16,17,1,wk inc flu hosp,2026-05-23,quantile,0.5,25,Illinois,Ensemble
2026-05-16,17,1,wk inc flu hosp,2026-05-23,quantile,0.55,27,Illinois,Ensemble
2026-05-16,17,1,wk inc flu hosp,2026-05-23,quantile,0.6,29,Illinois,Ensemble
2026-05-16,17,1,wk inc flu hosp,2026-05-23,quantile,0.65,31,Illinois,Ensemble
2026-05-16,17,1,wk inc flu hosp,2026-05-23,quantile,0.7,34,Illinois,Ensemble
2026-05-16,17,1,wk inc flu hosp,2026-05-23,quantile,0.75,37,Illinois,Ensemble
2026-05-16,17,1,wk inc flu hosp,2026-05-23,quantile,0.8,41,Illinois,Ensemble
2026-05-16,17,1,wk inc flu hosp,2026-05-23,quantile,0.85,46,Illinois,Ensemble
2026-05-16,17,1,wk inc flu hosp,2026-05-23,quantile,0.9,54,Illinois,Ensemble
2026-05-16,17,1,wk inc flu hosp,2026-05-23,quantile,0.95,68,Illinois,Ensemble
2026-05-16,17,1,wk inc flu hosp,2026-05-23,quantile,0.975,85,Illinois,Ensemble
2026-05-16,17,1,wk inc flu hosp,2026-05-23,quantile,0.99,108,Illinois,Ensemble
2026-05-16,17,2,wk inc flu hosp,2026-05-30,quantile,0.01,4,Illinois,Ensemble
2026-05-16,17,2,wk inc flu hosp,2026-05-30,quantile,0.025,5,Illinois,Ensemble
2026-05-16,17,2,wk inc flu hosp,2026-05-30,quantile,0.05,7,Illinois,Ensemble
2026-05-16,17,2,wk inc flu hosp,2026-05-30,quantile,0.1,9,Illinois,Ensemble
2026-05-16,17,2,wk inc flu hosp,2026-05-30,quantile,0.15,11,Illinois,Ensemble
2026-05-16,17,2,wk inc flu hosp,2026-05-30,quantile,0.2,13,Illinois,Ensemble
2026-05-16,17,2,wk inc flu hosp,2026-05-30,quantile,0.25,14,Illinois,Ensemble
2026-05-16,17,2,wk inc flu hosp,2026-05-30,quantile,0.3,16,Illinois,Ensemble
2026-05-16,17,2,wk inc flu hosp,2026-05-30,quantile,0.35,18,Illinois,Ensemble
2026-05-16,17,2,wk inc flu hosp,2026-05-30,quantile,0.4,20,Illinois,Ensemble
2026-05-16,17,2,wk inc flu hosp,2026-05-30,quantile,0.45,21,Illinois,Ensemble
2026-05-16,17,2,wk inc flu hosp,2026-05-30,quantile,0.5,24,Illinois,Ensemble
2026-05-16,17,2,wk inc flu hosp,2026-05-30,quantile,0.55,26,Illinois,Ensemble
2026-05-16,17,2,wk inc flu hosp,2026-05-30,quantile,0.6,29,Illinois,Ensemble
2026-05-16,17,2,wk inc flu hosp,2026-05-30,quantile,0.65,32,Illinois,Ensemble
2026-05-16,17,2,wk inc flu hosp,2026-05-30,quantile,0.7,35,Illinois,Ensemble
2026-05-16,17,2,wk inc flu hosp,2026-05-30,quantile,0.75,38,Illinois,Ensemble
2026-05-16,17,2,wk inc flu hosp,2026-05-30,quantile,0.8,43,Illinois,Ensemble
2026-05-16,17,2,wk inc flu hosp,2026-05-30,quantile,0.85,49,Illinois,Ensemble
2026-05-16,17,2,wk inc flu hosp,2026-05-30,quantile,0.9,60,Illinois,Ensemble
2026-05-16,17,2,wk inc flu hosp,2026-05-30,quantile,0.95,80,Illinois,Ensemble
2026-05-16,17,2,wk inc flu hosp,2026-05-30,quantile,0.975,104,Illinois,Ensemble
2026-05-16,17,2,wk inc flu hosp,2026-05-30,quantile,0.99,139,Illinois,Ensemble
2026-05-16,17,3,wk inc flu hosp,2026-06-06,quantile,0.01,3,Illinois,Ensemble
2026-05-16,17,3,wk inc flu hosp,2026-06-06,quantile,0.025,5,Illinois,Ensemble
2026-05-16,17,3,wk inc flu hosp,2026-06-06,quantile,0.05,6,Illinois,Ensemble
2026-05-16,17,3,wk inc flu hosp,2026-06-06,quantile,0.1,8,Illinois,Ensemble
2026-05-16,17,3,wk inc flu hosp,2026-06-06,quantile,0.15,10,Illinois,Ensemble
2026-05-16,17,3,wk inc flu hosp,2026-06-06,quantile,0.2,11,Illinois,Ensemble
2026-05-16,17,3,wk inc flu hosp,2026-06-06,quantile,0.25,13,Illinois,Ensemble
2026-05-16,17,3,wk inc flu hosp,2026-06-06,quantile,0.3,15,Illinois,Ensemble
2026-05-16,17,3,wk inc flu hosp,2026-06-06,quantile,0.35,16,Illinois,Ensemble
2026-05-16,17,3,wk inc flu hosp,2026-06-06,quantile,0.4,18,Illinois,Ensemble
2026-05-16,17,3,wk inc flu hosp,2026-06-06,quantile,0.45,20,Illinois,Ensemble
2026-05-16,17,3,wk inc flu hosp,2026-06-06,quantile,0.5,23,Illinois,Ensemble
2026-05-16,17,3,wk inc flu hosp,2026-06-06,quantile,0.55,25,Illinois,Ensemble
2026-05-16,17,3,wk inc flu hosp,2026-06-06,quantile,0.6,28,Illinois,Ensemble
2026-05-16,17,3,wk inc flu hosp,2026-06-06,quantile,0.65,31,Illinois,Ensemble
2026-05-16,17,3,wk inc flu hosp,2026-06-06,quantile,0.7,34,Illinois,Ensemble
2026-05-16,17,3,wk inc flu hosp,2026-06-06,quantile,0.75,37,Illinois,Ensemble
2026-05-16,17,3,wk inc flu hosp,2026-06-06,quantile,0.8,42,Illinois,Ensemble
2026-05-16,17,3,wk inc flu hosp,2026-06-06,quantile,0.85,50,Illinois,Ensemble
2026-05-16,17,3,wk inc flu hosp,2026-06-06,quantile,0.9,62,Illinois,Ensemble
2026-05-16,17,3,wk inc flu hosp,2026-06-06,quantile,0.95,85,Illinois,Ensemble
2026-05-16,17,3,wk inc flu hosp,2026-06-06,quantile,0.975,111,Illinois,Ensemble
2026-05-16,17,3,wk inc flu hosp,2026-06-06,quantile,0.99,153,Illinois,Ensemble
2026-05-16,18,0,wk inc flu hosp,2026-05-16,quantile,0.01,2,Indiana,Ensemble
2026-05-16,18,0,wk inc flu hosp,2026-05-16,quantile,0.025,3,Indiana,Ensemble
2026-05-16,18,0,wk inc flu hosp,2026-05-16,quantile,0.05,4,Indiana,Ensemble
2026-05-16,18,0,wk inc flu hosp,2026-05-16,quantile,0.1,6,Indiana,Ensemble
2026-05-16,18,0,wk inc flu hosp,2026-05-16,quantile,0.15,7,Indiana,Ensemble
2026-05-16,18,0,wk inc flu hosp,2026-05-16,quantile,0.2,8,Indiana,Ensemble
2026-05-16,18,0,wk inc flu hosp,2026-05-16,quantile,0.25,9,Indiana,Ensemble
2026-05-16,18,0,wk inc flu hosp,2026-05-16,quantile,0.3,10,Indiana,Ensemble
2026-05-16,18,0,wk inc flu hosp,2026-05-16,quantile,0.35,11,Indiana,Ensemble
2026-05-16,18,0,wk inc flu hosp,2026-05-16,quantile,0.4,12,Indiana,Ensemble
2026-05-16,18,0,wk inc flu hosp,2026-05-16,quantile,0.45,13,Indiana,Ensemble
2026-05-16,18,0,wk inc flu hosp,2026-05-16,quantile,0.5,15,Indiana,Ensemble
2026-05-16,18,0,wk inc flu hosp,2026-05-16,quantile,0.55,16,Indiana,Ensemble
2026-05-16,18,0,wk inc flu hosp,2026-05-16,quantile,0.6,17,Indiana,Ensemble
2026-05-16,18,0,wk inc flu hosp,2026-05-16,quantile,0.65,18,Indiana,Ensemble
2026-05-16,18,0,wk inc flu hosp,2026-05-16,quantile,0.7,19,Indiana,Ensemble
2026-05-16,18,0,wk inc flu hosp,2026-05-16,quantile,0.75,20,Indiana,Ensemble
2026-05-16,18,0,wk inc flu hosp,2026-05-16,quantile,0.8,22,Indiana,Ensemble
2026-05-16,18,0,wk inc flu hosp,2026-05-16,quantile,0.85,24,Indiana,Ensemble
2026-05-16,18,0,wk inc flu hosp,2026-05-16,quantile,0.9,27,Indiana,Ensemble
2026-05-16,18,0,wk inc flu hosp,2026-05-16,quantile,0.95,33,Indiana,Ensemble
2026-05-16,18,0,wk inc flu hosp,2026-05-16,quantile,0.975,39,Indiana,Ensemble
2026-05-16,18,0,wk inc flu hosp,2026-05-16,quantile,0.99,49,Indiana,Ensemble
2026-05-16,18,1,wk inc flu hosp,2026-05-23,quantile,0.01,2,Indiana,Ensemble
2026-05-16,18,1,wk inc flu hosp,2026-05-23,quantile,0.025,2,Indiana,Ensemble
2026-05-16,18,1,wk inc flu hosp,2026-05-23,quantile,0.05,3,Indiana,Ensemble
2026-05-16,18,1,wk inc flu hosp,2026-05-23,quantile,0.1,4,Indiana,Ensemble
2026-05-16,18,1,wk inc flu hosp,2026-05-23,quantile,0.15,6,Indiana,Ensemble
2026-05-16,18,1,wk inc flu hosp,2026-05-23,quantile,0.2,6,Indiana,Ensemble
2026-05-16,18,1,wk inc flu hosp,2026-05-23,quantile,0.25,8,Indiana,Ensemble
2026-05-16,18,1,wk inc flu hosp,2026-05-23,quantile,0.3,8,Indiana,Ensemble
2026-05-16,18,1,wk inc flu hosp,2026-05-23,quantile,0.35,9,Indiana,Ensemble
2026-05-16,18,1,wk inc flu hosp,2026-05-23,quantile,0.4,10,Indiana,Ensemble
2026-05-16,18,1,wk inc flu hosp,2026-05-23,quantile,0.45,11,Indiana,Ensemble
2026-05-16,18,1,wk inc flu hosp,2026-05-23,quantile,0.5,13,Indiana,Ensemble
2026-05-16,18,1,wk inc flu hosp,2026-05-23,quantile,0.55,14,Indiana,Ensemble
2026-05-16,18,1,wk inc flu hosp,2026-05-23,quantile,0.6,15,Indiana,Ensemble
2026-05-16,18,1,wk inc flu hosp,2026-05-23,quantile,0.65,16,Indiana,Ensemble
2026-05-16,18,1,wk inc flu hosp,2026-05-23,quantile,0.7,18,Indiana,Ensemble
2026-05-16,18,1,wk inc flu hosp,2026-05-23,quantile,0.75,19,Indiana,Ensemble
2026-05-16,18,1,wk inc flu hosp,2026-05-23,quantile,0.8,21,Indiana,Ensemble
2026-05-16,18,1,wk inc flu hosp,2026-05-23,quantile,0.85,23,Indiana,Ensemble
2026-05-16,18,1,wk inc flu hosp,2026-05-23,quantile,0.9,27,Indiana,Ensemble
2026-05-16,18,1,wk inc flu hosp,2026-05-23,quantile,0.95,34,Indiana,Ensemble
2026-05-16,18,1,wk inc flu hosp,2026-05-23,quantile,0.975,42,Indiana,Ensemble
2026-05-16,18,1,wk inc flu hosp,2026-05-23,quantile,0.99,55,Indiana,Ensemble
2026-05-16,18,2,wk inc flu hosp,2026-05-30,quantile,0.01,1,Indiana,Ensemble
2026-05-16,18,2,wk inc flu hosp,2026-05-30,quantile,0.025,2,Indiana,Ensemble
2026-05-16,18,2,wk inc flu hosp,2026-05-30,quantile,0.05,3,Indiana,Ensemble
2026-05-16,18,2,wk inc flu hosp,2026-05-30,quantile,0.1,5,Indiana,Ensemble
2026-05-16,18,2,wk inc flu hosp,2026-05-30,quantile,0.15,6,Indiana,Ensemble
2026-05-16,18,2,wk inc flu hosp,2026-05-30,quantile,0.2,7,Indiana,Ensemble
2026-05-16,18,2,wk inc flu hosp,2026-05-30,quantile,0.25,8,Indiana,Ensemble
2026-05-16,18,2,wk inc flu hosp,2026-05-30,quantile,0.3,9,Indiana,Ensemble
2026-05-16,18,2,wk inc flu hosp,2026-05-30,quantile,0.35,10,Indiana,Ensemble
2026-05-16,18,2,wk inc flu hosp,2026-05-30,quantile,0.4,11,Indiana,Ensemble
2026-05-16,18,2,wk inc flu hosp,2026-05-30,quantile,0.45,12,Indiana,Ensemble
2026-05-16,18,2,wk inc flu hosp,2026-05-30,quantile,0.5,14,Indiana,Ensemble
2026-05-16,18,2,wk inc flu hosp,2026-05-30,quantile,0.55,15,Indiana,Ensemble
2026-05-16,18,2,wk inc flu hosp,2026-05-30,quantile,0.6,16,Indiana,Ensemble
2026-05-16,18,2,wk inc flu hosp,2026-05-30,quantile,0.65,18,Indiana,Ensemble
2026-05-16,18,2,wk inc flu hosp,2026-05-30,quantile,0.7,19,Indiana,Ensemble
2026-05-16,18,2,wk inc flu hosp,2026-05-30,quantile,0.75,20,Indiana,Ensemble
2026-05-16,18,2,wk inc flu hosp,2026-05-30,quantile,0.8,23,Indiana,Ensemble
2026-05-16,18,2,wk inc flu hosp,2026-05-30,quantile,0.85,27,Indiana,Ensemble
2026-05-16,18,2,wk inc flu hosp,2026-05-30,quantile,0.9,33,Indiana,Ensemble
2026-05-16,18,2,wk inc flu hosp,2026-05-30,quantile,0.95,43,Indiana,Ensemble
2026-05-16,18,2,wk inc flu hosp,2026-05-30,quantile,0.975,56,Indiana,Ensemble
2026-05-16,18,2,wk inc flu hosp,2026-05-30,quantile,0.99,74,Indiana,Ensemble
2026-05-16,18,3,wk inc flu hosp,2026-06-06,quantile,0.01,1,Indiana,Ensemble
2026-05-16,18,3,wk inc flu hosp,2026-06-06,quantile,0.025,2,Indiana,Ensemble
2026-05-16,18,3,wk inc flu hosp,2026-06-06,quantile,0.05,3,Indiana,Ensemble
2026-05-16,18,3,wk inc flu hosp,2026-06-06,quantile,0.1,4,Indiana,Ensemble
2026-05-16,18,3,wk inc flu hosp,2026-06-06,quantile,0.15,5,Indiana,Ensemble
2026-05-16,18,3,wk inc flu hosp,2026-06-06,quantile,0.2,6,Indiana,Ensemble
2026-05-16,18,3,wk inc flu hosp,2026-06-06,quantile,0.25,7,Indiana,Ensemble
2026-05-16,18,3,wk inc flu hosp,2026-06-06,quantile,0.3,8,Indiana,Ensemble
2026-05-16,18,3,wk inc flu hosp,2026-06-06,quantile,0.35,9,Indiana,Ensemble
2026-05-16,18,3,wk inc flu hosp,2026-06-06,quantile,0.4,10,Indiana,Ensemble
2026-05-16,18,3,wk inc flu hosp,2026-06-06,quantile,0.45,11,Indiana,Ensemble
2026-05-16,18,3,wk inc flu hosp,2026-06-06,quantile,0.5,13,Indiana,Ensemble
2026-05-16,18,3,wk inc flu hosp,2026-06-06,quantile,0.55,14,Indiana,Ensemble
2026-05-16,18,3,wk inc flu hosp,2026-06-06,quantile,0.6,15,Indiana,Ensemble
2026-05-16,18,3,wk inc flu hosp,2026-06-06,quantile,0.65,16,Indiana,Ensemble
2026-05-16,18,3,wk inc flu hosp,2026-06-06,quantile,0.7,18,Indiana,Ensemble
2026-05-16,18,3,wk inc flu hosp,2026-06-06,quantile,0.75,20,Indiana,Ensemble
2026-05-16,18,3,wk inc flu hosp,2026-06-06,quantile,0.8,23,Indiana,Ensemble
2026-05-16,18,3,wk inc flu hosp,2026-06-06,quantile,0.85,28,Indiana,Ensemble
2026-05-16,18,3,wk inc flu hosp,2026-06-06,quantile,0.9,35,Indiana,Ensemble
2026-05-16,18,3,wk inc flu hosp,2026-06-06,quantile,0.95,50,Indiana,Ensemble
2026-05-16,18,3,wk inc flu hosp,2026-06-06,quantile,0.975,67,Indiana,Ensemble
2026-05-16,18,3,wk inc flu hosp,2026-06-06,quantile,0.99,93,Indiana,Ensemble
2026-05-16,19,0,wk inc flu hosp,2026-05-16,quantile,0.01,0,Iowa,Ensemble
2026-05-16,19,0,wk inc flu hosp,2026-05-16,quantile,0.025,0,Iowa,Ensemble
2026-05-16,19,0,wk inc flu hosp,2026-05-16,quantile,0.05,0,Iowa,Ensemble
2026-05-16,19,0,wk inc flu hosp,2026-05-16,quantile,0.1,0,Iowa,Ensemble
2026-05-16,19,0,wk inc flu hosp,2026-05-16,quantile,0.15,0,Iowa,Ensemble
2026-05-16,19,0,wk inc flu hosp,2026-05-16,quantile,0.2,1,Iowa,Ensemble
2026-05-16,19,0,wk inc flu hosp,2026-05-16,quantile,0.25,1,Iowa,Ensemble
2026-05-16,19,0,wk inc flu hosp,2026-05-16,quantile,0.3,1,Iowa,Ensemble
2026-05-16,19,0,wk inc flu hosp,2026-05-16,quantile,0.35,2,Iowa,Ensemble
2026-05-16,19,0,wk inc flu hosp,2026-05-16,quantile,0.4,2,Iowa,Ensemble
2026-05-16,19,0,wk inc flu hosp,2026-05-16,quantile,0.45,2,Iowa,Ensemble
2026-05-16,19,0,wk inc flu hosp,2026-05-16,quantile,0.5,4,Iowa,Ensemble
2026-05-16,19,0,wk inc flu hosp,2026-05-16,quantile,0.55,4,Iowa,Ensemble
2026-05-16,19,0,wk inc flu hosp,2026-05-16,quantile,0.6,4,Iowa,Ensemble
2026-05-16,19,0,wk inc flu hosp,2026-05-16,quantile,0.65,5,Iowa,Ensemble
2026-05-16,19,0,wk inc flu hosp,2026-05-16,quantile,0.7,5,Iowa,Ensemble
2026-05-16,19,0,wk inc flu hosp,2026-05-16,quantile,0.75,6,Iowa,Ensemble
2026-05-16,19,0,wk inc flu hosp,2026-05-16,quantile,0.8,6,Iowa,Ensemble
2026-05-16,19,0,wk inc flu hosp,2026-05-16,quantile,0.85,7,Iowa,Ensemble
2026-05-16,19,0,wk inc flu hosp,2026-05-16,quantile,0.9,8,Iowa,Ensemble
2026-05-16,19,0,wk inc flu hosp,2026-05-16,quantile,0.95,11,Iowa,Ensemble
2026-05-16,19,0,wk inc flu hosp,2026-05-16,quantile,0.975,13,Iowa,Ensemble
2026-05-16,19,0,wk inc flu hosp,2026-05-16,quantile,0.99,17,Iowa,Ensemble
2026-05-16,19,1,wk inc flu hosp,2026-05-23,quantile,0.01,0,Iowa,Ensemble
2026-05-16,19,1,wk inc flu hosp,2026-05-23,quantile,0.025,0,Iowa,Ensemble
2026-05-16,19,1,wk inc flu hosp,2026-05-23,quantile,0.05,0,Iowa,Ensemble
2026-05-16,19,1,wk inc flu hosp,2026-05-23,quantile,0.1,0,Iowa,Ensemble
2026-05-16,19,1,wk inc flu hosp,2026-05-23,quantile,0.15,0,Iowa,Ensemble
2026-05-16,19,1,wk inc flu hosp,2026-05-23,quantile,0.2,0,Iowa,Ensemble
2026-05-16,19,1,wk inc flu hosp,2026-05-23,quantile,0.25,0,Iowa,Ensemble
2026-05-16,19,1,wk inc flu hosp,2026-05-23,quantile,0.3,1,Iowa,Ensemble
2026-05-16,19,1,wk inc flu hosp,2026-05-23,quantile,0.35,1,Iowa,Ensemble
2026-05-16,19,1,wk inc flu hosp,2026-05-23,quantile,0.4,1,Iowa,Ensemble
2026-05-16,19,1,wk inc flu hosp,2026-05-23,quantile,0.45,2,Iowa,Ensemble
2026-05-16,19,1,wk inc flu hosp,2026-05-23,quantile,0.5,3,Iowa,Ensemble
2026-05-16,19,1,wk inc flu hosp,2026-05-23,quantile,0.55,3,Iowa,Ensemble
2026-05-16,19,1,wk inc flu hosp,2026-05-23,quantile,0.6,3,Iowa,Ensemble
2026-05-16,19,1,wk inc flu hosp,2026-05-23,quantile,0.65,4,Iowa,Ensemble
2026-05-16,19,1,wk inc flu hosp,2026-05-23,quantile,0.7,4,Iowa,Ensemble
2026-05-16,19,1,wk inc flu hosp,2026-05-23,quantile,0.75,5,Iowa,Ensemble
2026-05-16,19,1,wk inc flu hosp,2026-05-23,quantile,0.8,5,Iowa,Ensemble
2026-05-16,19,1,wk inc flu hosp,2026-05-23,quantile,0.85,6,Iowa,Ensemble
2026-05-16,19,1,wk inc flu hosp,2026-05-23,quantile,0.9,7,Iowa,Ensemble
2026-05-16,19,1,wk inc flu hosp,2026-05-23,quantile,0.95,10,Iowa,Ensemble
2026-05-16,19,1,wk inc flu hosp,2026-05-23,quantile,0.975,13,Iowa,Ensemble
2026-05-16,19,1,wk inc flu hosp,2026-05-23,quantile,0.99,17,Iowa,Ensemble
2026-05-16,19,2,wk inc flu hosp,2026-05-30,quantile,0.01,0,Iowa,Ensemble
2026-05-16,19,2,wk inc flu hosp,2026-05-30,quantile,0.025,0,Iowa,Ensemble
2026-05-16,19,2,wk inc flu hosp,2026-05-30,quantile,0.05,0,Iowa,Ensemble
2026-05-16,19,2,wk inc flu hosp,2026-05-30,quantile,0.1,0,Iowa,Ensemble
2026-05-16,19,2,wk inc flu hosp,2026-05-30,quantile,0.15,0,Iowa,Ensemble
2026-05-16,19,2,wk inc flu hosp,2026-05-30,quantile,0.2,0,Iowa,Ensemble
2026-05-16,19,2,wk inc flu hosp,2026-05-30,quantile,0.25,0,Iowa,Ensemble
2026-05-16,19,2,wk inc flu hosp,2026-05-30,quantile,0.3,1,Iowa,Ensemble
2026-05-16,19,2,wk inc flu hosp,2026-05-30,quantile,0.35,1,Iowa,Ensemble
2026-05-16,19,2,wk inc flu hosp,2026-05-30,quantile,0.4,1,Iowa,Ensemble
2026-05-16,19,2,wk inc flu hosp,2026-05-30,quantile,0.45,1,Iowa,Ensemble
2026-05-16,19,2,wk inc flu hosp,2026-05-30,quantile,0.5,3,Iowa,Ensemble
2026-05-16,19,2,wk inc flu hosp,2026-05-30,quantile,0.55,3,Iowa,Ensemble
2026-05-16,19,2,wk inc flu hosp,2026-05-30,quantile,0.6,3,Iowa,Ensemble
2026-05-16,19,2,wk inc flu hosp,2026-05-30,quantile,0.65,4,Iowa,Ensemble
2026-05-16,19,2,wk inc flu hosp,2026-05-30,quantile,0.7,4,Iowa,Ensemble
2026-05-16,19,2,wk inc flu hosp,2026-05-30,quantile,0.75,5,Iowa,Ensemble
2026-05-16,19,2,wk inc flu hosp,2026-05-30,quantile,0.8,5,Iowa,Ensemble
2026-05-16,19,2,wk inc flu hosp,2026-05-30,quantile,0.85,6,Iowa,Ensemble
2026-05-16,19,2,wk inc flu hosp,2026-05-30,quantile,0.9,8,Iowa,Ensemble
2026-05-16,19,2,wk inc flu hosp,2026-05-30,quantile,0.95,11,Iowa,Ensemble
2026-05-16,19,2,wk inc flu hosp,2026-05-30,quantile,0.975,15,Iowa,Ensemble
2026-05-16,19,2,wk inc flu hosp,2026-05-30,quantile,0.99,21,Iowa,Ensemble
2026-05-16,19,3,wk inc flu hosp,2026-06-06,quantile,0.01,0,Iowa,Ensemble
2026-05-16,19,3,wk inc flu hosp,2026-06-06,quantile,0.025,0,Iowa,Ensemble
2026-05-16,19,3,wk inc flu hosp,2026-06-06,quantile,0.05,0,Iowa,Ensemble
2026-05-16,19,3,wk inc flu hosp,2026-06-06,quantile,0.1,0,Iowa,Ensemble
2026-05-16,19,3,wk inc flu hosp,2026-06-06,quantile,0.15,0,Iowa,Ensemble
2026-05-16,19,3,wk inc flu hosp,2026-06-06,quantile,0.2,0,Iowa,Ensemble
2026-05-16,19,3,wk inc flu hosp,2026-06-06,quantile,0.25,0,Iowa,Ensemble
2026-05-16,19,3,wk inc flu hosp,2026-06-06,quantile,0.3,1,Iowa,Ensemble
2026-05-16,19,3,wk inc flu hosp,2026-06-06,quantile,0.35,1,Iowa,Ensemble
2026-05-16,19,3,wk inc flu hosp,2026-06-06,quantile,0.4,1,Iowa,Ensemble
2026-05-16,19,3,wk inc flu hosp,2026-06-06,quantile,0.45,1,Iowa,Ensemble
2026-05-16,19,3,wk inc flu hosp,2026-06-06,quantile,0.5,3,Iowa,Ensemble
2026-05-16,19,3,wk inc flu hosp,2026-06-06,quantile,0.55,3,Iowa,Ensemble
2026-05-16,19,3,wk inc flu hosp,2026-06-06,quantile,0.6,3,Iowa,Ensemble
2026-05-16,19,3,wk inc flu hosp,2026-06-06,quantile,0.65,4,Iowa,Ensemble
2026-05-16,19,3,wk inc flu hosp,2026-06-06,quantile,0.7,4,Iowa,Ensemble
2026-05-16,19,3,wk inc flu hosp,2026-06-06,quantile,0.75,5,Iowa,Ensemble
2026-05-16,19,3,wk inc flu hosp,2026-06-06,quantile,0.8,6,Iowa,Ensemble
2026-05-16,19,3,wk inc flu hosp,2026-06-06,quantile,0.85,7,Iowa,Ensemble
2026-05-16,19,3,wk inc flu hosp,2026-06-06,quantile,0.9,9,Iowa,Ensemble
2026-05-16,19,3,wk inc flu hosp,2026-06-06,quantile,0.95,14,Iowa,Ensemble
2026-05-16,19,3,wk inc flu hosp,2026-06-06,quantile,0.975,19,Iowa,Ensemble
2026-05-16,19,3,wk inc flu hosp,2026-06-06,quantile,0.99,26,Iowa,Ensemble
2026-05-16,20,0,wk inc flu hosp,2026-05-16,quantile,0.01,0,Kansas,Ensemble
2026-05-16,20,0,wk inc flu hosp,2026-05-16,quantile,0.025,0,Kansas,Ensemble
2026-05-16,20,0,wk inc flu hosp,2026-05-16,quantile,0.05,0,Kansas,Ensemble
2026-05-16,20,0,wk inc flu hosp,2026-05-16,quantile,0.1,0,Kansas,Ensemble
2026-05-16,20,0,wk inc flu hosp,2026-05-16,quantile,0.15,0,Kansas,Ensemble
2026-05-16,20,0,wk inc flu hosp,2026-05-16,quantile,0.2,1,Kansas,Ensemble
2026-05-16,20,0,wk inc flu hosp,2026-05-16,quantile,0.25,1,Kansas,Ensemble
2026-05-16,20,0,wk inc flu hosp,2026-05-16,quantile,0.3,1,Kansas,Ensemble
2026-05-16,20,0,wk inc flu hosp,2026-05-16,quantile,0.35,1,Kansas,Ensemble
2026-05-16,20,0,wk inc flu hosp,2026-05-16,quantile,0.4,2,Kansas,Ensemble
2026-05-16,20,0,wk inc flu hosp,2026-05-16,quantile,0.45,2,Kansas,Ensemble
2026-05-16,20,0,wk inc flu hosp,2026-05-16,quantile,0.5,3,Kansas,Ensemble
2026-05-16,20,0,wk inc flu hosp,2026-05-16,quantile,0.55,3,Kansas,Ensemble
2026-05-16,20,0,wk inc flu hosp,2026-05-16,quantile,0.6,4,Kansas,Ensemble
2026-05-16,20,0,wk inc flu hosp,2026-05-16,quantile,0.65,4,Kansas,Ensemble
2026-05-16,20,0,wk inc flu hosp,2026-05-16,quantile,0.7,4,Kansas,Ensemble
2026-05-16,20,0,wk inc flu hosp,2026-05-16,quantile,0.75,5,Kansas,Ensemble
2026-05-16,20,0,wk inc flu hosp,2026-05-16,quantile,0.8,5,Kansas,Ensemble
2026-05-16,20,0,wk inc flu hosp,2026-05-16,quantile,0.85,6,Kansas,Ensemble
2026-05-16,20,0,wk inc flu hosp,2026-05-16,quantile,0.9,7,Kansas,Ensemble
2026-05-16,20,0,wk inc flu hosp,2026-05-16,quantile,0.95,9,Kansas,Ensemble
2026-05-16,20,0,wk inc flu hosp,2026-05-16,quantile,0.975,11,Kansas,Ensemble
2026-05-16,20,0,wk inc flu hosp,2026-05-16,quantile,0.99,15,Kansas,Ensemble
2026-05-16,20,1,wk inc flu hosp,2026-05-23,quantile,0.01,0,Kansas,Ensemble
2026-05-16,20,1,wk inc flu hosp,2026-05-23,quantile,0.025,0,Kansas,Ensemble
2026-05-16,20,1,wk inc flu hosp,2026-05-23,quantile,0.05,0,Kansas,Ensemble
2026-05-16,20,1,wk inc flu hosp,2026-05-23,quantile,0.1,0,Kansas,Ensemble
2026-05-16,20,1,wk inc flu hosp,2026-05-23,quantile,0.15,0,Kansas,Ensemble
2026-05-16,20,1,wk inc flu hosp,2026-05-23,quantile,0.2,1,Kansas,Ensemble
2026-05-16,20,1,wk inc flu hosp,2026-05-23,quantile,0.25,1,Kansas,Ensemble
2026-05-16,20,1,wk inc flu hosp,2026-05-23,quantile,0.3,1,Kansas,Ensemble
2026-05-16,20,1,wk inc flu hosp,2026-05-23,quantile,0.35,1,Kansas,Ensemble
2026-05-16,20,1,wk inc flu hosp,2026-05-23,quantile,0.4,1,Kansas,Ensemble
2026-05-16,20,1,wk inc flu hosp,2026-05-23,quantile,0.45,2,Kansas,Ensemble
2026-05-16,20,1,wk inc flu hosp,2026-05-23,quantile,0.5,3,Kansas,Ensemble
2026-05-16,20,1,wk inc flu hosp,2026-05-23,quantile,0.55,3,Kansas,Ensemble
2026-05-16,20,1,wk inc flu hosp,2026-05-23,quantile,0.6,3,Kansas,Ensemble
2026-05-16,20,1,wk inc flu hosp,2026-05-23,quantile,0.65,4,Kansas,Ensemble
2026-05-16,20,1,wk inc flu hosp,2026-05-23,quantile,0.7,4,Kansas,Ensemble
2026-05-16,20,1,wk inc flu hosp,2026-05-23,quantile,0.75,4,Kansas,Ensemble
2026-05-16,20,1,wk inc flu hosp,2026-05-23,quantile,0.8,5,Kansas,Ensemble
2026-05-16,20,1,wk inc flu hosp,2026-05-23,quantile,0.85,6,Kansas,Ensemble
2026-05-16,20,1,wk inc flu hosp,2026-05-23,quantile,0.9,7,Kansas,Ensemble
2026-05-16,20,1,wk inc flu hosp,2026-05-23,quantile,0.95,9,Kansas,Ensemble
2026-05-16,20,1,wk inc flu hosp,2026-05-23,quantile,0.975,12,Kansas,Ensemble
2026-05-16,20,1,wk inc flu hosp,2026-05-23,quantile,0.99,17,Kansas,Ensemble
2026-05-16,20,2,wk inc flu hosp,2026-05-30,quantile,0.01,0,Kansas,Ensemble
2026-05-16,20,2,wk inc flu hosp,2026-05-30,quantile,0.025,0,Kansas,Ensemble
2026-05-16,20,2,wk inc flu hosp,2026-05-30,quantile,0.05,0,Kansas,Ensemble
2026-05-16,20,2,wk inc flu hosp,2026-05-30,quantile,0.1,0,Kansas,Ensemble
2026-05-16,20,2,wk inc flu hosp,2026-05-30,quantile,0.15,0,Kansas,Ensemble
2026-05-16,20,2,wk inc flu hosp,2026-05-30,quantile,0.2,1,Kansas,Ensemble
2026-05-16,20,2,wk inc flu hosp,2026-05-30,quantile,0.25,1,Kansas,Ensemble
2026-05-16,20,2,wk inc flu hosp,2026-05-30,quantile,0.3,1,Kansas,Ensemble
2026-05-16,20,2,wk inc flu hosp,2026-05-30,quantile,0.35,1,Kansas,Ensemble
2026-05-16,20,2,wk inc flu hosp,2026-05-30,quantile,0.4,1,Kansas,Ensemble
2026-05-16,20,2,wk inc flu hosp,2026-05-30,quantile,0.45,1,Kansas,Ensemble
2026-05-16,20,2,wk inc flu hosp,2026-05-30,quantile,0.5,3,Kansas,Ensemble
2026-05-16,20,2,wk inc flu hosp,2026-05-30,quantile,0.55,3,Kansas,Ensemble
2026-05-16,20,2,wk inc flu hosp,2026-05-30,quantile,0.6,3,Kansas,Ensemble
2026-05-16,20,2,wk inc flu hosp,2026-05-30,quantile,0.65,3,Kansas,Ensemble
2026-05-16,20,2,wk inc flu hosp,2026-05-30,quantile,0.7,4,Kansas,Ensemble
2026-05-16,20,2,wk inc flu hosp,2026-05-30,quantile,0.75,4,Kansas,Ensemble
2026-05-16,20,2,wk inc flu hosp,2026-05-30,quantile,0.8,5,Kansas,Ensemble
2026-05-16,20,2,wk inc flu hosp,2026-05-30,quantile,0.85,6,Kansas,Ensemble
2026-05-16,20,2,wk inc flu hosp,2026-05-30,quantile,0.9,7,Kansas,Ensemble
2026-05-16,20,2,wk inc flu hosp,2026-05-30,quantile,0.95,11,Kansas,Ensemble
2026-05-16,20,2,wk inc flu hosp,2026-05-30,quantile,0.975,14,Kansas,Ensemble
2026-05-16,20,2,wk inc flu hosp,2026-05-30,quantile,0.99,19,Kansas,Ensemble
2026-05-16,20,3,wk inc flu hosp,2026-06-06,quantile,0.01,0,Kansas,Ensemble
2026-05-16,20,3,wk inc flu hosp,2026-06-06,quantile,0.025,0,Kansas,Ensemble
2026-05-16,20,3,wk inc flu hosp,2026-06-06,quantile,0.05,0,Kansas,Ensemble
2026-05-16,20,3,wk inc flu hosp,2026-06-06,quantile,0.1,0,Kansas,Ensemble
2026-05-16,20,3,wk inc flu hosp,2026-06-06,quantile,0.15,0,Kansas,Ensemble
2026-05-16,20,3,wk inc flu hosp,2026-06-06,quantile,0.2,0,Kansas,Ensemble
2026-05-16,20,3,wk inc flu hosp,2026-06-06,quantile,0.25,1,Kansas,Ensemble
2026-05-16,20,3,wk inc flu hosp,2026-06-06,quantile,0.3,1,Kansas,Ensemble
2026-05-16,20,3,wk inc flu hosp,2026-06-06,quantile,0.35,1,Kansas,Ensemble
2026-05-16,20,3,wk inc flu hosp,2026-06-06,quantile,0.4,1,Kansas,Ensemble
2026-05-16,20,3,wk inc flu hosp,2026-06-06,quantile,0.45,1,Kansas,Ensemble
2026-05-16,20,3,wk inc flu hosp,2026-06-06,quantile,0.5,2,Kansas,Ensemble
2026-05-16,20,3,wk inc flu hosp,2026-06-06,quantile,0.55,3,Kansas,Ensemble
2026-05-16,20,3,wk inc flu hosp,2026-06-06,quantile,0.6,3,Kansas,Ensemble
2026-05-16,20,3,wk inc flu hosp,2026-06-06,quantile,0.65,3,Kansas,Ensemble
2026-05-16,20,3,wk inc flu hosp,2026-06-06,quantile,0.7,4,Kansas,Ensemble
2026-05-16,20,3,wk inc flu hosp,2026-06-06,quantile,0.75,4,Kansas,Ensemble
2026-05-16,20,3,wk inc flu hosp,2026-06-06,quantile,0.8,5,Kansas,Ensemble
2026-05-16,20,3,wk inc flu hosp,2026-06-06,quantile,0.85,6,Kansas,Ensemble
2026-05-16,20,3,wk inc flu hosp,2026-06-06,quantile,0.9,8,Kansas,Ensemble
2026-05-16,20,3,wk inc flu hosp,2026-06-06,quantile,0.95,12,Kansas,Ensemble
2026-05-16,20,3,wk inc flu hosp,2026-06-06,quantile,0.975,17,Kansas,Ensemble
2026-05-16,20,3,wk inc flu hosp,2026-06-06,quantile,0.99,24,Kansas,Ensemble
2026-05-16,21,0,wk inc flu hosp,2026-05-16,quantile,0.01,1,Kentucky,Ensemble
2026-05-16,21,0,wk inc flu hosp,2026-05-16,quantile,0.025,1,Kentucky,Ensemble
2026-05-16,21,0,wk inc flu hosp,2026-05-16,quantile,0.05,2,Kentucky,Ensemble
2026-05-16,21,0,wk inc flu hosp,2026-05-16,quantile,0.1,2,Kentucky,Ensemble
2026-05-16,21,0,wk inc flu hosp,2026-05-16,quantile,0.15,3,Kentucky,Ensemble
2026-05-16,21,0,wk inc flu hosp,2026-05-16,quantile,0.2,3,Kentucky,Ensemble
2026-05-16,21,0,wk inc flu hosp,2026-05-16,quantile,0.25,4,Kentucky,Ensemble
2026-05-16,21,0,wk inc flu hosp,2026-05-16,quantile,0.3,4,Kentucky,Ensemble
2026-05-16,21,0,wk inc flu hosp,2026-05-16,quantile,0.35,5,Kentucky,Ensemble
2026-05-16,21,0,wk inc flu hosp,2026-05-16,quantile,0.4,5,Kentucky,Ensemble
2026-05-16,21,0,wk inc flu hosp,2026-05-16,quantile,0.45,6,Kentucky,Ensemble
2026-05-16,21,0,wk inc flu hosp,2026-05-16,quantile,0.5,8,Kentucky,Ensemble
2026-05-16,21,0,wk inc flu hosp,2026-05-16,quantile,0.55,8,Kentucky,Ensemble
2026-05-16,21,0,wk inc flu hosp,2026-05-16,quantile,0.6,9,Kentucky,Ensemble
2026-05-16,21,0,wk inc flu hosp,2026-05-16,quantile,0.65,10,Kentucky,Ensemble
2026-05-16,21,0,wk inc flu hosp,2026-05-16,quantile,0.7,11,Kentucky,Ensemble
2026-05-16,21,0,wk inc flu hosp,2026-05-16,quantile,0.75,12,Kentucky,Ensemble
2026-05-16,21,0,wk inc flu hosp,2026-05-16,quantile,0.8,13,Kentucky,Ensemble
2026-05-16,21,0,wk inc flu hosp,2026-05-16,quantile,0.85,15,Kentucky,Ensemble
2026-05-16,21,0,wk inc flu hosp,2026-05-16,quantile,0.9,17,Kentucky,Ensemble
2026-05-16,21,0,wk inc flu hosp,2026-05-16,quantile,0.95,21,Kentucky,Ensemble
2026-05-16,21,0,wk inc flu hosp,2026-05-16,quantile,0.975,26,Kentucky,Ensemble
2026-05-16,21,0,wk inc flu hosp,2026-05-16,quantile,0.99,33,Kentucky,Ensemble
2026-05-16,21,1,wk inc flu hosp,2026-05-23,quantile,0.01,1,Kentucky,Ensemble
2026-05-16,21,1,wk inc flu hosp,2026-05-23,quantile,0.025,1,Kentucky,Ensemble
2026-05-16,21,1,wk inc flu hosp,2026-05-23,quantile,0.05,1,Kentucky,Ensemble
2026-05-16,21,1,wk inc flu hosp,2026-05-23,quantile,0.1,2,Kentucky,Ensemble
2026-05-16,21,1,wk inc flu hosp,2026-05-23,quantile,0.15,2,Kentucky,Ensemble
2026-05-16,21,1,wk inc flu hosp,2026-05-23,quantile,0.2,3,Kentucky,Ensemble
2026-05-16,21,1,wk inc flu hosp,2026-05-23,quantile,0.25,3,Kentucky,Ensemble
2026-05-16,21,1,wk inc flu hosp,2026-05-23,quantile,0.3,4,Kentucky,Ensemble
2026-05-16,21,1,wk inc flu hosp,2026-05-23,quantile,0.35,4,Kentucky,Ensemble
2026-05-16,21,1,wk inc flu hosp,2026-05-23,quantile,0.4,5,Kentucky,Ensemble
2026-05-16,21,1,wk inc flu hosp,2026-05-23,quantile,0.45,5,Kentucky,Ensemble
2026-05-16,21,1,wk inc flu hosp,2026-05-23,quantile,0.5,7,Kentucky,Ensemble
2026-05-16,21,1,wk inc flu hosp,2026-05-23,quantile,0.55,8,Kentucky,Ensemble
2026-05-16,21,1,wk inc flu hosp,2026-05-23,quantile,0.6,9,Kentucky,Ensemble
2026-05-16,21,1,wk inc flu hosp,2026-05-23,quantile,0.65,9,Kentucky,Ensemble
2026-05-16,21,1,wk inc flu hosp,2026-05-23,quantile,0.7,10,Kentucky,Ensemble
2026-05-16,21,1,wk inc flu hosp,2026-05-23,quantile,0.75,11,Kentucky,Ensemble
2026-05-16,21,1,wk inc flu hosp,2026-05-23,quantile,0.8,13,Kentucky,Ensemble
2026-05-16,21,1,wk inc flu hosp,2026-05-23,quantile,0.85,14,Kentucky,Ensemble
2026-05-16,21,1,wk inc flu hosp,2026-05-23,quantile,0.9,17,Kentucky,Ensemble
2026-05-16,21,1,wk inc flu hosp,2026-05-23,quantile,0.95,21,Kentucky,Ensemble
2026-05-16,21,1,wk inc flu hosp,2026-05-23,quantile,0.975,27,Kentucky,Ensemble
2026-05-16,21,1,wk inc flu hosp,2026-05-23,quantile,0.99,35,Kentucky,Ensemble
2026-05-16,21,2,wk inc flu hosp,2026-05-30,quantile,0.01,0,Kentucky,Ensemble
2026-05-16,21,2,wk inc flu hosp,2026-05-30,quantile,0.025,1,Kentucky,Ensemble
2026-05-16,21,2,wk inc flu hosp,2026-05-30,quantile,0.05,1,Kentucky,Ensemble
2026-05-16,21,2,wk inc flu hosp,2026-05-30,quantile,0.1,2,Kentucky,Ensemble
2026-05-16,21,2,wk inc flu hosp,2026-05-30,quantile,0.15,2,Kentucky,Ensemble
2026-05-16,21,2,wk inc flu hosp,2026-05-30,quantile,0.2,3,Kentucky,Ensemble
2026-05-16,21,2,wk inc flu hosp,2026-05-30,quantile,0.25,3,Kentucky,Ensemble
2026-05-16,21,2,wk inc flu hosp,2026-05-30,quantile,0.3,4,Kentucky,Ensemble
2026-05-16,21,2,wk inc flu hosp,2026-05-30,quantile,0.35,4,Kentucky,Ensemble
2026-05-16,21,2,wk inc flu hosp,2026-05-30,quantile,0.4,5,Kentucky,Ensemble
2026-05-16,21,2,wk inc flu hosp,2026-05-30,quantile,0.45,5,Kentucky,Ensemble
2026-05-16,21,2,wk inc flu hosp,2026-05-30,quantile,0.5,7,Kentucky,Ensemble
2026-05-16,21,2,wk inc flu hosp,2026-05-30,quantile,0.55,7,Kentucky,Ensemble
2026-05-16,21,2,wk inc flu hosp,2026-05-30,quantile,0.6,8,Kentucky,Ensemble
2026-05-16,21,2,wk inc flu hosp,2026-05-30,quantile,0.65,9,Kentucky,Ensemble
2026-05-16,21,2,wk inc flu hosp,2026-05-30,quantile,0.7,10,Kentucky,Ensemble
2026-05-16,21,2,wk inc flu hosp,2026-05-30,quantile,0.75,11,Kentucky,Ensemble
2026-05-16,21,2,wk inc flu hosp,2026-05-30,quantile,0.8,13,Kentucky,Ensemble
2026-05-16,21,2,wk inc flu hosp,2026-05-30,quantile,0.85,14,Kentucky,Ensemble
2026-05-16,21,2,wk inc flu hosp,2026-05-30,quantile,0.9,17,Kentucky,Ensemble
2026-05-16,21,2,wk inc flu hosp,2026-05-30,quantile,0.95,23,Kentucky,Ensemble
2026-05-16,21,2,wk inc flu hosp,2026-05-30,quantile,0.975,29,Kentucky,Ensemble
2026-05-16,21,2,wk inc flu hosp,2026-05-30,quantile,0.99,40,Kentucky,Ensemble
2026-05-16,21,3,wk inc flu hosp,2026-06-06,quantile,0.01,0,Kentucky,Ensemble
2026-05-16,21,3,wk inc flu hosp,2026-06-06,quantile,0.025,1,Kentucky,Ensemble
2026-05-16,21,3,wk inc flu hosp,2026-06-06,quantile,0.05,1,Kentucky,Ensemble
2026-05-16,21,3,wk inc flu hosp,2026-06-06,quantile,0.1,1,Kentucky,Ensemble
2026-05-16,21,3,wk inc flu hosp,2026-06-06,quantile,0.15,2,Kentucky,Ensemble
2026-05-16,21,3,wk inc flu hosp,2026-06-06,quantile,0.2,3,Kentucky,Ensemble
2026-05-16,21,3,wk inc flu hosp,2026-06-06,quantile,0.25,3,Kentucky,Ensemble
2026-05-16,21,3,wk inc flu hosp,2026-06-06,quantile,0.3,4,Kentucky,Ensemble
2026-05-16,21,3,wk inc flu hosp,2026-06-06,quantile,0.35,4,Kentucky,Ensemble
2026-05-16,21,3,wk inc flu hosp,2026-06-06,quantile,0.4,4,Kentucky,Ensemble
2026-05-16,21,3,wk inc flu hosp,2026-06-06,quantile,0.45,5,Kentucky,Ensemble
2026-05-16,21,3,wk inc flu hosp,2026-06-06,quantile,0.5,6,Kentucky,Ensemble
2026-05-16,21,3,wk inc flu hosp,2026-06-06,quantile,0.55,7,Kentucky,Ensemble
2026-05-16,21,3,wk inc flu hosp,2026-06-06,quantile,0.6,8,Kentucky,Ensemble
2026-05-16,21,3,wk inc flu hosp,2026-06-06,quantile,0.65,9,Kentucky,Ensemble
2026-05-16,21,3,wk inc flu hosp,2026-06-06,quantile,0.7,10,Kentucky,Ensemble
2026-05-16,21,3,wk inc flu hosp,2026-06-06,quantile,0.75,11,Kentucky,Ensemble
2026-05-16,21,3,wk inc flu hosp,2026-06-06,quantile,0.8,13,Kentucky,Ensemble
2026-05-16,21,3,wk inc flu hosp,2026-06-06,quantile,0.85,15,Kentucky,Ensemble
2026-05-16,21,3,wk inc flu hosp,2026-06-06,quantile,0.9,19,Kentucky,Ensemble
2026-05-16,21,3,wk inc flu hosp,2026-06-06,quantile,0.95,27,Kentucky,Ensemble
2026-05-16,21,3,wk inc flu hosp,2026-06-06,quantile,0.975,36,Kentucky,Ensemble
2026-05-16,21,3,wk inc flu hosp,2026-06-06,quantile,0.99,50,Kentucky,Ensemble
2026-05-16,22,0,wk inc flu hosp,2026-05-16,quantile,0.01,4,Louisiana,Ensemble
2026-05-16,22,0,wk inc flu hosp,2026-05-16,quantile,0.025,6,Louisiana,Ensemble
2026-05-16,22,0,wk inc flu hosp,2026-05-16,quantile,0.05,8,Louisiana,Ensemble
2026-05-16,22,0,wk inc flu hosp,2026-05-16,quantile,0.1,10,Louisiana,Ensemble
2026-05-16,22,0,wk inc flu hosp,2026-05-16,quantile,0.15,11,Louisiana,Ensemble
2026-05-16,22,0,wk inc flu hosp,2026-05-16,quantile,0.2,12,Louisiana,Ensemble
2026-05-16,22,0,wk inc flu hosp,2026-05-16,quantile,0.25,14,Louisiana,Ensemble
2026-05-16,22,0,wk inc flu hosp,2026-05-16,quantile,0.3,15,Louisiana,Ensemble
2026-05-16,22,0,wk inc flu hosp,2026-05-16,quantile,0.35,16,Louisiana,Ensemble
2026-05-16,22,0,wk inc flu hosp,2026-05-16,quantile,0.4,17,Louisiana,Ensemble
2026-05-16,22,0,wk inc flu hosp,2026-05-16,quantile,0.45,18,Louisiana,Ensemble
2026-05-16,22,0,wk inc flu hosp,2026-05-16,quantile,0.5,20,Louisiana,Ensemble
2026-05-16,22,0,wk inc flu hosp,2026-05-16,quantile,0.55,21,Louisiana,Ensemble
2026-05-16,22,0,wk inc flu hosp,2026-05-16,quantile,0.6,22,Louisiana,Ensemble
2026-05-16,22,0,wk inc flu hosp,2026-05-16,quantile,0.65,23,Louisiana,Ensemble
2026-05-16,22,0,wk inc flu hosp,2026-05-16,quantile,0.7,25,Louisiana,Ensemble
2026-05-16,22,0,wk inc flu hosp,2026-05-16,quantile,0.75,26,Louisiana,Ensemble
2026-05-16,22,0,wk inc flu hosp,2026-05-16,quantile,0.8,28,Louisiana,Ensemble
2026-05-16,22,0,wk inc flu hosp,2026-05-16,quantile,0.85,30,Louisiana,Ensemble
2026-05-16,22,0,wk inc flu hosp,2026-05-16,quantile,0.9,33,Louisiana,Ensemble
2026-05-16,22,0,wk inc flu hosp,2026-05-16,quantile,0.95,38,Louisiana,Ensemble
2026-05-16,22,0,wk inc flu hosp,2026-05-16,quantile,0.975,43,Louisiana,Ensemble
2026-05-16,22,0,wk inc flu hosp,2026-05-16,quantile,0.99,53,Louisiana,Ensemble
2026-05-16,22,1,wk inc flu hosp,2026-05-23,quantile,0.01,3,Louisiana,Ensemble
2026-05-16,22,1,wk inc flu hosp,2026-05-23,quantile,0.025,5,Louisiana,Ensemble
2026-05-16,22,1,wk inc flu hosp,2026-05-23,quantile,0.05,6,Louisiana,Ensemble
2026-05-16,22,1,wk inc flu hosp,2026-05-23,quantile,0.1,9,Louisiana,Ensemble
2026-05-16,22,1,wk inc flu hosp,2026-05-23,quantile,0.15,10,Louisiana,Ensemble
2026-05-16,22,1,wk inc flu hosp,2026-05-23,quantile,0.2,11,Louisiana,Ensemble
2026-05-16,22,1,wk inc flu hosp,2026-05-23,quantile,0.25,13,Louisiana,Ensemble
2026-05-16,22,1,wk inc flu hosp,2026-05-23,quantile,0.3,14,Louisiana,Ensemble
2026-05-16,22,1,wk inc flu hosp,2026-05-23,quantile,0.35,15,Louisiana,Ensemble
2026-05-16,22,1,wk inc flu hosp,2026-05-23,quantile,0.4,16,Louisiana,Ensemble
2026-05-16,22,1,wk inc flu hosp,2026-05-23,quantile,0.45,17,Louisiana,Ensemble
2026-05-16,22,1,wk inc flu hosp,2026-05-23,quantile,0.5,19,Louisiana,Ensemble
2026-05-16,22,1,wk inc flu hosp,2026-05-23,quantile,0.55,21,Louisiana,Ensemble
2026-05-16,22,1,wk inc flu hosp,2026-05-23,quantile,0.6,22,Louisiana,Ensemble
2026-05-16,22,1,wk inc flu hosp,2026-05-23,quantile,0.65,23,Louisiana,Ensemble
2026-05-16,22,1,wk inc flu hosp,2026-05-23,quantile,0.7,25,Louisiana,Ensemble
2026-05-16,22,1,wk inc flu hosp,2026-05-23,quantile,0.75,26,Louisiana,Ensemble
2026-05-16,22,1,wk inc flu hosp,2026-05-23,quantile,0.8,28,Louisiana,Ensemble
2026-05-16,22,1,wk inc flu hosp,2026-05-23,quantile,0.85,31,Louisiana,Ensemble
2026-05-16,22,1,wk inc flu hosp,2026-05-23,quantile,0.9,35,Louisiana,Ensemble
2026-05-16,22,1,wk inc flu hosp,2026-05-23,quantile,0.95,41,Louisiana,Ensemble
2026-05-16,22,1,wk inc flu hosp,2026-05-23,quantile,0.975,47,Louisiana,Ensemble
2026-05-16,22,1,wk inc flu hosp,2026-05-23,quantile,0.99,57,Louisiana,Ensemble
2026-05-16,22,2,wk inc flu hosp,2026-05-30,quantile,0.01,3,Louisiana,Ensemble
2026-05-16,22,2,wk inc flu hosp,2026-05-30,quantile,0.025,4,Louisiana,Ensemble
2026-05-16,22,2,wk inc flu hosp,2026-05-30,quantile,0.05,6,Louisiana,Ensemble
2026-05-16,22,2,wk inc flu hosp,2026-05-30,quantile,0.1,8,Louisiana,Ensemble
2026-05-16,22,2,wk inc flu hosp,2026-05-30,quantile,0.15,9,Louisiana,Ensemble
2026-05-16,22,2,wk inc flu hosp,2026-05-30,quantile,0.2,11,Louisiana,Ensemble
2026-05-16,22,2,wk inc flu hosp,2026-05-30,quantile,0.25,12,Louisiana,Ensemble
2026-05-16,22,2,wk inc flu hosp,2026-05-30,quantile,0.3,13,Louisiana,Ensemble
2026-05-16,22,2,wk inc flu hosp,2026-05-30,quantile,0.35,14,Louisiana,Ensemble
2026-05-16,22,2,wk inc flu hosp,2026-05-30,quantile,0.4,15,Louisiana,Ensemble
2026-05-16,22,2,wk inc flu hosp,2026-05-30,quantile,0.45,16,Louisiana,Ensemble
2026-05-16,22,2,wk inc flu hosp,2026-05-30,quantile,0.5,18,Louisiana,Ensemble
2026-05-16,22,2,wk inc flu hosp,2026-05-30,quantile,0.55,19,Louisiana,Ensemble
2026-05-16,22,2,wk inc flu hosp,2026-05-30,quantile,0.6,20,Louisiana,Ensemble
2026-05-16,22,2,wk inc flu hosp,2026-05-30,quantile,0.65,22,Louisiana,Ensemble
2026-05-16,22,2,wk inc flu hosp,2026-05-30,quantile,0.7,23,Louisiana,Ensemble
2026-05-16,22,2,wk inc flu hosp,2026-05-30,quantile,0.75,25,Louisiana,Ensemble
2026-05-16,22,2,wk inc flu hosp,2026-05-30,quantile,0.8,27,Louisiana,Ensemble
2026-05-16,22,2,wk inc flu hosp,2026-05-30,quantile,0.85,30,Louisiana,Ensemble
2026-05-16,22,2,wk inc flu hosp,2026-05-30,quantile,0.9,34,Louisiana,Ensemble
2026-05-16,22,2,wk inc flu hosp,2026-05-30,quantile,0.95,42,Louisiana,Ensemble
2026-05-16,22,2,wk inc flu hosp,2026-05-30,quantile,0.975,50,Louisiana,Ensemble
2026-05-16,22,2,wk inc flu hosp,2026-05-30,quantile,0.99,60,Louisiana,Ensemble
2026-05-16,22,3,wk inc flu hosp,2026-06-06,quantile,0.01,2,Louisiana,Ensemble
2026-05-16,22,3,wk inc flu hosp,2026-06-06,quantile,0.025,3,Louisiana,Ensemble
2026-05-16,22,3,wk inc flu hosp,2026-06-06,quantile,0.05,5,Louisiana,Ensemble
2026-05-16,22,3,wk inc flu hosp,2026-06-06,quantile,0.1,7,Louisiana,Ensemble
2026-05-16,22,3,wk inc flu hosp,2026-06-06,quantile,0.15,9,Louisiana,Ensemble
2026-05-16,22,3,wk inc flu hosp,2026-06-06,quantile,0.2,10,Louisiana,Ensemble
2026-05-16,22,3,wk inc flu hosp,2026-06-06,quantile,0.25,11,Louisiana,Ensemble
2026-05-16,22,3,wk inc flu hosp,2026-06-06,quantile,0.3,12,Louisiana,Ensemble
2026-05-16,22,3,wk inc flu hosp,2026-06-06,quantile,0.35,14,Louisiana,Ensemble
2026-05-16,22,3,wk inc flu hosp,2026-06-06,quantile,0.4,15,Louisiana,Ensemble
2026-05-16,22,3,wk inc flu hosp,2026-06-06,quantile,0.45,16,Louisiana,Ensemble
2026-05-16,22,3,wk inc flu hosp,2026-06-06,quantile,0.5,18,Louisiana,Ensemble
2026-05-16,22,3,wk inc flu hosp,2026-06-06,quantile,0.55,19,Louisiana,Ensemble
2026-05-16,22,3,wk inc flu hosp,2026-06-06,quantile,0.6,20,Louisiana,Ensemble
2026-05-16,22,3,wk inc flu hosp,2026-06-06,quantile,0.65,21,Louisiana,Ensemble
2026-05-16,22,3,wk inc flu hosp,2026-06-06,quantile,0.7,23,Louisiana,Ensemble
2026-05-16,22,3,wk inc flu hosp,2026-06-06,quantile,0.75,25,Louisiana,Ensemble
2026-05-16,22,3,wk inc flu hosp,2026-06-06,quantile,0.8,27,Louisiana,Ensemble
2026-05-16,22,3,wk inc flu hosp,2026-06-06,quantile,0.85,30,Louisiana,Ensemble
2026-05-16,22,3,wk inc flu hosp,2026-06-06,quantile,0.9,35,Louisiana,Ensemble
2026-05-16,22,3,wk inc flu hosp,2026-06-06,quantile,0.95,43,Louisiana,Ensemble
2026-05-16,22,3,wk inc flu hosp,2026-06-06,quantile,0.975,52,Louisiana,Ensemble
2026-05-16,22,3,wk inc flu hosp,2026-06-06,quantile,0.99,66,Louisiana,Ensemble
2026-05-16,23,0,wk inc flu hosp,2026-05-16,quantile,0.01,0,Maine,Ensemble
2026-05-16,23,0,wk inc flu hosp,2026-05-16,quantile,0.025,0,Maine,Ensemble
2026-05-16,23,0,wk inc flu hosp,2026-05-16,quantile,0.05,0,Maine,Ensemble
2026-05-16,23,0,wk inc flu hosp,2026-05-16,quantile,0.1,0,Maine,Ensemble
2026-05-16,23,0,wk inc flu hosp,2026-05-16,quantile,0.15,0,Maine,Ensemble
2026-05-16,23,0,wk inc flu hosp,2026-05-16,quantile,0.2,1,Maine,Ensemble
2026-05-16,23,0,wk inc flu hosp,2026-05-16,quantile,0.25,1,Maine,Ensemble
2026-05-16,23,0,wk inc flu hosp,2026-05-16,quantile,0.3,1,Maine,Ensemble
2026-05-16,23,0,wk inc flu hosp,2026-05-16,quantile,0.35,1,Maine,Ensemble
2026-05-16,23,0,wk inc flu hosp,2026-05-16,quantile,0.4,2,Maine,Ensemble
2026-05-16,23,0,wk inc flu hosp,2026-05-16,quantile,0.45,2,Maine,Ensemble
2026-05-16,23,0,wk inc flu hosp,2026-05-16,quantile,0.5,3,Maine,Ensemble
2026-05-16,23,0,wk inc flu hosp,2026-05-16,quantile,0.55,3,Maine,Ensemble
2026-05-16,23,0,wk inc flu hosp,2026-05-16,quantile,0.6,4,Maine,Ensemble
2026-05-16,23,0,wk inc flu hosp,2026-05-16,quantile,0.65,4,Maine,Ensemble
2026-05-16,23,0,wk inc flu hosp,2026-05-16,quantile,0.7,4,Maine,Ensemble
2026-05-16,23,0,wk inc flu hosp,2026-05-16,quantile,0.75,5,Maine,Ensemble
2026-05-16,23,0,wk inc flu hosp,2026-05-16,quantile,0.8,5,Maine,Ensemble
2026-05-16,23,0,wk inc flu hosp,2026-05-16,quantile,0.85,6,Maine,Ensemble
2026-05-16,23,0,wk inc flu hosp,2026-05-16,quantile,0.9,7,Maine,Ensemble
2026-05-16,23,0,wk inc flu hosp,2026-05-16,quantile,0.95,9,Maine,Ensemble
2026-05-16,23,0,wk inc flu hosp,2026-05-16,quantile,0.975,11,Maine,Ensemble
2026-05-16,23,0,wk inc flu hosp,2026-05-16,quantile,0.99,15,Maine,Ensemble
2026-05-16,23,1,wk inc flu hosp,2026-05-23,quantile,0.01,0,Maine,Ensemble
2026-05-16,23,1,wk inc flu hosp,2026-05-23,quantile,0.025,0,Maine,Ensemble
2026-05-16,23,1,wk inc flu hosp,2026-05-23,quantile,0.05,0,Maine,Ensemble
2026-05-16,23,1,wk inc flu hosp,2026-05-23,quantile,0.1,0,Maine,Ensemble
2026-05-16,23,1,wk inc flu hosp,2026-05-23,quantile,0.15,0,Maine,Ensemble
2026-05-16,23,1,wk inc flu hosp,2026-05-23,quantile,0.2,1,Maine,Ensemble
2026-05-16,23,1,wk inc flu hosp,2026-05-23,quantile,0.25,1,Maine,Ensemble
2026-05-16,23,1,wk inc flu hosp,2026-05-23,quantile,0.3,1,Maine,Ensemble
2026-05-16,23,1,wk inc flu hosp,2026-05-23,quantile,0.35,1,Maine,Ensemble
2026-05-16,23,1,wk inc flu hosp,2026-05-23,quantile,0.4,1,Maine,Ensemble
2026-05-16,23,1,wk inc flu hosp,2026-05-23,quantile,0.45,1,Maine,Ensemble
2026-05-16,23,1,wk inc flu hosp,2026-05-23,quantile,0.5,3,Maine,Ensemble
2026-05-16,23,1,wk inc flu hosp,2026-05-23,quantile,0.55,3,Maine,Ensemble
2026-05-16,23,1,wk inc flu hosp,2026-05-23,quantile,0.6,3,Maine,Ensemble
2026-05-16,23,1,wk inc flu hosp,2026-05-23,quantile,0.65,4,Maine,Ensemble
2026-05-16,23,1,wk inc flu hosp,2026-05-23,quantile,0.7,4,Maine,Ensemble
2026-05-16,23,1,wk inc flu hosp,2026-05-23,quantile,0.75,4,Maine,Ensemble
2026-05-16,23,1,wk inc flu hosp,2026-05-23,quantile,0.8,5,Maine,Ensemble
2026-05-16,23,1,wk inc flu hosp,2026-05-23,quantile,0.85,6,Maine,Ensemble
2026-05-16,23,1,wk inc flu hosp,2026-05-23,quantile,0.9,7,Maine,Ensemble
2026-05-16,23,1,wk inc flu hosp,2026-05-23,quantile,0.95,9,Maine,Ensemble
2026-05-16,23,1,wk inc flu hosp,2026-05-23,quantile,0.975,13,Maine,Ensemble
2026-05-16,23,1,wk inc flu hosp,2026-05-23,quantile,0.99,17,Maine,Ensemble
2026-05-16,23,2,wk inc flu hosp,2026-05-30,quantile,0.01,0,Maine,Ensemble
2026-05-16,23,2,wk inc flu hosp,2026-05-30,quantile,0.025,0,Maine,Ensemble
2026-05-16,23,2,wk inc flu hosp,2026-05-30,quantile,0.05,0,Maine,Ensemble
2026-05-16,23,2,wk inc flu hosp,2026-05-30,quantile,0.1,0,Maine,Ensemble
2026-05-16,23,2,wk inc flu hosp,2026-05-30,quantile,0.15,0,Maine,Ensemble
2026-05-16,23,2,wk inc flu hosp,2026-05-30,quantile,0.2,0,Maine,Ensemble
2026-05-16,23,2,wk inc flu hosp,2026-05-30,quantile,0.25,1,Maine,Ensemble
2026-05-16,23,2,wk inc flu hosp,2026-05-30,quantile,0.3,1,Maine,Ensemble
2026-05-16,23,2,wk inc flu hosp,2026-05-30,quantile,0.35,1,Maine,Ensemble
2026-05-16,23,2,wk inc flu hosp,2026-05-30,quantile,0.4,1,Maine,Ensemble
2026-05-16,23,2,wk inc flu hosp,2026-05-30,quantile,0.45,1,Maine,Ensemble
2026-05-16,23,2,wk inc flu hosp,2026-05-30,quantile,0.5,2,Maine,Ensemble
2026-05-16,23,2,wk inc flu hosp,2026-05-30,quantile,0.55,3,Maine,Ensemble
2026-05-16,23,2,wk inc flu hosp,2026-05-30,quantile,0.6,3,Maine,Ensemble
2026-05-16,23,2,wk inc flu hosp,2026-05-30,quantile,0.65,3,Maine,Ensemble
2026-05-16,23,2,wk inc flu hosp,2026-05-30,quantile,0.7,4,Maine,Ensemble
2026-05-16,23,2,wk inc flu hosp,2026-05-30,quantile,0.75,4,Maine,Ensemble
2026-05-16,23,2,wk inc flu hosp,2026-05-30,quantile,0.8,5,Maine,Ensemble
2026-05-16,23,2,wk inc flu hosp,2026-05-30,quantile,0.85,6,Maine,Ensemble
2026-05-16,23,2,wk inc flu hosp,2026-05-30,quantile,0.9,7,Maine,Ensemble
2026-05-16,23,2,wk inc flu hosp,2026-05-30,quantile,0.95,10,Maine,Ensemble
2026-05-16,23,2,wk inc flu hosp,2026-05-30,quantile,0.975,14,Maine,Ensemble
2026-05-16,23,2,wk inc flu hosp,2026-05-30,quantile,0.99,19,Maine,Ensemble
2026-05-16,23,3,wk inc flu hosp,2026-06-06,quantile,0.01,0,Maine,Ensemble
2026-05-16,23,3,wk inc flu hosp,2026-06-06,quantile,0.025,0,Maine,Ensemble
2026-05-16,23,3,wk inc flu hosp,2026-06-06,quantile,0.05,0,Maine,Ensemble
2026-05-16,23,3,wk inc flu hosp,2026-06-06,quantile,0.1,0,Maine,Ensemble
2026-05-16,23,3,wk inc flu hosp,2026-06-06,quantile,0.15,0,Maine,Ensemble
2026-05-16,23,3,wk inc flu hosp,2026-06-06,quantile,0.2,0,Maine,Ensemble
2026-05-16,23,3,wk inc flu hosp,2026-06-06,quantile,0.25,0,Maine,Ensemble
2026-05-16,23,3,wk inc flu hosp,2026-06-06,quantile,0.3,0,Maine,Ensemble
2026-05-16,23,3,wk inc flu hosp,2026-06-06,quantile,0.35,1,Maine,Ensemble
2026-05-16,23,3,wk inc flu hosp,2026-06-06,quantile,0.4,1,Maine,Ensemble
2026-05-16,23,3,wk inc flu hosp,2026-06-06,quantile,0.45,1,Maine,Ensemble
2026-05-16,23,3,wk inc flu hosp,2026-06-06,quantile,0.5,2,Maine,Ensemble
2026-05-16,23,3,wk inc flu hosp,2026-06-06,quantile,0.55,2,Maine,Ensemble
2026-05-16,23,3,wk inc flu hosp,2026-06-06,quantile,0.6,3,Maine,Ensemble
2026-05-16,23,3,wk inc flu hosp,2026-06-06,quantile,0.65,3,Maine,Ensemble
2026-05-16,23,3,wk inc flu hosp,2026-06-06,quantile,0.7,3,Maine,Ensemble
2026-05-16,23,3,wk inc flu hosp,2026-06-06,quantile,0.75,4,Maine,Ensemble
2026-05-16,23,3,wk inc flu hosp,2026-06-06,quantile,0.8,5,Maine,Ensemble
2026-05-16,23,3,wk inc flu hosp,2026-06-06,quantile,0.85,5,Maine,Ensemble
2026-05-16,23,3,wk inc flu hosp,2026-06-06,quantile,0.9,7,Maine,Ensemble
2026-05-16,23,3,wk inc flu hosp,2026-06-06,quantile,0.95,11,Maine,Ensemble
2026-05-16,23,3,wk inc flu hosp,2026-06-06,quantile,0.975,15,Maine,Ensemble
2026-05-16,23,3,wk inc flu hosp,2026-06-06,quantile,0.99,22,Maine,Ensemble
2026-05-16,24,0,wk inc flu hosp,2026-05-16,quantile,0.01,2,Maryland,Ensemble
2026-05-16,24,0,wk inc flu hosp,2026-05-16,quantile,0.025,3,Maryland,Ensemble
2026-05-16,24,0,wk inc flu hosp,2026-05-16,quantile,0.05,4,Maryland,Ensemble
2026-05-16,24,0,wk inc flu hosp,2026-05-16,quantile,0.1,5,Maryland,Ensemble
2026-05-16,24,0,wk inc flu hosp,2026-05-16,quantile,0.15,7,Maryland,Ensemble
2026-05-16,24,0,wk inc flu hosp,2026-05-16,quantile,0.2,7,Maryland,Ensemble
2026-05-16,24,0,wk inc flu hosp,2026-05-16,quantile,0.25,8,Maryland,Ensemble
2026-05-16,24,0,wk inc flu hosp,2026-05-16,quantile,0.3,9,Maryland,Ensemble
2026-05-16,24,0,wk inc flu hosp,2026-05-16,quantile,0.35,10,Maryland,Ensemble
2026-05-16,24,0,wk inc flu hosp,2026-05-16,quantile,0.4,10,Maryland,Ensemble
2026-05-16,24,0,wk inc flu hosp,2026-05-16,quantile,0.45,11,Maryland,Ensemble
2026-05-16,24,0,wk inc flu hosp,2026-05-16,quantile,0.5,13,Maryland,Ensemble
2026-05-16,24,0,wk inc flu hosp,2026-05-16,quantile,0.55,14,Maryland,Ensemble
2026-05-16,24,0,wk inc flu hosp,2026-05-16,quantile,0.6,15,Maryland,Ensemble
2026-05-16,24,0,wk inc flu hosp,2026-05-16,quantile,0.65,16,Maryland,Ensemble
2026-05-16,24,0,wk inc flu hosp,2026-05-16,quantile,0.7,17,Maryland,Ensemble
2026-05-16,24,0,wk inc flu hosp,2026-05-16,quantile,0.75,18,Maryland,Ensemble
2026-05-16,24,0,wk inc flu hosp,2026-05-16,quantile,0.8,20,Maryland,Ensemble
2026-05-16,24,0,wk inc flu hosp,2026-05-16,quantile,0.85,23,Maryland,Ensemble
2026-05-16,24,0,wk inc flu hosp,2026-05-16,quantile,0.9,27,Maryland,Ensemble
2026-05-16,24,0,wk inc flu hosp,2026-05-16,quantile,0.95,35,Maryland,Ensemble
2026-05-16,24,0,wk inc flu hosp,2026-05-16,quantile,0.975,46,Maryland,Ensemble
2026-05-16,24,0,wk inc flu hosp,2026-05-16,quantile,0.99,60,Maryland,Ensemble
2026-05-16,24,1,wk inc flu hosp,2026-05-23,quantile,0.01,2,Maryland,Ensemble
2026-05-16,24,1,wk inc flu hosp,2026-05-23,quantile,0.025,2,Maryland,Ensemble
2026-05-16,24,1,wk inc flu hosp,2026-05-23,quantile,0.05,3,Maryland,Ensemble
2026-05-16,24,1,wk inc flu hosp,2026-05-23,quantile,0.1,4,Maryland,Ensemble
2026-05-16,24,1,wk inc flu hosp,2026-05-23,quantile,0.15,5,Maryland,Ensemble
2026-05-16,24,1,wk inc flu hosp,2026-05-23,quantile,0.2,6,Maryland,Ensemble
2026-05-16,24,1,wk inc flu hosp,2026-05-23,quantile,0.25,7,Maryland,Ensemble
2026-05-16,24,1,wk inc flu hosp,2026-05-23,quantile,0.3,8,Maryland,Ensemble
2026-05-16,24,1,wk inc flu hosp,2026-05-23,quantile,0.35,9,Maryland,Ensemble
2026-05-16,24,1,wk inc flu hosp,2026-05-23,quantile,0.4,10,Maryland,Ensemble
2026-05-16,24,1,wk inc flu hosp,2026-05-23,quantile,0.45,10,Maryland,Ensemble
2026-05-16,24,1,wk inc flu hosp,2026-05-23,quantile,0.5,12,Maryland,Ensemble
2026-05-16,24,1,wk inc flu hosp,2026-05-23,quantile,0.55,13,Maryland,Ensemble
2026-05-16,24,1,wk inc flu hosp,2026-05-23,quantile,0.6,14,Maryland,Ensemble
2026-05-16,24,1,wk inc flu hosp,2026-05-23,quantile,0.65,15,Maryland,Ensemble
2026-05-16,24,1,wk inc flu hosp,2026-05-23,quantile,0.7,17,Maryland,Ensemble
2026-05-16,24,1,wk inc flu hosp,2026-05-23,quantile,0.75,19,Maryland,Ensemble
2026-05-16,24,1,wk inc flu hosp,2026-05-23,quantile,0.8,21,Maryland,Ensemble
2026-05-16,24,1,wk inc flu hosp,2026-05-23,quantile,0.85,24,Maryland,Ensemble
2026-05-16,24,1,wk inc flu hosp,2026-05-23,quantile,0.9,30,Maryland,Ensemble
2026-05-16,24,1,wk inc flu hosp,2026-05-23,quantile,0.95,43,Maryland,Ensemble
2026-05-16,24,1,wk inc flu hosp,2026-05-23,quantile,0.975,54,Maryland,Ensemble
2026-05-16,24,1,wk inc flu hosp,2026-05-23,quantile,0.99,77,Maryland,Ensemble
2026-05-16,24,2,wk inc flu hosp,2026-05-30,quantile,0.01,1,Maryland,Ensemble
2026-05-16,24,2,wk inc flu hosp,2026-05-30,quantile,0.025,2,Maryland,Ensemble
2026-05-16,24,2,wk inc flu hosp,2026-05-30,quantile,0.05,2,Maryland,Ensemble
2026-05-16,24,2,wk inc flu hosp,2026-05-30,quantile,0.1,3,Maryland,Ensemble
2026-05-16,24,2,wk inc flu hosp,2026-05-30,quantile,0.15,4,Maryland,Ensemble
2026-05-16,24,2,wk inc flu hosp,2026-05-30,quantile,0.2,5,Maryland,Ensemble
2026-05-16,24,2,wk inc flu hosp,2026-05-30,quantile,0.25,6,Maryland,Ensemble
2026-05-16,24,2,wk inc flu hosp,2026-05-30,quantile,0.3,7,Maryland,Ensemble
2026-05-16,24,2,wk inc flu hosp,2026-05-30,quantile,0.35,7,Maryland,Ensemble
2026-05-16,24,2,wk inc flu hosp,2026-05-30,quantile,0.4,8,Maryland,Ensemble
2026-05-16,24,2,wk inc flu hosp,2026-05-30,quantile,0.45,9,Maryland,Ensemble
2026-05-16,24,2,wk inc flu hosp,2026-05-30,quantile,0.5,11,Maryland,Ensemble
2026-05-16,24,2,wk inc flu hosp,2026-05-30,quantile,0.55,11,Maryland,Ensemble
2026-05-16,24,2,wk inc flu hosp,2026-05-30,quantile,0.6,12,Maryland,Ensemble
2026-05-16,24,2,wk inc flu hosp,2026-05-30,quantile,0.65,13,Maryland,Ensemble
2026-05-16,24,2,wk inc flu hosp,2026-05-30,quantile,0.7,15,Maryland,Ensemble
2026-05-16,24,2,wk inc flu hosp,2026-05-30,quantile,0.75,17,Maryland,Ensemble
2026-05-16,24,2,wk inc flu hosp,2026-05-30,quantile,0.8,20,Maryland,Ensemble
2026-05-16,24,2,wk inc flu hosp,2026-05-30,quantile,0.85,25,Maryland,Ensemble
2026-05-16,24,2,wk inc flu hosp,2026-05-30,quantile,0.9,33,Maryland,Ensemble
2026-05-16,24,2,wk inc flu hosp,2026-05-30,quantile,0.95,47,Maryland,Ensemble
2026-05-16,24,2,wk inc flu hosp,2026-05-30,quantile,0.975,63,Maryland,Ensemble
2026-05-16,24,2,wk inc flu hosp,2026-05-30,quantile,0.99,89,Maryland,Ensemble
2026-05-16,24,3,wk inc flu hosp,2026-06-06,quantile,0.01,1,Maryland,Ensemble
2026-05-16,24,3,wk inc flu hosp,2026-06-06,quantile,0.025,1,Maryland,Ensemble
2026-05-16,24,3,wk inc flu hosp,2026-06-06,quantile,0.05,2,Maryland,Ensemble
2026-05-16,24,3,wk inc flu hosp,2026-06-06,quantile,0.1,3,Maryland,Ensemble
2026-05-16,24,3,wk inc flu hosp,2026-06-06,quantile,0.15,4,Maryland,Ensemble
2026-05-16,24,3,wk inc flu hosp,2026-06-06,quantile,0.2,5,Maryland,Ensemble
2026-05-16,24,3,wk inc flu hosp,2026-06-06,quantile,0.25,6,Maryland,Ensemble
2026-05-16,24,3,wk inc flu hosp,2026-06-06,quantile,0.3,6,Maryland,Ensemble
2026-05-16,24,3,wk inc flu hosp,2026-06-06,quantile,0.35,7,Maryland,Ensemble
2026-05-16,24,3,wk inc flu hosp,2026-06-06,quantile,0.4,8,Maryland,Ensemble
2026-05-16,24,3,wk inc flu hosp,2026-06-06,quantile,0.45,9,Maryland,Ensemble
2026-05-16,24,3,wk inc flu hosp,2026-06-06,quantile,0.5,10,Maryland,Ensemble
2026-05-16,24,3,wk inc flu hosp,2026-06-06,quantile,0.55,11,Maryland,Ensemble
2026-05-16,24,3,wk inc flu hosp,2026-06-06,quantile,0.6,12,Maryland,Ensemble
2026-05-16,24,3,wk inc flu hosp,2026-06-06,quantile,0.65,13,Maryland,Ensemble
2026-05-16,24,3,wk inc flu hosp,2026-06-06,quantile,0.7,15,Maryland,Ensemble
2026-05-16,24,3,wk inc flu hosp,2026-06-06,quantile,0.75,18,Maryland,Ensemble
2026-05-16,24,3,wk inc flu hosp,2026-06-06,quantile,0.8,22,Maryland,Ensemble
2026-05-16,24,3,wk inc flu hosp,2026-06-06,quantile,0.85,29,Maryland,Ensemble
2026-05-16,24,3,wk inc flu hosp,2026-06-06,quantile,0.9,39,Maryland,Ensemble
2026-05-16,24,3,wk inc flu hosp,2026-06-06,quantile,0.95,59,Maryland,Ensemble
2026-05-16,24,3,wk inc flu hosp,2026-06-06,quantile,0.975,82,Maryland,Ensemble
2026-05-16,24,3,wk inc flu hosp,2026-06-06,quantile,0.99,116,Maryland,Ensemble
2026-05-16,25,0,wk inc flu hosp,2026-05-16,quantile,0.01,3,Massachusetts,Ensemble
2026-05-16,25,0,wk inc flu hosp,2026-05-16,quantile,0.025,4,Massachusetts,Ensemble
2026-05-16,25,0,wk inc flu hosp,2026-05-16,quantile,0.05,5,Massachusetts,Ensemble
2026-05-16,25,0,wk inc flu hosp,2026-05-16,quantile,0.1,7,Massachusetts,Ensemble
2026-05-16,25,0,wk inc flu hosp,2026-05-16,quantile,0.15,9,Massachusetts,Ensemble
2026-05-16,25,0,wk inc flu hosp,2026-05-16,quantile,0.2,10,Massachusetts,Ensemble
2026-05-16,25,0,wk inc flu hosp,2026-05-16,quantile,0.25,12,Massachusetts,Ensemble
2026-05-16,25,0,wk inc flu hosp,2026-05-16,quantile,0.3,13,Massachusetts,Ensemble
2026-05-16,25,0,wk inc flu hosp,2026-05-16,quantile,0.35,14,Massachusetts,Ensemble
2026-05-16,25,0,wk inc flu hosp,2026-05-16,quantile,0.4,15,Massachusetts,Ensemble
2026-05-16,25,0,wk inc flu hosp,2026-05-16,quantile,0.45,16,Massachusetts,Ensemble
2026-05-16,25,0,wk inc flu hosp,2026-05-16,quantile,0.5,18,Massachusetts,Ensemble
2026-05-16,25,0,wk inc flu hosp,2026-05-16,quantile,0.55,19,Massachusetts,Ensemble
2026-05-16,25,0,wk inc flu hosp,2026-05-16,quantile,0.6,20,Massachusetts,Ensemble
2026-05-16,25,0,wk inc flu hosp,2026-05-16,quantile,0.65,21,Massachusetts,Ensemble
2026-05-16,25,0,wk inc flu hosp,2026-05-16,quantile,0.7,22,Massachusetts,Ensemble
2026-05-16,25,0,wk inc flu hosp,2026-05-16,quantile,0.75,24,Massachusetts,Ensemble
2026-05-16,25,0,wk inc flu hosp,2026-05-16,quantile,0.8,26,Massachusetts,Ensemble
2026-05-16,25,0,wk inc flu hosp,2026-05-16,quantile,0.85,28,Massachusetts,Ensemble
2026-05-16,25,0,wk inc flu hosp,2026-05-16,quantile,0.9,33,Massachusetts,Ensemble
2026-05-16,25,0,wk inc flu hosp,2026-05-16,quantile,0.95,45,Massachusetts,Ensemble
2026-05-16,25,0,wk inc flu hosp,2026-05-16,quantile,0.975,58,Massachusetts,Ensemble
2026-05-16,25,0,wk inc flu hosp,2026-05-16,quantile,0.99,80,Massachusetts,Ensemble
2026-05-16,25,1,wk inc flu hosp,2026-05-23,quantile,0.01,2,Massachusetts,Ensemble
2026-05-16,25,1,wk inc flu hosp,2026-05-23,quantile,0.025,3,Massachusetts,Ensemble
2026-05-16,25,1,wk inc flu hosp,2026-05-23,quantile,0.05,4,Massachusetts,Ensemble
2026-05-16,25,1,wk inc flu hosp,2026-05-23,quantile,0.1,5,Massachusetts,Ensemble
2026-05-16,25,1,wk inc flu hosp,2026-05-23,quantile,0.15,7,Massachusetts,Ensemble
2026-05-16,25,1,wk inc flu hosp,2026-05-23,quantile,0.2,8,Massachusetts,Ensemble
2026-05-16,25,1,wk inc flu hosp,2026-05-23,quantile,0.25,9,Massachusetts,Ensemble
2026-05-16,25,1,wk inc flu hosp,2026-05-23,quantile,0.3,10,Massachusetts,Ensemble
2026-05-16,25,1,wk inc flu hosp,2026-05-23,quantile,0.35,11,Massachusetts,Ensemble
2026-05-16,25,1,wk inc flu hosp,2026-05-23,quantile,0.4,12,Massachusetts,Ensemble
2026-05-16,25,1,wk inc flu hosp,2026-05-23,quantile,0.45,14,Massachusetts,Ensemble
2026-05-16,25,1,wk inc flu hosp,2026-05-23,quantile,0.5,15,Massachusetts,Ensemble
2026-05-16,25,1,wk inc flu hosp,2026-05-23,quantile,0.55,16,Massachusetts,Ensemble
2026-05-16,25,1,wk inc flu hosp,2026-05-23,quantile,0.6,18,Massachusetts,Ensemble
2026-05-16,25,1,wk inc flu hosp,2026-05-23,quantile,0.65,19,Massachusetts,Ensemble
2026-05-16,25,1,wk inc flu hosp,2026-05-23,quantile,0.7,20,Massachusetts,Ensemble
2026-05-16,25,1,wk inc flu hosp,2026-05-23,quantile,0.75,22,Massachusetts,Ensemble
2026-05-16,25,1,wk inc flu hosp,2026-05-23,quantile,0.8,24,Massachusetts,Ensemble
2026-05-16,25,1,wk inc flu hosp,2026-05-23,quantile,0.85,27,Massachusetts,Ensemble
2026-05-16,25,1,wk inc flu hosp,2026-05-23,quantile,0.9,34,Massachusetts,Ensemble
2026-05-16,25,1,wk inc flu hosp,2026-05-23,quantile,0.95,47,Massachusetts,Ensemble
2026-05-16,25,1,wk inc flu hosp,2026-05-23,quantile,0.975,65,Massachusetts,Ensemble
2026-05-16,25,1,wk inc flu hosp,2026-05-23,quantile,0.99,84,Massachusetts,Ensemble
2026-05-16,25,2,wk inc flu hosp,2026-05-30,quantile,0.01,1,Massachusetts,Ensemble
2026-05-16,25,2,wk inc flu hosp,2026-05-30,quantile,0.025,2,Massachusetts,Ensemble
2026-05-16,25,2,wk inc flu hosp,2026-05-30,quantile,0.05,3,Massachusetts,Ensemble
2026-05-16,25,2,wk inc flu hosp,2026-05-30,quantile,0.1,4,Massachusetts,Ensemble
2026-05-16,25,2,wk inc flu hosp,2026-05-30,quantile,0.15,5,Massachusetts,Ensemble
2026-05-16,25,2,wk inc flu hosp,2026-05-30,quantile,0.2,7,Massachusetts,Ensemble
2026-05-16,25,2,wk inc flu hosp,2026-05-30,quantile,0.25,8,Massachusetts,Ensemble
2026-05-16,25,2,wk inc flu hosp,2026-05-30,quantile,0.3,9,Massachusetts,Ensemble
2026-05-16,25,2,wk inc flu hosp,2026-05-30,quantile,0.35,10,Massachusetts,Ensemble
2026-05-16,25,2,wk inc flu hosp,2026-05-30,quantile,0.4,11,Massachusetts,Ensemble
2026-05-16,25,2,wk inc flu hosp,2026-05-30,quantile,0.45,12,Massachusetts,Ensemble
2026-05-16,25,2,wk inc flu hosp,2026-05-30,quantile,0.5,14,Massachusetts,Ensemble
2026-05-16,25,2,wk inc flu hosp,2026-05-30,quantile,0.55,15,Massachusetts,Ensemble
2026-05-16,25,2,wk inc flu hosp,2026-05-30,quantile,0.6,16,Massachusetts,Ensemble
2026-05-16,25,2,wk inc flu hosp,2026-05-30,quantile,0.65,17,Massachusetts,Ensemble
2026-05-16,25,2,wk inc flu hosp,2026-05-30,quantile,0.7,19,Massachusetts,Ensemble
2026-05-16,25,2,wk inc flu hosp,2026-05-30,quantile,0.75,20,Massachusetts,Ensemble
2026-05-16,25,2,wk inc flu hosp,2026-05-30,quantile,0.8,23,Massachusetts,Ensemble
2026-05-16,25,2,wk inc flu hosp,2026-05-30,quantile,0.85,28,Massachusetts,Ensemble
2026-05-16,25,2,wk inc flu hosp,2026-05-30,quantile,0.9,37,Massachusetts,Ensemble
2026-05-16,25,2,wk inc flu hosp,2026-05-30,quantile,0.95,56,Massachusetts,Ensemble
2026-05-16,25,2,wk inc flu hosp,2026-05-30,quantile,0.975,75,Massachusetts,Ensemble
2026-05-16,25,2,wk inc flu hosp,2026-05-30,quantile,0.99,102,Massachusetts,Ensemble
2026-05-16,25,3,wk inc flu hosp,2026-06-06,quantile,0.01,1,Massachusetts,Ensemble
2026-05-16,25,3,wk inc flu hosp,2026-06-06,quantile,0.025,2,Massachusetts,Ensemble
2026-05-16,25,3,wk inc flu hosp,2026-06-06,quantile,0.05,3,Massachusetts,Ensemble
2026-05-16,25,3,wk inc flu hosp,2026-06-06,quantile,0.1,4,Massachusetts,Ensemble
2026-05-16,25,3,wk inc flu hosp,2026-06-06,quantile,0.15,5,Massachusetts,Ensemble
2026-05-16,25,3,wk inc flu hosp,2026-06-06,quantile,0.2,6,Massachusetts,Ensemble
2026-05-16,25,3,wk inc flu hosp,2026-06-06,quantile,0.25,7,Massachusetts,Ensemble
2026-05-16,25,3,wk inc flu hosp,2026-06-06,quantile,0.3,8,Massachusetts,Ensemble
2026-05-16,25,3,wk inc flu hosp,2026-06-06,quantile,0.35,10,Massachusetts,Ensemble
2026-05-16,25,3,wk inc flu hosp,2026-06-06,quantile,0.4,10,Massachusetts,Ensemble
2026-05-16,25,3,wk inc flu hosp,2026-06-06,quantile,0.45,11,Massachusetts,Ensemble
2026-05-16,25,3,wk inc flu hosp,2026-06-06,quantile,0.5,13,Massachusetts,Ensemble
2026-05-16,25,3,wk inc flu hosp,2026-06-06,quantile,0.55,14,Massachusetts,Ensemble
2026-05-16,25,3,wk inc flu hosp,2026-06-06,quantile,0.6,15,Massachusetts,Ensemble
2026-05-16,25,3,wk inc flu hosp,2026-06-06,quantile,0.65,16,Massachusetts,Ensemble
2026-05-16,25,3,wk inc flu hosp,2026-06-06,quantile,0.7,18,Massachusetts,Ensemble
2026-05-16,25,3,wk inc flu hosp,2026-06-06,quantile,0.75,20,Massachusetts,Ensemble
2026-05-16,25,3,wk inc flu hosp,2026-06-06,quantile,0.8,23,Massachusetts,Ensemble
2026-05-16,25,3,wk inc flu hosp,2026-06-06,quantile,0.85,31,Massachusetts,Ensemble
2026-05-16,25,3,wk inc flu hosp,2026-06-06,quantile,0.9,43,Massachusetts,Ensemble
2026-05-16,25,3,wk inc flu hosp,2026-06-06,quantile,0.95,65,Massachusetts,Ensemble
2026-05-16,25,3,wk inc flu hosp,2026-06-06,quantile,0.975,88,Massachusetts,Ensemble
2026-05-16,25,3,wk inc flu hosp,2026-06-06,quantile,0.99,121,Massachusetts,Ensemble
2026-05-16,26,0,wk inc flu hosp,2026-05-16,quantile,0.01,2,Michigan,Ensemble
2026-05-16,26,0,wk inc flu hosp,2026-05-16,quantile,0.025,3,Michigan,Ensemble
2026-05-16,26,0,wk inc flu hosp,2026-05-16,quantile,0.05,5,Michigan,Ensemble
2026-05-16,26,0,wk inc flu hosp,2026-05-16,quantile,0.1,7,Michigan,Ensemble
2026-05-16,26,0,wk inc flu hosp,2026-05-16,quantile,0.15,9,Michigan,Ensemble
2026-05-16,26,0,wk inc flu hosp,2026-05-16,quantile,0.2,10,Michigan,Ensemble
2026-05-16,26,0,wk inc flu hosp,2026-05-16,quantile,0.25,12,Michigan,Ensemble
2026-05-16,26,0,wk inc flu hosp,2026-05-16,quantile,0.3,13,Michigan,Ensemble
2026-05-16,26,0,wk inc flu hosp,2026-05-16,quantile,0.35,15,Michigan,Ensemble
2026-05-16,26,0,wk inc flu hosp,2026-05-16,quantile,0.4,16,Michigan,Ensemble
2026-05-16,26,0,wk inc flu hosp,2026-05-16,quantile,0.45,17,Michigan,Ensemble
2026-05-16,26,0,wk inc flu hosp,2026-05-16,quantile,0.5,19,Michigan,Ensemble
2026-05-16,26,0,wk inc flu hosp,2026-05-16,quantile,0.55,21,Michigan,Ensemble
2026-05-16,26,0,wk inc flu hosp,2026-05-16,quantile,0.6,22,Michigan,Ensemble
2026-05-16,26,0,wk inc flu hosp,2026-05-16,quantile,0.65,23,Michigan,Ensemble
2026-05-16,26,0,wk inc flu hosp,2026-05-16,quantile,0.7,25,Michigan,Ensemble
2026-05-16,26,0,wk inc flu hosp,2026-05-16,quantile,0.75,27,Michigan,Ensemble
2026-05-16,26,0,wk inc flu hosp,2026-05-16,quantile,0.8,29,Michigan,Ensemble
2026-05-16,26,0,wk inc flu hosp,2026-05-16,quantile,0.85,32,Michigan,Ensemble
2026-05-16,26,0,wk inc flu hosp,2026-05-16,quantile,0.9,36,Michigan,Ensemble
2026-05-16,26,0,wk inc flu hosp,2026-05-16,quantile,0.95,43,Michigan,Ensemble
2026-05-16,26,0,wk inc flu hosp,2026-05-16,quantile,0.975,51,Michigan,Ensemble
2026-05-16,26,0,wk inc flu hosp,2026-05-16,quantile,0.99,64,Michigan,Ensemble
2026-05-16,26,1,wk inc flu hosp,2026-05-23,quantile,0.01,2,Michigan,Ensemble
2026-05-16,26,1,wk inc flu hosp,2026-05-23,quantile,0.025,2,Michigan,Ensemble
2026-05-16,26,1,wk inc flu hosp,2026-05-23,quantile,0.05,4,Michigan,Ensemble
2026-05-16,26,1,wk inc flu hosp,2026-05-23,quantile,0.1,6,Michigan,Ensemble
2026-05-16,26,1,wk inc flu hosp,2026-05-23,quantile,0.15,7,Michigan,Ensemble
2026-05-16,26,1,wk inc flu hosp,2026-05-23,quantile,0.2,9,Michigan,Ensemble
2026-05-16,26,1,wk inc flu hosp,2026-05-23,quantile,0.25,10,Michigan,Ensemble
2026-05-16,26,1,wk inc flu hosp,2026-05-23,quantile,0.3,12,Michigan,Ensemble
2026-05-16,26,1,wk inc flu hosp,2026-05-23,quantile,0.35,13,Michigan,Ensemble
2026-05-16,26,1,wk inc flu hosp,2026-05-23,quantile,0.4,14,Michigan,Ensemble
2026-05-16,26,1,wk inc flu hosp,2026-05-23,quantile,0.45,16,Michigan,Ensemble
2026-05-16,26,1,wk inc flu hosp,2026-05-23,quantile,0.5,18,Michigan,Ensemble
2026-05-16,26,1,wk inc flu hosp,2026-05-23,quantile,0.55,19,Michigan,Ensemble
2026-05-16,26,1,wk inc flu hosp,2026-05-23,quantile,0.6,21,Michigan,Ensemble
2026-05-16,26,1,wk inc flu hosp,2026-05-23,quantile,0.65,22,Michigan,Ensemble
2026-05-16,26,1,wk inc flu hosp,2026-05-23,quantile,0.7,24,Michigan,Ensemble
2026-05-16,26,1,wk inc flu hosp,2026-05-23,quantile,0.75,26,Michigan,Ensemble
2026-05-16,26,1,wk inc flu hosp,2026-05-23,quantile,0.8,28,Michigan,Ensemble
2026-05-16,26,1,wk inc flu hosp,2026-05-23,quantile,0.85,31,Michigan,Ensemble
2026-05-16,26,1,wk inc flu hosp,2026-05-23,quantile,0.9,35,Michigan,Ensemble
2026-05-16,26,1,wk inc flu hosp,2026-05-23,quantile,0.95,44,Michigan,Ensemble
2026-05-16,26,1,wk inc flu hosp,2026-05-23,quantile,0.975,54,Michigan,Ensemble
2026-05-16,26,1,wk inc flu hosp,2026-05-23,quantile,0.99,70,Michigan,Ensemble
2026-05-16,26,2,wk inc flu hosp,2026-05-30,quantile,0.01,1,Michigan,Ensemble
2026-05-16,26,2,wk inc flu hosp,2026-05-30,quantile,0.025,2,Michigan,Ensemble
2026-05-16,26,2,wk inc flu hosp,2026-05-30,quantile,0.05,3,Michigan,Ensemble
2026-05-16,26,2,wk inc flu hosp,2026-05-30,quantile,0.1,5,Michigan,Ensemble
2026-05-16,26,2,wk inc flu hosp,2026-05-30,quantile,0.15,6,Michigan,Ensemble
2026-05-16,26,2,wk inc flu hosp,2026-05-30,quantile,0.2,8,Michigan,Ensemble
2026-05-16,26,2,wk inc flu hosp,2026-05-30,quantile,0.25,9,Michigan,Ensemble
2026-05-16,26,2,wk inc flu hosp,2026-05-30,quantile,0.3,11,Michigan,Ensemble
2026-05-16,26,2,wk inc flu hosp,2026-05-30,quantile,0.35,12,Michigan,Ensemble
2026-05-16,26,2,wk inc flu hosp,2026-05-30,quantile,0.4,13,Michigan,Ensemble
2026-05-16,26,2,wk inc flu hosp,2026-05-30,quantile,0.45,14,Michigan,Ensemble
2026-05-16,26,2,wk inc flu hosp,2026-05-30,quantile,0.5,17,Michigan,Ensemble
2026-05-16,26,2,wk inc flu hosp,2026-05-30,quantile,0.55,18,Michigan,Ensemble
2026-05-16,26,2,wk inc flu hosp,2026-05-30,quantile,0.6,20,Michigan,Ensemble
2026-05-16,26,2,wk inc flu hosp,2026-05-30,quantile,0.65,21,Michigan,Ensemble
2026-05-16,26,2,wk inc flu hosp,2026-05-30,quantile,0.7,23,Michigan,Ensemble
2026-05-16,26,2,wk inc flu hosp,2026-05-30,quantile,0.75,25,Michigan,Ensemble
2026-05-16,26,2,wk inc flu hosp,2026-05-30,quantile,0.8,28,Michigan,Ensemble
2026-05-16,26,2,wk inc flu hosp,2026-05-30,quantile,0.85,34,Michigan,Ensemble
2026-05-16,26,2,wk inc flu hosp,2026-05-30,quantile,0.9,41,Michigan,Ensemble
2026-05-16,26,2,wk inc flu hosp,2026-05-30,quantile,0.95,54,Michigan,Ensemble
2026-05-16,26,2,wk inc flu hosp,2026-05-30,quantile,0.975,68,Michigan,Ensemble
2026-05-16,26,2,wk inc flu hosp,2026-05-30,quantile,0.99,88,Michigan,Ensemble
2026-05-16,26,3,wk inc flu hosp,2026-06-06,quantile,0.01,1,Michigan,Ensemble
2026-05-16,26,3,wk inc flu hosp,2026-06-06,quantile,0.025,2,Michigan,Ensemble
2026-05-16,26,3,wk inc flu hosp,2026-06-06,quantile,0.05,3,Michigan,Ensemble
2026-05-16,26,3,wk inc flu hosp,2026-06-06,quantile,0.1,4,Michigan,Ensemble
2026-05-16,26,3,wk inc flu hosp,2026-06-06,quantile,0.15,5,Michigan,Ensemble
2026-05-16,26,3,wk inc flu hosp,2026-06-06,quantile,0.2,7,Michigan,Ensemble
2026-05-16,26,3,wk inc flu hosp,2026-06-06,quantile,0.25,8,Michigan,Ensemble
2026-05-16,26,3,wk inc flu hosp,2026-06-06,quantile,0.3,10,Michigan,Ensemble
2026-05-16,26,3,wk inc flu hosp,2026-06-06,quantile,0.35,11,Michigan,Ensemble
2026-05-16,26,3,wk inc flu hosp,2026-06-06,quantile,0.4,12,Michigan,Ensemble
2026-05-16,26,3,wk inc flu hosp,2026-06-06,quantile,0.45,13,Michigan,Ensemble
2026-05-16,26,3,wk inc flu hosp,2026-06-06,quantile,0.5,15,Michigan,Ensemble
2026-05-16,26,3,wk inc flu hosp,2026-06-06,quantile,0.55,17,Michigan,Ensemble
2026-05-16,26,3,wk inc flu hosp,2026-06-06,quantile,0.6,18,Michigan,Ensemble
2026-05-16,26,3,wk inc flu hosp,2026-06-06,quantile,0.65,20,Michigan,Ensemble
2026-05-16,26,3,wk inc flu hosp,2026-06-06,quantile,0.7,22,Michigan,Ensemble
2026-05-16,26,3,wk inc flu hosp,2026-06-06,quantile,0.75,25,Michigan,Ensemble
2026-05-16,26,3,wk inc flu hosp,2026-06-06,quantile,0.8,29,Michigan,Ensemble
2026-05-16,26,3,wk inc flu hosp,2026-06-06,quantile,0.85,35,Michigan,Ensemble
2026-05-16,26,3,wk inc flu hosp,2026-06-06,quantile,0.9,44,Michigan,Ensemble
2026-05-16,26,3,wk inc flu hosp,2026-06-06,quantile,0.95,61,Michigan,Ensemble
2026-05-16,26,3,wk inc flu hosp,2026-06-06,quantile,0.975,78,Michigan,Ensemble
2026-05-16,26,3,wk inc flu hosp,2026-06-06,quantile,0.99,105,Michigan,Ensemble
2026-05-16,27,0,wk inc flu hosp,2026-05-16,quantile,0.01,1,Minnesota,Ensemble
2026-05-16,27,0,wk inc flu hosp,2026-05-16,quantile,0.025,2,Minnesota,Ensemble
2026-05-16,27,0,wk inc flu hosp,2026-05-16,quantile,0.05,3,Minnesota,Ensemble
2026-05-16,27,0,wk inc flu hosp,2026-05-16,quantile,0.1,4,Minnesota,Ensemble
2026-05-16,27,0,wk inc flu hosp,2026-05-16,quantile,0.15,5,Minnesota,Ensemble
2026-05-16,27,0,wk inc flu hosp,2026-05-16,quantile,0.2,6,Minnesota,Ensemble
2026-05-16,27,0,wk inc flu hosp,2026-05-16,quantile,0.25,7,Minnesota,Ensemble
2026-05-16,27,0,wk inc flu hosp,2026-05-16,quantile,0.3,8,Minnesota,Ensemble
2026-05-16,27,0,wk inc flu hosp,2026-05-16,quantile,0.35,9,Minnesota,Ensemble
2026-05-16,27,0,wk inc flu hosp,2026-05-16,quantile,0.4,9,Minnesota,Ensemble
2026-05-16,27,0,wk inc flu hosp,2026-05-16,quantile,0.45,10,Minnesota,Ensemble
2026-05-16,27,0,wk inc flu hosp,2026-05-16,quantile,0.5,12,Minnesota,Ensemble
2026-05-16,27,0,wk inc flu hosp,2026-05-16,quantile,0.55,13,Minnesota,Ensemble
2026-05-16,27,0,wk inc flu hosp,2026-05-16,quantile,0.6,14,Minnesota,Ensemble
2026-05-16,27,0,wk inc flu hosp,2026-05-16,quantile,0.65,15,Minnesota,Ensemble
2026-05-16,27,0,wk inc flu hosp,2026-05-16,quantile,0.7,16,Minnesota,Ensemble
2026-05-16,27,0,wk inc flu hosp,2026-05-16,quantile,0.75,17,Minnesota,Ensemble
2026-05-16,27,0,wk inc flu hosp,2026-05-16,quantile,0.8,19,Minnesota,Ensemble
2026-05-16,27,0,wk inc flu hosp,2026-05-16,quantile,0.85,21,Minnesota,Ensemble
2026-05-16,27,0,wk inc flu hosp,2026-05-16,quantile,0.9,25,Minnesota,Ensemble
2026-05-16,27,0,wk inc flu hosp,2026-05-16,quantile,0.95,31,Minnesota,Ensemble
2026-05-16,27,0,wk inc flu hosp,2026-05-16,quantile,0.975,38,Minnesota,Ensemble
2026-05-16,27,0,wk inc flu hosp,2026-05-16,quantile,0.99,49,Minnesota,Ensemble
2026-05-16,27,1,wk inc flu hosp,2026-05-23,quantile,0.01,1,Minnesota,Ensemble
2026-05-16,27,1,wk inc flu hosp,2026-05-23,quantile,0.025,1,Minnesota,Ensemble
2026-05-16,27,1,wk inc flu hosp,2026-05-23,quantile,0.05,2,Minnesota,Ensemble
2026-05-16,27,1,wk inc flu hosp,2026-05-23,quantile,0.1,3,Minnesota,Ensemble
2026-05-16,27,1,wk inc flu hosp,2026-05-23,quantile,0.15,4,Minnesota,Ensemble
2026-05-16,27,1,wk inc flu hosp,2026-05-23,quantile,0.2,5,Minnesota,Ensemble
2026-05-16,27,1,wk inc flu hosp,2026-05-23,quantile,0.25,6,Minnesota,Ensemble
2026-05-16,27,1,wk inc flu hosp,2026-05-23,quantile,0.3,6,Minnesota,Ensemble
2026-05-16,27,1,wk inc flu hosp,2026-05-23,quantile,0.35,7,Minnesota,Ensemble
2026-05-16,27,1,wk inc flu hosp,2026-05-23,quantile,0.4,8,Minnesota,Ensemble
2026-05-16,27,1,wk inc flu hosp,2026-05-23,quantile,0.45,8,Minnesota,Ensemble
2026-05-16,27,1,wk inc flu hosp,2026-05-23,quantile,0.5,10,Minnesota,Ensemble
2026-05-16,27,1,wk inc flu hosp,2026-05-23,quantile,0.55,11,Minnesota,Ensemble
2026-05-16,27,1,wk inc flu hosp,2026-05-23,quantile,0.6,12,Minnesota,Ensemble
2026-05-16,27,1,wk inc flu hosp,2026-05-23,quantile,0.65,13,Minnesota,Ensemble
2026-05-16,27,1,wk inc flu hosp,2026-05-23,quantile,0.7,14,Minnesota,Ensemble
2026-05-16,27,1,wk inc flu hosp,2026-05-23,quantile,0.75,15,Minnesota,Ensemble
2026-05-16,27,1,wk inc flu hosp,2026-05-23,quantile,0.8,18,Minnesota,Ensemble
2026-05-16,27,1,wk inc flu hosp,2026-05-23,quantile,0.85,21,Minnesota,Ensemble
2026-05-16,27,1,wk inc flu hosp,2026-05-23,quantile,0.9,25,Minnesota,Ensemble
2026-05-16,27,1,wk inc flu hosp,2026-05-23,quantile,0.95,35,Minnesota,Ensemble
2026-05-16,27,1,wk inc flu hosp,2026-05-23,quantile,0.975,45,Minnesota,Ensemble
2026-05-16,27,1,wk inc flu hosp,2026-05-23,quantile,0.99,60,Minnesota,Ensemble
2026-05-16,27,2,wk inc flu hosp,2026-05-30,quantile,0.01,0,Minnesota,Ensemble
2026-05-16,27,2,wk inc flu hosp,2026-05-30,quantile,0.025,0,Minnesota,Ensemble
2026-05-16,27,2,wk inc flu hosp,2026-05-30,quantile,0.05,1,Minnesota,Ensemble
2026-05-16,27,2,wk inc flu hosp,2026-05-30,quantile,0.1,2,Minnesota,Ensemble
2026-05-16,27,2,wk inc flu hosp,2026-05-30,quantile,0.15,3,Minnesota,Ensemble
2026-05-16,27,2,wk inc flu hosp,2026-05-30,quantile,0.2,4,Minnesota,Ensemble
2026-05-16,27,2,wk inc flu hosp,2026-05-30,quantile,0.25,4,Minnesota,Ensemble
2026-05-16,27,2,wk inc flu hosp,2026-05-30,quantile,0.3,5,Minnesota,Ensemble
2026-05-16,27,2,wk inc flu hosp,2026-05-30,quantile,0.35,6,Minnesota,Ensemble
2026-05-16,27,2,wk inc flu hosp,2026-05-30,quantile,0.4,6,Minnesota,Ensemble
2026-05-16,27,2,wk inc flu hosp,2026-05-30,quantile,0.45,7,Minnesota,Ensemble
2026-05-16,27,2,wk inc flu hosp,2026-05-30,quantile,0.5,9,Minnesota,Ensemble
2026-05-16,27,2,wk inc flu hosp,2026-05-30,quantile,0.55,9,Minnesota,Ensemble
2026-05-16,27,2,wk inc flu hosp,2026-05-30,quantile,0.6,10,Minnesota,Ensemble
2026-05-16,27,2,wk inc flu hosp,2026-05-30,quantile,0.65,11,Minnesota,Ensemble
2026-05-16,27,2,wk inc flu hosp,2026-05-30,quantile,0.7,12,Minnesota,Ensemble
2026-05-16,27,2,wk inc flu hosp,2026-05-30,quantile,0.75,13,Minnesota,Ensemble
2026-05-16,27,2,wk inc flu hosp,2026-05-30,quantile,0.8,15,Minnesota,Ensemble
2026-05-16,27,2,wk inc flu hosp,2026-05-30,quantile,0.85,19,Minnesota,Ensemble
2026-05-16,27,2,wk inc flu hosp,2026-05-30,quantile,0.9,24,Minnesota,Ensemble
2026-05-16,27,2,wk inc flu hosp,2026-05-30,quantile,0.95,34,Minnesota,Ensemble
2026-05-16,27,2,wk inc flu hosp,2026-05-30,quantile,0.975,46,Minnesota,Ensemble
2026-05-16,27,2,wk inc flu hosp,2026-05-30,quantile,0.99,63,Minnesota,Ensemble
2026-05-16,27,3,wk inc flu hosp,2026-06-06,quantile,0.01,0,Minnesota,Ensemble
2026-05-16,27,3,wk inc flu hosp,2026-06-06,quantile,0.025,0,Minnesota,Ensemble
2026-05-16,27,3,wk inc flu hosp,2026-06-06,quantile,0.05,1,Minnesota,Ensemble
2026-05-16,27,3,wk inc flu hosp,2026-06-06,quantile,0.1,1,Minnesota,Ensemble
2026-05-16,27,3,wk inc flu hosp,2026-06-06,quantile,0.15,2,Minnesota,Ensemble
2026-05-16,27,3,wk inc flu hosp,2026-06-06,quantile,0.2,3,Minnesota,Ensemble
2026-05-16,27,3,wk inc flu hosp,2026-06-06,quantile,0.25,4,Minnesota,Ensemble
2026-05-16,27,3,wk inc flu hosp,2026-06-06,quantile,0.3,4,Minnesota,Ensemble
2026-05-16,27,3,wk inc flu hosp,2026-06-06,quantile,0.35,5,Minnesota,Ensemble
2026-05-16,27,3,wk inc flu hosp,2026-06-06,quantile,0.4,5,Minnesota,Ensemble
2026-05-16,27,3,wk inc flu hosp,2026-06-06,quantile,0.45,6,Minnesota,Ensemble
2026-05-16,27,3,wk inc flu hosp,2026-06-06,quantile,0.5,8,Minnesota,Ensemble
2026-05-16,27,3,wk inc flu hosp,2026-06-06,quantile,0.55,9,Minnesota,Ensemble
2026-05-16,27,3,wk inc flu hosp,2026-06-06,quantile,0.6,10,Minnesota,Ensemble
2026-05-16,27,3,wk inc flu hosp,2026-06-06,quantile,0.65,10,Minnesota,Ensemble
2026-05-16,27,3,wk inc flu hosp,2026-06-06,quantile,0.7,12,Minnesota,Ensemble
2026-05-16,27,3,wk inc flu hosp,2026-06-06,quantile,0.75,13,Minnesota,Ensemble
2026-05-16,27,3,wk inc flu hosp,2026-06-06,quantile,0.8,16,Minnesota,Ensemble
2026-05-16,27,3,wk inc flu hosp,2026-06-06,quantile,0.85,20,Minnesota,Ensemble
2026-05-16,27,3,wk inc flu hosp,2026-06-06,quantile,0.9,26,Minnesota,Ensemble
2026-05-16,27,3,wk inc flu hosp,2026-06-06,quantile,0.95,38,Minnesota,Ensemble
2026-05-16,27,3,wk inc flu hosp,2026-06-06,quantile,0.975,54,Minnesota,Ensemble
2026-05-16,27,3,wk inc flu hosp,2026-06-06,quantile,0.99,76,Minnesota,Ensemble
2026-05-16,28,0,wk inc flu hosp,2026-05-16,quantile,0.01,4,Mississippi,Ensemble
2026-05-16,28,0,wk inc flu hosp,2026-05-16,quantile,0.025,5,Mississippi,Ensemble
2026-05-16,28,0,wk inc flu hosp,2026-05-16,quantile,0.05,7,Mississippi,Ensemble
2026-05-16,28,0,wk inc flu hosp,2026-05-16,quantile,0.1,8,Mississippi,Ensemble
2026-05-16,28,0,wk inc flu hosp,2026-05-16,quantile,0.15,9,Mississippi,Ensemble
2026-05-16,28,0,wk inc flu hosp,2026-05-16,quantile,0.2,11,Mississippi,Ensemble
2026-05-16,28,0,wk inc flu hosp,2026-05-16,quantile,0.25,11,Mississippi,Ensemble
2026-05-16,28,0,wk inc flu hosp,2026-05-16,quantile,0.3,12,Mississippi,Ensemble
2026-05-16,28,0,wk inc flu hosp,2026-05-16,quantile,0.35,13,Mississippi,Ensemble
2026-05-16,28,0,wk inc flu hosp,2026-05-16,quantile,0.4,14,Mississippi,Ensemble
2026-05-16,28,0,wk inc flu hosp,2026-05-16,quantile,0.45,15,Mississippi,Ensemble
2026-05-16,28,0,wk inc flu hosp,2026-05-16,quantile,0.5,17,Mississippi,Ensemble
2026-05-16,28,0,wk inc flu hosp,2026-05-16,quantile,0.55,18,Mississippi,Ensemble
2026-05-16,28,0,wk inc flu hosp,2026-05-16,quantile,0.6,19,Mississippi,Ensemble
2026-05-16,28,0,wk inc flu hosp,2026-05-16,quantile,0.65,20,Mississippi,Ensemble
2026-05-16,28,0,wk inc flu hosp,2026-05-16,quantile,0.7,21,Mississippi,Ensemble
2026-05-16,28,0,wk inc flu hosp,2026-05-16,quantile,0.75,22,Mississippi,Ensemble
2026-05-16,28,0,wk inc flu hosp,2026-05-16,quantile,0.8,23,Mississippi,Ensemble
2026-05-16,28,0,wk inc flu hosp,2026-05-16,quantile,0.85,25,Mississippi,Ensemble
2026-05-16,28,0,wk inc flu hosp,2026-05-16,quantile,0.9,28,Mississippi,Ensemble
2026-05-16,28,0,wk inc flu hosp,2026-05-16,quantile,0.95,33,Mississippi,Ensemble
2026-05-16,28,0,wk inc flu hosp,2026-05-16,quantile,0.975,37,Mississippi,Ensemble
2026-05-16,28,0,wk inc flu hosp,2026-05-16,quantile,0.99,44,Mississippi,Ensemble
2026-05-16,28,1,wk inc flu hosp,2026-05-23,quantile,0.01,3,Mississippi,Ensemble
2026-05-16,28,1,wk inc flu hosp,2026-05-23,quantile,0.025,4,Mississippi,Ensemble
2026-05-16,28,1,wk inc flu hosp,2026-05-23,quantile,0.05,5,Mississippi,Ensemble
2026-05-16,28,1,wk inc flu hosp,2026-05-23,quantile,0.1,7,Mississippi,Ensemble
2026-05-16,28,1,wk inc flu hosp,2026-05-23,quantile,0.15,8,Mississippi,Ensemble
2026-05-16,28,1,wk inc flu hosp,2026-05-23,quantile,0.2,9,Mississippi,Ensemble
2026-05-16,28,1,wk inc flu hosp,2026-05-23,quantile,0.25,10,Mississippi,Ensemble
2026-05-16,28,1,wk inc flu hosp,2026-05-23,quantile,0.3,11,Mississippi,Ensemble
2026-05-16,28,1,wk inc flu hosp,2026-05-23,quantile,0.35,11,Mississippi,Ensemble
2026-05-16,28,1,wk inc flu hosp,2026-05-23,quantile,0.4,12,Mississippi,Ensemble
2026-05-16,28,1,wk inc flu hosp,2026-05-23,quantile,0.45,13,Mississippi,Ensemble
2026-05-16,28,1,wk inc flu hosp,2026-05-23,quantile,0.5,15,Mississippi,Ensemble
2026-05-16,28,1,wk inc flu hosp,2026-05-23,quantile,0.55,16,Mississippi,Ensemble
2026-05-16,28,1,wk inc flu hosp,2026-05-23,quantile,0.6,17,Mississippi,Ensemble
2026-05-16,28,1,wk inc flu hosp,2026-05-23,quantile,0.65,18,Mississippi,Ensemble
2026-05-16,28,1,wk inc flu hosp,2026-05-23,quantile,0.7,19,Mississippi,Ensemble
2026-05-16,28,1,wk inc flu hosp,2026-05-23,quantile,0.75,21,Mississippi,Ensemble
2026-05-16,28,1,wk inc flu hosp,2026-05-23,quantile,0.8,22,Mississippi,Ensemble
2026-05-16,28,1,wk inc flu hosp,2026-05-23,quantile,0.85,25,Mississippi,Ensemble
2026-05-16,28,1,wk inc flu hosp,2026-05-23,quantile,0.9,28,Mississippi,Ensemble
2026-05-16,28,1,wk inc flu hosp,2026-05-23,quantile,0.95,34,Mississippi,Ensemble
2026-05-16,28,1,wk inc flu hosp,2026-05-23,quantile,0.975,40,Mississippi,Ensemble
2026-05-16,28,1,wk inc flu hosp,2026-05-23,quantile,0.99,48,Mississippi,Ensemble
2026-05-16,28,2,wk inc flu hosp,2026-05-30,quantile,0.01,2,Mississippi,Ensemble
2026-05-16,28,2,wk inc flu hosp,2026-05-30,quantile,0.025,3,Mississippi,Ensemble
2026-05-16,28,2,wk inc flu hosp,2026-05-30,quantile,0.05,4,Mississippi,Ensemble
2026-05-16,28,2,wk inc flu hosp,2026-05-30,quantile,0.1,6,Mississippi,Ensemble
2026-05-16,28,2,wk inc flu hosp,2026-05-30,quantile,0.15,7,Mississippi,Ensemble
2026-05-16,28,2,wk inc flu hosp,2026-05-30,quantile,0.2,8,Mississippi,Ensemble
2026-05-16,28,2,wk inc flu hosp,2026-05-30,quantile,0.25,9,Mississippi,Ensemble
2026-05-16,28,2,wk inc flu hosp,2026-05-30,quantile,0.3,10,Mississippi,Ensemble
2026-05-16,28,2,wk inc flu hosp,2026-05-30,quantile,0.35,11,Mississippi,Ensemble
2026-05-16,28,2,wk inc flu hosp,2026-05-30,quantile,0.4,11,Mississippi,Ensemble
2026-05-16,28,2,wk inc flu hosp,2026-05-30,quantile,0.45,12,Mississippi,Ensemble
2026-05-16,28,2,wk inc flu hosp,2026-05-30,quantile,0.5,14,Mississippi,Ensemble
2026-05-16,28,2,wk inc flu hosp,2026-05-30,quantile,0.55,15,Mississippi,Ensemble
2026-05-16,28,2,wk inc flu hosp,2026-05-30,quantile,0.6,16,Mississippi,Ensemble
2026-05-16,28,2,wk inc flu hosp,2026-05-30,quantile,0.65,17,Mississippi,Ensemble
2026-05-16,28,2,wk inc flu hosp,2026-05-30,quantile,0.7,18,Mississippi,Ensemble
2026-05-16,28,2,wk inc flu hosp,2026-05-30,quantile,0.75,20,Mississippi,Ensemble
2026-05-16,28,2,wk inc flu hosp,2026-05-30,quantile,0.8,22,Mississippi,Ensemble
2026-05-16,28,2,wk inc flu hosp,2026-05-30,quantile,0.85,24,Mississippi,Ensemble
2026-05-16,28,2,wk inc flu hosp,2026-05-30,quantile,0.9,28,Mississippi,Ensemble
2026-05-16,28,2,wk inc flu hosp,2026-05-30,quantile,0.95,34,Mississippi,Ensemble
2026-05-16,28,2,wk inc flu hosp,2026-05-30,quantile,0.975,40,Mississippi,Ensemble
2026-05-16,28,2,wk inc flu hosp,2026-05-30,quantile,0.99,49,Mississippi,Ensemble
2026-05-16,28,3,wk inc flu hosp,2026-06-06,quantile,0.01,2,Mississippi,Ensemble
2026-05-16,28,3,wk inc flu hosp,2026-06-06,quantile,0.025,3,Mississippi,Ensemble
2026-05-16,28,3,wk inc flu hosp,2026-06-06,quantile,0.05,4,Mississippi,Ensemble
2026-05-16,28,3,wk inc flu hosp,2026-06-06,quantile,0.1,5,Mississippi,Ensemble
2026-05-16,28,3,wk inc flu hosp,2026-06-06,quantile,0.15,6,Mississippi,Ensemble
2026-05-16,28,3,wk inc flu hosp,2026-06-06,quantile,0.2,7,Mississippi,Ensemble
2026-05-16,28,3,wk inc flu hosp,2026-06-06,quantile,0.25,8,Mississippi,Ensemble
2026-05-16,28,3,wk inc flu hosp,2026-06-06,quantile,0.3,9,Mississippi,Ensemble
2026-05-16,28,3,wk inc flu hosp,2026-06-06,quantile,0.35,10,Mississippi,Ensemble
2026-05-16,28,3,wk inc flu hosp,2026-06-06,quantile,0.4,11,Mississippi,Ensemble
2026-05-16,28,3,wk inc flu hosp,2026-06-06,quantile,0.45,12,Mississippi,Ensemble
2026-05-16,28,3,wk inc flu hosp,2026-06-06,quantile,0.5,13,Mississippi,Ensemble
2026-05-16,28,3,wk inc flu hosp,2026-06-06,quantile,0.55,14,Mississippi,Ensemble
2026-05-16,28,3,wk inc flu hosp,2026-06-06,quantile,0.6,16,Mississippi,Ensemble
2026-05-16,28,3,wk inc flu hosp,2026-06-06,quantile,0.65,17,Mississippi,Ensemble
2026-05-16,28,3,wk inc flu hosp,2026-06-06,quantile,0.7,18,Mississippi,Ensemble
2026-05-16,28,3,wk inc flu hosp,2026-06-06,quantile,0.75,20,Mississippi,Ensemble
2026-05-16,28,3,wk inc flu hosp,2026-06-06,quantile,0.8,22,Mississippi,Ensemble
2026-05-16,28,3,wk inc flu hosp,2026-06-06,quantile,0.85,24,Mississippi,Ensemble
2026-05-16,28,3,wk inc flu hosp,2026-06-06,quantile,0.9,28,Mississippi,Ensemble
2026-05-16,28,3,wk inc flu hosp,2026-06-06,quantile,0.95,35,Mississippi,Ensemble
2026-05-16,28,3,wk inc flu hosp,2026-06-06,quantile,0.975,42,Mississippi,Ensemble
2026-05-16,28,3,wk inc flu hosp,2026-06-06,quantile,0.99,53,Mississippi,Ensemble
2026-05-16,29,0,wk inc flu hosp,2026-05-16,quantile,0.01,1,Missouri,Ensemble
2026-05-16,29,0,wk inc flu hosp,2026-05-16,quantile,0.025,2,Missouri,Ensemble
2026-05-16,29,0,wk inc flu hosp,2026-05-16,quantile,0.05,2,Missouri,Ensemble
2026-05-16,29,0,wk inc flu hosp,2026-05-16,quantile,0.1,3,Missouri,Ensemble
2026-05-16,29,0,wk inc flu hosp,2026-05-16,quantile,0.15,4,Missouri,Ensemble
2026-05-16,29,0,wk inc flu hosp,2026-05-16,quantile,0.2,5,Missouri,Ensemble
2026-05-16,29,0,wk inc flu hosp,2026-05-16,quantile,0.25,6,Missouri,Ensemble
2026-05-16,29,0,wk inc flu hosp,2026-05-16,quantile,0.3,6,Missouri,Ensemble
2026-05-16,29,0,wk inc flu hosp,2026-05-16,quantile,0.35,7,Missouri,Ensemble
2026-05-16,29,0,wk inc flu hosp,2026-05-16,quantile,0.4,8,Missouri,Ensemble
2026-05-16,29,0,wk inc flu hosp,2026-05-16,quantile,0.45,9,Missouri,Ensemble
2026-05-16,29,0,wk inc flu hosp,2026-05-16,quantile,0.5,10,Missouri,Ensemble
2026-05-16,29,0,wk inc flu hosp,2026-05-16,quantile,0.55,11,Missouri,Ensemble
2026-05-16,29,0,wk inc flu hosp,2026-05-16,quantile,0.6,12,Missouri,Ensemble
2026-05-16,29,0,wk inc flu hosp,2026-05-16,quantile,0.65,13,Missouri,Ensemble
2026-05-16,29,0,wk inc flu hosp,2026-05-16,quantile,0.7,14,Missouri,Ensemble
2026-05-16,29,0,wk inc flu hosp,2026-05-16,quantile,0.75,15,Missouri,Ensemble
2026-05-16,29,0,wk inc flu hosp,2026-05-16,quantile,0.8,16,Missouri,Ensemble
2026-05-16,29,0,wk inc flu hosp,2026-05-16,quantile,0.85,18,Missouri,Ensemble
2026-05-16,29,0,wk inc flu hosp,2026-05-16,quantile,0.9,21,Missouri,Ensemble
2026-05-16,29,0,wk inc flu hosp,2026-05-16,quantile,0.95,25,Missouri,Ensemble
2026-05-16,29,0,wk inc flu hosp,2026-05-16,quantile,0.975,31,Missouri,Ensemble
2026-05-16,29,0,wk inc flu hosp,2026-05-16,quantile,0.99,40,Missouri,Ensemble
2026-05-16,29,1,wk inc flu hosp,2026-05-23,quantile,0.01,1,Missouri,Ensemble
2026-05-16,29,1,wk inc flu hosp,2026-05-23,quantile,0.025,1,Missouri,Ensemble
2026-05-16,29,1,wk inc flu hosp,2026-05-23,quantile,0.05,2,Missouri,Ensemble
2026-05-16,29,1,wk inc flu hosp,2026-05-23,quantile,0.1,3,Missouri,Ensemble
2026-05-16,29,1,wk inc flu hosp,2026-05-23,quantile,0.15,3,Missouri,Ensemble
2026-05-16,29,1,wk inc flu hosp,2026-05-23,quantile,0.2,4,Missouri,Ensemble
2026-05-16,29,1,wk inc flu hosp,2026-05-23,quantile,0.25,5,Missouri,Ensemble
2026-05-16,29,1,wk inc flu hosp,2026-05-23,quantile,0.3,6,Missouri,Ensemble
2026-05-16,29,1,wk inc flu hosp,2026-05-23,quantile,0.35,6,Missouri,Ensemble
2026-05-16,29,1,wk inc flu hosp,2026-05-23,quantile,0.4,7,Missouri,Ensemble
2026-05-16,29,1,wk inc flu hosp,2026-05-23,quantile,0.45,8,Missouri,Ensemble
2026-05-16,29,1,wk inc flu hosp,2026-05-23,quantile,0.5,9,Missouri,Ensemble
2026-05-16,29,1,wk inc flu hosp,2026-05-23,quantile,0.55,10,Missouri,Ensemble
2026-05-16,29,1,wk inc flu hosp,2026-05-23,quantile,0.6,11,Missouri,Ensemble
2026-05-16,29,1,wk inc flu hosp,2026-05-23,quantile,0.65,12,Missouri,Ensemble
2026-05-16,29,1,wk inc flu hosp,2026-05-23,quantile,0.7,13,Missouri,Ensemble
2026-05-16,29,1,wk inc flu hosp,2026-05-23,quantile,0.75,14,Missouri,Ensemble
2026-05-16,29,1,wk inc flu hosp,2026-05-23,quantile,0.8,16,Missouri,Ensemble
2026-05-16,29,1,wk inc flu hosp,2026-05-23,quantile,0.85,17,Missouri,Ensemble
2026-05-16,29,1,wk inc flu hosp,2026-05-23,quantile,0.9,21,Missouri,Ensemble
2026-05-16,29,1,wk inc flu hosp,2026-05-23,quantile,0.95,27,Missouri,Ensemble
2026-05-16,29,1,wk inc flu hosp,2026-05-23,quantile,0.975,34,Missouri,Ensemble
2026-05-16,29,1,wk inc flu hosp,2026-05-23,quantile,0.99,44,Missouri,Ensemble
2026-05-16,29,2,wk inc flu hosp,2026-05-30,quantile,0.01,1,Missouri,Ensemble
2026-05-16,29,2,wk inc flu hosp,2026-05-30,quantile,0.025,2,Missouri,Ensemble
2026-05-16,29,2,wk inc flu hosp,2026-05-30,quantile,0.05,2,Missouri,Ensemble
2026-05-16,29,2,wk inc flu hosp,2026-05-30,quantile,0.1,3,Missouri,Ensemble
2026-05-16,29,2,wk inc flu hosp,2026-05-30,quantile,0.15,3,Missouri,Ensemble
2026-05-16,29,2,wk inc flu hosp,2026-05-30,quantile,0.2,4,Missouri,Ensemble
2026-05-16,29,2,wk inc flu hosp,2026-05-30,quantile,0.25,5,Missouri,Ensemble
2026-05-16,29,2,wk inc flu hosp,2026-05-30,quantile,0.3,5,Missouri,Ensemble
2026-05-16,29,2,wk inc flu hosp,2026-05-30,quantile,0.35,6,Missouri,Ensemble
2026-05-16,29,2,wk inc flu hosp,2026-05-30,quantile,0.4,7,Missouri,Ensemble
2026-05-16,29,2,wk inc flu hosp,2026-05-30,quantile,0.45,7,Missouri,Ensemble
2026-05-16,29,2,wk inc flu hosp,2026-05-30,quantile,0.5,9,Missouri,Ensemble
2026-05-16,29,2,wk inc flu hosp,2026-05-30,quantile,0.55,10,Missouri,Ensemble
2026-05-16,29,2,wk inc flu hosp,2026-05-30,quantile,0.6,11,Missouri,Ensemble
2026-05-16,29,2,wk inc flu hosp,2026-05-30,quantile,0.65,11,Missouri,Ensemble
2026-05-16,29,2,wk inc flu hosp,2026-05-30,quantile,0.7,13,Missouri,Ensemble
2026-05-16,29,2,wk inc flu hosp,2026-05-30,quantile,0.75,14,Missouri,Ensemble
2026-05-16,29,2,wk inc flu hosp,2026-05-30,quantile,0.8,16,Missouri,Ensemble
2026-05-16,29,2,wk inc flu hosp,2026-05-30,quantile,0.85,19,Missouri,Ensemble
2026-05-16,29,2,wk inc flu hosp,2026-05-30,quantile,0.9,23,Missouri,Ensemble
2026-05-16,29,2,wk inc flu hosp,2026-05-30,quantile,0.95,31,Missouri,Ensemble
2026-05-16,29,2,wk inc flu hosp,2026-05-30,quantile,0.975,39,Missouri,Ensemble
2026-05-16,29,2,wk inc flu hosp,2026-05-30,quantile,0.99,52,Missouri,Ensemble
2026-05-16,29,3,wk inc flu hosp,2026-06-06,quantile,0.01,1,Missouri,Ensemble
2026-05-16,29,3,wk inc flu hosp,2026-06-06,quantile,0.025,1,Missouri,Ensemble
2026-05-16,29,3,wk inc flu hosp,2026-06-06,quantile,0.05,2,Missouri,Ensemble
2026-05-16,29,3,wk inc flu hosp,2026-06-06,quantile,0.1,2,Missouri,Ensemble
2026-05-16,29,3,wk inc flu hosp,2026-06-06,quantile,0.15,3,Missouri,Ensemble
2026-05-16,29,3,wk inc flu hosp,2026-06-06,quantile,0.2,4,Missouri,Ensemble
2026-05-16,29,3,wk inc flu hosp,2026-06-06,quantile,0.25,4,Missouri,Ensemble
2026-05-16,29,3,wk inc flu hosp,2026-06-06,quantile,0.3,5,Missouri,Ensemble
2026-05-16,29,3,wk inc flu hosp,2026-06-06,quantile,0.35,5,Missouri,Ensemble
2026-05-16,29,3,wk inc flu hosp,2026-06-06,quantile,0.4,6,Missouri,Ensemble
2026-05-16,29,3,wk inc flu hosp,2026-06-06,quantile,0.45,7,Missouri,Ensemble
2026-05-16,29,3,wk inc flu hosp,2026-06-06,quantile,0.5,8,Missouri,Ensemble
2026-05-16,29,3,wk inc flu hosp,2026-06-06,quantile,0.55,9,Missouri,Ensemble
2026-05-16,29,3,wk inc flu hosp,2026-06-06,quantile,0.6,10,Missouri,Ensemble
2026-05-16,29,3,wk inc flu hosp,2026-06-06,quantile,0.65,11,Missouri,Ensemble
2026-05-16,29,3,wk inc flu hosp,2026-06-06,quantile,0.7,12,Missouri,Ensemble
2026-05-16,29,3,wk inc flu hosp,2026-06-06,quantile,0.75,14,Missouri,Ensemble
2026-05-16,29,3,wk inc flu hosp,2026-06-06,quantile,0.8,16,Missouri,Ensemble
2026-05-16,29,3,wk inc flu hosp,2026-06-06,quantile,0.85,20,Missouri,Ensemble
2026-05-16,29,3,wk inc flu hosp,2026-06-06,quantile,0.9,25,Missouri,Ensemble
2026-05-16,29,3,wk inc flu hosp,2026-06-06,quantile,0.95,35,Missouri,Ensemble
2026-05-16,29,3,wk inc flu hosp,2026-06-06,quantile,0.975,46,Missouri,Ensemble
2026-05-16,29,3,wk inc flu hosp,2026-06-06,quantile,0.99,63,Missouri,Ensemble
2026-05-16,30,0,wk inc flu hosp,2026-05-16,quantile,0.01,0,Montana,Ensemble
2026-05-16,30,0,wk inc flu hosp,2026-05-16,quantile,0.025,0,Montana,Ensemble
2026-05-16,30,0,wk inc flu hosp,2026-05-16,quantile,0.05,0,Montana,Ensemble
2026-05-16,30,0,wk inc flu hosp,2026-05-16,quantile,0.1,0,Montana,Ensemble
2026-05-16,30,0,wk inc flu hosp,2026-05-16,quantile,0.15,1,Montana,Ensemble
2026-05-16,30,0,wk inc flu hosp,2026-05-16,quantile,0.2,1,Montana,Ensemble
2026-05-16,30,0,wk inc flu hosp,2026-05-16,quantile,0.25,1,Montana,Ensemble
2026-05-16,30,0,wk inc flu hosp,2026-05-16,quantile,0.3,2,Montana,Ensemble
2026-05-16,30,0,wk inc flu hosp,2026-05-16,quantile,0.35,2,Montana,Ensemble
2026-05-16,30,0,wk inc flu hosp,2026-05-16,quantile,0.4,2,Montana,Ensemble
2026-05-16,30,0,wk inc flu hosp,2026-05-16,quantile,0.45,2,Montana,Ensemble
2026-05-16,30,0,wk inc flu hosp,2026-05-16,quantile,0.5,4,Montana,Ensemble
2026-05-16,30,0,wk inc flu hosp,2026-05-16,quantile,0.55,4,Montana,Ensemble
2026-05-16,30,0,wk inc flu hosp,2026-05-16,quantile,0.6,4,Montana,Ensemble
2026-05-16,30,0,wk inc flu hosp,2026-05-16,quantile,0.65,5,Montana,Ensemble
2026-05-16,30,0,wk inc flu hosp,2026-05-16,quantile,0.7,5,Montana,Ensemble
2026-05-16,30,0,wk inc flu hosp,2026-05-16,quantile,0.75,5,Montana,Ensemble
2026-05-16,30,0,wk inc flu hosp,2026-05-16,quantile,0.8,6,Montana,Ensemble
2026-05-16,30,0,wk inc flu hosp,2026-05-16,quantile,0.85,7,Montana,Ensemble
2026-05-16,30,0,wk inc flu hosp,2026-05-16,quantile,0.9,8,Montana,Ensemble
2026-05-16,30,0,wk inc flu hosp,2026-05-16,quantile,0.95,10,Montana,Ensemble
2026-05-16,30,0,wk inc flu hosp,2026-05-16,quantile,0.975,13,Montana,Ensemble
2026-05-16,30,0,wk inc flu hosp,2026-05-16,quantile,0.99,16,Montana,Ensemble
2026-05-16,30,1,wk inc flu hosp,2026-05-23,quantile,0.01,0,Montana,Ensemble
2026-05-16,30,1,wk inc flu hosp,2026-05-23,quantile,0.025,0,Montana,Ensemble
2026-05-16,30,1,wk inc flu hosp,2026-05-23,quantile,0.05,0,Montana,Ensemble
2026-05-16,30,1,wk inc flu hosp,2026-05-23,quantile,0.1,0,Montana,Ensemble
2026-05-16,30,1,wk inc flu hosp,2026-05-23,quantile,0.15,0,Montana,Ensemble
2026-05-16,30,1,wk inc flu hosp,2026-05-23,quantile,0.2,1,Montana,Ensemble
2026-05-16,30,1,wk inc flu hosp,2026-05-23,quantile,0.25,1,Montana,Ensemble
2026-05-16,30,1,wk inc flu hosp,2026-05-23,quantile,0.3,1,Montana,Ensemble
2026-05-16,30,1,wk inc flu hosp,2026-05-23,quantile,0.35,1,Montana,Ensemble
2026-05-16,30,1,wk inc flu hosp,2026-05-23,quantile,0.4,2,Montana,Ensemble
2026-05-16,30,1,wk inc flu hosp,2026-05-23,quantile,0.45,2,Montana,Ensemble
2026-05-16,30,1,wk inc flu hosp,2026-05-23,quantile,0.5,3,Montana,Ensemble
2026-05-16,30,1,wk inc flu hosp,2026-05-23,quantile,0.55,4,Montana,Ensemble
2026-05-16,30,1,wk inc flu hosp,2026-05-23,quantile,0.6,4,Montana,Ensemble
2026-05-16,30,1,wk inc flu hosp,2026-05-23,quantile,0.65,4,Montana,Ensemble
2026-05-16,30,1,wk inc flu hosp,2026-05-23,quantile,0.7,5,Montana,Ensemble
2026-05-16,30,1,wk inc flu hosp,2026-05-23,quantile,0.75,5,Montana,Ensemble
2026-05-16,30,1,wk inc flu hosp,2026-05-23,quantile,0.8,6,Montana,Ensemble
2026-05-16,30,1,wk inc flu hosp,2026-05-23,quantile,0.85,7,Montana,Ensemble
2026-05-16,30,1,wk inc flu hosp,2026-05-23,quantile,0.9,8,Montana,Ensemble
2026-05-16,30,1,wk inc flu hosp,2026-05-23,quantile,0.95,11,Montana,Ensemble
2026-05-16,30,1,wk inc flu hosp,2026-05-23,quantile,0.975,14,Montana,Ensemble
2026-05-16,30,1,wk inc flu hosp,2026-05-23,quantile,0.99,18,Montana,Ensemble
2026-05-16,30,2,wk inc flu hosp,2026-05-30,quantile,0.01,0,Montana,Ensemble
2026-05-16,30,2,wk inc flu hosp,2026-05-30,quantile,0.025,0,Montana,Ensemble
2026-05-16,30,2,wk inc flu hosp,2026-05-30,quantile,0.05,0,Montana,Ensemble
2026-05-16,30,2,wk inc flu hosp,2026-05-30,quantile,0.1,0,Montana,Ensemble
2026-05-16,30,2,wk inc flu hosp,2026-05-30,quantile,0.15,0,Montana,Ensemble
2026-05-16,30,2,wk inc flu hosp,2026-05-30,quantile,0.2,0,Montana,Ensemble
2026-05-16,30,2,wk inc flu hosp,2026-05-30,quantile,0.25,1,Montana,Ensemble
2026-05-16,30,2,wk inc flu hosp,2026-05-30,quantile,0.3,1,Montana,Ensemble
2026-05-16,30,2,wk inc flu hosp,2026-05-30,quantile,0.35,1,Montana,Ensemble
2026-05-16,30,2,wk inc flu hosp,2026-05-30,quantile,0.4,1,Montana,Ensemble
2026-05-16,30,2,wk inc flu hosp,2026-05-30,quantile,0.45,2,Montana,Ensemble
2026-05-16,30,2,wk inc flu hosp,2026-05-30,quantile,0.5,3,Montana,Ensemble
2026-05-16,30,2,wk inc flu hosp,2026-05-30,quantile,0.55,3,Montana,Ensemble
2026-05-16,30,2,wk inc flu hosp,2026-05-30,quantile,0.6,3,Montana,Ensemble
2026-05-16,30,2,wk inc flu hosp,2026-05-30,quantile,0.65,4,Montana,Ensemble
2026-05-16,30,2,wk inc flu hosp,2026-05-30,quantile,0.7,4,Montana,Ensemble
2026-05-16,30,2,wk inc flu hosp,2026-05-30,quantile,0.75,5,Montana,Ensemble
2026-05-16,30,2,wk inc flu hosp,2026-05-30,quantile,0.8,5,Montana,Ensemble
2026-05-16,30,2,wk inc flu hosp,2026-05-30,quantile,0.85,6,Montana,Ensemble
2026-05-16,30,2,wk inc flu hosp,2026-05-30,quantile,0.9,8,Montana,Ensemble
2026-05-16,30,2,wk inc flu hosp,2026-05-30,quantile,0.95,12,Montana,Ensemble
2026-05-16,30,2,wk inc flu hosp,2026-05-30,quantile,0.975,15,Montana,Ensemble
2026-05-16,30,2,wk inc flu hosp,2026-05-30,quantile,0.99,19,Montana,Ensemble
2026-05-16,30,3,wk inc flu hosp,2026-06-06,quantile,0.01,0,Montana,Ensemble
2026-05-16,30,3,wk inc flu hosp,2026-06-06,quantile,0.025,0,Montana,Ensemble
2026-05-16,30,3,wk inc flu hosp,2026-06-06,quantile,0.05,0,Montana,Ensemble
2026-05-16,30,3,wk inc flu hosp,2026-06-06,quantile,0.1,0,Montana,Ensemble
2026-05-16,30,3,wk inc flu hosp,2026-06-06,quantile,0.15,0,Montana,Ensemble
2026-05-16,30,3,wk inc flu hosp,2026-06-06,quantile,0.2,0,Montana,Ensemble
2026-05-16,30,3,wk inc flu hosp,2026-06-06,quantile,0.25,1,Montana,Ensemble
2026-05-16,30,3,wk inc flu hosp,2026-06-06,quantile,0.3,1,Montana,Ensemble
2026-05-16,30,3,wk inc flu hosp,2026-06-06,quantile,0.35,1,Montana,Ensemble
2026-05-16,30,3,wk inc flu hosp,2026-06-06,quantile,0.4,1,Montana,Ensemble
2026-05-16,30,3,wk inc flu hosp,2026-06-06,quantile,0.45,1,Montana,Ensemble
2026-05-16,30,3,wk inc flu hosp,2026-06-06,quantile,0.5,3,Montana,Ensemble
2026-05-16,30,3,wk inc flu hosp,2026-06-06,quantile,0.55,3,Montana,Ensemble
2026-05-16,30,3,wk inc flu hosp,2026-06-06,quantile,0.6,3,Montana,Ensemble
2026-05-16,30,3,wk inc flu hosp,2026-06-06,quantile,0.65,3,Montana,Ensemble
2026-05-16,30,3,wk inc flu hosp,2026-06-06,quantile,0.7,4,Montana,Ensemble
2026-05-16,30,3,wk inc flu hosp,2026-06-06,quantile,0.75,5,Montana,Ensemble
2026-05-16,30,3,wk inc flu hosp,2026-06-06,quantile,0.8,5,Montana,Ensemble
2026-05-16,30,3,wk inc flu hosp,2026-06-06,quantile,0.85,7,Montana,Ensemble
2026-05-16,30,3,wk inc flu hosp,2026-06-06,quantile,0.9,9,Montana,Ensemble
2026-05-16,30,3,wk inc flu hosp,2026-06-06,quantile,0.95,12,Montana,Ensemble
2026-05-16,30,3,wk inc flu hosp,2026-06-06,quantile,0.975,15,Montana,Ensemble
2026-05-16,30,3,wk inc flu hosp,2026-06-06,quantile,0.99,20,Montana,Ensemble
2026-05-16,31,0,wk inc flu hosp,2026-05-16,quantile,0.01,0,Nebraska,Ensemble
2026-05-16,31,0,wk inc flu hosp,2026-05-16,quantile,0.025,0,Nebraska,Ensemble
2026-05-16,31,0,wk inc flu hosp,2026-05-16,quantile,0.05,0,Nebraska,Ensemble
2026-05-16,31,0,wk inc flu hosp,2026-05-16,quantile,0.1,1,Nebraska,Ensemble
2026-05-16,31,0,wk inc flu hosp,2026-05-16,quantile,0.15,1,Nebraska,Ensemble
2026-05-16,31,0,wk inc flu hosp,2026-05-16,quantile,0.2,1,Nebraska,Ensemble
2026-05-16,31,0,wk inc flu hosp,2026-05-16,quantile,0.25,2,Nebraska,Ensemble
2026-05-16,31,0,wk inc flu hosp,2026-05-16,quantile,0.3,2,Nebraska,Ensemble
2026-05-16,31,0,wk inc flu hosp,2026-05-16,quantile,0.35,2,Nebraska,Ensemble
2026-05-16,31,0,wk inc flu hosp,2026-05-16,quantile,0.4,3,Nebraska,Ensemble
2026-05-16,31,0,wk inc flu hosp,2026-05-16,quantile,0.45,3,Nebraska,Ensemble
2026-05-16,31,0,wk inc flu hosp,2026-05-16,quantile,0.5,4,Nebraska,Ensemble
2026-05-16,31,0,wk inc flu hosp,2026-05-16,quantile,0.55,4,Nebraska,Ensemble
2026-05-16,31,0,wk inc flu hosp,2026-05-16,quantile,0.6,5,Nebraska,Ensemble
2026-05-16,31,0,wk inc flu hosp,2026-05-16,quantile,0.65,5,Nebraska,Ensemble
2026-05-16,31,0,wk inc flu hosp,2026-05-16,quantile,0.7,5,Nebraska,Ensemble
2026-05-16,31,0,wk inc flu hosp,2026-05-16,quantile,0.75,6,Nebraska,Ensemble
2026-05-16,31,0,wk inc flu hosp,2026-05-16,quantile,0.8,6,Nebraska,Ensemble
2026-05-16,31,0,wk inc flu hosp,2026-05-16,quantile,0.85,7,Nebraska,Ensemble
2026-05-16,31,0,wk inc flu hosp,2026-05-16,quantile,0.9,8,Nebraska,Ensemble
2026-05-16,31,0,wk inc flu hosp,2026-05-16,quantile,0.95,10,Nebraska,Ensemble
2026-05-16,31,0,wk inc flu hosp,2026-05-16,quantile,0.975,12,Nebraska,Ensemble
2026-05-16,31,0,wk inc flu hosp,2026-05-16,quantile,0.99,16,Nebraska,Ensemble
2026-05-16,31,1,wk inc flu hosp,2026-05-23,quantile,0.01,0,Nebraska,Ensemble
2026-05-16,31,1,wk inc flu hosp,2026-05-23,quantile,0.025,0,Nebraska,Ensemble
2026-05-16,31,1,wk inc flu hosp,2026-05-23,quantile,0.05,0,Nebraska,Ensemble
2026-05-16,31,1,wk inc flu hosp,2026-05-23,quantile,0.1,0,Nebraska,Ensemble
2026-05-16,31,1,wk inc flu hosp,2026-05-23,quantile,0.15,1,Nebraska,Ensemble
2026-05-16,31,1,wk inc flu hosp,2026-05-23,quantile,0.2,1,Nebraska,Ensemble
2026-05-16,31,1,wk inc flu hosp,2026-05-23,quantile,0.25,1,Nebraska,Ensemble
2026-05-16,31,1,wk inc flu hosp,2026-05-23,quantile,0.3,1,Nebraska,Ensemble
2026-05-16,31,1,wk inc flu hosp,2026-05-23,quantile,0.35,2,Nebraska,Ensemble
2026-05-16,31,1,wk inc flu hosp,2026-05-23,quantile,0.4,2,Nebraska,Ensemble
2026-05-16,31,1,wk inc flu hosp,2026-05-23,quantile,0.45,2,Nebraska,Ensemble
2026-05-16,31,1,wk inc flu hosp,2026-05-23,quantile,0.5,4,Nebraska,Ensemble
2026-05-16,31,1,wk inc flu hosp,2026-05-23,quantile,0.55,4,Nebraska,Ensemble
2026-05-16,31,1,wk inc flu hosp,2026-05-23,quantile,0.6,4,Nebraska,Ensemble
2026-05-16,31,1,wk inc flu hosp,2026-05-23,quantile,0.65,5,Nebraska,Ensemble
2026-05-16,31,1,wk inc flu hosp,2026-05-23,quantile,0.7,5,Nebraska,Ensemble
2026-05-16,31,1,wk inc flu hosp,2026-05-23,quantile,0.75,6,Nebraska,Ensemble
2026-05-16,31,1,wk inc flu hosp,2026-05-23,quantile,0.8,6,Nebraska,Ensemble
2026-05-16,31,1,wk inc flu hosp,2026-05-23,quantile,0.85,7,Nebraska,Ensemble
2026-05-16,31,1,wk inc flu hosp,2026-05-23,quantile,0.9,8,Nebraska,Ensemble
2026-05-16,31,1,wk inc flu hosp,2026-05-23,quantile,0.95,11,Nebraska,Ensemble
2026-05-16,31,1,wk inc flu hosp,2026-05-23,quantile,0.975,13,Nebraska,Ensemble
2026-05-16,31,1,wk inc flu hosp,2026-05-23,quantile,0.99,17,Nebraska,Ensemble
2026-05-16,31,2,wk inc flu hosp,2026-05-30,quantile,0.01,0,Nebraska,Ensemble
2026-05-16,31,2,wk inc flu hosp,2026-05-30,quantile,0.025,0,Nebraska,Ensemble
2026-05-16,31,2,wk inc flu hosp,2026-05-30,quantile,0.05,0,Nebraska,Ensemble
2026-05-16,31,2,wk inc flu hosp,2026-05-30,quantile,0.1,0,Nebraska,Ensemble
2026-05-16,31,2,wk inc flu hosp,2026-05-30,quantile,0.15,1,Nebraska,Ensemble
2026-05-16,31,2,wk inc flu hosp,2026-05-30,quantile,0.2,1,Nebraska,Ensemble
2026-05-16,31,2,wk inc flu hosp,2026-05-30,quantile,0.25,1,Nebraska,Ensemble
2026-05-16,31,2,wk inc flu hosp,2026-05-30,quantile,0.3,1,Nebraska,Ensemble
2026-05-16,31,2,wk inc flu hosp,2026-05-30,quantile,0.35,2,Nebraska,Ensemble
2026-05-16,31,2,wk inc flu hosp,2026-05-30,quantile,0.4,2,Nebraska,Ensemble
2026-05-16,31,2,wk inc flu hosp,2026-05-30,quantile,0.45,2,Nebraska,Ensemble
2026-05-16,31,2,wk inc flu hosp,2026-05-30,quantile,0.5,4,Nebraska,Ensemble
2026-05-16,31,2,wk inc flu hosp,2026-05-30,quantile,0.55,4,Nebraska,Ensemble
2026-05-16,31,2,wk inc flu hosp,2026-05-30,quantile,0.6,4,Nebraska,Ensemble
2026-05-16,31,2,wk inc flu hosp,2026-05-30,quantile,0.65,4,Nebraska,Ensemble
2026-05-16,31,2,wk inc flu hosp,2026-05-30,quantile,0.7,5,Nebraska,Ensemble
2026-05-16,31,2,wk inc flu hosp,2026-05-30,quantile,0.75,5,Nebraska,Ensemble
2026-05-16,31,2,wk inc flu hosp,2026-05-30,quantile,0.8,6,Nebraska,Ensemble
2026-05-16,31,2,wk inc flu hosp,2026-05-30,quantile,0.85,7,Nebraska,Ensemble
2026-05-16,31,2,wk inc flu hosp,2026-05-30,quantile,0.9,9,Nebraska,Ensemble
2026-05-16,31,2,wk inc flu hosp,2026-05-30,quantile,0.95,12,Nebraska,Ensemble
2026-05-16,31,2,wk inc flu hosp,2026-05-30,quantile,0.975,16,Nebraska,Ensemble
2026-05-16,31,2,wk inc flu hosp,2026-05-30,quantile,0.99,22,Nebraska,Ensemble
2026-05-16,31,3,wk inc flu hosp,2026-06-06,quantile,0.01,0,Nebraska,Ensemble
2026-05-16,31,3,wk inc flu hosp,2026-06-06,quantile,0.025,0,Nebraska,Ensemble
2026-05-16,31,3,wk inc flu hosp,2026-06-06,quantile,0.05,0,Nebraska,Ensemble
2026-05-16,31,3,wk inc flu hosp,2026-06-06,quantile,0.1,0,Nebraska,Ensemble
2026-05-16,31,3,wk inc flu hosp,2026-06-06,quantile,0.15,0,Nebraska,Ensemble
2026-05-16,31,3,wk inc flu hosp,2026-06-06,quantile,0.2,1,Nebraska,Ensemble
2026-05-16,31,3,wk inc flu hosp,2026-06-06,quantile,0.25,1,Nebraska,Ensemble
2026-05-16,31,3,wk inc flu hosp,2026-06-06,quantile,0.3,1,Nebraska,Ensemble
2026-05-16,31,3,wk inc flu hosp,2026-06-06,quantile,0.35,2,Nebraska,Ensemble
2026-05-16,31,3,wk inc flu hosp,2026-06-06,quantile,0.4,2,Nebraska,Ensemble
2026-05-16,31,3,wk inc flu hosp,2026-06-06,quantile,0.45,2,Nebraska,Ensemble
2026-05-16,31,3,wk inc flu hosp,2026-06-06,quantile,0.5,3,Nebraska,Ensemble
2026-05-16,31,3,wk inc flu hosp,2026-06-06,quantile,0.55,3,Nebraska,Ensemble
2026-05-16,31,3,wk inc flu hosp,2026-06-06,quantile,0.6,4,Nebraska,Ensemble
2026-05-16,31,3,wk inc flu hosp,2026-06-06,quantile,0.65,4,Nebraska,Ensemble
2026-05-16,31,3,wk inc flu hosp,2026-06-06,quantile,0.7,5,Nebraska,Ensemble
2026-05-16,31,3,wk inc flu hosp,2026-06-06,quantile,0.75,5,Nebraska,Ensemble
2026-05-16,31,3,wk inc flu hosp,2026-06-06,quantile,0.8,6,Nebraska,Ensemble
2026-05-16,31,3,wk inc flu hosp,2026-06-06,quantile,0.85,7,Nebraska,Ensemble
2026-05-16,31,3,wk inc flu hosp,2026-06-06,quantile,0.9,9,Nebraska,Ensemble
2026-05-16,31,3,wk inc flu hosp,2026-06-06,quantile,0.95,13,Nebraska,Ensemble
2026-05-16,31,3,wk inc flu hosp,2026-06-06,quantile,0.975,17,Nebraska,Ensemble
2026-05-16,31,3,wk inc flu hosp,2026-06-06,quantile,0.99,23,Nebraska,Ensemble
2026-05-16,32,0,wk inc flu hosp,2026-05-16,quantile,0.01,9,Nevada,Ensemble
2026-05-16,32,0,wk inc flu hosp,2026-05-16,quantile,0.025,11,Nevada,Ensemble
2026-05-16,32,0,wk inc flu hosp,2026-05-16,quantile,0.05,14,Nevada,Ensemble
2026-05-16,32,0,wk inc flu hosp,2026-05-16,quantile,0.1,17,Nevada,Ensemble
2026-05-16,32,0,wk inc flu hosp,2026-05-16,quantile,0.15,19,Nevada,Ensemble
2026-05-16,32,0,wk inc flu hosp,2026-05-16,quantile,0.2,21,Nevada,Ensemble
2026-05-16,32,0,wk inc flu hosp,2026-05-16,quantile,0.25,22,Nevada,Ensemble
2026-05-16,32,0,wk inc flu hosp,2026-05-16,quantile,0.3,24,Nevada,Ensemble
2026-05-16,32,0,wk inc flu hosp,2026-05-16,quantile,0.35,25,Nevada,Ensemble
2026-05-16,32,0,wk inc flu hosp,2026-05-16,quantile,0.4,27,Nevada,Ensemble
2026-05-16,32,0,wk inc flu hosp,2026-05-16,quantile,0.45,29,Nevada,Ensemble
2026-05-16,32,0,wk inc flu hosp,2026-05-16,quantile,0.5,33,Nevada,Ensemble
2026-05-16,32,0,wk inc flu hosp,2026-05-16,quantile,0.55,36,Nevada,Ensemble
2026-05-16,32,0,wk inc flu hosp,2026-05-16,quantile,0.6,38,Nevada,Ensemble
2026-05-16,32,0,wk inc flu hosp,2026-05-16,quantile,0.65,40,Nevada,Ensemble
2026-05-16,32,0,wk inc flu hosp,2026-05-16,quantile,0.7,42,Nevada,Ensemble
2026-05-16,32,0,wk inc flu hosp,2026-05-16,quantile,0.75,44,Nevada,Ensemble
2026-05-16,32,0,wk inc flu hosp,2026-05-16,quantile,0.8,47,Nevada,Ensemble
2026-05-16,32,0,wk inc flu hosp,2026-05-16,quantile,0.85,50,Nevada,Ensemble
2026-05-16,32,0,wk inc flu hosp,2026-05-16,quantile,0.9,55,Nevada,Ensemble
2026-05-16,32,0,wk inc flu hosp,2026-05-16,quantile,0.95,64,Nevada,Ensemble
2026-05-16,32,0,wk inc flu hosp,2026-05-16,quantile,0.975,76,Nevada,Ensemble
2026-05-16,32,0,wk inc flu hosp,2026-05-16,quantile,0.99,92,Nevada,Ensemble
2026-05-16,32,1,wk inc flu hosp,2026-05-23,quantile,0.01,7,Nevada,Ensemble
2026-05-16,32,1,wk inc flu hosp,2026-05-23,quantile,0.025,9,Nevada,Ensemble
2026-05-16,32,1,wk inc flu hosp,2026-05-23,quantile,0.05,11,Nevada,Ensemble
2026-05-16,32,1,wk inc flu hosp,2026-05-23,quantile,0.1,13,Nevada,Ensemble
2026-05-16,32,1,wk inc flu hosp,2026-05-23,quantile,0.15,15,Nevada,Ensemble
2026-05-16,32,1,wk inc flu hosp,2026-05-23,quantile,0.2,17,Nevada,Ensemble
2026-05-16,32,1,wk inc flu hosp,2026-05-23,quantile,0.25,18,Nevada,Ensemble
2026-05-16,32,1,wk inc flu hosp,2026-05-23,quantile,0.3,20,Nevada,Ensemble
2026-05-16,32,1,wk inc flu hosp,2026-05-23,quantile,0.35,22,Nevada,Ensemble
2026-05-16,32,1,wk inc flu hosp,2026-05-23,quantile,0.4,23,Nevada,Ensemble
2026-05-16,32,1,wk inc flu hosp,2026-05-23,quantile,0.45,25,Nevada,Ensemble
2026-05-16,32,1,wk inc flu hosp,2026-05-23,quantile,0.5,29,Nevada,Ensemble
2026-05-16,32,1,wk inc flu hosp,2026-05-23,quantile,0.55,32,Nevada,Ensemble
2026-05-16,32,1,wk inc flu hosp,2026-05-23,quantile,0.6,34,Nevada,Ensemble
2026-05-16,32,1,wk inc flu hosp,2026-05-23,quantile,0.65,37,Nevada,Ensemble
2026-05-16,32,1,wk inc flu hosp,2026-05-23,quantile,0.7,39,Nevada,Ensemble
2026-05-16,32,1,wk inc flu hosp,2026-05-23,quantile,0.75,42,Nevada,Ensemble
2026-05-16,32,1,wk inc flu hosp,2026-05-23,quantile,0.8,45,Nevada,Ensemble
2026-05-16,32,1,wk inc flu hosp,2026-05-23,quantile,0.85,50,Nevada,Ensemble
2026-05-16,32,1,wk inc flu hosp,2026-05-23,quantile,0.9,56,Nevada,Ensemble
2026-05-16,32,1,wk inc flu hosp,2026-05-23,quantile,0.95,69,Nevada,Ensemble
2026-05-16,32,1,wk inc flu hosp,2026-05-23,quantile,0.975,82,Nevada,Ensemble
2026-05-16,32,1,wk inc flu hosp,2026-05-23,quantile,0.99,100,Nevada,Ensemble
2026-05-16,32,2,wk inc flu hosp,2026-05-30,quantile,0.01,3,Nevada,Ensemble
2026-05-16,32,2,wk inc flu hosp,2026-05-30,quantile,0.025,5,Nevada,Ensemble
2026-05-16,32,2,wk inc flu hosp,2026-05-30,quantile,0.05,6,Nevada,Ensemble
2026-05-16,32,2,wk inc flu hosp,2026-05-30,quantile,0.1,9,Nevada,Ensemble
2026-05-16,32,2,wk inc flu hosp,2026-05-30,quantile,0.15,10,Nevada,Ensemble
2026-05-16,32,2,wk inc flu hosp,2026-05-30,quantile,0.2,12,Nevada,Ensemble
2026-05-16,32,2,wk inc flu hosp,2026-05-30,quantile,0.25,13,Nevada,Ensemble
2026-05-16,32,2,wk inc flu hosp,2026-05-30,quantile,0.3,15,Nevada,Ensemble
2026-05-16,32,2,wk inc flu hosp,2026-05-30,quantile,0.35,17,Nevada,Ensemble
2026-05-16,32,2,wk inc flu hosp,2026-05-30,quantile,0.4,18,Nevada,Ensemble
2026-05-16,32,2,wk inc flu hosp,2026-05-30,quantile,0.45,20,Nevada,Ensemble
2026-05-16,32,2,wk inc flu hosp,2026-05-30,quantile,0.5,23,Nevada,Ensemble
2026-05-16,32,2,wk inc flu hosp,2026-05-30,quantile,0.55,26,Nevada,Ensemble
2026-05-16,32,2,wk inc flu hosp,2026-05-30,quantile,0.6,29,Nevada,Ensemble
2026-05-16,32,2,wk inc flu hosp,2026-05-30,quantile,0.65,32,Nevada,Ensemble
2026-05-16,32,2,wk inc flu hosp,2026-05-30,quantile,0.7,35,Nevada,Ensemble
2026-05-16,32,2,wk inc flu hosp,2026-05-30,quantile,0.75,38,Nevada,Ensemble
2026-05-16,32,2,wk inc flu hosp,2026-05-30,quantile,0.8,41,Nevada,Ensemble
2026-05-16,32,2,wk inc flu hosp,2026-05-30,quantile,0.85,46,Nevada,Ensemble
2026-05-16,32,2,wk inc flu hosp,2026-05-30,quantile,0.9,53,Nevada,Ensemble
2026-05-16,32,2,wk inc flu hosp,2026-05-30,quantile,0.95,68,Nevada,Ensemble
2026-05-16,32,2,wk inc flu hosp,2026-05-30,quantile,0.975,83,Nevada,Ensemble
2026-05-16,32,2,wk inc flu hosp,2026-05-30,quantile,0.99,101,Nevada,Ensemble
2026-05-16,32,3,wk inc flu hosp,2026-06-06,quantile,0.01,3,Nevada,Ensemble
2026-05-16,32,3,wk inc flu hosp,2026-06-06,quantile,0.025,4,Nevada,Ensemble
2026-05-16,32,3,wk inc flu hosp,2026-06-06,quantile,0.05,5,Nevada,Ensemble
2026-05-16,32,3,wk inc flu hosp,2026-06-06,quantile,0.1,7,Nevada,Ensemble
2026-05-16,32,3,wk inc flu hosp,2026-06-06,quantile,0.15,9,Nevada,Ensemble
2026-05-16,32,3,wk inc flu hosp,2026-06-06,quantile,0.2,10,Nevada,Ensemble
2026-05-16,32,3,wk inc flu hosp,2026-06-06,quantile,0.25,11,Nevada,Ensemble
2026-05-16,32,3,wk inc flu hosp,2026-06-06,quantile,0.3,12,Nevada,Ensemble
2026-05-16,32,3,wk inc flu hosp,2026-06-06,quantile,0.35,14,Nevada,Ensemble
2026-05-16,32,3,wk inc flu hosp,2026-06-06,quantile,0.4,15,Nevada,Ensemble
2026-05-16,32,3,wk inc flu hosp,2026-06-06,quantile,0.45,17,Nevada,Ensemble
2026-05-16,32,3,wk inc flu hosp,2026-06-06,quantile,0.5,19,Nevada,Ensemble
2026-05-16,32,3,wk inc flu hosp,2026-06-06,quantile,0.55,22,Nevada,Ensemble
2026-05-16,32,3,wk inc flu hosp,2026-06-06,quantile,0.6,25,Nevada,Ensemble
2026-05-16,32,3,wk inc flu hosp,2026-06-06,quantile,0.65,28,Nevada,Ensemble
2026-05-16,32,3,wk inc flu hosp,2026-06-06,quantile,0.7,30,Nevada,Ensemble
2026-05-16,32,3,wk inc flu hosp,2026-06-06,quantile,0.75,34,Nevada,Ensemble
2026-05-16,32,3,wk inc flu hosp,2026-06-06,quantile,0.8,38,Nevada,Ensemble
2026-05-16,32,3,wk inc flu hosp,2026-06-06,quantile,0.85,43,Nevada,Ensemble
2026-05-16,32,3,wk inc flu hosp,2026-06-06,quantile,0.9,51,Nevada,Ensemble
2026-05-16,32,3,wk inc flu hosp,2026-06-06,quantile,0.95,67,Nevada,Ensemble
2026-05-16,32,3,wk inc flu hosp,2026-06-06,quantile,0.975,84,Nevada,Ensemble
2026-05-16,32,3,wk inc flu hosp,2026-06-06,quantile,0.99,103,Nevada,Ensemble
2026-05-16,33,0,wk inc flu hosp,2026-05-16,quantile,0.01,0,New Hampshire,Ensemble
2026-05-16,33,0,wk inc flu hosp,2026-05-16,quantile,0.025,0,New Hampshire,Ensemble
2026-05-16,33,0,wk inc flu hosp,2026-05-16,quantile,0.05,0,New Hampshire,Ensemble
2026-05-16,33,0,wk inc flu hosp,2026-05-16,quantile,0.1,0,New Hampshire,Ensemble
2026-05-16,33,0,wk inc flu hosp,2026-05-16,quantile,0.15,0,New Hampshire,Ensemble
2026-05-16,33,0,wk inc flu hosp,2026-05-16,quantile,0.2,0,New Hampshire,Ensemble
2026-05-16,33,0,wk inc flu hosp,2026-05-16,quantile,0.25,0,New Hampshire,Ensemble
2026-05-16,33,0,wk inc flu hosp,2026-05-16,quantile,0.3,0,New Hampshire,Ensemble
2026-05-16,33,0,wk inc flu hosp,2026-05-16,quantile,0.35,1,New Hampshire,Ensemble
2026-05-16,33,0,wk inc flu hosp,2026-05-16,quantile,0.4,1,New Hampshire,Ensemble
2026-05-16,33,0,wk inc flu hosp,2026-05-16,quantile,0.45,1,New Hampshire,Ensemble
2026-05-16,33,0,wk inc flu hosp,2026-05-16,quantile,0.5,2,New Hampshire,Ensemble
2026-05-16,33,0,wk inc flu hosp,2026-05-16,quantile,0.55,3,New Hampshire,Ensemble
2026-05-16,33,0,wk inc flu hosp,2026-05-16,quantile,0.6,3,New Hampshire,Ensemble
2026-05-16,33,0,wk inc flu hosp,2026-05-16,quantile,0.65,3,New Hampshire,Ensemble
2026-05-16,33,0,wk inc flu hosp,2026-05-16,quantile,0.7,3,New Hampshire,Ensemble
2026-05-16,33,0,wk inc flu hosp,2026-05-16,quantile,0.75,3,New Hampshire,Ensemble
2026-05-16,33,0,wk inc flu hosp,2026-05-16,quantile,0.8,4,New Hampshire,Ensemble
2026-05-16,33,0,wk inc flu hosp,2026-05-16,quantile,0.85,4,New Hampshire,Ensemble
2026-05-16,33,0,wk inc flu hosp,2026-05-16,quantile,0.9,5,New Hampshire,Ensemble
2026-05-16,33,0,wk inc flu hosp,2026-05-16,quantile,0.95,7,New Hampshire,Ensemble
2026-05-16,33,0,wk inc flu hosp,2026-05-16,quantile,0.975,9,New Hampshire,Ensemble
2026-05-16,33,0,wk inc flu hosp,2026-05-16,quantile,0.99,12,New Hampshire,Ensemble
2026-05-16,33,1,wk inc flu hosp,2026-05-23,quantile,0.01,0,New Hampshire,Ensemble
2026-05-16,33,1,wk inc flu hosp,2026-05-23,quantile,0.025,0,New Hampshire,Ensemble
2026-05-16,33,1,wk inc flu hosp,2026-05-23,quantile,0.05,0,New Hampshire,Ensemble
2026-05-16,33,1,wk inc flu hosp,2026-05-23,quantile,0.1,0,New Hampshire,Ensemble
2026-05-16,33,1,wk inc flu hosp,2026-05-23,quantile,0.15,0,New Hampshire,Ensemble
2026-05-16,33,1,wk inc flu hosp,2026-05-23,quantile,0.2,0,New Hampshire,Ensemble
2026-05-16,33,1,wk inc flu hosp,2026-05-23,quantile,0.25,0,New Hampshire,Ensemble
2026-05-16,33,1,wk inc flu hosp,2026-05-23,quantile,0.3,0,New Hampshire,Ensemble
2026-05-16,33,1,wk inc flu hosp,2026-05-23,quantile,0.35,0,New Hampshire,Ensemble
2026-05-16,33,1,wk inc flu hosp,2026-05-23,quantile,0.4,1,New Hampshire,Ensemble
2026-05-16,33,1,wk inc flu hosp,2026-05-23,quantile,0.45,1,New Hampshire,Ensemble
2026-05-16,33,1,wk inc flu hosp,2026-05-23,quantile,0.5,2,New Hampshire,Ensemble
2026-05-16,33,1,wk inc flu hosp,2026-05-23,quantile,0.55,2,New Hampshire,Ensemble
2026-05-16,33,1,wk inc flu hosp,2026-05-23,quantile,0.6,3,New Hampshire,Ensemble
2026-05-16,33,1,wk inc flu hosp,2026-05-23,quantile,0.65,3,New Hampshire,Ensemble
2026-05-16,33,1,wk inc flu hosp,2026-05-23,quantile,0.7,3,New Hampshire,Ensemble
2026-05-16,33,1,wk inc flu hosp,2026-05-23,quantile,0.75,3,New Hampshire,Ensemble
2026-05-16,33,1,wk inc flu hosp,2026-05-23,quantile,0.8,4,New Hampshire,Ensemble
2026-05-16,33,1,wk inc flu hosp,2026-05-23,quantile,0.85,5,New Hampshire,Ensemble
2026-05-16,33,1,wk inc flu hosp,2026-05-23,quantile,0.9,6,New Hampshire,Ensemble
2026-05-16,33,1,wk inc flu hosp,2026-05-23,quantile,0.95,8,New Hampshire,Ensemble
2026-05-16,33,1,wk inc flu hosp,2026-05-23,quantile,0.975,10,New Hampshire,Ensemble
2026-05-16,33,1,wk inc flu hosp,2026-05-23,quantile,0.99,14,New Hampshire,Ensemble
2026-05-16,33,2,wk inc flu hosp,2026-05-30,quantile,0.01,0,New Hampshire,Ensemble
2026-05-16,33,2,wk inc flu hosp,2026-05-30,quantile,0.025,0,New Hampshire,Ensemble
2026-05-16,33,2,wk inc flu hosp,2026-05-30,quantile,0.05,0,New Hampshire,Ensemble
2026-05-16,33,2,wk inc flu hosp,2026-05-30,quantile,0.1,0,New Hampshire,Ensemble
2026-05-16,33,2,wk inc flu hosp,2026-05-30,quantile,0.15,0,New Hampshire,Ensemble
2026-05-16,33,2,wk inc flu hosp,2026-05-30,quantile,0.2,0,New Hampshire,Ensemble
2026-05-16,33,2,wk inc flu hosp,2026-05-30,quantile,0.25,0,New Hampshire,Ensemble
2026-05-16,33,2,wk inc flu hosp,2026-05-30,quantile,0.3,0,New Hampshire,Ensemble
2026-05-16,33,2,wk inc flu hosp,2026-05-30,quantile,0.35,0,New Hampshire,Ensemble
2026-05-16,33,2,wk inc flu hosp,2026-05-30,quantile,0.4,1,New Hampshire,Ensemble
2026-05-16,33,2,wk inc flu hosp,2026-05-30,quantile,0.45,1,New Hampshire,Ensemble
2026-05-16,33,2,wk inc flu hosp,2026-05-30,quantile,0.5,2,New Hampshire,Ensemble
2026-05-16,33,2,wk inc flu hosp,2026-05-30,quantile,0.55,2,New Hampshire,Ensemble
2026-05-16,33,2,wk inc flu hosp,2026-05-30,quantile,0.6,2,New Hampshire,Ensemble
2026-05-16,33,2,wk inc flu hosp,2026-05-30,quantile,0.65,3,New Hampshire,Ensemble
2026-05-16,33,2,wk inc flu hosp,2026-05-30,quantile,0.7,3,New Hampshire,Ensemble
2026-05-16,33,2,wk inc flu hosp,2026-05-30,quantile,0.75,3,New Hampshire,Ensemble
2026-05-16,33,2,wk inc flu hosp,2026-05-30,quantile,0.8,4,New Hampshire,Ensemble
2026-05-16,33,2,wk inc flu hosp,2026-05-30,quantile,0.85,5,New Hampshire,Ensemble
2026-05-16,33,2,wk inc flu hosp,2026-05-30,quantile,0.9,6,New Hampshire,Ensemble
2026-05-16,33,2,wk inc flu hosp,2026-05-30,quantile,0.95,9,New Hampshire,Ensemble
2026-05-16,33,2,wk inc flu hosp,2026-05-30,quantile,0.975,12,New Hampshire,Ensemble
2026-05-16,33,2,wk inc flu hosp,2026-05-30,quantile,0.99,17,New Hampshire,Ensemble
2026-05-16,33,3,wk inc flu hosp,2026-06-06,quantile,0.01,0,New Hampshire,Ensemble
2026-05-16,33,3,wk inc flu hosp,2026-06-06,quantile,0.025,0,New Hampshire,Ensemble
2026-05-16,33,3,wk inc flu hosp,2026-06-06,quantile,0.05,0,New Hampshire,Ensemble
2026-05-16,33,3,wk inc flu hosp,2026-06-06,quantile,0.1,0,New Hampshire,Ensemble
2026-05-16,33,3,wk inc flu hosp,2026-06-06,quantile,0.15,0,New Hampshire,Ensemble
2026-05-16,33,3,wk inc flu hosp,2026-06-06,quantile,0.2,0,New Hampshire,Ensemble
2026-05-16,33,3,wk inc flu hosp,2026-06-06,quantile,0.25,0,New Hampshire,Ensemble
2026-05-16,33,3,wk inc flu hosp,2026-06-06,quantile,0.3,0,New Hampshire,Ensemble
2026-05-16,33,3,wk inc flu hosp,2026-06-06,quantile,0.35,0,New Hampshire,Ensemble
2026-05-16,33,3,wk inc flu hosp,2026-06-06,quantile,0.4,0,New Hampshire,Ensemble
2026-05-16,33,3,wk inc flu hosp,2026-06-06,quantile,0.45,1,New Hampshire,Ensemble
2026-05-16,33,3,wk inc flu hosp,2026-06-06,quantile,0.5,2,New Hampshire,Ensemble
2026-05-16,33,3,wk inc flu hosp,2026-06-06,quantile,0.55,2,New Hampshire,Ensemble
2026-05-16,33,3,wk inc flu hosp,2026-06-06,quantile,0.6,2,New Hampshire,Ensemble
2026-05-16,33,3,wk inc flu hosp,2026-06-06,quantile,0.65,2,New Hampshire,Ensemble
2026-05-16,33,3,wk inc flu hosp,2026-06-06,quantile,0.7,3,New Hampshire,Ensemble
2026-05-16,33,3,wk inc flu hosp,2026-06-06,quantile,0.75,3,New Hampshire,Ensemble
2026-05-16,33,3,wk inc flu hosp,2026-06-06,quantile,0.8,4,New Hampshire,Ensemble
2026-05-16,33,3,wk inc flu hosp,2026-06-06,quantile,0.85,5,New Hampshire,Ensemble
2026-05-16,33,3,wk inc flu hosp,2026-06-06,quantile,0.9,7,New Hampshire,Ensemble
2026-05-16,33,3,wk inc flu hosp,2026-06-06,quantile,0.95,10,New Hampshire,Ensemble
2026-05-16,33,3,wk inc flu hosp,2026-06-06,quantile,0.975,15,New Hampshire,Ensemble
2026-05-16,33,3,wk inc flu hosp,2026-06-06,quantile,0.99,22,New Hampshire,Ensemble
2026-05-16,34,0,wk inc flu hosp,2026-05-16,quantile,0.01,10,New Jersey,Ensemble
2026-05-16,34,0,wk inc flu hosp,2026-05-16,quantile,0.025,12,New Jersey,Ensemble
2026-05-16,34,0,wk inc flu hosp,2026-05-16,quantile,0.05,15,New Jersey,Ensemble
2026-05-16,34,0,wk inc flu hosp,2026-05-16,quantile,0.1,19,New Jersey,Ensemble
2026-05-16,34,0,wk inc flu hosp,2026-05-16,quantile,0.15,21,New Jersey,Ensemble
2026-05-16,34,0,wk inc flu hosp,2026-05-16,quantile,0.2,23,New Jersey,Ensemble
2026-05-16,34,0,wk inc flu hosp,2026-05-16,quantile,0.25,25,New Jersey,Ensemble
2026-05-16,34,0,wk inc flu hosp,2026-05-16,quantile,0.3,27,New Jersey,Ensemble
2026-05-16,34,0,wk inc flu hosp,2026-05-16,quantile,0.35,28,New Jersey,Ensemble
2026-05-16,34,0,wk inc flu hosp,2026-05-16,quantile,0.4,30,New Jersey,Ensemble
2026-05-16,34,0,wk inc flu hosp,2026-05-16,quantile,0.45,31,New Jersey,Ensemble
2026-05-16,34,0,wk inc flu hosp,2026-05-16,quantile,0.5,34,New Jersey,Ensemble
2026-05-16,34,0,wk inc flu hosp,2026-05-16,quantile,0.55,36,New Jersey,Ensemble
2026-05-16,34,0,wk inc flu hosp,2026-05-16,quantile,0.6,38,New Jersey,Ensemble
2026-05-16,34,0,wk inc flu hosp,2026-05-16,quantile,0.65,40,New Jersey,Ensemble
2026-05-16,34,0,wk inc flu hosp,2026-05-16,quantile,0.7,42,New Jersey,Ensemble
2026-05-16,34,0,wk inc flu hosp,2026-05-16,quantile,0.75,44,New Jersey,Ensemble
2026-05-16,34,0,wk inc flu hosp,2026-05-16,quantile,0.8,47,New Jersey,Ensemble
2026-05-16,34,0,wk inc flu hosp,2026-05-16,quantile,0.85,51,New Jersey,Ensemble
2026-05-16,34,0,wk inc flu hosp,2026-05-16,quantile,0.9,57,New Jersey,Ensemble
2026-05-16,34,0,wk inc flu hosp,2026-05-16,quantile,0.95,70,New Jersey,Ensemble
2026-05-16,34,0,wk inc flu hosp,2026-05-16,quantile,0.975,86,New Jersey,Ensemble
2026-05-16,34,0,wk inc flu hosp,2026-05-16,quantile,0.99,108,New Jersey,Ensemble
2026-05-16,34,1,wk inc flu hosp,2026-05-23,quantile,0.01,7,New Jersey,Ensemble
2026-05-16,34,1,wk inc flu hosp,2026-05-23,quantile,0.025,8,New Jersey,Ensemble
2026-05-16,34,1,wk inc flu hosp,2026-05-23,quantile,0.05,11,New Jersey,Ensemble
2026-05-16,34,1,wk inc flu hosp,2026-05-23,quantile,0.1,14,New Jersey,Ensemble
2026-05-16,34,1,wk inc flu hosp,2026-05-23,quantile,0.15,17,New Jersey,Ensemble
2026-05-16,34,1,wk inc flu hosp,2026-05-23,quantile,0.2,19,New Jersey,Ensemble
2026-05-16,34,1,wk inc flu hosp,2026-05-23,quantile,0.25,21,New Jersey,Ensemble
2026-05-16,34,1,wk inc flu hosp,2026-05-23,quantile,0.3,22,New Jersey,Ensemble
2026-05-16,34,1,wk inc flu hosp,2026-05-23,quantile,0.35,24,New Jersey,Ensemble
2026-05-16,34,1,wk inc flu hosp,2026-05-23,quantile,0.4,26,New Jersey,Ensemble
2026-05-16,34,1,wk inc flu hosp,2026-05-23,quantile,0.45,27,New Jersey,Ensemble
2026-05-16,34,1,wk inc flu hosp,2026-05-23,quantile,0.5,30,New Jersey,Ensemble
2026-05-16,34,1,wk inc flu hosp,2026-05-23,quantile,0.55,32,New Jersey,Ensemble
2026-05-16,34,1,wk inc flu hosp,2026-05-23,quantile,0.6,33,New Jersey,Ensemble
2026-05-16,34,1,wk inc flu hosp,2026-05-23,quantile,0.65,36,New Jersey,Ensemble
2026-05-16,34,1,wk inc flu hosp,2026-05-23,quantile,0.7,38,New Jersey,Ensemble
2026-05-16,34,1,wk inc flu hosp,2026-05-23,quantile,0.75,41,New Jersey,Ensemble
2026-05-16,34,1,wk inc flu hosp,2026-05-23,quantile,0.8,45,New Jersey,Ensemble
2026-05-16,34,1,wk inc flu hosp,2026-05-23,quantile,0.85,50,New Jersey,Ensemble
2026-05-16,34,1,wk inc flu hosp,2026-05-23,quantile,0.9,58,New Jersey,Ensemble
2026-05-16,34,1,wk inc flu hosp,2026-05-23,quantile,0.95,76,New Jersey,Ensemble
2026-05-16,34,1,wk inc flu hosp,2026-05-23,quantile,0.975,98,New Jersey,Ensemble
2026-05-16,34,1,wk inc flu hosp,2026-05-23,quantile,0.99,127,New Jersey,Ensemble
2026-05-16,34,2,wk inc flu hosp,2026-05-30,quantile,0.01,5,New Jersey,Ensemble
2026-05-16,34,2,wk inc flu hosp,2026-05-30,quantile,0.025,6,New Jersey,Ensemble
2026-05-16,34,2,wk inc flu hosp,2026-05-30,quantile,0.05,7,New Jersey,Ensemble
2026-05-16,34,2,wk inc flu hosp,2026-05-30,quantile,0.1,10,New Jersey,Ensemble
2026-05-16,34,2,wk inc flu hosp,2026-05-30,quantile,0.15,13,New Jersey,Ensemble
2026-05-16,34,2,wk inc flu hosp,2026-05-30,quantile,0.2,15,New Jersey,Ensemble
2026-05-16,34,2,wk inc flu hosp,2026-05-30,quantile,0.25,17,New Jersey,Ensemble
2026-05-16,34,2,wk inc flu hosp,2026-05-30,quantile,0.3,18,New Jersey,Ensemble
2026-05-16,34,2,wk inc flu hosp,2026-05-30,quantile,0.35,20,New Jersey,Ensemble
2026-05-16,34,2,wk inc flu hosp,2026-05-30,quantile,0.4,21,New Jersey,Ensemble
2026-05-16,34,2,wk inc flu hosp,2026-05-30,quantile,0.45,23,New Jersey,Ensemble
2026-05-16,34,2,wk inc flu hosp,2026-05-30,quantile,0.5,25,New Jersey,Ensemble
2026-05-16,34,2,wk inc flu hosp,2026-05-30,quantile,0.55,27,New Jersey,Ensemble
2026-05-16,34,2,wk inc flu hosp,2026-05-30,quantile,0.6,28,New Jersey,Ensemble
2026-05-16,34,2,wk inc flu hosp,2026-05-30,quantile,0.65,30,New Jersey,Ensemble
2026-05-16,34,2,wk inc flu hosp,2026-05-30,quantile,0.7,33,New Jersey,Ensemble
2026-05-16,34,2,wk inc flu hosp,2026-05-30,quantile,0.75,37,New Jersey,Ensemble
2026-05-16,34,2,wk inc flu hosp,2026-05-30,quantile,0.8,42,New Jersey,Ensemble
2026-05-16,34,2,wk inc flu hosp,2026-05-30,quantile,0.85,49,New Jersey,Ensemble
2026-05-16,34,2,wk inc flu hosp,2026-05-30,quantile,0.9,62,New Jersey,Ensemble
2026-05-16,34,2,wk inc flu hosp,2026-05-30,quantile,0.95,89,New Jersey,Ensemble
2026-05-16,34,2,wk inc flu hosp,2026-05-30,quantile,0.975,117,New Jersey,Ensemble
2026-05-16,34,2,wk inc flu hosp,2026-05-30,quantile,0.99,157,New Jersey,Ensemble
2026-05-16,34,3,wk inc flu hosp,2026-06-06,quantile,0.01,4,New Jersey,Ensemble
2026-05-16,34,3,wk inc flu hosp,2026-06-06,quantile,0.025,5,New Jersey,Ensemble
2026-05-16,34,3,wk inc flu hosp,2026-06-06,quantile,0.05,7,New Jersey,Ensemble
2026-05-16,34,3,wk inc flu hosp,2026-06-06,quantile,0.1,10,New Jersey,Ensemble
2026-05-16,34,3,wk inc flu hosp,2026-06-06,quantile,0.15,12,New Jersey,Ensemble
2026-05-16,34,3,wk inc flu hosp,2026-06-06,quantile,0.2,14,New Jersey,Ensemble
2026-05-16,34,3,wk inc flu hosp,2026-06-06,quantile,0.25,16,New Jersey,Ensemble
2026-05-16,34,3,wk inc flu hosp,2026-06-06,quantile,0.3,17,New Jersey,Ensemble
2026-05-16,34,3,wk inc flu hosp,2026-06-06,quantile,0.35,18,New Jersey,Ensemble
2026-05-16,34,3,wk inc flu hosp,2026-06-06,quantile,0.4,20,New Jersey,Ensemble
2026-05-16,34,3,wk inc flu hosp,2026-06-06,quantile,0.45,21,New Jersey,Ensemble
2026-05-16,34,3,wk inc flu hosp,2026-06-06,quantile,0.5,24,New Jersey,Ensemble
2026-05-16,34,3,wk inc flu hosp,2026-06-06,quantile,0.55,25,New Jersey,Ensemble
2026-05-16,34,3,wk inc flu hosp,2026-06-06,quantile,0.6,27,New Jersey,Ensemble
2026-05-16,34,3,wk inc flu hosp,2026-06-06,quantile,0.65,29,New Jersey,Ensemble
2026-05-16,34,3,wk inc flu hosp,2026-06-06,quantile,0.7,31,New Jersey,Ensemble
2026-05-16,34,3,wk inc flu hosp,2026-06-06,quantile,0.75,35,New Jersey,Ensemble
2026-05-16,34,3,wk inc flu hosp,2026-06-06,quantile,0.8,41,New Jersey,Ensemble
2026-05-16,34,3,wk inc flu hosp,2026-06-06,quantile,0.85,50,New Jersey,Ensemble
2026-05-16,34,3,wk inc flu hosp,2026-06-06,quantile,0.9,66,New Jersey,Ensemble
2026-05-16,34,3,wk inc flu hosp,2026-06-06,quantile,0.95,98,New Jersey,Ensemble
2026-05-16,34,3,wk inc flu hosp,2026-06-06,quantile,0.975,130,New Jersey,Ensemble
2026-05-16,34,3,wk inc flu hosp,2026-06-06,quantile,0.99,174,New Jersey,Ensemble
2026-05-16,35,0,wk inc flu hosp,2026-05-16,quantile,0.01,1,New Mexico,Ensemble
2026-05-16,35,0,wk inc flu hosp,2026-05-16,quantile,0.025,1,New Mexico,Ensemble
2026-05-16,35,0,wk inc flu hosp,2026-05-16,quantile,0.05,2,New Mexico,Ensemble
2026-05-16,35,0,wk inc flu hosp,2026-05-16,quantile,0.1,2,New Mexico,Ensemble
2026-05-16,35,0,wk inc flu hosp,2026-05-16,quantile,0.15,3,New Mexico,Ensemble
2026-05-16,35,0,wk inc flu hosp,2026-05-16,quantile,0.2,4,New Mexico,Ensemble
2026-05-16,35,0,wk inc flu hosp,2026-05-16,quantile,0.25,4,New Mexico,Ensemble
2026-05-16,35,0,wk inc flu hosp,2026-05-16,quantile,0.3,5,New Mexico,Ensemble
2026-05-16,35,0,wk inc flu hosp,2026-05-16,quantile,0.35,5,New Mexico,Ensemble
2026-05-16,35,0,wk inc flu hosp,2026-05-16,quantile,0.4,6,New Mexico,Ensemble
2026-05-16,35,0,wk inc flu hosp,2026-05-16,quantile,0.45,6,New Mexico,Ensemble
2026-05-16,35,0,wk inc flu hosp,2026-05-16,quantile,0.5,8,New Mexico,Ensemble
2026-05-16,35,0,wk inc flu hosp,2026-05-16,quantile,0.55,8,New Mexico,Ensemble
2026-05-16,35,0,wk inc flu hosp,2026-05-16,quantile,0.6,9,New Mexico,Ensemble
2026-05-16,35,0,wk inc flu hosp,2026-05-16,quantile,0.65,10,New Mexico,Ensemble
2026-05-16,35,0,wk inc flu hosp,2026-05-16,quantile,0.7,10,New Mexico,Ensemble
2026-05-16,35,0,wk inc flu hosp,2026-05-16,quantile,0.75,11,New Mexico,Ensemble
2026-05-16,35,0,wk inc flu hosp,2026-05-16,quantile,0.8,12,New Mexico,Ensemble
2026-05-16,35,0,wk inc flu hosp,2026-05-16,quantile,0.85,13,New Mexico,Ensemble
2026-05-16,35,0,wk inc flu hosp,2026-05-16,quantile,0.9,15,New Mexico,Ensemble
2026-05-16,35,0,wk inc flu hosp,2026-05-16,quantile,0.95,20,New Mexico,Ensemble
2026-05-16,35,0,wk inc flu hosp,2026-05-16,quantile,0.975,26,New Mexico,Ensemble
2026-05-16,35,0,wk inc flu hosp,2026-05-16,quantile,0.99,33,New Mexico,Ensemble
2026-05-16,35,1,wk inc flu hosp,2026-05-23,quantile,0.01,0,New Mexico,Ensemble
2026-05-16,35,1,wk inc flu hosp,2026-05-23,quantile,0.025,1,New Mexico,Ensemble
2026-05-16,35,1,wk inc flu hosp,2026-05-23,quantile,0.05,1,New Mexico,Ensemble
2026-05-16,35,1,wk inc flu hosp,2026-05-23,quantile,0.1,2,New Mexico,Ensemble
2026-05-16,35,1,wk inc flu hosp,2026-05-23,quantile,0.15,2,New Mexico,Ensemble
2026-05-16,35,1,wk inc flu hosp,2026-05-23,quantile,0.2,3,New Mexico,Ensemble
2026-05-16,35,1,wk inc flu hosp,2026-05-23,quantile,0.25,3,New Mexico,Ensemble
2026-05-16,35,1,wk inc flu hosp,2026-05-23,quantile,0.3,4,New Mexico,Ensemble
2026-05-16,35,1,wk inc flu hosp,2026-05-23,quantile,0.35,4,New Mexico,Ensemble
2026-05-16,35,1,wk inc flu hosp,2026-05-23,quantile,0.4,5,New Mexico,Ensemble
2026-05-16,35,1,wk inc flu hosp,2026-05-23,quantile,0.45,5,New Mexico,Ensemble
2026-05-16,35,1,wk inc flu hosp,2026-05-23,quantile,0.5,7,New Mexico,Ensemble
2026-05-16,35,1,wk inc flu hosp,2026-05-23,quantile,0.55,7,New Mexico,Ensemble
2026-05-16,35,1,wk inc flu hosp,2026-05-23,quantile,0.6,8,New Mexico,Ensemble
2026-05-16,35,1,wk inc flu hosp,2026-05-23,quantile,0.65,8,New Mexico,Ensemble
2026-05-16,35,1,wk inc flu hosp,2026-05-23,quantile,0.7,9,New Mexico,Ensemble
2026-05-16,35,1,wk inc flu hosp,2026-05-23,quantile,0.75,10,New Mexico,Ensemble
2026-05-16,35,1,wk inc flu hosp,2026-05-23,quantile,0.8,12,New Mexico,Ensemble
2026-05-16,35,1,wk inc flu hosp,2026-05-23,quantile,0.85,13,New Mexico,Ensemble
2026-05-16,35,1,wk inc flu hosp,2026-05-23,quantile,0.9,16,New Mexico,Ensemble
2026-05-16,35,1,wk inc flu hosp,2026-05-23,quantile,0.95,23,New Mexico,Ensemble
2026-05-16,35,1,wk inc flu hosp,2026-05-23,quantile,0.975,30,New Mexico,Ensemble
2026-05-16,35,1,wk inc flu hosp,2026-05-23,quantile,0.99,38,New Mexico,Ensemble
2026-05-16,35,2,wk inc flu hosp,2026-05-30,quantile,0.01,0,New Mexico,Ensemble
2026-05-16,35,2,wk inc flu hosp,2026-05-30,quantile,0.025,0,New Mexico,Ensemble
2026-05-16,35,2,wk inc flu hosp,2026-05-30,quantile,0.05,1,New Mexico,Ensemble
2026-05-16,35,2,wk inc flu hosp,2026-05-30,quantile,0.1,1,New Mexico,Ensemble
2026-05-16,35,2,wk inc flu hosp,2026-05-30,quantile,0.15,2,New Mexico,Ensemble
2026-05-16,35,2,wk inc flu hosp,2026-05-30,quantile,0.2,2,New Mexico,Ensemble
2026-05-16,35,2,wk inc flu hosp,2026-05-30,quantile,0.25,3,New Mexico,Ensemble
2026-05-16,35,2,wk inc flu hosp,2026-05-30,quantile,0.3,3,New Mexico,Ensemble
2026-05-16,35,2,wk inc flu hosp,2026-05-30,quantile,0.35,4,New Mexico,Ensemble
2026-05-16,35,2,wk inc flu hosp,2026-05-30,quantile,0.4,4,New Mexico,Ensemble
2026-05-16,35,2,wk inc flu hosp,2026-05-30,quantile,0.45,5,New Mexico,Ensemble
2026-05-16,35,2,wk inc flu hosp,2026-05-30,quantile,0.5,6,New Mexico,Ensemble
2026-05-16,35,2,wk inc flu hosp,2026-05-30,quantile,0.55,7,New Mexico,Ensemble
2026-05-16,35,2,wk inc flu hosp,2026-05-30,quantile,0.6,7,New Mexico,Ensemble
2026-05-16,35,2,wk inc flu hosp,2026-05-30,quantile,0.65,8,New Mexico,Ensemble
2026-05-16,35,2,wk inc flu hosp,2026-05-30,quantile,0.7,9,New Mexico,Ensemble
2026-05-16,35,2,wk inc flu hosp,2026-05-30,quantile,0.75,10,New Mexico,Ensemble
2026-05-16,35,2,wk inc flu hosp,2026-05-30,quantile,0.8,11,New Mexico,Ensemble
2026-05-16,35,2,wk inc flu hosp,2026-05-30,quantile,0.85,14,New Mexico,Ensemble
2026-05-16,35,2,wk inc flu hosp,2026-05-30,quantile,0.9,18,New Mexico,Ensemble
2026-05-16,35,2,wk inc flu hosp,2026-05-30,quantile,0.95,26,New Mexico,Ensemble
2026-05-16,35,2,wk inc flu hosp,2026-05-30,quantile,0.975,33,New Mexico,Ensemble
2026-05-16,35,2,wk inc flu hosp,2026-05-30,quantile,0.99,44,New Mexico,Ensemble
2026-05-16,35,3,wk inc flu hosp,2026-06-06,quantile,0.01,0,New Mexico,Ensemble
2026-05-16,35,3,wk inc flu hosp,2026-06-06,quantile,0.025,0,New Mexico,Ensemble
2026-05-16,35,3,wk inc flu hosp,2026-06-06,quantile,0.05,0,New Mexico,Ensemble
2026-05-16,35,3,wk inc flu hosp,2026-06-06,quantile,0.1,1,New Mexico,Ensemble
2026-05-16,35,3,wk inc flu hosp,2026-06-06,quantile,0.15,1,New Mexico,Ensemble
2026-05-16,35,3,wk inc flu hosp,2026-06-06,quantile,0.2,2,New Mexico,Ensemble
2026-05-16,35,3,wk inc flu hosp,2026-06-06,quantile,0.25,2,New Mexico,Ensemble
2026-05-16,35,3,wk inc flu hosp,2026-06-06,quantile,0.3,3,New Mexico,Ensemble
2026-05-16,35,3,wk inc flu hosp,2026-06-06,quantile,0.35,3,New Mexico,Ensemble
2026-05-16,35,3,wk inc flu hosp,2026-06-06,quantile,0.4,3,New Mexico,Ensemble
2026-05-16,35,3,wk inc flu hosp,2026-06-06,quantile,0.45,4,New Mexico,Ensemble
2026-05-16,35,3,wk inc flu hosp,2026-06-06,quantile,0.5,5,New Mexico,Ensemble
2026-05-16,35,3,wk inc flu hosp,2026-06-06,quantile,0.55,6,New Mexico,Ensemble
2026-05-16,35,3,wk inc flu hosp,2026-06-06,quantile,0.6,6,New Mexico,Ensemble
2026-05-16,35,3,wk inc flu hosp,2026-06-06,quantile,0.65,7,New Mexico,Ensemble
2026-05-16,35,3,wk inc flu hosp,2026-06-06,quantile,0.7,8,New Mexico,Ensemble
2026-05-16,35,3,wk inc flu hosp,2026-06-06,quantile,0.75,9,New Mexico,Ensemble
2026-05-16,35,3,wk inc flu hosp,2026-06-06,quantile,0.8,11,New Mexico,Ensemble
2026-05-16,35,3,wk inc flu hosp,2026-06-06,quantile,0.85,14,New Mexico,Ensemble
2026-05-16,35,3,wk inc flu hosp,2026-06-06,quantile,0.9,19,New Mexico,Ensemble
2026-05-16,35,3,wk inc flu hosp,2026-06-06,quantile,0.95,27,New Mexico,Ensemble
2026-05-16,35,3,wk inc flu hosp,2026-06-06,quantile,0.975,35,New Mexico,Ensemble
2026-05-16,35,3,wk inc flu hosp,2026-06-06,quantile,0.99,45,New Mexico,Ensemble
2026-05-16,36,0,wk inc flu hosp,2026-05-16,quantile,0.01,13,New York,Ensemble
2026-05-16,36,0,wk inc flu hosp,2026-05-16,quantile,0.025,16,New York,Ensemble
2026-05-16,36,0,wk inc flu hosp,2026-05-16,quantile,0.05,20,New York,Ensemble
2026-05-16,36,0,wk inc flu hosp,2026-05-16,quantile,0.1,28,New York,Ensemble
2026-05-16,36,0,wk inc flu hosp,2026-05-16,quantile,0.15,32,New York,Ensemble
2026-05-16,36,0,wk inc flu hosp,2026-05-16,quantile,0.2,36,New York,Ensemble
2026-05-16,36,0,wk inc flu hosp,2026-05-16,quantile,0.25,40,New York,Ensemble
2026-05-16,36,0,wk inc flu hosp,2026-05-16,quantile,0.3,43,New York,Ensemble
2026-05-16,36,0,wk inc flu hosp,2026-05-16,quantile,0.35,46,New York,Ensemble
2026-05-16,36,0,wk inc flu hosp,2026-05-16,quantile,0.4,49,New York,Ensemble
2026-05-16,36,0,wk inc flu hosp,2026-05-16,quantile,0.45,52,New York,Ensemble
2026-05-16,36,0,wk inc flu hosp,2026-05-16,quantile,0.5,56,New York,Ensemble
2026-05-16,36,0,wk inc flu hosp,2026-05-16,quantile,0.55,60,New York,Ensemble
2026-05-16,36,0,wk inc flu hosp,2026-05-16,quantile,0.6,64,New York,Ensemble
2026-05-16,36,0,wk inc flu hosp,2026-05-16,quantile,0.65,68,New York,Ensemble
2026-05-16,36,0,wk inc flu hosp,2026-05-16,quantile,0.7,71,New York,Ensemble
2026-05-16,36,0,wk inc flu hosp,2026-05-16,quantile,0.75,75,New York,Ensemble
2026-05-16,36,0,wk inc flu hosp,2026-05-16,quantile,0.8,80,New York,Ensemble
2026-05-16,36,0,wk inc flu hosp,2026-05-16,quantile,0.85,88,New York,Ensemble
2026-05-16,36,0,wk inc flu hosp,2026-05-16,quantile,0.9,102,New York,Ensemble
2026-05-16,36,0,wk inc flu hosp,2026-05-16,quantile,0.95,134,New York,Ensemble
2026-05-16,36,0,wk inc flu hosp,2026-05-16,quantile,0.975,162,New York,Ensemble
2026-05-16,36,0,wk inc flu hosp,2026-05-16,quantile,0.99,205,New York,Ensemble
2026-05-16,36,1,wk inc flu hosp,2026-05-23,quantile,0.01,8,New York,Ensemble
2026-05-16,36,1,wk inc flu hosp,2026-05-23,quantile,0.025,11,New York,Ensemble
2026-05-16,36,1,wk inc flu hosp,2026-05-23,quantile,0.05,14,New York,Ensemble
2026-05-16,36,1,wk inc flu hosp,2026-05-23,quantile,0.1,19,New York,Ensemble
2026-05-16,36,1,wk inc flu hosp,2026-05-23,quantile,0.15,24,New York,Ensemble
2026-05-16,36,1,wk inc flu hosp,2026-05-23,quantile,0.2,28,New York,Ensemble
2026-05-16,36,1,wk inc flu hosp,2026-05-23,quantile,0.25,32,New York,Ensemble
2026-05-16,36,1,wk inc flu hosp,2026-05-23,quantile,0.3,35,New York,Ensemble
2026-05-16,36,1,wk inc flu hosp,2026-05-23,quantile,0.35,38,New York,Ensemble
2026-05-16,36,1,wk inc flu hosp,2026-05-23,quantile,0.4,40,New York,Ensemble
2026-05-16,36,1,wk inc flu hosp,2026-05-23,quantile,0.45,43,New York,Ensemble
2026-05-16,36,1,wk inc flu hosp,2026-05-23,quantile,0.5,47,New York,Ensemble
2026-05-16,36,1,wk inc flu hosp,2026-05-23,quantile,0.55,50,New York,Ensemble
2026-05-16,36,1,wk inc flu hosp,2026-05-23,quantile,0.6,55,New York,Ensemble
2026-05-16,36,1,wk inc flu hosp,2026-05-23,quantile,0.65,60,New York,Ensemble
2026-05-16,36,1,wk inc flu hosp,2026-05-23,quantile,0.7,64,New York,Ensemble
2026-05-16,36,1,wk inc flu hosp,2026-05-23,quantile,0.75,69,New York,Ensemble
2026-05-16,36,1,wk inc flu hosp,2026-05-23,quantile,0.8,77,New York,Ensemble
2026-05-16,36,1,wk inc flu hosp,2026-05-23,quantile,0.85,88,New York,Ensemble
2026-05-16,36,1,wk inc flu hosp,2026-05-23,quantile,0.9,108,New York,Ensemble
2026-05-16,36,1,wk inc flu hosp,2026-05-23,quantile,0.95,144,New York,Ensemble
2026-05-16,36,1,wk inc flu hosp,2026-05-23,quantile,0.975,182,New York,Ensemble
2026-05-16,36,1,wk inc flu hosp,2026-05-23,quantile,0.99,237,New York,Ensemble
2026-05-16,36,2,wk inc flu hosp,2026-05-30,quantile,0.01,7,New York,Ensemble
2026-05-16,36,2,wk inc flu hosp,2026-05-30,quantile,0.025,9,New York,Ensemble
2026-05-16,36,2,wk inc flu hosp,2026-05-30,quantile,0.05,12,New York,Ensemble
2026-05-16,36,2,wk inc flu hosp,2026-05-30,quantile,0.1,16,New York,Ensemble
2026-05-16,36,2,wk inc flu hosp,2026-05-30,quantile,0.15,21,New York,Ensemble
2026-05-16,36,2,wk inc flu hosp,2026-05-30,quantile,0.2,26,New York,Ensemble
2026-05-16,36,2,wk inc flu hosp,2026-05-30,quantile,0.25,30,New York,Ensemble
2026-05-16,36,2,wk inc flu hosp,2026-05-30,quantile,0.3,32,New York,Ensemble
2026-05-16,36,2,wk inc flu hosp,2026-05-30,quantile,0.35,35,New York,Ensemble
2026-05-16,36,2,wk inc flu hosp,2026-05-30,quantile,0.4,38,New York,Ensemble
2026-05-16,36,2,wk inc flu hosp,2026-05-30,quantile,0.45,40,New York,Ensemble
2026-05-16,36,2,wk inc flu hosp,2026-05-30,quantile,0.5,45,New York,Ensemble
2026-05-16,36,2,wk inc flu hosp,2026-05-30,quantile,0.55,48,New York,Ensemble
2026-05-16,36,2,wk inc flu hosp,2026-05-30,quantile,0.6,52,New York,Ensemble
2026-05-16,36,2,wk inc flu hosp,2026-05-30,quantile,0.65,57,New York,Ensemble
2026-05-16,36,2,wk inc flu hosp,2026-05-30,quantile,0.7,63,New York,Ensemble
2026-05-16,36,2,wk inc flu hosp,2026-05-30,quantile,0.75,71,New York,Ensemble
2026-05-16,36,2,wk inc flu hosp,2026-05-30,quantile,0.8,80,New York,Ensemble
2026-05-16,36,2,wk inc flu hosp,2026-05-30,quantile,0.85,97,New York,Ensemble
2026-05-16,36,2,wk inc flu hosp,2026-05-30,quantile,0.9,127,New York,Ensemble
2026-05-16,36,2,wk inc flu hosp,2026-05-30,quantile,0.95,177,New York,Ensemble
2026-05-16,36,2,wk inc flu hosp,2026-05-30,quantile,0.975,227,New York,Ensemble
2026-05-16,36,2,wk inc flu hosp,2026-05-30,quantile,0.99,300,New York,Ensemble
2026-05-16,36,3,wk inc flu hosp,2026-06-06,quantile,0.01,6,New York,Ensemble
2026-05-16,36,3,wk inc flu hosp,2026-06-06,quantile,0.025,8,New York,Ensemble
2026-05-16,36,3,wk inc flu hosp,2026-06-06,quantile,0.05,10,New York,Ensemble
2026-05-16,36,3,wk inc flu hosp,2026-06-06,quantile,0.1,15,New York,Ensemble
2026-05-16,36,3,wk inc flu hosp,2026-06-06,quantile,0.15,19,New York,Ensemble
2026-05-16,36,3,wk inc flu hosp,2026-06-06,quantile,0.2,25,New York,Ensemble
2026-05-16,36,3,wk inc flu hosp,2026-06-06,quantile,0.25,28,New York,Ensemble
2026-05-16,36,3,wk inc flu hosp,2026-06-06,quantile,0.3,31,New York,Ensemble
2026-05-16,36,3,wk inc flu hosp,2026-06-06,quantile,0.35,34,New York,Ensemble
2026-05-16,36,3,wk inc flu hosp,2026-06-06,quantile,0.4,36,New York,Ensemble
2026-05-16,36,3,wk inc flu hosp,2026-06-06,quantile,0.45,39,New York,Ensemble
2026-05-16,36,3,wk inc flu hosp,2026-06-06,quantile,0.5,45,New York,Ensemble
2026-05-16,36,3,wk inc flu hosp,2026-06-06,quantile,0.55,48,New York,Ensemble
2026-05-16,36,3,wk inc flu hosp,2026-06-06,quantile,0.6,52,New York,Ensemble
2026-05-16,36,3,wk inc flu hosp,2026-06-06,quantile,0.65,58,New York,Ensemble
2026-05-16,36,3,wk inc flu hosp,2026-06-06,quantile,0.7,65,New York,Ensemble
2026-05-16,36,3,wk inc flu hosp,2026-06-06,quantile,0.75,74,New York,Ensemble
2026-05-16,36,3,wk inc flu hosp,2026-06-06,quantile,0.8,87,New York,Ensemble
2026-05-16,36,3,wk inc flu hosp,2026-06-06,quantile,0.85,108,New York,Ensemble
2026-05-16,36,3,wk inc flu hosp,2026-06-06,quantile,0.9,144,New York,Ensemble
2026-05-16,36,3,wk inc flu hosp,2026-06-06,quantile,0.95,212,New York,Ensemble
2026-05-16,36,3,wk inc flu hosp,2026-06-06,quantile,0.975,280,New York,Ensemble
2026-05-16,36,3,wk inc flu hosp,2026-06-06,quantile,0.99,370,New York,Ensemble
2026-05-16,37,0,wk inc flu hosp,2026-05-16,quantile,0.01,3,North Carolina,Ensemble
2026-05-16,37,0,wk inc flu hosp,2026-05-16,quantile,0.025,4,North Carolina,Ensemble
2026-05-16,37,0,wk inc flu hosp,2026-05-16,quantile,0.05,5,North Carolina,Ensemble
2026-05-16,37,0,wk inc flu hosp,2026-05-16,quantile,0.1,7,North Carolina,Ensemble
2026-05-16,37,0,wk inc flu hosp,2026-05-16,quantile,0.15,8,North Carolina,Ensemble
2026-05-16,37,0,wk inc flu hosp,2026-05-16,quantile,0.2,9,North Carolina,Ensemble
2026-05-16,37,0,wk inc flu hosp,2026-05-16,quantile,0.25,10,North Carolina,Ensemble
2026-05-16,37,0,wk inc flu hosp,2026-05-16,quantile,0.3,11,North Carolina,Ensemble
2026-05-16,37,0,wk inc flu hosp,2026-05-16,quantile,0.35,12,North Carolina,Ensemble
2026-05-16,37,0,wk inc flu hosp,2026-05-16,quantile,0.4,13,North Carolina,Ensemble
2026-05-16,37,0,wk inc flu hosp,2026-05-16,quantile,0.45,14,North Carolina,Ensemble
2026-05-16,37,0,wk inc flu hosp,2026-05-16,quantile,0.5,16,North Carolina,Ensemble
2026-05-16,37,0,wk inc flu hosp,2026-05-16,quantile,0.55,17,North Carolina,Ensemble
2026-05-16,37,0,wk inc flu hosp,2026-05-16,quantile,0.6,18,North Carolina,Ensemble
2026-05-16,37,0,wk inc flu hosp,2026-05-16,quantile,0.65,19,North Carolina,Ensemble
2026-05-16,37,0,wk inc flu hosp,2026-05-16,quantile,0.7,21,North Carolina,Ensemble
2026-05-16,37,0,wk inc flu hosp,2026-05-16,quantile,0.75,22,North Carolina,Ensemble
2026-05-16,37,0,wk inc flu hosp,2026-05-16,quantile,0.8,24,North Carolina,Ensemble
2026-05-16,37,0,wk inc flu hosp,2026-05-16,quantile,0.85,26,North Carolina,Ensemble
2026-05-16,37,0,wk inc flu hosp,2026-05-16,quantile,0.9,30,North Carolina,Ensemble
2026-05-16,37,0,wk inc flu hosp,2026-05-16,quantile,0.95,37,North Carolina,Ensemble
2026-05-16,37,0,wk inc flu hosp,2026-05-16,quantile,0.975,47,North Carolina,Ensemble
2026-05-16,37,0,wk inc flu hosp,2026-05-16,quantile,0.99,62,North Carolina,Ensemble
2026-05-16,37,1,wk inc flu hosp,2026-05-23,quantile,0.01,2,North Carolina,Ensemble
2026-05-16,37,1,wk inc flu hosp,2026-05-23,quantile,0.025,3,North Carolina,Ensemble
2026-05-16,37,1,wk inc flu hosp,2026-05-23,quantile,0.05,4,North Carolina,Ensemble
2026-05-16,37,1,wk inc flu hosp,2026-05-23,quantile,0.1,6,North Carolina,Ensemble
2026-05-16,37,1,wk inc flu hosp,2026-05-23,quantile,0.15,7,North Carolina,Ensemble
2026-05-16,37,1,wk inc flu hosp,2026-05-23,quantile,0.2,8,North Carolina,Ensemble
2026-05-16,37,1,wk inc flu hosp,2026-05-23,quantile,0.25,9,North Carolina,Ensemble
2026-05-16,37,1,wk inc flu hosp,2026-05-23,quantile,0.3,10,North Carolina,Ensemble
2026-05-16,37,1,wk inc flu hosp,2026-05-23,quantile,0.35,11,North Carolina,Ensemble
2026-05-16,37,1,wk inc flu hosp,2026-05-23,quantile,0.4,12,North Carolina,Ensemble
2026-05-16,37,1,wk inc flu hosp,2026-05-23,quantile,0.45,13,North Carolina,Ensemble
2026-05-16,37,1,wk inc flu hosp,2026-05-23,quantile,0.5,15,North Carolina,Ensemble
2026-05-16,37,1,wk inc flu hosp,2026-05-23,quantile,0.55,16,North Carolina,Ensemble
2026-05-16,37,1,wk inc flu hosp,2026-05-23,quantile,0.6,17,North Carolina,Ensemble
2026-05-16,37,1,wk inc flu hosp,2026-05-23,quantile,0.65,18,North Carolina,Ensemble
2026-05-16,37,1,wk inc flu hosp,2026-05-23,quantile,0.7,19,North Carolina,Ensemble
2026-05-16,37,1,wk inc flu hosp,2026-05-23,quantile,0.75,21,North Carolina,Ensemble
2026-05-16,37,1,wk inc flu hosp,2026-05-23,quantile,0.8,24,North Carolina,Ensemble
2026-05-16,37,1,wk inc flu hosp,2026-05-23,quantile,0.85,28,North Carolina,Ensemble
2026-05-16,37,1,wk inc flu hosp,2026-05-23,quantile,0.9,34,North Carolina,Ensemble
2026-05-16,37,1,wk inc flu hosp,2026-05-23,quantile,0.95,47,North Carolina,Ensemble
2026-05-16,37,1,wk inc flu hosp,2026-05-23,quantile,0.975,62,North Carolina,Ensemble
2026-05-16,37,1,wk inc flu hosp,2026-05-23,quantile,0.99,85,North Carolina,Ensemble
2026-05-16,37,2,wk inc flu hosp,2026-05-30,quantile,0.01,2,North Carolina,Ensemble
2026-05-16,37,2,wk inc flu hosp,2026-05-30,quantile,0.025,3,North Carolina,Ensemble
2026-05-16,37,2,wk inc flu hosp,2026-05-30,quantile,0.05,4,North Carolina,Ensemble
2026-05-16,37,2,wk inc flu hosp,2026-05-30,quantile,0.1,5,North Carolina,Ensemble
2026-05-16,37,2,wk inc flu hosp,2026-05-30,quantile,0.15,6,North Carolina,Ensemble
2026-05-16,37,2,wk inc flu hosp,2026-05-30,quantile,0.2,7,North Carolina,Ensemble
2026-05-16,37,2,wk inc flu hosp,2026-05-30,quantile,0.25,8,North Carolina,Ensemble
2026-05-16,37,2,wk inc flu hosp,2026-05-30,quantile,0.3,9,North Carolina,Ensemble
2026-05-16,37,2,wk inc flu hosp,2026-05-30,quantile,0.35,10,North Carolina,Ensemble
2026-05-16,37,2,wk inc flu hosp,2026-05-30,quantile,0.4,11,North Carolina,Ensemble
2026-05-16,37,2,wk inc flu hosp,2026-05-30,quantile,0.45,12,North Carolina,Ensemble
2026-05-16,37,2,wk inc flu hosp,2026-05-30,quantile,0.5,14,North Carolina,Ensemble
2026-05-16,37,2,wk inc flu hosp,2026-05-30,quantile,0.55,15,North Carolina,Ensemble
2026-05-16,37,2,wk inc flu hosp,2026-05-30,quantile,0.6,16,North Carolina,Ensemble
2026-05-16,37,2,wk inc flu hosp,2026-05-30,quantile,0.65,17,North Carolina,Ensemble
2026-05-16,37,2,wk inc flu hosp,2026-05-30,quantile,0.7,19,North Carolina,Ensemble
2026-05-16,37,2,wk inc flu hosp,2026-05-30,quantile,0.75,21,North Carolina,Ensemble
2026-05-16,37,2,wk inc flu hosp,2026-05-30,quantile,0.8,24,North Carolina,Ensemble
2026-05-16,37,2,wk inc flu hosp,2026-05-30,quantile,0.85,31,North Carolina,Ensemble
2026-05-16,37,2,wk inc flu hosp,2026-05-30,quantile,0.9,41,North Carolina,Ensemble
2026-05-16,37,2,wk inc flu hosp,2026-05-30,quantile,0.95,60,North Carolina,Ensemble
2026-05-16,37,2,wk inc flu hosp,2026-05-30,quantile,0.975,82,North Carolina,Ensemble
2026-05-16,37,2,wk inc flu hosp,2026-05-30,quantile,0.99,112,North Carolina,Ensemble
2026-05-16,37,3,wk inc flu hosp,2026-06-06,quantile,0.01,2,North Carolina,Ensemble
2026-05-16,37,3,wk inc flu hosp,2026-06-06,quantile,0.025,2,North Carolina,Ensemble
2026-05-16,37,3,wk inc flu hosp,2026-06-06,quantile,0.05,3,North Carolina,Ensemble
2026-05-16,37,3,wk inc flu hosp,2026-06-06,quantile,0.1,4,North Carolina,Ensemble
2026-05-16,37,3,wk inc flu hosp,2026-06-06,quantile,0.15,5,North Carolina,Ensemble
2026-05-16,37,3,wk inc flu hosp,2026-06-06,quantile,0.2,6,North Carolina,Ensemble
2026-05-16,37,3,wk inc flu hosp,2026-06-06,quantile,0.25,7,North Carolina,Ensemble
2026-05-16,37,3,wk inc flu hosp,2026-06-06,quantile,0.3,8,North Carolina,Ensemble
2026-05-16,37,3,wk inc flu hosp,2026-06-06,quantile,0.35,9,North Carolina,Ensemble
2026-05-16,37,3,wk inc flu hosp,2026-06-06,quantile,0.4,10,North Carolina,Ensemble
2026-05-16,37,3,wk inc flu hosp,2026-06-06,quantile,0.45,11,North Carolina,Ensemble
2026-05-16,37,3,wk inc flu hosp,2026-06-06,quantile,0.5,13,North Carolina,Ensemble
2026-05-16,37,3,wk inc flu hosp,2026-06-06,quantile,0.55,14,North Carolina,Ensemble
2026-05-16,37,3,wk inc flu hosp,2026-06-06,quantile,0.6,15,North Carolina,Ensemble
2026-05-16,37,3,wk inc flu hosp,2026-06-06,quantile,0.65,16,North Carolina,Ensemble
2026-05-16,37,3,wk inc flu hosp,2026-06-06,quantile,0.7,18,North Carolina,Ensemble
2026-05-16,37,3,wk inc flu hosp,2026-06-06,quantile,0.75,20,North Carolina,Ensemble
2026-05-16,37,3,wk inc flu hosp,2026-06-06,quantile,0.8,24,North Carolina,Ensemble
2026-05-16,37,3,wk inc flu hosp,2026-06-06,quantile,0.85,32,North Carolina,Ensemble
2026-05-16,37,3,wk inc flu hosp,2026-06-06,quantile,0.9,43,North Carolina,Ensemble
2026-05-16,37,3,wk inc flu hosp,2026-06-06,quantile,0.95,66,North Carolina,Ensemble
2026-05-16,37,3,wk inc flu hosp,2026-06-06,quantile,0.975,93,North Carolina,Ensemble
2026-05-16,37,3,wk inc flu hosp,2026-06-06,quantile,0.99,128,North Carolina,Ensemble
2026-05-16,38,0,wk inc flu hosp,2026-05-16,quantile,0.01,0,North Dakota,Ensemble
2026-05-16,38,0,wk inc flu hosp,2026-05-16,quantile,0.025,0,North Dakota,Ensemble
2026-05-16,38,0,wk inc flu hosp,2026-05-16,quantile,0.05,0,North Dakota,Ensemble
2026-05-16,38,0,wk inc flu hosp,2026-05-16,quantile,0.1,0,North Dakota,Ensemble
2026-05-16,38,0,wk inc flu hosp,2026-05-16,quantile,0.15,1,North Dakota,Ensemble
2026-05-16,38,0,wk inc flu hosp,2026-05-16,quantile,0.2,1,North Dakota,Ensemble
2026-05-16,38,0,wk inc flu hosp,2026-05-16,quantile,0.25,1,North Dakota,Ensemble
2026-05-16,38,0,wk inc flu hosp,2026-05-16,quantile,0.3,2,North Dakota,Ensemble
2026-05-16,38,0,wk inc flu hosp,2026-05-16,quantile,0.35,2,North Dakota,Ensemble
2026-05-16,38,0,wk inc flu hosp,2026-05-16,quantile,0.4,2,North Dakota,Ensemble
2026-05-16,38,0,wk inc flu hosp,2026-05-16,quantile,0.45,2,North Dakota,Ensemble
2026-05-16,38,0,wk inc flu hosp,2026-05-16,quantile,0.5,3,North Dakota,Ensemble
2026-05-16,38,0,wk inc flu hosp,2026-05-16,quantile,0.55,3,North Dakota,Ensemble
2026-05-16,38,0,wk inc flu hosp,2026-05-16,quantile,0.6,4,North Dakota,Ensemble
2026-05-16,38,0,wk inc flu hosp,2026-05-16,quantile,0.65,4,North Dakota,Ensemble
2026-05-16,38,0,wk inc flu hosp,2026-05-16,quantile,0.7,4,North Dakota,Ensemble
2026-05-16,38,0,wk inc flu hosp,2026-05-16,quantile,0.75,5,North Dakota,Ensemble
2026-05-16,38,0,wk inc flu hosp,2026-05-16,quantile,0.8,5,North Dakota,Ensemble
2026-05-16,38,0,wk inc flu hosp,2026-05-16,quantile,0.85,6,North Dakota,Ensemble
2026-05-16,38,0,wk inc flu hosp,2026-05-16,quantile,0.9,6,North Dakota,Ensemble
2026-05-16,38,0,wk inc flu hosp,2026-05-16,quantile,0.95,8,North Dakota,Ensemble
2026-05-16,38,0,wk inc flu hosp,2026-05-16,quantile,0.975,10,North Dakota,Ensemble
2026-05-16,38,0,wk inc flu hosp,2026-05-16,quantile,0.99,13,North Dakota,Ensemble
2026-05-16,38,1,wk inc flu hosp,2026-05-23,quantile,0.01,0,North Dakota,Ensemble
2026-05-16,38,1,wk inc flu hosp,2026-05-23,quantile,0.025,0,North Dakota,Ensemble
2026-05-16,38,1,wk inc flu hosp,2026-05-23,quantile,0.05,0,North Dakota,Ensemble
2026-05-16,38,1,wk inc flu hosp,2026-05-23,quantile,0.1,0,North Dakota,Ensemble
2026-05-16,38,1,wk inc flu hosp,2026-05-23,quantile,0.15,1,North Dakota,Ensemble
2026-05-16,38,1,wk inc flu hosp,2026-05-23,quantile,0.2,1,North Dakota,Ensemble
2026-05-16,38,1,wk inc flu hosp,2026-05-23,quantile,0.25,1,North Dakota,Ensemble
2026-05-16,38,1,wk inc flu hosp,2026-05-23,quantile,0.3,1,North Dakota,Ensemble
2026-05-16,38,1,wk inc flu hosp,2026-05-23,quantile,0.35,2,North Dakota,Ensemble
2026-05-16,38,1,wk inc flu hosp,2026-05-23,quantile,0.4,2,North Dakota,Ensemble
2026-05-16,38,1,wk inc flu hosp,2026-05-23,quantile,0.45,2,North Dakota,Ensemble
2026-05-16,38,1,wk inc flu hosp,2026-05-23,quantile,0.5,3,North Dakota,Ensemble
2026-05-16,38,1,wk inc flu hosp,2026-05-23,quantile,0.55,3,North Dakota,Ensemble
2026-05-16,38,1,wk inc flu hosp,2026-05-23,quantile,0.6,3,North Dakota,Ensemble
2026-05-16,38,1,wk inc flu hosp,2026-05-23,quantile,0.65,4,North Dakota,Ensemble
2026-05-16,38,1,wk inc flu hosp,2026-05-23,quantile,0.7,4,North Dakota,Ensemble
2026-05-16,38,1,wk inc flu hosp,2026-05-23,quantile,0.75,5,North Dakota,Ensemble
2026-05-16,38,1,wk inc flu hosp,2026-05-23,quantile,0.8,5,North Dakota,Ensemble
2026-05-16,38,1,wk inc flu hosp,2026-05-23,quantile,0.85,6,North Dakota,Ensemble
2026-05-16,38,1,wk inc flu hosp,2026-05-23,quantile,0.9,7,North Dakota,Ensemble
2026-05-16,38,1,wk inc flu hosp,2026-05-23,quantile,0.95,8,North Dakota,Ensemble
2026-05-16,38,1,wk inc flu hosp,2026-05-23,quantile,0.975,11,North Dakota,Ensemble
2026-05-16,38,1,wk inc flu hosp,2026-05-23,quantile,0.99,15,North Dakota,Ensemble
2026-05-16,38,2,wk inc flu hosp,2026-05-30,quantile,0.01,0,North Dakota,Ensemble
2026-05-16,38,2,wk inc flu hosp,2026-05-30,quantile,0.025,0,North Dakota,Ensemble
2026-05-16,38,2,wk inc flu hosp,2026-05-30,quantile,0.05,0,North Dakota,Ensemble
2026-05-16,38,2,wk inc flu hosp,2026-05-30,quantile,0.1,0,North Dakota,Ensemble
2026-05-16,38,2,wk inc flu hosp,2026-05-30,quantile,0.15,0,North Dakota,Ensemble
2026-05-16,38,2,wk inc flu hosp,2026-05-30,quantile,0.2,1,North Dakota,Ensemble
2026-05-16,38,2,wk inc flu hosp,2026-05-30,quantile,0.25,1,North Dakota,Ensemble
2026-05-16,38,2,wk inc flu hosp,2026-05-30,quantile,0.3,1,North Dakota,Ensemble
2026-05-16,38,2,wk inc flu hosp,2026-05-30,quantile,0.35,1,North Dakota,Ensemble
2026-05-16,38,2,wk inc flu hosp,2026-05-30,quantile,0.4,1,North Dakota,Ensemble
2026-05-16,38,2,wk inc flu hosp,2026-05-30,quantile,0.45,2,North Dakota,Ensemble
2026-05-16,38,2,wk inc flu hosp,2026-05-30,quantile,0.5,3,North Dakota,Ensemble
2026-05-16,38,2,wk inc flu hosp,2026-05-30,quantile,0.55,3,North Dakota,Ensemble
2026-05-16,38,2,wk inc flu hosp,2026-05-30,quantile,0.6,3,North Dakota,Ensemble
2026-05-16,38,2,wk inc flu hosp,2026-05-30,quantile,0.65,3,North Dakota,Ensemble
2026-05-16,38,2,wk inc flu hosp,2026-05-30,quantile,0.7,4,North Dakota,Ensemble
2026-05-16,38,2,wk inc flu hosp,2026-05-30,quantile,0.75,4,North Dakota,Ensemble
2026-05-16,38,2,wk inc flu hosp,2026-05-30,quantile,0.8,4,North Dakota,Ensemble
2026-05-16,38,2,wk inc flu hosp,2026-05-30,quantile,0.85,5,North Dakota,Ensemble
2026-05-16,38,2,wk inc flu hosp,2026-05-30,quantile,0.9,6,North Dakota,Ensemble
2026-05-16,38,2,wk inc flu hosp,2026-05-30,quantile,0.95,8,North Dakota,Ensemble
2026-05-16,38,2,wk inc flu hosp,2026-05-30,quantile,0.975,10,North Dakota,Ensemble
2026-05-16,38,2,wk inc flu hosp,2026-05-30,quantile,0.99,14,North Dakota,Ensemble
2026-05-16,38,3,wk inc flu hosp,2026-06-06,quantile,0.01,0,North Dakota,Ensemble
2026-05-16,38,3,wk inc flu hosp,2026-06-06,quantile,0.025,0,North Dakota,Ensemble
2026-05-16,38,3,wk inc flu hosp,2026-06-06,quantile,0.05,0,North Dakota,Ensemble
2026-05-16,38,3,wk inc flu hosp,2026-06-06,quantile,0.1,0,North Dakota,Ensemble
2026-05-16,38,3,wk inc flu hosp,2026-06-06,quantile,0.15,0,North Dakota,Ensemble
2026-05-16,38,3,wk inc flu hosp,2026-06-06,quantile,0.2,1,North Dakota,Ensemble
2026-05-16,38,3,wk inc flu hosp,2026-06-06,quantile,0.25,1,North Dakota,Ensemble
2026-05-16,38,3,wk inc flu hosp,2026-06-06,quantile,0.3,1,North Dakota,Ensemble
2026-05-16,38,3,wk inc flu hosp,2026-06-06,quantile,0.35,1,North Dakota,Ensemble
2026-05-16,38,3,wk inc flu hosp,2026-06-06,quantile,0.4,1,North Dakota,Ensemble
2026-05-16,38,3,wk inc flu hosp,2026-06-06,quantile,0.45,2,North Dakota,Ensemble
2026-05-16,38,3,wk inc flu hosp,2026-06-06,quantile,0.5,3,North Dakota,Ensemble
2026-05-16,38,3,wk inc flu hosp,2026-06-06,quantile,0.55,3,North Dakota,Ensemble
2026-05-16,38,3,wk inc flu hosp,2026-06-06,quantile,0.6,3,North Dakota,Ensemble
2026-05-16,38,3,wk inc flu hosp,2026-06-06,quantile,0.65,3,North Dakota,Ensemble
2026-05-16,38,3,wk inc flu hosp,2026-06-06,quantile,0.7,4,North Dakota,Ensemble
2026-05-16,38,3,wk inc flu hosp,2026-06-06,quantile,0.75,4,North Dakota,Ensemble
2026-05-16,38,3,wk inc flu hosp,2026-06-06,quantile,0.8,4,North Dakota,Ensemble
2026-05-16,38,3,wk inc flu hosp,2026-06-06,quantile,0.85,5,North Dakota,Ensemble
2026-05-16,38,3,wk inc flu hosp,2026-06-06,quantile,0.9,6,North Dakota,Ensemble
2026-05-16,38,3,wk inc flu hosp,2026-06-06,quantile,0.95,8,North Dakota,Ensemble
2026-05-16,38,3,wk inc flu hosp,2026-06-06,quantile,0.975,11,North Dakota,Ensemble
2026-05-16,38,3,wk inc flu hosp,2026-06-06,quantile,0.99,15,North Dakota,Ensemble
2026-05-16,39,0,wk inc flu hosp,2026-05-16,quantile,0.01,4,Ohio,Ensemble
2026-05-16,39,0,wk inc flu hosp,2026-05-16,quantile,0.025,5,Ohio,Ensemble
2026-05-16,39,0,wk inc flu hosp,2026-05-16,quantile,0.05,6,Ohio,Ensemble
2026-05-16,39,0,wk inc flu hosp,2026-05-16,quantile,0.1,8,Ohio,Ensemble
2026-05-16,39,0,wk inc flu hosp,2026-05-16,quantile,0.15,9,Ohio,Ensemble
2026-05-16,39,0,wk inc flu hosp,2026-05-16,quantile,0.2,10,Ohio,Ensemble
2026-05-16,39,0,wk inc flu hosp,2026-05-16,quantile,0.25,11,Ohio,Ensemble
2026-05-16,39,0,wk inc flu hosp,2026-05-16,quantile,0.3,12,Ohio,Ensemble
2026-05-16,39,0,wk inc flu hosp,2026-05-16,quantile,0.35,14,Ohio,Ensemble
2026-05-16,39,0,wk inc flu hosp,2026-05-16,quantile,0.4,15,Ohio,Ensemble
2026-05-16,39,0,wk inc flu hosp,2026-05-16,quantile,0.45,16,Ohio,Ensemble
2026-05-16,39,0,wk inc flu hosp,2026-05-16,quantile,0.5,18,Ohio,Ensemble
2026-05-16,39,0,wk inc flu hosp,2026-05-16,quantile,0.55,20,Ohio,Ensemble
2026-05-16,39,0,wk inc flu hosp,2026-05-16,quantile,0.6,21,Ohio,Ensemble
2026-05-16,39,0,wk inc flu hosp,2026-05-16,quantile,0.65,22,Ohio,Ensemble
2026-05-16,39,0,wk inc flu hosp,2026-05-16,quantile,0.7,24,Ohio,Ensemble
2026-05-16,39,0,wk inc flu hosp,2026-05-16,quantile,0.75,26,Ohio,Ensemble
2026-05-16,39,0,wk inc flu hosp,2026-05-16,quantile,0.8,29,Ohio,Ensemble
2026-05-16,39,0,wk inc flu hosp,2026-05-16,quantile,0.85,32,Ohio,Ensemble
2026-05-16,39,0,wk inc flu hosp,2026-05-16,quantile,0.9,36,Ohio,Ensemble
2026-05-16,39,0,wk inc flu hosp,2026-05-16,quantile,0.95,46,Ohio,Ensemble
2026-05-16,39,0,wk inc flu hosp,2026-05-16,quantile,0.975,58,Ohio,Ensemble
2026-05-16,39,0,wk inc flu hosp,2026-05-16,quantile,0.99,79,Ohio,Ensemble
2026-05-16,39,1,wk inc flu hosp,2026-05-23,quantile,0.01,2,Ohio,Ensemble
2026-05-16,39,1,wk inc flu hosp,2026-05-23,quantile,0.025,4,Ohio,Ensemble
2026-05-16,39,1,wk inc flu hosp,2026-05-23,quantile,0.05,5,Ohio,Ensemble
2026-05-16,39,1,wk inc flu hosp,2026-05-23,quantile,0.1,6,Ohio,Ensemble
2026-05-16,39,1,wk inc flu hosp,2026-05-23,quantile,0.15,7,Ohio,Ensemble
2026-05-16,39,1,wk inc flu hosp,2026-05-23,quantile,0.2,8,Ohio,Ensemble
2026-05-16,39,1,wk inc flu hosp,2026-05-23,quantile,0.25,9,Ohio,Ensemble
2026-05-16,39,1,wk inc flu hosp,2026-05-23,quantile,0.3,11,Ohio,Ensemble
2026-05-16,39,1,wk inc flu hosp,2026-05-23,quantile,0.35,12,Ohio,Ensemble
2026-05-16,39,1,wk inc flu hosp,2026-05-23,quantile,0.4,13,Ohio,Ensemble
2026-05-16,39,1,wk inc flu hosp,2026-05-23,quantile,0.45,14,Ohio,Ensemble
2026-05-16,39,1,wk inc flu hosp,2026-05-23,quantile,0.5,17,Ohio,Ensemble
2026-05-16,39,1,wk inc flu hosp,2026-05-23,quantile,0.55,18,Ohio,Ensemble
2026-05-16,39,1,wk inc flu hosp,2026-05-23,quantile,0.6,19,Ohio,Ensemble
2026-05-16,39,1,wk inc flu hosp,2026-05-23,quantile,0.65,21,Ohio,Ensemble
2026-05-16,39,1,wk inc flu hosp,2026-05-23,quantile,0.7,23,Ohio,Ensemble
2026-05-16,39,1,wk inc flu hosp,2026-05-23,quantile,0.75,25,Ohio,Ensemble
2026-05-16,39,1,wk inc flu hosp,2026-05-23,quantile,0.8,27,Ohio,Ensemble
2026-05-16,39,1,wk inc flu hosp,2026-05-23,quantile,0.85,31,Ohio,Ensemble
2026-05-16,39,1,wk inc flu hosp,2026-05-23,quantile,0.9,37,Ohio,Ensemble
2026-05-16,39,1,wk inc flu hosp,2026-05-23,quantile,0.95,49,Ohio,Ensemble
2026-05-16,39,1,wk inc flu hosp,2026-05-23,quantile,0.975,64,Ohio,Ensemble
2026-05-16,39,1,wk inc flu hosp,2026-05-23,quantile,0.99,90,Ohio,Ensemble
2026-05-16,39,2,wk inc flu hosp,2026-05-30,quantile,0.01,3,Ohio,Ensemble
2026-05-16,39,2,wk inc flu hosp,2026-05-30,quantile,0.025,3,Ohio,Ensemble
2026-05-16,39,2,wk inc flu hosp,2026-05-30,quantile,0.05,4,Ohio,Ensemble
2026-05-16,39,2,wk inc flu hosp,2026-05-30,quantile,0.1,6,Ohio,Ensemble
2026-05-16,39,2,wk inc flu hosp,2026-05-30,quantile,0.15,7,Ohio,Ensemble
2026-05-16,39,2,wk inc flu hosp,2026-05-30,quantile,0.2,9,Ohio,Ensemble
2026-05-16,39,2,wk inc flu hosp,2026-05-30,quantile,0.25,10,Ohio,Ensemble
2026-05-16,39,2,wk inc flu hosp,2026-05-30,quantile,0.3,11,Ohio,Ensemble
2026-05-16,39,2,wk inc flu hosp,2026-05-30,quantile,0.35,11,Ohio,Ensemble
2026-05-16,39,2,wk inc flu hosp,2026-05-30,quantile,0.4,12,Ohio,Ensemble
2026-05-16,39,2,wk inc flu hosp,2026-05-30,quantile,0.45,14,Ohio,Ensemble
2026-05-16,39,2,wk inc flu hosp,2026-05-30,quantile,0.5,16,Ohio,Ensemble
2026-05-16,39,2,wk inc flu hosp,2026-05-30,quantile,0.55,18,Ohio,Ensemble
2026-05-16,39,2,wk inc flu hosp,2026-05-30,quantile,0.6,19,Ohio,Ensemble
2026-05-16,39,2,wk inc flu hosp,2026-05-30,quantile,0.65,21,Ohio,Ensemble
2026-05-16,39,2,wk inc flu hosp,2026-05-30,quantile,0.7,23,Ohio,Ensemble
2026-05-16,39,2,wk inc flu hosp,2026-05-30,quantile,0.75,25,Ohio,Ensemble
2026-05-16,39,2,wk inc flu hosp,2026-05-30,quantile,0.8,29,Ohio,Ensemble
2026-05-16,39,2,wk inc flu hosp,2026-05-30,quantile,0.85,34,Ohio,Ensemble
2026-05-16,39,2,wk inc flu hosp,2026-05-30,quantile,0.9,43,Ohio,Ensemble
2026-05-16,39,2,wk inc flu hosp,2026-05-30,quantile,0.95,61,Ohio,Ensemble
2026-05-16,39,2,wk inc flu hosp,2026-05-30,quantile,0.975,80,Ohio,Ensemble
2026-05-16,39,2,wk inc flu hosp,2026-05-30,quantile,0.99,111,Ohio,Ensemble
2026-05-16,39,3,wk inc flu hosp,2026-06-06,quantile,0.01,2,Ohio,Ensemble
2026-05-16,39,3,wk inc flu hosp,2026-06-06,quantile,0.025,3,Ohio,Ensemble
2026-05-16,39,3,wk inc flu hosp,2026-06-06,quantile,0.05,4,Ohio,Ensemble
2026-05-16,39,3,wk inc flu hosp,2026-06-06,quantile,0.1,5,Ohio,Ensemble
2026-05-16,39,3,wk inc flu hosp,2026-06-06,quantile,0.15,7,Ohio,Ensemble
2026-05-16,39,3,wk inc flu hosp,2026-06-06,quantile,0.2,8,Ohio,Ensemble
2026-05-16,39,3,wk inc flu hosp,2026-06-06,quantile,0.25,9,Ohio,Ensemble
2026-05-16,39,3,wk inc flu hosp,2026-06-06,quantile,0.3,10,Ohio,Ensemble
2026-05-16,39,3,wk inc flu hosp,2026-06-06,quantile,0.35,11,Ohio,Ensemble
2026-05-16,39,3,wk inc flu hosp,2026-06-06,quantile,0.4,12,Ohio,Ensemble
2026-05-16,39,3,wk inc flu hosp,2026-06-06,quantile,0.45,13,Ohio,Ensemble
2026-05-16,39,3,wk inc flu hosp,2026-06-06,quantile,0.5,15,Ohio,Ensemble
2026-05-16,39,3,wk inc flu hosp,2026-06-06,quantile,0.55,17,Ohio,Ensemble
2026-05-16,39,3,wk inc flu hosp,2026-06-06,quantile,0.6,18,Ohio,Ensemble
2026-05-16,39,3,wk inc flu hosp,2026-06-06,quantile,0.65,20,Ohio,Ensemble
2026-05-16,39,3,wk inc flu hosp,2026-06-06,quantile,0.7,22,Ohio,Ensemble
2026-05-16,39,3,wk inc flu hosp,2026-06-06,quantile,0.75,25,Ohio,Ensemble
2026-05-16,39,3,wk inc flu hosp,2026-06-06,quantile,0.8,30,Ohio,Ensemble
2026-05-16,39,3,wk inc flu hosp,2026-06-06,quantile,0.85,37,Ohio,Ensemble
2026-05-16,39,3,wk inc flu hosp,2026-06-06,quantile,0.9,49,Ohio,Ensemble
2026-05-16,39,3,wk inc flu hosp,2026-06-06,quantile,0.95,73,Ohio,Ensemble
2026-05-16,39,3,wk inc flu hosp,2026-06-06,quantile,0.975,104,Ohio,Ensemble
2026-05-16,39,3,wk inc flu hosp,2026-06-06,quantile,0.99,146,Ohio,Ensemble
2026-05-16,40,0,wk inc flu hosp,2026-05-16,quantile,0.01,1,Oklahoma,Ensemble
2026-05-16,40,0,wk inc flu hosp,2026-05-16,quantile,0.025,1,Oklahoma,Ensemble
2026-05-16,40,0,wk inc flu hosp,2026-05-16,quantile,0.05,1,Oklahoma,Ensemble
2026-05-16,40,0,wk inc flu hosp,2026-05-16,quantile,0.1,2,Oklahoma,Ensemble
2026-05-16,40,0,wk inc flu hosp,2026-05-16,quantile,0.15,3,Oklahoma,Ensemble
2026-05-16,40,0,wk inc flu hosp,2026-05-16,quantile,0.2,3,Oklahoma,Ensemble
2026-05-16,40,0,wk inc flu hosp,2026-05-16,quantile,0.25,4,Oklahoma,Ensemble
2026-05-16,40,0,wk inc flu hosp,2026-05-16,quantile,0.3,4,Oklahoma,Ensemble
2026-05-16,40,0,wk inc flu hosp,2026-05-16,quantile,0.35,5,Oklahoma,Ensemble
2026-05-16,40,0,wk inc flu hosp,2026-05-16,quantile,0.4,5,Oklahoma,Ensemble
2026-05-16,40,0,wk inc flu hosp,2026-05-16,quantile,0.45,6,Oklahoma,Ensemble
2026-05-16,40,0,wk inc flu hosp,2026-05-16,quantile,0.5,8,Oklahoma,Ensemble
2026-05-16,40,0,wk inc flu hosp,2026-05-16,quantile,0.55,8,Oklahoma,Ensemble
2026-05-16,40,0,wk inc flu hosp,2026-05-16,quantile,0.6,9,Oklahoma,Ensemble
2026-05-16,40,0,wk inc flu hosp,2026-05-16,quantile,0.65,9,Oklahoma,Ensemble
2026-05-16,40,0,wk inc flu hosp,2026-05-16,quantile,0.7,10,Oklahoma,Ensemble
2026-05-16,40,0,wk inc flu hosp,2026-05-16,quantile,0.75,11,Oklahoma,Ensemble
2026-05-16,40,0,wk inc flu hosp,2026-05-16,quantile,0.8,12,Oklahoma,Ensemble
2026-05-16,40,0,wk inc flu hosp,2026-05-16,quantile,0.85,13,Oklahoma,Ensemble
2026-05-16,40,0,wk inc flu hosp,2026-05-16,quantile,0.9,15,Oklahoma,Ensemble
2026-05-16,40,0,wk inc flu hosp,2026-05-16,quantile,0.95,19,Oklahoma,Ensemble
2026-05-16,40,0,wk inc flu hosp,2026-05-16,quantile,0.975,23,Oklahoma,Ensemble
2026-05-16,40,0,wk inc flu hosp,2026-05-16,quantile,0.99,30,Oklahoma,Ensemble
2026-05-16,40,1,wk inc flu hosp,2026-05-23,quantile,0.01,1,Oklahoma,Ensemble
2026-05-16,40,1,wk inc flu hosp,2026-05-23,quantile,0.025,1,Oklahoma,Ensemble
2026-05-16,40,1,wk inc flu hosp,2026-05-23,quantile,0.05,1,Oklahoma,Ensemble
2026-05-16,40,1,wk inc flu hosp,2026-05-23,quantile,0.1,2,Oklahoma,Ensemble
2026-05-16,40,1,wk inc flu hosp,2026-05-23,quantile,0.15,2,Oklahoma,Ensemble
2026-05-16,40,1,wk inc flu hosp,2026-05-23,quantile,0.2,3,Oklahoma,Ensemble
2026-05-16,40,1,wk inc flu hosp,2026-05-23,quantile,0.25,3,Oklahoma,Ensemble
2026-05-16,40,1,wk inc flu hosp,2026-05-23,quantile,0.3,4,Oklahoma,Ensemble
2026-05-16,40,1,wk inc flu hosp,2026-05-23,quantile,0.35,5,Oklahoma,Ensemble
2026-05-16,40,1,wk inc flu hosp,2026-05-23,quantile,0.4,5,Oklahoma,Ensemble
2026-05-16,40,1,wk inc flu hosp,2026-05-23,quantile,0.45,5,Oklahoma,Ensemble
2026-05-16,40,1,wk inc flu hosp,2026-05-23,quantile,0.5,7,Oklahoma,Ensemble
2026-05-16,40,1,wk inc flu hosp,2026-05-23,quantile,0.55,8,Oklahoma,Ensemble
2026-05-16,40,1,wk inc flu hosp,2026-05-23,quantile,0.6,8,Oklahoma,Ensemble
2026-05-16,40,1,wk inc flu hosp,2026-05-23,quantile,0.65,9,Oklahoma,Ensemble
2026-05-16,40,1,wk inc flu hosp,2026-05-23,quantile,0.7,9,Oklahoma,Ensemble
2026-05-16,40,1,wk inc flu hosp,2026-05-23,quantile,0.75,10,Oklahoma,Ensemble
2026-05-16,40,1,wk inc flu hosp,2026-05-23,quantile,0.8,11,Oklahoma,Ensemble
2026-05-16,40,1,wk inc flu hosp,2026-05-23,quantile,0.85,13,Oklahoma,Ensemble
2026-05-16,40,1,wk inc flu hosp,2026-05-23,quantile,0.9,15,Oklahoma,Ensemble
2026-05-16,40,1,wk inc flu hosp,2026-05-23,quantile,0.95,19,Oklahoma,Ensemble
2026-05-16,40,1,wk inc flu hosp,2026-05-23,quantile,0.975,24,Oklahoma,Ensemble
2026-05-16,40,1,wk inc flu hosp,2026-05-23,quantile,0.99,31,Oklahoma,Ensemble
2026-05-16,40,2,wk inc flu hosp,2026-05-30,quantile,0.01,1,Oklahoma,Ensemble
2026-05-16,40,2,wk inc flu hosp,2026-05-30,quantile,0.025,1,Oklahoma,Ensemble
2026-05-16,40,2,wk inc flu hosp,2026-05-30,quantile,0.05,1,Oklahoma,Ensemble
2026-05-16,40,2,wk inc flu hosp,2026-05-30,quantile,0.1,2,Oklahoma,Ensemble
2026-05-16,40,2,wk inc flu hosp,2026-05-30,quantile,0.15,2,Oklahoma,Ensemble
2026-05-16,40,2,wk inc flu hosp,2026-05-30,quantile,0.2,3,Oklahoma,Ensemble
2026-05-16,40,2,wk inc flu hosp,2026-05-30,quantile,0.25,3,Oklahoma,Ensemble
2026-05-16,40,2,wk inc flu hosp,2026-05-30,quantile,0.3,4,Oklahoma,Ensemble
2026-05-16,40,2,wk inc flu hosp,2026-05-30,quantile,0.35,4,Oklahoma,Ensemble
2026-05-16,40,2,wk inc flu hosp,2026-05-30,quantile,0.4,5,Oklahoma,Ensemble
2026-05-16,40,2,wk inc flu hosp,2026-05-30,quantile,0.45,5,Oklahoma,Ensemble
2026-05-16,40,2,wk inc flu hosp,2026-05-30,quantile,0.5,7,Oklahoma,Ensemble
2026-05-16,40,2,wk inc flu hosp,2026-05-30,quantile,0.55,7,Oklahoma,Ensemble
2026-05-16,40,2,wk inc flu hosp,2026-05-30,quantile,0.6,8,Oklahoma,Ensemble
2026-05-16,40,2,wk inc flu hosp,2026-05-30,quantile,0.65,9,Oklahoma,Ensemble
2026-05-16,40,2,wk inc flu hosp,2026-05-30,quantile,0.7,10,Oklahoma,Ensemble
2026-05-16,40,2,wk inc flu hosp,2026-05-30,quantile,0.75,11,Oklahoma,Ensemble
2026-05-16,40,2,wk inc flu hosp,2026-05-30,quantile,0.8,12,Oklahoma,Ensemble
2026-05-16,40,2,wk inc flu hosp,2026-05-30,quantile,0.85,15,Oklahoma,Ensemble
2026-05-16,40,2,wk inc flu hosp,2026-05-30,quantile,0.9,18,Oklahoma,Ensemble
2026-05-16,40,2,wk inc flu hosp,2026-05-30,quantile,0.95,25,Oklahoma,Ensemble
2026-05-16,40,2,wk inc flu hosp,2026-05-30,quantile,0.975,31,Oklahoma,Ensemble
2026-05-16,40,2,wk inc flu hosp,2026-05-30,quantile,0.99,40,Oklahoma,Ensemble
2026-05-16,40,3,wk inc flu hosp,2026-06-06,quantile,0.01,0,Oklahoma,Ensemble
2026-05-16,40,3,wk inc flu hosp,2026-06-06,quantile,0.025,1,Oklahoma,Ensemble
2026-05-16,40,3,wk inc flu hosp,2026-06-06,quantile,0.05,1,Oklahoma,Ensemble
2026-05-16,40,3,wk inc flu hosp,2026-06-06,quantile,0.1,1,Oklahoma,Ensemble
2026-05-16,40,3,wk inc flu hosp,2026-06-06,quantile,0.15,2,Oklahoma,Ensemble
2026-05-16,40,3,wk inc flu hosp,2026-06-06,quantile,0.2,2,Oklahoma,Ensemble
2026-05-16,40,3,wk inc flu hosp,2026-06-06,quantile,0.25,3,Oklahoma,Ensemble
2026-05-16,40,3,wk inc flu hosp,2026-06-06,quantile,0.3,4,Oklahoma,Ensemble
2026-05-16,40,3,wk inc flu hosp,2026-06-06,quantile,0.35,4,Oklahoma,Ensemble
2026-05-16,40,3,wk inc flu hosp,2026-06-06,quantile,0.4,5,Oklahoma,Ensemble
2026-05-16,40,3,wk inc flu hosp,2026-06-06,quantile,0.45,5,Oklahoma,Ensemble
2026-05-16,40,3,wk inc flu hosp,2026-06-06,quantile,0.5,6,Oklahoma,Ensemble
2026-05-16,40,3,wk inc flu hosp,2026-06-06,quantile,0.55,7,Oklahoma,Ensemble
2026-05-16,40,3,wk inc flu hosp,2026-06-06,quantile,0.6,8,Oklahoma,Ensemble
2026-05-16,40,3,wk inc flu hosp,2026-06-06,quantile,0.65,8,Oklahoma,Ensemble
2026-05-16,40,3,wk inc flu hosp,2026-06-06,quantile,0.7,9,Oklahoma,Ensemble
2026-05-16,40,3,wk inc flu hosp,2026-06-06,quantile,0.75,10,Oklahoma,Ensemble
2026-05-16,40,3,wk inc flu hosp,2026-06-06,quantile,0.8,12,Oklahoma,Ensemble
2026-05-16,40,3,wk inc flu hosp,2026-06-06,quantile,0.85,14,Oklahoma,Ensemble
2026-05-16,40,3,wk inc flu hosp,2026-06-06,quantile,0.9,18,Oklahoma,Ensemble
2026-05-16,40,3,wk inc flu hosp,2026-06-06,quantile,0.95,25,Oklahoma,Ensemble
2026-05-16,40,3,wk inc flu hosp,2026-06-06,quantile,0.975,31,Oklahoma,Ensemble
2026-05-16,40,3,wk inc flu hosp,2026-06-06,quantile,0.99,41,Oklahoma,Ensemble
2026-05-16,41,0,wk inc flu hosp,2026-05-16,quantile,0.01,2,Oregon,Ensemble
2026-05-16,41,0,wk inc flu hosp,2026-05-16,quantile,0.025,2,Oregon,Ensemble
2026-05-16,41,0,wk inc flu hosp,2026-05-16,quantile,0.05,3,Oregon,Ensemble
2026-05-16,41,0,wk inc flu hosp,2026-05-16,quantile,0.1,5,Oregon,Ensemble
2026-05-16,41,0,wk inc flu hosp,2026-05-16,quantile,0.15,5,Oregon,Ensemble
2026-05-16,41,0,wk inc flu hosp,2026-05-16,quantile,0.2,6,Oregon,Ensemble
2026-05-16,41,0,wk inc flu hosp,2026-05-16,quantile,0.25,7,Oregon,Ensemble
2026-05-16,41,0,wk inc flu hosp,2026-05-16,quantile,0.3,7,Oregon,Ensemble
2026-05-16,41,0,wk inc flu hosp,2026-05-16,quantile,0.35,8,Oregon,Ensemble
2026-05-16,41,0,wk inc flu hosp,2026-05-16,quantile,0.4,9,Oregon,Ensemble
2026-05-16,41,0,wk inc flu hosp,2026-05-16,quantile,0.45,9,Oregon,Ensemble
2026-05-16,41,0,wk inc flu hosp,2026-05-16,quantile,0.5,11,Oregon,Ensemble
2026-05-16,41,0,wk inc flu hosp,2026-05-16,quantile,0.55,11,Oregon,Ensemble
2026-05-16,41,0,wk inc flu hosp,2026-05-16,quantile,0.6,12,Oregon,Ensemble
2026-05-16,41,0,wk inc flu hosp,2026-05-16,quantile,0.65,13,Oregon,Ensemble
2026-05-16,41,0,wk inc flu hosp,2026-05-16,quantile,0.7,14,Oregon,Ensemble
2026-05-16,41,0,wk inc flu hosp,2026-05-16,quantile,0.75,15,Oregon,Ensemble
2026-05-16,41,0,wk inc flu hosp,2026-05-16,quantile,0.8,16,Oregon,Ensemble
2026-05-16,41,0,wk inc flu hosp,2026-05-16,quantile,0.85,17,Oregon,Ensemble
2026-05-16,41,0,wk inc flu hosp,2026-05-16,quantile,0.9,20,Oregon,Ensemble
2026-05-16,41,0,wk inc flu hosp,2026-05-16,quantile,0.95,25,Oregon,Ensemble
2026-05-16,41,0,wk inc flu hosp,2026-05-16,quantile,0.975,33,Oregon,Ensemble
2026-05-16,41,0,wk inc flu hosp,2026-05-16,quantile,0.99,48,Oregon,Ensemble
2026-05-16,41,1,wk inc flu hosp,2026-05-23,quantile,0.01,1,Oregon,Ensemble
2026-05-16,41,1,wk inc flu hosp,2026-05-23,quantile,0.025,2,Oregon,Ensemble
2026-05-16,41,1,wk inc flu hosp,2026-05-23,quantile,0.05,2,Oregon,Ensemble
2026-05-16,41,1,wk inc flu hosp,2026-05-23,quantile,0.1,3,Oregon,Ensemble
2026-05-16,41,1,wk inc flu hosp,2026-05-23,quantile,0.15,4,Oregon,Ensemble
2026-05-16,41,1,wk inc flu hosp,2026-05-23,quantile,0.2,5,Oregon,Ensemble
2026-05-16,41,1,wk inc flu hosp,2026-05-23,quantile,0.25,6,Oregon,Ensemble
2026-05-16,41,1,wk inc flu hosp,2026-05-23,quantile,0.3,6,Oregon,Ensemble
2026-05-16,41,1,wk inc flu hosp,2026-05-23,quantile,0.35,7,Oregon,Ensemble
2026-05-16,41,1,wk inc flu hosp,2026-05-23,quantile,0.4,7,Oregon,Ensemble
2026-05-16,41,1,wk inc flu hosp,2026-05-23,quantile,0.45,8,Oregon,Ensemble
2026-05-16,41,1,wk inc flu hosp,2026-05-23,quantile,0.5,10,Oregon,Ensemble
2026-05-16,41,1,wk inc flu hosp,2026-05-23,quantile,0.55,10,Oregon,Ensemble
2026-05-16,41,1,wk inc flu hosp,2026-05-23,quantile,0.6,11,Oregon,Ensemble
2026-05-16,41,1,wk inc flu hosp,2026-05-23,quantile,0.65,12,Oregon,Ensemble
2026-05-16,41,1,wk inc flu hosp,2026-05-23,quantile,0.7,13,Oregon,Ensemble
2026-05-16,41,1,wk inc flu hosp,2026-05-23,quantile,0.75,14,Oregon,Ensemble
2026-05-16,41,1,wk inc flu hosp,2026-05-23,quantile,0.8,15,Oregon,Ensemble
2026-05-16,41,1,wk inc flu hosp,2026-05-23,quantile,0.85,17,Oregon,Ensemble
2026-05-16,41,1,wk inc flu hosp,2026-05-23,quantile,0.9,21,Oregon,Ensemble
2026-05-16,41,1,wk inc flu hosp,2026-05-23,quantile,0.95,29,Oregon,Ensemble
2026-05-16,41,1,wk inc flu hosp,2026-05-23,quantile,0.975,40,Oregon,Ensemble
2026-05-16,41,1,wk inc flu hosp,2026-05-23,quantile,0.99,55,Oregon,Ensemble
2026-05-16,41,2,wk inc flu hosp,2026-05-30,quantile,0.01,1,Oregon,Ensemble
2026-05-16,41,2,wk inc flu hosp,2026-05-30,quantile,0.025,1,Oregon,Ensemble
2026-05-16,41,2,wk inc flu hosp,2026-05-30,quantile,0.05,2,Oregon,Ensemble
2026-05-16,41,2,wk inc flu hosp,2026-05-30,quantile,0.1,2,Oregon,Ensemble
2026-05-16,41,2,wk inc flu hosp,2026-05-30,quantile,0.15,3,Oregon,Ensemble
2026-05-16,41,2,wk inc flu hosp,2026-05-30,quantile,0.2,4,Oregon,Ensemble
2026-05-16,41,2,wk inc flu hosp,2026-05-30,quantile,0.25,5,Oregon,Ensemble
2026-05-16,41,2,wk inc flu hosp,2026-05-30,quantile,0.3,5,Oregon,Ensemble
2026-05-16,41,2,wk inc flu hosp,2026-05-30,quantile,0.35,6,Oregon,Ensemble
2026-05-16,41,2,wk inc flu hosp,2026-05-30,quantile,0.4,6,Oregon,Ensemble
2026-05-16,41,2,wk inc flu hosp,2026-05-30,quantile,0.45,7,Oregon,Ensemble
2026-05-16,41,2,wk inc flu hosp,2026-05-30,quantile,0.5,8,Oregon,Ensemble
2026-05-16,41,2,wk inc flu hosp,2026-05-30,quantile,0.55,9,Oregon,Ensemble
2026-05-16,41,2,wk inc flu hosp,2026-05-30,quantile,0.6,10,Oregon,Ensemble
2026-05-16,41,2,wk inc flu hosp,2026-05-30,quantile,0.65,11,Oregon,Ensemble
2026-05-16,41,2,wk inc flu hosp,2026-05-30,quantile,0.7,12,Oregon,Ensemble
2026-05-16,41,2,wk inc flu hosp,2026-05-30,quantile,0.75,13,Oregon,Ensemble
2026-05-16,41,2,wk inc flu hosp,2026-05-30,quantile,0.8,15,Oregon,Ensemble
2026-05-16,41,2,wk inc flu hosp,2026-05-30,quantile,0.85,17,Oregon,Ensemble
2026-05-16,41,2,wk inc flu hosp,2026-05-30,quantile,0.9,22,Oregon,Ensemble
2026-05-16,41,2,wk inc flu hosp,2026-05-30,quantile,0.95,32,Oregon,Ensemble
2026-05-16,41,2,wk inc flu hosp,2026-05-30,quantile,0.975,44,Oregon,Ensemble
2026-05-16,41,2,wk inc flu hosp,2026-05-30,quantile,0.99,60,Oregon,Ensemble
2026-05-16,41,3,wk inc flu hosp,2026-06-06,quantile,0.01,0,Oregon,Ensemble
2026-05-16,41,3,wk inc flu hosp,2026-06-06,quantile,0.025,1,Oregon,Ensemble
2026-05-16,41,3,wk inc flu hosp,2026-06-06,quantile,0.05,1,Oregon,Ensemble
2026-05-16,41,3,wk inc flu hosp,2026-06-06,quantile,0.1,2,Oregon,Ensemble
2026-05-16,41,3,wk inc flu hosp,2026-06-06,quantile,0.15,3,Oregon,Ensemble
2026-05-16,41,3,wk inc flu hosp,2026-06-06,quantile,0.2,4,Oregon,Ensemble
2026-05-16,41,3,wk inc flu hosp,2026-06-06,quantile,0.25,4,Oregon,Ensemble
2026-05-16,41,3,wk inc flu hosp,2026-06-06,quantile,0.3,5,Oregon,Ensemble
2026-05-16,41,3,wk inc flu hosp,2026-06-06,quantile,0.35,5,Oregon,Ensemble
2026-05-16,41,3,wk inc flu hosp,2026-06-06,quantile,0.4,6,Oregon,Ensemble
2026-05-16,41,3,wk inc flu hosp,2026-06-06,quantile,0.45,6,Oregon,Ensemble
2026-05-16,41,3,wk inc flu hosp,2026-06-06,quantile,0.5,8,Oregon,Ensemble
2026-05-16,41,3,wk inc flu hosp,2026-06-06,quantile,0.55,9,Oregon,Ensemble
2026-05-16,41,3,wk inc flu hosp,2026-06-06,quantile,0.6,9,Oregon,Ensemble
2026-05-16,41,3,wk inc flu hosp,2026-06-06,quantile,0.65,10,Oregon,Ensemble
2026-05-16,41,3,wk inc flu hosp,2026-06-06,quantile,0.7,11,Oregon,Ensemble
2026-05-16,41,3,wk inc flu hosp,2026-06-06,quantile,0.75,12,Oregon,Ensemble
2026-05-16,41,3,wk inc flu hosp,2026-06-06,quantile,0.8,15,Oregon,Ensemble
2026-05-16,41,3,wk inc flu hosp,2026-06-06,quantile,0.85,18,Oregon,Ensemble
2026-05-16,41,3,wk inc flu hosp,2026-06-06,quantile,0.9,23,Oregon,Ensemble
2026-05-16,41,3,wk inc flu hosp,2026-06-06,quantile,0.95,35,Oregon,Ensemble
2026-05-16,41,3,wk inc flu hosp,2026-06-06,quantile,0.975,50,Oregon,Ensemble
2026-05-16,41,3,wk inc flu hosp,2026-06-06,quantile,0.99,65,Oregon,Ensemble
2026-05-16,42,0,wk inc flu hosp,2026-05-16,quantile,0.01,60,Pennsylvania,Ensemble
2026-05-16,42,0,wk inc flu hosp,2026-05-16,quantile,0.025,70,Pennsylvania,Ensemble
2026-05-16,42,0,wk inc flu hosp,2026-05-16,quantile,0.05,81,Pennsylvania,Ensemble
2026-05-16,42,0,wk inc flu hosp,2026-05-16,quantile,0.1,94,Pennsylvania,Ensemble
2026-05-16,42,0,wk inc flu hosp,2026-05-16,quantile,0.15,105,Pennsylvania,Ensemble
2026-05-16,42,0,wk inc flu hosp,2026-05-16,quantile,0.2,113,Pennsylvania,Ensemble
2026-05-16,42,0,wk inc flu hosp,2026-05-16,quantile,0.25,121,Pennsylvania,Ensemble
2026-05-16,42,0,wk inc flu hosp,2026-05-16,quantile,0.3,128,Pennsylvania,Ensemble
2026-05-16,42,0,wk inc flu hosp,2026-05-16,quantile,0.35,134,Pennsylvania,Ensemble
2026-05-16,42,0,wk inc flu hosp,2026-05-16,quantile,0.4,140,Pennsylvania,Ensemble
2026-05-16,42,0,wk inc flu hosp,2026-05-16,quantile,0.45,146,Pennsylvania,Ensemble
2026-05-16,42,0,wk inc flu hosp,2026-05-16,quantile,0.5,153,Pennsylvania,Ensemble
2026-05-16,42,0,wk inc flu hosp,2026-05-16,quantile,0.55,159,Pennsylvania,Ensemble
2026-05-16,42,0,wk inc flu hosp,2026-05-16,quantile,0.6,166,Pennsylvania,Ensemble
2026-05-16,42,0,wk inc flu hosp,2026-05-16,quantile,0.65,173,Pennsylvania,Ensemble
2026-05-16,42,0,wk inc flu hosp,2026-05-16,quantile,0.7,181,Pennsylvania,Ensemble
2026-05-16,42,0,wk inc flu hosp,2026-05-16,quantile,0.75,190,Pennsylvania,Ensemble
2026-05-16,42,0,wk inc flu hosp,2026-05-16,quantile,0.8,200,Pennsylvania,Ensemble
2026-05-16,42,0,wk inc flu hosp,2026-05-16,quantile,0.85,213,Pennsylvania,Ensemble
2026-05-16,42,0,wk inc flu hosp,2026-05-16,quantile,0.9,233,Pennsylvania,Ensemble
2026-05-16,42,0,wk inc flu hosp,2026-05-16,quantile,0.95,269,Pennsylvania,Ensemble
2026-05-16,42,0,wk inc flu hosp,2026-05-16,quantile,0.975,304,Pennsylvania,Ensemble
2026-05-16,42,0,wk inc flu hosp,2026-05-16,quantile,0.99,355,Pennsylvania,Ensemble
2026-05-16,42,1,wk inc flu hosp,2026-05-23,quantile,0.01,45,Pennsylvania,Ensemble
2026-05-16,42,1,wk inc flu hosp,2026-05-23,quantile,0.025,55,Pennsylvania,Ensemble
2026-05-16,42,1,wk inc flu hosp,2026-05-23,quantile,0.05,66,Pennsylvania,Ensemble
2026-05-16,42,1,wk inc flu hosp,2026-05-23,quantile,0.1,80,Pennsylvania,Ensemble
2026-05-16,42,1,wk inc flu hosp,2026-05-23,quantile,0.15,90,Pennsylvania,Ensemble
2026-05-16,42,1,wk inc flu hosp,2026-05-23,quantile,0.2,99,Pennsylvania,Ensemble
2026-05-16,42,1,wk inc flu hosp,2026-05-23,quantile,0.25,106,Pennsylvania,Ensemble
2026-05-16,42,1,wk inc flu hosp,2026-05-23,quantile,0.3,113,Pennsylvania,Ensemble
2026-05-16,42,1,wk inc flu hosp,2026-05-23,quantile,0.35,120,Pennsylvania,Ensemble
2026-05-16,42,1,wk inc flu hosp,2026-05-23,quantile,0.4,127,Pennsylvania,Ensemble
2026-05-16,42,1,wk inc flu hosp,2026-05-23,quantile,0.45,133,Pennsylvania,Ensemble
2026-05-16,42,1,wk inc flu hosp,2026-05-23,quantile,0.5,141,Pennsylvania,Ensemble
2026-05-16,42,1,wk inc flu hosp,2026-05-23,quantile,0.55,148,Pennsylvania,Ensemble
2026-05-16,42,1,wk inc flu hosp,2026-05-23,quantile,0.6,155,Pennsylvania,Ensemble
2026-05-16,42,1,wk inc flu hosp,2026-05-23,quantile,0.65,162,Pennsylvania,Ensemble
2026-05-16,42,1,wk inc flu hosp,2026-05-23,quantile,0.7,170,Pennsylvania,Ensemble
2026-05-16,42,1,wk inc flu hosp,2026-05-23,quantile,0.75,179,Pennsylvania,Ensemble
2026-05-16,42,1,wk inc flu hosp,2026-05-23,quantile,0.8,191,Pennsylvania,Ensemble
2026-05-16,42,1,wk inc flu hosp,2026-05-23,quantile,0.85,205,Pennsylvania,Ensemble
2026-05-16,42,1,wk inc flu hosp,2026-05-23,quantile,0.9,228,Pennsylvania,Ensemble
2026-05-16,42,1,wk inc flu hosp,2026-05-23,quantile,0.95,269,Pennsylvania,Ensemble
2026-05-16,42,1,wk inc flu hosp,2026-05-23,quantile,0.975,313,Pennsylvania,Ensemble
2026-05-16,42,1,wk inc flu hosp,2026-05-23,quantile,0.99,375,Pennsylvania,Ensemble
2026-05-16,42,2,wk inc flu hosp,2026-05-30,quantile,0.01,38,Pennsylvania,Ensemble
2026-05-16,42,2,wk inc flu hosp,2026-05-30,quantile,0.025,44,Pennsylvania,Ensemble
2026-05-16,42,2,wk inc flu hosp,2026-05-30,quantile,0.05,54,Pennsylvania,Ensemble
2026-05-16,42,2,wk inc flu hosp,2026-05-30,quantile,0.1,68,Pennsylvania,Ensemble
2026-05-16,42,2,wk inc flu hosp,2026-05-30,quantile,0.15,79,Pennsylvania,Ensemble
2026-05-16,42,2,wk inc flu hosp,2026-05-30,quantile,0.2,87,Pennsylvania,Ensemble
2026-05-16,42,2,wk inc flu hosp,2026-05-30,quantile,0.25,95,Pennsylvania,Ensemble
2026-05-16,42,2,wk inc flu hosp,2026-05-30,quantile,0.3,101,Pennsylvania,Ensemble
2026-05-16,42,2,wk inc flu hosp,2026-05-30,quantile,0.35,107,Pennsylvania,Ensemble
2026-05-16,42,2,wk inc flu hosp,2026-05-30,quantile,0.4,114,Pennsylvania,Ensemble
2026-05-16,42,2,wk inc flu hosp,2026-05-30,quantile,0.45,120,Pennsylvania,Ensemble
2026-05-16,42,2,wk inc flu hosp,2026-05-30,quantile,0.5,128,Pennsylvania,Ensemble
2026-05-16,42,2,wk inc flu hosp,2026-05-30,quantile,0.55,136,Pennsylvania,Ensemble
2026-05-16,42,2,wk inc flu hosp,2026-05-30,quantile,0.6,143,Pennsylvania,Ensemble
2026-05-16,42,2,wk inc flu hosp,2026-05-30,quantile,0.65,151,Pennsylvania,Ensemble
2026-05-16,42,2,wk inc flu hosp,2026-05-30,quantile,0.7,160,Pennsylvania,Ensemble
2026-05-16,42,2,wk inc flu hosp,2026-05-30,quantile,0.75,170,Pennsylvania,Ensemble
2026-05-16,42,2,wk inc flu hosp,2026-05-30,quantile,0.8,182,Pennsylvania,Ensemble
2026-05-16,42,2,wk inc flu hosp,2026-05-30,quantile,0.85,198,Pennsylvania,Ensemble
2026-05-16,42,2,wk inc flu hosp,2026-05-30,quantile,0.9,227,Pennsylvania,Ensemble
2026-05-16,42,2,wk inc flu hosp,2026-05-30,quantile,0.95,276,Pennsylvania,Ensemble
2026-05-16,42,2,wk inc flu hosp,2026-05-30,quantile,0.975,330,Pennsylvania,Ensemble
2026-05-16,42,2,wk inc flu hosp,2026-05-30,quantile,0.99,408,Pennsylvania,Ensemble
2026-05-16,42,3,wk inc flu hosp,2026-06-06,quantile,0.01,35,Pennsylvania,Ensemble
2026-05-16,42,3,wk inc flu hosp,2026-06-06,quantile,0.025,40,Pennsylvania,Ensemble
2026-05-16,42,3,wk inc flu hosp,2026-06-06,quantile,0.05,48,Pennsylvania,Ensemble
2026-05-16,42,3,wk inc flu hosp,2026-06-06,quantile,0.1,62,Pennsylvania,Ensemble
2026-05-16,42,3,wk inc flu hosp,2026-06-06,quantile,0.15,72,Pennsylvania,Ensemble
2026-05-16,42,3,wk inc flu hosp,2026-06-06,quantile,0.2,81,Pennsylvania,Ensemble
2026-05-16,42,3,wk inc flu hosp,2026-06-06,quantile,0.25,88,Pennsylvania,Ensemble
2026-05-16,42,3,wk inc flu hosp,2026-06-06,quantile,0.3,95,Pennsylvania,Ensemble
2026-05-16,42,3,wk inc flu hosp,2026-06-06,quantile,0.35,101,Pennsylvania,Ensemble
2026-05-16,42,3,wk inc flu hosp,2026-06-06,quantile,0.4,107,Pennsylvania,Ensemble
2026-05-16,42,3,wk inc flu hosp,2026-06-06,quantile,0.45,114,Pennsylvania,Ensemble
2026-05-16,42,3,wk inc flu hosp,2026-06-06,quantile,0.5,122,Pennsylvania,Ensemble
2026-05-16,42,3,wk inc flu hosp,2026-06-06,quantile,0.55,129,Pennsylvania,Ensemble
2026-05-16,42,3,wk inc flu hosp,2026-06-06,quantile,0.6,137,Pennsylvania,Ensemble
2026-05-16,42,3,wk inc flu hosp,2026-06-06,quantile,0.65,145,Pennsylvania,Ensemble
2026-05-16,42,3,wk inc flu hosp,2026-06-06,quantile,0.7,154,Pennsylvania,Ensemble
2026-05-16,42,3,wk inc flu hosp,2026-06-06,quantile,0.75,165,Pennsylvania,Ensemble
2026-05-16,42,3,wk inc flu hosp,2026-06-06,quantile,0.8,179,Pennsylvania,Ensemble
2026-05-16,42,3,wk inc flu hosp,2026-06-06,quantile,0.85,197,Pennsylvania,Ensemble
2026-05-16,42,3,wk inc flu hosp,2026-06-06,quantile,0.9,226,Pennsylvania,Ensemble
2026-05-16,42,3,wk inc flu hosp,2026-06-06,quantile,0.95,282,Pennsylvania,Ensemble
2026-05-16,42,3,wk inc flu hosp,2026-06-06,quantile,0.975,348,Pennsylvania,Ensemble
2026-05-16,42,3,wk inc flu hosp,2026-06-06,quantile,0.99,451,Pennsylvania,Ensemble
2026-05-16,44,0,wk inc flu hosp,2026-05-16,quantile,0.01,0,Rhode Island,Ensemble
2026-05-16,44,0,wk inc flu hosp,2026-05-16,quantile,0.025,0,Rhode Island,Ensemble
2026-05-16,44,0,wk inc flu hosp,2026-05-16,quantile,0.05,0,Rhode Island,Ensemble
2026-05-16,44,0,wk inc flu hosp,2026-05-16,quantile,0.1,1,Rhode Island,Ensemble
2026-05-16,44,0,wk inc flu hosp,2026-05-16,quantile,0.15,1,Rhode Island,Ensemble
2026-05-16,44,0,wk inc flu hosp,2026-05-16,quantile,0.2,1,Rhode Island,Ensemble
2026-05-16,44,0,wk inc flu hosp,2026-05-16,quantile,0.25,1,Rhode Island,Ensemble
2026-05-16,44,0,wk inc flu hosp,2026-05-16,quantile,0.3,2,Rhode Island,Ensemble
2026-05-16,44,0,wk inc flu hosp,2026-05-16,quantile,0.35,2,Rhode Island,Ensemble
2026-05-16,44,0,wk inc flu hosp,2026-05-16,quantile,0.4,2,Rhode Island,Ensemble
2026-05-16,44,0,wk inc flu hosp,2026-05-16,quantile,0.45,2,Rhode Island,Ensemble
2026-05-16,44,0,wk inc flu hosp,2026-05-16,quantile,0.5,4,Rhode Island,Ensemble
2026-05-16,44,0,wk inc flu hosp,2026-05-16,quantile,0.55,4,Rhode Island,Ensemble
2026-05-16,44,0,wk inc flu hosp,2026-05-16,quantile,0.6,4,Rhode Island,Ensemble
2026-05-16,44,0,wk inc flu hosp,2026-05-16,quantile,0.65,5,Rhode Island,Ensemble
2026-05-16,44,0,wk inc flu hosp,2026-05-16,quantile,0.7,5,Rhode Island,Ensemble
2026-05-16,44,0,wk inc flu hosp,2026-05-16,quantile,0.75,5,Rhode Island,Ensemble
2026-05-16,44,0,wk inc flu hosp,2026-05-16,quantile,0.8,6,Rhode Island,Ensemble
2026-05-16,44,0,wk inc flu hosp,2026-05-16,quantile,0.85,7,Rhode Island,Ensemble
2026-05-16,44,0,wk inc flu hosp,2026-05-16,quantile,0.9,8,Rhode Island,Ensemble
2026-05-16,44,0,wk inc flu hosp,2026-05-16,quantile,0.95,10,Rhode Island,Ensemble
2026-05-16,44,0,wk inc flu hosp,2026-05-16,quantile,0.975,13,Rhode Island,Ensemble
2026-05-16,44,0,wk inc flu hosp,2026-05-16,quantile,0.99,16,Rhode Island,Ensemble
2026-05-16,44,1,wk inc flu hosp,2026-05-23,quantile,0.01,0,Rhode Island,Ensemble
2026-05-16,44,1,wk inc flu hosp,2026-05-23,quantile,0.025,0,Rhode Island,Ensemble
2026-05-16,44,1,wk inc flu hosp,2026-05-23,quantile,0.05,0,Rhode Island,Ensemble
2026-05-16,44,1,wk inc flu hosp,2026-05-23,quantile,0.1,0,Rhode Island,Ensemble
2026-05-16,44,1,wk inc flu hosp,2026-05-23,quantile,0.15,1,Rhode Island,Ensemble
2026-05-16,44,1,wk inc flu hosp,2026-05-23,quantile,0.2,1,Rhode Island,Ensemble
2026-05-16,44,1,wk inc flu hosp,2026-05-23,quantile,0.25,1,Rhode Island,Ensemble
2026-05-16,44,1,wk inc flu hosp,2026-05-23,quantile,0.3,1,Rhode Island,Ensemble
2026-05-16,44,1,wk inc flu hosp,2026-05-23,quantile,0.35,2,Rhode Island,Ensemble
2026-05-16,44,1,wk inc flu hosp,2026-05-23,quantile,0.4,2,Rhode Island,Ensemble
2026-05-16,44,1,wk inc flu hosp,2026-05-23,quantile,0.45,2,Rhode Island,Ensemble
2026-05-16,44,1,wk inc flu hosp,2026-05-23,quantile,0.5,3,Rhode Island,Ensemble
2026-05-16,44,1,wk inc flu hosp,2026-05-23,quantile,0.55,4,Rhode Island,Ensemble
2026-05-16,44,1,wk inc flu hosp,2026-05-23,quantile,0.6,4,Rhode Island,Ensemble
2026-05-16,44,1,wk inc flu hosp,2026-05-23,quantile,0.65,4,Rhode Island,Ensemble
2026-05-16,44,1,wk inc flu hosp,2026-05-23,quantile,0.7,5,Rhode Island,Ensemble
2026-05-16,44,1,wk inc flu hosp,2026-05-23,quantile,0.75,5,Rhode Island,Ensemble
2026-05-16,44,1,wk inc flu hosp,2026-05-23,quantile,0.8,6,Rhode Island,Ensemble
2026-05-16,44,1,wk inc flu hosp,2026-05-23,quantile,0.85,7,Rhode Island,Ensemble
2026-05-16,44,1,wk inc flu hosp,2026-05-23,quantile,0.9,8,Rhode Island,Ensemble
2026-05-16,44,1,wk inc flu hosp,2026-05-23,quantile,0.95,11,Rhode Island,Ensemble
2026-05-16,44,1,wk inc flu hosp,2026-05-23,quantile,0.975,14,Rhode Island,Ensemble
2026-05-16,44,1,wk inc flu hosp,2026-05-23,quantile,0.99,19,Rhode Island,Ensemble
2026-05-16,44,2,wk inc flu hosp,2026-05-30,quantile,0.01,0,Rhode Island,Ensemble
2026-05-16,44,2,wk inc flu hosp,2026-05-30,quantile,0.025,0,Rhode Island,Ensemble
2026-05-16,44,2,wk inc flu hosp,2026-05-30,quantile,0.05,0,Rhode Island,Ensemble
2026-05-16,44,2,wk inc flu hosp,2026-05-30,quantile,0.1,0,Rhode Island,Ensemble
2026-05-16,44,2,wk inc flu hosp,2026-05-30,quantile,0.15,0,Rhode Island,Ensemble
2026-05-16,44,2,wk inc flu hosp,2026-05-30,quantile,0.2,1,Rhode Island,Ensemble
2026-05-16,44,2,wk inc flu hosp,2026-05-30,quantile,0.25,1,Rhode Island,Ensemble
2026-05-16,44,2,wk inc flu hosp,2026-05-30,quantile,0.3,1,Rhode Island,Ensemble
2026-05-16,44,2,wk inc flu hosp,2026-05-30,quantile,0.35,1,Rhode Island,Ensemble
2026-05-16,44,2,wk inc flu hosp,2026-05-30,quantile,0.4,1,Rhode Island,Ensemble
2026-05-16,44,2,wk inc flu hosp,2026-05-30,quantile,0.45,1,Rhode Island,Ensemble
2026-05-16,44,2,wk inc flu hosp,2026-05-30,quantile,0.5,3,Rhode Island,Ensemble
2026-05-16,44,2,wk inc flu hosp,2026-05-30,quantile,0.55,3,Rhode Island,Ensemble
2026-05-16,44,2,wk inc flu hosp,2026-05-30,quantile,0.6,3,Rhode Island,Ensemble
2026-05-16,44,2,wk inc flu hosp,2026-05-30,quantile,0.65,4,Rhode Island,Ensemble
2026-05-16,44,2,wk inc flu hosp,2026-05-30,quantile,0.7,4,Rhode Island,Ensemble
2026-05-16,44,2,wk inc flu hosp,2026-05-30,quantile,0.75,5,Rhode Island,Ensemble
2026-05-16,44,2,wk inc flu hosp,2026-05-30,quantile,0.8,6,Rhode Island,Ensemble
2026-05-16,44,2,wk inc flu hosp,2026-05-30,quantile,0.85,7,Rhode Island,Ensemble
2026-05-16,44,2,wk inc flu hosp,2026-05-30,quantile,0.9,9,Rhode Island,Ensemble
2026-05-16,44,2,wk inc flu hosp,2026-05-30,quantile,0.95,13,Rhode Island,Ensemble
2026-05-16,44,2,wk inc flu hosp,2026-05-30,quantile,0.975,17,Rhode Island,Ensemble
2026-05-16,44,2,wk inc flu hosp,2026-05-30,quantile,0.99,23,Rhode Island,Ensemble
2026-05-16,44,3,wk inc flu hosp,2026-06-06,quantile,0.01,0,Rhode Island,Ensemble
2026-05-16,44,3,wk inc flu hosp,2026-06-06,quantile,0.025,0,Rhode Island,Ensemble
2026-05-16,44,3,wk inc flu hosp,2026-06-06,quantile,0.05,0,Rhode Island,Ensemble
2026-05-16,44,3,wk inc flu hosp,2026-06-06,quantile,0.1,0,Rhode Island,Ensemble
2026-05-16,44,3,wk inc flu hosp,2026-06-06,quantile,0.15,0,Rhode Island,Ensemble
2026-05-16,44,3,wk inc flu hosp,2026-06-06,quantile,0.2,0,Rhode Island,Ensemble
2026-05-16,44,3,wk inc flu hosp,2026-06-06,quantile,0.25,1,Rhode Island,Ensemble
2026-05-16,44,3,wk inc flu hosp,2026-06-06,quantile,0.3,1,Rhode Island,Ensemble
2026-05-16,44,3,wk inc flu hosp,2026-06-06,quantile,0.35,1,Rhode Island,Ensemble
2026-05-16,44,3,wk inc flu hosp,2026-06-06,quantile,0.4,1,Rhode Island,Ensemble
2026-05-16,44,3,wk inc flu hosp,2026-06-06,quantile,0.45,1,Rhode Island,Ensemble
2026-05-16,44,3,wk inc flu hosp,2026-06-06,quantile,0.5,3,Rhode Island,Ensemble
2026-05-16,44,3,wk inc flu hosp,2026-06-06,quantile,0.55,3,Rhode Island,Ensemble
2026-05-16,44,3,wk inc flu hosp,2026-06-06,quantile,0.6,3,Rhode Island,Ensemble
2026-05-16,44,3,wk inc flu hosp,2026-06-06,quantile,0.65,4,Rhode Island,Ensemble
2026-05-16,44,3,wk inc flu hosp,2026-06-06,quantile,0.7,4,Rhode Island,Ensemble
2026-05-16,44,3,wk inc flu hosp,2026-06-06,quantile,0.75,5,Rhode Island,Ensemble
2026-05-16,44,3,wk inc flu hosp,2026-06-06,quantile,0.8,6,Rhode Island,Ensemble
2026-05-16,44,3,wk inc flu hosp,2026-06-06,quantile,0.85,7,Rhode Island,Ensemble
2026-05-16,44,3,wk inc flu hosp,2026-06-06,quantile,0.9,10,Rhode Island,Ensemble
2026-05-16,44,3,wk inc flu hosp,2026-06-06,quantile,0.95,14,Rhode Island,Ensemble
2026-05-16,44,3,wk inc flu hosp,2026-06-06,quantile,0.975,19,Rhode Island,Ensemble
2026-05-16,44,3,wk inc flu hosp,2026-06-06,quantile,0.99,26,Rhode Island,Ensemble
2026-05-16,45,0,wk inc flu hosp,2026-05-16,quantile,0.01,1,South Carolina,Ensemble
2026-05-16,45,0,wk inc flu hosp,2026-05-16,quantile,0.025,1,South Carolina,Ensemble
2026-05-16,45,0,wk inc flu hosp,2026-05-16,quantile,0.05,2,South Carolina,Ensemble
2026-05-16,45,0,wk inc flu hosp,2026-05-16,quantile,0.1,3,South Carolina,Ensemble
2026-05-16,45,0,wk inc flu hosp,2026-05-16,quantile,0.15,3,South Carolina,Ensemble
2026-05-16,45,0,wk inc flu hosp,2026-05-16,quantile,0.2,4,South Carolina,Ensemble
2026-05-16,45,0,wk inc flu hosp,2026-05-16,quantile,0.25,5,South Carolina,Ensemble
2026-05-16,45,0,wk inc flu hosp,2026-05-16,quantile,0.3,5,South Carolina,Ensemble
2026-05-16,45,0,wk inc flu hosp,2026-05-16,quantile,0.35,6,South Carolina,Ensemble
2026-05-16,45,0,wk inc flu hosp,2026-05-16,quantile,0.4,7,South Carolina,Ensemble
2026-05-16,45,0,wk inc flu hosp,2026-05-16,quantile,0.45,7,South Carolina,Ensemble
2026-05-16,45,0,wk inc flu hosp,2026-05-16,quantile,0.5,9,South Carolina,Ensemble
2026-05-16,45,0,wk inc flu hosp,2026-05-16,quantile,0.55,10,South Carolina,Ensemble
2026-05-16,45,0,wk inc flu hosp,2026-05-16,quantile,0.6,10,South Carolina,Ensemble
2026-05-16,45,0,wk inc flu hosp,2026-05-16,quantile,0.65,11,South Carolina,Ensemble
2026-05-16,45,0,wk inc flu hosp,2026-05-16,quantile,0.7,12,South Carolina,Ensemble
2026-05-16,45,0,wk inc flu hosp,2026-05-16,quantile,0.75,13,South Carolina,Ensemble
2026-05-16,45,0,wk inc flu hosp,2026-05-16,quantile,0.8,14,South Carolina,Ensemble
2026-05-16,45,0,wk inc flu hosp,2026-05-16,quantile,0.85,15,South Carolina,Ensemble
2026-05-16,45,0,wk inc flu hosp,2026-05-16,quantile,0.9,18,South Carolina,Ensemble
2026-05-16,45,0,wk inc flu hosp,2026-05-16,quantile,0.95,23,South Carolina,Ensemble
2026-05-16,45,0,wk inc flu hosp,2026-05-16,quantile,0.975,31,South Carolina,Ensemble
2026-05-16,45,0,wk inc flu hosp,2026-05-16,quantile,0.99,43,South Carolina,Ensemble
2026-05-16,45,1,wk inc flu hosp,2026-05-23,quantile,0.01,1,South Carolina,Ensemble
2026-05-16,45,1,wk inc flu hosp,2026-05-23,quantile,0.025,1,South Carolina,Ensemble
2026-05-16,45,1,wk inc flu hosp,2026-05-23,quantile,0.05,2,South Carolina,Ensemble
2026-05-16,45,1,wk inc flu hosp,2026-05-23,quantile,0.1,2,South Carolina,Ensemble
2026-05-16,45,1,wk inc flu hosp,2026-05-23,quantile,0.15,3,South Carolina,Ensemble
2026-05-16,45,1,wk inc flu hosp,2026-05-23,quantile,0.2,4,South Carolina,Ensemble
2026-05-16,45,1,wk inc flu hosp,2026-05-23,quantile,0.25,4,South Carolina,Ensemble
2026-05-16,45,1,wk inc flu hosp,2026-05-23,quantile,0.3,5,South Carolina,Ensemble
2026-05-16,45,1,wk inc flu hosp,2026-05-23,quantile,0.35,6,South Carolina,Ensemble
2026-05-16,45,1,wk inc flu hosp,2026-05-23,quantile,0.4,7,South Carolina,Ensemble
2026-05-16,45,1,wk inc flu hosp,2026-05-23,quantile,0.45,7,South Carolina,Ensemble
2026-05-16,45,1,wk inc flu hosp,2026-05-23,quantile,0.5,9,South Carolina,Ensemble
2026-05-16,45,1,wk inc flu hosp,2026-05-23,quantile,0.55,9,South Carolina,Ensemble
2026-05-16,45,1,wk inc flu hosp,2026-05-23,quantile,0.6,10,South Carolina,Ensemble
2026-05-16,45,1,wk inc flu hosp,2026-05-23,quantile,0.65,11,South Carolina,Ensemble
2026-05-16,45,1,wk inc flu hosp,2026-05-23,quantile,0.7,12,South Carolina,Ensemble
2026-05-16,45,1,wk inc flu hosp,2026-05-23,quantile,0.75,13,South Carolina,Ensemble
2026-05-16,45,1,wk inc flu hosp,2026-05-23,quantile,0.8,15,South Carolina,Ensemble
2026-05-16,45,1,wk inc flu hosp,2026-05-23,quantile,0.85,18,South Carolina,Ensemble
2026-05-16,45,1,wk inc flu hosp,2026-05-23,quantile,0.9,22,South Carolina,Ensemble
2026-05-16,45,1,wk inc flu hosp,2026-05-23,quantile,0.95,32,South Carolina,Ensemble
2026-05-16,45,1,wk inc flu hosp,2026-05-23,quantile,0.975,45,South Carolina,Ensemble
2026-05-16,45,1,wk inc flu hosp,2026-05-23,quantile,0.99,59,South Carolina,Ensemble
2026-05-16,45,2,wk inc flu hosp,2026-05-30,quantile,0.01,1,South Carolina,Ensemble
2026-05-16,45,2,wk inc flu hosp,2026-05-30,quantile,0.025,1,South Carolina,Ensemble
2026-05-16,45,2,wk inc flu hosp,2026-05-30,quantile,0.05,2,South Carolina,Ensemble
2026-05-16,45,2,wk inc flu hosp,2026-05-30,quantile,0.1,2,South Carolina,Ensemble
2026-05-16,45,2,wk inc flu hosp,2026-05-30,quantile,0.15,3,South Carolina,Ensemble
2026-05-16,45,2,wk inc flu hosp,2026-05-30,quantile,0.2,4,South Carolina,Ensemble
2026-05-16,45,2,wk inc flu hosp,2026-05-30,quantile,0.25,4,South Carolina,Ensemble
2026-05-16,45,2,wk inc flu hosp,2026-05-30,quantile,0.3,5,South Carolina,Ensemble
2026-05-16,45,2,wk inc flu hosp,2026-05-30,quantile,0.35,5,South Carolina,Ensemble
2026-05-16,45,2,wk inc flu hosp,2026-05-30,quantile,0.4,6,South Carolina,Ensemble
2026-05-16,45,2,wk inc flu hosp,2026-05-30,quantile,0.45,7,South Carolina,Ensemble
2026-05-16,45,2,wk inc flu hosp,2026-05-30,quantile,0.5,8,South Carolina,Ensemble
2026-05-16,45,2,wk inc flu hosp,2026-05-30,quantile,0.55,9,South Carolina,Ensemble
2026-05-16,45,2,wk inc flu hosp,2026-05-30,quantile,0.6,10,South Carolina,Ensemble
2026-05-16,45,2,wk inc flu hosp,2026-05-30,quantile,0.65,10,South Carolina,Ensemble
2026-05-16,45,2,wk inc flu hosp,2026-05-30,quantile,0.7,12,South Carolina,Ensemble
2026-05-16,45,2,wk inc flu hosp,2026-05-30,quantile,0.75,13,South Carolina,Ensemble
2026-05-16,45,2,wk inc flu hosp,2026-05-30,quantile,0.8,15,South Carolina,Ensemble
2026-05-16,45,2,wk inc flu hosp,2026-05-30,quantile,0.85,19,South Carolina,Ensemble
2026-05-16,45,2,wk inc flu hosp,2026-05-30,quantile,0.9,25,South Carolina,Ensemble
2026-05-16,45,2,wk inc flu hosp,2026-05-30,quantile,0.95,37,South Carolina,Ensemble
2026-05-16,45,2,wk inc flu hosp,2026-05-30,quantile,0.975,55,South Carolina,Ensemble
2026-05-16,45,2,wk inc flu hosp,2026-05-30,quantile,0.99,76,South Carolina,Ensemble
2026-05-16,45,3,wk inc flu hosp,2026-06-06,quantile,0.01,1,South Carolina,Ensemble
2026-05-16,45,3,wk inc flu hosp,2026-06-06,quantile,0.025,1,South Carolina,Ensemble
2026-05-16,45,3,wk inc flu hosp,2026-06-06,quantile,0.05,2,South Carolina,Ensemble
2026-05-16,45,3,wk inc flu hosp,2026-06-06,quantile,0.1,2,South Carolina,Ensemble
2026-05-16,45,3,wk inc flu hosp,2026-06-06,quantile,0.15,3,South Carolina,Ensemble
2026-05-16,45,3,wk inc flu hosp,2026-06-06,quantile,0.2,4,South Carolina,Ensemble
2026-05-16,45,3,wk inc flu hosp,2026-06-06,quantile,0.25,4,South Carolina,Ensemble
2026-05-16,45,3,wk inc flu hosp,2026-06-06,quantile,0.3,5,South Carolina,Ensemble
2026-05-16,45,3,wk inc flu hosp,2026-06-06,quantile,0.35,6,South Carolina,Ensemble
2026-05-16,45,3,wk inc flu hosp,2026-06-06,quantile,0.4,6,South Carolina,Ensemble
2026-05-16,45,3,wk inc flu hosp,2026-06-06,quantile,0.45,7,South Carolina,Ensemble
2026-05-16,45,3,wk inc flu hosp,2026-06-06,quantile,0.5,8,South Carolina,Ensemble
2026-05-16,45,3,wk inc flu hosp,2026-06-06,quantile,0.55,9,South Carolina,Ensemble
2026-05-16,45,3,wk inc flu hosp,2026-06-06,quantile,0.6,10,South Carolina,Ensemble
2026-05-16,45,3,wk inc flu hosp,2026-06-06,quantile,0.65,11,South Carolina,Ensemble
2026-05-16,45,3,wk inc flu hosp,2026-06-06,quantile,0.7,12,South Carolina,Ensemble
2026-05-16,45,3,wk inc flu hosp,2026-06-06,quantile,0.75,14,South Carolina,Ensemble
2026-05-16,45,3,wk inc flu hosp,2026-06-06,quantile,0.8,17,South Carolina,Ensemble
2026-05-16,45,3,wk inc flu hosp,2026-06-06,quantile,0.85,21,South Carolina,Ensemble
2026-05-16,45,3,wk inc flu hosp,2026-06-06,quantile,0.9,28,South Carolina,Ensemble
2026-05-16,45,3,wk inc flu hosp,2026-06-06,quantile,0.95,47,South Carolina,Ensemble
2026-05-16,45,3,wk inc flu hosp,2026-06-06,quantile,0.975,66,South Carolina,Ensemble
2026-05-16,45,3,wk inc flu hosp,2026-06-06,quantile,0.99,92,South Carolina,Ensemble
2026-05-16,46,0,wk inc flu hosp,2026-05-16,quantile,0.01,0,South Dakota,Ensemble
2026-05-16,46,0,wk inc flu hosp,2026-05-16,quantile,0.025,0,South Dakota,Ensemble
2026-05-16,46,0,wk inc flu hosp,2026-05-16,quantile,0.05,0,South Dakota,Ensemble
2026-05-16,46,0,wk inc flu hosp,2026-05-16,quantile,0.1,1,South Dakota,Ensemble
2026-05-16,46,0,wk inc flu hosp,2026-05-16,quantile,0.15,1,South Dakota,Ensemble
2026-05-16,46,0,wk inc flu hosp,2026-05-16,quantile,0.2,2,South Dakota,Ensemble
2026-05-16,46,0,wk inc flu hosp,2026-05-16,quantile,0.25,2,South Dakota,Ensemble
2026-05-16,46,0,wk inc flu hosp,2026-05-16,quantile,0.3,2,South Dakota,Ensemble
2026-05-16,46,0,wk inc flu hosp,2026-05-16,quantile,0.35,3,South Dakota,Ensemble
2026-05-16,46,0,wk inc flu hosp,2026-05-16,quantile,0.4,3,South Dakota,Ensemble
2026-05-16,46,0,wk inc flu hosp,2026-05-16,quantile,0.45,3,South Dakota,Ensemble
2026-05-16,46,0,wk inc flu hosp,2026-05-16,quantile,0.5,4,South Dakota,Ensemble
2026-05-16,46,0,wk inc flu hosp,2026-05-16,quantile,0.55,5,South Dakota,Ensemble
2026-05-16,46,0,wk inc flu hosp,2026-05-16,quantile,0.6,5,South Dakota,Ensemble
2026-05-16,46,0,wk inc flu hosp,2026-05-16,quantile,0.65,5,South Dakota,Ensemble
2026-05-16,46,0,wk inc flu hosp,2026-05-16,quantile,0.7,6,South Dakota,Ensemble
2026-05-16,46,0,wk inc flu hosp,2026-05-16,quantile,0.75,6,South Dakota,Ensemble
2026-05-16,46,0,wk inc flu hosp,2026-05-16,quantile,0.8,7,South Dakota,Ensemble
2026-05-16,46,0,wk inc flu hosp,2026-05-16,quantile,0.85,7,South Dakota,Ensemble
2026-05-16,46,0,wk inc flu hosp,2026-05-16,quantile,0.9,8,South Dakota,Ensemble
2026-05-16,46,0,wk inc flu hosp,2026-05-16,quantile,0.95,10,South Dakota,Ensemble
2026-05-16,46,0,wk inc flu hosp,2026-05-16,quantile,0.975,12,South Dakota,Ensemble
2026-05-16,46,0,wk inc flu hosp,2026-05-16,quantile,0.99,16,South Dakota,Ensemble
2026-05-16,46,1,wk inc flu hosp,2026-05-23,quantile,0.01,0,South Dakota,Ensemble
2026-05-16,46,1,wk inc flu hosp,2026-05-23,quantile,0.025,0,South Dakota,Ensemble
2026-05-16,46,1,wk inc flu hosp,2026-05-23,quantile,0.05,0,South Dakota,Ensemble
2026-05-16,46,1,wk inc flu hosp,2026-05-23,quantile,0.1,1,South Dakota,Ensemble
2026-05-16,46,1,wk inc flu hosp,2026-05-23,quantile,0.15,1,South Dakota,Ensemble
2026-05-16,46,1,wk inc flu hosp,2026-05-23,quantile,0.2,1,South Dakota,Ensemble
2026-05-16,46,1,wk inc flu hosp,2026-05-23,quantile,0.25,2,South Dakota,Ensemble
2026-05-16,46,1,wk inc flu hosp,2026-05-23,quantile,0.3,2,South Dakota,Ensemble
2026-05-16,46,1,wk inc flu hosp,2026-05-23,quantile,0.35,2,South Dakota,Ensemble
2026-05-16,46,1,wk inc flu hosp,2026-05-23,quantile,0.4,2,South Dakota,Ensemble
2026-05-16,46,1,wk inc flu hosp,2026-05-23,quantile,0.45,3,South Dakota,Ensemble
2026-05-16,46,1,wk inc flu hosp,2026-05-23,quantile,0.5,4,South Dakota,Ensemble
2026-05-16,46,1,wk inc flu hosp,2026-05-23,quantile,0.55,4,South Dakota,Ensemble
2026-05-16,46,1,wk inc flu hosp,2026-05-23,quantile,0.6,4,South Dakota,Ensemble
2026-05-16,46,1,wk inc flu hosp,2026-05-23,quantile,0.65,5,South Dakota,Ensemble
2026-05-16,46,1,wk inc flu hosp,2026-05-23,quantile,0.7,5,South Dakota,Ensemble
2026-05-16,46,1,wk inc flu hosp,2026-05-23,quantile,0.75,6,South Dakota,Ensemble
2026-05-16,46,1,wk inc flu hosp,2026-05-23,quantile,0.8,6,South Dakota,Ensemble
2026-05-16,46,1,wk inc flu hosp,2026-05-23,quantile,0.85,7,South Dakota,Ensemble
2026-05-16,46,1,wk inc flu hosp,2026-05-23,quantile,0.9,8,South Dakota,Ensemble
2026-05-16,46,1,wk inc flu hosp,2026-05-23,quantile,0.95,10,South Dakota,Ensemble
2026-05-16,46,1,wk inc flu hosp,2026-05-23,quantile,0.975,12,South Dakota,Ensemble
2026-05-16,46,1,wk inc flu hosp,2026-05-23,quantile,0.99,16,South Dakota,Ensemble
2026-05-16,46,2,wk inc flu hosp,2026-05-30,quantile,0.01,0,South Dakota,Ensemble
2026-05-16,46,2,wk inc flu hosp,2026-05-30,quantile,0.025,0,South Dakota,Ensemble
2026-05-16,46,2,wk inc flu hosp,2026-05-30,quantile,0.05,0,South Dakota,Ensemble
2026-05-16,46,2,wk inc flu hosp,2026-05-30,quantile,0.1,0,South Dakota,Ensemble
2026-05-16,46,2,wk inc flu hosp,2026-05-30,quantile,0.15,1,South Dakota,Ensemble
2026-05-16,46,2,wk inc flu hosp,2026-05-30,quantile,0.2,1,South Dakota,Ensemble
2026-05-16,46,2,wk inc flu hosp,2026-05-30,quantile,0.25,1,South Dakota,Ensemble
2026-05-16,46,2,wk inc flu hosp,2026-05-30,quantile,0.3,2,South Dakota,Ensemble
2026-05-16,46,2,wk inc flu hosp,2026-05-30,quantile,0.35,2,South Dakota,Ensemble
2026-05-16,46,2,wk inc flu hosp,2026-05-30,quantile,0.4,2,South Dakota,Ensemble
2026-05-16,46,2,wk inc flu hosp,2026-05-30,quantile,0.45,2,South Dakota,Ensemble
2026-05-16,46,2,wk inc flu hosp,2026-05-30,quantile,0.5,3,South Dakota,Ensemble
2026-05-16,46,2,wk inc flu hosp,2026-05-30,quantile,0.55,4,South Dakota,Ensemble
2026-05-16,46,2,wk inc flu hosp,2026-05-30,quantile,0.6,4,South Dakota,Ensemble
2026-05-16,46,2,wk inc flu hosp,2026-05-30,quantile,0.65,4,South Dakota,Ensemble
2026-05-16,46,2,wk inc flu hosp,2026-05-30,quantile,0.7,5,South Dakota,Ensemble
2026-05-16,46,2,wk inc flu hosp,2026-05-30,quantile,0.75,5,South Dakota,Ensemble
2026-05-16,46,2,wk inc flu hosp,2026-05-30,quantile,0.8,6,South Dakota,Ensemble
2026-05-16,46,2,wk inc flu hosp,2026-05-30,quantile,0.85,6,South Dakota,Ensemble
2026-05-16,46,2,wk inc flu hosp,2026-05-30,quantile,0.9,8,South Dakota,Ensemble
2026-05-16,46,2,wk inc flu hosp,2026-05-30,quantile,0.95,10,South Dakota,Ensemble
2026-05-16,46,2,wk inc flu hosp,2026-05-30,quantile,0.975,13,South Dakota,Ensemble
2026-05-16,46,2,wk inc flu hosp,2026-05-30,quantile,0.99,18,South Dakota,Ensemble
2026-05-16,46,3,wk inc flu hosp,2026-06-06,quantile,0.01,0,South Dakota,Ensemble
2026-05-16,46,3,wk inc flu hosp,2026-06-06,quantile,0.025,0,South Dakota,Ensemble
2026-05-16,46,3,wk inc flu hosp,2026-06-06,quantile,0.05,0,South Dakota,Ensemble
2026-05-16,46,3,wk inc flu hosp,2026-06-06,quantile,0.1,0,South Dakota,Ensemble
2026-05-16,46,3,wk inc flu hosp,2026-06-06,quantile,0.15,0,South Dakota,Ensemble
2026-05-16,46,3,wk inc flu hosp,2026-06-06,quantile,0.2,1,South Dakota,Ensemble
2026-05-16,46,3,wk inc flu hosp,2026-06-06,quantile,0.25,1,South Dakota,Ensemble
2026-05-16,46,3,wk inc flu hosp,2026-06-06,quantile,0.3,1,South Dakota,Ensemble
2026-05-16,46,3,wk inc flu hosp,2026-06-06,quantile,0.35,1,South Dakota,Ensemble
2026-05-16,46,3,wk inc flu hosp,2026-06-06,quantile,0.4,2,South Dakota,Ensemble
2026-05-16,46,3,wk inc flu hosp,2026-06-06,quantile,0.45,2,South Dakota,Ensemble
2026-05-16,46,3,wk inc flu hosp,2026-06-06,quantile,0.5,3,South Dakota,Ensemble
2026-05-16,46,3,wk inc flu hosp,2026-06-06,quantile,0.55,3,South Dakota,Ensemble
2026-05-16,46,3,wk inc flu hosp,2026-06-06,quantile,0.6,4,South Dakota,Ensemble
2026-05-16,46,3,wk inc flu hosp,2026-06-06,quantile,0.65,4,South Dakota,Ensemble
2026-05-16,46,3,wk inc flu hosp,2026-06-06,quantile,0.7,4,South Dakota,Ensemble
2026-05-16,46,3,wk inc flu hosp,2026-06-06,quantile,0.75,5,South Dakota,Ensemble
2026-05-16,46,3,wk inc flu hosp,2026-06-06,quantile,0.8,5,South Dakota,Ensemble
2026-05-16,46,3,wk inc flu hosp,2026-06-06,quantile,0.85,6,South Dakota,Ensemble
2026-05-16,46,3,wk inc flu hosp,2026-06-06,quantile,0.9,7,South Dakota,Ensemble
2026-05-16,46,3,wk inc flu hosp,2026-06-06,quantile,0.95,10,South Dakota,Ensemble
2026-05-16,46,3,wk inc flu hosp,2026-06-06,quantile,0.975,13,South Dakota,Ensemble
2026-05-16,46,3,wk inc flu hosp,2026-06-06,quantile,0.99,18,South Dakota,Ensemble
2026-05-16,47,0,wk inc flu hosp,2026-05-16,quantile,0.01,11,Tennessee,Ensemble
2026-05-16,47,0,wk inc flu hosp,2026-05-16,quantile,0.025,14,Tennessee,Ensemble
2026-05-16,47,0,wk inc flu hosp,2026-05-16,quantile,0.05,16,Tennessee,Ensemble
2026-05-16,47,0,wk inc flu hosp,2026-05-16,quantile,0.1,20,Tennessee,Ensemble
2026-05-16,47,0,wk inc flu hosp,2026-05-16,quantile,0.15,23,Tennessee,Ensemble
2026-05-16,47,0,wk inc flu hosp,2026-05-16,quantile,0.2,25,Tennessee,Ensemble
2026-05-16,47,0,wk inc flu hosp,2026-05-16,quantile,0.25,27,Tennessee,Ensemble
2026-05-16,47,0,wk inc flu hosp,2026-05-16,quantile,0.3,28,Tennessee,Ensemble
2026-05-16,47,0,wk inc flu hosp,2026-05-16,quantile,0.35,30,Tennessee,Ensemble
2026-05-16,47,0,wk inc flu hosp,2026-05-16,quantile,0.4,31,Tennessee,Ensemble
2026-05-16,47,0,wk inc flu hosp,2026-05-16,quantile,0.45,33,Tennessee,Ensemble
2026-05-16,47,0,wk inc flu hosp,2026-05-16,quantile,0.5,35,Tennessee,Ensemble
2026-05-16,47,0,wk inc flu hosp,2026-05-16,quantile,0.55,37,Tennessee,Ensemble
2026-05-16,47,0,wk inc flu hosp,2026-05-16,quantile,0.6,38,Tennessee,Ensemble
2026-05-16,47,0,wk inc flu hosp,2026-05-16,quantile,0.65,40,Tennessee,Ensemble
2026-05-16,47,0,wk inc flu hosp,2026-05-16,quantile,0.7,42,Tennessee,Ensemble
2026-05-16,47,0,wk inc flu hosp,2026-05-16,quantile,0.75,44,Tennessee,Ensemble
2026-05-16,47,0,wk inc flu hosp,2026-05-16,quantile,0.8,47,Tennessee,Ensemble
2026-05-16,47,0,wk inc flu hosp,2026-05-16,quantile,0.85,50,Tennessee,Ensemble
2026-05-16,47,0,wk inc flu hosp,2026-05-16,quantile,0.9,55,Tennessee,Ensemble
2026-05-16,47,0,wk inc flu hosp,2026-05-16,quantile,0.95,63,Tennessee,Ensemble
2026-05-16,47,0,wk inc flu hosp,2026-05-16,quantile,0.975,73,Tennessee,Ensemble
2026-05-16,47,0,wk inc flu hosp,2026-05-16,quantile,0.99,92,Tennessee,Ensemble
2026-05-16,47,1,wk inc flu hosp,2026-05-23,quantile,0.01,9,Tennessee,Ensemble
2026-05-16,47,1,wk inc flu hosp,2026-05-23,quantile,0.025,11,Tennessee,Ensemble
2026-05-16,47,1,wk inc flu hosp,2026-05-23,quantile,0.05,14,Tennessee,Ensemble
2026-05-16,47,1,wk inc flu hosp,2026-05-23,quantile,0.1,17,Tennessee,Ensemble
2026-05-16,47,1,wk inc flu hosp,2026-05-23,quantile,0.15,20,Tennessee,Ensemble
2026-05-16,47,1,wk inc flu hosp,2026-05-23,quantile,0.2,22,Tennessee,Ensemble
2026-05-16,47,1,wk inc flu hosp,2026-05-23,quantile,0.25,24,Tennessee,Ensemble
2026-05-16,47,1,wk inc flu hosp,2026-05-23,quantile,0.3,26,Tennessee,Ensemble
2026-05-16,47,1,wk inc flu hosp,2026-05-23,quantile,0.35,28,Tennessee,Ensemble
2026-05-16,47,1,wk inc flu hosp,2026-05-23,quantile,0.4,29,Tennessee,Ensemble
2026-05-16,47,1,wk inc flu hosp,2026-05-23,quantile,0.45,31,Tennessee,Ensemble
2026-05-16,47,1,wk inc flu hosp,2026-05-23,quantile,0.5,34,Tennessee,Ensemble
2026-05-16,47,1,wk inc flu hosp,2026-05-23,quantile,0.55,36,Tennessee,Ensemble
2026-05-16,47,1,wk inc flu hosp,2026-05-23,quantile,0.6,38,Tennessee,Ensemble
2026-05-16,47,1,wk inc flu hosp,2026-05-23,quantile,0.65,40,Tennessee,Ensemble
2026-05-16,47,1,wk inc flu hosp,2026-05-23,quantile,0.7,42,Tennessee,Ensemble
2026-05-16,47,1,wk inc flu hosp,2026-05-23,quantile,0.75,45,Tennessee,Ensemble
2026-05-16,47,1,wk inc flu hosp,2026-05-23,quantile,0.8,48,Tennessee,Ensemble
2026-05-16,47,1,wk inc flu hosp,2026-05-23,quantile,0.85,52,Tennessee,Ensemble
2026-05-16,47,1,wk inc flu hosp,2026-05-23,quantile,0.9,59,Tennessee,Ensemble
2026-05-16,47,1,wk inc flu hosp,2026-05-23,quantile,0.95,71,Tennessee,Ensemble
2026-05-16,47,1,wk inc flu hosp,2026-05-23,quantile,0.975,86,Tennessee,Ensemble
2026-05-16,47,1,wk inc flu hosp,2026-05-23,quantile,0.99,107,Tennessee,Ensemble
2026-05-16,47,2,wk inc flu hosp,2026-05-30,quantile,0.01,8,Tennessee,Ensemble
2026-05-16,47,2,wk inc flu hosp,2026-05-30,quantile,0.025,9,Tennessee,Ensemble
2026-05-16,47,2,wk inc flu hosp,2026-05-30,quantile,0.05,11,Tennessee,Ensemble
2026-05-16,47,2,wk inc flu hosp,2026-05-30,quantile,0.1,14,Tennessee,Ensemble
2026-05-16,47,2,wk inc flu hosp,2026-05-30,quantile,0.15,17,Tennessee,Ensemble
2026-05-16,47,2,wk inc flu hosp,2026-05-30,quantile,0.2,19,Tennessee,Ensemble
2026-05-16,47,2,wk inc flu hosp,2026-05-30,quantile,0.25,21,Tennessee,Ensemble
2026-05-16,47,2,wk inc flu hosp,2026-05-30,quantile,0.3,23,Tennessee,Ensemble
2026-05-16,47,2,wk inc flu hosp,2026-05-30,quantile,0.35,24,Tennessee,Ensemble
2026-05-16,47,2,wk inc flu hosp,2026-05-30,quantile,0.4,26,Tennessee,Ensemble
2026-05-16,47,2,wk inc flu hosp,2026-05-30,quantile,0.45,28,Tennessee,Ensemble
2026-05-16,47,2,wk inc flu hosp,2026-05-30,quantile,0.5,30,Tennessee,Ensemble
2026-05-16,47,2,wk inc flu hosp,2026-05-30,quantile,0.55,32,Tennessee,Ensemble
2026-05-16,47,2,wk inc flu hosp,2026-05-30,quantile,0.6,34,Tennessee,Ensemble
2026-05-16,47,2,wk inc flu hosp,2026-05-30,quantile,0.65,36,Tennessee,Ensemble
2026-05-16,47,2,wk inc flu hosp,2026-05-30,quantile,0.7,38,Tennessee,Ensemble
2026-05-16,47,2,wk inc flu hosp,2026-05-30,quantile,0.75,41,Tennessee,Ensemble
2026-05-16,47,2,wk inc flu hosp,2026-05-30,quantile,0.8,45,Tennessee,Ensemble
2026-05-16,47,2,wk inc flu hosp,2026-05-30,quantile,0.85,50,Tennessee,Ensemble
2026-05-16,47,2,wk inc flu hosp,2026-05-30,quantile,0.9,57,Tennessee,Ensemble
2026-05-16,47,2,wk inc flu hosp,2026-05-30,quantile,0.95,72,Tennessee,Ensemble
2026-05-16,47,2,wk inc flu hosp,2026-05-30,quantile,0.975,90,Tennessee,Ensemble
2026-05-16,47,2,wk inc flu hosp,2026-05-30,quantile,0.99,111,Tennessee,Ensemble
2026-05-16,47,3,wk inc flu hosp,2026-06-06,quantile,0.01,6,Tennessee,Ensemble
2026-05-16,47,3,wk inc flu hosp,2026-06-06,quantile,0.025,8,Tennessee,Ensemble
2026-05-16,47,3,wk inc flu hosp,2026-06-06,quantile,0.05,10,Tennessee,Ensemble
2026-05-16,47,3,wk inc flu hosp,2026-06-06,quantile,0.1,12,Tennessee,Ensemble
2026-05-16,47,3,wk inc flu hosp,2026-06-06,quantile,0.15,14,Tennessee,Ensemble
2026-05-16,47,3,wk inc flu hosp,2026-06-06,quantile,0.2,16,Tennessee,Ensemble
2026-05-16,47,3,wk inc flu hosp,2026-06-06,quantile,0.25,18,Tennessee,Ensemble
2026-05-16,47,3,wk inc flu hosp,2026-06-06,quantile,0.3,20,Tennessee,Ensemble
2026-05-16,47,3,wk inc flu hosp,2026-06-06,quantile,0.35,21,Tennessee,Ensemble
2026-05-16,47,3,wk inc flu hosp,2026-06-06,quantile,0.4,23,Tennessee,Ensemble
2026-05-16,47,3,wk inc flu hosp,2026-06-06,quantile,0.45,25,Tennessee,Ensemble
2026-05-16,47,3,wk inc flu hosp,2026-06-06,quantile,0.5,27,Tennessee,Ensemble
2026-05-16,47,3,wk inc flu hosp,2026-06-06,quantile,0.55,29,Tennessee,Ensemble
2026-05-16,47,3,wk inc flu hosp,2026-06-06,quantile,0.6,31,Tennessee,Ensemble
2026-05-16,47,3,wk inc flu hosp,2026-06-06,quantile,0.65,33,Tennessee,Ensemble
2026-05-16,47,3,wk inc flu hosp,2026-06-06,quantile,0.7,35,Tennessee,Ensemble
2026-05-16,47,3,wk inc flu hosp,2026-06-06,quantile,0.75,38,Tennessee,Ensemble
2026-05-16,47,3,wk inc flu hosp,2026-06-06,quantile,0.8,42,Tennessee,Ensemble
2026-05-16,47,3,wk inc flu hosp,2026-06-06,quantile,0.85,49,Tennessee,Ensemble
2026-05-16,47,3,wk inc flu hosp,2026-06-06,quantile,0.9,58,Tennessee,Ensemble
2026-05-16,47,3,wk inc flu hosp,2026-06-06,quantile,0.95,75,Tennessee,Ensemble
2026-05-16,47,3,wk inc flu hosp,2026-06-06,quantile,0.975,95,Tennessee,Ensemble
2026-05-16,47,3,wk inc flu hosp,2026-06-06,quantile,0.99,120,Tennessee,Ensemble
2026-05-16,48,0,wk inc flu hosp,2026-05-16,quantile,0.01,43,Texas,Ensemble
2026-05-16,48,0,wk inc flu hosp,2026-05-16,quantile,0.025,51,Texas,Ensemble
2026-05-16,48,0,wk inc flu hosp,2026-05-16,quantile,0.05,60,Texas,Ensemble
2026-05-16,48,0,wk inc flu hosp,2026-05-16,quantile,0.1,70,Texas,Ensemble
2026-05-16,48,0,wk inc flu hosp,2026-05-16,quantile,0.15,78,Texas,Ensemble
2026-05-16,48,0,wk inc flu hosp,2026-05-16,quantile,0.2,84,Texas,Ensemble
2026-05-16,48,0,wk inc flu hosp,2026-05-16,quantile,0.25,90,Texas,Ensemble
2026-05-16,48,0,wk inc flu hosp,2026-05-16,quantile,0.3,95,Texas,Ensemble
2026-05-16,48,0,wk inc flu hosp,2026-05-16,quantile,0.35,100,Texas,Ensemble
2026-05-16,48,0,wk inc flu hosp,2026-05-16,quantile,0.4,105,Texas,Ensemble
2026-05-16,48,0,wk inc flu hosp,2026-05-16,quantile,0.45,110,Texas,Ensemble
2026-05-16,48,0,wk inc flu hosp,2026-05-16,quantile,0.5,116,Texas,Ensemble
2026-05-16,48,0,wk inc flu hosp,2026-05-16,quantile,0.55,121,Texas,Ensemble
2026-05-16,48,0,wk inc flu hosp,2026-05-16,quantile,0.6,127,Texas,Ensemble
2026-05-16,48,0,wk inc flu hosp,2026-05-16,quantile,0.65,133,Texas,Ensemble
2026-05-16,48,0,wk inc flu hosp,2026-05-16,quantile,0.7,140,Texas,Ensemble
2026-05-16,48,0,wk inc flu hosp,2026-05-16,quantile,0.75,147,Texas,Ensemble
2026-05-16,48,0,wk inc flu hosp,2026-05-16,quantile,0.8,156,Texas,Ensemble
2026-05-16,48,0,wk inc flu hosp,2026-05-16,quantile,0.85,167,Texas,Ensemble
2026-05-16,48,0,wk inc flu hosp,2026-05-16,quantile,0.9,182,Texas,Ensemble
2026-05-16,48,0,wk inc flu hosp,2026-05-16,quantile,0.95,206,Texas,Ensemble
2026-05-16,48,0,wk inc flu hosp,2026-05-16,quantile,0.975,234,Texas,Ensemble
2026-05-16,48,0,wk inc flu hosp,2026-05-16,quantile,0.99,275,Texas,Ensemble
2026-05-16,48,1,wk inc flu hosp,2026-05-23,quantile,0.01,35,Texas,Ensemble
2026-05-16,48,1,wk inc flu hosp,2026-05-23,quantile,0.025,43,Texas,Ensemble
2026-05-16,48,1,wk inc flu hosp,2026-05-23,quantile,0.05,51,Texas,Ensemble
2026-05-16,48,1,wk inc flu hosp,2026-05-23,quantile,0.1,62,Texas,Ensemble
2026-05-16,48,1,wk inc flu hosp,2026-05-23,quantile,0.15,70,Texas,Ensemble
2026-05-16,48,1,wk inc flu hosp,2026-05-23,quantile,0.2,76,Texas,Ensemble
2026-05-16,48,1,wk inc flu hosp,2026-05-23,quantile,0.25,82,Texas,Ensemble
2026-05-16,48,1,wk inc flu hosp,2026-05-23,quantile,0.3,88,Texas,Ensemble
2026-05-16,48,1,wk inc flu hosp,2026-05-23,quantile,0.35,94,Texas,Ensemble
2026-05-16,48,1,wk inc flu hosp,2026-05-23,quantile,0.4,99,Texas,Ensemble
2026-05-16,48,1,wk inc flu hosp,2026-05-23,quantile,0.45,104,Texas,Ensemble
2026-05-16,48,1,wk inc flu hosp,2026-05-23,quantile,0.5,111,Texas,Ensemble
2026-05-16,48,1,wk inc flu hosp,2026-05-23,quantile,0.55,116,Texas,Ensemble
2026-05-16,48,1,wk inc flu hosp,2026-05-23,quantile,0.6,122,Texas,Ensemble
2026-05-16,48,1,wk inc flu hosp,2026-05-23,quantile,0.65,129,Texas,Ensemble
2026-05-16,48,1,wk inc flu hosp,2026-05-23,quantile,0.7,136,Texas,Ensemble
2026-05-16,48,1,wk inc flu hosp,2026-05-23,quantile,0.75,144,Texas,Ensemble
2026-05-16,48,1,wk inc flu hosp,2026-05-23,quantile,0.8,154,Texas,Ensemble
2026-05-16,48,1,wk inc flu hosp,2026-05-23,quantile,0.85,166,Texas,Ensemble
2026-05-16,48,1,wk inc flu hosp,2026-05-23,quantile,0.9,185,Texas,Ensemble
2026-05-16,48,1,wk inc flu hosp,2026-05-23,quantile,0.95,214,Texas,Ensemble
2026-05-16,48,1,wk inc flu hosp,2026-05-23,quantile,0.975,248,Texas,Ensemble
2026-05-16,48,1,wk inc flu hosp,2026-05-23,quantile,0.99,299,Texas,Ensemble
2026-05-16,48,2,wk inc flu hosp,2026-05-30,quantile,0.01,29,Texas,Ensemble
2026-05-16,48,2,wk inc flu hosp,2026-05-30,quantile,0.025,35,Texas,Ensemble
2026-05-16,48,2,wk inc flu hosp,2026-05-30,quantile,0.05,43,Texas,Ensemble
2026-05-16,48,2,wk inc flu hosp,2026-05-30,quantile,0.1,52,Texas,Ensemble
2026-05-16,48,2,wk inc flu hosp,2026-05-30,quantile,0.15,60,Texas,Ensemble
2026-05-16,48,2,wk inc flu hosp,2026-05-30,quantile,0.2,66,Texas,Ensemble
2026-05-16,48,2,wk inc flu hosp,2026-05-30,quantile,0.25,73,Texas,Ensemble
2026-05-16,48,2,wk inc flu hosp,2026-05-30,quantile,0.3,79,Texas,Ensemble
2026-05-16,48,2,wk inc flu hosp,2026-05-30,quantile,0.35,84,Texas,Ensemble
2026-05-16,48,2,wk inc flu hosp,2026-05-30,quantile,0.4,90,Texas,Ensemble
2026-05-16,48,2,wk inc flu hosp,2026-05-30,quantile,0.45,96,Texas,Ensemble
2026-05-16,48,2,wk inc flu hosp,2026-05-30,quantile,0.5,103,Texas,Ensemble
2026-05-16,48,2,wk inc flu hosp,2026-05-30,quantile,0.55,109,Texas,Ensemble
2026-05-16,48,2,wk inc flu hosp,2026-05-30,quantile,0.6,116,Texas,Ensemble
2026-05-16,48,2,wk inc flu hosp,2026-05-30,quantile,0.65,123,Texas,Ensemble
2026-05-16,48,2,wk inc flu hosp,2026-05-30,quantile,0.7,131,Texas,Ensemble
2026-05-16,48,2,wk inc flu hosp,2026-05-30,quantile,0.75,140,Texas,Ensemble
2026-05-16,48,2,wk inc flu hosp,2026-05-30,quantile,0.8,152,Texas,Ensemble
2026-05-16,48,2,wk inc flu hosp,2026-05-30,quantile,0.85,166,Texas,Ensemble
2026-05-16,48,2,wk inc flu hosp,2026-05-30,quantile,0.9,186,Texas,Ensemble
2026-05-16,48,2,wk inc flu hosp,2026-05-30,quantile,0.95,223,Texas,Ensemble
2026-05-16,48,2,wk inc flu hosp,2026-05-30,quantile,0.975,263,Texas,Ensemble
2026-05-16,48,2,wk inc flu hosp,2026-05-30,quantile,0.99,321,Texas,Ensemble
2026-05-16,48,3,wk inc flu hosp,2026-06-06,quantile,0.01,28,Texas,Ensemble
2026-05-16,48,3,wk inc flu hosp,2026-06-06,quantile,0.025,33,Texas,Ensemble
2026-05-16,48,3,wk inc flu hosp,2026-06-06,quantile,0.05,40,Texas,Ensemble
2026-05-16,48,3,wk inc flu hosp,2026-06-06,quantile,0.1,50,Texas,Ensemble
2026-05-16,48,3,wk inc flu hosp,2026-06-06,quantile,0.15,57,Texas,Ensemble
2026-05-16,48,3,wk inc flu hosp,2026-06-06,quantile,0.2,63,Texas,Ensemble
2026-05-16,48,3,wk inc flu hosp,2026-06-06,quantile,0.25,69,Texas,Ensemble
2026-05-16,48,3,wk inc flu hosp,2026-06-06,quantile,0.3,76,Texas,Ensemble
2026-05-16,48,3,wk inc flu hosp,2026-06-06,quantile,0.35,81,Texas,Ensemble
2026-05-16,48,3,wk inc flu hosp,2026-06-06,quantile,0.4,86,Texas,Ensemble
2026-05-16,48,3,wk inc flu hosp,2026-06-06,quantile,0.45,91,Texas,Ensemble
2026-05-16,48,3,wk inc flu hosp,2026-06-06,quantile,0.5,97,Texas,Ensemble
2026-05-16,48,3,wk inc flu hosp,2026-06-06,quantile,0.55,103,Texas,Ensemble
2026-05-16,48,3,wk inc flu hosp,2026-06-06,quantile,0.6,109,Texas,Ensemble
2026-05-16,48,3,wk inc flu hosp,2026-06-06,quantile,0.65,117,Texas,Ensemble
2026-05-16,48,3,wk inc flu hosp,2026-06-06,quantile,0.7,125,Texas,Ensemble
2026-05-16,48,3,wk inc flu hosp,2026-06-06,quantile,0.75,134,Texas,Ensemble
2026-05-16,48,3,wk inc flu hosp,2026-06-06,quantile,0.8,147,Texas,Ensemble
2026-05-16,48,3,wk inc flu hosp,2026-06-06,quantile,0.85,163,Texas,Ensemble
2026-05-16,48,3,wk inc flu hosp,2026-06-06,quantile,0.9,187,Texas,Ensemble
2026-05-16,48,3,wk inc flu hosp,2026-06-06,quantile,0.95,229,Texas,Ensemble
2026-05-16,48,3,wk inc flu hosp,2026-06-06,quantile,0.975,276,Texas,Ensemble
2026-05-16,48,3,wk inc flu hosp,2026-06-06,quantile,0.99,357,Texas,Ensemble
2026-05-16,49,0,wk inc flu hosp,2026-05-16,quantile,0.01,1,Utah,Ensemble
2026-05-16,49,0,wk inc flu hosp,2026-05-16,quantile,0.025,1,Utah,Ensemble
2026-05-16,49,0,wk inc flu hosp,2026-05-16,quantile,0.05,2,Utah,Ensemble
2026-05-16,49,0,wk inc flu hosp,2026-05-16,quantile,0.1,2,Utah,Ensemble
2026-05-16,49,0,wk inc flu hosp,2026-05-16,quantile,0.15,3,Utah,Ensemble
2026-05-16,49,0,wk inc flu hosp,2026-05-16,quantile,0.2,3,Utah,Ensemble
2026-05-16,49,0,wk inc flu hosp,2026-05-16,quantile,0.25,4,Utah,Ensemble
2026-05-16,49,0,wk inc flu hosp,2026-05-16,quantile,0.3,4,Utah,Ensemble
2026-05-16,49,0,wk inc flu hosp,2026-05-16,quantile,0.35,5,Utah,Ensemble
2026-05-16,49,0,wk inc flu hosp,2026-05-16,quantile,0.4,5,Utah,Ensemble
2026-05-16,49,0,wk inc flu hosp,2026-05-16,quantile,0.45,6,Utah,Ensemble
2026-05-16,49,0,wk inc flu hosp,2026-05-16,quantile,0.5,7,Utah,Ensemble
2026-05-16,49,0,wk inc flu hosp,2026-05-16,quantile,0.55,8,Utah,Ensemble
2026-05-16,49,0,wk inc flu hosp,2026-05-16,quantile,0.6,8,Utah,Ensemble
2026-05-16,49,0,wk inc flu hosp,2026-05-16,quantile,0.65,9,Utah,Ensemble
2026-05-16,49,0,wk inc flu hosp,2026-05-16,quantile,0.7,9,Utah,Ensemble
2026-05-16,49,0,wk inc flu hosp,2026-05-16,quantile,0.75,10,Utah,Ensemble
2026-05-16,49,0,wk inc flu hosp,2026-05-16,quantile,0.8,11,Utah,Ensemble
2026-05-16,49,0,wk inc flu hosp,2026-05-16,quantile,0.85,12,Utah,Ensemble
2026-05-16,49,0,wk inc flu hosp,2026-05-16,quantile,0.9,14,Utah,Ensemble
2026-05-16,49,0,wk inc flu hosp,2026-05-16,quantile,0.95,17,Utah,Ensemble
2026-05-16,49,0,wk inc flu hosp,2026-05-16,quantile,0.975,20,Utah,Ensemble
2026-05-16,49,0,wk inc flu hosp,2026-05-16,quantile,0.99,25,Utah,Ensemble
2026-05-16,49,1,wk inc flu hosp,2026-05-23,quantile,0.01,0,Utah,Ensemble
2026-05-16,49,1,wk inc flu hosp,2026-05-23,quantile,0.025,1,Utah,Ensemble
2026-05-16,49,1,wk inc flu hosp,2026-05-23,quantile,0.05,1,Utah,Ensemble
2026-05-16,49,1,wk inc flu hosp,2026-05-23,quantile,0.1,2,Utah,Ensemble
2026-05-16,49,1,wk inc flu hosp,2026-05-23,quantile,0.15,2,Utah,Ensemble
2026-05-16,49,1,wk inc flu hosp,2026-05-23,quantile,0.2,3,Utah,Ensemble
2026-05-16,49,1,wk inc flu hosp,2026-05-23,quantile,0.25,3,Utah,Ensemble
2026-05-16,49,1,wk inc flu hosp,2026-05-23,quantile,0.3,4,Utah,Ensemble
2026-05-16,49,1,wk inc flu hosp,2026-05-23,quantile,0.35,4,Utah,Ensemble
2026-05-16,49,1,wk inc flu hosp,2026-05-23,quantile,0.4,5,Utah,Ensemble
2026-05-16,49,1,wk inc flu hosp,2026-05-23,quantile,0.45,5,Utah,Ensemble
2026-05-16,49,1,wk inc flu hosp,2026-05-23,quantile,0.5,7,Utah,Ensemble
2026-05-16,49,1,wk inc flu hosp,2026-05-23,quantile,0.55,7,Utah,Ensemble
2026-05-16,49,1,wk inc flu hosp,2026-05-23,quantile,0.6,7,Utah,Ensemble
2026-05-16,49,1,wk inc flu hosp,2026-05-23,quantile,0.65,8,Utah,Ensemble
2026-05-16,49,1,wk inc flu hosp,2026-05-23,quantile,0.7,9,Utah,Ensemble
2026-05-16,49,1,wk inc flu hosp,2026-05-23,quantile,0.75,10,Utah,Ensemble
2026-05-16,49,1,wk inc flu hosp,2026-05-23,quantile,0.8,10,Utah,Ensemble
2026-05-16,49,1,wk inc flu hosp,2026-05-23,quantile,0.85,12,Utah,Ensemble
2026-05-16,49,1,wk inc flu hosp,2026-05-23,quantile,0.9,14,Utah,Ensemble
2026-05-16,49,1,wk inc flu hosp,2026-05-23,quantile,0.95,18,Utah,Ensemble
2026-05-16,49,1,wk inc flu hosp,2026-05-23,quantile,0.975,22,Utah,Ensemble
2026-05-16,49,1,wk inc flu hosp,2026-05-23,quantile,0.99,29,Utah,Ensemble
2026-05-16,49,2,wk inc flu hosp,2026-05-30,quantile,0.01,0,Utah,Ensemble
2026-05-16,49,2,wk inc flu hosp,2026-05-30,quantile,0.025,0,Utah,Ensemble
2026-05-16,49,2,wk inc flu hosp,2026-05-30,quantile,0.05,1,Utah,Ensemble
2026-05-16,49,2,wk inc flu hosp,2026-05-30,quantile,0.1,1,Utah,Ensemble
2026-05-16,49,2,wk inc flu hosp,2026-05-30,quantile,0.15,2,Utah,Ensemble
2026-05-16,49,2,wk inc flu hosp,2026-05-30,quantile,0.2,2,Utah,Ensemble
2026-05-16,49,2,wk inc flu hosp,2026-05-30,quantile,0.25,3,Utah,Ensemble
2026-05-16,49,2,wk inc flu hosp,2026-05-30,quantile,0.3,3,Utah,Ensemble
2026-05-16,49,2,wk inc flu hosp,2026-05-30,quantile,0.35,4,Utah,Ensemble
2026-05-16,49,2,wk inc flu hosp,2026-05-30,quantile,0.4,4,Utah,Ensemble
2026-05-16,49,2,wk inc flu hosp,2026-05-30,quantile,0.45,5,Utah,Ensemble
2026-05-16,49,2,wk inc flu hosp,2026-05-30,quantile,0.5,6,Utah,Ensemble
2026-05-16,49,2,wk inc flu hosp,2026-05-30,quantile,0.55,6,Utah,Ensemble
2026-05-16,49,2,wk inc flu hosp,2026-05-30,quantile,0.6,7,Utah,Ensemble
2026-05-16,49,2,wk inc flu hosp,2026-05-30,quantile,0.65,7,Utah,Ensemble
2026-05-16,49,2,wk inc flu hosp,2026-05-30,quantile,0.7,8,Utah,Ensemble
2026-05-16,49,2,wk inc flu hosp,2026-05-30,quantile,0.75,9,Utah,Ensemble
2026-05-16,49,2,wk inc flu hosp,2026-05-30,quantile,0.8,10,Utah,Ensemble
2026-05-16,49,2,wk inc flu hosp,2026-05-30,quantile,0.85,11,Utah,Ensemble
2026-05-16,49,2,wk inc flu hosp,2026-05-30,quantile,0.9,14,Utah,Ensemble
2026-05-16,49,2,wk inc flu hosp,2026-05-30,quantile,0.95,18,Utah,Ensemble
2026-05-16,49,2,wk inc flu hosp,2026-05-30,quantile,0.975,23,Utah,Ensemble
2026-05-16,49,2,wk inc flu hosp,2026-05-30,quantile,0.99,31,Utah,Ensemble
2026-05-16,49,3,wk inc flu hosp,2026-06-06,quantile,0.01,0,Utah,Ensemble
2026-05-16,49,3,wk inc flu hosp,2026-06-06,quantile,0.025,0,Utah,Ensemble
2026-05-16,49,3,wk inc flu hosp,2026-06-06,quantile,0.05,0,Utah,Ensemble
2026-05-16,49,3,wk inc flu hosp,2026-06-06,quantile,0.1,1,Utah,Ensemble
2026-05-16,49,3,wk inc flu hosp,2026-06-06,quantile,0.15,1,Utah,Ensemble
2026-05-16,49,3,wk inc flu hosp,2026-06-06,quantile,0.2,2,Utah,Ensemble
2026-05-16,49,3,wk inc flu hosp,2026-06-06,quantile,0.25,2,Utah,Ensemble
2026-05-16,49,3,wk inc flu hosp,2026-06-06,quantile,0.3,2,Utah,Ensemble
2026-05-16,49,3,wk inc flu hosp,2026-06-06,quantile,0.35,3,Utah,Ensemble
2026-05-16,49,3,wk inc flu hosp,2026-06-06,quantile,0.4,3,Utah,Ensemble
2026-05-16,49,3,wk inc flu hosp,2026-06-06,quantile,0.45,3,Utah,Ensemble
2026-05-16,49,3,wk inc flu hosp,2026-06-06,quantile,0.5,5,Utah,Ensemble
2026-05-16,49,3,wk inc flu hosp,2026-06-06,quantile,0.55,5,Utah,Ensemble
2026-05-16,49,3,wk inc flu hosp,2026-06-06,quantile,0.6,6,Utah,Ensemble
2026-05-16,49,3,wk inc flu hosp,2026-06-06,quantile,0.65,6,Utah,Ensemble
2026-05-16,49,3,wk inc flu hosp,2026-06-06,quantile,0.7,7,Utah,Ensemble
2026-05-16,49,3,wk inc flu hosp,2026-06-06,quantile,0.75,8,Utah,Ensemble
2026-05-16,49,3,wk inc flu hosp,2026-06-06,quantile,0.8,9,Utah,Ensemble
2026-05-16,49,3,wk inc flu hosp,2026-06-06,quantile,0.85,11,Utah,Ensemble
2026-05-16,49,3,wk inc flu hosp,2026-06-06,quantile,0.9,13,Utah,Ensemble
2026-05-16,49,3,wk inc flu hosp,2026-06-06,quantile,0.95,19,Utah,Ensemble
2026-05-16,49,3,wk inc flu hosp,2026-06-06,quantile,0.975,25,Utah,Ensemble
2026-05-16,49,3,wk inc flu hosp,2026-06-06,quantile,0.99,33,Utah,Ensemble
2026-05-16,50,0,wk inc flu hosp,2026-05-16,quantile,0.01,0,Vermont,Ensemble
2026-05-16,50,0,wk inc flu hosp,2026-05-16,quantile,0.025,0,Vermont,Ensemble
2026-05-16,50,0,wk inc flu hosp,2026-05-16,quantile,0.05,0,Vermont,Ensemble
2026-05-16,50,0,wk inc flu hosp,2026-05-16,quantile,0.1,0,Vermont,Ensemble
2026-05-16,50,0,wk inc flu hosp,2026-05-16,quantile,0.15,0,Vermont,Ensemble
2026-05-16,50,0,wk inc flu hosp,2026-05-16,quantile,0.2,0,Vermont,Ensemble
2026-05-16,50,0,wk inc flu hosp,2026-05-16,quantile,0.25,0,Vermont,Ensemble
2026-05-16,50,0,wk inc flu hosp,2026-05-16,quantile,0.3,0,Vermont,Ensemble
2026-05-16,50,0,wk inc flu hosp,2026-05-16,quantile,0.35,0,Vermont,Ensemble
2026-05-16,50,0,wk inc flu hosp,2026-05-16,quantile,0.4,0,Vermont,Ensemble
2026-05-16,50,0,wk inc flu hosp,2026-05-16,quantile,0.45,0,Vermont,Ensemble
2026-05-16,50,0,wk inc flu hosp,2026-05-16,quantile,0.5,1,Vermont,Ensemble
2026-05-16,50,0,wk inc flu hosp,2026-05-16,quantile,0.55,1,Vermont,Ensemble
2026-05-16,50,0,wk inc flu hosp,2026-05-16,quantile,0.6,1,Vermont,Ensemble
2026-05-16,50,0,wk inc flu hosp,2026-05-16,quantile,0.65,1,Vermont,Ensemble
2026-05-16,50,0,wk inc flu hosp,2026-05-16,quantile,0.7,2,Vermont,Ensemble
2026-05-16,50,0,wk inc flu hosp,2026-05-16,quantile,0.75,2,Vermont,Ensemble
2026-05-16,50,0,wk inc flu hosp,2026-05-16,quantile,0.8,2,Vermont,Ensemble
2026-05-16,50,0,wk inc flu hosp,2026-05-16,quantile,0.85,2,Vermont,Ensemble
2026-05-16,50,0,wk inc flu hosp,2026-05-16,quantile,0.9,3,Vermont,Ensemble
2026-05-16,50,0,wk inc flu hosp,2026-05-16,quantile,0.95,4,Vermont,Ensemble
2026-05-16,50,0,wk inc flu hosp,2026-05-16,quantile,0.975,5,Vermont,Ensemble
2026-05-16,50,0,wk inc flu hosp,2026-05-16,quantile,0.99,7,Vermont,Ensemble
2026-05-16,50,1,wk inc flu hosp,2026-05-23,quantile,0.01,0,Vermont,Ensemble
2026-05-16,50,1,wk inc flu hosp,2026-05-23,quantile,0.025,0,Vermont,Ensemble
2026-05-16,50,1,wk inc flu hosp,2026-05-23,quantile,0.05,0,Vermont,Ensemble
2026-05-16,50,1,wk inc flu hosp,2026-05-23,quantile,0.1,0,Vermont,Ensemble
2026-05-16,50,1,wk inc flu hosp,2026-05-23,quantile,0.15,0,Vermont,Ensemble
2026-05-16,50,1,wk inc flu hosp,2026-05-23,quantile,0.2,0,Vermont,Ensemble
2026-05-16,50,1,wk inc flu hosp,2026-05-23,quantile,0.25,0,Vermont,Ensemble
2026-05-16,50,1,wk inc flu hosp,2026-05-23,quantile,0.3,0,Vermont,Ensemble
2026-05-16,50,1,wk inc flu hosp,2026-05-23,quantile,0.35,0,Vermont,Ensemble
2026-05-16,50,1,wk inc flu hosp,2026-05-23,quantile,0.4,0,Vermont,Ensemble
2026-05-16,50,1,wk inc flu hosp,2026-05-23,quantile,0.45,0,Vermont,Ensemble
2026-05-16,50,1,wk inc flu hosp,2026-05-23,quantile,0.5,1,Vermont,Ensemble
2026-05-16,50,1,wk inc flu hosp,2026-05-23,quantile,0.55,1,Vermont,Ensemble
2026-05-16,50,1,wk inc flu hosp,2026-05-23,quantile,0.6,1,Vermont,Ensemble
2026-05-16,50,1,wk inc flu hosp,2026-05-23,quantile,0.65,1,Vermont,Ensemble
2026-05-16,50,1,wk inc flu hosp,2026-05-23,quantile,0.7,2,Vermont,Ensemble
2026-05-16,50,1,wk inc flu hosp,2026-05-23,quantile,0.75,2,Vermont,Ensemble
2026-05-16,50,1,wk inc flu hosp,2026-05-23,quantile,0.8,2,Vermont,Ensemble
2026-05-16,50,1,wk inc flu hosp,2026-05-23,quantile,0.85,2,Vermont,Ensemble
2026-05-16,50,1,wk inc flu hosp,2026-05-23,quantile,0.9,3,Vermont,Ensemble
2026-05-16,50,1,wk inc flu hosp,2026-05-23,quantile,0.95,4,Vermont,Ensemble
2026-05-16,50,1,wk inc flu hosp,2026-05-23,quantile,0.975,5,Vermont,Ensemble
2026-05-16,50,1,wk inc flu hosp,2026-05-23,quantile,0.99,8,Vermont,Ensemble
2026-05-16,50,2,wk inc flu hosp,2026-05-30,quantile,0.01,0,Vermont,Ensemble
2026-05-16,50,2,wk inc flu hosp,2026-05-30,quantile,0.025,0,Vermont,Ensemble
2026-05-16,50,2,wk inc flu hosp,2026-05-30,quantile,0.05,0,Vermont,Ensemble
2026-05-16,50,2,wk inc flu hosp,2026-05-30,quantile,0.1,0,Vermont,Ensemble
2026-05-16,50,2,wk inc flu hosp,2026-05-30,quantile,0.15,0,Vermont,Ensemble
2026-05-16,50,2,wk inc flu hosp,2026-05-30,quantile,0.2,0,Vermont,Ensemble
2026-05-16,50,2,wk inc flu hosp,2026-05-30,quantile,0.25,0,Vermont,Ensemble
2026-05-16,50,2,wk inc flu hosp,2026-05-30,quantile,0.3,0,Vermont,Ensemble
2026-05-16,50,2,wk inc flu hosp,2026-05-30,quantile,0.35,0,Vermont,Ensemble
2026-05-16,50,2,wk inc flu hosp,2026-05-30,quantile,0.4,0,Vermont,Ensemble
2026-05-16,50,2,wk inc flu hosp,2026-05-30,quantile,0.45,0,Vermont,Ensemble
2026-05-16,50,2,wk inc flu hosp,2026-05-30,quantile,0.5,1,Vermont,Ensemble
2026-05-16,50,2,wk inc flu hosp,2026-05-30,quantile,0.55,1,Vermont,Ensemble
2026-05-16,50,2,wk inc flu hosp,2026-05-30,quantile,0.6,1,Vermont,Ensemble
2026-05-16,50,2,wk inc flu hosp,2026-05-30,quantile,0.65,1,Vermont,Ensemble
2026-05-16,50,2,wk inc flu hosp,2026-05-30,quantile,0.7,1,Vermont,Ensemble
2026-05-16,50,2,wk inc flu hosp,2026-05-30,quantile,0.75,2,Vermont,Ensemble
2026-05-16,50,2,wk inc flu hosp,2026-05-30,quantile,0.8,2,Vermont,Ensemble
2026-05-16,50,2,wk inc flu hosp,2026-05-30,quantile,0.85,2,Vermont,Ensemble
2026-05-16,50,2,wk inc flu hosp,2026-05-30,quantile,0.9,3,Vermont,Ensemble
2026-05-16,50,2,wk inc flu hosp,2026-05-30,quantile,0.95,4,Vermont,Ensemble
2026-05-16,50,2,wk inc flu hosp,2026-05-30,quantile,0.975,6,Vermont,Ensemble
2026-05-16,50,2,wk inc flu hosp,2026-05-30,quantile,0.99,8,Vermont,Ensemble
2026-05-16,50,3,wk inc flu hosp,2026-06-06,quantile,0.01,0,Vermont,Ensemble
2026-05-16,50,3,wk inc flu hosp,2026-06-06,quantile,0.025,0,Vermont,Ensemble
2026-05-16,50,3,wk inc flu hosp,2026-06-06,quantile,0.05,0,Vermont,Ensemble
2026-05-16,50,3,wk inc flu hosp,2026-06-06,quantile,0.1,0,Vermont,Ensemble
2026-05-16,50,3,wk inc flu hosp,2026-06-06,quantile,0.15,0,Vermont,Ensemble
2026-05-16,50,3,wk inc flu hosp,2026-06-06,quantile,0.2,0,Vermont,Ensemble
2026-05-16,50,3,wk inc flu hosp,2026-06-06,quantile,0.25,0,Vermont,Ensemble
2026-05-16,50,3,wk inc flu hosp,2026-06-06,quantile,0.3,0,Vermont,Ensemble
2026-05-16,50,3,wk inc flu hosp,2026-06-06,quantile,0.35,0,Vermont,Ensemble
2026-05-16,50,3,wk inc flu hosp,2026-06-06,quantile,0.4,0,Vermont,Ensemble
2026-05-16,50,3,wk inc flu hosp,2026-06-06,quantile,0.45,0,Vermont,Ensemble
2026-05-16,50,3,wk inc flu hosp,2026-06-06,quantile,0.5,1,Vermont,Ensemble
2026-05-16,50,3,wk inc flu hosp,2026-06-06,quantile,0.55,1,Vermont,Ensemble
2026-05-16,50,3,wk inc flu hosp,2026-06-06,quantile,0.6,1,Vermont,Ensemble
2026-05-16,50,3,wk inc flu hosp,2026-06-06,quantile,0.65,1,Vermont,Ensemble
2026-05-16,50,3,wk inc flu hosp,2026-06-06,quantile,0.7,1,Vermont,Ensemble
2026-05-16,50,3,wk inc flu hosp,2026-06-06,quantile,0.75,2,Vermont,Ensemble
2026-05-16,50,3,wk inc flu hosp,2026-06-06,quantile,0.8,2,Vermont,Ensemble
2026-05-16,50,3,wk inc flu hosp,2026-06-06,quantile,0.85,3,Vermont,Ensemble
2026-05-16,50,3,wk inc flu hosp,2026-06-06,quantile,0.9,3,Vermont,Ensemble
2026-05-16,50,3,wk inc flu hosp,2026-06-06,quantile,0.95,5,Vermont,Ensemble
2026-05-16,50,3,wk inc flu hosp,2026-06-06,quantile,0.975,7,Vermont,Ensemble
2026-05-16,50,3,wk inc flu hosp,2026-06-06,quantile,0.99,10,Vermont,Ensemble
2026-05-16,51,0,wk inc flu hosp,2026-05-16,quantile,0.01,4,Virginia,Ensemble
2026-05-16,51,0,wk inc flu hosp,2026-05-16,quantile,0.025,5,Virginia,Ensemble
2026-05-16,51,0,wk inc flu hosp,2026-05-16,quantile,0.05,6,Virginia,Ensemble
2026-05-16,51,0,wk inc flu hosp,2026-05-16,quantile,0.1,8,Virginia,Ensemble
2026-05-16,51,0,wk inc flu hosp,2026-05-16,quantile,0.15,10,Virginia,Ensemble
2026-05-16,51,0,wk inc flu hosp,2026-05-16,quantile,0.2,11,Virginia,Ensemble
2026-05-16,51,0,wk inc flu hosp,2026-05-16,quantile,0.25,12,Virginia,Ensemble
2026-05-16,51,0,wk inc flu hosp,2026-05-16,quantile,0.3,13,Virginia,Ensemble
2026-05-16,51,0,wk inc flu hosp,2026-05-16,quantile,0.35,14,Virginia,Ensemble
2026-05-16,51,0,wk inc flu hosp,2026-05-16,quantile,0.4,14,Virginia,Ensemble
2026-05-16,51,0,wk inc flu hosp,2026-05-16,quantile,0.45,15,Virginia,Ensemble
2026-05-16,51,0,wk inc flu hosp,2026-05-16,quantile,0.5,17,Virginia,Ensemble
2026-05-16,51,0,wk inc flu hosp,2026-05-16,quantile,0.55,18,Virginia,Ensemble
2026-05-16,51,0,wk inc flu hosp,2026-05-16,quantile,0.6,19,Virginia,Ensemble
2026-05-16,51,0,wk inc flu hosp,2026-05-16,quantile,0.65,20,Virginia,Ensemble
2026-05-16,51,0,wk inc flu hosp,2026-05-16,quantile,0.7,21,Virginia,Ensemble
2026-05-16,51,0,wk inc flu hosp,2026-05-16,quantile,0.75,22,Virginia,Ensemble
2026-05-16,51,0,wk inc flu hosp,2026-05-16,quantile,0.8,24,Virginia,Ensemble
2026-05-16,51,0,wk inc flu hosp,2026-05-16,quantile,0.85,26,Virginia,Ensemble
2026-05-16,51,0,wk inc flu hosp,2026-05-16,quantile,0.9,29,Virginia,Ensemble
2026-05-16,51,0,wk inc flu hosp,2026-05-16,quantile,0.95,34,Virginia,Ensemble
2026-05-16,51,0,wk inc flu hosp,2026-05-16,quantile,0.975,40,Virginia,Ensemble
2026-05-16,51,0,wk inc flu hosp,2026-05-16,quantile,0.99,51,Virginia,Ensemble
2026-05-16,51,1,wk inc flu hosp,2026-05-23,quantile,0.01,3,Virginia,Ensemble
2026-05-16,51,1,wk inc flu hosp,2026-05-23,quantile,0.025,4,Virginia,Ensemble
2026-05-16,51,1,wk inc flu hosp,2026-05-23,quantile,0.05,5,Virginia,Ensemble
2026-05-16,51,1,wk inc flu hosp,2026-05-23,quantile,0.1,7,Virginia,Ensemble
2026-05-16,51,1,wk inc flu hosp,2026-05-23,quantile,0.15,8,Virginia,Ensemble
2026-05-16,51,1,wk inc flu hosp,2026-05-23,quantile,0.2,9,Virginia,Ensemble
2026-05-16,51,1,wk inc flu hosp,2026-05-23,quantile,0.25,10,Virginia,Ensemble
2026-05-16,51,1,wk inc flu hosp,2026-05-23,quantile,0.3,11,Virginia,Ensemble
2026-05-16,51,1,wk inc flu hosp,2026-05-23,quantile,0.35,12,Virginia,Ensemble
2026-05-16,51,1,wk inc flu hosp,2026-05-23,quantile,0.4,13,Virginia,Ensemble
2026-05-16,51,1,wk inc flu hosp,2026-05-23,quantile,0.45,14,Virginia,Ensemble
2026-05-16,51,1,wk inc flu hosp,2026-05-23,quantile,0.5,16,Virginia,Ensemble
2026-05-16,51,1,wk inc flu hosp,2026-05-23,quantile,0.55,17,Virginia,Ensemble
2026-05-16,51,1,wk inc flu hosp,2026-05-23,quantile,0.6,18,Virginia,Ensemble
2026-05-16,51,1,wk inc flu hosp,2026-05-23,quantile,0.65,19,Virginia,Ensemble
2026-05-16,51,1,wk inc flu hosp,2026-05-23,quantile,0.7,20,Virginia,Ensemble
2026-05-16,51,1,wk inc flu hosp,2026-05-23,quantile,0.75,22,Virginia,Ensemble
2026-05-16,51,1,wk inc flu hosp,2026-05-23,quantile,0.8,23,Virginia,Ensemble
2026-05-16,51,1,wk inc flu hosp,2026-05-23,quantile,0.85,25,Virginia,Ensemble
2026-05-16,51,1,wk inc flu hosp,2026-05-23,quantile,0.9,29,Virginia,Ensemble
2026-05-16,51,1,wk inc flu hosp,2026-05-23,quantile,0.95,35,Virginia,Ensemble
2026-05-16,51,1,wk inc flu hosp,2026-05-23,quantile,0.975,43,Virginia,Ensemble
2026-05-16,51,1,wk inc flu hosp,2026-05-23,quantile,0.99,56,Virginia,Ensemble
2026-05-16,51,2,wk inc flu hosp,2026-05-30,quantile,0.01,3,Virginia,Ensemble
2026-05-16,51,2,wk inc flu hosp,2026-05-30,quantile,0.025,4,Virginia,Ensemble
2026-05-16,51,2,wk inc flu hosp,2026-05-30,quantile,0.05,5,Virginia,Ensemble
2026-05-16,51,2,wk inc flu hosp,2026-05-30,quantile,0.1,6,Virginia,Ensemble
2026-05-16,51,2,wk inc flu hosp,2026-05-30,quantile,0.15,8,Virginia,Ensemble
2026-05-16,51,2,wk inc flu hosp,2026-05-30,quantile,0.2,9,Virginia,Ensemble
2026-05-16,51,2,wk inc flu hosp,2026-05-30,quantile,0.25,10,Virginia,Ensemble
2026-05-16,51,2,wk inc flu hosp,2026-05-30,quantile,0.3,11,Virginia,Ensemble
2026-05-16,51,2,wk inc flu hosp,2026-05-30,quantile,0.35,12,Virginia,Ensemble
2026-05-16,51,2,wk inc flu hosp,2026-05-30,quantile,0.4,12,Virginia,Ensemble
2026-05-16,51,2,wk inc flu hosp,2026-05-30,quantile,0.45,13,Virginia,Ensemble
2026-05-16,51,2,wk inc flu hosp,2026-05-30,quantile,0.5,15,Virginia,Ensemble
2026-05-16,51,2,wk inc flu hosp,2026-05-30,quantile,0.55,16,Virginia,Ensemble
2026-05-16,51,2,wk inc flu hosp,2026-05-30,quantile,0.6,17,Virginia,Ensemble
2026-05-16,51,2,wk inc flu hosp,2026-05-30,quantile,0.65,18,Virginia,Ensemble
2026-05-16,51,2,wk inc flu hosp,2026-05-30,quantile,0.7,20,Virginia,Ensemble
2026-05-16,51,2,wk inc flu hosp,2026-05-30,quantile,0.75,21,Virginia,Ensemble
2026-05-16,51,2,wk inc flu hosp,2026-05-30,quantile,0.8,23,Virginia,Ensemble
2026-05-16,51,2,wk inc flu hosp,2026-05-30,quantile,0.85,27,Virginia,Ensemble
2026-05-16,51,2,wk inc flu hosp,2026-05-30,quantile,0.9,33,Virginia,Ensemble
2026-05-16,51,2,wk inc flu hosp,2026-05-30,quantile,0.95,43,Virginia,Ensemble
2026-05-16,51,2,wk inc flu hosp,2026-05-30,quantile,0.975,56,Virginia,Ensemble
2026-05-16,51,2,wk inc flu hosp,2026-05-30,quantile,0.99,73,Virginia,Ensemble
2026-05-16,51,3,wk inc flu hosp,2026-06-06,quantile,0.01,3,Virginia,Ensemble
2026-05-16,51,3,wk inc flu hosp,2026-06-06,quantile,0.025,3,Virginia,Ensemble
2026-05-16,51,3,wk inc flu hosp,2026-06-06,quantile,0.05,4,Virginia,Ensemble
2026-05-16,51,3,wk inc flu hosp,2026-06-06,quantile,0.1,6,Virginia,Ensemble
2026-05-16,51,3,wk inc flu hosp,2026-06-06,quantile,0.15,8,Virginia,Ensemble
2026-05-16,51,3,wk inc flu hosp,2026-06-06,quantile,0.2,9,Virginia,Ensemble
2026-05-16,51,3,wk inc flu hosp,2026-06-06,quantile,0.25,10,Virginia,Ensemble
2026-05-16,51,3,wk inc flu hosp,2026-06-06,quantile,0.3,11,Virginia,Ensemble
2026-05-16,51,3,wk inc flu hosp,2026-06-06,quantile,0.35,11,Virginia,Ensemble
2026-05-16,51,3,wk inc flu hosp,2026-06-06,quantile,0.4,12,Virginia,Ensemble
2026-05-16,51,3,wk inc flu hosp,2026-06-06,quantile,0.45,13,Virginia,Ensemble
2026-05-16,51,3,wk inc flu hosp,2026-06-06,quantile,0.5,15,Virginia,Ensemble
2026-05-16,51,3,wk inc flu hosp,2026-06-06,quantile,0.55,16,Virginia,Ensemble
2026-05-16,51,3,wk inc flu hosp,2026-06-06,quantile,0.6,17,Virginia,Ensemble
2026-05-16,51,3,wk inc flu hosp,2026-06-06,quantile,0.65,18,Virginia,Ensemble
2026-05-16,51,3,wk inc flu hosp,2026-06-06,quantile,0.7,20,Virginia,Ensemble
2026-05-16,51,3,wk inc flu hosp,2026-06-06,quantile,0.75,23,Virginia,Ensemble
2026-05-16,51,3,wk inc flu hosp,2026-06-06,quantile,0.8,26,Virginia,Ensemble
2026-05-16,51,3,wk inc flu hosp,2026-06-06,quantile,0.85,31,Virginia,Ensemble
2026-05-16,51,3,wk inc flu hosp,2026-06-06,quantile,0.9,40,Virginia,Ensemble
2026-05-16,51,3,wk inc flu hosp,2026-06-06,quantile,0.95,57,Virginia,Ensemble
2026-05-16,51,3,wk inc flu hosp,2026-06-06,quantile,0.975,75,Virginia,Ensemble
2026-05-16,51,3,wk inc flu hosp,2026-06-06,quantile,0.99,102,Virginia,Ensemble
2026-05-16,53,0,wk inc flu hosp,2026-05-16,quantile,0.01,8,Washington,Ensemble
2026-05-16,53,0,wk inc flu hosp,2026-05-16,quantile,0.025,10,Washington,Ensemble
2026-05-16,53,0,wk inc flu hosp,2026-05-16,quantile,0.05,12,Washington,Ensemble
2026-05-16,53,0,wk inc flu hosp,2026-05-16,quantile,0.1,15,Washington,Ensemble
2026-05-16,53,0,wk inc flu hosp,2026-05-16,quantile,0.15,17,Washington,Ensemble
2026-05-16,53,0,wk inc flu hosp,2026-05-16,quantile,0.2,18,Washington,Ensemble
2026-05-16,53,0,wk inc flu hosp,2026-05-16,quantile,0.25,19,Washington,Ensemble
2026-05-16,53,0,wk inc flu hosp,2026-05-16,quantile,0.3,21,Washington,Ensemble
2026-05-16,53,0,wk inc flu hosp,2026-05-16,quantile,0.35,22,Washington,Ensemble
2026-05-16,53,0,wk inc flu hosp,2026-05-16,quantile,0.4,23,Washington,Ensemble
2026-05-16,53,0,wk inc flu hosp,2026-05-16,quantile,0.45,24,Washington,Ensemble
2026-05-16,53,0,wk inc flu hosp,2026-05-16,quantile,0.5,26,Washington,Ensemble
2026-05-16,53,0,wk inc flu hosp,2026-05-16,quantile,0.55,27,Washington,Ensemble
2026-05-16,53,0,wk inc flu hosp,2026-05-16,quantile,0.6,29,Washington,Ensemble
2026-05-16,53,0,wk inc flu hosp,2026-05-16,quantile,0.65,30,Washington,Ensemble
2026-05-16,53,0,wk inc flu hosp,2026-05-16,quantile,0.7,31,Washington,Ensemble
2026-05-16,53,0,wk inc flu hosp,2026-05-16,quantile,0.75,33,Washington,Ensemble
2026-05-16,53,0,wk inc flu hosp,2026-05-16,quantile,0.8,35,Washington,Ensemble
2026-05-16,53,0,wk inc flu hosp,2026-05-16,quantile,0.85,38,Washington,Ensemble
2026-05-16,53,0,wk inc flu hosp,2026-05-16,quantile,0.9,42,Washington,Ensemble
2026-05-16,53,0,wk inc flu hosp,2026-05-16,quantile,0.95,49,Washington,Ensemble
2026-05-16,53,0,wk inc flu hosp,2026-05-16,quantile,0.975,56,Washington,Ensemble
2026-05-16,53,0,wk inc flu hosp,2026-05-16,quantile,0.99,67,Washington,Ensemble
2026-05-16,53,1,wk inc flu hosp,2026-05-23,quantile,0.01,6,Washington,Ensemble
2026-05-16,53,1,wk inc flu hosp,2026-05-23,quantile,0.025,8,Washington,Ensemble
2026-05-16,53,1,wk inc flu hosp,2026-05-23,quantile,0.05,10,Washington,Ensemble
2026-05-16,53,1,wk inc flu hosp,2026-05-23,quantile,0.1,12,Washington,Ensemble
2026-05-16,53,1,wk inc flu hosp,2026-05-23,quantile,0.15,14,Washington,Ensemble
2026-05-16,53,1,wk inc flu hosp,2026-05-23,quantile,0.2,15,Washington,Ensemble
2026-05-16,53,1,wk inc flu hosp,2026-05-23,quantile,0.25,17,Washington,Ensemble
2026-05-16,53,1,wk inc flu hosp,2026-05-23,quantile,0.3,18,Washington,Ensemble
2026-05-16,53,1,wk inc flu hosp,2026-05-23,quantile,0.35,19,Washington,Ensemble
2026-05-16,53,1,wk inc flu hosp,2026-05-23,quantile,0.4,20,Washington,Ensemble
2026-05-16,53,1,wk inc flu hosp,2026-05-23,quantile,0.45,21,Washington,Ensemble
2026-05-16,53,1,wk inc flu hosp,2026-05-23,quantile,0.5,24,Washington,Ensemble
2026-05-16,53,1,wk inc flu hosp,2026-05-23,quantile,0.55,25,Washington,Ensemble
2026-05-16,53,1,wk inc flu hosp,2026-05-23,quantile,0.6,26,Washington,Ensemble
2026-05-16,53,1,wk inc flu hosp,2026-05-23,quantile,0.65,27,Washington,Ensemble
2026-05-16,53,1,wk inc flu hosp,2026-05-23,quantile,0.7,29,Washington,Ensemble
2026-05-16,53,1,wk inc flu hosp,2026-05-23,quantile,0.75,31,Washington,Ensemble
2026-05-16,53,1,wk inc flu hosp,2026-05-23,quantile,0.8,33,Washington,Ensemble
2026-05-16,53,1,wk inc flu hosp,2026-05-23,quantile,0.85,36,Washington,Ensemble
2026-05-16,53,1,wk inc flu hosp,2026-05-23,quantile,0.9,40,Washington,Ensemble
2026-05-16,53,1,wk inc flu hosp,2026-05-23,quantile,0.95,46,Washington,Ensemble
2026-05-16,53,1,wk inc flu hosp,2026-05-23,quantile,0.975,54,Washington,Ensemble
2026-05-16,53,1,wk inc flu hosp,2026-05-23,quantile,0.99,66,Washington,Ensemble
2026-05-16,53,2,wk inc flu hosp,2026-05-30,quantile,0.01,5,Washington,Ensemble
2026-05-16,53,2,wk inc flu hosp,2026-05-30,quantile,0.025,6,Washington,Ensemble
2026-05-16,53,2,wk inc flu hosp,2026-05-30,quantile,0.05,8,Washington,Ensemble
2026-05-16,53,2,wk inc flu hosp,2026-05-30,quantile,0.1,10,Washington,Ensemble
2026-05-16,53,2,wk inc flu hosp,2026-05-30,quantile,0.15,11,Washington,Ensemble
2026-05-16,53,2,wk inc flu hosp,2026-05-30,quantile,0.2,13,Washington,Ensemble
2026-05-16,53,2,wk inc flu hosp,2026-05-30,quantile,0.25,14,Washington,Ensemble
2026-05-16,53,2,wk inc flu hosp,2026-05-30,quantile,0.3,15,Washington,Ensemble
2026-05-16,53,2,wk inc flu hosp,2026-05-30,quantile,0.35,16,Washington,Ensemble
2026-05-16,53,2,wk inc flu hosp,2026-05-30,quantile,0.4,17,Washington,Ensemble
2026-05-16,53,2,wk inc flu hosp,2026-05-30,quantile,0.45,18,Washington,Ensemble
2026-05-16,53,2,wk inc flu hosp,2026-05-30,quantile,0.5,20,Washington,Ensemble
2026-05-16,53,2,wk inc flu hosp,2026-05-30,quantile,0.55,21,Washington,Ensemble
2026-05-16,53,2,wk inc flu hosp,2026-05-30,quantile,0.6,23,Washington,Ensemble
2026-05-16,53,2,wk inc flu hosp,2026-05-30,quantile,0.65,24,Washington,Ensemble
2026-05-16,53,2,wk inc flu hosp,2026-05-30,quantile,0.7,26,Washington,Ensemble
2026-05-16,53,2,wk inc flu hosp,2026-05-30,quantile,0.75,27,Washington,Ensemble
2026-05-16,53,2,wk inc flu hosp,2026-05-30,quantile,0.8,30,Washington,Ensemble
2026-05-16,53,2,wk inc flu hosp,2026-05-30,quantile,0.85,32,Washington,Ensemble
2026-05-16,53,2,wk inc flu hosp,2026-05-30,quantile,0.9,37,Washington,Ensemble
2026-05-16,53,2,wk inc flu hosp,2026-05-30,quantile,0.95,44,Washington,Ensemble
2026-05-16,53,2,wk inc flu hosp,2026-05-30,quantile,0.975,53,Washington,Ensemble
2026-05-16,53,2,wk inc flu hosp,2026-05-30,quantile,0.99,67,Washington,Ensemble
2026-05-16,53,3,wk inc flu hosp,2026-06-06,quantile,0.01,4,Washington,Ensemble
2026-05-16,53,3,wk inc flu hosp,2026-06-06,quantile,0.025,5,Washington,Ensemble
2026-05-16,53,3,wk inc flu hosp,2026-06-06,quantile,0.05,7,Washington,Ensemble
2026-05-16,53,3,wk inc flu hosp,2026-06-06,quantile,0.1,9,Washington,Ensemble
2026-05-16,53,3,wk inc flu hosp,2026-06-06,quantile,0.15,10,Washington,Ensemble
2026-05-16,53,3,wk inc flu hosp,2026-06-06,quantile,0.2,11,Washington,Ensemble
2026-05-16,53,3,wk inc flu hosp,2026-06-06,quantile,0.25,12,Washington,Ensemble
2026-05-16,53,3,wk inc flu hosp,2026-06-06,quantile,0.3,14,Washington,Ensemble
2026-05-16,53,3,wk inc flu hosp,2026-06-06,quantile,0.35,15,Washington,Ensemble
2026-05-16,53,3,wk inc flu hosp,2026-06-06,quantile,0.4,16,Washington,Ensemble
2026-05-16,53,3,wk inc flu hosp,2026-06-06,quantile,0.45,17,Washington,Ensemble
2026-05-16,53,3,wk inc flu hosp,2026-06-06,quantile,0.5,19,Washington,Ensemble
2026-05-16,53,3,wk inc flu hosp,2026-06-06,quantile,0.55,20,Washington,Ensemble
2026-05-16,53,3,wk inc flu hosp,2026-06-06,quantile,0.6,21,Washington,Ensemble
2026-05-16,53,3,wk inc flu hosp,2026-06-06,quantile,0.65,23,Washington,Ensemble
2026-05-16,53,3,wk inc flu hosp,2026-06-06,quantile,0.7,24,Washington,Ensemble
2026-05-16,53,3,wk inc flu hosp,2026-06-06,quantile,0.75,26,Washington,Ensemble
2026-05-16,53,3,wk inc flu hosp,2026-06-06,quantile,0.8,28,Washington,Ensemble
2026-05-16,53,3,wk inc flu hosp,2026-06-06,quantile,0.85,31,Washington,Ensemble
2026-05-16,53,3,wk inc flu hosp,2026-06-06,quantile,0.9,36,Washington,Ensemble
2026-05-16,53,3,wk inc flu hosp,2026-06-06,quantile,0.95,44,Washington,Ensemble
2026-05-16,53,3,wk inc flu hosp,2026-06-06,quantile,0.975,53,Washington,Ensemble
2026-05-16,53,3,wk inc flu hosp,2026-06-06,quantile,0.99,67,Washington,Ensemble
2026-05-16,54,0,wk inc flu hosp,2026-05-16,quantile,0.01,0,West Virginia,Ensemble
2026-05-16,54,0,wk inc flu hosp,2026-05-16,quantile,0.025,0,West Virginia,Ensemble
2026-05-16,54,0,wk inc flu hosp,2026-05-16,quantile,0.05,0,West Virginia,Ensemble
2026-05-16,54,0,wk inc flu hosp,2026-05-16,quantile,0.1,0,West Virginia,Ensemble
2026-05-16,54,0,wk inc flu hosp,2026-05-16,quantile,0.15,1,West Virginia,Ensemble
2026-05-16,54,0,wk inc flu hosp,2026-05-16,quantile,0.2,1,West Virginia,Ensemble
2026-05-16,54,0,wk inc flu hosp,2026-05-16,quantile,0.25,1,West Virginia,Ensemble
2026-05-16,54,0,wk inc flu hosp,2026-05-16,quantile,0.3,2,West Virginia,Ensemble
2026-05-16,54,0,wk inc flu hosp,2026-05-16,quantile,0.35,2,West Virginia,Ensemble
2026-05-16,54,0,wk inc flu hosp,2026-05-16,quantile,0.4,2,West Virginia,Ensemble
2026-05-16,54,0,wk inc flu hosp,2026-05-16,quantile,0.45,3,West Virginia,Ensemble
2026-05-16,54,0,wk inc flu hosp,2026-05-16,quantile,0.5,4,West Virginia,Ensemble
2026-05-16,54,0,wk inc flu hosp,2026-05-16,quantile,0.55,4,West Virginia,Ensemble
2026-05-16,54,0,wk inc flu hosp,2026-05-16,quantile,0.6,5,West Virginia,Ensemble
2026-05-16,54,0,wk inc flu hosp,2026-05-16,quantile,0.65,5,West Virginia,Ensemble
2026-05-16,54,0,wk inc flu hosp,2026-05-16,quantile,0.7,5,West Virginia,Ensemble
2026-05-16,54,0,wk inc flu hosp,2026-05-16,quantile,0.75,6,West Virginia,Ensemble
2026-05-16,54,0,wk inc flu hosp,2026-05-16,quantile,0.8,7,West Virginia,Ensemble
2026-05-16,54,0,wk inc flu hosp,2026-05-16,quantile,0.85,8,West Virginia,Ensemble
2026-05-16,54,0,wk inc flu hosp,2026-05-16,quantile,0.9,9,West Virginia,Ensemble
2026-05-16,54,0,wk inc flu hosp,2026-05-16,quantile,0.95,12,West Virginia,Ensemble
2026-05-16,54,0,wk inc flu hosp,2026-05-16,quantile,0.975,15,West Virginia,Ensemble
2026-05-16,54,0,wk inc flu hosp,2026-05-16,quantile,0.99,20,West Virginia,Ensemble
2026-05-16,54,1,wk inc flu hosp,2026-05-23,quantile,0.01,0,West Virginia,Ensemble
2026-05-16,54,1,wk inc flu hosp,2026-05-23,quantile,0.025,0,West Virginia,Ensemble
2026-05-16,54,1,wk inc flu hosp,2026-05-23,quantile,0.05,0,West Virginia,Ensemble
2026-05-16,54,1,wk inc flu hosp,2026-05-23,quantile,0.1,0,West Virginia,Ensemble
2026-05-16,54,1,wk inc flu hosp,2026-05-23,quantile,0.15,0,West Virginia,Ensemble
2026-05-16,54,1,wk inc flu hosp,2026-05-23,quantile,0.2,0,West Virginia,Ensemble
2026-05-16,54,1,wk inc flu hosp,2026-05-23,quantile,0.25,1,West Virginia,Ensemble
2026-05-16,54,1,wk inc flu hosp,2026-05-23,quantile,0.3,1,West Virginia,Ensemble
2026-05-16,54,1,wk inc flu hosp,2026-05-23,quantile,0.35,1,West Virginia,Ensemble
2026-05-16,54,1,wk inc flu hosp,2026-05-23,quantile,0.4,2,West Virginia,Ensemble
2026-05-16,54,1,wk inc flu hosp,2026-05-23,quantile,0.45,2,West Virginia,Ensemble
2026-05-16,54,1,wk inc flu hosp,2026-05-23,quantile,0.5,3,West Virginia,Ensemble
2026-05-16,54,1,wk inc flu hosp,2026-05-23,quantile,0.55,4,West Virginia,Ensemble
2026-05-16,54,1,wk inc flu hosp,2026-05-23,quantile,0.6,4,West Virginia,Ensemble
2026-05-16,54,1,wk inc flu hosp,2026-05-23,quantile,0.65,5,West Virginia,Ensemble
2026-05-16,54,1,wk inc flu hosp,2026-05-23,quantile,0.7,5,West Virginia,Ensemble
2026-05-16,54,1,wk inc flu hosp,2026-05-23,quantile,0.75,6,West Virginia,Ensemble
2026-05-16,54,1,wk inc flu hosp,2026-05-23,quantile,0.8,6,West Virginia,Ensemble
2026-05-16,54,1,wk inc flu hosp,2026-05-23,quantile,0.85,7,West Virginia,Ensemble
2026-05-16,54,1,wk inc flu hosp,2026-05-23,quantile,0.9,9,West Virginia,Ensemble
2026-05-16,54,1,wk inc flu hosp,2026-05-23,quantile,0.95,12,West Virginia,Ensemble
2026-05-16,54,1,wk inc flu hosp,2026-05-23,quantile,0.975,17,West Virginia,Ensemble
2026-05-16,54,1,wk inc flu hosp,2026-05-23,quantile,0.99,23,West Virginia,Ensemble
2026-05-16,54,2,wk inc flu hosp,2026-05-30,quantile,0.01,0,West Virginia,Ensemble
2026-05-16,54,2,wk inc flu hosp,2026-05-30,quantile,0.025,0,West Virginia,Ensemble
2026-05-16,54,2,wk inc flu hosp,2026-05-30,quantile,0.05,0,West Virginia,Ensemble
2026-05-16,54,2,wk inc flu hosp,2026-05-30,quantile,0.1,0,West Virginia,Ensemble
2026-05-16,54,2,wk inc flu hosp,2026-05-30,quantile,0.15,0,West Virginia,Ensemble
2026-05-16,54,2,wk inc flu hosp,2026-05-30,quantile,0.2,0,West Virginia,Ensemble
2026-05-16,54,2,wk inc flu hosp,2026-05-30,quantile,0.25,1,West Virginia,Ensemble
2026-05-16,54,2,wk inc flu hosp,2026-05-30,quantile,0.3,1,West Virginia,Ensemble
2026-05-16,54,2,wk inc flu hosp,2026-05-30,quantile,0.35,1,West Virginia,Ensemble
2026-05-16,54,2,wk inc flu hosp,2026-05-30,quantile,0.4,1,West Virginia,Ensemble
2026-05-16,54,2,wk inc flu hosp,2026-05-30,quantile,0.45,2,West Virginia,Ensemble
2026-05-16,54,2,wk inc flu hosp,2026-05-30,quantile,0.5,3,West Virginia,Ensemble
2026-05-16,54,2,wk inc flu hosp,2026-05-30,quantile,0.55,3,West Virginia,Ensemble
2026-05-16,54,2,wk inc flu hosp,2026-05-30,quantile,0.6,4,West Virginia,Ensemble
2026-05-16,54,2,wk inc flu hosp,2026-05-30,quantile,0.65,4,West Virginia,Ensemble
2026-05-16,54,2,wk inc flu hosp,2026-05-30,quantile,0.7,4,West Virginia,Ensemble
2026-05-16,54,2,wk inc flu hosp,2026-05-30,quantile,0.75,5,West Virginia,Ensemble
2026-05-16,54,2,wk inc flu hosp,2026-05-30,quantile,0.8,6,West Virginia,Ensemble
2026-05-16,54,2,wk inc flu hosp,2026-05-30,quantile,0.85,7,West Virginia,Ensemble
2026-05-16,54,2,wk inc flu hosp,2026-05-30,quantile,0.9,9,West Virginia,Ensemble
2026-05-16,54,2,wk inc flu hosp,2026-05-30,quantile,0.95,13,West Virginia,Ensemble
2026-05-16,54,2,wk inc flu hosp,2026-05-30,quantile,0.975,18,West Virginia,Ensemble
2026-05-16,54,2,wk inc flu hosp,2026-05-30,quantile,0.99,26,West Virginia,Ensemble
2026-05-16,54,3,wk inc flu hosp,2026-06-06,quantile,0.01,0,West Virginia,Ensemble
2026-05-16,54,3,wk inc flu hosp,2026-06-06,quantile,0.025,0,West Virginia,Ensemble
2026-05-16,54,3,wk inc flu hosp,2026-06-06,quantile,0.05,0,West Virginia,Ensemble
2026-05-16,54,3,wk inc flu hosp,2026-06-06,quantile,0.1,0,West Virginia,Ensemble
2026-05-16,54,3,wk inc flu hosp,2026-06-06,quantile,0.15,0,West Virginia,Ensemble
2026-05-16,54,3,wk inc flu hosp,2026-06-06,quantile,0.2,0,West Virginia,Ensemble
2026-05-16,54,3,wk inc flu hosp,2026-06-06,quantile,0.25,0,West Virginia,Ensemble
2026-05-16,54,3,wk inc flu hosp,2026-06-06,quantile,0.3,0,West Virginia,Ensemble
2026-05-16,54,3,wk inc flu hosp,2026-06-06,quantile,0.35,1,West Virginia,Ensemble
2026-05-16,54,3,wk inc flu hosp,2026-06-06,quantile,0.4,1,West Virginia,Ensemble
2026-05-16,54,3,wk inc flu hosp,2026-06-06,quantile,0.45,1,West Virginia,Ensemble
2026-05-16,54,3,wk inc flu hosp,2026-06-06,quantile,0.5,2,West Virginia,Ensemble
2026-05-16,54,3,wk inc flu hosp,2026-06-06,quantile,0.55,3,West Virginia,Ensemble
2026-05-16,54,3,wk inc flu hosp,2026-06-06,quantile,0.6,3,West Virginia,Ensemble
2026-05-16,54,3,wk inc flu hosp,2026-06-06,quantile,0.65,3,West Virginia,Ensemble
2026-05-16,54,3,wk inc flu hosp,2026-06-06,quantile,0.7,4,West Virginia,Ensemble
2026-05-16,54,3,wk inc flu hosp,2026-06-06,quantile,0.75,4,West Virginia,Ensemble
2026-05-16,54,3,wk inc flu hosp,2026-06-06,quantile,0.8,5,West Virginia,Ensemble
2026-05-16,54,3,wk inc flu hosp,2026-06-06,quantile,0.85,7,West Virginia,Ensemble
2026-05-16,54,3,wk inc flu hosp,2026-06-06,quantile,0.9,9,West Virginia,Ensemble
2026-05-16,54,3,wk inc flu hosp,2026-06-06,quantile,0.95,14,West Virginia,Ensemble
2026-05-16,54,3,wk inc flu hosp,2026-06-06,quantile,0.975,20,West Virginia,Ensemble
2026-05-16,54,3,wk inc flu hosp,2026-06-06,quantile,0.99,28,West Virginia,Ensemble
2026-05-16,55,0,wk inc flu hosp,2026-05-16,quantile,0.01,0,Wisconsin,Ensemble
2026-05-16,55,0,wk inc flu hosp,2026-05-16,quantile,0.025,0,Wisconsin,Ensemble
2026-05-16,55,0,wk inc flu hosp,2026-05-16,quantile,0.05,0,Wisconsin,Ensemble
2026-05-16,55,0,wk inc flu hosp,2026-05-16,quantile,0.1,1,Wisconsin,Ensemble
2026-05-16,55,0,wk inc flu hosp,2026-05-16,quantile,0.15,1,Wisconsin,Ensemble
2026-05-16,55,0,wk inc flu hosp,2026-05-16,quantile,0.2,1,Wisconsin,Ensemble
2026-05-16,55,0,wk inc flu hosp,2026-05-16,quantile,0.25,2,Wisconsin,Ensemble
2026-05-16,55,0,wk inc flu hosp,2026-05-16,quantile,0.3,2,Wisconsin,Ensemble
2026-05-16,55,0,wk inc flu hosp,2026-05-16,quantile,0.35,2,Wisconsin,Ensemble
2026-05-16,55,0,wk inc flu hosp,2026-05-16,quantile,0.4,3,Wisconsin,Ensemble
2026-05-16,55,0,wk inc flu hosp,2026-05-16,quantile,0.45,3,Wisconsin,Ensemble
2026-05-16,55,0,wk inc flu hosp,2026-05-16,quantile,0.5,5,Wisconsin,Ensemble
2026-05-16,55,0,wk inc flu hosp,2026-05-16,quantile,0.55,5,Wisconsin,Ensemble
2026-05-16,55,0,wk inc flu hosp,2026-05-16,quantile,0.6,6,Wisconsin,Ensemble
2026-05-16,55,0,wk inc flu hosp,2026-05-16,quantile,0.65,7,Wisconsin,Ensemble
2026-05-16,55,0,wk inc flu hosp,2026-05-16,quantile,0.7,7,Wisconsin,Ensemble
2026-05-16,55,0,wk inc flu hosp,2026-05-16,quantile,0.75,8,Wisconsin,Ensemble
2026-05-16,55,0,wk inc flu hosp,2026-05-16,quantile,0.8,9,Wisconsin,Ensemble
2026-05-16,55,0,wk inc flu hosp,2026-05-16,quantile,0.85,11,Wisconsin,Ensemble
2026-05-16,55,0,wk inc flu hosp,2026-05-16,quantile,0.9,13,Wisconsin,Ensemble
2026-05-16,55,0,wk inc flu hosp,2026-05-16,quantile,0.95,17,Wisconsin,Ensemble
2026-05-16,55,0,wk inc flu hosp,2026-05-16,quantile,0.975,23,Wisconsin,Ensemble
2026-05-16,55,0,wk inc flu hosp,2026-05-16,quantile,0.99,30,Wisconsin,Ensemble
2026-05-16,55,1,wk inc flu hosp,2026-05-23,quantile,0.01,0,Wisconsin,Ensemble
2026-05-16,55,1,wk inc flu hosp,2026-05-23,quantile,0.025,0,Wisconsin,Ensemble
2026-05-16,55,1,wk inc flu hosp,2026-05-23,quantile,0.05,0,Wisconsin,Ensemble
2026-05-16,55,1,wk inc flu hosp,2026-05-23,quantile,0.1,1,Wisconsin,Ensemble
2026-05-16,55,1,wk inc flu hosp,2026-05-23,quantile,0.15,1,Wisconsin,Ensemble
2026-05-16,55,1,wk inc flu hosp,2026-05-23,quantile,0.2,1,Wisconsin,Ensemble
2026-05-16,55,1,wk inc flu hosp,2026-05-23,quantile,0.25,1,Wisconsin,Ensemble
2026-05-16,55,1,wk inc flu hosp,2026-05-23,quantile,0.3,2,Wisconsin,Ensemble
2026-05-16,55,1,wk inc flu hosp,2026-05-23,quantile,0.35,2,Wisconsin,Ensemble
2026-05-16,55,1,wk inc flu hosp,2026-05-23,quantile,0.4,2,Wisconsin,Ensemble
2026-05-16,55,1,wk inc flu hosp,2026-05-23,quantile,0.45,3,Wisconsin,Ensemble
2026-05-16,55,1,wk inc flu hosp,2026-05-23,quantile,0.5,4,Wisconsin,Ensemble
2026-05-16,55,1,wk inc flu hosp,2026-05-23,quantile,0.55,4,Wisconsin,Ensemble
2026-05-16,55,1,wk inc flu hosp,2026-05-23,quantile,0.6,5,Wisconsin,Ensemble
2026-05-16,55,1,wk inc flu hosp,2026-05-23,quantile,0.65,6,Wisconsin,Ensemble
2026-05-16,55,1,wk inc flu hosp,2026-05-23,quantile,0.7,7,Wisconsin,Ensemble
2026-05-16,55,1,wk inc flu hosp,2026-05-23,quantile,0.75,7,Wisconsin,Ensemble
2026-05-16,55,1,wk inc flu hosp,2026-05-23,quantile,0.8,8,Wisconsin,Ensemble
2026-05-16,55,1,wk inc flu hosp,2026-05-23,quantile,0.85,10,Wisconsin,Ensemble
2026-05-16,55,1,wk inc flu hosp,2026-05-23,quantile,0.9,13,Wisconsin,Ensemble
2026-05-16,55,1,wk inc flu hosp,2026-05-23,quantile,0.95,19,Wisconsin,Ensemble
2026-05-16,55,1,wk inc flu hosp,2026-05-23,quantile,0.975,26,Wisconsin,Ensemble
2026-05-16,55,1,wk inc flu hosp,2026-05-23,quantile,0.99,36,Wisconsin,Ensemble
2026-05-16,55,2,wk inc flu hosp,2026-05-30,quantile,0.01,0,Wisconsin,Ensemble
2026-05-16,55,2,wk inc flu hosp,2026-05-30,quantile,0.025,0,Wisconsin,Ensemble
2026-05-16,55,2,wk inc flu hosp,2026-05-30,quantile,0.05,0,Wisconsin,Ensemble
2026-05-16,55,2,wk inc flu hosp,2026-05-30,quantile,0.1,0,Wisconsin,Ensemble
2026-05-16,55,2,wk inc flu hosp,2026-05-30,quantile,0.15,1,Wisconsin,Ensemble
2026-05-16,55,2,wk inc flu hosp,2026-05-30,quantile,0.2,1,Wisconsin,Ensemble
2026-05-16,55,2,wk inc flu hosp,2026-05-30,quantile,0.25,1,Wisconsin,Ensemble
2026-05-16,55,2,wk inc flu hosp,2026-05-30,quantile,0.3,2,Wisconsin,Ensemble
2026-05-16,55,2,wk inc flu hosp,2026-05-30,quantile,0.35,2,Wisconsin,Ensemble
2026-05-16,55,2,wk inc flu hosp,2026-05-30,quantile,0.4,2,Wisconsin,Ensemble
2026-05-16,55,2,wk inc flu hosp,2026-05-30,quantile,0.45,2,Wisconsin,Ensemble
2026-05-16,55,2,wk inc flu hosp,2026-05-30,quantile,0.5,4,Wisconsin,Ensemble
2026-05-16,55,2,wk inc flu hosp,2026-05-30,quantile,0.55,4,Wisconsin,Ensemble
2026-05-16,55,2,wk inc flu hosp,2026-05-30,quantile,0.6,5,Wisconsin,Ensemble
2026-05-16,55,2,wk inc flu hosp,2026-05-30,quantile,0.65,5,Wisconsin,Ensemble
2026-05-16,55,2,wk inc flu hosp,2026-05-30,quantile,0.7,6,Wisconsin,Ensemble
2026-05-16,55,2,wk inc flu hosp,2026-05-30,quantile,0.75,7,Wisconsin,Ensemble
2026-05-16,55,2,wk inc flu hosp,2026-05-30,quantile,0.8,9,Wisconsin,Ensemble
2026-05-16,55,2,wk inc flu hosp,2026-05-30,quantile,0.85,12,Wisconsin,Ensemble
2026-05-16,55,2,wk inc flu hosp,2026-05-30,quantile,0.9,17,Wisconsin,Ensemble
2026-05-16,55,2,wk inc flu hosp,2026-05-30,quantile,0.95,27,Wisconsin,Ensemble
2026-05-16,55,2,wk inc flu hosp,2026-05-30,quantile,0.975,38,Wisconsin,Ensemble
2026-05-16,55,2,wk inc flu hosp,2026-05-30,quantile,0.99,55,Wisconsin,Ensemble
2026-05-16,55,3,wk inc flu hosp,2026-06-06,quantile,0.01,0,Wisconsin,Ensemble
2026-05-16,55,3,wk inc flu hosp,2026-06-06,quantile,0.025,0,Wisconsin,Ensemble
2026-05-16,55,3,wk inc flu hosp,2026-06-06,quantile,0.05,0,Wisconsin,Ensemble
2026-05-16,55,3,wk inc flu hosp,2026-06-06,quantile,0.1,0,Wisconsin,Ensemble
2026-05-16,55,3,wk inc flu hosp,2026-06-06,quantile,0.15,1,Wisconsin,Ensemble
2026-05-16,55,3,wk inc flu hosp,2026-06-06,quantile,0.2,1,Wisconsin,Ensemble
2026-05-16,55,3,wk inc flu hosp,2026-06-06,quantile,0.25,1,Wisconsin,Ensemble
2026-05-16,55,3,wk inc flu hosp,2026-06-06,quantile,0.3,2,Wisconsin,Ensemble
2026-05-16,55,3,wk inc flu hosp,2026-06-06,quantile,0.35,2,Wisconsin,Ensemble
2026-05-16,55,3,wk inc flu hosp,2026-06-06,quantile,0.4,2,Wisconsin,Ensemble
2026-05-16,55,3,wk inc flu hosp,2026-06-06,quantile,0.45,2,Wisconsin,Ensemble
2026-05-16,55,3,wk inc flu hosp,2026-06-06,quantile,0.5,4,Wisconsin,Ensemble
2026-05-16,55,3,wk inc flu hosp,2026-06-06,quantile,0.55,4,Wisconsin,Ensemble
2026-05-16,55,3,wk inc flu hosp,2026-06-06,quantile,0.6,4,Wisconsin,Ensemble
2026-05-16,55,3,wk inc flu hosp,2026-06-06,quantile,0.65,5,Wisconsin,Ensemble
2026-05-16,55,3,wk inc flu hosp,2026-06-06,quantile,0.7,6,Wisconsin,Ensemble
2026-05-16,55,3,wk inc flu hosp,2026-06-06,quantile,0.75,7,Wisconsin,Ensemble
2026-05-16,55,3,wk inc flu hosp,2026-06-06,quantile,0.8,8,Wisconsin,Ensemble
2026-05-16,55,3,wk inc flu hosp,2026-06-06,quantile,0.85,11,Wisconsin,Ensemble
2026-05-16,55,3,wk inc flu hosp,2026-06-06,quantile,0.9,16,Wisconsin,Ensemble
2026-05-16,55,3,wk inc flu hosp,2026-06-06,quantile,0.95,26,Wisconsin,Ensemble
2026-05-16,55,3,wk inc flu hosp,2026-06-06,quantile,0.975,38,Wisconsin,Ensemble
2026-05-16,55,3,wk inc flu hosp,2026-06-06,quantile,0.99,56,Wisconsin,Ensemble
2026-05-16,56,0,wk inc flu hosp,2026-05-16,quantile,0.01,0,Wyoming,Ensemble
2026-05-16,56,0,wk inc flu hosp,2026-05-16,quantile,0.025,0,Wyoming,Ensemble
2026-05-16,56,0,wk inc flu hosp,2026-05-16,quantile,0.05,0,Wyoming,Ensemble
2026-05-16,56,0,wk inc flu hosp,2026-05-16,quantile,0.1,0,Wyoming,Ensemble
2026-05-16,56,0,wk inc flu hosp,2026-05-16,quantile,0.15,1,Wyoming,Ensemble
2026-05-16,56,0,wk inc flu hosp,2026-05-16,quantile,0.2,1,Wyoming,Ensemble
2026-05-16,56,0,wk inc flu hosp,2026-05-16,quantile,0.25,1,Wyoming,Ensemble
2026-05-16,56,0,wk inc flu hosp,2026-05-16,quantile,0.3,1,Wyoming,Ensemble
2026-05-16,56,0,wk inc flu hosp,2026-05-16,quantile,0.35,1,Wyoming,Ensemble
2026-05-16,56,0,wk inc flu hosp,2026-05-16,quantile,0.4,2,Wyoming,Ensemble
2026-05-16,56,0,wk inc flu hosp,2026-05-16,quantile,0.45,2,Wyoming,Ensemble
2026-05-16,56,0,wk inc flu hosp,2026-05-16,quantile,0.5,3,Wyoming,Ensemble
2026-05-16,56,0,wk inc flu hosp,2026-05-16,quantile,0.55,4,Wyoming,Ensemble
2026-05-16,56,0,wk inc flu hosp,2026-05-16,quantile,0.6,4,Wyoming,Ensemble
2026-05-16,56,0,wk inc flu hosp,2026-05-16,quantile,0.65,4,Wyoming,Ensemble
2026-05-16,56,0,wk inc flu hosp,2026-05-16,quantile,0.7,5,Wyoming,Ensemble
2026-05-16,56,0,wk inc flu hosp,2026-05-16,quantile,0.75,5,Wyoming,Ensemble
2026-05-16,56,0,wk inc flu hosp,2026-05-16,quantile,0.8,6,Wyoming,Ensemble
2026-05-16,56,0,wk inc flu hosp,2026-05-16,quantile,0.85,7,Wyoming,Ensemble
2026-05-16,56,0,wk inc flu hosp,2026-05-16,quantile,0.9,8,Wyoming,Ensemble
2026-05-16,56,0,wk inc flu hosp,2026-05-16,quantile,0.95,10,Wyoming,Ensemble
2026-05-16,56,0,wk inc flu hosp,2026-05-16,quantile,0.975,12,Wyoming,Ensemble
2026-05-16,56,0,wk inc flu hosp,2026-05-16,quantile,0.99,16,Wyoming,Ensemble
2026-05-16,56,1,wk inc flu hosp,2026-05-23,quantile,0.01,0,Wyoming,Ensemble
2026-05-16,56,1,wk inc flu hosp,2026-05-23,quantile,0.025,0,Wyoming,Ensemble
2026-05-16,56,1,wk inc flu hosp,2026-05-23,quantile,0.05,0,Wyoming,Ensemble
2026-05-16,56,1,wk inc flu hosp,2026-05-23,quantile,0.1,0,Wyoming,Ensemble
2026-05-16,56,1,wk inc flu hosp,2026-05-23,quantile,0.15,0,Wyoming,Ensemble
2026-05-16,56,1,wk inc flu hosp,2026-05-23,quantile,0.2,1,Wyoming,Ensemble
2026-05-16,56,1,wk inc flu hosp,2026-05-23,quantile,0.25,1,Wyoming,Ensemble
2026-05-16,56,1,wk inc flu hosp,2026-05-23,quantile,0.3,1,Wyoming,Ensemble
2026-05-16,56,1,wk inc flu hosp,2026-05-23,quantile,0.35,1,Wyoming,Ensemble
2026-05-16,56,1,wk inc flu hosp,2026-05-23,quantile,0.4,1,Wyoming,Ensemble
2026-05-16,56,1,wk inc flu hosp,2026-05-23,quantile,0.45,2,Wyoming,Ensemble
2026-05-16,56,1,wk inc flu hosp,2026-05-23,quantile,0.5,3,Wyoming,Ensemble
2026-05-16,56,1,wk inc flu hosp,2026-05-23,quantile,0.55,3,Wyoming,Ensemble
2026-05-16,56,1,wk inc flu hosp,2026-05-23,quantile,0.6,3,Wyoming,Ensemble
2026-05-16,56,1,wk inc flu hosp,2026-05-23,quantile,0.65,4,Wyoming,Ensemble
2026-05-16,56,1,wk inc flu hosp,2026-05-23,quantile,0.7,4,Wyoming,Ensemble
2026-05-16,56,1,wk inc flu hosp,2026-05-23,quantile,0.75,5,Wyoming,Ensemble
2026-05-16,56,1,wk inc flu hosp,2026-05-23,quantile,0.8,5,Wyoming,Ensemble
2026-05-16,56,1,wk inc flu hosp,2026-05-23,quantile,0.85,6,Wyoming,Ensemble
2026-05-16,56,1,wk inc flu hosp,2026-05-23,quantile,0.9,7,Wyoming,Ensemble
2026-05-16,56,1,wk inc flu hosp,2026-05-23,quantile,0.95,9,Wyoming,Ensemble
2026-05-16,56,1,wk inc flu hosp,2026-05-23,quantile,0.975,12,Wyoming,Ensemble
2026-05-16,56,1,wk inc flu hosp,2026-05-23,quantile,0.99,16,Wyoming,Ensemble
2026-05-16,56,2,wk inc flu hosp,2026-05-30,quantile,0.01,0,Wyoming,Ensemble
2026-05-16,56,2,wk inc flu hosp,2026-05-30,quantile,0.025,0,Wyoming,Ensemble
2026-05-16,56,2,wk inc flu hosp,2026-05-30,quantile,0.05,0,Wyoming,Ensemble
2026-05-16,56,2,wk inc flu hosp,2026-05-30,quantile,0.1,0,Wyoming,Ensemble
2026-05-16,56,2,wk inc flu hosp,2026-05-30,quantile,0.15,0,Wyoming,Ensemble
2026-05-16,56,2,wk inc flu hosp,2026-05-30,quantile,0.2,0,Wyoming,Ensemble
2026-05-16,56,2,wk inc flu hosp,2026-05-30,quantile,0.25,1,Wyoming,Ensemble
2026-05-16,56,2,wk inc flu hosp,2026-05-30,quantile,0.3,1,Wyoming,Ensemble
2026-05-16,56,2,wk inc flu hosp,2026-05-30,quantile,0.35,1,Wyoming,Ensemble
2026-05-16,56,2,wk inc flu hosp,2026-05-30,quantile,0.4,1,Wyoming,Ensemble
2026-05-16,56,2,wk inc flu hosp,2026-05-30,quantile,0.45,1,Wyoming,Ensemble
2026-05-16,56,2,wk inc flu hosp,2026-05-30,quantile,0.5,3,Wyoming,Ensemble
2026-05-16,56,2,wk inc flu hosp,2026-05-30,quantile,0.55,3,Wyoming,Ensemble
2026-05-16,56,2,wk inc flu hosp,2026-05-30,quantile,0.6,3,Wyoming,Ensemble
2026-05-16,56,2,wk inc flu hosp,2026-05-30,quantile,0.65,3,Wyoming,Ensemble
2026-05-16,56,2,wk inc flu hosp,2026-05-30,quantile,0.7,4,Wyoming,Ensemble
2026-05-16,56,2,wk inc flu hosp,2026-05-30,quantile,0.75,4,Wyoming,Ensemble
2026-05-16,56,2,wk inc flu hosp,2026-05-30,quantile,0.8,5,Wyoming,Ensemble
2026-05-16,56,2,wk inc flu hosp,2026-05-30,quantile,0.85,6,Wyoming,Ensemble
2026-05-16,56,2,wk inc flu hosp,2026-05-30,quantile,0.9,7,Wyoming,Ensemble
2026-05-16,56,2,wk inc flu hosp,2026-05-30,quantile,0.95,10,Wyoming,Ensemble
2026-05-16,56,2,wk inc flu hosp,2026-05-30,quantile,0.975,13,Wyoming,Ensemble
2026-05-16,56,2,wk inc flu hosp,2026-05-30,quantile,0.99,18,Wyoming,Ensemble
2026-05-16,56,3,wk inc flu hosp,2026-06-06,quantile,0.01,0,Wyoming,Ensemble
2026-05-16,56,3,wk inc flu hosp,2026-06-06,quantile,0.025,0,Wyoming,Ensemble
2026-05-16,56,3,wk inc flu hosp,2026-06-06,quantile,0.05,0,Wyoming,Ensemble
2026-05-16,56,3,wk inc flu hosp,2026-06-06,quantile,0.1,0,Wyoming,Ensemble
2026-05-16,56,3,wk inc flu hosp,2026-06-06,quantile,0.15,0,Wyoming,Ensemble
2026-05-16,56,3,wk inc flu hosp,2026-06-06,quantile,0.2,0,Wyoming,Ensemble
2026-05-16,56,3,wk inc flu hosp,2026-06-06,quantile,0.25,0,Wyoming,Ensemble
2026-05-16,56,3,wk inc flu hosp,2026-06-06,quantile,0.3,1,Wyoming,Ensemble
2026-05-16,56,3,wk inc flu hosp,2026-06-06,quantile,0.35,1,Wyoming,Ensemble
2026-05-16,56,3,wk inc flu hosp,2026-06-06,quantile,0.4,1,Wyoming,Ensemble
2026-05-16,56,3,wk inc flu hosp,2026-06-06,quantile,0.45,1,Wyoming,Ensemble
2026-05-16,56,3,wk inc flu hosp,2026-06-06,quantile,0.5,2,Wyoming,Ensemble
2026-05-16,56,3,wk inc flu hosp,2026-06-06,quantile,0.55,3,Wyoming,Ensemble
2026-05-16,56,3,wk inc flu hosp,2026-06-06,quantile,0.6,3,Wyoming,Ensemble
2026-05-16,56,3,wk inc flu hosp,2026-06-06,quantile,0.65,3,Wyoming,Ensemble
2026-05-16,56,3,wk inc flu hosp,2026-06-06,quantile,0.7,3,Wyoming,Ensemble
2026-05-16,56,3,wk inc flu hosp,2026-06-06,quantile,0.75,4,Wyoming,Ensemble
2026-05-16,56,3,wk inc flu hosp,2026-06-06,quantile,0.8,5,Wyoming,Ensemble
2026-05-16,56,3,wk inc flu hosp,2026-06-06,quantile,0.85,6,Wyoming,Ensemble
2026-05-16,56,3,wk inc flu hosp,2026-06-06,quantile,0.9,7,Wyoming,Ensemble
2026-05-16,56,3,wk inc flu hosp,2026-06-06,quantile,0.95,10,Wyoming,Ensemble
2026-05-16,56,3,wk inc flu hosp,2026-06-06,quantile,0.975,13,Wyoming,Ensemble
2026-05-16,56,3,wk inc flu hosp,2026-06-06,quantile,0.99,20,Wyoming,Ensemble
2026-05-16,72,0,wk inc flu hosp,2026-05-16,quantile,0.01,23,Puerto Rico,Ensemble
2026-05-16,72,0,wk inc flu hosp,2026-05-16,quantile,0.025,29,Puerto Rico,Ensemble
2026-05-16,72,0,wk inc flu hosp,2026-05-16,quantile,0.05,34,Puerto Rico,Ensemble
2026-05-16,72,0,wk inc flu hosp,2026-05-16,quantile,0.1,41,Puerto Rico,Ensemble
2026-05-16,72,0,wk inc flu hosp,2026-05-16,quantile,0.15,46,Puerto Rico,Ensemble
2026-05-16,72,0,wk inc flu hosp,2026-05-16,quantile,0.2,49,Puerto Rico,Ensemble
2026-05-16,72,0,wk inc flu hosp,2026-05-16,quantile,0.25,53,Puerto Rico,Ensemble
2026-05-16,72,0,wk inc flu hosp,2026-05-16,quantile,0.3,56,Puerto Rico,Ensemble
2026-05-16,72,0,wk inc flu hosp,2026-05-16,quantile,0.35,60,Puerto Rico,Ensemble
2026-05-16,72,0,wk inc flu hosp,2026-05-16,quantile,0.4,63,Puerto Rico,Ensemble
2026-05-16,72,0,wk inc flu hosp,2026-05-16,quantile,0.45,67,Puerto Rico,Ensemble
2026-05-16,72,0,wk inc flu hosp,2026-05-16,quantile,0.5,71,Puerto Rico,Ensemble
2026-05-16,72,0,wk inc flu hosp,2026-05-16,quantile,0.55,75,Puerto Rico,Ensemble
2026-05-16,72,0,wk inc flu hosp,2026-05-16,quantile,0.6,80,Puerto Rico,Ensemble
2026-05-16,72,0,wk inc flu hosp,2026-05-16,quantile,0.65,84,Puerto Rico,Ensemble
2026-05-16,72,0,wk inc flu hosp,2026-05-16,quantile,0.7,89,Puerto Rico,Ensemble
2026-05-16,72,0,wk inc flu hosp,2026-05-16,quantile,0.75,94,Puerto Rico,Ensemble
2026-05-16,72,0,wk inc flu hosp,2026-05-16,quantile,0.8,100,Puerto Rico,Ensemble
2026-05-16,72,0,wk inc flu hosp,2026-05-16,quantile,0.85,108,Puerto Rico,Ensemble
2026-05-16,72,0,wk inc flu hosp,2026-05-16,quantile,0.9,118,Puerto Rico,Ensemble
2026-05-16,72,0,wk inc flu hosp,2026-05-16,quantile,0.95,133,Puerto Rico,Ensemble
2026-05-16,72,0,wk inc flu hosp,2026-05-16,quantile,0.975,148,Puerto Rico,Ensemble
2026-05-16,72,0,wk inc flu hosp,2026-05-16,quantile,0.99,169,Puerto Rico,Ensemble
2026-05-16,72,1,wk inc flu hosp,2026-05-23,quantile,0.01,18,Puerto Rico,Ensemble
2026-05-16,72,1,wk inc flu hosp,2026-05-23,quantile,0.025,23,Puerto Rico,Ensemble
2026-05-16,72,1,wk inc flu hosp,2026-05-23,quantile,0.05,28,Puerto Rico,Ensemble
2026-05-16,72,1,wk inc flu hosp,2026-05-23,quantile,0.1,34,Puerto Rico,Ensemble
2026-05-16,72,1,wk inc flu hosp,2026-05-23,quantile,0.15,39,Puerto Rico,Ensemble
2026-05-16,72,1,wk inc flu hosp,2026-05-23,quantile,0.2,43,Puerto Rico,Ensemble
2026-05-16,72,1,wk inc flu hosp,2026-05-23,quantile,0.25,47,Puerto Rico,Ensemble
2026-05-16,72,1,wk inc flu hosp,2026-05-23,quantile,0.3,51,Puerto Rico,Ensemble
2026-05-16,72,1,wk inc flu hosp,2026-05-23,quantile,0.35,54,Puerto Rico,Ensemble
2026-05-16,72,1,wk inc flu hosp,2026-05-23,quantile,0.4,58,Puerto Rico,Ensemble
2026-05-16,72,1,wk inc flu hosp,2026-05-23,quantile,0.45,61,Puerto Rico,Ensemble
2026-05-16,72,1,wk inc flu hosp,2026-05-23,quantile,0.5,66,Puerto Rico,Ensemble
2026-05-16,72,1,wk inc flu hosp,2026-05-23,quantile,0.55,70,Puerto Rico,Ensemble
2026-05-16,72,1,wk inc flu hosp,2026-05-23,quantile,0.6,75,Puerto Rico,Ensemble
2026-05-16,72,1,wk inc flu hosp,2026-05-23,quantile,0.65,80,Puerto Rico,Ensemble
2026-05-16,72,1,wk inc flu hosp,2026-05-23,quantile,0.7,85,Puerto Rico,Ensemble
2026-05-16,72,1,wk inc flu hosp,2026-05-23,quantile,0.75,91,Puerto Rico,Ensemble
2026-05-16,72,1,wk inc flu hosp,2026-05-23,quantile,0.8,98,Puerto Rico,Ensemble
2026-05-16,72,1,wk inc flu hosp,2026-05-23,quantile,0.85,107,Puerto Rico,Ensemble
2026-05-16,72,1,wk inc flu hosp,2026-05-23,quantile,0.9,119,Puerto Rico,Ensemble
2026-05-16,72,1,wk inc flu hosp,2026-05-23,quantile,0.95,138,Puerto Rico,Ensemble
2026-05-16,72,1,wk inc flu hosp,2026-05-23,quantile,0.975,158,Puerto Rico,Ensemble
2026-05-16,72,1,wk inc flu hosp,2026-05-23,quantile,0.99,183,Puerto Rico,Ensemble
2026-05-16,72,2,wk inc flu hosp,2026-05-30,quantile,0.01,15,Puerto Rico,Ensemble
2026-05-16,72,2,wk inc flu hosp,2026-05-30,quantile,0.025,18,Puerto Rico,Ensemble
2026-05-16,72,2,wk inc flu hosp,2026-05-30,quantile,0.05,23,Puerto Rico,Ensemble
2026-05-16,72,2,wk inc flu hosp,2026-05-30,quantile,0.1,29,Puerto Rico,Ensemble
2026-05-16,72,2,wk inc flu hosp,2026-05-30,quantile,0.15,34,Puerto Rico,Ensemble
2026-05-16,72,2,wk inc flu hosp,2026-05-30,quantile,0.2,37,Puerto Rico,Ensemble
2026-05-16,72,2,wk inc flu hosp,2026-05-30,quantile,0.25,41,Puerto Rico,Ensemble
2026-05-16,72,2,wk inc flu hosp,2026-05-30,quantile,0.3,44,Puerto Rico,Ensemble
2026-05-16,72,2,wk inc flu hosp,2026-05-30,quantile,0.35,48,Puerto Rico,Ensemble
2026-05-16,72,2,wk inc flu hosp,2026-05-30,quantile,0.4,51,Puerto Rico,Ensemble
2026-05-16,72,2,wk inc flu hosp,2026-05-30,quantile,0.45,55,Puerto Rico,Ensemble
2026-05-16,72,2,wk inc flu hosp,2026-05-30,quantile,0.5,60,Puerto Rico,Ensemble
2026-05-16,72,2,wk inc flu hosp,2026-05-30,quantile,0.55,64,Puerto Rico,Ensemble
2026-05-16,72,2,wk inc flu hosp,2026-05-30,quantile,0.6,69,Puerto Rico,Ensemble
2026-05-16,72,2,wk inc flu hosp,2026-05-30,quantile,0.65,74,Puerto Rico,Ensemble
2026-05-16,72,2,wk inc flu hosp,2026-05-30,quantile,0.7,80,Puerto Rico,Ensemble
2026-05-16,72,2,wk inc flu hosp,2026-05-30,quantile,0.75,86,Puerto Rico,Ensemble
2026-05-16,72,2,wk inc flu hosp,2026-05-30,quantile,0.8,94,Puerto Rico,Ensemble
2026-05-16,72,2,wk inc flu hosp,2026-05-30,quantile,0.85,103,Puerto Rico,Ensemble
2026-05-16,72,2,wk inc flu hosp,2026-05-30,quantile,0.9,116,Puerto Rico,Ensemble
2026-05-16,72,2,wk inc flu hosp,2026-05-30,quantile,0.95,138,Puerto Rico,Ensemble
2026-05-16,72,2,wk inc flu hosp,2026-05-30,quantile,0.975,159,Puerto Rico,Ensemble
2026-05-16,72,2,wk inc flu hosp,2026-05-30,quantile,0.99,189,Puerto Rico,Ensemble
2026-05-16,72,3,wk inc flu hosp,2026-06-06,quantile,0.01,13,Puerto Rico,Ensemble
2026-05-16,72,3,wk inc flu hosp,2026-06-06,quantile,0.025,17,Puerto Rico,Ensemble
2026-05-16,72,3,wk inc flu hosp,2026-06-06,quantile,0.05,21,Puerto Rico,Ensemble
2026-05-16,72,3,wk inc flu hosp,2026-06-06,quantile,0.1,26,Puerto Rico,Ensemble
2026-05-16,72,3,wk inc flu hosp,2026-06-06,quantile,0.15,31,Puerto Rico,Ensemble
2026-05-16,72,3,wk inc flu hosp,2026-06-06,quantile,0.2,34,Puerto Rico,Ensemble
2026-05-16,72,3,wk inc flu hosp,2026-06-06,quantile,0.25,37,Puerto Rico,Ensemble
2026-05-16,72,3,wk inc flu hosp,2026-06-06,quantile,0.3,41,Puerto Rico,Ensemble
2026-05-16,72,3,wk inc flu hosp,2026-06-06,quantile,0.35,44,Puerto Rico,Ensemble
2026-05-16,72,3,wk inc flu hosp,2026-06-06,quantile,0.4,48,Puerto Rico,Ensemble
2026-05-16,72,3,wk inc flu hosp,2026-06-06,quantile,0.45,51,Puerto Rico,Ensemble
2026-05-16,72,3,wk inc flu hosp,2026-06-06,quantile,0.5,56,Puerto Rico,Ensemble
2026-05-16,72,3,wk inc flu hosp,2026-06-06,quantile,0.55,60,Puerto Rico,Ensemble
2026-05-16,72,3,wk inc flu hosp,2026-06-06,quantile,0.6,65,Puerto Rico,Ensemble
2026-05-16,72,3,wk inc flu hosp,2026-06-06,quantile,0.65,71,Puerto Rico,Ensemble
2026-05-16,72,3,wk inc flu hosp,2026-06-06,quantile,0.7,76,Puerto Rico,Ensemble
2026-05-16,72,3,wk inc flu hosp,2026-06-06,quantile,0.75,83,Puerto Rico,Ensemble
2026-05-16,72,3,wk inc flu hosp,2026-06-06,quantile,0.8,91,Puerto Rico,Ensemble
2026-05-16,72,3,wk inc flu hosp,2026-06-06,quantile,0.85,101,Puerto Rico,Ensemble
2026-05-16,72,3,wk inc flu hosp,2026-06-06,quantile,0.9,116,Puerto Rico,Ensemble
2026-05-16,72,3,wk inc flu hosp,2026-06-06,quantile,0.95,141,Puerto Rico,Ensemble
2026-05-16,72,3,wk inc flu hosp,2026-06-06,quantile,0.975,168,Puerto Rico,Ensemble
2026-05-16,72,3,wk inc flu hosp,2026-06-06,quantile,0.99,203,Puerto Rico,Ensemble
2026-05-16,US,0,wk inc flu hosp,2026-05-16,quantile,0.01,534,US,Ensemble
2026-05-16,US,0,wk inc flu hosp,2026-05-16,quantile,0.025,631,US,Ensemble
2026-05-16,US,0,wk inc flu hosp,2026-05-16,quantile,0.05,728,US,Ensemble
2026-05-16,US,0,wk inc flu hosp,2026-05-16,quantile,0.1,840,US,Ensemble
2026-05-16,US,0,wk inc flu hosp,2026-05-16,quantile,0.15,913,US,Ensemble
2026-05-16,US,0,wk inc flu hosp,2026-05-16,quantile,0.2,973,US,Ensemble
2026-05-16,US,0,wk inc flu hosp,2026-05-16,quantile,0.25,1027,US,Ensemble
2026-05-16,US,0,wk inc flu hosp,2026-05-16,quantile,0.3,1080,US,Ensemble
2026-05-16,US,0,wk inc flu hosp,2026-05-16,quantile,0.35,1127,US,Ensemble
2026-05-16,US,0,wk inc flu hosp,2026-05-16,quantile,0.4,1170,US,Ensemble
2026-05-16,US,0,wk inc flu hosp,2026-05-16,quantile,0.45,1211,US,Ensemble
2026-05-16,US,0,wk inc flu hosp,2026-05-16,quantile,0.5,1254,US,Ensemble
2026-05-16,US,0,wk inc flu hosp,2026-05-16,quantile,0.55,1300,US,Ensemble
2026-05-16,US,0,wk inc flu hosp,2026-05-16,quantile,0.6,1346,US,Ensemble
2026-05-16,US,0,wk inc flu hosp,2026-05-16,quantile,0.65,1396,US,Ensemble
2026-05-16,US,0,wk inc flu hosp,2026-05-16,quantile,0.7,1449,US,Ensemble
2026-05-16,US,0,wk inc flu hosp,2026-05-16,quantile,0.75,1513,US,Ensemble
2026-05-16,US,0,wk inc flu hosp,2026-05-16,quantile,0.8,1585,US,Ensemble
2026-05-16,US,0,wk inc flu hosp,2026-05-16,quantile,0.85,1671,US,Ensemble
2026-05-16,US,0,wk inc flu hosp,2026-05-16,quantile,0.9,1790,US,Ensemble
2026-05-16,US,0,wk inc flu hosp,2026-05-16,quantile,0.95,2003,US,Ensemble
2026-05-16,US,0,wk inc flu hosp,2026-05-16,quantile,0.975,2226,US,Ensemble
2026-05-16,US,0,wk inc flu hosp,2026-05-16,quantile,0.99,2557,US,Ensemble
2026-05-16,US,1,wk inc flu hosp,2026-05-23,quantile,0.01,409,US,Ensemble
2026-05-16,US,1,wk inc flu hosp,2026-05-23,quantile,0.025,491,US,Ensemble
2026-05-16,US,1,wk inc flu hosp,2026-05-23,quantile,0.05,576,US,Ensemble
2026-05-16,US,1,wk inc flu hosp,2026-05-23,quantile,0.1,684,US,Ensemble
2026-05-16,US,1,wk inc flu hosp,2026-05-23,quantile,0.15,758,US,Ensemble
2026-05-16,US,1,wk inc flu hosp,2026-05-23,quantile,0.2,832,US,Ensemble
2026-05-16,US,1,wk inc flu hosp,2026-05-23,quantile,0.25,891,US,Ensemble
2026-05-16,US,1,wk inc flu hosp,2026-05-23,quantile,0.3,949,US,Ensemble
2026-05-16,US,1,wk inc flu hosp,2026-05-23,quantile,0.35,1002,US,Ensemble
2026-05-16,US,1,wk inc flu hosp,2026-05-23,quantile,0.4,1051,US,Ensemble
2026-05-16,US,1,wk inc flu hosp,2026-05-23,quantile,0.45,1100,US,Ensemble
2026-05-16,US,1,wk inc flu hosp,2026-05-23,quantile,0.5,1158,US,Ensemble
2026-05-16,US,1,wk inc flu hosp,2026-05-23,quantile,0.55,1213,US,Ensemble
2026-05-16,US,1,wk inc flu hosp,2026-05-23,quantile,0.6,1266,US,Ensemble
2026-05-16,US,1,wk inc flu hosp,2026-05-23,quantile,0.65,1322,US,Ensemble
2026-05-16,US,1,wk inc flu hosp,2026-05-23,quantile,0.7,1386,US,Ensemble
2026-05-16,US,1,wk inc flu hosp,2026-05-23,quantile,0.75,1460,US,Ensemble
2026-05-16,US,1,wk inc flu hosp,2026-05-23,quantile,0.8,1557,US,Ensemble
2026-05-16,US,1,wk inc flu hosp,2026-05-23,quantile,0.85,1679,US,Ensemble
2026-05-16,US,1,wk inc flu hosp,2026-05-23,quantile,0.9,1835,US,Ensemble
2026-05-16,US,1,wk inc flu hosp,2026-05-23,quantile,0.95,2110,US,Ensemble
2026-05-16,US,1,wk inc flu hosp,2026-05-23,quantile,0.975,2418,US,Ensemble
2026-05-16,US,1,wk inc flu hosp,2026-05-23,quantile,0.99,2863,US,Ensemble
2026-05-16,US,2,wk inc flu hosp,2026-05-30,quantile,0.01,334,US,Ensemble
2026-05-16,US,2,wk inc flu hosp,2026-05-30,quantile,0.025,410,US,Ensemble
2026-05-16,US,2,wk inc flu hosp,2026-05-30,quantile,0.05,476,US,Ensemble
2026-05-16,US,2,wk inc flu hosp,2026-05-30,quantile,0.1,607,US,Ensemble
2026-05-16,US,2,wk inc flu hosp,2026-05-30,quantile,0.15,684,US,Ensemble
2026-05-16,US,2,wk inc flu hosp,2026-05-30,quantile,0.2,747,US,Ensemble
2026-05-16,US,2,wk inc flu hosp,2026-05-30,quantile,0.25,798,US,Ensemble
2026-05-16,US,2,wk inc flu hosp,2026-05-30,quantile,0.3,848,US,Ensemble
2026-05-16,US,2,wk inc flu hosp,2026-05-30,quantile,0.35,895,US,Ensemble
2026-05-16,US,2,wk inc flu hosp,2026-05-30,quantile,0.4,941,US,Ensemble
2026-05-16,US,2,wk inc flu hosp,2026-05-30,quantile,0.45,991,US,Ensemble
2026-05-16,US,2,wk inc flu hosp,2026-05-30,quantile,0.5,1037,US,Ensemble
2026-05-16,US,2,wk inc flu hosp,2026-05-30,quantile,0.55,1085,US,Ensemble
2026-05-16,US,2,wk inc flu hosp,2026-05-30,quantile,0.6,1138,US,Ensemble
2026-05-16,US,2,wk inc flu hosp,2026-05-30,quantile,0.65,1193,US,Ensemble
2026-05-16,US,2,wk inc flu hosp,2026-05-30,quantile,0.7,1255,US,Ensemble
2026-05-16,US,2,wk inc flu hosp,2026-05-30,quantile,0.75,1336,US,Ensemble
2026-05-16,US,2,wk inc flu hosp,2026-05-30,quantile,0.8,1443,US,Ensemble
2026-05-16,US,2,wk inc flu hosp,2026-05-30,quantile,0.85,1611,US,Ensemble
2026-05-16,US,2,wk inc flu hosp,2026-05-30,quantile,0.9,1840,US,Ensemble
2026-05-16,US,2,wk inc flu hosp,2026-05-30,quantile,0.95,2256,US,Ensemble
2026-05-16,US,2,wk inc flu hosp,2026-05-30,quantile,0.975,2676,US,Ensemble
2026-05-16,US,2,wk inc flu hosp,2026-05-30,quantile,0.99,3258,US,Ensemble
2026-05-16,US,3,wk inc flu hosp,2026-06-06,quantile,0.01,294,US,Ensemble
2026-05-16,US,3,wk inc flu hosp,2026-06-06,quantile,0.025,355,US,Ensemble
2026-05-16,US,3,wk inc flu hosp,2026-06-06,quantile,0.05,431,US,Ensemble
2026-05-16,US,3,wk inc flu hosp,2026-06-06,quantile,0.1,553,US,Ensemble
2026-05-16,US,3,wk inc flu hosp,2026-06-06,quantile,0.15,632,US,Ensemble
2026-05-16,US,3,wk inc flu hosp,2026-06-06,quantile,0.2,692,US,Ensemble
2026-05-16,US,3,wk inc flu hosp,2026-06-06,quantile,0.25,743,US,Ensemble
2026-05-16,US,3,wk inc flu hosp,2026-06-06,quantile,0.3,792,US,Ensemble
2026-05-16,US,3,wk inc flu hosp,2026-06-06,quantile,0.35,842,US,Ensemble
2026-05-16,US,3,wk inc flu hosp,2026-06-06,quantile,0.4,888,US,Ensemble
2026-05-16,US,3,wk inc flu hosp,2026-06-06,quantile,0.45,937,US,Ensemble
2026-05-16,US,3,wk inc flu hosp,2026-06-06,quantile,0.5,993,US,Ensemble
2026-05-16,US,3,wk inc flu hosp,2026-06-06,quantile,0.55,1043,US,Ensemble
2026-05-16,US,3,wk inc flu hosp,2026-06-06,quantile,0.6,1097,US,Ensemble
2026-05-16,US,3,wk inc flu hosp,2026-06-06,quantile,0.65,1158,US,Ensemble
2026-05-16,US,3,wk inc flu hosp,2026-06-06,quantile,0.7,1230,US,Ensemble
2026-05-16,US,3,wk inc flu hosp,2026-06-06,quantile,0.75,1314,US,Ensemble
2026-05-16,US,3,wk inc flu hosp,2026-06-06,quantile,0.8,1434,US,Ensemble
2026-05-16,US,3,wk inc flu hosp,2026-06-06,quantile,0.85,1623,US,Ensemble
2026-05-16,US,3,wk inc flu hosp,2026-06-06,quantile,0.9,1913,US,Ensemble
2026-05-16,US,3,wk inc flu hosp,2026-06-06,quantile,0.95,2411,US,Ensemble
2026-05-16,US,3,wk inc flu hosp,2026-06-06,quantile,0.975,2941,US,Ensemble
2026-05-16,US,3,wk inc flu hosp,2026-06-06,quantile,0.99,3658,US,Ensemble
