reference_date,location,horizon,target,target_end_date,output_type,output_type_id,value,location_name,model_id
2026-04-25,01,0,wk inc flu hosp,2026-04-25,quantile,0.01,4,Alabama,Ensemble
2026-04-25,01,0,wk inc flu hosp,2026-04-25,quantile,0.025,5,Alabama,Ensemble
2026-04-25,01,0,wk inc flu hosp,2026-04-25,quantile,0.05,7,Alabama,Ensemble
2026-04-25,01,0,wk inc flu hosp,2026-04-25,quantile,0.1,9,Alabama,Ensemble
2026-04-25,01,0,wk inc flu hosp,2026-04-25,quantile,0.15,11,Alabama,Ensemble
2026-04-25,01,0,wk inc flu hosp,2026-04-25,quantile,0.2,12,Alabama,Ensemble
2026-04-25,01,0,wk inc flu hosp,2026-04-25,quantile,0.25,13,Alabama,Ensemble
2026-04-25,01,0,wk inc flu hosp,2026-04-25,quantile,0.3,15,Alabama,Ensemble
2026-04-25,01,0,wk inc flu hosp,2026-04-25,quantile,0.35,16,Alabama,Ensemble
2026-04-25,01,0,wk inc flu hosp,2026-04-25,quantile,0.4,17,Alabama,Ensemble
2026-04-25,01,0,wk inc flu hosp,2026-04-25,quantile,0.45,18,Alabama,Ensemble
2026-04-25,01,0,wk inc flu hosp,2026-04-25,quantile,0.5,20,Alabama,Ensemble
2026-04-25,01,0,wk inc flu hosp,2026-04-25,quantile,0.55,22,Alabama,Ensemble
2026-04-25,01,0,wk inc flu hosp,2026-04-25,quantile,0.6,23,Alabama,Ensemble
2026-04-25,01,0,wk inc flu hosp,2026-04-25,quantile,0.65,25,Alabama,Ensemble
2026-04-25,01,0,wk inc flu hosp,2026-04-25,quantile,0.7,26,Alabama,Ensemble
2026-04-25,01,0,wk inc flu hosp,2026-04-25,quantile,0.75,28,Alabama,Ensemble
2026-04-25,01,0,wk inc flu hosp,2026-04-25,quantile,0.8,30,Alabama,Ensemble
2026-04-25,01,0,wk inc flu hosp,2026-04-25,quantile,0.85,33,Alabama,Ensemble
2026-04-25,01,0,wk inc flu hosp,2026-04-25,quantile,0.9,36,Alabama,Ensemble
2026-04-25,01,0,wk inc flu hosp,2026-04-25,quantile,0.95,43,Alabama,Ensemble
2026-04-25,01,0,wk inc flu hosp,2026-04-25,quantile,0.975,49,Alabama,Ensemble
2026-04-25,01,0,wk inc flu hosp,2026-04-25,quantile,0.99,56,Alabama,Ensemble
2026-04-25,01,1,wk inc flu hosp,2026-05-02,quantile,0.01,3,Alabama,Ensemble
2026-04-25,01,1,wk inc flu hosp,2026-05-02,quantile,0.025,3,Alabama,Ensemble
2026-04-25,01,1,wk inc flu hosp,2026-05-02,quantile,0.05,4,Alabama,Ensemble
2026-04-25,01,1,wk inc flu hosp,2026-05-02,quantile,0.1,6,Alabama,Ensemble
2026-04-25,01,1,wk inc flu hosp,2026-05-02,quantile,0.15,8,Alabama,Ensemble
2026-04-25,01,1,wk inc flu hosp,2026-05-02,quantile,0.2,9,Alabama,Ensemble
2026-04-25,01,1,wk inc flu hosp,2026-05-02,quantile,0.25,10,Alabama,Ensemble
2026-04-25,01,1,wk inc flu hosp,2026-05-02,quantile,0.3,11,Alabama,Ensemble
2026-04-25,01,1,wk inc flu hosp,2026-05-02,quantile,0.35,12,Alabama,Ensemble
2026-04-25,01,1,wk inc flu hosp,2026-05-02,quantile,0.4,14,Alabama,Ensemble
2026-04-25,01,1,wk inc flu hosp,2026-05-02,quantile,0.45,15,Alabama,Ensemble
2026-04-25,01,1,wk inc flu hosp,2026-05-02,quantile,0.5,17,Alabama,Ensemble
2026-04-25,01,1,wk inc flu hosp,2026-05-02,quantile,0.55,18,Alabama,Ensemble
2026-04-25,01,1,wk inc flu hosp,2026-05-02,quantile,0.6,20,Alabama,Ensemble
2026-04-25,01,1,wk inc flu hosp,2026-05-02,quantile,0.65,22,Alabama,Ensemble
2026-04-25,01,1,wk inc flu hosp,2026-05-02,quantile,0.7,24,Alabama,Ensemble
2026-04-25,01,1,wk inc flu hosp,2026-05-02,quantile,0.75,26,Alabama,Ensemble
2026-04-25,01,1,wk inc flu hosp,2026-05-02,quantile,0.8,28,Alabama,Ensemble
2026-04-25,01,1,wk inc flu hosp,2026-05-02,quantile,0.85,31,Alabama,Ensemble
2026-04-25,01,1,wk inc flu hosp,2026-05-02,quantile,0.9,36,Alabama,Ensemble
2026-04-25,01,1,wk inc flu hosp,2026-05-02,quantile,0.95,43,Alabama,Ensemble
2026-04-25,01,1,wk inc flu hosp,2026-05-02,quantile,0.975,52,Alabama,Ensemble
2026-04-25,01,1,wk inc flu hosp,2026-05-02,quantile,0.99,62,Alabama,Ensemble
2026-04-25,01,2,wk inc flu hosp,2026-05-09,quantile,0.01,2,Alabama,Ensemble
2026-04-25,01,2,wk inc flu hosp,2026-05-09,quantile,0.025,2,Alabama,Ensemble
2026-04-25,01,2,wk inc flu hosp,2026-05-09,quantile,0.05,3,Alabama,Ensemble
2026-04-25,01,2,wk inc flu hosp,2026-05-09,quantile,0.1,5,Alabama,Ensemble
2026-04-25,01,2,wk inc flu hosp,2026-05-09,quantile,0.15,6,Alabama,Ensemble
2026-04-25,01,2,wk inc flu hosp,2026-05-09,quantile,0.2,7,Alabama,Ensemble
2026-04-25,01,2,wk inc flu hosp,2026-05-09,quantile,0.25,8,Alabama,Ensemble
2026-04-25,01,2,wk inc flu hosp,2026-05-09,quantile,0.3,9,Alabama,Ensemble
2026-04-25,01,2,wk inc flu hosp,2026-05-09,quantile,0.35,10,Alabama,Ensemble
2026-04-25,01,2,wk inc flu hosp,2026-05-09,quantile,0.4,12,Alabama,Ensemble
2026-04-25,01,2,wk inc flu hosp,2026-05-09,quantile,0.45,13,Alabama,Ensemble
2026-04-25,01,2,wk inc flu hosp,2026-05-09,quantile,0.5,15,Alabama,Ensemble
2026-04-25,01,2,wk inc flu hosp,2026-05-09,quantile,0.55,17,Alabama,Ensemble
2026-04-25,01,2,wk inc flu hosp,2026-05-09,quantile,0.6,18,Alabama,Ensemble
2026-04-25,01,2,wk inc flu hosp,2026-05-09,quantile,0.65,20,Alabama,Ensemble
2026-04-25,01,2,wk inc flu hosp,2026-05-09,quantile,0.7,22,Alabama,Ensemble
2026-04-25,01,2,wk inc flu hosp,2026-05-09,quantile,0.75,24,Alabama,Ensemble
2026-04-25,01,2,wk inc flu hosp,2026-05-09,quantile,0.8,27,Alabama,Ensemble
2026-04-25,01,2,wk inc flu hosp,2026-05-09,quantile,0.85,30,Alabama,Ensemble
2026-04-25,01,2,wk inc flu hosp,2026-05-09,quantile,0.9,35,Alabama,Ensemble
2026-04-25,01,2,wk inc flu hosp,2026-05-09,quantile,0.95,44,Alabama,Ensemble
2026-04-25,01,2,wk inc flu hosp,2026-05-09,quantile,0.975,54,Alabama,Ensemble
2026-04-25,01,2,wk inc flu hosp,2026-05-09,quantile,0.99,67,Alabama,Ensemble
2026-04-25,01,3,wk inc flu hosp,2026-05-16,quantile,0.01,1,Alabama,Ensemble
2026-04-25,01,3,wk inc flu hosp,2026-05-16,quantile,0.025,2,Alabama,Ensemble
2026-04-25,01,3,wk inc flu hosp,2026-05-16,quantile,0.05,3,Alabama,Ensemble
2026-04-25,01,3,wk inc flu hosp,2026-05-16,quantile,0.1,4,Alabama,Ensemble
2026-04-25,01,3,wk inc flu hosp,2026-05-16,quantile,0.15,5,Alabama,Ensemble
2026-04-25,01,3,wk inc flu hosp,2026-05-16,quantile,0.2,7,Alabama,Ensemble
2026-04-25,01,3,wk inc flu hosp,2026-05-16,quantile,0.25,8,Alabama,Ensemble
2026-04-25,01,3,wk inc flu hosp,2026-05-16,quantile,0.3,9,Alabama,Ensemble
2026-04-25,01,3,wk inc flu hosp,2026-05-16,quantile,0.35,10,Alabama,Ensemble
2026-04-25,01,3,wk inc flu hosp,2026-05-16,quantile,0.4,11,Alabama,Ensemble
2026-04-25,01,3,wk inc flu hosp,2026-05-16,quantile,0.45,12,Alabama,Ensemble
2026-04-25,01,3,wk inc flu hosp,2026-05-16,quantile,0.5,14,Alabama,Ensemble
2026-04-25,01,3,wk inc flu hosp,2026-05-16,quantile,0.55,16,Alabama,Ensemble
2026-04-25,01,3,wk inc flu hosp,2026-05-16,quantile,0.6,17,Alabama,Ensemble
2026-04-25,01,3,wk inc flu hosp,2026-05-16,quantile,0.65,19,Alabama,Ensemble
2026-04-25,01,3,wk inc flu hosp,2026-05-16,quantile,0.7,21,Alabama,Ensemble
2026-04-25,01,3,wk inc flu hosp,2026-05-16,quantile,0.75,23,Alabama,Ensemble
2026-04-25,01,3,wk inc flu hosp,2026-05-16,quantile,0.8,26,Alabama,Ensemble
2026-04-25,01,3,wk inc flu hosp,2026-05-16,quantile,0.85,30,Alabama,Ensemble
2026-04-25,01,3,wk inc flu hosp,2026-05-16,quantile,0.9,35,Alabama,Ensemble
2026-04-25,01,3,wk inc flu hosp,2026-05-16,quantile,0.95,45,Alabama,Ensemble
2026-04-25,01,3,wk inc flu hosp,2026-05-16,quantile,0.975,55,Alabama,Ensemble
2026-04-25,01,3,wk inc flu hosp,2026-05-16,quantile,0.99,70,Alabama,Ensemble
2026-04-25,02,0,wk inc flu hosp,2026-04-25,quantile,0.01,0,Alaska,Ensemble
2026-04-25,02,0,wk inc flu hosp,2026-04-25,quantile,0.025,0,Alaska,Ensemble
2026-04-25,02,0,wk inc flu hosp,2026-04-25,quantile,0.05,0,Alaska,Ensemble
2026-04-25,02,0,wk inc flu hosp,2026-04-25,quantile,0.1,0,Alaska,Ensemble
2026-04-25,02,0,wk inc flu hosp,2026-04-25,quantile,0.15,0,Alaska,Ensemble
2026-04-25,02,0,wk inc flu hosp,2026-04-25,quantile,0.2,1,Alaska,Ensemble
2026-04-25,02,0,wk inc flu hosp,2026-04-25,quantile,0.25,1,Alaska,Ensemble
2026-04-25,02,0,wk inc flu hosp,2026-04-25,quantile,0.3,1,Alaska,Ensemble
2026-04-25,02,0,wk inc flu hosp,2026-04-25,quantile,0.35,1,Alaska,Ensemble
2026-04-25,02,0,wk inc flu hosp,2026-04-25,quantile,0.4,1,Alaska,Ensemble
2026-04-25,02,0,wk inc flu hosp,2026-04-25,quantile,0.45,2,Alaska,Ensemble
2026-04-25,02,0,wk inc flu hosp,2026-04-25,quantile,0.5,3,Alaska,Ensemble
2026-04-25,02,0,wk inc flu hosp,2026-04-25,quantile,0.55,3,Alaska,Ensemble
2026-04-25,02,0,wk inc flu hosp,2026-04-25,quantile,0.6,3,Alaska,Ensemble
2026-04-25,02,0,wk inc flu hosp,2026-04-25,quantile,0.65,3,Alaska,Ensemble
2026-04-25,02,0,wk inc flu hosp,2026-04-25,quantile,0.7,4,Alaska,Ensemble
2026-04-25,02,0,wk inc flu hosp,2026-04-25,quantile,0.75,4,Alaska,Ensemble
2026-04-25,02,0,wk inc flu hosp,2026-04-25,quantile,0.8,5,Alaska,Ensemble
2026-04-25,02,0,wk inc flu hosp,2026-04-25,quantile,0.85,5,Alaska,Ensemble
2026-04-25,02,0,wk inc flu hosp,2026-04-25,quantile,0.9,6,Alaska,Ensemble
2026-04-25,02,0,wk inc flu hosp,2026-04-25,quantile,0.95,8,Alaska,Ensemble
2026-04-25,02,0,wk inc flu hosp,2026-04-25,quantile,0.975,9,Alaska,Ensemble
2026-04-25,02,0,wk inc flu hosp,2026-04-25,quantile,0.99,12,Alaska,Ensemble
2026-04-25,02,1,wk inc flu hosp,2026-05-02,quantile,0.01,0,Alaska,Ensemble
2026-04-25,02,1,wk inc flu hosp,2026-05-02,quantile,0.025,0,Alaska,Ensemble
2026-04-25,02,1,wk inc flu hosp,2026-05-02,quantile,0.05,0,Alaska,Ensemble
2026-04-25,02,1,wk inc flu hosp,2026-05-02,quantile,0.1,0,Alaska,Ensemble
2026-04-25,02,1,wk inc flu hosp,2026-05-02,quantile,0.15,0,Alaska,Ensemble
2026-04-25,02,1,wk inc flu hosp,2026-05-02,quantile,0.2,0,Alaska,Ensemble
2026-04-25,02,1,wk inc flu hosp,2026-05-02,quantile,0.25,0,Alaska,Ensemble
2026-04-25,02,1,wk inc flu hosp,2026-05-02,quantile,0.3,1,Alaska,Ensemble
2026-04-25,02,1,wk inc flu hosp,2026-05-02,quantile,0.35,1,Alaska,Ensemble
2026-04-25,02,1,wk inc flu hosp,2026-05-02,quantile,0.4,1,Alaska,Ensemble
2026-04-25,02,1,wk inc flu hosp,2026-05-02,quantile,0.45,1,Alaska,Ensemble
2026-04-25,02,1,wk inc flu hosp,2026-05-02,quantile,0.5,2,Alaska,Ensemble
2026-04-25,02,1,wk inc flu hosp,2026-05-02,quantile,0.55,3,Alaska,Ensemble
2026-04-25,02,1,wk inc flu hosp,2026-05-02,quantile,0.6,3,Alaska,Ensemble
2026-04-25,02,1,wk inc flu hosp,2026-05-02,quantile,0.65,3,Alaska,Ensemble
2026-04-25,02,1,wk inc flu hosp,2026-05-02,quantile,0.7,4,Alaska,Ensemble
2026-04-25,02,1,wk inc flu hosp,2026-05-02,quantile,0.75,4,Alaska,Ensemble
2026-04-25,02,1,wk inc flu hosp,2026-05-02,quantile,0.8,5,Alaska,Ensemble
2026-04-25,02,1,wk inc flu hosp,2026-05-02,quantile,0.85,5,Alaska,Ensemble
2026-04-25,02,1,wk inc flu hosp,2026-05-02,quantile,0.9,6,Alaska,Ensemble
2026-04-25,02,1,wk inc flu hosp,2026-05-02,quantile,0.95,8,Alaska,Ensemble
2026-04-25,02,1,wk inc flu hosp,2026-05-02,quantile,0.975,10,Alaska,Ensemble
2026-04-25,02,1,wk inc flu hosp,2026-05-02,quantile,0.99,13,Alaska,Ensemble
2026-04-25,02,2,wk inc flu hosp,2026-05-09,quantile,0.01,0,Alaska,Ensemble
2026-04-25,02,2,wk inc flu hosp,2026-05-09,quantile,0.025,0,Alaska,Ensemble
2026-04-25,02,2,wk inc flu hosp,2026-05-09,quantile,0.05,0,Alaska,Ensemble
2026-04-25,02,2,wk inc flu hosp,2026-05-09,quantile,0.1,0,Alaska,Ensemble
2026-04-25,02,2,wk inc flu hosp,2026-05-09,quantile,0.15,0,Alaska,Ensemble
2026-04-25,02,2,wk inc flu hosp,2026-05-09,quantile,0.2,0,Alaska,Ensemble
2026-04-25,02,2,wk inc flu hosp,2026-05-09,quantile,0.25,0,Alaska,Ensemble
2026-04-25,02,2,wk inc flu hosp,2026-05-09,quantile,0.3,0,Alaska,Ensemble
2026-04-25,02,2,wk inc flu hosp,2026-05-09,quantile,0.35,1,Alaska,Ensemble
2026-04-25,02,2,wk inc flu hosp,2026-05-09,quantile,0.4,1,Alaska,Ensemble
2026-04-25,02,2,wk inc flu hosp,2026-05-09,quantile,0.45,1,Alaska,Ensemble
2026-04-25,02,2,wk inc flu hosp,2026-05-09,quantile,0.5,2,Alaska,Ensemble
2026-04-25,02,2,wk inc flu hosp,2026-05-09,quantile,0.55,3,Alaska,Ensemble
2026-04-25,02,2,wk inc flu hosp,2026-05-09,quantile,0.6,3,Alaska,Ensemble
2026-04-25,02,2,wk inc flu hosp,2026-05-09,quantile,0.65,3,Alaska,Ensemble
2026-04-25,02,2,wk inc flu hosp,2026-05-09,quantile,0.7,3,Alaska,Ensemble
2026-04-25,02,2,wk inc flu hosp,2026-05-09,quantile,0.75,4,Alaska,Ensemble
2026-04-25,02,2,wk inc flu hosp,2026-05-09,quantile,0.8,4,Alaska,Ensemble
2026-04-25,02,2,wk inc flu hosp,2026-05-09,quantile,0.85,5,Alaska,Ensemble
2026-04-25,02,2,wk inc flu hosp,2026-05-09,quantile,0.9,6,Alaska,Ensemble
2026-04-25,02,2,wk inc flu hosp,2026-05-09,quantile,0.95,8,Alaska,Ensemble
2026-04-25,02,2,wk inc flu hosp,2026-05-09,quantile,0.975,11,Alaska,Ensemble
2026-04-25,02,2,wk inc flu hosp,2026-05-09,quantile,0.99,14,Alaska,Ensemble
2026-04-25,02,3,wk inc flu hosp,2026-05-16,quantile,0.01,0,Alaska,Ensemble
2026-04-25,02,3,wk inc flu hosp,2026-05-16,quantile,0.025,0,Alaska,Ensemble
2026-04-25,02,3,wk inc flu hosp,2026-05-16,quantile,0.05,0,Alaska,Ensemble
2026-04-25,02,3,wk inc flu hosp,2026-05-16,quantile,0.1,0,Alaska,Ensemble
2026-04-25,02,3,wk inc flu hosp,2026-05-16,quantile,0.15,0,Alaska,Ensemble
2026-04-25,02,3,wk inc flu hosp,2026-05-16,quantile,0.2,0,Alaska,Ensemble
2026-04-25,02,3,wk inc flu hosp,2026-05-16,quantile,0.25,0,Alaska,Ensemble
2026-04-25,02,3,wk inc flu hosp,2026-05-16,quantile,0.3,0,Alaska,Ensemble
2026-04-25,02,3,wk inc flu hosp,2026-05-16,quantile,0.35,1,Alaska,Ensemble
2026-04-25,02,3,wk inc flu hosp,2026-05-16,quantile,0.4,1,Alaska,Ensemble
2026-04-25,02,3,wk inc flu hosp,2026-05-16,quantile,0.45,1,Alaska,Ensemble
2026-04-25,02,3,wk inc flu hosp,2026-05-16,quantile,0.5,2,Alaska,Ensemble
2026-04-25,02,3,wk inc flu hosp,2026-05-16,quantile,0.55,2,Alaska,Ensemble
2026-04-25,02,3,wk inc flu hosp,2026-05-16,quantile,0.6,3,Alaska,Ensemble
2026-04-25,02,3,wk inc flu hosp,2026-05-16,quantile,0.65,3,Alaska,Ensemble
2026-04-25,02,3,wk inc flu hosp,2026-05-16,quantile,0.7,3,Alaska,Ensemble
2026-04-25,02,3,wk inc flu hosp,2026-05-16,quantile,0.75,4,Alaska,Ensemble
2026-04-25,02,3,wk inc flu hosp,2026-05-16,quantile,0.8,4,Alaska,Ensemble
2026-04-25,02,3,wk inc flu hosp,2026-05-16,quantile,0.85,5,Alaska,Ensemble
2026-04-25,02,3,wk inc flu hosp,2026-05-16,quantile,0.9,6,Alaska,Ensemble
2026-04-25,02,3,wk inc flu hosp,2026-05-16,quantile,0.95,8,Alaska,Ensemble
2026-04-25,02,3,wk inc flu hosp,2026-05-16,quantile,0.975,11,Alaska,Ensemble
2026-04-25,02,3,wk inc flu hosp,2026-05-16,quantile,0.99,15,Alaska,Ensemble
2026-04-25,04,0,wk inc flu hosp,2026-04-25,quantile,0.01,16,Arizona,Ensemble
2026-04-25,04,0,wk inc flu hosp,2026-04-25,quantile,0.025,20,Arizona,Ensemble
2026-04-25,04,0,wk inc flu hosp,2026-04-25,quantile,0.05,24,Arizona,Ensemble
2026-04-25,04,0,wk inc flu hosp,2026-04-25,quantile,0.1,29,Arizona,Ensemble
2026-04-25,04,0,wk inc flu hosp,2026-04-25,quantile,0.15,33,Arizona,Ensemble
2026-04-25,04,0,wk inc flu hosp,2026-04-25,quantile,0.2,36,Arizona,Ensemble
2026-04-25,04,0,wk inc flu hosp,2026-04-25,quantile,0.25,38,Arizona,Ensemble
2026-04-25,04,0,wk inc flu hosp,2026-04-25,quantile,0.3,41,Arizona,Ensemble
2026-04-25,04,0,wk inc flu hosp,2026-04-25,quantile,0.35,43,Arizona,Ensemble
2026-04-25,04,0,wk inc flu hosp,2026-04-25,quantile,0.4,46,Arizona,Ensemble
2026-04-25,04,0,wk inc flu hosp,2026-04-25,quantile,0.45,48,Arizona,Ensemble
2026-04-25,04,0,wk inc flu hosp,2026-04-25,quantile,0.5,51,Arizona,Ensemble
2026-04-25,04,0,wk inc flu hosp,2026-04-25,quantile,0.55,54,Arizona,Ensemble
2026-04-25,04,0,wk inc flu hosp,2026-04-25,quantile,0.6,57,Arizona,Ensemble
2026-04-25,04,0,wk inc flu hosp,2026-04-25,quantile,0.65,60,Arizona,Ensemble
2026-04-25,04,0,wk inc flu hosp,2026-04-25,quantile,0.7,63,Arizona,Ensemble
2026-04-25,04,0,wk inc flu hosp,2026-04-25,quantile,0.75,67,Arizona,Ensemble
2026-04-25,04,0,wk inc flu hosp,2026-04-25,quantile,0.8,72,Arizona,Ensemble
2026-04-25,04,0,wk inc flu hosp,2026-04-25,quantile,0.85,77,Arizona,Ensemble
2026-04-25,04,0,wk inc flu hosp,2026-04-25,quantile,0.9,85,Arizona,Ensemble
2026-04-25,04,0,wk inc flu hosp,2026-04-25,quantile,0.95,98,Arizona,Ensemble
2026-04-25,04,0,wk inc flu hosp,2026-04-25,quantile,0.975,113,Arizona,Ensemble
2026-04-25,04,0,wk inc flu hosp,2026-04-25,quantile,0.99,133,Arizona,Ensemble
2026-04-25,04,1,wk inc flu hosp,2026-05-02,quantile,0.01,10,Arizona,Ensemble
2026-04-25,04,1,wk inc flu hosp,2026-05-02,quantile,0.025,13,Arizona,Ensemble
2026-04-25,04,1,wk inc flu hosp,2026-05-02,quantile,0.05,16,Arizona,Ensemble
2026-04-25,04,1,wk inc flu hosp,2026-05-02,quantile,0.1,20,Arizona,Ensemble
2026-04-25,04,1,wk inc flu hosp,2026-05-02,quantile,0.15,24,Arizona,Ensemble
2026-04-25,04,1,wk inc flu hosp,2026-05-02,quantile,0.2,27,Arizona,Ensemble
2026-04-25,04,1,wk inc flu hosp,2026-05-02,quantile,0.25,29,Arizona,Ensemble
2026-04-25,04,1,wk inc flu hosp,2026-05-02,quantile,0.3,31,Arizona,Ensemble
2026-04-25,04,1,wk inc flu hosp,2026-05-02,quantile,0.35,34,Arizona,Ensemble
2026-04-25,04,1,wk inc flu hosp,2026-05-02,quantile,0.4,36,Arizona,Ensemble
2026-04-25,04,1,wk inc flu hosp,2026-05-02,quantile,0.45,39,Arizona,Ensemble
2026-04-25,04,1,wk inc flu hosp,2026-05-02,quantile,0.5,42,Arizona,Ensemble
2026-04-25,04,1,wk inc flu hosp,2026-05-02,quantile,0.55,45,Arizona,Ensemble
2026-04-25,04,1,wk inc flu hosp,2026-05-02,quantile,0.6,48,Arizona,Ensemble
2026-04-25,04,1,wk inc flu hosp,2026-05-02,quantile,0.65,52,Arizona,Ensemble
2026-04-25,04,1,wk inc flu hosp,2026-05-02,quantile,0.7,56,Arizona,Ensemble
2026-04-25,04,1,wk inc flu hosp,2026-05-02,quantile,0.75,60,Arizona,Ensemble
2026-04-25,04,1,wk inc flu hosp,2026-05-02,quantile,0.8,66,Arizona,Ensemble
2026-04-25,04,1,wk inc flu hosp,2026-05-02,quantile,0.85,73,Arizona,Ensemble
2026-04-25,04,1,wk inc flu hosp,2026-05-02,quantile,0.9,84,Arizona,Ensemble
2026-04-25,04,1,wk inc flu hosp,2026-05-02,quantile,0.95,102,Arizona,Ensemble
2026-04-25,04,1,wk inc flu hosp,2026-05-02,quantile,0.975,124,Arizona,Ensemble
2026-04-25,04,1,wk inc flu hosp,2026-05-02,quantile,0.99,152,Arizona,Ensemble
2026-04-25,04,2,wk inc flu hosp,2026-05-09,quantile,0.01,7,Arizona,Ensemble
2026-04-25,04,2,wk inc flu hosp,2026-05-09,quantile,0.025,9,Arizona,Ensemble
2026-04-25,04,2,wk inc flu hosp,2026-05-09,quantile,0.05,12,Arizona,Ensemble
2026-04-25,04,2,wk inc flu hosp,2026-05-09,quantile,0.1,16,Arizona,Ensemble
2026-04-25,04,2,wk inc flu hosp,2026-05-09,quantile,0.15,19,Arizona,Ensemble
2026-04-25,04,2,wk inc flu hosp,2026-05-09,quantile,0.2,22,Arizona,Ensemble
2026-04-25,04,2,wk inc flu hosp,2026-05-09,quantile,0.25,24,Arizona,Ensemble
2026-04-25,04,2,wk inc flu hosp,2026-05-09,quantile,0.3,26,Arizona,Ensemble
2026-04-25,04,2,wk inc flu hosp,2026-05-09,quantile,0.35,28,Arizona,Ensemble
2026-04-25,04,2,wk inc flu hosp,2026-05-09,quantile,0.4,30,Arizona,Ensemble
2026-04-25,04,2,wk inc flu hosp,2026-05-09,quantile,0.45,33,Arizona,Ensemble
2026-04-25,04,2,wk inc flu hosp,2026-05-09,quantile,0.5,36,Arizona,Ensemble
2026-04-25,04,2,wk inc flu hosp,2026-05-09,quantile,0.55,39,Arizona,Ensemble
2026-04-25,04,2,wk inc flu hosp,2026-05-09,quantile,0.6,42,Arizona,Ensemble
2026-04-25,04,2,wk inc flu hosp,2026-05-09,quantile,0.65,46,Arizona,Ensemble
2026-04-25,04,2,wk inc flu hosp,2026-05-09,quantile,0.7,50,Arizona,Ensemble
2026-04-25,04,2,wk inc flu hosp,2026-05-09,quantile,0.75,56,Arizona,Ensemble
2026-04-25,04,2,wk inc flu hosp,2026-05-09,quantile,0.8,62,Arizona,Ensemble
2026-04-25,04,2,wk inc flu hosp,2026-05-09,quantile,0.85,70,Arizona,Ensemble
2026-04-25,04,2,wk inc flu hosp,2026-05-09,quantile,0.9,82,Arizona,Ensemble
2026-04-25,04,2,wk inc flu hosp,2026-05-09,quantile,0.95,102,Arizona,Ensemble
2026-04-25,04,2,wk inc flu hosp,2026-05-09,quantile,0.975,124,Arizona,Ensemble
2026-04-25,04,2,wk inc flu hosp,2026-05-09,quantile,0.99,156,Arizona,Ensemble
2026-04-25,04,3,wk inc flu hosp,2026-05-16,quantile,0.01,6,Arizona,Ensemble
2026-04-25,04,3,wk inc flu hosp,2026-05-16,quantile,0.025,8,Arizona,Ensemble
2026-04-25,04,3,wk inc flu hosp,2026-05-16,quantile,0.05,11,Arizona,Ensemble
2026-04-25,04,3,wk inc flu hosp,2026-05-16,quantile,0.1,14,Arizona,Ensemble
2026-04-25,04,3,wk inc flu hosp,2026-05-16,quantile,0.15,17,Arizona,Ensemble
2026-04-25,04,3,wk inc flu hosp,2026-05-16,quantile,0.2,19,Arizona,Ensemble
2026-04-25,04,3,wk inc flu hosp,2026-05-16,quantile,0.25,21,Arizona,Ensemble
2026-04-25,04,3,wk inc flu hosp,2026-05-16,quantile,0.3,23,Arizona,Ensemble
2026-04-25,04,3,wk inc flu hosp,2026-05-16,quantile,0.35,25,Arizona,Ensemble
2026-04-25,04,3,wk inc flu hosp,2026-05-16,quantile,0.4,28,Arizona,Ensemble
2026-04-25,04,3,wk inc flu hosp,2026-05-16,quantile,0.45,30,Arizona,Ensemble
2026-04-25,04,3,wk inc flu hosp,2026-05-16,quantile,0.5,34,Arizona,Ensemble
2026-04-25,04,3,wk inc flu hosp,2026-05-16,quantile,0.55,37,Arizona,Ensemble
2026-04-25,04,3,wk inc flu hosp,2026-05-16,quantile,0.6,41,Arizona,Ensemble
2026-04-25,04,3,wk inc flu hosp,2026-05-16,quantile,0.65,45,Arizona,Ensemble
2026-04-25,04,3,wk inc flu hosp,2026-05-16,quantile,0.7,50,Arizona,Ensemble
2026-04-25,04,3,wk inc flu hosp,2026-05-16,quantile,0.75,55,Arizona,Ensemble
2026-04-25,04,3,wk inc flu hosp,2026-05-16,quantile,0.8,62,Arizona,Ensemble
2026-04-25,04,3,wk inc flu hosp,2026-05-16,quantile,0.85,71,Arizona,Ensemble
2026-04-25,04,3,wk inc flu hosp,2026-05-16,quantile,0.9,84,Arizona,Ensemble
2026-04-25,04,3,wk inc flu hosp,2026-05-16,quantile,0.95,106,Arizona,Ensemble
2026-04-25,04,3,wk inc flu hosp,2026-05-16,quantile,0.975,130,Arizona,Ensemble
2026-04-25,04,3,wk inc flu hosp,2026-05-16,quantile,0.99,168,Arizona,Ensemble
2026-04-25,05,0,wk inc flu hosp,2026-04-25,quantile,0.01,0,Arkansas,Ensemble
2026-04-25,05,0,wk inc flu hosp,2026-04-25,quantile,0.025,0,Arkansas,Ensemble
2026-04-25,05,0,wk inc flu hosp,2026-04-25,quantile,0.05,0,Arkansas,Ensemble
2026-04-25,05,0,wk inc flu hosp,2026-04-25,quantile,0.1,1,Arkansas,Ensemble
2026-04-25,05,0,wk inc flu hosp,2026-04-25,quantile,0.15,1,Arkansas,Ensemble
2026-04-25,05,0,wk inc flu hosp,2026-04-25,quantile,0.2,1,Arkansas,Ensemble
2026-04-25,05,0,wk inc flu hosp,2026-04-25,quantile,0.25,1,Arkansas,Ensemble
2026-04-25,05,0,wk inc flu hosp,2026-04-25,quantile,0.3,2,Arkansas,Ensemble
2026-04-25,05,0,wk inc flu hosp,2026-04-25,quantile,0.35,2,Arkansas,Ensemble
2026-04-25,05,0,wk inc flu hosp,2026-04-25,quantile,0.4,2,Arkansas,Ensemble
2026-04-25,05,0,wk inc flu hosp,2026-04-25,quantile,0.45,3,Arkansas,Ensemble
2026-04-25,05,0,wk inc flu hosp,2026-04-25,quantile,0.5,4,Arkansas,Ensemble
2026-04-25,05,0,wk inc flu hosp,2026-04-25,quantile,0.55,4,Arkansas,Ensemble
2026-04-25,05,0,wk inc flu hosp,2026-04-25,quantile,0.6,5,Arkansas,Ensemble
2026-04-25,05,0,wk inc flu hosp,2026-04-25,quantile,0.65,6,Arkansas,Ensemble
2026-04-25,05,0,wk inc flu hosp,2026-04-25,quantile,0.7,6,Arkansas,Ensemble
2026-04-25,05,0,wk inc flu hosp,2026-04-25,quantile,0.75,7,Arkansas,Ensemble
2026-04-25,05,0,wk inc flu hosp,2026-04-25,quantile,0.8,8,Arkansas,Ensemble
2026-04-25,05,0,wk inc flu hosp,2026-04-25,quantile,0.85,9,Arkansas,Ensemble
2026-04-25,05,0,wk inc flu hosp,2026-04-25,quantile,0.9,11,Arkansas,Ensemble
2026-04-25,05,0,wk inc flu hosp,2026-04-25,quantile,0.95,14,Arkansas,Ensemble
2026-04-25,05,0,wk inc flu hosp,2026-04-25,quantile,0.975,17,Arkansas,Ensemble
2026-04-25,05,0,wk inc flu hosp,2026-04-25,quantile,0.99,22,Arkansas,Ensemble
2026-04-25,05,1,wk inc flu hosp,2026-05-02,quantile,0.01,0,Arkansas,Ensemble
2026-04-25,05,1,wk inc flu hosp,2026-05-02,quantile,0.025,0,Arkansas,Ensemble
2026-04-25,05,1,wk inc flu hosp,2026-05-02,quantile,0.05,0,Arkansas,Ensemble
2026-04-25,05,1,wk inc flu hosp,2026-05-02,quantile,0.1,0,Arkansas,Ensemble
2026-04-25,05,1,wk inc flu hosp,2026-05-02,quantile,0.15,1,Arkansas,Ensemble
2026-04-25,05,1,wk inc flu hosp,2026-05-02,quantile,0.2,1,Arkansas,Ensemble
2026-04-25,05,1,wk inc flu hosp,2026-05-02,quantile,0.25,1,Arkansas,Ensemble
2026-04-25,05,1,wk inc flu hosp,2026-05-02,quantile,0.3,1,Arkansas,Ensemble
2026-04-25,05,1,wk inc flu hosp,2026-05-02,quantile,0.35,2,Arkansas,Ensemble
2026-04-25,05,1,wk inc flu hosp,2026-05-02,quantile,0.4,2,Arkansas,Ensemble
2026-04-25,05,1,wk inc flu hosp,2026-05-02,quantile,0.45,2,Arkansas,Ensemble
2026-04-25,05,1,wk inc flu hosp,2026-05-02,quantile,0.5,4,Arkansas,Ensemble
2026-04-25,05,1,wk inc flu hosp,2026-05-02,quantile,0.55,4,Arkansas,Ensemble
2026-04-25,05,1,wk inc flu hosp,2026-05-02,quantile,0.6,4,Arkansas,Ensemble
2026-04-25,05,1,wk inc flu hosp,2026-05-02,quantile,0.65,5,Arkansas,Ensemble
2026-04-25,05,1,wk inc flu hosp,2026-05-02,quantile,0.7,6,Arkansas,Ensemble
2026-04-25,05,1,wk inc flu hosp,2026-05-02,quantile,0.75,6,Arkansas,Ensemble
2026-04-25,05,1,wk inc flu hosp,2026-05-02,quantile,0.8,7,Arkansas,Ensemble
2026-04-25,05,1,wk inc flu hosp,2026-05-02,quantile,0.85,9,Arkansas,Ensemble
2026-04-25,05,1,wk inc flu hosp,2026-05-02,quantile,0.9,11,Arkansas,Ensemble
2026-04-25,05,1,wk inc flu hosp,2026-05-02,quantile,0.95,15,Arkansas,Ensemble
2026-04-25,05,1,wk inc flu hosp,2026-05-02,quantile,0.975,19,Arkansas,Ensemble
2026-04-25,05,1,wk inc flu hosp,2026-05-02,quantile,0.99,25,Arkansas,Ensemble
2026-04-25,05,2,wk inc flu hosp,2026-05-09,quantile,0.01,0,Arkansas,Ensemble
2026-04-25,05,2,wk inc flu hosp,2026-05-09,quantile,0.025,0,Arkansas,Ensemble
2026-04-25,05,2,wk inc flu hosp,2026-05-09,quantile,0.05,0,Arkansas,Ensemble
2026-04-25,05,2,wk inc flu hosp,2026-05-09,quantile,0.1,0,Arkansas,Ensemble
2026-04-25,05,2,wk inc flu hosp,2026-05-09,quantile,0.15,0,Arkansas,Ensemble
2026-04-25,05,2,wk inc flu hosp,2026-05-09,quantile,0.2,1,Arkansas,Ensemble
2026-04-25,05,2,wk inc flu hosp,2026-05-09,quantile,0.25,1,Arkansas,Ensemble
2026-04-25,05,2,wk inc flu hosp,2026-05-09,quantile,0.3,1,Arkansas,Ensemble
2026-04-25,05,2,wk inc flu hosp,2026-05-09,quantile,0.35,1,Arkansas,Ensemble
2026-04-25,05,2,wk inc flu hosp,2026-05-09,quantile,0.4,2,Arkansas,Ensemble
2026-04-25,05,2,wk inc flu hosp,2026-05-09,quantile,0.45,2,Arkansas,Ensemble
2026-04-25,05,2,wk inc flu hosp,2026-05-09,quantile,0.5,3,Arkansas,Ensemble
2026-04-25,05,2,wk inc flu hosp,2026-05-09,quantile,0.55,4,Arkansas,Ensemble
2026-04-25,05,2,wk inc flu hosp,2026-05-09,quantile,0.6,4,Arkansas,Ensemble
2026-04-25,05,2,wk inc flu hosp,2026-05-09,quantile,0.65,5,Arkansas,Ensemble
2026-04-25,05,2,wk inc flu hosp,2026-05-09,quantile,0.7,5,Arkansas,Ensemble
2026-04-25,05,2,wk inc flu hosp,2026-05-09,quantile,0.75,6,Arkansas,Ensemble
2026-04-25,05,2,wk inc flu hosp,2026-05-09,quantile,0.8,8,Arkansas,Ensemble
2026-04-25,05,2,wk inc flu hosp,2026-05-09,quantile,0.85,9,Arkansas,Ensemble
2026-04-25,05,2,wk inc flu hosp,2026-05-09,quantile,0.9,12,Arkansas,Ensemble
2026-04-25,05,2,wk inc flu hosp,2026-05-09,quantile,0.95,17,Arkansas,Ensemble
2026-04-25,05,2,wk inc flu hosp,2026-05-09,quantile,0.975,23,Arkansas,Ensemble
2026-04-25,05,2,wk inc flu hosp,2026-05-09,quantile,0.99,31,Arkansas,Ensemble
2026-04-25,05,3,wk inc flu hosp,2026-05-16,quantile,0.01,0,Arkansas,Ensemble
2026-04-25,05,3,wk inc flu hosp,2026-05-16,quantile,0.025,0,Arkansas,Ensemble
2026-04-25,05,3,wk inc flu hosp,2026-05-16,quantile,0.05,0,Arkansas,Ensemble
2026-04-25,05,3,wk inc flu hosp,2026-05-16,quantile,0.1,0,Arkansas,Ensemble
2026-04-25,05,3,wk inc flu hosp,2026-05-16,quantile,0.15,0,Arkansas,Ensemble
2026-04-25,05,3,wk inc flu hosp,2026-05-16,quantile,0.2,1,Arkansas,Ensemble
2026-04-25,05,3,wk inc flu hosp,2026-05-16,quantile,0.25,1,Arkansas,Ensemble
2026-04-25,05,3,wk inc flu hosp,2026-05-16,quantile,0.3,1,Arkansas,Ensemble
2026-04-25,05,3,wk inc flu hosp,2026-05-16,quantile,0.35,1,Arkansas,Ensemble
2026-04-25,05,3,wk inc flu hosp,2026-05-16,quantile,0.4,2,Arkansas,Ensemble
2026-04-25,05,3,wk inc flu hosp,2026-05-16,quantile,0.45,2,Arkansas,Ensemble
2026-04-25,05,3,wk inc flu hosp,2026-05-16,quantile,0.5,3,Arkansas,Ensemble
2026-04-25,05,3,wk inc flu hosp,2026-05-16,quantile,0.55,4,Arkansas,Ensemble
2026-04-25,05,3,wk inc flu hosp,2026-05-16,quantile,0.6,4,Arkansas,Ensemble
2026-04-25,05,3,wk inc flu hosp,2026-05-16,quantile,0.65,5,Arkansas,Ensemble
2026-04-25,05,3,wk inc flu hosp,2026-05-16,quantile,0.7,6,Arkansas,Ensemble
2026-04-25,05,3,wk inc flu hosp,2026-05-16,quantile,0.75,6,Arkansas,Ensemble
2026-04-25,05,3,wk inc flu hosp,2026-05-16,quantile,0.8,8,Arkansas,Ensemble
2026-04-25,05,3,wk inc flu hosp,2026-05-16,quantile,0.85,9,Arkansas,Ensemble
2026-04-25,05,3,wk inc flu hosp,2026-05-16,quantile,0.9,12,Arkansas,Ensemble
2026-04-25,05,3,wk inc flu hosp,2026-05-16,quantile,0.95,17,Arkansas,Ensemble
2026-04-25,05,3,wk inc flu hosp,2026-05-16,quantile,0.975,24,Arkansas,Ensemble
2026-04-25,05,3,wk inc flu hosp,2026-05-16,quantile,0.99,33,Arkansas,Ensemble
2026-04-25,06,0,wk inc flu hosp,2026-04-25,quantile,0.01,53,California,Ensemble
2026-04-25,06,0,wk inc flu hosp,2026-04-25,quantile,0.025,64,California,Ensemble
2026-04-25,06,0,wk inc flu hosp,2026-04-25,quantile,0.05,74,California,Ensemble
2026-04-25,06,0,wk inc flu hosp,2026-04-25,quantile,0.1,89,California,Ensemble
2026-04-25,06,0,wk inc flu hosp,2026-04-25,quantile,0.15,99,California,Ensemble
2026-04-25,06,0,wk inc flu hosp,2026-04-25,quantile,0.2,107,California,Ensemble
2026-04-25,06,0,wk inc flu hosp,2026-04-25,quantile,0.25,115,California,Ensemble
2026-04-25,06,0,wk inc flu hosp,2026-04-25,quantile,0.3,122,California,Ensemble
2026-04-25,06,0,wk inc flu hosp,2026-04-25,quantile,0.35,130,California,Ensemble
2026-04-25,06,0,wk inc flu hosp,2026-04-25,quantile,0.4,137,California,Ensemble
2026-04-25,06,0,wk inc flu hosp,2026-04-25,quantile,0.45,143,California,Ensemble
2026-04-25,06,0,wk inc flu hosp,2026-04-25,quantile,0.5,151,California,Ensemble
2026-04-25,06,0,wk inc flu hosp,2026-04-25,quantile,0.55,158,California,Ensemble
2026-04-25,06,0,wk inc flu hosp,2026-04-25,quantile,0.6,165,California,Ensemble
2026-04-25,06,0,wk inc flu hosp,2026-04-25,quantile,0.65,174,California,Ensemble
2026-04-25,06,0,wk inc flu hosp,2026-04-25,quantile,0.7,182,California,Ensemble
2026-04-25,06,0,wk inc flu hosp,2026-04-25,quantile,0.75,192,California,Ensemble
2026-04-25,06,0,wk inc flu hosp,2026-04-25,quantile,0.8,204,California,Ensemble
2026-04-25,06,0,wk inc flu hosp,2026-04-25,quantile,0.85,219,California,Ensemble
2026-04-25,06,0,wk inc flu hosp,2026-04-25,quantile,0.9,239,California,Ensemble
2026-04-25,06,0,wk inc flu hosp,2026-04-25,quantile,0.95,272,California,Ensemble
2026-04-25,06,0,wk inc flu hosp,2026-04-25,quantile,0.975,306,California,Ensemble
2026-04-25,06,0,wk inc flu hosp,2026-04-25,quantile,0.99,357,California,Ensemble
2026-04-25,06,1,wk inc flu hosp,2026-05-02,quantile,0.01,31,California,Ensemble
2026-04-25,06,1,wk inc flu hosp,2026-05-02,quantile,0.025,42,California,Ensemble
2026-04-25,06,1,wk inc flu hosp,2026-05-02,quantile,0.05,51,California,Ensemble
2026-04-25,06,1,wk inc flu hosp,2026-05-02,quantile,0.1,65,California,Ensemble
2026-04-25,06,1,wk inc flu hosp,2026-05-02,quantile,0.15,75,California,Ensemble
2026-04-25,06,1,wk inc flu hosp,2026-05-02,quantile,0.2,83,California,Ensemble
2026-04-25,06,1,wk inc flu hosp,2026-05-02,quantile,0.25,90,California,Ensemble
2026-04-25,06,1,wk inc flu hosp,2026-05-02,quantile,0.3,97,California,Ensemble
2026-04-25,06,1,wk inc flu hosp,2026-05-02,quantile,0.35,104,California,Ensemble
2026-04-25,06,1,wk inc flu hosp,2026-05-02,quantile,0.4,110,California,Ensemble
2026-04-25,06,1,wk inc flu hosp,2026-05-02,quantile,0.45,118,California,Ensemble
2026-04-25,06,1,wk inc flu hosp,2026-05-02,quantile,0.5,126,California,Ensemble
2026-04-25,06,1,wk inc flu hosp,2026-05-02,quantile,0.55,134,California,Ensemble
2026-04-25,06,1,wk inc flu hosp,2026-05-02,quantile,0.6,142,California,Ensemble
2026-04-25,06,1,wk inc flu hosp,2026-05-02,quantile,0.65,150,California,Ensemble
2026-04-25,06,1,wk inc flu hosp,2026-05-02,quantile,0.7,160,California,Ensemble
2026-04-25,06,1,wk inc flu hosp,2026-05-02,quantile,0.75,171,California,Ensemble
2026-04-25,06,1,wk inc flu hosp,2026-05-02,quantile,0.8,184,California,Ensemble
2026-04-25,06,1,wk inc flu hosp,2026-05-02,quantile,0.85,202,California,Ensemble
2026-04-25,06,1,wk inc flu hosp,2026-05-02,quantile,0.9,224,California,Ensemble
2026-04-25,06,1,wk inc flu hosp,2026-05-02,quantile,0.95,267,California,Ensemble
2026-04-25,06,1,wk inc flu hosp,2026-05-02,quantile,0.975,307,California,Ensemble
2026-04-25,06,1,wk inc flu hosp,2026-05-02,quantile,0.99,371,California,Ensemble
2026-04-25,06,2,wk inc flu hosp,2026-05-09,quantile,0.01,19,California,Ensemble
2026-04-25,06,2,wk inc flu hosp,2026-05-09,quantile,0.025,27,California,Ensemble
2026-04-25,06,2,wk inc flu hosp,2026-05-09,quantile,0.05,33,California,Ensemble
2026-04-25,06,2,wk inc flu hosp,2026-05-09,quantile,0.1,45,California,Ensemble
2026-04-25,06,2,wk inc flu hosp,2026-05-09,quantile,0.15,56,California,Ensemble
2026-04-25,06,2,wk inc flu hosp,2026-05-09,quantile,0.2,64,California,Ensemble
2026-04-25,06,2,wk inc flu hosp,2026-05-09,quantile,0.25,71,California,Ensemble
2026-04-25,06,2,wk inc flu hosp,2026-05-09,quantile,0.3,77,California,Ensemble
2026-04-25,06,2,wk inc flu hosp,2026-05-09,quantile,0.35,84,California,Ensemble
2026-04-25,06,2,wk inc flu hosp,2026-05-09,quantile,0.4,91,California,Ensemble
2026-04-25,06,2,wk inc flu hosp,2026-05-09,quantile,0.45,97,California,Ensemble
2026-04-25,06,2,wk inc flu hosp,2026-05-09,quantile,0.5,106,California,Ensemble
2026-04-25,06,2,wk inc flu hosp,2026-05-09,quantile,0.55,114,California,Ensemble
2026-04-25,06,2,wk inc flu hosp,2026-05-09,quantile,0.6,123,California,Ensemble
2026-04-25,06,2,wk inc flu hosp,2026-05-09,quantile,0.65,132,California,Ensemble
2026-04-25,06,2,wk inc flu hosp,2026-05-09,quantile,0.7,143,California,Ensemble
2026-04-25,06,2,wk inc flu hosp,2026-05-09,quantile,0.75,155,California,Ensemble
2026-04-25,06,2,wk inc flu hosp,2026-05-09,quantile,0.8,169,California,Ensemble
2026-04-25,06,2,wk inc flu hosp,2026-05-09,quantile,0.85,188,California,Ensemble
2026-04-25,06,2,wk inc flu hosp,2026-05-09,quantile,0.9,215,California,Ensemble
2026-04-25,06,2,wk inc flu hosp,2026-05-09,quantile,0.95,262,California,Ensemble
2026-04-25,06,2,wk inc flu hosp,2026-05-09,quantile,0.975,312,California,Ensemble
2026-04-25,06,2,wk inc flu hosp,2026-05-09,quantile,0.99,389,California,Ensemble
2026-04-25,06,3,wk inc flu hosp,2026-05-16,quantile,0.01,14,California,Ensemble
2026-04-25,06,3,wk inc flu hosp,2026-05-16,quantile,0.025,20,California,Ensemble
2026-04-25,06,3,wk inc flu hosp,2026-05-16,quantile,0.05,26,California,Ensemble
2026-04-25,06,3,wk inc flu hosp,2026-05-16,quantile,0.1,35,California,Ensemble
2026-04-25,06,3,wk inc flu hosp,2026-05-16,quantile,0.15,45,California,Ensemble
2026-04-25,06,3,wk inc flu hosp,2026-05-16,quantile,0.2,52,California,Ensemble
2026-04-25,06,3,wk inc flu hosp,2026-05-16,quantile,0.25,58,California,Ensemble
2026-04-25,06,3,wk inc flu hosp,2026-05-16,quantile,0.3,64,California,Ensemble
2026-04-25,06,3,wk inc flu hosp,2026-05-16,quantile,0.35,70,California,Ensemble
2026-04-25,06,3,wk inc flu hosp,2026-05-16,quantile,0.4,76,California,Ensemble
2026-04-25,06,3,wk inc flu hosp,2026-05-16,quantile,0.45,83,California,Ensemble
2026-04-25,06,3,wk inc flu hosp,2026-05-16,quantile,0.5,91,California,Ensemble
2026-04-25,06,3,wk inc flu hosp,2026-05-16,quantile,0.55,99,California,Ensemble
2026-04-25,06,3,wk inc flu hosp,2026-05-16,quantile,0.6,109,California,Ensemble
2026-04-25,06,3,wk inc flu hosp,2026-05-16,quantile,0.65,118,California,Ensemble
2026-04-25,06,3,wk inc flu hosp,2026-05-16,quantile,0.7,130,California,Ensemble
2026-04-25,06,3,wk inc flu hosp,2026-05-16,quantile,0.75,143,California,Ensemble
2026-04-25,06,3,wk inc flu hosp,2026-05-16,quantile,0.8,159,California,Ensemble
2026-04-25,06,3,wk inc flu hosp,2026-05-16,quantile,0.85,179,California,Ensemble
2026-04-25,06,3,wk inc flu hosp,2026-05-16,quantile,0.9,208,California,Ensemble
2026-04-25,06,3,wk inc flu hosp,2026-05-16,quantile,0.95,261,California,Ensemble
2026-04-25,06,3,wk inc flu hosp,2026-05-16,quantile,0.975,324,California,Ensemble
2026-04-25,06,3,wk inc flu hosp,2026-05-16,quantile,0.99,434,California,Ensemble
2026-04-25,08,0,wk inc flu hosp,2026-04-25,quantile,0.01,2,Colorado,Ensemble
2026-04-25,08,0,wk inc flu hosp,2026-04-25,quantile,0.025,3,Colorado,Ensemble
2026-04-25,08,0,wk inc flu hosp,2026-04-25,quantile,0.05,4,Colorado,Ensemble
2026-04-25,08,0,wk inc flu hosp,2026-04-25,quantile,0.1,6,Colorado,Ensemble
2026-04-25,08,0,wk inc flu hosp,2026-04-25,quantile,0.15,7,Colorado,Ensemble
2026-04-25,08,0,wk inc flu hosp,2026-04-25,quantile,0.2,8,Colorado,Ensemble
2026-04-25,08,0,wk inc flu hosp,2026-04-25,quantile,0.25,10,Colorado,Ensemble
2026-04-25,08,0,wk inc flu hosp,2026-04-25,quantile,0.3,10,Colorado,Ensemble
2026-04-25,08,0,wk inc flu hosp,2026-04-25,quantile,0.35,11,Colorado,Ensemble
2026-04-25,08,0,wk inc flu hosp,2026-04-25,quantile,0.4,13,Colorado,Ensemble
2026-04-25,08,0,wk inc flu hosp,2026-04-25,quantile,0.45,14,Colorado,Ensemble
2026-04-25,08,0,wk inc flu hosp,2026-04-25,quantile,0.5,16,Colorado,Ensemble
2026-04-25,08,0,wk inc flu hosp,2026-04-25,quantile,0.55,17,Colorado,Ensemble
2026-04-25,08,0,wk inc flu hosp,2026-04-25,quantile,0.6,18,Colorado,Ensemble
2026-04-25,08,0,wk inc flu hosp,2026-04-25,quantile,0.65,19,Colorado,Ensemble
2026-04-25,08,0,wk inc flu hosp,2026-04-25,quantile,0.7,20,Colorado,Ensemble
2026-04-25,08,0,wk inc flu hosp,2026-04-25,quantile,0.75,22,Colorado,Ensemble
2026-04-25,08,0,wk inc flu hosp,2026-04-25,quantile,0.8,24,Colorado,Ensemble
2026-04-25,08,0,wk inc flu hosp,2026-04-25,quantile,0.85,27,Colorado,Ensemble
2026-04-25,08,0,wk inc flu hosp,2026-04-25,quantile,0.9,31,Colorado,Ensemble
2026-04-25,08,0,wk inc flu hosp,2026-04-25,quantile,0.95,39,Colorado,Ensemble
2026-04-25,08,0,wk inc flu hosp,2026-04-25,quantile,0.975,47,Colorado,Ensemble
2026-04-25,08,0,wk inc flu hosp,2026-04-25,quantile,0.99,59,Colorado,Ensemble
2026-04-25,08,1,wk inc flu hosp,2026-05-02,quantile,0.01,1,Colorado,Ensemble
2026-04-25,08,1,wk inc flu hosp,2026-05-02,quantile,0.025,2,Colorado,Ensemble
2026-04-25,08,1,wk inc flu hosp,2026-05-02,quantile,0.05,2,Colorado,Ensemble
2026-04-25,08,1,wk inc flu hosp,2026-05-02,quantile,0.1,4,Colorado,Ensemble
2026-04-25,08,1,wk inc flu hosp,2026-05-02,quantile,0.15,5,Colorado,Ensemble
2026-04-25,08,1,wk inc flu hosp,2026-05-02,quantile,0.2,6,Colorado,Ensemble
2026-04-25,08,1,wk inc flu hosp,2026-05-02,quantile,0.25,7,Colorado,Ensemble
2026-04-25,08,1,wk inc flu hosp,2026-05-02,quantile,0.3,8,Colorado,Ensemble
2026-04-25,08,1,wk inc flu hosp,2026-05-02,quantile,0.35,9,Colorado,Ensemble
2026-04-25,08,1,wk inc flu hosp,2026-05-02,quantile,0.4,10,Colorado,Ensemble
2026-04-25,08,1,wk inc flu hosp,2026-05-02,quantile,0.45,11,Colorado,Ensemble
2026-04-25,08,1,wk inc flu hosp,2026-05-02,quantile,0.5,13,Colorado,Ensemble
2026-04-25,08,1,wk inc flu hosp,2026-05-02,quantile,0.55,15,Colorado,Ensemble
2026-04-25,08,1,wk inc flu hosp,2026-05-02,quantile,0.6,16,Colorado,Ensemble
2026-04-25,08,1,wk inc flu hosp,2026-05-02,quantile,0.65,18,Colorado,Ensemble
2026-04-25,08,1,wk inc flu hosp,2026-05-02,quantile,0.7,20,Colorado,Ensemble
2026-04-25,08,1,wk inc flu hosp,2026-05-02,quantile,0.75,22,Colorado,Ensemble
2026-04-25,08,1,wk inc flu hosp,2026-05-02,quantile,0.8,25,Colorado,Ensemble
2026-04-25,08,1,wk inc flu hosp,2026-05-02,quantile,0.85,29,Colorado,Ensemble
2026-04-25,08,1,wk inc flu hosp,2026-05-02,quantile,0.9,36,Colorado,Ensemble
2026-04-25,08,1,wk inc flu hosp,2026-05-02,quantile,0.95,47,Colorado,Ensemble
2026-04-25,08,1,wk inc flu hosp,2026-05-02,quantile,0.975,59,Colorado,Ensemble
2026-04-25,08,1,wk inc flu hosp,2026-05-02,quantile,0.99,76,Colorado,Ensemble
2026-04-25,08,2,wk inc flu hosp,2026-05-09,quantile,0.01,0,Colorado,Ensemble
2026-04-25,08,2,wk inc flu hosp,2026-05-09,quantile,0.025,1,Colorado,Ensemble
2026-04-25,08,2,wk inc flu hosp,2026-05-09,quantile,0.05,2,Colorado,Ensemble
2026-04-25,08,2,wk inc flu hosp,2026-05-09,quantile,0.1,2,Colorado,Ensemble
2026-04-25,08,2,wk inc flu hosp,2026-05-09,quantile,0.15,3,Colorado,Ensemble
2026-04-25,08,2,wk inc flu hosp,2026-05-09,quantile,0.2,4,Colorado,Ensemble
2026-04-25,08,2,wk inc flu hosp,2026-05-09,quantile,0.25,5,Colorado,Ensemble
2026-04-25,08,2,wk inc flu hosp,2026-05-09,quantile,0.3,6,Colorado,Ensemble
2026-04-25,08,2,wk inc flu hosp,2026-05-09,quantile,0.35,7,Colorado,Ensemble
2026-04-25,08,2,wk inc flu hosp,2026-05-09,quantile,0.4,8,Colorado,Ensemble
2026-04-25,08,2,wk inc flu hosp,2026-05-09,quantile,0.45,9,Colorado,Ensemble
2026-04-25,08,2,wk inc flu hosp,2026-05-09,quantile,0.5,11,Colorado,Ensemble
2026-04-25,08,2,wk inc flu hosp,2026-05-09,quantile,0.55,12,Colorado,Ensemble
2026-04-25,08,2,wk inc flu hosp,2026-05-09,quantile,0.6,14,Colorado,Ensemble
2026-04-25,08,2,wk inc flu hosp,2026-05-09,quantile,0.65,15,Colorado,Ensemble
2026-04-25,08,2,wk inc flu hosp,2026-05-09,quantile,0.7,18,Colorado,Ensemble
2026-04-25,08,2,wk inc flu hosp,2026-05-09,quantile,0.75,20,Colorado,Ensemble
2026-04-25,08,2,wk inc flu hosp,2026-05-09,quantile,0.8,24,Colorado,Ensemble
2026-04-25,08,2,wk inc flu hosp,2026-05-09,quantile,0.85,30,Colorado,Ensemble
2026-04-25,08,2,wk inc flu hosp,2026-05-09,quantile,0.9,38,Colorado,Ensemble
2026-04-25,08,2,wk inc flu hosp,2026-05-09,quantile,0.95,53,Colorado,Ensemble
2026-04-25,08,2,wk inc flu hosp,2026-05-09,quantile,0.975,69,Colorado,Ensemble
2026-04-25,08,2,wk inc flu hosp,2026-05-09,quantile,0.99,93,Colorado,Ensemble
2026-04-25,08,3,wk inc flu hosp,2026-05-16,quantile,0.01,0,Colorado,Ensemble
2026-04-25,08,3,wk inc flu hosp,2026-05-16,quantile,0.025,0,Colorado,Ensemble
2026-04-25,08,3,wk inc flu hosp,2026-05-16,quantile,0.05,1,Colorado,Ensemble
2026-04-25,08,3,wk inc flu hosp,2026-05-16,quantile,0.1,1,Colorado,Ensemble
2026-04-25,08,3,wk inc flu hosp,2026-05-16,quantile,0.15,2,Colorado,Ensemble
2026-04-25,08,3,wk inc flu hosp,2026-05-16,quantile,0.2,3,Colorado,Ensemble
2026-04-25,08,3,wk inc flu hosp,2026-05-16,quantile,0.25,4,Colorado,Ensemble
2026-04-25,08,3,wk inc flu hosp,2026-05-16,quantile,0.3,4,Colorado,Ensemble
2026-04-25,08,3,wk inc flu hosp,2026-05-16,quantile,0.35,5,Colorado,Ensemble
2026-04-25,08,3,wk inc flu hosp,2026-05-16,quantile,0.4,6,Colorado,Ensemble
2026-04-25,08,3,wk inc flu hosp,2026-05-16,quantile,0.45,7,Colorado,Ensemble
2026-04-25,08,3,wk inc flu hosp,2026-05-16,quantile,0.5,9,Colorado,Ensemble
2026-04-25,08,3,wk inc flu hosp,2026-05-16,quantile,0.55,10,Colorado,Ensemble
2026-04-25,08,3,wk inc flu hosp,2026-05-16,quantile,0.6,12,Colorado,Ensemble
2026-04-25,08,3,wk inc flu hosp,2026-05-16,quantile,0.65,13,Colorado,Ensemble
2026-04-25,08,3,wk inc flu hosp,2026-05-16,quantile,0.7,16,Colorado,Ensemble
2026-04-25,08,3,wk inc flu hosp,2026-05-16,quantile,0.75,19,Colorado,Ensemble
2026-04-25,08,3,wk inc flu hosp,2026-05-16,quantile,0.8,23,Colorado,Ensemble
2026-04-25,08,3,wk inc flu hosp,2026-05-16,quantile,0.85,30,Colorado,Ensemble
2026-04-25,08,3,wk inc flu hosp,2026-05-16,quantile,0.9,40,Colorado,Ensemble
2026-04-25,08,3,wk inc flu hosp,2026-05-16,quantile,0.95,57,Colorado,Ensemble
2026-04-25,08,3,wk inc flu hosp,2026-05-16,quantile,0.975,76,Colorado,Ensemble
2026-04-25,08,3,wk inc flu hosp,2026-05-16,quantile,0.99,105,Colorado,Ensemble
2026-04-25,09,0,wk inc flu hosp,2026-04-25,quantile,0.01,7,Connecticut,Ensemble
2026-04-25,09,0,wk inc flu hosp,2026-04-25,quantile,0.025,10,Connecticut,Ensemble
2026-04-25,09,0,wk inc flu hosp,2026-04-25,quantile,0.05,12,Connecticut,Ensemble
2026-04-25,09,0,wk inc flu hosp,2026-04-25,quantile,0.1,15,Connecticut,Ensemble
2026-04-25,09,0,wk inc flu hosp,2026-04-25,quantile,0.15,17,Connecticut,Ensemble
2026-04-25,09,0,wk inc flu hosp,2026-04-25,quantile,0.2,18,Connecticut,Ensemble
2026-04-25,09,0,wk inc flu hosp,2026-04-25,quantile,0.25,19,Connecticut,Ensemble
2026-04-25,09,0,wk inc flu hosp,2026-04-25,quantile,0.3,20,Connecticut,Ensemble
2026-04-25,09,0,wk inc flu hosp,2026-04-25,quantile,0.35,21,Connecticut,Ensemble
2026-04-25,09,0,wk inc flu hosp,2026-04-25,quantile,0.4,22,Connecticut,Ensemble
2026-04-25,09,0,wk inc flu hosp,2026-04-25,quantile,0.45,24,Connecticut,Ensemble
2026-04-25,09,0,wk inc flu hosp,2026-04-25,quantile,0.5,26,Connecticut,Ensemble
2026-04-25,09,0,wk inc flu hosp,2026-04-25,quantile,0.55,28,Connecticut,Ensemble
2026-04-25,09,0,wk inc flu hosp,2026-04-25,quantile,0.6,31,Connecticut,Ensemble
2026-04-25,09,0,wk inc flu hosp,2026-04-25,quantile,0.65,32,Connecticut,Ensemble
2026-04-25,09,0,wk inc flu hosp,2026-04-25,quantile,0.7,34,Connecticut,Ensemble
2026-04-25,09,0,wk inc flu hosp,2026-04-25,quantile,0.75,35,Connecticut,Ensemble
2026-04-25,09,0,wk inc flu hosp,2026-04-25,quantile,0.8,37,Connecticut,Ensemble
2026-04-25,09,0,wk inc flu hosp,2026-04-25,quantile,0.85,40,Connecticut,Ensemble
2026-04-25,09,0,wk inc flu hosp,2026-04-25,quantile,0.9,44,Connecticut,Ensemble
2026-04-25,09,0,wk inc flu hosp,2026-04-25,quantile,0.95,52,Connecticut,Ensemble
2026-04-25,09,0,wk inc flu hosp,2026-04-25,quantile,0.975,61,Connecticut,Ensemble
2026-04-25,09,0,wk inc flu hosp,2026-04-25,quantile,0.99,74,Connecticut,Ensemble
2026-04-25,09,1,wk inc flu hosp,2026-05-02,quantile,0.01,4,Connecticut,Ensemble
2026-04-25,09,1,wk inc flu hosp,2026-05-02,quantile,0.025,6,Connecticut,Ensemble
2026-04-25,09,1,wk inc flu hosp,2026-05-02,quantile,0.05,8,Connecticut,Ensemble
2026-04-25,09,1,wk inc flu hosp,2026-05-02,quantile,0.1,11,Connecticut,Ensemble
2026-04-25,09,1,wk inc flu hosp,2026-05-02,quantile,0.15,12,Connecticut,Ensemble
2026-04-25,09,1,wk inc flu hosp,2026-05-02,quantile,0.2,14,Connecticut,Ensemble
2026-04-25,09,1,wk inc flu hosp,2026-05-02,quantile,0.25,15,Connecticut,Ensemble
2026-04-25,09,1,wk inc flu hosp,2026-05-02,quantile,0.3,16,Connecticut,Ensemble
2026-04-25,09,1,wk inc flu hosp,2026-05-02,quantile,0.35,17,Connecticut,Ensemble
2026-04-25,09,1,wk inc flu hosp,2026-05-02,quantile,0.4,18,Connecticut,Ensemble
2026-04-25,09,1,wk inc flu hosp,2026-05-02,quantile,0.45,19,Connecticut,Ensemble
2026-04-25,09,1,wk inc flu hosp,2026-05-02,quantile,0.5,21,Connecticut,Ensemble
2026-04-25,09,1,wk inc flu hosp,2026-05-02,quantile,0.55,23,Connecticut,Ensemble
2026-04-25,09,1,wk inc flu hosp,2026-05-02,quantile,0.6,25,Connecticut,Ensemble
2026-04-25,09,1,wk inc flu hosp,2026-05-02,quantile,0.65,28,Connecticut,Ensemble
2026-04-25,09,1,wk inc flu hosp,2026-05-02,quantile,0.7,30,Connecticut,Ensemble
2026-04-25,09,1,wk inc flu hosp,2026-05-02,quantile,0.75,32,Connecticut,Ensemble
2026-04-25,09,1,wk inc flu hosp,2026-05-02,quantile,0.8,35,Connecticut,Ensemble
2026-04-25,09,1,wk inc flu hosp,2026-05-02,quantile,0.85,39,Connecticut,Ensemble
2026-04-25,09,1,wk inc flu hosp,2026-05-02,quantile,0.9,46,Connecticut,Ensemble
2026-04-25,09,1,wk inc flu hosp,2026-05-02,quantile,0.95,58,Connecticut,Ensemble
2026-04-25,09,1,wk inc flu hosp,2026-05-02,quantile,0.975,72,Connecticut,Ensemble
2026-04-25,09,1,wk inc flu hosp,2026-05-02,quantile,0.99,91,Connecticut,Ensemble
2026-04-25,09,2,wk inc flu hosp,2026-05-09,quantile,0.01,3,Connecticut,Ensemble
2026-04-25,09,2,wk inc flu hosp,2026-05-09,quantile,0.025,4,Connecticut,Ensemble
2026-04-25,09,2,wk inc flu hosp,2026-05-09,quantile,0.05,5,Connecticut,Ensemble
2026-04-25,09,2,wk inc flu hosp,2026-05-09,quantile,0.1,8,Connecticut,Ensemble
2026-04-25,09,2,wk inc flu hosp,2026-05-09,quantile,0.15,9,Connecticut,Ensemble
2026-04-25,09,2,wk inc flu hosp,2026-05-09,quantile,0.2,11,Connecticut,Ensemble
2026-04-25,09,2,wk inc flu hosp,2026-05-09,quantile,0.25,12,Connecticut,Ensemble
2026-04-25,09,2,wk inc flu hosp,2026-05-09,quantile,0.3,13,Connecticut,Ensemble
2026-04-25,09,2,wk inc flu hosp,2026-05-09,quantile,0.35,14,Connecticut,Ensemble
2026-04-25,09,2,wk inc flu hosp,2026-05-09,quantile,0.4,15,Connecticut,Ensemble
2026-04-25,09,2,wk inc flu hosp,2026-05-09,quantile,0.45,17,Connecticut,Ensemble
2026-04-25,09,2,wk inc flu hosp,2026-05-09,quantile,0.5,19,Connecticut,Ensemble
2026-04-25,09,2,wk inc flu hosp,2026-05-09,quantile,0.55,20,Connecticut,Ensemble
2026-04-25,09,2,wk inc flu hosp,2026-05-09,quantile,0.6,22,Connecticut,Ensemble
2026-04-25,09,2,wk inc flu hosp,2026-05-09,quantile,0.65,25,Connecticut,Ensemble
2026-04-25,09,2,wk inc flu hosp,2026-05-09,quantile,0.7,28,Connecticut,Ensemble
2026-04-25,09,2,wk inc flu hosp,2026-05-09,quantile,0.75,31,Connecticut,Ensemble
2026-04-25,09,2,wk inc flu hosp,2026-05-09,quantile,0.8,35,Connecticut,Ensemble
2026-04-25,09,2,wk inc flu hosp,2026-05-09,quantile,0.85,40,Connecticut,Ensemble
2026-04-25,09,2,wk inc flu hosp,2026-05-09,quantile,0.9,48,Connecticut,Ensemble
2026-04-25,09,2,wk inc flu hosp,2026-05-09,quantile,0.95,65,Connecticut,Ensemble
2026-04-25,09,2,wk inc flu hosp,2026-05-09,quantile,0.975,81,Connecticut,Ensemble
2026-04-25,09,2,wk inc flu hosp,2026-05-09,quantile,0.99,103,Connecticut,Ensemble
2026-04-25,09,3,wk inc flu hosp,2026-05-16,quantile,0.01,3,Connecticut,Ensemble
2026-04-25,09,3,wk inc flu hosp,2026-05-16,quantile,0.025,3,Connecticut,Ensemble
2026-04-25,09,3,wk inc flu hosp,2026-05-16,quantile,0.05,4,Connecticut,Ensemble
2026-04-25,09,3,wk inc flu hosp,2026-05-16,quantile,0.1,6,Connecticut,Ensemble
2026-04-25,09,3,wk inc flu hosp,2026-05-16,quantile,0.15,8,Connecticut,Ensemble
2026-04-25,09,3,wk inc flu hosp,2026-05-16,quantile,0.2,9,Connecticut,Ensemble
2026-04-25,09,3,wk inc flu hosp,2026-05-16,quantile,0.25,10,Connecticut,Ensemble
2026-04-25,09,3,wk inc flu hosp,2026-05-16,quantile,0.3,11,Connecticut,Ensemble
2026-04-25,09,3,wk inc flu hosp,2026-05-16,quantile,0.35,12,Connecticut,Ensemble
2026-04-25,09,3,wk inc flu hosp,2026-05-16,quantile,0.4,13,Connecticut,Ensemble
2026-04-25,09,3,wk inc flu hosp,2026-05-16,quantile,0.45,14,Connecticut,Ensemble
2026-04-25,09,3,wk inc flu hosp,2026-05-16,quantile,0.5,16,Connecticut,Ensemble
2026-04-25,09,3,wk inc flu hosp,2026-05-16,quantile,0.55,18,Connecticut,Ensemble
2026-04-25,09,3,wk inc flu hosp,2026-05-16,quantile,0.6,19,Connecticut,Ensemble
2026-04-25,09,3,wk inc flu hosp,2026-05-16,quantile,0.65,22,Connecticut,Ensemble
2026-04-25,09,3,wk inc flu hosp,2026-05-16,quantile,0.7,25,Connecticut,Ensemble
2026-04-25,09,3,wk inc flu hosp,2026-05-16,quantile,0.75,28,Connecticut,Ensemble
2026-04-25,09,3,wk inc flu hosp,2026-05-16,quantile,0.8,32,Connecticut,Ensemble
2026-04-25,09,3,wk inc flu hosp,2026-05-16,quantile,0.85,38,Connecticut,Ensemble
2026-04-25,09,3,wk inc flu hosp,2026-05-16,quantile,0.9,48,Connecticut,Ensemble
2026-04-25,09,3,wk inc flu hosp,2026-05-16,quantile,0.95,66,Connecticut,Ensemble
2026-04-25,09,3,wk inc flu hosp,2026-05-16,quantile,0.975,85,Connecticut,Ensemble
2026-04-25,09,3,wk inc flu hosp,2026-05-16,quantile,0.99,108,Connecticut,Ensemble
2026-04-25,10,0,wk inc flu hosp,2026-04-25,quantile,0.01,0,Delaware,Ensemble
2026-04-25,10,0,wk inc flu hosp,2026-04-25,quantile,0.025,0,Delaware,Ensemble
2026-04-25,10,0,wk inc flu hosp,2026-04-25,quantile,0.05,0,Delaware,Ensemble
2026-04-25,10,0,wk inc flu hosp,2026-04-25,quantile,0.1,0,Delaware,Ensemble
2026-04-25,10,0,wk inc flu hosp,2026-04-25,quantile,0.15,0,Delaware,Ensemble
2026-04-25,10,0,wk inc flu hosp,2026-04-25,quantile,0.2,0,Delaware,Ensemble
2026-04-25,10,0,wk inc flu hosp,2026-04-25,quantile,0.25,0,Delaware,Ensemble
2026-04-25,10,0,wk inc flu hosp,2026-04-25,quantile,0.3,0,Delaware,Ensemble
2026-04-25,10,0,wk inc flu hosp,2026-04-25,quantile,0.35,1,Delaware,Ensemble
2026-04-25,10,0,wk inc flu hosp,2026-04-25,quantile,0.4,1,Delaware,Ensemble
2026-04-25,10,0,wk inc flu hosp,2026-04-25,quantile,0.45,1,Delaware,Ensemble
2026-04-25,10,0,wk inc flu hosp,2026-04-25,quantile,0.5,2,Delaware,Ensemble
2026-04-25,10,0,wk inc flu hosp,2026-04-25,quantile,0.55,3,Delaware,Ensemble
2026-04-25,10,0,wk inc flu hosp,2026-04-25,quantile,0.6,3,Delaware,Ensemble
2026-04-25,10,0,wk inc flu hosp,2026-04-25,quantile,0.65,3,Delaware,Ensemble
2026-04-25,10,0,wk inc flu hosp,2026-04-25,quantile,0.7,3,Delaware,Ensemble
2026-04-25,10,0,wk inc flu hosp,2026-04-25,quantile,0.75,4,Delaware,Ensemble
2026-04-25,10,0,wk inc flu hosp,2026-04-25,quantile,0.8,4,Delaware,Ensemble
2026-04-25,10,0,wk inc flu hosp,2026-04-25,quantile,0.85,5,Delaware,Ensemble
2026-04-25,10,0,wk inc flu hosp,2026-04-25,quantile,0.9,6,Delaware,Ensemble
2026-04-25,10,0,wk inc flu hosp,2026-04-25,quantile,0.95,7,Delaware,Ensemble
2026-04-25,10,0,wk inc flu hosp,2026-04-25,quantile,0.975,9,Delaware,Ensemble
2026-04-25,10,0,wk inc flu hosp,2026-04-25,quantile,0.99,12,Delaware,Ensemble
2026-04-25,10,1,wk inc flu hosp,2026-05-02,quantile,0.01,0,Delaware,Ensemble
2026-04-25,10,1,wk inc flu hosp,2026-05-02,quantile,0.025,0,Delaware,Ensemble
2026-04-25,10,1,wk inc flu hosp,2026-05-02,quantile,0.05,0,Delaware,Ensemble
2026-04-25,10,1,wk inc flu hosp,2026-05-02,quantile,0.1,0,Delaware,Ensemble
2026-04-25,10,1,wk inc flu hosp,2026-05-02,quantile,0.15,0,Delaware,Ensemble
2026-04-25,10,1,wk inc flu hosp,2026-05-02,quantile,0.2,0,Delaware,Ensemble
2026-04-25,10,1,wk inc flu hosp,2026-05-02,quantile,0.25,0,Delaware,Ensemble
2026-04-25,10,1,wk inc flu hosp,2026-05-02,quantile,0.3,0,Delaware,Ensemble
2026-04-25,10,1,wk inc flu hosp,2026-05-02,quantile,0.35,0,Delaware,Ensemble
2026-04-25,10,1,wk inc flu hosp,2026-05-02,quantile,0.4,1,Delaware,Ensemble
2026-04-25,10,1,wk inc flu hosp,2026-05-02,quantile,0.45,1,Delaware,Ensemble
2026-04-25,10,1,wk inc flu hosp,2026-05-02,quantile,0.5,2,Delaware,Ensemble
2026-04-25,10,1,wk inc flu hosp,2026-05-02,quantile,0.55,2,Delaware,Ensemble
2026-04-25,10,1,wk inc flu hosp,2026-05-02,quantile,0.6,3,Delaware,Ensemble
2026-04-25,10,1,wk inc flu hosp,2026-05-02,quantile,0.65,3,Delaware,Ensemble
2026-04-25,10,1,wk inc flu hosp,2026-05-02,quantile,0.7,3,Delaware,Ensemble
2026-04-25,10,1,wk inc flu hosp,2026-05-02,quantile,0.75,4,Delaware,Ensemble
2026-04-25,10,1,wk inc flu hosp,2026-05-02,quantile,0.8,4,Delaware,Ensemble
2026-04-25,10,1,wk inc flu hosp,2026-05-02,quantile,0.85,5,Delaware,Ensemble
2026-04-25,10,1,wk inc flu hosp,2026-05-02,quantile,0.9,6,Delaware,Ensemble
2026-04-25,10,1,wk inc flu hosp,2026-05-02,quantile,0.95,9,Delaware,Ensemble
2026-04-25,10,1,wk inc flu hosp,2026-05-02,quantile,0.975,11,Delaware,Ensemble
2026-04-25,10,1,wk inc flu hosp,2026-05-02,quantile,0.99,15,Delaware,Ensemble
2026-04-25,10,2,wk inc flu hosp,2026-05-09,quantile,0.01,0,Delaware,Ensemble
2026-04-25,10,2,wk inc flu hosp,2026-05-09,quantile,0.025,0,Delaware,Ensemble
2026-04-25,10,2,wk inc flu hosp,2026-05-09,quantile,0.05,0,Delaware,Ensemble
2026-04-25,10,2,wk inc flu hosp,2026-05-09,quantile,0.1,0,Delaware,Ensemble
2026-04-25,10,2,wk inc flu hosp,2026-05-09,quantile,0.15,0,Delaware,Ensemble
2026-04-25,10,2,wk inc flu hosp,2026-05-09,quantile,0.2,0,Delaware,Ensemble
2026-04-25,10,2,wk inc flu hosp,2026-05-09,quantile,0.25,0,Delaware,Ensemble
2026-04-25,10,2,wk inc flu hosp,2026-05-09,quantile,0.3,0,Delaware,Ensemble
2026-04-25,10,2,wk inc flu hosp,2026-05-09,quantile,0.35,0,Delaware,Ensemble
2026-04-25,10,2,wk inc flu hosp,2026-05-09,quantile,0.4,0,Delaware,Ensemble
2026-04-25,10,2,wk inc flu hosp,2026-05-09,quantile,0.45,0,Delaware,Ensemble
2026-04-25,10,2,wk inc flu hosp,2026-05-09,quantile,0.5,2,Delaware,Ensemble
2026-04-25,10,2,wk inc flu hosp,2026-05-09,quantile,0.55,2,Delaware,Ensemble
2026-04-25,10,2,wk inc flu hosp,2026-05-09,quantile,0.6,2,Delaware,Ensemble
2026-04-25,10,2,wk inc flu hosp,2026-05-09,quantile,0.65,2,Delaware,Ensemble
2026-04-25,10,2,wk inc flu hosp,2026-05-09,quantile,0.7,3,Delaware,Ensemble
2026-04-25,10,2,wk inc flu hosp,2026-05-09,quantile,0.75,3,Delaware,Ensemble
2026-04-25,10,2,wk inc flu hosp,2026-05-09,quantile,0.8,4,Delaware,Ensemble
2026-04-25,10,2,wk inc flu hosp,2026-05-09,quantile,0.85,5,Delaware,Ensemble
2026-04-25,10,2,wk inc flu hosp,2026-05-09,quantile,0.9,7,Delaware,Ensemble
2026-04-25,10,2,wk inc flu hosp,2026-05-09,quantile,0.95,9,Delaware,Ensemble
2026-04-25,10,2,wk inc flu hosp,2026-05-09,quantile,0.975,13,Delaware,Ensemble
2026-04-25,10,2,wk inc flu hosp,2026-05-09,quantile,0.99,17,Delaware,Ensemble
2026-04-25,10,3,wk inc flu hosp,2026-05-16,quantile,0.01,0,Delaware,Ensemble
2026-04-25,10,3,wk inc flu hosp,2026-05-16,quantile,0.025,0,Delaware,Ensemble
2026-04-25,10,3,wk inc flu hosp,2026-05-16,quantile,0.05,0,Delaware,Ensemble
2026-04-25,10,3,wk inc flu hosp,2026-05-16,quantile,0.1,0,Delaware,Ensemble
2026-04-25,10,3,wk inc flu hosp,2026-05-16,quantile,0.15,0,Delaware,Ensemble
2026-04-25,10,3,wk inc flu hosp,2026-05-16,quantile,0.2,0,Delaware,Ensemble
2026-04-25,10,3,wk inc flu hosp,2026-05-16,quantile,0.25,0,Delaware,Ensemble
2026-04-25,10,3,wk inc flu hosp,2026-05-16,quantile,0.3,0,Delaware,Ensemble
2026-04-25,10,3,wk inc flu hosp,2026-05-16,quantile,0.35,0,Delaware,Ensemble
2026-04-25,10,3,wk inc flu hosp,2026-05-16,quantile,0.4,0,Delaware,Ensemble
2026-04-25,10,3,wk inc flu hosp,2026-05-16,quantile,0.45,0,Delaware,Ensemble
2026-04-25,10,3,wk inc flu hosp,2026-05-16,quantile,0.5,1,Delaware,Ensemble
2026-04-25,10,3,wk inc flu hosp,2026-05-16,quantile,0.55,2,Delaware,Ensemble
2026-04-25,10,3,wk inc flu hosp,2026-05-16,quantile,0.6,2,Delaware,Ensemble
2026-04-25,10,3,wk inc flu hosp,2026-05-16,quantile,0.65,2,Delaware,Ensemble
2026-04-25,10,3,wk inc flu hosp,2026-05-16,quantile,0.7,3,Delaware,Ensemble
2026-04-25,10,3,wk inc flu hosp,2026-05-16,quantile,0.75,3,Delaware,Ensemble
2026-04-25,10,3,wk inc flu hosp,2026-05-16,quantile,0.8,4,Delaware,Ensemble
2026-04-25,10,3,wk inc flu hosp,2026-05-16,quantile,0.85,5,Delaware,Ensemble
2026-04-25,10,3,wk inc flu hosp,2026-05-16,quantile,0.9,7,Delaware,Ensemble
2026-04-25,10,3,wk inc flu hosp,2026-05-16,quantile,0.95,10,Delaware,Ensemble
2026-04-25,10,3,wk inc flu hosp,2026-05-16,quantile,0.975,14,Delaware,Ensemble
2026-04-25,10,3,wk inc flu hosp,2026-05-16,quantile,0.99,19,Delaware,Ensemble
2026-04-25,11,0,wk inc flu hosp,2026-04-25,quantile,0.01,0,District of Columbia,Ensemble
2026-04-25,11,0,wk inc flu hosp,2026-04-25,quantile,0.025,0,District of Columbia,Ensemble
2026-04-25,11,0,wk inc flu hosp,2026-04-25,quantile,0.05,0,District of Columbia,Ensemble
2026-04-25,11,0,wk inc flu hosp,2026-04-25,quantile,0.1,1,District of Columbia,Ensemble
2026-04-25,11,0,wk inc flu hosp,2026-04-25,quantile,0.15,1,District of Columbia,Ensemble
2026-04-25,11,0,wk inc flu hosp,2026-04-25,quantile,0.2,1,District of Columbia,Ensemble
2026-04-25,11,0,wk inc flu hosp,2026-04-25,quantile,0.25,1,District of Columbia,Ensemble
2026-04-25,11,0,wk inc flu hosp,2026-04-25,quantile,0.3,1,District of Columbia,Ensemble
2026-04-25,11,0,wk inc flu hosp,2026-04-25,quantile,0.35,1,District of Columbia,Ensemble
2026-04-25,11,0,wk inc flu hosp,2026-04-25,quantile,0.4,2,District of Columbia,Ensemble
2026-04-25,11,0,wk inc flu hosp,2026-04-25,quantile,0.45,2,District of Columbia,Ensemble
2026-04-25,11,0,wk inc flu hosp,2026-04-25,quantile,0.5,3,District of Columbia,Ensemble
2026-04-25,11,0,wk inc flu hosp,2026-04-25,quantile,0.55,4,District of Columbia,Ensemble
2026-04-25,11,0,wk inc flu hosp,2026-04-25,quantile,0.6,4,District of Columbia,Ensemble
2026-04-25,11,0,wk inc flu hosp,2026-04-25,quantile,0.65,4,District of Columbia,Ensemble
2026-04-25,11,0,wk inc flu hosp,2026-04-25,quantile,0.7,5,District of Columbia,Ensemble
2026-04-25,11,0,wk inc flu hosp,2026-04-25,quantile,0.75,5,District of Columbia,Ensemble
2026-04-25,11,0,wk inc flu hosp,2026-04-25,quantile,0.8,6,District of Columbia,Ensemble
2026-04-25,11,0,wk inc flu hosp,2026-04-25,quantile,0.85,6,District of Columbia,Ensemble
2026-04-25,11,0,wk inc flu hosp,2026-04-25,quantile,0.9,7,District of Columbia,Ensemble
2026-04-25,11,0,wk inc flu hosp,2026-04-25,quantile,0.95,9,District of Columbia,Ensemble
2026-04-25,11,0,wk inc flu hosp,2026-04-25,quantile,0.975,12,District of Columbia,Ensemble
2026-04-25,11,0,wk inc flu hosp,2026-04-25,quantile,0.99,16,District of Columbia,Ensemble
2026-04-25,11,1,wk inc flu hosp,2026-05-02,quantile,0.01,0,District of Columbia,Ensemble
2026-04-25,11,1,wk inc flu hosp,2026-05-02,quantile,0.025,0,District of Columbia,Ensemble
2026-04-25,11,1,wk inc flu hosp,2026-05-02,quantile,0.05,0,District of Columbia,Ensemble
2026-04-25,11,1,wk inc flu hosp,2026-05-02,quantile,0.1,0,District of Columbia,Ensemble
2026-04-25,11,1,wk inc flu hosp,2026-05-02,quantile,0.15,1,District of Columbia,Ensemble
2026-04-25,11,1,wk inc flu hosp,2026-05-02,quantile,0.2,1,District of Columbia,Ensemble
2026-04-25,11,1,wk inc flu hosp,2026-05-02,quantile,0.25,1,District of Columbia,Ensemble
2026-04-25,11,1,wk inc flu hosp,2026-05-02,quantile,0.3,1,District of Columbia,Ensemble
2026-04-25,11,1,wk inc flu hosp,2026-05-02,quantile,0.35,1,District of Columbia,Ensemble
2026-04-25,11,1,wk inc flu hosp,2026-05-02,quantile,0.4,2,District of Columbia,Ensemble
2026-04-25,11,1,wk inc flu hosp,2026-05-02,quantile,0.45,2,District of Columbia,Ensemble
2026-04-25,11,1,wk inc flu hosp,2026-05-02,quantile,0.5,3,District of Columbia,Ensemble
2026-04-25,11,1,wk inc flu hosp,2026-05-02,quantile,0.55,3,District of Columbia,Ensemble
2026-04-25,11,1,wk inc flu hosp,2026-05-02,quantile,0.6,4,District of Columbia,Ensemble
2026-04-25,11,1,wk inc flu hosp,2026-05-02,quantile,0.65,4,District of Columbia,Ensemble
2026-04-25,11,1,wk inc flu hosp,2026-05-02,quantile,0.7,5,District of Columbia,Ensemble
2026-04-25,11,1,wk inc flu hosp,2026-05-02,quantile,0.75,5,District of Columbia,Ensemble
2026-04-25,11,1,wk inc flu hosp,2026-05-02,quantile,0.8,6,District of Columbia,Ensemble
2026-04-25,11,1,wk inc flu hosp,2026-05-02,quantile,0.85,7,District of Columbia,Ensemble
2026-04-25,11,1,wk inc flu hosp,2026-05-02,quantile,0.9,9,District of Columbia,Ensemble
2026-04-25,11,1,wk inc flu hosp,2026-05-02,quantile,0.95,12,District of Columbia,Ensemble
2026-04-25,11,1,wk inc flu hosp,2026-05-02,quantile,0.975,16,District of Columbia,Ensemble
2026-04-25,11,1,wk inc flu hosp,2026-05-02,quantile,0.99,24,District of Columbia,Ensemble
2026-04-25,11,2,wk inc flu hosp,2026-05-09,quantile,0.01,0,District of Columbia,Ensemble
2026-04-25,11,2,wk inc flu hosp,2026-05-09,quantile,0.025,0,District of Columbia,Ensemble
2026-04-25,11,2,wk inc flu hosp,2026-05-09,quantile,0.05,0,District of Columbia,Ensemble
2026-04-25,11,2,wk inc flu hosp,2026-05-09,quantile,0.1,0,District of Columbia,Ensemble
2026-04-25,11,2,wk inc flu hosp,2026-05-09,quantile,0.15,0,District of Columbia,Ensemble
2026-04-25,11,2,wk inc flu hosp,2026-05-09,quantile,0.2,0,District of Columbia,Ensemble
2026-04-25,11,2,wk inc flu hosp,2026-05-09,quantile,0.25,1,District of Columbia,Ensemble
2026-04-25,11,2,wk inc flu hosp,2026-05-09,quantile,0.3,1,District of Columbia,Ensemble
2026-04-25,11,2,wk inc flu hosp,2026-05-09,quantile,0.35,1,District of Columbia,Ensemble
2026-04-25,11,2,wk inc flu hosp,2026-05-09,quantile,0.4,1,District of Columbia,Ensemble
2026-04-25,11,2,wk inc flu hosp,2026-05-09,quantile,0.45,1,District of Columbia,Ensemble
2026-04-25,11,2,wk inc flu hosp,2026-05-09,quantile,0.5,3,District of Columbia,Ensemble
2026-04-25,11,2,wk inc flu hosp,2026-05-09,quantile,0.55,3,District of Columbia,Ensemble
2026-04-25,11,2,wk inc flu hosp,2026-05-09,quantile,0.6,4,District of Columbia,Ensemble
2026-04-25,11,2,wk inc flu hosp,2026-05-09,quantile,0.65,4,District of Columbia,Ensemble
2026-04-25,11,2,wk inc flu hosp,2026-05-09,quantile,0.7,5,District of Columbia,Ensemble
2026-04-25,11,2,wk inc flu hosp,2026-05-09,quantile,0.75,6,District of Columbia,Ensemble
2026-04-25,11,2,wk inc flu hosp,2026-05-09,quantile,0.8,6,District of Columbia,Ensemble
2026-04-25,11,2,wk inc flu hosp,2026-05-09,quantile,0.85,8,District of Columbia,Ensemble
2026-04-25,11,2,wk inc flu hosp,2026-05-09,quantile,0.9,10,District of Columbia,Ensemble
2026-04-25,11,2,wk inc flu hosp,2026-05-09,quantile,0.95,15,District of Columbia,Ensemble
2026-04-25,11,2,wk inc flu hosp,2026-05-09,quantile,0.975,22,District of Columbia,Ensemble
2026-04-25,11,2,wk inc flu hosp,2026-05-09,quantile,0.99,31,District of Columbia,Ensemble
2026-04-25,11,3,wk inc flu hosp,2026-05-16,quantile,0.01,0,District of Columbia,Ensemble
2026-04-25,11,3,wk inc flu hosp,2026-05-16,quantile,0.025,0,District of Columbia,Ensemble
2026-04-25,11,3,wk inc flu hosp,2026-05-16,quantile,0.05,0,District of Columbia,Ensemble
2026-04-25,11,3,wk inc flu hosp,2026-05-16,quantile,0.1,0,District of Columbia,Ensemble
2026-04-25,11,3,wk inc flu hosp,2026-05-16,quantile,0.15,0,District of Columbia,Ensemble
2026-04-25,11,3,wk inc flu hosp,2026-05-16,quantile,0.2,0,District of Columbia,Ensemble
2026-04-25,11,3,wk inc flu hosp,2026-05-16,quantile,0.25,0,District of Columbia,Ensemble
2026-04-25,11,3,wk inc flu hosp,2026-05-16,quantile,0.3,1,District of Columbia,Ensemble
2026-04-25,11,3,wk inc flu hosp,2026-05-16,quantile,0.35,1,District of Columbia,Ensemble
2026-04-25,11,3,wk inc flu hosp,2026-05-16,quantile,0.4,1,District of Columbia,Ensemble
2026-04-25,11,3,wk inc flu hosp,2026-05-16,quantile,0.45,1,District of Columbia,Ensemble
2026-04-25,11,3,wk inc flu hosp,2026-05-16,quantile,0.5,2,District of Columbia,Ensemble
2026-04-25,11,3,wk inc flu hosp,2026-05-16,quantile,0.55,3,District of Columbia,Ensemble
2026-04-25,11,3,wk inc flu hosp,2026-05-16,quantile,0.6,3,District of Columbia,Ensemble
2026-04-25,11,3,wk inc flu hosp,2026-05-16,quantile,0.65,4,District of Columbia,Ensemble
2026-04-25,11,3,wk inc flu hosp,2026-05-16,quantile,0.7,4,District of Columbia,Ensemble
2026-04-25,11,3,wk inc flu hosp,2026-05-16,quantile,0.75,5,District of Columbia,Ensemble
2026-04-25,11,3,wk inc flu hosp,2026-05-16,quantile,0.8,6,District of Columbia,Ensemble
2026-04-25,11,3,wk inc flu hosp,2026-05-16,quantile,0.85,8,District of Columbia,Ensemble
2026-04-25,11,3,wk inc flu hosp,2026-05-16,quantile,0.9,10,District of Columbia,Ensemble
2026-04-25,11,3,wk inc flu hosp,2026-05-16,quantile,0.95,16,District of Columbia,Ensemble
2026-04-25,11,3,wk inc flu hosp,2026-05-16,quantile,0.975,24,District of Columbia,Ensemble
2026-04-25,11,3,wk inc flu hosp,2026-05-16,quantile,0.99,36,District of Columbia,Ensemble
2026-04-25,12,0,wk inc flu hosp,2026-04-25,quantile,0.01,45,Florida,Ensemble
2026-04-25,12,0,wk inc flu hosp,2026-04-25,quantile,0.025,54,Florida,Ensemble
2026-04-25,12,0,wk inc flu hosp,2026-04-25,quantile,0.05,63,Florida,Ensemble
2026-04-25,12,0,wk inc flu hosp,2026-04-25,quantile,0.1,75,Florida,Ensemble
2026-04-25,12,0,wk inc flu hosp,2026-04-25,quantile,0.15,84,Florida,Ensemble
2026-04-25,12,0,wk inc flu hosp,2026-04-25,quantile,0.2,92,Florida,Ensemble
2026-04-25,12,0,wk inc flu hosp,2026-04-25,quantile,0.25,99,Florida,Ensemble
2026-04-25,12,0,wk inc flu hosp,2026-04-25,quantile,0.3,106,Florida,Ensemble
2026-04-25,12,0,wk inc flu hosp,2026-04-25,quantile,0.35,114,Florida,Ensemble
2026-04-25,12,0,wk inc flu hosp,2026-04-25,quantile,0.4,120,Florida,Ensemble
2026-04-25,12,0,wk inc flu hosp,2026-04-25,quantile,0.45,126,Florida,Ensemble
2026-04-25,12,0,wk inc flu hosp,2026-04-25,quantile,0.5,134,Florida,Ensemble
2026-04-25,12,0,wk inc flu hosp,2026-04-25,quantile,0.55,141,Florida,Ensemble
2026-04-25,12,0,wk inc flu hosp,2026-04-25,quantile,0.6,147,Florida,Ensemble
2026-04-25,12,0,wk inc flu hosp,2026-04-25,quantile,0.65,155,Florida,Ensemble
2026-04-25,12,0,wk inc flu hosp,2026-04-25,quantile,0.7,164,Florida,Ensemble
2026-04-25,12,0,wk inc flu hosp,2026-04-25,quantile,0.75,174,Florida,Ensemble
2026-04-25,12,0,wk inc flu hosp,2026-04-25,quantile,0.8,185,Florida,Ensemble
2026-04-25,12,0,wk inc flu hosp,2026-04-25,quantile,0.85,199,Florida,Ensemble
2026-04-25,12,0,wk inc flu hosp,2026-04-25,quantile,0.9,218,Florida,Ensemble
2026-04-25,12,0,wk inc flu hosp,2026-04-25,quantile,0.95,250,Florida,Ensemble
2026-04-25,12,0,wk inc flu hosp,2026-04-25,quantile,0.975,286,Florida,Ensemble
2026-04-25,12,0,wk inc flu hosp,2026-04-25,quantile,0.99,337,Florida,Ensemble
2026-04-25,12,1,wk inc flu hosp,2026-05-02,quantile,0.01,33,Florida,Ensemble
2026-04-25,12,1,wk inc flu hosp,2026-05-02,quantile,0.025,40,Florida,Ensemble
2026-04-25,12,1,wk inc flu hosp,2026-05-02,quantile,0.05,48,Florida,Ensemble
2026-04-25,12,1,wk inc flu hosp,2026-05-02,quantile,0.1,58,Florida,Ensemble
2026-04-25,12,1,wk inc flu hosp,2026-05-02,quantile,0.15,67,Florida,Ensemble
2026-04-25,12,1,wk inc flu hosp,2026-05-02,quantile,0.2,75,Florida,Ensemble
2026-04-25,12,1,wk inc flu hosp,2026-05-02,quantile,0.25,81,Florida,Ensemble
2026-04-25,12,1,wk inc flu hosp,2026-05-02,quantile,0.3,88,Florida,Ensemble
2026-04-25,12,1,wk inc flu hosp,2026-05-02,quantile,0.35,94,Florida,Ensemble
2026-04-25,12,1,wk inc flu hosp,2026-05-02,quantile,0.4,100,Florida,Ensemble
2026-04-25,12,1,wk inc flu hosp,2026-05-02,quantile,0.45,107,Florida,Ensemble
2026-04-25,12,1,wk inc flu hosp,2026-05-02,quantile,0.5,115,Florida,Ensemble
2026-04-25,12,1,wk inc flu hosp,2026-05-02,quantile,0.55,123,Florida,Ensemble
2026-04-25,12,1,wk inc flu hosp,2026-05-02,quantile,0.6,130,Florida,Ensemble
2026-04-25,12,1,wk inc flu hosp,2026-05-02,quantile,0.65,139,Florida,Ensemble
2026-04-25,12,1,wk inc flu hosp,2026-05-02,quantile,0.7,149,Florida,Ensemble
2026-04-25,12,1,wk inc flu hosp,2026-05-02,quantile,0.75,160,Florida,Ensemble
2026-04-25,12,1,wk inc flu hosp,2026-05-02,quantile,0.8,172,Florida,Ensemble
2026-04-25,12,1,wk inc flu hosp,2026-05-02,quantile,0.85,189,Florida,Ensemble
2026-04-25,12,1,wk inc flu hosp,2026-05-02,quantile,0.9,213,Florida,Ensemble
2026-04-25,12,1,wk inc flu hosp,2026-05-02,quantile,0.95,252,Florida,Ensemble
2026-04-25,12,1,wk inc flu hosp,2026-05-02,quantile,0.975,295,Florida,Ensemble
2026-04-25,12,1,wk inc flu hosp,2026-05-02,quantile,0.99,358,Florida,Ensemble
2026-04-25,12,2,wk inc flu hosp,2026-05-09,quantile,0.01,25,Florida,Ensemble
2026-04-25,12,2,wk inc flu hosp,2026-05-09,quantile,0.025,32,Florida,Ensemble
2026-04-25,12,2,wk inc flu hosp,2026-05-09,quantile,0.05,38,Florida,Ensemble
2026-04-25,12,2,wk inc flu hosp,2026-05-09,quantile,0.1,48,Florida,Ensemble
2026-04-25,12,2,wk inc flu hosp,2026-05-09,quantile,0.15,57,Florida,Ensemble
2026-04-25,12,2,wk inc flu hosp,2026-05-09,quantile,0.2,65,Florida,Ensemble
2026-04-25,12,2,wk inc flu hosp,2026-05-09,quantile,0.25,72,Florida,Ensemble
2026-04-25,12,2,wk inc flu hosp,2026-05-09,quantile,0.3,78,Florida,Ensemble
2026-04-25,12,2,wk inc flu hosp,2026-05-09,quantile,0.35,85,Florida,Ensemble
2026-04-25,12,2,wk inc flu hosp,2026-05-09,quantile,0.4,91,Florida,Ensemble
2026-04-25,12,2,wk inc flu hosp,2026-05-09,quantile,0.45,98,Florida,Ensemble
2026-04-25,12,2,wk inc flu hosp,2026-05-09,quantile,0.5,107,Florida,Ensemble
2026-04-25,12,2,wk inc flu hosp,2026-05-09,quantile,0.55,115,Florida,Ensemble
2026-04-25,12,2,wk inc flu hosp,2026-05-09,quantile,0.6,123,Florida,Ensemble
2026-04-25,12,2,wk inc flu hosp,2026-05-09,quantile,0.65,133,Florida,Ensemble
2026-04-25,12,2,wk inc flu hosp,2026-05-09,quantile,0.7,144,Florida,Ensemble
2026-04-25,12,2,wk inc flu hosp,2026-05-09,quantile,0.75,156,Florida,Ensemble
2026-04-25,12,2,wk inc flu hosp,2026-05-09,quantile,0.8,171,Florida,Ensemble
2026-04-25,12,2,wk inc flu hosp,2026-05-09,quantile,0.85,192,Florida,Ensemble
2026-04-25,12,2,wk inc flu hosp,2026-05-09,quantile,0.9,219,Florida,Ensemble
2026-04-25,12,2,wk inc flu hosp,2026-05-09,quantile,0.95,267,Florida,Ensemble
2026-04-25,12,2,wk inc flu hosp,2026-05-09,quantile,0.975,320,Florida,Ensemble
2026-04-25,12,2,wk inc flu hosp,2026-05-09,quantile,0.99,405,Florida,Ensemble
2026-04-25,12,3,wk inc flu hosp,2026-05-16,quantile,0.01,21,Florida,Ensemble
2026-04-25,12,3,wk inc flu hosp,2026-05-16,quantile,0.025,26,Florida,Ensemble
2026-04-25,12,3,wk inc flu hosp,2026-05-16,quantile,0.05,32,Florida,Ensemble
2026-04-25,12,3,wk inc flu hosp,2026-05-16,quantile,0.1,42,Florida,Ensemble
2026-04-25,12,3,wk inc flu hosp,2026-05-16,quantile,0.15,50,Florida,Ensemble
2026-04-25,12,3,wk inc flu hosp,2026-05-16,quantile,0.2,58,Florida,Ensemble
2026-04-25,12,3,wk inc flu hosp,2026-05-16,quantile,0.25,64,Florida,Ensemble
2026-04-25,12,3,wk inc flu hosp,2026-05-16,quantile,0.3,70,Florida,Ensemble
2026-04-25,12,3,wk inc flu hosp,2026-05-16,quantile,0.35,77,Florida,Ensemble
2026-04-25,12,3,wk inc flu hosp,2026-05-16,quantile,0.4,83,Florida,Ensemble
2026-04-25,12,3,wk inc flu hosp,2026-05-16,quantile,0.45,90,Florida,Ensemble
2026-04-25,12,3,wk inc flu hosp,2026-05-16,quantile,0.5,98,Florida,Ensemble
2026-04-25,12,3,wk inc flu hosp,2026-05-16,quantile,0.55,107,Florida,Ensemble
2026-04-25,12,3,wk inc flu hosp,2026-05-16,quantile,0.6,116,Florida,Ensemble
2026-04-25,12,3,wk inc flu hosp,2026-05-16,quantile,0.65,126,Florida,Ensemble
2026-04-25,12,3,wk inc flu hosp,2026-05-16,quantile,0.7,137,Florida,Ensemble
2026-04-25,12,3,wk inc flu hosp,2026-05-16,quantile,0.75,152,Florida,Ensemble
2026-04-25,12,3,wk inc flu hosp,2026-05-16,quantile,0.8,169,Florida,Ensemble
2026-04-25,12,3,wk inc flu hosp,2026-05-16,quantile,0.85,192,Florida,Ensemble
2026-04-25,12,3,wk inc flu hosp,2026-05-16,quantile,0.9,228,Florida,Ensemble
2026-04-25,12,3,wk inc flu hosp,2026-05-16,quantile,0.95,288,Florida,Ensemble
2026-04-25,12,3,wk inc flu hosp,2026-05-16,quantile,0.975,342,Florida,Ensemble
2026-04-25,12,3,wk inc flu hosp,2026-05-16,quantile,0.99,439,Florida,Ensemble
2026-04-25,13,0,wk inc flu hosp,2026-04-25,quantile,0.01,8,Georgia,Ensemble
2026-04-25,13,0,wk inc flu hosp,2026-04-25,quantile,0.025,10,Georgia,Ensemble
2026-04-25,13,0,wk inc flu hosp,2026-04-25,quantile,0.05,12,Georgia,Ensemble
2026-04-25,13,0,wk inc flu hosp,2026-04-25,quantile,0.1,14,Georgia,Ensemble
2026-04-25,13,0,wk inc flu hosp,2026-04-25,quantile,0.15,17,Georgia,Ensemble
2026-04-25,13,0,wk inc flu hosp,2026-04-25,quantile,0.2,18,Georgia,Ensemble
2026-04-25,13,0,wk inc flu hosp,2026-04-25,quantile,0.25,20,Georgia,Ensemble
2026-04-25,13,0,wk inc flu hosp,2026-04-25,quantile,0.3,22,Georgia,Ensemble
2026-04-25,13,0,wk inc flu hosp,2026-04-25,quantile,0.35,23,Georgia,Ensemble
2026-04-25,13,0,wk inc flu hosp,2026-04-25,quantile,0.4,25,Georgia,Ensemble
2026-04-25,13,0,wk inc flu hosp,2026-04-25,quantile,0.45,26,Georgia,Ensemble
2026-04-25,13,0,wk inc flu hosp,2026-04-25,quantile,0.5,29,Georgia,Ensemble
2026-04-25,13,0,wk inc flu hosp,2026-04-25,quantile,0.55,31,Georgia,Ensemble
2026-04-25,13,0,wk inc flu hosp,2026-04-25,quantile,0.6,32,Georgia,Ensemble
2026-04-25,13,0,wk inc flu hosp,2026-04-25,quantile,0.65,34,Georgia,Ensemble
2026-04-25,13,0,wk inc flu hosp,2026-04-25,quantile,0.7,36,Georgia,Ensemble
2026-04-25,13,0,wk inc flu hosp,2026-04-25,quantile,0.75,39,Georgia,Ensemble
2026-04-25,13,0,wk inc flu hosp,2026-04-25,quantile,0.8,42,Georgia,Ensemble
2026-04-25,13,0,wk inc flu hosp,2026-04-25,quantile,0.85,46,Georgia,Ensemble
2026-04-25,13,0,wk inc flu hosp,2026-04-25,quantile,0.9,52,Georgia,Ensemble
2026-04-25,13,0,wk inc flu hosp,2026-04-25,quantile,0.95,62,Georgia,Ensemble
2026-04-25,13,0,wk inc flu hosp,2026-04-25,quantile,0.975,73,Georgia,Ensemble
2026-04-25,13,0,wk inc flu hosp,2026-04-25,quantile,0.99,87,Georgia,Ensemble
2026-04-25,13,1,wk inc flu hosp,2026-05-02,quantile,0.01,5,Georgia,Ensemble
2026-04-25,13,1,wk inc flu hosp,2026-05-02,quantile,0.025,7,Georgia,Ensemble
2026-04-25,13,1,wk inc flu hosp,2026-05-02,quantile,0.05,8,Georgia,Ensemble
2026-04-25,13,1,wk inc flu hosp,2026-05-02,quantile,0.1,11,Georgia,Ensemble
2026-04-25,13,1,wk inc flu hosp,2026-05-02,quantile,0.15,13,Georgia,Ensemble
2026-04-25,13,1,wk inc flu hosp,2026-05-02,quantile,0.2,14,Georgia,Ensemble
2026-04-25,13,1,wk inc flu hosp,2026-05-02,quantile,0.25,16,Georgia,Ensemble
2026-04-25,13,1,wk inc flu hosp,2026-05-02,quantile,0.3,17,Georgia,Ensemble
2026-04-25,13,1,wk inc flu hosp,2026-05-02,quantile,0.35,19,Georgia,Ensemble
2026-04-25,13,1,wk inc flu hosp,2026-05-02,quantile,0.4,20,Georgia,Ensemble
2026-04-25,13,1,wk inc flu hosp,2026-05-02,quantile,0.45,22,Georgia,Ensemble
2026-04-25,13,1,wk inc flu hosp,2026-05-02,quantile,0.5,24,Georgia,Ensemble
2026-04-25,13,1,wk inc flu hosp,2026-05-02,quantile,0.55,26,Georgia,Ensemble
2026-04-25,13,1,wk inc flu hosp,2026-05-02,quantile,0.6,27,Georgia,Ensemble
2026-04-25,13,1,wk inc flu hosp,2026-05-02,quantile,0.65,29,Georgia,Ensemble
2026-04-25,13,1,wk inc flu hosp,2026-05-02,quantile,0.7,32,Georgia,Ensemble
2026-04-25,13,1,wk inc flu hosp,2026-05-02,quantile,0.75,35,Georgia,Ensemble
2026-04-25,13,1,wk inc flu hosp,2026-05-02,quantile,0.8,38,Georgia,Ensemble
2026-04-25,13,1,wk inc flu hosp,2026-05-02,quantile,0.85,43,Georgia,Ensemble
2026-04-25,13,1,wk inc flu hosp,2026-05-02,quantile,0.9,50,Georgia,Ensemble
2026-04-25,13,1,wk inc flu hosp,2026-05-02,quantile,0.95,63,Georgia,Ensemble
2026-04-25,13,1,wk inc flu hosp,2026-05-02,quantile,0.975,77,Georgia,Ensemble
2026-04-25,13,1,wk inc flu hosp,2026-05-02,quantile,0.99,96,Georgia,Ensemble
2026-04-25,13,2,wk inc flu hosp,2026-05-09,quantile,0.01,3,Georgia,Ensemble
2026-04-25,13,2,wk inc flu hosp,2026-05-09,quantile,0.025,5,Georgia,Ensemble
2026-04-25,13,2,wk inc flu hosp,2026-05-09,quantile,0.05,6,Georgia,Ensemble
2026-04-25,13,2,wk inc flu hosp,2026-05-09,quantile,0.1,8,Georgia,Ensemble
2026-04-25,13,2,wk inc flu hosp,2026-05-09,quantile,0.15,10,Georgia,Ensemble
2026-04-25,13,2,wk inc flu hosp,2026-05-09,quantile,0.2,12,Georgia,Ensemble
2026-04-25,13,2,wk inc flu hosp,2026-05-09,quantile,0.25,13,Georgia,Ensemble
2026-04-25,13,2,wk inc flu hosp,2026-05-09,quantile,0.3,15,Georgia,Ensemble
2026-04-25,13,2,wk inc flu hosp,2026-05-09,quantile,0.35,16,Georgia,Ensemble
2026-04-25,13,2,wk inc flu hosp,2026-05-09,quantile,0.4,17,Georgia,Ensemble
2026-04-25,13,2,wk inc flu hosp,2026-05-09,quantile,0.45,19,Georgia,Ensemble
2026-04-25,13,2,wk inc flu hosp,2026-05-09,quantile,0.5,22,Georgia,Ensemble
2026-04-25,13,2,wk inc flu hosp,2026-05-09,quantile,0.55,23,Georgia,Ensemble
2026-04-25,13,2,wk inc flu hosp,2026-05-09,quantile,0.6,25,Georgia,Ensemble
2026-04-25,13,2,wk inc flu hosp,2026-05-09,quantile,0.65,27,Georgia,Ensemble
2026-04-25,13,2,wk inc flu hosp,2026-05-09,quantile,0.7,30,Georgia,Ensemble
2026-04-25,13,2,wk inc flu hosp,2026-05-09,quantile,0.75,33,Georgia,Ensemble
2026-04-25,13,2,wk inc flu hosp,2026-05-09,quantile,0.8,37,Georgia,Ensemble
2026-04-25,13,2,wk inc flu hosp,2026-05-09,quantile,0.85,42,Georgia,Ensemble
2026-04-25,13,2,wk inc flu hosp,2026-05-09,quantile,0.9,51,Georgia,Ensemble
2026-04-25,13,2,wk inc flu hosp,2026-05-09,quantile,0.95,67,Georgia,Ensemble
2026-04-25,13,2,wk inc flu hosp,2026-05-09,quantile,0.975,85,Georgia,Ensemble
2026-04-25,13,2,wk inc flu hosp,2026-05-09,quantile,0.99,110,Georgia,Ensemble
2026-04-25,13,3,wk inc flu hosp,2026-05-16,quantile,0.01,3,Georgia,Ensemble
2026-04-25,13,3,wk inc flu hosp,2026-05-16,quantile,0.025,4,Georgia,Ensemble
2026-04-25,13,3,wk inc flu hosp,2026-05-16,quantile,0.05,5,Georgia,Ensemble
2026-04-25,13,3,wk inc flu hosp,2026-05-16,quantile,0.1,7,Georgia,Ensemble
2026-04-25,13,3,wk inc flu hosp,2026-05-16,quantile,0.15,9,Georgia,Ensemble
2026-04-25,13,3,wk inc flu hosp,2026-05-16,quantile,0.2,10,Georgia,Ensemble
2026-04-25,13,3,wk inc flu hosp,2026-05-16,quantile,0.25,12,Georgia,Ensemble
2026-04-25,13,3,wk inc flu hosp,2026-05-16,quantile,0.3,13,Georgia,Ensemble
2026-04-25,13,3,wk inc flu hosp,2026-05-16,quantile,0.35,14,Georgia,Ensemble
2026-04-25,13,3,wk inc flu hosp,2026-05-16,quantile,0.4,15,Georgia,Ensemble
2026-04-25,13,3,wk inc flu hosp,2026-05-16,quantile,0.45,16,Georgia,Ensemble
2026-04-25,13,3,wk inc flu hosp,2026-05-16,quantile,0.5,19,Georgia,Ensemble
2026-04-25,13,3,wk inc flu hosp,2026-05-16,quantile,0.55,21,Georgia,Ensemble
2026-04-25,13,3,wk inc flu hosp,2026-05-16,quantile,0.6,23,Georgia,Ensemble
2026-04-25,13,3,wk inc flu hosp,2026-05-16,quantile,0.65,25,Georgia,Ensemble
2026-04-25,13,3,wk inc flu hosp,2026-05-16,quantile,0.7,28,Georgia,Ensemble
2026-04-25,13,3,wk inc flu hosp,2026-05-16,quantile,0.75,31,Georgia,Ensemble
2026-04-25,13,3,wk inc flu hosp,2026-05-16,quantile,0.8,35,Georgia,Ensemble
2026-04-25,13,3,wk inc flu hosp,2026-05-16,quantile,0.85,41,Georgia,Ensemble
2026-04-25,13,3,wk inc flu hosp,2026-05-16,quantile,0.9,51,Georgia,Ensemble
2026-04-25,13,3,wk inc flu hosp,2026-05-16,quantile,0.95,70,Georgia,Ensemble
2026-04-25,13,3,wk inc flu hosp,2026-05-16,quantile,0.975,91,Georgia,Ensemble
2026-04-25,13,3,wk inc flu hosp,2026-05-16,quantile,0.99,121,Georgia,Ensemble
2026-04-25,15,0,wk inc flu hosp,2026-04-25,quantile,0.01,0,Hawaii,Ensemble
2026-04-25,15,0,wk inc flu hosp,2026-04-25,quantile,0.025,0,Hawaii,Ensemble
2026-04-25,15,0,wk inc flu hosp,2026-04-25,quantile,0.05,0,Hawaii,Ensemble
2026-04-25,15,0,wk inc flu hosp,2026-04-25,quantile,0.1,0,Hawaii,Ensemble
2026-04-25,15,0,wk inc flu hosp,2026-04-25,quantile,0.15,1,Hawaii,Ensemble
2026-04-25,15,0,wk inc flu hosp,2026-04-25,quantile,0.2,1,Hawaii,Ensemble
2026-04-25,15,0,wk inc flu hosp,2026-04-25,quantile,0.25,1,Hawaii,Ensemble
2026-04-25,15,0,wk inc flu hosp,2026-04-25,quantile,0.3,1,Hawaii,Ensemble
2026-04-25,15,0,wk inc flu hosp,2026-04-25,quantile,0.35,1,Hawaii,Ensemble
2026-04-25,15,0,wk inc flu hosp,2026-04-25,quantile,0.4,2,Hawaii,Ensemble
2026-04-25,15,0,wk inc flu hosp,2026-04-25,quantile,0.45,2,Hawaii,Ensemble
2026-04-25,15,0,wk inc flu hosp,2026-04-25,quantile,0.5,3,Hawaii,Ensemble
2026-04-25,15,0,wk inc flu hosp,2026-04-25,quantile,0.55,3,Hawaii,Ensemble
2026-04-25,15,0,wk inc flu hosp,2026-04-25,quantile,0.6,4,Hawaii,Ensemble
2026-04-25,15,0,wk inc flu hosp,2026-04-25,quantile,0.65,4,Hawaii,Ensemble
2026-04-25,15,0,wk inc flu hosp,2026-04-25,quantile,0.7,4,Hawaii,Ensemble
2026-04-25,15,0,wk inc flu hosp,2026-04-25,quantile,0.75,5,Hawaii,Ensemble
2026-04-25,15,0,wk inc flu hosp,2026-04-25,quantile,0.8,5,Hawaii,Ensemble
2026-04-25,15,0,wk inc flu hosp,2026-04-25,quantile,0.85,6,Hawaii,Ensemble
2026-04-25,15,0,wk inc flu hosp,2026-04-25,quantile,0.9,7,Hawaii,Ensemble
2026-04-25,15,0,wk inc flu hosp,2026-04-25,quantile,0.95,8,Hawaii,Ensemble
2026-04-25,15,0,wk inc flu hosp,2026-04-25,quantile,0.975,10,Hawaii,Ensemble
2026-04-25,15,0,wk inc flu hosp,2026-04-25,quantile,0.99,13,Hawaii,Ensemble
2026-04-25,15,1,wk inc flu hosp,2026-05-02,quantile,0.01,0,Hawaii,Ensemble
2026-04-25,15,1,wk inc flu hosp,2026-05-02,quantile,0.025,0,Hawaii,Ensemble
2026-04-25,15,1,wk inc flu hosp,2026-05-02,quantile,0.05,0,Hawaii,Ensemble
2026-04-25,15,1,wk inc flu hosp,2026-05-02,quantile,0.1,0,Hawaii,Ensemble
2026-04-25,15,1,wk inc flu hosp,2026-05-02,quantile,0.15,0,Hawaii,Ensemble
2026-04-25,15,1,wk inc flu hosp,2026-05-02,quantile,0.2,1,Hawaii,Ensemble
2026-04-25,15,1,wk inc flu hosp,2026-05-02,quantile,0.25,1,Hawaii,Ensemble
2026-04-25,15,1,wk inc flu hosp,2026-05-02,quantile,0.3,1,Hawaii,Ensemble
2026-04-25,15,1,wk inc flu hosp,2026-05-02,quantile,0.35,1,Hawaii,Ensemble
2026-04-25,15,1,wk inc flu hosp,2026-05-02,quantile,0.4,1,Hawaii,Ensemble
2026-04-25,15,1,wk inc flu hosp,2026-05-02,quantile,0.45,2,Hawaii,Ensemble
2026-04-25,15,1,wk inc flu hosp,2026-05-02,quantile,0.5,3,Hawaii,Ensemble
2026-04-25,15,1,wk inc flu hosp,2026-05-02,quantile,0.55,3,Hawaii,Ensemble
2026-04-25,15,1,wk inc flu hosp,2026-05-02,quantile,0.6,4,Hawaii,Ensemble
2026-04-25,15,1,wk inc flu hosp,2026-05-02,quantile,0.65,4,Hawaii,Ensemble
2026-04-25,15,1,wk inc flu hosp,2026-05-02,quantile,0.7,4,Hawaii,Ensemble
2026-04-25,15,1,wk inc flu hosp,2026-05-02,quantile,0.75,5,Hawaii,Ensemble
2026-04-25,15,1,wk inc flu hosp,2026-05-02,quantile,0.8,5,Hawaii,Ensemble
2026-04-25,15,1,wk inc flu hosp,2026-05-02,quantile,0.85,6,Hawaii,Ensemble
2026-04-25,15,1,wk inc flu hosp,2026-05-02,quantile,0.9,8,Hawaii,Ensemble
2026-04-25,15,1,wk inc flu hosp,2026-05-02,quantile,0.95,10,Hawaii,Ensemble
2026-04-25,15,1,wk inc flu hosp,2026-05-02,quantile,0.975,12,Hawaii,Ensemble
2026-04-25,15,1,wk inc flu hosp,2026-05-02,quantile,0.99,16,Hawaii,Ensemble
2026-04-25,15,2,wk inc flu hosp,2026-05-09,quantile,0.01,0,Hawaii,Ensemble
2026-04-25,15,2,wk inc flu hosp,2026-05-09,quantile,0.025,0,Hawaii,Ensemble
2026-04-25,15,2,wk inc flu hosp,2026-05-09,quantile,0.05,0,Hawaii,Ensemble
2026-04-25,15,2,wk inc flu hosp,2026-05-09,quantile,0.1,0,Hawaii,Ensemble
2026-04-25,15,2,wk inc flu hosp,2026-05-09,quantile,0.15,0,Hawaii,Ensemble
2026-04-25,15,2,wk inc flu hosp,2026-05-09,quantile,0.2,0,Hawaii,Ensemble
2026-04-25,15,2,wk inc flu hosp,2026-05-09,quantile,0.25,1,Hawaii,Ensemble
2026-04-25,15,2,wk inc flu hosp,2026-05-09,quantile,0.3,1,Hawaii,Ensemble
2026-04-25,15,2,wk inc flu hosp,2026-05-09,quantile,0.35,1,Hawaii,Ensemble
2026-04-25,15,2,wk inc flu hosp,2026-05-09,quantile,0.4,1,Hawaii,Ensemble
2026-04-25,15,2,wk inc flu hosp,2026-05-09,quantile,0.45,1,Hawaii,Ensemble
2026-04-25,15,2,wk inc flu hosp,2026-05-09,quantile,0.5,3,Hawaii,Ensemble
2026-04-25,15,2,wk inc flu hosp,2026-05-09,quantile,0.55,3,Hawaii,Ensemble
2026-04-25,15,2,wk inc flu hosp,2026-05-09,quantile,0.6,3,Hawaii,Ensemble
2026-04-25,15,2,wk inc flu hosp,2026-05-09,quantile,0.65,4,Hawaii,Ensemble
2026-04-25,15,2,wk inc flu hosp,2026-05-09,quantile,0.7,4,Hawaii,Ensemble
2026-04-25,15,2,wk inc flu hosp,2026-05-09,quantile,0.75,5,Hawaii,Ensemble
2026-04-25,15,2,wk inc flu hosp,2026-05-09,quantile,0.8,6,Hawaii,Ensemble
2026-04-25,15,2,wk inc flu hosp,2026-05-09,quantile,0.85,7,Hawaii,Ensemble
2026-04-25,15,2,wk inc flu hosp,2026-05-09,quantile,0.9,8,Hawaii,Ensemble
2026-04-25,15,2,wk inc flu hosp,2026-05-09,quantile,0.95,11,Hawaii,Ensemble
2026-04-25,15,2,wk inc flu hosp,2026-05-09,quantile,0.975,15,Hawaii,Ensemble
2026-04-25,15,2,wk inc flu hosp,2026-05-09,quantile,0.99,19,Hawaii,Ensemble
2026-04-25,15,3,wk inc flu hosp,2026-05-16,quantile,0.01,0,Hawaii,Ensemble
2026-04-25,15,3,wk inc flu hosp,2026-05-16,quantile,0.025,0,Hawaii,Ensemble
2026-04-25,15,3,wk inc flu hosp,2026-05-16,quantile,0.05,0,Hawaii,Ensemble
2026-04-25,15,3,wk inc flu hosp,2026-05-16,quantile,0.1,0,Hawaii,Ensemble
2026-04-25,15,3,wk inc flu hosp,2026-05-16,quantile,0.15,0,Hawaii,Ensemble
2026-04-25,15,3,wk inc flu hosp,2026-05-16,quantile,0.2,0,Hawaii,Ensemble
2026-04-25,15,3,wk inc flu hosp,2026-05-16,quantile,0.25,0,Hawaii,Ensemble
2026-04-25,15,3,wk inc flu hosp,2026-05-16,quantile,0.3,1,Hawaii,Ensemble
2026-04-25,15,3,wk inc flu hosp,2026-05-16,quantile,0.35,1,Hawaii,Ensemble
2026-04-25,15,3,wk inc flu hosp,2026-05-16,quantile,0.4,1,Hawaii,Ensemble
2026-04-25,15,3,wk inc flu hosp,2026-05-16,quantile,0.45,1,Hawaii,Ensemble
2026-04-25,15,3,wk inc flu hosp,2026-05-16,quantile,0.5,3,Hawaii,Ensemble
2026-04-25,15,3,wk inc flu hosp,2026-05-16,quantile,0.55,3,Hawaii,Ensemble
2026-04-25,15,3,wk inc flu hosp,2026-05-16,quantile,0.6,3,Hawaii,Ensemble
2026-04-25,15,3,wk inc flu hosp,2026-05-16,quantile,0.65,4,Hawaii,Ensemble
2026-04-25,15,3,wk inc flu hosp,2026-05-16,quantile,0.7,4,Hawaii,Ensemble
2026-04-25,15,3,wk inc flu hosp,2026-05-16,quantile,0.75,5,Hawaii,Ensemble
2026-04-25,15,3,wk inc flu hosp,2026-05-16,quantile,0.8,6,Hawaii,Ensemble
2026-04-25,15,3,wk inc flu hosp,2026-05-16,quantile,0.85,7,Hawaii,Ensemble
2026-04-25,15,3,wk inc flu hosp,2026-05-16,quantile,0.9,8,Hawaii,Ensemble
2026-04-25,15,3,wk inc flu hosp,2026-05-16,quantile,0.95,12,Hawaii,Ensemble
2026-04-25,15,3,wk inc flu hosp,2026-05-16,quantile,0.975,15,Hawaii,Ensemble
2026-04-25,15,3,wk inc flu hosp,2026-05-16,quantile,0.99,21,Hawaii,Ensemble
2026-04-25,16,0,wk inc flu hosp,2026-04-25,quantile,0.01,0,Idaho,Ensemble
2026-04-25,16,0,wk inc flu hosp,2026-04-25,quantile,0.025,1,Idaho,Ensemble
2026-04-25,16,0,wk inc flu hosp,2026-04-25,quantile,0.05,1,Idaho,Ensemble
2026-04-25,16,0,wk inc flu hosp,2026-04-25,quantile,0.1,1,Idaho,Ensemble
2026-04-25,16,0,wk inc flu hosp,2026-04-25,quantile,0.15,2,Idaho,Ensemble
2026-04-25,16,0,wk inc flu hosp,2026-04-25,quantile,0.2,3,Idaho,Ensemble
2026-04-25,16,0,wk inc flu hosp,2026-04-25,quantile,0.25,3,Idaho,Ensemble
2026-04-25,16,0,wk inc flu hosp,2026-04-25,quantile,0.3,4,Idaho,Ensemble
2026-04-25,16,0,wk inc flu hosp,2026-04-25,quantile,0.35,4,Idaho,Ensemble
2026-04-25,16,0,wk inc flu hosp,2026-04-25,quantile,0.4,4,Idaho,Ensemble
2026-04-25,16,0,wk inc flu hosp,2026-04-25,quantile,0.45,5,Idaho,Ensemble
2026-04-25,16,0,wk inc flu hosp,2026-04-25,quantile,0.5,6,Idaho,Ensemble
2026-04-25,16,0,wk inc flu hosp,2026-04-25,quantile,0.55,7,Idaho,Ensemble
2026-04-25,16,0,wk inc flu hosp,2026-04-25,quantile,0.6,8,Idaho,Ensemble
2026-04-25,16,0,wk inc flu hosp,2026-04-25,quantile,0.65,8,Idaho,Ensemble
2026-04-25,16,0,wk inc flu hosp,2026-04-25,quantile,0.7,9,Idaho,Ensemble
2026-04-25,16,0,wk inc flu hosp,2026-04-25,quantile,0.75,10,Idaho,Ensemble
2026-04-25,16,0,wk inc flu hosp,2026-04-25,quantile,0.8,11,Idaho,Ensemble
2026-04-25,16,0,wk inc flu hosp,2026-04-25,quantile,0.85,13,Idaho,Ensemble
2026-04-25,16,0,wk inc flu hosp,2026-04-25,quantile,0.9,14,Idaho,Ensemble
2026-04-25,16,0,wk inc flu hosp,2026-04-25,quantile,0.95,17,Idaho,Ensemble
2026-04-25,16,0,wk inc flu hosp,2026-04-25,quantile,0.975,21,Idaho,Ensemble
2026-04-25,16,0,wk inc flu hosp,2026-04-25,quantile,0.99,26,Idaho,Ensemble
2026-04-25,16,1,wk inc flu hosp,2026-05-02,quantile,0.01,0,Idaho,Ensemble
2026-04-25,16,1,wk inc flu hosp,2026-05-02,quantile,0.025,0,Idaho,Ensemble
2026-04-25,16,1,wk inc flu hosp,2026-05-02,quantile,0.05,0,Idaho,Ensemble
2026-04-25,16,1,wk inc flu hosp,2026-05-02,quantile,0.1,1,Idaho,Ensemble
2026-04-25,16,1,wk inc flu hosp,2026-05-02,quantile,0.15,1,Idaho,Ensemble
2026-04-25,16,1,wk inc flu hosp,2026-05-02,quantile,0.2,1,Idaho,Ensemble
2026-04-25,16,1,wk inc flu hosp,2026-05-02,quantile,0.25,2,Idaho,Ensemble
2026-04-25,16,1,wk inc flu hosp,2026-05-02,quantile,0.3,2,Idaho,Ensemble
2026-04-25,16,1,wk inc flu hosp,2026-05-02,quantile,0.35,3,Idaho,Ensemble
2026-04-25,16,1,wk inc flu hosp,2026-05-02,quantile,0.4,3,Idaho,Ensemble
2026-04-25,16,1,wk inc flu hosp,2026-05-02,quantile,0.45,4,Idaho,Ensemble
2026-04-25,16,1,wk inc flu hosp,2026-05-02,quantile,0.5,5,Idaho,Ensemble
2026-04-25,16,1,wk inc flu hosp,2026-05-02,quantile,0.55,6,Idaho,Ensemble
2026-04-25,16,1,wk inc flu hosp,2026-05-02,quantile,0.6,6,Idaho,Ensemble
2026-04-25,16,1,wk inc flu hosp,2026-05-02,quantile,0.65,7,Idaho,Ensemble
2026-04-25,16,1,wk inc flu hosp,2026-05-02,quantile,0.7,8,Idaho,Ensemble
2026-04-25,16,1,wk inc flu hosp,2026-05-02,quantile,0.75,9,Idaho,Ensemble
2026-04-25,16,1,wk inc flu hosp,2026-05-02,quantile,0.8,10,Idaho,Ensemble
2026-04-25,16,1,wk inc flu hosp,2026-05-02,quantile,0.85,11,Idaho,Ensemble
2026-04-25,16,1,wk inc flu hosp,2026-05-02,quantile,0.9,13,Idaho,Ensemble
2026-04-25,16,1,wk inc flu hosp,2026-05-02,quantile,0.95,17,Idaho,Ensemble
2026-04-25,16,1,wk inc flu hosp,2026-05-02,quantile,0.975,22,Idaho,Ensemble
2026-04-25,16,1,wk inc flu hosp,2026-05-02,quantile,0.99,28,Idaho,Ensemble
2026-04-25,16,2,wk inc flu hosp,2026-05-09,quantile,0.01,0,Idaho,Ensemble
2026-04-25,16,2,wk inc flu hosp,2026-05-09,quantile,0.025,0,Idaho,Ensemble
2026-04-25,16,2,wk inc flu hosp,2026-05-09,quantile,0.05,0,Idaho,Ensemble
2026-04-25,16,2,wk inc flu hosp,2026-05-09,quantile,0.1,0,Idaho,Ensemble
2026-04-25,16,2,wk inc flu hosp,2026-05-09,quantile,0.15,0,Idaho,Ensemble
2026-04-25,16,2,wk inc flu hosp,2026-05-09,quantile,0.2,1,Idaho,Ensemble
2026-04-25,16,2,wk inc flu hosp,2026-05-09,quantile,0.25,1,Idaho,Ensemble
2026-04-25,16,2,wk inc flu hosp,2026-05-09,quantile,0.3,1,Idaho,Ensemble
2026-04-25,16,2,wk inc flu hosp,2026-05-09,quantile,0.35,2,Idaho,Ensemble
2026-04-25,16,2,wk inc flu hosp,2026-05-09,quantile,0.4,2,Idaho,Ensemble
2026-04-25,16,2,wk inc flu hosp,2026-05-09,quantile,0.45,3,Idaho,Ensemble
2026-04-25,16,2,wk inc flu hosp,2026-05-09,quantile,0.5,4,Idaho,Ensemble
2026-04-25,16,2,wk inc flu hosp,2026-05-09,quantile,0.55,5,Idaho,Ensemble
2026-04-25,16,2,wk inc flu hosp,2026-05-09,quantile,0.6,5,Idaho,Ensemble
2026-04-25,16,2,wk inc flu hosp,2026-05-09,quantile,0.65,6,Idaho,Ensemble
2026-04-25,16,2,wk inc flu hosp,2026-05-09,quantile,0.7,7,Idaho,Ensemble
2026-04-25,16,2,wk inc flu hosp,2026-05-09,quantile,0.75,8,Idaho,Ensemble
2026-04-25,16,2,wk inc flu hosp,2026-05-09,quantile,0.8,9,Idaho,Ensemble
2026-04-25,16,2,wk inc flu hosp,2026-05-09,quantile,0.85,10,Idaho,Ensemble
2026-04-25,16,2,wk inc flu hosp,2026-05-09,quantile,0.9,13,Idaho,Ensemble
2026-04-25,16,2,wk inc flu hosp,2026-05-09,quantile,0.95,17,Idaho,Ensemble
2026-04-25,16,2,wk inc flu hosp,2026-05-09,quantile,0.975,23,Idaho,Ensemble
2026-04-25,16,2,wk inc flu hosp,2026-05-09,quantile,0.99,32,Idaho,Ensemble
2026-04-25,16,3,wk inc flu hosp,2026-05-16,quantile,0.01,0,Idaho,Ensemble
2026-04-25,16,3,wk inc flu hosp,2026-05-16,quantile,0.025,0,Idaho,Ensemble
2026-04-25,16,3,wk inc flu hosp,2026-05-16,quantile,0.05,0,Idaho,Ensemble
2026-04-25,16,3,wk inc flu hosp,2026-05-16,quantile,0.1,0,Idaho,Ensemble
2026-04-25,16,3,wk inc flu hosp,2026-05-16,quantile,0.15,0,Idaho,Ensemble
2026-04-25,16,3,wk inc flu hosp,2026-05-16,quantile,0.2,0,Idaho,Ensemble
2026-04-25,16,3,wk inc flu hosp,2026-05-16,quantile,0.25,1,Idaho,Ensemble
2026-04-25,16,3,wk inc flu hosp,2026-05-16,quantile,0.3,1,Idaho,Ensemble
2026-04-25,16,3,wk inc flu hosp,2026-05-16,quantile,0.35,1,Idaho,Ensemble
2026-04-25,16,3,wk inc flu hosp,2026-05-16,quantile,0.4,2,Idaho,Ensemble
2026-04-25,16,3,wk inc flu hosp,2026-05-16,quantile,0.45,2,Idaho,Ensemble
2026-04-25,16,3,wk inc flu hosp,2026-05-16,quantile,0.5,3,Idaho,Ensemble
2026-04-25,16,3,wk inc flu hosp,2026-05-16,quantile,0.55,4,Idaho,Ensemble
2026-04-25,16,3,wk inc flu hosp,2026-05-16,quantile,0.6,4,Idaho,Ensemble
2026-04-25,16,3,wk inc flu hosp,2026-05-16,quantile,0.65,5,Idaho,Ensemble
2026-04-25,16,3,wk inc flu hosp,2026-05-16,quantile,0.7,6,Idaho,Ensemble
2026-04-25,16,3,wk inc flu hosp,2026-05-16,quantile,0.75,7,Idaho,Ensemble
2026-04-25,16,3,wk inc flu hosp,2026-05-16,quantile,0.8,8,Idaho,Ensemble
2026-04-25,16,3,wk inc flu hosp,2026-05-16,quantile,0.85,10,Idaho,Ensemble
2026-04-25,16,3,wk inc flu hosp,2026-05-16,quantile,0.9,12,Idaho,Ensemble
2026-04-25,16,3,wk inc flu hosp,2026-05-16,quantile,0.95,17,Idaho,Ensemble
2026-04-25,16,3,wk inc flu hosp,2026-05-16,quantile,0.975,24,Idaho,Ensemble
2026-04-25,16,3,wk inc flu hosp,2026-05-16,quantile,0.99,35,Idaho,Ensemble
2026-04-25,17,0,wk inc flu hosp,2026-04-25,quantile,0.01,15,Illinois,Ensemble
2026-04-25,17,0,wk inc flu hosp,2026-04-25,quantile,0.025,19,Illinois,Ensemble
2026-04-25,17,0,wk inc flu hosp,2026-04-25,quantile,0.05,23,Illinois,Ensemble
2026-04-25,17,0,wk inc flu hosp,2026-04-25,quantile,0.1,28,Illinois,Ensemble
2026-04-25,17,0,wk inc flu hosp,2026-04-25,quantile,0.15,32,Illinois,Ensemble
2026-04-25,17,0,wk inc flu hosp,2026-04-25,quantile,0.2,35,Illinois,Ensemble
2026-04-25,17,0,wk inc flu hosp,2026-04-25,quantile,0.25,38,Illinois,Ensemble
2026-04-25,17,0,wk inc flu hosp,2026-04-25,quantile,0.3,41,Illinois,Ensemble
2026-04-25,17,0,wk inc flu hosp,2026-04-25,quantile,0.35,44,Illinois,Ensemble
2026-04-25,17,0,wk inc flu hosp,2026-04-25,quantile,0.4,47,Illinois,Ensemble
2026-04-25,17,0,wk inc flu hosp,2026-04-25,quantile,0.45,51,Illinois,Ensemble
2026-04-25,17,0,wk inc flu hosp,2026-04-25,quantile,0.5,56,Illinois,Ensemble
2026-04-25,17,0,wk inc flu hosp,2026-04-25,quantile,0.55,61,Illinois,Ensemble
2026-04-25,17,0,wk inc flu hosp,2026-04-25,quantile,0.6,65,Illinois,Ensemble
2026-04-25,17,0,wk inc flu hosp,2026-04-25,quantile,0.65,68,Illinois,Ensemble
2026-04-25,17,0,wk inc flu hosp,2026-04-25,quantile,0.7,72,Illinois,Ensemble
2026-04-25,17,0,wk inc flu hosp,2026-04-25,quantile,0.75,76,Illinois,Ensemble
2026-04-25,17,0,wk inc flu hosp,2026-04-25,quantile,0.8,82,Illinois,Ensemble
2026-04-25,17,0,wk inc flu hosp,2026-04-25,quantile,0.85,89,Illinois,Ensemble
2026-04-25,17,0,wk inc flu hosp,2026-04-25,quantile,0.9,100,Illinois,Ensemble
2026-04-25,17,0,wk inc flu hosp,2026-04-25,quantile,0.95,125,Illinois,Ensemble
2026-04-25,17,0,wk inc flu hosp,2026-04-25,quantile,0.975,151,Illinois,Ensemble
2026-04-25,17,0,wk inc flu hosp,2026-04-25,quantile,0.99,194,Illinois,Ensemble
2026-04-25,17,1,wk inc flu hosp,2026-05-02,quantile,0.01,9,Illinois,Ensemble
2026-04-25,17,1,wk inc flu hosp,2026-05-02,quantile,0.025,12,Illinois,Ensemble
2026-04-25,17,1,wk inc flu hosp,2026-05-02,quantile,0.05,15,Illinois,Ensemble
2026-04-25,17,1,wk inc flu hosp,2026-05-02,quantile,0.1,20,Illinois,Ensemble
2026-04-25,17,1,wk inc flu hosp,2026-05-02,quantile,0.15,24,Illinois,Ensemble
2026-04-25,17,1,wk inc flu hosp,2026-05-02,quantile,0.2,27,Illinois,Ensemble
2026-04-25,17,1,wk inc flu hosp,2026-05-02,quantile,0.25,30,Illinois,Ensemble
2026-04-25,17,1,wk inc flu hosp,2026-05-02,quantile,0.3,33,Illinois,Ensemble
2026-04-25,17,1,wk inc flu hosp,2026-05-02,quantile,0.35,36,Illinois,Ensemble
2026-04-25,17,1,wk inc flu hosp,2026-05-02,quantile,0.4,39,Illinois,Ensemble
2026-04-25,17,1,wk inc flu hosp,2026-05-02,quantile,0.45,42,Illinois,Ensemble
2026-04-25,17,1,wk inc flu hosp,2026-05-02,quantile,0.5,47,Illinois,Ensemble
2026-04-25,17,1,wk inc flu hosp,2026-05-02,quantile,0.55,52,Illinois,Ensemble
2026-04-25,17,1,wk inc flu hosp,2026-05-02,quantile,0.6,57,Illinois,Ensemble
2026-04-25,17,1,wk inc flu hosp,2026-05-02,quantile,0.65,62,Illinois,Ensemble
2026-04-25,17,1,wk inc flu hosp,2026-05-02,quantile,0.7,67,Illinois,Ensemble
2026-04-25,17,1,wk inc flu hosp,2026-05-02,quantile,0.75,73,Illinois,Ensemble
2026-04-25,17,1,wk inc flu hosp,2026-05-02,quantile,0.8,80,Illinois,Ensemble
2026-04-25,17,1,wk inc flu hosp,2026-05-02,quantile,0.85,91,Illinois,Ensemble
2026-04-25,17,1,wk inc flu hosp,2026-05-02,quantile,0.9,109,Illinois,Ensemble
2026-04-25,17,1,wk inc flu hosp,2026-05-02,quantile,0.95,147,Illinois,Ensemble
2026-04-25,17,1,wk inc flu hosp,2026-05-02,quantile,0.975,190,Illinois,Ensemble
2026-04-25,17,1,wk inc flu hosp,2026-05-02,quantile,0.99,251,Illinois,Ensemble
2026-04-25,17,2,wk inc flu hosp,2026-05-09,quantile,0.01,6,Illinois,Ensemble
2026-04-25,17,2,wk inc flu hosp,2026-05-09,quantile,0.025,8,Illinois,Ensemble
2026-04-25,17,2,wk inc flu hosp,2026-05-09,quantile,0.05,11,Illinois,Ensemble
2026-04-25,17,2,wk inc flu hosp,2026-05-09,quantile,0.1,14,Illinois,Ensemble
2026-04-25,17,2,wk inc flu hosp,2026-05-09,quantile,0.15,18,Illinois,Ensemble
2026-04-25,17,2,wk inc flu hosp,2026-05-09,quantile,0.2,20,Illinois,Ensemble
2026-04-25,17,2,wk inc flu hosp,2026-05-09,quantile,0.25,23,Illinois,Ensemble
2026-04-25,17,2,wk inc flu hosp,2026-05-09,quantile,0.3,26,Illinois,Ensemble
2026-04-25,17,2,wk inc flu hosp,2026-05-09,quantile,0.35,29,Illinois,Ensemble
2026-04-25,17,2,wk inc flu hosp,2026-05-09,quantile,0.4,32,Illinois,Ensemble
2026-04-25,17,2,wk inc flu hosp,2026-05-09,quantile,0.45,36,Illinois,Ensemble
2026-04-25,17,2,wk inc flu hosp,2026-05-09,quantile,0.5,41,Illinois,Ensemble
2026-04-25,17,2,wk inc flu hosp,2026-05-09,quantile,0.55,45,Illinois,Ensemble
2026-04-25,17,2,wk inc flu hosp,2026-05-09,quantile,0.6,51,Illinois,Ensemble
2026-04-25,17,2,wk inc flu hosp,2026-05-09,quantile,0.65,57,Illinois,Ensemble
2026-04-25,17,2,wk inc flu hosp,2026-05-09,quantile,0.7,64,Illinois,Ensemble
2026-04-25,17,2,wk inc flu hosp,2026-05-09,quantile,0.75,73,Illinois,Ensemble
2026-04-25,17,2,wk inc flu hosp,2026-05-09,quantile,0.8,82,Illinois,Ensemble
2026-04-25,17,2,wk inc flu hosp,2026-05-09,quantile,0.85,99,Illinois,Ensemble
2026-04-25,17,2,wk inc flu hosp,2026-05-09,quantile,0.9,124,Illinois,Ensemble
2026-04-25,17,2,wk inc flu hosp,2026-05-09,quantile,0.95,171,Illinois,Ensemble
2026-04-25,17,2,wk inc flu hosp,2026-05-09,quantile,0.975,230,Illinois,Ensemble
2026-04-25,17,2,wk inc flu hosp,2026-05-09,quantile,0.99,302,Illinois,Ensemble
2026-04-25,17,3,wk inc flu hosp,2026-05-16,quantile,0.01,4,Illinois,Ensemble
2026-04-25,17,3,wk inc flu hosp,2026-05-16,quantile,0.025,7,Illinois,Ensemble
2026-04-25,17,3,wk inc flu hosp,2026-05-16,quantile,0.05,9,Illinois,Ensemble
2026-04-25,17,3,wk inc flu hosp,2026-05-16,quantile,0.1,11,Illinois,Ensemble
2026-04-25,17,3,wk inc flu hosp,2026-05-16,quantile,0.15,15,Illinois,Ensemble
2026-04-25,17,3,wk inc flu hosp,2026-05-16,quantile,0.2,17,Illinois,Ensemble
2026-04-25,17,3,wk inc flu hosp,2026-05-16,quantile,0.25,20,Illinois,Ensemble
2026-04-25,17,3,wk inc flu hosp,2026-05-16,quantile,0.3,22,Illinois,Ensemble
2026-04-25,17,3,wk inc flu hosp,2026-05-16,quantile,0.35,25,Illinois,Ensemble
2026-04-25,17,3,wk inc flu hosp,2026-05-16,quantile,0.4,29,Illinois,Ensemble
2026-04-25,17,3,wk inc flu hosp,2026-05-16,quantile,0.45,32,Illinois,Ensemble
2026-04-25,17,3,wk inc flu hosp,2026-05-16,quantile,0.5,37,Illinois,Ensemble
2026-04-25,17,3,wk inc flu hosp,2026-05-16,quantile,0.55,42,Illinois,Ensemble
2026-04-25,17,3,wk inc flu hosp,2026-05-16,quantile,0.6,48,Illinois,Ensemble
2026-04-25,17,3,wk inc flu hosp,2026-05-16,quantile,0.65,54,Illinois,Ensemble
2026-04-25,17,3,wk inc flu hosp,2026-05-16,quantile,0.7,62,Illinois,Ensemble
2026-04-25,17,3,wk inc flu hosp,2026-05-16,quantile,0.75,70,Illinois,Ensemble
2026-04-25,17,3,wk inc flu hosp,2026-05-16,quantile,0.8,82,Illinois,Ensemble
2026-04-25,17,3,wk inc flu hosp,2026-05-16,quantile,0.85,99,Illinois,Ensemble
2026-04-25,17,3,wk inc flu hosp,2026-05-16,quantile,0.9,127,Illinois,Ensemble
2026-04-25,17,3,wk inc flu hosp,2026-05-16,quantile,0.95,182,Illinois,Ensemble
2026-04-25,17,3,wk inc flu hosp,2026-05-16,quantile,0.975,235,Illinois,Ensemble
2026-04-25,17,3,wk inc flu hosp,2026-05-16,quantile,0.99,319,Illinois,Ensemble
2026-04-25,18,0,wk inc flu hosp,2026-04-25,quantile,0.01,7,Indiana,Ensemble
2026-04-25,18,0,wk inc flu hosp,2026-04-25,quantile,0.025,9,Indiana,Ensemble
2026-04-25,18,0,wk inc flu hosp,2026-04-25,quantile,0.05,11,Indiana,Ensemble
2026-04-25,18,0,wk inc flu hosp,2026-04-25,quantile,0.1,14,Indiana,Ensemble
2026-04-25,18,0,wk inc flu hosp,2026-04-25,quantile,0.15,16,Indiana,Ensemble
2026-04-25,18,0,wk inc flu hosp,2026-04-25,quantile,0.2,17,Indiana,Ensemble
2026-04-25,18,0,wk inc flu hosp,2026-04-25,quantile,0.25,19,Indiana,Ensemble
2026-04-25,18,0,wk inc flu hosp,2026-04-25,quantile,0.3,21,Indiana,Ensemble
2026-04-25,18,0,wk inc flu hosp,2026-04-25,quantile,0.35,22,Indiana,Ensemble
2026-04-25,18,0,wk inc flu hosp,2026-04-25,quantile,0.4,24,Indiana,Ensemble
2026-04-25,18,0,wk inc flu hosp,2026-04-25,quantile,0.45,25,Indiana,Ensemble
2026-04-25,18,0,wk inc flu hosp,2026-04-25,quantile,0.5,28,Indiana,Ensemble
2026-04-25,18,0,wk inc flu hosp,2026-04-25,quantile,0.55,30,Indiana,Ensemble
2026-04-25,18,0,wk inc flu hosp,2026-04-25,quantile,0.6,31,Indiana,Ensemble
2026-04-25,18,0,wk inc flu hosp,2026-04-25,quantile,0.65,33,Indiana,Ensemble
2026-04-25,18,0,wk inc flu hosp,2026-04-25,quantile,0.7,35,Indiana,Ensemble
2026-04-25,18,0,wk inc flu hosp,2026-04-25,quantile,0.75,38,Indiana,Ensemble
2026-04-25,18,0,wk inc flu hosp,2026-04-25,quantile,0.8,41,Indiana,Ensemble
2026-04-25,18,0,wk inc flu hosp,2026-04-25,quantile,0.85,45,Indiana,Ensemble
2026-04-25,18,0,wk inc flu hosp,2026-04-25,quantile,0.9,51,Indiana,Ensemble
2026-04-25,18,0,wk inc flu hosp,2026-04-25,quantile,0.95,61,Indiana,Ensemble
2026-04-25,18,0,wk inc flu hosp,2026-04-25,quantile,0.975,70,Indiana,Ensemble
2026-04-25,18,0,wk inc flu hosp,2026-04-25,quantile,0.99,83,Indiana,Ensemble
2026-04-25,18,1,wk inc flu hosp,2026-05-02,quantile,0.01,4,Indiana,Ensemble
2026-04-25,18,1,wk inc flu hosp,2026-05-02,quantile,0.025,6,Indiana,Ensemble
2026-04-25,18,1,wk inc flu hosp,2026-05-02,quantile,0.05,7,Indiana,Ensemble
2026-04-25,18,1,wk inc flu hosp,2026-05-02,quantile,0.1,10,Indiana,Ensemble
2026-04-25,18,1,wk inc flu hosp,2026-05-02,quantile,0.15,11,Indiana,Ensemble
2026-04-25,18,1,wk inc flu hosp,2026-05-02,quantile,0.2,13,Indiana,Ensemble
2026-04-25,18,1,wk inc flu hosp,2026-05-02,quantile,0.25,15,Indiana,Ensemble
2026-04-25,18,1,wk inc flu hosp,2026-05-02,quantile,0.3,16,Indiana,Ensemble
2026-04-25,18,1,wk inc flu hosp,2026-05-02,quantile,0.35,18,Indiana,Ensemble
2026-04-25,18,1,wk inc flu hosp,2026-05-02,quantile,0.4,20,Indiana,Ensemble
2026-04-25,18,1,wk inc flu hosp,2026-05-02,quantile,0.45,22,Indiana,Ensemble
2026-04-25,18,1,wk inc flu hosp,2026-05-02,quantile,0.5,25,Indiana,Ensemble
2026-04-25,18,1,wk inc flu hosp,2026-05-02,quantile,0.55,27,Indiana,Ensemble
2026-04-25,18,1,wk inc flu hosp,2026-05-02,quantile,0.6,29,Indiana,Ensemble
2026-04-25,18,1,wk inc flu hosp,2026-05-02,quantile,0.65,32,Indiana,Ensemble
2026-04-25,18,1,wk inc flu hosp,2026-05-02,quantile,0.7,35,Indiana,Ensemble
2026-04-25,18,1,wk inc flu hosp,2026-05-02,quantile,0.75,38,Indiana,Ensemble
2026-04-25,18,1,wk inc flu hosp,2026-05-02,quantile,0.8,42,Indiana,Ensemble
2026-04-25,18,1,wk inc flu hosp,2026-05-02,quantile,0.85,48,Indiana,Ensemble
2026-04-25,18,1,wk inc flu hosp,2026-05-02,quantile,0.9,56,Indiana,Ensemble
2026-04-25,18,1,wk inc flu hosp,2026-05-02,quantile,0.95,70,Indiana,Ensemble
2026-04-25,18,1,wk inc flu hosp,2026-05-02,quantile,0.975,84,Indiana,Ensemble
2026-04-25,18,1,wk inc flu hosp,2026-05-02,quantile,0.99,109,Indiana,Ensemble
2026-04-25,18,2,wk inc flu hosp,2026-05-09,quantile,0.01,3,Indiana,Ensemble
2026-04-25,18,2,wk inc flu hosp,2026-05-09,quantile,0.025,4,Indiana,Ensemble
2026-04-25,18,2,wk inc flu hosp,2026-05-09,quantile,0.05,5,Indiana,Ensemble
2026-04-25,18,2,wk inc flu hosp,2026-05-09,quantile,0.1,7,Indiana,Ensemble
2026-04-25,18,2,wk inc flu hosp,2026-05-09,quantile,0.15,9,Indiana,Ensemble
2026-04-25,18,2,wk inc flu hosp,2026-05-09,quantile,0.2,10,Indiana,Ensemble
2026-04-25,18,2,wk inc flu hosp,2026-05-09,quantile,0.25,12,Indiana,Ensemble
2026-04-25,18,2,wk inc flu hosp,2026-05-09,quantile,0.3,13,Indiana,Ensemble
2026-04-25,18,2,wk inc flu hosp,2026-05-09,quantile,0.35,15,Indiana,Ensemble
2026-04-25,18,2,wk inc flu hosp,2026-05-09,quantile,0.4,17,Indiana,Ensemble
2026-04-25,18,2,wk inc flu hosp,2026-05-09,quantile,0.45,19,Indiana,Ensemble
2026-04-25,18,2,wk inc flu hosp,2026-05-09,quantile,0.5,23,Indiana,Ensemble
2026-04-25,18,2,wk inc flu hosp,2026-05-09,quantile,0.55,25,Indiana,Ensemble
2026-04-25,18,2,wk inc flu hosp,2026-05-09,quantile,0.6,28,Indiana,Ensemble
2026-04-25,18,2,wk inc flu hosp,2026-05-09,quantile,0.65,31,Indiana,Ensemble
2026-04-25,18,2,wk inc flu hosp,2026-05-09,quantile,0.7,34,Indiana,Ensemble
2026-04-25,18,2,wk inc flu hosp,2026-05-09,quantile,0.75,39,Indiana,Ensemble
2026-04-25,18,2,wk inc flu hosp,2026-05-09,quantile,0.8,44,Indiana,Ensemble
2026-04-25,18,2,wk inc flu hosp,2026-05-09,quantile,0.85,51,Indiana,Ensemble
2026-04-25,18,2,wk inc flu hosp,2026-05-09,quantile,0.9,61,Indiana,Ensemble
2026-04-25,18,2,wk inc flu hosp,2026-05-09,quantile,0.95,80,Indiana,Ensemble
2026-04-25,18,2,wk inc flu hosp,2026-05-09,quantile,0.975,100,Indiana,Ensemble
2026-04-25,18,2,wk inc flu hosp,2026-05-09,quantile,0.99,138,Indiana,Ensemble
2026-04-25,18,3,wk inc flu hosp,2026-05-16,quantile,0.01,2,Indiana,Ensemble
2026-04-25,18,3,wk inc flu hosp,2026-05-16,quantile,0.025,3,Indiana,Ensemble
2026-04-25,18,3,wk inc flu hosp,2026-05-16,quantile,0.05,4,Indiana,Ensemble
2026-04-25,18,3,wk inc flu hosp,2026-05-16,quantile,0.1,6,Indiana,Ensemble
2026-04-25,18,3,wk inc flu hosp,2026-05-16,quantile,0.15,7,Indiana,Ensemble
2026-04-25,18,3,wk inc flu hosp,2026-05-16,quantile,0.2,9,Indiana,Ensemble
2026-04-25,18,3,wk inc flu hosp,2026-05-16,quantile,0.25,10,Indiana,Ensemble
2026-04-25,18,3,wk inc flu hosp,2026-05-16,quantile,0.3,11,Indiana,Ensemble
2026-04-25,18,3,wk inc flu hosp,2026-05-16,quantile,0.35,12,Indiana,Ensemble
2026-04-25,18,3,wk inc flu hosp,2026-05-16,quantile,0.4,14,Indiana,Ensemble
2026-04-25,18,3,wk inc flu hosp,2026-05-16,quantile,0.45,17,Indiana,Ensemble
2026-04-25,18,3,wk inc flu hosp,2026-05-16,quantile,0.5,20,Indiana,Ensemble
2026-04-25,18,3,wk inc flu hosp,2026-05-16,quantile,0.55,23,Indiana,Ensemble
2026-04-25,18,3,wk inc flu hosp,2026-05-16,quantile,0.6,25,Indiana,Ensemble
2026-04-25,18,3,wk inc flu hosp,2026-05-16,quantile,0.65,28,Indiana,Ensemble
2026-04-25,18,3,wk inc flu hosp,2026-05-16,quantile,0.7,32,Indiana,Ensemble
2026-04-25,18,3,wk inc flu hosp,2026-05-16,quantile,0.75,36,Indiana,Ensemble
2026-04-25,18,3,wk inc flu hosp,2026-05-16,quantile,0.8,42,Indiana,Ensemble
2026-04-25,18,3,wk inc flu hosp,2026-05-16,quantile,0.85,50,Indiana,Ensemble
2026-04-25,18,3,wk inc flu hosp,2026-05-16,quantile,0.9,61,Indiana,Ensemble
2026-04-25,18,3,wk inc flu hosp,2026-05-16,quantile,0.95,83,Indiana,Ensemble
2026-04-25,18,3,wk inc flu hosp,2026-05-16,quantile,0.975,107,Indiana,Ensemble
2026-04-25,18,3,wk inc flu hosp,2026-05-16,quantile,0.99,155,Indiana,Ensemble
2026-04-25,19,0,wk inc flu hosp,2026-04-25,quantile,0.01,2,Iowa,Ensemble
2026-04-25,19,0,wk inc flu hosp,2026-04-25,quantile,0.025,2,Iowa,Ensemble
2026-04-25,19,0,wk inc flu hosp,2026-04-25,quantile,0.05,3,Iowa,Ensemble
2026-04-25,19,0,wk inc flu hosp,2026-04-25,quantile,0.1,4,Iowa,Ensemble
2026-04-25,19,0,wk inc flu hosp,2026-04-25,quantile,0.15,5,Iowa,Ensemble
2026-04-25,19,0,wk inc flu hosp,2026-04-25,quantile,0.2,6,Iowa,Ensemble
2026-04-25,19,0,wk inc flu hosp,2026-04-25,quantile,0.25,7,Iowa,Ensemble
2026-04-25,19,0,wk inc flu hosp,2026-04-25,quantile,0.3,7,Iowa,Ensemble
2026-04-25,19,0,wk inc flu hosp,2026-04-25,quantile,0.35,8,Iowa,Ensemble
2026-04-25,19,0,wk inc flu hosp,2026-04-25,quantile,0.4,9,Iowa,Ensemble
2026-04-25,19,0,wk inc flu hosp,2026-04-25,quantile,0.45,10,Iowa,Ensemble
2026-04-25,19,0,wk inc flu hosp,2026-04-25,quantile,0.5,11,Iowa,Ensemble
2026-04-25,19,0,wk inc flu hosp,2026-04-25,quantile,0.55,12,Iowa,Ensemble
2026-04-25,19,0,wk inc flu hosp,2026-04-25,quantile,0.6,13,Iowa,Ensemble
2026-04-25,19,0,wk inc flu hosp,2026-04-25,quantile,0.65,14,Iowa,Ensemble
2026-04-25,19,0,wk inc flu hosp,2026-04-25,quantile,0.7,15,Iowa,Ensemble
2026-04-25,19,0,wk inc flu hosp,2026-04-25,quantile,0.75,16,Iowa,Ensemble
2026-04-25,19,0,wk inc flu hosp,2026-04-25,quantile,0.8,17,Iowa,Ensemble
2026-04-25,19,0,wk inc flu hosp,2026-04-25,quantile,0.85,19,Iowa,Ensemble
2026-04-25,19,0,wk inc flu hosp,2026-04-25,quantile,0.9,21,Iowa,Ensemble
2026-04-25,19,0,wk inc flu hosp,2026-04-25,quantile,0.95,26,Iowa,Ensemble
2026-04-25,19,0,wk inc flu hosp,2026-04-25,quantile,0.975,33,Iowa,Ensemble
2026-04-25,19,0,wk inc flu hosp,2026-04-25,quantile,0.99,41,Iowa,Ensemble
2026-04-25,19,1,wk inc flu hosp,2026-05-02,quantile,0.01,1,Iowa,Ensemble
2026-04-25,19,1,wk inc flu hosp,2026-05-02,quantile,0.025,1,Iowa,Ensemble
2026-04-25,19,1,wk inc flu hosp,2026-05-02,quantile,0.05,2,Iowa,Ensemble
2026-04-25,19,1,wk inc flu hosp,2026-05-02,quantile,0.1,2,Iowa,Ensemble
2026-04-25,19,1,wk inc flu hosp,2026-05-02,quantile,0.15,3,Iowa,Ensemble
2026-04-25,19,1,wk inc flu hosp,2026-05-02,quantile,0.2,4,Iowa,Ensemble
2026-04-25,19,1,wk inc flu hosp,2026-05-02,quantile,0.25,5,Iowa,Ensemble
2026-04-25,19,1,wk inc flu hosp,2026-05-02,quantile,0.3,5,Iowa,Ensemble
2026-04-25,19,1,wk inc flu hosp,2026-05-02,quantile,0.35,6,Iowa,Ensemble
2026-04-25,19,1,wk inc flu hosp,2026-05-02,quantile,0.4,7,Iowa,Ensemble
2026-04-25,19,1,wk inc flu hosp,2026-05-02,quantile,0.45,7,Iowa,Ensemble
2026-04-25,19,1,wk inc flu hosp,2026-05-02,quantile,0.5,9,Iowa,Ensemble
2026-04-25,19,1,wk inc flu hosp,2026-05-02,quantile,0.55,10,Iowa,Ensemble
2026-04-25,19,1,wk inc flu hosp,2026-05-02,quantile,0.6,11,Iowa,Ensemble
2026-04-25,19,1,wk inc flu hosp,2026-05-02,quantile,0.65,12,Iowa,Ensemble
2026-04-25,19,1,wk inc flu hosp,2026-05-02,quantile,0.7,13,Iowa,Ensemble
2026-04-25,19,1,wk inc flu hosp,2026-05-02,quantile,0.75,15,Iowa,Ensemble
2026-04-25,19,1,wk inc flu hosp,2026-05-02,quantile,0.8,16,Iowa,Ensemble
2026-04-25,19,1,wk inc flu hosp,2026-05-02,quantile,0.85,18,Iowa,Ensemble
2026-04-25,19,1,wk inc flu hosp,2026-05-02,quantile,0.9,22,Iowa,Ensemble
2026-04-25,19,1,wk inc flu hosp,2026-05-02,quantile,0.95,29,Iowa,Ensemble
2026-04-25,19,1,wk inc flu hosp,2026-05-02,quantile,0.975,37,Iowa,Ensemble
2026-04-25,19,1,wk inc flu hosp,2026-05-02,quantile,0.99,46,Iowa,Ensemble
2026-04-25,19,2,wk inc flu hosp,2026-05-09,quantile,0.01,0,Iowa,Ensemble
2026-04-25,19,2,wk inc flu hosp,2026-05-09,quantile,0.025,0,Iowa,Ensemble
2026-04-25,19,2,wk inc flu hosp,2026-05-09,quantile,0.05,1,Iowa,Ensemble
2026-04-25,19,2,wk inc flu hosp,2026-05-09,quantile,0.1,1,Iowa,Ensemble
2026-04-25,19,2,wk inc flu hosp,2026-05-09,quantile,0.15,2,Iowa,Ensemble
2026-04-25,19,2,wk inc flu hosp,2026-05-09,quantile,0.2,2,Iowa,Ensemble
2026-04-25,19,2,wk inc flu hosp,2026-05-09,quantile,0.25,3,Iowa,Ensemble
2026-04-25,19,2,wk inc flu hosp,2026-05-09,quantile,0.3,4,Iowa,Ensemble
2026-04-25,19,2,wk inc flu hosp,2026-05-09,quantile,0.35,4,Iowa,Ensemble
2026-04-25,19,2,wk inc flu hosp,2026-05-09,quantile,0.4,5,Iowa,Ensemble
2026-04-25,19,2,wk inc flu hosp,2026-05-09,quantile,0.45,5,Iowa,Ensemble
2026-04-25,19,2,wk inc flu hosp,2026-05-09,quantile,0.5,7,Iowa,Ensemble
2026-04-25,19,2,wk inc flu hosp,2026-05-09,quantile,0.55,8,Iowa,Ensemble
2026-04-25,19,2,wk inc flu hosp,2026-05-09,quantile,0.6,9,Iowa,Ensemble
2026-04-25,19,2,wk inc flu hosp,2026-05-09,quantile,0.65,10,Iowa,Ensemble
2026-04-25,19,2,wk inc flu hosp,2026-05-09,quantile,0.7,11,Iowa,Ensemble
2026-04-25,19,2,wk inc flu hosp,2026-05-09,quantile,0.75,13,Iowa,Ensemble
2026-04-25,19,2,wk inc flu hosp,2026-05-09,quantile,0.8,15,Iowa,Ensemble
2026-04-25,19,2,wk inc flu hosp,2026-05-09,quantile,0.85,17,Iowa,Ensemble
2026-04-25,19,2,wk inc flu hosp,2026-05-09,quantile,0.9,21,Iowa,Ensemble
2026-04-25,19,2,wk inc flu hosp,2026-05-09,quantile,0.95,31,Iowa,Ensemble
2026-04-25,19,2,wk inc flu hosp,2026-05-09,quantile,0.975,39,Iowa,Ensemble
2026-04-25,19,2,wk inc flu hosp,2026-05-09,quantile,0.99,52,Iowa,Ensemble
2026-04-25,19,3,wk inc flu hosp,2026-05-16,quantile,0.01,0,Iowa,Ensemble
2026-04-25,19,3,wk inc flu hosp,2026-05-16,quantile,0.025,0,Iowa,Ensemble
2026-04-25,19,3,wk inc flu hosp,2026-05-16,quantile,0.05,0,Iowa,Ensemble
2026-04-25,19,3,wk inc flu hosp,2026-05-16,quantile,0.1,1,Iowa,Ensemble
2026-04-25,19,3,wk inc flu hosp,2026-05-16,quantile,0.15,1,Iowa,Ensemble
2026-04-25,19,3,wk inc flu hosp,2026-05-16,quantile,0.2,2,Iowa,Ensemble
2026-04-25,19,3,wk inc flu hosp,2026-05-16,quantile,0.25,2,Iowa,Ensemble
2026-04-25,19,3,wk inc flu hosp,2026-05-16,quantile,0.3,3,Iowa,Ensemble
2026-04-25,19,3,wk inc flu hosp,2026-05-16,quantile,0.35,3,Iowa,Ensemble
2026-04-25,19,3,wk inc flu hosp,2026-05-16,quantile,0.4,4,Iowa,Ensemble
2026-04-25,19,3,wk inc flu hosp,2026-05-16,quantile,0.45,4,Iowa,Ensemble
2026-04-25,19,3,wk inc flu hosp,2026-05-16,quantile,0.5,6,Iowa,Ensemble
2026-04-25,19,3,wk inc flu hosp,2026-05-16,quantile,0.55,7,Iowa,Ensemble
2026-04-25,19,3,wk inc flu hosp,2026-05-16,quantile,0.6,8,Iowa,Ensemble
2026-04-25,19,3,wk inc flu hosp,2026-05-16,quantile,0.65,9,Iowa,Ensemble
2026-04-25,19,3,wk inc flu hosp,2026-05-16,quantile,0.7,10,Iowa,Ensemble
2026-04-25,19,3,wk inc flu hosp,2026-05-16,quantile,0.75,11,Iowa,Ensemble
2026-04-25,19,3,wk inc flu hosp,2026-05-16,quantile,0.8,13,Iowa,Ensemble
2026-04-25,19,3,wk inc flu hosp,2026-05-16,quantile,0.85,16,Iowa,Ensemble
2026-04-25,19,3,wk inc flu hosp,2026-05-16,quantile,0.9,22,Iowa,Ensemble
2026-04-25,19,3,wk inc flu hosp,2026-05-16,quantile,0.95,31,Iowa,Ensemble
2026-04-25,19,3,wk inc flu hosp,2026-05-16,quantile,0.975,40,Iowa,Ensemble
2026-04-25,19,3,wk inc flu hosp,2026-05-16,quantile,0.99,55,Iowa,Ensemble
2026-04-25,20,0,wk inc flu hosp,2026-04-25,quantile,0.01,0,Kansas,Ensemble
2026-04-25,20,0,wk inc flu hosp,2026-04-25,quantile,0.025,1,Kansas,Ensemble
2026-04-25,20,0,wk inc flu hosp,2026-04-25,quantile,0.05,1,Kansas,Ensemble
2026-04-25,20,0,wk inc flu hosp,2026-04-25,quantile,0.1,2,Kansas,Ensemble
2026-04-25,20,0,wk inc flu hosp,2026-04-25,quantile,0.15,2,Kansas,Ensemble
2026-04-25,20,0,wk inc flu hosp,2026-04-25,quantile,0.2,2,Kansas,Ensemble
2026-04-25,20,0,wk inc flu hosp,2026-04-25,quantile,0.25,3,Kansas,Ensemble
2026-04-25,20,0,wk inc flu hosp,2026-04-25,quantile,0.3,3,Kansas,Ensemble
2026-04-25,20,0,wk inc flu hosp,2026-04-25,quantile,0.35,4,Kansas,Ensemble
2026-04-25,20,0,wk inc flu hosp,2026-04-25,quantile,0.4,4,Kansas,Ensemble
2026-04-25,20,0,wk inc flu hosp,2026-04-25,quantile,0.45,5,Kansas,Ensemble
2026-04-25,20,0,wk inc flu hosp,2026-04-25,quantile,0.5,6,Kansas,Ensemble
2026-04-25,20,0,wk inc flu hosp,2026-04-25,quantile,0.55,7,Kansas,Ensemble
2026-04-25,20,0,wk inc flu hosp,2026-04-25,quantile,0.6,7,Kansas,Ensemble
2026-04-25,20,0,wk inc flu hosp,2026-04-25,quantile,0.65,8,Kansas,Ensemble
2026-04-25,20,0,wk inc flu hosp,2026-04-25,quantile,0.7,9,Kansas,Ensemble
2026-04-25,20,0,wk inc flu hosp,2026-04-25,quantile,0.75,10,Kansas,Ensemble
2026-04-25,20,0,wk inc flu hosp,2026-04-25,quantile,0.8,10,Kansas,Ensemble
2026-04-25,20,0,wk inc flu hosp,2026-04-25,quantile,0.85,12,Kansas,Ensemble
2026-04-25,20,0,wk inc flu hosp,2026-04-25,quantile,0.9,13,Kansas,Ensemble
2026-04-25,20,0,wk inc flu hosp,2026-04-25,quantile,0.95,16,Kansas,Ensemble
2026-04-25,20,0,wk inc flu hosp,2026-04-25,quantile,0.975,20,Kansas,Ensemble
2026-04-25,20,0,wk inc flu hosp,2026-04-25,quantile,0.99,24,Kansas,Ensemble
2026-04-25,20,1,wk inc flu hosp,2026-05-02,quantile,0.01,0,Kansas,Ensemble
2026-04-25,20,1,wk inc flu hosp,2026-05-02,quantile,0.025,0,Kansas,Ensemble
2026-04-25,20,1,wk inc flu hosp,2026-05-02,quantile,0.05,0,Kansas,Ensemble
2026-04-25,20,1,wk inc flu hosp,2026-05-02,quantile,0.1,1,Kansas,Ensemble
2026-04-25,20,1,wk inc flu hosp,2026-05-02,quantile,0.15,1,Kansas,Ensemble
2026-04-25,20,1,wk inc flu hosp,2026-05-02,quantile,0.2,2,Kansas,Ensemble
2026-04-25,20,1,wk inc flu hosp,2026-05-02,quantile,0.25,2,Kansas,Ensemble
2026-04-25,20,1,wk inc flu hosp,2026-05-02,quantile,0.3,3,Kansas,Ensemble
2026-04-25,20,1,wk inc flu hosp,2026-05-02,quantile,0.35,3,Kansas,Ensemble
2026-04-25,20,1,wk inc flu hosp,2026-05-02,quantile,0.4,3,Kansas,Ensemble
2026-04-25,20,1,wk inc flu hosp,2026-05-02,quantile,0.45,4,Kansas,Ensemble
2026-04-25,20,1,wk inc flu hosp,2026-05-02,quantile,0.5,5,Kansas,Ensemble
2026-04-25,20,1,wk inc flu hosp,2026-05-02,quantile,0.55,6,Kansas,Ensemble
2026-04-25,20,1,wk inc flu hosp,2026-05-02,quantile,0.6,6,Kansas,Ensemble
2026-04-25,20,1,wk inc flu hosp,2026-05-02,quantile,0.65,7,Kansas,Ensemble
2026-04-25,20,1,wk inc flu hosp,2026-05-02,quantile,0.7,8,Kansas,Ensemble
2026-04-25,20,1,wk inc flu hosp,2026-05-02,quantile,0.75,8,Kansas,Ensemble
2026-04-25,20,1,wk inc flu hosp,2026-05-02,quantile,0.8,10,Kansas,Ensemble
2026-04-25,20,1,wk inc flu hosp,2026-05-02,quantile,0.85,11,Kansas,Ensemble
2026-04-25,20,1,wk inc flu hosp,2026-05-02,quantile,0.9,13,Kansas,Ensemble
2026-04-25,20,1,wk inc flu hosp,2026-05-02,quantile,0.95,17,Kansas,Ensemble
2026-04-25,20,1,wk inc flu hosp,2026-05-02,quantile,0.975,21,Kansas,Ensemble
2026-04-25,20,1,wk inc flu hosp,2026-05-02,quantile,0.99,26,Kansas,Ensemble
2026-04-25,20,2,wk inc flu hosp,2026-05-09,quantile,0.01,0,Kansas,Ensemble
2026-04-25,20,2,wk inc flu hosp,2026-05-09,quantile,0.025,0,Kansas,Ensemble
2026-04-25,20,2,wk inc flu hosp,2026-05-09,quantile,0.05,0,Kansas,Ensemble
2026-04-25,20,2,wk inc flu hosp,2026-05-09,quantile,0.1,0,Kansas,Ensemble
2026-04-25,20,2,wk inc flu hosp,2026-05-09,quantile,0.15,1,Kansas,Ensemble
2026-04-25,20,2,wk inc flu hosp,2026-05-09,quantile,0.2,1,Kansas,Ensemble
2026-04-25,20,2,wk inc flu hosp,2026-05-09,quantile,0.25,1,Kansas,Ensemble
2026-04-25,20,2,wk inc flu hosp,2026-05-09,quantile,0.3,2,Kansas,Ensemble
2026-04-25,20,2,wk inc flu hosp,2026-05-09,quantile,0.35,2,Kansas,Ensemble
2026-04-25,20,2,wk inc flu hosp,2026-05-09,quantile,0.4,3,Kansas,Ensemble
2026-04-25,20,2,wk inc flu hosp,2026-05-09,quantile,0.45,3,Kansas,Ensemble
2026-04-25,20,2,wk inc flu hosp,2026-05-09,quantile,0.5,5,Kansas,Ensemble
2026-04-25,20,2,wk inc flu hosp,2026-05-09,quantile,0.55,5,Kansas,Ensemble
2026-04-25,20,2,wk inc flu hosp,2026-05-09,quantile,0.6,5,Kansas,Ensemble
2026-04-25,20,2,wk inc flu hosp,2026-05-09,quantile,0.65,6,Kansas,Ensemble
2026-04-25,20,2,wk inc flu hosp,2026-05-09,quantile,0.7,7,Kansas,Ensemble
2026-04-25,20,2,wk inc flu hosp,2026-05-09,quantile,0.75,8,Kansas,Ensemble
2026-04-25,20,2,wk inc flu hosp,2026-05-09,quantile,0.8,9,Kansas,Ensemble
2026-04-25,20,2,wk inc flu hosp,2026-05-09,quantile,0.85,11,Kansas,Ensemble
2026-04-25,20,2,wk inc flu hosp,2026-05-09,quantile,0.9,13,Kansas,Ensemble
2026-04-25,20,2,wk inc flu hosp,2026-05-09,quantile,0.95,18,Kansas,Ensemble
2026-04-25,20,2,wk inc flu hosp,2026-05-09,quantile,0.975,23,Kansas,Ensemble
2026-04-25,20,2,wk inc flu hosp,2026-05-09,quantile,0.99,31,Kansas,Ensemble
2026-04-25,20,3,wk inc flu hosp,2026-05-16,quantile,0.01,0,Kansas,Ensemble
2026-04-25,20,3,wk inc flu hosp,2026-05-16,quantile,0.025,0,Kansas,Ensemble
2026-04-25,20,3,wk inc flu hosp,2026-05-16,quantile,0.05,0,Kansas,Ensemble
2026-04-25,20,3,wk inc flu hosp,2026-05-16,quantile,0.1,0,Kansas,Ensemble
2026-04-25,20,3,wk inc flu hosp,2026-05-16,quantile,0.15,1,Kansas,Ensemble
2026-04-25,20,3,wk inc flu hosp,2026-05-16,quantile,0.2,1,Kansas,Ensemble
2026-04-25,20,3,wk inc flu hosp,2026-05-16,quantile,0.25,1,Kansas,Ensemble
2026-04-25,20,3,wk inc flu hosp,2026-05-16,quantile,0.3,2,Kansas,Ensemble
2026-04-25,20,3,wk inc flu hosp,2026-05-16,quantile,0.35,2,Kansas,Ensemble
2026-04-25,20,3,wk inc flu hosp,2026-05-16,quantile,0.4,2,Kansas,Ensemble
2026-04-25,20,3,wk inc flu hosp,2026-05-16,quantile,0.45,3,Kansas,Ensemble
2026-04-25,20,3,wk inc flu hosp,2026-05-16,quantile,0.5,4,Kansas,Ensemble
2026-04-25,20,3,wk inc flu hosp,2026-05-16,quantile,0.55,4,Kansas,Ensemble
2026-04-25,20,3,wk inc flu hosp,2026-05-16,quantile,0.6,5,Kansas,Ensemble
2026-04-25,20,3,wk inc flu hosp,2026-05-16,quantile,0.65,6,Kansas,Ensemble
2026-04-25,20,3,wk inc flu hosp,2026-05-16,quantile,0.7,6,Kansas,Ensemble
2026-04-25,20,3,wk inc flu hosp,2026-05-16,quantile,0.75,7,Kansas,Ensemble
2026-04-25,20,3,wk inc flu hosp,2026-05-16,quantile,0.8,9,Kansas,Ensemble
2026-04-25,20,3,wk inc flu hosp,2026-05-16,quantile,0.85,10,Kansas,Ensemble
2026-04-25,20,3,wk inc flu hosp,2026-05-16,quantile,0.9,13,Kansas,Ensemble
2026-04-25,20,3,wk inc flu hosp,2026-05-16,quantile,0.95,19,Kansas,Ensemble
2026-04-25,20,3,wk inc flu hosp,2026-05-16,quantile,0.975,26,Kansas,Ensemble
2026-04-25,20,3,wk inc flu hosp,2026-05-16,quantile,0.99,36,Kansas,Ensemble
2026-04-25,21,0,wk inc flu hosp,2026-04-25,quantile,0.01,3,Kentucky,Ensemble
2026-04-25,21,0,wk inc flu hosp,2026-04-25,quantile,0.025,4,Kentucky,Ensemble
2026-04-25,21,0,wk inc flu hosp,2026-04-25,quantile,0.05,5,Kentucky,Ensemble
2026-04-25,21,0,wk inc flu hosp,2026-04-25,quantile,0.1,7,Kentucky,Ensemble
2026-04-25,21,0,wk inc flu hosp,2026-04-25,quantile,0.15,8,Kentucky,Ensemble
2026-04-25,21,0,wk inc flu hosp,2026-04-25,quantile,0.2,9,Kentucky,Ensemble
2026-04-25,21,0,wk inc flu hosp,2026-04-25,quantile,0.25,10,Kentucky,Ensemble
2026-04-25,21,0,wk inc flu hosp,2026-04-25,quantile,0.3,11,Kentucky,Ensemble
2026-04-25,21,0,wk inc flu hosp,2026-04-25,quantile,0.35,12,Kentucky,Ensemble
2026-04-25,21,0,wk inc flu hosp,2026-04-25,quantile,0.4,13,Kentucky,Ensemble
2026-04-25,21,0,wk inc flu hosp,2026-04-25,quantile,0.45,14,Kentucky,Ensemble
2026-04-25,21,0,wk inc flu hosp,2026-04-25,quantile,0.5,17,Kentucky,Ensemble
2026-04-25,21,0,wk inc flu hosp,2026-04-25,quantile,0.55,18,Kentucky,Ensemble
2026-04-25,21,0,wk inc flu hosp,2026-04-25,quantile,0.6,19,Kentucky,Ensemble
2026-04-25,21,0,wk inc flu hosp,2026-04-25,quantile,0.65,20,Kentucky,Ensemble
2026-04-25,21,0,wk inc flu hosp,2026-04-25,quantile,0.7,22,Kentucky,Ensemble
2026-04-25,21,0,wk inc flu hosp,2026-04-25,quantile,0.75,24,Kentucky,Ensemble
2026-04-25,21,0,wk inc flu hosp,2026-04-25,quantile,0.8,26,Kentucky,Ensemble
2026-04-25,21,0,wk inc flu hosp,2026-04-25,quantile,0.85,29,Kentucky,Ensemble
2026-04-25,21,0,wk inc flu hosp,2026-04-25,quantile,0.9,33,Kentucky,Ensemble
2026-04-25,21,0,wk inc flu hosp,2026-04-25,quantile,0.95,39,Kentucky,Ensemble
2026-04-25,21,0,wk inc flu hosp,2026-04-25,quantile,0.975,46,Kentucky,Ensemble
2026-04-25,21,0,wk inc flu hosp,2026-04-25,quantile,0.99,65,Kentucky,Ensemble
2026-04-25,21,1,wk inc flu hosp,2026-05-02,quantile,0.01,1,Kentucky,Ensemble
2026-04-25,21,1,wk inc flu hosp,2026-05-02,quantile,0.025,2,Kentucky,Ensemble
2026-04-25,21,1,wk inc flu hosp,2026-05-02,quantile,0.05,3,Kentucky,Ensemble
2026-04-25,21,1,wk inc flu hosp,2026-05-02,quantile,0.1,4,Kentucky,Ensemble
2026-04-25,21,1,wk inc flu hosp,2026-05-02,quantile,0.15,5,Kentucky,Ensemble
2026-04-25,21,1,wk inc flu hosp,2026-05-02,quantile,0.2,6,Kentucky,Ensemble
2026-04-25,21,1,wk inc flu hosp,2026-05-02,quantile,0.25,7,Kentucky,Ensemble
2026-04-25,21,1,wk inc flu hosp,2026-05-02,quantile,0.3,8,Kentucky,Ensemble
2026-04-25,21,1,wk inc flu hosp,2026-05-02,quantile,0.35,9,Kentucky,Ensemble
2026-04-25,21,1,wk inc flu hosp,2026-05-02,quantile,0.4,10,Kentucky,Ensemble
2026-04-25,21,1,wk inc flu hosp,2026-05-02,quantile,0.45,11,Kentucky,Ensemble
2026-04-25,21,1,wk inc flu hosp,2026-05-02,quantile,0.5,13,Kentucky,Ensemble
2026-04-25,21,1,wk inc flu hosp,2026-05-02,quantile,0.55,14,Kentucky,Ensemble
2026-04-25,21,1,wk inc flu hosp,2026-05-02,quantile,0.6,16,Kentucky,Ensemble
2026-04-25,21,1,wk inc flu hosp,2026-05-02,quantile,0.65,18,Kentucky,Ensemble
2026-04-25,21,1,wk inc flu hosp,2026-05-02,quantile,0.7,20,Kentucky,Ensemble
2026-04-25,21,1,wk inc flu hosp,2026-05-02,quantile,0.75,21,Kentucky,Ensemble
2026-04-25,21,1,wk inc flu hosp,2026-05-02,quantile,0.8,24,Kentucky,Ensemble
2026-04-25,21,1,wk inc flu hosp,2026-05-02,quantile,0.85,28,Kentucky,Ensemble
2026-04-25,21,1,wk inc flu hosp,2026-05-02,quantile,0.9,33,Kentucky,Ensemble
2026-04-25,21,1,wk inc flu hosp,2026-05-02,quantile,0.95,42,Kentucky,Ensemble
2026-04-25,21,1,wk inc flu hosp,2026-05-02,quantile,0.975,58,Kentucky,Ensemble
2026-04-25,21,1,wk inc flu hosp,2026-05-02,quantile,0.99,76,Kentucky,Ensemble
2026-04-25,21,2,wk inc flu hosp,2026-05-09,quantile,0.01,1,Kentucky,Ensemble
2026-04-25,21,2,wk inc flu hosp,2026-05-09,quantile,0.025,1,Kentucky,Ensemble
2026-04-25,21,2,wk inc flu hosp,2026-05-09,quantile,0.05,2,Kentucky,Ensemble
2026-04-25,21,2,wk inc flu hosp,2026-05-09,quantile,0.1,3,Kentucky,Ensemble
2026-04-25,21,2,wk inc flu hosp,2026-05-09,quantile,0.15,4,Kentucky,Ensemble
2026-04-25,21,2,wk inc flu hosp,2026-05-09,quantile,0.2,5,Kentucky,Ensemble
2026-04-25,21,2,wk inc flu hosp,2026-05-09,quantile,0.25,6,Kentucky,Ensemble
2026-04-25,21,2,wk inc flu hosp,2026-05-09,quantile,0.3,6,Kentucky,Ensemble
2026-04-25,21,2,wk inc flu hosp,2026-05-09,quantile,0.35,7,Kentucky,Ensemble
2026-04-25,21,2,wk inc flu hosp,2026-05-09,quantile,0.4,8,Kentucky,Ensemble
2026-04-25,21,2,wk inc flu hosp,2026-05-09,quantile,0.45,10,Kentucky,Ensemble
2026-04-25,21,2,wk inc flu hosp,2026-05-09,quantile,0.5,12,Kentucky,Ensemble
2026-04-25,21,2,wk inc flu hosp,2026-05-09,quantile,0.55,14,Kentucky,Ensemble
2026-04-25,21,2,wk inc flu hosp,2026-05-09,quantile,0.6,15,Kentucky,Ensemble
2026-04-25,21,2,wk inc flu hosp,2026-05-09,quantile,0.65,17,Kentucky,Ensemble
2026-04-25,21,2,wk inc flu hosp,2026-05-09,quantile,0.7,19,Kentucky,Ensemble
2026-04-25,21,2,wk inc flu hosp,2026-05-09,quantile,0.75,22,Kentucky,Ensemble
2026-04-25,21,2,wk inc flu hosp,2026-05-09,quantile,0.8,25,Kentucky,Ensemble
2026-04-25,21,2,wk inc flu hosp,2026-05-09,quantile,0.85,29,Kentucky,Ensemble
2026-04-25,21,2,wk inc flu hosp,2026-05-09,quantile,0.9,36,Kentucky,Ensemble
2026-04-25,21,2,wk inc flu hosp,2026-05-09,quantile,0.95,49,Kentucky,Ensemble
2026-04-25,21,2,wk inc flu hosp,2026-05-09,quantile,0.975,70,Kentucky,Ensemble
2026-04-25,21,2,wk inc flu hosp,2026-05-09,quantile,0.99,92,Kentucky,Ensemble
2026-04-25,21,3,wk inc flu hosp,2026-05-16,quantile,0.01,1,Kentucky,Ensemble
2026-04-25,21,3,wk inc flu hosp,2026-05-16,quantile,0.025,1,Kentucky,Ensemble
2026-04-25,21,3,wk inc flu hosp,2026-05-16,quantile,0.05,1,Kentucky,Ensemble
2026-04-25,21,3,wk inc flu hosp,2026-05-16,quantile,0.1,2,Kentucky,Ensemble
2026-04-25,21,3,wk inc flu hosp,2026-05-16,quantile,0.15,3,Kentucky,Ensemble
2026-04-25,21,3,wk inc flu hosp,2026-05-16,quantile,0.2,4,Kentucky,Ensemble
2026-04-25,21,3,wk inc flu hosp,2026-05-16,quantile,0.25,5,Kentucky,Ensemble
2026-04-25,21,3,wk inc flu hosp,2026-05-16,quantile,0.3,5,Kentucky,Ensemble
2026-04-25,21,3,wk inc flu hosp,2026-05-16,quantile,0.35,6,Kentucky,Ensemble
2026-04-25,21,3,wk inc flu hosp,2026-05-16,quantile,0.4,7,Kentucky,Ensemble
2026-04-25,21,3,wk inc flu hosp,2026-05-16,quantile,0.45,8,Kentucky,Ensemble
2026-04-25,21,3,wk inc flu hosp,2026-05-16,quantile,0.5,10,Kentucky,Ensemble
2026-04-25,21,3,wk inc flu hosp,2026-05-16,quantile,0.55,12,Kentucky,Ensemble
2026-04-25,21,3,wk inc flu hosp,2026-05-16,quantile,0.6,13,Kentucky,Ensemble
2026-04-25,21,3,wk inc flu hosp,2026-05-16,quantile,0.65,15,Kentucky,Ensemble
2026-04-25,21,3,wk inc flu hosp,2026-05-16,quantile,0.7,17,Kentucky,Ensemble
2026-04-25,21,3,wk inc flu hosp,2026-05-16,quantile,0.75,20,Kentucky,Ensemble
2026-04-25,21,3,wk inc flu hosp,2026-05-16,quantile,0.8,23,Kentucky,Ensemble
2026-04-25,21,3,wk inc flu hosp,2026-05-16,quantile,0.85,27,Kentucky,Ensemble
2026-04-25,21,3,wk inc flu hosp,2026-05-16,quantile,0.9,34,Kentucky,Ensemble
2026-04-25,21,3,wk inc flu hosp,2026-05-16,quantile,0.95,48,Kentucky,Ensemble
2026-04-25,21,3,wk inc flu hosp,2026-05-16,quantile,0.975,68,Kentucky,Ensemble
2026-04-25,21,3,wk inc flu hosp,2026-05-16,quantile,0.99,95,Kentucky,Ensemble
2026-04-25,22,0,wk inc flu hosp,2026-04-25,quantile,0.01,4,Louisiana,Ensemble
2026-04-25,22,0,wk inc flu hosp,2026-04-25,quantile,0.025,5,Louisiana,Ensemble
2026-04-25,22,0,wk inc flu hosp,2026-04-25,quantile,0.05,6,Louisiana,Ensemble
2026-04-25,22,0,wk inc flu hosp,2026-04-25,quantile,0.1,8,Louisiana,Ensemble
2026-04-25,22,0,wk inc flu hosp,2026-04-25,quantile,0.15,9,Louisiana,Ensemble
2026-04-25,22,0,wk inc flu hosp,2026-04-25,quantile,0.2,11,Louisiana,Ensemble
2026-04-25,22,0,wk inc flu hosp,2026-04-25,quantile,0.25,11,Louisiana,Ensemble
2026-04-25,22,0,wk inc flu hosp,2026-04-25,quantile,0.3,13,Louisiana,Ensemble
2026-04-25,22,0,wk inc flu hosp,2026-04-25,quantile,0.35,14,Louisiana,Ensemble
2026-04-25,22,0,wk inc flu hosp,2026-04-25,quantile,0.4,15,Louisiana,Ensemble
2026-04-25,22,0,wk inc flu hosp,2026-04-25,quantile,0.45,16,Louisiana,Ensemble
2026-04-25,22,0,wk inc flu hosp,2026-04-25,quantile,0.5,18,Louisiana,Ensemble
2026-04-25,22,0,wk inc flu hosp,2026-04-25,quantile,0.55,19,Louisiana,Ensemble
2026-04-25,22,0,wk inc flu hosp,2026-04-25,quantile,0.6,21,Louisiana,Ensemble
2026-04-25,22,0,wk inc flu hosp,2026-04-25,quantile,0.65,22,Louisiana,Ensemble
2026-04-25,22,0,wk inc flu hosp,2026-04-25,quantile,0.7,23,Louisiana,Ensemble
2026-04-25,22,0,wk inc flu hosp,2026-04-25,quantile,0.75,25,Louisiana,Ensemble
2026-04-25,22,0,wk inc flu hosp,2026-04-25,quantile,0.8,27,Louisiana,Ensemble
2026-04-25,22,0,wk inc flu hosp,2026-04-25,quantile,0.85,30,Louisiana,Ensemble
2026-04-25,22,0,wk inc flu hosp,2026-04-25,quantile,0.9,33,Louisiana,Ensemble
2026-04-25,22,0,wk inc flu hosp,2026-04-25,quantile,0.95,39,Louisiana,Ensemble
2026-04-25,22,0,wk inc flu hosp,2026-04-25,quantile,0.975,45,Louisiana,Ensemble
2026-04-25,22,0,wk inc flu hosp,2026-04-25,quantile,0.99,53,Louisiana,Ensemble
2026-04-25,22,1,wk inc flu hosp,2026-05-02,quantile,0.01,2,Louisiana,Ensemble
2026-04-25,22,1,wk inc flu hosp,2026-05-02,quantile,0.025,3,Louisiana,Ensemble
2026-04-25,22,1,wk inc flu hosp,2026-05-02,quantile,0.05,4,Louisiana,Ensemble
2026-04-25,22,1,wk inc flu hosp,2026-05-02,quantile,0.1,6,Louisiana,Ensemble
2026-04-25,22,1,wk inc flu hosp,2026-05-02,quantile,0.15,7,Louisiana,Ensemble
2026-04-25,22,1,wk inc flu hosp,2026-05-02,quantile,0.2,8,Louisiana,Ensemble
2026-04-25,22,1,wk inc flu hosp,2026-05-02,quantile,0.25,9,Louisiana,Ensemble
2026-04-25,22,1,wk inc flu hosp,2026-05-02,quantile,0.3,10,Louisiana,Ensemble
2026-04-25,22,1,wk inc flu hosp,2026-05-02,quantile,0.35,11,Louisiana,Ensemble
2026-04-25,22,1,wk inc flu hosp,2026-05-02,quantile,0.4,13,Louisiana,Ensemble
2026-04-25,22,1,wk inc flu hosp,2026-05-02,quantile,0.45,14,Louisiana,Ensemble
2026-04-25,22,1,wk inc flu hosp,2026-05-02,quantile,0.5,16,Louisiana,Ensemble
2026-04-25,22,1,wk inc flu hosp,2026-05-02,quantile,0.55,17,Louisiana,Ensemble
2026-04-25,22,1,wk inc flu hosp,2026-05-02,quantile,0.6,19,Louisiana,Ensemble
2026-04-25,22,1,wk inc flu hosp,2026-05-02,quantile,0.65,20,Louisiana,Ensemble
2026-04-25,22,1,wk inc flu hosp,2026-05-02,quantile,0.7,22,Louisiana,Ensemble
2026-04-25,22,1,wk inc flu hosp,2026-05-02,quantile,0.75,24,Louisiana,Ensemble
2026-04-25,22,1,wk inc flu hosp,2026-05-02,quantile,0.8,26,Louisiana,Ensemble
2026-04-25,22,1,wk inc flu hosp,2026-05-02,quantile,0.85,29,Louisiana,Ensemble
2026-04-25,22,1,wk inc flu hosp,2026-05-02,quantile,0.9,33,Louisiana,Ensemble
2026-04-25,22,1,wk inc flu hosp,2026-05-02,quantile,0.95,41,Louisiana,Ensemble
2026-04-25,22,1,wk inc flu hosp,2026-05-02,quantile,0.975,49,Louisiana,Ensemble
2026-04-25,22,1,wk inc flu hosp,2026-05-02,quantile,0.99,60,Louisiana,Ensemble
2026-04-25,22,2,wk inc flu hosp,2026-05-09,quantile,0.01,2,Louisiana,Ensemble
2026-04-25,22,2,wk inc flu hosp,2026-05-09,quantile,0.025,2,Louisiana,Ensemble
2026-04-25,22,2,wk inc flu hosp,2026-05-09,quantile,0.05,3,Louisiana,Ensemble
2026-04-25,22,2,wk inc flu hosp,2026-05-09,quantile,0.1,5,Louisiana,Ensemble
2026-04-25,22,2,wk inc flu hosp,2026-05-09,quantile,0.15,6,Louisiana,Ensemble
2026-04-25,22,2,wk inc flu hosp,2026-05-09,quantile,0.2,7,Louisiana,Ensemble
2026-04-25,22,2,wk inc flu hosp,2026-05-09,quantile,0.25,8,Louisiana,Ensemble
2026-04-25,22,2,wk inc flu hosp,2026-05-09,quantile,0.3,9,Louisiana,Ensemble
2026-04-25,22,2,wk inc flu hosp,2026-05-09,quantile,0.35,10,Louisiana,Ensemble
2026-04-25,22,2,wk inc flu hosp,2026-05-09,quantile,0.4,11,Louisiana,Ensemble
2026-04-25,22,2,wk inc flu hosp,2026-05-09,quantile,0.45,12,Louisiana,Ensemble
2026-04-25,22,2,wk inc flu hosp,2026-05-09,quantile,0.5,14,Louisiana,Ensemble
2026-04-25,22,2,wk inc flu hosp,2026-05-09,quantile,0.55,15,Louisiana,Ensemble
2026-04-25,22,2,wk inc flu hosp,2026-05-09,quantile,0.6,17,Louisiana,Ensemble
2026-04-25,22,2,wk inc flu hosp,2026-05-09,quantile,0.65,18,Louisiana,Ensemble
2026-04-25,22,2,wk inc flu hosp,2026-05-09,quantile,0.7,20,Louisiana,Ensemble
2026-04-25,22,2,wk inc flu hosp,2026-05-09,quantile,0.75,22,Louisiana,Ensemble
2026-04-25,22,2,wk inc flu hosp,2026-05-09,quantile,0.8,25,Louisiana,Ensemble
2026-04-25,22,2,wk inc flu hosp,2026-05-09,quantile,0.85,28,Louisiana,Ensemble
2026-04-25,22,2,wk inc flu hosp,2026-05-09,quantile,0.9,33,Louisiana,Ensemble
2026-04-25,22,2,wk inc flu hosp,2026-05-09,quantile,0.95,42,Louisiana,Ensemble
2026-04-25,22,2,wk inc flu hosp,2026-05-09,quantile,0.975,52,Louisiana,Ensemble
2026-04-25,22,2,wk inc flu hosp,2026-05-09,quantile,0.99,66,Louisiana,Ensemble
2026-04-25,22,3,wk inc flu hosp,2026-05-16,quantile,0.01,1,Louisiana,Ensemble
2026-04-25,22,3,wk inc flu hosp,2026-05-16,quantile,0.025,2,Louisiana,Ensemble
2026-04-25,22,3,wk inc flu hosp,2026-05-16,quantile,0.05,3,Louisiana,Ensemble
2026-04-25,22,3,wk inc flu hosp,2026-05-16,quantile,0.1,4,Louisiana,Ensemble
2026-04-25,22,3,wk inc flu hosp,2026-05-16,quantile,0.15,5,Louisiana,Ensemble
2026-04-25,22,3,wk inc flu hosp,2026-05-16,quantile,0.2,6,Louisiana,Ensemble
2026-04-25,22,3,wk inc flu hosp,2026-05-16,quantile,0.25,7,Louisiana,Ensemble
2026-04-25,22,3,wk inc flu hosp,2026-05-16,quantile,0.3,8,Louisiana,Ensemble
2026-04-25,22,3,wk inc flu hosp,2026-05-16,quantile,0.35,9,Louisiana,Ensemble
2026-04-25,22,3,wk inc flu hosp,2026-05-16,quantile,0.4,10,Louisiana,Ensemble
2026-04-25,22,3,wk inc flu hosp,2026-05-16,quantile,0.45,11,Louisiana,Ensemble
2026-04-25,22,3,wk inc flu hosp,2026-05-16,quantile,0.5,13,Louisiana,Ensemble
2026-04-25,22,3,wk inc flu hosp,2026-05-16,quantile,0.55,14,Louisiana,Ensemble
2026-04-25,22,3,wk inc flu hosp,2026-05-16,quantile,0.6,16,Louisiana,Ensemble
2026-04-25,22,3,wk inc flu hosp,2026-05-16,quantile,0.65,17,Louisiana,Ensemble
2026-04-25,22,3,wk inc flu hosp,2026-05-16,quantile,0.7,19,Louisiana,Ensemble
2026-04-25,22,3,wk inc flu hosp,2026-05-16,quantile,0.75,21,Louisiana,Ensemble
2026-04-25,22,3,wk inc flu hosp,2026-05-16,quantile,0.8,24,Louisiana,Ensemble
2026-04-25,22,3,wk inc flu hosp,2026-05-16,quantile,0.85,27,Louisiana,Ensemble
2026-04-25,22,3,wk inc flu hosp,2026-05-16,quantile,0.9,33,Louisiana,Ensemble
2026-04-25,22,3,wk inc flu hosp,2026-05-16,quantile,0.95,42,Louisiana,Ensemble
2026-04-25,22,3,wk inc flu hosp,2026-05-16,quantile,0.975,52,Louisiana,Ensemble
2026-04-25,22,3,wk inc flu hosp,2026-05-16,quantile,0.99,69,Louisiana,Ensemble
2026-04-25,23,0,wk inc flu hosp,2026-04-25,quantile,0.01,0,Maine,Ensemble
2026-04-25,23,0,wk inc flu hosp,2026-04-25,quantile,0.025,0,Maine,Ensemble
2026-04-25,23,0,wk inc flu hosp,2026-04-25,quantile,0.05,0,Maine,Ensemble
2026-04-25,23,0,wk inc flu hosp,2026-04-25,quantile,0.1,0,Maine,Ensemble
2026-04-25,23,0,wk inc flu hosp,2026-04-25,quantile,0.15,0,Maine,Ensemble
2026-04-25,23,0,wk inc flu hosp,2026-04-25,quantile,0.2,1,Maine,Ensemble
2026-04-25,23,0,wk inc flu hosp,2026-04-25,quantile,0.25,1,Maine,Ensemble
2026-04-25,23,0,wk inc flu hosp,2026-04-25,quantile,0.3,1,Maine,Ensemble
2026-04-25,23,0,wk inc flu hosp,2026-04-25,quantile,0.35,1,Maine,Ensemble
2026-04-25,23,0,wk inc flu hosp,2026-04-25,quantile,0.4,1,Maine,Ensemble
2026-04-25,23,0,wk inc flu hosp,2026-04-25,quantile,0.45,2,Maine,Ensemble
2026-04-25,23,0,wk inc flu hosp,2026-04-25,quantile,0.5,3,Maine,Ensemble
2026-04-25,23,0,wk inc flu hosp,2026-04-25,quantile,0.55,3,Maine,Ensemble
2026-04-25,23,0,wk inc flu hosp,2026-04-25,quantile,0.6,4,Maine,Ensemble
2026-04-25,23,0,wk inc flu hosp,2026-04-25,quantile,0.65,4,Maine,Ensemble
2026-04-25,23,0,wk inc flu hosp,2026-04-25,quantile,0.7,4,Maine,Ensemble
2026-04-25,23,0,wk inc flu hosp,2026-04-25,quantile,0.75,5,Maine,Ensemble
2026-04-25,23,0,wk inc flu hosp,2026-04-25,quantile,0.8,5,Maine,Ensemble
2026-04-25,23,0,wk inc flu hosp,2026-04-25,quantile,0.85,6,Maine,Ensemble
2026-04-25,23,0,wk inc flu hosp,2026-04-25,quantile,0.9,7,Maine,Ensemble
2026-04-25,23,0,wk inc flu hosp,2026-04-25,quantile,0.95,9,Maine,Ensemble
2026-04-25,23,0,wk inc flu hosp,2026-04-25,quantile,0.975,11,Maine,Ensemble
2026-04-25,23,0,wk inc flu hosp,2026-04-25,quantile,0.99,14,Maine,Ensemble
2026-04-25,23,1,wk inc flu hosp,2026-05-02,quantile,0.01,0,Maine,Ensemble
2026-04-25,23,1,wk inc flu hosp,2026-05-02,quantile,0.025,0,Maine,Ensemble
2026-04-25,23,1,wk inc flu hosp,2026-05-02,quantile,0.05,0,Maine,Ensemble
2026-04-25,23,1,wk inc flu hosp,2026-05-02,quantile,0.1,0,Maine,Ensemble
2026-04-25,23,1,wk inc flu hosp,2026-05-02,quantile,0.15,0,Maine,Ensemble
2026-04-25,23,1,wk inc flu hosp,2026-05-02,quantile,0.2,0,Maine,Ensemble
2026-04-25,23,1,wk inc flu hosp,2026-05-02,quantile,0.25,0,Maine,Ensemble
2026-04-25,23,1,wk inc flu hosp,2026-05-02,quantile,0.3,1,Maine,Ensemble
2026-04-25,23,1,wk inc flu hosp,2026-05-02,quantile,0.35,1,Maine,Ensemble
2026-04-25,23,1,wk inc flu hosp,2026-05-02,quantile,0.4,1,Maine,Ensemble
2026-04-25,23,1,wk inc flu hosp,2026-05-02,quantile,0.45,1,Maine,Ensemble
2026-04-25,23,1,wk inc flu hosp,2026-05-02,quantile,0.5,2,Maine,Ensemble
2026-04-25,23,1,wk inc flu hosp,2026-05-02,quantile,0.55,3,Maine,Ensemble
2026-04-25,23,1,wk inc flu hosp,2026-05-02,quantile,0.6,3,Maine,Ensemble
2026-04-25,23,1,wk inc flu hosp,2026-05-02,quantile,0.65,3,Maine,Ensemble
2026-04-25,23,1,wk inc flu hosp,2026-05-02,quantile,0.7,4,Maine,Ensemble
2026-04-25,23,1,wk inc flu hosp,2026-05-02,quantile,0.75,4,Maine,Ensemble
2026-04-25,23,1,wk inc flu hosp,2026-05-02,quantile,0.8,5,Maine,Ensemble
2026-04-25,23,1,wk inc flu hosp,2026-05-02,quantile,0.85,6,Maine,Ensemble
2026-04-25,23,1,wk inc flu hosp,2026-05-02,quantile,0.9,7,Maine,Ensemble
2026-04-25,23,1,wk inc flu hosp,2026-05-02,quantile,0.95,10,Maine,Ensemble
2026-04-25,23,1,wk inc flu hosp,2026-05-02,quantile,0.975,12,Maine,Ensemble
2026-04-25,23,1,wk inc flu hosp,2026-05-02,quantile,0.99,16,Maine,Ensemble
2026-04-25,23,2,wk inc flu hosp,2026-05-09,quantile,0.01,0,Maine,Ensemble
2026-04-25,23,2,wk inc flu hosp,2026-05-09,quantile,0.025,0,Maine,Ensemble
2026-04-25,23,2,wk inc flu hosp,2026-05-09,quantile,0.05,0,Maine,Ensemble
2026-04-25,23,2,wk inc flu hosp,2026-05-09,quantile,0.1,0,Maine,Ensemble
2026-04-25,23,2,wk inc flu hosp,2026-05-09,quantile,0.15,0,Maine,Ensemble
2026-04-25,23,2,wk inc flu hosp,2026-05-09,quantile,0.2,0,Maine,Ensemble
2026-04-25,23,2,wk inc flu hosp,2026-05-09,quantile,0.25,0,Maine,Ensemble
2026-04-25,23,2,wk inc flu hosp,2026-05-09,quantile,0.3,0,Maine,Ensemble
2026-04-25,23,2,wk inc flu hosp,2026-05-09,quantile,0.35,0,Maine,Ensemble
2026-04-25,23,2,wk inc flu hosp,2026-05-09,quantile,0.4,1,Maine,Ensemble
2026-04-25,23,2,wk inc flu hosp,2026-05-09,quantile,0.45,1,Maine,Ensemble
2026-04-25,23,2,wk inc flu hosp,2026-05-09,quantile,0.5,2,Maine,Ensemble
2026-04-25,23,2,wk inc flu hosp,2026-05-09,quantile,0.55,2,Maine,Ensemble
2026-04-25,23,2,wk inc flu hosp,2026-05-09,quantile,0.6,2,Maine,Ensemble
2026-04-25,23,2,wk inc flu hosp,2026-05-09,quantile,0.65,3,Maine,Ensemble
2026-04-25,23,2,wk inc flu hosp,2026-05-09,quantile,0.7,3,Maine,Ensemble
2026-04-25,23,2,wk inc flu hosp,2026-05-09,quantile,0.75,4,Maine,Ensemble
2026-04-25,23,2,wk inc flu hosp,2026-05-09,quantile,0.8,5,Maine,Ensemble
2026-04-25,23,2,wk inc flu hosp,2026-05-09,quantile,0.85,6,Maine,Ensemble
2026-04-25,23,2,wk inc flu hosp,2026-05-09,quantile,0.9,7,Maine,Ensemble
2026-04-25,23,2,wk inc flu hosp,2026-05-09,quantile,0.95,10,Maine,Ensemble
2026-04-25,23,2,wk inc flu hosp,2026-05-09,quantile,0.975,14,Maine,Ensemble
2026-04-25,23,2,wk inc flu hosp,2026-05-09,quantile,0.99,19,Maine,Ensemble
2026-04-25,23,3,wk inc flu hosp,2026-05-16,quantile,0.01,0,Maine,Ensemble
2026-04-25,23,3,wk inc flu hosp,2026-05-16,quantile,0.025,0,Maine,Ensemble
2026-04-25,23,3,wk inc flu hosp,2026-05-16,quantile,0.05,0,Maine,Ensemble
2026-04-25,23,3,wk inc flu hosp,2026-05-16,quantile,0.1,0,Maine,Ensemble
2026-04-25,23,3,wk inc flu hosp,2026-05-16,quantile,0.15,0,Maine,Ensemble
2026-04-25,23,3,wk inc flu hosp,2026-05-16,quantile,0.2,0,Maine,Ensemble
2026-04-25,23,3,wk inc flu hosp,2026-05-16,quantile,0.25,0,Maine,Ensemble
2026-04-25,23,3,wk inc flu hosp,2026-05-16,quantile,0.3,0,Maine,Ensemble
2026-04-25,23,3,wk inc flu hosp,2026-05-16,quantile,0.35,0,Maine,Ensemble
2026-04-25,23,3,wk inc flu hosp,2026-05-16,quantile,0.4,0,Maine,Ensemble
2026-04-25,23,3,wk inc flu hosp,2026-05-16,quantile,0.45,1,Maine,Ensemble
2026-04-25,23,3,wk inc flu hosp,2026-05-16,quantile,0.5,2,Maine,Ensemble
2026-04-25,23,3,wk inc flu hosp,2026-05-16,quantile,0.55,2,Maine,Ensemble
2026-04-25,23,3,wk inc flu hosp,2026-05-16,quantile,0.6,2,Maine,Ensemble
2026-04-25,23,3,wk inc flu hosp,2026-05-16,quantile,0.65,3,Maine,Ensemble
2026-04-25,23,3,wk inc flu hosp,2026-05-16,quantile,0.7,3,Maine,Ensemble
2026-04-25,23,3,wk inc flu hosp,2026-05-16,quantile,0.75,4,Maine,Ensemble
2026-04-25,23,3,wk inc flu hosp,2026-05-16,quantile,0.8,4,Maine,Ensemble
2026-04-25,23,3,wk inc flu hosp,2026-05-16,quantile,0.85,6,Maine,Ensemble
2026-04-25,23,3,wk inc flu hosp,2026-05-16,quantile,0.9,8,Maine,Ensemble
2026-04-25,23,3,wk inc flu hosp,2026-05-16,quantile,0.95,12,Maine,Ensemble
2026-04-25,23,3,wk inc flu hosp,2026-05-16,quantile,0.975,15,Maine,Ensemble
2026-04-25,23,3,wk inc flu hosp,2026-05-16,quantile,0.99,22,Maine,Ensemble
2026-04-25,24,0,wk inc flu hosp,2026-04-25,quantile,0.01,0,Maryland,Ensemble
2026-04-25,24,0,wk inc flu hosp,2026-04-25,quantile,0.025,1,Maryland,Ensemble
2026-04-25,24,0,wk inc flu hosp,2026-04-25,quantile,0.05,1,Maryland,Ensemble
2026-04-25,24,0,wk inc flu hosp,2026-04-25,quantile,0.1,2,Maryland,Ensemble
2026-04-25,24,0,wk inc flu hosp,2026-04-25,quantile,0.15,2,Maryland,Ensemble
2026-04-25,24,0,wk inc flu hosp,2026-04-25,quantile,0.2,3,Maryland,Ensemble
2026-04-25,24,0,wk inc flu hosp,2026-04-25,quantile,0.25,3,Maryland,Ensemble
2026-04-25,24,0,wk inc flu hosp,2026-04-25,quantile,0.3,4,Maryland,Ensemble
2026-04-25,24,0,wk inc flu hosp,2026-04-25,quantile,0.35,4,Maryland,Ensemble
2026-04-25,24,0,wk inc flu hosp,2026-04-25,quantile,0.4,4,Maryland,Ensemble
2026-04-25,24,0,wk inc flu hosp,2026-04-25,quantile,0.45,5,Maryland,Ensemble
2026-04-25,24,0,wk inc flu hosp,2026-04-25,quantile,0.5,6,Maryland,Ensemble
2026-04-25,24,0,wk inc flu hosp,2026-04-25,quantile,0.55,7,Maryland,Ensemble
2026-04-25,24,0,wk inc flu hosp,2026-04-25,quantile,0.6,8,Maryland,Ensemble
2026-04-25,24,0,wk inc flu hosp,2026-04-25,quantile,0.65,8,Maryland,Ensemble
2026-04-25,24,0,wk inc flu hosp,2026-04-25,quantile,0.7,9,Maryland,Ensemble
2026-04-25,24,0,wk inc flu hosp,2026-04-25,quantile,0.75,10,Maryland,Ensemble
2026-04-25,24,0,wk inc flu hosp,2026-04-25,quantile,0.8,11,Maryland,Ensemble
2026-04-25,24,0,wk inc flu hosp,2026-04-25,quantile,0.85,13,Maryland,Ensemble
2026-04-25,24,0,wk inc flu hosp,2026-04-25,quantile,0.9,15,Maryland,Ensemble
2026-04-25,24,0,wk inc flu hosp,2026-04-25,quantile,0.95,20,Maryland,Ensemble
2026-04-25,24,0,wk inc flu hosp,2026-04-25,quantile,0.975,25,Maryland,Ensemble
2026-04-25,24,0,wk inc flu hosp,2026-04-25,quantile,0.99,39,Maryland,Ensemble
2026-04-25,24,1,wk inc flu hosp,2026-05-02,quantile,0.01,0,Maryland,Ensemble
2026-04-25,24,1,wk inc flu hosp,2026-05-02,quantile,0.025,0,Maryland,Ensemble
2026-04-25,24,1,wk inc flu hosp,2026-05-02,quantile,0.05,0,Maryland,Ensemble
2026-04-25,24,1,wk inc flu hosp,2026-05-02,quantile,0.1,1,Maryland,Ensemble
2026-04-25,24,1,wk inc flu hosp,2026-05-02,quantile,0.15,1,Maryland,Ensemble
2026-04-25,24,1,wk inc flu hosp,2026-05-02,quantile,0.2,2,Maryland,Ensemble
2026-04-25,24,1,wk inc flu hosp,2026-05-02,quantile,0.25,3,Maryland,Ensemble
2026-04-25,24,1,wk inc flu hosp,2026-05-02,quantile,0.3,3,Maryland,Ensemble
2026-04-25,24,1,wk inc flu hosp,2026-05-02,quantile,0.35,4,Maryland,Ensemble
2026-04-25,24,1,wk inc flu hosp,2026-05-02,quantile,0.4,4,Maryland,Ensemble
2026-04-25,24,1,wk inc flu hosp,2026-05-02,quantile,0.45,4,Maryland,Ensemble
2026-04-25,24,1,wk inc flu hosp,2026-05-02,quantile,0.5,6,Maryland,Ensemble
2026-04-25,24,1,wk inc flu hosp,2026-05-02,quantile,0.55,7,Maryland,Ensemble
2026-04-25,24,1,wk inc flu hosp,2026-05-02,quantile,0.6,8,Maryland,Ensemble
2026-04-25,24,1,wk inc flu hosp,2026-05-02,quantile,0.65,9,Maryland,Ensemble
2026-04-25,24,1,wk inc flu hosp,2026-05-02,quantile,0.7,10,Maryland,Ensemble
2026-04-25,24,1,wk inc flu hosp,2026-05-02,quantile,0.75,11,Maryland,Ensemble
2026-04-25,24,1,wk inc flu hosp,2026-05-02,quantile,0.8,13,Maryland,Ensemble
2026-04-25,24,1,wk inc flu hosp,2026-05-02,quantile,0.85,15,Maryland,Ensemble
2026-04-25,24,1,wk inc flu hosp,2026-05-02,quantile,0.9,20,Maryland,Ensemble
2026-04-25,24,1,wk inc flu hosp,2026-05-02,quantile,0.95,29,Maryland,Ensemble
2026-04-25,24,1,wk inc flu hosp,2026-05-02,quantile,0.975,39,Maryland,Ensemble
2026-04-25,24,1,wk inc flu hosp,2026-05-02,quantile,0.99,59,Maryland,Ensemble
2026-04-25,24,2,wk inc flu hosp,2026-05-09,quantile,0.01,0,Maryland,Ensemble
2026-04-25,24,2,wk inc flu hosp,2026-05-09,quantile,0.025,0,Maryland,Ensemble
2026-04-25,24,2,wk inc flu hosp,2026-05-09,quantile,0.05,0,Maryland,Ensemble
2026-04-25,24,2,wk inc flu hosp,2026-05-09,quantile,0.1,1,Maryland,Ensemble
2026-04-25,24,2,wk inc flu hosp,2026-05-09,quantile,0.15,1,Maryland,Ensemble
2026-04-25,24,2,wk inc flu hosp,2026-05-09,quantile,0.2,2,Maryland,Ensemble
2026-04-25,24,2,wk inc flu hosp,2026-05-09,quantile,0.25,2,Maryland,Ensemble
2026-04-25,24,2,wk inc flu hosp,2026-05-09,quantile,0.3,2,Maryland,Ensemble
2026-04-25,24,2,wk inc flu hosp,2026-05-09,quantile,0.35,3,Maryland,Ensemble
2026-04-25,24,2,wk inc flu hosp,2026-05-09,quantile,0.4,4,Maryland,Ensemble
2026-04-25,24,2,wk inc flu hosp,2026-05-09,quantile,0.45,4,Maryland,Ensemble
2026-04-25,24,2,wk inc flu hosp,2026-05-09,quantile,0.5,6,Maryland,Ensemble
2026-04-25,24,2,wk inc flu hosp,2026-05-09,quantile,0.55,7,Maryland,Ensemble
2026-04-25,24,2,wk inc flu hosp,2026-05-09,quantile,0.6,8,Maryland,Ensemble
2026-04-25,24,2,wk inc flu hosp,2026-05-09,quantile,0.65,9,Maryland,Ensemble
2026-04-25,24,2,wk inc flu hosp,2026-05-09,quantile,0.7,10,Maryland,Ensemble
2026-04-25,24,2,wk inc flu hosp,2026-05-09,quantile,0.75,12,Maryland,Ensemble
2026-04-25,24,2,wk inc flu hosp,2026-05-09,quantile,0.8,14,Maryland,Ensemble
2026-04-25,24,2,wk inc flu hosp,2026-05-09,quantile,0.85,18,Maryland,Ensemble
2026-04-25,24,2,wk inc flu hosp,2026-05-09,quantile,0.9,24,Maryland,Ensemble
2026-04-25,24,2,wk inc flu hosp,2026-05-09,quantile,0.95,36,Maryland,Ensemble
2026-04-25,24,2,wk inc flu hosp,2026-05-09,quantile,0.975,51,Maryland,Ensemble
2026-04-25,24,2,wk inc flu hosp,2026-05-09,quantile,0.99,71,Maryland,Ensemble
2026-04-25,24,3,wk inc flu hosp,2026-05-16,quantile,0.01,0,Maryland,Ensemble
2026-04-25,24,3,wk inc flu hosp,2026-05-16,quantile,0.025,0,Maryland,Ensemble
2026-04-25,24,3,wk inc flu hosp,2026-05-16,quantile,0.05,0,Maryland,Ensemble
2026-04-25,24,3,wk inc flu hosp,2026-05-16,quantile,0.1,0,Maryland,Ensemble
2026-04-25,24,3,wk inc flu hosp,2026-05-16,quantile,0.15,1,Maryland,Ensemble
2026-04-25,24,3,wk inc flu hosp,2026-05-16,quantile,0.2,1,Maryland,Ensemble
2026-04-25,24,3,wk inc flu hosp,2026-05-16,quantile,0.25,2,Maryland,Ensemble
2026-04-25,24,3,wk inc flu hosp,2026-05-16,quantile,0.3,2,Maryland,Ensemble
2026-04-25,24,3,wk inc flu hosp,2026-05-16,quantile,0.35,3,Maryland,Ensemble
2026-04-25,24,3,wk inc flu hosp,2026-05-16,quantile,0.4,3,Maryland,Ensemble
2026-04-25,24,3,wk inc flu hosp,2026-05-16,quantile,0.45,4,Maryland,Ensemble
2026-04-25,24,3,wk inc flu hosp,2026-05-16,quantile,0.5,5,Maryland,Ensemble
2026-04-25,24,3,wk inc flu hosp,2026-05-16,quantile,0.55,6,Maryland,Ensemble
2026-04-25,24,3,wk inc flu hosp,2026-05-16,quantile,0.6,7,Maryland,Ensemble
2026-04-25,24,3,wk inc flu hosp,2026-05-16,quantile,0.65,8,Maryland,Ensemble
2026-04-25,24,3,wk inc flu hosp,2026-05-16,quantile,0.7,9,Maryland,Ensemble
2026-04-25,24,3,wk inc flu hosp,2026-05-16,quantile,0.75,11,Maryland,Ensemble
2026-04-25,24,3,wk inc flu hosp,2026-05-16,quantile,0.8,14,Maryland,Ensemble
2026-04-25,24,3,wk inc flu hosp,2026-05-16,quantile,0.85,19,Maryland,Ensemble
2026-04-25,24,3,wk inc flu hosp,2026-05-16,quantile,0.9,26,Maryland,Ensemble
2026-04-25,24,3,wk inc flu hosp,2026-05-16,quantile,0.95,39,Maryland,Ensemble
2026-04-25,24,3,wk inc flu hosp,2026-05-16,quantile,0.975,57,Maryland,Ensemble
2026-04-25,24,3,wk inc flu hosp,2026-05-16,quantile,0.99,77,Maryland,Ensemble
2026-04-25,25,0,wk inc flu hosp,2026-04-25,quantile,0.01,9,Massachusetts,Ensemble
2026-04-25,25,0,wk inc flu hosp,2026-04-25,quantile,0.025,11,Massachusetts,Ensemble
2026-04-25,25,0,wk inc flu hosp,2026-04-25,quantile,0.05,13,Massachusetts,Ensemble
2026-04-25,25,0,wk inc flu hosp,2026-04-25,quantile,0.1,19,Massachusetts,Ensemble
2026-04-25,25,0,wk inc flu hosp,2026-04-25,quantile,0.15,21,Massachusetts,Ensemble
2026-04-25,25,0,wk inc flu hosp,2026-04-25,quantile,0.2,23,Massachusetts,Ensemble
2026-04-25,25,0,wk inc flu hosp,2026-04-25,quantile,0.25,24,Massachusetts,Ensemble
2026-04-25,25,0,wk inc flu hosp,2026-04-25,quantile,0.3,26,Massachusetts,Ensemble
2026-04-25,25,0,wk inc flu hosp,2026-04-25,quantile,0.35,27,Massachusetts,Ensemble
2026-04-25,25,0,wk inc flu hosp,2026-04-25,quantile,0.4,29,Massachusetts,Ensemble
2026-04-25,25,0,wk inc flu hosp,2026-04-25,quantile,0.45,30,Massachusetts,Ensemble
2026-04-25,25,0,wk inc flu hosp,2026-04-25,quantile,0.5,33,Massachusetts,Ensemble
2026-04-25,25,0,wk inc flu hosp,2026-04-25,quantile,0.55,35,Massachusetts,Ensemble
2026-04-25,25,0,wk inc flu hosp,2026-04-25,quantile,0.6,38,Massachusetts,Ensemble
2026-04-25,25,0,wk inc flu hosp,2026-04-25,quantile,0.65,40,Massachusetts,Ensemble
2026-04-25,25,0,wk inc flu hosp,2026-04-25,quantile,0.7,42,Massachusetts,Ensemble
2026-04-25,25,0,wk inc flu hosp,2026-04-25,quantile,0.75,45,Massachusetts,Ensemble
2026-04-25,25,0,wk inc flu hosp,2026-04-25,quantile,0.8,47,Massachusetts,Ensemble
2026-04-25,25,0,wk inc flu hosp,2026-04-25,quantile,0.85,51,Massachusetts,Ensemble
2026-04-25,25,0,wk inc flu hosp,2026-04-25,quantile,0.9,57,Massachusetts,Ensemble
2026-04-25,25,0,wk inc flu hosp,2026-04-25,quantile,0.95,72,Massachusetts,Ensemble
2026-04-25,25,0,wk inc flu hosp,2026-04-25,quantile,0.975,86,Massachusetts,Ensemble
2026-04-25,25,0,wk inc flu hosp,2026-04-25,quantile,0.99,117,Massachusetts,Ensemble
2026-04-25,25,1,wk inc flu hosp,2026-05-02,quantile,0.01,6,Massachusetts,Ensemble
2026-04-25,25,1,wk inc flu hosp,2026-05-02,quantile,0.025,7,Massachusetts,Ensemble
2026-04-25,25,1,wk inc flu hosp,2026-05-02,quantile,0.05,9,Massachusetts,Ensemble
2026-04-25,25,1,wk inc flu hosp,2026-05-02,quantile,0.1,12,Massachusetts,Ensemble
2026-04-25,25,1,wk inc flu hosp,2026-05-02,quantile,0.15,17,Massachusetts,Ensemble
2026-04-25,25,1,wk inc flu hosp,2026-05-02,quantile,0.2,18,Massachusetts,Ensemble
2026-04-25,25,1,wk inc flu hosp,2026-05-02,quantile,0.25,20,Massachusetts,Ensemble
2026-04-25,25,1,wk inc flu hosp,2026-05-02,quantile,0.3,22,Massachusetts,Ensemble
2026-04-25,25,1,wk inc flu hosp,2026-05-02,quantile,0.35,23,Massachusetts,Ensemble
2026-04-25,25,1,wk inc flu hosp,2026-05-02,quantile,0.4,24,Massachusetts,Ensemble
2026-04-25,25,1,wk inc flu hosp,2026-05-02,quantile,0.45,26,Massachusetts,Ensemble
2026-04-25,25,1,wk inc flu hosp,2026-05-02,quantile,0.5,29,Massachusetts,Ensemble
2026-04-25,25,1,wk inc flu hosp,2026-05-02,quantile,0.55,31,Massachusetts,Ensemble
2026-04-25,25,1,wk inc flu hosp,2026-05-02,quantile,0.6,33,Massachusetts,Ensemble
2026-04-25,25,1,wk inc flu hosp,2026-05-02,quantile,0.65,36,Massachusetts,Ensemble
2026-04-25,25,1,wk inc flu hosp,2026-05-02,quantile,0.7,39,Massachusetts,Ensemble
2026-04-25,25,1,wk inc flu hosp,2026-05-02,quantile,0.75,42,Massachusetts,Ensemble
2026-04-25,25,1,wk inc flu hosp,2026-05-02,quantile,0.8,46,Massachusetts,Ensemble
2026-04-25,25,1,wk inc flu hosp,2026-05-02,quantile,0.85,52,Massachusetts,Ensemble
2026-04-25,25,1,wk inc flu hosp,2026-05-02,quantile,0.9,62,Massachusetts,Ensemble
2026-04-25,25,1,wk inc flu hosp,2026-05-02,quantile,0.95,80,Massachusetts,Ensemble
2026-04-25,25,1,wk inc flu hosp,2026-05-02,quantile,0.975,105,Massachusetts,Ensemble
2026-04-25,25,1,wk inc flu hosp,2026-05-02,quantile,0.99,128,Massachusetts,Ensemble
2026-04-25,25,2,wk inc flu hosp,2026-05-09,quantile,0.01,4,Massachusetts,Ensemble
2026-04-25,25,2,wk inc flu hosp,2026-05-09,quantile,0.025,5,Massachusetts,Ensemble
2026-04-25,25,2,wk inc flu hosp,2026-05-09,quantile,0.05,7,Massachusetts,Ensemble
2026-04-25,25,2,wk inc flu hosp,2026-05-09,quantile,0.1,9,Massachusetts,Ensemble
2026-04-25,25,2,wk inc flu hosp,2026-05-09,quantile,0.15,13,Massachusetts,Ensemble
2026-04-25,25,2,wk inc flu hosp,2026-05-09,quantile,0.2,15,Massachusetts,Ensemble
2026-04-25,25,2,wk inc flu hosp,2026-05-09,quantile,0.25,17,Massachusetts,Ensemble
2026-04-25,25,2,wk inc flu hosp,2026-05-09,quantile,0.3,18,Massachusetts,Ensemble
2026-04-25,25,2,wk inc flu hosp,2026-05-09,quantile,0.35,20,Massachusetts,Ensemble
2026-04-25,25,2,wk inc flu hosp,2026-05-09,quantile,0.4,21,Massachusetts,Ensemble
2026-04-25,25,2,wk inc flu hosp,2026-05-09,quantile,0.45,23,Massachusetts,Ensemble
2026-04-25,25,2,wk inc flu hosp,2026-05-09,quantile,0.5,26,Massachusetts,Ensemble
2026-04-25,25,2,wk inc flu hosp,2026-05-09,quantile,0.55,28,Massachusetts,Ensemble
2026-04-25,25,2,wk inc flu hosp,2026-05-09,quantile,0.6,30,Massachusetts,Ensemble
2026-04-25,25,2,wk inc flu hosp,2026-05-09,quantile,0.65,33,Massachusetts,Ensemble
2026-04-25,25,2,wk inc flu hosp,2026-05-09,quantile,0.7,37,Massachusetts,Ensemble
2026-04-25,25,2,wk inc flu hosp,2026-05-09,quantile,0.75,41,Massachusetts,Ensemble
2026-04-25,25,2,wk inc flu hosp,2026-05-09,quantile,0.8,47,Massachusetts,Ensemble
2026-04-25,25,2,wk inc flu hosp,2026-05-09,quantile,0.85,55,Massachusetts,Ensemble
2026-04-25,25,2,wk inc flu hosp,2026-05-09,quantile,0.9,70,Massachusetts,Ensemble
2026-04-25,25,2,wk inc flu hosp,2026-05-09,quantile,0.95,96,Massachusetts,Ensemble
2026-04-25,25,2,wk inc flu hosp,2026-05-09,quantile,0.975,123,Massachusetts,Ensemble
2026-04-25,25,2,wk inc flu hosp,2026-05-09,quantile,0.99,151,Massachusetts,Ensemble
2026-04-25,25,3,wk inc flu hosp,2026-05-16,quantile,0.01,3,Massachusetts,Ensemble
2026-04-25,25,3,wk inc flu hosp,2026-05-16,quantile,0.025,4,Massachusetts,Ensemble
2026-04-25,25,3,wk inc flu hosp,2026-05-16,quantile,0.05,5,Massachusetts,Ensemble
2026-04-25,25,3,wk inc flu hosp,2026-05-16,quantile,0.1,7,Massachusetts,Ensemble
2026-04-25,25,3,wk inc flu hosp,2026-05-16,quantile,0.15,9,Massachusetts,Ensemble
2026-04-25,25,3,wk inc flu hosp,2026-05-16,quantile,0.2,13,Massachusetts,Ensemble
2026-04-25,25,3,wk inc flu hosp,2026-05-16,quantile,0.25,14,Massachusetts,Ensemble
2026-04-25,25,3,wk inc flu hosp,2026-05-16,quantile,0.3,15,Massachusetts,Ensemble
2026-04-25,25,3,wk inc flu hosp,2026-05-16,quantile,0.35,17,Massachusetts,Ensemble
2026-04-25,25,3,wk inc flu hosp,2026-05-16,quantile,0.4,18,Massachusetts,Ensemble
2026-04-25,25,3,wk inc flu hosp,2026-05-16,quantile,0.45,19,Massachusetts,Ensemble
2026-04-25,25,3,wk inc flu hosp,2026-05-16,quantile,0.5,22,Massachusetts,Ensemble
2026-04-25,25,3,wk inc flu hosp,2026-05-16,quantile,0.55,24,Massachusetts,Ensemble
2026-04-25,25,3,wk inc flu hosp,2026-05-16,quantile,0.6,26,Massachusetts,Ensemble
2026-04-25,25,3,wk inc flu hosp,2026-05-16,quantile,0.65,28,Massachusetts,Ensemble
2026-04-25,25,3,wk inc flu hosp,2026-05-16,quantile,0.7,32,Massachusetts,Ensemble
2026-04-25,25,3,wk inc flu hosp,2026-05-16,quantile,0.75,37,Massachusetts,Ensemble
2026-04-25,25,3,wk inc flu hosp,2026-05-16,quantile,0.8,43,Massachusetts,Ensemble
2026-04-25,25,3,wk inc flu hosp,2026-05-16,quantile,0.85,53,Massachusetts,Ensemble
2026-04-25,25,3,wk inc flu hosp,2026-05-16,quantile,0.9,69,Massachusetts,Ensemble
2026-04-25,25,3,wk inc flu hosp,2026-05-16,quantile,0.95,100,Massachusetts,Ensemble
2026-04-25,25,3,wk inc flu hosp,2026-05-16,quantile,0.975,127,Massachusetts,Ensemble
2026-04-25,25,3,wk inc flu hosp,2026-05-16,quantile,0.99,163,Massachusetts,Ensemble
2026-04-25,26,0,wk inc flu hosp,2026-04-25,quantile,0.01,12,Michigan,Ensemble
2026-04-25,26,0,wk inc flu hosp,2026-04-25,quantile,0.025,14,Michigan,Ensemble
2026-04-25,26,0,wk inc flu hosp,2026-04-25,quantile,0.05,17,Michigan,Ensemble
2026-04-25,26,0,wk inc flu hosp,2026-04-25,quantile,0.1,21,Michigan,Ensemble
2026-04-25,26,0,wk inc flu hosp,2026-04-25,quantile,0.15,24,Michigan,Ensemble
2026-04-25,26,0,wk inc flu hosp,2026-04-25,quantile,0.2,26,Michigan,Ensemble
2026-04-25,26,0,wk inc flu hosp,2026-04-25,quantile,0.25,28,Michigan,Ensemble
2026-04-25,26,0,wk inc flu hosp,2026-04-25,quantile,0.3,30,Michigan,Ensemble
2026-04-25,26,0,wk inc flu hosp,2026-04-25,quantile,0.35,32,Michigan,Ensemble
2026-04-25,26,0,wk inc flu hosp,2026-04-25,quantile,0.4,34,Michigan,Ensemble
2026-04-25,26,0,wk inc flu hosp,2026-04-25,quantile,0.45,36,Michigan,Ensemble
2026-04-25,26,0,wk inc flu hosp,2026-04-25,quantile,0.5,39,Michigan,Ensemble
2026-04-25,26,0,wk inc flu hosp,2026-04-25,quantile,0.55,41,Michigan,Ensemble
2026-04-25,26,0,wk inc flu hosp,2026-04-25,quantile,0.6,43,Michigan,Ensemble
2026-04-25,26,0,wk inc flu hosp,2026-04-25,quantile,0.65,45,Michigan,Ensemble
2026-04-25,26,0,wk inc flu hosp,2026-04-25,quantile,0.7,48,Michigan,Ensemble
2026-04-25,26,0,wk inc flu hosp,2026-04-25,quantile,0.75,51,Michigan,Ensemble
2026-04-25,26,0,wk inc flu hosp,2026-04-25,quantile,0.8,54,Michigan,Ensemble
2026-04-25,26,0,wk inc flu hosp,2026-04-25,quantile,0.85,59,Michigan,Ensemble
2026-04-25,26,0,wk inc flu hosp,2026-04-25,quantile,0.9,65,Michigan,Ensemble
2026-04-25,26,0,wk inc flu hosp,2026-04-25,quantile,0.95,78,Michigan,Ensemble
2026-04-25,26,0,wk inc flu hosp,2026-04-25,quantile,0.975,92,Michigan,Ensemble
2026-04-25,26,0,wk inc flu hosp,2026-04-25,quantile,0.99,111,Michigan,Ensemble
2026-04-25,26,1,wk inc flu hosp,2026-05-02,quantile,0.01,7,Michigan,Ensemble
2026-04-25,26,1,wk inc flu hosp,2026-05-02,quantile,0.025,9,Michigan,Ensemble
2026-04-25,26,1,wk inc flu hosp,2026-05-02,quantile,0.05,11,Michigan,Ensemble
2026-04-25,26,1,wk inc flu hosp,2026-05-02,quantile,0.1,15,Michigan,Ensemble
2026-04-25,26,1,wk inc flu hosp,2026-05-02,quantile,0.15,17,Michigan,Ensemble
2026-04-25,26,1,wk inc flu hosp,2026-05-02,quantile,0.2,19,Michigan,Ensemble
2026-04-25,26,1,wk inc flu hosp,2026-05-02,quantile,0.25,21,Michigan,Ensemble
2026-04-25,26,1,wk inc flu hosp,2026-05-02,quantile,0.3,23,Michigan,Ensemble
2026-04-25,26,1,wk inc flu hosp,2026-05-02,quantile,0.35,25,Michigan,Ensemble
2026-04-25,26,1,wk inc flu hosp,2026-05-02,quantile,0.4,26,Michigan,Ensemble
2026-04-25,26,1,wk inc flu hosp,2026-05-02,quantile,0.45,28,Michigan,Ensemble
2026-04-25,26,1,wk inc flu hosp,2026-05-02,quantile,0.5,31,Michigan,Ensemble
2026-04-25,26,1,wk inc flu hosp,2026-05-02,quantile,0.55,34,Michigan,Ensemble
2026-04-25,26,1,wk inc flu hosp,2026-05-02,quantile,0.6,36,Michigan,Ensemble
2026-04-25,26,1,wk inc flu hosp,2026-05-02,quantile,0.65,39,Michigan,Ensemble
2026-04-25,26,1,wk inc flu hosp,2026-05-02,quantile,0.7,42,Michigan,Ensemble
2026-04-25,26,1,wk inc flu hosp,2026-05-02,quantile,0.75,45,Michigan,Ensemble
2026-04-25,26,1,wk inc flu hosp,2026-05-02,quantile,0.8,50,Michigan,Ensemble
2026-04-25,26,1,wk inc flu hosp,2026-05-02,quantile,0.85,55,Michigan,Ensemble
2026-04-25,26,1,wk inc flu hosp,2026-05-02,quantile,0.9,64,Michigan,Ensemble
2026-04-25,26,1,wk inc flu hosp,2026-05-02,quantile,0.95,79,Michigan,Ensemble
2026-04-25,26,1,wk inc flu hosp,2026-05-02,quantile,0.975,96,Michigan,Ensemble
2026-04-25,26,1,wk inc flu hosp,2026-05-02,quantile,0.99,117,Michigan,Ensemble
2026-04-25,26,2,wk inc flu hosp,2026-05-09,quantile,0.01,4,Michigan,Ensemble
2026-04-25,26,2,wk inc flu hosp,2026-05-09,quantile,0.025,6,Michigan,Ensemble
2026-04-25,26,2,wk inc flu hosp,2026-05-09,quantile,0.05,8,Michigan,Ensemble
2026-04-25,26,2,wk inc flu hosp,2026-05-09,quantile,0.1,11,Michigan,Ensemble
2026-04-25,26,2,wk inc flu hosp,2026-05-09,quantile,0.15,13,Michigan,Ensemble
2026-04-25,26,2,wk inc flu hosp,2026-05-09,quantile,0.2,16,Michigan,Ensemble
2026-04-25,26,2,wk inc flu hosp,2026-05-09,quantile,0.25,17,Michigan,Ensemble
2026-04-25,26,2,wk inc flu hosp,2026-05-09,quantile,0.3,19,Michigan,Ensemble
2026-04-25,26,2,wk inc flu hosp,2026-05-09,quantile,0.35,20,Michigan,Ensemble
2026-04-25,26,2,wk inc flu hosp,2026-05-09,quantile,0.4,22,Michigan,Ensemble
2026-04-25,26,2,wk inc flu hosp,2026-05-09,quantile,0.45,24,Michigan,Ensemble
2026-04-25,26,2,wk inc flu hosp,2026-05-09,quantile,0.5,27,Michigan,Ensemble
2026-04-25,26,2,wk inc flu hosp,2026-05-09,quantile,0.55,30,Michigan,Ensemble
2026-04-25,26,2,wk inc flu hosp,2026-05-09,quantile,0.6,32,Michigan,Ensemble
2026-04-25,26,2,wk inc flu hosp,2026-05-09,quantile,0.65,35,Michigan,Ensemble
2026-04-25,26,2,wk inc flu hosp,2026-05-09,quantile,0.7,38,Michigan,Ensemble
2026-04-25,26,2,wk inc flu hosp,2026-05-09,quantile,0.75,43,Michigan,Ensemble
2026-04-25,26,2,wk inc flu hosp,2026-05-09,quantile,0.8,48,Michigan,Ensemble
2026-04-25,26,2,wk inc flu hosp,2026-05-09,quantile,0.85,55,Michigan,Ensemble
2026-04-25,26,2,wk inc flu hosp,2026-05-09,quantile,0.9,66,Michigan,Ensemble
2026-04-25,26,2,wk inc flu hosp,2026-05-09,quantile,0.95,85,Michigan,Ensemble
2026-04-25,26,2,wk inc flu hosp,2026-05-09,quantile,0.975,107,Michigan,Ensemble
2026-04-25,26,2,wk inc flu hosp,2026-05-09,quantile,0.99,136,Michigan,Ensemble
2026-04-25,26,3,wk inc flu hosp,2026-05-16,quantile,0.01,4,Michigan,Ensemble
2026-04-25,26,3,wk inc flu hosp,2026-05-16,quantile,0.025,5,Michigan,Ensemble
2026-04-25,26,3,wk inc flu hosp,2026-05-16,quantile,0.05,6,Michigan,Ensemble
2026-04-25,26,3,wk inc flu hosp,2026-05-16,quantile,0.1,9,Michigan,Ensemble
2026-04-25,26,3,wk inc flu hosp,2026-05-16,quantile,0.15,10,Michigan,Ensemble
2026-04-25,26,3,wk inc flu hosp,2026-05-16,quantile,0.2,12,Michigan,Ensemble
2026-04-25,26,3,wk inc flu hosp,2026-05-16,quantile,0.25,13,Michigan,Ensemble
2026-04-25,26,3,wk inc flu hosp,2026-05-16,quantile,0.3,15,Michigan,Ensemble
2026-04-25,26,3,wk inc flu hosp,2026-05-16,quantile,0.35,16,Michigan,Ensemble
2026-04-25,26,3,wk inc flu hosp,2026-05-16,quantile,0.4,18,Michigan,Ensemble
2026-04-25,26,3,wk inc flu hosp,2026-05-16,quantile,0.45,20,Michigan,Ensemble
2026-04-25,26,3,wk inc flu hosp,2026-05-16,quantile,0.5,23,Michigan,Ensemble
2026-04-25,26,3,wk inc flu hosp,2026-05-16,quantile,0.55,25,Michigan,Ensemble
2026-04-25,26,3,wk inc flu hosp,2026-05-16,quantile,0.6,28,Michigan,Ensemble
2026-04-25,26,3,wk inc flu hosp,2026-05-16,quantile,0.65,31,Michigan,Ensemble
2026-04-25,26,3,wk inc flu hosp,2026-05-16,quantile,0.7,34,Michigan,Ensemble
2026-04-25,26,3,wk inc flu hosp,2026-05-16,quantile,0.75,39,Michigan,Ensemble
2026-04-25,26,3,wk inc flu hosp,2026-05-16,quantile,0.8,46,Michigan,Ensemble
2026-04-25,26,3,wk inc flu hosp,2026-05-16,quantile,0.85,54,Michigan,Ensemble
2026-04-25,26,3,wk inc flu hosp,2026-05-16,quantile,0.9,66,Michigan,Ensemble
2026-04-25,26,3,wk inc flu hosp,2026-05-16,quantile,0.95,88,Michigan,Ensemble
2026-04-25,26,3,wk inc flu hosp,2026-05-16,quantile,0.975,115,Michigan,Ensemble
2026-04-25,26,3,wk inc flu hosp,2026-05-16,quantile,0.99,154,Michigan,Ensemble
2026-04-25,27,0,wk inc flu hosp,2026-04-25,quantile,0.01,5,Minnesota,Ensemble
2026-04-25,27,0,wk inc flu hosp,2026-04-25,quantile,0.025,6,Minnesota,Ensemble
2026-04-25,27,0,wk inc flu hosp,2026-04-25,quantile,0.05,7,Minnesota,Ensemble
2026-04-25,27,0,wk inc flu hosp,2026-04-25,quantile,0.1,8,Minnesota,Ensemble
2026-04-25,27,0,wk inc flu hosp,2026-04-25,quantile,0.15,9,Minnesota,Ensemble
2026-04-25,27,0,wk inc flu hosp,2026-04-25,quantile,0.2,10,Minnesota,Ensemble
2026-04-25,27,0,wk inc flu hosp,2026-04-25,quantile,0.25,11,Minnesota,Ensemble
2026-04-25,27,0,wk inc flu hosp,2026-04-25,quantile,0.3,12,Minnesota,Ensemble
2026-04-25,27,0,wk inc flu hosp,2026-04-25,quantile,0.35,13,Minnesota,Ensemble
2026-04-25,27,0,wk inc flu hosp,2026-04-25,quantile,0.4,14,Minnesota,Ensemble
2026-04-25,27,0,wk inc flu hosp,2026-04-25,quantile,0.45,15,Minnesota,Ensemble
2026-04-25,27,0,wk inc flu hosp,2026-04-25,quantile,0.5,17,Minnesota,Ensemble
2026-04-25,27,0,wk inc flu hosp,2026-04-25,quantile,0.55,18,Minnesota,Ensemble
2026-04-25,27,0,wk inc flu hosp,2026-04-25,quantile,0.6,19,Minnesota,Ensemble
2026-04-25,27,0,wk inc flu hosp,2026-04-25,quantile,0.65,20,Minnesota,Ensemble
2026-04-25,27,0,wk inc flu hosp,2026-04-25,quantile,0.7,22,Minnesota,Ensemble
2026-04-25,27,0,wk inc flu hosp,2026-04-25,quantile,0.75,24,Minnesota,Ensemble
2026-04-25,27,0,wk inc flu hosp,2026-04-25,quantile,0.8,26,Minnesota,Ensemble
2026-04-25,27,0,wk inc flu hosp,2026-04-25,quantile,0.85,29,Minnesota,Ensemble
2026-04-25,27,0,wk inc flu hosp,2026-04-25,quantile,0.9,33,Minnesota,Ensemble
2026-04-25,27,0,wk inc flu hosp,2026-04-25,quantile,0.95,41,Minnesota,Ensemble
2026-04-25,27,0,wk inc flu hosp,2026-04-25,quantile,0.975,49,Minnesota,Ensemble
2026-04-25,27,0,wk inc flu hosp,2026-04-25,quantile,0.99,59,Minnesota,Ensemble
2026-04-25,27,1,wk inc flu hosp,2026-05-02,quantile,0.01,3,Minnesota,Ensemble
2026-04-25,27,1,wk inc flu hosp,2026-05-02,quantile,0.025,3,Minnesota,Ensemble
2026-04-25,27,1,wk inc flu hosp,2026-05-02,quantile,0.05,4,Minnesota,Ensemble
2026-04-25,27,1,wk inc flu hosp,2026-05-02,quantile,0.1,5,Minnesota,Ensemble
2026-04-25,27,1,wk inc flu hosp,2026-05-02,quantile,0.15,6,Minnesota,Ensemble
2026-04-25,27,1,wk inc flu hosp,2026-05-02,quantile,0.2,7,Minnesota,Ensemble
2026-04-25,27,1,wk inc flu hosp,2026-05-02,quantile,0.25,8,Minnesota,Ensemble
2026-04-25,27,1,wk inc flu hosp,2026-05-02,quantile,0.3,8,Minnesota,Ensemble
2026-04-25,27,1,wk inc flu hosp,2026-05-02,quantile,0.35,9,Minnesota,Ensemble
2026-04-25,27,1,wk inc flu hosp,2026-05-02,quantile,0.4,10,Minnesota,Ensemble
2026-04-25,27,1,wk inc flu hosp,2026-05-02,quantile,0.45,11,Minnesota,Ensemble
2026-04-25,27,1,wk inc flu hosp,2026-05-02,quantile,0.5,13,Minnesota,Ensemble
2026-04-25,27,1,wk inc flu hosp,2026-05-02,quantile,0.55,15,Minnesota,Ensemble
2026-04-25,27,1,wk inc flu hosp,2026-05-02,quantile,0.6,16,Minnesota,Ensemble
2026-04-25,27,1,wk inc flu hosp,2026-05-02,quantile,0.65,18,Minnesota,Ensemble
2026-04-25,27,1,wk inc flu hosp,2026-05-02,quantile,0.7,19,Minnesota,Ensemble
2026-04-25,27,1,wk inc flu hosp,2026-05-02,quantile,0.75,21,Minnesota,Ensemble
2026-04-25,27,1,wk inc flu hosp,2026-05-02,quantile,0.8,24,Minnesota,Ensemble
2026-04-25,27,1,wk inc flu hosp,2026-05-02,quantile,0.85,28,Minnesota,Ensemble
2026-04-25,27,1,wk inc flu hosp,2026-05-02,quantile,0.9,34,Minnesota,Ensemble
2026-04-25,27,1,wk inc flu hosp,2026-05-02,quantile,0.95,44,Minnesota,Ensemble
2026-04-25,27,1,wk inc flu hosp,2026-05-02,quantile,0.975,56,Minnesota,Ensemble
2026-04-25,27,1,wk inc flu hosp,2026-05-02,quantile,0.99,74,Minnesota,Ensemble
2026-04-25,27,2,wk inc flu hosp,2026-05-09,quantile,0.01,2,Minnesota,Ensemble
2026-04-25,27,2,wk inc flu hosp,2026-05-09,quantile,0.025,2,Minnesota,Ensemble
2026-04-25,27,2,wk inc flu hosp,2026-05-09,quantile,0.05,3,Minnesota,Ensemble
2026-04-25,27,2,wk inc flu hosp,2026-05-09,quantile,0.1,3,Minnesota,Ensemble
2026-04-25,27,2,wk inc flu hosp,2026-05-09,quantile,0.15,4,Minnesota,Ensemble
2026-04-25,27,2,wk inc flu hosp,2026-05-09,quantile,0.2,5,Minnesota,Ensemble
2026-04-25,27,2,wk inc flu hosp,2026-05-09,quantile,0.25,5,Minnesota,Ensemble
2026-04-25,27,2,wk inc flu hosp,2026-05-09,quantile,0.3,6,Minnesota,Ensemble
2026-04-25,27,2,wk inc flu hosp,2026-05-09,quantile,0.35,7,Minnesota,Ensemble
2026-04-25,27,2,wk inc flu hosp,2026-05-09,quantile,0.4,8,Minnesota,Ensemble
2026-04-25,27,2,wk inc flu hosp,2026-05-09,quantile,0.45,9,Minnesota,Ensemble
2026-04-25,27,2,wk inc flu hosp,2026-05-09,quantile,0.5,12,Minnesota,Ensemble
2026-04-25,27,2,wk inc flu hosp,2026-05-09,quantile,0.55,13,Minnesota,Ensemble
2026-04-25,27,2,wk inc flu hosp,2026-05-09,quantile,0.6,15,Minnesota,Ensemble
2026-04-25,27,2,wk inc flu hosp,2026-05-09,quantile,0.65,17,Minnesota,Ensemble
2026-04-25,27,2,wk inc flu hosp,2026-05-09,quantile,0.7,19,Minnesota,Ensemble
2026-04-25,27,2,wk inc flu hosp,2026-05-09,quantile,0.75,21,Minnesota,Ensemble
2026-04-25,27,2,wk inc flu hosp,2026-05-09,quantile,0.8,25,Minnesota,Ensemble
2026-04-25,27,2,wk inc flu hosp,2026-05-09,quantile,0.85,30,Minnesota,Ensemble
2026-04-25,27,2,wk inc flu hosp,2026-05-09,quantile,0.9,37,Minnesota,Ensemble
2026-04-25,27,2,wk inc flu hosp,2026-05-09,quantile,0.95,50,Minnesota,Ensemble
2026-04-25,27,2,wk inc flu hosp,2026-05-09,quantile,0.975,67,Minnesota,Ensemble
2026-04-25,27,2,wk inc flu hosp,2026-05-09,quantile,0.99,88,Minnesota,Ensemble
2026-04-25,27,3,wk inc flu hosp,2026-05-16,quantile,0.01,1,Minnesota,Ensemble
2026-04-25,27,3,wk inc flu hosp,2026-05-16,quantile,0.025,2,Minnesota,Ensemble
2026-04-25,27,3,wk inc flu hosp,2026-05-16,quantile,0.05,2,Minnesota,Ensemble
2026-04-25,27,3,wk inc flu hosp,2026-05-16,quantile,0.1,2,Minnesota,Ensemble
2026-04-25,27,3,wk inc flu hosp,2026-05-16,quantile,0.15,3,Minnesota,Ensemble
2026-04-25,27,3,wk inc flu hosp,2026-05-16,quantile,0.2,4,Minnesota,Ensemble
2026-04-25,27,3,wk inc flu hosp,2026-05-16,quantile,0.25,4,Minnesota,Ensemble
2026-04-25,27,3,wk inc flu hosp,2026-05-16,quantile,0.3,5,Minnesota,Ensemble
2026-04-25,27,3,wk inc flu hosp,2026-05-16,quantile,0.35,6,Minnesota,Ensemble
2026-04-25,27,3,wk inc flu hosp,2026-05-16,quantile,0.4,6,Minnesota,Ensemble
2026-04-25,27,3,wk inc flu hosp,2026-05-16,quantile,0.45,7,Minnesota,Ensemble
2026-04-25,27,3,wk inc flu hosp,2026-05-16,quantile,0.5,10,Minnesota,Ensemble
2026-04-25,27,3,wk inc flu hosp,2026-05-16,quantile,0.55,11,Minnesota,Ensemble
2026-04-25,27,3,wk inc flu hosp,2026-05-16,quantile,0.6,13,Minnesota,Ensemble
2026-04-25,27,3,wk inc flu hosp,2026-05-16,quantile,0.65,15,Minnesota,Ensemble
2026-04-25,27,3,wk inc flu hosp,2026-05-16,quantile,0.7,17,Minnesota,Ensemble
2026-04-25,27,3,wk inc flu hosp,2026-05-16,quantile,0.75,20,Minnesota,Ensemble
2026-04-25,27,3,wk inc flu hosp,2026-05-16,quantile,0.8,23,Minnesota,Ensemble
2026-04-25,27,3,wk inc flu hosp,2026-05-16,quantile,0.85,29,Minnesota,Ensemble
2026-04-25,27,3,wk inc flu hosp,2026-05-16,quantile,0.9,37,Minnesota,Ensemble
2026-04-25,27,3,wk inc flu hosp,2026-05-16,quantile,0.95,52,Minnesota,Ensemble
2026-04-25,27,3,wk inc flu hosp,2026-05-16,quantile,0.975,74,Minnesota,Ensemble
2026-04-25,27,3,wk inc flu hosp,2026-05-16,quantile,0.99,99,Minnesota,Ensemble
2026-04-25,28,0,wk inc flu hosp,2026-04-25,quantile,0.01,3,Mississippi,Ensemble
2026-04-25,28,0,wk inc flu hosp,2026-04-25,quantile,0.025,3,Mississippi,Ensemble
2026-04-25,28,0,wk inc flu hosp,2026-04-25,quantile,0.05,4,Mississippi,Ensemble
2026-04-25,28,0,wk inc flu hosp,2026-04-25,quantile,0.1,6,Mississippi,Ensemble
2026-04-25,28,0,wk inc flu hosp,2026-04-25,quantile,0.15,6,Mississippi,Ensemble
2026-04-25,28,0,wk inc flu hosp,2026-04-25,quantile,0.2,7,Mississippi,Ensemble
2026-04-25,28,0,wk inc flu hosp,2026-04-25,quantile,0.25,8,Mississippi,Ensemble
2026-04-25,28,0,wk inc flu hosp,2026-04-25,quantile,0.3,9,Mississippi,Ensemble
2026-04-25,28,0,wk inc flu hosp,2026-04-25,quantile,0.35,10,Mississippi,Ensemble
2026-04-25,28,0,wk inc flu hosp,2026-04-25,quantile,0.4,10,Mississippi,Ensemble
2026-04-25,28,0,wk inc flu hosp,2026-04-25,quantile,0.45,11,Mississippi,Ensemble
2026-04-25,28,0,wk inc flu hosp,2026-04-25,quantile,0.5,13,Mississippi,Ensemble
2026-04-25,28,0,wk inc flu hosp,2026-04-25,quantile,0.55,14,Mississippi,Ensemble
2026-04-25,28,0,wk inc flu hosp,2026-04-25,quantile,0.6,15,Mississippi,Ensemble
2026-04-25,28,0,wk inc flu hosp,2026-04-25,quantile,0.65,16,Mississippi,Ensemble
2026-04-25,28,0,wk inc flu hosp,2026-04-25,quantile,0.7,17,Mississippi,Ensemble
2026-04-25,28,0,wk inc flu hosp,2026-04-25,quantile,0.75,18,Mississippi,Ensemble
2026-04-25,28,0,wk inc flu hosp,2026-04-25,quantile,0.8,20,Mississippi,Ensemble
2026-04-25,28,0,wk inc flu hosp,2026-04-25,quantile,0.85,21,Mississippi,Ensemble
2026-04-25,28,0,wk inc flu hosp,2026-04-25,quantile,0.9,24,Mississippi,Ensemble
2026-04-25,28,0,wk inc flu hosp,2026-04-25,quantile,0.95,28,Mississippi,Ensemble
2026-04-25,28,0,wk inc flu hosp,2026-04-25,quantile,0.975,33,Mississippi,Ensemble
2026-04-25,28,0,wk inc flu hosp,2026-04-25,quantile,0.99,40,Mississippi,Ensemble
2026-04-25,28,1,wk inc flu hosp,2026-05-02,quantile,0.01,1,Mississippi,Ensemble
2026-04-25,28,1,wk inc flu hosp,2026-05-02,quantile,0.025,2,Mississippi,Ensemble
2026-04-25,28,1,wk inc flu hosp,2026-05-02,quantile,0.05,3,Mississippi,Ensemble
2026-04-25,28,1,wk inc flu hosp,2026-05-02,quantile,0.1,4,Mississippi,Ensemble
2026-04-25,28,1,wk inc flu hosp,2026-05-02,quantile,0.15,5,Mississippi,Ensemble
2026-04-25,28,1,wk inc flu hosp,2026-05-02,quantile,0.2,6,Mississippi,Ensemble
2026-04-25,28,1,wk inc flu hosp,2026-05-02,quantile,0.25,7,Mississippi,Ensemble
2026-04-25,28,1,wk inc flu hosp,2026-05-02,quantile,0.3,7,Mississippi,Ensemble
2026-04-25,28,1,wk inc flu hosp,2026-05-02,quantile,0.35,8,Mississippi,Ensemble
2026-04-25,28,1,wk inc flu hosp,2026-05-02,quantile,0.4,9,Mississippi,Ensemble
2026-04-25,28,1,wk inc flu hosp,2026-05-02,quantile,0.45,10,Mississippi,Ensemble
2026-04-25,28,1,wk inc flu hosp,2026-05-02,quantile,0.5,12,Mississippi,Ensemble
2026-04-25,28,1,wk inc flu hosp,2026-05-02,quantile,0.55,13,Mississippi,Ensemble
2026-04-25,28,1,wk inc flu hosp,2026-05-02,quantile,0.6,14,Mississippi,Ensemble
2026-04-25,28,1,wk inc flu hosp,2026-05-02,quantile,0.65,15,Mississippi,Ensemble
2026-04-25,28,1,wk inc flu hosp,2026-05-02,quantile,0.7,16,Mississippi,Ensemble
2026-04-25,28,1,wk inc flu hosp,2026-05-02,quantile,0.75,18,Mississippi,Ensemble
2026-04-25,28,1,wk inc flu hosp,2026-05-02,quantile,0.8,19,Mississippi,Ensemble
2026-04-25,28,1,wk inc flu hosp,2026-05-02,quantile,0.85,21,Mississippi,Ensemble
2026-04-25,28,1,wk inc flu hosp,2026-05-02,quantile,0.9,24,Mississippi,Ensemble
2026-04-25,28,1,wk inc flu hosp,2026-05-02,quantile,0.95,31,Mississippi,Ensemble
2026-04-25,28,1,wk inc flu hosp,2026-05-02,quantile,0.975,38,Mississippi,Ensemble
2026-04-25,28,1,wk inc flu hosp,2026-05-02,quantile,0.99,46,Mississippi,Ensemble
2026-04-25,28,2,wk inc flu hosp,2026-05-09,quantile,0.01,1,Mississippi,Ensemble
2026-04-25,28,2,wk inc flu hosp,2026-05-09,quantile,0.025,1,Mississippi,Ensemble
2026-04-25,28,2,wk inc flu hosp,2026-05-09,quantile,0.05,2,Mississippi,Ensemble
2026-04-25,28,2,wk inc flu hosp,2026-05-09,quantile,0.1,3,Mississippi,Ensemble
2026-04-25,28,2,wk inc flu hosp,2026-05-09,quantile,0.15,4,Mississippi,Ensemble
2026-04-25,28,2,wk inc flu hosp,2026-05-09,quantile,0.2,5,Mississippi,Ensemble
2026-04-25,28,2,wk inc flu hosp,2026-05-09,quantile,0.25,6,Mississippi,Ensemble
2026-04-25,28,2,wk inc flu hosp,2026-05-09,quantile,0.3,6,Mississippi,Ensemble
2026-04-25,28,2,wk inc flu hosp,2026-05-09,quantile,0.35,7,Mississippi,Ensemble
2026-04-25,28,2,wk inc flu hosp,2026-05-09,quantile,0.4,8,Mississippi,Ensemble
2026-04-25,28,2,wk inc flu hosp,2026-05-09,quantile,0.45,9,Mississippi,Ensemble
2026-04-25,28,2,wk inc flu hosp,2026-05-09,quantile,0.5,11,Mississippi,Ensemble
2026-04-25,28,2,wk inc flu hosp,2026-05-09,quantile,0.55,12,Mississippi,Ensemble
2026-04-25,28,2,wk inc flu hosp,2026-05-09,quantile,0.6,13,Mississippi,Ensemble
2026-04-25,28,2,wk inc flu hosp,2026-05-09,quantile,0.65,14,Mississippi,Ensemble
2026-04-25,28,2,wk inc flu hosp,2026-05-09,quantile,0.7,15,Mississippi,Ensemble
2026-04-25,28,2,wk inc flu hosp,2026-05-09,quantile,0.75,17,Mississippi,Ensemble
2026-04-25,28,2,wk inc flu hosp,2026-05-09,quantile,0.8,19,Mississippi,Ensemble
2026-04-25,28,2,wk inc flu hosp,2026-05-09,quantile,0.85,22,Mississippi,Ensemble
2026-04-25,28,2,wk inc flu hosp,2026-05-09,quantile,0.9,26,Mississippi,Ensemble
2026-04-25,28,2,wk inc flu hosp,2026-05-09,quantile,0.95,34,Mississippi,Ensemble
2026-04-25,28,2,wk inc flu hosp,2026-05-09,quantile,0.975,41,Mississippi,Ensemble
2026-04-25,28,2,wk inc flu hosp,2026-05-09,quantile,0.99,51,Mississippi,Ensemble
2026-04-25,28,3,wk inc flu hosp,2026-05-16,quantile,0.01,1,Mississippi,Ensemble
2026-04-25,28,3,wk inc flu hosp,2026-05-16,quantile,0.025,1,Mississippi,Ensemble
2026-04-25,28,3,wk inc flu hosp,2026-05-16,quantile,0.05,2,Mississippi,Ensemble
2026-04-25,28,3,wk inc flu hosp,2026-05-16,quantile,0.1,3,Mississippi,Ensemble
2026-04-25,28,3,wk inc flu hosp,2026-05-16,quantile,0.15,3,Mississippi,Ensemble
2026-04-25,28,3,wk inc flu hosp,2026-05-16,quantile,0.2,4,Mississippi,Ensemble
2026-04-25,28,3,wk inc flu hosp,2026-05-16,quantile,0.25,5,Mississippi,Ensemble
2026-04-25,28,3,wk inc flu hosp,2026-05-16,quantile,0.3,6,Mississippi,Ensemble
2026-04-25,28,3,wk inc flu hosp,2026-05-16,quantile,0.35,6,Mississippi,Ensemble
2026-04-25,28,3,wk inc flu hosp,2026-05-16,quantile,0.4,7,Mississippi,Ensemble
2026-04-25,28,3,wk inc flu hosp,2026-05-16,quantile,0.45,8,Mississippi,Ensemble
2026-04-25,28,3,wk inc flu hosp,2026-05-16,quantile,0.5,10,Mississippi,Ensemble
2026-04-25,28,3,wk inc flu hosp,2026-05-16,quantile,0.55,11,Mississippi,Ensemble
2026-04-25,28,3,wk inc flu hosp,2026-05-16,quantile,0.6,12,Mississippi,Ensemble
2026-04-25,28,3,wk inc flu hosp,2026-05-16,quantile,0.65,14,Mississippi,Ensemble
2026-04-25,28,3,wk inc flu hosp,2026-05-16,quantile,0.7,15,Mississippi,Ensemble
2026-04-25,28,3,wk inc flu hosp,2026-05-16,quantile,0.75,17,Mississippi,Ensemble
2026-04-25,28,3,wk inc flu hosp,2026-05-16,quantile,0.8,19,Mississippi,Ensemble
2026-04-25,28,3,wk inc flu hosp,2026-05-16,quantile,0.85,23,Mississippi,Ensemble
2026-04-25,28,3,wk inc flu hosp,2026-05-16,quantile,0.9,27,Mississippi,Ensemble
2026-04-25,28,3,wk inc flu hosp,2026-05-16,quantile,0.95,37,Mississippi,Ensemble
2026-04-25,28,3,wk inc flu hosp,2026-05-16,quantile,0.975,45,Mississippi,Ensemble
2026-04-25,28,3,wk inc flu hosp,2026-05-16,quantile,0.99,57,Mississippi,Ensemble
2026-04-25,29,0,wk inc flu hosp,2026-04-25,quantile,0.01,3,Missouri,Ensemble
2026-04-25,29,0,wk inc flu hosp,2026-04-25,quantile,0.025,5,Missouri,Ensemble
2026-04-25,29,0,wk inc flu hosp,2026-04-25,quantile,0.05,6,Missouri,Ensemble
2026-04-25,29,0,wk inc flu hosp,2026-04-25,quantile,0.1,9,Missouri,Ensemble
2026-04-25,29,0,wk inc flu hosp,2026-04-25,quantile,0.15,10,Missouri,Ensemble
2026-04-25,29,0,wk inc flu hosp,2026-04-25,quantile,0.2,11,Missouri,Ensemble
2026-04-25,29,0,wk inc flu hosp,2026-04-25,quantile,0.25,13,Missouri,Ensemble
2026-04-25,29,0,wk inc flu hosp,2026-04-25,quantile,0.3,14,Missouri,Ensemble
2026-04-25,29,0,wk inc flu hosp,2026-04-25,quantile,0.35,15,Missouri,Ensemble
2026-04-25,29,0,wk inc flu hosp,2026-04-25,quantile,0.4,16,Missouri,Ensemble
2026-04-25,29,0,wk inc flu hosp,2026-04-25,quantile,0.45,18,Missouri,Ensemble
2026-04-25,29,0,wk inc flu hosp,2026-04-25,quantile,0.5,20,Missouri,Ensemble
2026-04-25,29,0,wk inc flu hosp,2026-04-25,quantile,0.55,21,Missouri,Ensemble
2026-04-25,29,0,wk inc flu hosp,2026-04-25,quantile,0.6,23,Missouri,Ensemble
2026-04-25,29,0,wk inc flu hosp,2026-04-25,quantile,0.65,25,Missouri,Ensemble
2026-04-25,29,0,wk inc flu hosp,2026-04-25,quantile,0.7,26,Missouri,Ensemble
2026-04-25,29,0,wk inc flu hosp,2026-04-25,quantile,0.75,28,Missouri,Ensemble
2026-04-25,29,0,wk inc flu hosp,2026-04-25,quantile,0.8,31,Missouri,Ensemble
2026-04-25,29,0,wk inc flu hosp,2026-04-25,quantile,0.85,34,Missouri,Ensemble
2026-04-25,29,0,wk inc flu hosp,2026-04-25,quantile,0.9,39,Missouri,Ensemble
2026-04-25,29,0,wk inc flu hosp,2026-04-25,quantile,0.95,48,Missouri,Ensemble
2026-04-25,29,0,wk inc flu hosp,2026-04-25,quantile,0.975,57,Missouri,Ensemble
2026-04-25,29,0,wk inc flu hosp,2026-04-25,quantile,0.99,72,Missouri,Ensemble
2026-04-25,29,1,wk inc flu hosp,2026-05-02,quantile,0.01,2,Missouri,Ensemble
2026-04-25,29,1,wk inc flu hosp,2026-05-02,quantile,0.025,3,Missouri,Ensemble
2026-04-25,29,1,wk inc flu hosp,2026-05-02,quantile,0.05,4,Missouri,Ensemble
2026-04-25,29,1,wk inc flu hosp,2026-05-02,quantile,0.1,6,Missouri,Ensemble
2026-04-25,29,1,wk inc flu hosp,2026-05-02,quantile,0.15,8,Missouri,Ensemble
2026-04-25,29,1,wk inc flu hosp,2026-05-02,quantile,0.2,9,Missouri,Ensemble
2026-04-25,29,1,wk inc flu hosp,2026-05-02,quantile,0.25,10,Missouri,Ensemble
2026-04-25,29,1,wk inc flu hosp,2026-05-02,quantile,0.3,11,Missouri,Ensemble
2026-04-25,29,1,wk inc flu hosp,2026-05-02,quantile,0.35,13,Missouri,Ensemble
2026-04-25,29,1,wk inc flu hosp,2026-05-02,quantile,0.4,14,Missouri,Ensemble
2026-04-25,29,1,wk inc flu hosp,2026-05-02,quantile,0.45,15,Missouri,Ensemble
2026-04-25,29,1,wk inc flu hosp,2026-05-02,quantile,0.5,18,Missouri,Ensemble
2026-04-25,29,1,wk inc flu hosp,2026-05-02,quantile,0.55,19,Missouri,Ensemble
2026-04-25,29,1,wk inc flu hosp,2026-05-02,quantile,0.6,21,Missouri,Ensemble
2026-04-25,29,1,wk inc flu hosp,2026-05-02,quantile,0.65,23,Missouri,Ensemble
2026-04-25,29,1,wk inc flu hosp,2026-05-02,quantile,0.7,24,Missouri,Ensemble
2026-04-25,29,1,wk inc flu hosp,2026-05-02,quantile,0.75,27,Missouri,Ensemble
2026-04-25,29,1,wk inc flu hosp,2026-05-02,quantile,0.8,30,Missouri,Ensemble
2026-04-25,29,1,wk inc flu hosp,2026-05-02,quantile,0.85,34,Missouri,Ensemble
2026-04-25,29,1,wk inc flu hosp,2026-05-02,quantile,0.9,40,Missouri,Ensemble
2026-04-25,29,1,wk inc flu hosp,2026-05-02,quantile,0.95,52,Missouri,Ensemble
2026-04-25,29,1,wk inc flu hosp,2026-05-02,quantile,0.975,69,Missouri,Ensemble
2026-04-25,29,1,wk inc flu hosp,2026-05-02,quantile,0.99,91,Missouri,Ensemble
2026-04-25,29,2,wk inc flu hosp,2026-05-09,quantile,0.01,1,Missouri,Ensemble
2026-04-25,29,2,wk inc flu hosp,2026-05-09,quantile,0.025,2,Missouri,Ensemble
2026-04-25,29,2,wk inc flu hosp,2026-05-09,quantile,0.05,3,Missouri,Ensemble
2026-04-25,29,2,wk inc flu hosp,2026-05-09,quantile,0.1,4,Missouri,Ensemble
2026-04-25,29,2,wk inc flu hosp,2026-05-09,quantile,0.15,5,Missouri,Ensemble
2026-04-25,29,2,wk inc flu hosp,2026-05-09,quantile,0.2,6,Missouri,Ensemble
2026-04-25,29,2,wk inc flu hosp,2026-05-09,quantile,0.25,7,Missouri,Ensemble
2026-04-25,29,2,wk inc flu hosp,2026-05-09,quantile,0.3,8,Missouri,Ensemble
2026-04-25,29,2,wk inc flu hosp,2026-05-09,quantile,0.35,9,Missouri,Ensemble
2026-04-25,29,2,wk inc flu hosp,2026-05-09,quantile,0.4,11,Missouri,Ensemble
2026-04-25,29,2,wk inc flu hosp,2026-05-09,quantile,0.45,12,Missouri,Ensemble
2026-04-25,29,2,wk inc flu hosp,2026-05-09,quantile,0.5,14,Missouri,Ensemble
2026-04-25,29,2,wk inc flu hosp,2026-05-09,quantile,0.55,15,Missouri,Ensemble
2026-04-25,29,2,wk inc flu hosp,2026-05-09,quantile,0.6,17,Missouri,Ensemble
2026-04-25,29,2,wk inc flu hosp,2026-05-09,quantile,0.65,18,Missouri,Ensemble
2026-04-25,29,2,wk inc flu hosp,2026-05-09,quantile,0.7,20,Missouri,Ensemble
2026-04-25,29,2,wk inc flu hosp,2026-05-09,quantile,0.75,23,Missouri,Ensemble
2026-04-25,29,2,wk inc flu hosp,2026-05-09,quantile,0.8,26,Missouri,Ensemble
2026-04-25,29,2,wk inc flu hosp,2026-05-09,quantile,0.85,31,Missouri,Ensemble
2026-04-25,29,2,wk inc flu hosp,2026-05-09,quantile,0.9,38,Missouri,Ensemble
2026-04-25,29,2,wk inc flu hosp,2026-05-09,quantile,0.95,52,Missouri,Ensemble
2026-04-25,29,2,wk inc flu hosp,2026-05-09,quantile,0.975,71,Missouri,Ensemble
2026-04-25,29,2,wk inc flu hosp,2026-05-09,quantile,0.99,94,Missouri,Ensemble
2026-04-25,29,3,wk inc flu hosp,2026-05-16,quantile,0.01,1,Missouri,Ensemble
2026-04-25,29,3,wk inc flu hosp,2026-05-16,quantile,0.025,1,Missouri,Ensemble
2026-04-25,29,3,wk inc flu hosp,2026-05-16,quantile,0.05,2,Missouri,Ensemble
2026-04-25,29,3,wk inc flu hosp,2026-05-16,quantile,0.1,3,Missouri,Ensemble
2026-04-25,29,3,wk inc flu hosp,2026-05-16,quantile,0.15,4,Missouri,Ensemble
2026-04-25,29,3,wk inc flu hosp,2026-05-16,quantile,0.2,5,Missouri,Ensemble
2026-04-25,29,3,wk inc flu hosp,2026-05-16,quantile,0.25,6,Missouri,Ensemble
2026-04-25,29,3,wk inc flu hosp,2026-05-16,quantile,0.3,7,Missouri,Ensemble
2026-04-25,29,3,wk inc flu hosp,2026-05-16,quantile,0.35,7,Missouri,Ensemble
2026-04-25,29,3,wk inc flu hosp,2026-05-16,quantile,0.4,9,Missouri,Ensemble
2026-04-25,29,3,wk inc flu hosp,2026-05-16,quantile,0.45,10,Missouri,Ensemble
2026-04-25,29,3,wk inc flu hosp,2026-05-16,quantile,0.5,12,Missouri,Ensemble
2026-04-25,29,3,wk inc flu hosp,2026-05-16,quantile,0.55,13,Missouri,Ensemble
2026-04-25,29,3,wk inc flu hosp,2026-05-16,quantile,0.6,15,Missouri,Ensemble
2026-04-25,29,3,wk inc flu hosp,2026-05-16,quantile,0.65,16,Missouri,Ensemble
2026-04-25,29,3,wk inc flu hosp,2026-05-16,quantile,0.7,18,Missouri,Ensemble
2026-04-25,29,3,wk inc flu hosp,2026-05-16,quantile,0.75,21,Missouri,Ensemble
2026-04-25,29,3,wk inc flu hosp,2026-05-16,quantile,0.8,25,Missouri,Ensemble
2026-04-25,29,3,wk inc flu hosp,2026-05-16,quantile,0.85,30,Missouri,Ensemble
2026-04-25,29,3,wk inc flu hosp,2026-05-16,quantile,0.9,38,Missouri,Ensemble
2026-04-25,29,3,wk inc flu hosp,2026-05-16,quantile,0.95,55,Missouri,Ensemble
2026-04-25,29,3,wk inc flu hosp,2026-05-16,quantile,0.975,75,Missouri,Ensemble
2026-04-25,29,3,wk inc flu hosp,2026-05-16,quantile,0.99,101,Missouri,Ensemble
2026-04-25,30,0,wk inc flu hosp,2026-04-25,quantile,0.01,0,Montana,Ensemble
2026-04-25,30,0,wk inc flu hosp,2026-04-25,quantile,0.025,0,Montana,Ensemble
2026-04-25,30,0,wk inc flu hosp,2026-04-25,quantile,0.05,0,Montana,Ensemble
2026-04-25,30,0,wk inc flu hosp,2026-04-25,quantile,0.1,1,Montana,Ensemble
2026-04-25,30,0,wk inc flu hosp,2026-04-25,quantile,0.15,1,Montana,Ensemble
2026-04-25,30,0,wk inc flu hosp,2026-04-25,quantile,0.2,2,Montana,Ensemble
2026-04-25,30,0,wk inc flu hosp,2026-04-25,quantile,0.25,2,Montana,Ensemble
2026-04-25,30,0,wk inc flu hosp,2026-04-25,quantile,0.3,2,Montana,Ensemble
2026-04-25,30,0,wk inc flu hosp,2026-04-25,quantile,0.35,2,Montana,Ensemble
2026-04-25,30,0,wk inc flu hosp,2026-04-25,quantile,0.4,3,Montana,Ensemble
2026-04-25,30,0,wk inc flu hosp,2026-04-25,quantile,0.45,3,Montana,Ensemble
2026-04-25,30,0,wk inc flu hosp,2026-04-25,quantile,0.5,4,Montana,Ensemble
2026-04-25,30,0,wk inc flu hosp,2026-04-25,quantile,0.55,5,Montana,Ensemble
2026-04-25,30,0,wk inc flu hosp,2026-04-25,quantile,0.6,5,Montana,Ensemble
2026-04-25,30,0,wk inc flu hosp,2026-04-25,quantile,0.65,6,Montana,Ensemble
2026-04-25,30,0,wk inc flu hosp,2026-04-25,quantile,0.7,6,Montana,Ensemble
2026-04-25,30,0,wk inc flu hosp,2026-04-25,quantile,0.75,7,Montana,Ensemble
2026-04-25,30,0,wk inc flu hosp,2026-04-25,quantile,0.8,8,Montana,Ensemble
2026-04-25,30,0,wk inc flu hosp,2026-04-25,quantile,0.85,9,Montana,Ensemble
2026-04-25,30,0,wk inc flu hosp,2026-04-25,quantile,0.9,10,Montana,Ensemble
2026-04-25,30,0,wk inc flu hosp,2026-04-25,quantile,0.95,12,Montana,Ensemble
2026-04-25,30,0,wk inc flu hosp,2026-04-25,quantile,0.975,15,Montana,Ensemble
2026-04-25,30,0,wk inc flu hosp,2026-04-25,quantile,0.99,18,Montana,Ensemble
2026-04-25,30,1,wk inc flu hosp,2026-05-02,quantile,0.01,0,Montana,Ensemble
2026-04-25,30,1,wk inc flu hosp,2026-05-02,quantile,0.025,0,Montana,Ensemble
2026-04-25,30,1,wk inc flu hosp,2026-05-02,quantile,0.05,0,Montana,Ensemble
2026-04-25,30,1,wk inc flu hosp,2026-05-02,quantile,0.1,0,Montana,Ensemble
2026-04-25,30,1,wk inc flu hosp,2026-05-02,quantile,0.15,0,Montana,Ensemble
2026-04-25,30,1,wk inc flu hosp,2026-05-02,quantile,0.2,1,Montana,Ensemble
2026-04-25,30,1,wk inc flu hosp,2026-05-02,quantile,0.25,1,Montana,Ensemble
2026-04-25,30,1,wk inc flu hosp,2026-05-02,quantile,0.3,1,Montana,Ensemble
2026-04-25,30,1,wk inc flu hosp,2026-05-02,quantile,0.35,2,Montana,Ensemble
2026-04-25,30,1,wk inc flu hosp,2026-05-02,quantile,0.4,2,Montana,Ensemble
2026-04-25,30,1,wk inc flu hosp,2026-05-02,quantile,0.45,2,Montana,Ensemble
2026-04-25,30,1,wk inc flu hosp,2026-05-02,quantile,0.5,3,Montana,Ensemble
2026-04-25,30,1,wk inc flu hosp,2026-05-02,quantile,0.55,4,Montana,Ensemble
2026-04-25,30,1,wk inc flu hosp,2026-05-02,quantile,0.6,4,Montana,Ensemble
2026-04-25,30,1,wk inc flu hosp,2026-05-02,quantile,0.65,5,Montana,Ensemble
2026-04-25,30,1,wk inc flu hosp,2026-05-02,quantile,0.7,5,Montana,Ensemble
2026-04-25,30,1,wk inc flu hosp,2026-05-02,quantile,0.75,6,Montana,Ensemble
2026-04-25,30,1,wk inc flu hosp,2026-05-02,quantile,0.8,6,Montana,Ensemble
2026-04-25,30,1,wk inc flu hosp,2026-05-02,quantile,0.85,7,Montana,Ensemble
2026-04-25,30,1,wk inc flu hosp,2026-05-02,quantile,0.9,9,Montana,Ensemble
2026-04-25,30,1,wk inc flu hosp,2026-05-02,quantile,0.95,12,Montana,Ensemble
2026-04-25,30,1,wk inc flu hosp,2026-05-02,quantile,0.975,14,Montana,Ensemble
2026-04-25,30,1,wk inc flu hosp,2026-05-02,quantile,0.99,19,Montana,Ensemble
2026-04-25,30,2,wk inc flu hosp,2026-05-09,quantile,0.01,0,Montana,Ensemble
2026-04-25,30,2,wk inc flu hosp,2026-05-09,quantile,0.025,0,Montana,Ensemble
2026-04-25,30,2,wk inc flu hosp,2026-05-09,quantile,0.05,0,Montana,Ensemble
2026-04-25,30,2,wk inc flu hosp,2026-05-09,quantile,0.1,0,Montana,Ensemble
2026-04-25,30,2,wk inc flu hosp,2026-05-09,quantile,0.15,0,Montana,Ensemble
2026-04-25,30,2,wk inc flu hosp,2026-05-09,quantile,0.2,0,Montana,Ensemble
2026-04-25,30,2,wk inc flu hosp,2026-05-09,quantile,0.25,1,Montana,Ensemble
2026-04-25,30,2,wk inc flu hosp,2026-05-09,quantile,0.3,1,Montana,Ensemble
2026-04-25,30,2,wk inc flu hosp,2026-05-09,quantile,0.35,1,Montana,Ensemble
2026-04-25,30,2,wk inc flu hosp,2026-05-09,quantile,0.4,1,Montana,Ensemble
2026-04-25,30,2,wk inc flu hosp,2026-05-09,quantile,0.45,2,Montana,Ensemble
2026-04-25,30,2,wk inc flu hosp,2026-05-09,quantile,0.5,3,Montana,Ensemble
2026-04-25,30,2,wk inc flu hosp,2026-05-09,quantile,0.55,3,Montana,Ensemble
2026-04-25,30,2,wk inc flu hosp,2026-05-09,quantile,0.6,3,Montana,Ensemble
2026-04-25,30,2,wk inc flu hosp,2026-05-09,quantile,0.65,4,Montana,Ensemble
2026-04-25,30,2,wk inc flu hosp,2026-05-09,quantile,0.7,4,Montana,Ensemble
2026-04-25,30,2,wk inc flu hosp,2026-05-09,quantile,0.75,5,Montana,Ensemble
2026-04-25,30,2,wk inc flu hosp,2026-05-09,quantile,0.8,6,Montana,Ensemble
2026-04-25,30,2,wk inc flu hosp,2026-05-09,quantile,0.85,7,Montana,Ensemble
2026-04-25,30,2,wk inc flu hosp,2026-05-09,quantile,0.9,8,Montana,Ensemble
2026-04-25,30,2,wk inc flu hosp,2026-05-09,quantile,0.95,12,Montana,Ensemble
2026-04-25,30,2,wk inc flu hosp,2026-05-09,quantile,0.975,15,Montana,Ensemble
2026-04-25,30,2,wk inc flu hosp,2026-05-09,quantile,0.99,21,Montana,Ensemble
2026-04-25,30,3,wk inc flu hosp,2026-05-16,quantile,0.01,0,Montana,Ensemble
2026-04-25,30,3,wk inc flu hosp,2026-05-16,quantile,0.025,0,Montana,Ensemble
2026-04-25,30,3,wk inc flu hosp,2026-05-16,quantile,0.05,0,Montana,Ensemble
2026-04-25,30,3,wk inc flu hosp,2026-05-16,quantile,0.1,0,Montana,Ensemble
2026-04-25,30,3,wk inc flu hosp,2026-05-16,quantile,0.15,0,Montana,Ensemble
2026-04-25,30,3,wk inc flu hosp,2026-05-16,quantile,0.2,0,Montana,Ensemble
2026-04-25,30,3,wk inc flu hosp,2026-05-16,quantile,0.25,0,Montana,Ensemble
2026-04-25,30,3,wk inc flu hosp,2026-05-16,quantile,0.3,1,Montana,Ensemble
2026-04-25,30,3,wk inc flu hosp,2026-05-16,quantile,0.35,1,Montana,Ensemble
2026-04-25,30,3,wk inc flu hosp,2026-05-16,quantile,0.4,1,Montana,Ensemble
2026-04-25,30,3,wk inc flu hosp,2026-05-16,quantile,0.45,1,Montana,Ensemble
2026-04-25,30,3,wk inc flu hosp,2026-05-16,quantile,0.5,3,Montana,Ensemble
2026-04-25,30,3,wk inc flu hosp,2026-05-16,quantile,0.55,3,Montana,Ensemble
2026-04-25,30,3,wk inc flu hosp,2026-05-16,quantile,0.6,3,Montana,Ensemble
2026-04-25,30,3,wk inc flu hosp,2026-05-16,quantile,0.65,4,Montana,Ensemble
2026-04-25,30,3,wk inc flu hosp,2026-05-16,quantile,0.7,4,Montana,Ensemble
2026-04-25,30,3,wk inc flu hosp,2026-05-16,quantile,0.75,5,Montana,Ensemble
2026-04-25,30,3,wk inc flu hosp,2026-05-16,quantile,0.8,5,Montana,Ensemble
2026-04-25,30,3,wk inc flu hosp,2026-05-16,quantile,0.85,6,Montana,Ensemble
2026-04-25,30,3,wk inc flu hosp,2026-05-16,quantile,0.9,8,Montana,Ensemble
2026-04-25,30,3,wk inc flu hosp,2026-05-16,quantile,0.95,11,Montana,Ensemble
2026-04-25,30,3,wk inc flu hosp,2026-05-16,quantile,0.975,15,Montana,Ensemble
2026-04-25,30,3,wk inc flu hosp,2026-05-16,quantile,0.99,23,Montana,Ensemble
2026-04-25,31,0,wk inc flu hosp,2026-04-25,quantile,0.01,0,Nebraska,Ensemble
2026-04-25,31,0,wk inc flu hosp,2026-04-25,quantile,0.025,1,Nebraska,Ensemble
2026-04-25,31,0,wk inc flu hosp,2026-04-25,quantile,0.05,1,Nebraska,Ensemble
2026-04-25,31,0,wk inc flu hosp,2026-04-25,quantile,0.1,2,Nebraska,Ensemble
2026-04-25,31,0,wk inc flu hosp,2026-04-25,quantile,0.15,2,Nebraska,Ensemble
2026-04-25,31,0,wk inc flu hosp,2026-04-25,quantile,0.2,3,Nebraska,Ensemble
2026-04-25,31,0,wk inc flu hosp,2026-04-25,quantile,0.25,3,Nebraska,Ensemble
2026-04-25,31,0,wk inc flu hosp,2026-04-25,quantile,0.3,4,Nebraska,Ensemble
2026-04-25,31,0,wk inc flu hosp,2026-04-25,quantile,0.35,4,Nebraska,Ensemble
2026-04-25,31,0,wk inc flu hosp,2026-04-25,quantile,0.4,4,Nebraska,Ensemble
2026-04-25,31,0,wk inc flu hosp,2026-04-25,quantile,0.45,5,Nebraska,Ensemble
2026-04-25,31,0,wk inc flu hosp,2026-04-25,quantile,0.5,6,Nebraska,Ensemble
2026-04-25,31,0,wk inc flu hosp,2026-04-25,quantile,0.55,7,Nebraska,Ensemble
2026-04-25,31,0,wk inc flu hosp,2026-04-25,quantile,0.6,7,Nebraska,Ensemble
2026-04-25,31,0,wk inc flu hosp,2026-04-25,quantile,0.65,8,Nebraska,Ensemble
2026-04-25,31,0,wk inc flu hosp,2026-04-25,quantile,0.7,8,Nebraska,Ensemble
2026-04-25,31,0,wk inc flu hosp,2026-04-25,quantile,0.75,9,Nebraska,Ensemble
2026-04-25,31,0,wk inc flu hosp,2026-04-25,quantile,0.8,10,Nebraska,Ensemble
2026-04-25,31,0,wk inc flu hosp,2026-04-25,quantile,0.85,11,Nebraska,Ensemble
2026-04-25,31,0,wk inc flu hosp,2026-04-25,quantile,0.9,13,Nebraska,Ensemble
2026-04-25,31,0,wk inc flu hosp,2026-04-25,quantile,0.95,16,Nebraska,Ensemble
2026-04-25,31,0,wk inc flu hosp,2026-04-25,quantile,0.975,20,Nebraska,Ensemble
2026-04-25,31,0,wk inc flu hosp,2026-04-25,quantile,0.99,25,Nebraska,Ensemble
2026-04-25,31,1,wk inc flu hosp,2026-05-02,quantile,0.01,0,Nebraska,Ensemble
2026-04-25,31,1,wk inc flu hosp,2026-05-02,quantile,0.025,0,Nebraska,Ensemble
2026-04-25,31,1,wk inc flu hosp,2026-05-02,quantile,0.05,1,Nebraska,Ensemble
2026-04-25,31,1,wk inc flu hosp,2026-05-02,quantile,0.1,1,Nebraska,Ensemble
2026-04-25,31,1,wk inc flu hosp,2026-05-02,quantile,0.15,2,Nebraska,Ensemble
2026-04-25,31,1,wk inc flu hosp,2026-05-02,quantile,0.2,2,Nebraska,Ensemble
2026-04-25,31,1,wk inc flu hosp,2026-05-02,quantile,0.25,2,Nebraska,Ensemble
2026-04-25,31,1,wk inc flu hosp,2026-05-02,quantile,0.3,3,Nebraska,Ensemble
2026-04-25,31,1,wk inc flu hosp,2026-05-02,quantile,0.35,3,Nebraska,Ensemble
2026-04-25,31,1,wk inc flu hosp,2026-05-02,quantile,0.4,4,Nebraska,Ensemble
2026-04-25,31,1,wk inc flu hosp,2026-05-02,quantile,0.45,4,Nebraska,Ensemble
2026-04-25,31,1,wk inc flu hosp,2026-05-02,quantile,0.5,5,Nebraska,Ensemble
2026-04-25,31,1,wk inc flu hosp,2026-05-02,quantile,0.55,6,Nebraska,Ensemble
2026-04-25,31,1,wk inc flu hosp,2026-05-02,quantile,0.6,6,Nebraska,Ensemble
2026-04-25,31,1,wk inc flu hosp,2026-05-02,quantile,0.65,7,Nebraska,Ensemble
2026-04-25,31,1,wk inc flu hosp,2026-05-02,quantile,0.7,7,Nebraska,Ensemble
2026-04-25,31,1,wk inc flu hosp,2026-05-02,quantile,0.75,8,Nebraska,Ensemble
2026-04-25,31,1,wk inc flu hosp,2026-05-02,quantile,0.8,9,Nebraska,Ensemble
2026-04-25,31,1,wk inc flu hosp,2026-05-02,quantile,0.85,11,Nebraska,Ensemble
2026-04-25,31,1,wk inc flu hosp,2026-05-02,quantile,0.9,13,Nebraska,Ensemble
2026-04-25,31,1,wk inc flu hosp,2026-05-02,quantile,0.95,17,Nebraska,Ensemble
2026-04-25,31,1,wk inc flu hosp,2026-05-02,quantile,0.975,21,Nebraska,Ensemble
2026-04-25,31,1,wk inc flu hosp,2026-05-02,quantile,0.99,27,Nebraska,Ensemble
2026-04-25,31,2,wk inc flu hosp,2026-05-09,quantile,0.01,0,Nebraska,Ensemble
2026-04-25,31,2,wk inc flu hosp,2026-05-09,quantile,0.025,0,Nebraska,Ensemble
2026-04-25,31,2,wk inc flu hosp,2026-05-09,quantile,0.05,0,Nebraska,Ensemble
2026-04-25,31,2,wk inc flu hosp,2026-05-09,quantile,0.1,1,Nebraska,Ensemble
2026-04-25,31,2,wk inc flu hosp,2026-05-09,quantile,0.15,1,Nebraska,Ensemble
2026-04-25,31,2,wk inc flu hosp,2026-05-09,quantile,0.2,1,Nebraska,Ensemble
2026-04-25,31,2,wk inc flu hosp,2026-05-09,quantile,0.25,1,Nebraska,Ensemble
2026-04-25,31,2,wk inc flu hosp,2026-05-09,quantile,0.3,2,Nebraska,Ensemble
2026-04-25,31,2,wk inc flu hosp,2026-05-09,quantile,0.35,2,Nebraska,Ensemble
2026-04-25,31,2,wk inc flu hosp,2026-05-09,quantile,0.4,2,Nebraska,Ensemble
2026-04-25,31,2,wk inc flu hosp,2026-05-09,quantile,0.45,3,Nebraska,Ensemble
2026-04-25,31,2,wk inc flu hosp,2026-05-09,quantile,0.5,4,Nebraska,Ensemble
2026-04-25,31,2,wk inc flu hosp,2026-05-09,quantile,0.55,5,Nebraska,Ensemble
2026-04-25,31,2,wk inc flu hosp,2026-05-09,quantile,0.6,5,Nebraska,Ensemble
2026-04-25,31,2,wk inc flu hosp,2026-05-09,quantile,0.65,6,Nebraska,Ensemble
2026-04-25,31,2,wk inc flu hosp,2026-05-09,quantile,0.7,7,Nebraska,Ensemble
2026-04-25,31,2,wk inc flu hosp,2026-05-09,quantile,0.75,8,Nebraska,Ensemble
2026-04-25,31,2,wk inc flu hosp,2026-05-09,quantile,0.8,9,Nebraska,Ensemble
2026-04-25,31,2,wk inc flu hosp,2026-05-09,quantile,0.85,10,Nebraska,Ensemble
2026-04-25,31,2,wk inc flu hosp,2026-05-09,quantile,0.9,13,Nebraska,Ensemble
2026-04-25,31,2,wk inc flu hosp,2026-05-09,quantile,0.95,19,Nebraska,Ensemble
2026-04-25,31,2,wk inc flu hosp,2026-05-09,quantile,0.975,23,Nebraska,Ensemble
2026-04-25,31,2,wk inc flu hosp,2026-05-09,quantile,0.99,31,Nebraska,Ensemble
2026-04-25,31,3,wk inc flu hosp,2026-05-16,quantile,0.01,0,Nebraska,Ensemble
2026-04-25,31,3,wk inc flu hosp,2026-05-16,quantile,0.025,0,Nebraska,Ensemble
2026-04-25,31,3,wk inc flu hosp,2026-05-16,quantile,0.05,0,Nebraska,Ensemble
2026-04-25,31,3,wk inc flu hosp,2026-05-16,quantile,0.1,0,Nebraska,Ensemble
2026-04-25,31,3,wk inc flu hosp,2026-05-16,quantile,0.15,0,Nebraska,Ensemble
2026-04-25,31,3,wk inc flu hosp,2026-05-16,quantile,0.2,1,Nebraska,Ensemble
2026-04-25,31,3,wk inc flu hosp,2026-05-16,quantile,0.25,1,Nebraska,Ensemble
2026-04-25,31,3,wk inc flu hosp,2026-05-16,quantile,0.3,1,Nebraska,Ensemble
2026-04-25,31,3,wk inc flu hosp,2026-05-16,quantile,0.35,2,Nebraska,Ensemble
2026-04-25,31,3,wk inc flu hosp,2026-05-16,quantile,0.4,2,Nebraska,Ensemble
2026-04-25,31,3,wk inc flu hosp,2026-05-16,quantile,0.45,2,Nebraska,Ensemble
2026-04-25,31,3,wk inc flu hosp,2026-05-16,quantile,0.5,4,Nebraska,Ensemble
2026-04-25,31,3,wk inc flu hosp,2026-05-16,quantile,0.55,4,Nebraska,Ensemble
2026-04-25,31,3,wk inc flu hosp,2026-05-16,quantile,0.6,5,Nebraska,Ensemble
2026-04-25,31,3,wk inc flu hosp,2026-05-16,quantile,0.65,5,Nebraska,Ensemble
2026-04-25,31,3,wk inc flu hosp,2026-05-16,quantile,0.7,6,Nebraska,Ensemble
2026-04-25,31,3,wk inc flu hosp,2026-05-16,quantile,0.75,7,Nebraska,Ensemble
2026-04-25,31,3,wk inc flu hosp,2026-05-16,quantile,0.8,9,Nebraska,Ensemble
2026-04-25,31,3,wk inc flu hosp,2026-05-16,quantile,0.85,10,Nebraska,Ensemble
2026-04-25,31,3,wk inc flu hosp,2026-05-16,quantile,0.9,14,Nebraska,Ensemble
2026-04-25,31,3,wk inc flu hosp,2026-05-16,quantile,0.95,20,Nebraska,Ensemble
2026-04-25,31,3,wk inc flu hosp,2026-05-16,quantile,0.975,26,Nebraska,Ensemble
2026-04-25,31,3,wk inc flu hosp,2026-05-16,quantile,0.99,34,Nebraska,Ensemble
2026-04-25,32,0,wk inc flu hosp,2026-04-25,quantile,0.01,3,Nevada,Ensemble
2026-04-25,32,0,wk inc flu hosp,2026-04-25,quantile,0.025,4,Nevada,Ensemble
2026-04-25,32,0,wk inc flu hosp,2026-04-25,quantile,0.05,5,Nevada,Ensemble
2026-04-25,32,0,wk inc flu hosp,2026-04-25,quantile,0.1,7,Nevada,Ensemble
2026-04-25,32,0,wk inc flu hosp,2026-04-25,quantile,0.15,8,Nevada,Ensemble
2026-04-25,32,0,wk inc flu hosp,2026-04-25,quantile,0.2,9,Nevada,Ensemble
2026-04-25,32,0,wk inc flu hosp,2026-04-25,quantile,0.25,10,Nevada,Ensemble
2026-04-25,32,0,wk inc flu hosp,2026-04-25,quantile,0.3,11,Nevada,Ensemble
2026-04-25,32,0,wk inc flu hosp,2026-04-25,quantile,0.35,12,Nevada,Ensemble
2026-04-25,32,0,wk inc flu hosp,2026-04-25,quantile,0.4,13,Nevada,Ensemble
2026-04-25,32,0,wk inc flu hosp,2026-04-25,quantile,0.45,14,Nevada,Ensemble
2026-04-25,32,0,wk inc flu hosp,2026-04-25,quantile,0.5,16,Nevada,Ensemble
2026-04-25,32,0,wk inc flu hosp,2026-04-25,quantile,0.55,17,Nevada,Ensemble
2026-04-25,32,0,wk inc flu hosp,2026-04-25,quantile,0.6,18,Nevada,Ensemble
2026-04-25,32,0,wk inc flu hosp,2026-04-25,quantile,0.65,19,Nevada,Ensemble
2026-04-25,32,0,wk inc flu hosp,2026-04-25,quantile,0.7,20,Nevada,Ensemble
2026-04-25,32,0,wk inc flu hosp,2026-04-25,quantile,0.75,21,Nevada,Ensemble
2026-04-25,32,0,wk inc flu hosp,2026-04-25,quantile,0.8,23,Nevada,Ensemble
2026-04-25,32,0,wk inc flu hosp,2026-04-25,quantile,0.85,25,Nevada,Ensemble
2026-04-25,32,0,wk inc flu hosp,2026-04-25,quantile,0.9,27,Nevada,Ensemble
2026-04-25,32,0,wk inc flu hosp,2026-04-25,quantile,0.95,33,Nevada,Ensemble
2026-04-25,32,0,wk inc flu hosp,2026-04-25,quantile,0.975,40,Nevada,Ensemble
2026-04-25,32,0,wk inc flu hosp,2026-04-25,quantile,0.99,48,Nevada,Ensemble
2026-04-25,32,1,wk inc flu hosp,2026-05-02,quantile,0.01,1,Nevada,Ensemble
2026-04-25,32,1,wk inc flu hosp,2026-05-02,quantile,0.025,2,Nevada,Ensemble
2026-04-25,32,1,wk inc flu hosp,2026-05-02,quantile,0.05,3,Nevada,Ensemble
2026-04-25,32,1,wk inc flu hosp,2026-05-02,quantile,0.1,5,Nevada,Ensemble
2026-04-25,32,1,wk inc flu hosp,2026-05-02,quantile,0.15,6,Nevada,Ensemble
2026-04-25,32,1,wk inc flu hosp,2026-05-02,quantile,0.2,7,Nevada,Ensemble
2026-04-25,32,1,wk inc flu hosp,2026-05-02,quantile,0.25,8,Nevada,Ensemble
2026-04-25,32,1,wk inc flu hosp,2026-05-02,quantile,0.3,9,Nevada,Ensemble
2026-04-25,32,1,wk inc flu hosp,2026-05-02,quantile,0.35,10,Nevada,Ensemble
2026-04-25,32,1,wk inc flu hosp,2026-05-02,quantile,0.4,11,Nevada,Ensemble
2026-04-25,32,1,wk inc flu hosp,2026-05-02,quantile,0.45,12,Nevada,Ensemble
2026-04-25,32,1,wk inc flu hosp,2026-05-02,quantile,0.5,14,Nevada,Ensemble
2026-04-25,32,1,wk inc flu hosp,2026-05-02,quantile,0.55,15,Nevada,Ensemble
2026-04-25,32,1,wk inc flu hosp,2026-05-02,quantile,0.6,16,Nevada,Ensemble
2026-04-25,32,1,wk inc flu hosp,2026-05-02,quantile,0.65,17,Nevada,Ensemble
2026-04-25,32,1,wk inc flu hosp,2026-05-02,quantile,0.7,18,Nevada,Ensemble
2026-04-25,32,1,wk inc flu hosp,2026-05-02,quantile,0.75,20,Nevada,Ensemble
2026-04-25,32,1,wk inc flu hosp,2026-05-02,quantile,0.8,22,Nevada,Ensemble
2026-04-25,32,1,wk inc flu hosp,2026-05-02,quantile,0.85,24,Nevada,Ensemble
2026-04-25,32,1,wk inc flu hosp,2026-05-02,quantile,0.9,28,Nevada,Ensemble
2026-04-25,32,1,wk inc flu hosp,2026-05-02,quantile,0.95,36,Nevada,Ensemble
2026-04-25,32,1,wk inc flu hosp,2026-05-02,quantile,0.975,45,Nevada,Ensemble
2026-04-25,32,1,wk inc flu hosp,2026-05-02,quantile,0.99,57,Nevada,Ensemble
2026-04-25,32,2,wk inc flu hosp,2026-05-09,quantile,0.01,1,Nevada,Ensemble
2026-04-25,32,2,wk inc flu hosp,2026-05-09,quantile,0.025,1,Nevada,Ensemble
2026-04-25,32,2,wk inc flu hosp,2026-05-09,quantile,0.05,2,Nevada,Ensemble
2026-04-25,32,2,wk inc flu hosp,2026-05-09,quantile,0.1,3,Nevada,Ensemble
2026-04-25,32,2,wk inc flu hosp,2026-05-09,quantile,0.15,4,Nevada,Ensemble
2026-04-25,32,2,wk inc flu hosp,2026-05-09,quantile,0.2,5,Nevada,Ensemble
2026-04-25,32,2,wk inc flu hosp,2026-05-09,quantile,0.25,6,Nevada,Ensemble
2026-04-25,32,2,wk inc flu hosp,2026-05-09,quantile,0.3,7,Nevada,Ensemble
2026-04-25,32,2,wk inc flu hosp,2026-05-09,quantile,0.35,7,Nevada,Ensemble
2026-04-25,32,2,wk inc flu hosp,2026-05-09,quantile,0.4,8,Nevada,Ensemble
2026-04-25,32,2,wk inc flu hosp,2026-05-09,quantile,0.45,9,Nevada,Ensemble
2026-04-25,32,2,wk inc flu hosp,2026-05-09,quantile,0.5,11,Nevada,Ensemble
2026-04-25,32,2,wk inc flu hosp,2026-05-09,quantile,0.55,12,Nevada,Ensemble
2026-04-25,32,2,wk inc flu hosp,2026-05-09,quantile,0.6,13,Nevada,Ensemble
2026-04-25,32,2,wk inc flu hosp,2026-05-09,quantile,0.65,14,Nevada,Ensemble
2026-04-25,32,2,wk inc flu hosp,2026-05-09,quantile,0.7,16,Nevada,Ensemble
2026-04-25,32,2,wk inc flu hosp,2026-05-09,quantile,0.75,18,Nevada,Ensemble
2026-04-25,32,2,wk inc flu hosp,2026-05-09,quantile,0.8,20,Nevada,Ensemble
2026-04-25,32,2,wk inc flu hosp,2026-05-09,quantile,0.85,23,Nevada,Ensemble
2026-04-25,32,2,wk inc flu hosp,2026-05-09,quantile,0.9,28,Nevada,Ensemble
2026-04-25,32,2,wk inc flu hosp,2026-05-09,quantile,0.95,37,Nevada,Ensemble
2026-04-25,32,2,wk inc flu hosp,2026-05-09,quantile,0.975,48,Nevada,Ensemble
2026-04-25,32,2,wk inc flu hosp,2026-05-09,quantile,0.99,60,Nevada,Ensemble
2026-04-25,32,3,wk inc flu hosp,2026-05-16,quantile,0.01,0,Nevada,Ensemble
2026-04-25,32,3,wk inc flu hosp,2026-05-16,quantile,0.025,1,Nevada,Ensemble
2026-04-25,32,3,wk inc flu hosp,2026-05-16,quantile,0.05,1,Nevada,Ensemble
2026-04-25,32,3,wk inc flu hosp,2026-05-16,quantile,0.1,2,Nevada,Ensemble
2026-04-25,32,3,wk inc flu hosp,2026-05-16,quantile,0.15,3,Nevada,Ensemble
2026-04-25,32,3,wk inc flu hosp,2026-05-16,quantile,0.2,4,Nevada,Ensemble
2026-04-25,32,3,wk inc flu hosp,2026-05-16,quantile,0.25,5,Nevada,Ensemble
2026-04-25,32,3,wk inc flu hosp,2026-05-16,quantile,0.3,6,Nevada,Ensemble
2026-04-25,32,3,wk inc flu hosp,2026-05-16,quantile,0.35,6,Nevada,Ensemble
2026-04-25,32,3,wk inc flu hosp,2026-05-16,quantile,0.4,7,Nevada,Ensemble
2026-04-25,32,3,wk inc flu hosp,2026-05-16,quantile,0.45,8,Nevada,Ensemble
2026-04-25,32,3,wk inc flu hosp,2026-05-16,quantile,0.5,10,Nevada,Ensemble
2026-04-25,32,3,wk inc flu hosp,2026-05-16,quantile,0.55,11,Nevada,Ensemble
2026-04-25,32,3,wk inc flu hosp,2026-05-16,quantile,0.6,12,Nevada,Ensemble
2026-04-25,32,3,wk inc flu hosp,2026-05-16,quantile,0.65,13,Nevada,Ensemble
2026-04-25,32,3,wk inc flu hosp,2026-05-16,quantile,0.7,15,Nevada,Ensemble
2026-04-25,32,3,wk inc flu hosp,2026-05-16,quantile,0.75,17,Nevada,Ensemble
2026-04-25,32,3,wk inc flu hosp,2026-05-16,quantile,0.8,20,Nevada,Ensemble
2026-04-25,32,3,wk inc flu hosp,2026-05-16,quantile,0.85,23,Nevada,Ensemble
2026-04-25,32,3,wk inc flu hosp,2026-05-16,quantile,0.9,29,Nevada,Ensemble
2026-04-25,32,3,wk inc flu hosp,2026-05-16,quantile,0.95,40,Nevada,Ensemble
2026-04-25,32,3,wk inc flu hosp,2026-05-16,quantile,0.975,52,Nevada,Ensemble
2026-04-25,32,3,wk inc flu hosp,2026-05-16,quantile,0.99,66,Nevada,Ensemble
2026-04-25,33,0,wk inc flu hosp,2026-04-25,quantile,0.01,0,New Hampshire,Ensemble
2026-04-25,33,0,wk inc flu hosp,2026-04-25,quantile,0.025,1,New Hampshire,Ensemble
2026-04-25,33,0,wk inc flu hosp,2026-04-25,quantile,0.05,1,New Hampshire,Ensemble
2026-04-25,33,0,wk inc flu hosp,2026-04-25,quantile,0.1,2,New Hampshire,Ensemble
2026-04-25,33,0,wk inc flu hosp,2026-04-25,quantile,0.15,3,New Hampshire,Ensemble
2026-04-25,33,0,wk inc flu hosp,2026-04-25,quantile,0.2,3,New Hampshire,Ensemble
2026-04-25,33,0,wk inc flu hosp,2026-04-25,quantile,0.25,4,New Hampshire,Ensemble
2026-04-25,33,0,wk inc flu hosp,2026-04-25,quantile,0.3,4,New Hampshire,Ensemble
2026-04-25,33,0,wk inc flu hosp,2026-04-25,quantile,0.35,4,New Hampshire,Ensemble
2026-04-25,33,0,wk inc flu hosp,2026-04-25,quantile,0.4,5,New Hampshire,Ensemble
2026-04-25,33,0,wk inc flu hosp,2026-04-25,quantile,0.45,6,New Hampshire,Ensemble
2026-04-25,33,0,wk inc flu hosp,2026-04-25,quantile,0.5,7,New Hampshire,Ensemble
2026-04-25,33,0,wk inc flu hosp,2026-04-25,quantile,0.55,7,New Hampshire,Ensemble
2026-04-25,33,0,wk inc flu hosp,2026-04-25,quantile,0.6,8,New Hampshire,Ensemble
2026-04-25,33,0,wk inc flu hosp,2026-04-25,quantile,0.65,9,New Hampshire,Ensemble
2026-04-25,33,0,wk inc flu hosp,2026-04-25,quantile,0.7,9,New Hampshire,Ensemble
2026-04-25,33,0,wk inc flu hosp,2026-04-25,quantile,0.75,10,New Hampshire,Ensemble
2026-04-25,33,0,wk inc flu hosp,2026-04-25,quantile,0.8,10,New Hampshire,Ensemble
2026-04-25,33,0,wk inc flu hosp,2026-04-25,quantile,0.85,11,New Hampshire,Ensemble
2026-04-25,33,0,wk inc flu hosp,2026-04-25,quantile,0.9,13,New Hampshire,Ensemble
2026-04-25,33,0,wk inc flu hosp,2026-04-25,quantile,0.95,16,New Hampshire,Ensemble
2026-04-25,33,0,wk inc flu hosp,2026-04-25,quantile,0.975,20,New Hampshire,Ensemble
2026-04-25,33,0,wk inc flu hosp,2026-04-25,quantile,0.99,27,New Hampshire,Ensemble
2026-04-25,33,1,wk inc flu hosp,2026-05-02,quantile,0.01,0,New Hampshire,Ensemble
2026-04-25,33,1,wk inc flu hosp,2026-05-02,quantile,0.025,0,New Hampshire,Ensemble
2026-04-25,33,1,wk inc flu hosp,2026-05-02,quantile,0.05,0,New Hampshire,Ensemble
2026-04-25,33,1,wk inc flu hosp,2026-05-02,quantile,0.1,1,New Hampshire,Ensemble
2026-04-25,33,1,wk inc flu hosp,2026-05-02,quantile,0.15,1,New Hampshire,Ensemble
2026-04-25,33,1,wk inc flu hosp,2026-05-02,quantile,0.2,2,New Hampshire,Ensemble
2026-04-25,33,1,wk inc flu hosp,2026-05-02,quantile,0.25,2,New Hampshire,Ensemble
2026-04-25,33,1,wk inc flu hosp,2026-05-02,quantile,0.3,3,New Hampshire,Ensemble
2026-04-25,33,1,wk inc flu hosp,2026-05-02,quantile,0.35,3,New Hampshire,Ensemble
2026-04-25,33,1,wk inc flu hosp,2026-05-02,quantile,0.4,4,New Hampshire,Ensemble
2026-04-25,33,1,wk inc flu hosp,2026-05-02,quantile,0.45,4,New Hampshire,Ensemble
2026-04-25,33,1,wk inc flu hosp,2026-05-02,quantile,0.5,6,New Hampshire,Ensemble
2026-04-25,33,1,wk inc flu hosp,2026-05-02,quantile,0.55,6,New Hampshire,Ensemble
2026-04-25,33,1,wk inc flu hosp,2026-05-02,quantile,0.6,7,New Hampshire,Ensemble
2026-04-25,33,1,wk inc flu hosp,2026-05-02,quantile,0.65,8,New Hampshire,Ensemble
2026-04-25,33,1,wk inc flu hosp,2026-05-02,quantile,0.7,8,New Hampshire,Ensemble
2026-04-25,33,1,wk inc flu hosp,2026-05-02,quantile,0.75,9,New Hampshire,Ensemble
2026-04-25,33,1,wk inc flu hosp,2026-05-02,quantile,0.8,10,New Hampshire,Ensemble
2026-04-25,33,1,wk inc flu hosp,2026-05-02,quantile,0.85,11,New Hampshire,Ensemble
2026-04-25,33,1,wk inc flu hosp,2026-05-02,quantile,0.9,14,New Hampshire,Ensemble
2026-04-25,33,1,wk inc flu hosp,2026-05-02,quantile,0.95,18,New Hampshire,Ensemble
2026-04-25,33,1,wk inc flu hosp,2026-05-02,quantile,0.975,24,New Hampshire,Ensemble
2026-04-25,33,1,wk inc flu hosp,2026-05-02,quantile,0.99,31,New Hampshire,Ensemble
2026-04-25,33,2,wk inc flu hosp,2026-05-09,quantile,0.01,0,New Hampshire,Ensemble
2026-04-25,33,2,wk inc flu hosp,2026-05-09,quantile,0.025,0,New Hampshire,Ensemble
2026-04-25,33,2,wk inc flu hosp,2026-05-09,quantile,0.05,0,New Hampshire,Ensemble
2026-04-25,33,2,wk inc flu hosp,2026-05-09,quantile,0.1,1,New Hampshire,Ensemble
2026-04-25,33,2,wk inc flu hosp,2026-05-09,quantile,0.15,1,New Hampshire,Ensemble
2026-04-25,33,2,wk inc flu hosp,2026-05-09,quantile,0.2,1,New Hampshire,Ensemble
2026-04-25,33,2,wk inc flu hosp,2026-05-09,quantile,0.25,2,New Hampshire,Ensemble
2026-04-25,33,2,wk inc flu hosp,2026-05-09,quantile,0.3,2,New Hampshire,Ensemble
2026-04-25,33,2,wk inc flu hosp,2026-05-09,quantile,0.35,3,New Hampshire,Ensemble
2026-04-25,33,2,wk inc flu hosp,2026-05-09,quantile,0.4,3,New Hampshire,Ensemble
2026-04-25,33,2,wk inc flu hosp,2026-05-09,quantile,0.45,4,New Hampshire,Ensemble
2026-04-25,33,2,wk inc flu hosp,2026-05-09,quantile,0.5,5,New Hampshire,Ensemble
2026-04-25,33,2,wk inc flu hosp,2026-05-09,quantile,0.55,6,New Hampshire,Ensemble
2026-04-25,33,2,wk inc flu hosp,2026-05-09,quantile,0.6,6,New Hampshire,Ensemble
2026-04-25,33,2,wk inc flu hosp,2026-05-09,quantile,0.65,7,New Hampshire,Ensemble
2026-04-25,33,2,wk inc flu hosp,2026-05-09,quantile,0.7,8,New Hampshire,Ensemble
2026-04-25,33,2,wk inc flu hosp,2026-05-09,quantile,0.75,9,New Hampshire,Ensemble
2026-04-25,33,2,wk inc flu hosp,2026-05-09,quantile,0.8,10,New Hampshire,Ensemble
2026-04-25,33,2,wk inc flu hosp,2026-05-09,quantile,0.85,12,New Hampshire,Ensemble
2026-04-25,33,2,wk inc flu hosp,2026-05-09,quantile,0.9,15,New Hampshire,Ensemble
2026-04-25,33,2,wk inc flu hosp,2026-05-09,quantile,0.95,21,New Hampshire,Ensemble
2026-04-25,33,2,wk inc flu hosp,2026-05-09,quantile,0.975,28,New Hampshire,Ensemble
2026-04-25,33,2,wk inc flu hosp,2026-05-09,quantile,0.99,36,New Hampshire,Ensemble
2026-04-25,33,3,wk inc flu hosp,2026-05-16,quantile,0.01,0,New Hampshire,Ensemble
2026-04-25,33,3,wk inc flu hosp,2026-05-16,quantile,0.025,0,New Hampshire,Ensemble
2026-04-25,33,3,wk inc flu hosp,2026-05-16,quantile,0.05,0,New Hampshire,Ensemble
2026-04-25,33,3,wk inc flu hosp,2026-05-16,quantile,0.1,0,New Hampshire,Ensemble
2026-04-25,33,3,wk inc flu hosp,2026-05-16,quantile,0.15,0,New Hampshire,Ensemble
2026-04-25,33,3,wk inc flu hosp,2026-05-16,quantile,0.2,1,New Hampshire,Ensemble
2026-04-25,33,3,wk inc flu hosp,2026-05-16,quantile,0.25,1,New Hampshire,Ensemble
2026-04-25,33,3,wk inc flu hosp,2026-05-16,quantile,0.3,2,New Hampshire,Ensemble
2026-04-25,33,3,wk inc flu hosp,2026-05-16,quantile,0.35,2,New Hampshire,Ensemble
2026-04-25,33,3,wk inc flu hosp,2026-05-16,quantile,0.4,3,New Hampshire,Ensemble
2026-04-25,33,3,wk inc flu hosp,2026-05-16,quantile,0.45,3,New Hampshire,Ensemble
2026-04-25,33,3,wk inc flu hosp,2026-05-16,quantile,0.5,4,New Hampshire,Ensemble
2026-04-25,33,3,wk inc flu hosp,2026-05-16,quantile,0.55,5,New Hampshire,Ensemble
2026-04-25,33,3,wk inc flu hosp,2026-05-16,quantile,0.6,5,New Hampshire,Ensemble
2026-04-25,33,3,wk inc flu hosp,2026-05-16,quantile,0.65,6,New Hampshire,Ensemble
2026-04-25,33,3,wk inc flu hosp,2026-05-16,quantile,0.7,7,New Hampshire,Ensemble
2026-04-25,33,3,wk inc flu hosp,2026-05-16,quantile,0.75,8,New Hampshire,Ensemble
2026-04-25,33,3,wk inc flu hosp,2026-05-16,quantile,0.8,10,New Hampshire,Ensemble
2026-04-25,33,3,wk inc flu hosp,2026-05-16,quantile,0.85,12,New Hampshire,Ensemble
2026-04-25,33,3,wk inc flu hosp,2026-05-16,quantile,0.9,16,New Hampshire,Ensemble
2026-04-25,33,3,wk inc flu hosp,2026-05-16,quantile,0.95,23,New Hampshire,Ensemble
2026-04-25,33,3,wk inc flu hosp,2026-05-16,quantile,0.975,30,New Hampshire,Ensemble
2026-04-25,33,3,wk inc flu hosp,2026-05-16,quantile,0.99,39,New Hampshire,Ensemble
2026-04-25,34,0,wk inc flu hosp,2026-04-25,quantile,0.01,5,New Jersey,Ensemble
2026-04-25,34,0,wk inc flu hosp,2026-04-25,quantile,0.025,6,New Jersey,Ensemble
2026-04-25,34,0,wk inc flu hosp,2026-04-25,quantile,0.05,8,New Jersey,Ensemble
2026-04-25,34,0,wk inc flu hosp,2026-04-25,quantile,0.1,11,New Jersey,Ensemble
2026-04-25,34,0,wk inc flu hosp,2026-04-25,quantile,0.15,13,New Jersey,Ensemble
2026-04-25,34,0,wk inc flu hosp,2026-04-25,quantile,0.2,15,New Jersey,Ensemble
2026-04-25,34,0,wk inc flu hosp,2026-04-25,quantile,0.25,16,New Jersey,Ensemble
2026-04-25,34,0,wk inc flu hosp,2026-04-25,quantile,0.3,18,New Jersey,Ensemble
2026-04-25,34,0,wk inc flu hosp,2026-04-25,quantile,0.35,19,New Jersey,Ensemble
2026-04-25,34,0,wk inc flu hosp,2026-04-25,quantile,0.4,21,New Jersey,Ensemble
2026-04-25,34,0,wk inc flu hosp,2026-04-25,quantile,0.45,22,New Jersey,Ensemble
2026-04-25,34,0,wk inc flu hosp,2026-04-25,quantile,0.5,25,New Jersey,Ensemble
2026-04-25,34,0,wk inc flu hosp,2026-04-25,quantile,0.55,26,New Jersey,Ensemble
2026-04-25,34,0,wk inc flu hosp,2026-04-25,quantile,0.6,28,New Jersey,Ensemble
2026-04-25,34,0,wk inc flu hosp,2026-04-25,quantile,0.65,30,New Jersey,Ensemble
2026-04-25,34,0,wk inc flu hosp,2026-04-25,quantile,0.7,32,New Jersey,Ensemble
2026-04-25,34,0,wk inc flu hosp,2026-04-25,quantile,0.75,34,New Jersey,Ensemble
2026-04-25,34,0,wk inc flu hosp,2026-04-25,quantile,0.8,36,New Jersey,Ensemble
2026-04-25,34,0,wk inc flu hosp,2026-04-25,quantile,0.85,40,New Jersey,Ensemble
2026-04-25,34,0,wk inc flu hosp,2026-04-25,quantile,0.9,47,New Jersey,Ensemble
2026-04-25,34,0,wk inc flu hosp,2026-04-25,quantile,0.95,60,New Jersey,Ensemble
2026-04-25,34,0,wk inc flu hosp,2026-04-25,quantile,0.975,78,New Jersey,Ensemble
2026-04-25,34,0,wk inc flu hosp,2026-04-25,quantile,0.99,102,New Jersey,Ensemble
2026-04-25,34,1,wk inc flu hosp,2026-05-02,quantile,0.01,2,New Jersey,Ensemble
2026-04-25,34,1,wk inc flu hosp,2026-05-02,quantile,0.025,3,New Jersey,Ensemble
2026-04-25,34,1,wk inc flu hosp,2026-05-02,quantile,0.05,5,New Jersey,Ensemble
2026-04-25,34,1,wk inc flu hosp,2026-05-02,quantile,0.1,6,New Jersey,Ensemble
2026-04-25,34,1,wk inc flu hosp,2026-05-02,quantile,0.15,9,New Jersey,Ensemble
2026-04-25,34,1,wk inc flu hosp,2026-05-02,quantile,0.2,10,New Jersey,Ensemble
2026-04-25,34,1,wk inc flu hosp,2026-05-02,quantile,0.25,12,New Jersey,Ensemble
2026-04-25,34,1,wk inc flu hosp,2026-05-02,quantile,0.3,14,New Jersey,Ensemble
2026-04-25,34,1,wk inc flu hosp,2026-05-02,quantile,0.35,15,New Jersey,Ensemble
2026-04-25,34,1,wk inc flu hosp,2026-05-02,quantile,0.4,17,New Jersey,Ensemble
2026-04-25,34,1,wk inc flu hosp,2026-05-02,quantile,0.45,18,New Jersey,Ensemble
2026-04-25,34,1,wk inc flu hosp,2026-05-02,quantile,0.5,21,New Jersey,Ensemble
2026-04-25,34,1,wk inc flu hosp,2026-05-02,quantile,0.55,23,New Jersey,Ensemble
2026-04-25,34,1,wk inc flu hosp,2026-05-02,quantile,0.6,25,New Jersey,Ensemble
2026-04-25,34,1,wk inc flu hosp,2026-05-02,quantile,0.65,27,New Jersey,Ensemble
2026-04-25,34,1,wk inc flu hosp,2026-05-02,quantile,0.7,30,New Jersey,Ensemble
2026-04-25,34,1,wk inc flu hosp,2026-05-02,quantile,0.75,33,New Jersey,Ensemble
2026-04-25,34,1,wk inc flu hosp,2026-05-02,quantile,0.8,37,New Jersey,Ensemble
2026-04-25,34,1,wk inc flu hosp,2026-05-02,quantile,0.85,43,New Jersey,Ensemble
2026-04-25,34,1,wk inc flu hosp,2026-05-02,quantile,0.9,53,New Jersey,Ensemble
2026-04-25,34,1,wk inc flu hosp,2026-05-02,quantile,0.95,75,New Jersey,Ensemble
2026-04-25,34,1,wk inc flu hosp,2026-05-02,quantile,0.975,97,New Jersey,Ensemble
2026-04-25,34,1,wk inc flu hosp,2026-05-02,quantile,0.99,126,New Jersey,Ensemble
2026-04-25,34,2,wk inc flu hosp,2026-05-09,quantile,0.01,1,New Jersey,Ensemble
2026-04-25,34,2,wk inc flu hosp,2026-05-09,quantile,0.025,2,New Jersey,Ensemble
2026-04-25,34,2,wk inc flu hosp,2026-05-09,quantile,0.05,3,New Jersey,Ensemble
2026-04-25,34,2,wk inc flu hosp,2026-05-09,quantile,0.1,4,New Jersey,Ensemble
2026-04-25,34,2,wk inc flu hosp,2026-05-09,quantile,0.15,6,New Jersey,Ensemble
2026-04-25,34,2,wk inc flu hosp,2026-05-09,quantile,0.2,8,New Jersey,Ensemble
2026-04-25,34,2,wk inc flu hosp,2026-05-09,quantile,0.25,9,New Jersey,Ensemble
2026-04-25,34,2,wk inc flu hosp,2026-05-09,quantile,0.3,10,New Jersey,Ensemble
2026-04-25,34,2,wk inc flu hosp,2026-05-09,quantile,0.35,12,New Jersey,Ensemble
2026-04-25,34,2,wk inc flu hosp,2026-05-09,quantile,0.4,13,New Jersey,Ensemble
2026-04-25,34,2,wk inc flu hosp,2026-05-09,quantile,0.45,14,New Jersey,Ensemble
2026-04-25,34,2,wk inc flu hosp,2026-05-09,quantile,0.5,18,New Jersey,Ensemble
2026-04-25,34,2,wk inc flu hosp,2026-05-09,quantile,0.55,20,New Jersey,Ensemble
2026-04-25,34,2,wk inc flu hosp,2026-05-09,quantile,0.6,22,New Jersey,Ensemble
2026-04-25,34,2,wk inc flu hosp,2026-05-09,quantile,0.65,25,New Jersey,Ensemble
2026-04-25,34,2,wk inc flu hosp,2026-05-09,quantile,0.7,28,New Jersey,Ensemble
2026-04-25,34,2,wk inc flu hosp,2026-05-09,quantile,0.75,32,New Jersey,Ensemble
2026-04-25,34,2,wk inc flu hosp,2026-05-09,quantile,0.8,37,New Jersey,Ensemble
2026-04-25,34,2,wk inc flu hosp,2026-05-09,quantile,0.85,47,New Jersey,Ensemble
2026-04-25,34,2,wk inc flu hosp,2026-05-09,quantile,0.9,62,New Jersey,Ensemble
2026-04-25,34,2,wk inc flu hosp,2026-05-09,quantile,0.95,91,New Jersey,Ensemble
2026-04-25,34,2,wk inc flu hosp,2026-05-09,quantile,0.975,122,New Jersey,Ensemble
2026-04-25,34,2,wk inc flu hosp,2026-05-09,quantile,0.99,161,New Jersey,Ensemble
2026-04-25,34,3,wk inc flu hosp,2026-05-16,quantile,0.01,1,New Jersey,Ensemble
2026-04-25,34,3,wk inc flu hosp,2026-05-16,quantile,0.025,1,New Jersey,Ensemble
2026-04-25,34,3,wk inc flu hosp,2026-05-16,quantile,0.05,2,New Jersey,Ensemble
2026-04-25,34,3,wk inc flu hosp,2026-05-16,quantile,0.1,4,New Jersey,Ensemble
2026-04-25,34,3,wk inc flu hosp,2026-05-16,quantile,0.15,5,New Jersey,Ensemble
2026-04-25,34,3,wk inc flu hosp,2026-05-16,quantile,0.2,6,New Jersey,Ensemble
2026-04-25,34,3,wk inc flu hosp,2026-05-16,quantile,0.25,8,New Jersey,Ensemble
2026-04-25,34,3,wk inc flu hosp,2026-05-16,quantile,0.3,9,New Jersey,Ensemble
2026-04-25,34,3,wk inc flu hosp,2026-05-16,quantile,0.35,10,New Jersey,Ensemble
2026-04-25,34,3,wk inc flu hosp,2026-05-16,quantile,0.4,11,New Jersey,Ensemble
2026-04-25,34,3,wk inc flu hosp,2026-05-16,quantile,0.45,13,New Jersey,Ensemble
2026-04-25,34,3,wk inc flu hosp,2026-05-16,quantile,0.5,16,New Jersey,Ensemble
2026-04-25,34,3,wk inc flu hosp,2026-05-16,quantile,0.55,17,New Jersey,Ensemble
2026-04-25,34,3,wk inc flu hosp,2026-05-16,quantile,0.6,20,New Jersey,Ensemble
2026-04-25,34,3,wk inc flu hosp,2026-05-16,quantile,0.65,23,New Jersey,Ensemble
2026-04-25,34,3,wk inc flu hosp,2026-05-16,quantile,0.7,26,New Jersey,Ensemble
2026-04-25,34,3,wk inc flu hosp,2026-05-16,quantile,0.75,31,New Jersey,Ensemble
2026-04-25,34,3,wk inc flu hosp,2026-05-16,quantile,0.8,38,New Jersey,Ensemble
2026-04-25,34,3,wk inc flu hosp,2026-05-16,quantile,0.85,49,New Jersey,Ensemble
2026-04-25,34,3,wk inc flu hosp,2026-05-16,quantile,0.9,68,New Jersey,Ensemble
2026-04-25,34,3,wk inc flu hosp,2026-05-16,quantile,0.95,102,New Jersey,Ensemble
2026-04-25,34,3,wk inc flu hosp,2026-05-16,quantile,0.975,136,New Jersey,Ensemble
2026-04-25,34,3,wk inc flu hosp,2026-05-16,quantile,0.99,187,New Jersey,Ensemble
2026-04-25,35,0,wk inc flu hosp,2026-04-25,quantile,0.01,0,New Mexico,Ensemble
2026-04-25,35,0,wk inc flu hosp,2026-04-25,quantile,0.025,0,New Mexico,Ensemble
2026-04-25,35,0,wk inc flu hosp,2026-04-25,quantile,0.05,1,New Mexico,Ensemble
2026-04-25,35,0,wk inc flu hosp,2026-04-25,quantile,0.1,1,New Mexico,Ensemble
2026-04-25,35,0,wk inc flu hosp,2026-04-25,quantile,0.15,2,New Mexico,Ensemble
2026-04-25,35,0,wk inc flu hosp,2026-04-25,quantile,0.2,2,New Mexico,Ensemble
2026-04-25,35,0,wk inc flu hosp,2026-04-25,quantile,0.25,3,New Mexico,Ensemble
2026-04-25,35,0,wk inc flu hosp,2026-04-25,quantile,0.3,3,New Mexico,Ensemble
2026-04-25,35,0,wk inc flu hosp,2026-04-25,quantile,0.35,4,New Mexico,Ensemble
2026-04-25,35,0,wk inc flu hosp,2026-04-25,quantile,0.4,4,New Mexico,Ensemble
2026-04-25,35,0,wk inc flu hosp,2026-04-25,quantile,0.45,4,New Mexico,Ensemble
2026-04-25,35,0,wk inc flu hosp,2026-04-25,quantile,0.5,6,New Mexico,Ensemble
2026-04-25,35,0,wk inc flu hosp,2026-04-25,quantile,0.55,6,New Mexico,Ensemble
2026-04-25,35,0,wk inc flu hosp,2026-04-25,quantile,0.6,7,New Mexico,Ensemble
2026-04-25,35,0,wk inc flu hosp,2026-04-25,quantile,0.65,8,New Mexico,Ensemble
2026-04-25,35,0,wk inc flu hosp,2026-04-25,quantile,0.7,8,New Mexico,Ensemble
2026-04-25,35,0,wk inc flu hosp,2026-04-25,quantile,0.75,9,New Mexico,Ensemble
2026-04-25,35,0,wk inc flu hosp,2026-04-25,quantile,0.8,10,New Mexico,Ensemble
2026-04-25,35,0,wk inc flu hosp,2026-04-25,quantile,0.85,11,New Mexico,Ensemble
2026-04-25,35,0,wk inc flu hosp,2026-04-25,quantile,0.9,13,New Mexico,Ensemble
2026-04-25,35,0,wk inc flu hosp,2026-04-25,quantile,0.95,16,New Mexico,Ensemble
2026-04-25,35,0,wk inc flu hosp,2026-04-25,quantile,0.975,20,New Mexico,Ensemble
2026-04-25,35,0,wk inc flu hosp,2026-04-25,quantile,0.99,25,New Mexico,Ensemble
2026-04-25,35,1,wk inc flu hosp,2026-05-02,quantile,0.01,0,New Mexico,Ensemble
2026-04-25,35,1,wk inc flu hosp,2026-05-02,quantile,0.025,0,New Mexico,Ensemble
2026-04-25,35,1,wk inc flu hosp,2026-05-02,quantile,0.05,0,New Mexico,Ensemble
2026-04-25,35,1,wk inc flu hosp,2026-05-02,quantile,0.1,1,New Mexico,Ensemble
2026-04-25,35,1,wk inc flu hosp,2026-05-02,quantile,0.15,1,New Mexico,Ensemble
2026-04-25,35,1,wk inc flu hosp,2026-05-02,quantile,0.2,2,New Mexico,Ensemble
2026-04-25,35,1,wk inc flu hosp,2026-05-02,quantile,0.25,2,New Mexico,Ensemble
2026-04-25,35,1,wk inc flu hosp,2026-05-02,quantile,0.3,2,New Mexico,Ensemble
2026-04-25,35,1,wk inc flu hosp,2026-05-02,quantile,0.35,3,New Mexico,Ensemble
2026-04-25,35,1,wk inc flu hosp,2026-05-02,quantile,0.4,3,New Mexico,Ensemble
2026-04-25,35,1,wk inc flu hosp,2026-05-02,quantile,0.45,3,New Mexico,Ensemble
2026-04-25,35,1,wk inc flu hosp,2026-05-02,quantile,0.5,5,New Mexico,Ensemble
2026-04-25,35,1,wk inc flu hosp,2026-05-02,quantile,0.55,5,New Mexico,Ensemble
2026-04-25,35,1,wk inc flu hosp,2026-05-02,quantile,0.6,6,New Mexico,Ensemble
2026-04-25,35,1,wk inc flu hosp,2026-05-02,quantile,0.65,7,New Mexico,Ensemble
2026-04-25,35,1,wk inc flu hosp,2026-05-02,quantile,0.7,8,New Mexico,Ensemble
2026-04-25,35,1,wk inc flu hosp,2026-05-02,quantile,0.75,9,New Mexico,Ensemble
2026-04-25,35,1,wk inc flu hosp,2026-05-02,quantile,0.8,10,New Mexico,Ensemble
2026-04-25,35,1,wk inc flu hosp,2026-05-02,quantile,0.85,11,New Mexico,Ensemble
2026-04-25,35,1,wk inc flu hosp,2026-05-02,quantile,0.9,14,New Mexico,Ensemble
2026-04-25,35,1,wk inc flu hosp,2026-05-02,quantile,0.95,18,New Mexico,Ensemble
2026-04-25,35,1,wk inc flu hosp,2026-05-02,quantile,0.975,23,New Mexico,Ensemble
2026-04-25,35,1,wk inc flu hosp,2026-05-02,quantile,0.99,29,New Mexico,Ensemble
2026-04-25,35,2,wk inc flu hosp,2026-05-09,quantile,0.01,0,New Mexico,Ensemble
2026-04-25,35,2,wk inc flu hosp,2026-05-09,quantile,0.025,0,New Mexico,Ensemble
2026-04-25,35,2,wk inc flu hosp,2026-05-09,quantile,0.05,0,New Mexico,Ensemble
2026-04-25,35,2,wk inc flu hosp,2026-05-09,quantile,0.1,0,New Mexico,Ensemble
2026-04-25,35,2,wk inc flu hosp,2026-05-09,quantile,0.15,1,New Mexico,Ensemble
2026-04-25,35,2,wk inc flu hosp,2026-05-09,quantile,0.2,1,New Mexico,Ensemble
2026-04-25,35,2,wk inc flu hosp,2026-05-09,quantile,0.25,1,New Mexico,Ensemble
2026-04-25,35,2,wk inc flu hosp,2026-05-09,quantile,0.3,2,New Mexico,Ensemble
2026-04-25,35,2,wk inc flu hosp,2026-05-09,quantile,0.35,2,New Mexico,Ensemble
2026-04-25,35,2,wk inc flu hosp,2026-05-09,quantile,0.4,3,New Mexico,Ensemble
2026-04-25,35,2,wk inc flu hosp,2026-05-09,quantile,0.45,3,New Mexico,Ensemble
2026-04-25,35,2,wk inc flu hosp,2026-05-09,quantile,0.5,4,New Mexico,Ensemble
2026-04-25,35,2,wk inc flu hosp,2026-05-09,quantile,0.55,5,New Mexico,Ensemble
2026-04-25,35,2,wk inc flu hosp,2026-05-09,quantile,0.6,5,New Mexico,Ensemble
2026-04-25,35,2,wk inc flu hosp,2026-05-09,quantile,0.65,6,New Mexico,Ensemble
2026-04-25,35,2,wk inc flu hosp,2026-05-09,quantile,0.7,7,New Mexico,Ensemble
2026-04-25,35,2,wk inc flu hosp,2026-05-09,quantile,0.75,8,New Mexico,Ensemble
2026-04-25,35,2,wk inc flu hosp,2026-05-09,quantile,0.8,9,New Mexico,Ensemble
2026-04-25,35,2,wk inc flu hosp,2026-05-09,quantile,0.85,11,New Mexico,Ensemble
2026-04-25,35,2,wk inc flu hosp,2026-05-09,quantile,0.9,14,New Mexico,Ensemble
2026-04-25,35,2,wk inc flu hosp,2026-05-09,quantile,0.95,19,New Mexico,Ensemble
2026-04-25,35,2,wk inc flu hosp,2026-05-09,quantile,0.975,25,New Mexico,Ensemble
2026-04-25,35,2,wk inc flu hosp,2026-05-09,quantile,0.99,32,New Mexico,Ensemble
2026-04-25,35,3,wk inc flu hosp,2026-05-16,quantile,0.01,0,New Mexico,Ensemble
2026-04-25,35,3,wk inc flu hosp,2026-05-16,quantile,0.025,0,New Mexico,Ensemble
2026-04-25,35,3,wk inc flu hosp,2026-05-16,quantile,0.05,0,New Mexico,Ensemble
2026-04-25,35,3,wk inc flu hosp,2026-05-16,quantile,0.1,0,New Mexico,Ensemble
2026-04-25,35,3,wk inc flu hosp,2026-05-16,quantile,0.15,1,New Mexico,Ensemble
2026-04-25,35,3,wk inc flu hosp,2026-05-16,quantile,0.2,1,New Mexico,Ensemble
2026-04-25,35,3,wk inc flu hosp,2026-05-16,quantile,0.25,1,New Mexico,Ensemble
2026-04-25,35,3,wk inc flu hosp,2026-05-16,quantile,0.3,2,New Mexico,Ensemble
2026-04-25,35,3,wk inc flu hosp,2026-05-16,quantile,0.35,2,New Mexico,Ensemble
2026-04-25,35,3,wk inc flu hosp,2026-05-16,quantile,0.4,2,New Mexico,Ensemble
2026-04-25,35,3,wk inc flu hosp,2026-05-16,quantile,0.45,2,New Mexico,Ensemble
2026-04-25,35,3,wk inc flu hosp,2026-05-16,quantile,0.5,4,New Mexico,Ensemble
2026-04-25,35,3,wk inc flu hosp,2026-05-16,quantile,0.55,4,New Mexico,Ensemble
2026-04-25,35,3,wk inc flu hosp,2026-05-16,quantile,0.6,5,New Mexico,Ensemble
2026-04-25,35,3,wk inc flu hosp,2026-05-16,quantile,0.65,6,New Mexico,Ensemble
2026-04-25,35,3,wk inc flu hosp,2026-05-16,quantile,0.7,7,New Mexico,Ensemble
2026-04-25,35,3,wk inc flu hosp,2026-05-16,quantile,0.75,8,New Mexico,Ensemble
2026-04-25,35,3,wk inc flu hosp,2026-05-16,quantile,0.8,9,New Mexico,Ensemble
2026-04-25,35,3,wk inc flu hosp,2026-05-16,quantile,0.85,11,New Mexico,Ensemble
2026-04-25,35,3,wk inc flu hosp,2026-05-16,quantile,0.9,14,New Mexico,Ensemble
2026-04-25,35,3,wk inc flu hosp,2026-05-16,quantile,0.95,20,New Mexico,Ensemble
2026-04-25,35,3,wk inc flu hosp,2026-05-16,quantile,0.975,27,New Mexico,Ensemble
2026-04-25,35,3,wk inc flu hosp,2026-05-16,quantile,0.99,36,New Mexico,Ensemble
2026-04-25,36,0,wk inc flu hosp,2026-04-25,quantile,0.01,24,New York,Ensemble
2026-04-25,36,0,wk inc flu hosp,2026-04-25,quantile,0.025,30,New York,Ensemble
2026-04-25,36,0,wk inc flu hosp,2026-04-25,quantile,0.05,36,New York,Ensemble
2026-04-25,36,0,wk inc flu hosp,2026-04-25,quantile,0.1,49,New York,Ensemble
2026-04-25,36,0,wk inc flu hosp,2026-04-25,quantile,0.15,55,New York,Ensemble
2026-04-25,36,0,wk inc flu hosp,2026-04-25,quantile,0.2,60,New York,Ensemble
2026-04-25,36,0,wk inc flu hosp,2026-04-25,quantile,0.25,65,New York,Ensemble
2026-04-25,36,0,wk inc flu hosp,2026-04-25,quantile,0.3,69,New York,Ensemble
2026-04-25,36,0,wk inc flu hosp,2026-04-25,quantile,0.35,72,New York,Ensemble
2026-04-25,36,0,wk inc flu hosp,2026-04-25,quantile,0.4,77,New York,Ensemble
2026-04-25,36,0,wk inc flu hosp,2026-04-25,quantile,0.45,81,New York,Ensemble
2026-04-25,36,0,wk inc flu hosp,2026-04-25,quantile,0.5,87,New York,Ensemble
2026-04-25,36,0,wk inc flu hosp,2026-04-25,quantile,0.55,94,New York,Ensemble
2026-04-25,36,0,wk inc flu hosp,2026-04-25,quantile,0.6,100,New York,Ensemble
2026-04-25,36,0,wk inc flu hosp,2026-04-25,quantile,0.65,105,New York,Ensemble
2026-04-25,36,0,wk inc flu hosp,2026-04-25,quantile,0.7,110,New York,Ensemble
2026-04-25,36,0,wk inc flu hosp,2026-04-25,quantile,0.75,116,New York,Ensemble
2026-04-25,36,0,wk inc flu hosp,2026-04-25,quantile,0.8,122,New York,Ensemble
2026-04-25,36,0,wk inc flu hosp,2026-04-25,quantile,0.85,132,New York,Ensemble
2026-04-25,36,0,wk inc flu hosp,2026-04-25,quantile,0.9,150,New York,Ensemble
2026-04-25,36,0,wk inc flu hosp,2026-04-25,quantile,0.95,183,New York,Ensemble
2026-04-25,36,0,wk inc flu hosp,2026-04-25,quantile,0.975,219,New York,Ensemble
2026-04-25,36,0,wk inc flu hosp,2026-04-25,quantile,0.99,270,New York,Ensemble
2026-04-25,36,1,wk inc flu hosp,2026-05-02,quantile,0.01,13,New York,Ensemble
2026-04-25,36,1,wk inc flu hosp,2026-05-02,quantile,0.025,17,New York,Ensemble
2026-04-25,36,1,wk inc flu hosp,2026-05-02,quantile,0.05,22,New York,Ensemble
2026-04-25,36,1,wk inc flu hosp,2026-05-02,quantile,0.1,32,New York,Ensemble
2026-04-25,36,1,wk inc flu hosp,2026-05-02,quantile,0.15,40,New York,Ensemble
2026-04-25,36,1,wk inc flu hosp,2026-05-02,quantile,0.2,45,New York,Ensemble
2026-04-25,36,1,wk inc flu hosp,2026-05-02,quantile,0.25,51,New York,Ensemble
2026-04-25,36,1,wk inc flu hosp,2026-05-02,quantile,0.3,55,New York,Ensemble
2026-04-25,36,1,wk inc flu hosp,2026-05-02,quantile,0.35,59,New York,Ensemble
2026-04-25,36,1,wk inc flu hosp,2026-05-02,quantile,0.4,63,New York,Ensemble
2026-04-25,36,1,wk inc flu hosp,2026-05-02,quantile,0.45,67,New York,Ensemble
2026-04-25,36,1,wk inc flu hosp,2026-05-02,quantile,0.5,72,New York,Ensemble
2026-04-25,36,1,wk inc flu hosp,2026-05-02,quantile,0.55,78,New York,Ensemble
2026-04-25,36,1,wk inc flu hosp,2026-05-02,quantile,0.6,86,New York,Ensemble
2026-04-25,36,1,wk inc flu hosp,2026-05-02,quantile,0.65,93,New York,Ensemble
2026-04-25,36,1,wk inc flu hosp,2026-05-02,quantile,0.7,100,New York,Ensemble
2026-04-25,36,1,wk inc flu hosp,2026-05-02,quantile,0.75,108,New York,Ensemble
2026-04-25,36,1,wk inc flu hosp,2026-05-02,quantile,0.8,117,New York,Ensemble
2026-04-25,36,1,wk inc flu hosp,2026-05-02,quantile,0.85,133,New York,Ensemble
2026-04-25,36,1,wk inc flu hosp,2026-05-02,quantile,0.9,161,New York,Ensemble
2026-04-25,36,1,wk inc flu hosp,2026-05-02,quantile,0.95,206,New York,Ensemble
2026-04-25,36,1,wk inc flu hosp,2026-05-02,quantile,0.975,261,New York,Ensemble
2026-04-25,36,1,wk inc flu hosp,2026-05-02,quantile,0.99,354,New York,Ensemble
2026-04-25,36,2,wk inc flu hosp,2026-05-09,quantile,0.01,9,New York,Ensemble
2026-04-25,36,2,wk inc flu hosp,2026-05-09,quantile,0.025,12,New York,Ensemble
2026-04-25,36,2,wk inc flu hosp,2026-05-09,quantile,0.05,15,New York,Ensemble
2026-04-25,36,2,wk inc flu hosp,2026-05-09,quantile,0.1,21,New York,Ensemble
2026-04-25,36,2,wk inc flu hosp,2026-05-09,quantile,0.15,32,New York,Ensemble
2026-04-25,36,2,wk inc flu hosp,2026-05-09,quantile,0.2,36,New York,Ensemble
2026-04-25,36,2,wk inc flu hosp,2026-05-09,quantile,0.25,42,New York,Ensemble
2026-04-25,36,2,wk inc flu hosp,2026-05-09,quantile,0.3,46,New York,Ensemble
2026-04-25,36,2,wk inc flu hosp,2026-05-09,quantile,0.35,49,New York,Ensemble
2026-04-25,36,2,wk inc flu hosp,2026-05-09,quantile,0.4,53,New York,Ensemble
2026-04-25,36,2,wk inc flu hosp,2026-05-09,quantile,0.45,56,New York,Ensemble
2026-04-25,36,2,wk inc flu hosp,2026-05-09,quantile,0.5,62,New York,Ensemble
2026-04-25,36,2,wk inc flu hosp,2026-05-09,quantile,0.55,66,New York,Ensemble
2026-04-25,36,2,wk inc flu hosp,2026-05-09,quantile,0.6,73,New York,Ensemble
2026-04-25,36,2,wk inc flu hosp,2026-05-09,quantile,0.65,82,New York,Ensemble
2026-04-25,36,2,wk inc flu hosp,2026-05-09,quantile,0.7,91,New York,Ensemble
2026-04-25,36,2,wk inc flu hosp,2026-05-09,quantile,0.75,100,New York,Ensemble
2026-04-25,36,2,wk inc flu hosp,2026-05-09,quantile,0.8,114,New York,Ensemble
2026-04-25,36,2,wk inc flu hosp,2026-05-09,quantile,0.85,137,New York,Ensemble
2026-04-25,36,2,wk inc flu hosp,2026-05-09,quantile,0.9,171,New York,Ensemble
2026-04-25,36,2,wk inc flu hosp,2026-05-09,quantile,0.95,236,New York,Ensemble
2026-04-25,36,2,wk inc flu hosp,2026-05-09,quantile,0.975,301,New York,Ensemble
2026-04-25,36,2,wk inc flu hosp,2026-05-09,quantile,0.99,418,New York,Ensemble
2026-04-25,36,3,wk inc flu hosp,2026-05-16,quantile,0.01,6,New York,Ensemble
2026-04-25,36,3,wk inc flu hosp,2026-05-16,quantile,0.025,8,New York,Ensemble
2026-04-25,36,3,wk inc flu hosp,2026-05-16,quantile,0.05,10,New York,Ensemble
2026-04-25,36,3,wk inc flu hosp,2026-05-16,quantile,0.1,15,New York,Ensemble
2026-04-25,36,3,wk inc flu hosp,2026-05-16,quantile,0.15,23,New York,Ensemble
2026-04-25,36,3,wk inc flu hosp,2026-05-16,quantile,0.2,29,New York,Ensemble
2026-04-25,36,3,wk inc flu hosp,2026-05-16,quantile,0.25,35,New York,Ensemble
2026-04-25,36,3,wk inc flu hosp,2026-05-16,quantile,0.3,38,New York,Ensemble
2026-04-25,36,3,wk inc flu hosp,2026-05-16,quantile,0.35,41,New York,Ensemble
2026-04-25,36,3,wk inc flu hosp,2026-05-16,quantile,0.4,45,New York,Ensemble
2026-04-25,36,3,wk inc flu hosp,2026-05-16,quantile,0.45,48,New York,Ensemble
2026-04-25,36,3,wk inc flu hosp,2026-05-16,quantile,0.5,53,New York,Ensemble
2026-04-25,36,3,wk inc flu hosp,2026-05-16,quantile,0.55,57,New York,Ensemble
2026-04-25,36,3,wk inc flu hosp,2026-05-16,quantile,0.6,64,New York,Ensemble
2026-04-25,36,3,wk inc flu hosp,2026-05-16,quantile,0.65,72,New York,Ensemble
2026-04-25,36,3,wk inc flu hosp,2026-05-16,quantile,0.7,83,New York,Ensemble
2026-04-25,36,3,wk inc flu hosp,2026-05-16,quantile,0.75,95,New York,Ensemble
2026-04-25,36,3,wk inc flu hosp,2026-05-16,quantile,0.8,113,New York,Ensemble
2026-04-25,36,3,wk inc flu hosp,2026-05-16,quantile,0.85,141,New York,Ensemble
2026-04-25,36,3,wk inc flu hosp,2026-05-16,quantile,0.9,183,New York,Ensemble
2026-04-25,36,3,wk inc flu hosp,2026-05-16,quantile,0.95,258,New York,Ensemble
2026-04-25,36,3,wk inc flu hosp,2026-05-16,quantile,0.975,345,New York,Ensemble
2026-04-25,36,3,wk inc flu hosp,2026-05-16,quantile,0.99,490,New York,Ensemble
2026-04-25,37,0,wk inc flu hosp,2026-04-25,quantile,0.01,1,North Carolina,Ensemble
2026-04-25,37,0,wk inc flu hosp,2026-04-25,quantile,0.025,2,North Carolina,Ensemble
2026-04-25,37,0,wk inc flu hosp,2026-04-25,quantile,0.05,3,North Carolina,Ensemble
2026-04-25,37,0,wk inc flu hosp,2026-04-25,quantile,0.1,4,North Carolina,Ensemble
2026-04-25,37,0,wk inc flu hosp,2026-04-25,quantile,0.15,6,North Carolina,Ensemble
2026-04-25,37,0,wk inc flu hosp,2026-04-25,quantile,0.2,7,North Carolina,Ensemble
2026-04-25,37,0,wk inc flu hosp,2026-04-25,quantile,0.25,8,North Carolina,Ensemble
2026-04-25,37,0,wk inc flu hosp,2026-04-25,quantile,0.3,9,North Carolina,Ensemble
2026-04-25,37,0,wk inc flu hosp,2026-04-25,quantile,0.35,10,North Carolina,Ensemble
2026-04-25,37,0,wk inc flu hosp,2026-04-25,quantile,0.4,11,North Carolina,Ensemble
2026-04-25,37,0,wk inc flu hosp,2026-04-25,quantile,0.45,12,North Carolina,Ensemble
2026-04-25,37,0,wk inc flu hosp,2026-04-25,quantile,0.5,14,North Carolina,Ensemble
2026-04-25,37,0,wk inc flu hosp,2026-04-25,quantile,0.55,15,North Carolina,Ensemble
2026-04-25,37,0,wk inc flu hosp,2026-04-25,quantile,0.6,16,North Carolina,Ensemble
2026-04-25,37,0,wk inc flu hosp,2026-04-25,quantile,0.65,17,North Carolina,Ensemble
2026-04-25,37,0,wk inc flu hosp,2026-04-25,quantile,0.7,19,North Carolina,Ensemble
2026-04-25,37,0,wk inc flu hosp,2026-04-25,quantile,0.75,20,North Carolina,Ensemble
2026-04-25,37,0,wk inc flu hosp,2026-04-25,quantile,0.8,22,North Carolina,Ensemble
2026-04-25,37,0,wk inc flu hosp,2026-04-25,quantile,0.85,25,North Carolina,Ensemble
2026-04-25,37,0,wk inc flu hosp,2026-04-25,quantile,0.9,30,North Carolina,Ensemble
2026-04-25,37,0,wk inc flu hosp,2026-04-25,quantile,0.95,45,North Carolina,Ensemble
2026-04-25,37,0,wk inc flu hosp,2026-04-25,quantile,0.975,69,North Carolina,Ensemble
2026-04-25,37,0,wk inc flu hosp,2026-04-25,quantile,0.99,94,North Carolina,Ensemble
2026-04-25,37,1,wk inc flu hosp,2026-05-02,quantile,0.01,1,North Carolina,Ensemble
2026-04-25,37,1,wk inc flu hosp,2026-05-02,quantile,0.025,1,North Carolina,Ensemble
2026-04-25,37,1,wk inc flu hosp,2026-05-02,quantile,0.05,2,North Carolina,Ensemble
2026-04-25,37,1,wk inc flu hosp,2026-05-02,quantile,0.1,2,North Carolina,Ensemble
2026-04-25,37,1,wk inc flu hosp,2026-05-02,quantile,0.15,3,North Carolina,Ensemble
2026-04-25,37,1,wk inc flu hosp,2026-05-02,quantile,0.2,5,North Carolina,Ensemble
2026-04-25,37,1,wk inc flu hosp,2026-05-02,quantile,0.25,6,North Carolina,Ensemble
2026-04-25,37,1,wk inc flu hosp,2026-05-02,quantile,0.3,7,North Carolina,Ensemble
2026-04-25,37,1,wk inc flu hosp,2026-05-02,quantile,0.35,8,North Carolina,Ensemble
2026-04-25,37,1,wk inc flu hosp,2026-05-02,quantile,0.4,9,North Carolina,Ensemble
2026-04-25,37,1,wk inc flu hosp,2026-05-02,quantile,0.45,9,North Carolina,Ensemble
2026-04-25,37,1,wk inc flu hosp,2026-05-02,quantile,0.5,11,North Carolina,Ensemble
2026-04-25,37,1,wk inc flu hosp,2026-05-02,quantile,0.55,13,North Carolina,Ensemble
2026-04-25,37,1,wk inc flu hosp,2026-05-02,quantile,0.6,14,North Carolina,Ensemble
2026-04-25,37,1,wk inc flu hosp,2026-05-02,quantile,0.65,15,North Carolina,Ensemble
2026-04-25,37,1,wk inc flu hosp,2026-05-02,quantile,0.7,17,North Carolina,Ensemble
2026-04-25,37,1,wk inc flu hosp,2026-05-02,quantile,0.75,19,North Carolina,Ensemble
2026-04-25,37,1,wk inc flu hosp,2026-05-02,quantile,0.8,21,North Carolina,Ensemble
2026-04-25,37,1,wk inc flu hosp,2026-05-02,quantile,0.85,27,North Carolina,Ensemble
2026-04-25,37,1,wk inc flu hosp,2026-05-02,quantile,0.9,38,North Carolina,Ensemble
2026-04-25,37,1,wk inc flu hosp,2026-05-02,quantile,0.95,65,North Carolina,Ensemble
2026-04-25,37,1,wk inc flu hosp,2026-05-02,quantile,0.975,94,North Carolina,Ensemble
2026-04-25,37,1,wk inc flu hosp,2026-05-02,quantile,0.99,134,North Carolina,Ensemble
2026-04-25,37,2,wk inc flu hosp,2026-05-09,quantile,0.01,1,North Carolina,Ensemble
2026-04-25,37,2,wk inc flu hosp,2026-05-09,quantile,0.025,1,North Carolina,Ensemble
2026-04-25,37,2,wk inc flu hosp,2026-05-09,quantile,0.05,1,North Carolina,Ensemble
2026-04-25,37,2,wk inc flu hosp,2026-05-09,quantile,0.1,2,North Carolina,Ensemble
2026-04-25,37,2,wk inc flu hosp,2026-05-09,quantile,0.15,3,North Carolina,Ensemble
2026-04-25,37,2,wk inc flu hosp,2026-05-09,quantile,0.2,4,North Carolina,Ensemble
2026-04-25,37,2,wk inc flu hosp,2026-05-09,quantile,0.25,5,North Carolina,Ensemble
2026-04-25,37,2,wk inc flu hosp,2026-05-09,quantile,0.3,6,North Carolina,Ensemble
2026-04-25,37,2,wk inc flu hosp,2026-05-09,quantile,0.35,6,North Carolina,Ensemble
2026-04-25,37,2,wk inc flu hosp,2026-05-09,quantile,0.4,7,North Carolina,Ensemble
2026-04-25,37,2,wk inc flu hosp,2026-05-09,quantile,0.45,9,North Carolina,Ensemble
2026-04-25,37,2,wk inc flu hosp,2026-05-09,quantile,0.5,11,North Carolina,Ensemble
2026-04-25,37,2,wk inc flu hosp,2026-05-09,quantile,0.55,12,North Carolina,Ensemble
2026-04-25,37,2,wk inc flu hosp,2026-05-09,quantile,0.6,14,North Carolina,Ensemble
2026-04-25,37,2,wk inc flu hosp,2026-05-09,quantile,0.65,16,North Carolina,Ensemble
2026-04-25,37,2,wk inc flu hosp,2026-05-09,quantile,0.7,18,North Carolina,Ensemble
2026-04-25,37,2,wk inc flu hosp,2026-05-09,quantile,0.75,20,North Carolina,Ensemble
2026-04-25,37,2,wk inc flu hosp,2026-05-09,quantile,0.8,25,North Carolina,Ensemble
2026-04-25,37,2,wk inc flu hosp,2026-05-09,quantile,0.85,34,North Carolina,Ensemble
2026-04-25,37,2,wk inc flu hosp,2026-05-09,quantile,0.9,51,North Carolina,Ensemble
2026-04-25,37,2,wk inc flu hosp,2026-05-09,quantile,0.95,88,North Carolina,Ensemble
2026-04-25,37,2,wk inc flu hosp,2026-05-09,quantile,0.975,120,North Carolina,Ensemble
2026-04-25,37,2,wk inc flu hosp,2026-05-09,quantile,0.99,168,North Carolina,Ensemble
2026-04-25,37,3,wk inc flu hosp,2026-05-16,quantile,0.01,0,North Carolina,Ensemble
2026-04-25,37,3,wk inc flu hosp,2026-05-16,quantile,0.025,1,North Carolina,Ensemble
2026-04-25,37,3,wk inc flu hosp,2026-05-16,quantile,0.05,1,North Carolina,Ensemble
2026-04-25,37,3,wk inc flu hosp,2026-05-16,quantile,0.1,2,North Carolina,Ensemble
2026-04-25,37,3,wk inc flu hosp,2026-05-16,quantile,0.15,2,North Carolina,Ensemble
2026-04-25,37,3,wk inc flu hosp,2026-05-16,quantile,0.2,3,North Carolina,Ensemble
2026-04-25,37,3,wk inc flu hosp,2026-05-16,quantile,0.25,4,North Carolina,Ensemble
2026-04-25,37,3,wk inc flu hosp,2026-05-16,quantile,0.3,5,North Carolina,Ensemble
2026-04-25,37,3,wk inc flu hosp,2026-05-16,quantile,0.35,6,North Carolina,Ensemble
2026-04-25,37,3,wk inc flu hosp,2026-05-16,quantile,0.4,7,North Carolina,Ensemble
2026-04-25,37,3,wk inc flu hosp,2026-05-16,quantile,0.45,7,North Carolina,Ensemble
2026-04-25,37,3,wk inc flu hosp,2026-05-16,quantile,0.5,10,North Carolina,Ensemble
2026-04-25,37,3,wk inc flu hosp,2026-05-16,quantile,0.55,12,North Carolina,Ensemble
2026-04-25,37,3,wk inc flu hosp,2026-05-16,quantile,0.6,13,North Carolina,Ensemble
2026-04-25,37,3,wk inc flu hosp,2026-05-16,quantile,0.65,15,North Carolina,Ensemble
2026-04-25,37,3,wk inc flu hosp,2026-05-16,quantile,0.7,17,North Carolina,Ensemble
2026-04-25,37,3,wk inc flu hosp,2026-05-16,quantile,0.75,21,North Carolina,Ensemble
2026-04-25,37,3,wk inc flu hosp,2026-05-16,quantile,0.8,27,North Carolina,Ensemble
2026-04-25,37,3,wk inc flu hosp,2026-05-16,quantile,0.85,39,North Carolina,Ensemble
2026-04-25,37,3,wk inc flu hosp,2026-05-16,quantile,0.9,59,North Carolina,Ensemble
2026-04-25,37,3,wk inc flu hosp,2026-05-16,quantile,0.95,102,North Carolina,Ensemble
2026-04-25,37,3,wk inc flu hosp,2026-05-16,quantile,0.975,142,North Carolina,Ensemble
2026-04-25,37,3,wk inc flu hosp,2026-05-16,quantile,0.99,193,North Carolina,Ensemble
2026-04-25,38,0,wk inc flu hosp,2026-04-25,quantile,0.01,1,North Dakota,Ensemble
2026-04-25,38,0,wk inc flu hosp,2026-04-25,quantile,0.025,1,North Dakota,Ensemble
2026-04-25,38,0,wk inc flu hosp,2026-04-25,quantile,0.05,2,North Dakota,Ensemble
2026-04-25,38,0,wk inc flu hosp,2026-04-25,quantile,0.1,2,North Dakota,Ensemble
2026-04-25,38,0,wk inc flu hosp,2026-04-25,quantile,0.15,3,North Dakota,Ensemble
2026-04-25,38,0,wk inc flu hosp,2026-04-25,quantile,0.2,3,North Dakota,Ensemble
2026-04-25,38,0,wk inc flu hosp,2026-04-25,quantile,0.25,4,North Dakota,Ensemble
2026-04-25,38,0,wk inc flu hosp,2026-04-25,quantile,0.3,4,North Dakota,Ensemble
2026-04-25,38,0,wk inc flu hosp,2026-04-25,quantile,0.35,4,North Dakota,Ensemble
2026-04-25,38,0,wk inc flu hosp,2026-04-25,quantile,0.4,5,North Dakota,Ensemble
2026-04-25,38,0,wk inc flu hosp,2026-04-25,quantile,0.45,5,North Dakota,Ensemble
2026-04-25,38,0,wk inc flu hosp,2026-04-25,quantile,0.5,6,North Dakota,Ensemble
2026-04-25,38,0,wk inc flu hosp,2026-04-25,quantile,0.55,7,North Dakota,Ensemble
2026-04-25,38,0,wk inc flu hosp,2026-04-25,quantile,0.6,7,North Dakota,Ensemble
2026-04-25,38,0,wk inc flu hosp,2026-04-25,quantile,0.65,8,North Dakota,Ensemble
2026-04-25,38,0,wk inc flu hosp,2026-04-25,quantile,0.7,8,North Dakota,Ensemble
2026-04-25,38,0,wk inc flu hosp,2026-04-25,quantile,0.75,9,North Dakota,Ensemble
2026-04-25,38,0,wk inc flu hosp,2026-04-25,quantile,0.8,10,North Dakota,Ensemble
2026-04-25,38,0,wk inc flu hosp,2026-04-25,quantile,0.85,11,North Dakota,Ensemble
2026-04-25,38,0,wk inc flu hosp,2026-04-25,quantile,0.9,12,North Dakota,Ensemble
2026-04-25,38,0,wk inc flu hosp,2026-04-25,quantile,0.95,15,North Dakota,Ensemble
2026-04-25,38,0,wk inc flu hosp,2026-04-25,quantile,0.975,18,North Dakota,Ensemble
2026-04-25,38,0,wk inc flu hosp,2026-04-25,quantile,0.99,22,North Dakota,Ensemble
2026-04-25,38,1,wk inc flu hosp,2026-05-02,quantile,0.01,0,North Dakota,Ensemble
2026-04-25,38,1,wk inc flu hosp,2026-05-02,quantile,0.025,0,North Dakota,Ensemble
2026-04-25,38,1,wk inc flu hosp,2026-05-02,quantile,0.05,1,North Dakota,Ensemble
2026-04-25,38,1,wk inc flu hosp,2026-05-02,quantile,0.1,1,North Dakota,Ensemble
2026-04-25,38,1,wk inc flu hosp,2026-05-02,quantile,0.15,1,North Dakota,Ensemble
2026-04-25,38,1,wk inc flu hosp,2026-05-02,quantile,0.2,2,North Dakota,Ensemble
2026-04-25,38,1,wk inc flu hosp,2026-05-02,quantile,0.25,2,North Dakota,Ensemble
2026-04-25,38,1,wk inc flu hosp,2026-05-02,quantile,0.3,2,North Dakota,Ensemble
2026-04-25,38,1,wk inc flu hosp,2026-05-02,quantile,0.35,3,North Dakota,Ensemble
2026-04-25,38,1,wk inc flu hosp,2026-05-02,quantile,0.4,3,North Dakota,Ensemble
2026-04-25,38,1,wk inc flu hosp,2026-05-02,quantile,0.45,4,North Dakota,Ensemble
2026-04-25,38,1,wk inc flu hosp,2026-05-02,quantile,0.5,5,North Dakota,Ensemble
2026-04-25,38,1,wk inc flu hosp,2026-05-02,quantile,0.55,6,North Dakota,Ensemble
2026-04-25,38,1,wk inc flu hosp,2026-05-02,quantile,0.6,6,North Dakota,Ensemble
2026-04-25,38,1,wk inc flu hosp,2026-05-02,quantile,0.65,7,North Dakota,Ensemble
2026-04-25,38,1,wk inc flu hosp,2026-05-02,quantile,0.7,7,North Dakota,Ensemble
2026-04-25,38,1,wk inc flu hosp,2026-05-02,quantile,0.75,8,North Dakota,Ensemble
2026-04-25,38,1,wk inc flu hosp,2026-05-02,quantile,0.8,9,North Dakota,Ensemble
2026-04-25,38,1,wk inc flu hosp,2026-05-02,quantile,0.85,10,North Dakota,Ensemble
2026-04-25,38,1,wk inc flu hosp,2026-05-02,quantile,0.9,12,North Dakota,Ensemble
2026-04-25,38,1,wk inc flu hosp,2026-05-02,quantile,0.95,15,North Dakota,Ensemble
2026-04-25,38,1,wk inc flu hosp,2026-05-02,quantile,0.975,18,North Dakota,Ensemble
2026-04-25,38,1,wk inc flu hosp,2026-05-02,quantile,0.99,23,North Dakota,Ensemble
2026-04-25,38,2,wk inc flu hosp,2026-05-09,quantile,0.01,0,North Dakota,Ensemble
2026-04-25,38,2,wk inc flu hosp,2026-05-09,quantile,0.025,0,North Dakota,Ensemble
2026-04-25,38,2,wk inc flu hosp,2026-05-09,quantile,0.05,0,North Dakota,Ensemble
2026-04-25,38,2,wk inc flu hosp,2026-05-09,quantile,0.1,1,North Dakota,Ensemble
2026-04-25,38,2,wk inc flu hosp,2026-05-09,quantile,0.15,1,North Dakota,Ensemble
2026-04-25,38,2,wk inc flu hosp,2026-05-09,quantile,0.2,1,North Dakota,Ensemble
2026-04-25,38,2,wk inc flu hosp,2026-05-09,quantile,0.25,1,North Dakota,Ensemble
2026-04-25,38,2,wk inc flu hosp,2026-05-09,quantile,0.3,2,North Dakota,Ensemble
2026-04-25,38,2,wk inc flu hosp,2026-05-09,quantile,0.35,2,North Dakota,Ensemble
2026-04-25,38,2,wk inc flu hosp,2026-05-09,quantile,0.4,3,North Dakota,Ensemble
2026-04-25,38,2,wk inc flu hosp,2026-05-09,quantile,0.45,3,North Dakota,Ensemble
2026-04-25,38,2,wk inc flu hosp,2026-05-09,quantile,0.5,4,North Dakota,Ensemble
2026-04-25,38,2,wk inc flu hosp,2026-05-09,quantile,0.55,5,North Dakota,Ensemble
2026-04-25,38,2,wk inc flu hosp,2026-05-09,quantile,0.6,5,North Dakota,Ensemble
2026-04-25,38,2,wk inc flu hosp,2026-05-09,quantile,0.65,6,North Dakota,Ensemble
2026-04-25,38,2,wk inc flu hosp,2026-05-09,quantile,0.7,7,North Dakota,Ensemble
2026-04-25,38,2,wk inc flu hosp,2026-05-09,quantile,0.75,7,North Dakota,Ensemble
2026-04-25,38,2,wk inc flu hosp,2026-05-09,quantile,0.8,8,North Dakota,Ensemble
2026-04-25,38,2,wk inc flu hosp,2026-05-09,quantile,0.85,10,North Dakota,Ensemble
2026-04-25,38,2,wk inc flu hosp,2026-05-09,quantile,0.9,12,North Dakota,Ensemble
2026-04-25,38,2,wk inc flu hosp,2026-05-09,quantile,0.95,16,North Dakota,Ensemble
2026-04-25,38,2,wk inc flu hosp,2026-05-09,quantile,0.975,19,North Dakota,Ensemble
2026-04-25,38,2,wk inc flu hosp,2026-05-09,quantile,0.99,24,North Dakota,Ensemble
2026-04-25,38,3,wk inc flu hosp,2026-05-16,quantile,0.01,0,North Dakota,Ensemble
2026-04-25,38,3,wk inc flu hosp,2026-05-16,quantile,0.025,0,North Dakota,Ensemble
2026-04-25,38,3,wk inc flu hosp,2026-05-16,quantile,0.05,0,North Dakota,Ensemble
2026-04-25,38,3,wk inc flu hosp,2026-05-16,quantile,0.1,0,North Dakota,Ensemble
2026-04-25,38,3,wk inc flu hosp,2026-05-16,quantile,0.15,1,North Dakota,Ensemble
2026-04-25,38,3,wk inc flu hosp,2026-05-16,quantile,0.2,1,North Dakota,Ensemble
2026-04-25,38,3,wk inc flu hosp,2026-05-16,quantile,0.25,1,North Dakota,Ensemble
2026-04-25,38,3,wk inc flu hosp,2026-05-16,quantile,0.3,1,North Dakota,Ensemble
2026-04-25,38,3,wk inc flu hosp,2026-05-16,quantile,0.35,2,North Dakota,Ensemble
2026-04-25,38,3,wk inc flu hosp,2026-05-16,quantile,0.4,2,North Dakota,Ensemble
2026-04-25,38,3,wk inc flu hosp,2026-05-16,quantile,0.45,2,North Dakota,Ensemble
2026-04-25,38,3,wk inc flu hosp,2026-05-16,quantile,0.5,4,North Dakota,Ensemble
2026-04-25,38,3,wk inc flu hosp,2026-05-16,quantile,0.55,4,North Dakota,Ensemble
2026-04-25,38,3,wk inc flu hosp,2026-05-16,quantile,0.6,5,North Dakota,Ensemble
2026-04-25,38,3,wk inc flu hosp,2026-05-16,quantile,0.65,5,North Dakota,Ensemble
2026-04-25,38,3,wk inc flu hosp,2026-05-16,quantile,0.7,6,North Dakota,Ensemble
2026-04-25,38,3,wk inc flu hosp,2026-05-16,quantile,0.75,7,North Dakota,Ensemble
2026-04-25,38,3,wk inc flu hosp,2026-05-16,quantile,0.8,8,North Dakota,Ensemble
2026-04-25,38,3,wk inc flu hosp,2026-05-16,quantile,0.85,10,North Dakota,Ensemble
2026-04-25,38,3,wk inc flu hosp,2026-05-16,quantile,0.9,12,North Dakota,Ensemble
2026-04-25,38,3,wk inc flu hosp,2026-05-16,quantile,0.95,16,North Dakota,Ensemble
2026-04-25,38,3,wk inc flu hosp,2026-05-16,quantile,0.975,20,North Dakota,Ensemble
2026-04-25,38,3,wk inc flu hosp,2026-05-16,quantile,0.99,26,North Dakota,Ensemble
2026-04-25,39,0,wk inc flu hosp,2026-04-25,quantile,0.01,4,Ohio,Ensemble
2026-04-25,39,0,wk inc flu hosp,2026-04-25,quantile,0.025,5,Ohio,Ensemble
2026-04-25,39,0,wk inc flu hosp,2026-04-25,quantile,0.05,6,Ohio,Ensemble
2026-04-25,39,0,wk inc flu hosp,2026-04-25,quantile,0.1,8,Ohio,Ensemble
2026-04-25,39,0,wk inc flu hosp,2026-04-25,quantile,0.15,10,Ohio,Ensemble
2026-04-25,39,0,wk inc flu hosp,2026-04-25,quantile,0.2,12,Ohio,Ensemble
2026-04-25,39,0,wk inc flu hosp,2026-04-25,quantile,0.25,13,Ohio,Ensemble
2026-04-25,39,0,wk inc flu hosp,2026-04-25,quantile,0.3,15,Ohio,Ensemble
2026-04-25,39,0,wk inc flu hosp,2026-04-25,quantile,0.35,16,Ohio,Ensemble
2026-04-25,39,0,wk inc flu hosp,2026-04-25,quantile,0.4,18,Ohio,Ensemble
2026-04-25,39,0,wk inc flu hosp,2026-04-25,quantile,0.45,19,Ohio,Ensemble
2026-04-25,39,0,wk inc flu hosp,2026-04-25,quantile,0.5,22,Ohio,Ensemble
2026-04-25,39,0,wk inc flu hosp,2026-04-25,quantile,0.55,24,Ohio,Ensemble
2026-04-25,39,0,wk inc flu hosp,2026-04-25,quantile,0.6,26,Ohio,Ensemble
2026-04-25,39,0,wk inc flu hosp,2026-04-25,quantile,0.65,28,Ohio,Ensemble
2026-04-25,39,0,wk inc flu hosp,2026-04-25,quantile,0.7,30,Ohio,Ensemble
2026-04-25,39,0,wk inc flu hosp,2026-04-25,quantile,0.75,33,Ohio,Ensemble
2026-04-25,39,0,wk inc flu hosp,2026-04-25,quantile,0.8,37,Ohio,Ensemble
2026-04-25,39,0,wk inc flu hosp,2026-04-25,quantile,0.85,41,Ohio,Ensemble
2026-04-25,39,0,wk inc flu hosp,2026-04-25,quantile,0.9,48,Ohio,Ensemble
2026-04-25,39,0,wk inc flu hosp,2026-04-25,quantile,0.95,60,Ohio,Ensemble
2026-04-25,39,0,wk inc flu hosp,2026-04-25,quantile,0.975,74,Ohio,Ensemble
2026-04-25,39,0,wk inc flu hosp,2026-04-25,quantile,0.99,94,Ohio,Ensemble
2026-04-25,39,1,wk inc flu hosp,2026-05-02,quantile,0.01,2,Ohio,Ensemble
2026-04-25,39,1,wk inc flu hosp,2026-05-02,quantile,0.025,3,Ohio,Ensemble
2026-04-25,39,1,wk inc flu hosp,2026-05-02,quantile,0.05,4,Ohio,Ensemble
2026-04-25,39,1,wk inc flu hosp,2026-05-02,quantile,0.1,5,Ohio,Ensemble
2026-04-25,39,1,wk inc flu hosp,2026-05-02,quantile,0.15,7,Ohio,Ensemble
2026-04-25,39,1,wk inc flu hosp,2026-05-02,quantile,0.2,8,Ohio,Ensemble
2026-04-25,39,1,wk inc flu hosp,2026-05-02,quantile,0.25,10,Ohio,Ensemble
2026-04-25,39,1,wk inc flu hosp,2026-05-02,quantile,0.3,11,Ohio,Ensemble
2026-04-25,39,1,wk inc flu hosp,2026-05-02,quantile,0.35,13,Ohio,Ensemble
2026-04-25,39,1,wk inc flu hosp,2026-05-02,quantile,0.4,14,Ohio,Ensemble
2026-04-25,39,1,wk inc flu hosp,2026-05-02,quantile,0.45,16,Ohio,Ensemble
2026-04-25,39,1,wk inc flu hosp,2026-05-02,quantile,0.5,19,Ohio,Ensemble
2026-04-25,39,1,wk inc flu hosp,2026-05-02,quantile,0.55,21,Ohio,Ensemble
2026-04-25,39,1,wk inc flu hosp,2026-05-02,quantile,0.6,23,Ohio,Ensemble
2026-04-25,39,1,wk inc flu hosp,2026-05-02,quantile,0.65,27,Ohio,Ensemble
2026-04-25,39,1,wk inc flu hosp,2026-05-02,quantile,0.7,30,Ohio,Ensemble
2026-04-25,39,1,wk inc flu hosp,2026-05-02,quantile,0.75,34,Ohio,Ensemble
2026-04-25,39,1,wk inc flu hosp,2026-05-02,quantile,0.8,39,Ohio,Ensemble
2026-04-25,39,1,wk inc flu hosp,2026-05-02,quantile,0.85,46,Ohio,Ensemble
2026-04-25,39,1,wk inc flu hosp,2026-05-02,quantile,0.9,57,Ohio,Ensemble
2026-04-25,39,1,wk inc flu hosp,2026-05-02,quantile,0.95,78,Ohio,Ensemble
2026-04-25,39,1,wk inc flu hosp,2026-05-02,quantile,0.975,102,Ohio,Ensemble
2026-04-25,39,1,wk inc flu hosp,2026-05-02,quantile,0.99,135,Ohio,Ensemble
2026-04-25,39,2,wk inc flu hosp,2026-05-09,quantile,0.01,1,Ohio,Ensemble
2026-04-25,39,2,wk inc flu hosp,2026-05-09,quantile,0.025,2,Ohio,Ensemble
2026-04-25,39,2,wk inc flu hosp,2026-05-09,quantile,0.05,2,Ohio,Ensemble
2026-04-25,39,2,wk inc flu hosp,2026-05-09,quantile,0.1,4,Ohio,Ensemble
2026-04-25,39,2,wk inc flu hosp,2026-05-09,quantile,0.15,5,Ohio,Ensemble
2026-04-25,39,2,wk inc flu hosp,2026-05-09,quantile,0.2,6,Ohio,Ensemble
2026-04-25,39,2,wk inc flu hosp,2026-05-09,quantile,0.25,7,Ohio,Ensemble
2026-04-25,39,2,wk inc flu hosp,2026-05-09,quantile,0.3,8,Ohio,Ensemble
2026-04-25,39,2,wk inc flu hosp,2026-05-09,quantile,0.35,9,Ohio,Ensemble
2026-04-25,39,2,wk inc flu hosp,2026-05-09,quantile,0.4,10,Ohio,Ensemble
2026-04-25,39,2,wk inc flu hosp,2026-05-09,quantile,0.45,12,Ohio,Ensemble
2026-04-25,39,2,wk inc flu hosp,2026-05-09,quantile,0.5,15,Ohio,Ensemble
2026-04-25,39,2,wk inc flu hosp,2026-05-09,quantile,0.55,18,Ohio,Ensemble
2026-04-25,39,2,wk inc flu hosp,2026-05-09,quantile,0.6,21,Ohio,Ensemble
2026-04-25,39,2,wk inc flu hosp,2026-05-09,quantile,0.65,25,Ohio,Ensemble
2026-04-25,39,2,wk inc flu hosp,2026-05-09,quantile,0.7,29,Ohio,Ensemble
2026-04-25,39,2,wk inc flu hosp,2026-05-09,quantile,0.75,35,Ohio,Ensemble
2026-04-25,39,2,wk inc flu hosp,2026-05-09,quantile,0.8,42,Ohio,Ensemble
2026-04-25,39,2,wk inc flu hosp,2026-05-09,quantile,0.85,53,Ohio,Ensemble
2026-04-25,39,2,wk inc flu hosp,2026-05-09,quantile,0.9,69,Ohio,Ensemble
2026-04-25,39,2,wk inc flu hosp,2026-05-09,quantile,0.95,98,Ohio,Ensemble
2026-04-25,39,2,wk inc flu hosp,2026-05-09,quantile,0.975,133,Ohio,Ensemble
2026-04-25,39,2,wk inc flu hosp,2026-05-09,quantile,0.99,178,Ohio,Ensemble
2026-04-25,39,3,wk inc flu hosp,2026-05-16,quantile,0.01,1,Ohio,Ensemble
2026-04-25,39,3,wk inc flu hosp,2026-05-16,quantile,0.025,1,Ohio,Ensemble
2026-04-25,39,3,wk inc flu hosp,2026-05-16,quantile,0.05,2,Ohio,Ensemble
2026-04-25,39,3,wk inc flu hosp,2026-05-16,quantile,0.1,3,Ohio,Ensemble
2026-04-25,39,3,wk inc flu hosp,2026-05-16,quantile,0.15,4,Ohio,Ensemble
2026-04-25,39,3,wk inc flu hosp,2026-05-16,quantile,0.2,5,Ohio,Ensemble
2026-04-25,39,3,wk inc flu hosp,2026-05-16,quantile,0.25,6,Ohio,Ensemble
2026-04-25,39,3,wk inc flu hosp,2026-05-16,quantile,0.3,7,Ohio,Ensemble
2026-04-25,39,3,wk inc flu hosp,2026-05-16,quantile,0.35,7,Ohio,Ensemble
2026-04-25,39,3,wk inc flu hosp,2026-05-16,quantile,0.4,9,Ohio,Ensemble
2026-04-25,39,3,wk inc flu hosp,2026-05-16,quantile,0.45,11,Ohio,Ensemble
2026-04-25,39,3,wk inc flu hosp,2026-05-16,quantile,0.5,15,Ohio,Ensemble
2026-04-25,39,3,wk inc flu hosp,2026-05-16,quantile,0.55,18,Ohio,Ensemble
2026-04-25,39,3,wk inc flu hosp,2026-05-16,quantile,0.6,21,Ohio,Ensemble
2026-04-25,39,3,wk inc flu hosp,2026-05-16,quantile,0.65,25,Ohio,Ensemble
2026-04-25,39,3,wk inc flu hosp,2026-05-16,quantile,0.7,30,Ohio,Ensemble
2026-04-25,39,3,wk inc flu hosp,2026-05-16,quantile,0.75,37,Ohio,Ensemble
2026-04-25,39,3,wk inc flu hosp,2026-05-16,quantile,0.8,45,Ohio,Ensemble
2026-04-25,39,3,wk inc flu hosp,2026-05-16,quantile,0.85,57,Ohio,Ensemble
2026-04-25,39,3,wk inc flu hosp,2026-05-16,quantile,0.9,73,Ohio,Ensemble
2026-04-25,39,3,wk inc flu hosp,2026-05-16,quantile,0.95,107,Ohio,Ensemble
2026-04-25,39,3,wk inc flu hosp,2026-05-16,quantile,0.975,140,Ohio,Ensemble
2026-04-25,39,3,wk inc flu hosp,2026-05-16,quantile,0.99,188,Ohio,Ensemble
2026-04-25,40,0,wk inc flu hosp,2026-04-25,quantile,0.01,0,Oklahoma,Ensemble
2026-04-25,40,0,wk inc flu hosp,2026-04-25,quantile,0.025,0,Oklahoma,Ensemble
2026-04-25,40,0,wk inc flu hosp,2026-04-25,quantile,0.05,1,Oklahoma,Ensemble
2026-04-25,40,0,wk inc flu hosp,2026-04-25,quantile,0.1,1,Oklahoma,Ensemble
2026-04-25,40,0,wk inc flu hosp,2026-04-25,quantile,0.15,2,Oklahoma,Ensemble
2026-04-25,40,0,wk inc flu hosp,2026-04-25,quantile,0.2,2,Oklahoma,Ensemble
2026-04-25,40,0,wk inc flu hosp,2026-04-25,quantile,0.25,2,Oklahoma,Ensemble
2026-04-25,40,0,wk inc flu hosp,2026-04-25,quantile,0.3,2,Oklahoma,Ensemble
2026-04-25,40,0,wk inc flu hosp,2026-04-25,quantile,0.35,3,Oklahoma,Ensemble
2026-04-25,40,0,wk inc flu hosp,2026-04-25,quantile,0.4,4,Oklahoma,Ensemble
2026-04-25,40,0,wk inc flu hosp,2026-04-25,quantile,0.45,4,Oklahoma,Ensemble
2026-04-25,40,0,wk inc flu hosp,2026-04-25,quantile,0.5,6,Oklahoma,Ensemble
2026-04-25,40,0,wk inc flu hosp,2026-04-25,quantile,0.55,6,Oklahoma,Ensemble
2026-04-25,40,0,wk inc flu hosp,2026-04-25,quantile,0.6,7,Oklahoma,Ensemble
2026-04-25,40,0,wk inc flu hosp,2026-04-25,quantile,0.65,8,Oklahoma,Ensemble
2026-04-25,40,0,wk inc flu hosp,2026-04-25,quantile,0.7,9,Oklahoma,Ensemble
2026-04-25,40,0,wk inc flu hosp,2026-04-25,quantile,0.75,11,Oklahoma,Ensemble
2026-04-25,40,0,wk inc flu hosp,2026-04-25,quantile,0.8,12,Oklahoma,Ensemble
2026-04-25,40,0,wk inc flu hosp,2026-04-25,quantile,0.85,14,Oklahoma,Ensemble
2026-04-25,40,0,wk inc flu hosp,2026-04-25,quantile,0.9,16,Oklahoma,Ensemble
2026-04-25,40,0,wk inc flu hosp,2026-04-25,quantile,0.95,20,Oklahoma,Ensemble
2026-04-25,40,0,wk inc flu hosp,2026-04-25,quantile,0.975,24,Oklahoma,Ensemble
2026-04-25,40,0,wk inc flu hosp,2026-04-25,quantile,0.99,30,Oklahoma,Ensemble
2026-04-25,40,1,wk inc flu hosp,2026-05-02,quantile,0.01,0,Oklahoma,Ensemble
2026-04-25,40,1,wk inc flu hosp,2026-05-02,quantile,0.025,0,Oklahoma,Ensemble
2026-04-25,40,1,wk inc flu hosp,2026-05-02,quantile,0.05,0,Oklahoma,Ensemble
2026-04-25,40,1,wk inc flu hosp,2026-05-02,quantile,0.1,1,Oklahoma,Ensemble
2026-04-25,40,1,wk inc flu hosp,2026-05-02,quantile,0.15,1,Oklahoma,Ensemble
2026-04-25,40,1,wk inc flu hosp,2026-05-02,quantile,0.2,2,Oklahoma,Ensemble
2026-04-25,40,1,wk inc flu hosp,2026-05-02,quantile,0.25,2,Oklahoma,Ensemble
2026-04-25,40,1,wk inc flu hosp,2026-05-02,quantile,0.3,2,Oklahoma,Ensemble
2026-04-25,40,1,wk inc flu hosp,2026-05-02,quantile,0.35,3,Oklahoma,Ensemble
2026-04-25,40,1,wk inc flu hosp,2026-05-02,quantile,0.4,3,Oklahoma,Ensemble
2026-04-25,40,1,wk inc flu hosp,2026-05-02,quantile,0.45,3,Oklahoma,Ensemble
2026-04-25,40,1,wk inc flu hosp,2026-05-02,quantile,0.5,5,Oklahoma,Ensemble
2026-04-25,40,1,wk inc flu hosp,2026-05-02,quantile,0.55,6,Oklahoma,Ensemble
2026-04-25,40,1,wk inc flu hosp,2026-05-02,quantile,0.6,7,Oklahoma,Ensemble
2026-04-25,40,1,wk inc flu hosp,2026-05-02,quantile,0.65,8,Oklahoma,Ensemble
2026-04-25,40,1,wk inc flu hosp,2026-05-02,quantile,0.7,9,Oklahoma,Ensemble
2026-04-25,40,1,wk inc flu hosp,2026-05-02,quantile,0.75,10,Oklahoma,Ensemble
2026-04-25,40,1,wk inc flu hosp,2026-05-02,quantile,0.8,11,Oklahoma,Ensemble
2026-04-25,40,1,wk inc flu hosp,2026-05-02,quantile,0.85,13,Oklahoma,Ensemble
2026-04-25,40,1,wk inc flu hosp,2026-05-02,quantile,0.9,16,Oklahoma,Ensemble
2026-04-25,40,1,wk inc flu hosp,2026-05-02,quantile,0.95,21,Oklahoma,Ensemble
2026-04-25,40,1,wk inc flu hosp,2026-05-02,quantile,0.975,26,Oklahoma,Ensemble
2026-04-25,40,1,wk inc flu hosp,2026-05-02,quantile,0.99,35,Oklahoma,Ensemble
2026-04-25,40,2,wk inc flu hosp,2026-05-09,quantile,0.01,0,Oklahoma,Ensemble
2026-04-25,40,2,wk inc flu hosp,2026-05-09,quantile,0.025,0,Oklahoma,Ensemble
2026-04-25,40,2,wk inc flu hosp,2026-05-09,quantile,0.05,0,Oklahoma,Ensemble
2026-04-25,40,2,wk inc flu hosp,2026-05-09,quantile,0.1,1,Oklahoma,Ensemble
2026-04-25,40,2,wk inc flu hosp,2026-05-09,quantile,0.15,1,Oklahoma,Ensemble
2026-04-25,40,2,wk inc flu hosp,2026-05-09,quantile,0.2,1,Oklahoma,Ensemble
2026-04-25,40,2,wk inc flu hosp,2026-05-09,quantile,0.25,1,Oklahoma,Ensemble
2026-04-25,40,2,wk inc flu hosp,2026-05-09,quantile,0.3,2,Oklahoma,Ensemble
2026-04-25,40,2,wk inc flu hosp,2026-05-09,quantile,0.35,2,Oklahoma,Ensemble
2026-04-25,40,2,wk inc flu hosp,2026-05-09,quantile,0.4,3,Oklahoma,Ensemble
2026-04-25,40,2,wk inc flu hosp,2026-05-09,quantile,0.45,3,Oklahoma,Ensemble
2026-04-25,40,2,wk inc flu hosp,2026-05-09,quantile,0.5,5,Oklahoma,Ensemble
2026-04-25,40,2,wk inc flu hosp,2026-05-09,quantile,0.55,5,Oklahoma,Ensemble
2026-04-25,40,2,wk inc flu hosp,2026-05-09,quantile,0.6,6,Oklahoma,Ensemble
2026-04-25,40,2,wk inc flu hosp,2026-05-09,quantile,0.65,7,Oklahoma,Ensemble
2026-04-25,40,2,wk inc flu hosp,2026-05-09,quantile,0.7,8,Oklahoma,Ensemble
2026-04-25,40,2,wk inc flu hosp,2026-05-09,quantile,0.75,10,Oklahoma,Ensemble
2026-04-25,40,2,wk inc flu hosp,2026-05-09,quantile,0.8,11,Oklahoma,Ensemble
2026-04-25,40,2,wk inc flu hosp,2026-05-09,quantile,0.85,13,Oklahoma,Ensemble
2026-04-25,40,2,wk inc flu hosp,2026-05-09,quantile,0.9,17,Oklahoma,Ensemble
2026-04-25,40,2,wk inc flu hosp,2026-05-09,quantile,0.95,23,Oklahoma,Ensemble
2026-04-25,40,2,wk inc flu hosp,2026-05-09,quantile,0.975,32,Oklahoma,Ensemble
2026-04-25,40,2,wk inc flu hosp,2026-05-09,quantile,0.99,45,Oklahoma,Ensemble
2026-04-25,40,3,wk inc flu hosp,2026-05-16,quantile,0.01,0,Oklahoma,Ensemble
2026-04-25,40,3,wk inc flu hosp,2026-05-16,quantile,0.025,0,Oklahoma,Ensemble
2026-04-25,40,3,wk inc flu hosp,2026-05-16,quantile,0.05,0,Oklahoma,Ensemble
2026-04-25,40,3,wk inc flu hosp,2026-05-16,quantile,0.1,1,Oklahoma,Ensemble
2026-04-25,40,3,wk inc flu hosp,2026-05-16,quantile,0.15,1,Oklahoma,Ensemble
2026-04-25,40,3,wk inc flu hosp,2026-05-16,quantile,0.2,1,Oklahoma,Ensemble
2026-04-25,40,3,wk inc flu hosp,2026-05-16,quantile,0.25,1,Oklahoma,Ensemble
2026-04-25,40,3,wk inc flu hosp,2026-05-16,quantile,0.3,2,Oklahoma,Ensemble
2026-04-25,40,3,wk inc flu hosp,2026-05-16,quantile,0.35,2,Oklahoma,Ensemble
2026-04-25,40,3,wk inc flu hosp,2026-05-16,quantile,0.4,2,Oklahoma,Ensemble
2026-04-25,40,3,wk inc flu hosp,2026-05-16,quantile,0.45,3,Oklahoma,Ensemble
2026-04-25,40,3,wk inc flu hosp,2026-05-16,quantile,0.5,4,Oklahoma,Ensemble
2026-04-25,40,3,wk inc flu hosp,2026-05-16,quantile,0.55,5,Oklahoma,Ensemble
2026-04-25,40,3,wk inc flu hosp,2026-05-16,quantile,0.6,6,Oklahoma,Ensemble
2026-04-25,40,3,wk inc flu hosp,2026-05-16,quantile,0.65,7,Oklahoma,Ensemble
2026-04-25,40,3,wk inc flu hosp,2026-05-16,quantile,0.7,8,Oklahoma,Ensemble
2026-04-25,40,3,wk inc flu hosp,2026-05-16,quantile,0.75,10,Oklahoma,Ensemble
2026-04-25,40,3,wk inc flu hosp,2026-05-16,quantile,0.8,11,Oklahoma,Ensemble
2026-04-25,40,3,wk inc flu hosp,2026-05-16,quantile,0.85,13,Oklahoma,Ensemble
2026-04-25,40,3,wk inc flu hosp,2026-05-16,quantile,0.9,17,Oklahoma,Ensemble
2026-04-25,40,3,wk inc flu hosp,2026-05-16,quantile,0.95,24,Oklahoma,Ensemble
2026-04-25,40,3,wk inc flu hosp,2026-05-16,quantile,0.975,36,Oklahoma,Ensemble
2026-04-25,40,3,wk inc flu hosp,2026-05-16,quantile,0.99,51,Oklahoma,Ensemble
2026-04-25,41,0,wk inc flu hosp,2026-04-25,quantile,0.01,1,Oregon,Ensemble
2026-04-25,41,0,wk inc flu hosp,2026-04-25,quantile,0.025,1,Oregon,Ensemble
2026-04-25,41,0,wk inc flu hosp,2026-04-25,quantile,0.05,2,Oregon,Ensemble
2026-04-25,41,0,wk inc flu hosp,2026-04-25,quantile,0.1,3,Oregon,Ensemble
2026-04-25,41,0,wk inc flu hosp,2026-04-25,quantile,0.15,3,Oregon,Ensemble
2026-04-25,41,0,wk inc flu hosp,2026-04-25,quantile,0.2,4,Oregon,Ensemble
2026-04-25,41,0,wk inc flu hosp,2026-04-25,quantile,0.25,4,Oregon,Ensemble
2026-04-25,41,0,wk inc flu hosp,2026-04-25,quantile,0.3,5,Oregon,Ensemble
2026-04-25,41,0,wk inc flu hosp,2026-04-25,quantile,0.35,6,Oregon,Ensemble
2026-04-25,41,0,wk inc flu hosp,2026-04-25,quantile,0.4,6,Oregon,Ensemble
2026-04-25,41,0,wk inc flu hosp,2026-04-25,quantile,0.45,7,Oregon,Ensemble
2026-04-25,41,0,wk inc flu hosp,2026-04-25,quantile,0.5,8,Oregon,Ensemble
2026-04-25,41,0,wk inc flu hosp,2026-04-25,quantile,0.55,9,Oregon,Ensemble
2026-04-25,41,0,wk inc flu hosp,2026-04-25,quantile,0.6,10,Oregon,Ensemble
2026-04-25,41,0,wk inc flu hosp,2026-04-25,quantile,0.65,10,Oregon,Ensemble
2026-04-25,41,0,wk inc flu hosp,2026-04-25,quantile,0.7,11,Oregon,Ensemble
2026-04-25,41,0,wk inc flu hosp,2026-04-25,quantile,0.75,12,Oregon,Ensemble
2026-04-25,41,0,wk inc flu hosp,2026-04-25,quantile,0.8,13,Oregon,Ensemble
2026-04-25,41,0,wk inc flu hosp,2026-04-25,quantile,0.85,15,Oregon,Ensemble
2026-04-25,41,0,wk inc flu hosp,2026-04-25,quantile,0.9,17,Oregon,Ensemble
2026-04-25,41,0,wk inc flu hosp,2026-04-25,quantile,0.95,22,Oregon,Ensemble
2026-04-25,41,0,wk inc flu hosp,2026-04-25,quantile,0.975,28,Oregon,Ensemble
2026-04-25,41,0,wk inc flu hosp,2026-04-25,quantile,0.99,40,Oregon,Ensemble
2026-04-25,41,1,wk inc flu hosp,2026-05-02,quantile,0.01,0,Oregon,Ensemble
2026-04-25,41,1,wk inc flu hosp,2026-05-02,quantile,0.025,1,Oregon,Ensemble
2026-04-25,41,1,wk inc flu hosp,2026-05-02,quantile,0.05,1,Oregon,Ensemble
2026-04-25,41,1,wk inc flu hosp,2026-05-02,quantile,0.1,2,Oregon,Ensemble
2026-04-25,41,1,wk inc flu hosp,2026-05-02,quantile,0.15,2,Oregon,Ensemble
2026-04-25,41,1,wk inc flu hosp,2026-05-02,quantile,0.2,3,Oregon,Ensemble
2026-04-25,41,1,wk inc flu hosp,2026-05-02,quantile,0.25,4,Oregon,Ensemble
2026-04-25,41,1,wk inc flu hosp,2026-05-02,quantile,0.3,4,Oregon,Ensemble
2026-04-25,41,1,wk inc flu hosp,2026-05-02,quantile,0.35,5,Oregon,Ensemble
2026-04-25,41,1,wk inc flu hosp,2026-05-02,quantile,0.4,5,Oregon,Ensemble
2026-04-25,41,1,wk inc flu hosp,2026-05-02,quantile,0.45,6,Oregon,Ensemble
2026-04-25,41,1,wk inc flu hosp,2026-05-02,quantile,0.5,8,Oregon,Ensemble
2026-04-25,41,1,wk inc flu hosp,2026-05-02,quantile,0.55,9,Oregon,Ensemble
2026-04-25,41,1,wk inc flu hosp,2026-05-02,quantile,0.6,10,Oregon,Ensemble
2026-04-25,41,1,wk inc flu hosp,2026-05-02,quantile,0.65,10,Oregon,Ensemble
2026-04-25,41,1,wk inc flu hosp,2026-05-02,quantile,0.7,11,Oregon,Ensemble
2026-04-25,41,1,wk inc flu hosp,2026-05-02,quantile,0.75,13,Oregon,Ensemble
2026-04-25,41,1,wk inc flu hosp,2026-05-02,quantile,0.8,14,Oregon,Ensemble
2026-04-25,41,1,wk inc flu hosp,2026-05-02,quantile,0.85,16,Oregon,Ensemble
2026-04-25,41,1,wk inc flu hosp,2026-05-02,quantile,0.9,20,Oregon,Ensemble
2026-04-25,41,1,wk inc flu hosp,2026-05-02,quantile,0.95,27,Oregon,Ensemble
2026-04-25,41,1,wk inc flu hosp,2026-05-02,quantile,0.975,38,Oregon,Ensemble
2026-04-25,41,1,wk inc flu hosp,2026-05-02,quantile,0.99,51,Oregon,Ensemble
2026-04-25,41,2,wk inc flu hosp,2026-05-09,quantile,0.01,0,Oregon,Ensemble
2026-04-25,41,2,wk inc flu hosp,2026-05-09,quantile,0.025,0,Oregon,Ensemble
2026-04-25,41,2,wk inc flu hosp,2026-05-09,quantile,0.05,1,Oregon,Ensemble
2026-04-25,41,2,wk inc flu hosp,2026-05-09,quantile,0.1,1,Oregon,Ensemble
2026-04-25,41,2,wk inc flu hosp,2026-05-09,quantile,0.15,1,Oregon,Ensemble
2026-04-25,41,2,wk inc flu hosp,2026-05-09,quantile,0.2,2,Oregon,Ensemble
2026-04-25,41,2,wk inc flu hosp,2026-05-09,quantile,0.25,2,Oregon,Ensemble
2026-04-25,41,2,wk inc flu hosp,2026-05-09,quantile,0.3,3,Oregon,Ensemble
2026-04-25,41,2,wk inc flu hosp,2026-05-09,quantile,0.35,4,Oregon,Ensemble
2026-04-25,41,2,wk inc flu hosp,2026-05-09,quantile,0.4,4,Oregon,Ensemble
2026-04-25,41,2,wk inc flu hosp,2026-05-09,quantile,0.45,5,Oregon,Ensemble
2026-04-25,41,2,wk inc flu hosp,2026-05-09,quantile,0.5,7,Oregon,Ensemble
2026-04-25,41,2,wk inc flu hosp,2026-05-09,quantile,0.55,7,Oregon,Ensemble
2026-04-25,41,2,wk inc flu hosp,2026-05-09,quantile,0.6,8,Oregon,Ensemble
2026-04-25,41,2,wk inc flu hosp,2026-05-09,quantile,0.65,10,Oregon,Ensemble
2026-04-25,41,2,wk inc flu hosp,2026-05-09,quantile,0.7,11,Oregon,Ensemble
2026-04-25,41,2,wk inc flu hosp,2026-05-09,quantile,0.75,12,Oregon,Ensemble
2026-04-25,41,2,wk inc flu hosp,2026-05-09,quantile,0.8,14,Oregon,Ensemble
2026-04-25,41,2,wk inc flu hosp,2026-05-09,quantile,0.85,17,Oregon,Ensemble
2026-04-25,41,2,wk inc flu hosp,2026-05-09,quantile,0.9,21,Oregon,Ensemble
2026-04-25,41,2,wk inc flu hosp,2026-05-09,quantile,0.95,32,Oregon,Ensemble
2026-04-25,41,2,wk inc flu hosp,2026-05-09,quantile,0.975,43,Oregon,Ensemble
2026-04-25,41,2,wk inc flu hosp,2026-05-09,quantile,0.99,56,Oregon,Ensemble
2026-04-25,41,3,wk inc flu hosp,2026-05-16,quantile,0.01,0,Oregon,Ensemble
2026-04-25,41,3,wk inc flu hosp,2026-05-16,quantile,0.025,0,Oregon,Ensemble
2026-04-25,41,3,wk inc flu hosp,2026-05-16,quantile,0.05,0,Oregon,Ensemble
2026-04-25,41,3,wk inc flu hosp,2026-05-16,quantile,0.1,1,Oregon,Ensemble
2026-04-25,41,3,wk inc flu hosp,2026-05-16,quantile,0.15,1,Oregon,Ensemble
2026-04-25,41,3,wk inc flu hosp,2026-05-16,quantile,0.2,1,Oregon,Ensemble
2026-04-25,41,3,wk inc flu hosp,2026-05-16,quantile,0.25,2,Oregon,Ensemble
2026-04-25,41,3,wk inc flu hosp,2026-05-16,quantile,0.3,2,Oregon,Ensemble
2026-04-25,41,3,wk inc flu hosp,2026-05-16,quantile,0.35,3,Oregon,Ensemble
2026-04-25,41,3,wk inc flu hosp,2026-05-16,quantile,0.4,4,Oregon,Ensemble
2026-04-25,41,3,wk inc flu hosp,2026-05-16,quantile,0.45,4,Oregon,Ensemble
2026-04-25,41,3,wk inc flu hosp,2026-05-16,quantile,0.5,6,Oregon,Ensemble
2026-04-25,41,3,wk inc flu hosp,2026-05-16,quantile,0.55,7,Oregon,Ensemble
2026-04-25,41,3,wk inc flu hosp,2026-05-16,quantile,0.6,8,Oregon,Ensemble
2026-04-25,41,3,wk inc flu hosp,2026-05-16,quantile,0.65,9,Oregon,Ensemble
2026-04-25,41,3,wk inc flu hosp,2026-05-16,quantile,0.7,10,Oregon,Ensemble
2026-04-25,41,3,wk inc flu hosp,2026-05-16,quantile,0.75,12,Oregon,Ensemble
2026-04-25,41,3,wk inc flu hosp,2026-05-16,quantile,0.8,14,Oregon,Ensemble
2026-04-25,41,3,wk inc flu hosp,2026-05-16,quantile,0.85,17,Oregon,Ensemble
2026-04-25,41,3,wk inc flu hosp,2026-05-16,quantile,0.9,22,Oregon,Ensemble
2026-04-25,41,3,wk inc flu hosp,2026-05-16,quantile,0.95,35,Oregon,Ensemble
2026-04-25,41,3,wk inc flu hosp,2026-05-16,quantile,0.975,47,Oregon,Ensemble
2026-04-25,41,3,wk inc flu hosp,2026-05-16,quantile,0.99,61,Oregon,Ensemble
2026-04-25,42,0,wk inc flu hosp,2026-04-25,quantile,0.01,65,Pennsylvania,Ensemble
2026-04-25,42,0,wk inc flu hosp,2026-04-25,quantile,0.025,75,Pennsylvania,Ensemble
2026-04-25,42,0,wk inc flu hosp,2026-04-25,quantile,0.05,85,Pennsylvania,Ensemble
2026-04-25,42,0,wk inc flu hosp,2026-04-25,quantile,0.1,97,Pennsylvania,Ensemble
2026-04-25,42,0,wk inc flu hosp,2026-04-25,quantile,0.15,105,Pennsylvania,Ensemble
2026-04-25,42,0,wk inc flu hosp,2026-04-25,quantile,0.2,113,Pennsylvania,Ensemble
2026-04-25,42,0,wk inc flu hosp,2026-04-25,quantile,0.25,120,Pennsylvania,Ensemble
2026-04-25,42,0,wk inc flu hosp,2026-04-25,quantile,0.3,127,Pennsylvania,Ensemble
2026-04-25,42,0,wk inc flu hosp,2026-04-25,quantile,0.35,133,Pennsylvania,Ensemble
2026-04-25,42,0,wk inc flu hosp,2026-04-25,quantile,0.4,139,Pennsylvania,Ensemble
2026-04-25,42,0,wk inc flu hosp,2026-04-25,quantile,0.45,146,Pennsylvania,Ensemble
2026-04-25,42,0,wk inc flu hosp,2026-04-25,quantile,0.5,153,Pennsylvania,Ensemble
2026-04-25,42,0,wk inc flu hosp,2026-04-25,quantile,0.55,160,Pennsylvania,Ensemble
2026-04-25,42,0,wk inc flu hosp,2026-04-25,quantile,0.6,167,Pennsylvania,Ensemble
2026-04-25,42,0,wk inc flu hosp,2026-04-25,quantile,0.65,175,Pennsylvania,Ensemble
2026-04-25,42,0,wk inc flu hosp,2026-04-25,quantile,0.7,182,Pennsylvania,Ensemble
2026-04-25,42,0,wk inc flu hosp,2026-04-25,quantile,0.75,192,Pennsylvania,Ensemble
2026-04-25,42,0,wk inc flu hosp,2026-04-25,quantile,0.8,203,Pennsylvania,Ensemble
2026-04-25,42,0,wk inc flu hosp,2026-04-25,quantile,0.85,218,Pennsylvania,Ensemble
2026-04-25,42,0,wk inc flu hosp,2026-04-25,quantile,0.9,238,Pennsylvania,Ensemble
2026-04-25,42,0,wk inc flu hosp,2026-04-25,quantile,0.95,274,Pennsylvania,Ensemble
2026-04-25,42,0,wk inc flu hosp,2026-04-25,quantile,0.975,313,Pennsylvania,Ensemble
2026-04-25,42,0,wk inc flu hosp,2026-04-25,quantile,0.99,360,Pennsylvania,Ensemble
2026-04-25,42,1,wk inc flu hosp,2026-05-02,quantile,0.01,44,Pennsylvania,Ensemble
2026-04-25,42,1,wk inc flu hosp,2026-05-02,quantile,0.025,51,Pennsylvania,Ensemble
2026-04-25,42,1,wk inc flu hosp,2026-05-02,quantile,0.05,61,Pennsylvania,Ensemble
2026-04-25,42,1,wk inc flu hosp,2026-05-02,quantile,0.1,72,Pennsylvania,Ensemble
2026-04-25,42,1,wk inc flu hosp,2026-05-02,quantile,0.15,81,Pennsylvania,Ensemble
2026-04-25,42,1,wk inc flu hosp,2026-05-02,quantile,0.2,88,Pennsylvania,Ensemble
2026-04-25,42,1,wk inc flu hosp,2026-05-02,quantile,0.25,95,Pennsylvania,Ensemble
2026-04-25,42,1,wk inc flu hosp,2026-05-02,quantile,0.3,102,Pennsylvania,Ensemble
2026-04-25,42,1,wk inc flu hosp,2026-05-02,quantile,0.35,109,Pennsylvania,Ensemble
2026-04-25,42,1,wk inc flu hosp,2026-05-02,quantile,0.4,116,Pennsylvania,Ensemble
2026-04-25,42,1,wk inc flu hosp,2026-05-02,quantile,0.45,124,Pennsylvania,Ensemble
2026-04-25,42,1,wk inc flu hosp,2026-05-02,quantile,0.5,132,Pennsylvania,Ensemble
2026-04-25,42,1,wk inc flu hosp,2026-05-02,quantile,0.55,140,Pennsylvania,Ensemble
2026-04-25,42,1,wk inc flu hosp,2026-05-02,quantile,0.6,149,Pennsylvania,Ensemble
2026-04-25,42,1,wk inc flu hosp,2026-05-02,quantile,0.65,158,Pennsylvania,Ensemble
2026-04-25,42,1,wk inc flu hosp,2026-05-02,quantile,0.7,168,Pennsylvania,Ensemble
2026-04-25,42,1,wk inc flu hosp,2026-05-02,quantile,0.75,179,Pennsylvania,Ensemble
2026-04-25,42,1,wk inc flu hosp,2026-05-02,quantile,0.8,192,Pennsylvania,Ensemble
2026-04-25,42,1,wk inc flu hosp,2026-05-02,quantile,0.85,210,Pennsylvania,Ensemble
2026-04-25,42,1,wk inc flu hosp,2026-05-02,quantile,0.9,234,Pennsylvania,Ensemble
2026-04-25,42,1,wk inc flu hosp,2026-05-02,quantile,0.95,278,Pennsylvania,Ensemble
2026-04-25,42,1,wk inc flu hosp,2026-05-02,quantile,0.975,323,Pennsylvania,Ensemble
2026-04-25,42,1,wk inc flu hosp,2026-05-02,quantile,0.99,388,Pennsylvania,Ensemble
2026-04-25,42,2,wk inc flu hosp,2026-05-09,quantile,0.01,32,Pennsylvania,Ensemble
2026-04-25,42,2,wk inc flu hosp,2026-05-09,quantile,0.025,38,Pennsylvania,Ensemble
2026-04-25,42,2,wk inc flu hosp,2026-05-09,quantile,0.05,45,Pennsylvania,Ensemble
2026-04-25,42,2,wk inc flu hosp,2026-05-09,quantile,0.1,54,Pennsylvania,Ensemble
2026-04-25,42,2,wk inc flu hosp,2026-05-09,quantile,0.15,62,Pennsylvania,Ensemble
2026-04-25,42,2,wk inc flu hosp,2026-05-09,quantile,0.2,69,Pennsylvania,Ensemble
2026-04-25,42,2,wk inc flu hosp,2026-05-09,quantile,0.25,75,Pennsylvania,Ensemble
2026-04-25,42,2,wk inc flu hosp,2026-05-09,quantile,0.3,82,Pennsylvania,Ensemble
2026-04-25,42,2,wk inc flu hosp,2026-05-09,quantile,0.35,89,Pennsylvania,Ensemble
2026-04-25,42,2,wk inc flu hosp,2026-05-09,quantile,0.4,96,Pennsylvania,Ensemble
2026-04-25,42,2,wk inc flu hosp,2026-05-09,quantile,0.45,104,Pennsylvania,Ensemble
2026-04-25,42,2,wk inc flu hosp,2026-05-09,quantile,0.5,113,Pennsylvania,Ensemble
2026-04-25,42,2,wk inc flu hosp,2026-05-09,quantile,0.55,122,Pennsylvania,Ensemble
2026-04-25,42,2,wk inc flu hosp,2026-05-09,quantile,0.6,132,Pennsylvania,Ensemble
2026-04-25,42,2,wk inc flu hosp,2026-05-09,quantile,0.65,143,Pennsylvania,Ensemble
2026-04-25,42,2,wk inc flu hosp,2026-05-09,quantile,0.7,154,Pennsylvania,Ensemble
2026-04-25,42,2,wk inc flu hosp,2026-05-09,quantile,0.75,167,Pennsylvania,Ensemble
2026-04-25,42,2,wk inc flu hosp,2026-05-09,quantile,0.8,183,Pennsylvania,Ensemble
2026-04-25,42,2,wk inc flu hosp,2026-05-09,quantile,0.85,203,Pennsylvania,Ensemble
2026-04-25,42,2,wk inc flu hosp,2026-05-09,quantile,0.9,233,Pennsylvania,Ensemble
2026-04-25,42,2,wk inc flu hosp,2026-05-09,quantile,0.95,288,Pennsylvania,Ensemble
2026-04-25,42,2,wk inc flu hosp,2026-05-09,quantile,0.975,349,Pennsylvania,Ensemble
2026-04-25,42,2,wk inc flu hosp,2026-05-09,quantile,0.99,425,Pennsylvania,Ensemble
2026-04-25,42,3,wk inc flu hosp,2026-05-16,quantile,0.01,26,Pennsylvania,Ensemble
2026-04-25,42,3,wk inc flu hosp,2026-05-16,quantile,0.025,31,Pennsylvania,Ensemble
2026-04-25,42,3,wk inc flu hosp,2026-05-16,quantile,0.05,37,Pennsylvania,Ensemble
2026-04-25,42,3,wk inc flu hosp,2026-05-16,quantile,0.1,45,Pennsylvania,Ensemble
2026-04-25,42,3,wk inc flu hosp,2026-05-16,quantile,0.15,52,Pennsylvania,Ensemble
2026-04-25,42,3,wk inc flu hosp,2026-05-16,quantile,0.2,58,Pennsylvania,Ensemble
2026-04-25,42,3,wk inc flu hosp,2026-05-16,quantile,0.25,65,Pennsylvania,Ensemble
2026-04-25,42,3,wk inc flu hosp,2026-05-16,quantile,0.3,71,Pennsylvania,Ensemble
2026-04-25,42,3,wk inc flu hosp,2026-05-16,quantile,0.35,78,Pennsylvania,Ensemble
2026-04-25,42,3,wk inc flu hosp,2026-05-16,quantile,0.4,85,Pennsylvania,Ensemble
2026-04-25,42,3,wk inc flu hosp,2026-05-16,quantile,0.45,93,Pennsylvania,Ensemble
2026-04-25,42,3,wk inc flu hosp,2026-05-16,quantile,0.5,103,Pennsylvania,Ensemble
2026-04-25,42,3,wk inc flu hosp,2026-05-16,quantile,0.55,111,Pennsylvania,Ensemble
2026-04-25,42,3,wk inc flu hosp,2026-05-16,quantile,0.6,121,Pennsylvania,Ensemble
2026-04-25,42,3,wk inc flu hosp,2026-05-16,quantile,0.65,132,Pennsylvania,Ensemble
2026-04-25,42,3,wk inc flu hosp,2026-05-16,quantile,0.7,143,Pennsylvania,Ensemble
2026-04-25,42,3,wk inc flu hosp,2026-05-16,quantile,0.75,157,Pennsylvania,Ensemble
2026-04-25,42,3,wk inc flu hosp,2026-05-16,quantile,0.8,173,Pennsylvania,Ensemble
2026-04-25,42,3,wk inc flu hosp,2026-05-16,quantile,0.85,196,Pennsylvania,Ensemble
2026-04-25,42,3,wk inc flu hosp,2026-05-16,quantile,0.9,230,Pennsylvania,Ensemble
2026-04-25,42,3,wk inc flu hosp,2026-05-16,quantile,0.95,291,Pennsylvania,Ensemble
2026-04-25,42,3,wk inc flu hosp,2026-05-16,quantile,0.975,357,Pennsylvania,Ensemble
2026-04-25,42,3,wk inc flu hosp,2026-05-16,quantile,0.99,454,Pennsylvania,Ensemble
2026-04-25,44,0,wk inc flu hosp,2026-04-25,quantile,0.01,1,Rhode Island,Ensemble
2026-04-25,44,0,wk inc flu hosp,2026-04-25,quantile,0.025,1,Rhode Island,Ensemble
2026-04-25,44,0,wk inc flu hosp,2026-04-25,quantile,0.05,2,Rhode Island,Ensemble
2026-04-25,44,0,wk inc flu hosp,2026-04-25,quantile,0.1,3,Rhode Island,Ensemble
2026-04-25,44,0,wk inc flu hosp,2026-04-25,quantile,0.15,3,Rhode Island,Ensemble
2026-04-25,44,0,wk inc flu hosp,2026-04-25,quantile,0.2,4,Rhode Island,Ensemble
2026-04-25,44,0,wk inc flu hosp,2026-04-25,quantile,0.25,4,Rhode Island,Ensemble
2026-04-25,44,0,wk inc flu hosp,2026-04-25,quantile,0.3,4,Rhode Island,Ensemble
2026-04-25,44,0,wk inc flu hosp,2026-04-25,quantile,0.35,5,Rhode Island,Ensemble
2026-04-25,44,0,wk inc flu hosp,2026-04-25,quantile,0.4,5,Rhode Island,Ensemble
2026-04-25,44,0,wk inc flu hosp,2026-04-25,quantile,0.45,6,Rhode Island,Ensemble
2026-04-25,44,0,wk inc flu hosp,2026-04-25,quantile,0.5,8,Rhode Island,Ensemble
2026-04-25,44,0,wk inc flu hosp,2026-04-25,quantile,0.55,8,Rhode Island,Ensemble
2026-04-25,44,0,wk inc flu hosp,2026-04-25,quantile,0.6,9,Rhode Island,Ensemble
2026-04-25,44,0,wk inc flu hosp,2026-04-25,quantile,0.65,9,Rhode Island,Ensemble
2026-04-25,44,0,wk inc flu hosp,2026-04-25,quantile,0.7,10,Rhode Island,Ensemble
2026-04-25,44,0,wk inc flu hosp,2026-04-25,quantile,0.75,11,Rhode Island,Ensemble
2026-04-25,44,0,wk inc flu hosp,2026-04-25,quantile,0.8,12,Rhode Island,Ensemble
2026-04-25,44,0,wk inc flu hosp,2026-04-25,quantile,0.85,13,Rhode Island,Ensemble
2026-04-25,44,0,wk inc flu hosp,2026-04-25,quantile,0.9,14,Rhode Island,Ensemble
2026-04-25,44,0,wk inc flu hosp,2026-04-25,quantile,0.95,18,Rhode Island,Ensemble
2026-04-25,44,0,wk inc flu hosp,2026-04-25,quantile,0.975,22,Rhode Island,Ensemble
2026-04-25,44,0,wk inc flu hosp,2026-04-25,quantile,0.99,27,Rhode Island,Ensemble
2026-04-25,44,1,wk inc flu hosp,2026-05-02,quantile,0.01,0,Rhode Island,Ensemble
2026-04-25,44,1,wk inc flu hosp,2026-05-02,quantile,0.025,1,Rhode Island,Ensemble
2026-04-25,44,1,wk inc flu hosp,2026-05-02,quantile,0.05,1,Rhode Island,Ensemble
2026-04-25,44,1,wk inc flu hosp,2026-05-02,quantile,0.1,2,Rhode Island,Ensemble
2026-04-25,44,1,wk inc flu hosp,2026-05-02,quantile,0.15,2,Rhode Island,Ensemble
2026-04-25,44,1,wk inc flu hosp,2026-05-02,quantile,0.2,2,Rhode Island,Ensemble
2026-04-25,44,1,wk inc flu hosp,2026-05-02,quantile,0.25,3,Rhode Island,Ensemble
2026-04-25,44,1,wk inc flu hosp,2026-05-02,quantile,0.3,3,Rhode Island,Ensemble
2026-04-25,44,1,wk inc flu hosp,2026-05-02,quantile,0.35,4,Rhode Island,Ensemble
2026-04-25,44,1,wk inc flu hosp,2026-05-02,quantile,0.4,4,Rhode Island,Ensemble
2026-04-25,44,1,wk inc flu hosp,2026-05-02,quantile,0.45,5,Rhode Island,Ensemble
2026-04-25,44,1,wk inc flu hosp,2026-05-02,quantile,0.5,6,Rhode Island,Ensemble
2026-04-25,44,1,wk inc flu hosp,2026-05-02,quantile,0.55,7,Rhode Island,Ensemble
2026-04-25,44,1,wk inc flu hosp,2026-05-02,quantile,0.6,7,Rhode Island,Ensemble
2026-04-25,44,1,wk inc flu hosp,2026-05-02,quantile,0.65,8,Rhode Island,Ensemble
2026-04-25,44,1,wk inc flu hosp,2026-05-02,quantile,0.7,9,Rhode Island,Ensemble
2026-04-25,44,1,wk inc flu hosp,2026-05-02,quantile,0.75,10,Rhode Island,Ensemble
2026-04-25,44,1,wk inc flu hosp,2026-05-02,quantile,0.8,11,Rhode Island,Ensemble
2026-04-25,44,1,wk inc flu hosp,2026-05-02,quantile,0.85,12,Rhode Island,Ensemble
2026-04-25,44,1,wk inc flu hosp,2026-05-02,quantile,0.9,15,Rhode Island,Ensemble
2026-04-25,44,1,wk inc flu hosp,2026-05-02,quantile,0.95,19,Rhode Island,Ensemble
2026-04-25,44,1,wk inc flu hosp,2026-05-02,quantile,0.975,24,Rhode Island,Ensemble
2026-04-25,44,1,wk inc flu hosp,2026-05-02,quantile,0.99,32,Rhode Island,Ensemble
2026-04-25,44,2,wk inc flu hosp,2026-05-09,quantile,0.01,0,Rhode Island,Ensemble
2026-04-25,44,2,wk inc flu hosp,2026-05-09,quantile,0.025,0,Rhode Island,Ensemble
2026-04-25,44,2,wk inc flu hosp,2026-05-09,quantile,0.05,1,Rhode Island,Ensemble
2026-04-25,44,2,wk inc flu hosp,2026-05-09,quantile,0.1,1,Rhode Island,Ensemble
2026-04-25,44,2,wk inc flu hosp,2026-05-09,quantile,0.15,1,Rhode Island,Ensemble
2026-04-25,44,2,wk inc flu hosp,2026-05-09,quantile,0.2,2,Rhode Island,Ensemble
2026-04-25,44,2,wk inc flu hosp,2026-05-09,quantile,0.25,2,Rhode Island,Ensemble
2026-04-25,44,2,wk inc flu hosp,2026-05-09,quantile,0.3,2,Rhode Island,Ensemble
2026-04-25,44,2,wk inc flu hosp,2026-05-09,quantile,0.35,3,Rhode Island,Ensemble
2026-04-25,44,2,wk inc flu hosp,2026-05-09,quantile,0.4,3,Rhode Island,Ensemble
2026-04-25,44,2,wk inc flu hosp,2026-05-09,quantile,0.45,3,Rhode Island,Ensemble
2026-04-25,44,2,wk inc flu hosp,2026-05-09,quantile,0.5,5,Rhode Island,Ensemble
2026-04-25,44,2,wk inc flu hosp,2026-05-09,quantile,0.55,5,Rhode Island,Ensemble
2026-04-25,44,2,wk inc flu hosp,2026-05-09,quantile,0.6,6,Rhode Island,Ensemble
2026-04-25,44,2,wk inc flu hosp,2026-05-09,quantile,0.65,7,Rhode Island,Ensemble
2026-04-25,44,2,wk inc flu hosp,2026-05-09,quantile,0.7,8,Rhode Island,Ensemble
2026-04-25,44,2,wk inc flu hosp,2026-05-09,quantile,0.75,9,Rhode Island,Ensemble
2026-04-25,44,2,wk inc flu hosp,2026-05-09,quantile,0.8,10,Rhode Island,Ensemble
2026-04-25,44,2,wk inc flu hosp,2026-05-09,quantile,0.85,12,Rhode Island,Ensemble
2026-04-25,44,2,wk inc flu hosp,2026-05-09,quantile,0.9,15,Rhode Island,Ensemble
2026-04-25,44,2,wk inc flu hosp,2026-05-09,quantile,0.95,21,Rhode Island,Ensemble
2026-04-25,44,2,wk inc flu hosp,2026-05-09,quantile,0.975,27,Rhode Island,Ensemble
2026-04-25,44,2,wk inc flu hosp,2026-05-09,quantile,0.99,35,Rhode Island,Ensemble
2026-04-25,44,3,wk inc flu hosp,2026-05-16,quantile,0.01,0,Rhode Island,Ensemble
2026-04-25,44,3,wk inc flu hosp,2026-05-16,quantile,0.025,0,Rhode Island,Ensemble
2026-04-25,44,3,wk inc flu hosp,2026-05-16,quantile,0.05,0,Rhode Island,Ensemble
2026-04-25,44,3,wk inc flu hosp,2026-05-16,quantile,0.1,1,Rhode Island,Ensemble
2026-04-25,44,3,wk inc flu hosp,2026-05-16,quantile,0.15,1,Rhode Island,Ensemble
2026-04-25,44,3,wk inc flu hosp,2026-05-16,quantile,0.2,1,Rhode Island,Ensemble
2026-04-25,44,3,wk inc flu hosp,2026-05-16,quantile,0.25,2,Rhode Island,Ensemble
2026-04-25,44,3,wk inc flu hosp,2026-05-16,quantile,0.3,2,Rhode Island,Ensemble
2026-04-25,44,3,wk inc flu hosp,2026-05-16,quantile,0.35,2,Rhode Island,Ensemble
2026-04-25,44,3,wk inc flu hosp,2026-05-16,quantile,0.4,3,Rhode Island,Ensemble
2026-04-25,44,3,wk inc flu hosp,2026-05-16,quantile,0.45,3,Rhode Island,Ensemble
2026-04-25,44,3,wk inc flu hosp,2026-05-16,quantile,0.5,5,Rhode Island,Ensemble
2026-04-25,44,3,wk inc flu hosp,2026-05-16,quantile,0.55,5,Rhode Island,Ensemble
2026-04-25,44,3,wk inc flu hosp,2026-05-16,quantile,0.6,6,Rhode Island,Ensemble
2026-04-25,44,3,wk inc flu hosp,2026-05-16,quantile,0.65,7,Rhode Island,Ensemble
2026-04-25,44,3,wk inc flu hosp,2026-05-16,quantile,0.7,7,Rhode Island,Ensemble
2026-04-25,44,3,wk inc flu hosp,2026-05-16,quantile,0.75,9,Rhode Island,Ensemble
2026-04-25,44,3,wk inc flu hosp,2026-05-16,quantile,0.8,10,Rhode Island,Ensemble
2026-04-25,44,3,wk inc flu hosp,2026-05-16,quantile,0.85,12,Rhode Island,Ensemble
2026-04-25,44,3,wk inc flu hosp,2026-05-16,quantile,0.9,16,Rhode Island,Ensemble
2026-04-25,44,3,wk inc flu hosp,2026-05-16,quantile,0.95,22,Rhode Island,Ensemble
2026-04-25,44,3,wk inc flu hosp,2026-05-16,quantile,0.975,30,Rhode Island,Ensemble
2026-04-25,44,3,wk inc flu hosp,2026-05-16,quantile,0.99,39,Rhode Island,Ensemble
2026-04-25,45,0,wk inc flu hosp,2026-04-25,quantile,0.01,0,South Carolina,Ensemble
2026-04-25,45,0,wk inc flu hosp,2026-04-25,quantile,0.025,0,South Carolina,Ensemble
2026-04-25,45,0,wk inc flu hosp,2026-04-25,quantile,0.05,1,South Carolina,Ensemble
2026-04-25,45,0,wk inc flu hosp,2026-04-25,quantile,0.1,1,South Carolina,Ensemble
2026-04-25,45,0,wk inc flu hosp,2026-04-25,quantile,0.15,1,South Carolina,Ensemble
2026-04-25,45,0,wk inc flu hosp,2026-04-25,quantile,0.2,2,South Carolina,Ensemble
2026-04-25,45,0,wk inc flu hosp,2026-04-25,quantile,0.25,2,South Carolina,Ensemble
2026-04-25,45,0,wk inc flu hosp,2026-04-25,quantile,0.3,3,South Carolina,Ensemble
2026-04-25,45,0,wk inc flu hosp,2026-04-25,quantile,0.35,3,South Carolina,Ensemble
2026-04-25,45,0,wk inc flu hosp,2026-04-25,quantile,0.4,4,South Carolina,Ensemble
2026-04-25,45,0,wk inc flu hosp,2026-04-25,quantile,0.45,4,South Carolina,Ensemble
2026-04-25,45,0,wk inc flu hosp,2026-04-25,quantile,0.5,6,South Carolina,Ensemble
2026-04-25,45,0,wk inc flu hosp,2026-04-25,quantile,0.55,6,South Carolina,Ensemble
2026-04-25,45,0,wk inc flu hosp,2026-04-25,quantile,0.6,7,South Carolina,Ensemble
2026-04-25,45,0,wk inc flu hosp,2026-04-25,quantile,0.65,8,South Carolina,Ensemble
2026-04-25,45,0,wk inc flu hosp,2026-04-25,quantile,0.7,9,South Carolina,Ensemble
2026-04-25,45,0,wk inc flu hosp,2026-04-25,quantile,0.75,10,South Carolina,Ensemble
2026-04-25,45,0,wk inc flu hosp,2026-04-25,quantile,0.8,11,South Carolina,Ensemble
2026-04-25,45,0,wk inc flu hosp,2026-04-25,quantile,0.85,12,South Carolina,Ensemble
2026-04-25,45,0,wk inc flu hosp,2026-04-25,quantile,0.9,14,South Carolina,Ensemble
2026-04-25,45,0,wk inc flu hosp,2026-04-25,quantile,0.95,19,South Carolina,Ensemble
2026-04-25,45,0,wk inc flu hosp,2026-04-25,quantile,0.975,26,South Carolina,Ensemble
2026-04-25,45,0,wk inc flu hosp,2026-04-25,quantile,0.99,38,South Carolina,Ensemble
2026-04-25,45,1,wk inc flu hosp,2026-05-02,quantile,0.01,0,South Carolina,Ensemble
2026-04-25,45,1,wk inc flu hosp,2026-05-02,quantile,0.025,0,South Carolina,Ensemble
2026-04-25,45,1,wk inc flu hosp,2026-05-02,quantile,0.05,0,South Carolina,Ensemble
2026-04-25,45,1,wk inc flu hosp,2026-05-02,quantile,0.1,1,South Carolina,Ensemble
2026-04-25,45,1,wk inc flu hosp,2026-05-02,quantile,0.15,1,South Carolina,Ensemble
2026-04-25,45,1,wk inc flu hosp,2026-05-02,quantile,0.2,1,South Carolina,Ensemble
2026-04-25,45,1,wk inc flu hosp,2026-05-02,quantile,0.25,2,South Carolina,Ensemble
2026-04-25,45,1,wk inc flu hosp,2026-05-02,quantile,0.3,2,South Carolina,Ensemble
2026-04-25,45,1,wk inc flu hosp,2026-05-02,quantile,0.35,3,South Carolina,Ensemble
2026-04-25,45,1,wk inc flu hosp,2026-05-02,quantile,0.4,3,South Carolina,Ensemble
2026-04-25,45,1,wk inc flu hosp,2026-05-02,quantile,0.45,4,South Carolina,Ensemble
2026-04-25,45,1,wk inc flu hosp,2026-05-02,quantile,0.5,5,South Carolina,Ensemble
2026-04-25,45,1,wk inc flu hosp,2026-05-02,quantile,0.55,6,South Carolina,Ensemble
2026-04-25,45,1,wk inc flu hosp,2026-05-02,quantile,0.6,7,South Carolina,Ensemble
2026-04-25,45,1,wk inc flu hosp,2026-05-02,quantile,0.65,8,South Carolina,Ensemble
2026-04-25,45,1,wk inc flu hosp,2026-05-02,quantile,0.7,8,South Carolina,Ensemble
2026-04-25,45,1,wk inc flu hosp,2026-05-02,quantile,0.75,10,South Carolina,Ensemble
2026-04-25,45,1,wk inc flu hosp,2026-05-02,quantile,0.8,11,South Carolina,Ensemble
2026-04-25,45,1,wk inc flu hosp,2026-05-02,quantile,0.85,13,South Carolina,Ensemble
2026-04-25,45,1,wk inc flu hosp,2026-05-02,quantile,0.9,16,South Carolina,Ensemble
2026-04-25,45,1,wk inc flu hosp,2026-05-02,quantile,0.95,24,South Carolina,Ensemble
2026-04-25,45,1,wk inc flu hosp,2026-05-02,quantile,0.975,36,South Carolina,Ensemble
2026-04-25,45,1,wk inc flu hosp,2026-05-02,quantile,0.99,48,South Carolina,Ensemble
2026-04-25,45,2,wk inc flu hosp,2026-05-09,quantile,0.01,0,South Carolina,Ensemble
2026-04-25,45,2,wk inc flu hosp,2026-05-09,quantile,0.025,0,South Carolina,Ensemble
2026-04-25,45,2,wk inc flu hosp,2026-05-09,quantile,0.05,0,South Carolina,Ensemble
2026-04-25,45,2,wk inc flu hosp,2026-05-09,quantile,0.1,0,South Carolina,Ensemble
2026-04-25,45,2,wk inc flu hosp,2026-05-09,quantile,0.15,1,South Carolina,Ensemble
2026-04-25,45,2,wk inc flu hosp,2026-05-09,quantile,0.2,1,South Carolina,Ensemble
2026-04-25,45,2,wk inc flu hosp,2026-05-09,quantile,0.25,1,South Carolina,Ensemble
2026-04-25,45,2,wk inc flu hosp,2026-05-09,quantile,0.3,2,South Carolina,Ensemble
2026-04-25,45,2,wk inc flu hosp,2026-05-09,quantile,0.35,2,South Carolina,Ensemble
2026-04-25,45,2,wk inc flu hosp,2026-05-09,quantile,0.4,3,South Carolina,Ensemble
2026-04-25,45,2,wk inc flu hosp,2026-05-09,quantile,0.45,3,South Carolina,Ensemble
2026-04-25,45,2,wk inc flu hosp,2026-05-09,quantile,0.5,5,South Carolina,Ensemble
2026-04-25,45,2,wk inc flu hosp,2026-05-09,quantile,0.55,5,South Carolina,Ensemble
2026-04-25,45,2,wk inc flu hosp,2026-05-09,quantile,0.6,6,South Carolina,Ensemble
2026-04-25,45,2,wk inc flu hosp,2026-05-09,quantile,0.65,7,South Carolina,Ensemble
2026-04-25,45,2,wk inc flu hosp,2026-05-09,quantile,0.7,8,South Carolina,Ensemble
2026-04-25,45,2,wk inc flu hosp,2026-05-09,quantile,0.75,9,South Carolina,Ensemble
2026-04-25,45,2,wk inc flu hosp,2026-05-09,quantile,0.8,11,South Carolina,Ensemble
2026-04-25,45,2,wk inc flu hosp,2026-05-09,quantile,0.85,14,South Carolina,Ensemble
2026-04-25,45,2,wk inc flu hosp,2026-05-09,quantile,0.9,19,South Carolina,Ensemble
2026-04-25,45,2,wk inc flu hosp,2026-05-09,quantile,0.95,31,South Carolina,Ensemble
2026-04-25,45,2,wk inc flu hosp,2026-05-09,quantile,0.975,45,South Carolina,Ensemble
2026-04-25,45,2,wk inc flu hosp,2026-05-09,quantile,0.99,64,South Carolina,Ensemble
2026-04-25,45,3,wk inc flu hosp,2026-05-16,quantile,0.01,0,South Carolina,Ensemble
2026-04-25,45,3,wk inc flu hosp,2026-05-16,quantile,0.025,0,South Carolina,Ensemble
2026-04-25,45,3,wk inc flu hosp,2026-05-16,quantile,0.05,0,South Carolina,Ensemble
2026-04-25,45,3,wk inc flu hosp,2026-05-16,quantile,0.1,0,South Carolina,Ensemble
2026-04-25,45,3,wk inc flu hosp,2026-05-16,quantile,0.15,0,South Carolina,Ensemble
2026-04-25,45,3,wk inc flu hosp,2026-05-16,quantile,0.2,1,South Carolina,Ensemble
2026-04-25,45,3,wk inc flu hosp,2026-05-16,quantile,0.25,1,South Carolina,Ensemble
2026-04-25,45,3,wk inc flu hosp,2026-05-16,quantile,0.3,2,South Carolina,Ensemble
2026-04-25,45,3,wk inc flu hosp,2026-05-16,quantile,0.35,2,South Carolina,Ensemble
2026-04-25,45,3,wk inc flu hosp,2026-05-16,quantile,0.4,2,South Carolina,Ensemble
2026-04-25,45,3,wk inc flu hosp,2026-05-16,quantile,0.45,3,South Carolina,Ensemble
2026-04-25,45,3,wk inc flu hosp,2026-05-16,quantile,0.5,4,South Carolina,Ensemble
2026-04-25,45,3,wk inc flu hosp,2026-05-16,quantile,0.55,5,South Carolina,Ensemble
2026-04-25,45,3,wk inc flu hosp,2026-05-16,quantile,0.6,6,South Carolina,Ensemble
2026-04-25,45,3,wk inc flu hosp,2026-05-16,quantile,0.65,7,South Carolina,Ensemble
2026-04-25,45,3,wk inc flu hosp,2026-05-16,quantile,0.7,8,South Carolina,Ensemble
2026-04-25,45,3,wk inc flu hosp,2026-05-16,quantile,0.75,9,South Carolina,Ensemble
2026-04-25,45,3,wk inc flu hosp,2026-05-16,quantile,0.8,11,South Carolina,Ensemble
2026-04-25,45,3,wk inc flu hosp,2026-05-16,quantile,0.85,15,South Carolina,Ensemble
2026-04-25,45,3,wk inc flu hosp,2026-05-16,quantile,0.9,22,South Carolina,Ensemble
2026-04-25,45,3,wk inc flu hosp,2026-05-16,quantile,0.95,37,South Carolina,Ensemble
2026-04-25,45,3,wk inc flu hosp,2026-05-16,quantile,0.975,50,South Carolina,Ensemble
2026-04-25,45,3,wk inc flu hosp,2026-05-16,quantile,0.99,72,South Carolina,Ensemble
2026-04-25,46,0,wk inc flu hosp,2026-04-25,quantile,0.01,0,South Dakota,Ensemble
2026-04-25,46,0,wk inc flu hosp,2026-04-25,quantile,0.025,0,South Dakota,Ensemble
2026-04-25,46,0,wk inc flu hosp,2026-04-25,quantile,0.05,0,South Dakota,Ensemble
2026-04-25,46,0,wk inc flu hosp,2026-04-25,quantile,0.1,1,South Dakota,Ensemble
2026-04-25,46,0,wk inc flu hosp,2026-04-25,quantile,0.15,1,South Dakota,Ensemble
2026-04-25,46,0,wk inc flu hosp,2026-04-25,quantile,0.2,2,South Dakota,Ensemble
2026-04-25,46,0,wk inc flu hosp,2026-04-25,quantile,0.25,2,South Dakota,Ensemble
2026-04-25,46,0,wk inc flu hosp,2026-04-25,quantile,0.3,2,South Dakota,Ensemble
2026-04-25,46,0,wk inc flu hosp,2026-04-25,quantile,0.35,3,South Dakota,Ensemble
2026-04-25,46,0,wk inc flu hosp,2026-04-25,quantile,0.4,3,South Dakota,Ensemble
2026-04-25,46,0,wk inc flu hosp,2026-04-25,quantile,0.45,3,South Dakota,Ensemble
2026-04-25,46,0,wk inc flu hosp,2026-04-25,quantile,0.5,5,South Dakota,Ensemble
2026-04-25,46,0,wk inc flu hosp,2026-04-25,quantile,0.55,5,South Dakota,Ensemble
2026-04-25,46,0,wk inc flu hosp,2026-04-25,quantile,0.6,5,South Dakota,Ensemble
2026-04-25,46,0,wk inc flu hosp,2026-04-25,quantile,0.65,6,South Dakota,Ensemble
2026-04-25,46,0,wk inc flu hosp,2026-04-25,quantile,0.7,6,South Dakota,Ensemble
2026-04-25,46,0,wk inc flu hosp,2026-04-25,quantile,0.75,7,South Dakota,Ensemble
2026-04-25,46,0,wk inc flu hosp,2026-04-25,quantile,0.8,8,South Dakota,Ensemble
2026-04-25,46,0,wk inc flu hosp,2026-04-25,quantile,0.85,9,South Dakota,Ensemble
2026-04-25,46,0,wk inc flu hosp,2026-04-25,quantile,0.9,10,South Dakota,Ensemble
2026-04-25,46,0,wk inc flu hosp,2026-04-25,quantile,0.95,12,South Dakota,Ensemble
2026-04-25,46,0,wk inc flu hosp,2026-04-25,quantile,0.975,14,South Dakota,Ensemble
2026-04-25,46,0,wk inc flu hosp,2026-04-25,quantile,0.99,18,South Dakota,Ensemble
2026-04-25,46,1,wk inc flu hosp,2026-05-02,quantile,0.01,0,South Dakota,Ensemble
2026-04-25,46,1,wk inc flu hosp,2026-05-02,quantile,0.025,0,South Dakota,Ensemble
2026-04-25,46,1,wk inc flu hosp,2026-05-02,quantile,0.05,0,South Dakota,Ensemble
2026-04-25,46,1,wk inc flu hosp,2026-05-02,quantile,0.1,0,South Dakota,Ensemble
2026-04-25,46,1,wk inc flu hosp,2026-05-02,quantile,0.15,1,South Dakota,Ensemble
2026-04-25,46,1,wk inc flu hosp,2026-05-02,quantile,0.2,1,South Dakota,Ensemble
2026-04-25,46,1,wk inc flu hosp,2026-05-02,quantile,0.25,1,South Dakota,Ensemble
2026-04-25,46,1,wk inc flu hosp,2026-05-02,quantile,0.3,2,South Dakota,Ensemble
2026-04-25,46,1,wk inc flu hosp,2026-05-02,quantile,0.35,2,South Dakota,Ensemble
2026-04-25,46,1,wk inc flu hosp,2026-05-02,quantile,0.4,2,South Dakota,Ensemble
2026-04-25,46,1,wk inc flu hosp,2026-05-02,quantile,0.45,2,South Dakota,Ensemble
2026-04-25,46,1,wk inc flu hosp,2026-05-02,quantile,0.5,4,South Dakota,Ensemble
2026-04-25,46,1,wk inc flu hosp,2026-05-02,quantile,0.55,4,South Dakota,Ensemble
2026-04-25,46,1,wk inc flu hosp,2026-05-02,quantile,0.6,4,South Dakota,Ensemble
2026-04-25,46,1,wk inc flu hosp,2026-05-02,quantile,0.65,5,South Dakota,Ensemble
2026-04-25,46,1,wk inc flu hosp,2026-05-02,quantile,0.7,5,South Dakota,Ensemble
2026-04-25,46,1,wk inc flu hosp,2026-05-02,quantile,0.75,6,South Dakota,Ensemble
2026-04-25,46,1,wk inc flu hosp,2026-05-02,quantile,0.8,6,South Dakota,Ensemble
2026-04-25,46,1,wk inc flu hosp,2026-05-02,quantile,0.85,8,South Dakota,Ensemble
2026-04-25,46,1,wk inc flu hosp,2026-05-02,quantile,0.9,9,South Dakota,Ensemble
2026-04-25,46,1,wk inc flu hosp,2026-05-02,quantile,0.95,11,South Dakota,Ensemble
2026-04-25,46,1,wk inc flu hosp,2026-05-02,quantile,0.975,14,South Dakota,Ensemble
2026-04-25,46,1,wk inc flu hosp,2026-05-02,quantile,0.99,18,South Dakota,Ensemble
2026-04-25,46,2,wk inc flu hosp,2026-05-09,quantile,0.01,0,South Dakota,Ensemble
2026-04-25,46,2,wk inc flu hosp,2026-05-09,quantile,0.025,0,South Dakota,Ensemble
2026-04-25,46,2,wk inc flu hosp,2026-05-09,quantile,0.05,0,South Dakota,Ensemble
2026-04-25,46,2,wk inc flu hosp,2026-05-09,quantile,0.1,0,South Dakota,Ensemble
2026-04-25,46,2,wk inc flu hosp,2026-05-09,quantile,0.15,0,South Dakota,Ensemble
2026-04-25,46,2,wk inc flu hosp,2026-05-09,quantile,0.2,0,South Dakota,Ensemble
2026-04-25,46,2,wk inc flu hosp,2026-05-09,quantile,0.25,1,South Dakota,Ensemble
2026-04-25,46,2,wk inc flu hosp,2026-05-09,quantile,0.3,1,South Dakota,Ensemble
2026-04-25,46,2,wk inc flu hosp,2026-05-09,quantile,0.35,1,South Dakota,Ensemble
2026-04-25,46,2,wk inc flu hosp,2026-05-09,quantile,0.4,1,South Dakota,Ensemble
2026-04-25,46,2,wk inc flu hosp,2026-05-09,quantile,0.45,2,South Dakota,Ensemble
2026-04-25,46,2,wk inc flu hosp,2026-05-09,quantile,0.5,3,South Dakota,Ensemble
2026-04-25,46,2,wk inc flu hosp,2026-05-09,quantile,0.55,3,South Dakota,Ensemble
2026-04-25,46,2,wk inc flu hosp,2026-05-09,quantile,0.6,4,South Dakota,Ensemble
2026-04-25,46,2,wk inc flu hosp,2026-05-09,quantile,0.65,4,South Dakota,Ensemble
2026-04-25,46,2,wk inc flu hosp,2026-05-09,quantile,0.7,4,South Dakota,Ensemble
2026-04-25,46,2,wk inc flu hosp,2026-05-09,quantile,0.75,5,South Dakota,Ensemble
2026-04-25,46,2,wk inc flu hosp,2026-05-09,quantile,0.8,6,South Dakota,Ensemble
2026-04-25,46,2,wk inc flu hosp,2026-05-09,quantile,0.85,7,South Dakota,Ensemble
2026-04-25,46,2,wk inc flu hosp,2026-05-09,quantile,0.9,8,South Dakota,Ensemble
2026-04-25,46,2,wk inc flu hosp,2026-05-09,quantile,0.95,11,South Dakota,Ensemble
2026-04-25,46,2,wk inc flu hosp,2026-05-09,quantile,0.975,14,South Dakota,Ensemble
2026-04-25,46,2,wk inc flu hosp,2026-05-09,quantile,0.99,19,South Dakota,Ensemble
2026-04-25,46,3,wk inc flu hosp,2026-05-16,quantile,0.01,0,South Dakota,Ensemble
2026-04-25,46,3,wk inc flu hosp,2026-05-16,quantile,0.025,0,South Dakota,Ensemble
2026-04-25,46,3,wk inc flu hosp,2026-05-16,quantile,0.05,0,South Dakota,Ensemble
2026-04-25,46,3,wk inc flu hosp,2026-05-16,quantile,0.1,0,South Dakota,Ensemble
2026-04-25,46,3,wk inc flu hosp,2026-05-16,quantile,0.15,0,South Dakota,Ensemble
2026-04-25,46,3,wk inc flu hosp,2026-05-16,quantile,0.2,0,South Dakota,Ensemble
2026-04-25,46,3,wk inc flu hosp,2026-05-16,quantile,0.25,0,South Dakota,Ensemble
2026-04-25,46,3,wk inc flu hosp,2026-05-16,quantile,0.3,1,South Dakota,Ensemble
2026-04-25,46,3,wk inc flu hosp,2026-05-16,quantile,0.35,1,South Dakota,Ensemble
2026-04-25,46,3,wk inc flu hosp,2026-05-16,quantile,0.4,1,South Dakota,Ensemble
2026-04-25,46,3,wk inc flu hosp,2026-05-16,quantile,0.45,1,South Dakota,Ensemble
2026-04-25,46,3,wk inc flu hosp,2026-05-16,quantile,0.5,3,South Dakota,Ensemble
2026-04-25,46,3,wk inc flu hosp,2026-05-16,quantile,0.55,3,South Dakota,Ensemble
2026-04-25,46,3,wk inc flu hosp,2026-05-16,quantile,0.6,3,South Dakota,Ensemble
2026-04-25,46,3,wk inc flu hosp,2026-05-16,quantile,0.65,3,South Dakota,Ensemble
2026-04-25,46,3,wk inc flu hosp,2026-05-16,quantile,0.7,4,South Dakota,Ensemble
2026-04-25,46,3,wk inc flu hosp,2026-05-16,quantile,0.75,5,South Dakota,Ensemble
2026-04-25,46,3,wk inc flu hosp,2026-05-16,quantile,0.8,5,South Dakota,Ensemble
2026-04-25,46,3,wk inc flu hosp,2026-05-16,quantile,0.85,6,South Dakota,Ensemble
2026-04-25,46,3,wk inc flu hosp,2026-05-16,quantile,0.9,8,South Dakota,Ensemble
2026-04-25,46,3,wk inc flu hosp,2026-05-16,quantile,0.95,11,South Dakota,Ensemble
2026-04-25,46,3,wk inc flu hosp,2026-05-16,quantile,0.975,14,South Dakota,Ensemble
2026-04-25,46,3,wk inc flu hosp,2026-05-16,quantile,0.99,21,South Dakota,Ensemble
2026-04-25,47,0,wk inc flu hosp,2026-04-25,quantile,0.01,12,Tennessee,Ensemble
2026-04-25,47,0,wk inc flu hosp,2026-04-25,quantile,0.025,15,Tennessee,Ensemble
2026-04-25,47,0,wk inc flu hosp,2026-04-25,quantile,0.05,18,Tennessee,Ensemble
2026-04-25,47,0,wk inc flu hosp,2026-04-25,quantile,0.1,21,Tennessee,Ensemble
2026-04-25,47,0,wk inc flu hosp,2026-04-25,quantile,0.15,23,Tennessee,Ensemble
2026-04-25,47,0,wk inc flu hosp,2026-04-25,quantile,0.2,26,Tennessee,Ensemble
2026-04-25,47,0,wk inc flu hosp,2026-04-25,quantile,0.25,28,Tennessee,Ensemble
2026-04-25,47,0,wk inc flu hosp,2026-04-25,quantile,0.3,30,Tennessee,Ensemble
2026-04-25,47,0,wk inc flu hosp,2026-04-25,quantile,0.35,31,Tennessee,Ensemble
2026-04-25,47,0,wk inc flu hosp,2026-04-25,quantile,0.4,33,Tennessee,Ensemble
2026-04-25,47,0,wk inc flu hosp,2026-04-25,quantile,0.45,35,Tennessee,Ensemble
2026-04-25,47,0,wk inc flu hosp,2026-04-25,quantile,0.5,37,Tennessee,Ensemble
2026-04-25,47,0,wk inc flu hosp,2026-04-25,quantile,0.55,39,Tennessee,Ensemble
2026-04-25,47,0,wk inc flu hosp,2026-04-25,quantile,0.6,41,Tennessee,Ensemble
2026-04-25,47,0,wk inc flu hosp,2026-04-25,quantile,0.65,43,Tennessee,Ensemble
2026-04-25,47,0,wk inc flu hosp,2026-04-25,quantile,0.7,46,Tennessee,Ensemble
2026-04-25,47,0,wk inc flu hosp,2026-04-25,quantile,0.75,48,Tennessee,Ensemble
2026-04-25,47,0,wk inc flu hosp,2026-04-25,quantile,0.8,51,Tennessee,Ensemble
2026-04-25,47,0,wk inc flu hosp,2026-04-25,quantile,0.85,55,Tennessee,Ensemble
2026-04-25,47,0,wk inc flu hosp,2026-04-25,quantile,0.9,61,Tennessee,Ensemble
2026-04-25,47,0,wk inc flu hosp,2026-04-25,quantile,0.95,70,Tennessee,Ensemble
2026-04-25,47,0,wk inc flu hosp,2026-04-25,quantile,0.975,80,Tennessee,Ensemble
2026-04-25,47,0,wk inc flu hosp,2026-04-25,quantile,0.99,95,Tennessee,Ensemble
2026-04-25,47,1,wk inc flu hosp,2026-05-02,quantile,0.01,8,Tennessee,Ensemble
2026-04-25,47,1,wk inc flu hosp,2026-05-02,quantile,0.025,10,Tennessee,Ensemble
2026-04-25,47,1,wk inc flu hosp,2026-05-02,quantile,0.05,13,Tennessee,Ensemble
2026-04-25,47,1,wk inc flu hosp,2026-05-02,quantile,0.1,16,Tennessee,Ensemble
2026-04-25,47,1,wk inc flu hosp,2026-05-02,quantile,0.15,18,Tennessee,Ensemble
2026-04-25,47,1,wk inc flu hosp,2026-05-02,quantile,0.2,21,Tennessee,Ensemble
2026-04-25,47,1,wk inc flu hosp,2026-05-02,quantile,0.25,22,Tennessee,Ensemble
2026-04-25,47,1,wk inc flu hosp,2026-05-02,quantile,0.3,24,Tennessee,Ensemble
2026-04-25,47,1,wk inc flu hosp,2026-05-02,quantile,0.35,26,Tennessee,Ensemble
2026-04-25,47,1,wk inc flu hosp,2026-05-02,quantile,0.4,28,Tennessee,Ensemble
2026-04-25,47,1,wk inc flu hosp,2026-05-02,quantile,0.45,29,Tennessee,Ensemble
2026-04-25,47,1,wk inc flu hosp,2026-05-02,quantile,0.5,32,Tennessee,Ensemble
2026-04-25,47,1,wk inc flu hosp,2026-05-02,quantile,0.55,34,Tennessee,Ensemble
2026-04-25,47,1,wk inc flu hosp,2026-05-02,quantile,0.6,36,Tennessee,Ensemble
2026-04-25,47,1,wk inc flu hosp,2026-05-02,quantile,0.65,38,Tennessee,Ensemble
2026-04-25,47,1,wk inc flu hosp,2026-05-02,quantile,0.7,41,Tennessee,Ensemble
2026-04-25,47,1,wk inc flu hosp,2026-05-02,quantile,0.75,44,Tennessee,Ensemble
2026-04-25,47,1,wk inc flu hosp,2026-05-02,quantile,0.8,47,Tennessee,Ensemble
2026-04-25,47,1,wk inc flu hosp,2026-05-02,quantile,0.85,52,Tennessee,Ensemble
2026-04-25,47,1,wk inc flu hosp,2026-05-02,quantile,0.9,59,Tennessee,Ensemble
2026-04-25,47,1,wk inc flu hosp,2026-05-02,quantile,0.95,71,Tennessee,Ensemble
2026-04-25,47,1,wk inc flu hosp,2026-05-02,quantile,0.975,83,Tennessee,Ensemble
2026-04-25,47,1,wk inc flu hosp,2026-05-02,quantile,0.99,102,Tennessee,Ensemble
2026-04-25,47,2,wk inc flu hosp,2026-05-09,quantile,0.01,7,Tennessee,Ensemble
2026-04-25,47,2,wk inc flu hosp,2026-05-09,quantile,0.025,8,Tennessee,Ensemble
2026-04-25,47,2,wk inc flu hosp,2026-05-09,quantile,0.05,10,Tennessee,Ensemble
2026-04-25,47,2,wk inc flu hosp,2026-05-09,quantile,0.1,13,Tennessee,Ensemble
2026-04-25,47,2,wk inc flu hosp,2026-05-09,quantile,0.15,16,Tennessee,Ensemble
2026-04-25,47,2,wk inc flu hosp,2026-05-09,quantile,0.2,17,Tennessee,Ensemble
2026-04-25,47,2,wk inc flu hosp,2026-05-09,quantile,0.25,19,Tennessee,Ensemble
2026-04-25,47,2,wk inc flu hosp,2026-05-09,quantile,0.3,21,Tennessee,Ensemble
2026-04-25,47,2,wk inc flu hosp,2026-05-09,quantile,0.35,23,Tennessee,Ensemble
2026-04-25,47,2,wk inc flu hosp,2026-05-09,quantile,0.4,24,Tennessee,Ensemble
2026-04-25,47,2,wk inc flu hosp,2026-05-09,quantile,0.45,26,Tennessee,Ensemble
2026-04-25,47,2,wk inc flu hosp,2026-05-09,quantile,0.5,29,Tennessee,Ensemble
2026-04-25,47,2,wk inc flu hosp,2026-05-09,quantile,0.55,31,Tennessee,Ensemble
2026-04-25,47,2,wk inc flu hosp,2026-05-09,quantile,0.6,33,Tennessee,Ensemble
2026-04-25,47,2,wk inc flu hosp,2026-05-09,quantile,0.65,36,Tennessee,Ensemble
2026-04-25,47,2,wk inc flu hosp,2026-05-09,quantile,0.7,39,Tennessee,Ensemble
2026-04-25,47,2,wk inc flu hosp,2026-05-09,quantile,0.75,42,Tennessee,Ensemble
2026-04-25,47,2,wk inc flu hosp,2026-05-09,quantile,0.8,46,Tennessee,Ensemble
2026-04-25,47,2,wk inc flu hosp,2026-05-09,quantile,0.85,52,Tennessee,Ensemble
2026-04-25,47,2,wk inc flu hosp,2026-05-09,quantile,0.9,60,Tennessee,Ensemble
2026-04-25,47,2,wk inc flu hosp,2026-05-09,quantile,0.95,75,Tennessee,Ensemble
2026-04-25,47,2,wk inc flu hosp,2026-05-09,quantile,0.975,90,Tennessee,Ensemble
2026-04-25,47,2,wk inc flu hosp,2026-05-09,quantile,0.99,112,Tennessee,Ensemble
2026-04-25,47,3,wk inc flu hosp,2026-05-16,quantile,0.01,6,Tennessee,Ensemble
2026-04-25,47,3,wk inc flu hosp,2026-05-16,quantile,0.025,8,Tennessee,Ensemble
2026-04-25,47,3,wk inc flu hosp,2026-05-16,quantile,0.05,9,Tennessee,Ensemble
2026-04-25,47,3,wk inc flu hosp,2026-05-16,quantile,0.1,12,Tennessee,Ensemble
2026-04-25,47,3,wk inc flu hosp,2026-05-16,quantile,0.15,14,Tennessee,Ensemble
2026-04-25,47,3,wk inc flu hosp,2026-05-16,quantile,0.2,16,Tennessee,Ensemble
2026-04-25,47,3,wk inc flu hosp,2026-05-16,quantile,0.25,17,Tennessee,Ensemble
2026-04-25,47,3,wk inc flu hosp,2026-05-16,quantile,0.3,19,Tennessee,Ensemble
2026-04-25,47,3,wk inc flu hosp,2026-05-16,quantile,0.35,20,Tennessee,Ensemble
2026-04-25,47,3,wk inc flu hosp,2026-05-16,quantile,0.4,22,Tennessee,Ensemble
2026-04-25,47,3,wk inc flu hosp,2026-05-16,quantile,0.45,24,Tennessee,Ensemble
2026-04-25,47,3,wk inc flu hosp,2026-05-16,quantile,0.5,27,Tennessee,Ensemble
2026-04-25,47,3,wk inc flu hosp,2026-05-16,quantile,0.55,29,Tennessee,Ensemble
2026-04-25,47,3,wk inc flu hosp,2026-05-16,quantile,0.6,31,Tennessee,Ensemble
2026-04-25,47,3,wk inc flu hosp,2026-05-16,quantile,0.65,34,Tennessee,Ensemble
2026-04-25,47,3,wk inc flu hosp,2026-05-16,quantile,0.7,36,Tennessee,Ensemble
2026-04-25,47,3,wk inc flu hosp,2026-05-16,quantile,0.75,40,Tennessee,Ensemble
2026-04-25,47,3,wk inc flu hosp,2026-05-16,quantile,0.8,44,Tennessee,Ensemble
2026-04-25,47,3,wk inc flu hosp,2026-05-16,quantile,0.85,49,Tennessee,Ensemble
2026-04-25,47,3,wk inc flu hosp,2026-05-16,quantile,0.9,58,Tennessee,Ensemble
2026-04-25,47,3,wk inc flu hosp,2026-05-16,quantile,0.95,73,Tennessee,Ensemble
2026-04-25,47,3,wk inc flu hosp,2026-05-16,quantile,0.975,91,Tennessee,Ensemble
2026-04-25,47,3,wk inc flu hosp,2026-05-16,quantile,0.99,121,Tennessee,Ensemble
2026-04-25,48,0,wk inc flu hosp,2026-04-25,quantile,0.01,32,Texas,Ensemble
2026-04-25,48,0,wk inc flu hosp,2026-04-25,quantile,0.025,39,Texas,Ensemble
2026-04-25,48,0,wk inc flu hosp,2026-04-25,quantile,0.05,47,Texas,Ensemble
2026-04-25,48,0,wk inc flu hosp,2026-04-25,quantile,0.1,56,Texas,Ensemble
2026-04-25,48,0,wk inc flu hosp,2026-04-25,quantile,0.15,63,Texas,Ensemble
2026-04-25,48,0,wk inc flu hosp,2026-04-25,quantile,0.2,69,Texas,Ensemble
2026-04-25,48,0,wk inc flu hosp,2026-04-25,quantile,0.25,74,Texas,Ensemble
2026-04-25,48,0,wk inc flu hosp,2026-04-25,quantile,0.3,79,Texas,Ensemble
2026-04-25,48,0,wk inc flu hosp,2026-04-25,quantile,0.35,84,Texas,Ensemble
2026-04-25,48,0,wk inc flu hosp,2026-04-25,quantile,0.4,90,Texas,Ensemble
2026-04-25,48,0,wk inc flu hosp,2026-04-25,quantile,0.45,95,Texas,Ensemble
2026-04-25,48,0,wk inc flu hosp,2026-04-25,quantile,0.5,101,Texas,Ensemble
2026-04-25,48,0,wk inc flu hosp,2026-04-25,quantile,0.55,106,Texas,Ensemble
2026-04-25,48,0,wk inc flu hosp,2026-04-25,quantile,0.6,112,Texas,Ensemble
2026-04-25,48,0,wk inc flu hosp,2026-04-25,quantile,0.65,118,Texas,Ensemble
2026-04-25,48,0,wk inc flu hosp,2026-04-25,quantile,0.7,124,Texas,Ensemble
2026-04-25,48,0,wk inc flu hosp,2026-04-25,quantile,0.75,132,Texas,Ensemble
2026-04-25,48,0,wk inc flu hosp,2026-04-25,quantile,0.8,141,Texas,Ensemble
2026-04-25,48,0,wk inc flu hosp,2026-04-25,quantile,0.85,152,Texas,Ensemble
2026-04-25,48,0,wk inc flu hosp,2026-04-25,quantile,0.9,167,Texas,Ensemble
2026-04-25,48,0,wk inc flu hosp,2026-04-25,quantile,0.95,192,Texas,Ensemble
2026-04-25,48,0,wk inc flu hosp,2026-04-25,quantile,0.975,219,Texas,Ensemble
2026-04-25,48,0,wk inc flu hosp,2026-04-25,quantile,0.99,256,Texas,Ensemble
2026-04-25,48,1,wk inc flu hosp,2026-05-02,quantile,0.01,23,Texas,Ensemble
2026-04-25,48,1,wk inc flu hosp,2026-05-02,quantile,0.025,28,Texas,Ensemble
2026-04-25,48,1,wk inc flu hosp,2026-05-02,quantile,0.05,35,Texas,Ensemble
2026-04-25,48,1,wk inc flu hosp,2026-05-02,quantile,0.1,44,Texas,Ensemble
2026-04-25,48,1,wk inc flu hosp,2026-05-02,quantile,0.15,51,Texas,Ensemble
2026-04-25,48,1,wk inc flu hosp,2026-05-02,quantile,0.2,56,Texas,Ensemble
2026-04-25,48,1,wk inc flu hosp,2026-05-02,quantile,0.25,62,Texas,Ensemble
2026-04-25,48,1,wk inc flu hosp,2026-05-02,quantile,0.3,67,Texas,Ensemble
2026-04-25,48,1,wk inc flu hosp,2026-05-02,quantile,0.35,72,Texas,Ensemble
2026-04-25,48,1,wk inc flu hosp,2026-05-02,quantile,0.4,76,Texas,Ensemble
2026-04-25,48,1,wk inc flu hosp,2026-05-02,quantile,0.45,82,Texas,Ensemble
2026-04-25,48,1,wk inc flu hosp,2026-05-02,quantile,0.5,88,Texas,Ensemble
2026-04-25,48,1,wk inc flu hosp,2026-05-02,quantile,0.55,94,Texas,Ensemble
2026-04-25,48,1,wk inc flu hosp,2026-05-02,quantile,0.6,100,Texas,Ensemble
2026-04-25,48,1,wk inc flu hosp,2026-05-02,quantile,0.65,106,Texas,Ensemble
2026-04-25,48,1,wk inc flu hosp,2026-05-02,quantile,0.7,114,Texas,Ensemble
2026-04-25,48,1,wk inc flu hosp,2026-05-02,quantile,0.75,122,Texas,Ensemble
2026-04-25,48,1,wk inc flu hosp,2026-05-02,quantile,0.8,132,Texas,Ensemble
2026-04-25,48,1,wk inc flu hosp,2026-05-02,quantile,0.85,145,Texas,Ensemble
2026-04-25,48,1,wk inc flu hosp,2026-05-02,quantile,0.9,164,Texas,Ensemble
2026-04-25,48,1,wk inc flu hosp,2026-05-02,quantile,0.95,197,Texas,Ensemble
2026-04-25,48,1,wk inc flu hosp,2026-05-02,quantile,0.975,232,Texas,Ensemble
2026-04-25,48,1,wk inc flu hosp,2026-05-02,quantile,0.99,284,Texas,Ensemble
2026-04-25,48,2,wk inc flu hosp,2026-05-09,quantile,0.01,17,Texas,Ensemble
2026-04-25,48,2,wk inc flu hosp,2026-05-09,quantile,0.025,22,Texas,Ensemble
2026-04-25,48,2,wk inc flu hosp,2026-05-09,quantile,0.05,28,Texas,Ensemble
2026-04-25,48,2,wk inc flu hosp,2026-05-09,quantile,0.1,35,Texas,Ensemble
2026-04-25,48,2,wk inc flu hosp,2026-05-09,quantile,0.15,40,Texas,Ensemble
2026-04-25,48,2,wk inc flu hosp,2026-05-09,quantile,0.2,45,Texas,Ensemble
2026-04-25,48,2,wk inc flu hosp,2026-05-09,quantile,0.25,50,Texas,Ensemble
2026-04-25,48,2,wk inc flu hosp,2026-05-09,quantile,0.3,56,Texas,Ensemble
2026-04-25,48,2,wk inc flu hosp,2026-05-09,quantile,0.35,61,Texas,Ensemble
2026-04-25,48,2,wk inc flu hosp,2026-05-09,quantile,0.4,66,Texas,Ensemble
2026-04-25,48,2,wk inc flu hosp,2026-05-09,quantile,0.45,72,Texas,Ensemble
2026-04-25,48,2,wk inc flu hosp,2026-05-09,quantile,0.5,78,Texas,Ensemble
2026-04-25,48,2,wk inc flu hosp,2026-05-09,quantile,0.55,84,Texas,Ensemble
2026-04-25,48,2,wk inc flu hosp,2026-05-09,quantile,0.6,90,Texas,Ensemble
2026-04-25,48,2,wk inc flu hosp,2026-05-09,quantile,0.65,97,Texas,Ensemble
2026-04-25,48,2,wk inc flu hosp,2026-05-09,quantile,0.7,106,Texas,Ensemble
2026-04-25,48,2,wk inc flu hosp,2026-05-09,quantile,0.75,115,Texas,Ensemble
2026-04-25,48,2,wk inc flu hosp,2026-05-09,quantile,0.8,127,Texas,Ensemble
2026-04-25,48,2,wk inc flu hosp,2026-05-09,quantile,0.85,141,Texas,Ensemble
2026-04-25,48,2,wk inc flu hosp,2026-05-09,quantile,0.9,163,Texas,Ensemble
2026-04-25,48,2,wk inc flu hosp,2026-05-09,quantile,0.95,202,Texas,Ensemble
2026-04-25,48,2,wk inc flu hosp,2026-05-09,quantile,0.975,245,Texas,Ensemble
2026-04-25,48,2,wk inc flu hosp,2026-05-09,quantile,0.99,324,Texas,Ensemble
2026-04-25,48,3,wk inc flu hosp,2026-05-16,quantile,0.01,14,Texas,Ensemble
2026-04-25,48,3,wk inc flu hosp,2026-05-16,quantile,0.025,19,Texas,Ensemble
2026-04-25,48,3,wk inc flu hosp,2026-05-16,quantile,0.05,23,Texas,Ensemble
2026-04-25,48,3,wk inc flu hosp,2026-05-16,quantile,0.1,30,Texas,Ensemble
2026-04-25,48,3,wk inc flu hosp,2026-05-16,quantile,0.15,35,Texas,Ensemble
2026-04-25,48,3,wk inc flu hosp,2026-05-16,quantile,0.2,40,Texas,Ensemble
2026-04-25,48,3,wk inc flu hosp,2026-05-16,quantile,0.25,44,Texas,Ensemble
2026-04-25,48,3,wk inc flu hosp,2026-05-16,quantile,0.3,49,Texas,Ensemble
2026-04-25,48,3,wk inc flu hosp,2026-05-16,quantile,0.35,54,Texas,Ensemble
2026-04-25,48,3,wk inc flu hosp,2026-05-16,quantile,0.4,58,Texas,Ensemble
2026-04-25,48,3,wk inc flu hosp,2026-05-16,quantile,0.45,63,Texas,Ensemble
2026-04-25,48,3,wk inc flu hosp,2026-05-16,quantile,0.5,69,Texas,Ensemble
2026-04-25,48,3,wk inc flu hosp,2026-05-16,quantile,0.55,75,Texas,Ensemble
2026-04-25,48,3,wk inc flu hosp,2026-05-16,quantile,0.6,81,Texas,Ensemble
2026-04-25,48,3,wk inc flu hosp,2026-05-16,quantile,0.65,88,Texas,Ensemble
2026-04-25,48,3,wk inc flu hosp,2026-05-16,quantile,0.7,96,Texas,Ensemble
2026-04-25,48,3,wk inc flu hosp,2026-05-16,quantile,0.75,106,Texas,Ensemble
2026-04-25,48,3,wk inc flu hosp,2026-05-16,quantile,0.8,118,Texas,Ensemble
2026-04-25,48,3,wk inc flu hosp,2026-05-16,quantile,0.85,133,Texas,Ensemble
2026-04-25,48,3,wk inc flu hosp,2026-05-16,quantile,0.9,155,Texas,Ensemble
2026-04-25,48,3,wk inc flu hosp,2026-05-16,quantile,0.95,198,Texas,Ensemble
2026-04-25,48,3,wk inc flu hosp,2026-05-16,quantile,0.975,245,Texas,Ensemble
2026-04-25,48,3,wk inc flu hosp,2026-05-16,quantile,0.99,351,Texas,Ensemble
2026-04-25,49,0,wk inc flu hosp,2026-04-25,quantile,0.01,0,Utah,Ensemble
2026-04-25,49,0,wk inc flu hosp,2026-04-25,quantile,0.025,0,Utah,Ensemble
2026-04-25,49,0,wk inc flu hosp,2026-04-25,quantile,0.05,0,Utah,Ensemble
2026-04-25,49,0,wk inc flu hosp,2026-04-25,quantile,0.1,1,Utah,Ensemble
2026-04-25,49,0,wk inc flu hosp,2026-04-25,quantile,0.15,1,Utah,Ensemble
2026-04-25,49,0,wk inc flu hosp,2026-04-25,quantile,0.2,2,Utah,Ensemble
2026-04-25,49,0,wk inc flu hosp,2026-04-25,quantile,0.25,2,Utah,Ensemble
2026-04-25,49,0,wk inc flu hosp,2026-04-25,quantile,0.3,2,Utah,Ensemble
2026-04-25,49,0,wk inc flu hosp,2026-04-25,quantile,0.35,3,Utah,Ensemble
2026-04-25,49,0,wk inc flu hosp,2026-04-25,quantile,0.4,3,Utah,Ensemble
2026-04-25,49,0,wk inc flu hosp,2026-04-25,quantile,0.45,3,Utah,Ensemble
2026-04-25,49,0,wk inc flu hosp,2026-04-25,quantile,0.5,5,Utah,Ensemble
2026-04-25,49,0,wk inc flu hosp,2026-04-25,quantile,0.55,5,Utah,Ensemble
2026-04-25,49,0,wk inc flu hosp,2026-04-25,quantile,0.6,5,Utah,Ensemble
2026-04-25,49,0,wk inc flu hosp,2026-04-25,quantile,0.65,6,Utah,Ensemble
2026-04-25,49,0,wk inc flu hosp,2026-04-25,quantile,0.7,6,Utah,Ensemble
2026-04-25,49,0,wk inc flu hosp,2026-04-25,quantile,0.75,7,Utah,Ensemble
2026-04-25,49,0,wk inc flu hosp,2026-04-25,quantile,0.8,8,Utah,Ensemble
2026-04-25,49,0,wk inc flu hosp,2026-04-25,quantile,0.85,9,Utah,Ensemble
2026-04-25,49,0,wk inc flu hosp,2026-04-25,quantile,0.9,10,Utah,Ensemble
2026-04-25,49,0,wk inc flu hosp,2026-04-25,quantile,0.95,13,Utah,Ensemble
2026-04-25,49,0,wk inc flu hosp,2026-04-25,quantile,0.975,16,Utah,Ensemble
2026-04-25,49,0,wk inc flu hosp,2026-04-25,quantile,0.99,19,Utah,Ensemble
2026-04-25,49,1,wk inc flu hosp,2026-05-02,quantile,0.01,0,Utah,Ensemble
2026-04-25,49,1,wk inc flu hosp,2026-05-02,quantile,0.025,0,Utah,Ensemble
2026-04-25,49,1,wk inc flu hosp,2026-05-02,quantile,0.05,0,Utah,Ensemble
2026-04-25,49,1,wk inc flu hosp,2026-05-02,quantile,0.1,1,Utah,Ensemble
2026-04-25,49,1,wk inc flu hosp,2026-05-02,quantile,0.15,1,Utah,Ensemble
2026-04-25,49,1,wk inc flu hosp,2026-05-02,quantile,0.2,1,Utah,Ensemble
2026-04-25,49,1,wk inc flu hosp,2026-05-02,quantile,0.25,2,Utah,Ensemble
2026-04-25,49,1,wk inc flu hosp,2026-05-02,quantile,0.3,2,Utah,Ensemble
2026-04-25,49,1,wk inc flu hosp,2026-05-02,quantile,0.35,2,Utah,Ensemble
2026-04-25,49,1,wk inc flu hosp,2026-05-02,quantile,0.4,3,Utah,Ensemble
2026-04-25,49,1,wk inc flu hosp,2026-05-02,quantile,0.45,3,Utah,Ensemble
2026-04-25,49,1,wk inc flu hosp,2026-05-02,quantile,0.5,4,Utah,Ensemble
2026-04-25,49,1,wk inc flu hosp,2026-05-02,quantile,0.55,5,Utah,Ensemble
2026-04-25,49,1,wk inc flu hosp,2026-05-02,quantile,0.6,5,Utah,Ensemble
2026-04-25,49,1,wk inc flu hosp,2026-05-02,quantile,0.65,6,Utah,Ensemble
2026-04-25,49,1,wk inc flu hosp,2026-05-02,quantile,0.7,6,Utah,Ensemble
2026-04-25,49,1,wk inc flu hosp,2026-05-02,quantile,0.75,7,Utah,Ensemble
2026-04-25,49,1,wk inc flu hosp,2026-05-02,quantile,0.8,8,Utah,Ensemble
2026-04-25,49,1,wk inc flu hosp,2026-05-02,quantile,0.85,9,Utah,Ensemble
2026-04-25,49,1,wk inc flu hosp,2026-05-02,quantile,0.9,10,Utah,Ensemble
2026-04-25,49,1,wk inc flu hosp,2026-05-02,quantile,0.95,14,Utah,Ensemble
2026-04-25,49,1,wk inc flu hosp,2026-05-02,quantile,0.975,17,Utah,Ensemble
2026-04-25,49,1,wk inc flu hosp,2026-05-02,quantile,0.99,24,Utah,Ensemble
2026-04-25,49,2,wk inc flu hosp,2026-05-09,quantile,0.01,0,Utah,Ensemble
2026-04-25,49,2,wk inc flu hosp,2026-05-09,quantile,0.025,0,Utah,Ensemble
2026-04-25,49,2,wk inc flu hosp,2026-05-09,quantile,0.05,0,Utah,Ensemble
2026-04-25,49,2,wk inc flu hosp,2026-05-09,quantile,0.1,0,Utah,Ensemble
2026-04-25,49,2,wk inc flu hosp,2026-05-09,quantile,0.15,1,Utah,Ensemble
2026-04-25,49,2,wk inc flu hosp,2026-05-09,quantile,0.2,1,Utah,Ensemble
2026-04-25,49,2,wk inc flu hosp,2026-05-09,quantile,0.25,1,Utah,Ensemble
2026-04-25,49,2,wk inc flu hosp,2026-05-09,quantile,0.3,1,Utah,Ensemble
2026-04-25,49,2,wk inc flu hosp,2026-05-09,quantile,0.35,2,Utah,Ensemble
2026-04-25,49,2,wk inc flu hosp,2026-05-09,quantile,0.4,2,Utah,Ensemble
2026-04-25,49,2,wk inc flu hosp,2026-05-09,quantile,0.45,2,Utah,Ensemble
2026-04-25,49,2,wk inc flu hosp,2026-05-09,quantile,0.5,4,Utah,Ensemble
2026-04-25,49,2,wk inc flu hosp,2026-05-09,quantile,0.55,4,Utah,Ensemble
2026-04-25,49,2,wk inc flu hosp,2026-05-09,quantile,0.6,5,Utah,Ensemble
2026-04-25,49,2,wk inc flu hosp,2026-05-09,quantile,0.65,5,Utah,Ensemble
2026-04-25,49,2,wk inc flu hosp,2026-05-09,quantile,0.7,6,Utah,Ensemble
2026-04-25,49,2,wk inc flu hosp,2026-05-09,quantile,0.75,6,Utah,Ensemble
2026-04-25,49,2,wk inc flu hosp,2026-05-09,quantile,0.8,7,Utah,Ensemble
2026-04-25,49,2,wk inc flu hosp,2026-05-09,quantile,0.85,9,Utah,Ensemble
2026-04-25,49,2,wk inc flu hosp,2026-05-09,quantile,0.9,11,Utah,Ensemble
2026-04-25,49,2,wk inc flu hosp,2026-05-09,quantile,0.95,15,Utah,Ensemble
2026-04-25,49,2,wk inc flu hosp,2026-05-09,quantile,0.975,21,Utah,Ensemble
2026-04-25,49,2,wk inc flu hosp,2026-05-09,quantile,0.99,28,Utah,Ensemble
2026-04-25,49,3,wk inc flu hosp,2026-05-16,quantile,0.01,0,Utah,Ensemble
2026-04-25,49,3,wk inc flu hosp,2026-05-16,quantile,0.025,0,Utah,Ensemble
2026-04-25,49,3,wk inc flu hosp,2026-05-16,quantile,0.05,0,Utah,Ensemble
2026-04-25,49,3,wk inc flu hosp,2026-05-16,quantile,0.1,0,Utah,Ensemble
2026-04-25,49,3,wk inc flu hosp,2026-05-16,quantile,0.15,1,Utah,Ensemble
2026-04-25,49,3,wk inc flu hosp,2026-05-16,quantile,0.2,1,Utah,Ensemble
2026-04-25,49,3,wk inc flu hosp,2026-05-16,quantile,0.25,1,Utah,Ensemble
2026-04-25,49,3,wk inc flu hosp,2026-05-16,quantile,0.3,1,Utah,Ensemble
2026-04-25,49,3,wk inc flu hosp,2026-05-16,quantile,0.35,2,Utah,Ensemble
2026-04-25,49,3,wk inc flu hosp,2026-05-16,quantile,0.4,2,Utah,Ensemble
2026-04-25,49,3,wk inc flu hosp,2026-05-16,quantile,0.45,2,Utah,Ensemble
2026-04-25,49,3,wk inc flu hosp,2026-05-16,quantile,0.5,3,Utah,Ensemble
2026-04-25,49,3,wk inc flu hosp,2026-05-16,quantile,0.55,4,Utah,Ensemble
2026-04-25,49,3,wk inc flu hosp,2026-05-16,quantile,0.6,4,Utah,Ensemble
2026-04-25,49,3,wk inc flu hosp,2026-05-16,quantile,0.65,5,Utah,Ensemble
2026-04-25,49,3,wk inc flu hosp,2026-05-16,quantile,0.7,5,Utah,Ensemble
2026-04-25,49,3,wk inc flu hosp,2026-05-16,quantile,0.75,6,Utah,Ensemble
2026-04-25,49,3,wk inc flu hosp,2026-05-16,quantile,0.8,7,Utah,Ensemble
2026-04-25,49,3,wk inc flu hosp,2026-05-16,quantile,0.85,8,Utah,Ensemble
2026-04-25,49,3,wk inc flu hosp,2026-05-16,quantile,0.9,10,Utah,Ensemble
2026-04-25,49,3,wk inc flu hosp,2026-05-16,quantile,0.95,15,Utah,Ensemble
2026-04-25,49,3,wk inc flu hosp,2026-05-16,quantile,0.975,21,Utah,Ensemble
2026-04-25,49,3,wk inc flu hosp,2026-05-16,quantile,0.99,29,Utah,Ensemble
2026-04-25,50,0,wk inc flu hosp,2026-04-25,quantile,0.01,0,Vermont,Ensemble
2026-04-25,50,0,wk inc flu hosp,2026-04-25,quantile,0.025,0,Vermont,Ensemble
2026-04-25,50,0,wk inc flu hosp,2026-04-25,quantile,0.05,0,Vermont,Ensemble
2026-04-25,50,0,wk inc flu hosp,2026-04-25,quantile,0.1,0,Vermont,Ensemble
2026-04-25,50,0,wk inc flu hosp,2026-04-25,quantile,0.15,0,Vermont,Ensemble
2026-04-25,50,0,wk inc flu hosp,2026-04-25,quantile,0.2,1,Vermont,Ensemble
2026-04-25,50,0,wk inc flu hosp,2026-04-25,quantile,0.25,1,Vermont,Ensemble
2026-04-25,50,0,wk inc flu hosp,2026-04-25,quantile,0.3,1,Vermont,Ensemble
2026-04-25,50,0,wk inc flu hosp,2026-04-25,quantile,0.35,1,Vermont,Ensemble
2026-04-25,50,0,wk inc flu hosp,2026-04-25,quantile,0.4,1,Vermont,Ensemble
2026-04-25,50,0,wk inc flu hosp,2026-04-25,quantile,0.45,1,Vermont,Ensemble
2026-04-25,50,0,wk inc flu hosp,2026-04-25,quantile,0.5,3,Vermont,Ensemble
2026-04-25,50,0,wk inc flu hosp,2026-04-25,quantile,0.55,3,Vermont,Ensemble
2026-04-25,50,0,wk inc flu hosp,2026-04-25,quantile,0.6,3,Vermont,Ensemble
2026-04-25,50,0,wk inc flu hosp,2026-04-25,quantile,0.65,3,Vermont,Ensemble
2026-04-25,50,0,wk inc flu hosp,2026-04-25,quantile,0.7,4,Vermont,Ensemble
2026-04-25,50,0,wk inc flu hosp,2026-04-25,quantile,0.75,4,Vermont,Ensemble
2026-04-25,50,0,wk inc flu hosp,2026-04-25,quantile,0.8,4,Vermont,Ensemble
2026-04-25,50,0,wk inc flu hosp,2026-04-25,quantile,0.85,5,Vermont,Ensemble
2026-04-25,50,0,wk inc flu hosp,2026-04-25,quantile,0.9,6,Vermont,Ensemble
2026-04-25,50,0,wk inc flu hosp,2026-04-25,quantile,0.95,7,Vermont,Ensemble
2026-04-25,50,0,wk inc flu hosp,2026-04-25,quantile,0.975,9,Vermont,Ensemble
2026-04-25,50,0,wk inc flu hosp,2026-04-25,quantile,0.99,12,Vermont,Ensemble
2026-04-25,50,1,wk inc flu hosp,2026-05-02,quantile,0.01,0,Vermont,Ensemble
2026-04-25,50,1,wk inc flu hosp,2026-05-02,quantile,0.025,0,Vermont,Ensemble
2026-04-25,50,1,wk inc flu hosp,2026-05-02,quantile,0.05,0,Vermont,Ensemble
2026-04-25,50,1,wk inc flu hosp,2026-05-02,quantile,0.1,0,Vermont,Ensemble
2026-04-25,50,1,wk inc flu hosp,2026-05-02,quantile,0.15,0,Vermont,Ensemble
2026-04-25,50,1,wk inc flu hosp,2026-05-02,quantile,0.2,0,Vermont,Ensemble
2026-04-25,50,1,wk inc flu hosp,2026-05-02,quantile,0.25,0,Vermont,Ensemble
2026-04-25,50,1,wk inc flu hosp,2026-05-02,quantile,0.3,0,Vermont,Ensemble
2026-04-25,50,1,wk inc flu hosp,2026-05-02,quantile,0.35,1,Vermont,Ensemble
2026-04-25,50,1,wk inc flu hosp,2026-05-02,quantile,0.4,1,Vermont,Ensemble
2026-04-25,50,1,wk inc flu hosp,2026-05-02,quantile,0.45,1,Vermont,Ensemble
2026-04-25,50,1,wk inc flu hosp,2026-05-02,quantile,0.5,2,Vermont,Ensemble
2026-04-25,50,1,wk inc flu hosp,2026-05-02,quantile,0.55,2,Vermont,Ensemble
2026-04-25,50,1,wk inc flu hosp,2026-05-02,quantile,0.6,3,Vermont,Ensemble
2026-04-25,50,1,wk inc flu hosp,2026-05-02,quantile,0.65,3,Vermont,Ensemble
2026-04-25,50,1,wk inc flu hosp,2026-05-02,quantile,0.7,3,Vermont,Ensemble
2026-04-25,50,1,wk inc flu hosp,2026-05-02,quantile,0.75,4,Vermont,Ensemble
2026-04-25,50,1,wk inc flu hosp,2026-05-02,quantile,0.8,4,Vermont,Ensemble
2026-04-25,50,1,wk inc flu hosp,2026-05-02,quantile,0.85,5,Vermont,Ensemble
2026-04-25,50,1,wk inc flu hosp,2026-05-02,quantile,0.9,6,Vermont,Ensemble
2026-04-25,50,1,wk inc flu hosp,2026-05-02,quantile,0.95,8,Vermont,Ensemble
2026-04-25,50,1,wk inc flu hosp,2026-05-02,quantile,0.975,10,Vermont,Ensemble
2026-04-25,50,1,wk inc flu hosp,2026-05-02,quantile,0.99,14,Vermont,Ensemble
2026-04-25,50,2,wk inc flu hosp,2026-05-09,quantile,0.01,0,Vermont,Ensemble
2026-04-25,50,2,wk inc flu hosp,2026-05-09,quantile,0.025,0,Vermont,Ensemble
2026-04-25,50,2,wk inc flu hosp,2026-05-09,quantile,0.05,0,Vermont,Ensemble
2026-04-25,50,2,wk inc flu hosp,2026-05-09,quantile,0.1,0,Vermont,Ensemble
2026-04-25,50,2,wk inc flu hosp,2026-05-09,quantile,0.15,0,Vermont,Ensemble
2026-04-25,50,2,wk inc flu hosp,2026-05-09,quantile,0.2,0,Vermont,Ensemble
2026-04-25,50,2,wk inc flu hosp,2026-05-09,quantile,0.25,0,Vermont,Ensemble
2026-04-25,50,2,wk inc flu hosp,2026-05-09,quantile,0.3,0,Vermont,Ensemble
2026-04-25,50,2,wk inc flu hosp,2026-05-09,quantile,0.35,0,Vermont,Ensemble
2026-04-25,50,2,wk inc flu hosp,2026-05-09,quantile,0.4,0,Vermont,Ensemble
2026-04-25,50,2,wk inc flu hosp,2026-05-09,quantile,0.45,1,Vermont,Ensemble
2026-04-25,50,2,wk inc flu hosp,2026-05-09,quantile,0.5,2,Vermont,Ensemble
2026-04-25,50,2,wk inc flu hosp,2026-05-09,quantile,0.55,2,Vermont,Ensemble
2026-04-25,50,2,wk inc flu hosp,2026-05-09,quantile,0.6,2,Vermont,Ensemble
2026-04-25,50,2,wk inc flu hosp,2026-05-09,quantile,0.65,2,Vermont,Ensemble
2026-04-25,50,2,wk inc flu hosp,2026-05-09,quantile,0.7,3,Vermont,Ensemble
2026-04-25,50,2,wk inc flu hosp,2026-05-09,quantile,0.75,3,Vermont,Ensemble
2026-04-25,50,2,wk inc flu hosp,2026-05-09,quantile,0.8,4,Vermont,Ensemble
2026-04-25,50,2,wk inc flu hosp,2026-05-09,quantile,0.85,4,Vermont,Ensemble
2026-04-25,50,2,wk inc flu hosp,2026-05-09,quantile,0.9,5,Vermont,Ensemble
2026-04-25,50,2,wk inc flu hosp,2026-05-09,quantile,0.95,7,Vermont,Ensemble
2026-04-25,50,2,wk inc flu hosp,2026-05-09,quantile,0.975,10,Vermont,Ensemble
2026-04-25,50,2,wk inc flu hosp,2026-05-09,quantile,0.99,14,Vermont,Ensemble
2026-04-25,50,3,wk inc flu hosp,2026-05-16,quantile,0.01,0,Vermont,Ensemble
2026-04-25,50,3,wk inc flu hosp,2026-05-16,quantile,0.025,0,Vermont,Ensemble
2026-04-25,50,3,wk inc flu hosp,2026-05-16,quantile,0.05,0,Vermont,Ensemble
2026-04-25,50,3,wk inc flu hosp,2026-05-16,quantile,0.1,0,Vermont,Ensemble
2026-04-25,50,3,wk inc flu hosp,2026-05-16,quantile,0.15,0,Vermont,Ensemble
2026-04-25,50,3,wk inc flu hosp,2026-05-16,quantile,0.2,0,Vermont,Ensemble
2026-04-25,50,3,wk inc flu hosp,2026-05-16,quantile,0.25,0,Vermont,Ensemble
2026-04-25,50,3,wk inc flu hosp,2026-05-16,quantile,0.3,0,Vermont,Ensemble
2026-04-25,50,3,wk inc flu hosp,2026-05-16,quantile,0.35,0,Vermont,Ensemble
2026-04-25,50,3,wk inc flu hosp,2026-05-16,quantile,0.4,0,Vermont,Ensemble
2026-04-25,50,3,wk inc flu hosp,2026-05-16,quantile,0.45,0,Vermont,Ensemble
2026-04-25,50,3,wk inc flu hosp,2026-05-16,quantile,0.5,2,Vermont,Ensemble
2026-04-25,50,3,wk inc flu hosp,2026-05-16,quantile,0.55,2,Vermont,Ensemble
2026-04-25,50,3,wk inc flu hosp,2026-05-16,quantile,0.6,2,Vermont,Ensemble
2026-04-25,50,3,wk inc flu hosp,2026-05-16,quantile,0.65,2,Vermont,Ensemble
2026-04-25,50,3,wk inc flu hosp,2026-05-16,quantile,0.7,2,Vermont,Ensemble
2026-04-25,50,3,wk inc flu hosp,2026-05-16,quantile,0.75,3,Vermont,Ensemble
2026-04-25,50,3,wk inc flu hosp,2026-05-16,quantile,0.8,3,Vermont,Ensemble
2026-04-25,50,3,wk inc flu hosp,2026-05-16,quantile,0.85,4,Vermont,Ensemble
2026-04-25,50,3,wk inc flu hosp,2026-05-16,quantile,0.9,5,Vermont,Ensemble
2026-04-25,50,3,wk inc flu hosp,2026-05-16,quantile,0.95,8,Vermont,Ensemble
2026-04-25,50,3,wk inc flu hosp,2026-05-16,quantile,0.975,10,Vermont,Ensemble
2026-04-25,50,3,wk inc flu hosp,2026-05-16,quantile,0.99,15,Vermont,Ensemble
2026-04-25,51,0,wk inc flu hosp,2026-04-25,quantile,0.01,1,Virginia,Ensemble
2026-04-25,51,0,wk inc flu hosp,2026-04-25,quantile,0.025,2,Virginia,Ensemble
2026-04-25,51,0,wk inc flu hosp,2026-04-25,quantile,0.05,3,Virginia,Ensemble
2026-04-25,51,0,wk inc flu hosp,2026-04-25,quantile,0.1,4,Virginia,Ensemble
2026-04-25,51,0,wk inc flu hosp,2026-04-25,quantile,0.15,5,Virginia,Ensemble
2026-04-25,51,0,wk inc flu hosp,2026-04-25,quantile,0.2,6,Virginia,Ensemble
2026-04-25,51,0,wk inc flu hosp,2026-04-25,quantile,0.25,7,Virginia,Ensemble
2026-04-25,51,0,wk inc flu hosp,2026-04-25,quantile,0.3,8,Virginia,Ensemble
2026-04-25,51,0,wk inc flu hosp,2026-04-25,quantile,0.35,9,Virginia,Ensemble
2026-04-25,51,0,wk inc flu hosp,2026-04-25,quantile,0.4,10,Virginia,Ensemble
2026-04-25,51,0,wk inc flu hosp,2026-04-25,quantile,0.45,10,Virginia,Ensemble
2026-04-25,51,0,wk inc flu hosp,2026-04-25,quantile,0.5,12,Virginia,Ensemble
2026-04-25,51,0,wk inc flu hosp,2026-04-25,quantile,0.55,13,Virginia,Ensemble
2026-04-25,51,0,wk inc flu hosp,2026-04-25,quantile,0.6,14,Virginia,Ensemble
2026-04-25,51,0,wk inc flu hosp,2026-04-25,quantile,0.65,15,Virginia,Ensemble
2026-04-25,51,0,wk inc flu hosp,2026-04-25,quantile,0.7,16,Virginia,Ensemble
2026-04-25,51,0,wk inc flu hosp,2026-04-25,quantile,0.75,18,Virginia,Ensemble
2026-04-25,51,0,wk inc flu hosp,2026-04-25,quantile,0.8,19,Virginia,Ensemble
2026-04-25,51,0,wk inc flu hosp,2026-04-25,quantile,0.85,21,Virginia,Ensemble
2026-04-25,51,0,wk inc flu hosp,2026-04-25,quantile,0.9,24,Virginia,Ensemble
2026-04-25,51,0,wk inc flu hosp,2026-04-25,quantile,0.95,29,Virginia,Ensemble
2026-04-25,51,0,wk inc flu hosp,2026-04-25,quantile,0.975,35,Virginia,Ensemble
2026-04-25,51,0,wk inc flu hosp,2026-04-25,quantile,0.99,45,Virginia,Ensemble
2026-04-25,51,1,wk inc flu hosp,2026-05-02,quantile,0.01,1,Virginia,Ensemble
2026-04-25,51,1,wk inc flu hosp,2026-05-02,quantile,0.025,1,Virginia,Ensemble
2026-04-25,51,1,wk inc flu hosp,2026-05-02,quantile,0.05,2,Virginia,Ensemble
2026-04-25,51,1,wk inc flu hosp,2026-05-02,quantile,0.1,3,Virginia,Ensemble
2026-04-25,51,1,wk inc flu hosp,2026-05-02,quantile,0.15,4,Virginia,Ensemble
2026-04-25,51,1,wk inc flu hosp,2026-05-02,quantile,0.2,5,Virginia,Ensemble
2026-04-25,51,1,wk inc flu hosp,2026-05-02,quantile,0.25,6,Virginia,Ensemble
2026-04-25,51,1,wk inc flu hosp,2026-05-02,quantile,0.3,7,Virginia,Ensemble
2026-04-25,51,1,wk inc flu hosp,2026-05-02,quantile,0.35,8,Virginia,Ensemble
2026-04-25,51,1,wk inc flu hosp,2026-05-02,quantile,0.4,8,Virginia,Ensemble
2026-04-25,51,1,wk inc flu hosp,2026-05-02,quantile,0.45,9,Virginia,Ensemble
2026-04-25,51,1,wk inc flu hosp,2026-05-02,quantile,0.5,11,Virginia,Ensemble
2026-04-25,51,1,wk inc flu hosp,2026-05-02,quantile,0.55,12,Virginia,Ensemble
2026-04-25,51,1,wk inc flu hosp,2026-05-02,quantile,0.6,13,Virginia,Ensemble
2026-04-25,51,1,wk inc flu hosp,2026-05-02,quantile,0.65,15,Virginia,Ensemble
2026-04-25,51,1,wk inc flu hosp,2026-05-02,quantile,0.7,16,Virginia,Ensemble
2026-04-25,51,1,wk inc flu hosp,2026-05-02,quantile,0.75,17,Virginia,Ensemble
2026-04-25,51,1,wk inc flu hosp,2026-05-02,quantile,0.8,19,Virginia,Ensemble
2026-04-25,51,1,wk inc flu hosp,2026-05-02,quantile,0.85,21,Virginia,Ensemble
2026-04-25,51,1,wk inc flu hosp,2026-05-02,quantile,0.9,25,Virginia,Ensemble
2026-04-25,51,1,wk inc flu hosp,2026-05-02,quantile,0.95,33,Virginia,Ensemble
2026-04-25,51,1,wk inc flu hosp,2026-05-02,quantile,0.975,42,Virginia,Ensemble
2026-04-25,51,1,wk inc flu hosp,2026-05-02,quantile,0.99,54,Virginia,Ensemble
2026-04-25,51,2,wk inc flu hosp,2026-05-09,quantile,0.01,1,Virginia,Ensemble
2026-04-25,51,2,wk inc flu hosp,2026-05-09,quantile,0.025,1,Virginia,Ensemble
2026-04-25,51,2,wk inc flu hosp,2026-05-09,quantile,0.05,2,Virginia,Ensemble
2026-04-25,51,2,wk inc flu hosp,2026-05-09,quantile,0.1,2,Virginia,Ensemble
2026-04-25,51,2,wk inc flu hosp,2026-05-09,quantile,0.15,3,Virginia,Ensemble
2026-04-25,51,2,wk inc flu hosp,2026-05-09,quantile,0.2,4,Virginia,Ensemble
2026-04-25,51,2,wk inc flu hosp,2026-05-09,quantile,0.25,5,Virginia,Ensemble
2026-04-25,51,2,wk inc flu hosp,2026-05-09,quantile,0.3,6,Virginia,Ensemble
2026-04-25,51,2,wk inc flu hosp,2026-05-09,quantile,0.35,7,Virginia,Ensemble
2026-04-25,51,2,wk inc flu hosp,2026-05-09,quantile,0.4,7,Virginia,Ensemble
2026-04-25,51,2,wk inc flu hosp,2026-05-09,quantile,0.45,8,Virginia,Ensemble
2026-04-25,51,2,wk inc flu hosp,2026-05-09,quantile,0.5,10,Virginia,Ensemble
2026-04-25,51,2,wk inc flu hosp,2026-05-09,quantile,0.55,11,Virginia,Ensemble
2026-04-25,51,2,wk inc flu hosp,2026-05-09,quantile,0.6,13,Virginia,Ensemble
2026-04-25,51,2,wk inc flu hosp,2026-05-09,quantile,0.65,14,Virginia,Ensemble
2026-04-25,51,2,wk inc flu hosp,2026-05-09,quantile,0.7,15,Virginia,Ensemble
2026-04-25,51,2,wk inc flu hosp,2026-05-09,quantile,0.75,17,Virginia,Ensemble
2026-04-25,51,2,wk inc flu hosp,2026-05-09,quantile,0.8,20,Virginia,Ensemble
2026-04-25,51,2,wk inc flu hosp,2026-05-09,quantile,0.85,23,Virginia,Ensemble
2026-04-25,51,2,wk inc flu hosp,2026-05-09,quantile,0.9,28,Virginia,Ensemble
2026-04-25,51,2,wk inc flu hosp,2026-05-09,quantile,0.95,39,Virginia,Ensemble
2026-04-25,51,2,wk inc flu hosp,2026-05-09,quantile,0.975,50,Virginia,Ensemble
2026-04-25,51,2,wk inc flu hosp,2026-05-09,quantile,0.99,70,Virginia,Ensemble
2026-04-25,51,3,wk inc flu hosp,2026-05-16,quantile,0.01,0,Virginia,Ensemble
2026-04-25,51,3,wk inc flu hosp,2026-05-16,quantile,0.025,1,Virginia,Ensemble
2026-04-25,51,3,wk inc flu hosp,2026-05-16,quantile,0.05,1,Virginia,Ensemble
2026-04-25,51,3,wk inc flu hosp,2026-05-16,quantile,0.1,2,Virginia,Ensemble
2026-04-25,51,3,wk inc flu hosp,2026-05-16,quantile,0.15,3,Virginia,Ensemble
2026-04-25,51,3,wk inc flu hosp,2026-05-16,quantile,0.2,3,Virginia,Ensemble
2026-04-25,51,3,wk inc flu hosp,2026-05-16,quantile,0.25,4,Virginia,Ensemble
2026-04-25,51,3,wk inc flu hosp,2026-05-16,quantile,0.3,5,Virginia,Ensemble
2026-04-25,51,3,wk inc flu hosp,2026-05-16,quantile,0.35,5,Virginia,Ensemble
2026-04-25,51,3,wk inc flu hosp,2026-05-16,quantile,0.4,6,Virginia,Ensemble
2026-04-25,51,3,wk inc flu hosp,2026-05-16,quantile,0.45,7,Virginia,Ensemble
2026-04-25,51,3,wk inc flu hosp,2026-05-16,quantile,0.5,9,Virginia,Ensemble
2026-04-25,51,3,wk inc flu hosp,2026-05-16,quantile,0.55,10,Virginia,Ensemble
2026-04-25,51,3,wk inc flu hosp,2026-05-16,quantile,0.6,12,Virginia,Ensemble
2026-04-25,51,3,wk inc flu hosp,2026-05-16,quantile,0.65,13,Virginia,Ensemble
2026-04-25,51,3,wk inc flu hosp,2026-05-16,quantile,0.7,15,Virginia,Ensemble
2026-04-25,51,3,wk inc flu hosp,2026-05-16,quantile,0.75,17,Virginia,Ensemble
2026-04-25,51,3,wk inc flu hosp,2026-05-16,quantile,0.8,20,Virginia,Ensemble
2026-04-25,51,3,wk inc flu hosp,2026-05-16,quantile,0.85,24,Virginia,Ensemble
2026-04-25,51,3,wk inc flu hosp,2026-05-16,quantile,0.9,29,Virginia,Ensemble
2026-04-25,51,3,wk inc flu hosp,2026-05-16,quantile,0.95,42,Virginia,Ensemble
2026-04-25,51,3,wk inc flu hosp,2026-05-16,quantile,0.975,57,Virginia,Ensemble
2026-04-25,51,3,wk inc flu hosp,2026-05-16,quantile,0.99,79,Virginia,Ensemble
2026-04-25,53,0,wk inc flu hosp,2026-04-25,quantile,0.01,9,Washington,Ensemble
2026-04-25,53,0,wk inc flu hosp,2026-04-25,quantile,0.025,12,Washington,Ensemble
2026-04-25,53,0,wk inc flu hosp,2026-04-25,quantile,0.05,14,Washington,Ensemble
2026-04-25,53,0,wk inc flu hosp,2026-04-25,quantile,0.1,17,Washington,Ensemble
2026-04-25,53,0,wk inc flu hosp,2026-04-25,quantile,0.15,19,Washington,Ensemble
2026-04-25,53,0,wk inc flu hosp,2026-04-25,quantile,0.2,21,Washington,Ensemble
2026-04-25,53,0,wk inc flu hosp,2026-04-25,quantile,0.25,22,Washington,Ensemble
2026-04-25,53,0,wk inc flu hosp,2026-04-25,quantile,0.3,24,Washington,Ensemble
2026-04-25,53,0,wk inc flu hosp,2026-04-25,quantile,0.35,25,Washington,Ensemble
2026-04-25,53,0,wk inc flu hosp,2026-04-25,quantile,0.4,26,Washington,Ensemble
2026-04-25,53,0,wk inc flu hosp,2026-04-25,quantile,0.45,28,Washington,Ensemble
2026-04-25,53,0,wk inc flu hosp,2026-04-25,quantile,0.5,30,Washington,Ensemble
2026-04-25,53,0,wk inc flu hosp,2026-04-25,quantile,0.55,32,Washington,Ensemble
2026-04-25,53,0,wk inc flu hosp,2026-04-25,quantile,0.6,33,Washington,Ensemble
2026-04-25,53,0,wk inc flu hosp,2026-04-25,quantile,0.65,35,Washington,Ensemble
2026-04-25,53,0,wk inc flu hosp,2026-04-25,quantile,0.7,37,Washington,Ensemble
2026-04-25,53,0,wk inc flu hosp,2026-04-25,quantile,0.75,39,Washington,Ensemble
2026-04-25,53,0,wk inc flu hosp,2026-04-25,quantile,0.8,41,Washington,Ensemble
2026-04-25,53,0,wk inc flu hosp,2026-04-25,quantile,0.85,45,Washington,Ensemble
2026-04-25,53,0,wk inc flu hosp,2026-04-25,quantile,0.9,49,Washington,Ensemble
2026-04-25,53,0,wk inc flu hosp,2026-04-25,quantile,0.95,57,Washington,Ensemble
2026-04-25,53,0,wk inc flu hosp,2026-04-25,quantile,0.975,66,Washington,Ensemble
2026-04-25,53,0,wk inc flu hosp,2026-04-25,quantile,0.99,84,Washington,Ensemble
2026-04-25,53,1,wk inc flu hosp,2026-05-02,quantile,0.01,6,Washington,Ensemble
2026-04-25,53,1,wk inc flu hosp,2026-05-02,quantile,0.025,8,Washington,Ensemble
2026-04-25,53,1,wk inc flu hosp,2026-05-02,quantile,0.05,10,Washington,Ensemble
2026-04-25,53,1,wk inc flu hosp,2026-05-02,quantile,0.1,12,Washington,Ensemble
2026-04-25,53,1,wk inc flu hosp,2026-05-02,quantile,0.15,14,Washington,Ensemble
2026-04-25,53,1,wk inc flu hosp,2026-05-02,quantile,0.2,16,Washington,Ensemble
2026-04-25,53,1,wk inc flu hosp,2026-05-02,quantile,0.25,18,Washington,Ensemble
2026-04-25,53,1,wk inc flu hosp,2026-05-02,quantile,0.3,19,Washington,Ensemble
2026-04-25,53,1,wk inc flu hosp,2026-05-02,quantile,0.35,20,Washington,Ensemble
2026-04-25,53,1,wk inc flu hosp,2026-05-02,quantile,0.4,22,Washington,Ensemble
2026-04-25,53,1,wk inc flu hosp,2026-05-02,quantile,0.45,23,Washington,Ensemble
2026-04-25,53,1,wk inc flu hosp,2026-05-02,quantile,0.5,26,Washington,Ensemble
2026-04-25,53,1,wk inc flu hosp,2026-05-02,quantile,0.55,27,Washington,Ensemble
2026-04-25,53,1,wk inc flu hosp,2026-05-02,quantile,0.6,29,Washington,Ensemble
2026-04-25,53,1,wk inc flu hosp,2026-05-02,quantile,0.65,31,Washington,Ensemble
2026-04-25,53,1,wk inc flu hosp,2026-05-02,quantile,0.7,33,Washington,Ensemble
2026-04-25,53,1,wk inc flu hosp,2026-05-02,quantile,0.75,35,Washington,Ensemble
2026-04-25,53,1,wk inc flu hosp,2026-05-02,quantile,0.8,38,Washington,Ensemble
2026-04-25,53,1,wk inc flu hosp,2026-05-02,quantile,0.85,42,Washington,Ensemble
2026-04-25,53,1,wk inc flu hosp,2026-05-02,quantile,0.9,47,Washington,Ensemble
2026-04-25,53,1,wk inc flu hosp,2026-05-02,quantile,0.95,57,Washington,Ensemble
2026-04-25,53,1,wk inc flu hosp,2026-05-02,quantile,0.975,72,Washington,Ensemble
2026-04-25,53,1,wk inc flu hosp,2026-05-02,quantile,0.99,89,Washington,Ensemble
2026-04-25,53,2,wk inc flu hosp,2026-05-09,quantile,0.01,4,Washington,Ensemble
2026-04-25,53,2,wk inc flu hosp,2026-05-09,quantile,0.025,5,Washington,Ensemble
2026-04-25,53,2,wk inc flu hosp,2026-05-09,quantile,0.05,7,Washington,Ensemble
2026-04-25,53,2,wk inc flu hosp,2026-05-09,quantile,0.1,9,Washington,Ensemble
2026-04-25,53,2,wk inc flu hosp,2026-05-09,quantile,0.15,11,Washington,Ensemble
2026-04-25,53,2,wk inc flu hosp,2026-05-09,quantile,0.2,13,Washington,Ensemble
2026-04-25,53,2,wk inc flu hosp,2026-05-09,quantile,0.25,14,Washington,Ensemble
2026-04-25,53,2,wk inc flu hosp,2026-05-09,quantile,0.3,15,Washington,Ensemble
2026-04-25,53,2,wk inc flu hosp,2026-05-09,quantile,0.35,16,Washington,Ensemble
2026-04-25,53,2,wk inc flu hosp,2026-05-09,quantile,0.4,18,Washington,Ensemble
2026-04-25,53,2,wk inc flu hosp,2026-05-09,quantile,0.45,19,Washington,Ensemble
2026-04-25,53,2,wk inc flu hosp,2026-05-09,quantile,0.5,21,Washington,Ensemble
2026-04-25,53,2,wk inc flu hosp,2026-05-09,quantile,0.55,23,Washington,Ensemble
2026-04-25,53,2,wk inc flu hosp,2026-05-09,quantile,0.6,25,Washington,Ensemble
2026-04-25,53,2,wk inc flu hosp,2026-05-09,quantile,0.65,27,Washington,Ensemble
2026-04-25,53,2,wk inc flu hosp,2026-05-09,quantile,0.7,29,Washington,Ensemble
2026-04-25,53,2,wk inc flu hosp,2026-05-09,quantile,0.75,32,Washington,Ensemble
2026-04-25,53,2,wk inc flu hosp,2026-05-09,quantile,0.8,35,Washington,Ensemble
2026-04-25,53,2,wk inc flu hosp,2026-05-09,quantile,0.85,39,Washington,Ensemble
2026-04-25,53,2,wk inc flu hosp,2026-05-09,quantile,0.9,46,Washington,Ensemble
2026-04-25,53,2,wk inc flu hosp,2026-05-09,quantile,0.95,59,Washington,Ensemble
2026-04-25,53,2,wk inc flu hosp,2026-05-09,quantile,0.975,74,Washington,Ensemble
2026-04-25,53,2,wk inc flu hosp,2026-05-09,quantile,0.99,95,Washington,Ensemble
2026-04-25,53,3,wk inc flu hosp,2026-05-16,quantile,0.01,3,Washington,Ensemble
2026-04-25,53,3,wk inc flu hosp,2026-05-16,quantile,0.025,4,Washington,Ensemble
2026-04-25,53,3,wk inc flu hosp,2026-05-16,quantile,0.05,5,Washington,Ensemble
2026-04-25,53,3,wk inc flu hosp,2026-05-16,quantile,0.1,7,Washington,Ensemble
2026-04-25,53,3,wk inc flu hosp,2026-05-16,quantile,0.15,8,Washington,Ensemble
2026-04-25,53,3,wk inc flu hosp,2026-05-16,quantile,0.2,10,Washington,Ensemble
2026-04-25,53,3,wk inc flu hosp,2026-05-16,quantile,0.25,11,Washington,Ensemble
2026-04-25,53,3,wk inc flu hosp,2026-05-16,quantile,0.3,12,Washington,Ensemble
2026-04-25,53,3,wk inc flu hosp,2026-05-16,quantile,0.35,14,Washington,Ensemble
2026-04-25,53,3,wk inc flu hosp,2026-05-16,quantile,0.4,15,Washington,Ensemble
2026-04-25,53,3,wk inc flu hosp,2026-05-16,quantile,0.45,16,Washington,Ensemble
2026-04-25,53,3,wk inc flu hosp,2026-05-16,quantile,0.5,19,Washington,Ensemble
2026-04-25,53,3,wk inc flu hosp,2026-05-16,quantile,0.55,20,Washington,Ensemble
2026-04-25,53,3,wk inc flu hosp,2026-05-16,quantile,0.6,22,Washington,Ensemble
2026-04-25,53,3,wk inc flu hosp,2026-05-16,quantile,0.65,24,Washington,Ensemble
2026-04-25,53,3,wk inc flu hosp,2026-05-16,quantile,0.7,27,Washington,Ensemble
2026-04-25,53,3,wk inc flu hosp,2026-05-16,quantile,0.75,30,Washington,Ensemble
2026-04-25,53,3,wk inc flu hosp,2026-05-16,quantile,0.8,33,Washington,Ensemble
2026-04-25,53,3,wk inc flu hosp,2026-05-16,quantile,0.85,38,Washington,Ensemble
2026-04-25,53,3,wk inc flu hosp,2026-05-16,quantile,0.9,45,Washington,Ensemble
2026-04-25,53,3,wk inc flu hosp,2026-05-16,quantile,0.95,61,Washington,Ensemble
2026-04-25,53,3,wk inc flu hosp,2026-05-16,quantile,0.975,76,Washington,Ensemble
2026-04-25,53,3,wk inc flu hosp,2026-05-16,quantile,0.99,100,Washington,Ensemble
2026-04-25,54,0,wk inc flu hosp,2026-04-25,quantile,0.01,3,West Virginia,Ensemble
2026-04-25,54,0,wk inc flu hosp,2026-04-25,quantile,0.025,4,West Virginia,Ensemble
2026-04-25,54,0,wk inc flu hosp,2026-04-25,quantile,0.05,5,West Virginia,Ensemble
2026-04-25,54,0,wk inc flu hosp,2026-04-25,quantile,0.1,7,West Virginia,Ensemble
2026-04-25,54,0,wk inc flu hosp,2026-04-25,quantile,0.15,9,West Virginia,Ensemble
2026-04-25,54,0,wk inc flu hosp,2026-04-25,quantile,0.2,10,West Virginia,Ensemble
2026-04-25,54,0,wk inc flu hosp,2026-04-25,quantile,0.25,11,West Virginia,Ensemble
2026-04-25,54,0,wk inc flu hosp,2026-04-25,quantile,0.3,12,West Virginia,Ensemble
2026-04-25,54,0,wk inc flu hosp,2026-04-25,quantile,0.35,13,West Virginia,Ensemble
2026-04-25,54,0,wk inc flu hosp,2026-04-25,quantile,0.4,14,West Virginia,Ensemble
2026-04-25,54,0,wk inc flu hosp,2026-04-25,quantile,0.45,15,West Virginia,Ensemble
2026-04-25,54,0,wk inc flu hosp,2026-04-25,quantile,0.5,17,West Virginia,Ensemble
2026-04-25,54,0,wk inc flu hosp,2026-04-25,quantile,0.55,19,West Virginia,Ensemble
2026-04-25,54,0,wk inc flu hosp,2026-04-25,quantile,0.6,20,West Virginia,Ensemble
2026-04-25,54,0,wk inc flu hosp,2026-04-25,quantile,0.65,21,West Virginia,Ensemble
2026-04-25,54,0,wk inc flu hosp,2026-04-25,quantile,0.7,23,West Virginia,Ensemble
2026-04-25,54,0,wk inc flu hosp,2026-04-25,quantile,0.75,24,West Virginia,Ensemble
2026-04-25,54,0,wk inc flu hosp,2026-04-25,quantile,0.8,26,West Virginia,Ensemble
2026-04-25,54,0,wk inc flu hosp,2026-04-25,quantile,0.85,28,West Virginia,Ensemble
2026-04-25,54,0,wk inc flu hosp,2026-04-25,quantile,0.9,32,West Virginia,Ensemble
2026-04-25,54,0,wk inc flu hosp,2026-04-25,quantile,0.95,39,West Virginia,Ensemble
2026-04-25,54,0,wk inc flu hosp,2026-04-25,quantile,0.975,48,West Virginia,Ensemble
2026-04-25,54,0,wk inc flu hosp,2026-04-25,quantile,0.99,60,West Virginia,Ensemble
2026-04-25,54,1,wk inc flu hosp,2026-05-02,quantile,0.01,1,West Virginia,Ensemble
2026-04-25,54,1,wk inc flu hosp,2026-05-02,quantile,0.025,2,West Virginia,Ensemble
2026-04-25,54,1,wk inc flu hosp,2026-05-02,quantile,0.05,3,West Virginia,Ensemble
2026-04-25,54,1,wk inc flu hosp,2026-05-02,quantile,0.1,4,West Virginia,Ensemble
2026-04-25,54,1,wk inc flu hosp,2026-05-02,quantile,0.15,6,West Virginia,Ensemble
2026-04-25,54,1,wk inc flu hosp,2026-05-02,quantile,0.2,7,West Virginia,Ensemble
2026-04-25,54,1,wk inc flu hosp,2026-05-02,quantile,0.25,8,West Virginia,Ensemble
2026-04-25,54,1,wk inc flu hosp,2026-05-02,quantile,0.3,9,West Virginia,Ensemble
2026-04-25,54,1,wk inc flu hosp,2026-05-02,quantile,0.35,10,West Virginia,Ensemble
2026-04-25,54,1,wk inc flu hosp,2026-05-02,quantile,0.4,11,West Virginia,Ensemble
2026-04-25,54,1,wk inc flu hosp,2026-05-02,quantile,0.45,13,West Virginia,Ensemble
2026-04-25,54,1,wk inc flu hosp,2026-05-02,quantile,0.5,15,West Virginia,Ensemble
2026-04-25,54,1,wk inc flu hosp,2026-05-02,quantile,0.55,16,West Virginia,Ensemble
2026-04-25,54,1,wk inc flu hosp,2026-05-02,quantile,0.6,18,West Virginia,Ensemble
2026-04-25,54,1,wk inc flu hosp,2026-05-02,quantile,0.65,19,West Virginia,Ensemble
2026-04-25,54,1,wk inc flu hosp,2026-05-02,quantile,0.7,21,West Virginia,Ensemble
2026-04-25,54,1,wk inc flu hosp,2026-05-02,quantile,0.75,23,West Virginia,Ensemble
2026-04-25,54,1,wk inc flu hosp,2026-05-02,quantile,0.8,26,West Virginia,Ensemble
2026-04-25,54,1,wk inc flu hosp,2026-05-02,quantile,0.85,29,West Virginia,Ensemble
2026-04-25,54,1,wk inc flu hosp,2026-05-02,quantile,0.9,34,West Virginia,Ensemble
2026-04-25,54,1,wk inc flu hosp,2026-05-02,quantile,0.95,45,West Virginia,Ensemble
2026-04-25,54,1,wk inc flu hosp,2026-05-02,quantile,0.975,55,West Virginia,Ensemble
2026-04-25,54,1,wk inc flu hosp,2026-05-02,quantile,0.99,73,West Virginia,Ensemble
2026-04-25,54,2,wk inc flu hosp,2026-05-09,quantile,0.01,1,West Virginia,Ensemble
2026-04-25,54,2,wk inc flu hosp,2026-05-09,quantile,0.025,1,West Virginia,Ensemble
2026-04-25,54,2,wk inc flu hosp,2026-05-09,quantile,0.05,2,West Virginia,Ensemble
2026-04-25,54,2,wk inc flu hosp,2026-05-09,quantile,0.1,3,West Virginia,Ensemble
2026-04-25,54,2,wk inc flu hosp,2026-05-09,quantile,0.15,4,West Virginia,Ensemble
2026-04-25,54,2,wk inc flu hosp,2026-05-09,quantile,0.2,5,West Virginia,Ensemble
2026-04-25,54,2,wk inc flu hosp,2026-05-09,quantile,0.25,5,West Virginia,Ensemble
2026-04-25,54,2,wk inc flu hosp,2026-05-09,quantile,0.3,6,West Virginia,Ensemble
2026-04-25,54,2,wk inc flu hosp,2026-05-09,quantile,0.35,7,West Virginia,Ensemble
2026-04-25,54,2,wk inc flu hosp,2026-05-09,quantile,0.4,9,West Virginia,Ensemble
2026-04-25,54,2,wk inc flu hosp,2026-05-09,quantile,0.45,10,West Virginia,Ensemble
2026-04-25,54,2,wk inc flu hosp,2026-05-09,quantile,0.5,12,West Virginia,Ensemble
2026-04-25,54,2,wk inc flu hosp,2026-05-09,quantile,0.55,13,West Virginia,Ensemble
2026-04-25,54,2,wk inc flu hosp,2026-05-09,quantile,0.6,15,West Virginia,Ensemble
2026-04-25,54,2,wk inc flu hosp,2026-05-09,quantile,0.65,17,West Virginia,Ensemble
2026-04-25,54,2,wk inc flu hosp,2026-05-09,quantile,0.7,19,West Virginia,Ensemble
2026-04-25,54,2,wk inc flu hosp,2026-05-09,quantile,0.75,21,West Virginia,Ensemble
2026-04-25,54,2,wk inc flu hosp,2026-05-09,quantile,0.8,24,West Virginia,Ensemble
2026-04-25,54,2,wk inc flu hosp,2026-05-09,quantile,0.85,28,West Virginia,Ensemble
2026-04-25,54,2,wk inc flu hosp,2026-05-09,quantile,0.9,35,West Virginia,Ensemble
2026-04-25,54,2,wk inc flu hosp,2026-05-09,quantile,0.95,47,West Virginia,Ensemble
2026-04-25,54,2,wk inc flu hosp,2026-05-09,quantile,0.975,62,West Virginia,Ensemble
2026-04-25,54,2,wk inc flu hosp,2026-05-09,quantile,0.99,78,West Virginia,Ensemble
2026-04-25,54,3,wk inc flu hosp,2026-05-16,quantile,0.01,0,West Virginia,Ensemble
2026-04-25,54,3,wk inc flu hosp,2026-05-16,quantile,0.025,0,West Virginia,Ensemble
2026-04-25,54,3,wk inc flu hosp,2026-05-16,quantile,0.05,1,West Virginia,Ensemble
2026-04-25,54,3,wk inc flu hosp,2026-05-16,quantile,0.1,2,West Virginia,Ensemble
2026-04-25,54,3,wk inc flu hosp,2026-05-16,quantile,0.15,3,West Virginia,Ensemble
2026-04-25,54,3,wk inc flu hosp,2026-05-16,quantile,0.2,3,West Virginia,Ensemble
2026-04-25,54,3,wk inc flu hosp,2026-05-16,quantile,0.25,4,West Virginia,Ensemble
2026-04-25,54,3,wk inc flu hosp,2026-05-16,quantile,0.3,5,West Virginia,Ensemble
2026-04-25,54,3,wk inc flu hosp,2026-05-16,quantile,0.35,6,West Virginia,Ensemble
2026-04-25,54,3,wk inc flu hosp,2026-05-16,quantile,0.4,7,West Virginia,Ensemble
2026-04-25,54,3,wk inc flu hosp,2026-05-16,quantile,0.45,8,West Virginia,Ensemble
2026-04-25,54,3,wk inc flu hosp,2026-05-16,quantile,0.5,10,West Virginia,Ensemble
2026-04-25,54,3,wk inc flu hosp,2026-05-16,quantile,0.55,11,West Virginia,Ensemble
2026-04-25,54,3,wk inc flu hosp,2026-05-16,quantile,0.6,13,West Virginia,Ensemble
2026-04-25,54,3,wk inc flu hosp,2026-05-16,quantile,0.65,15,West Virginia,Ensemble
2026-04-25,54,3,wk inc flu hosp,2026-05-16,quantile,0.7,17,West Virginia,Ensemble
2026-04-25,54,3,wk inc flu hosp,2026-05-16,quantile,0.75,20,West Virginia,Ensemble
2026-04-25,54,3,wk inc flu hosp,2026-05-16,quantile,0.8,23,West Virginia,Ensemble
2026-04-25,54,3,wk inc flu hosp,2026-05-16,quantile,0.85,28,West Virginia,Ensemble
2026-04-25,54,3,wk inc flu hosp,2026-05-16,quantile,0.9,35,West Virginia,Ensemble
2026-04-25,54,3,wk inc flu hosp,2026-05-16,quantile,0.95,49,West Virginia,Ensemble
2026-04-25,54,3,wk inc flu hosp,2026-05-16,quantile,0.975,65,West Virginia,Ensemble
2026-04-25,54,3,wk inc flu hosp,2026-05-16,quantile,0.99,84,West Virginia,Ensemble
2026-04-25,55,0,wk inc flu hosp,2026-04-25,quantile,0.01,6,Wisconsin,Ensemble
2026-04-25,55,0,wk inc flu hosp,2026-04-25,quantile,0.025,7,Wisconsin,Ensemble
2026-04-25,55,0,wk inc flu hosp,2026-04-25,quantile,0.05,9,Wisconsin,Ensemble
2026-04-25,55,0,wk inc flu hosp,2026-04-25,quantile,0.1,12,Wisconsin,Ensemble
2026-04-25,55,0,wk inc flu hosp,2026-04-25,quantile,0.15,13,Wisconsin,Ensemble
2026-04-25,55,0,wk inc flu hosp,2026-04-25,quantile,0.2,15,Wisconsin,Ensemble
2026-04-25,55,0,wk inc flu hosp,2026-04-25,quantile,0.25,16,Wisconsin,Ensemble
2026-04-25,55,0,wk inc flu hosp,2026-04-25,quantile,0.3,18,Wisconsin,Ensemble
2026-04-25,55,0,wk inc flu hosp,2026-04-25,quantile,0.35,19,Wisconsin,Ensemble
2026-04-25,55,0,wk inc flu hosp,2026-04-25,quantile,0.4,20,Wisconsin,Ensemble
2026-04-25,55,0,wk inc flu hosp,2026-04-25,quantile,0.45,22,Wisconsin,Ensemble
2026-04-25,55,0,wk inc flu hosp,2026-04-25,quantile,0.5,25,Wisconsin,Ensemble
2026-04-25,55,0,wk inc flu hosp,2026-04-25,quantile,0.55,26,Wisconsin,Ensemble
2026-04-25,55,0,wk inc flu hosp,2026-04-25,quantile,0.6,27,Wisconsin,Ensemble
2026-04-25,55,0,wk inc flu hosp,2026-04-25,quantile,0.65,29,Wisconsin,Ensemble
2026-04-25,55,0,wk inc flu hosp,2026-04-25,quantile,0.7,31,Wisconsin,Ensemble
2026-04-25,55,0,wk inc flu hosp,2026-04-25,quantile,0.75,33,Wisconsin,Ensemble
2026-04-25,55,0,wk inc flu hosp,2026-04-25,quantile,0.8,35,Wisconsin,Ensemble
2026-04-25,55,0,wk inc flu hosp,2026-04-25,quantile,0.85,38,Wisconsin,Ensemble
2026-04-25,55,0,wk inc flu hosp,2026-04-25,quantile,0.9,43,Wisconsin,Ensemble
2026-04-25,55,0,wk inc flu hosp,2026-04-25,quantile,0.95,53,Wisconsin,Ensemble
2026-04-25,55,0,wk inc flu hosp,2026-04-25,quantile,0.975,64,Wisconsin,Ensemble
2026-04-25,55,0,wk inc flu hosp,2026-04-25,quantile,0.99,81,Wisconsin,Ensemble
2026-04-25,55,1,wk inc flu hosp,2026-05-02,quantile,0.01,3,Wisconsin,Ensemble
2026-04-25,55,1,wk inc flu hosp,2026-05-02,quantile,0.025,4,Wisconsin,Ensemble
2026-04-25,55,1,wk inc flu hosp,2026-05-02,quantile,0.05,5,Wisconsin,Ensemble
2026-04-25,55,1,wk inc flu hosp,2026-05-02,quantile,0.1,7,Wisconsin,Ensemble
2026-04-25,55,1,wk inc flu hosp,2026-05-02,quantile,0.15,9,Wisconsin,Ensemble
2026-04-25,55,1,wk inc flu hosp,2026-05-02,quantile,0.2,10,Wisconsin,Ensemble
2026-04-25,55,1,wk inc flu hosp,2026-05-02,quantile,0.25,11,Wisconsin,Ensemble
2026-04-25,55,1,wk inc flu hosp,2026-05-02,quantile,0.3,13,Wisconsin,Ensemble
2026-04-25,55,1,wk inc flu hosp,2026-05-02,quantile,0.35,14,Wisconsin,Ensemble
2026-04-25,55,1,wk inc flu hosp,2026-05-02,quantile,0.4,15,Wisconsin,Ensemble
2026-04-25,55,1,wk inc flu hosp,2026-05-02,quantile,0.45,17,Wisconsin,Ensemble
2026-04-25,55,1,wk inc flu hosp,2026-05-02,quantile,0.5,19,Wisconsin,Ensemble
2026-04-25,55,1,wk inc flu hosp,2026-05-02,quantile,0.55,21,Wisconsin,Ensemble
2026-04-25,55,1,wk inc flu hosp,2026-05-02,quantile,0.6,23,Wisconsin,Ensemble
2026-04-25,55,1,wk inc flu hosp,2026-05-02,quantile,0.65,24,Wisconsin,Ensemble
2026-04-25,55,1,wk inc flu hosp,2026-05-02,quantile,0.7,26,Wisconsin,Ensemble
2026-04-25,55,1,wk inc flu hosp,2026-05-02,quantile,0.75,29,Wisconsin,Ensemble
2026-04-25,55,1,wk inc flu hosp,2026-05-02,quantile,0.8,32,Wisconsin,Ensemble
2026-04-25,55,1,wk inc flu hosp,2026-05-02,quantile,0.85,37,Wisconsin,Ensemble
2026-04-25,55,1,wk inc flu hosp,2026-05-02,quantile,0.9,44,Wisconsin,Ensemble
2026-04-25,55,1,wk inc flu hosp,2026-05-02,quantile,0.95,58,Wisconsin,Ensemble
2026-04-25,55,1,wk inc flu hosp,2026-05-02,quantile,0.975,75,Wisconsin,Ensemble
2026-04-25,55,1,wk inc flu hosp,2026-05-02,quantile,0.99,105,Wisconsin,Ensemble
2026-04-25,55,2,wk inc flu hosp,2026-05-09,quantile,0.01,2,Wisconsin,Ensemble
2026-04-25,55,2,wk inc flu hosp,2026-05-09,quantile,0.025,3,Wisconsin,Ensemble
2026-04-25,55,2,wk inc flu hosp,2026-05-09,quantile,0.05,4,Wisconsin,Ensemble
2026-04-25,55,2,wk inc flu hosp,2026-05-09,quantile,0.1,5,Wisconsin,Ensemble
2026-04-25,55,2,wk inc flu hosp,2026-05-09,quantile,0.15,6,Wisconsin,Ensemble
2026-04-25,55,2,wk inc flu hosp,2026-05-09,quantile,0.2,7,Wisconsin,Ensemble
2026-04-25,55,2,wk inc flu hosp,2026-05-09,quantile,0.25,8,Wisconsin,Ensemble
2026-04-25,55,2,wk inc flu hosp,2026-05-09,quantile,0.3,9,Wisconsin,Ensemble
2026-04-25,55,2,wk inc flu hosp,2026-05-09,quantile,0.35,10,Wisconsin,Ensemble
2026-04-25,55,2,wk inc flu hosp,2026-05-09,quantile,0.4,11,Wisconsin,Ensemble
2026-04-25,55,2,wk inc flu hosp,2026-05-09,quantile,0.45,13,Wisconsin,Ensemble
2026-04-25,55,2,wk inc flu hosp,2026-05-09,quantile,0.5,15,Wisconsin,Ensemble
2026-04-25,55,2,wk inc flu hosp,2026-05-09,quantile,0.55,17,Wisconsin,Ensemble
2026-04-25,55,2,wk inc flu hosp,2026-05-09,quantile,0.6,19,Wisconsin,Ensemble
2026-04-25,55,2,wk inc flu hosp,2026-05-09,quantile,0.65,21,Wisconsin,Ensemble
2026-04-25,55,2,wk inc flu hosp,2026-05-09,quantile,0.7,24,Wisconsin,Ensemble
2026-04-25,55,2,wk inc flu hosp,2026-05-09,quantile,0.75,27,Wisconsin,Ensemble
2026-04-25,55,2,wk inc flu hosp,2026-05-09,quantile,0.8,30,Wisconsin,Ensemble
2026-04-25,55,2,wk inc flu hosp,2026-05-09,quantile,0.85,36,Wisconsin,Ensemble
2026-04-25,55,2,wk inc flu hosp,2026-05-09,quantile,0.9,45,Wisconsin,Ensemble
2026-04-25,55,2,wk inc flu hosp,2026-05-09,quantile,0.95,65,Wisconsin,Ensemble
2026-04-25,55,2,wk inc flu hosp,2026-05-09,quantile,0.975,89,Wisconsin,Ensemble
2026-04-25,55,2,wk inc flu hosp,2026-05-09,quantile,0.99,119,Wisconsin,Ensemble
2026-04-25,55,3,wk inc flu hosp,2026-05-16,quantile,0.01,2,Wisconsin,Ensemble
2026-04-25,55,3,wk inc flu hosp,2026-05-16,quantile,0.025,2,Wisconsin,Ensemble
2026-04-25,55,3,wk inc flu hosp,2026-05-16,quantile,0.05,3,Wisconsin,Ensemble
2026-04-25,55,3,wk inc flu hosp,2026-05-16,quantile,0.1,4,Wisconsin,Ensemble
2026-04-25,55,3,wk inc flu hosp,2026-05-16,quantile,0.15,5,Wisconsin,Ensemble
2026-04-25,55,3,wk inc flu hosp,2026-05-16,quantile,0.2,6,Wisconsin,Ensemble
2026-04-25,55,3,wk inc flu hosp,2026-05-16,quantile,0.25,7,Wisconsin,Ensemble
2026-04-25,55,3,wk inc flu hosp,2026-05-16,quantile,0.3,7,Wisconsin,Ensemble
2026-04-25,55,3,wk inc flu hosp,2026-05-16,quantile,0.35,8,Wisconsin,Ensemble
2026-04-25,55,3,wk inc flu hosp,2026-05-16,quantile,0.4,9,Wisconsin,Ensemble
2026-04-25,55,3,wk inc flu hosp,2026-05-16,quantile,0.45,10,Wisconsin,Ensemble
2026-04-25,55,3,wk inc flu hosp,2026-05-16,quantile,0.5,13,Wisconsin,Ensemble
2026-04-25,55,3,wk inc flu hosp,2026-05-16,quantile,0.55,15,Wisconsin,Ensemble
2026-04-25,55,3,wk inc flu hosp,2026-05-16,quantile,0.6,16,Wisconsin,Ensemble
2026-04-25,55,3,wk inc flu hosp,2026-05-16,quantile,0.65,19,Wisconsin,Ensemble
2026-04-25,55,3,wk inc flu hosp,2026-05-16,quantile,0.7,21,Wisconsin,Ensemble
2026-04-25,55,3,wk inc flu hosp,2026-05-16,quantile,0.75,25,Wisconsin,Ensemble
2026-04-25,55,3,wk inc flu hosp,2026-05-16,quantile,0.8,29,Wisconsin,Ensemble
2026-04-25,55,3,wk inc flu hosp,2026-05-16,quantile,0.85,35,Wisconsin,Ensemble
2026-04-25,55,3,wk inc flu hosp,2026-05-16,quantile,0.9,47,Wisconsin,Ensemble
2026-04-25,55,3,wk inc flu hosp,2026-05-16,quantile,0.95,68,Wisconsin,Ensemble
2026-04-25,55,3,wk inc flu hosp,2026-05-16,quantile,0.975,95,Wisconsin,Ensemble
2026-04-25,55,3,wk inc flu hosp,2026-05-16,quantile,0.99,133,Wisconsin,Ensemble
2026-04-25,56,0,wk inc flu hosp,2026-04-25,quantile,0.01,0,Wyoming,Ensemble
2026-04-25,56,0,wk inc flu hosp,2026-04-25,quantile,0.025,1,Wyoming,Ensemble
2026-04-25,56,0,wk inc flu hosp,2026-04-25,quantile,0.05,1,Wyoming,Ensemble
2026-04-25,56,0,wk inc flu hosp,2026-04-25,quantile,0.1,1,Wyoming,Ensemble
2026-04-25,56,0,wk inc flu hosp,2026-04-25,quantile,0.15,2,Wyoming,Ensemble
2026-04-25,56,0,wk inc flu hosp,2026-04-25,quantile,0.2,2,Wyoming,Ensemble
2026-04-25,56,0,wk inc flu hosp,2026-04-25,quantile,0.25,2,Wyoming,Ensemble
2026-04-25,56,0,wk inc flu hosp,2026-04-25,quantile,0.3,3,Wyoming,Ensemble
2026-04-25,56,0,wk inc flu hosp,2026-04-25,quantile,0.35,3,Wyoming,Ensemble
2026-04-25,56,0,wk inc flu hosp,2026-04-25,quantile,0.4,3,Wyoming,Ensemble
2026-04-25,56,0,wk inc flu hosp,2026-04-25,quantile,0.45,4,Wyoming,Ensemble
2026-04-25,56,0,wk inc flu hosp,2026-04-25,quantile,0.5,5,Wyoming,Ensemble
2026-04-25,56,0,wk inc flu hosp,2026-04-25,quantile,0.55,5,Wyoming,Ensemble
2026-04-25,56,0,wk inc flu hosp,2026-04-25,quantile,0.6,6,Wyoming,Ensemble
2026-04-25,56,0,wk inc flu hosp,2026-04-25,quantile,0.65,6,Wyoming,Ensemble
2026-04-25,56,0,wk inc flu hosp,2026-04-25,quantile,0.7,7,Wyoming,Ensemble
2026-04-25,56,0,wk inc flu hosp,2026-04-25,quantile,0.75,7,Wyoming,Ensemble
2026-04-25,56,0,wk inc flu hosp,2026-04-25,quantile,0.8,8,Wyoming,Ensemble
2026-04-25,56,0,wk inc flu hosp,2026-04-25,quantile,0.85,9,Wyoming,Ensemble
2026-04-25,56,0,wk inc flu hosp,2026-04-25,quantile,0.9,11,Wyoming,Ensemble
2026-04-25,56,0,wk inc flu hosp,2026-04-25,quantile,0.95,13,Wyoming,Ensemble
2026-04-25,56,0,wk inc flu hosp,2026-04-25,quantile,0.975,16,Wyoming,Ensemble
2026-04-25,56,0,wk inc flu hosp,2026-04-25,quantile,0.99,20,Wyoming,Ensemble
2026-04-25,56,1,wk inc flu hosp,2026-05-02,quantile,0.01,0,Wyoming,Ensemble
2026-04-25,56,1,wk inc flu hosp,2026-05-02,quantile,0.025,0,Wyoming,Ensemble
2026-04-25,56,1,wk inc flu hosp,2026-05-02,quantile,0.05,0,Wyoming,Ensemble
2026-04-25,56,1,wk inc flu hosp,2026-05-02,quantile,0.1,1,Wyoming,Ensemble
2026-04-25,56,1,wk inc flu hosp,2026-05-02,quantile,0.15,1,Wyoming,Ensemble
2026-04-25,56,1,wk inc flu hosp,2026-05-02,quantile,0.2,1,Wyoming,Ensemble
2026-04-25,56,1,wk inc flu hosp,2026-05-02,quantile,0.25,2,Wyoming,Ensemble
2026-04-25,56,1,wk inc flu hosp,2026-05-02,quantile,0.3,2,Wyoming,Ensemble
2026-04-25,56,1,wk inc flu hosp,2026-05-02,quantile,0.35,2,Wyoming,Ensemble
2026-04-25,56,1,wk inc flu hosp,2026-05-02,quantile,0.4,3,Wyoming,Ensemble
2026-04-25,56,1,wk inc flu hosp,2026-05-02,quantile,0.45,3,Wyoming,Ensemble
2026-04-25,56,1,wk inc flu hosp,2026-05-02,quantile,0.5,4,Wyoming,Ensemble
2026-04-25,56,1,wk inc flu hosp,2026-05-02,quantile,0.55,5,Wyoming,Ensemble
2026-04-25,56,1,wk inc flu hosp,2026-05-02,quantile,0.6,5,Wyoming,Ensemble
2026-04-25,56,1,wk inc flu hosp,2026-05-02,quantile,0.65,5,Wyoming,Ensemble
2026-04-25,56,1,wk inc flu hosp,2026-05-02,quantile,0.7,6,Wyoming,Ensemble
2026-04-25,56,1,wk inc flu hosp,2026-05-02,quantile,0.75,7,Wyoming,Ensemble
2026-04-25,56,1,wk inc flu hosp,2026-05-02,quantile,0.8,8,Wyoming,Ensemble
2026-04-25,56,1,wk inc flu hosp,2026-05-02,quantile,0.85,9,Wyoming,Ensemble
2026-04-25,56,1,wk inc flu hosp,2026-05-02,quantile,0.9,10,Wyoming,Ensemble
2026-04-25,56,1,wk inc flu hosp,2026-05-02,quantile,0.95,13,Wyoming,Ensemble
2026-04-25,56,1,wk inc flu hosp,2026-05-02,quantile,0.975,17,Wyoming,Ensemble
2026-04-25,56,1,wk inc flu hosp,2026-05-02,quantile,0.99,22,Wyoming,Ensemble
2026-04-25,56,2,wk inc flu hosp,2026-05-09,quantile,0.01,0,Wyoming,Ensemble
2026-04-25,56,2,wk inc flu hosp,2026-05-09,quantile,0.025,0,Wyoming,Ensemble
2026-04-25,56,2,wk inc flu hosp,2026-05-09,quantile,0.05,0,Wyoming,Ensemble
2026-04-25,56,2,wk inc flu hosp,2026-05-09,quantile,0.1,0,Wyoming,Ensemble
2026-04-25,56,2,wk inc flu hosp,2026-05-09,quantile,0.15,1,Wyoming,Ensemble
2026-04-25,56,2,wk inc flu hosp,2026-05-09,quantile,0.2,1,Wyoming,Ensemble
2026-04-25,56,2,wk inc flu hosp,2026-05-09,quantile,0.25,1,Wyoming,Ensemble
2026-04-25,56,2,wk inc flu hosp,2026-05-09,quantile,0.3,1,Wyoming,Ensemble
2026-04-25,56,2,wk inc flu hosp,2026-05-09,quantile,0.35,2,Wyoming,Ensemble
2026-04-25,56,2,wk inc flu hosp,2026-05-09,quantile,0.4,2,Wyoming,Ensemble
2026-04-25,56,2,wk inc flu hosp,2026-05-09,quantile,0.45,2,Wyoming,Ensemble
2026-04-25,56,2,wk inc flu hosp,2026-05-09,quantile,0.5,4,Wyoming,Ensemble
2026-04-25,56,2,wk inc flu hosp,2026-05-09,quantile,0.55,4,Wyoming,Ensemble
2026-04-25,56,2,wk inc flu hosp,2026-05-09,quantile,0.6,4,Wyoming,Ensemble
2026-04-25,56,2,wk inc flu hosp,2026-05-09,quantile,0.65,5,Wyoming,Ensemble
2026-04-25,56,2,wk inc flu hosp,2026-05-09,quantile,0.7,5,Wyoming,Ensemble
2026-04-25,56,2,wk inc flu hosp,2026-05-09,quantile,0.75,6,Wyoming,Ensemble
2026-04-25,56,2,wk inc flu hosp,2026-05-09,quantile,0.8,7,Wyoming,Ensemble
2026-04-25,56,2,wk inc flu hosp,2026-05-09,quantile,0.85,8,Wyoming,Ensemble
2026-04-25,56,2,wk inc flu hosp,2026-05-09,quantile,0.9,10,Wyoming,Ensemble
2026-04-25,56,2,wk inc flu hosp,2026-05-09,quantile,0.95,13,Wyoming,Ensemble
2026-04-25,56,2,wk inc flu hosp,2026-05-09,quantile,0.975,17,Wyoming,Ensemble
2026-04-25,56,2,wk inc flu hosp,2026-05-09,quantile,0.99,22,Wyoming,Ensemble
2026-04-25,56,3,wk inc flu hosp,2026-05-16,quantile,0.01,0,Wyoming,Ensemble
2026-04-25,56,3,wk inc flu hosp,2026-05-16,quantile,0.025,0,Wyoming,Ensemble
2026-04-25,56,3,wk inc flu hosp,2026-05-16,quantile,0.05,0,Wyoming,Ensemble
2026-04-25,56,3,wk inc flu hosp,2026-05-16,quantile,0.1,0,Wyoming,Ensemble
2026-04-25,56,3,wk inc flu hosp,2026-05-16,quantile,0.15,0,Wyoming,Ensemble
2026-04-25,56,3,wk inc flu hosp,2026-05-16,quantile,0.2,0,Wyoming,Ensemble
2026-04-25,56,3,wk inc flu hosp,2026-05-16,quantile,0.25,1,Wyoming,Ensemble
2026-04-25,56,3,wk inc flu hosp,2026-05-16,quantile,0.3,1,Wyoming,Ensemble
2026-04-25,56,3,wk inc flu hosp,2026-05-16,quantile,0.35,1,Wyoming,Ensemble
2026-04-25,56,3,wk inc flu hosp,2026-05-16,quantile,0.4,1,Wyoming,Ensemble
2026-04-25,56,3,wk inc flu hosp,2026-05-16,quantile,0.45,2,Wyoming,Ensemble
2026-04-25,56,3,wk inc flu hosp,2026-05-16,quantile,0.5,3,Wyoming,Ensemble
2026-04-25,56,3,wk inc flu hosp,2026-05-16,quantile,0.55,3,Wyoming,Ensemble
2026-04-25,56,3,wk inc flu hosp,2026-05-16,quantile,0.6,4,Wyoming,Ensemble
2026-04-25,56,3,wk inc flu hosp,2026-05-16,quantile,0.65,4,Wyoming,Ensemble
2026-04-25,56,3,wk inc flu hosp,2026-05-16,quantile,0.7,5,Wyoming,Ensemble
2026-04-25,56,3,wk inc flu hosp,2026-05-16,quantile,0.75,5,Wyoming,Ensemble
2026-04-25,56,3,wk inc flu hosp,2026-05-16,quantile,0.8,6,Wyoming,Ensemble
2026-04-25,56,3,wk inc flu hosp,2026-05-16,quantile,0.85,7,Wyoming,Ensemble
2026-04-25,56,3,wk inc flu hosp,2026-05-16,quantile,0.9,9,Wyoming,Ensemble
2026-04-25,56,3,wk inc flu hosp,2026-05-16,quantile,0.95,13,Wyoming,Ensemble
2026-04-25,56,3,wk inc flu hosp,2026-05-16,quantile,0.975,17,Wyoming,Ensemble
2026-04-25,56,3,wk inc flu hosp,2026-05-16,quantile,0.99,25,Wyoming,Ensemble
2026-04-25,72,0,wk inc flu hosp,2026-04-25,quantile,0.01,24,Puerto Rico,Ensemble
2026-04-25,72,0,wk inc flu hosp,2026-04-25,quantile,0.025,29,Puerto Rico,Ensemble
2026-04-25,72,0,wk inc flu hosp,2026-04-25,quantile,0.05,35,Puerto Rico,Ensemble
2026-04-25,72,0,wk inc flu hosp,2026-04-25,quantile,0.1,41,Puerto Rico,Ensemble
2026-04-25,72,0,wk inc flu hosp,2026-04-25,quantile,0.15,46,Puerto Rico,Ensemble
2026-04-25,72,0,wk inc flu hosp,2026-04-25,quantile,0.2,50,Puerto Rico,Ensemble
2026-04-25,72,0,wk inc flu hosp,2026-04-25,quantile,0.25,54,Puerto Rico,Ensemble
2026-04-25,72,0,wk inc flu hosp,2026-04-25,quantile,0.3,57,Puerto Rico,Ensemble
2026-04-25,72,0,wk inc flu hosp,2026-04-25,quantile,0.35,61,Puerto Rico,Ensemble
2026-04-25,72,0,wk inc flu hosp,2026-04-25,quantile,0.4,64,Puerto Rico,Ensemble
2026-04-25,72,0,wk inc flu hosp,2026-04-25,quantile,0.45,68,Puerto Rico,Ensemble
2026-04-25,72,0,wk inc flu hosp,2026-04-25,quantile,0.5,73,Puerto Rico,Ensemble
2026-04-25,72,0,wk inc flu hosp,2026-04-25,quantile,0.55,77,Puerto Rico,Ensemble
2026-04-25,72,0,wk inc flu hosp,2026-04-25,quantile,0.6,81,Puerto Rico,Ensemble
2026-04-25,72,0,wk inc flu hosp,2026-04-25,quantile,0.65,86,Puerto Rico,Ensemble
2026-04-25,72,0,wk inc flu hosp,2026-04-25,quantile,0.7,91,Puerto Rico,Ensemble
2026-04-25,72,0,wk inc flu hosp,2026-04-25,quantile,0.75,97,Puerto Rico,Ensemble
2026-04-25,72,0,wk inc flu hosp,2026-04-25,quantile,0.8,104,Puerto Rico,Ensemble
2026-04-25,72,0,wk inc flu hosp,2026-04-25,quantile,0.85,113,Puerto Rico,Ensemble
2026-04-25,72,0,wk inc flu hosp,2026-04-25,quantile,0.9,123,Puerto Rico,Ensemble
2026-04-25,72,0,wk inc flu hosp,2026-04-25,quantile,0.95,140,Puerto Rico,Ensemble
2026-04-25,72,0,wk inc flu hosp,2026-04-25,quantile,0.975,156,Puerto Rico,Ensemble
2026-04-25,72,0,wk inc flu hosp,2026-04-25,quantile,0.99,177,Puerto Rico,Ensemble
2026-04-25,72,1,wk inc flu hosp,2026-05-02,quantile,0.01,18,Puerto Rico,Ensemble
2026-04-25,72,1,wk inc flu hosp,2026-05-02,quantile,0.025,21,Puerto Rico,Ensemble
2026-04-25,72,1,wk inc flu hosp,2026-05-02,quantile,0.05,26,Puerto Rico,Ensemble
2026-04-25,72,1,wk inc flu hosp,2026-05-02,quantile,0.1,32,Puerto Rico,Ensemble
2026-04-25,72,1,wk inc flu hosp,2026-05-02,quantile,0.15,37,Puerto Rico,Ensemble
2026-04-25,72,1,wk inc flu hosp,2026-05-02,quantile,0.2,41,Puerto Rico,Ensemble
2026-04-25,72,1,wk inc flu hosp,2026-05-02,quantile,0.25,45,Puerto Rico,Ensemble
2026-04-25,72,1,wk inc flu hosp,2026-05-02,quantile,0.3,48,Puerto Rico,Ensemble
2026-04-25,72,1,wk inc flu hosp,2026-05-02,quantile,0.35,52,Puerto Rico,Ensemble
2026-04-25,72,1,wk inc flu hosp,2026-05-02,quantile,0.4,56,Puerto Rico,Ensemble
2026-04-25,72,1,wk inc flu hosp,2026-05-02,quantile,0.45,60,Puerto Rico,Ensemble
2026-04-25,72,1,wk inc flu hosp,2026-05-02,quantile,0.5,65,Puerto Rico,Ensemble
2026-04-25,72,1,wk inc flu hosp,2026-05-02,quantile,0.55,69,Puerto Rico,Ensemble
2026-04-25,72,1,wk inc flu hosp,2026-05-02,quantile,0.6,74,Puerto Rico,Ensemble
2026-04-25,72,1,wk inc flu hosp,2026-05-02,quantile,0.65,80,Puerto Rico,Ensemble
2026-04-25,72,1,wk inc flu hosp,2026-05-02,quantile,0.7,86,Puerto Rico,Ensemble
2026-04-25,72,1,wk inc flu hosp,2026-05-02,quantile,0.75,92,Puerto Rico,Ensemble
2026-04-25,72,1,wk inc flu hosp,2026-05-02,quantile,0.8,100,Puerto Rico,Ensemble
2026-04-25,72,1,wk inc flu hosp,2026-05-02,quantile,0.85,111,Puerto Rico,Ensemble
2026-04-25,72,1,wk inc flu hosp,2026-05-02,quantile,0.9,125,Puerto Rico,Ensemble
2026-04-25,72,1,wk inc flu hosp,2026-05-02,quantile,0.95,150,Puerto Rico,Ensemble
2026-04-25,72,1,wk inc flu hosp,2026-05-02,quantile,0.975,175,Puerto Rico,Ensemble
2026-04-25,72,1,wk inc flu hosp,2026-05-02,quantile,0.99,208,Puerto Rico,Ensemble
2026-04-25,72,2,wk inc flu hosp,2026-05-09,quantile,0.01,15,Puerto Rico,Ensemble
2026-04-25,72,2,wk inc flu hosp,2026-05-09,quantile,0.025,18,Puerto Rico,Ensemble
2026-04-25,72,2,wk inc flu hosp,2026-05-09,quantile,0.05,22,Puerto Rico,Ensemble
2026-04-25,72,2,wk inc flu hosp,2026-05-09,quantile,0.1,27,Puerto Rico,Ensemble
2026-04-25,72,2,wk inc flu hosp,2026-05-09,quantile,0.15,31,Puerto Rico,Ensemble
2026-04-25,72,2,wk inc flu hosp,2026-05-09,quantile,0.2,35,Puerto Rico,Ensemble
2026-04-25,72,2,wk inc flu hosp,2026-05-09,quantile,0.25,39,Puerto Rico,Ensemble
2026-04-25,72,2,wk inc flu hosp,2026-05-09,quantile,0.3,42,Puerto Rico,Ensemble
2026-04-25,72,2,wk inc flu hosp,2026-05-09,quantile,0.35,46,Puerto Rico,Ensemble
2026-04-25,72,2,wk inc flu hosp,2026-05-09,quantile,0.4,50,Puerto Rico,Ensemble
2026-04-25,72,2,wk inc flu hosp,2026-05-09,quantile,0.45,53,Puerto Rico,Ensemble
2026-04-25,72,2,wk inc flu hosp,2026-05-09,quantile,0.5,59,Puerto Rico,Ensemble
2026-04-25,72,2,wk inc flu hosp,2026-05-09,quantile,0.55,64,Puerto Rico,Ensemble
2026-04-25,72,2,wk inc flu hosp,2026-05-09,quantile,0.6,69,Puerto Rico,Ensemble
2026-04-25,72,2,wk inc flu hosp,2026-05-09,quantile,0.65,74,Puerto Rico,Ensemble
2026-04-25,72,2,wk inc flu hosp,2026-05-09,quantile,0.7,81,Puerto Rico,Ensemble
2026-04-25,72,2,wk inc flu hosp,2026-05-09,quantile,0.75,88,Puerto Rico,Ensemble
2026-04-25,72,2,wk inc flu hosp,2026-05-09,quantile,0.8,97,Puerto Rico,Ensemble
2026-04-25,72,2,wk inc flu hosp,2026-05-09,quantile,0.85,109,Puerto Rico,Ensemble
2026-04-25,72,2,wk inc flu hosp,2026-05-09,quantile,0.9,127,Puerto Rico,Ensemble
2026-04-25,72,2,wk inc flu hosp,2026-05-09,quantile,0.95,163,Puerto Rico,Ensemble
2026-04-25,72,2,wk inc flu hosp,2026-05-09,quantile,0.975,195,Puerto Rico,Ensemble
2026-04-25,72,2,wk inc flu hosp,2026-05-09,quantile,0.99,237,Puerto Rico,Ensemble
2026-04-25,72,3,wk inc flu hosp,2026-05-16,quantile,0.01,12,Puerto Rico,Ensemble
2026-04-25,72,3,wk inc flu hosp,2026-05-16,quantile,0.025,15,Puerto Rico,Ensemble
2026-04-25,72,3,wk inc flu hosp,2026-05-16,quantile,0.05,19,Puerto Rico,Ensemble
2026-04-25,72,3,wk inc flu hosp,2026-05-16,quantile,0.1,23,Puerto Rico,Ensemble
2026-04-25,72,3,wk inc flu hosp,2026-05-16,quantile,0.15,28,Puerto Rico,Ensemble
2026-04-25,72,3,wk inc flu hosp,2026-05-16,quantile,0.2,31,Puerto Rico,Ensemble
2026-04-25,72,3,wk inc flu hosp,2026-05-16,quantile,0.25,35,Puerto Rico,Ensemble
2026-04-25,72,3,wk inc flu hosp,2026-05-16,quantile,0.3,38,Puerto Rico,Ensemble
2026-04-25,72,3,wk inc flu hosp,2026-05-16,quantile,0.35,42,Puerto Rico,Ensemble
2026-04-25,72,3,wk inc flu hosp,2026-05-16,quantile,0.4,46,Puerto Rico,Ensemble
2026-04-25,72,3,wk inc flu hosp,2026-05-16,quantile,0.45,49,Puerto Rico,Ensemble
2026-04-25,72,3,wk inc flu hosp,2026-05-16,quantile,0.5,55,Puerto Rico,Ensemble
2026-04-25,72,3,wk inc flu hosp,2026-05-16,quantile,0.55,60,Puerto Rico,Ensemble
2026-04-25,72,3,wk inc flu hosp,2026-05-16,quantile,0.6,65,Puerto Rico,Ensemble
2026-04-25,72,3,wk inc flu hosp,2026-05-16,quantile,0.65,71,Puerto Rico,Ensemble
2026-04-25,72,3,wk inc flu hosp,2026-05-16,quantile,0.7,78,Puerto Rico,Ensemble
2026-04-25,72,3,wk inc flu hosp,2026-05-16,quantile,0.75,85,Puerto Rico,Ensemble
2026-04-25,72,3,wk inc flu hosp,2026-05-16,quantile,0.8,95,Puerto Rico,Ensemble
2026-04-25,72,3,wk inc flu hosp,2026-05-16,quantile,0.85,108,Puerto Rico,Ensemble
2026-04-25,72,3,wk inc flu hosp,2026-05-16,quantile,0.9,128,Puerto Rico,Ensemble
2026-04-25,72,3,wk inc flu hosp,2026-05-16,quantile,0.95,173,Puerto Rico,Ensemble
2026-04-25,72,3,wk inc flu hosp,2026-05-16,quantile,0.975,212,Puerto Rico,Ensemble
2026-04-25,72,3,wk inc flu hosp,2026-05-16,quantile,0.99,259,Puerto Rico,Ensemble
2026-04-25,US,0,wk inc flu hosp,2026-04-25,quantile,0.01,605,US,Ensemble
2026-04-25,US,0,wk inc flu hosp,2026-04-25,quantile,0.025,702,US,Ensemble
2026-04-25,US,0,wk inc flu hosp,2026-04-25,quantile,0.05,802,US,Ensemble
2026-04-25,US,0,wk inc flu hosp,2026-04-25,quantile,0.1,927,US,Ensemble
2026-04-25,US,0,wk inc flu hosp,2026-04-25,quantile,0.15,1017,US,Ensemble
2026-04-25,US,0,wk inc flu hosp,2026-04-25,quantile,0.2,1091,US,Ensemble
2026-04-25,US,0,wk inc flu hosp,2026-04-25,quantile,0.25,1154,US,Ensemble
2026-04-25,US,0,wk inc flu hosp,2026-04-25,quantile,0.3,1213,US,Ensemble
2026-04-25,US,0,wk inc flu hosp,2026-04-25,quantile,0.35,1266,US,Ensemble
2026-04-25,US,0,wk inc flu hosp,2026-04-25,quantile,0.4,1322,US,Ensemble
2026-04-25,US,0,wk inc flu hosp,2026-04-25,quantile,0.45,1374,US,Ensemble
2026-04-25,US,0,wk inc flu hosp,2026-04-25,quantile,0.5,1427,US,Ensemble
2026-04-25,US,0,wk inc flu hosp,2026-04-25,quantile,0.55,1478,US,Ensemble
2026-04-25,US,0,wk inc flu hosp,2026-04-25,quantile,0.6,1534,US,Ensemble
2026-04-25,US,0,wk inc flu hosp,2026-04-25,quantile,0.65,1596,US,Ensemble
2026-04-25,US,0,wk inc flu hosp,2026-04-25,quantile,0.7,1665,US,Ensemble
2026-04-25,US,0,wk inc flu hosp,2026-04-25,quantile,0.75,1741,US,Ensemble
2026-04-25,US,0,wk inc flu hosp,2026-04-25,quantile,0.8,1834,US,Ensemble
2026-04-25,US,0,wk inc flu hosp,2026-04-25,quantile,0.85,1951,US,Ensemble
2026-04-25,US,0,wk inc flu hosp,2026-04-25,quantile,0.9,2101,US,Ensemble
2026-04-25,US,0,wk inc flu hosp,2026-04-25,quantile,0.95,2356,US,Ensemble
2026-04-25,US,0,wk inc flu hosp,2026-04-25,quantile,0.975,2622,US,Ensemble
2026-04-25,US,0,wk inc flu hosp,2026-04-25,quantile,0.99,2959,US,Ensemble
2026-04-25,US,1,wk inc flu hosp,2026-05-02,quantile,0.01,371,US,Ensemble
2026-04-25,US,1,wk inc flu hosp,2026-05-02,quantile,0.025,466,US,Ensemble
2026-04-25,US,1,wk inc flu hosp,2026-05-02,quantile,0.05,548,US,Ensemble
2026-04-25,US,1,wk inc flu hosp,2026-05-02,quantile,0.1,656,US,Ensemble
2026-04-25,US,1,wk inc flu hosp,2026-05-02,quantile,0.15,739,US,Ensemble
2026-04-25,US,1,wk inc flu hosp,2026-05-02,quantile,0.2,825,US,Ensemble
2026-04-25,US,1,wk inc flu hosp,2026-05-02,quantile,0.25,894,US,Ensemble
2026-04-25,US,1,wk inc flu hosp,2026-05-02,quantile,0.3,957,US,Ensemble
2026-04-25,US,1,wk inc flu hosp,2026-05-02,quantile,0.35,1017,US,Ensemble
2026-04-25,US,1,wk inc flu hosp,2026-05-02,quantile,0.4,1073,US,Ensemble
2026-04-25,US,1,wk inc flu hosp,2026-05-02,quantile,0.45,1129,US,Ensemble
2026-04-25,US,1,wk inc flu hosp,2026-05-02,quantile,0.5,1184,US,Ensemble
2026-04-25,US,1,wk inc flu hosp,2026-05-02,quantile,0.55,1246,US,Ensemble
2026-04-25,US,1,wk inc flu hosp,2026-05-02,quantile,0.6,1309,US,Ensemble
2026-04-25,US,1,wk inc flu hosp,2026-05-02,quantile,0.65,1380,US,Ensemble
2026-04-25,US,1,wk inc flu hosp,2026-05-02,quantile,0.7,1459,US,Ensemble
2026-04-25,US,1,wk inc flu hosp,2026-05-02,quantile,0.75,1552,US,Ensemble
2026-04-25,US,1,wk inc flu hosp,2026-05-02,quantile,0.8,1659,US,Ensemble
2026-04-25,US,1,wk inc flu hosp,2026-05-02,quantile,0.85,1800,US,Ensemble
2026-04-25,US,1,wk inc flu hosp,2026-05-02,quantile,0.9,1996,US,Ensemble
2026-04-25,US,1,wk inc flu hosp,2026-05-02,quantile,0.95,2341,US,Ensemble
2026-04-25,US,1,wk inc flu hosp,2026-05-02,quantile,0.975,2705,US,Ensemble
2026-04-25,US,1,wk inc flu hosp,2026-05-02,quantile,0.99,3206,US,Ensemble
2026-04-25,US,2,wk inc flu hosp,2026-05-09,quantile,0.01,235,US,Ensemble
2026-04-25,US,2,wk inc flu hosp,2026-05-09,quantile,0.025,311,US,Ensemble
2026-04-25,US,2,wk inc flu hosp,2026-05-09,quantile,0.05,389,US,Ensemble
2026-04-25,US,2,wk inc flu hosp,2026-05-09,quantile,0.1,482,US,Ensemble
2026-04-25,US,2,wk inc flu hosp,2026-05-09,quantile,0.15,564,US,Ensemble
2026-04-25,US,2,wk inc flu hosp,2026-05-09,quantile,0.2,641,US,Ensemble
2026-04-25,US,2,wk inc flu hosp,2026-05-09,quantile,0.25,703,US,Ensemble
2026-04-25,US,2,wk inc flu hosp,2026-05-09,quantile,0.3,757,US,Ensemble
2026-04-25,US,2,wk inc flu hosp,2026-05-09,quantile,0.35,817,US,Ensemble
2026-04-25,US,2,wk inc flu hosp,2026-05-09,quantile,0.4,881,US,Ensemble
2026-04-25,US,2,wk inc flu hosp,2026-05-09,quantile,0.45,950,US,Ensemble
2026-04-25,US,2,wk inc flu hosp,2026-05-09,quantile,0.5,1020,US,Ensemble
2026-04-25,US,2,wk inc flu hosp,2026-05-09,quantile,0.55,1093,US,Ensemble
2026-04-25,US,2,wk inc flu hosp,2026-05-09,quantile,0.6,1171,US,Ensemble
2026-04-25,US,2,wk inc flu hosp,2026-05-09,quantile,0.65,1257,US,Ensemble
2026-04-25,US,2,wk inc flu hosp,2026-05-09,quantile,0.7,1352,US,Ensemble
2026-04-25,US,2,wk inc flu hosp,2026-05-09,quantile,0.75,1466,US,Ensemble
2026-04-25,US,2,wk inc flu hosp,2026-05-09,quantile,0.8,1602,US,Ensemble
2026-04-25,US,2,wk inc flu hosp,2026-05-09,quantile,0.85,1784,US,Ensemble
2026-04-25,US,2,wk inc flu hosp,2026-05-09,quantile,0.9,2060,US,Ensemble
2026-04-25,US,2,wk inc flu hosp,2026-05-09,quantile,0.95,2550,US,Ensemble
2026-04-25,US,2,wk inc flu hosp,2026-05-09,quantile,0.975,3056,US,Ensemble
2026-04-25,US,2,wk inc flu hosp,2026-05-09,quantile,0.99,3731,US,Ensemble
2026-04-25,US,3,wk inc flu hosp,2026-05-16,quantile,0.01,186,US,Ensemble
2026-04-25,US,3,wk inc flu hosp,2026-05-16,quantile,0.025,226,US,Ensemble
2026-04-25,US,3,wk inc flu hosp,2026-05-16,quantile,0.05,302,US,Ensemble
2026-04-25,US,3,wk inc flu hosp,2026-05-16,quantile,0.1,394,US,Ensemble
2026-04-25,US,3,wk inc flu hosp,2026-05-16,quantile,0.15,471,US,Ensemble
2026-04-25,US,3,wk inc flu hosp,2026-05-16,quantile,0.2,540,US,Ensemble
2026-04-25,US,3,wk inc flu hosp,2026-05-16,quantile,0.25,598,US,Ensemble
2026-04-25,US,3,wk inc flu hosp,2026-05-16,quantile,0.3,648,US,Ensemble
2026-04-25,US,3,wk inc flu hosp,2026-05-16,quantile,0.35,696,US,Ensemble
2026-04-25,US,3,wk inc flu hosp,2026-05-16,quantile,0.4,741,US,Ensemble
2026-04-25,US,3,wk inc flu hosp,2026-05-16,quantile,0.45,792,US,Ensemble
2026-04-25,US,3,wk inc flu hosp,2026-05-16,quantile,0.5,856,US,Ensemble
2026-04-25,US,3,wk inc flu hosp,2026-05-16,quantile,0.55,921,US,Ensemble
2026-04-25,US,3,wk inc flu hosp,2026-05-16,quantile,0.6,997,US,Ensemble
2026-04-25,US,3,wk inc flu hosp,2026-05-16,quantile,0.65,1076,US,Ensemble
2026-04-25,US,3,wk inc flu hosp,2026-05-16,quantile,0.7,1167,US,Ensemble
2026-04-25,US,3,wk inc flu hosp,2026-05-16,quantile,0.75,1283,US,Ensemble
2026-04-25,US,3,wk inc flu hosp,2026-05-16,quantile,0.8,1431,US,Ensemble
2026-04-25,US,3,wk inc flu hosp,2026-05-16,quantile,0.85,1658,US,Ensemble
2026-04-25,US,3,wk inc flu hosp,2026-05-16,quantile,0.9,1975,US,Ensemble
2026-04-25,US,3,wk inc flu hosp,2026-05-16,quantile,0.95,2545,US,Ensemble
2026-04-25,US,3,wk inc flu hosp,2026-05-16,quantile,0.975,3111,US,Ensemble
2026-04-25,US,3,wk inc flu hosp,2026-05-16,quantile,0.99,3889,US,Ensemble
