reference_date,location,horizon,target,target_end_date,output_type,output_type_id,value,location_name,model_id
2026-05-02,01,0,wk inc flu hosp,2026-05-02,quantile,0.01,5,Alabama,Ensemble
2026-05-02,01,0,wk inc flu hosp,2026-05-02,quantile,0.025,7,Alabama,Ensemble
2026-05-02,01,0,wk inc flu hosp,2026-05-02,quantile,0.05,9,Alabama,Ensemble
2026-05-02,01,0,wk inc flu hosp,2026-05-02,quantile,0.1,11,Alabama,Ensemble
2026-05-02,01,0,wk inc flu hosp,2026-05-02,quantile,0.15,12,Alabama,Ensemble
2026-05-02,01,0,wk inc flu hosp,2026-05-02,quantile,0.2,13,Alabama,Ensemble
2026-05-02,01,0,wk inc flu hosp,2026-05-02,quantile,0.25,15,Alabama,Ensemble
2026-05-02,01,0,wk inc flu hosp,2026-05-02,quantile,0.3,16,Alabama,Ensemble
2026-05-02,01,0,wk inc flu hosp,2026-05-02,quantile,0.35,17,Alabama,Ensemble
2026-05-02,01,0,wk inc flu hosp,2026-05-02,quantile,0.4,19,Alabama,Ensemble
2026-05-02,01,0,wk inc flu hosp,2026-05-02,quantile,0.45,20,Alabama,Ensemble
2026-05-02,01,0,wk inc flu hosp,2026-05-02,quantile,0.5,22,Alabama,Ensemble
2026-05-02,01,0,wk inc flu hosp,2026-05-02,quantile,0.55,23,Alabama,Ensemble
2026-05-02,01,0,wk inc flu hosp,2026-05-02,quantile,0.6,25,Alabama,Ensemble
2026-05-02,01,0,wk inc flu hosp,2026-05-02,quantile,0.65,26,Alabama,Ensemble
2026-05-02,01,0,wk inc flu hosp,2026-05-02,quantile,0.7,28,Alabama,Ensemble
2026-05-02,01,0,wk inc flu hosp,2026-05-02,quantile,0.75,29,Alabama,Ensemble
2026-05-02,01,0,wk inc flu hosp,2026-05-02,quantile,0.8,31,Alabama,Ensemble
2026-05-02,01,0,wk inc flu hosp,2026-05-02,quantile,0.85,33,Alabama,Ensemble
2026-05-02,01,0,wk inc flu hosp,2026-05-02,quantile,0.9,37,Alabama,Ensemble
2026-05-02,01,0,wk inc flu hosp,2026-05-02,quantile,0.95,42,Alabama,Ensemble
2026-05-02,01,0,wk inc flu hosp,2026-05-02,quantile,0.975,47,Alabama,Ensemble
2026-05-02,01,0,wk inc flu hosp,2026-05-02,quantile,0.99,55,Alabama,Ensemble
2026-05-02,01,1,wk inc flu hosp,2026-05-09,quantile,0.01,3,Alabama,Ensemble
2026-05-02,01,1,wk inc flu hosp,2026-05-09,quantile,0.025,4,Alabama,Ensemble
2026-05-02,01,1,wk inc flu hosp,2026-05-09,quantile,0.05,6,Alabama,Ensemble
2026-05-02,01,1,wk inc flu hosp,2026-05-09,quantile,0.1,7,Alabama,Ensemble
2026-05-02,01,1,wk inc flu hosp,2026-05-09,quantile,0.15,9,Alabama,Ensemble
2026-05-02,01,1,wk inc flu hosp,2026-05-09,quantile,0.2,10,Alabama,Ensemble
2026-05-02,01,1,wk inc flu hosp,2026-05-09,quantile,0.25,11,Alabama,Ensemble
2026-05-02,01,1,wk inc flu hosp,2026-05-09,quantile,0.3,12,Alabama,Ensemble
2026-05-02,01,1,wk inc flu hosp,2026-05-09,quantile,0.35,14,Alabama,Ensemble
2026-05-02,01,1,wk inc flu hosp,2026-05-09,quantile,0.4,15,Alabama,Ensemble
2026-05-02,01,1,wk inc flu hosp,2026-05-09,quantile,0.45,16,Alabama,Ensemble
2026-05-02,01,1,wk inc flu hosp,2026-05-09,quantile,0.5,19,Alabama,Ensemble
2026-05-02,01,1,wk inc flu hosp,2026-05-09,quantile,0.55,20,Alabama,Ensemble
2026-05-02,01,1,wk inc flu hosp,2026-05-09,quantile,0.6,22,Alabama,Ensemble
2026-05-02,01,1,wk inc flu hosp,2026-05-09,quantile,0.65,23,Alabama,Ensemble
2026-05-02,01,1,wk inc flu hosp,2026-05-09,quantile,0.7,25,Alabama,Ensemble
2026-05-02,01,1,wk inc flu hosp,2026-05-09,quantile,0.75,27,Alabama,Ensemble
2026-05-02,01,1,wk inc flu hosp,2026-05-09,quantile,0.8,30,Alabama,Ensemble
2026-05-02,01,1,wk inc flu hosp,2026-05-09,quantile,0.85,33,Alabama,Ensemble
2026-05-02,01,1,wk inc flu hosp,2026-05-09,quantile,0.9,37,Alabama,Ensemble
2026-05-02,01,1,wk inc flu hosp,2026-05-09,quantile,0.95,44,Alabama,Ensemble
2026-05-02,01,1,wk inc flu hosp,2026-05-09,quantile,0.975,51,Alabama,Ensemble
2026-05-02,01,1,wk inc flu hosp,2026-05-09,quantile,0.99,62,Alabama,Ensemble
2026-05-02,01,2,wk inc flu hosp,2026-05-16,quantile,0.01,2,Alabama,Ensemble
2026-05-02,01,2,wk inc flu hosp,2026-05-16,quantile,0.025,3,Alabama,Ensemble
2026-05-02,01,2,wk inc flu hosp,2026-05-16,quantile,0.05,4,Alabama,Ensemble
2026-05-02,01,2,wk inc flu hosp,2026-05-16,quantile,0.1,6,Alabama,Ensemble
2026-05-02,01,2,wk inc flu hosp,2026-05-16,quantile,0.15,8,Alabama,Ensemble
2026-05-02,01,2,wk inc flu hosp,2026-05-16,quantile,0.2,9,Alabama,Ensemble
2026-05-02,01,2,wk inc flu hosp,2026-05-16,quantile,0.25,10,Alabama,Ensemble
2026-05-02,01,2,wk inc flu hosp,2026-05-16,quantile,0.3,11,Alabama,Ensemble
2026-05-02,01,2,wk inc flu hosp,2026-05-16,quantile,0.35,12,Alabama,Ensemble
2026-05-02,01,2,wk inc flu hosp,2026-05-16,quantile,0.4,13,Alabama,Ensemble
2026-05-02,01,2,wk inc flu hosp,2026-05-16,quantile,0.45,15,Alabama,Ensemble
2026-05-02,01,2,wk inc flu hosp,2026-05-16,quantile,0.5,17,Alabama,Ensemble
2026-05-02,01,2,wk inc flu hosp,2026-05-16,quantile,0.55,18,Alabama,Ensemble
2026-05-02,01,2,wk inc flu hosp,2026-05-16,quantile,0.6,20,Alabama,Ensemble
2026-05-02,01,2,wk inc flu hosp,2026-05-16,quantile,0.65,22,Alabama,Ensemble
2026-05-02,01,2,wk inc flu hosp,2026-05-16,quantile,0.7,24,Alabama,Ensemble
2026-05-02,01,2,wk inc flu hosp,2026-05-16,quantile,0.75,26,Alabama,Ensemble
2026-05-02,01,2,wk inc flu hosp,2026-05-16,quantile,0.8,29,Alabama,Ensemble
2026-05-02,01,2,wk inc flu hosp,2026-05-16,quantile,0.85,33,Alabama,Ensemble
2026-05-02,01,2,wk inc flu hosp,2026-05-16,quantile,0.9,38,Alabama,Ensemble
2026-05-02,01,2,wk inc flu hosp,2026-05-16,quantile,0.95,47,Alabama,Ensemble
2026-05-02,01,2,wk inc flu hosp,2026-05-16,quantile,0.975,56,Alabama,Ensemble
2026-05-02,01,2,wk inc flu hosp,2026-05-16,quantile,0.99,69,Alabama,Ensemble
2026-05-02,01,3,wk inc flu hosp,2026-05-23,quantile,0.01,2,Alabama,Ensemble
2026-05-02,01,3,wk inc flu hosp,2026-05-23,quantile,0.025,3,Alabama,Ensemble
2026-05-02,01,3,wk inc flu hosp,2026-05-23,quantile,0.05,3,Alabama,Ensemble
2026-05-02,01,3,wk inc flu hosp,2026-05-23,quantile,0.1,5,Alabama,Ensemble
2026-05-02,01,3,wk inc flu hosp,2026-05-23,quantile,0.15,6,Alabama,Ensemble
2026-05-02,01,3,wk inc flu hosp,2026-05-23,quantile,0.2,7,Alabama,Ensemble
2026-05-02,01,3,wk inc flu hosp,2026-05-23,quantile,0.25,8,Alabama,Ensemble
2026-05-02,01,3,wk inc flu hosp,2026-05-23,quantile,0.3,9,Alabama,Ensemble
2026-05-02,01,3,wk inc flu hosp,2026-05-23,quantile,0.35,10,Alabama,Ensemble
2026-05-02,01,3,wk inc flu hosp,2026-05-23,quantile,0.4,11,Alabama,Ensemble
2026-05-02,01,3,wk inc flu hosp,2026-05-23,quantile,0.45,12,Alabama,Ensemble
2026-05-02,01,3,wk inc flu hosp,2026-05-23,quantile,0.5,15,Alabama,Ensemble
2026-05-02,01,3,wk inc flu hosp,2026-05-23,quantile,0.55,16,Alabama,Ensemble
2026-05-02,01,3,wk inc flu hosp,2026-05-23,quantile,0.6,18,Alabama,Ensemble
2026-05-02,01,3,wk inc flu hosp,2026-05-23,quantile,0.65,20,Alabama,Ensemble
2026-05-02,01,3,wk inc flu hosp,2026-05-23,quantile,0.7,22,Alabama,Ensemble
2026-05-02,01,3,wk inc flu hosp,2026-05-23,quantile,0.75,25,Alabama,Ensemble
2026-05-02,01,3,wk inc flu hosp,2026-05-23,quantile,0.8,28,Alabama,Ensemble
2026-05-02,01,3,wk inc flu hosp,2026-05-23,quantile,0.85,32,Alabama,Ensemble
2026-05-02,01,3,wk inc flu hosp,2026-05-23,quantile,0.9,38,Alabama,Ensemble
2026-05-02,01,3,wk inc flu hosp,2026-05-23,quantile,0.95,48,Alabama,Ensemble
2026-05-02,01,3,wk inc flu hosp,2026-05-23,quantile,0.975,60,Alabama,Ensemble
2026-05-02,01,3,wk inc flu hosp,2026-05-23,quantile,0.99,78,Alabama,Ensemble
2026-05-02,02,0,wk inc flu hosp,2026-05-02,quantile,0.01,0,Alaska,Ensemble
2026-05-02,02,0,wk inc flu hosp,2026-05-02,quantile,0.025,0,Alaska,Ensemble
2026-05-02,02,0,wk inc flu hosp,2026-05-02,quantile,0.05,1,Alaska,Ensemble
2026-05-02,02,0,wk inc flu hosp,2026-05-02,quantile,0.1,1,Alaska,Ensemble
2026-05-02,02,0,wk inc flu hosp,2026-05-02,quantile,0.15,2,Alaska,Ensemble
2026-05-02,02,0,wk inc flu hosp,2026-05-02,quantile,0.2,2,Alaska,Ensemble
2026-05-02,02,0,wk inc flu hosp,2026-05-02,quantile,0.25,2,Alaska,Ensemble
2026-05-02,02,0,wk inc flu hosp,2026-05-02,quantile,0.3,3,Alaska,Ensemble
2026-05-02,02,0,wk inc flu hosp,2026-05-02,quantile,0.35,3,Alaska,Ensemble
2026-05-02,02,0,wk inc flu hosp,2026-05-02,quantile,0.4,3,Alaska,Ensemble
2026-05-02,02,0,wk inc flu hosp,2026-05-02,quantile,0.45,3,Alaska,Ensemble
2026-05-02,02,0,wk inc flu hosp,2026-05-02,quantile,0.5,5,Alaska,Ensemble
2026-05-02,02,0,wk inc flu hosp,2026-05-02,quantile,0.55,5,Alaska,Ensemble
2026-05-02,02,0,wk inc flu hosp,2026-05-02,quantile,0.6,5,Alaska,Ensemble
2026-05-02,02,0,wk inc flu hosp,2026-05-02,quantile,0.65,6,Alaska,Ensemble
2026-05-02,02,0,wk inc flu hosp,2026-05-02,quantile,0.7,6,Alaska,Ensemble
2026-05-02,02,0,wk inc flu hosp,2026-05-02,quantile,0.75,7,Alaska,Ensemble
2026-05-02,02,0,wk inc flu hosp,2026-05-02,quantile,0.8,7,Alaska,Ensemble
2026-05-02,02,0,wk inc flu hosp,2026-05-02,quantile,0.85,8,Alaska,Ensemble
2026-05-02,02,0,wk inc flu hosp,2026-05-02,quantile,0.9,9,Alaska,Ensemble
2026-05-02,02,0,wk inc flu hosp,2026-05-02,quantile,0.95,11,Alaska,Ensemble
2026-05-02,02,0,wk inc flu hosp,2026-05-02,quantile,0.975,13,Alaska,Ensemble
2026-05-02,02,0,wk inc flu hosp,2026-05-02,quantile,0.99,16,Alaska,Ensemble
2026-05-02,02,1,wk inc flu hosp,2026-05-09,quantile,0.01,0,Alaska,Ensemble
2026-05-02,02,1,wk inc flu hosp,2026-05-09,quantile,0.025,0,Alaska,Ensemble
2026-05-02,02,1,wk inc flu hosp,2026-05-09,quantile,0.05,0,Alaska,Ensemble
2026-05-02,02,1,wk inc flu hosp,2026-05-09,quantile,0.1,1,Alaska,Ensemble
2026-05-02,02,1,wk inc flu hosp,2026-05-09,quantile,0.15,1,Alaska,Ensemble
2026-05-02,02,1,wk inc flu hosp,2026-05-09,quantile,0.2,1,Alaska,Ensemble
2026-05-02,02,1,wk inc flu hosp,2026-05-09,quantile,0.25,2,Alaska,Ensemble
2026-05-02,02,1,wk inc flu hosp,2026-05-09,quantile,0.3,2,Alaska,Ensemble
2026-05-02,02,1,wk inc flu hosp,2026-05-09,quantile,0.35,2,Alaska,Ensemble
2026-05-02,02,1,wk inc flu hosp,2026-05-09,quantile,0.4,3,Alaska,Ensemble
2026-05-02,02,1,wk inc flu hosp,2026-05-09,quantile,0.45,3,Alaska,Ensemble
2026-05-02,02,1,wk inc flu hosp,2026-05-09,quantile,0.5,4,Alaska,Ensemble
2026-05-02,02,1,wk inc flu hosp,2026-05-09,quantile,0.55,5,Alaska,Ensemble
2026-05-02,02,1,wk inc flu hosp,2026-05-09,quantile,0.6,5,Alaska,Ensemble
2026-05-02,02,1,wk inc flu hosp,2026-05-09,quantile,0.65,5,Alaska,Ensemble
2026-05-02,02,1,wk inc flu hosp,2026-05-09,quantile,0.7,6,Alaska,Ensemble
2026-05-02,02,1,wk inc flu hosp,2026-05-09,quantile,0.75,6,Alaska,Ensemble
2026-05-02,02,1,wk inc flu hosp,2026-05-09,quantile,0.8,7,Alaska,Ensemble
2026-05-02,02,1,wk inc flu hosp,2026-05-09,quantile,0.85,8,Alaska,Ensemble
2026-05-02,02,1,wk inc flu hosp,2026-05-09,quantile,0.9,9,Alaska,Ensemble
2026-05-02,02,1,wk inc flu hosp,2026-05-09,quantile,0.95,12,Alaska,Ensemble
2026-05-02,02,1,wk inc flu hosp,2026-05-09,quantile,0.975,14,Alaska,Ensemble
2026-05-02,02,1,wk inc flu hosp,2026-05-09,quantile,0.99,18,Alaska,Ensemble
2026-05-02,02,2,wk inc flu hosp,2026-05-16,quantile,0.01,0,Alaska,Ensemble
2026-05-02,02,2,wk inc flu hosp,2026-05-16,quantile,0.025,0,Alaska,Ensemble
2026-05-02,02,2,wk inc flu hosp,2026-05-16,quantile,0.05,0,Alaska,Ensemble
2026-05-02,02,2,wk inc flu hosp,2026-05-16,quantile,0.1,0,Alaska,Ensemble
2026-05-02,02,2,wk inc flu hosp,2026-05-16,quantile,0.15,1,Alaska,Ensemble
2026-05-02,02,2,wk inc flu hosp,2026-05-16,quantile,0.2,1,Alaska,Ensemble
2026-05-02,02,2,wk inc flu hosp,2026-05-16,quantile,0.25,1,Alaska,Ensemble
2026-05-02,02,2,wk inc flu hosp,2026-05-16,quantile,0.3,2,Alaska,Ensemble
2026-05-02,02,2,wk inc flu hosp,2026-05-16,quantile,0.35,2,Alaska,Ensemble
2026-05-02,02,2,wk inc flu hosp,2026-05-16,quantile,0.4,2,Alaska,Ensemble
2026-05-02,02,2,wk inc flu hosp,2026-05-16,quantile,0.45,3,Alaska,Ensemble
2026-05-02,02,2,wk inc flu hosp,2026-05-16,quantile,0.5,4,Alaska,Ensemble
2026-05-02,02,2,wk inc flu hosp,2026-05-16,quantile,0.55,4,Alaska,Ensemble
2026-05-02,02,2,wk inc flu hosp,2026-05-16,quantile,0.6,5,Alaska,Ensemble
2026-05-02,02,2,wk inc flu hosp,2026-05-16,quantile,0.65,5,Alaska,Ensemble
2026-05-02,02,2,wk inc flu hosp,2026-05-16,quantile,0.7,6,Alaska,Ensemble
2026-05-02,02,2,wk inc flu hosp,2026-05-16,quantile,0.75,6,Alaska,Ensemble
2026-05-02,02,2,wk inc flu hosp,2026-05-16,quantile,0.8,7,Alaska,Ensemble
2026-05-02,02,2,wk inc flu hosp,2026-05-16,quantile,0.85,8,Alaska,Ensemble
2026-05-02,02,2,wk inc flu hosp,2026-05-16,quantile,0.9,9,Alaska,Ensemble
2026-05-02,02,2,wk inc flu hosp,2026-05-16,quantile,0.95,12,Alaska,Ensemble
2026-05-02,02,2,wk inc flu hosp,2026-05-16,quantile,0.975,16,Alaska,Ensemble
2026-05-02,02,2,wk inc flu hosp,2026-05-16,quantile,0.99,20,Alaska,Ensemble
2026-05-02,02,3,wk inc flu hosp,2026-05-23,quantile,0.01,0,Alaska,Ensemble
2026-05-02,02,3,wk inc flu hosp,2026-05-23,quantile,0.025,0,Alaska,Ensemble
2026-05-02,02,3,wk inc flu hosp,2026-05-23,quantile,0.05,0,Alaska,Ensemble
2026-05-02,02,3,wk inc flu hosp,2026-05-23,quantile,0.1,0,Alaska,Ensemble
2026-05-02,02,3,wk inc flu hosp,2026-05-23,quantile,0.15,1,Alaska,Ensemble
2026-05-02,02,3,wk inc flu hosp,2026-05-23,quantile,0.2,1,Alaska,Ensemble
2026-05-02,02,3,wk inc flu hosp,2026-05-23,quantile,0.25,1,Alaska,Ensemble
2026-05-02,02,3,wk inc flu hosp,2026-05-23,quantile,0.3,1,Alaska,Ensemble
2026-05-02,02,3,wk inc flu hosp,2026-05-23,quantile,0.35,2,Alaska,Ensemble
2026-05-02,02,3,wk inc flu hosp,2026-05-23,quantile,0.4,2,Alaska,Ensemble
2026-05-02,02,3,wk inc flu hosp,2026-05-23,quantile,0.45,2,Alaska,Ensemble
2026-05-02,02,3,wk inc flu hosp,2026-05-23,quantile,0.5,4,Alaska,Ensemble
2026-05-02,02,3,wk inc flu hosp,2026-05-23,quantile,0.55,4,Alaska,Ensemble
2026-05-02,02,3,wk inc flu hosp,2026-05-23,quantile,0.6,4,Alaska,Ensemble
2026-05-02,02,3,wk inc flu hosp,2026-05-23,quantile,0.65,5,Alaska,Ensemble
2026-05-02,02,3,wk inc flu hosp,2026-05-23,quantile,0.7,5,Alaska,Ensemble
2026-05-02,02,3,wk inc flu hosp,2026-05-23,quantile,0.75,6,Alaska,Ensemble
2026-05-02,02,3,wk inc flu hosp,2026-05-23,quantile,0.8,7,Alaska,Ensemble
2026-05-02,02,3,wk inc flu hosp,2026-05-23,quantile,0.85,8,Alaska,Ensemble
2026-05-02,02,3,wk inc flu hosp,2026-05-23,quantile,0.9,10,Alaska,Ensemble
2026-05-02,02,3,wk inc flu hosp,2026-05-23,quantile,0.95,13,Alaska,Ensemble
2026-05-02,02,3,wk inc flu hosp,2026-05-23,quantile,0.975,17,Alaska,Ensemble
2026-05-02,02,3,wk inc flu hosp,2026-05-23,quantile,0.99,22,Alaska,Ensemble
2026-05-02,04,0,wk inc flu hosp,2026-05-02,quantile,0.01,21,Arizona,Ensemble
2026-05-02,04,0,wk inc flu hosp,2026-05-02,quantile,0.025,25,Arizona,Ensemble
2026-05-02,04,0,wk inc flu hosp,2026-05-02,quantile,0.05,30,Arizona,Ensemble
2026-05-02,04,0,wk inc flu hosp,2026-05-02,quantile,0.1,34,Arizona,Ensemble
2026-05-02,04,0,wk inc flu hosp,2026-05-02,quantile,0.15,38,Arizona,Ensemble
2026-05-02,04,0,wk inc flu hosp,2026-05-02,quantile,0.2,40,Arizona,Ensemble
2026-05-02,04,0,wk inc flu hosp,2026-05-02,quantile,0.25,43,Arizona,Ensemble
2026-05-02,04,0,wk inc flu hosp,2026-05-02,quantile,0.3,45,Arizona,Ensemble
2026-05-02,04,0,wk inc flu hosp,2026-05-02,quantile,0.35,48,Arizona,Ensemble
2026-05-02,04,0,wk inc flu hosp,2026-05-02,quantile,0.4,50,Arizona,Ensemble
2026-05-02,04,0,wk inc flu hosp,2026-05-02,quantile,0.45,53,Arizona,Ensemble
2026-05-02,04,0,wk inc flu hosp,2026-05-02,quantile,0.5,56,Arizona,Ensemble
2026-05-02,04,0,wk inc flu hosp,2026-05-02,quantile,0.55,59,Arizona,Ensemble
2026-05-02,04,0,wk inc flu hosp,2026-05-02,quantile,0.6,61,Arizona,Ensemble
2026-05-02,04,0,wk inc flu hosp,2026-05-02,quantile,0.65,64,Arizona,Ensemble
2026-05-02,04,0,wk inc flu hosp,2026-05-02,quantile,0.7,67,Arizona,Ensemble
2026-05-02,04,0,wk inc flu hosp,2026-05-02,quantile,0.75,71,Arizona,Ensemble
2026-05-02,04,0,wk inc flu hosp,2026-05-02,quantile,0.8,75,Arizona,Ensemble
2026-05-02,04,0,wk inc flu hosp,2026-05-02,quantile,0.85,81,Arizona,Ensemble
2026-05-02,04,0,wk inc flu hosp,2026-05-02,quantile,0.9,89,Arizona,Ensemble
2026-05-02,04,0,wk inc flu hosp,2026-05-02,quantile,0.95,102,Arizona,Ensemble
2026-05-02,04,0,wk inc flu hosp,2026-05-02,quantile,0.975,117,Arizona,Ensemble
2026-05-02,04,0,wk inc flu hosp,2026-05-02,quantile,0.99,136,Arizona,Ensemble
2026-05-02,04,1,wk inc flu hosp,2026-05-09,quantile,0.01,13,Arizona,Ensemble
2026-05-02,04,1,wk inc flu hosp,2026-05-09,quantile,0.025,16,Arizona,Ensemble
2026-05-02,04,1,wk inc flu hosp,2026-05-09,quantile,0.05,19,Arizona,Ensemble
2026-05-02,04,1,wk inc flu hosp,2026-05-09,quantile,0.1,24,Arizona,Ensemble
2026-05-02,04,1,wk inc flu hosp,2026-05-09,quantile,0.15,27,Arizona,Ensemble
2026-05-02,04,1,wk inc flu hosp,2026-05-09,quantile,0.2,30,Arizona,Ensemble
2026-05-02,04,1,wk inc flu hosp,2026-05-09,quantile,0.25,33,Arizona,Ensemble
2026-05-02,04,1,wk inc flu hosp,2026-05-09,quantile,0.3,35,Arizona,Ensemble
2026-05-02,04,1,wk inc flu hosp,2026-05-09,quantile,0.35,38,Arizona,Ensemble
2026-05-02,04,1,wk inc flu hosp,2026-05-09,quantile,0.4,40,Arizona,Ensemble
2026-05-02,04,1,wk inc flu hosp,2026-05-09,quantile,0.45,43,Arizona,Ensemble
2026-05-02,04,1,wk inc flu hosp,2026-05-09,quantile,0.5,47,Arizona,Ensemble
2026-05-02,04,1,wk inc flu hosp,2026-05-09,quantile,0.55,50,Arizona,Ensemble
2026-05-02,04,1,wk inc flu hosp,2026-05-09,quantile,0.6,53,Arizona,Ensemble
2026-05-02,04,1,wk inc flu hosp,2026-05-09,quantile,0.65,57,Arizona,Ensemble
2026-05-02,04,1,wk inc flu hosp,2026-05-09,quantile,0.7,61,Arizona,Ensemble
2026-05-02,04,1,wk inc flu hosp,2026-05-09,quantile,0.75,66,Arizona,Ensemble
2026-05-02,04,1,wk inc flu hosp,2026-05-09,quantile,0.8,72,Arizona,Ensemble
2026-05-02,04,1,wk inc flu hosp,2026-05-09,quantile,0.85,79,Arizona,Ensemble
2026-05-02,04,1,wk inc flu hosp,2026-05-09,quantile,0.9,89,Arizona,Ensemble
2026-05-02,04,1,wk inc flu hosp,2026-05-09,quantile,0.95,107,Arizona,Ensemble
2026-05-02,04,1,wk inc flu hosp,2026-05-09,quantile,0.975,125,Arizona,Ensemble
2026-05-02,04,1,wk inc flu hosp,2026-05-09,quantile,0.99,152,Arizona,Ensemble
2026-05-02,04,2,wk inc flu hosp,2026-05-16,quantile,0.01,10,Arizona,Ensemble
2026-05-02,04,2,wk inc flu hosp,2026-05-16,quantile,0.025,12,Arizona,Ensemble
2026-05-02,04,2,wk inc flu hosp,2026-05-16,quantile,0.05,15,Arizona,Ensemble
2026-05-02,04,2,wk inc flu hosp,2026-05-16,quantile,0.1,19,Arizona,Ensemble
2026-05-02,04,2,wk inc flu hosp,2026-05-16,quantile,0.15,22,Arizona,Ensemble
2026-05-02,04,2,wk inc flu hosp,2026-05-16,quantile,0.2,24,Arizona,Ensemble
2026-05-02,04,2,wk inc flu hosp,2026-05-16,quantile,0.25,26,Arizona,Ensemble
2026-05-02,04,2,wk inc flu hosp,2026-05-16,quantile,0.3,28,Arizona,Ensemble
2026-05-02,04,2,wk inc flu hosp,2026-05-16,quantile,0.35,31,Arizona,Ensemble
2026-05-02,04,2,wk inc flu hosp,2026-05-16,quantile,0.4,33,Arizona,Ensemble
2026-05-02,04,2,wk inc flu hosp,2026-05-16,quantile,0.45,36,Arizona,Ensemble
2026-05-02,04,2,wk inc flu hosp,2026-05-16,quantile,0.5,40,Arizona,Ensemble
2026-05-02,04,2,wk inc flu hosp,2026-05-16,quantile,0.55,43,Arizona,Ensemble
2026-05-02,04,2,wk inc flu hosp,2026-05-16,quantile,0.6,46,Arizona,Ensemble
2026-05-02,04,2,wk inc flu hosp,2026-05-16,quantile,0.65,50,Arizona,Ensemble
2026-05-02,04,2,wk inc flu hosp,2026-05-16,quantile,0.7,54,Arizona,Ensemble
2026-05-02,04,2,wk inc flu hosp,2026-05-16,quantile,0.75,59,Arizona,Ensemble
2026-05-02,04,2,wk inc flu hosp,2026-05-16,quantile,0.8,65,Arizona,Ensemble
2026-05-02,04,2,wk inc flu hosp,2026-05-16,quantile,0.85,74,Arizona,Ensemble
2026-05-02,04,2,wk inc flu hosp,2026-05-16,quantile,0.9,85,Arizona,Ensemble
2026-05-02,04,2,wk inc flu hosp,2026-05-16,quantile,0.95,105,Arizona,Ensemble
2026-05-02,04,2,wk inc flu hosp,2026-05-16,quantile,0.975,126,Arizona,Ensemble
2026-05-02,04,2,wk inc flu hosp,2026-05-16,quantile,0.99,160,Arizona,Ensemble
2026-05-02,04,3,wk inc flu hosp,2026-05-23,quantile,0.01,8,Arizona,Ensemble
2026-05-02,04,3,wk inc flu hosp,2026-05-23,quantile,0.025,11,Arizona,Ensemble
2026-05-02,04,3,wk inc flu hosp,2026-05-23,quantile,0.05,13,Arizona,Ensemble
2026-05-02,04,3,wk inc flu hosp,2026-05-23,quantile,0.1,16,Arizona,Ensemble
2026-05-02,04,3,wk inc flu hosp,2026-05-23,quantile,0.15,19,Arizona,Ensemble
2026-05-02,04,3,wk inc flu hosp,2026-05-23,quantile,0.2,21,Arizona,Ensemble
2026-05-02,04,3,wk inc flu hosp,2026-05-23,quantile,0.25,23,Arizona,Ensemble
2026-05-02,04,3,wk inc flu hosp,2026-05-23,quantile,0.3,25,Arizona,Ensemble
2026-05-02,04,3,wk inc flu hosp,2026-05-23,quantile,0.35,27,Arizona,Ensemble
2026-05-02,04,3,wk inc flu hosp,2026-05-23,quantile,0.4,30,Arizona,Ensemble
2026-05-02,04,3,wk inc flu hosp,2026-05-23,quantile,0.45,32,Arizona,Ensemble
2026-05-02,04,3,wk inc flu hosp,2026-05-23,quantile,0.5,36,Arizona,Ensemble
2026-05-02,04,3,wk inc flu hosp,2026-05-23,quantile,0.55,40,Arizona,Ensemble
2026-05-02,04,3,wk inc flu hosp,2026-05-23,quantile,0.6,43,Arizona,Ensemble
2026-05-02,04,3,wk inc flu hosp,2026-05-23,quantile,0.65,48,Arizona,Ensemble
2026-05-02,04,3,wk inc flu hosp,2026-05-23,quantile,0.7,52,Arizona,Ensemble
2026-05-02,04,3,wk inc flu hosp,2026-05-23,quantile,0.75,58,Arizona,Ensemble
2026-05-02,04,3,wk inc flu hosp,2026-05-23,quantile,0.8,65,Arizona,Ensemble
2026-05-02,04,3,wk inc flu hosp,2026-05-23,quantile,0.85,73,Arizona,Ensemble
2026-05-02,04,3,wk inc flu hosp,2026-05-23,quantile,0.9,87,Arizona,Ensemble
2026-05-02,04,3,wk inc flu hosp,2026-05-23,quantile,0.95,111,Arizona,Ensemble
2026-05-02,04,3,wk inc flu hosp,2026-05-23,quantile,0.975,139,Arizona,Ensemble
2026-05-02,04,3,wk inc flu hosp,2026-05-23,quantile,0.99,177,Arizona,Ensemble
2026-05-02,05,0,wk inc flu hosp,2026-05-02,quantile,0.01,0,Arkansas,Ensemble
2026-05-02,05,0,wk inc flu hosp,2026-05-02,quantile,0.025,0,Arkansas,Ensemble
2026-05-02,05,0,wk inc flu hosp,2026-05-02,quantile,0.05,0,Arkansas,Ensemble
2026-05-02,05,0,wk inc flu hosp,2026-05-02,quantile,0.1,0,Arkansas,Ensemble
2026-05-02,05,0,wk inc flu hosp,2026-05-02,quantile,0.15,0,Arkansas,Ensemble
2026-05-02,05,0,wk inc flu hosp,2026-05-02,quantile,0.2,1,Arkansas,Ensemble
2026-05-02,05,0,wk inc flu hosp,2026-05-02,quantile,0.25,1,Arkansas,Ensemble
2026-05-02,05,0,wk inc flu hosp,2026-05-02,quantile,0.3,1,Arkansas,Ensemble
2026-05-02,05,0,wk inc flu hosp,2026-05-02,quantile,0.35,1,Arkansas,Ensemble
2026-05-02,05,0,wk inc flu hosp,2026-05-02,quantile,0.4,1,Arkansas,Ensemble
2026-05-02,05,0,wk inc flu hosp,2026-05-02,quantile,0.45,2,Arkansas,Ensemble
2026-05-02,05,0,wk inc flu hosp,2026-05-02,quantile,0.5,3,Arkansas,Ensemble
2026-05-02,05,0,wk inc flu hosp,2026-05-02,quantile,0.55,3,Arkansas,Ensemble
2026-05-02,05,0,wk inc flu hosp,2026-05-02,quantile,0.6,4,Arkansas,Ensemble
2026-05-02,05,0,wk inc flu hosp,2026-05-02,quantile,0.65,4,Arkansas,Ensemble
2026-05-02,05,0,wk inc flu hosp,2026-05-02,quantile,0.7,5,Arkansas,Ensemble
2026-05-02,05,0,wk inc flu hosp,2026-05-02,quantile,0.75,5,Arkansas,Ensemble
2026-05-02,05,0,wk inc flu hosp,2026-05-02,quantile,0.8,6,Arkansas,Ensemble
2026-05-02,05,0,wk inc flu hosp,2026-05-02,quantile,0.85,7,Arkansas,Ensemble
2026-05-02,05,0,wk inc flu hosp,2026-05-02,quantile,0.9,8,Arkansas,Ensemble
2026-05-02,05,0,wk inc flu hosp,2026-05-02,quantile,0.95,11,Arkansas,Ensemble
2026-05-02,05,0,wk inc flu hosp,2026-05-02,quantile,0.975,14,Arkansas,Ensemble
2026-05-02,05,0,wk inc flu hosp,2026-05-02,quantile,0.99,18,Arkansas,Ensemble
2026-05-02,05,1,wk inc flu hosp,2026-05-09,quantile,0.01,0,Arkansas,Ensemble
2026-05-02,05,1,wk inc flu hosp,2026-05-09,quantile,0.025,0,Arkansas,Ensemble
2026-05-02,05,1,wk inc flu hosp,2026-05-09,quantile,0.05,0,Arkansas,Ensemble
2026-05-02,05,1,wk inc flu hosp,2026-05-09,quantile,0.1,0,Arkansas,Ensemble
2026-05-02,05,1,wk inc flu hosp,2026-05-09,quantile,0.15,0,Arkansas,Ensemble
2026-05-02,05,1,wk inc flu hosp,2026-05-09,quantile,0.2,0,Arkansas,Ensemble
2026-05-02,05,1,wk inc flu hosp,2026-05-09,quantile,0.25,1,Arkansas,Ensemble
2026-05-02,05,1,wk inc flu hosp,2026-05-09,quantile,0.3,1,Arkansas,Ensemble
2026-05-02,05,1,wk inc flu hosp,2026-05-09,quantile,0.35,1,Arkansas,Ensemble
2026-05-02,05,1,wk inc flu hosp,2026-05-09,quantile,0.4,1,Arkansas,Ensemble
2026-05-02,05,1,wk inc flu hosp,2026-05-09,quantile,0.45,1,Arkansas,Ensemble
2026-05-02,05,1,wk inc flu hosp,2026-05-09,quantile,0.5,2,Arkansas,Ensemble
2026-05-02,05,1,wk inc flu hosp,2026-05-09,quantile,0.55,3,Arkansas,Ensemble
2026-05-02,05,1,wk inc flu hosp,2026-05-09,quantile,0.6,3,Arkansas,Ensemble
2026-05-02,05,1,wk inc flu hosp,2026-05-09,quantile,0.65,3,Arkansas,Ensemble
2026-05-02,05,1,wk inc flu hosp,2026-05-09,quantile,0.7,4,Arkansas,Ensemble
2026-05-02,05,1,wk inc flu hosp,2026-05-09,quantile,0.75,5,Arkansas,Ensemble
2026-05-02,05,1,wk inc flu hosp,2026-05-09,quantile,0.8,5,Arkansas,Ensemble
2026-05-02,05,1,wk inc flu hosp,2026-05-09,quantile,0.85,6,Arkansas,Ensemble
2026-05-02,05,1,wk inc flu hosp,2026-05-09,quantile,0.9,8,Arkansas,Ensemble
2026-05-02,05,1,wk inc flu hosp,2026-05-09,quantile,0.95,11,Arkansas,Ensemble
2026-05-02,05,1,wk inc flu hosp,2026-05-09,quantile,0.975,14,Arkansas,Ensemble
2026-05-02,05,1,wk inc flu hosp,2026-05-09,quantile,0.99,19,Arkansas,Ensemble
2026-05-02,05,2,wk inc flu hosp,2026-05-16,quantile,0.01,0,Arkansas,Ensemble
2026-05-02,05,2,wk inc flu hosp,2026-05-16,quantile,0.025,0,Arkansas,Ensemble
2026-05-02,05,2,wk inc flu hosp,2026-05-16,quantile,0.05,0,Arkansas,Ensemble
2026-05-02,05,2,wk inc flu hosp,2026-05-16,quantile,0.1,0,Arkansas,Ensemble
2026-05-02,05,2,wk inc flu hosp,2026-05-16,quantile,0.15,0,Arkansas,Ensemble
2026-05-02,05,2,wk inc flu hosp,2026-05-16,quantile,0.2,0,Arkansas,Ensemble
2026-05-02,05,2,wk inc flu hosp,2026-05-16,quantile,0.25,0,Arkansas,Ensemble
2026-05-02,05,2,wk inc flu hosp,2026-05-16,quantile,0.3,1,Arkansas,Ensemble
2026-05-02,05,2,wk inc flu hosp,2026-05-16,quantile,0.35,1,Arkansas,Ensemble
2026-05-02,05,2,wk inc flu hosp,2026-05-16,quantile,0.4,1,Arkansas,Ensemble
2026-05-02,05,2,wk inc flu hosp,2026-05-16,quantile,0.45,1,Arkansas,Ensemble
2026-05-02,05,2,wk inc flu hosp,2026-05-16,quantile,0.5,2,Arkansas,Ensemble
2026-05-02,05,2,wk inc flu hosp,2026-05-16,quantile,0.55,3,Arkansas,Ensemble
2026-05-02,05,2,wk inc flu hosp,2026-05-16,quantile,0.6,3,Arkansas,Ensemble
2026-05-02,05,2,wk inc flu hosp,2026-05-16,quantile,0.65,4,Arkansas,Ensemble
2026-05-02,05,2,wk inc flu hosp,2026-05-16,quantile,0.7,4,Arkansas,Ensemble
2026-05-02,05,2,wk inc flu hosp,2026-05-16,quantile,0.75,5,Arkansas,Ensemble
2026-05-02,05,2,wk inc flu hosp,2026-05-16,quantile,0.8,6,Arkansas,Ensemble
2026-05-02,05,2,wk inc flu hosp,2026-05-16,quantile,0.85,7,Arkansas,Ensemble
2026-05-02,05,2,wk inc flu hosp,2026-05-16,quantile,0.9,10,Arkansas,Ensemble
2026-05-02,05,2,wk inc flu hosp,2026-05-16,quantile,0.95,14,Arkansas,Ensemble
2026-05-02,05,2,wk inc flu hosp,2026-05-16,quantile,0.975,19,Arkansas,Ensemble
2026-05-02,05,2,wk inc flu hosp,2026-05-16,quantile,0.99,26,Arkansas,Ensemble
2026-05-02,05,3,wk inc flu hosp,2026-05-23,quantile,0.01,0,Arkansas,Ensemble
2026-05-02,05,3,wk inc flu hosp,2026-05-23,quantile,0.025,0,Arkansas,Ensemble
2026-05-02,05,3,wk inc flu hosp,2026-05-23,quantile,0.05,0,Arkansas,Ensemble
2026-05-02,05,3,wk inc flu hosp,2026-05-23,quantile,0.1,0,Arkansas,Ensemble
2026-05-02,05,3,wk inc flu hosp,2026-05-23,quantile,0.15,0,Arkansas,Ensemble
2026-05-02,05,3,wk inc flu hosp,2026-05-23,quantile,0.2,0,Arkansas,Ensemble
2026-05-02,05,3,wk inc flu hosp,2026-05-23,quantile,0.25,0,Arkansas,Ensemble
2026-05-02,05,3,wk inc flu hosp,2026-05-23,quantile,0.3,0,Arkansas,Ensemble
2026-05-02,05,3,wk inc flu hosp,2026-05-23,quantile,0.35,1,Arkansas,Ensemble
2026-05-02,05,3,wk inc flu hosp,2026-05-23,quantile,0.4,1,Arkansas,Ensemble
2026-05-02,05,3,wk inc flu hosp,2026-05-23,quantile,0.45,1,Arkansas,Ensemble
2026-05-02,05,3,wk inc flu hosp,2026-05-23,quantile,0.5,2,Arkansas,Ensemble
2026-05-02,05,3,wk inc flu hosp,2026-05-23,quantile,0.55,3,Arkansas,Ensemble
2026-05-02,05,3,wk inc flu hosp,2026-05-23,quantile,0.6,3,Arkansas,Ensemble
2026-05-02,05,3,wk inc flu hosp,2026-05-23,quantile,0.65,4,Arkansas,Ensemble
2026-05-02,05,3,wk inc flu hosp,2026-05-23,quantile,0.7,4,Arkansas,Ensemble
2026-05-02,05,3,wk inc flu hosp,2026-05-23,quantile,0.75,5,Arkansas,Ensemble
2026-05-02,05,3,wk inc flu hosp,2026-05-23,quantile,0.8,6,Arkansas,Ensemble
2026-05-02,05,3,wk inc flu hosp,2026-05-23,quantile,0.85,7,Arkansas,Ensemble
2026-05-02,05,3,wk inc flu hosp,2026-05-23,quantile,0.9,10,Arkansas,Ensemble
2026-05-02,05,3,wk inc flu hosp,2026-05-23,quantile,0.95,14,Arkansas,Ensemble
2026-05-02,05,3,wk inc flu hosp,2026-05-23,quantile,0.975,20,Arkansas,Ensemble
2026-05-02,05,3,wk inc flu hosp,2026-05-23,quantile,0.99,30,Arkansas,Ensemble
2026-05-02,06,0,wk inc flu hosp,2026-05-02,quantile,0.01,68,California,Ensemble
2026-05-02,06,0,wk inc flu hosp,2026-05-02,quantile,0.025,81,California,Ensemble
2026-05-02,06,0,wk inc flu hosp,2026-05-02,quantile,0.05,98,California,Ensemble
2026-05-02,06,0,wk inc flu hosp,2026-05-02,quantile,0.1,118,California,Ensemble
2026-05-02,06,0,wk inc flu hosp,2026-05-02,quantile,0.15,130,California,Ensemble
2026-05-02,06,0,wk inc flu hosp,2026-05-02,quantile,0.2,141,California,Ensemble
2026-05-02,06,0,wk inc flu hosp,2026-05-02,quantile,0.25,150,California,Ensemble
2026-05-02,06,0,wk inc flu hosp,2026-05-02,quantile,0.3,159,California,Ensemble
2026-05-02,06,0,wk inc flu hosp,2026-05-02,quantile,0.35,167,California,Ensemble
2026-05-02,06,0,wk inc flu hosp,2026-05-02,quantile,0.4,174,California,Ensemble
2026-05-02,06,0,wk inc flu hosp,2026-05-02,quantile,0.45,182,California,Ensemble
2026-05-02,06,0,wk inc flu hosp,2026-05-02,quantile,0.5,191,California,Ensemble
2026-05-02,06,0,wk inc flu hosp,2026-05-02,quantile,0.55,199,California,Ensemble
2026-05-02,06,0,wk inc flu hosp,2026-05-02,quantile,0.6,207,California,Ensemble
2026-05-02,06,0,wk inc flu hosp,2026-05-02,quantile,0.65,215,California,Ensemble
2026-05-02,06,0,wk inc flu hosp,2026-05-02,quantile,0.7,224,California,Ensemble
2026-05-02,06,0,wk inc flu hosp,2026-05-02,quantile,0.75,233,California,Ensemble
2026-05-02,06,0,wk inc flu hosp,2026-05-02,quantile,0.8,244,California,Ensemble
2026-05-02,06,0,wk inc flu hosp,2026-05-02,quantile,0.85,259,California,Ensemble
2026-05-02,06,0,wk inc flu hosp,2026-05-02,quantile,0.9,281,California,Ensemble
2026-05-02,06,0,wk inc flu hosp,2026-05-02,quantile,0.95,326,California,Ensemble
2026-05-02,06,0,wk inc flu hosp,2026-05-02,quantile,0.975,378,California,Ensemble
2026-05-02,06,0,wk inc flu hosp,2026-05-02,quantile,0.99,458,California,Ensemble
2026-05-02,06,1,wk inc flu hosp,2026-05-09,quantile,0.01,41,California,Ensemble
2026-05-02,06,1,wk inc flu hosp,2026-05-09,quantile,0.025,53,California,Ensemble
2026-05-02,06,1,wk inc flu hosp,2026-05-09,quantile,0.05,65,California,Ensemble
2026-05-02,06,1,wk inc flu hosp,2026-05-09,quantile,0.1,85,California,Ensemble
2026-05-02,06,1,wk inc flu hosp,2026-05-09,quantile,0.15,98,California,Ensemble
2026-05-02,06,1,wk inc flu hosp,2026-05-09,quantile,0.2,109,California,Ensemble
2026-05-02,06,1,wk inc flu hosp,2026-05-09,quantile,0.25,119,California,Ensemble
2026-05-02,06,1,wk inc flu hosp,2026-05-09,quantile,0.3,128,California,Ensemble
2026-05-02,06,1,wk inc flu hosp,2026-05-09,quantile,0.35,138,California,Ensemble
2026-05-02,06,1,wk inc flu hosp,2026-05-09,quantile,0.4,146,California,Ensemble
2026-05-02,06,1,wk inc flu hosp,2026-05-09,quantile,0.45,155,California,Ensemble
2026-05-02,06,1,wk inc flu hosp,2026-05-09,quantile,0.5,166,California,Ensemble
2026-05-02,06,1,wk inc flu hosp,2026-05-09,quantile,0.55,176,California,Ensemble
2026-05-02,06,1,wk inc flu hosp,2026-05-09,quantile,0.6,187,California,Ensemble
2026-05-02,06,1,wk inc flu hosp,2026-05-09,quantile,0.65,198,California,Ensemble
2026-05-02,06,1,wk inc flu hosp,2026-05-09,quantile,0.7,211,California,Ensemble
2026-05-02,06,1,wk inc flu hosp,2026-05-09,quantile,0.75,224,California,Ensemble
2026-05-02,06,1,wk inc flu hosp,2026-05-09,quantile,0.8,239,California,Ensemble
2026-05-02,06,1,wk inc flu hosp,2026-05-09,quantile,0.85,260,California,Ensemble
2026-05-02,06,1,wk inc flu hosp,2026-05-09,quantile,0.9,296,California,Ensemble
2026-05-02,06,1,wk inc flu hosp,2026-05-09,quantile,0.95,366,California,Ensemble
2026-05-02,06,1,wk inc flu hosp,2026-05-09,quantile,0.975,447,California,Ensemble
2026-05-02,06,1,wk inc flu hosp,2026-05-09,quantile,0.99,550,California,Ensemble
2026-05-02,06,2,wk inc flu hosp,2026-05-16,quantile,0.01,25,California,Ensemble
2026-05-02,06,2,wk inc flu hosp,2026-05-16,quantile,0.025,34,California,Ensemble
2026-05-02,06,2,wk inc flu hosp,2026-05-16,quantile,0.05,44,California,Ensemble
2026-05-02,06,2,wk inc flu hosp,2026-05-16,quantile,0.1,56,California,Ensemble
2026-05-02,06,2,wk inc flu hosp,2026-05-16,quantile,0.15,72,California,Ensemble
2026-05-02,06,2,wk inc flu hosp,2026-05-16,quantile,0.2,81,California,Ensemble
2026-05-02,06,2,wk inc flu hosp,2026-05-16,quantile,0.25,91,California,Ensemble
2026-05-02,06,2,wk inc flu hosp,2026-05-16,quantile,0.3,100,California,Ensemble
2026-05-02,06,2,wk inc flu hosp,2026-05-16,quantile,0.35,109,California,Ensemble
2026-05-02,06,2,wk inc flu hosp,2026-05-16,quantile,0.4,118,California,Ensemble
2026-05-02,06,2,wk inc flu hosp,2026-05-16,quantile,0.45,126,California,Ensemble
2026-05-02,06,2,wk inc flu hosp,2026-05-16,quantile,0.5,136,California,Ensemble
2026-05-02,06,2,wk inc flu hosp,2026-05-16,quantile,0.55,146,California,Ensemble
2026-05-02,06,2,wk inc flu hosp,2026-05-16,quantile,0.6,157,California,Ensemble
2026-05-02,06,2,wk inc flu hosp,2026-05-16,quantile,0.65,169,California,Ensemble
2026-05-02,06,2,wk inc flu hosp,2026-05-16,quantile,0.7,184,California,Ensemble
2026-05-02,06,2,wk inc flu hosp,2026-05-16,quantile,0.75,199,California,Ensemble
2026-05-02,06,2,wk inc flu hosp,2026-05-16,quantile,0.8,218,California,Ensemble
2026-05-02,06,2,wk inc flu hosp,2026-05-16,quantile,0.85,244,California,Ensemble
2026-05-02,06,2,wk inc flu hosp,2026-05-16,quantile,0.9,287,California,Ensemble
2026-05-02,06,2,wk inc flu hosp,2026-05-16,quantile,0.95,373,California,Ensemble
2026-05-02,06,2,wk inc flu hosp,2026-05-16,quantile,0.975,458,California,Ensemble
2026-05-02,06,2,wk inc flu hosp,2026-05-16,quantile,0.99,572,California,Ensemble
2026-05-02,06,3,wk inc flu hosp,2026-05-23,quantile,0.01,17,California,Ensemble
2026-05-02,06,3,wk inc flu hosp,2026-05-23,quantile,0.025,25,California,Ensemble
2026-05-02,06,3,wk inc flu hosp,2026-05-23,quantile,0.05,33,California,Ensemble
2026-05-02,06,3,wk inc flu hosp,2026-05-23,quantile,0.1,43,California,Ensemble
2026-05-02,06,3,wk inc flu hosp,2026-05-23,quantile,0.15,55,California,Ensemble
2026-05-02,06,3,wk inc flu hosp,2026-05-23,quantile,0.2,64,California,Ensemble
2026-05-02,06,3,wk inc flu hosp,2026-05-23,quantile,0.25,73,California,Ensemble
2026-05-02,06,3,wk inc flu hosp,2026-05-23,quantile,0.3,82,California,Ensemble
2026-05-02,06,3,wk inc flu hosp,2026-05-23,quantile,0.35,91,California,Ensemble
2026-05-02,06,3,wk inc flu hosp,2026-05-23,quantile,0.4,99,California,Ensemble
2026-05-02,06,3,wk inc flu hosp,2026-05-23,quantile,0.45,108,California,Ensemble
2026-05-02,06,3,wk inc flu hosp,2026-05-23,quantile,0.5,119,California,Ensemble
2026-05-02,06,3,wk inc flu hosp,2026-05-23,quantile,0.55,129,California,Ensemble
2026-05-02,06,3,wk inc flu hosp,2026-05-23,quantile,0.6,141,California,Ensemble
2026-05-02,06,3,wk inc flu hosp,2026-05-23,quantile,0.65,154,California,Ensemble
2026-05-02,06,3,wk inc flu hosp,2026-05-23,quantile,0.7,171,California,Ensemble
2026-05-02,06,3,wk inc flu hosp,2026-05-23,quantile,0.75,190,California,Ensemble
2026-05-02,06,3,wk inc flu hosp,2026-05-23,quantile,0.8,212,California,Ensemble
2026-05-02,06,3,wk inc flu hosp,2026-05-23,quantile,0.85,247,California,Ensemble
2026-05-02,06,3,wk inc flu hosp,2026-05-23,quantile,0.9,304,California,Ensemble
2026-05-02,06,3,wk inc flu hosp,2026-05-23,quantile,0.95,403,California,Ensemble
2026-05-02,06,3,wk inc flu hosp,2026-05-23,quantile,0.975,494,California,Ensemble
2026-05-02,06,3,wk inc flu hosp,2026-05-23,quantile,0.99,651,California,Ensemble
2026-05-02,08,0,wk inc flu hosp,2026-05-02,quantile,0.01,7,Colorado,Ensemble
2026-05-02,08,0,wk inc flu hosp,2026-05-02,quantile,0.025,9,Colorado,Ensemble
2026-05-02,08,0,wk inc flu hosp,2026-05-02,quantile,0.05,11,Colorado,Ensemble
2026-05-02,08,0,wk inc flu hosp,2026-05-02,quantile,0.1,13,Colorado,Ensemble
2026-05-02,08,0,wk inc flu hosp,2026-05-02,quantile,0.15,15,Colorado,Ensemble
2026-05-02,08,0,wk inc flu hosp,2026-05-02,quantile,0.2,17,Colorado,Ensemble
2026-05-02,08,0,wk inc flu hosp,2026-05-02,quantile,0.25,19,Colorado,Ensemble
2026-05-02,08,0,wk inc flu hosp,2026-05-02,quantile,0.3,21,Colorado,Ensemble
2026-05-02,08,0,wk inc flu hosp,2026-05-02,quantile,0.35,22,Colorado,Ensemble
2026-05-02,08,0,wk inc flu hosp,2026-05-02,quantile,0.4,24,Colorado,Ensemble
2026-05-02,08,0,wk inc flu hosp,2026-05-02,quantile,0.45,27,Colorado,Ensemble
2026-05-02,08,0,wk inc flu hosp,2026-05-02,quantile,0.5,30,Colorado,Ensemble
2026-05-02,08,0,wk inc flu hosp,2026-05-02,quantile,0.55,32,Colorado,Ensemble
2026-05-02,08,0,wk inc flu hosp,2026-05-02,quantile,0.6,34,Colorado,Ensemble
2026-05-02,08,0,wk inc flu hosp,2026-05-02,quantile,0.65,36,Colorado,Ensemble
2026-05-02,08,0,wk inc flu hosp,2026-05-02,quantile,0.7,38,Colorado,Ensemble
2026-05-02,08,0,wk inc flu hosp,2026-05-02,quantile,0.75,40,Colorado,Ensemble
2026-05-02,08,0,wk inc flu hosp,2026-05-02,quantile,0.8,43,Colorado,Ensemble
2026-05-02,08,0,wk inc flu hosp,2026-05-02,quantile,0.85,47,Colorado,Ensemble
2026-05-02,08,0,wk inc flu hosp,2026-05-02,quantile,0.9,52,Colorado,Ensemble
2026-05-02,08,0,wk inc flu hosp,2026-05-02,quantile,0.95,62,Colorado,Ensemble
2026-05-02,08,0,wk inc flu hosp,2026-05-02,quantile,0.975,72,Colorado,Ensemble
2026-05-02,08,0,wk inc flu hosp,2026-05-02,quantile,0.99,85,Colorado,Ensemble
2026-05-02,08,1,wk inc flu hosp,2026-05-09,quantile,0.01,4,Colorado,Ensemble
2026-05-02,08,1,wk inc flu hosp,2026-05-09,quantile,0.025,6,Colorado,Ensemble
2026-05-02,08,1,wk inc flu hosp,2026-05-09,quantile,0.05,7,Colorado,Ensemble
2026-05-02,08,1,wk inc flu hosp,2026-05-09,quantile,0.1,10,Colorado,Ensemble
2026-05-02,08,1,wk inc flu hosp,2026-05-09,quantile,0.15,12,Colorado,Ensemble
2026-05-02,08,1,wk inc flu hosp,2026-05-09,quantile,0.2,13,Colorado,Ensemble
2026-05-02,08,1,wk inc flu hosp,2026-05-09,quantile,0.25,15,Colorado,Ensemble
2026-05-02,08,1,wk inc flu hosp,2026-05-09,quantile,0.3,17,Colorado,Ensemble
2026-05-02,08,1,wk inc flu hosp,2026-05-09,quantile,0.35,18,Colorado,Ensemble
2026-05-02,08,1,wk inc flu hosp,2026-05-09,quantile,0.4,21,Colorado,Ensemble
2026-05-02,08,1,wk inc flu hosp,2026-05-09,quantile,0.45,22,Colorado,Ensemble
2026-05-02,08,1,wk inc flu hosp,2026-05-09,quantile,0.5,26,Colorado,Ensemble
2026-05-02,08,1,wk inc flu hosp,2026-05-09,quantile,0.55,29,Colorado,Ensemble
2026-05-02,08,1,wk inc flu hosp,2026-05-09,quantile,0.6,32,Colorado,Ensemble
2026-05-02,08,1,wk inc flu hosp,2026-05-09,quantile,0.65,34,Colorado,Ensemble
2026-05-02,08,1,wk inc flu hosp,2026-05-09,quantile,0.7,37,Colorado,Ensemble
2026-05-02,08,1,wk inc flu hosp,2026-05-09,quantile,0.75,40,Colorado,Ensemble
2026-05-02,08,1,wk inc flu hosp,2026-05-09,quantile,0.8,44,Colorado,Ensemble
2026-05-02,08,1,wk inc flu hosp,2026-05-09,quantile,0.85,49,Colorado,Ensemble
2026-05-02,08,1,wk inc flu hosp,2026-05-09,quantile,0.9,58,Colorado,Ensemble
2026-05-02,08,1,wk inc flu hosp,2026-05-09,quantile,0.95,72,Colorado,Ensemble
2026-05-02,08,1,wk inc flu hosp,2026-05-09,quantile,0.975,86,Colorado,Ensemble
2026-05-02,08,1,wk inc flu hosp,2026-05-09,quantile,0.99,108,Colorado,Ensemble
2026-05-02,08,2,wk inc flu hosp,2026-05-16,quantile,0.01,2,Colorado,Ensemble
2026-05-02,08,2,wk inc flu hosp,2026-05-16,quantile,0.025,3,Colorado,Ensemble
2026-05-02,08,2,wk inc flu hosp,2026-05-16,quantile,0.05,4,Colorado,Ensemble
2026-05-02,08,2,wk inc flu hosp,2026-05-16,quantile,0.1,6,Colorado,Ensemble
2026-05-02,08,2,wk inc flu hosp,2026-05-16,quantile,0.15,8,Colorado,Ensemble
2026-05-02,08,2,wk inc flu hosp,2026-05-16,quantile,0.2,9,Colorado,Ensemble
2026-05-02,08,2,wk inc flu hosp,2026-05-16,quantile,0.25,11,Colorado,Ensemble
2026-05-02,08,2,wk inc flu hosp,2026-05-16,quantile,0.3,13,Colorado,Ensemble
2026-05-02,08,2,wk inc flu hosp,2026-05-16,quantile,0.35,14,Colorado,Ensemble
2026-05-02,08,2,wk inc flu hosp,2026-05-16,quantile,0.4,16,Colorado,Ensemble
2026-05-02,08,2,wk inc flu hosp,2026-05-16,quantile,0.45,18,Colorado,Ensemble
2026-05-02,08,2,wk inc flu hosp,2026-05-16,quantile,0.5,22,Colorado,Ensemble
2026-05-02,08,2,wk inc flu hosp,2026-05-16,quantile,0.55,24,Colorado,Ensemble
2026-05-02,08,2,wk inc flu hosp,2026-05-16,quantile,0.6,27,Colorado,Ensemble
2026-05-02,08,2,wk inc flu hosp,2026-05-16,quantile,0.65,30,Colorado,Ensemble
2026-05-02,08,2,wk inc flu hosp,2026-05-16,quantile,0.7,33,Colorado,Ensemble
2026-05-02,08,2,wk inc flu hosp,2026-05-16,quantile,0.75,37,Colorado,Ensemble
2026-05-02,08,2,wk inc flu hosp,2026-05-16,quantile,0.8,42,Colorado,Ensemble
2026-05-02,08,2,wk inc flu hosp,2026-05-16,quantile,0.85,49,Colorado,Ensemble
2026-05-02,08,2,wk inc flu hosp,2026-05-16,quantile,0.9,60,Colorado,Ensemble
2026-05-02,08,2,wk inc flu hosp,2026-05-16,quantile,0.95,78,Colorado,Ensemble
2026-05-02,08,2,wk inc flu hosp,2026-05-16,quantile,0.975,96,Colorado,Ensemble
2026-05-02,08,2,wk inc flu hosp,2026-05-16,quantile,0.99,124,Colorado,Ensemble
2026-05-02,08,3,wk inc flu hosp,2026-05-23,quantile,0.01,1,Colorado,Ensemble
2026-05-02,08,3,wk inc flu hosp,2026-05-23,quantile,0.025,2,Colorado,Ensemble
2026-05-02,08,3,wk inc flu hosp,2026-05-23,quantile,0.05,3,Colorado,Ensemble
2026-05-02,08,3,wk inc flu hosp,2026-05-23,quantile,0.1,5,Colorado,Ensemble
2026-05-02,08,3,wk inc flu hosp,2026-05-23,quantile,0.15,6,Colorado,Ensemble
2026-05-02,08,3,wk inc flu hosp,2026-05-23,quantile,0.2,8,Colorado,Ensemble
2026-05-02,08,3,wk inc flu hosp,2026-05-23,quantile,0.25,9,Colorado,Ensemble
2026-05-02,08,3,wk inc flu hosp,2026-05-23,quantile,0.3,10,Colorado,Ensemble
2026-05-02,08,3,wk inc flu hosp,2026-05-23,quantile,0.35,12,Colorado,Ensemble
2026-05-02,08,3,wk inc flu hosp,2026-05-23,quantile,0.4,14,Colorado,Ensemble
2026-05-02,08,3,wk inc flu hosp,2026-05-23,quantile,0.45,16,Colorado,Ensemble
2026-05-02,08,3,wk inc flu hosp,2026-05-23,quantile,0.5,19,Colorado,Ensemble
2026-05-02,08,3,wk inc flu hosp,2026-05-23,quantile,0.55,22,Colorado,Ensemble
2026-05-02,08,3,wk inc flu hosp,2026-05-23,quantile,0.6,25,Colorado,Ensemble
2026-05-02,08,3,wk inc flu hosp,2026-05-23,quantile,0.65,29,Colorado,Ensemble
2026-05-02,08,3,wk inc flu hosp,2026-05-23,quantile,0.7,33,Colorado,Ensemble
2026-05-02,08,3,wk inc flu hosp,2026-05-23,quantile,0.75,38,Colorado,Ensemble
2026-05-02,08,3,wk inc flu hosp,2026-05-23,quantile,0.8,44,Colorado,Ensemble
2026-05-02,08,3,wk inc flu hosp,2026-05-23,quantile,0.85,53,Colorado,Ensemble
2026-05-02,08,3,wk inc flu hosp,2026-05-23,quantile,0.9,65,Colorado,Ensemble
2026-05-02,08,3,wk inc flu hosp,2026-05-23,quantile,0.95,88,Colorado,Ensemble
2026-05-02,08,3,wk inc flu hosp,2026-05-23,quantile,0.975,111,Colorado,Ensemble
2026-05-02,08,3,wk inc flu hosp,2026-05-23,quantile,0.99,145,Colorado,Ensemble
2026-05-02,09,0,wk inc flu hosp,2026-05-02,quantile,0.01,2,Connecticut,Ensemble
2026-05-02,09,0,wk inc flu hosp,2026-05-02,quantile,0.025,4,Connecticut,Ensemble
2026-05-02,09,0,wk inc flu hosp,2026-05-02,quantile,0.05,5,Connecticut,Ensemble
2026-05-02,09,0,wk inc flu hosp,2026-05-02,quantile,0.1,6,Connecticut,Ensemble
2026-05-02,09,0,wk inc flu hosp,2026-05-02,quantile,0.15,7,Connecticut,Ensemble
2026-05-02,09,0,wk inc flu hosp,2026-05-02,quantile,0.2,8,Connecticut,Ensemble
2026-05-02,09,0,wk inc flu hosp,2026-05-02,quantile,0.25,9,Connecticut,Ensemble
2026-05-02,09,0,wk inc flu hosp,2026-05-02,quantile,0.3,10,Connecticut,Ensemble
2026-05-02,09,0,wk inc flu hosp,2026-05-02,quantile,0.35,11,Connecticut,Ensemble
2026-05-02,09,0,wk inc flu hosp,2026-05-02,quantile,0.4,12,Connecticut,Ensemble
2026-05-02,09,0,wk inc flu hosp,2026-05-02,quantile,0.45,13,Connecticut,Ensemble
2026-05-02,09,0,wk inc flu hosp,2026-05-02,quantile,0.5,15,Connecticut,Ensemble
2026-05-02,09,0,wk inc flu hosp,2026-05-02,quantile,0.55,16,Connecticut,Ensemble
2026-05-02,09,0,wk inc flu hosp,2026-05-02,quantile,0.6,17,Connecticut,Ensemble
2026-05-02,09,0,wk inc flu hosp,2026-05-02,quantile,0.65,18,Connecticut,Ensemble
2026-05-02,09,0,wk inc flu hosp,2026-05-02,quantile,0.7,19,Connecticut,Ensemble
2026-05-02,09,0,wk inc flu hosp,2026-05-02,quantile,0.75,21,Connecticut,Ensemble
2026-05-02,09,0,wk inc flu hosp,2026-05-02,quantile,0.8,22,Connecticut,Ensemble
2026-05-02,09,0,wk inc flu hosp,2026-05-02,quantile,0.85,24,Connecticut,Ensemble
2026-05-02,09,0,wk inc flu hosp,2026-05-02,quantile,0.9,28,Connecticut,Ensemble
2026-05-02,09,0,wk inc flu hosp,2026-05-02,quantile,0.95,35,Connecticut,Ensemble
2026-05-02,09,0,wk inc flu hosp,2026-05-02,quantile,0.975,42,Connecticut,Ensemble
2026-05-02,09,0,wk inc flu hosp,2026-05-02,quantile,0.99,52,Connecticut,Ensemble
2026-05-02,09,1,wk inc flu hosp,2026-05-09,quantile,0.01,1,Connecticut,Ensemble
2026-05-02,09,1,wk inc flu hosp,2026-05-09,quantile,0.025,2,Connecticut,Ensemble
2026-05-02,09,1,wk inc flu hosp,2026-05-09,quantile,0.05,3,Connecticut,Ensemble
2026-05-02,09,1,wk inc flu hosp,2026-05-09,quantile,0.1,4,Connecticut,Ensemble
2026-05-02,09,1,wk inc flu hosp,2026-05-09,quantile,0.15,5,Connecticut,Ensemble
2026-05-02,09,1,wk inc flu hosp,2026-05-09,quantile,0.2,6,Connecticut,Ensemble
2026-05-02,09,1,wk inc flu hosp,2026-05-09,quantile,0.25,7,Connecticut,Ensemble
2026-05-02,09,1,wk inc flu hosp,2026-05-09,quantile,0.3,7,Connecticut,Ensemble
2026-05-02,09,1,wk inc flu hosp,2026-05-09,quantile,0.35,8,Connecticut,Ensemble
2026-05-02,09,1,wk inc flu hosp,2026-05-09,quantile,0.4,9,Connecticut,Ensemble
2026-05-02,09,1,wk inc flu hosp,2026-05-09,quantile,0.45,10,Connecticut,Ensemble
2026-05-02,09,1,wk inc flu hosp,2026-05-09,quantile,0.5,12,Connecticut,Ensemble
2026-05-02,09,1,wk inc flu hosp,2026-05-09,quantile,0.55,13,Connecticut,Ensemble
2026-05-02,09,1,wk inc flu hosp,2026-05-09,quantile,0.6,14,Connecticut,Ensemble
2026-05-02,09,1,wk inc flu hosp,2026-05-09,quantile,0.65,16,Connecticut,Ensemble
2026-05-02,09,1,wk inc flu hosp,2026-05-09,quantile,0.7,17,Connecticut,Ensemble
2026-05-02,09,1,wk inc flu hosp,2026-05-09,quantile,0.75,19,Connecticut,Ensemble
2026-05-02,09,1,wk inc flu hosp,2026-05-09,quantile,0.8,22,Connecticut,Ensemble
2026-05-02,09,1,wk inc flu hosp,2026-05-09,quantile,0.85,25,Connecticut,Ensemble
2026-05-02,09,1,wk inc flu hosp,2026-05-09,quantile,0.9,31,Connecticut,Ensemble
2026-05-02,09,1,wk inc flu hosp,2026-05-09,quantile,0.95,41,Connecticut,Ensemble
2026-05-02,09,1,wk inc flu hosp,2026-05-09,quantile,0.975,53,Connecticut,Ensemble
2026-05-02,09,1,wk inc flu hosp,2026-05-09,quantile,0.99,68,Connecticut,Ensemble
2026-05-02,09,2,wk inc flu hosp,2026-05-16,quantile,0.01,1,Connecticut,Ensemble
2026-05-02,09,2,wk inc flu hosp,2026-05-16,quantile,0.025,1,Connecticut,Ensemble
2026-05-02,09,2,wk inc flu hosp,2026-05-16,quantile,0.05,2,Connecticut,Ensemble
2026-05-02,09,2,wk inc flu hosp,2026-05-16,quantile,0.1,2,Connecticut,Ensemble
2026-05-02,09,2,wk inc flu hosp,2026-05-16,quantile,0.15,3,Connecticut,Ensemble
2026-05-02,09,2,wk inc flu hosp,2026-05-16,quantile,0.2,4,Connecticut,Ensemble
2026-05-02,09,2,wk inc flu hosp,2026-05-16,quantile,0.25,5,Connecticut,Ensemble
2026-05-02,09,2,wk inc flu hosp,2026-05-16,quantile,0.3,6,Connecticut,Ensemble
2026-05-02,09,2,wk inc flu hosp,2026-05-16,quantile,0.35,6,Connecticut,Ensemble
2026-05-02,09,2,wk inc flu hosp,2026-05-16,quantile,0.4,7,Connecticut,Ensemble
2026-05-02,09,2,wk inc flu hosp,2026-05-16,quantile,0.45,8,Connecticut,Ensemble
2026-05-02,09,2,wk inc flu hosp,2026-05-16,quantile,0.5,10,Connecticut,Ensemble
2026-05-02,09,2,wk inc flu hosp,2026-05-16,quantile,0.55,11,Connecticut,Ensemble
2026-05-02,09,2,wk inc flu hosp,2026-05-16,quantile,0.6,13,Connecticut,Ensemble
2026-05-02,09,2,wk inc flu hosp,2026-05-16,quantile,0.65,14,Connecticut,Ensemble
2026-05-02,09,2,wk inc flu hosp,2026-05-16,quantile,0.7,16,Connecticut,Ensemble
2026-05-02,09,2,wk inc flu hosp,2026-05-16,quantile,0.75,19,Connecticut,Ensemble
2026-05-02,09,2,wk inc flu hosp,2026-05-16,quantile,0.8,22,Connecticut,Ensemble
2026-05-02,09,2,wk inc flu hosp,2026-05-16,quantile,0.85,27,Connecticut,Ensemble
2026-05-02,09,2,wk inc flu hosp,2026-05-16,quantile,0.9,34,Connecticut,Ensemble
2026-05-02,09,2,wk inc flu hosp,2026-05-16,quantile,0.95,49,Connecticut,Ensemble
2026-05-02,09,2,wk inc flu hosp,2026-05-16,quantile,0.975,64,Connecticut,Ensemble
2026-05-02,09,2,wk inc flu hosp,2026-05-16,quantile,0.99,82,Connecticut,Ensemble
2026-05-02,09,3,wk inc flu hosp,2026-05-23,quantile,0.01,0,Connecticut,Ensemble
2026-05-02,09,3,wk inc flu hosp,2026-05-23,quantile,0.025,1,Connecticut,Ensemble
2026-05-02,09,3,wk inc flu hosp,2026-05-23,quantile,0.05,1,Connecticut,Ensemble
2026-05-02,09,3,wk inc flu hosp,2026-05-23,quantile,0.1,2,Connecticut,Ensemble
2026-05-02,09,3,wk inc flu hosp,2026-05-23,quantile,0.15,2,Connecticut,Ensemble
2026-05-02,09,3,wk inc flu hosp,2026-05-23,quantile,0.2,3,Connecticut,Ensemble
2026-05-02,09,3,wk inc flu hosp,2026-05-23,quantile,0.25,4,Connecticut,Ensemble
2026-05-02,09,3,wk inc flu hosp,2026-05-23,quantile,0.3,4,Connecticut,Ensemble
2026-05-02,09,3,wk inc flu hosp,2026-05-23,quantile,0.35,5,Connecticut,Ensemble
2026-05-02,09,3,wk inc flu hosp,2026-05-23,quantile,0.4,6,Connecticut,Ensemble
2026-05-02,09,3,wk inc flu hosp,2026-05-23,quantile,0.45,7,Connecticut,Ensemble
2026-05-02,09,3,wk inc flu hosp,2026-05-23,quantile,0.5,9,Connecticut,Ensemble
2026-05-02,09,3,wk inc flu hosp,2026-05-23,quantile,0.55,10,Connecticut,Ensemble
2026-05-02,09,3,wk inc flu hosp,2026-05-23,quantile,0.6,11,Connecticut,Ensemble
2026-05-02,09,3,wk inc flu hosp,2026-05-23,quantile,0.65,13,Connecticut,Ensemble
2026-05-02,09,3,wk inc flu hosp,2026-05-23,quantile,0.7,15,Connecticut,Ensemble
2026-05-02,09,3,wk inc flu hosp,2026-05-23,quantile,0.75,18,Connecticut,Ensemble
2026-05-02,09,3,wk inc flu hosp,2026-05-23,quantile,0.8,22,Connecticut,Ensemble
2026-05-02,09,3,wk inc flu hosp,2026-05-23,quantile,0.85,28,Connecticut,Ensemble
2026-05-02,09,3,wk inc flu hosp,2026-05-23,quantile,0.9,38,Connecticut,Ensemble
2026-05-02,09,3,wk inc flu hosp,2026-05-23,quantile,0.95,55,Connecticut,Ensemble
2026-05-02,09,3,wk inc flu hosp,2026-05-23,quantile,0.975,74,Connecticut,Ensemble
2026-05-02,09,3,wk inc flu hosp,2026-05-23,quantile,0.99,98,Connecticut,Ensemble
2026-05-02,10,0,wk inc flu hosp,2026-05-02,quantile,0.01,0,Delaware,Ensemble
2026-05-02,10,0,wk inc flu hosp,2026-05-02,quantile,0.025,0,Delaware,Ensemble
2026-05-02,10,0,wk inc flu hosp,2026-05-02,quantile,0.05,0,Delaware,Ensemble
2026-05-02,10,0,wk inc flu hosp,2026-05-02,quantile,0.1,0,Delaware,Ensemble
2026-05-02,10,0,wk inc flu hosp,2026-05-02,quantile,0.15,1,Delaware,Ensemble
2026-05-02,10,0,wk inc flu hosp,2026-05-02,quantile,0.2,1,Delaware,Ensemble
2026-05-02,10,0,wk inc flu hosp,2026-05-02,quantile,0.25,1,Delaware,Ensemble
2026-05-02,10,0,wk inc flu hosp,2026-05-02,quantile,0.3,1,Delaware,Ensemble
2026-05-02,10,0,wk inc flu hosp,2026-05-02,quantile,0.35,2,Delaware,Ensemble
2026-05-02,10,0,wk inc flu hosp,2026-05-02,quantile,0.4,2,Delaware,Ensemble
2026-05-02,10,0,wk inc flu hosp,2026-05-02,quantile,0.45,2,Delaware,Ensemble
2026-05-02,10,0,wk inc flu hosp,2026-05-02,quantile,0.5,3,Delaware,Ensemble
2026-05-02,10,0,wk inc flu hosp,2026-05-02,quantile,0.55,3,Delaware,Ensemble
2026-05-02,10,0,wk inc flu hosp,2026-05-02,quantile,0.6,4,Delaware,Ensemble
2026-05-02,10,0,wk inc flu hosp,2026-05-02,quantile,0.65,4,Delaware,Ensemble
2026-05-02,10,0,wk inc flu hosp,2026-05-02,quantile,0.7,4,Delaware,Ensemble
2026-05-02,10,0,wk inc flu hosp,2026-05-02,quantile,0.75,5,Delaware,Ensemble
2026-05-02,10,0,wk inc flu hosp,2026-05-02,quantile,0.8,5,Delaware,Ensemble
2026-05-02,10,0,wk inc flu hosp,2026-05-02,quantile,0.85,6,Delaware,Ensemble
2026-05-02,10,0,wk inc flu hosp,2026-05-02,quantile,0.9,7,Delaware,Ensemble
2026-05-02,10,0,wk inc flu hosp,2026-05-02,quantile,0.95,9,Delaware,Ensemble
2026-05-02,10,0,wk inc flu hosp,2026-05-02,quantile,0.975,11,Delaware,Ensemble
2026-05-02,10,0,wk inc flu hosp,2026-05-02,quantile,0.99,14,Delaware,Ensemble
2026-05-02,10,1,wk inc flu hosp,2026-05-09,quantile,0.01,0,Delaware,Ensemble
2026-05-02,10,1,wk inc flu hosp,2026-05-09,quantile,0.025,0,Delaware,Ensemble
2026-05-02,10,1,wk inc flu hosp,2026-05-09,quantile,0.05,0,Delaware,Ensemble
2026-05-02,10,1,wk inc flu hosp,2026-05-09,quantile,0.1,0,Delaware,Ensemble
2026-05-02,10,1,wk inc flu hosp,2026-05-09,quantile,0.15,0,Delaware,Ensemble
2026-05-02,10,1,wk inc flu hosp,2026-05-09,quantile,0.2,0,Delaware,Ensemble
2026-05-02,10,1,wk inc flu hosp,2026-05-09,quantile,0.25,1,Delaware,Ensemble
2026-05-02,10,1,wk inc flu hosp,2026-05-09,quantile,0.3,1,Delaware,Ensemble
2026-05-02,10,1,wk inc flu hosp,2026-05-09,quantile,0.35,1,Delaware,Ensemble
2026-05-02,10,1,wk inc flu hosp,2026-05-09,quantile,0.4,1,Delaware,Ensemble
2026-05-02,10,1,wk inc flu hosp,2026-05-09,quantile,0.45,2,Delaware,Ensemble
2026-05-02,10,1,wk inc flu hosp,2026-05-09,quantile,0.5,3,Delaware,Ensemble
2026-05-02,10,1,wk inc flu hosp,2026-05-09,quantile,0.55,3,Delaware,Ensemble
2026-05-02,10,1,wk inc flu hosp,2026-05-09,quantile,0.6,3,Delaware,Ensemble
2026-05-02,10,1,wk inc flu hosp,2026-05-09,quantile,0.65,4,Delaware,Ensemble
2026-05-02,10,1,wk inc flu hosp,2026-05-09,quantile,0.7,4,Delaware,Ensemble
2026-05-02,10,1,wk inc flu hosp,2026-05-09,quantile,0.75,5,Delaware,Ensemble
2026-05-02,10,1,wk inc flu hosp,2026-05-09,quantile,0.8,5,Delaware,Ensemble
2026-05-02,10,1,wk inc flu hosp,2026-05-09,quantile,0.85,6,Delaware,Ensemble
2026-05-02,10,1,wk inc flu hosp,2026-05-09,quantile,0.9,8,Delaware,Ensemble
2026-05-02,10,1,wk inc flu hosp,2026-05-09,quantile,0.95,10,Delaware,Ensemble
2026-05-02,10,1,wk inc flu hosp,2026-05-09,quantile,0.975,13,Delaware,Ensemble
2026-05-02,10,1,wk inc flu hosp,2026-05-09,quantile,0.99,17,Delaware,Ensemble
2026-05-02,10,2,wk inc flu hosp,2026-05-16,quantile,0.01,0,Delaware,Ensemble
2026-05-02,10,2,wk inc flu hosp,2026-05-16,quantile,0.025,0,Delaware,Ensemble
2026-05-02,10,2,wk inc flu hosp,2026-05-16,quantile,0.05,0,Delaware,Ensemble
2026-05-02,10,2,wk inc flu hosp,2026-05-16,quantile,0.1,0,Delaware,Ensemble
2026-05-02,10,2,wk inc flu hosp,2026-05-16,quantile,0.15,0,Delaware,Ensemble
2026-05-02,10,2,wk inc flu hosp,2026-05-16,quantile,0.2,0,Delaware,Ensemble
2026-05-02,10,2,wk inc flu hosp,2026-05-16,quantile,0.25,0,Delaware,Ensemble
2026-05-02,10,2,wk inc flu hosp,2026-05-16,quantile,0.3,1,Delaware,Ensemble
2026-05-02,10,2,wk inc flu hosp,2026-05-16,quantile,0.35,1,Delaware,Ensemble
2026-05-02,10,2,wk inc flu hosp,2026-05-16,quantile,0.4,1,Delaware,Ensemble
2026-05-02,10,2,wk inc flu hosp,2026-05-16,quantile,0.45,1,Delaware,Ensemble
2026-05-02,10,2,wk inc flu hosp,2026-05-16,quantile,0.5,3,Delaware,Ensemble
2026-05-02,10,2,wk inc flu hosp,2026-05-16,quantile,0.55,3,Delaware,Ensemble
2026-05-02,10,2,wk inc flu hosp,2026-05-16,quantile,0.6,3,Delaware,Ensemble
2026-05-02,10,2,wk inc flu hosp,2026-05-16,quantile,0.65,4,Delaware,Ensemble
2026-05-02,10,2,wk inc flu hosp,2026-05-16,quantile,0.7,4,Delaware,Ensemble
2026-05-02,10,2,wk inc flu hosp,2026-05-16,quantile,0.75,5,Delaware,Ensemble
2026-05-02,10,2,wk inc flu hosp,2026-05-16,quantile,0.8,5,Delaware,Ensemble
2026-05-02,10,2,wk inc flu hosp,2026-05-16,quantile,0.85,7,Delaware,Ensemble
2026-05-02,10,2,wk inc flu hosp,2026-05-16,quantile,0.9,8,Delaware,Ensemble
2026-05-02,10,2,wk inc flu hosp,2026-05-16,quantile,0.95,12,Delaware,Ensemble
2026-05-02,10,2,wk inc flu hosp,2026-05-16,quantile,0.975,16,Delaware,Ensemble
2026-05-02,10,2,wk inc flu hosp,2026-05-16,quantile,0.99,21,Delaware,Ensemble
2026-05-02,10,3,wk inc flu hosp,2026-05-23,quantile,0.01,0,Delaware,Ensemble
2026-05-02,10,3,wk inc flu hosp,2026-05-23,quantile,0.025,0,Delaware,Ensemble
2026-05-02,10,3,wk inc flu hosp,2026-05-23,quantile,0.05,0,Delaware,Ensemble
2026-05-02,10,3,wk inc flu hosp,2026-05-23,quantile,0.1,0,Delaware,Ensemble
2026-05-02,10,3,wk inc flu hosp,2026-05-23,quantile,0.15,0,Delaware,Ensemble
2026-05-02,10,3,wk inc flu hosp,2026-05-23,quantile,0.2,0,Delaware,Ensemble
2026-05-02,10,3,wk inc flu hosp,2026-05-23,quantile,0.25,0,Delaware,Ensemble
2026-05-02,10,3,wk inc flu hosp,2026-05-23,quantile,0.3,1,Delaware,Ensemble
2026-05-02,10,3,wk inc flu hosp,2026-05-23,quantile,0.35,1,Delaware,Ensemble
2026-05-02,10,3,wk inc flu hosp,2026-05-23,quantile,0.4,1,Delaware,Ensemble
2026-05-02,10,3,wk inc flu hosp,2026-05-23,quantile,0.45,1,Delaware,Ensemble
2026-05-02,10,3,wk inc flu hosp,2026-05-23,quantile,0.5,2,Delaware,Ensemble
2026-05-02,10,3,wk inc flu hosp,2026-05-23,quantile,0.55,3,Delaware,Ensemble
2026-05-02,10,3,wk inc flu hosp,2026-05-23,quantile,0.6,3,Delaware,Ensemble
2026-05-02,10,3,wk inc flu hosp,2026-05-23,quantile,0.65,4,Delaware,Ensemble
2026-05-02,10,3,wk inc flu hosp,2026-05-23,quantile,0.7,4,Delaware,Ensemble
2026-05-02,10,3,wk inc flu hosp,2026-05-23,quantile,0.75,5,Delaware,Ensemble
2026-05-02,10,3,wk inc flu hosp,2026-05-23,quantile,0.8,6,Delaware,Ensemble
2026-05-02,10,3,wk inc flu hosp,2026-05-23,quantile,0.85,7,Delaware,Ensemble
2026-05-02,10,3,wk inc flu hosp,2026-05-23,quantile,0.9,9,Delaware,Ensemble
2026-05-02,10,3,wk inc flu hosp,2026-05-23,quantile,0.95,13,Delaware,Ensemble
2026-05-02,10,3,wk inc flu hosp,2026-05-23,quantile,0.975,18,Delaware,Ensemble
2026-05-02,10,3,wk inc flu hosp,2026-05-23,quantile,0.99,26,Delaware,Ensemble
2026-05-02,11,0,wk inc flu hosp,2026-05-02,quantile,0.01,0,District of Columbia,Ensemble
2026-05-02,11,0,wk inc flu hosp,2026-05-02,quantile,0.025,0,District of Columbia,Ensemble
2026-05-02,11,0,wk inc flu hosp,2026-05-02,quantile,0.05,0,District of Columbia,Ensemble
2026-05-02,11,0,wk inc flu hosp,2026-05-02,quantile,0.1,0,District of Columbia,Ensemble
2026-05-02,11,0,wk inc flu hosp,2026-05-02,quantile,0.15,0,District of Columbia,Ensemble
2026-05-02,11,0,wk inc flu hosp,2026-05-02,quantile,0.2,0,District of Columbia,Ensemble
2026-05-02,11,0,wk inc flu hosp,2026-05-02,quantile,0.25,0,District of Columbia,Ensemble
2026-05-02,11,0,wk inc flu hosp,2026-05-02,quantile,0.3,0,District of Columbia,Ensemble
2026-05-02,11,0,wk inc flu hosp,2026-05-02,quantile,0.35,0,District of Columbia,Ensemble
2026-05-02,11,0,wk inc flu hosp,2026-05-02,quantile,0.4,1,District of Columbia,Ensemble
2026-05-02,11,0,wk inc flu hosp,2026-05-02,quantile,0.45,1,District of Columbia,Ensemble
2026-05-02,11,0,wk inc flu hosp,2026-05-02,quantile,0.5,2,District of Columbia,Ensemble
2026-05-02,11,0,wk inc flu hosp,2026-05-02,quantile,0.55,2,District of Columbia,Ensemble
2026-05-02,11,0,wk inc flu hosp,2026-05-02,quantile,0.6,2,District of Columbia,Ensemble
2026-05-02,11,0,wk inc flu hosp,2026-05-02,quantile,0.65,2,District of Columbia,Ensemble
2026-05-02,11,0,wk inc flu hosp,2026-05-02,quantile,0.7,3,District of Columbia,Ensemble
2026-05-02,11,0,wk inc flu hosp,2026-05-02,quantile,0.75,3,District of Columbia,Ensemble
2026-05-02,11,0,wk inc flu hosp,2026-05-02,quantile,0.8,3,District of Columbia,Ensemble
2026-05-02,11,0,wk inc flu hosp,2026-05-02,quantile,0.85,4,District of Columbia,Ensemble
2026-05-02,11,0,wk inc flu hosp,2026-05-02,quantile,0.9,5,District of Columbia,Ensemble
2026-05-02,11,0,wk inc flu hosp,2026-05-02,quantile,0.95,7,District of Columbia,Ensemble
2026-05-02,11,0,wk inc flu hosp,2026-05-02,quantile,0.975,9,District of Columbia,Ensemble
2026-05-02,11,0,wk inc flu hosp,2026-05-02,quantile,0.99,12,District of Columbia,Ensemble
2026-05-02,11,1,wk inc flu hosp,2026-05-09,quantile,0.01,0,District of Columbia,Ensemble
2026-05-02,11,1,wk inc flu hosp,2026-05-09,quantile,0.025,0,District of Columbia,Ensemble
2026-05-02,11,1,wk inc flu hosp,2026-05-09,quantile,0.05,0,District of Columbia,Ensemble
2026-05-02,11,1,wk inc flu hosp,2026-05-09,quantile,0.1,0,District of Columbia,Ensemble
2026-05-02,11,1,wk inc flu hosp,2026-05-09,quantile,0.15,0,District of Columbia,Ensemble
2026-05-02,11,1,wk inc flu hosp,2026-05-09,quantile,0.2,0,District of Columbia,Ensemble
2026-05-02,11,1,wk inc flu hosp,2026-05-09,quantile,0.25,0,District of Columbia,Ensemble
2026-05-02,11,1,wk inc flu hosp,2026-05-09,quantile,0.3,0,District of Columbia,Ensemble
2026-05-02,11,1,wk inc flu hosp,2026-05-09,quantile,0.35,0,District of Columbia,Ensemble
2026-05-02,11,1,wk inc flu hosp,2026-05-09,quantile,0.4,0,District of Columbia,Ensemble
2026-05-02,11,1,wk inc flu hosp,2026-05-09,quantile,0.45,1,District of Columbia,Ensemble
2026-05-02,11,1,wk inc flu hosp,2026-05-09,quantile,0.5,2,District of Columbia,Ensemble
2026-05-02,11,1,wk inc flu hosp,2026-05-09,quantile,0.55,2,District of Columbia,Ensemble
2026-05-02,11,1,wk inc flu hosp,2026-05-09,quantile,0.6,2,District of Columbia,Ensemble
2026-05-02,11,1,wk inc flu hosp,2026-05-09,quantile,0.65,2,District of Columbia,Ensemble
2026-05-02,11,1,wk inc flu hosp,2026-05-09,quantile,0.7,2,District of Columbia,Ensemble
2026-05-02,11,1,wk inc flu hosp,2026-05-09,quantile,0.75,3,District of Columbia,Ensemble
2026-05-02,11,1,wk inc flu hosp,2026-05-09,quantile,0.8,3,District of Columbia,Ensemble
2026-05-02,11,1,wk inc flu hosp,2026-05-09,quantile,0.85,4,District of Columbia,Ensemble
2026-05-02,11,1,wk inc flu hosp,2026-05-09,quantile,0.9,5,District of Columbia,Ensemble
2026-05-02,11,1,wk inc flu hosp,2026-05-09,quantile,0.95,7,District of Columbia,Ensemble
2026-05-02,11,1,wk inc flu hosp,2026-05-09,quantile,0.975,10,District of Columbia,Ensemble
2026-05-02,11,1,wk inc flu hosp,2026-05-09,quantile,0.99,14,District of Columbia,Ensemble
2026-05-02,11,2,wk inc flu hosp,2026-05-16,quantile,0.01,0,District of Columbia,Ensemble
2026-05-02,11,2,wk inc flu hosp,2026-05-16,quantile,0.025,0,District of Columbia,Ensemble
2026-05-02,11,2,wk inc flu hosp,2026-05-16,quantile,0.05,0,District of Columbia,Ensemble
2026-05-02,11,2,wk inc flu hosp,2026-05-16,quantile,0.1,0,District of Columbia,Ensemble
2026-05-02,11,2,wk inc flu hosp,2026-05-16,quantile,0.15,0,District of Columbia,Ensemble
2026-05-02,11,2,wk inc flu hosp,2026-05-16,quantile,0.2,0,District of Columbia,Ensemble
2026-05-02,11,2,wk inc flu hosp,2026-05-16,quantile,0.25,0,District of Columbia,Ensemble
2026-05-02,11,2,wk inc flu hosp,2026-05-16,quantile,0.3,0,District of Columbia,Ensemble
2026-05-02,11,2,wk inc flu hosp,2026-05-16,quantile,0.35,0,District of Columbia,Ensemble
2026-05-02,11,2,wk inc flu hosp,2026-05-16,quantile,0.4,0,District of Columbia,Ensemble
2026-05-02,11,2,wk inc flu hosp,2026-05-16,quantile,0.45,0,District of Columbia,Ensemble
2026-05-02,11,2,wk inc flu hosp,2026-05-16,quantile,0.5,1,District of Columbia,Ensemble
2026-05-02,11,2,wk inc flu hosp,2026-05-16,quantile,0.55,2,District of Columbia,Ensemble
2026-05-02,11,2,wk inc flu hosp,2026-05-16,quantile,0.6,2,District of Columbia,Ensemble
2026-05-02,11,2,wk inc flu hosp,2026-05-16,quantile,0.65,2,District of Columbia,Ensemble
2026-05-02,11,2,wk inc flu hosp,2026-05-16,quantile,0.7,2,District of Columbia,Ensemble
2026-05-02,11,2,wk inc flu hosp,2026-05-16,quantile,0.75,3,District of Columbia,Ensemble
2026-05-02,11,2,wk inc flu hosp,2026-05-16,quantile,0.8,3,District of Columbia,Ensemble
2026-05-02,11,2,wk inc flu hosp,2026-05-16,quantile,0.85,4,District of Columbia,Ensemble
2026-05-02,11,2,wk inc flu hosp,2026-05-16,quantile,0.9,5,District of Columbia,Ensemble
2026-05-02,11,2,wk inc flu hosp,2026-05-16,quantile,0.95,8,District of Columbia,Ensemble
2026-05-02,11,2,wk inc flu hosp,2026-05-16,quantile,0.975,11,District of Columbia,Ensemble
2026-05-02,11,2,wk inc flu hosp,2026-05-16,quantile,0.99,17,District of Columbia,Ensemble
2026-05-02,11,3,wk inc flu hosp,2026-05-23,quantile,0.01,0,District of Columbia,Ensemble
2026-05-02,11,3,wk inc flu hosp,2026-05-23,quantile,0.025,0,District of Columbia,Ensemble
2026-05-02,11,3,wk inc flu hosp,2026-05-23,quantile,0.05,0,District of Columbia,Ensemble
2026-05-02,11,3,wk inc flu hosp,2026-05-23,quantile,0.1,0,District of Columbia,Ensemble
2026-05-02,11,3,wk inc flu hosp,2026-05-23,quantile,0.15,0,District of Columbia,Ensemble
2026-05-02,11,3,wk inc flu hosp,2026-05-23,quantile,0.2,0,District of Columbia,Ensemble
2026-05-02,11,3,wk inc flu hosp,2026-05-23,quantile,0.25,0,District of Columbia,Ensemble
2026-05-02,11,3,wk inc flu hosp,2026-05-23,quantile,0.3,0,District of Columbia,Ensemble
2026-05-02,11,3,wk inc flu hosp,2026-05-23,quantile,0.35,0,District of Columbia,Ensemble
2026-05-02,11,3,wk inc flu hosp,2026-05-23,quantile,0.4,0,District of Columbia,Ensemble
2026-05-02,11,3,wk inc flu hosp,2026-05-23,quantile,0.45,0,District of Columbia,Ensemble
2026-05-02,11,3,wk inc flu hosp,2026-05-23,quantile,0.5,1,District of Columbia,Ensemble
2026-05-02,11,3,wk inc flu hosp,2026-05-23,quantile,0.55,2,District of Columbia,Ensemble
2026-05-02,11,3,wk inc flu hosp,2026-05-23,quantile,0.6,2,District of Columbia,Ensemble
2026-05-02,11,3,wk inc flu hosp,2026-05-23,quantile,0.65,2,District of Columbia,Ensemble
2026-05-02,11,3,wk inc flu hosp,2026-05-23,quantile,0.7,2,District of Columbia,Ensemble
2026-05-02,11,3,wk inc flu hosp,2026-05-23,quantile,0.75,3,District of Columbia,Ensemble
2026-05-02,11,3,wk inc flu hosp,2026-05-23,quantile,0.8,4,District of Columbia,Ensemble
2026-05-02,11,3,wk inc flu hosp,2026-05-23,quantile,0.85,5,District of Columbia,Ensemble
2026-05-02,11,3,wk inc flu hosp,2026-05-23,quantile,0.9,7,District of Columbia,Ensemble
2026-05-02,11,3,wk inc flu hosp,2026-05-23,quantile,0.95,11,District of Columbia,Ensemble
2026-05-02,11,3,wk inc flu hosp,2026-05-23,quantile,0.975,15,District of Columbia,Ensemble
2026-05-02,11,3,wk inc flu hosp,2026-05-23,quantile,0.99,22,District of Columbia,Ensemble
2026-05-02,12,0,wk inc flu hosp,2026-05-02,quantile,0.01,58,Florida,Ensemble
2026-05-02,12,0,wk inc flu hosp,2026-05-02,quantile,0.025,68,Florida,Ensemble
2026-05-02,12,0,wk inc flu hosp,2026-05-02,quantile,0.05,78,Florida,Ensemble
2026-05-02,12,0,wk inc flu hosp,2026-05-02,quantile,0.1,90,Florida,Ensemble
2026-05-02,12,0,wk inc flu hosp,2026-05-02,quantile,0.15,100,Florida,Ensemble
2026-05-02,12,0,wk inc flu hosp,2026-05-02,quantile,0.2,109,Florida,Ensemble
2026-05-02,12,0,wk inc flu hosp,2026-05-02,quantile,0.25,116,Florida,Ensemble
2026-05-02,12,0,wk inc flu hosp,2026-05-02,quantile,0.3,123,Florida,Ensemble
2026-05-02,12,0,wk inc flu hosp,2026-05-02,quantile,0.35,130,Florida,Ensemble
2026-05-02,12,0,wk inc flu hosp,2026-05-02,quantile,0.4,137,Florida,Ensemble
2026-05-02,12,0,wk inc flu hosp,2026-05-02,quantile,0.45,144,Florida,Ensemble
2026-05-02,12,0,wk inc flu hosp,2026-05-02,quantile,0.5,151,Florida,Ensemble
2026-05-02,12,0,wk inc flu hosp,2026-05-02,quantile,0.55,158,Florida,Ensemble
2026-05-02,12,0,wk inc flu hosp,2026-05-02,quantile,0.6,165,Florida,Ensemble
2026-05-02,12,0,wk inc flu hosp,2026-05-02,quantile,0.65,172,Florida,Ensemble
2026-05-02,12,0,wk inc flu hosp,2026-05-02,quantile,0.7,181,Florida,Ensemble
2026-05-02,12,0,wk inc flu hosp,2026-05-02,quantile,0.75,190,Florida,Ensemble
2026-05-02,12,0,wk inc flu hosp,2026-05-02,quantile,0.8,201,Florida,Ensemble
2026-05-02,12,0,wk inc flu hosp,2026-05-02,quantile,0.85,214,Florida,Ensemble
2026-05-02,12,0,wk inc flu hosp,2026-05-02,quantile,0.9,232,Florida,Ensemble
2026-05-02,12,0,wk inc flu hosp,2026-05-02,quantile,0.95,263,Florida,Ensemble
2026-05-02,12,0,wk inc flu hosp,2026-05-02,quantile,0.975,294,Florida,Ensemble
2026-05-02,12,0,wk inc flu hosp,2026-05-02,quantile,0.99,334,Florida,Ensemble
2026-05-02,12,1,wk inc flu hosp,2026-05-09,quantile,0.01,38,Florida,Ensemble
2026-05-02,12,1,wk inc flu hosp,2026-05-09,quantile,0.025,45,Florida,Ensemble
2026-05-02,12,1,wk inc flu hosp,2026-05-09,quantile,0.05,54,Florida,Ensemble
2026-05-02,12,1,wk inc flu hosp,2026-05-09,quantile,0.1,67,Florida,Ensemble
2026-05-02,12,1,wk inc flu hosp,2026-05-09,quantile,0.15,76,Florida,Ensemble
2026-05-02,12,1,wk inc flu hosp,2026-05-09,quantile,0.2,85,Florida,Ensemble
2026-05-02,12,1,wk inc flu hosp,2026-05-09,quantile,0.25,93,Florida,Ensemble
2026-05-02,12,1,wk inc flu hosp,2026-05-09,quantile,0.3,101,Florida,Ensemble
2026-05-02,12,1,wk inc flu hosp,2026-05-09,quantile,0.35,108,Florida,Ensemble
2026-05-02,12,1,wk inc flu hosp,2026-05-09,quantile,0.4,115,Florida,Ensemble
2026-05-02,12,1,wk inc flu hosp,2026-05-09,quantile,0.45,122,Florida,Ensemble
2026-05-02,12,1,wk inc flu hosp,2026-05-09,quantile,0.5,131,Florida,Ensemble
2026-05-02,12,1,wk inc flu hosp,2026-05-09,quantile,0.55,139,Florida,Ensemble
2026-05-02,12,1,wk inc flu hosp,2026-05-09,quantile,0.6,148,Florida,Ensemble
2026-05-02,12,1,wk inc flu hosp,2026-05-09,quantile,0.65,157,Florida,Ensemble
2026-05-02,12,1,wk inc flu hosp,2026-05-09,quantile,0.7,168,Florida,Ensemble
2026-05-02,12,1,wk inc flu hosp,2026-05-09,quantile,0.75,179,Florida,Ensemble
2026-05-02,12,1,wk inc flu hosp,2026-05-09,quantile,0.8,193,Florida,Ensemble
2026-05-02,12,1,wk inc flu hosp,2026-05-09,quantile,0.85,210,Florida,Ensemble
2026-05-02,12,1,wk inc flu hosp,2026-05-09,quantile,0.9,234,Florida,Ensemble
2026-05-02,12,1,wk inc flu hosp,2026-05-09,quantile,0.95,275,Florida,Ensemble
2026-05-02,12,1,wk inc flu hosp,2026-05-09,quantile,0.975,316,Florida,Ensemble
2026-05-02,12,1,wk inc flu hosp,2026-05-09,quantile,0.99,375,Florida,Ensemble
2026-05-02,12,2,wk inc flu hosp,2026-05-16,quantile,0.01,28,Florida,Ensemble
2026-05-02,12,2,wk inc flu hosp,2026-05-16,quantile,0.025,34,Florida,Ensemble
2026-05-02,12,2,wk inc flu hosp,2026-05-16,quantile,0.05,42,Florida,Ensemble
2026-05-02,12,2,wk inc flu hosp,2026-05-16,quantile,0.1,53,Florida,Ensemble
2026-05-02,12,2,wk inc flu hosp,2026-05-16,quantile,0.15,62,Florida,Ensemble
2026-05-02,12,2,wk inc flu hosp,2026-05-16,quantile,0.2,69,Florida,Ensemble
2026-05-02,12,2,wk inc flu hosp,2026-05-16,quantile,0.25,76,Florida,Ensemble
2026-05-02,12,2,wk inc flu hosp,2026-05-16,quantile,0.3,83,Florida,Ensemble
2026-05-02,12,2,wk inc flu hosp,2026-05-16,quantile,0.35,90,Florida,Ensemble
2026-05-02,12,2,wk inc flu hosp,2026-05-16,quantile,0.4,98,Florida,Ensemble
2026-05-02,12,2,wk inc flu hosp,2026-05-16,quantile,0.45,106,Florida,Ensemble
2026-05-02,12,2,wk inc flu hosp,2026-05-16,quantile,0.5,116,Florida,Ensemble
2026-05-02,12,2,wk inc flu hosp,2026-05-16,quantile,0.55,124,Florida,Ensemble
2026-05-02,12,2,wk inc flu hosp,2026-05-16,quantile,0.6,135,Florida,Ensemble
2026-05-02,12,2,wk inc flu hosp,2026-05-16,quantile,0.65,146,Florida,Ensemble
2026-05-02,12,2,wk inc flu hosp,2026-05-16,quantile,0.7,158,Florida,Ensemble
2026-05-02,12,2,wk inc flu hosp,2026-05-16,quantile,0.75,173,Florida,Ensemble
2026-05-02,12,2,wk inc flu hosp,2026-05-16,quantile,0.8,191,Florida,Ensemble
2026-05-02,12,2,wk inc flu hosp,2026-05-16,quantile,0.85,211,Florida,Ensemble
2026-05-02,12,2,wk inc flu hosp,2026-05-16,quantile,0.9,240,Florida,Ensemble
2026-05-02,12,2,wk inc flu hosp,2026-05-16,quantile,0.95,291,Florida,Ensemble
2026-05-02,12,2,wk inc flu hosp,2026-05-16,quantile,0.975,342,Florida,Ensemble
2026-05-02,12,2,wk inc flu hosp,2026-05-16,quantile,0.99,420,Florida,Ensemble
2026-05-02,12,3,wk inc flu hosp,2026-05-23,quantile,0.01,23,Florida,Ensemble
2026-05-02,12,3,wk inc flu hosp,2026-05-23,quantile,0.025,28,Florida,Ensemble
2026-05-02,12,3,wk inc flu hosp,2026-05-23,quantile,0.05,35,Florida,Ensemble
2026-05-02,12,3,wk inc flu hosp,2026-05-23,quantile,0.1,45,Florida,Ensemble
2026-05-02,12,3,wk inc flu hosp,2026-05-23,quantile,0.15,53,Florida,Ensemble
2026-05-02,12,3,wk inc flu hosp,2026-05-23,quantile,0.2,61,Florida,Ensemble
2026-05-02,12,3,wk inc flu hosp,2026-05-23,quantile,0.25,67,Florida,Ensemble
2026-05-02,12,3,wk inc flu hosp,2026-05-23,quantile,0.3,73,Florida,Ensemble
2026-05-02,12,3,wk inc flu hosp,2026-05-23,quantile,0.35,81,Florida,Ensemble
2026-05-02,12,3,wk inc flu hosp,2026-05-23,quantile,0.4,89,Florida,Ensemble
2026-05-02,12,3,wk inc flu hosp,2026-05-23,quantile,0.45,97,Florida,Ensemble
2026-05-02,12,3,wk inc flu hosp,2026-05-23,quantile,0.5,106,Florida,Ensemble
2026-05-02,12,3,wk inc flu hosp,2026-05-23,quantile,0.55,115,Florida,Ensemble
2026-05-02,12,3,wk inc flu hosp,2026-05-23,quantile,0.6,125,Florida,Ensemble
2026-05-02,12,3,wk inc flu hosp,2026-05-23,quantile,0.65,136,Florida,Ensemble
2026-05-02,12,3,wk inc flu hosp,2026-05-23,quantile,0.7,149,Florida,Ensemble
2026-05-02,12,3,wk inc flu hosp,2026-05-23,quantile,0.75,165,Florida,Ensemble
2026-05-02,12,3,wk inc flu hosp,2026-05-23,quantile,0.8,186,Florida,Ensemble
2026-05-02,12,3,wk inc flu hosp,2026-05-23,quantile,0.85,211,Florida,Ensemble
2026-05-02,12,3,wk inc flu hosp,2026-05-23,quantile,0.9,250,Florida,Ensemble
2026-05-02,12,3,wk inc flu hosp,2026-05-23,quantile,0.95,313,Florida,Ensemble
2026-05-02,12,3,wk inc flu hosp,2026-05-23,quantile,0.975,374,Florida,Ensemble
2026-05-02,12,3,wk inc flu hosp,2026-05-23,quantile,0.99,469,Florida,Ensemble
2026-05-02,13,0,wk inc flu hosp,2026-05-02,quantile,0.01,6,Georgia,Ensemble
2026-05-02,13,0,wk inc flu hosp,2026-05-02,quantile,0.025,7,Georgia,Ensemble
2026-05-02,13,0,wk inc flu hosp,2026-05-02,quantile,0.05,9,Georgia,Ensemble
2026-05-02,13,0,wk inc flu hosp,2026-05-02,quantile,0.1,12,Georgia,Ensemble
2026-05-02,13,0,wk inc flu hosp,2026-05-02,quantile,0.15,13,Georgia,Ensemble
2026-05-02,13,0,wk inc flu hosp,2026-05-02,quantile,0.2,15,Georgia,Ensemble
2026-05-02,13,0,wk inc flu hosp,2026-05-02,quantile,0.25,16,Georgia,Ensemble
2026-05-02,13,0,wk inc flu hosp,2026-05-02,quantile,0.3,18,Georgia,Ensemble
2026-05-02,13,0,wk inc flu hosp,2026-05-02,quantile,0.35,19,Georgia,Ensemble
2026-05-02,13,0,wk inc flu hosp,2026-05-02,quantile,0.4,20,Georgia,Ensemble
2026-05-02,13,0,wk inc flu hosp,2026-05-02,quantile,0.45,22,Georgia,Ensemble
2026-05-02,13,0,wk inc flu hosp,2026-05-02,quantile,0.5,24,Georgia,Ensemble
2026-05-02,13,0,wk inc flu hosp,2026-05-02,quantile,0.55,26,Georgia,Ensemble
2026-05-02,13,0,wk inc flu hosp,2026-05-02,quantile,0.6,27,Georgia,Ensemble
2026-05-02,13,0,wk inc flu hosp,2026-05-02,quantile,0.65,29,Georgia,Ensemble
2026-05-02,13,0,wk inc flu hosp,2026-05-02,quantile,0.7,31,Georgia,Ensemble
2026-05-02,13,0,wk inc flu hosp,2026-05-02,quantile,0.75,33,Georgia,Ensemble
2026-05-02,13,0,wk inc flu hosp,2026-05-02,quantile,0.8,35,Georgia,Ensemble
2026-05-02,13,0,wk inc flu hosp,2026-05-02,quantile,0.85,39,Georgia,Ensemble
2026-05-02,13,0,wk inc flu hosp,2026-05-02,quantile,0.9,43,Georgia,Ensemble
2026-05-02,13,0,wk inc flu hosp,2026-05-02,quantile,0.95,51,Georgia,Ensemble
2026-05-02,13,0,wk inc flu hosp,2026-05-02,quantile,0.975,59,Georgia,Ensemble
2026-05-02,13,0,wk inc flu hosp,2026-05-02,quantile,0.99,72,Georgia,Ensemble
2026-05-02,13,1,wk inc flu hosp,2026-05-09,quantile,0.01,4,Georgia,Ensemble
2026-05-02,13,1,wk inc flu hosp,2026-05-09,quantile,0.025,5,Georgia,Ensemble
2026-05-02,13,1,wk inc flu hosp,2026-05-09,quantile,0.05,6,Georgia,Ensemble
2026-05-02,13,1,wk inc flu hosp,2026-05-09,quantile,0.1,8,Georgia,Ensemble
2026-05-02,13,1,wk inc flu hosp,2026-05-09,quantile,0.15,10,Georgia,Ensemble
2026-05-02,13,1,wk inc flu hosp,2026-05-09,quantile,0.2,11,Georgia,Ensemble
2026-05-02,13,1,wk inc flu hosp,2026-05-09,quantile,0.25,12,Georgia,Ensemble
2026-05-02,13,1,wk inc flu hosp,2026-05-09,quantile,0.3,13,Georgia,Ensemble
2026-05-02,13,1,wk inc flu hosp,2026-05-09,quantile,0.35,15,Georgia,Ensemble
2026-05-02,13,1,wk inc flu hosp,2026-05-09,quantile,0.4,16,Georgia,Ensemble
2026-05-02,13,1,wk inc flu hosp,2026-05-09,quantile,0.45,17,Georgia,Ensemble
2026-05-02,13,1,wk inc flu hosp,2026-05-09,quantile,0.5,20,Georgia,Ensemble
2026-05-02,13,1,wk inc flu hosp,2026-05-09,quantile,0.55,22,Georgia,Ensemble
2026-05-02,13,1,wk inc flu hosp,2026-05-09,quantile,0.6,23,Georgia,Ensemble
2026-05-02,13,1,wk inc flu hosp,2026-05-09,quantile,0.65,25,Georgia,Ensemble
2026-05-02,13,1,wk inc flu hosp,2026-05-09,quantile,0.7,27,Georgia,Ensemble
2026-05-02,13,1,wk inc flu hosp,2026-05-09,quantile,0.75,30,Georgia,Ensemble
2026-05-02,13,1,wk inc flu hosp,2026-05-09,quantile,0.8,33,Georgia,Ensemble
2026-05-02,13,1,wk inc flu hosp,2026-05-09,quantile,0.85,38,Georgia,Ensemble
2026-05-02,13,1,wk inc flu hosp,2026-05-09,quantile,0.9,44,Georgia,Ensemble
2026-05-02,13,1,wk inc flu hosp,2026-05-09,quantile,0.95,56,Georgia,Ensemble
2026-05-02,13,1,wk inc flu hosp,2026-05-09,quantile,0.975,68,Georgia,Ensemble
2026-05-02,13,1,wk inc flu hosp,2026-05-09,quantile,0.99,87,Georgia,Ensemble
2026-05-02,13,2,wk inc flu hosp,2026-05-16,quantile,0.01,3,Georgia,Ensemble
2026-05-02,13,2,wk inc flu hosp,2026-05-16,quantile,0.025,4,Georgia,Ensemble
2026-05-02,13,2,wk inc flu hosp,2026-05-16,quantile,0.05,5,Georgia,Ensemble
2026-05-02,13,2,wk inc flu hosp,2026-05-16,quantile,0.1,6,Georgia,Ensemble
2026-05-02,13,2,wk inc flu hosp,2026-05-16,quantile,0.15,8,Georgia,Ensemble
2026-05-02,13,2,wk inc flu hosp,2026-05-16,quantile,0.2,9,Georgia,Ensemble
2026-05-02,13,2,wk inc flu hosp,2026-05-16,quantile,0.25,10,Georgia,Ensemble
2026-05-02,13,2,wk inc flu hosp,2026-05-16,quantile,0.3,11,Georgia,Ensemble
2026-05-02,13,2,wk inc flu hosp,2026-05-16,quantile,0.35,12,Georgia,Ensemble
2026-05-02,13,2,wk inc flu hosp,2026-05-16,quantile,0.4,14,Georgia,Ensemble
2026-05-02,13,2,wk inc flu hosp,2026-05-16,quantile,0.45,15,Georgia,Ensemble
2026-05-02,13,2,wk inc flu hosp,2026-05-16,quantile,0.5,17,Georgia,Ensemble
2026-05-02,13,2,wk inc flu hosp,2026-05-16,quantile,0.55,19,Georgia,Ensemble
2026-05-02,13,2,wk inc flu hosp,2026-05-16,quantile,0.6,21,Georgia,Ensemble
2026-05-02,13,2,wk inc flu hosp,2026-05-16,quantile,0.65,23,Georgia,Ensemble
2026-05-02,13,2,wk inc flu hosp,2026-05-16,quantile,0.7,25,Georgia,Ensemble
2026-05-02,13,2,wk inc flu hosp,2026-05-16,quantile,0.75,28,Georgia,Ensemble
2026-05-02,13,2,wk inc flu hosp,2026-05-16,quantile,0.8,31,Georgia,Ensemble
2026-05-02,13,2,wk inc flu hosp,2026-05-16,quantile,0.85,37,Georgia,Ensemble
2026-05-02,13,2,wk inc flu hosp,2026-05-16,quantile,0.9,45,Georgia,Ensemble
2026-05-02,13,2,wk inc flu hosp,2026-05-16,quantile,0.95,59,Georgia,Ensemble
2026-05-02,13,2,wk inc flu hosp,2026-05-16,quantile,0.975,76,Georgia,Ensemble
2026-05-02,13,2,wk inc flu hosp,2026-05-16,quantile,0.99,101,Georgia,Ensemble
2026-05-02,13,3,wk inc flu hosp,2026-05-23,quantile,0.01,2,Georgia,Ensemble
2026-05-02,13,3,wk inc flu hosp,2026-05-23,quantile,0.025,3,Georgia,Ensemble
2026-05-02,13,3,wk inc flu hosp,2026-05-23,quantile,0.05,4,Georgia,Ensemble
2026-05-02,13,3,wk inc flu hosp,2026-05-23,quantile,0.1,5,Georgia,Ensemble
2026-05-02,13,3,wk inc flu hosp,2026-05-23,quantile,0.15,7,Georgia,Ensemble
2026-05-02,13,3,wk inc flu hosp,2026-05-23,quantile,0.2,8,Georgia,Ensemble
2026-05-02,13,3,wk inc flu hosp,2026-05-23,quantile,0.25,9,Georgia,Ensemble
2026-05-02,13,3,wk inc flu hosp,2026-05-23,quantile,0.3,10,Georgia,Ensemble
2026-05-02,13,3,wk inc flu hosp,2026-05-23,quantile,0.35,11,Georgia,Ensemble
2026-05-02,13,3,wk inc flu hosp,2026-05-23,quantile,0.4,12,Georgia,Ensemble
2026-05-02,13,3,wk inc flu hosp,2026-05-23,quantile,0.45,13,Georgia,Ensemble
2026-05-02,13,3,wk inc flu hosp,2026-05-23,quantile,0.5,15,Georgia,Ensemble
2026-05-02,13,3,wk inc flu hosp,2026-05-23,quantile,0.55,17,Georgia,Ensemble
2026-05-02,13,3,wk inc flu hosp,2026-05-23,quantile,0.6,19,Georgia,Ensemble
2026-05-02,13,3,wk inc flu hosp,2026-05-23,quantile,0.65,21,Georgia,Ensemble
2026-05-02,13,3,wk inc flu hosp,2026-05-23,quantile,0.7,23,Georgia,Ensemble
2026-05-02,13,3,wk inc flu hosp,2026-05-23,quantile,0.75,26,Georgia,Ensemble
2026-05-02,13,3,wk inc flu hosp,2026-05-23,quantile,0.8,30,Georgia,Ensemble
2026-05-02,13,3,wk inc flu hosp,2026-05-23,quantile,0.85,36,Georgia,Ensemble
2026-05-02,13,3,wk inc flu hosp,2026-05-23,quantile,0.9,46,Georgia,Ensemble
2026-05-02,13,3,wk inc flu hosp,2026-05-23,quantile,0.95,63,Georgia,Ensemble
2026-05-02,13,3,wk inc flu hosp,2026-05-23,quantile,0.975,84,Georgia,Ensemble
2026-05-02,13,3,wk inc flu hosp,2026-05-23,quantile,0.99,113,Georgia,Ensemble
2026-05-02,15,0,wk inc flu hosp,2026-05-02,quantile,0.01,2,Hawaii,Ensemble
2026-05-02,15,0,wk inc flu hosp,2026-05-02,quantile,0.025,2,Hawaii,Ensemble
2026-05-02,15,0,wk inc flu hosp,2026-05-02,quantile,0.05,3,Hawaii,Ensemble
2026-05-02,15,0,wk inc flu hosp,2026-05-02,quantile,0.1,4,Hawaii,Ensemble
2026-05-02,15,0,wk inc flu hosp,2026-05-02,quantile,0.15,5,Hawaii,Ensemble
2026-05-02,15,0,wk inc flu hosp,2026-05-02,quantile,0.2,6,Hawaii,Ensemble
2026-05-02,15,0,wk inc flu hosp,2026-05-02,quantile,0.25,7,Hawaii,Ensemble
2026-05-02,15,0,wk inc flu hosp,2026-05-02,quantile,0.3,8,Hawaii,Ensemble
2026-05-02,15,0,wk inc flu hosp,2026-05-02,quantile,0.35,9,Hawaii,Ensemble
2026-05-02,15,0,wk inc flu hosp,2026-05-02,quantile,0.4,9,Hawaii,Ensemble
2026-05-02,15,0,wk inc flu hosp,2026-05-02,quantile,0.45,10,Hawaii,Ensemble
2026-05-02,15,0,wk inc flu hosp,2026-05-02,quantile,0.5,12,Hawaii,Ensemble
2026-05-02,15,0,wk inc flu hosp,2026-05-02,quantile,0.55,13,Hawaii,Ensemble
2026-05-02,15,0,wk inc flu hosp,2026-05-02,quantile,0.6,14,Hawaii,Ensemble
2026-05-02,15,0,wk inc flu hosp,2026-05-02,quantile,0.65,15,Hawaii,Ensemble
2026-05-02,15,0,wk inc flu hosp,2026-05-02,quantile,0.7,16,Hawaii,Ensemble
2026-05-02,15,0,wk inc flu hosp,2026-05-02,quantile,0.75,18,Hawaii,Ensemble
2026-05-02,15,0,wk inc flu hosp,2026-05-02,quantile,0.8,19,Hawaii,Ensemble
2026-05-02,15,0,wk inc flu hosp,2026-05-02,quantile,0.85,21,Hawaii,Ensemble
2026-05-02,15,0,wk inc flu hosp,2026-05-02,quantile,0.9,24,Hawaii,Ensemble
2026-05-02,15,0,wk inc flu hosp,2026-05-02,quantile,0.95,28,Hawaii,Ensemble
2026-05-02,15,0,wk inc flu hosp,2026-05-02,quantile,0.975,33,Hawaii,Ensemble
2026-05-02,15,0,wk inc flu hosp,2026-05-02,quantile,0.99,41,Hawaii,Ensemble
2026-05-02,15,1,wk inc flu hosp,2026-05-09,quantile,0.01,1,Hawaii,Ensemble
2026-05-02,15,1,wk inc flu hosp,2026-05-09,quantile,0.025,2,Hawaii,Ensemble
2026-05-02,15,1,wk inc flu hosp,2026-05-09,quantile,0.05,2,Hawaii,Ensemble
2026-05-02,15,1,wk inc flu hosp,2026-05-09,quantile,0.1,3,Hawaii,Ensemble
2026-05-02,15,1,wk inc flu hosp,2026-05-09,quantile,0.15,4,Hawaii,Ensemble
2026-05-02,15,1,wk inc flu hosp,2026-05-09,quantile,0.2,5,Hawaii,Ensemble
2026-05-02,15,1,wk inc flu hosp,2026-05-09,quantile,0.25,6,Hawaii,Ensemble
2026-05-02,15,1,wk inc flu hosp,2026-05-09,quantile,0.3,7,Hawaii,Ensemble
2026-05-02,15,1,wk inc flu hosp,2026-05-09,quantile,0.35,8,Hawaii,Ensemble
2026-05-02,15,1,wk inc flu hosp,2026-05-09,quantile,0.4,9,Hawaii,Ensemble
2026-05-02,15,1,wk inc flu hosp,2026-05-09,quantile,0.45,9,Hawaii,Ensemble
2026-05-02,15,1,wk inc flu hosp,2026-05-09,quantile,0.5,12,Hawaii,Ensemble
2026-05-02,15,1,wk inc flu hosp,2026-05-09,quantile,0.55,13,Hawaii,Ensemble
2026-05-02,15,1,wk inc flu hosp,2026-05-09,quantile,0.6,14,Hawaii,Ensemble
2026-05-02,15,1,wk inc flu hosp,2026-05-09,quantile,0.65,15,Hawaii,Ensemble
2026-05-02,15,1,wk inc flu hosp,2026-05-09,quantile,0.7,17,Hawaii,Ensemble
2026-05-02,15,1,wk inc flu hosp,2026-05-09,quantile,0.75,18,Hawaii,Ensemble
2026-05-02,15,1,wk inc flu hosp,2026-05-09,quantile,0.8,20,Hawaii,Ensemble
2026-05-02,15,1,wk inc flu hosp,2026-05-09,quantile,0.85,23,Hawaii,Ensemble
2026-05-02,15,1,wk inc flu hosp,2026-05-09,quantile,0.9,26,Hawaii,Ensemble
2026-05-02,15,1,wk inc flu hosp,2026-05-09,quantile,0.95,32,Hawaii,Ensemble
2026-05-02,15,1,wk inc flu hosp,2026-05-09,quantile,0.975,39,Hawaii,Ensemble
2026-05-02,15,1,wk inc flu hosp,2026-05-09,quantile,0.99,50,Hawaii,Ensemble
2026-05-02,15,2,wk inc flu hosp,2026-05-16,quantile,0.01,0,Hawaii,Ensemble
2026-05-02,15,2,wk inc flu hosp,2026-05-16,quantile,0.025,1,Hawaii,Ensemble
2026-05-02,15,2,wk inc flu hosp,2026-05-16,quantile,0.05,1,Hawaii,Ensemble
2026-05-02,15,2,wk inc flu hosp,2026-05-16,quantile,0.1,2,Hawaii,Ensemble
2026-05-02,15,2,wk inc flu hosp,2026-05-16,quantile,0.15,3,Hawaii,Ensemble
2026-05-02,15,2,wk inc flu hosp,2026-05-16,quantile,0.2,4,Hawaii,Ensemble
2026-05-02,15,2,wk inc flu hosp,2026-05-16,quantile,0.25,5,Hawaii,Ensemble
2026-05-02,15,2,wk inc flu hosp,2026-05-16,quantile,0.3,5,Hawaii,Ensemble
2026-05-02,15,2,wk inc flu hosp,2026-05-16,quantile,0.35,6,Hawaii,Ensemble
2026-05-02,15,2,wk inc flu hosp,2026-05-16,quantile,0.4,7,Hawaii,Ensemble
2026-05-02,15,2,wk inc flu hosp,2026-05-16,quantile,0.45,8,Hawaii,Ensemble
2026-05-02,15,2,wk inc flu hosp,2026-05-16,quantile,0.5,10,Hawaii,Ensemble
2026-05-02,15,2,wk inc flu hosp,2026-05-16,quantile,0.55,11,Hawaii,Ensemble
2026-05-02,15,2,wk inc flu hosp,2026-05-16,quantile,0.6,12,Hawaii,Ensemble
2026-05-02,15,2,wk inc flu hosp,2026-05-16,quantile,0.65,13,Hawaii,Ensemble
2026-05-02,15,2,wk inc flu hosp,2026-05-16,quantile,0.7,15,Hawaii,Ensemble
2026-05-02,15,2,wk inc flu hosp,2026-05-16,quantile,0.75,16,Hawaii,Ensemble
2026-05-02,15,2,wk inc flu hosp,2026-05-16,quantile,0.8,18,Hawaii,Ensemble
2026-05-02,15,2,wk inc flu hosp,2026-05-16,quantile,0.85,21,Hawaii,Ensemble
2026-05-02,15,2,wk inc flu hosp,2026-05-16,quantile,0.9,24,Hawaii,Ensemble
2026-05-02,15,2,wk inc flu hosp,2026-05-16,quantile,0.95,31,Hawaii,Ensemble
2026-05-02,15,2,wk inc flu hosp,2026-05-16,quantile,0.975,38,Hawaii,Ensemble
2026-05-02,15,2,wk inc flu hosp,2026-05-16,quantile,0.99,47,Hawaii,Ensemble
2026-05-02,15,3,wk inc flu hosp,2026-05-23,quantile,0.01,0,Hawaii,Ensemble
2026-05-02,15,3,wk inc flu hosp,2026-05-23,quantile,0.025,1,Hawaii,Ensemble
2026-05-02,15,3,wk inc flu hosp,2026-05-23,quantile,0.05,1,Hawaii,Ensemble
2026-05-02,15,3,wk inc flu hosp,2026-05-23,quantile,0.1,2,Hawaii,Ensemble
2026-05-02,15,3,wk inc flu hosp,2026-05-23,quantile,0.15,3,Hawaii,Ensemble
2026-05-02,15,3,wk inc flu hosp,2026-05-23,quantile,0.2,4,Hawaii,Ensemble
2026-05-02,15,3,wk inc flu hosp,2026-05-23,quantile,0.25,5,Hawaii,Ensemble
2026-05-02,15,3,wk inc flu hosp,2026-05-23,quantile,0.3,5,Hawaii,Ensemble
2026-05-02,15,3,wk inc flu hosp,2026-05-23,quantile,0.35,6,Hawaii,Ensemble
2026-05-02,15,3,wk inc flu hosp,2026-05-23,quantile,0.4,7,Hawaii,Ensemble
2026-05-02,15,3,wk inc flu hosp,2026-05-23,quantile,0.45,8,Hawaii,Ensemble
2026-05-02,15,3,wk inc flu hosp,2026-05-23,quantile,0.5,10,Hawaii,Ensemble
2026-05-02,15,3,wk inc flu hosp,2026-05-23,quantile,0.55,11,Hawaii,Ensemble
2026-05-02,15,3,wk inc flu hosp,2026-05-23,quantile,0.6,13,Hawaii,Ensemble
2026-05-02,15,3,wk inc flu hosp,2026-05-23,quantile,0.65,14,Hawaii,Ensemble
2026-05-02,15,3,wk inc flu hosp,2026-05-23,quantile,0.7,16,Hawaii,Ensemble
2026-05-02,15,3,wk inc flu hosp,2026-05-23,quantile,0.75,18,Hawaii,Ensemble
2026-05-02,15,3,wk inc flu hosp,2026-05-23,quantile,0.8,20,Hawaii,Ensemble
2026-05-02,15,3,wk inc flu hosp,2026-05-23,quantile,0.85,23,Hawaii,Ensemble
2026-05-02,15,3,wk inc flu hosp,2026-05-23,quantile,0.9,28,Hawaii,Ensemble
2026-05-02,15,3,wk inc flu hosp,2026-05-23,quantile,0.95,37,Hawaii,Ensemble
2026-05-02,15,3,wk inc flu hosp,2026-05-23,quantile,0.975,47,Hawaii,Ensemble
2026-05-02,15,3,wk inc flu hosp,2026-05-23,quantile,0.99,60,Hawaii,Ensemble
2026-05-02,16,0,wk inc flu hosp,2026-05-02,quantile,0.01,0,Idaho,Ensemble
2026-05-02,16,0,wk inc flu hosp,2026-05-02,quantile,0.025,0,Idaho,Ensemble
2026-05-02,16,0,wk inc flu hosp,2026-05-02,quantile,0.05,1,Idaho,Ensemble
2026-05-02,16,0,wk inc flu hosp,2026-05-02,quantile,0.1,2,Idaho,Ensemble
2026-05-02,16,0,wk inc flu hosp,2026-05-02,quantile,0.15,2,Idaho,Ensemble
2026-05-02,16,0,wk inc flu hosp,2026-05-02,quantile,0.2,2,Idaho,Ensemble
2026-05-02,16,0,wk inc flu hosp,2026-05-02,quantile,0.25,3,Idaho,Ensemble
2026-05-02,16,0,wk inc flu hosp,2026-05-02,quantile,0.3,3,Idaho,Ensemble
2026-05-02,16,0,wk inc flu hosp,2026-05-02,quantile,0.35,4,Idaho,Ensemble
2026-05-02,16,0,wk inc flu hosp,2026-05-02,quantile,0.4,4,Idaho,Ensemble
2026-05-02,16,0,wk inc flu hosp,2026-05-02,quantile,0.45,5,Idaho,Ensemble
2026-05-02,16,0,wk inc flu hosp,2026-05-02,quantile,0.5,6,Idaho,Ensemble
2026-05-02,16,0,wk inc flu hosp,2026-05-02,quantile,0.55,7,Idaho,Ensemble
2026-05-02,16,0,wk inc flu hosp,2026-05-02,quantile,0.6,7,Idaho,Ensemble
2026-05-02,16,0,wk inc flu hosp,2026-05-02,quantile,0.65,8,Idaho,Ensemble
2026-05-02,16,0,wk inc flu hosp,2026-05-02,quantile,0.7,8,Idaho,Ensemble
2026-05-02,16,0,wk inc flu hosp,2026-05-02,quantile,0.75,9,Idaho,Ensemble
2026-05-02,16,0,wk inc flu hosp,2026-05-02,quantile,0.8,10,Idaho,Ensemble
2026-05-02,16,0,wk inc flu hosp,2026-05-02,quantile,0.85,11,Idaho,Ensemble
2026-05-02,16,0,wk inc flu hosp,2026-05-02,quantile,0.9,12,Idaho,Ensemble
2026-05-02,16,0,wk inc flu hosp,2026-05-02,quantile,0.95,15,Idaho,Ensemble
2026-05-02,16,0,wk inc flu hosp,2026-05-02,quantile,0.975,18,Idaho,Ensemble
2026-05-02,16,0,wk inc flu hosp,2026-05-02,quantile,0.99,21,Idaho,Ensemble
2026-05-02,16,1,wk inc flu hosp,2026-05-09,quantile,0.01,0,Idaho,Ensemble
2026-05-02,16,1,wk inc flu hosp,2026-05-09,quantile,0.025,0,Idaho,Ensemble
2026-05-02,16,1,wk inc flu hosp,2026-05-09,quantile,0.05,0,Idaho,Ensemble
2026-05-02,16,1,wk inc flu hosp,2026-05-09,quantile,0.1,1,Idaho,Ensemble
2026-05-02,16,1,wk inc flu hosp,2026-05-09,quantile,0.15,1,Idaho,Ensemble
2026-05-02,16,1,wk inc flu hosp,2026-05-09,quantile,0.2,1,Idaho,Ensemble
2026-05-02,16,1,wk inc flu hosp,2026-05-09,quantile,0.25,2,Idaho,Ensemble
2026-05-02,16,1,wk inc flu hosp,2026-05-09,quantile,0.3,2,Idaho,Ensemble
2026-05-02,16,1,wk inc flu hosp,2026-05-09,quantile,0.35,3,Idaho,Ensemble
2026-05-02,16,1,wk inc flu hosp,2026-05-09,quantile,0.4,3,Idaho,Ensemble
2026-05-02,16,1,wk inc flu hosp,2026-05-09,quantile,0.45,3,Idaho,Ensemble
2026-05-02,16,1,wk inc flu hosp,2026-05-09,quantile,0.5,5,Idaho,Ensemble
2026-05-02,16,1,wk inc flu hosp,2026-05-09,quantile,0.55,5,Idaho,Ensemble
2026-05-02,16,1,wk inc flu hosp,2026-05-09,quantile,0.6,6,Idaho,Ensemble
2026-05-02,16,1,wk inc flu hosp,2026-05-09,quantile,0.65,6,Idaho,Ensemble
2026-05-02,16,1,wk inc flu hosp,2026-05-09,quantile,0.7,7,Idaho,Ensemble
2026-05-02,16,1,wk inc flu hosp,2026-05-09,quantile,0.75,8,Idaho,Ensemble
2026-05-02,16,1,wk inc flu hosp,2026-05-09,quantile,0.8,9,Idaho,Ensemble
2026-05-02,16,1,wk inc flu hosp,2026-05-09,quantile,0.85,10,Idaho,Ensemble
2026-05-02,16,1,wk inc flu hosp,2026-05-09,quantile,0.9,12,Idaho,Ensemble
2026-05-02,16,1,wk inc flu hosp,2026-05-09,quantile,0.95,15,Idaho,Ensemble
2026-05-02,16,1,wk inc flu hosp,2026-05-09,quantile,0.975,19,Idaho,Ensemble
2026-05-02,16,1,wk inc flu hosp,2026-05-09,quantile,0.99,24,Idaho,Ensemble
2026-05-02,16,2,wk inc flu hosp,2026-05-16,quantile,0.01,0,Idaho,Ensemble
2026-05-02,16,2,wk inc flu hosp,2026-05-16,quantile,0.025,0,Idaho,Ensemble
2026-05-02,16,2,wk inc flu hosp,2026-05-16,quantile,0.05,0,Idaho,Ensemble
2026-05-02,16,2,wk inc flu hosp,2026-05-16,quantile,0.1,0,Idaho,Ensemble
2026-05-02,16,2,wk inc flu hosp,2026-05-16,quantile,0.15,0,Idaho,Ensemble
2026-05-02,16,2,wk inc flu hosp,2026-05-16,quantile,0.2,1,Idaho,Ensemble
2026-05-02,16,2,wk inc flu hosp,2026-05-16,quantile,0.25,1,Idaho,Ensemble
2026-05-02,16,2,wk inc flu hosp,2026-05-16,quantile,0.3,1,Idaho,Ensemble
2026-05-02,16,2,wk inc flu hosp,2026-05-16,quantile,0.35,2,Idaho,Ensemble
2026-05-02,16,2,wk inc flu hosp,2026-05-16,quantile,0.4,2,Idaho,Ensemble
2026-05-02,16,2,wk inc flu hosp,2026-05-16,quantile,0.45,2,Idaho,Ensemble
2026-05-02,16,2,wk inc flu hosp,2026-05-16,quantile,0.5,4,Idaho,Ensemble
2026-05-02,16,2,wk inc flu hosp,2026-05-16,quantile,0.55,4,Idaho,Ensemble
2026-05-02,16,2,wk inc flu hosp,2026-05-16,quantile,0.6,5,Idaho,Ensemble
2026-05-02,16,2,wk inc flu hosp,2026-05-16,quantile,0.65,5,Idaho,Ensemble
2026-05-02,16,2,wk inc flu hosp,2026-05-16,quantile,0.7,6,Idaho,Ensemble
2026-05-02,16,2,wk inc flu hosp,2026-05-16,quantile,0.75,6,Idaho,Ensemble
2026-05-02,16,2,wk inc flu hosp,2026-05-16,quantile,0.8,7,Idaho,Ensemble
2026-05-02,16,2,wk inc flu hosp,2026-05-16,quantile,0.85,9,Idaho,Ensemble
2026-05-02,16,2,wk inc flu hosp,2026-05-16,quantile,0.9,11,Idaho,Ensemble
2026-05-02,16,2,wk inc flu hosp,2026-05-16,quantile,0.95,14,Idaho,Ensemble
2026-05-02,16,2,wk inc flu hosp,2026-05-16,quantile,0.975,19,Idaho,Ensemble
2026-05-02,16,2,wk inc flu hosp,2026-05-16,quantile,0.99,25,Idaho,Ensemble
2026-05-02,16,3,wk inc flu hosp,2026-05-23,quantile,0.01,0,Idaho,Ensemble
2026-05-02,16,3,wk inc flu hosp,2026-05-23,quantile,0.025,0,Idaho,Ensemble
2026-05-02,16,3,wk inc flu hosp,2026-05-23,quantile,0.05,0,Idaho,Ensemble
2026-05-02,16,3,wk inc flu hosp,2026-05-23,quantile,0.1,0,Idaho,Ensemble
2026-05-02,16,3,wk inc flu hosp,2026-05-23,quantile,0.15,0,Idaho,Ensemble
2026-05-02,16,3,wk inc flu hosp,2026-05-23,quantile,0.2,1,Idaho,Ensemble
2026-05-02,16,3,wk inc flu hosp,2026-05-23,quantile,0.25,1,Idaho,Ensemble
2026-05-02,16,3,wk inc flu hosp,2026-05-23,quantile,0.3,1,Idaho,Ensemble
2026-05-02,16,3,wk inc flu hosp,2026-05-23,quantile,0.35,1,Idaho,Ensemble
2026-05-02,16,3,wk inc flu hosp,2026-05-23,quantile,0.4,1,Idaho,Ensemble
2026-05-02,16,3,wk inc flu hosp,2026-05-23,quantile,0.45,2,Idaho,Ensemble
2026-05-02,16,3,wk inc flu hosp,2026-05-23,quantile,0.5,3,Idaho,Ensemble
2026-05-02,16,3,wk inc flu hosp,2026-05-23,quantile,0.55,4,Idaho,Ensemble
2026-05-02,16,3,wk inc flu hosp,2026-05-23,quantile,0.6,4,Idaho,Ensemble
2026-05-02,16,3,wk inc flu hosp,2026-05-23,quantile,0.65,4,Idaho,Ensemble
2026-05-02,16,3,wk inc flu hosp,2026-05-23,quantile,0.7,5,Idaho,Ensemble
2026-05-02,16,3,wk inc flu hosp,2026-05-23,quantile,0.75,6,Idaho,Ensemble
2026-05-02,16,3,wk inc flu hosp,2026-05-23,quantile,0.8,7,Idaho,Ensemble
2026-05-02,16,3,wk inc flu hosp,2026-05-23,quantile,0.85,8,Idaho,Ensemble
2026-05-02,16,3,wk inc flu hosp,2026-05-23,quantile,0.9,10,Idaho,Ensemble
2026-05-02,16,3,wk inc flu hosp,2026-05-23,quantile,0.95,15,Idaho,Ensemble
2026-05-02,16,3,wk inc flu hosp,2026-05-23,quantile,0.975,20,Idaho,Ensemble
2026-05-02,16,3,wk inc flu hosp,2026-05-23,quantile,0.99,28,Idaho,Ensemble
2026-05-02,17,0,wk inc flu hosp,2026-05-02,quantile,0.01,13,Illinois,Ensemble
2026-05-02,17,0,wk inc flu hosp,2026-05-02,quantile,0.025,17,Illinois,Ensemble
2026-05-02,17,0,wk inc flu hosp,2026-05-02,quantile,0.05,20,Illinois,Ensemble
2026-05-02,17,0,wk inc flu hosp,2026-05-02,quantile,0.1,25,Illinois,Ensemble
2026-05-02,17,0,wk inc flu hosp,2026-05-02,quantile,0.15,29,Illinois,Ensemble
2026-05-02,17,0,wk inc flu hosp,2026-05-02,quantile,0.2,33,Illinois,Ensemble
2026-05-02,17,0,wk inc flu hosp,2026-05-02,quantile,0.25,36,Illinois,Ensemble
2026-05-02,17,0,wk inc flu hosp,2026-05-02,quantile,0.3,38,Illinois,Ensemble
2026-05-02,17,0,wk inc flu hosp,2026-05-02,quantile,0.35,41,Illinois,Ensemble
2026-05-02,17,0,wk inc flu hosp,2026-05-02,quantile,0.4,44,Illinois,Ensemble
2026-05-02,17,0,wk inc flu hosp,2026-05-02,quantile,0.45,48,Illinois,Ensemble
2026-05-02,17,0,wk inc flu hosp,2026-05-02,quantile,0.5,53,Illinois,Ensemble
2026-05-02,17,0,wk inc flu hosp,2026-05-02,quantile,0.55,57,Illinois,Ensemble
2026-05-02,17,0,wk inc flu hosp,2026-05-02,quantile,0.6,60,Illinois,Ensemble
2026-05-02,17,0,wk inc flu hosp,2026-05-02,quantile,0.65,64,Illinois,Ensemble
2026-05-02,17,0,wk inc flu hosp,2026-05-02,quantile,0.7,67,Illinois,Ensemble
2026-05-02,17,0,wk inc flu hosp,2026-05-02,quantile,0.75,71,Illinois,Ensemble
2026-05-02,17,0,wk inc flu hosp,2026-05-02,quantile,0.8,76,Illinois,Ensemble
2026-05-02,17,0,wk inc flu hosp,2026-05-02,quantile,0.85,83,Illinois,Ensemble
2026-05-02,17,0,wk inc flu hosp,2026-05-02,quantile,0.9,94,Illinois,Ensemble
2026-05-02,17,0,wk inc flu hosp,2026-05-02,quantile,0.95,116,Illinois,Ensemble
2026-05-02,17,0,wk inc flu hosp,2026-05-02,quantile,0.975,141,Illinois,Ensemble
2026-05-02,17,0,wk inc flu hosp,2026-05-02,quantile,0.99,174,Illinois,Ensemble
2026-05-02,17,1,wk inc flu hosp,2026-05-09,quantile,0.01,7,Illinois,Ensemble
2026-05-02,17,1,wk inc flu hosp,2026-05-09,quantile,0.025,9,Illinois,Ensemble
2026-05-02,17,1,wk inc flu hosp,2026-05-09,quantile,0.05,12,Illinois,Ensemble
2026-05-02,17,1,wk inc flu hosp,2026-05-09,quantile,0.1,16,Illinois,Ensemble
2026-05-02,17,1,wk inc flu hosp,2026-05-09,quantile,0.15,19,Illinois,Ensemble
2026-05-02,17,1,wk inc flu hosp,2026-05-09,quantile,0.2,23,Illinois,Ensemble
2026-05-02,17,1,wk inc flu hosp,2026-05-09,quantile,0.25,26,Illinois,Ensemble
2026-05-02,17,1,wk inc flu hosp,2026-05-09,quantile,0.3,29,Illinois,Ensemble
2026-05-02,17,1,wk inc flu hosp,2026-05-09,quantile,0.35,32,Illinois,Ensemble
2026-05-02,17,1,wk inc flu hosp,2026-05-09,quantile,0.4,36,Illinois,Ensemble
2026-05-02,17,1,wk inc flu hosp,2026-05-09,quantile,0.45,39,Illinois,Ensemble
2026-05-02,17,1,wk inc flu hosp,2026-05-09,quantile,0.5,44,Illinois,Ensemble
2026-05-02,17,1,wk inc flu hosp,2026-05-09,quantile,0.55,48,Illinois,Ensemble
2026-05-02,17,1,wk inc flu hosp,2026-05-09,quantile,0.6,53,Illinois,Ensemble
2026-05-02,17,1,wk inc flu hosp,2026-05-09,quantile,0.65,58,Illinois,Ensemble
2026-05-02,17,1,wk inc flu hosp,2026-05-09,quantile,0.7,63,Illinois,Ensemble
2026-05-02,17,1,wk inc flu hosp,2026-05-09,quantile,0.75,69,Illinois,Ensemble
2026-05-02,17,1,wk inc flu hosp,2026-05-09,quantile,0.8,76,Illinois,Ensemble
2026-05-02,17,1,wk inc flu hosp,2026-05-09,quantile,0.85,87,Illinois,Ensemble
2026-05-02,17,1,wk inc flu hosp,2026-05-09,quantile,0.9,103,Illinois,Ensemble
2026-05-02,17,1,wk inc flu hosp,2026-05-09,quantile,0.95,138,Illinois,Ensemble
2026-05-02,17,1,wk inc flu hosp,2026-05-09,quantile,0.975,172,Illinois,Ensemble
2026-05-02,17,1,wk inc flu hosp,2026-05-09,quantile,0.99,220,Illinois,Ensemble
2026-05-02,17,2,wk inc flu hosp,2026-05-16,quantile,0.01,4,Illinois,Ensemble
2026-05-02,17,2,wk inc flu hosp,2026-05-16,quantile,0.025,6,Illinois,Ensemble
2026-05-02,17,2,wk inc flu hosp,2026-05-16,quantile,0.05,9,Illinois,Ensemble
2026-05-02,17,2,wk inc flu hosp,2026-05-16,quantile,0.1,12,Illinois,Ensemble
2026-05-02,17,2,wk inc flu hosp,2026-05-16,quantile,0.15,16,Illinois,Ensemble
2026-05-02,17,2,wk inc flu hosp,2026-05-16,quantile,0.2,18,Illinois,Ensemble
2026-05-02,17,2,wk inc flu hosp,2026-05-16,quantile,0.25,21,Illinois,Ensemble
2026-05-02,17,2,wk inc flu hosp,2026-05-16,quantile,0.3,24,Illinois,Ensemble
2026-05-02,17,2,wk inc flu hosp,2026-05-16,quantile,0.35,27,Illinois,Ensemble
2026-05-02,17,2,wk inc flu hosp,2026-05-16,quantile,0.4,31,Illinois,Ensemble
2026-05-02,17,2,wk inc flu hosp,2026-05-16,quantile,0.45,34,Illinois,Ensemble
2026-05-02,17,2,wk inc flu hosp,2026-05-16,quantile,0.5,39,Illinois,Ensemble
2026-05-02,17,2,wk inc flu hosp,2026-05-16,quantile,0.55,44,Illinois,Ensemble
2026-05-02,17,2,wk inc flu hosp,2026-05-16,quantile,0.6,49,Illinois,Ensemble
2026-05-02,17,2,wk inc flu hosp,2026-05-16,quantile,0.65,56,Illinois,Ensemble
2026-05-02,17,2,wk inc flu hosp,2026-05-16,quantile,0.7,62,Illinois,Ensemble
2026-05-02,17,2,wk inc flu hosp,2026-05-16,quantile,0.75,70,Illinois,Ensemble
2026-05-02,17,2,wk inc flu hosp,2026-05-16,quantile,0.8,80,Illinois,Ensemble
2026-05-02,17,2,wk inc flu hosp,2026-05-16,quantile,0.85,95,Illinois,Ensemble
2026-05-02,17,2,wk inc flu hosp,2026-05-16,quantile,0.9,120,Illinois,Ensemble
2026-05-02,17,2,wk inc flu hosp,2026-05-16,quantile,0.95,167,Illinois,Ensemble
2026-05-02,17,2,wk inc flu hosp,2026-05-16,quantile,0.975,212,Illinois,Ensemble
2026-05-02,17,2,wk inc flu hosp,2026-05-16,quantile,0.99,283,Illinois,Ensemble
2026-05-02,17,3,wk inc flu hosp,2026-05-23,quantile,0.01,3,Illinois,Ensemble
2026-05-02,17,3,wk inc flu hosp,2026-05-23,quantile,0.025,5,Illinois,Ensemble
2026-05-02,17,3,wk inc flu hosp,2026-05-23,quantile,0.05,7,Illinois,Ensemble
2026-05-02,17,3,wk inc flu hosp,2026-05-23,quantile,0.1,10,Illinois,Ensemble
2026-05-02,17,3,wk inc flu hosp,2026-05-23,quantile,0.15,13,Illinois,Ensemble
2026-05-02,17,3,wk inc flu hosp,2026-05-23,quantile,0.2,16,Illinois,Ensemble
2026-05-02,17,3,wk inc flu hosp,2026-05-23,quantile,0.25,19,Illinois,Ensemble
2026-05-02,17,3,wk inc flu hosp,2026-05-23,quantile,0.3,22,Illinois,Ensemble
2026-05-02,17,3,wk inc flu hosp,2026-05-23,quantile,0.35,25,Illinois,Ensemble
2026-05-02,17,3,wk inc flu hosp,2026-05-23,quantile,0.4,29,Illinois,Ensemble
2026-05-02,17,3,wk inc flu hosp,2026-05-23,quantile,0.45,33,Illinois,Ensemble
2026-05-02,17,3,wk inc flu hosp,2026-05-23,quantile,0.5,38,Illinois,Ensemble
2026-05-02,17,3,wk inc flu hosp,2026-05-23,quantile,0.55,43,Illinois,Ensemble
2026-05-02,17,3,wk inc flu hosp,2026-05-23,quantile,0.6,49,Illinois,Ensemble
2026-05-02,17,3,wk inc flu hosp,2026-05-23,quantile,0.65,56,Illinois,Ensemble
2026-05-02,17,3,wk inc flu hosp,2026-05-23,quantile,0.7,64,Illinois,Ensemble
2026-05-02,17,3,wk inc flu hosp,2026-05-23,quantile,0.75,73,Illinois,Ensemble
2026-05-02,17,3,wk inc flu hosp,2026-05-23,quantile,0.8,86,Illinois,Ensemble
2026-05-02,17,3,wk inc flu hosp,2026-05-23,quantile,0.85,104,Illinois,Ensemble
2026-05-02,17,3,wk inc flu hosp,2026-05-23,quantile,0.9,134,Illinois,Ensemble
2026-05-02,17,3,wk inc flu hosp,2026-05-23,quantile,0.95,187,Illinois,Ensemble
2026-05-02,17,3,wk inc flu hosp,2026-05-23,quantile,0.975,243,Illinois,Ensemble
2026-05-02,17,3,wk inc flu hosp,2026-05-23,quantile,0.99,325,Illinois,Ensemble
2026-05-02,18,0,wk inc flu hosp,2026-05-02,quantile,0.01,2,Indiana,Ensemble
2026-05-02,18,0,wk inc flu hosp,2026-05-02,quantile,0.025,3,Indiana,Ensemble
2026-05-02,18,0,wk inc flu hosp,2026-05-02,quantile,0.05,4,Indiana,Ensemble
2026-05-02,18,0,wk inc flu hosp,2026-05-02,quantile,0.1,6,Indiana,Ensemble
2026-05-02,18,0,wk inc flu hosp,2026-05-02,quantile,0.15,8,Indiana,Ensemble
2026-05-02,18,0,wk inc flu hosp,2026-05-02,quantile,0.2,9,Indiana,Ensemble
2026-05-02,18,0,wk inc flu hosp,2026-05-02,quantile,0.25,10,Indiana,Ensemble
2026-05-02,18,0,wk inc flu hosp,2026-05-02,quantile,0.3,11,Indiana,Ensemble
2026-05-02,18,0,wk inc flu hosp,2026-05-02,quantile,0.35,12,Indiana,Ensemble
2026-05-02,18,0,wk inc flu hosp,2026-05-02,quantile,0.4,13,Indiana,Ensemble
2026-05-02,18,0,wk inc flu hosp,2026-05-02,quantile,0.45,14,Indiana,Ensemble
2026-05-02,18,0,wk inc flu hosp,2026-05-02,quantile,0.5,17,Indiana,Ensemble
2026-05-02,18,0,wk inc flu hosp,2026-05-02,quantile,0.55,18,Indiana,Ensemble
2026-05-02,18,0,wk inc flu hosp,2026-05-02,quantile,0.6,19,Indiana,Ensemble
2026-05-02,18,0,wk inc flu hosp,2026-05-02,quantile,0.65,21,Indiana,Ensemble
2026-05-02,18,0,wk inc flu hosp,2026-05-02,quantile,0.7,22,Indiana,Ensemble
2026-05-02,18,0,wk inc flu hosp,2026-05-02,quantile,0.75,24,Indiana,Ensemble
2026-05-02,18,0,wk inc flu hosp,2026-05-02,quantile,0.8,26,Indiana,Ensemble
2026-05-02,18,0,wk inc flu hosp,2026-05-02,quantile,0.85,29,Indiana,Ensemble
2026-05-02,18,0,wk inc flu hosp,2026-05-02,quantile,0.9,32,Indiana,Ensemble
2026-05-02,18,0,wk inc flu hosp,2026-05-02,quantile,0.95,39,Indiana,Ensemble
2026-05-02,18,0,wk inc flu hosp,2026-05-02,quantile,0.975,45,Indiana,Ensemble
2026-05-02,18,0,wk inc flu hosp,2026-05-02,quantile,0.99,54,Indiana,Ensemble
2026-05-02,18,1,wk inc flu hosp,2026-05-09,quantile,0.01,1,Indiana,Ensemble
2026-05-02,18,1,wk inc flu hosp,2026-05-09,quantile,0.025,2,Indiana,Ensemble
2026-05-02,18,1,wk inc flu hosp,2026-05-09,quantile,0.05,2,Indiana,Ensemble
2026-05-02,18,1,wk inc flu hosp,2026-05-09,quantile,0.1,4,Indiana,Ensemble
2026-05-02,18,1,wk inc flu hosp,2026-05-09,quantile,0.15,5,Indiana,Ensemble
2026-05-02,18,1,wk inc flu hosp,2026-05-09,quantile,0.2,6,Indiana,Ensemble
2026-05-02,18,1,wk inc flu hosp,2026-05-09,quantile,0.25,7,Indiana,Ensemble
2026-05-02,18,1,wk inc flu hosp,2026-05-09,quantile,0.3,8,Indiana,Ensemble
2026-05-02,18,1,wk inc flu hosp,2026-05-09,quantile,0.35,9,Indiana,Ensemble
2026-05-02,18,1,wk inc flu hosp,2026-05-09,quantile,0.4,10,Indiana,Ensemble
2026-05-02,18,1,wk inc flu hosp,2026-05-09,quantile,0.45,11,Indiana,Ensemble
2026-05-02,18,1,wk inc flu hosp,2026-05-09,quantile,0.5,13,Indiana,Ensemble
2026-05-02,18,1,wk inc flu hosp,2026-05-09,quantile,0.55,14,Indiana,Ensemble
2026-05-02,18,1,wk inc flu hosp,2026-05-09,quantile,0.6,15,Indiana,Ensemble
2026-05-02,18,1,wk inc flu hosp,2026-05-09,quantile,0.65,17,Indiana,Ensemble
2026-05-02,18,1,wk inc flu hosp,2026-05-09,quantile,0.7,18,Indiana,Ensemble
2026-05-02,18,1,wk inc flu hosp,2026-05-09,quantile,0.75,20,Indiana,Ensemble
2026-05-02,18,1,wk inc flu hosp,2026-05-09,quantile,0.8,23,Indiana,Ensemble
2026-05-02,18,1,wk inc flu hosp,2026-05-09,quantile,0.85,26,Indiana,Ensemble
2026-05-02,18,1,wk inc flu hosp,2026-05-09,quantile,0.9,31,Indiana,Ensemble
2026-05-02,18,1,wk inc flu hosp,2026-05-09,quantile,0.95,41,Indiana,Ensemble
2026-05-02,18,1,wk inc flu hosp,2026-05-09,quantile,0.975,50,Indiana,Ensemble
2026-05-02,18,1,wk inc flu hosp,2026-05-09,quantile,0.99,65,Indiana,Ensemble
2026-05-02,18,2,wk inc flu hosp,2026-05-16,quantile,0.01,1,Indiana,Ensemble
2026-05-02,18,2,wk inc flu hosp,2026-05-16,quantile,0.025,1,Indiana,Ensemble
2026-05-02,18,2,wk inc flu hosp,2026-05-16,quantile,0.05,2,Indiana,Ensemble
2026-05-02,18,2,wk inc flu hosp,2026-05-16,quantile,0.1,3,Indiana,Ensemble
2026-05-02,18,2,wk inc flu hosp,2026-05-16,quantile,0.15,4,Indiana,Ensemble
2026-05-02,18,2,wk inc flu hosp,2026-05-16,quantile,0.2,5,Indiana,Ensemble
2026-05-02,18,2,wk inc flu hosp,2026-05-16,quantile,0.25,6,Indiana,Ensemble
2026-05-02,18,2,wk inc flu hosp,2026-05-16,quantile,0.3,6,Indiana,Ensemble
2026-05-02,18,2,wk inc flu hosp,2026-05-16,quantile,0.35,7,Indiana,Ensemble
2026-05-02,18,2,wk inc flu hosp,2026-05-16,quantile,0.4,8,Indiana,Ensemble
2026-05-02,18,2,wk inc flu hosp,2026-05-16,quantile,0.45,9,Indiana,Ensemble
2026-05-02,18,2,wk inc flu hosp,2026-05-16,quantile,0.5,11,Indiana,Ensemble
2026-05-02,18,2,wk inc flu hosp,2026-05-16,quantile,0.55,12,Indiana,Ensemble
2026-05-02,18,2,wk inc flu hosp,2026-05-16,quantile,0.6,14,Indiana,Ensemble
2026-05-02,18,2,wk inc flu hosp,2026-05-16,quantile,0.65,15,Indiana,Ensemble
2026-05-02,18,2,wk inc flu hosp,2026-05-16,quantile,0.7,17,Indiana,Ensemble
2026-05-02,18,2,wk inc flu hosp,2026-05-16,quantile,0.75,19,Indiana,Ensemble
2026-05-02,18,2,wk inc flu hosp,2026-05-16,quantile,0.8,22,Indiana,Ensemble
2026-05-02,18,2,wk inc flu hosp,2026-05-16,quantile,0.85,26,Indiana,Ensemble
2026-05-02,18,2,wk inc flu hosp,2026-05-16,quantile,0.9,32,Indiana,Ensemble
2026-05-02,18,2,wk inc flu hosp,2026-05-16,quantile,0.95,44,Indiana,Ensemble
2026-05-02,18,2,wk inc flu hosp,2026-05-16,quantile,0.975,58,Indiana,Ensemble
2026-05-02,18,2,wk inc flu hosp,2026-05-16,quantile,0.99,79,Indiana,Ensemble
2026-05-02,18,3,wk inc flu hosp,2026-05-23,quantile,0.01,0,Indiana,Ensemble
2026-05-02,18,3,wk inc flu hosp,2026-05-23,quantile,0.025,1,Indiana,Ensemble
2026-05-02,18,3,wk inc flu hosp,2026-05-23,quantile,0.05,1,Indiana,Ensemble
2026-05-02,18,3,wk inc flu hosp,2026-05-23,quantile,0.1,2,Indiana,Ensemble
2026-05-02,18,3,wk inc flu hosp,2026-05-23,quantile,0.15,3,Indiana,Ensemble
2026-05-02,18,3,wk inc flu hosp,2026-05-23,quantile,0.2,4,Indiana,Ensemble
2026-05-02,18,3,wk inc flu hosp,2026-05-23,quantile,0.25,4,Indiana,Ensemble
2026-05-02,18,3,wk inc flu hosp,2026-05-23,quantile,0.3,5,Indiana,Ensemble
2026-05-02,18,3,wk inc flu hosp,2026-05-23,quantile,0.35,6,Indiana,Ensemble
2026-05-02,18,3,wk inc flu hosp,2026-05-23,quantile,0.4,7,Indiana,Ensemble
2026-05-02,18,3,wk inc flu hosp,2026-05-23,quantile,0.45,8,Indiana,Ensemble
2026-05-02,18,3,wk inc flu hosp,2026-05-23,quantile,0.5,10,Indiana,Ensemble
2026-05-02,18,3,wk inc flu hosp,2026-05-23,quantile,0.55,11,Indiana,Ensemble
2026-05-02,18,3,wk inc flu hosp,2026-05-23,quantile,0.6,12,Indiana,Ensemble
2026-05-02,18,3,wk inc flu hosp,2026-05-23,quantile,0.65,13,Indiana,Ensemble
2026-05-02,18,3,wk inc flu hosp,2026-05-23,quantile,0.7,15,Indiana,Ensemble
2026-05-02,18,3,wk inc flu hosp,2026-05-23,quantile,0.75,17,Indiana,Ensemble
2026-05-02,18,3,wk inc flu hosp,2026-05-23,quantile,0.8,20,Indiana,Ensemble
2026-05-02,18,3,wk inc flu hosp,2026-05-23,quantile,0.85,25,Indiana,Ensemble
2026-05-02,18,3,wk inc flu hosp,2026-05-23,quantile,0.9,33,Indiana,Ensemble
2026-05-02,18,3,wk inc flu hosp,2026-05-23,quantile,0.95,48,Indiana,Ensemble
2026-05-02,18,3,wk inc flu hosp,2026-05-23,quantile,0.975,66,Indiana,Ensemble
2026-05-02,18,3,wk inc flu hosp,2026-05-23,quantile,0.99,97,Indiana,Ensemble
2026-05-02,19,0,wk inc flu hosp,2026-05-02,quantile,0.01,2,Iowa,Ensemble
2026-05-02,19,0,wk inc flu hosp,2026-05-02,quantile,0.025,2,Iowa,Ensemble
2026-05-02,19,0,wk inc flu hosp,2026-05-02,quantile,0.05,3,Iowa,Ensemble
2026-05-02,19,0,wk inc flu hosp,2026-05-02,quantile,0.1,4,Iowa,Ensemble
2026-05-02,19,0,wk inc flu hosp,2026-05-02,quantile,0.15,5,Iowa,Ensemble
2026-05-02,19,0,wk inc flu hosp,2026-05-02,quantile,0.2,6,Iowa,Ensemble
2026-05-02,19,0,wk inc flu hosp,2026-05-02,quantile,0.25,7,Iowa,Ensemble
2026-05-02,19,0,wk inc flu hosp,2026-05-02,quantile,0.3,7,Iowa,Ensemble
2026-05-02,19,0,wk inc flu hosp,2026-05-02,quantile,0.35,8,Iowa,Ensemble
2026-05-02,19,0,wk inc flu hosp,2026-05-02,quantile,0.4,9,Iowa,Ensemble
2026-05-02,19,0,wk inc flu hosp,2026-05-02,quantile,0.45,10,Iowa,Ensemble
2026-05-02,19,0,wk inc flu hosp,2026-05-02,quantile,0.5,12,Iowa,Ensemble
2026-05-02,19,0,wk inc flu hosp,2026-05-02,quantile,0.55,12,Iowa,Ensemble
2026-05-02,19,0,wk inc flu hosp,2026-05-02,quantile,0.6,13,Iowa,Ensemble
2026-05-02,19,0,wk inc flu hosp,2026-05-02,quantile,0.65,14,Iowa,Ensemble
2026-05-02,19,0,wk inc flu hosp,2026-05-02,quantile,0.7,15,Iowa,Ensemble
2026-05-02,19,0,wk inc flu hosp,2026-05-02,quantile,0.75,16,Iowa,Ensemble
2026-05-02,19,0,wk inc flu hosp,2026-05-02,quantile,0.8,17,Iowa,Ensemble
2026-05-02,19,0,wk inc flu hosp,2026-05-02,quantile,0.85,19,Iowa,Ensemble
2026-05-02,19,0,wk inc flu hosp,2026-05-02,quantile,0.9,22,Iowa,Ensemble
2026-05-02,19,0,wk inc flu hosp,2026-05-02,quantile,0.95,26,Iowa,Ensemble
2026-05-02,19,0,wk inc flu hosp,2026-05-02,quantile,0.975,33,Iowa,Ensemble
2026-05-02,19,0,wk inc flu hosp,2026-05-02,quantile,0.99,42,Iowa,Ensemble
2026-05-02,19,1,wk inc flu hosp,2026-05-09,quantile,0.01,0,Iowa,Ensemble
2026-05-02,19,1,wk inc flu hosp,2026-05-09,quantile,0.025,1,Iowa,Ensemble
2026-05-02,19,1,wk inc flu hosp,2026-05-09,quantile,0.05,1,Iowa,Ensemble
2026-05-02,19,1,wk inc flu hosp,2026-05-09,quantile,0.1,2,Iowa,Ensemble
2026-05-02,19,1,wk inc flu hosp,2026-05-09,quantile,0.15,3,Iowa,Ensemble
2026-05-02,19,1,wk inc flu hosp,2026-05-09,quantile,0.2,4,Iowa,Ensemble
2026-05-02,19,1,wk inc flu hosp,2026-05-09,quantile,0.25,4,Iowa,Ensemble
2026-05-02,19,1,wk inc flu hosp,2026-05-09,quantile,0.3,5,Iowa,Ensemble
2026-05-02,19,1,wk inc flu hosp,2026-05-09,quantile,0.35,6,Iowa,Ensemble
2026-05-02,19,1,wk inc flu hosp,2026-05-09,quantile,0.4,7,Iowa,Ensemble
2026-05-02,19,1,wk inc flu hosp,2026-05-09,quantile,0.45,7,Iowa,Ensemble
2026-05-02,19,1,wk inc flu hosp,2026-05-09,quantile,0.5,9,Iowa,Ensemble
2026-05-02,19,1,wk inc flu hosp,2026-05-09,quantile,0.55,10,Iowa,Ensemble
2026-05-02,19,1,wk inc flu hosp,2026-05-09,quantile,0.6,11,Iowa,Ensemble
2026-05-02,19,1,wk inc flu hosp,2026-05-09,quantile,0.65,12,Iowa,Ensemble
2026-05-02,19,1,wk inc flu hosp,2026-05-09,quantile,0.7,13,Iowa,Ensemble
2026-05-02,19,1,wk inc flu hosp,2026-05-09,quantile,0.75,15,Iowa,Ensemble
2026-05-02,19,1,wk inc flu hosp,2026-05-09,quantile,0.8,16,Iowa,Ensemble
2026-05-02,19,1,wk inc flu hosp,2026-05-09,quantile,0.85,18,Iowa,Ensemble
2026-05-02,19,1,wk inc flu hosp,2026-05-09,quantile,0.9,22,Iowa,Ensemble
2026-05-02,19,1,wk inc flu hosp,2026-05-09,quantile,0.95,30,Iowa,Ensemble
2026-05-02,19,1,wk inc flu hosp,2026-05-09,quantile,0.975,39,Iowa,Ensemble
2026-05-02,19,1,wk inc flu hosp,2026-05-09,quantile,0.99,49,Iowa,Ensemble
2026-05-02,19,2,wk inc flu hosp,2026-05-16,quantile,0.01,0,Iowa,Ensemble
2026-05-02,19,2,wk inc flu hosp,2026-05-16,quantile,0.025,0,Iowa,Ensemble
2026-05-02,19,2,wk inc flu hosp,2026-05-16,quantile,0.05,1,Iowa,Ensemble
2026-05-02,19,2,wk inc flu hosp,2026-05-16,quantile,0.1,1,Iowa,Ensemble
2026-05-02,19,2,wk inc flu hosp,2026-05-16,quantile,0.15,2,Iowa,Ensemble
2026-05-02,19,2,wk inc flu hosp,2026-05-16,quantile,0.2,2,Iowa,Ensemble
2026-05-02,19,2,wk inc flu hosp,2026-05-16,quantile,0.25,3,Iowa,Ensemble
2026-05-02,19,2,wk inc flu hosp,2026-05-16,quantile,0.3,4,Iowa,Ensemble
2026-05-02,19,2,wk inc flu hosp,2026-05-16,quantile,0.35,4,Iowa,Ensemble
2026-05-02,19,2,wk inc flu hosp,2026-05-16,quantile,0.4,5,Iowa,Ensemble
2026-05-02,19,2,wk inc flu hosp,2026-05-16,quantile,0.45,5,Iowa,Ensemble
2026-05-02,19,2,wk inc flu hosp,2026-05-16,quantile,0.5,7,Iowa,Ensemble
2026-05-02,19,2,wk inc flu hosp,2026-05-16,quantile,0.55,8,Iowa,Ensemble
2026-05-02,19,2,wk inc flu hosp,2026-05-16,quantile,0.6,9,Iowa,Ensemble
2026-05-02,19,2,wk inc flu hosp,2026-05-16,quantile,0.65,10,Iowa,Ensemble
2026-05-02,19,2,wk inc flu hosp,2026-05-16,quantile,0.7,11,Iowa,Ensemble
2026-05-02,19,2,wk inc flu hosp,2026-05-16,quantile,0.75,13,Iowa,Ensemble
2026-05-02,19,2,wk inc flu hosp,2026-05-16,quantile,0.8,15,Iowa,Ensemble
2026-05-02,19,2,wk inc flu hosp,2026-05-16,quantile,0.85,18,Iowa,Ensemble
2026-05-02,19,2,wk inc flu hosp,2026-05-16,quantile,0.9,23,Iowa,Ensemble
2026-05-02,19,2,wk inc flu hosp,2026-05-16,quantile,0.95,33,Iowa,Ensemble
2026-05-02,19,2,wk inc flu hosp,2026-05-16,quantile,0.975,42,Iowa,Ensemble
2026-05-02,19,2,wk inc flu hosp,2026-05-16,quantile,0.99,54,Iowa,Ensemble
2026-05-02,19,3,wk inc flu hosp,2026-05-23,quantile,0.01,0,Iowa,Ensemble
2026-05-02,19,3,wk inc flu hosp,2026-05-23,quantile,0.025,0,Iowa,Ensemble
2026-05-02,19,3,wk inc flu hosp,2026-05-23,quantile,0.05,0,Iowa,Ensemble
2026-05-02,19,3,wk inc flu hosp,2026-05-23,quantile,0.1,1,Iowa,Ensemble
2026-05-02,19,3,wk inc flu hosp,2026-05-23,quantile,0.15,1,Iowa,Ensemble
2026-05-02,19,3,wk inc flu hosp,2026-05-23,quantile,0.2,2,Iowa,Ensemble
2026-05-02,19,3,wk inc flu hosp,2026-05-23,quantile,0.25,2,Iowa,Ensemble
2026-05-02,19,3,wk inc flu hosp,2026-05-23,quantile,0.3,3,Iowa,Ensemble
2026-05-02,19,3,wk inc flu hosp,2026-05-23,quantile,0.35,3,Iowa,Ensemble
2026-05-02,19,3,wk inc flu hosp,2026-05-23,quantile,0.4,4,Iowa,Ensemble
2026-05-02,19,3,wk inc flu hosp,2026-05-23,quantile,0.45,4,Iowa,Ensemble
2026-05-02,19,3,wk inc flu hosp,2026-05-23,quantile,0.5,6,Iowa,Ensemble
2026-05-02,19,3,wk inc flu hosp,2026-05-23,quantile,0.55,6,Iowa,Ensemble
2026-05-02,19,3,wk inc flu hosp,2026-05-23,quantile,0.6,7,Iowa,Ensemble
2026-05-02,19,3,wk inc flu hosp,2026-05-23,quantile,0.65,9,Iowa,Ensemble
2026-05-02,19,3,wk inc flu hosp,2026-05-23,quantile,0.7,10,Iowa,Ensemble
2026-05-02,19,3,wk inc flu hosp,2026-05-23,quantile,0.75,12,Iowa,Ensemble
2026-05-02,19,3,wk inc flu hosp,2026-05-23,quantile,0.8,14,Iowa,Ensemble
2026-05-02,19,3,wk inc flu hosp,2026-05-23,quantile,0.85,17,Iowa,Ensemble
2026-05-02,19,3,wk inc flu hosp,2026-05-23,quantile,0.9,23,Iowa,Ensemble
2026-05-02,19,3,wk inc flu hosp,2026-05-23,quantile,0.95,35,Iowa,Ensemble
2026-05-02,19,3,wk inc flu hosp,2026-05-23,quantile,0.975,45,Iowa,Ensemble
2026-05-02,19,3,wk inc flu hosp,2026-05-23,quantile,0.99,59,Iowa,Ensemble
2026-05-02,20,0,wk inc flu hosp,2026-05-02,quantile,0.01,0,Kansas,Ensemble
2026-05-02,20,0,wk inc flu hosp,2026-05-02,quantile,0.025,1,Kansas,Ensemble
2026-05-02,20,0,wk inc flu hosp,2026-05-02,quantile,0.05,1,Kansas,Ensemble
2026-05-02,20,0,wk inc flu hosp,2026-05-02,quantile,0.1,2,Kansas,Ensemble
2026-05-02,20,0,wk inc flu hosp,2026-05-02,quantile,0.15,2,Kansas,Ensemble
2026-05-02,20,0,wk inc flu hosp,2026-05-02,quantile,0.2,3,Kansas,Ensemble
2026-05-02,20,0,wk inc flu hosp,2026-05-02,quantile,0.25,3,Kansas,Ensemble
2026-05-02,20,0,wk inc flu hosp,2026-05-02,quantile,0.3,4,Kansas,Ensemble
2026-05-02,20,0,wk inc flu hosp,2026-05-02,quantile,0.35,4,Kansas,Ensemble
2026-05-02,20,0,wk inc flu hosp,2026-05-02,quantile,0.4,5,Kansas,Ensemble
2026-05-02,20,0,wk inc flu hosp,2026-05-02,quantile,0.45,5,Kansas,Ensemble
2026-05-02,20,0,wk inc flu hosp,2026-05-02,quantile,0.5,7,Kansas,Ensemble
2026-05-02,20,0,wk inc flu hosp,2026-05-02,quantile,0.55,7,Kansas,Ensemble
2026-05-02,20,0,wk inc flu hosp,2026-05-02,quantile,0.6,8,Kansas,Ensemble
2026-05-02,20,0,wk inc flu hosp,2026-05-02,quantile,0.65,8,Kansas,Ensemble
2026-05-02,20,0,wk inc flu hosp,2026-05-02,quantile,0.7,9,Kansas,Ensemble
2026-05-02,20,0,wk inc flu hosp,2026-05-02,quantile,0.75,10,Kansas,Ensemble
2026-05-02,20,0,wk inc flu hosp,2026-05-02,quantile,0.8,10,Kansas,Ensemble
2026-05-02,20,0,wk inc flu hosp,2026-05-02,quantile,0.85,11,Kansas,Ensemble
2026-05-02,20,0,wk inc flu hosp,2026-05-02,quantile,0.9,13,Kansas,Ensemble
2026-05-02,20,0,wk inc flu hosp,2026-05-02,quantile,0.95,16,Kansas,Ensemble
2026-05-02,20,0,wk inc flu hosp,2026-05-02,quantile,0.975,19,Kansas,Ensemble
2026-05-02,20,0,wk inc flu hosp,2026-05-02,quantile,0.99,23,Kansas,Ensemble
2026-05-02,20,1,wk inc flu hosp,2026-05-09,quantile,0.01,0,Kansas,Ensemble
2026-05-02,20,1,wk inc flu hosp,2026-05-09,quantile,0.025,0,Kansas,Ensemble
2026-05-02,20,1,wk inc flu hosp,2026-05-09,quantile,0.05,0,Kansas,Ensemble
2026-05-02,20,1,wk inc flu hosp,2026-05-09,quantile,0.1,1,Kansas,Ensemble
2026-05-02,20,1,wk inc flu hosp,2026-05-09,quantile,0.15,2,Kansas,Ensemble
2026-05-02,20,1,wk inc flu hosp,2026-05-09,quantile,0.2,2,Kansas,Ensemble
2026-05-02,20,1,wk inc flu hosp,2026-05-09,quantile,0.25,2,Kansas,Ensemble
2026-05-02,20,1,wk inc flu hosp,2026-05-09,quantile,0.3,3,Kansas,Ensemble
2026-05-02,20,1,wk inc flu hosp,2026-05-09,quantile,0.35,3,Kansas,Ensemble
2026-05-02,20,1,wk inc flu hosp,2026-05-09,quantile,0.4,3,Kansas,Ensemble
2026-05-02,20,1,wk inc flu hosp,2026-05-09,quantile,0.45,4,Kansas,Ensemble
2026-05-02,20,1,wk inc flu hosp,2026-05-09,quantile,0.5,5,Kansas,Ensemble
2026-05-02,20,1,wk inc flu hosp,2026-05-09,quantile,0.55,6,Kansas,Ensemble
2026-05-02,20,1,wk inc flu hosp,2026-05-09,quantile,0.6,6,Kansas,Ensemble
2026-05-02,20,1,wk inc flu hosp,2026-05-09,quantile,0.65,7,Kansas,Ensemble
2026-05-02,20,1,wk inc flu hosp,2026-05-09,quantile,0.7,7,Kansas,Ensemble
2026-05-02,20,1,wk inc flu hosp,2026-05-09,quantile,0.75,8,Kansas,Ensemble
2026-05-02,20,1,wk inc flu hosp,2026-05-09,quantile,0.8,9,Kansas,Ensemble
2026-05-02,20,1,wk inc flu hosp,2026-05-09,quantile,0.85,10,Kansas,Ensemble
2026-05-02,20,1,wk inc flu hosp,2026-05-09,quantile,0.9,13,Kansas,Ensemble
2026-05-02,20,1,wk inc flu hosp,2026-05-09,quantile,0.95,16,Kansas,Ensemble
2026-05-02,20,1,wk inc flu hosp,2026-05-09,quantile,0.975,20,Kansas,Ensemble
2026-05-02,20,1,wk inc flu hosp,2026-05-09,quantile,0.99,26,Kansas,Ensemble
2026-05-02,20,2,wk inc flu hosp,2026-05-16,quantile,0.01,0,Kansas,Ensemble
2026-05-02,20,2,wk inc flu hosp,2026-05-16,quantile,0.025,0,Kansas,Ensemble
2026-05-02,20,2,wk inc flu hosp,2026-05-16,quantile,0.05,0,Kansas,Ensemble
2026-05-02,20,2,wk inc flu hosp,2026-05-16,quantile,0.1,1,Kansas,Ensemble
2026-05-02,20,2,wk inc flu hosp,2026-05-16,quantile,0.15,1,Kansas,Ensemble
2026-05-02,20,2,wk inc flu hosp,2026-05-16,quantile,0.2,2,Kansas,Ensemble
2026-05-02,20,2,wk inc flu hosp,2026-05-16,quantile,0.25,2,Kansas,Ensemble
2026-05-02,20,2,wk inc flu hosp,2026-05-16,quantile,0.3,2,Kansas,Ensemble
2026-05-02,20,2,wk inc flu hosp,2026-05-16,quantile,0.35,3,Kansas,Ensemble
2026-05-02,20,2,wk inc flu hosp,2026-05-16,quantile,0.4,3,Kansas,Ensemble
2026-05-02,20,2,wk inc flu hosp,2026-05-16,quantile,0.45,3,Kansas,Ensemble
2026-05-02,20,2,wk inc flu hosp,2026-05-16,quantile,0.5,5,Kansas,Ensemble
2026-05-02,20,2,wk inc flu hosp,2026-05-16,quantile,0.55,5,Kansas,Ensemble
2026-05-02,20,2,wk inc flu hosp,2026-05-16,quantile,0.6,5,Kansas,Ensemble
2026-05-02,20,2,wk inc flu hosp,2026-05-16,quantile,0.65,6,Kansas,Ensemble
2026-05-02,20,2,wk inc flu hosp,2026-05-16,quantile,0.7,7,Kansas,Ensemble
2026-05-02,20,2,wk inc flu hosp,2026-05-16,quantile,0.75,8,Kansas,Ensemble
2026-05-02,20,2,wk inc flu hosp,2026-05-16,quantile,0.8,9,Kansas,Ensemble
2026-05-02,20,2,wk inc flu hosp,2026-05-16,quantile,0.85,10,Kansas,Ensemble
2026-05-02,20,2,wk inc flu hosp,2026-05-16,quantile,0.9,13,Kansas,Ensemble
2026-05-02,20,2,wk inc flu hosp,2026-05-16,quantile,0.95,18,Kansas,Ensemble
2026-05-02,20,2,wk inc flu hosp,2026-05-16,quantile,0.975,23,Kansas,Ensemble
2026-05-02,20,2,wk inc flu hosp,2026-05-16,quantile,0.99,31,Kansas,Ensemble
2026-05-02,20,3,wk inc flu hosp,2026-05-23,quantile,0.01,0,Kansas,Ensemble
2026-05-02,20,3,wk inc flu hosp,2026-05-23,quantile,0.025,0,Kansas,Ensemble
2026-05-02,20,3,wk inc flu hosp,2026-05-23,quantile,0.05,0,Kansas,Ensemble
2026-05-02,20,3,wk inc flu hosp,2026-05-23,quantile,0.1,0,Kansas,Ensemble
2026-05-02,20,3,wk inc flu hosp,2026-05-23,quantile,0.15,1,Kansas,Ensemble
2026-05-02,20,3,wk inc flu hosp,2026-05-23,quantile,0.2,1,Kansas,Ensemble
2026-05-02,20,3,wk inc flu hosp,2026-05-23,quantile,0.25,1,Kansas,Ensemble
2026-05-02,20,3,wk inc flu hosp,2026-05-23,quantile,0.3,2,Kansas,Ensemble
2026-05-02,20,3,wk inc flu hosp,2026-05-23,quantile,0.35,2,Kansas,Ensemble
2026-05-02,20,3,wk inc flu hosp,2026-05-23,quantile,0.4,2,Kansas,Ensemble
2026-05-02,20,3,wk inc flu hosp,2026-05-23,quantile,0.45,3,Kansas,Ensemble
2026-05-02,20,3,wk inc flu hosp,2026-05-23,quantile,0.5,4,Kansas,Ensemble
2026-05-02,20,3,wk inc flu hosp,2026-05-23,quantile,0.55,4,Kansas,Ensemble
2026-05-02,20,3,wk inc flu hosp,2026-05-23,quantile,0.6,5,Kansas,Ensemble
2026-05-02,20,3,wk inc flu hosp,2026-05-23,quantile,0.65,5,Kansas,Ensemble
2026-05-02,20,3,wk inc flu hosp,2026-05-23,quantile,0.7,6,Kansas,Ensemble
2026-05-02,20,3,wk inc flu hosp,2026-05-23,quantile,0.75,7,Kansas,Ensemble
2026-05-02,20,3,wk inc flu hosp,2026-05-23,quantile,0.8,8,Kansas,Ensemble
2026-05-02,20,3,wk inc flu hosp,2026-05-23,quantile,0.85,10,Kansas,Ensemble
2026-05-02,20,3,wk inc flu hosp,2026-05-23,quantile,0.9,14,Kansas,Ensemble
2026-05-02,20,3,wk inc flu hosp,2026-05-23,quantile,0.95,20,Kansas,Ensemble
2026-05-02,20,3,wk inc flu hosp,2026-05-23,quantile,0.975,27,Kansas,Ensemble
2026-05-02,20,3,wk inc flu hosp,2026-05-23,quantile,0.99,37,Kansas,Ensemble
2026-05-02,21,0,wk inc flu hosp,2026-05-02,quantile,0.01,3,Kentucky,Ensemble
2026-05-02,21,0,wk inc flu hosp,2026-05-02,quantile,0.025,4,Kentucky,Ensemble
2026-05-02,21,0,wk inc flu hosp,2026-05-02,quantile,0.05,5,Kentucky,Ensemble
2026-05-02,21,0,wk inc flu hosp,2026-05-02,quantile,0.1,7,Kentucky,Ensemble
2026-05-02,21,0,wk inc flu hosp,2026-05-02,quantile,0.15,8,Kentucky,Ensemble
2026-05-02,21,0,wk inc flu hosp,2026-05-02,quantile,0.2,9,Kentucky,Ensemble
2026-05-02,21,0,wk inc flu hosp,2026-05-02,quantile,0.25,10,Kentucky,Ensemble
2026-05-02,21,0,wk inc flu hosp,2026-05-02,quantile,0.3,11,Kentucky,Ensemble
2026-05-02,21,0,wk inc flu hosp,2026-05-02,quantile,0.35,12,Kentucky,Ensemble
2026-05-02,21,0,wk inc flu hosp,2026-05-02,quantile,0.4,13,Kentucky,Ensemble
2026-05-02,21,0,wk inc flu hosp,2026-05-02,quantile,0.45,14,Kentucky,Ensemble
2026-05-02,21,0,wk inc flu hosp,2026-05-02,quantile,0.5,16,Kentucky,Ensemble
2026-05-02,21,0,wk inc flu hosp,2026-05-02,quantile,0.55,17,Kentucky,Ensemble
2026-05-02,21,0,wk inc flu hosp,2026-05-02,quantile,0.6,18,Kentucky,Ensemble
2026-05-02,21,0,wk inc flu hosp,2026-05-02,quantile,0.65,19,Kentucky,Ensemble
2026-05-02,21,0,wk inc flu hosp,2026-05-02,quantile,0.7,20,Kentucky,Ensemble
2026-05-02,21,0,wk inc flu hosp,2026-05-02,quantile,0.75,22,Kentucky,Ensemble
2026-05-02,21,0,wk inc flu hosp,2026-05-02,quantile,0.8,24,Kentucky,Ensemble
2026-05-02,21,0,wk inc flu hosp,2026-05-02,quantile,0.85,26,Kentucky,Ensemble
2026-05-02,21,0,wk inc flu hosp,2026-05-02,quantile,0.9,30,Kentucky,Ensemble
2026-05-02,21,0,wk inc flu hosp,2026-05-02,quantile,0.95,35,Kentucky,Ensemble
2026-05-02,21,0,wk inc flu hosp,2026-05-02,quantile,0.975,42,Kentucky,Ensemble
2026-05-02,21,0,wk inc flu hosp,2026-05-02,quantile,0.99,51,Kentucky,Ensemble
2026-05-02,21,1,wk inc flu hosp,2026-05-09,quantile,0.01,1,Kentucky,Ensemble
2026-05-02,21,1,wk inc flu hosp,2026-05-09,quantile,0.025,2,Kentucky,Ensemble
2026-05-02,21,1,wk inc flu hosp,2026-05-09,quantile,0.05,3,Kentucky,Ensemble
2026-05-02,21,1,wk inc flu hosp,2026-05-09,quantile,0.1,4,Kentucky,Ensemble
2026-05-02,21,1,wk inc flu hosp,2026-05-09,quantile,0.15,5,Kentucky,Ensemble
2026-05-02,21,1,wk inc flu hosp,2026-05-09,quantile,0.2,6,Kentucky,Ensemble
2026-05-02,21,1,wk inc flu hosp,2026-05-09,quantile,0.25,7,Kentucky,Ensemble
2026-05-02,21,1,wk inc flu hosp,2026-05-09,quantile,0.3,8,Kentucky,Ensemble
2026-05-02,21,1,wk inc flu hosp,2026-05-09,quantile,0.35,9,Kentucky,Ensemble
2026-05-02,21,1,wk inc flu hosp,2026-05-09,quantile,0.4,10,Kentucky,Ensemble
2026-05-02,21,1,wk inc flu hosp,2026-05-09,quantile,0.45,11,Kentucky,Ensemble
2026-05-02,21,1,wk inc flu hosp,2026-05-09,quantile,0.5,13,Kentucky,Ensemble
2026-05-02,21,1,wk inc flu hosp,2026-05-09,quantile,0.55,14,Kentucky,Ensemble
2026-05-02,21,1,wk inc flu hosp,2026-05-09,quantile,0.6,15,Kentucky,Ensemble
2026-05-02,21,1,wk inc flu hosp,2026-05-09,quantile,0.65,16,Kentucky,Ensemble
2026-05-02,21,1,wk inc flu hosp,2026-05-09,quantile,0.7,18,Kentucky,Ensemble
2026-05-02,21,1,wk inc flu hosp,2026-05-09,quantile,0.75,19,Kentucky,Ensemble
2026-05-02,21,1,wk inc flu hosp,2026-05-09,quantile,0.8,22,Kentucky,Ensemble
2026-05-02,21,1,wk inc flu hosp,2026-05-09,quantile,0.85,24,Kentucky,Ensemble
2026-05-02,21,1,wk inc flu hosp,2026-05-09,quantile,0.9,28,Kentucky,Ensemble
2026-05-02,21,1,wk inc flu hosp,2026-05-09,quantile,0.95,36,Kentucky,Ensemble
2026-05-02,21,1,wk inc flu hosp,2026-05-09,quantile,0.975,45,Kentucky,Ensemble
2026-05-02,21,1,wk inc flu hosp,2026-05-09,quantile,0.99,59,Kentucky,Ensemble
2026-05-02,21,2,wk inc flu hosp,2026-05-16,quantile,0.01,1,Kentucky,Ensemble
2026-05-02,21,2,wk inc flu hosp,2026-05-16,quantile,0.025,1,Kentucky,Ensemble
2026-05-02,21,2,wk inc flu hosp,2026-05-16,quantile,0.05,2,Kentucky,Ensemble
2026-05-02,21,2,wk inc flu hosp,2026-05-16,quantile,0.1,3,Kentucky,Ensemble
2026-05-02,21,2,wk inc flu hosp,2026-05-16,quantile,0.15,4,Kentucky,Ensemble
2026-05-02,21,2,wk inc flu hosp,2026-05-16,quantile,0.2,5,Kentucky,Ensemble
2026-05-02,21,2,wk inc flu hosp,2026-05-16,quantile,0.25,6,Kentucky,Ensemble
2026-05-02,21,2,wk inc flu hosp,2026-05-16,quantile,0.3,6,Kentucky,Ensemble
2026-05-02,21,2,wk inc flu hosp,2026-05-16,quantile,0.35,7,Kentucky,Ensemble
2026-05-02,21,2,wk inc flu hosp,2026-05-16,quantile,0.4,8,Kentucky,Ensemble
2026-05-02,21,2,wk inc flu hosp,2026-05-16,quantile,0.45,9,Kentucky,Ensemble
2026-05-02,21,2,wk inc flu hosp,2026-05-16,quantile,0.5,11,Kentucky,Ensemble
2026-05-02,21,2,wk inc flu hosp,2026-05-16,quantile,0.55,12,Kentucky,Ensemble
2026-05-02,21,2,wk inc flu hosp,2026-05-16,quantile,0.6,13,Kentucky,Ensemble
2026-05-02,21,2,wk inc flu hosp,2026-05-16,quantile,0.65,14,Kentucky,Ensemble
2026-05-02,21,2,wk inc flu hosp,2026-05-16,quantile,0.7,16,Kentucky,Ensemble
2026-05-02,21,2,wk inc flu hosp,2026-05-16,quantile,0.75,17,Kentucky,Ensemble
2026-05-02,21,2,wk inc flu hosp,2026-05-16,quantile,0.8,20,Kentucky,Ensemble
2026-05-02,21,2,wk inc flu hosp,2026-05-16,quantile,0.85,23,Kentucky,Ensemble
2026-05-02,21,2,wk inc flu hosp,2026-05-16,quantile,0.9,28,Kentucky,Ensemble
2026-05-02,21,2,wk inc flu hosp,2026-05-16,quantile,0.95,38,Kentucky,Ensemble
2026-05-02,21,2,wk inc flu hosp,2026-05-16,quantile,0.975,51,Kentucky,Ensemble
2026-05-02,21,2,wk inc flu hosp,2026-05-16,quantile,0.99,68,Kentucky,Ensemble
2026-05-02,21,3,wk inc flu hosp,2026-05-23,quantile,0.01,1,Kentucky,Ensemble
2026-05-02,21,3,wk inc flu hosp,2026-05-23,quantile,0.025,1,Kentucky,Ensemble
2026-05-02,21,3,wk inc flu hosp,2026-05-23,quantile,0.05,2,Kentucky,Ensemble
2026-05-02,21,3,wk inc flu hosp,2026-05-23,quantile,0.1,2,Kentucky,Ensemble
2026-05-02,21,3,wk inc flu hosp,2026-05-23,quantile,0.15,3,Kentucky,Ensemble
2026-05-02,21,3,wk inc flu hosp,2026-05-23,quantile,0.2,4,Kentucky,Ensemble
2026-05-02,21,3,wk inc flu hosp,2026-05-23,quantile,0.25,5,Kentucky,Ensemble
2026-05-02,21,3,wk inc flu hosp,2026-05-23,quantile,0.3,5,Kentucky,Ensemble
2026-05-02,21,3,wk inc flu hosp,2026-05-23,quantile,0.35,6,Kentucky,Ensemble
2026-05-02,21,3,wk inc flu hosp,2026-05-23,quantile,0.4,7,Kentucky,Ensemble
2026-05-02,21,3,wk inc flu hosp,2026-05-23,quantile,0.45,8,Kentucky,Ensemble
2026-05-02,21,3,wk inc flu hosp,2026-05-23,quantile,0.5,10,Kentucky,Ensemble
2026-05-02,21,3,wk inc flu hosp,2026-05-23,quantile,0.55,10,Kentucky,Ensemble
2026-05-02,21,3,wk inc flu hosp,2026-05-23,quantile,0.6,12,Kentucky,Ensemble
2026-05-02,21,3,wk inc flu hosp,2026-05-23,quantile,0.65,13,Kentucky,Ensemble
2026-05-02,21,3,wk inc flu hosp,2026-05-23,quantile,0.7,14,Kentucky,Ensemble
2026-05-02,21,3,wk inc flu hosp,2026-05-23,quantile,0.75,16,Kentucky,Ensemble
2026-05-02,21,3,wk inc flu hosp,2026-05-23,quantile,0.8,18,Kentucky,Ensemble
2026-05-02,21,3,wk inc flu hosp,2026-05-23,quantile,0.85,21,Kentucky,Ensemble
2026-05-02,21,3,wk inc flu hosp,2026-05-23,quantile,0.9,27,Kentucky,Ensemble
2026-05-02,21,3,wk inc flu hosp,2026-05-23,quantile,0.95,36,Kentucky,Ensemble
2026-05-02,21,3,wk inc flu hosp,2026-05-23,quantile,0.975,49,Kentucky,Ensemble
2026-05-02,21,3,wk inc flu hosp,2026-05-23,quantile,0.99,68,Kentucky,Ensemble
2026-05-02,22,0,wk inc flu hosp,2026-05-02,quantile,0.01,8,Louisiana,Ensemble
2026-05-02,22,0,wk inc flu hosp,2026-05-02,quantile,0.025,10,Louisiana,Ensemble
2026-05-02,22,0,wk inc flu hosp,2026-05-02,quantile,0.05,12,Louisiana,Ensemble
2026-05-02,22,0,wk inc flu hosp,2026-05-02,quantile,0.1,15,Louisiana,Ensemble
2026-05-02,22,0,wk inc flu hosp,2026-05-02,quantile,0.15,17,Louisiana,Ensemble
2026-05-02,22,0,wk inc flu hosp,2026-05-02,quantile,0.2,18,Louisiana,Ensemble
2026-05-02,22,0,wk inc flu hosp,2026-05-02,quantile,0.25,20,Louisiana,Ensemble
2026-05-02,22,0,wk inc flu hosp,2026-05-02,quantile,0.3,21,Louisiana,Ensemble
2026-05-02,22,0,wk inc flu hosp,2026-05-02,quantile,0.35,23,Louisiana,Ensemble
2026-05-02,22,0,wk inc flu hosp,2026-05-02,quantile,0.4,24,Louisiana,Ensemble
2026-05-02,22,0,wk inc flu hosp,2026-05-02,quantile,0.45,26,Louisiana,Ensemble
2026-05-02,22,0,wk inc flu hosp,2026-05-02,quantile,0.5,28,Louisiana,Ensemble
2026-05-02,22,0,wk inc flu hosp,2026-05-02,quantile,0.55,29,Louisiana,Ensemble
2026-05-02,22,0,wk inc flu hosp,2026-05-02,quantile,0.6,31,Louisiana,Ensemble
2026-05-02,22,0,wk inc flu hosp,2026-05-02,quantile,0.65,33,Louisiana,Ensemble
2026-05-02,22,0,wk inc flu hosp,2026-05-02,quantile,0.7,34,Louisiana,Ensemble
2026-05-02,22,0,wk inc flu hosp,2026-05-02,quantile,0.75,36,Louisiana,Ensemble
2026-05-02,22,0,wk inc flu hosp,2026-05-02,quantile,0.8,39,Louisiana,Ensemble
2026-05-02,22,0,wk inc flu hosp,2026-05-02,quantile,0.85,42,Louisiana,Ensemble
2026-05-02,22,0,wk inc flu hosp,2026-05-02,quantile,0.9,46,Louisiana,Ensemble
2026-05-02,22,0,wk inc flu hosp,2026-05-02,quantile,0.95,54,Louisiana,Ensemble
2026-05-02,22,0,wk inc flu hosp,2026-05-02,quantile,0.975,62,Louisiana,Ensemble
2026-05-02,22,0,wk inc flu hosp,2026-05-02,quantile,0.99,73,Louisiana,Ensemble
2026-05-02,22,1,wk inc flu hosp,2026-05-09,quantile,0.01,5,Louisiana,Ensemble
2026-05-02,22,1,wk inc flu hosp,2026-05-09,quantile,0.025,6,Louisiana,Ensemble
2026-05-02,22,1,wk inc flu hosp,2026-05-09,quantile,0.05,8,Louisiana,Ensemble
2026-05-02,22,1,wk inc flu hosp,2026-05-09,quantile,0.1,10,Louisiana,Ensemble
2026-05-02,22,1,wk inc flu hosp,2026-05-09,quantile,0.15,12,Louisiana,Ensemble
2026-05-02,22,1,wk inc flu hosp,2026-05-09,quantile,0.2,14,Louisiana,Ensemble
2026-05-02,22,1,wk inc flu hosp,2026-05-09,quantile,0.25,16,Louisiana,Ensemble
2026-05-02,22,1,wk inc flu hosp,2026-05-09,quantile,0.3,17,Louisiana,Ensemble
2026-05-02,22,1,wk inc flu hosp,2026-05-09,quantile,0.35,19,Louisiana,Ensemble
2026-05-02,22,1,wk inc flu hosp,2026-05-09,quantile,0.4,20,Louisiana,Ensemble
2026-05-02,22,1,wk inc flu hosp,2026-05-09,quantile,0.45,22,Louisiana,Ensemble
2026-05-02,22,1,wk inc flu hosp,2026-05-09,quantile,0.5,24,Louisiana,Ensemble
2026-05-02,22,1,wk inc flu hosp,2026-05-09,quantile,0.55,26,Louisiana,Ensemble
2026-05-02,22,1,wk inc flu hosp,2026-05-09,quantile,0.6,28,Louisiana,Ensemble
2026-05-02,22,1,wk inc flu hosp,2026-05-09,quantile,0.65,30,Louisiana,Ensemble
2026-05-02,22,1,wk inc flu hosp,2026-05-09,quantile,0.7,32,Louisiana,Ensemble
2026-05-02,22,1,wk inc flu hosp,2026-05-09,quantile,0.75,35,Louisiana,Ensemble
2026-05-02,22,1,wk inc flu hosp,2026-05-09,quantile,0.8,38,Louisiana,Ensemble
2026-05-02,22,1,wk inc flu hosp,2026-05-09,quantile,0.85,42,Louisiana,Ensemble
2026-05-02,22,1,wk inc flu hosp,2026-05-09,quantile,0.9,48,Louisiana,Ensemble
2026-05-02,22,1,wk inc flu hosp,2026-05-09,quantile,0.95,60,Louisiana,Ensemble
2026-05-02,22,1,wk inc flu hosp,2026-05-09,quantile,0.975,71,Louisiana,Ensemble
2026-05-02,22,1,wk inc flu hosp,2026-05-09,quantile,0.99,86,Louisiana,Ensemble
2026-05-02,22,2,wk inc flu hosp,2026-05-16,quantile,0.01,4,Louisiana,Ensemble
2026-05-02,22,2,wk inc flu hosp,2026-05-16,quantile,0.025,4,Louisiana,Ensemble
2026-05-02,22,2,wk inc flu hosp,2026-05-16,quantile,0.05,6,Louisiana,Ensemble
2026-05-02,22,2,wk inc flu hosp,2026-05-16,quantile,0.1,8,Louisiana,Ensemble
2026-05-02,22,2,wk inc flu hosp,2026-05-16,quantile,0.15,10,Louisiana,Ensemble
2026-05-02,22,2,wk inc flu hosp,2026-05-16,quantile,0.2,12,Louisiana,Ensemble
2026-05-02,22,2,wk inc flu hosp,2026-05-16,quantile,0.25,13,Louisiana,Ensemble
2026-05-02,22,2,wk inc flu hosp,2026-05-16,quantile,0.3,14,Louisiana,Ensemble
2026-05-02,22,2,wk inc flu hosp,2026-05-16,quantile,0.35,16,Louisiana,Ensemble
2026-05-02,22,2,wk inc flu hosp,2026-05-16,quantile,0.4,18,Louisiana,Ensemble
2026-05-02,22,2,wk inc flu hosp,2026-05-16,quantile,0.45,20,Louisiana,Ensemble
2026-05-02,22,2,wk inc flu hosp,2026-05-16,quantile,0.5,22,Louisiana,Ensemble
2026-05-02,22,2,wk inc flu hosp,2026-05-16,quantile,0.55,24,Louisiana,Ensemble
2026-05-02,22,2,wk inc flu hosp,2026-05-16,quantile,0.6,26,Louisiana,Ensemble
2026-05-02,22,2,wk inc flu hosp,2026-05-16,quantile,0.65,28,Louisiana,Ensemble
2026-05-02,22,2,wk inc flu hosp,2026-05-16,quantile,0.7,31,Louisiana,Ensemble
2026-05-02,22,2,wk inc flu hosp,2026-05-16,quantile,0.75,34,Louisiana,Ensemble
2026-05-02,22,2,wk inc flu hosp,2026-05-16,quantile,0.8,38,Louisiana,Ensemble
2026-05-02,22,2,wk inc flu hosp,2026-05-16,quantile,0.85,43,Louisiana,Ensemble
2026-05-02,22,2,wk inc flu hosp,2026-05-16,quantile,0.9,51,Louisiana,Ensemble
2026-05-02,22,2,wk inc flu hosp,2026-05-16,quantile,0.95,65,Louisiana,Ensemble
2026-05-02,22,2,wk inc flu hosp,2026-05-16,quantile,0.975,81,Louisiana,Ensemble
2026-05-02,22,2,wk inc flu hosp,2026-05-16,quantile,0.99,98,Louisiana,Ensemble
2026-05-02,22,3,wk inc flu hosp,2026-05-23,quantile,0.01,3,Louisiana,Ensemble
2026-05-02,22,3,wk inc flu hosp,2026-05-23,quantile,0.025,4,Louisiana,Ensemble
2026-05-02,22,3,wk inc flu hosp,2026-05-23,quantile,0.05,5,Louisiana,Ensemble
2026-05-02,22,3,wk inc flu hosp,2026-05-23,quantile,0.1,7,Louisiana,Ensemble
2026-05-02,22,3,wk inc flu hosp,2026-05-23,quantile,0.15,8,Louisiana,Ensemble
2026-05-02,22,3,wk inc flu hosp,2026-05-23,quantile,0.2,10,Louisiana,Ensemble
2026-05-02,22,3,wk inc flu hosp,2026-05-23,quantile,0.25,11,Louisiana,Ensemble
2026-05-02,22,3,wk inc flu hosp,2026-05-23,quantile,0.3,13,Louisiana,Ensemble
2026-05-02,22,3,wk inc flu hosp,2026-05-23,quantile,0.35,14,Louisiana,Ensemble
2026-05-02,22,3,wk inc flu hosp,2026-05-23,quantile,0.4,16,Louisiana,Ensemble
2026-05-02,22,3,wk inc flu hosp,2026-05-23,quantile,0.45,18,Louisiana,Ensemble
2026-05-02,22,3,wk inc flu hosp,2026-05-23,quantile,0.5,21,Louisiana,Ensemble
2026-05-02,22,3,wk inc flu hosp,2026-05-23,quantile,0.55,23,Louisiana,Ensemble
2026-05-02,22,3,wk inc flu hosp,2026-05-23,quantile,0.6,25,Louisiana,Ensemble
2026-05-02,22,3,wk inc flu hosp,2026-05-23,quantile,0.65,27,Louisiana,Ensemble
2026-05-02,22,3,wk inc flu hosp,2026-05-23,quantile,0.7,30,Louisiana,Ensemble
2026-05-02,22,3,wk inc flu hosp,2026-05-23,quantile,0.75,33,Louisiana,Ensemble
2026-05-02,22,3,wk inc flu hosp,2026-05-23,quantile,0.8,38,Louisiana,Ensemble
2026-05-02,22,3,wk inc flu hosp,2026-05-23,quantile,0.85,44,Louisiana,Ensemble
2026-05-02,22,3,wk inc flu hosp,2026-05-23,quantile,0.9,53,Louisiana,Ensemble
2026-05-02,22,3,wk inc flu hosp,2026-05-23,quantile,0.95,70,Louisiana,Ensemble
2026-05-02,22,3,wk inc flu hosp,2026-05-23,quantile,0.975,89,Louisiana,Ensemble
2026-05-02,22,3,wk inc flu hosp,2026-05-23,quantile,0.99,113,Louisiana,Ensemble
2026-05-02,23,0,wk inc flu hosp,2026-05-02,quantile,0.01,0,Maine,Ensemble
2026-05-02,23,0,wk inc flu hosp,2026-05-02,quantile,0.025,1,Maine,Ensemble
2026-05-02,23,0,wk inc flu hosp,2026-05-02,quantile,0.05,1,Maine,Ensemble
2026-05-02,23,0,wk inc flu hosp,2026-05-02,quantile,0.1,2,Maine,Ensemble
2026-05-02,23,0,wk inc flu hosp,2026-05-02,quantile,0.15,2,Maine,Ensemble
2026-05-02,23,0,wk inc flu hosp,2026-05-02,quantile,0.2,3,Maine,Ensemble
2026-05-02,23,0,wk inc flu hosp,2026-05-02,quantile,0.25,3,Maine,Ensemble
2026-05-02,23,0,wk inc flu hosp,2026-05-02,quantile,0.3,4,Maine,Ensemble
2026-05-02,23,0,wk inc flu hosp,2026-05-02,quantile,0.35,4,Maine,Ensemble
2026-05-02,23,0,wk inc flu hosp,2026-05-02,quantile,0.4,4,Maine,Ensemble
2026-05-02,23,0,wk inc flu hosp,2026-05-02,quantile,0.45,5,Maine,Ensemble
2026-05-02,23,0,wk inc flu hosp,2026-05-02,quantile,0.5,6,Maine,Ensemble
2026-05-02,23,0,wk inc flu hosp,2026-05-02,quantile,0.55,7,Maine,Ensemble
2026-05-02,23,0,wk inc flu hosp,2026-05-02,quantile,0.6,7,Maine,Ensemble
2026-05-02,23,0,wk inc flu hosp,2026-05-02,quantile,0.65,8,Maine,Ensemble
2026-05-02,23,0,wk inc flu hosp,2026-05-02,quantile,0.7,9,Maine,Ensemble
2026-05-02,23,0,wk inc flu hosp,2026-05-02,quantile,0.75,9,Maine,Ensemble
2026-05-02,23,0,wk inc flu hosp,2026-05-02,quantile,0.8,10,Maine,Ensemble
2026-05-02,23,0,wk inc flu hosp,2026-05-02,quantile,0.85,11,Maine,Ensemble
2026-05-02,23,0,wk inc flu hosp,2026-05-02,quantile,0.9,12,Maine,Ensemble
2026-05-02,23,0,wk inc flu hosp,2026-05-02,quantile,0.95,16,Maine,Ensemble
2026-05-02,23,0,wk inc flu hosp,2026-05-02,quantile,0.975,19,Maine,Ensemble
2026-05-02,23,0,wk inc flu hosp,2026-05-02,quantile,0.99,25,Maine,Ensemble
2026-05-02,23,1,wk inc flu hosp,2026-05-09,quantile,0.01,0,Maine,Ensemble
2026-05-02,23,1,wk inc flu hosp,2026-05-09,quantile,0.025,0,Maine,Ensemble
2026-05-02,23,1,wk inc flu hosp,2026-05-09,quantile,0.05,1,Maine,Ensemble
2026-05-02,23,1,wk inc flu hosp,2026-05-09,quantile,0.1,1,Maine,Ensemble
2026-05-02,23,1,wk inc flu hosp,2026-05-09,quantile,0.15,1,Maine,Ensemble
2026-05-02,23,1,wk inc flu hosp,2026-05-09,quantile,0.2,2,Maine,Ensemble
2026-05-02,23,1,wk inc flu hosp,2026-05-09,quantile,0.25,2,Maine,Ensemble
2026-05-02,23,1,wk inc flu hosp,2026-05-09,quantile,0.3,3,Maine,Ensemble
2026-05-02,23,1,wk inc flu hosp,2026-05-09,quantile,0.35,3,Maine,Ensemble
2026-05-02,23,1,wk inc flu hosp,2026-05-09,quantile,0.4,4,Maine,Ensemble
2026-05-02,23,1,wk inc flu hosp,2026-05-09,quantile,0.45,4,Maine,Ensemble
2026-05-02,23,1,wk inc flu hosp,2026-05-09,quantile,0.5,6,Maine,Ensemble
2026-05-02,23,1,wk inc flu hosp,2026-05-09,quantile,0.55,6,Maine,Ensemble
2026-05-02,23,1,wk inc flu hosp,2026-05-09,quantile,0.6,7,Maine,Ensemble
2026-05-02,23,1,wk inc flu hosp,2026-05-09,quantile,0.65,7,Maine,Ensemble
2026-05-02,23,1,wk inc flu hosp,2026-05-09,quantile,0.7,8,Maine,Ensemble
2026-05-02,23,1,wk inc flu hosp,2026-05-09,quantile,0.75,9,Maine,Ensemble
2026-05-02,23,1,wk inc flu hosp,2026-05-09,quantile,0.8,10,Maine,Ensemble
2026-05-02,23,1,wk inc flu hosp,2026-05-09,quantile,0.85,12,Maine,Ensemble
2026-05-02,23,1,wk inc flu hosp,2026-05-09,quantile,0.9,14,Maine,Ensemble
2026-05-02,23,1,wk inc flu hosp,2026-05-09,quantile,0.95,18,Maine,Ensemble
2026-05-02,23,1,wk inc flu hosp,2026-05-09,quantile,0.975,24,Maine,Ensemble
2026-05-02,23,1,wk inc flu hosp,2026-05-09,quantile,0.99,31,Maine,Ensemble
2026-05-02,23,2,wk inc flu hosp,2026-05-16,quantile,0.01,0,Maine,Ensemble
2026-05-02,23,2,wk inc flu hosp,2026-05-16,quantile,0.025,0,Maine,Ensemble
2026-05-02,23,2,wk inc flu hosp,2026-05-16,quantile,0.05,0,Maine,Ensemble
2026-05-02,23,2,wk inc flu hosp,2026-05-16,quantile,0.1,1,Maine,Ensemble
2026-05-02,23,2,wk inc flu hosp,2026-05-16,quantile,0.15,1,Maine,Ensemble
2026-05-02,23,2,wk inc flu hosp,2026-05-16,quantile,0.2,1,Maine,Ensemble
2026-05-02,23,2,wk inc flu hosp,2026-05-16,quantile,0.25,2,Maine,Ensemble
2026-05-02,23,2,wk inc flu hosp,2026-05-16,quantile,0.3,2,Maine,Ensemble
2026-05-02,23,2,wk inc flu hosp,2026-05-16,quantile,0.35,2,Maine,Ensemble
2026-05-02,23,2,wk inc flu hosp,2026-05-16,quantile,0.4,3,Maine,Ensemble
2026-05-02,23,2,wk inc flu hosp,2026-05-16,quantile,0.45,3,Maine,Ensemble
2026-05-02,23,2,wk inc flu hosp,2026-05-16,quantile,0.5,5,Maine,Ensemble
2026-05-02,23,2,wk inc flu hosp,2026-05-16,quantile,0.55,5,Maine,Ensemble
2026-05-02,23,2,wk inc flu hosp,2026-05-16,quantile,0.6,6,Maine,Ensemble
2026-05-02,23,2,wk inc flu hosp,2026-05-16,quantile,0.65,7,Maine,Ensemble
2026-05-02,23,2,wk inc flu hosp,2026-05-16,quantile,0.7,8,Maine,Ensemble
2026-05-02,23,2,wk inc flu hosp,2026-05-16,quantile,0.75,9,Maine,Ensemble
2026-05-02,23,2,wk inc flu hosp,2026-05-16,quantile,0.8,11,Maine,Ensemble
2026-05-02,23,2,wk inc flu hosp,2026-05-16,quantile,0.85,12,Maine,Ensemble
2026-05-02,23,2,wk inc flu hosp,2026-05-16,quantile,0.9,16,Maine,Ensemble
2026-05-02,23,2,wk inc flu hosp,2026-05-16,quantile,0.95,22,Maine,Ensemble
2026-05-02,23,2,wk inc flu hosp,2026-05-16,quantile,0.975,30,Maine,Ensemble
2026-05-02,23,2,wk inc flu hosp,2026-05-16,quantile,0.99,37,Maine,Ensemble
2026-05-02,23,3,wk inc flu hosp,2026-05-23,quantile,0.01,0,Maine,Ensemble
2026-05-02,23,3,wk inc flu hosp,2026-05-23,quantile,0.025,0,Maine,Ensemble
2026-05-02,23,3,wk inc flu hosp,2026-05-23,quantile,0.05,0,Maine,Ensemble
2026-05-02,23,3,wk inc flu hosp,2026-05-23,quantile,0.1,0,Maine,Ensemble
2026-05-02,23,3,wk inc flu hosp,2026-05-23,quantile,0.15,1,Maine,Ensemble
2026-05-02,23,3,wk inc flu hosp,2026-05-23,quantile,0.2,1,Maine,Ensemble
2026-05-02,23,3,wk inc flu hosp,2026-05-23,quantile,0.25,1,Maine,Ensemble
2026-05-02,23,3,wk inc flu hosp,2026-05-23,quantile,0.3,2,Maine,Ensemble
2026-05-02,23,3,wk inc flu hosp,2026-05-23,quantile,0.35,2,Maine,Ensemble
2026-05-02,23,3,wk inc flu hosp,2026-05-23,quantile,0.4,2,Maine,Ensemble
2026-05-02,23,3,wk inc flu hosp,2026-05-23,quantile,0.45,3,Maine,Ensemble
2026-05-02,23,3,wk inc flu hosp,2026-05-23,quantile,0.5,5,Maine,Ensemble
2026-05-02,23,3,wk inc flu hosp,2026-05-23,quantile,0.55,5,Maine,Ensemble
2026-05-02,23,3,wk inc flu hosp,2026-05-23,quantile,0.6,6,Maine,Ensemble
2026-05-02,23,3,wk inc flu hosp,2026-05-23,quantile,0.65,7,Maine,Ensemble
2026-05-02,23,3,wk inc flu hosp,2026-05-23,quantile,0.7,8,Maine,Ensemble
2026-05-02,23,3,wk inc flu hosp,2026-05-23,quantile,0.75,10,Maine,Ensemble
2026-05-02,23,3,wk inc flu hosp,2026-05-23,quantile,0.8,11,Maine,Ensemble
2026-05-02,23,3,wk inc flu hosp,2026-05-23,quantile,0.85,14,Maine,Ensemble
2026-05-02,23,3,wk inc flu hosp,2026-05-23,quantile,0.9,18,Maine,Ensemble
2026-05-02,23,3,wk inc flu hosp,2026-05-23,quantile,0.95,27,Maine,Ensemble
2026-05-02,23,3,wk inc flu hosp,2026-05-23,quantile,0.975,35,Maine,Ensemble
2026-05-02,23,3,wk inc flu hosp,2026-05-23,quantile,0.99,44,Maine,Ensemble
2026-05-02,24,0,wk inc flu hosp,2026-05-02,quantile,0.01,1,Maryland,Ensemble
2026-05-02,24,0,wk inc flu hosp,2026-05-02,quantile,0.025,2,Maryland,Ensemble
2026-05-02,24,0,wk inc flu hosp,2026-05-02,quantile,0.05,2,Maryland,Ensemble
2026-05-02,24,0,wk inc flu hosp,2026-05-02,quantile,0.1,3,Maryland,Ensemble
2026-05-02,24,0,wk inc flu hosp,2026-05-02,quantile,0.15,4,Maryland,Ensemble
2026-05-02,24,0,wk inc flu hosp,2026-05-02,quantile,0.2,4,Maryland,Ensemble
2026-05-02,24,0,wk inc flu hosp,2026-05-02,quantile,0.25,5,Maryland,Ensemble
2026-05-02,24,0,wk inc flu hosp,2026-05-02,quantile,0.3,6,Maryland,Ensemble
2026-05-02,24,0,wk inc flu hosp,2026-05-02,quantile,0.35,6,Maryland,Ensemble
2026-05-02,24,0,wk inc flu hosp,2026-05-02,quantile,0.4,7,Maryland,Ensemble
2026-05-02,24,0,wk inc flu hosp,2026-05-02,quantile,0.45,8,Maryland,Ensemble
2026-05-02,24,0,wk inc flu hosp,2026-05-02,quantile,0.5,9,Maryland,Ensemble
2026-05-02,24,0,wk inc flu hosp,2026-05-02,quantile,0.55,10,Maryland,Ensemble
2026-05-02,24,0,wk inc flu hosp,2026-05-02,quantile,0.6,11,Maryland,Ensemble
2026-05-02,24,0,wk inc flu hosp,2026-05-02,quantile,0.65,12,Maryland,Ensemble
2026-05-02,24,0,wk inc flu hosp,2026-05-02,quantile,0.7,13,Maryland,Ensemble
2026-05-02,24,0,wk inc flu hosp,2026-05-02,quantile,0.75,14,Maryland,Ensemble
2026-05-02,24,0,wk inc flu hosp,2026-05-02,quantile,0.8,15,Maryland,Ensemble
2026-05-02,24,0,wk inc flu hosp,2026-05-02,quantile,0.85,17,Maryland,Ensemble
2026-05-02,24,0,wk inc flu hosp,2026-05-02,quantile,0.9,20,Maryland,Ensemble
2026-05-02,24,0,wk inc flu hosp,2026-05-02,quantile,0.95,28,Maryland,Ensemble
2026-05-02,24,0,wk inc flu hosp,2026-05-02,quantile,0.975,34,Maryland,Ensemble
2026-05-02,24,0,wk inc flu hosp,2026-05-02,quantile,0.99,46,Maryland,Ensemble
2026-05-02,24,1,wk inc flu hosp,2026-05-09,quantile,0.01,0,Maryland,Ensemble
2026-05-02,24,1,wk inc flu hosp,2026-05-09,quantile,0.025,1,Maryland,Ensemble
2026-05-02,24,1,wk inc flu hosp,2026-05-09,quantile,0.05,1,Maryland,Ensemble
2026-05-02,24,1,wk inc flu hosp,2026-05-09,quantile,0.1,2,Maryland,Ensemble
2026-05-02,24,1,wk inc flu hosp,2026-05-09,quantile,0.15,3,Maryland,Ensemble
2026-05-02,24,1,wk inc flu hosp,2026-05-09,quantile,0.2,3,Maryland,Ensemble
2026-05-02,24,1,wk inc flu hosp,2026-05-09,quantile,0.25,4,Maryland,Ensemble
2026-05-02,24,1,wk inc flu hosp,2026-05-09,quantile,0.3,4,Maryland,Ensemble
2026-05-02,24,1,wk inc flu hosp,2026-05-09,quantile,0.35,5,Maryland,Ensemble
2026-05-02,24,1,wk inc flu hosp,2026-05-09,quantile,0.4,6,Maryland,Ensemble
2026-05-02,24,1,wk inc flu hosp,2026-05-09,quantile,0.45,7,Maryland,Ensemble
2026-05-02,24,1,wk inc flu hosp,2026-05-09,quantile,0.5,9,Maryland,Ensemble
2026-05-02,24,1,wk inc flu hosp,2026-05-09,quantile,0.55,10,Maryland,Ensemble
2026-05-02,24,1,wk inc flu hosp,2026-05-09,quantile,0.6,11,Maryland,Ensemble
2026-05-02,24,1,wk inc flu hosp,2026-05-09,quantile,0.65,12,Maryland,Ensemble
2026-05-02,24,1,wk inc flu hosp,2026-05-09,quantile,0.7,14,Maryland,Ensemble
2026-05-02,24,1,wk inc flu hosp,2026-05-09,quantile,0.75,16,Maryland,Ensemble
2026-05-02,24,1,wk inc flu hosp,2026-05-09,quantile,0.8,18,Maryland,Ensemble
2026-05-02,24,1,wk inc flu hosp,2026-05-09,quantile,0.85,22,Maryland,Ensemble
2026-05-02,24,1,wk inc flu hosp,2026-05-09,quantile,0.9,29,Maryland,Ensemble
2026-05-02,24,1,wk inc flu hosp,2026-05-09,quantile,0.95,40,Maryland,Ensemble
2026-05-02,24,1,wk inc flu hosp,2026-05-09,quantile,0.975,53,Maryland,Ensemble
2026-05-02,24,1,wk inc flu hosp,2026-05-09,quantile,0.99,76,Maryland,Ensemble
2026-05-02,24,2,wk inc flu hosp,2026-05-16,quantile,0.01,0,Maryland,Ensemble
2026-05-02,24,2,wk inc flu hosp,2026-05-16,quantile,0.025,0,Maryland,Ensemble
2026-05-02,24,2,wk inc flu hosp,2026-05-16,quantile,0.05,1,Maryland,Ensemble
2026-05-02,24,2,wk inc flu hosp,2026-05-16,quantile,0.1,1,Maryland,Ensemble
2026-05-02,24,2,wk inc flu hosp,2026-05-16,quantile,0.15,2,Maryland,Ensemble
2026-05-02,24,2,wk inc flu hosp,2026-05-16,quantile,0.2,3,Maryland,Ensemble
2026-05-02,24,2,wk inc flu hosp,2026-05-16,quantile,0.25,3,Maryland,Ensemble
2026-05-02,24,2,wk inc flu hosp,2026-05-16,quantile,0.3,4,Maryland,Ensemble
2026-05-02,24,2,wk inc flu hosp,2026-05-16,quantile,0.35,4,Maryland,Ensemble
2026-05-02,24,2,wk inc flu hosp,2026-05-16,quantile,0.4,5,Maryland,Ensemble
2026-05-02,24,2,wk inc flu hosp,2026-05-16,quantile,0.45,6,Maryland,Ensemble
2026-05-02,24,2,wk inc flu hosp,2026-05-16,quantile,0.5,8,Maryland,Ensemble
2026-05-02,24,2,wk inc flu hosp,2026-05-16,quantile,0.55,9,Maryland,Ensemble
2026-05-02,24,2,wk inc flu hosp,2026-05-16,quantile,0.6,10,Maryland,Ensemble
2026-05-02,24,2,wk inc flu hosp,2026-05-16,quantile,0.65,12,Maryland,Ensemble
2026-05-02,24,2,wk inc flu hosp,2026-05-16,quantile,0.7,14,Maryland,Ensemble
2026-05-02,24,2,wk inc flu hosp,2026-05-16,quantile,0.75,16,Maryland,Ensemble
2026-05-02,24,2,wk inc flu hosp,2026-05-16,quantile,0.8,19,Maryland,Ensemble
2026-05-02,24,2,wk inc flu hosp,2026-05-16,quantile,0.85,25,Maryland,Ensemble
2026-05-02,24,2,wk inc flu hosp,2026-05-16,quantile,0.9,33,Maryland,Ensemble
2026-05-02,24,2,wk inc flu hosp,2026-05-16,quantile,0.95,46,Maryland,Ensemble
2026-05-02,24,2,wk inc flu hosp,2026-05-16,quantile,0.975,64,Maryland,Ensemble
2026-05-02,24,2,wk inc flu hosp,2026-05-16,quantile,0.99,94,Maryland,Ensemble
2026-05-02,24,3,wk inc flu hosp,2026-05-23,quantile,0.01,0,Maryland,Ensemble
2026-05-02,24,3,wk inc flu hosp,2026-05-23,quantile,0.025,0,Maryland,Ensemble
2026-05-02,24,3,wk inc flu hosp,2026-05-23,quantile,0.05,0,Maryland,Ensemble
2026-05-02,24,3,wk inc flu hosp,2026-05-23,quantile,0.1,1,Maryland,Ensemble
2026-05-02,24,3,wk inc flu hosp,2026-05-23,quantile,0.15,1,Maryland,Ensemble
2026-05-02,24,3,wk inc flu hosp,2026-05-23,quantile,0.2,2,Maryland,Ensemble
2026-05-02,24,3,wk inc flu hosp,2026-05-23,quantile,0.25,2,Maryland,Ensemble
2026-05-02,24,3,wk inc flu hosp,2026-05-23,quantile,0.3,3,Maryland,Ensemble
2026-05-02,24,3,wk inc flu hosp,2026-05-23,quantile,0.35,4,Maryland,Ensemble
2026-05-02,24,3,wk inc flu hosp,2026-05-23,quantile,0.4,5,Maryland,Ensemble
2026-05-02,24,3,wk inc flu hosp,2026-05-23,quantile,0.45,5,Maryland,Ensemble
2026-05-02,24,3,wk inc flu hosp,2026-05-23,quantile,0.5,8,Maryland,Ensemble
2026-05-02,24,3,wk inc flu hosp,2026-05-23,quantile,0.55,9,Maryland,Ensemble
2026-05-02,24,3,wk inc flu hosp,2026-05-23,quantile,0.6,10,Maryland,Ensemble
2026-05-02,24,3,wk inc flu hosp,2026-05-23,quantile,0.65,12,Maryland,Ensemble
2026-05-02,24,3,wk inc flu hosp,2026-05-23,quantile,0.7,14,Maryland,Ensemble
2026-05-02,24,3,wk inc flu hosp,2026-05-23,quantile,0.75,17,Maryland,Ensemble
2026-05-02,24,3,wk inc flu hosp,2026-05-23,quantile,0.8,21,Maryland,Ensemble
2026-05-02,24,3,wk inc flu hosp,2026-05-23,quantile,0.85,27,Maryland,Ensemble
2026-05-02,24,3,wk inc flu hosp,2026-05-23,quantile,0.9,37,Maryland,Ensemble
2026-05-02,24,3,wk inc flu hosp,2026-05-23,quantile,0.95,55,Maryland,Ensemble
2026-05-02,24,3,wk inc flu hosp,2026-05-23,quantile,0.975,80,Maryland,Ensemble
2026-05-02,24,3,wk inc flu hosp,2026-05-23,quantile,0.99,113,Maryland,Ensemble
2026-05-02,25,0,wk inc flu hosp,2026-05-02,quantile,0.01,4,Massachusetts,Ensemble
2026-05-02,25,0,wk inc flu hosp,2026-05-02,quantile,0.025,5,Massachusetts,Ensemble
2026-05-02,25,0,wk inc flu hosp,2026-05-02,quantile,0.05,6,Massachusetts,Ensemble
2026-05-02,25,0,wk inc flu hosp,2026-05-02,quantile,0.1,9,Massachusetts,Ensemble
2026-05-02,25,0,wk inc flu hosp,2026-05-02,quantile,0.15,10,Massachusetts,Ensemble
2026-05-02,25,0,wk inc flu hosp,2026-05-02,quantile,0.2,12,Massachusetts,Ensemble
2026-05-02,25,0,wk inc flu hosp,2026-05-02,quantile,0.25,13,Massachusetts,Ensemble
2026-05-02,25,0,wk inc flu hosp,2026-05-02,quantile,0.3,15,Massachusetts,Ensemble
2026-05-02,25,0,wk inc flu hosp,2026-05-02,quantile,0.35,16,Massachusetts,Ensemble
2026-05-02,25,0,wk inc flu hosp,2026-05-02,quantile,0.4,17,Massachusetts,Ensemble
2026-05-02,25,0,wk inc flu hosp,2026-05-02,quantile,0.45,19,Massachusetts,Ensemble
2026-05-02,25,0,wk inc flu hosp,2026-05-02,quantile,0.5,21,Massachusetts,Ensemble
2026-05-02,25,0,wk inc flu hosp,2026-05-02,quantile,0.55,23,Massachusetts,Ensemble
2026-05-02,25,0,wk inc flu hosp,2026-05-02,quantile,0.6,25,Massachusetts,Ensemble
2026-05-02,25,0,wk inc flu hosp,2026-05-02,quantile,0.65,26,Massachusetts,Ensemble
2026-05-02,25,0,wk inc flu hosp,2026-05-02,quantile,0.7,28,Massachusetts,Ensemble
2026-05-02,25,0,wk inc flu hosp,2026-05-02,quantile,0.75,30,Massachusetts,Ensemble
2026-05-02,25,0,wk inc flu hosp,2026-05-02,quantile,0.8,33,Massachusetts,Ensemble
2026-05-02,25,0,wk inc flu hosp,2026-05-02,quantile,0.85,36,Massachusetts,Ensemble
2026-05-02,25,0,wk inc flu hosp,2026-05-02,quantile,0.9,41,Massachusetts,Ensemble
2026-05-02,25,0,wk inc flu hosp,2026-05-02,quantile,0.95,56,Massachusetts,Ensemble
2026-05-02,25,0,wk inc flu hosp,2026-05-02,quantile,0.975,70,Massachusetts,Ensemble
2026-05-02,25,0,wk inc flu hosp,2026-05-02,quantile,0.99,93,Massachusetts,Ensemble
2026-05-02,25,1,wk inc flu hosp,2026-05-09,quantile,0.01,2,Massachusetts,Ensemble
2026-05-02,25,1,wk inc flu hosp,2026-05-09,quantile,0.025,3,Massachusetts,Ensemble
2026-05-02,25,1,wk inc flu hosp,2026-05-09,quantile,0.05,4,Massachusetts,Ensemble
2026-05-02,25,1,wk inc flu hosp,2026-05-09,quantile,0.1,5,Massachusetts,Ensemble
2026-05-02,25,1,wk inc flu hosp,2026-05-09,quantile,0.15,7,Massachusetts,Ensemble
2026-05-02,25,1,wk inc flu hosp,2026-05-09,quantile,0.2,8,Massachusetts,Ensemble
2026-05-02,25,1,wk inc flu hosp,2026-05-09,quantile,0.25,10,Massachusetts,Ensemble
2026-05-02,25,1,wk inc flu hosp,2026-05-09,quantile,0.3,11,Massachusetts,Ensemble
2026-05-02,25,1,wk inc flu hosp,2026-05-09,quantile,0.35,12,Massachusetts,Ensemble
2026-05-02,25,1,wk inc flu hosp,2026-05-09,quantile,0.4,14,Massachusetts,Ensemble
2026-05-02,25,1,wk inc flu hosp,2026-05-09,quantile,0.45,15,Massachusetts,Ensemble
2026-05-02,25,1,wk inc flu hosp,2026-05-09,quantile,0.5,18,Massachusetts,Ensemble
2026-05-02,25,1,wk inc flu hosp,2026-05-09,quantile,0.55,20,Massachusetts,Ensemble
2026-05-02,25,1,wk inc flu hosp,2026-05-09,quantile,0.6,21,Massachusetts,Ensemble
2026-05-02,25,1,wk inc flu hosp,2026-05-09,quantile,0.65,23,Massachusetts,Ensemble
2026-05-02,25,1,wk inc flu hosp,2026-05-09,quantile,0.7,26,Massachusetts,Ensemble
2026-05-02,25,1,wk inc flu hosp,2026-05-09,quantile,0.75,29,Massachusetts,Ensemble
2026-05-02,25,1,wk inc flu hosp,2026-05-09,quantile,0.8,32,Massachusetts,Ensemble
2026-05-02,25,1,wk inc flu hosp,2026-05-09,quantile,0.85,37,Massachusetts,Ensemble
2026-05-02,25,1,wk inc flu hosp,2026-05-09,quantile,0.9,49,Massachusetts,Ensemble
2026-05-02,25,1,wk inc flu hosp,2026-05-09,quantile,0.95,67,Massachusetts,Ensemble
2026-05-02,25,1,wk inc flu hosp,2026-05-09,quantile,0.975,90,Massachusetts,Ensemble
2026-05-02,25,1,wk inc flu hosp,2026-05-09,quantile,0.99,112,Massachusetts,Ensemble
2026-05-02,25,2,wk inc flu hosp,2026-05-16,quantile,0.01,1,Massachusetts,Ensemble
2026-05-02,25,2,wk inc flu hosp,2026-05-16,quantile,0.025,2,Massachusetts,Ensemble
2026-05-02,25,2,wk inc flu hosp,2026-05-16,quantile,0.05,2,Massachusetts,Ensemble
2026-05-02,25,2,wk inc flu hosp,2026-05-16,quantile,0.1,4,Massachusetts,Ensemble
2026-05-02,25,2,wk inc flu hosp,2026-05-16,quantile,0.15,5,Massachusetts,Ensemble
2026-05-02,25,2,wk inc flu hosp,2026-05-16,quantile,0.2,6,Massachusetts,Ensemble
2026-05-02,25,2,wk inc flu hosp,2026-05-16,quantile,0.25,8,Massachusetts,Ensemble
2026-05-02,25,2,wk inc flu hosp,2026-05-16,quantile,0.3,9,Massachusetts,Ensemble
2026-05-02,25,2,wk inc flu hosp,2026-05-16,quantile,0.35,10,Massachusetts,Ensemble
2026-05-02,25,2,wk inc flu hosp,2026-05-16,quantile,0.4,11,Massachusetts,Ensemble
2026-05-02,25,2,wk inc flu hosp,2026-05-16,quantile,0.45,13,Massachusetts,Ensemble
2026-05-02,25,2,wk inc flu hosp,2026-05-16,quantile,0.5,15,Massachusetts,Ensemble
2026-05-02,25,2,wk inc flu hosp,2026-05-16,quantile,0.55,18,Massachusetts,Ensemble
2026-05-02,25,2,wk inc flu hosp,2026-05-16,quantile,0.6,20,Massachusetts,Ensemble
2026-05-02,25,2,wk inc flu hosp,2026-05-16,quantile,0.65,22,Massachusetts,Ensemble
2026-05-02,25,2,wk inc flu hosp,2026-05-16,quantile,0.7,24,Massachusetts,Ensemble
2026-05-02,25,2,wk inc flu hosp,2026-05-16,quantile,0.75,28,Massachusetts,Ensemble
2026-05-02,25,2,wk inc flu hosp,2026-05-16,quantile,0.8,33,Massachusetts,Ensemble
2026-05-02,25,2,wk inc flu hosp,2026-05-16,quantile,0.85,41,Massachusetts,Ensemble
2026-05-02,25,2,wk inc flu hosp,2026-05-16,quantile,0.9,56,Massachusetts,Ensemble
2026-05-02,25,2,wk inc flu hosp,2026-05-16,quantile,0.95,82,Massachusetts,Ensemble
2026-05-02,25,2,wk inc flu hosp,2026-05-16,quantile,0.975,105,Massachusetts,Ensemble
2026-05-02,25,2,wk inc flu hosp,2026-05-16,quantile,0.99,137,Massachusetts,Ensemble
2026-05-02,25,3,wk inc flu hosp,2026-05-23,quantile,0.01,1,Massachusetts,Ensemble
2026-05-02,25,3,wk inc flu hosp,2026-05-23,quantile,0.025,1,Massachusetts,Ensemble
2026-05-02,25,3,wk inc flu hosp,2026-05-23,quantile,0.05,2,Massachusetts,Ensemble
2026-05-02,25,3,wk inc flu hosp,2026-05-23,quantile,0.1,3,Massachusetts,Ensemble
2026-05-02,25,3,wk inc flu hosp,2026-05-23,quantile,0.15,4,Massachusetts,Ensemble
2026-05-02,25,3,wk inc flu hosp,2026-05-23,quantile,0.2,5,Massachusetts,Ensemble
2026-05-02,25,3,wk inc flu hosp,2026-05-23,quantile,0.25,6,Massachusetts,Ensemble
2026-05-02,25,3,wk inc flu hosp,2026-05-23,quantile,0.3,8,Massachusetts,Ensemble
2026-05-02,25,3,wk inc flu hosp,2026-05-23,quantile,0.35,9,Massachusetts,Ensemble
2026-05-02,25,3,wk inc flu hosp,2026-05-23,quantile,0.4,10,Massachusetts,Ensemble
2026-05-02,25,3,wk inc flu hosp,2026-05-23,quantile,0.45,11,Massachusetts,Ensemble
2026-05-02,25,3,wk inc flu hosp,2026-05-23,quantile,0.5,14,Massachusetts,Ensemble
2026-05-02,25,3,wk inc flu hosp,2026-05-23,quantile,0.55,16,Massachusetts,Ensemble
2026-05-02,25,3,wk inc flu hosp,2026-05-23,quantile,0.6,18,Massachusetts,Ensemble
2026-05-02,25,3,wk inc flu hosp,2026-05-23,quantile,0.65,20,Massachusetts,Ensemble
2026-05-02,25,3,wk inc flu hosp,2026-05-23,quantile,0.7,23,Massachusetts,Ensemble
2026-05-02,25,3,wk inc flu hosp,2026-05-23,quantile,0.75,27,Massachusetts,Ensemble
2026-05-02,25,3,wk inc flu hosp,2026-05-23,quantile,0.8,33,Massachusetts,Ensemble
2026-05-02,25,3,wk inc flu hosp,2026-05-23,quantile,0.85,44,Massachusetts,Ensemble
2026-05-02,25,3,wk inc flu hosp,2026-05-23,quantile,0.9,60,Massachusetts,Ensemble
2026-05-02,25,3,wk inc flu hosp,2026-05-23,quantile,0.95,90,Massachusetts,Ensemble
2026-05-02,25,3,wk inc flu hosp,2026-05-23,quantile,0.975,117,Massachusetts,Ensemble
2026-05-02,25,3,wk inc flu hosp,2026-05-23,quantile,0.99,157,Massachusetts,Ensemble
2026-05-02,26,0,wk inc flu hosp,2026-05-02,quantile,0.01,6,Michigan,Ensemble
2026-05-02,26,0,wk inc flu hosp,2026-05-02,quantile,0.025,8,Michigan,Ensemble
2026-05-02,26,0,wk inc flu hosp,2026-05-02,quantile,0.05,9,Michigan,Ensemble
2026-05-02,26,0,wk inc flu hosp,2026-05-02,quantile,0.1,12,Michigan,Ensemble
2026-05-02,26,0,wk inc flu hosp,2026-05-02,quantile,0.15,14,Michigan,Ensemble
2026-05-02,26,0,wk inc flu hosp,2026-05-02,quantile,0.2,15,Michigan,Ensemble
2026-05-02,26,0,wk inc flu hosp,2026-05-02,quantile,0.25,17,Michigan,Ensemble
2026-05-02,26,0,wk inc flu hosp,2026-05-02,quantile,0.3,19,Michigan,Ensemble
2026-05-02,26,0,wk inc flu hosp,2026-05-02,quantile,0.35,20,Michigan,Ensemble
2026-05-02,26,0,wk inc flu hosp,2026-05-02,quantile,0.4,22,Michigan,Ensemble
2026-05-02,26,0,wk inc flu hosp,2026-05-02,quantile,0.45,23,Michigan,Ensemble
2026-05-02,26,0,wk inc flu hosp,2026-05-02,quantile,0.5,26,Michigan,Ensemble
2026-05-02,26,0,wk inc flu hosp,2026-05-02,quantile,0.55,28,Michigan,Ensemble
2026-05-02,26,0,wk inc flu hosp,2026-05-02,quantile,0.6,30,Michigan,Ensemble
2026-05-02,26,0,wk inc flu hosp,2026-05-02,quantile,0.65,31,Michigan,Ensemble
2026-05-02,26,0,wk inc flu hosp,2026-05-02,quantile,0.7,34,Michigan,Ensemble
2026-05-02,26,0,wk inc flu hosp,2026-05-02,quantile,0.75,36,Michigan,Ensemble
2026-05-02,26,0,wk inc flu hosp,2026-05-02,quantile,0.8,39,Michigan,Ensemble
2026-05-02,26,0,wk inc flu hosp,2026-05-02,quantile,0.85,42,Michigan,Ensemble
2026-05-02,26,0,wk inc flu hosp,2026-05-02,quantile,0.9,48,Michigan,Ensemble
2026-05-02,26,0,wk inc flu hosp,2026-05-02,quantile,0.95,57,Michigan,Ensemble
2026-05-02,26,0,wk inc flu hosp,2026-05-02,quantile,0.975,67,Michigan,Ensemble
2026-05-02,26,0,wk inc flu hosp,2026-05-02,quantile,0.99,81,Michigan,Ensemble
2026-05-02,26,1,wk inc flu hosp,2026-05-09,quantile,0.01,4,Michigan,Ensemble
2026-05-02,26,1,wk inc flu hosp,2026-05-09,quantile,0.025,5,Michigan,Ensemble
2026-05-02,26,1,wk inc flu hosp,2026-05-09,quantile,0.05,6,Michigan,Ensemble
2026-05-02,26,1,wk inc flu hosp,2026-05-09,quantile,0.1,8,Michigan,Ensemble
2026-05-02,26,1,wk inc flu hosp,2026-05-09,quantile,0.15,10,Michigan,Ensemble
2026-05-02,26,1,wk inc flu hosp,2026-05-09,quantile,0.2,12,Michigan,Ensemble
2026-05-02,26,1,wk inc flu hosp,2026-05-09,quantile,0.25,13,Michigan,Ensemble
2026-05-02,26,1,wk inc flu hosp,2026-05-09,quantile,0.3,14,Michigan,Ensemble
2026-05-02,26,1,wk inc flu hosp,2026-05-09,quantile,0.35,16,Michigan,Ensemble
2026-05-02,26,1,wk inc flu hosp,2026-05-09,quantile,0.4,17,Michigan,Ensemble
2026-05-02,26,1,wk inc flu hosp,2026-05-09,quantile,0.45,19,Michigan,Ensemble
2026-05-02,26,1,wk inc flu hosp,2026-05-09,quantile,0.5,22,Michigan,Ensemble
2026-05-02,26,1,wk inc flu hosp,2026-05-09,quantile,0.55,23,Michigan,Ensemble
2026-05-02,26,1,wk inc flu hosp,2026-05-09,quantile,0.6,25,Michigan,Ensemble
2026-05-02,26,1,wk inc flu hosp,2026-05-09,quantile,0.65,27,Michigan,Ensemble
2026-05-02,26,1,wk inc flu hosp,2026-05-09,quantile,0.7,30,Michigan,Ensemble
2026-05-02,26,1,wk inc flu hosp,2026-05-09,quantile,0.75,33,Michigan,Ensemble
2026-05-02,26,1,wk inc flu hosp,2026-05-09,quantile,0.8,36,Michigan,Ensemble
2026-05-02,26,1,wk inc flu hosp,2026-05-09,quantile,0.85,41,Michigan,Ensemble
2026-05-02,26,1,wk inc flu hosp,2026-05-09,quantile,0.9,48,Michigan,Ensemble
2026-05-02,26,1,wk inc flu hosp,2026-05-09,quantile,0.95,61,Michigan,Ensemble
2026-05-02,26,1,wk inc flu hosp,2026-05-09,quantile,0.975,75,Michigan,Ensemble
2026-05-02,26,1,wk inc flu hosp,2026-05-09,quantile,0.99,94,Michigan,Ensemble
2026-05-02,26,2,wk inc flu hosp,2026-05-16,quantile,0.01,3,Michigan,Ensemble
2026-05-02,26,2,wk inc flu hosp,2026-05-16,quantile,0.025,4,Michigan,Ensemble
2026-05-02,26,2,wk inc flu hosp,2026-05-16,quantile,0.05,5,Michigan,Ensemble
2026-05-02,26,2,wk inc flu hosp,2026-05-16,quantile,0.1,7,Michigan,Ensemble
2026-05-02,26,2,wk inc flu hosp,2026-05-16,quantile,0.15,8,Michigan,Ensemble
2026-05-02,26,2,wk inc flu hosp,2026-05-16,quantile,0.2,9,Michigan,Ensemble
2026-05-02,26,2,wk inc flu hosp,2026-05-16,quantile,0.25,11,Michigan,Ensemble
2026-05-02,26,2,wk inc flu hosp,2026-05-16,quantile,0.3,12,Michigan,Ensemble
2026-05-02,26,2,wk inc flu hosp,2026-05-16,quantile,0.35,14,Michigan,Ensemble
2026-05-02,26,2,wk inc flu hosp,2026-05-16,quantile,0.4,15,Michigan,Ensemble
2026-05-02,26,2,wk inc flu hosp,2026-05-16,quantile,0.45,16,Michigan,Ensemble
2026-05-02,26,2,wk inc flu hosp,2026-05-16,quantile,0.5,19,Michigan,Ensemble
2026-05-02,26,2,wk inc flu hosp,2026-05-16,quantile,0.55,20,Michigan,Ensemble
2026-05-02,26,2,wk inc flu hosp,2026-05-16,quantile,0.6,22,Michigan,Ensemble
2026-05-02,26,2,wk inc flu hosp,2026-05-16,quantile,0.65,25,Michigan,Ensemble
2026-05-02,26,2,wk inc flu hosp,2026-05-16,quantile,0.7,27,Michigan,Ensemble
2026-05-02,26,2,wk inc flu hosp,2026-05-16,quantile,0.75,31,Michigan,Ensemble
2026-05-02,26,2,wk inc flu hosp,2026-05-16,quantile,0.8,35,Michigan,Ensemble
2026-05-02,26,2,wk inc flu hosp,2026-05-16,quantile,0.85,41,Michigan,Ensemble
2026-05-02,26,2,wk inc flu hosp,2026-05-16,quantile,0.9,50,Michigan,Ensemble
2026-05-02,26,2,wk inc flu hosp,2026-05-16,quantile,0.95,66,Michigan,Ensemble
2026-05-02,26,2,wk inc flu hosp,2026-05-16,quantile,0.975,84,Michigan,Ensemble
2026-05-02,26,2,wk inc flu hosp,2026-05-16,quantile,0.99,108,Michigan,Ensemble
2026-05-02,26,3,wk inc flu hosp,2026-05-23,quantile,0.01,2,Michigan,Ensemble
2026-05-02,26,3,wk inc flu hosp,2026-05-23,quantile,0.025,3,Michigan,Ensemble
2026-05-02,26,3,wk inc flu hosp,2026-05-23,quantile,0.05,4,Michigan,Ensemble
2026-05-02,26,3,wk inc flu hosp,2026-05-23,quantile,0.1,6,Michigan,Ensemble
2026-05-02,26,3,wk inc flu hosp,2026-05-23,quantile,0.15,7,Michigan,Ensemble
2026-05-02,26,3,wk inc flu hosp,2026-05-23,quantile,0.2,8,Michigan,Ensemble
2026-05-02,26,3,wk inc flu hosp,2026-05-23,quantile,0.25,9,Michigan,Ensemble
2026-05-02,26,3,wk inc flu hosp,2026-05-23,quantile,0.3,10,Michigan,Ensemble
2026-05-02,26,3,wk inc flu hosp,2026-05-23,quantile,0.35,11,Michigan,Ensemble
2026-05-02,26,3,wk inc flu hosp,2026-05-23,quantile,0.4,12,Michigan,Ensemble
2026-05-02,26,3,wk inc flu hosp,2026-05-23,quantile,0.45,14,Michigan,Ensemble
2026-05-02,26,3,wk inc flu hosp,2026-05-23,quantile,0.5,16,Michigan,Ensemble
2026-05-02,26,3,wk inc flu hosp,2026-05-23,quantile,0.55,18,Michigan,Ensemble
2026-05-02,26,3,wk inc flu hosp,2026-05-23,quantile,0.6,20,Michigan,Ensemble
2026-05-02,26,3,wk inc flu hosp,2026-05-23,quantile,0.65,21,Michigan,Ensemble
2026-05-02,26,3,wk inc flu hosp,2026-05-23,quantile,0.7,24,Michigan,Ensemble
2026-05-02,26,3,wk inc flu hosp,2026-05-23,quantile,0.75,27,Michigan,Ensemble
2026-05-02,26,3,wk inc flu hosp,2026-05-23,quantile,0.8,32,Michigan,Ensemble
2026-05-02,26,3,wk inc flu hosp,2026-05-23,quantile,0.85,38,Michigan,Ensemble
2026-05-02,26,3,wk inc flu hosp,2026-05-23,quantile,0.9,48,Michigan,Ensemble
2026-05-02,26,3,wk inc flu hosp,2026-05-23,quantile,0.95,66,Michigan,Ensemble
2026-05-02,26,3,wk inc flu hosp,2026-05-23,quantile,0.975,86,Michigan,Ensemble
2026-05-02,26,3,wk inc flu hosp,2026-05-23,quantile,0.99,116,Michigan,Ensemble
2026-05-02,27,0,wk inc flu hosp,2026-05-02,quantile,0.01,4,Minnesota,Ensemble
2026-05-02,27,0,wk inc flu hosp,2026-05-02,quantile,0.025,5,Minnesota,Ensemble
2026-05-02,27,0,wk inc flu hosp,2026-05-02,quantile,0.05,6,Minnesota,Ensemble
2026-05-02,27,0,wk inc flu hosp,2026-05-02,quantile,0.1,7,Minnesota,Ensemble
2026-05-02,27,0,wk inc flu hosp,2026-05-02,quantile,0.15,8,Minnesota,Ensemble
2026-05-02,27,0,wk inc flu hosp,2026-05-02,quantile,0.2,10,Minnesota,Ensemble
2026-05-02,27,0,wk inc flu hosp,2026-05-02,quantile,0.25,11,Minnesota,Ensemble
2026-05-02,27,0,wk inc flu hosp,2026-05-02,quantile,0.3,12,Minnesota,Ensemble
2026-05-02,27,0,wk inc flu hosp,2026-05-02,quantile,0.35,13,Minnesota,Ensemble
2026-05-02,27,0,wk inc flu hosp,2026-05-02,quantile,0.4,14,Minnesota,Ensemble
2026-05-02,27,0,wk inc flu hosp,2026-05-02,quantile,0.45,16,Minnesota,Ensemble
2026-05-02,27,0,wk inc flu hosp,2026-05-02,quantile,0.5,18,Minnesota,Ensemble
2026-05-02,27,0,wk inc flu hosp,2026-05-02,quantile,0.55,19,Minnesota,Ensemble
2026-05-02,27,0,wk inc flu hosp,2026-05-02,quantile,0.6,21,Minnesota,Ensemble
2026-05-02,27,0,wk inc flu hosp,2026-05-02,quantile,0.65,22,Minnesota,Ensemble
2026-05-02,27,0,wk inc flu hosp,2026-05-02,quantile,0.7,24,Minnesota,Ensemble
2026-05-02,27,0,wk inc flu hosp,2026-05-02,quantile,0.75,26,Minnesota,Ensemble
2026-05-02,27,0,wk inc flu hosp,2026-05-02,quantile,0.8,28,Minnesota,Ensemble
2026-05-02,27,0,wk inc flu hosp,2026-05-02,quantile,0.85,31,Minnesota,Ensemble
2026-05-02,27,0,wk inc flu hosp,2026-05-02,quantile,0.9,35,Minnesota,Ensemble
2026-05-02,27,0,wk inc flu hosp,2026-05-02,quantile,0.95,43,Minnesota,Ensemble
2026-05-02,27,0,wk inc flu hosp,2026-05-02,quantile,0.975,51,Minnesota,Ensemble
2026-05-02,27,0,wk inc flu hosp,2026-05-02,quantile,0.99,64,Minnesota,Ensemble
2026-05-02,27,1,wk inc flu hosp,2026-05-09,quantile,0.01,2,Minnesota,Ensemble
2026-05-02,27,1,wk inc flu hosp,2026-05-09,quantile,0.025,3,Minnesota,Ensemble
2026-05-02,27,1,wk inc flu hosp,2026-05-09,quantile,0.05,3,Minnesota,Ensemble
2026-05-02,27,1,wk inc flu hosp,2026-05-09,quantile,0.1,4,Minnesota,Ensemble
2026-05-02,27,1,wk inc flu hosp,2026-05-09,quantile,0.15,5,Minnesota,Ensemble
2026-05-02,27,1,wk inc flu hosp,2026-05-09,quantile,0.2,6,Minnesota,Ensemble
2026-05-02,27,1,wk inc flu hosp,2026-05-09,quantile,0.25,7,Minnesota,Ensemble
2026-05-02,27,1,wk inc flu hosp,2026-05-09,quantile,0.3,8,Minnesota,Ensemble
2026-05-02,27,1,wk inc flu hosp,2026-05-09,quantile,0.35,10,Minnesota,Ensemble
2026-05-02,27,1,wk inc flu hosp,2026-05-09,quantile,0.4,11,Minnesota,Ensemble
2026-05-02,27,1,wk inc flu hosp,2026-05-09,quantile,0.45,12,Minnesota,Ensemble
2026-05-02,27,1,wk inc flu hosp,2026-05-09,quantile,0.5,14,Minnesota,Ensemble
2026-05-02,27,1,wk inc flu hosp,2026-05-09,quantile,0.55,16,Minnesota,Ensemble
2026-05-02,27,1,wk inc flu hosp,2026-05-09,quantile,0.6,17,Minnesota,Ensemble
2026-05-02,27,1,wk inc flu hosp,2026-05-09,quantile,0.65,19,Minnesota,Ensemble
2026-05-02,27,1,wk inc flu hosp,2026-05-09,quantile,0.7,21,Minnesota,Ensemble
2026-05-02,27,1,wk inc flu hosp,2026-05-09,quantile,0.75,24,Minnesota,Ensemble
2026-05-02,27,1,wk inc flu hosp,2026-05-09,quantile,0.8,27,Minnesota,Ensemble
2026-05-02,27,1,wk inc flu hosp,2026-05-09,quantile,0.85,31,Minnesota,Ensemble
2026-05-02,27,1,wk inc flu hosp,2026-05-09,quantile,0.9,37,Minnesota,Ensemble
2026-05-02,27,1,wk inc flu hosp,2026-05-09,quantile,0.95,49,Minnesota,Ensemble
2026-05-02,27,1,wk inc flu hosp,2026-05-09,quantile,0.975,62,Minnesota,Ensemble
2026-05-02,27,1,wk inc flu hosp,2026-05-09,quantile,0.99,80,Minnesota,Ensemble
2026-05-02,27,2,wk inc flu hosp,2026-05-16,quantile,0.01,1,Minnesota,Ensemble
2026-05-02,27,2,wk inc flu hosp,2026-05-16,quantile,0.025,2,Minnesota,Ensemble
2026-05-02,27,2,wk inc flu hosp,2026-05-16,quantile,0.05,2,Minnesota,Ensemble
2026-05-02,27,2,wk inc flu hosp,2026-05-16,quantile,0.1,3,Minnesota,Ensemble
2026-05-02,27,2,wk inc flu hosp,2026-05-16,quantile,0.15,4,Minnesota,Ensemble
2026-05-02,27,2,wk inc flu hosp,2026-05-16,quantile,0.2,4,Minnesota,Ensemble
2026-05-02,27,2,wk inc flu hosp,2026-05-16,quantile,0.25,5,Minnesota,Ensemble
2026-05-02,27,2,wk inc flu hosp,2026-05-16,quantile,0.3,6,Minnesota,Ensemble
2026-05-02,27,2,wk inc flu hosp,2026-05-16,quantile,0.35,7,Minnesota,Ensemble
2026-05-02,27,2,wk inc flu hosp,2026-05-16,quantile,0.4,8,Minnesota,Ensemble
2026-05-02,27,2,wk inc flu hosp,2026-05-16,quantile,0.45,9,Minnesota,Ensemble
2026-05-02,27,2,wk inc flu hosp,2026-05-16,quantile,0.5,12,Minnesota,Ensemble
2026-05-02,27,2,wk inc flu hosp,2026-05-16,quantile,0.55,13,Minnesota,Ensemble
2026-05-02,27,2,wk inc flu hosp,2026-05-16,quantile,0.6,15,Minnesota,Ensemble
2026-05-02,27,2,wk inc flu hosp,2026-05-16,quantile,0.65,17,Minnesota,Ensemble
2026-05-02,27,2,wk inc flu hosp,2026-05-16,quantile,0.7,20,Minnesota,Ensemble
2026-05-02,27,2,wk inc flu hosp,2026-05-16,quantile,0.75,23,Minnesota,Ensemble
2026-05-02,27,2,wk inc flu hosp,2026-05-16,quantile,0.8,27,Minnesota,Ensemble
2026-05-02,27,2,wk inc flu hosp,2026-05-16,quantile,0.85,32,Minnesota,Ensemble
2026-05-02,27,2,wk inc flu hosp,2026-05-16,quantile,0.9,40,Minnesota,Ensemble
2026-05-02,27,2,wk inc flu hosp,2026-05-16,quantile,0.95,57,Minnesota,Ensemble
2026-05-02,27,2,wk inc flu hosp,2026-05-16,quantile,0.975,76,Minnesota,Ensemble
2026-05-02,27,2,wk inc flu hosp,2026-05-16,quantile,0.99,99,Minnesota,Ensemble
2026-05-02,27,3,wk inc flu hosp,2026-05-23,quantile,0.01,1,Minnesota,Ensemble
2026-05-02,27,3,wk inc flu hosp,2026-05-23,quantile,0.025,1,Minnesota,Ensemble
2026-05-02,27,3,wk inc flu hosp,2026-05-23,quantile,0.05,2,Minnesota,Ensemble
2026-05-02,27,3,wk inc flu hosp,2026-05-23,quantile,0.1,2,Minnesota,Ensemble
2026-05-02,27,3,wk inc flu hosp,2026-05-23,quantile,0.15,3,Minnesota,Ensemble
2026-05-02,27,3,wk inc flu hosp,2026-05-23,quantile,0.2,3,Minnesota,Ensemble
2026-05-02,27,3,wk inc flu hosp,2026-05-23,quantile,0.25,4,Minnesota,Ensemble
2026-05-02,27,3,wk inc flu hosp,2026-05-23,quantile,0.3,5,Minnesota,Ensemble
2026-05-02,27,3,wk inc flu hosp,2026-05-23,quantile,0.35,5,Minnesota,Ensemble
2026-05-02,27,3,wk inc flu hosp,2026-05-23,quantile,0.4,6,Minnesota,Ensemble
2026-05-02,27,3,wk inc flu hosp,2026-05-23,quantile,0.45,8,Minnesota,Ensemble
2026-05-02,27,3,wk inc flu hosp,2026-05-23,quantile,0.5,10,Minnesota,Ensemble
2026-05-02,27,3,wk inc flu hosp,2026-05-23,quantile,0.55,12,Minnesota,Ensemble
2026-05-02,27,3,wk inc flu hosp,2026-05-23,quantile,0.6,14,Minnesota,Ensemble
2026-05-02,27,3,wk inc flu hosp,2026-05-23,quantile,0.65,16,Minnesota,Ensemble
2026-05-02,27,3,wk inc flu hosp,2026-05-23,quantile,0.7,19,Minnesota,Ensemble
2026-05-02,27,3,wk inc flu hosp,2026-05-23,quantile,0.75,22,Minnesota,Ensemble
2026-05-02,27,3,wk inc flu hosp,2026-05-23,quantile,0.8,27,Minnesota,Ensemble
2026-05-02,27,3,wk inc flu hosp,2026-05-23,quantile,0.85,34,Minnesota,Ensemble
2026-05-02,27,3,wk inc flu hosp,2026-05-23,quantile,0.9,45,Minnesota,Ensemble
2026-05-02,27,3,wk inc flu hosp,2026-05-23,quantile,0.95,66,Minnesota,Ensemble
2026-05-02,27,3,wk inc flu hosp,2026-05-23,quantile,0.975,92,Minnesota,Ensemble
2026-05-02,27,3,wk inc flu hosp,2026-05-23,quantile,0.99,122,Minnesota,Ensemble
2026-05-02,28,0,wk inc flu hosp,2026-05-02,quantile,0.01,2,Mississippi,Ensemble
2026-05-02,28,0,wk inc flu hosp,2026-05-02,quantile,0.025,3,Mississippi,Ensemble
2026-05-02,28,0,wk inc flu hosp,2026-05-02,quantile,0.05,4,Mississippi,Ensemble
2026-05-02,28,0,wk inc flu hosp,2026-05-02,quantile,0.1,6,Mississippi,Ensemble
2026-05-02,28,0,wk inc flu hosp,2026-05-02,quantile,0.15,7,Mississippi,Ensemble
2026-05-02,28,0,wk inc flu hosp,2026-05-02,quantile,0.2,8,Mississippi,Ensemble
2026-05-02,28,0,wk inc flu hosp,2026-05-02,quantile,0.25,8,Mississippi,Ensemble
2026-05-02,28,0,wk inc flu hosp,2026-05-02,quantile,0.3,9,Mississippi,Ensemble
2026-05-02,28,0,wk inc flu hosp,2026-05-02,quantile,0.35,10,Mississippi,Ensemble
2026-05-02,28,0,wk inc flu hosp,2026-05-02,quantile,0.4,11,Mississippi,Ensemble
2026-05-02,28,0,wk inc flu hosp,2026-05-02,quantile,0.45,12,Mississippi,Ensemble
2026-05-02,28,0,wk inc flu hosp,2026-05-02,quantile,0.5,13,Mississippi,Ensemble
2026-05-02,28,0,wk inc flu hosp,2026-05-02,quantile,0.55,14,Mississippi,Ensemble
2026-05-02,28,0,wk inc flu hosp,2026-05-02,quantile,0.6,15,Mississippi,Ensemble
2026-05-02,28,0,wk inc flu hosp,2026-05-02,quantile,0.65,16,Mississippi,Ensemble
2026-05-02,28,0,wk inc flu hosp,2026-05-02,quantile,0.7,17,Mississippi,Ensemble
2026-05-02,28,0,wk inc flu hosp,2026-05-02,quantile,0.75,18,Mississippi,Ensemble
2026-05-02,28,0,wk inc flu hosp,2026-05-02,quantile,0.8,19,Mississippi,Ensemble
2026-05-02,28,0,wk inc flu hosp,2026-05-02,quantile,0.85,21,Mississippi,Ensemble
2026-05-02,28,0,wk inc flu hosp,2026-05-02,quantile,0.9,24,Mississippi,Ensemble
2026-05-02,28,0,wk inc flu hosp,2026-05-02,quantile,0.95,27,Mississippi,Ensemble
2026-05-02,28,0,wk inc flu hosp,2026-05-02,quantile,0.975,32,Mississippi,Ensemble
2026-05-02,28,0,wk inc flu hosp,2026-05-02,quantile,0.99,37,Mississippi,Ensemble
2026-05-02,28,1,wk inc flu hosp,2026-05-09,quantile,0.01,1,Mississippi,Ensemble
2026-05-02,28,1,wk inc flu hosp,2026-05-09,quantile,0.025,2,Mississippi,Ensemble
2026-05-02,28,1,wk inc flu hosp,2026-05-09,quantile,0.05,3,Mississippi,Ensemble
2026-05-02,28,1,wk inc flu hosp,2026-05-09,quantile,0.1,4,Mississippi,Ensemble
2026-05-02,28,1,wk inc flu hosp,2026-05-09,quantile,0.15,5,Mississippi,Ensemble
2026-05-02,28,1,wk inc flu hosp,2026-05-09,quantile,0.2,6,Mississippi,Ensemble
2026-05-02,28,1,wk inc flu hosp,2026-05-09,quantile,0.25,6,Mississippi,Ensemble
2026-05-02,28,1,wk inc flu hosp,2026-05-09,quantile,0.3,7,Mississippi,Ensemble
2026-05-02,28,1,wk inc flu hosp,2026-05-09,quantile,0.35,8,Mississippi,Ensemble
2026-05-02,28,1,wk inc flu hosp,2026-05-09,quantile,0.4,9,Mississippi,Ensemble
2026-05-02,28,1,wk inc flu hosp,2026-05-09,quantile,0.45,9,Mississippi,Ensemble
2026-05-02,28,1,wk inc flu hosp,2026-05-09,quantile,0.5,11,Mississippi,Ensemble
2026-05-02,28,1,wk inc flu hosp,2026-05-09,quantile,0.55,12,Mississippi,Ensemble
2026-05-02,28,1,wk inc flu hosp,2026-05-09,quantile,0.6,13,Mississippi,Ensemble
2026-05-02,28,1,wk inc flu hosp,2026-05-09,quantile,0.65,14,Mississippi,Ensemble
2026-05-02,28,1,wk inc flu hosp,2026-05-09,quantile,0.7,15,Mississippi,Ensemble
2026-05-02,28,1,wk inc flu hosp,2026-05-09,quantile,0.75,17,Mississippi,Ensemble
2026-05-02,28,1,wk inc flu hosp,2026-05-09,quantile,0.8,18,Mississippi,Ensemble
2026-05-02,28,1,wk inc flu hosp,2026-05-09,quantile,0.85,20,Mississippi,Ensemble
2026-05-02,28,1,wk inc flu hosp,2026-05-09,quantile,0.9,23,Mississippi,Ensemble
2026-05-02,28,1,wk inc flu hosp,2026-05-09,quantile,0.95,29,Mississippi,Ensemble
2026-05-02,28,1,wk inc flu hosp,2026-05-09,quantile,0.975,34,Mississippi,Ensemble
2026-05-02,28,1,wk inc flu hosp,2026-05-09,quantile,0.99,41,Mississippi,Ensemble
2026-05-02,28,2,wk inc flu hosp,2026-05-16,quantile,0.01,1,Mississippi,Ensemble
2026-05-02,28,2,wk inc flu hosp,2026-05-16,quantile,0.025,1,Mississippi,Ensemble
2026-05-02,28,2,wk inc flu hosp,2026-05-16,quantile,0.05,2,Mississippi,Ensemble
2026-05-02,28,2,wk inc flu hosp,2026-05-16,quantile,0.1,3,Mississippi,Ensemble
2026-05-02,28,2,wk inc flu hosp,2026-05-16,quantile,0.15,4,Mississippi,Ensemble
2026-05-02,28,2,wk inc flu hosp,2026-05-16,quantile,0.2,5,Mississippi,Ensemble
2026-05-02,28,2,wk inc flu hosp,2026-05-16,quantile,0.25,6,Mississippi,Ensemble
2026-05-02,28,2,wk inc flu hosp,2026-05-16,quantile,0.3,6,Mississippi,Ensemble
2026-05-02,28,2,wk inc flu hosp,2026-05-16,quantile,0.35,7,Mississippi,Ensemble
2026-05-02,28,2,wk inc flu hosp,2026-05-16,quantile,0.4,8,Mississippi,Ensemble
2026-05-02,28,2,wk inc flu hosp,2026-05-16,quantile,0.45,8,Mississippi,Ensemble
2026-05-02,28,2,wk inc flu hosp,2026-05-16,quantile,0.5,10,Mississippi,Ensemble
2026-05-02,28,2,wk inc flu hosp,2026-05-16,quantile,0.55,11,Mississippi,Ensemble
2026-05-02,28,2,wk inc flu hosp,2026-05-16,quantile,0.6,12,Mississippi,Ensemble
2026-05-02,28,2,wk inc flu hosp,2026-05-16,quantile,0.65,13,Mississippi,Ensemble
2026-05-02,28,2,wk inc flu hosp,2026-05-16,quantile,0.7,15,Mississippi,Ensemble
2026-05-02,28,2,wk inc flu hosp,2026-05-16,quantile,0.75,16,Mississippi,Ensemble
2026-05-02,28,2,wk inc flu hosp,2026-05-16,quantile,0.8,18,Mississippi,Ensemble
2026-05-02,28,2,wk inc flu hosp,2026-05-16,quantile,0.85,20,Mississippi,Ensemble
2026-05-02,28,2,wk inc flu hosp,2026-05-16,quantile,0.9,24,Mississippi,Ensemble
2026-05-02,28,2,wk inc flu hosp,2026-05-16,quantile,0.95,30,Mississippi,Ensemble
2026-05-02,28,2,wk inc flu hosp,2026-05-16,quantile,0.975,36,Mississippi,Ensemble
2026-05-02,28,2,wk inc flu hosp,2026-05-16,quantile,0.99,46,Mississippi,Ensemble
2026-05-02,28,3,wk inc flu hosp,2026-05-23,quantile,0.01,0,Mississippi,Ensemble
2026-05-02,28,3,wk inc flu hosp,2026-05-23,quantile,0.025,1,Mississippi,Ensemble
2026-05-02,28,3,wk inc flu hosp,2026-05-23,quantile,0.05,1,Mississippi,Ensemble
2026-05-02,28,3,wk inc flu hosp,2026-05-23,quantile,0.1,2,Mississippi,Ensemble
2026-05-02,28,3,wk inc flu hosp,2026-05-23,quantile,0.15,3,Mississippi,Ensemble
2026-05-02,28,3,wk inc flu hosp,2026-05-23,quantile,0.2,4,Mississippi,Ensemble
2026-05-02,28,3,wk inc flu hosp,2026-05-23,quantile,0.25,4,Mississippi,Ensemble
2026-05-02,28,3,wk inc flu hosp,2026-05-23,quantile,0.3,5,Mississippi,Ensemble
2026-05-02,28,3,wk inc flu hosp,2026-05-23,quantile,0.35,6,Mississippi,Ensemble
2026-05-02,28,3,wk inc flu hosp,2026-05-23,quantile,0.4,6,Mississippi,Ensemble
2026-05-02,28,3,wk inc flu hosp,2026-05-23,quantile,0.45,7,Mississippi,Ensemble
2026-05-02,28,3,wk inc flu hosp,2026-05-23,quantile,0.5,9,Mississippi,Ensemble
2026-05-02,28,3,wk inc flu hosp,2026-05-23,quantile,0.55,10,Mississippi,Ensemble
2026-05-02,28,3,wk inc flu hosp,2026-05-23,quantile,0.6,11,Mississippi,Ensemble
2026-05-02,28,3,wk inc flu hosp,2026-05-23,quantile,0.65,12,Mississippi,Ensemble
2026-05-02,28,3,wk inc flu hosp,2026-05-23,quantile,0.7,13,Mississippi,Ensemble
2026-05-02,28,3,wk inc flu hosp,2026-05-23,quantile,0.75,14,Mississippi,Ensemble
2026-05-02,28,3,wk inc flu hosp,2026-05-23,quantile,0.8,16,Mississippi,Ensemble
2026-05-02,28,3,wk inc flu hosp,2026-05-23,quantile,0.85,19,Mississippi,Ensemble
2026-05-02,28,3,wk inc flu hosp,2026-05-23,quantile,0.9,23,Mississippi,Ensemble
2026-05-02,28,3,wk inc flu hosp,2026-05-23,quantile,0.95,30,Mississippi,Ensemble
2026-05-02,28,3,wk inc flu hosp,2026-05-23,quantile,0.975,38,Mississippi,Ensemble
2026-05-02,28,3,wk inc flu hosp,2026-05-23,quantile,0.99,50,Mississippi,Ensemble
2026-05-02,29,0,wk inc flu hosp,2026-05-02,quantile,0.01,1,Missouri,Ensemble
2026-05-02,29,0,wk inc flu hosp,2026-05-02,quantile,0.025,2,Missouri,Ensemble
2026-05-02,29,0,wk inc flu hosp,2026-05-02,quantile,0.05,3,Missouri,Ensemble
2026-05-02,29,0,wk inc flu hosp,2026-05-02,quantile,0.1,4,Missouri,Ensemble
2026-05-02,29,0,wk inc flu hosp,2026-05-02,quantile,0.15,5,Missouri,Ensemble
2026-05-02,29,0,wk inc flu hosp,2026-05-02,quantile,0.2,6,Missouri,Ensemble
2026-05-02,29,0,wk inc flu hosp,2026-05-02,quantile,0.25,7,Missouri,Ensemble
2026-05-02,29,0,wk inc flu hosp,2026-05-02,quantile,0.3,8,Missouri,Ensemble
2026-05-02,29,0,wk inc flu hosp,2026-05-02,quantile,0.35,8,Missouri,Ensemble
2026-05-02,29,0,wk inc flu hosp,2026-05-02,quantile,0.4,9,Missouri,Ensemble
2026-05-02,29,0,wk inc flu hosp,2026-05-02,quantile,0.45,10,Missouri,Ensemble
2026-05-02,29,0,wk inc flu hosp,2026-05-02,quantile,0.5,12,Missouri,Ensemble
2026-05-02,29,0,wk inc flu hosp,2026-05-02,quantile,0.55,13,Missouri,Ensemble
2026-05-02,29,0,wk inc flu hosp,2026-05-02,quantile,0.6,14,Missouri,Ensemble
2026-05-02,29,0,wk inc flu hosp,2026-05-02,quantile,0.65,15,Missouri,Ensemble
2026-05-02,29,0,wk inc flu hosp,2026-05-02,quantile,0.7,17,Missouri,Ensemble
2026-05-02,29,0,wk inc flu hosp,2026-05-02,quantile,0.75,18,Missouri,Ensemble
2026-05-02,29,0,wk inc flu hosp,2026-05-02,quantile,0.8,20,Missouri,Ensemble
2026-05-02,29,0,wk inc flu hosp,2026-05-02,quantile,0.85,23,Missouri,Ensemble
2026-05-02,29,0,wk inc flu hosp,2026-05-02,quantile,0.9,26,Missouri,Ensemble
2026-05-02,29,0,wk inc flu hosp,2026-05-02,quantile,0.95,32,Missouri,Ensemble
2026-05-02,29,0,wk inc flu hosp,2026-05-02,quantile,0.975,38,Missouri,Ensemble
2026-05-02,29,0,wk inc flu hosp,2026-05-02,quantile,0.99,47,Missouri,Ensemble
2026-05-02,29,1,wk inc flu hosp,2026-05-09,quantile,0.01,1,Missouri,Ensemble
2026-05-02,29,1,wk inc flu hosp,2026-05-09,quantile,0.025,1,Missouri,Ensemble
2026-05-02,29,1,wk inc flu hosp,2026-05-09,quantile,0.05,2,Missouri,Ensemble
2026-05-02,29,1,wk inc flu hosp,2026-05-09,quantile,0.1,2,Missouri,Ensemble
2026-05-02,29,1,wk inc flu hosp,2026-05-09,quantile,0.15,3,Missouri,Ensemble
2026-05-02,29,1,wk inc flu hosp,2026-05-09,quantile,0.2,4,Missouri,Ensemble
2026-05-02,29,1,wk inc flu hosp,2026-05-09,quantile,0.25,5,Missouri,Ensemble
2026-05-02,29,1,wk inc flu hosp,2026-05-09,quantile,0.3,6,Missouri,Ensemble
2026-05-02,29,1,wk inc flu hosp,2026-05-09,quantile,0.35,6,Missouri,Ensemble
2026-05-02,29,1,wk inc flu hosp,2026-05-09,quantile,0.4,7,Missouri,Ensemble
2026-05-02,29,1,wk inc flu hosp,2026-05-09,quantile,0.45,8,Missouri,Ensemble
2026-05-02,29,1,wk inc flu hosp,2026-05-09,quantile,0.5,9,Missouri,Ensemble
2026-05-02,29,1,wk inc flu hosp,2026-05-09,quantile,0.55,11,Missouri,Ensemble
2026-05-02,29,1,wk inc flu hosp,2026-05-09,quantile,0.6,12,Missouri,Ensemble
2026-05-02,29,1,wk inc flu hosp,2026-05-09,quantile,0.65,13,Missouri,Ensemble
2026-05-02,29,1,wk inc flu hosp,2026-05-09,quantile,0.7,14,Missouri,Ensemble
2026-05-02,29,1,wk inc flu hosp,2026-05-09,quantile,0.75,16,Missouri,Ensemble
2026-05-02,29,1,wk inc flu hosp,2026-05-09,quantile,0.8,18,Missouri,Ensemble
2026-05-02,29,1,wk inc flu hosp,2026-05-09,quantile,0.85,20,Missouri,Ensemble
2026-05-02,29,1,wk inc flu hosp,2026-05-09,quantile,0.9,25,Missouri,Ensemble
2026-05-02,29,1,wk inc flu hosp,2026-05-09,quantile,0.95,32,Missouri,Ensemble
2026-05-02,29,1,wk inc flu hosp,2026-05-09,quantile,0.975,41,Missouri,Ensemble
2026-05-02,29,1,wk inc flu hosp,2026-05-09,quantile,0.99,55,Missouri,Ensemble
2026-05-02,29,2,wk inc flu hosp,2026-05-16,quantile,0.01,0,Missouri,Ensemble
2026-05-02,29,2,wk inc flu hosp,2026-05-16,quantile,0.025,1,Missouri,Ensemble
2026-05-02,29,2,wk inc flu hosp,2026-05-16,quantile,0.05,1,Missouri,Ensemble
2026-05-02,29,2,wk inc flu hosp,2026-05-16,quantile,0.1,2,Missouri,Ensemble
2026-05-02,29,2,wk inc flu hosp,2026-05-16,quantile,0.15,3,Missouri,Ensemble
2026-05-02,29,2,wk inc flu hosp,2026-05-16,quantile,0.2,3,Missouri,Ensemble
2026-05-02,29,2,wk inc flu hosp,2026-05-16,quantile,0.25,4,Missouri,Ensemble
2026-05-02,29,2,wk inc flu hosp,2026-05-16,quantile,0.3,5,Missouri,Ensemble
2026-05-02,29,2,wk inc flu hosp,2026-05-16,quantile,0.35,5,Missouri,Ensemble
2026-05-02,29,2,wk inc flu hosp,2026-05-16,quantile,0.4,6,Missouri,Ensemble
2026-05-02,29,2,wk inc flu hosp,2026-05-16,quantile,0.45,7,Missouri,Ensemble
2026-05-02,29,2,wk inc flu hosp,2026-05-16,quantile,0.5,8,Missouri,Ensemble
2026-05-02,29,2,wk inc flu hosp,2026-05-16,quantile,0.55,9,Missouri,Ensemble
2026-05-02,29,2,wk inc flu hosp,2026-05-16,quantile,0.6,11,Missouri,Ensemble
2026-05-02,29,2,wk inc flu hosp,2026-05-16,quantile,0.65,12,Missouri,Ensemble
2026-05-02,29,2,wk inc flu hosp,2026-05-16,quantile,0.7,13,Missouri,Ensemble
2026-05-02,29,2,wk inc flu hosp,2026-05-16,quantile,0.75,15,Missouri,Ensemble
2026-05-02,29,2,wk inc flu hosp,2026-05-16,quantile,0.8,17,Missouri,Ensemble
2026-05-02,29,2,wk inc flu hosp,2026-05-16,quantile,0.85,21,Missouri,Ensemble
2026-05-02,29,2,wk inc flu hosp,2026-05-16,quantile,0.9,26,Missouri,Ensemble
2026-05-02,29,2,wk inc flu hosp,2026-05-16,quantile,0.95,36,Missouri,Ensemble
2026-05-02,29,2,wk inc flu hosp,2026-05-16,quantile,0.975,49,Missouri,Ensemble
2026-05-02,29,2,wk inc flu hosp,2026-05-16,quantile,0.99,66,Missouri,Ensemble
2026-05-02,29,3,wk inc flu hosp,2026-05-23,quantile,0.01,0,Missouri,Ensemble
2026-05-02,29,3,wk inc flu hosp,2026-05-23,quantile,0.025,0,Missouri,Ensemble
2026-05-02,29,3,wk inc flu hosp,2026-05-23,quantile,0.05,1,Missouri,Ensemble
2026-05-02,29,3,wk inc flu hosp,2026-05-23,quantile,0.1,1,Missouri,Ensemble
2026-05-02,29,3,wk inc flu hosp,2026-05-23,quantile,0.15,2,Missouri,Ensemble
2026-05-02,29,3,wk inc flu hosp,2026-05-23,quantile,0.2,2,Missouri,Ensemble
2026-05-02,29,3,wk inc flu hosp,2026-05-23,quantile,0.25,3,Missouri,Ensemble
2026-05-02,29,3,wk inc flu hosp,2026-05-23,quantile,0.3,3,Missouri,Ensemble
2026-05-02,29,3,wk inc flu hosp,2026-05-23,quantile,0.35,4,Missouri,Ensemble
2026-05-02,29,3,wk inc flu hosp,2026-05-23,quantile,0.4,5,Missouri,Ensemble
2026-05-02,29,3,wk inc flu hosp,2026-05-23,quantile,0.45,5,Missouri,Ensemble
2026-05-02,29,3,wk inc flu hosp,2026-05-23,quantile,0.5,7,Missouri,Ensemble
2026-05-02,29,3,wk inc flu hosp,2026-05-23,quantile,0.55,8,Missouri,Ensemble
2026-05-02,29,3,wk inc flu hosp,2026-05-23,quantile,0.6,9,Missouri,Ensemble
2026-05-02,29,3,wk inc flu hosp,2026-05-23,quantile,0.65,10,Missouri,Ensemble
2026-05-02,29,3,wk inc flu hosp,2026-05-23,quantile,0.7,12,Missouri,Ensemble
2026-05-02,29,3,wk inc flu hosp,2026-05-23,quantile,0.75,14,Missouri,Ensemble
2026-05-02,29,3,wk inc flu hosp,2026-05-23,quantile,0.8,17,Missouri,Ensemble
2026-05-02,29,3,wk inc flu hosp,2026-05-23,quantile,0.85,21,Missouri,Ensemble
2026-05-02,29,3,wk inc flu hosp,2026-05-23,quantile,0.9,27,Missouri,Ensemble
2026-05-02,29,3,wk inc flu hosp,2026-05-23,quantile,0.95,39,Missouri,Ensemble
2026-05-02,29,3,wk inc flu hosp,2026-05-23,quantile,0.975,54,Missouri,Ensemble
2026-05-02,29,3,wk inc flu hosp,2026-05-23,quantile,0.99,76,Missouri,Ensemble
2026-05-02,30,0,wk inc flu hosp,2026-05-02,quantile,0.01,0,Montana,Ensemble
2026-05-02,30,0,wk inc flu hosp,2026-05-02,quantile,0.025,0,Montana,Ensemble
2026-05-02,30,0,wk inc flu hosp,2026-05-02,quantile,0.05,0,Montana,Ensemble
2026-05-02,30,0,wk inc flu hosp,2026-05-02,quantile,0.1,0,Montana,Ensemble
2026-05-02,30,0,wk inc flu hosp,2026-05-02,quantile,0.15,0,Montana,Ensemble
2026-05-02,30,0,wk inc flu hosp,2026-05-02,quantile,0.2,1,Montana,Ensemble
2026-05-02,30,0,wk inc flu hosp,2026-05-02,quantile,0.25,1,Montana,Ensemble
2026-05-02,30,0,wk inc flu hosp,2026-05-02,quantile,0.3,1,Montana,Ensemble
2026-05-02,30,0,wk inc flu hosp,2026-05-02,quantile,0.35,1,Montana,Ensemble
2026-05-02,30,0,wk inc flu hosp,2026-05-02,quantile,0.4,2,Montana,Ensemble
2026-05-02,30,0,wk inc flu hosp,2026-05-02,quantile,0.45,2,Montana,Ensemble
2026-05-02,30,0,wk inc flu hosp,2026-05-02,quantile,0.5,3,Montana,Ensemble
2026-05-02,30,0,wk inc flu hosp,2026-05-02,quantile,0.55,3,Montana,Ensemble
2026-05-02,30,0,wk inc flu hosp,2026-05-02,quantile,0.6,4,Montana,Ensemble
2026-05-02,30,0,wk inc flu hosp,2026-05-02,quantile,0.65,4,Montana,Ensemble
2026-05-02,30,0,wk inc flu hosp,2026-05-02,quantile,0.7,4,Montana,Ensemble
2026-05-02,30,0,wk inc flu hosp,2026-05-02,quantile,0.75,5,Montana,Ensemble
2026-05-02,30,0,wk inc flu hosp,2026-05-02,quantile,0.8,5,Montana,Ensemble
2026-05-02,30,0,wk inc flu hosp,2026-05-02,quantile,0.85,6,Montana,Ensemble
2026-05-02,30,0,wk inc flu hosp,2026-05-02,quantile,0.9,7,Montana,Ensemble
2026-05-02,30,0,wk inc flu hosp,2026-05-02,quantile,0.95,9,Montana,Ensemble
2026-05-02,30,0,wk inc flu hosp,2026-05-02,quantile,0.975,12,Montana,Ensemble
2026-05-02,30,0,wk inc flu hosp,2026-05-02,quantile,0.99,14,Montana,Ensemble
2026-05-02,30,1,wk inc flu hosp,2026-05-09,quantile,0.01,0,Montana,Ensemble
2026-05-02,30,1,wk inc flu hosp,2026-05-09,quantile,0.025,0,Montana,Ensemble
2026-05-02,30,1,wk inc flu hosp,2026-05-09,quantile,0.05,0,Montana,Ensemble
2026-05-02,30,1,wk inc flu hosp,2026-05-09,quantile,0.1,0,Montana,Ensemble
2026-05-02,30,1,wk inc flu hosp,2026-05-09,quantile,0.15,0,Montana,Ensemble
2026-05-02,30,1,wk inc flu hosp,2026-05-09,quantile,0.2,0,Montana,Ensemble
2026-05-02,30,1,wk inc flu hosp,2026-05-09,quantile,0.25,0,Montana,Ensemble
2026-05-02,30,1,wk inc flu hosp,2026-05-09,quantile,0.3,0,Montana,Ensemble
2026-05-02,30,1,wk inc flu hosp,2026-05-09,quantile,0.35,1,Montana,Ensemble
2026-05-02,30,1,wk inc flu hosp,2026-05-09,quantile,0.4,1,Montana,Ensemble
2026-05-02,30,1,wk inc flu hosp,2026-05-09,quantile,0.45,1,Montana,Ensemble
2026-05-02,30,1,wk inc flu hosp,2026-05-09,quantile,0.5,2,Montana,Ensemble
2026-05-02,30,1,wk inc flu hosp,2026-05-09,quantile,0.55,3,Montana,Ensemble
2026-05-02,30,1,wk inc flu hosp,2026-05-09,quantile,0.6,3,Montana,Ensemble
2026-05-02,30,1,wk inc flu hosp,2026-05-09,quantile,0.65,3,Montana,Ensemble
2026-05-02,30,1,wk inc flu hosp,2026-05-09,quantile,0.7,4,Montana,Ensemble
2026-05-02,30,1,wk inc flu hosp,2026-05-09,quantile,0.75,4,Montana,Ensemble
2026-05-02,30,1,wk inc flu hosp,2026-05-09,quantile,0.8,5,Montana,Ensemble
2026-05-02,30,1,wk inc flu hosp,2026-05-09,quantile,0.85,5,Montana,Ensemble
2026-05-02,30,1,wk inc flu hosp,2026-05-09,quantile,0.9,7,Montana,Ensemble
2026-05-02,30,1,wk inc flu hosp,2026-05-09,quantile,0.95,9,Montana,Ensemble
2026-05-02,30,1,wk inc flu hosp,2026-05-09,quantile,0.975,12,Montana,Ensemble
2026-05-02,30,1,wk inc flu hosp,2026-05-09,quantile,0.99,15,Montana,Ensemble
2026-05-02,30,2,wk inc flu hosp,2026-05-16,quantile,0.01,0,Montana,Ensemble
2026-05-02,30,2,wk inc flu hosp,2026-05-16,quantile,0.025,0,Montana,Ensemble
2026-05-02,30,2,wk inc flu hosp,2026-05-16,quantile,0.05,0,Montana,Ensemble
2026-05-02,30,2,wk inc flu hosp,2026-05-16,quantile,0.1,0,Montana,Ensemble
2026-05-02,30,2,wk inc flu hosp,2026-05-16,quantile,0.15,0,Montana,Ensemble
2026-05-02,30,2,wk inc flu hosp,2026-05-16,quantile,0.2,0,Montana,Ensemble
2026-05-02,30,2,wk inc flu hosp,2026-05-16,quantile,0.25,0,Montana,Ensemble
2026-05-02,30,2,wk inc flu hosp,2026-05-16,quantile,0.3,0,Montana,Ensemble
2026-05-02,30,2,wk inc flu hosp,2026-05-16,quantile,0.35,0,Montana,Ensemble
2026-05-02,30,2,wk inc flu hosp,2026-05-16,quantile,0.4,1,Montana,Ensemble
2026-05-02,30,2,wk inc flu hosp,2026-05-16,quantile,0.45,1,Montana,Ensemble
2026-05-02,30,2,wk inc flu hosp,2026-05-16,quantile,0.5,2,Montana,Ensemble
2026-05-02,30,2,wk inc flu hosp,2026-05-16,quantile,0.55,2,Montana,Ensemble
2026-05-02,30,2,wk inc flu hosp,2026-05-16,quantile,0.6,3,Montana,Ensemble
2026-05-02,30,2,wk inc flu hosp,2026-05-16,quantile,0.65,3,Montana,Ensemble
2026-05-02,30,2,wk inc flu hosp,2026-05-16,quantile,0.7,3,Montana,Ensemble
2026-05-02,30,2,wk inc flu hosp,2026-05-16,quantile,0.75,4,Montana,Ensemble
2026-05-02,30,2,wk inc flu hosp,2026-05-16,quantile,0.8,4,Montana,Ensemble
2026-05-02,30,2,wk inc flu hosp,2026-05-16,quantile,0.85,5,Montana,Ensemble
2026-05-02,30,2,wk inc flu hosp,2026-05-16,quantile,0.9,6,Montana,Ensemble
2026-05-02,30,2,wk inc flu hosp,2026-05-16,quantile,0.95,10,Montana,Ensemble
2026-05-02,30,2,wk inc flu hosp,2026-05-16,quantile,0.975,13,Montana,Ensemble
2026-05-02,30,2,wk inc flu hosp,2026-05-16,quantile,0.99,17,Montana,Ensemble
2026-05-02,30,3,wk inc flu hosp,2026-05-23,quantile,0.01,0,Montana,Ensemble
2026-05-02,30,3,wk inc flu hosp,2026-05-23,quantile,0.025,0,Montana,Ensemble
2026-05-02,30,3,wk inc flu hosp,2026-05-23,quantile,0.05,0,Montana,Ensemble
2026-05-02,30,3,wk inc flu hosp,2026-05-23,quantile,0.1,0,Montana,Ensemble
2026-05-02,30,3,wk inc flu hosp,2026-05-23,quantile,0.15,0,Montana,Ensemble
2026-05-02,30,3,wk inc flu hosp,2026-05-23,quantile,0.2,0,Montana,Ensemble
2026-05-02,30,3,wk inc flu hosp,2026-05-23,quantile,0.25,0,Montana,Ensemble
2026-05-02,30,3,wk inc flu hosp,2026-05-23,quantile,0.3,0,Montana,Ensemble
2026-05-02,30,3,wk inc flu hosp,2026-05-23,quantile,0.35,0,Montana,Ensemble
2026-05-02,30,3,wk inc flu hosp,2026-05-23,quantile,0.4,1,Montana,Ensemble
2026-05-02,30,3,wk inc flu hosp,2026-05-23,quantile,0.45,1,Montana,Ensemble
2026-05-02,30,3,wk inc flu hosp,2026-05-23,quantile,0.5,2,Montana,Ensemble
2026-05-02,30,3,wk inc flu hosp,2026-05-23,quantile,0.55,2,Montana,Ensemble
2026-05-02,30,3,wk inc flu hosp,2026-05-23,quantile,0.6,2,Montana,Ensemble
2026-05-02,30,3,wk inc flu hosp,2026-05-23,quantile,0.65,3,Montana,Ensemble
2026-05-02,30,3,wk inc flu hosp,2026-05-23,quantile,0.7,3,Montana,Ensemble
2026-05-02,30,3,wk inc flu hosp,2026-05-23,quantile,0.75,3,Montana,Ensemble
2026-05-02,30,3,wk inc flu hosp,2026-05-23,quantile,0.8,4,Montana,Ensemble
2026-05-02,30,3,wk inc flu hosp,2026-05-23,quantile,0.85,5,Montana,Ensemble
2026-05-02,30,3,wk inc flu hosp,2026-05-23,quantile,0.9,7,Montana,Ensemble
2026-05-02,30,3,wk inc flu hosp,2026-05-23,quantile,0.95,10,Montana,Ensemble
2026-05-02,30,3,wk inc flu hosp,2026-05-23,quantile,0.975,14,Montana,Ensemble
2026-05-02,30,3,wk inc flu hosp,2026-05-23,quantile,0.99,20,Montana,Ensemble
2026-05-02,31,0,wk inc flu hosp,2026-05-02,quantile,0.01,1,Nebraska,Ensemble
2026-05-02,31,0,wk inc flu hosp,2026-05-02,quantile,0.025,1,Nebraska,Ensemble
2026-05-02,31,0,wk inc flu hosp,2026-05-02,quantile,0.05,2,Nebraska,Ensemble
2026-05-02,31,0,wk inc flu hosp,2026-05-02,quantile,0.1,3,Nebraska,Ensemble
2026-05-02,31,0,wk inc flu hosp,2026-05-02,quantile,0.15,3,Nebraska,Ensemble
2026-05-02,31,0,wk inc flu hosp,2026-05-02,quantile,0.2,4,Nebraska,Ensemble
2026-05-02,31,0,wk inc flu hosp,2026-05-02,quantile,0.25,4,Nebraska,Ensemble
2026-05-02,31,0,wk inc flu hosp,2026-05-02,quantile,0.3,5,Nebraska,Ensemble
2026-05-02,31,0,wk inc flu hosp,2026-05-02,quantile,0.35,5,Nebraska,Ensemble
2026-05-02,31,0,wk inc flu hosp,2026-05-02,quantile,0.4,6,Nebraska,Ensemble
2026-05-02,31,0,wk inc flu hosp,2026-05-02,quantile,0.45,6,Nebraska,Ensemble
2026-05-02,31,0,wk inc flu hosp,2026-05-02,quantile,0.5,8,Nebraska,Ensemble
2026-05-02,31,0,wk inc flu hosp,2026-05-02,quantile,0.55,8,Nebraska,Ensemble
2026-05-02,31,0,wk inc flu hosp,2026-05-02,quantile,0.6,9,Nebraska,Ensemble
2026-05-02,31,0,wk inc flu hosp,2026-05-02,quantile,0.65,9,Nebraska,Ensemble
2026-05-02,31,0,wk inc flu hosp,2026-05-02,quantile,0.7,10,Nebraska,Ensemble
2026-05-02,31,0,wk inc flu hosp,2026-05-02,quantile,0.75,11,Nebraska,Ensemble
2026-05-02,31,0,wk inc flu hosp,2026-05-02,quantile,0.8,12,Nebraska,Ensemble
2026-05-02,31,0,wk inc flu hosp,2026-05-02,quantile,0.85,13,Nebraska,Ensemble
2026-05-02,31,0,wk inc flu hosp,2026-05-02,quantile,0.9,15,Nebraska,Ensemble
2026-05-02,31,0,wk inc flu hosp,2026-05-02,quantile,0.95,18,Nebraska,Ensemble
2026-05-02,31,0,wk inc flu hosp,2026-05-02,quantile,0.975,22,Nebraska,Ensemble
2026-05-02,31,0,wk inc flu hosp,2026-05-02,quantile,0.99,26,Nebraska,Ensemble
2026-05-02,31,1,wk inc flu hosp,2026-05-09,quantile,0.01,0,Nebraska,Ensemble
2026-05-02,31,1,wk inc flu hosp,2026-05-09,quantile,0.025,0,Nebraska,Ensemble
2026-05-02,31,1,wk inc flu hosp,2026-05-09,quantile,0.05,1,Nebraska,Ensemble
2026-05-02,31,1,wk inc flu hosp,2026-05-09,quantile,0.1,1,Nebraska,Ensemble
2026-05-02,31,1,wk inc flu hosp,2026-05-09,quantile,0.15,2,Nebraska,Ensemble
2026-05-02,31,1,wk inc flu hosp,2026-05-09,quantile,0.2,2,Nebraska,Ensemble
2026-05-02,31,1,wk inc flu hosp,2026-05-09,quantile,0.25,3,Nebraska,Ensemble
2026-05-02,31,1,wk inc flu hosp,2026-05-09,quantile,0.3,3,Nebraska,Ensemble
2026-05-02,31,1,wk inc flu hosp,2026-05-09,quantile,0.35,4,Nebraska,Ensemble
2026-05-02,31,1,wk inc flu hosp,2026-05-09,quantile,0.4,4,Nebraska,Ensemble
2026-05-02,31,1,wk inc flu hosp,2026-05-09,quantile,0.45,5,Nebraska,Ensemble
2026-05-02,31,1,wk inc flu hosp,2026-05-09,quantile,0.5,6,Nebraska,Ensemble
2026-05-02,31,1,wk inc flu hosp,2026-05-09,quantile,0.55,7,Nebraska,Ensemble
2026-05-02,31,1,wk inc flu hosp,2026-05-09,quantile,0.6,7,Nebraska,Ensemble
2026-05-02,31,1,wk inc flu hosp,2026-05-09,quantile,0.65,8,Nebraska,Ensemble
2026-05-02,31,1,wk inc flu hosp,2026-05-09,quantile,0.7,9,Nebraska,Ensemble
2026-05-02,31,1,wk inc flu hosp,2026-05-09,quantile,0.75,10,Nebraska,Ensemble
2026-05-02,31,1,wk inc flu hosp,2026-05-09,quantile,0.8,11,Nebraska,Ensemble
2026-05-02,31,1,wk inc flu hosp,2026-05-09,quantile,0.85,12,Nebraska,Ensemble
2026-05-02,31,1,wk inc flu hosp,2026-05-09,quantile,0.9,15,Nebraska,Ensemble
2026-05-02,31,1,wk inc flu hosp,2026-05-09,quantile,0.95,19,Nebraska,Ensemble
2026-05-02,31,1,wk inc flu hosp,2026-05-09,quantile,0.975,24,Nebraska,Ensemble
2026-05-02,31,1,wk inc flu hosp,2026-05-09,quantile,0.99,30,Nebraska,Ensemble
2026-05-02,31,2,wk inc flu hosp,2026-05-16,quantile,0.01,0,Nebraska,Ensemble
2026-05-02,31,2,wk inc flu hosp,2026-05-16,quantile,0.025,0,Nebraska,Ensemble
2026-05-02,31,2,wk inc flu hosp,2026-05-16,quantile,0.05,0,Nebraska,Ensemble
2026-05-02,31,2,wk inc flu hosp,2026-05-16,quantile,0.1,1,Nebraska,Ensemble
2026-05-02,31,2,wk inc flu hosp,2026-05-16,quantile,0.15,1,Nebraska,Ensemble
2026-05-02,31,2,wk inc flu hosp,2026-05-16,quantile,0.2,2,Nebraska,Ensemble
2026-05-02,31,2,wk inc flu hosp,2026-05-16,quantile,0.25,2,Nebraska,Ensemble
2026-05-02,31,2,wk inc flu hosp,2026-05-16,quantile,0.3,2,Nebraska,Ensemble
2026-05-02,31,2,wk inc flu hosp,2026-05-16,quantile,0.35,3,Nebraska,Ensemble
2026-05-02,31,2,wk inc flu hosp,2026-05-16,quantile,0.4,3,Nebraska,Ensemble
2026-05-02,31,2,wk inc flu hosp,2026-05-16,quantile,0.45,3,Nebraska,Ensemble
2026-05-02,31,2,wk inc flu hosp,2026-05-16,quantile,0.5,5,Nebraska,Ensemble
2026-05-02,31,2,wk inc flu hosp,2026-05-16,quantile,0.55,6,Nebraska,Ensemble
2026-05-02,31,2,wk inc flu hosp,2026-05-16,quantile,0.6,6,Nebraska,Ensemble
2026-05-02,31,2,wk inc flu hosp,2026-05-16,quantile,0.65,7,Nebraska,Ensemble
2026-05-02,31,2,wk inc flu hosp,2026-05-16,quantile,0.7,8,Nebraska,Ensemble
2026-05-02,31,2,wk inc flu hosp,2026-05-16,quantile,0.75,9,Nebraska,Ensemble
2026-05-02,31,2,wk inc flu hosp,2026-05-16,quantile,0.8,10,Nebraska,Ensemble
2026-05-02,31,2,wk inc flu hosp,2026-05-16,quantile,0.85,12,Nebraska,Ensemble
2026-05-02,31,2,wk inc flu hosp,2026-05-16,quantile,0.9,15,Nebraska,Ensemble
2026-05-02,31,2,wk inc flu hosp,2026-05-16,quantile,0.95,20,Nebraska,Ensemble
2026-05-02,31,2,wk inc flu hosp,2026-05-16,quantile,0.975,25,Nebraska,Ensemble
2026-05-02,31,2,wk inc flu hosp,2026-05-16,quantile,0.99,33,Nebraska,Ensemble
2026-05-02,31,3,wk inc flu hosp,2026-05-23,quantile,0.01,0,Nebraska,Ensemble
2026-05-02,31,3,wk inc flu hosp,2026-05-23,quantile,0.025,0,Nebraska,Ensemble
2026-05-02,31,3,wk inc flu hosp,2026-05-23,quantile,0.05,0,Nebraska,Ensemble
2026-05-02,31,3,wk inc flu hosp,2026-05-23,quantile,0.1,0,Nebraska,Ensemble
2026-05-02,31,3,wk inc flu hosp,2026-05-23,quantile,0.15,1,Nebraska,Ensemble
2026-05-02,31,3,wk inc flu hosp,2026-05-23,quantile,0.2,1,Nebraska,Ensemble
2026-05-02,31,3,wk inc flu hosp,2026-05-23,quantile,0.25,2,Nebraska,Ensemble
2026-05-02,31,3,wk inc flu hosp,2026-05-23,quantile,0.3,2,Nebraska,Ensemble
2026-05-02,31,3,wk inc flu hosp,2026-05-23,quantile,0.35,2,Nebraska,Ensemble
2026-05-02,31,3,wk inc flu hosp,2026-05-23,quantile,0.4,2,Nebraska,Ensemble
2026-05-02,31,3,wk inc flu hosp,2026-05-23,quantile,0.45,3,Nebraska,Ensemble
2026-05-02,31,3,wk inc flu hosp,2026-05-23,quantile,0.5,4,Nebraska,Ensemble
2026-05-02,31,3,wk inc flu hosp,2026-05-23,quantile,0.55,5,Nebraska,Ensemble
2026-05-02,31,3,wk inc flu hosp,2026-05-23,quantile,0.6,6,Nebraska,Ensemble
2026-05-02,31,3,wk inc flu hosp,2026-05-23,quantile,0.65,6,Nebraska,Ensemble
2026-05-02,31,3,wk inc flu hosp,2026-05-23,quantile,0.7,7,Nebraska,Ensemble
2026-05-02,31,3,wk inc flu hosp,2026-05-23,quantile,0.75,8,Nebraska,Ensemble
2026-05-02,31,3,wk inc flu hosp,2026-05-23,quantile,0.8,10,Nebraska,Ensemble
2026-05-02,31,3,wk inc flu hosp,2026-05-23,quantile,0.85,12,Nebraska,Ensemble
2026-05-02,31,3,wk inc flu hosp,2026-05-23,quantile,0.9,15,Nebraska,Ensemble
2026-05-02,31,3,wk inc flu hosp,2026-05-23,quantile,0.95,21,Nebraska,Ensemble
2026-05-02,31,3,wk inc flu hosp,2026-05-23,quantile,0.975,27,Nebraska,Ensemble
2026-05-02,31,3,wk inc flu hosp,2026-05-23,quantile,0.99,36,Nebraska,Ensemble
2026-05-02,32,0,wk inc flu hosp,2026-05-02,quantile,0.01,5,Nevada,Ensemble
2026-05-02,32,0,wk inc flu hosp,2026-05-02,quantile,0.025,6,Nevada,Ensemble
2026-05-02,32,0,wk inc flu hosp,2026-05-02,quantile,0.05,7,Nevada,Ensemble
2026-05-02,32,0,wk inc flu hosp,2026-05-02,quantile,0.1,9,Nevada,Ensemble
2026-05-02,32,0,wk inc flu hosp,2026-05-02,quantile,0.15,10,Nevada,Ensemble
2026-05-02,32,0,wk inc flu hosp,2026-05-02,quantile,0.2,12,Nevada,Ensemble
2026-05-02,32,0,wk inc flu hosp,2026-05-02,quantile,0.25,13,Nevada,Ensemble
2026-05-02,32,0,wk inc flu hosp,2026-05-02,quantile,0.3,14,Nevada,Ensemble
2026-05-02,32,0,wk inc flu hosp,2026-05-02,quantile,0.35,15,Nevada,Ensemble
2026-05-02,32,0,wk inc flu hosp,2026-05-02,quantile,0.4,16,Nevada,Ensemble
2026-05-02,32,0,wk inc flu hosp,2026-05-02,quantile,0.45,17,Nevada,Ensemble
2026-05-02,32,0,wk inc flu hosp,2026-05-02,quantile,0.5,19,Nevada,Ensemble
2026-05-02,32,0,wk inc flu hosp,2026-05-02,quantile,0.55,20,Nevada,Ensemble
2026-05-02,32,0,wk inc flu hosp,2026-05-02,quantile,0.6,21,Nevada,Ensemble
2026-05-02,32,0,wk inc flu hosp,2026-05-02,quantile,0.65,22,Nevada,Ensemble
2026-05-02,32,0,wk inc flu hosp,2026-05-02,quantile,0.7,23,Nevada,Ensemble
2026-05-02,32,0,wk inc flu hosp,2026-05-02,quantile,0.75,25,Nevada,Ensemble
2026-05-02,32,0,wk inc flu hosp,2026-05-02,quantile,0.8,26,Nevada,Ensemble
2026-05-02,32,0,wk inc flu hosp,2026-05-02,quantile,0.85,28,Nevada,Ensemble
2026-05-02,32,0,wk inc flu hosp,2026-05-02,quantile,0.9,31,Nevada,Ensemble
2026-05-02,32,0,wk inc flu hosp,2026-05-02,quantile,0.95,36,Nevada,Ensemble
2026-05-02,32,0,wk inc flu hosp,2026-05-02,quantile,0.975,44,Nevada,Ensemble
2026-05-02,32,0,wk inc flu hosp,2026-05-02,quantile,0.99,53,Nevada,Ensemble
2026-05-02,32,1,wk inc flu hosp,2026-05-09,quantile,0.01,2,Nevada,Ensemble
2026-05-02,32,1,wk inc flu hosp,2026-05-09,quantile,0.025,3,Nevada,Ensemble
2026-05-02,32,1,wk inc flu hosp,2026-05-09,quantile,0.05,4,Nevada,Ensemble
2026-05-02,32,1,wk inc flu hosp,2026-05-09,quantile,0.1,6,Nevada,Ensemble
2026-05-02,32,1,wk inc flu hosp,2026-05-09,quantile,0.15,7,Nevada,Ensemble
2026-05-02,32,1,wk inc flu hosp,2026-05-09,quantile,0.2,8,Nevada,Ensemble
2026-05-02,32,1,wk inc flu hosp,2026-05-09,quantile,0.25,9,Nevada,Ensemble
2026-05-02,32,1,wk inc flu hosp,2026-05-09,quantile,0.3,10,Nevada,Ensemble
2026-05-02,32,1,wk inc flu hosp,2026-05-09,quantile,0.35,11,Nevada,Ensemble
2026-05-02,32,1,wk inc flu hosp,2026-05-09,quantile,0.4,12,Nevada,Ensemble
2026-05-02,32,1,wk inc flu hosp,2026-05-09,quantile,0.45,13,Nevada,Ensemble
2026-05-02,32,1,wk inc flu hosp,2026-05-09,quantile,0.5,15,Nevada,Ensemble
2026-05-02,32,1,wk inc flu hosp,2026-05-09,quantile,0.55,16,Nevada,Ensemble
2026-05-02,32,1,wk inc flu hosp,2026-05-09,quantile,0.6,18,Nevada,Ensemble
2026-05-02,32,1,wk inc flu hosp,2026-05-09,quantile,0.65,19,Nevada,Ensemble
2026-05-02,32,1,wk inc flu hosp,2026-05-09,quantile,0.7,21,Nevada,Ensemble
2026-05-02,32,1,wk inc flu hosp,2026-05-09,quantile,0.75,22,Nevada,Ensemble
2026-05-02,32,1,wk inc flu hosp,2026-05-09,quantile,0.8,24,Nevada,Ensemble
2026-05-02,32,1,wk inc flu hosp,2026-05-09,quantile,0.85,27,Nevada,Ensemble
2026-05-02,32,1,wk inc flu hosp,2026-05-09,quantile,0.9,31,Nevada,Ensemble
2026-05-02,32,1,wk inc flu hosp,2026-05-09,quantile,0.95,40,Nevada,Ensemble
2026-05-02,32,1,wk inc flu hosp,2026-05-09,quantile,0.975,49,Nevada,Ensemble
2026-05-02,32,1,wk inc flu hosp,2026-05-09,quantile,0.99,60,Nevada,Ensemble
2026-05-02,32,2,wk inc flu hosp,2026-05-16,quantile,0.01,1,Nevada,Ensemble
2026-05-02,32,2,wk inc flu hosp,2026-05-16,quantile,0.025,2,Nevada,Ensemble
2026-05-02,32,2,wk inc flu hosp,2026-05-16,quantile,0.05,3,Nevada,Ensemble
2026-05-02,32,2,wk inc flu hosp,2026-05-16,quantile,0.1,4,Nevada,Ensemble
2026-05-02,32,2,wk inc flu hosp,2026-05-16,quantile,0.15,5,Nevada,Ensemble
2026-05-02,32,2,wk inc flu hosp,2026-05-16,quantile,0.2,6,Nevada,Ensemble
2026-05-02,32,2,wk inc flu hosp,2026-05-16,quantile,0.25,7,Nevada,Ensemble
2026-05-02,32,2,wk inc flu hosp,2026-05-16,quantile,0.3,8,Nevada,Ensemble
2026-05-02,32,2,wk inc flu hosp,2026-05-16,quantile,0.35,8,Nevada,Ensemble
2026-05-02,32,2,wk inc flu hosp,2026-05-16,quantile,0.4,9,Nevada,Ensemble
2026-05-02,32,2,wk inc flu hosp,2026-05-16,quantile,0.45,10,Nevada,Ensemble
2026-05-02,32,2,wk inc flu hosp,2026-05-16,quantile,0.5,13,Nevada,Ensemble
2026-05-02,32,2,wk inc flu hosp,2026-05-16,quantile,0.55,14,Nevada,Ensemble
2026-05-02,32,2,wk inc flu hosp,2026-05-16,quantile,0.6,15,Nevada,Ensemble
2026-05-02,32,2,wk inc flu hosp,2026-05-16,quantile,0.65,17,Nevada,Ensemble
2026-05-02,32,2,wk inc flu hosp,2026-05-16,quantile,0.7,19,Nevada,Ensemble
2026-05-02,32,2,wk inc flu hosp,2026-05-16,quantile,0.75,21,Nevada,Ensemble
2026-05-02,32,2,wk inc flu hosp,2026-05-16,quantile,0.8,23,Nevada,Ensemble
2026-05-02,32,2,wk inc flu hosp,2026-05-16,quantile,0.85,27,Nevada,Ensemble
2026-05-02,32,2,wk inc flu hosp,2026-05-16,quantile,0.9,32,Nevada,Ensemble
2026-05-02,32,2,wk inc flu hosp,2026-05-16,quantile,0.95,43,Nevada,Ensemble
2026-05-02,32,2,wk inc flu hosp,2026-05-16,quantile,0.975,54,Nevada,Ensemble
2026-05-02,32,2,wk inc flu hosp,2026-05-16,quantile,0.99,66,Nevada,Ensemble
2026-05-02,32,3,wk inc flu hosp,2026-05-23,quantile,0.01,1,Nevada,Ensemble
2026-05-02,32,3,wk inc flu hosp,2026-05-23,quantile,0.025,1,Nevada,Ensemble
2026-05-02,32,3,wk inc flu hosp,2026-05-23,quantile,0.05,2,Nevada,Ensemble
2026-05-02,32,3,wk inc flu hosp,2026-05-23,quantile,0.1,3,Nevada,Ensemble
2026-05-02,32,3,wk inc flu hosp,2026-05-23,quantile,0.15,4,Nevada,Ensemble
2026-05-02,32,3,wk inc flu hosp,2026-05-23,quantile,0.2,5,Nevada,Ensemble
2026-05-02,32,3,wk inc flu hosp,2026-05-23,quantile,0.25,5,Nevada,Ensemble
2026-05-02,32,3,wk inc flu hosp,2026-05-23,quantile,0.3,6,Nevada,Ensemble
2026-05-02,32,3,wk inc flu hosp,2026-05-23,quantile,0.35,7,Nevada,Ensemble
2026-05-02,32,3,wk inc flu hosp,2026-05-23,quantile,0.4,8,Nevada,Ensemble
2026-05-02,32,3,wk inc flu hosp,2026-05-23,quantile,0.45,9,Nevada,Ensemble
2026-05-02,32,3,wk inc flu hosp,2026-05-23,quantile,0.5,11,Nevada,Ensemble
2026-05-02,32,3,wk inc flu hosp,2026-05-23,quantile,0.55,13,Nevada,Ensemble
2026-05-02,32,3,wk inc flu hosp,2026-05-23,quantile,0.6,14,Nevada,Ensemble
2026-05-02,32,3,wk inc flu hosp,2026-05-23,quantile,0.65,16,Nevada,Ensemble
2026-05-02,32,3,wk inc flu hosp,2026-05-23,quantile,0.7,18,Nevada,Ensemble
2026-05-02,32,3,wk inc flu hosp,2026-05-23,quantile,0.75,20,Nevada,Ensemble
2026-05-02,32,3,wk inc flu hosp,2026-05-23,quantile,0.8,24,Nevada,Ensemble
2026-05-02,32,3,wk inc flu hosp,2026-05-23,quantile,0.85,28,Nevada,Ensemble
2026-05-02,32,3,wk inc flu hosp,2026-05-23,quantile,0.9,34,Nevada,Ensemble
2026-05-02,32,3,wk inc flu hosp,2026-05-23,quantile,0.95,46,Nevada,Ensemble
2026-05-02,32,3,wk inc flu hosp,2026-05-23,quantile,0.975,58,Nevada,Ensemble
2026-05-02,32,3,wk inc flu hosp,2026-05-23,quantile,0.99,74,Nevada,Ensemble
2026-05-02,33,0,wk inc flu hosp,2026-05-02,quantile,0.01,0,New Hampshire,Ensemble
2026-05-02,33,0,wk inc flu hosp,2026-05-02,quantile,0.025,0,New Hampshire,Ensemble
2026-05-02,33,0,wk inc flu hosp,2026-05-02,quantile,0.05,0,New Hampshire,Ensemble
2026-05-02,33,0,wk inc flu hosp,2026-05-02,quantile,0.1,0,New Hampshire,Ensemble
2026-05-02,33,0,wk inc flu hosp,2026-05-02,quantile,0.15,1,New Hampshire,Ensemble
2026-05-02,33,0,wk inc flu hosp,2026-05-02,quantile,0.2,1,New Hampshire,Ensemble
2026-05-02,33,0,wk inc flu hosp,2026-05-02,quantile,0.25,1,New Hampshire,Ensemble
2026-05-02,33,0,wk inc flu hosp,2026-05-02,quantile,0.3,1,New Hampshire,Ensemble
2026-05-02,33,0,wk inc flu hosp,2026-05-02,quantile,0.35,1,New Hampshire,Ensemble
2026-05-02,33,0,wk inc flu hosp,2026-05-02,quantile,0.4,2,New Hampshire,Ensemble
2026-05-02,33,0,wk inc flu hosp,2026-05-02,quantile,0.45,2,New Hampshire,Ensemble
2026-05-02,33,0,wk inc flu hosp,2026-05-02,quantile,0.5,3,New Hampshire,Ensemble
2026-05-02,33,0,wk inc flu hosp,2026-05-02,quantile,0.55,4,New Hampshire,Ensemble
2026-05-02,33,0,wk inc flu hosp,2026-05-02,quantile,0.6,4,New Hampshire,Ensemble
2026-05-02,33,0,wk inc flu hosp,2026-05-02,quantile,0.65,4,New Hampshire,Ensemble
2026-05-02,33,0,wk inc flu hosp,2026-05-02,quantile,0.7,5,New Hampshire,Ensemble
2026-05-02,33,0,wk inc flu hosp,2026-05-02,quantile,0.75,5,New Hampshire,Ensemble
2026-05-02,33,0,wk inc flu hosp,2026-05-02,quantile,0.8,6,New Hampshire,Ensemble
2026-05-02,33,0,wk inc flu hosp,2026-05-02,quantile,0.85,6,New Hampshire,Ensemble
2026-05-02,33,0,wk inc flu hosp,2026-05-02,quantile,0.9,7,New Hampshire,Ensemble
2026-05-02,33,0,wk inc flu hosp,2026-05-02,quantile,0.95,9,New Hampshire,Ensemble
2026-05-02,33,0,wk inc flu hosp,2026-05-02,quantile,0.975,11,New Hampshire,Ensemble
2026-05-02,33,0,wk inc flu hosp,2026-05-02,quantile,0.99,15,New Hampshire,Ensemble
2026-05-02,33,1,wk inc flu hosp,2026-05-09,quantile,0.01,0,New Hampshire,Ensemble
2026-05-02,33,1,wk inc flu hosp,2026-05-09,quantile,0.025,0,New Hampshire,Ensemble
2026-05-02,33,1,wk inc flu hosp,2026-05-09,quantile,0.05,0,New Hampshire,Ensemble
2026-05-02,33,1,wk inc flu hosp,2026-05-09,quantile,0.1,0,New Hampshire,Ensemble
2026-05-02,33,1,wk inc flu hosp,2026-05-09,quantile,0.15,0,New Hampshire,Ensemble
2026-05-02,33,1,wk inc flu hosp,2026-05-09,quantile,0.2,0,New Hampshire,Ensemble
2026-05-02,33,1,wk inc flu hosp,2026-05-09,quantile,0.25,1,New Hampshire,Ensemble
2026-05-02,33,1,wk inc flu hosp,2026-05-09,quantile,0.3,1,New Hampshire,Ensemble
2026-05-02,33,1,wk inc flu hosp,2026-05-09,quantile,0.35,1,New Hampshire,Ensemble
2026-05-02,33,1,wk inc flu hosp,2026-05-09,quantile,0.4,1,New Hampshire,Ensemble
2026-05-02,33,1,wk inc flu hosp,2026-05-09,quantile,0.45,1,New Hampshire,Ensemble
2026-05-02,33,1,wk inc flu hosp,2026-05-09,quantile,0.5,3,New Hampshire,Ensemble
2026-05-02,33,1,wk inc flu hosp,2026-05-09,quantile,0.55,3,New Hampshire,Ensemble
2026-05-02,33,1,wk inc flu hosp,2026-05-09,quantile,0.6,3,New Hampshire,Ensemble
2026-05-02,33,1,wk inc flu hosp,2026-05-09,quantile,0.65,4,New Hampshire,Ensemble
2026-05-02,33,1,wk inc flu hosp,2026-05-09,quantile,0.7,4,New Hampshire,Ensemble
2026-05-02,33,1,wk inc flu hosp,2026-05-09,quantile,0.75,5,New Hampshire,Ensemble
2026-05-02,33,1,wk inc flu hosp,2026-05-09,quantile,0.8,5,New Hampshire,Ensemble
2026-05-02,33,1,wk inc flu hosp,2026-05-09,quantile,0.85,6,New Hampshire,Ensemble
2026-05-02,33,1,wk inc flu hosp,2026-05-09,quantile,0.9,7,New Hampshire,Ensemble
2026-05-02,33,1,wk inc flu hosp,2026-05-09,quantile,0.95,10,New Hampshire,Ensemble
2026-05-02,33,1,wk inc flu hosp,2026-05-09,quantile,0.975,13,New Hampshire,Ensemble
2026-05-02,33,1,wk inc flu hosp,2026-05-09,quantile,0.99,17,New Hampshire,Ensemble
2026-05-02,33,2,wk inc flu hosp,2026-05-16,quantile,0.01,0,New Hampshire,Ensemble
2026-05-02,33,2,wk inc flu hosp,2026-05-16,quantile,0.025,0,New Hampshire,Ensemble
2026-05-02,33,2,wk inc flu hosp,2026-05-16,quantile,0.05,0,New Hampshire,Ensemble
2026-05-02,33,2,wk inc flu hosp,2026-05-16,quantile,0.1,0,New Hampshire,Ensemble
2026-05-02,33,2,wk inc flu hosp,2026-05-16,quantile,0.15,0,New Hampshire,Ensemble
2026-05-02,33,2,wk inc flu hosp,2026-05-16,quantile,0.2,0,New Hampshire,Ensemble
2026-05-02,33,2,wk inc flu hosp,2026-05-16,quantile,0.25,0,New Hampshire,Ensemble
2026-05-02,33,2,wk inc flu hosp,2026-05-16,quantile,0.3,0,New Hampshire,Ensemble
2026-05-02,33,2,wk inc flu hosp,2026-05-16,quantile,0.35,1,New Hampshire,Ensemble
2026-05-02,33,2,wk inc flu hosp,2026-05-16,quantile,0.4,1,New Hampshire,Ensemble
2026-05-02,33,2,wk inc flu hosp,2026-05-16,quantile,0.45,1,New Hampshire,Ensemble
2026-05-02,33,2,wk inc flu hosp,2026-05-16,quantile,0.5,2,New Hampshire,Ensemble
2026-05-02,33,2,wk inc flu hosp,2026-05-16,quantile,0.55,2,New Hampshire,Ensemble
2026-05-02,33,2,wk inc flu hosp,2026-05-16,quantile,0.6,3,New Hampshire,Ensemble
2026-05-02,33,2,wk inc flu hosp,2026-05-16,quantile,0.65,3,New Hampshire,Ensemble
2026-05-02,33,2,wk inc flu hosp,2026-05-16,quantile,0.7,3,New Hampshire,Ensemble
2026-05-02,33,2,wk inc flu hosp,2026-05-16,quantile,0.75,4,New Hampshire,Ensemble
2026-05-02,33,2,wk inc flu hosp,2026-05-16,quantile,0.8,5,New Hampshire,Ensemble
2026-05-02,33,2,wk inc flu hosp,2026-05-16,quantile,0.85,6,New Hampshire,Ensemble
2026-05-02,33,2,wk inc flu hosp,2026-05-16,quantile,0.9,7,New Hampshire,Ensemble
2026-05-02,33,2,wk inc flu hosp,2026-05-16,quantile,0.95,11,New Hampshire,Ensemble
2026-05-02,33,2,wk inc flu hosp,2026-05-16,quantile,0.975,15,New Hampshire,Ensemble
2026-05-02,33,2,wk inc flu hosp,2026-05-16,quantile,0.99,21,New Hampshire,Ensemble
2026-05-02,33,3,wk inc flu hosp,2026-05-23,quantile,0.01,0,New Hampshire,Ensemble
2026-05-02,33,3,wk inc flu hosp,2026-05-23,quantile,0.025,0,New Hampshire,Ensemble
2026-05-02,33,3,wk inc flu hosp,2026-05-23,quantile,0.05,0,New Hampshire,Ensemble
2026-05-02,33,3,wk inc flu hosp,2026-05-23,quantile,0.1,0,New Hampshire,Ensemble
2026-05-02,33,3,wk inc flu hosp,2026-05-23,quantile,0.15,0,New Hampshire,Ensemble
2026-05-02,33,3,wk inc flu hosp,2026-05-23,quantile,0.2,0,New Hampshire,Ensemble
2026-05-02,33,3,wk inc flu hosp,2026-05-23,quantile,0.25,0,New Hampshire,Ensemble
2026-05-02,33,3,wk inc flu hosp,2026-05-23,quantile,0.3,0,New Hampshire,Ensemble
2026-05-02,33,3,wk inc flu hosp,2026-05-23,quantile,0.35,1,New Hampshire,Ensemble
2026-05-02,33,3,wk inc flu hosp,2026-05-23,quantile,0.4,1,New Hampshire,Ensemble
2026-05-02,33,3,wk inc flu hosp,2026-05-23,quantile,0.45,1,New Hampshire,Ensemble
2026-05-02,33,3,wk inc flu hosp,2026-05-23,quantile,0.5,2,New Hampshire,Ensemble
2026-05-02,33,3,wk inc flu hosp,2026-05-23,quantile,0.55,2,New Hampshire,Ensemble
2026-05-02,33,3,wk inc flu hosp,2026-05-23,quantile,0.6,2,New Hampshire,Ensemble
2026-05-02,33,3,wk inc flu hosp,2026-05-23,quantile,0.65,3,New Hampshire,Ensemble
2026-05-02,33,3,wk inc flu hosp,2026-05-23,quantile,0.7,3,New Hampshire,Ensemble
2026-05-02,33,3,wk inc flu hosp,2026-05-23,quantile,0.75,4,New Hampshire,Ensemble
2026-05-02,33,3,wk inc flu hosp,2026-05-23,quantile,0.8,5,New Hampshire,Ensemble
2026-05-02,33,3,wk inc flu hosp,2026-05-23,quantile,0.85,6,New Hampshire,Ensemble
2026-05-02,33,3,wk inc flu hosp,2026-05-23,quantile,0.9,8,New Hampshire,Ensemble
2026-05-02,33,3,wk inc flu hosp,2026-05-23,quantile,0.95,12,New Hampshire,Ensemble
2026-05-02,33,3,wk inc flu hosp,2026-05-23,quantile,0.975,17,New Hampshire,Ensemble
2026-05-02,33,3,wk inc flu hosp,2026-05-23,quantile,0.99,25,New Hampshire,Ensemble
2026-05-02,34,0,wk inc flu hosp,2026-05-02,quantile,0.01,8,New Jersey,Ensemble
2026-05-02,34,0,wk inc flu hosp,2026-05-02,quantile,0.025,10,New Jersey,Ensemble
2026-05-02,34,0,wk inc flu hosp,2026-05-02,quantile,0.05,12,New Jersey,Ensemble
2026-05-02,34,0,wk inc flu hosp,2026-05-02,quantile,0.1,16,New Jersey,Ensemble
2026-05-02,34,0,wk inc flu hosp,2026-05-02,quantile,0.15,18,New Jersey,Ensemble
2026-05-02,34,0,wk inc flu hosp,2026-05-02,quantile,0.2,20,New Jersey,Ensemble
2026-05-02,34,0,wk inc flu hosp,2026-05-02,quantile,0.25,22,New Jersey,Ensemble
2026-05-02,34,0,wk inc flu hosp,2026-05-02,quantile,0.3,24,New Jersey,Ensemble
2026-05-02,34,0,wk inc flu hosp,2026-05-02,quantile,0.35,26,New Jersey,Ensemble
2026-05-02,34,0,wk inc flu hosp,2026-05-02,quantile,0.4,28,New Jersey,Ensemble
2026-05-02,34,0,wk inc flu hosp,2026-05-02,quantile,0.45,30,New Jersey,Ensemble
2026-05-02,34,0,wk inc flu hosp,2026-05-02,quantile,0.5,33,New Jersey,Ensemble
2026-05-02,34,0,wk inc flu hosp,2026-05-02,quantile,0.55,36,New Jersey,Ensemble
2026-05-02,34,0,wk inc flu hosp,2026-05-02,quantile,0.6,39,New Jersey,Ensemble
2026-05-02,34,0,wk inc flu hosp,2026-05-02,quantile,0.65,42,New Jersey,Ensemble
2026-05-02,34,0,wk inc flu hosp,2026-05-02,quantile,0.7,45,New Jersey,Ensemble
2026-05-02,34,0,wk inc flu hosp,2026-05-02,quantile,0.75,48,New Jersey,Ensemble
2026-05-02,34,0,wk inc flu hosp,2026-05-02,quantile,0.8,51,New Jersey,Ensemble
2026-05-02,34,0,wk inc flu hosp,2026-05-02,quantile,0.85,56,New Jersey,Ensemble
2026-05-02,34,0,wk inc flu hosp,2026-05-02,quantile,0.9,63,New Jersey,Ensemble
2026-05-02,34,0,wk inc flu hosp,2026-05-02,quantile,0.95,79,New Jersey,Ensemble
2026-05-02,34,0,wk inc flu hosp,2026-05-02,quantile,0.975,96,New Jersey,Ensemble
2026-05-02,34,0,wk inc flu hosp,2026-05-02,quantile,0.99,121,New Jersey,Ensemble
2026-05-02,34,1,wk inc flu hosp,2026-05-09,quantile,0.01,4,New Jersey,Ensemble
2026-05-02,34,1,wk inc flu hosp,2026-05-09,quantile,0.025,6,New Jersey,Ensemble
2026-05-02,34,1,wk inc flu hosp,2026-05-09,quantile,0.05,7,New Jersey,Ensemble
2026-05-02,34,1,wk inc flu hosp,2026-05-09,quantile,0.1,9,New Jersey,Ensemble
2026-05-02,34,1,wk inc flu hosp,2026-05-09,quantile,0.15,12,New Jersey,Ensemble
2026-05-02,34,1,wk inc flu hosp,2026-05-09,quantile,0.2,14,New Jersey,Ensemble
2026-05-02,34,1,wk inc flu hosp,2026-05-09,quantile,0.25,16,New Jersey,Ensemble
2026-05-02,34,1,wk inc flu hosp,2026-05-09,quantile,0.3,18,New Jersey,Ensemble
2026-05-02,34,1,wk inc flu hosp,2026-05-09,quantile,0.35,20,New Jersey,Ensemble
2026-05-02,34,1,wk inc flu hosp,2026-05-09,quantile,0.4,22,New Jersey,Ensemble
2026-05-02,34,1,wk inc flu hosp,2026-05-09,quantile,0.45,24,New Jersey,Ensemble
2026-05-02,34,1,wk inc flu hosp,2026-05-09,quantile,0.5,27,New Jersey,Ensemble
2026-05-02,34,1,wk inc flu hosp,2026-05-09,quantile,0.55,30,New Jersey,Ensemble
2026-05-02,34,1,wk inc flu hosp,2026-05-09,quantile,0.6,33,New Jersey,Ensemble
2026-05-02,34,1,wk inc flu hosp,2026-05-09,quantile,0.65,37,New Jersey,Ensemble
2026-05-02,34,1,wk inc flu hosp,2026-05-09,quantile,0.7,41,New Jersey,Ensemble
2026-05-02,34,1,wk inc flu hosp,2026-05-09,quantile,0.75,45,New Jersey,Ensemble
2026-05-02,34,1,wk inc flu hosp,2026-05-09,quantile,0.8,50,New Jersey,Ensemble
2026-05-02,34,1,wk inc flu hosp,2026-05-09,quantile,0.85,58,New Jersey,Ensemble
2026-05-02,34,1,wk inc flu hosp,2026-05-09,quantile,0.9,71,New Jersey,Ensemble
2026-05-02,34,1,wk inc flu hosp,2026-05-09,quantile,0.95,96,New Jersey,Ensemble
2026-05-02,34,1,wk inc flu hosp,2026-05-09,quantile,0.975,123,New Jersey,Ensemble
2026-05-02,34,1,wk inc flu hosp,2026-05-09,quantile,0.99,159,New Jersey,Ensemble
2026-05-02,34,2,wk inc flu hosp,2026-05-16,quantile,0.01,3,New Jersey,Ensemble
2026-05-02,34,2,wk inc flu hosp,2026-05-16,quantile,0.025,4,New Jersey,Ensemble
2026-05-02,34,2,wk inc flu hosp,2026-05-16,quantile,0.05,5,New Jersey,Ensemble
2026-05-02,34,2,wk inc flu hosp,2026-05-16,quantile,0.1,7,New Jersey,Ensemble
2026-05-02,34,2,wk inc flu hosp,2026-05-16,quantile,0.15,9,New Jersey,Ensemble
2026-05-02,34,2,wk inc flu hosp,2026-05-16,quantile,0.2,11,New Jersey,Ensemble
2026-05-02,34,2,wk inc flu hosp,2026-05-16,quantile,0.25,13,New Jersey,Ensemble
2026-05-02,34,2,wk inc flu hosp,2026-05-16,quantile,0.3,14,New Jersey,Ensemble
2026-05-02,34,2,wk inc flu hosp,2026-05-16,quantile,0.35,16,New Jersey,Ensemble
2026-05-02,34,2,wk inc flu hosp,2026-05-16,quantile,0.4,18,New Jersey,Ensemble
2026-05-02,34,2,wk inc flu hosp,2026-05-16,quantile,0.45,20,New Jersey,Ensemble
2026-05-02,34,2,wk inc flu hosp,2026-05-16,quantile,0.5,24,New Jersey,Ensemble
2026-05-02,34,2,wk inc flu hosp,2026-05-16,quantile,0.55,27,New Jersey,Ensemble
2026-05-02,34,2,wk inc flu hosp,2026-05-16,quantile,0.6,30,New Jersey,Ensemble
2026-05-02,34,2,wk inc flu hosp,2026-05-16,quantile,0.65,33,New Jersey,Ensemble
2026-05-02,34,2,wk inc flu hosp,2026-05-16,quantile,0.7,38,New Jersey,Ensemble
2026-05-02,34,2,wk inc flu hosp,2026-05-16,quantile,0.75,43,New Jersey,Ensemble
2026-05-02,34,2,wk inc flu hosp,2026-05-16,quantile,0.8,50,New Jersey,Ensemble
2026-05-02,34,2,wk inc flu hosp,2026-05-16,quantile,0.85,61,New Jersey,Ensemble
2026-05-02,34,2,wk inc flu hosp,2026-05-16,quantile,0.9,79,New Jersey,Ensemble
2026-05-02,34,2,wk inc flu hosp,2026-05-16,quantile,0.95,112,New Jersey,Ensemble
2026-05-02,34,2,wk inc flu hosp,2026-05-16,quantile,0.975,147,New Jersey,Ensemble
2026-05-02,34,2,wk inc flu hosp,2026-05-16,quantile,0.99,189,New Jersey,Ensemble
2026-05-02,34,3,wk inc flu hosp,2026-05-23,quantile,0.01,2,New Jersey,Ensemble
2026-05-02,34,3,wk inc flu hosp,2026-05-23,quantile,0.025,3,New Jersey,Ensemble
2026-05-02,34,3,wk inc flu hosp,2026-05-23,quantile,0.05,4,New Jersey,Ensemble
2026-05-02,34,3,wk inc flu hosp,2026-05-23,quantile,0.1,6,New Jersey,Ensemble
2026-05-02,34,3,wk inc flu hosp,2026-05-23,quantile,0.15,7,New Jersey,Ensemble
2026-05-02,34,3,wk inc flu hosp,2026-05-23,quantile,0.2,9,New Jersey,Ensemble
2026-05-02,34,3,wk inc flu hosp,2026-05-23,quantile,0.25,11,New Jersey,Ensemble
2026-05-02,34,3,wk inc flu hosp,2026-05-23,quantile,0.3,12,New Jersey,Ensemble
2026-05-02,34,3,wk inc flu hosp,2026-05-23,quantile,0.35,14,New Jersey,Ensemble
2026-05-02,34,3,wk inc flu hosp,2026-05-23,quantile,0.4,16,New Jersey,Ensemble
2026-05-02,34,3,wk inc flu hosp,2026-05-23,quantile,0.45,18,New Jersey,Ensemble
2026-05-02,34,3,wk inc flu hosp,2026-05-23,quantile,0.5,22,New Jersey,Ensemble
2026-05-02,34,3,wk inc flu hosp,2026-05-23,quantile,0.55,25,New Jersey,Ensemble
2026-05-02,34,3,wk inc flu hosp,2026-05-23,quantile,0.6,29,New Jersey,Ensemble
2026-05-02,34,3,wk inc flu hosp,2026-05-23,quantile,0.65,32,New Jersey,Ensemble
2026-05-02,34,3,wk inc flu hosp,2026-05-23,quantile,0.7,38,New Jersey,Ensemble
2026-05-02,34,3,wk inc flu hosp,2026-05-23,quantile,0.75,44,New Jersey,Ensemble
2026-05-02,34,3,wk inc flu hosp,2026-05-23,quantile,0.8,53,New Jersey,Ensemble
2026-05-02,34,3,wk inc flu hosp,2026-05-23,quantile,0.85,68,New Jersey,Ensemble
2026-05-02,34,3,wk inc flu hosp,2026-05-23,quantile,0.9,91,New Jersey,Ensemble
2026-05-02,34,3,wk inc flu hosp,2026-05-23,quantile,0.95,131,New Jersey,Ensemble
2026-05-02,34,3,wk inc flu hosp,2026-05-23,quantile,0.975,171,New Jersey,Ensemble
2026-05-02,34,3,wk inc flu hosp,2026-05-23,quantile,0.99,231,New Jersey,Ensemble
2026-05-02,35,0,wk inc flu hosp,2026-05-02,quantile,0.01,0,New Mexico,Ensemble
2026-05-02,35,0,wk inc flu hosp,2026-05-02,quantile,0.025,1,New Mexico,Ensemble
2026-05-02,35,0,wk inc flu hosp,2026-05-02,quantile,0.05,1,New Mexico,Ensemble
2026-05-02,35,0,wk inc flu hosp,2026-05-02,quantile,0.1,2,New Mexico,Ensemble
2026-05-02,35,0,wk inc flu hosp,2026-05-02,quantile,0.15,2,New Mexico,Ensemble
2026-05-02,35,0,wk inc flu hosp,2026-05-02,quantile,0.2,3,New Mexico,Ensemble
2026-05-02,35,0,wk inc flu hosp,2026-05-02,quantile,0.25,3,New Mexico,Ensemble
2026-05-02,35,0,wk inc flu hosp,2026-05-02,quantile,0.3,4,New Mexico,Ensemble
2026-05-02,35,0,wk inc flu hosp,2026-05-02,quantile,0.35,4,New Mexico,Ensemble
2026-05-02,35,0,wk inc flu hosp,2026-05-02,quantile,0.4,5,New Mexico,Ensemble
2026-05-02,35,0,wk inc flu hosp,2026-05-02,quantile,0.45,5,New Mexico,Ensemble
2026-05-02,35,0,wk inc flu hosp,2026-05-02,quantile,0.5,6,New Mexico,Ensemble
2026-05-02,35,0,wk inc flu hosp,2026-05-02,quantile,0.55,7,New Mexico,Ensemble
2026-05-02,35,0,wk inc flu hosp,2026-05-02,quantile,0.6,8,New Mexico,Ensemble
2026-05-02,35,0,wk inc flu hosp,2026-05-02,quantile,0.65,8,New Mexico,Ensemble
2026-05-02,35,0,wk inc flu hosp,2026-05-02,quantile,0.7,9,New Mexico,Ensemble
2026-05-02,35,0,wk inc flu hosp,2026-05-02,quantile,0.75,9,New Mexico,Ensemble
2026-05-02,35,0,wk inc flu hosp,2026-05-02,quantile,0.8,10,New Mexico,Ensemble
2026-05-02,35,0,wk inc flu hosp,2026-05-02,quantile,0.85,11,New Mexico,Ensemble
2026-05-02,35,0,wk inc flu hosp,2026-05-02,quantile,0.9,13,New Mexico,Ensemble
2026-05-02,35,0,wk inc flu hosp,2026-05-02,quantile,0.95,16,New Mexico,Ensemble
2026-05-02,35,0,wk inc flu hosp,2026-05-02,quantile,0.975,19,New Mexico,Ensemble
2026-05-02,35,0,wk inc flu hosp,2026-05-02,quantile,0.99,24,New Mexico,Ensemble
2026-05-02,35,1,wk inc flu hosp,2026-05-09,quantile,0.01,0,New Mexico,Ensemble
2026-05-02,35,1,wk inc flu hosp,2026-05-09,quantile,0.025,0,New Mexico,Ensemble
2026-05-02,35,1,wk inc flu hosp,2026-05-09,quantile,0.05,0,New Mexico,Ensemble
2026-05-02,35,1,wk inc flu hosp,2026-05-09,quantile,0.1,1,New Mexico,Ensemble
2026-05-02,35,1,wk inc flu hosp,2026-05-09,quantile,0.15,2,New Mexico,Ensemble
2026-05-02,35,1,wk inc flu hosp,2026-05-09,quantile,0.2,2,New Mexico,Ensemble
2026-05-02,35,1,wk inc flu hosp,2026-05-09,quantile,0.25,2,New Mexico,Ensemble
2026-05-02,35,1,wk inc flu hosp,2026-05-09,quantile,0.3,3,New Mexico,Ensemble
2026-05-02,35,1,wk inc flu hosp,2026-05-09,quantile,0.35,3,New Mexico,Ensemble
2026-05-02,35,1,wk inc flu hosp,2026-05-09,quantile,0.4,3,New Mexico,Ensemble
2026-05-02,35,1,wk inc flu hosp,2026-05-09,quantile,0.45,4,New Mexico,Ensemble
2026-05-02,35,1,wk inc flu hosp,2026-05-09,quantile,0.5,5,New Mexico,Ensemble
2026-05-02,35,1,wk inc flu hosp,2026-05-09,quantile,0.55,6,New Mexico,Ensemble
2026-05-02,35,1,wk inc flu hosp,2026-05-09,quantile,0.6,7,New Mexico,Ensemble
2026-05-02,35,1,wk inc flu hosp,2026-05-09,quantile,0.65,7,New Mexico,Ensemble
2026-05-02,35,1,wk inc flu hosp,2026-05-09,quantile,0.7,8,New Mexico,Ensemble
2026-05-02,35,1,wk inc flu hosp,2026-05-09,quantile,0.75,9,New Mexico,Ensemble
2026-05-02,35,1,wk inc flu hosp,2026-05-09,quantile,0.8,10,New Mexico,Ensemble
2026-05-02,35,1,wk inc flu hosp,2026-05-09,quantile,0.85,12,New Mexico,Ensemble
2026-05-02,35,1,wk inc flu hosp,2026-05-09,quantile,0.9,14,New Mexico,Ensemble
2026-05-02,35,1,wk inc flu hosp,2026-05-09,quantile,0.95,18,New Mexico,Ensemble
2026-05-02,35,1,wk inc flu hosp,2026-05-09,quantile,0.975,23,New Mexico,Ensemble
2026-05-02,35,1,wk inc flu hosp,2026-05-09,quantile,0.99,30,New Mexico,Ensemble
2026-05-02,35,2,wk inc flu hosp,2026-05-16,quantile,0.01,0,New Mexico,Ensemble
2026-05-02,35,2,wk inc flu hosp,2026-05-16,quantile,0.025,0,New Mexico,Ensemble
2026-05-02,35,2,wk inc flu hosp,2026-05-16,quantile,0.05,0,New Mexico,Ensemble
2026-05-02,35,2,wk inc flu hosp,2026-05-16,quantile,0.1,1,New Mexico,Ensemble
2026-05-02,35,2,wk inc flu hosp,2026-05-16,quantile,0.15,1,New Mexico,Ensemble
2026-05-02,35,2,wk inc flu hosp,2026-05-16,quantile,0.2,1,New Mexico,Ensemble
2026-05-02,35,2,wk inc flu hosp,2026-05-16,quantile,0.25,2,New Mexico,Ensemble
2026-05-02,35,2,wk inc flu hosp,2026-05-16,quantile,0.3,2,New Mexico,Ensemble
2026-05-02,35,2,wk inc flu hosp,2026-05-16,quantile,0.35,2,New Mexico,Ensemble
2026-05-02,35,2,wk inc flu hosp,2026-05-16,quantile,0.4,3,New Mexico,Ensemble
2026-05-02,35,2,wk inc flu hosp,2026-05-16,quantile,0.45,3,New Mexico,Ensemble
2026-05-02,35,2,wk inc flu hosp,2026-05-16,quantile,0.5,5,New Mexico,Ensemble
2026-05-02,35,2,wk inc flu hosp,2026-05-16,quantile,0.55,5,New Mexico,Ensemble
2026-05-02,35,2,wk inc flu hosp,2026-05-16,quantile,0.6,6,New Mexico,Ensemble
2026-05-02,35,2,wk inc flu hosp,2026-05-16,quantile,0.65,6,New Mexico,Ensemble
2026-05-02,35,2,wk inc flu hosp,2026-05-16,quantile,0.7,7,New Mexico,Ensemble
2026-05-02,35,2,wk inc flu hosp,2026-05-16,quantile,0.75,8,New Mexico,Ensemble
2026-05-02,35,2,wk inc flu hosp,2026-05-16,quantile,0.8,9,New Mexico,Ensemble
2026-05-02,35,2,wk inc flu hosp,2026-05-16,quantile,0.85,11,New Mexico,Ensemble
2026-05-02,35,2,wk inc flu hosp,2026-05-16,quantile,0.9,14,New Mexico,Ensemble
2026-05-02,35,2,wk inc flu hosp,2026-05-16,quantile,0.95,20,New Mexico,Ensemble
2026-05-02,35,2,wk inc flu hosp,2026-05-16,quantile,0.975,26,New Mexico,Ensemble
2026-05-02,35,2,wk inc flu hosp,2026-05-16,quantile,0.99,34,New Mexico,Ensemble
2026-05-02,35,3,wk inc flu hosp,2026-05-23,quantile,0.01,0,New Mexico,Ensemble
2026-05-02,35,3,wk inc flu hosp,2026-05-23,quantile,0.025,0,New Mexico,Ensemble
2026-05-02,35,3,wk inc flu hosp,2026-05-23,quantile,0.05,0,New Mexico,Ensemble
2026-05-02,35,3,wk inc flu hosp,2026-05-23,quantile,0.1,1,New Mexico,Ensemble
2026-05-02,35,3,wk inc flu hosp,2026-05-23,quantile,0.15,1,New Mexico,Ensemble
2026-05-02,35,3,wk inc flu hosp,2026-05-23,quantile,0.2,1,New Mexico,Ensemble
2026-05-02,35,3,wk inc flu hosp,2026-05-23,quantile,0.25,2,New Mexico,Ensemble
2026-05-02,35,3,wk inc flu hosp,2026-05-23,quantile,0.3,2,New Mexico,Ensemble
2026-05-02,35,3,wk inc flu hosp,2026-05-23,quantile,0.35,2,New Mexico,Ensemble
2026-05-02,35,3,wk inc flu hosp,2026-05-23,quantile,0.4,3,New Mexico,Ensemble
2026-05-02,35,3,wk inc flu hosp,2026-05-23,quantile,0.45,3,New Mexico,Ensemble
2026-05-02,35,3,wk inc flu hosp,2026-05-23,quantile,0.5,4,New Mexico,Ensemble
2026-05-02,35,3,wk inc flu hosp,2026-05-23,quantile,0.55,5,New Mexico,Ensemble
2026-05-02,35,3,wk inc flu hosp,2026-05-23,quantile,0.6,6,New Mexico,Ensemble
2026-05-02,35,3,wk inc flu hosp,2026-05-23,quantile,0.65,6,New Mexico,Ensemble
2026-05-02,35,3,wk inc flu hosp,2026-05-23,quantile,0.7,7,New Mexico,Ensemble
2026-05-02,35,3,wk inc flu hosp,2026-05-23,quantile,0.75,8,New Mexico,Ensemble
2026-05-02,35,3,wk inc flu hosp,2026-05-23,quantile,0.8,10,New Mexico,Ensemble
2026-05-02,35,3,wk inc flu hosp,2026-05-23,quantile,0.85,12,New Mexico,Ensemble
2026-05-02,35,3,wk inc flu hosp,2026-05-23,quantile,0.9,15,New Mexico,Ensemble
2026-05-02,35,3,wk inc flu hosp,2026-05-23,quantile,0.95,21,New Mexico,Ensemble
2026-05-02,35,3,wk inc flu hosp,2026-05-23,quantile,0.975,29,New Mexico,Ensemble
2026-05-02,35,3,wk inc flu hosp,2026-05-23,quantile,0.99,39,New Mexico,Ensemble
2026-05-02,36,0,wk inc flu hosp,2026-05-02,quantile,0.01,11,New York,Ensemble
2026-05-02,36,0,wk inc flu hosp,2026-05-02,quantile,0.025,15,New York,Ensemble
2026-05-02,36,0,wk inc flu hosp,2026-05-02,quantile,0.05,18,New York,Ensemble
2026-05-02,36,0,wk inc flu hosp,2026-05-02,quantile,0.1,23,New York,Ensemble
2026-05-02,36,0,wk inc flu hosp,2026-05-02,quantile,0.15,27,New York,Ensemble
2026-05-02,36,0,wk inc flu hosp,2026-05-02,quantile,0.2,31,New York,Ensemble
2026-05-02,36,0,wk inc flu hosp,2026-05-02,quantile,0.25,34,New York,Ensemble
2026-05-02,36,0,wk inc flu hosp,2026-05-02,quantile,0.3,37,New York,Ensemble
2026-05-02,36,0,wk inc flu hosp,2026-05-02,quantile,0.35,40,New York,Ensemble
2026-05-02,36,0,wk inc flu hosp,2026-05-02,quantile,0.4,43,New York,Ensemble
2026-05-02,36,0,wk inc flu hosp,2026-05-02,quantile,0.45,46,New York,Ensemble
2026-05-02,36,0,wk inc flu hosp,2026-05-02,quantile,0.5,51,New York,Ensemble
2026-05-02,36,0,wk inc flu hosp,2026-05-02,quantile,0.55,55,New York,Ensemble
2026-05-02,36,0,wk inc flu hosp,2026-05-02,quantile,0.6,60,New York,Ensemble
2026-05-02,36,0,wk inc flu hosp,2026-05-02,quantile,0.65,64,New York,Ensemble
2026-05-02,36,0,wk inc flu hosp,2026-05-02,quantile,0.7,69,New York,Ensemble
2026-05-02,36,0,wk inc flu hosp,2026-05-02,quantile,0.75,74,New York,Ensemble
2026-05-02,36,0,wk inc flu hosp,2026-05-02,quantile,0.8,80,New York,Ensemble
2026-05-02,36,0,wk inc flu hosp,2026-05-02,quantile,0.85,90,New York,Ensemble
2026-05-02,36,0,wk inc flu hosp,2026-05-02,quantile,0.9,104,New York,Ensemble
2026-05-02,36,0,wk inc flu hosp,2026-05-02,quantile,0.95,134,New York,Ensemble
2026-05-02,36,0,wk inc flu hosp,2026-05-02,quantile,0.975,161,New York,Ensemble
2026-05-02,36,0,wk inc flu hosp,2026-05-02,quantile,0.99,197,New York,Ensemble
2026-05-02,36,1,wk inc flu hosp,2026-05-09,quantile,0.01,6,New York,Ensemble
2026-05-02,36,1,wk inc flu hosp,2026-05-09,quantile,0.025,8,New York,Ensemble
2026-05-02,36,1,wk inc flu hosp,2026-05-09,quantile,0.05,10,New York,Ensemble
2026-05-02,36,1,wk inc flu hosp,2026-05-09,quantile,0.1,14,New York,Ensemble
2026-05-02,36,1,wk inc flu hosp,2026-05-09,quantile,0.15,18,New York,Ensemble
2026-05-02,36,1,wk inc flu hosp,2026-05-09,quantile,0.2,21,New York,Ensemble
2026-05-02,36,1,wk inc flu hosp,2026-05-09,quantile,0.25,24,New York,Ensemble
2026-05-02,36,1,wk inc flu hosp,2026-05-09,quantile,0.3,27,New York,Ensemble
2026-05-02,36,1,wk inc flu hosp,2026-05-09,quantile,0.35,30,New York,Ensemble
2026-05-02,36,1,wk inc flu hosp,2026-05-09,quantile,0.4,33,New York,Ensemble
2026-05-02,36,1,wk inc flu hosp,2026-05-09,quantile,0.45,37,New York,Ensemble
2026-05-02,36,1,wk inc flu hosp,2026-05-09,quantile,0.5,42,New York,Ensemble
2026-05-02,36,1,wk inc flu hosp,2026-05-09,quantile,0.55,46,New York,Ensemble
2026-05-02,36,1,wk inc flu hosp,2026-05-09,quantile,0.6,51,New York,Ensemble
2026-05-02,36,1,wk inc flu hosp,2026-05-09,quantile,0.65,56,New York,Ensemble
2026-05-02,36,1,wk inc flu hosp,2026-05-09,quantile,0.7,63,New York,Ensemble
2026-05-02,36,1,wk inc flu hosp,2026-05-09,quantile,0.75,70,New York,Ensemble
2026-05-02,36,1,wk inc flu hosp,2026-05-09,quantile,0.8,79,New York,Ensemble
2026-05-02,36,1,wk inc flu hosp,2026-05-09,quantile,0.85,96,New York,Ensemble
2026-05-02,36,1,wk inc flu hosp,2026-05-09,quantile,0.9,119,New York,Ensemble
2026-05-02,36,1,wk inc flu hosp,2026-05-09,quantile,0.95,161,New York,Ensemble
2026-05-02,36,1,wk inc flu hosp,2026-05-09,quantile,0.975,207,New York,Ensemble
2026-05-02,36,1,wk inc flu hosp,2026-05-09,quantile,0.99,274,New York,Ensemble
2026-05-02,36,2,wk inc flu hosp,2026-05-16,quantile,0.01,4,New York,Ensemble
2026-05-02,36,2,wk inc flu hosp,2026-05-16,quantile,0.025,6,New York,Ensemble
2026-05-02,36,2,wk inc flu hosp,2026-05-16,quantile,0.05,8,New York,Ensemble
2026-05-02,36,2,wk inc flu hosp,2026-05-16,quantile,0.1,10,New York,Ensemble
2026-05-02,36,2,wk inc flu hosp,2026-05-16,quantile,0.15,13,New York,Ensemble
2026-05-02,36,2,wk inc flu hosp,2026-05-16,quantile,0.2,17,New York,Ensemble
2026-05-02,36,2,wk inc flu hosp,2026-05-16,quantile,0.25,19,New York,Ensemble
2026-05-02,36,2,wk inc flu hosp,2026-05-16,quantile,0.3,21,New York,Ensemble
2026-05-02,36,2,wk inc flu hosp,2026-05-16,quantile,0.35,24,New York,Ensemble
2026-05-02,36,2,wk inc flu hosp,2026-05-16,quantile,0.4,27,New York,Ensemble
2026-05-02,36,2,wk inc flu hosp,2026-05-16,quantile,0.45,31,New York,Ensemble
2026-05-02,36,2,wk inc flu hosp,2026-05-16,quantile,0.5,36,New York,Ensemble
2026-05-02,36,2,wk inc flu hosp,2026-05-16,quantile,0.55,40,New York,Ensemble
2026-05-02,36,2,wk inc flu hosp,2026-05-16,quantile,0.6,45,New York,Ensemble
2026-05-02,36,2,wk inc flu hosp,2026-05-16,quantile,0.65,51,New York,Ensemble
2026-05-02,36,2,wk inc flu hosp,2026-05-16,quantile,0.7,58,New York,Ensemble
2026-05-02,36,2,wk inc flu hosp,2026-05-16,quantile,0.75,67,New York,Ensemble
2026-05-02,36,2,wk inc flu hosp,2026-05-16,quantile,0.8,80,New York,Ensemble
2026-05-02,36,2,wk inc flu hosp,2026-05-16,quantile,0.85,101,New York,Ensemble
2026-05-02,36,2,wk inc flu hosp,2026-05-16,quantile,0.9,135,New York,Ensemble
2026-05-02,36,2,wk inc flu hosp,2026-05-16,quantile,0.95,196,New York,Ensemble
2026-05-02,36,2,wk inc flu hosp,2026-05-16,quantile,0.975,257,New York,Ensemble
2026-05-02,36,2,wk inc flu hosp,2026-05-16,quantile,0.99,356,New York,Ensemble
2026-05-02,36,3,wk inc flu hosp,2026-05-23,quantile,0.01,3,New York,Ensemble
2026-05-02,36,3,wk inc flu hosp,2026-05-23,quantile,0.025,4,New York,Ensemble
2026-05-02,36,3,wk inc flu hosp,2026-05-23,quantile,0.05,6,New York,Ensemble
2026-05-02,36,3,wk inc flu hosp,2026-05-23,quantile,0.1,8,New York,Ensemble
2026-05-02,36,3,wk inc flu hosp,2026-05-23,quantile,0.15,10,New York,Ensemble
2026-05-02,36,3,wk inc flu hosp,2026-05-23,quantile,0.2,14,New York,Ensemble
2026-05-02,36,3,wk inc flu hosp,2026-05-23,quantile,0.25,16,New York,Ensemble
2026-05-02,36,3,wk inc flu hosp,2026-05-23,quantile,0.3,18,New York,Ensemble
2026-05-02,36,3,wk inc flu hosp,2026-05-23,quantile,0.35,20,New York,Ensemble
2026-05-02,36,3,wk inc flu hosp,2026-05-23,quantile,0.4,22,New York,Ensemble
2026-05-02,36,3,wk inc flu hosp,2026-05-23,quantile,0.45,26,New York,Ensemble
2026-05-02,36,3,wk inc flu hosp,2026-05-23,quantile,0.5,31,New York,Ensemble
2026-05-02,36,3,wk inc flu hosp,2026-05-23,quantile,0.55,35,New York,Ensemble
2026-05-02,36,3,wk inc flu hosp,2026-05-23,quantile,0.6,40,New York,Ensemble
2026-05-02,36,3,wk inc flu hosp,2026-05-23,quantile,0.65,47,New York,Ensemble
2026-05-02,36,3,wk inc flu hosp,2026-05-23,quantile,0.7,55,New York,Ensemble
2026-05-02,36,3,wk inc flu hosp,2026-05-23,quantile,0.75,67,New York,Ensemble
2026-05-02,36,3,wk inc flu hosp,2026-05-23,quantile,0.8,83,New York,Ensemble
2026-05-02,36,3,wk inc flu hosp,2026-05-23,quantile,0.85,112,New York,Ensemble
2026-05-02,36,3,wk inc flu hosp,2026-05-23,quantile,0.9,153,New York,Ensemble
2026-05-02,36,3,wk inc flu hosp,2026-05-23,quantile,0.95,227,New York,Ensemble
2026-05-02,36,3,wk inc flu hosp,2026-05-23,quantile,0.975,307,New York,Ensemble
2026-05-02,36,3,wk inc flu hosp,2026-05-23,quantile,0.99,422,New York,Ensemble
2026-05-02,37,0,wk inc flu hosp,2026-05-02,quantile,0.01,2,North Carolina,Ensemble
2026-05-02,37,0,wk inc flu hosp,2026-05-02,quantile,0.025,3,North Carolina,Ensemble
2026-05-02,37,0,wk inc flu hosp,2026-05-02,quantile,0.05,4,North Carolina,Ensemble
2026-05-02,37,0,wk inc flu hosp,2026-05-02,quantile,0.1,5,North Carolina,Ensemble
2026-05-02,37,0,wk inc flu hosp,2026-05-02,quantile,0.15,7,North Carolina,Ensemble
2026-05-02,37,0,wk inc flu hosp,2026-05-02,quantile,0.2,8,North Carolina,Ensemble
2026-05-02,37,0,wk inc flu hosp,2026-05-02,quantile,0.25,9,North Carolina,Ensemble
2026-05-02,37,0,wk inc flu hosp,2026-05-02,quantile,0.3,10,North Carolina,Ensemble
2026-05-02,37,0,wk inc flu hosp,2026-05-02,quantile,0.35,11,North Carolina,Ensemble
2026-05-02,37,0,wk inc flu hosp,2026-05-02,quantile,0.4,12,North Carolina,Ensemble
2026-05-02,37,0,wk inc flu hosp,2026-05-02,quantile,0.45,13,North Carolina,Ensemble
2026-05-02,37,0,wk inc flu hosp,2026-05-02,quantile,0.5,15,North Carolina,Ensemble
2026-05-02,37,0,wk inc flu hosp,2026-05-02,quantile,0.55,17,North Carolina,Ensemble
2026-05-02,37,0,wk inc flu hosp,2026-05-02,quantile,0.6,18,North Carolina,Ensemble
2026-05-02,37,0,wk inc flu hosp,2026-05-02,quantile,0.65,19,North Carolina,Ensemble
2026-05-02,37,0,wk inc flu hosp,2026-05-02,quantile,0.7,21,North Carolina,Ensemble
2026-05-02,37,0,wk inc flu hosp,2026-05-02,quantile,0.75,23,North Carolina,Ensemble
2026-05-02,37,0,wk inc flu hosp,2026-05-02,quantile,0.8,25,North Carolina,Ensemble
2026-05-02,37,0,wk inc flu hosp,2026-05-02,quantile,0.85,28,North Carolina,Ensemble
2026-05-02,37,0,wk inc flu hosp,2026-05-02,quantile,0.9,33,North Carolina,Ensemble
2026-05-02,37,0,wk inc flu hosp,2026-05-02,quantile,0.95,48,North Carolina,Ensemble
2026-05-02,37,0,wk inc flu hosp,2026-05-02,quantile,0.975,69,North Carolina,Ensemble
2026-05-02,37,0,wk inc flu hosp,2026-05-02,quantile,0.99,96,North Carolina,Ensemble
2026-05-02,37,1,wk inc flu hosp,2026-05-09,quantile,0.01,1,North Carolina,Ensemble
2026-05-02,37,1,wk inc flu hosp,2026-05-09,quantile,0.025,1,North Carolina,Ensemble
2026-05-02,37,1,wk inc flu hosp,2026-05-09,quantile,0.05,2,North Carolina,Ensemble
2026-05-02,37,1,wk inc flu hosp,2026-05-09,quantile,0.1,3,North Carolina,Ensemble
2026-05-02,37,1,wk inc flu hosp,2026-05-09,quantile,0.15,4,North Carolina,Ensemble
2026-05-02,37,1,wk inc flu hosp,2026-05-09,quantile,0.2,5,North Carolina,Ensemble
2026-05-02,37,1,wk inc flu hosp,2026-05-09,quantile,0.25,6,North Carolina,Ensemble
2026-05-02,37,1,wk inc flu hosp,2026-05-09,quantile,0.3,7,North Carolina,Ensemble
2026-05-02,37,1,wk inc flu hosp,2026-05-09,quantile,0.35,8,North Carolina,Ensemble
2026-05-02,37,1,wk inc flu hosp,2026-05-09,quantile,0.4,9,North Carolina,Ensemble
2026-05-02,37,1,wk inc flu hosp,2026-05-09,quantile,0.45,10,North Carolina,Ensemble
2026-05-02,37,1,wk inc flu hosp,2026-05-09,quantile,0.5,12,North Carolina,Ensemble
2026-05-02,37,1,wk inc flu hosp,2026-05-09,quantile,0.55,14,North Carolina,Ensemble
2026-05-02,37,1,wk inc flu hosp,2026-05-09,quantile,0.6,15,North Carolina,Ensemble
2026-05-02,37,1,wk inc flu hosp,2026-05-09,quantile,0.65,17,North Carolina,Ensemble
2026-05-02,37,1,wk inc flu hosp,2026-05-09,quantile,0.7,19,North Carolina,Ensemble
2026-05-02,37,1,wk inc flu hosp,2026-05-09,quantile,0.75,22,North Carolina,Ensemble
2026-05-02,37,1,wk inc flu hosp,2026-05-09,quantile,0.8,25,North Carolina,Ensemble
2026-05-02,37,1,wk inc flu hosp,2026-05-09,quantile,0.85,31,North Carolina,Ensemble
2026-05-02,37,1,wk inc flu hosp,2026-05-09,quantile,0.9,44,North Carolina,Ensemble
2026-05-02,37,1,wk inc flu hosp,2026-05-09,quantile,0.95,69,North Carolina,Ensemble
2026-05-02,37,1,wk inc flu hosp,2026-05-09,quantile,0.975,98,North Carolina,Ensemble
2026-05-02,37,1,wk inc flu hosp,2026-05-09,quantile,0.99,135,North Carolina,Ensemble
2026-05-02,37,2,wk inc flu hosp,2026-05-16,quantile,0.01,0,North Carolina,Ensemble
2026-05-02,37,2,wk inc flu hosp,2026-05-16,quantile,0.025,1,North Carolina,Ensemble
2026-05-02,37,2,wk inc flu hosp,2026-05-16,quantile,0.05,1,North Carolina,Ensemble
2026-05-02,37,2,wk inc flu hosp,2026-05-16,quantile,0.1,2,North Carolina,Ensemble
2026-05-02,37,2,wk inc flu hosp,2026-05-16,quantile,0.15,3,North Carolina,Ensemble
2026-05-02,37,2,wk inc flu hosp,2026-05-16,quantile,0.2,4,North Carolina,Ensemble
2026-05-02,37,2,wk inc flu hosp,2026-05-16,quantile,0.25,5,North Carolina,Ensemble
2026-05-02,37,2,wk inc flu hosp,2026-05-16,quantile,0.3,6,North Carolina,Ensemble
2026-05-02,37,2,wk inc flu hosp,2026-05-16,quantile,0.35,7,North Carolina,Ensemble
2026-05-02,37,2,wk inc flu hosp,2026-05-16,quantile,0.4,7,North Carolina,Ensemble
2026-05-02,37,2,wk inc flu hosp,2026-05-16,quantile,0.45,8,North Carolina,Ensemble
2026-05-02,37,2,wk inc flu hosp,2026-05-16,quantile,0.5,10,North Carolina,Ensemble
2026-05-02,37,2,wk inc flu hosp,2026-05-16,quantile,0.55,12,North Carolina,Ensemble
2026-05-02,37,2,wk inc flu hosp,2026-05-16,quantile,0.6,13,North Carolina,Ensemble
2026-05-02,37,2,wk inc flu hosp,2026-05-16,quantile,0.65,15,North Carolina,Ensemble
2026-05-02,37,2,wk inc flu hosp,2026-05-16,quantile,0.7,18,North Carolina,Ensemble
2026-05-02,37,2,wk inc flu hosp,2026-05-16,quantile,0.75,21,North Carolina,Ensemble
2026-05-02,37,2,wk inc flu hosp,2026-05-16,quantile,0.8,27,North Carolina,Ensemble
2026-05-02,37,2,wk inc flu hosp,2026-05-16,quantile,0.85,37,North Carolina,Ensemble
2026-05-02,37,2,wk inc flu hosp,2026-05-16,quantile,0.9,54,North Carolina,Ensemble
2026-05-02,37,2,wk inc flu hosp,2026-05-16,quantile,0.95,91,North Carolina,Ensemble
2026-05-02,37,2,wk inc flu hosp,2026-05-16,quantile,0.975,126,North Carolina,Ensemble
2026-05-02,37,2,wk inc flu hosp,2026-05-16,quantile,0.99,177,North Carolina,Ensemble
2026-05-02,37,3,wk inc flu hosp,2026-05-23,quantile,0.01,0,North Carolina,Ensemble
2026-05-02,37,3,wk inc flu hosp,2026-05-23,quantile,0.025,1,North Carolina,Ensemble
2026-05-02,37,3,wk inc flu hosp,2026-05-23,quantile,0.05,1,North Carolina,Ensemble
2026-05-02,37,3,wk inc flu hosp,2026-05-23,quantile,0.1,2,North Carolina,Ensemble
2026-05-02,37,3,wk inc flu hosp,2026-05-23,quantile,0.15,2,North Carolina,Ensemble
2026-05-02,37,3,wk inc flu hosp,2026-05-23,quantile,0.2,3,North Carolina,Ensemble
2026-05-02,37,3,wk inc flu hosp,2026-05-23,quantile,0.25,4,North Carolina,Ensemble
2026-05-02,37,3,wk inc flu hosp,2026-05-23,quantile,0.3,5,North Carolina,Ensemble
2026-05-02,37,3,wk inc flu hosp,2026-05-23,quantile,0.35,6,North Carolina,Ensemble
2026-05-02,37,3,wk inc flu hosp,2026-05-23,quantile,0.4,7,North Carolina,Ensemble
2026-05-02,37,3,wk inc flu hosp,2026-05-23,quantile,0.45,7,North Carolina,Ensemble
2026-05-02,37,3,wk inc flu hosp,2026-05-23,quantile,0.5,9,North Carolina,Ensemble
2026-05-02,37,3,wk inc flu hosp,2026-05-23,quantile,0.55,11,North Carolina,Ensemble
2026-05-02,37,3,wk inc flu hosp,2026-05-23,quantile,0.6,12,North Carolina,Ensemble
2026-05-02,37,3,wk inc flu hosp,2026-05-23,quantile,0.65,14,North Carolina,Ensemble
2026-05-02,37,3,wk inc flu hosp,2026-05-23,quantile,0.7,17,North Carolina,Ensemble
2026-05-02,37,3,wk inc flu hosp,2026-05-23,quantile,0.75,20,North Carolina,Ensemble
2026-05-02,37,3,wk inc flu hosp,2026-05-23,quantile,0.8,27,North Carolina,Ensemble
2026-05-02,37,3,wk inc flu hosp,2026-05-23,quantile,0.85,39,North Carolina,Ensemble
2026-05-02,37,3,wk inc flu hosp,2026-05-23,quantile,0.9,61,North Carolina,Ensemble
2026-05-02,37,3,wk inc flu hosp,2026-05-23,quantile,0.95,104,North Carolina,Ensemble
2026-05-02,37,3,wk inc flu hosp,2026-05-23,quantile,0.975,148,North Carolina,Ensemble
2026-05-02,37,3,wk inc flu hosp,2026-05-23,quantile,0.99,209,North Carolina,Ensemble
2026-05-02,38,0,wk inc flu hosp,2026-05-02,quantile,0.01,0,North Dakota,Ensemble
2026-05-02,38,0,wk inc flu hosp,2026-05-02,quantile,0.025,0,North Dakota,Ensemble
2026-05-02,38,0,wk inc flu hosp,2026-05-02,quantile,0.05,0,North Dakota,Ensemble
2026-05-02,38,0,wk inc flu hosp,2026-05-02,quantile,0.1,0,North Dakota,Ensemble
2026-05-02,38,0,wk inc flu hosp,2026-05-02,quantile,0.15,1,North Dakota,Ensemble
2026-05-02,38,0,wk inc flu hosp,2026-05-02,quantile,0.2,1,North Dakota,Ensemble
2026-05-02,38,0,wk inc flu hosp,2026-05-02,quantile,0.25,1,North Dakota,Ensemble
2026-05-02,38,0,wk inc flu hosp,2026-05-02,quantile,0.3,1,North Dakota,Ensemble
2026-05-02,38,0,wk inc flu hosp,2026-05-02,quantile,0.35,2,North Dakota,Ensemble
2026-05-02,38,0,wk inc flu hosp,2026-05-02,quantile,0.4,2,North Dakota,Ensemble
2026-05-02,38,0,wk inc flu hosp,2026-05-02,quantile,0.45,2,North Dakota,Ensemble
2026-05-02,38,0,wk inc flu hosp,2026-05-02,quantile,0.5,3,North Dakota,Ensemble
2026-05-02,38,0,wk inc flu hosp,2026-05-02,quantile,0.55,4,North Dakota,Ensemble
2026-05-02,38,0,wk inc flu hosp,2026-05-02,quantile,0.6,4,North Dakota,Ensemble
2026-05-02,38,0,wk inc flu hosp,2026-05-02,quantile,0.65,4,North Dakota,Ensemble
2026-05-02,38,0,wk inc flu hosp,2026-05-02,quantile,0.7,5,North Dakota,Ensemble
2026-05-02,38,0,wk inc flu hosp,2026-05-02,quantile,0.75,5,North Dakota,Ensemble
2026-05-02,38,0,wk inc flu hosp,2026-05-02,quantile,0.8,6,North Dakota,Ensemble
2026-05-02,38,0,wk inc flu hosp,2026-05-02,quantile,0.85,7,North Dakota,Ensemble
2026-05-02,38,0,wk inc flu hosp,2026-05-02,quantile,0.9,7,North Dakota,Ensemble
2026-05-02,38,0,wk inc flu hosp,2026-05-02,quantile,0.95,9,North Dakota,Ensemble
2026-05-02,38,0,wk inc flu hosp,2026-05-02,quantile,0.975,11,North Dakota,Ensemble
2026-05-02,38,0,wk inc flu hosp,2026-05-02,quantile,0.99,15,North Dakota,Ensemble
2026-05-02,38,1,wk inc flu hosp,2026-05-09,quantile,0.01,0,North Dakota,Ensemble
2026-05-02,38,1,wk inc flu hosp,2026-05-09,quantile,0.025,0,North Dakota,Ensemble
2026-05-02,38,1,wk inc flu hosp,2026-05-09,quantile,0.05,0,North Dakota,Ensemble
2026-05-02,38,1,wk inc flu hosp,2026-05-09,quantile,0.1,0,North Dakota,Ensemble
2026-05-02,38,1,wk inc flu hosp,2026-05-09,quantile,0.15,0,North Dakota,Ensemble
2026-05-02,38,1,wk inc flu hosp,2026-05-09,quantile,0.2,0,North Dakota,Ensemble
2026-05-02,38,1,wk inc flu hosp,2026-05-09,quantile,0.25,1,North Dakota,Ensemble
2026-05-02,38,1,wk inc flu hosp,2026-05-09,quantile,0.3,1,North Dakota,Ensemble
2026-05-02,38,1,wk inc flu hosp,2026-05-09,quantile,0.35,1,North Dakota,Ensemble
2026-05-02,38,1,wk inc flu hosp,2026-05-09,quantile,0.4,1,North Dakota,Ensemble
2026-05-02,38,1,wk inc flu hosp,2026-05-09,quantile,0.45,1,North Dakota,Ensemble
2026-05-02,38,1,wk inc flu hosp,2026-05-09,quantile,0.5,3,North Dakota,Ensemble
2026-05-02,38,1,wk inc flu hosp,2026-05-09,quantile,0.55,3,North Dakota,Ensemble
2026-05-02,38,1,wk inc flu hosp,2026-05-09,quantile,0.6,3,North Dakota,Ensemble
2026-05-02,38,1,wk inc flu hosp,2026-05-09,quantile,0.65,4,North Dakota,Ensemble
2026-05-02,38,1,wk inc flu hosp,2026-05-09,quantile,0.7,4,North Dakota,Ensemble
2026-05-02,38,1,wk inc flu hosp,2026-05-09,quantile,0.75,4,North Dakota,Ensemble
2026-05-02,38,1,wk inc flu hosp,2026-05-09,quantile,0.8,5,North Dakota,Ensemble
2026-05-02,38,1,wk inc flu hosp,2026-05-09,quantile,0.85,6,North Dakota,Ensemble
2026-05-02,38,1,wk inc flu hosp,2026-05-09,quantile,0.9,7,North Dakota,Ensemble
2026-05-02,38,1,wk inc flu hosp,2026-05-09,quantile,0.95,9,North Dakota,Ensemble
2026-05-02,38,1,wk inc flu hosp,2026-05-09,quantile,0.975,11,North Dakota,Ensemble
2026-05-02,38,1,wk inc flu hosp,2026-05-09,quantile,0.99,15,North Dakota,Ensemble
2026-05-02,38,2,wk inc flu hosp,2026-05-16,quantile,0.01,0,North Dakota,Ensemble
2026-05-02,38,2,wk inc flu hosp,2026-05-16,quantile,0.025,0,North Dakota,Ensemble
2026-05-02,38,2,wk inc flu hosp,2026-05-16,quantile,0.05,0,North Dakota,Ensemble
2026-05-02,38,2,wk inc flu hosp,2026-05-16,quantile,0.1,0,North Dakota,Ensemble
2026-05-02,38,2,wk inc flu hosp,2026-05-16,quantile,0.15,0,North Dakota,Ensemble
2026-05-02,38,2,wk inc flu hosp,2026-05-16,quantile,0.2,0,North Dakota,Ensemble
2026-05-02,38,2,wk inc flu hosp,2026-05-16,quantile,0.25,0,North Dakota,Ensemble
2026-05-02,38,2,wk inc flu hosp,2026-05-16,quantile,0.3,1,North Dakota,Ensemble
2026-05-02,38,2,wk inc flu hosp,2026-05-16,quantile,0.35,1,North Dakota,Ensemble
2026-05-02,38,2,wk inc flu hosp,2026-05-16,quantile,0.4,1,North Dakota,Ensemble
2026-05-02,38,2,wk inc flu hosp,2026-05-16,quantile,0.45,1,North Dakota,Ensemble
2026-05-02,38,2,wk inc flu hosp,2026-05-16,quantile,0.5,2,North Dakota,Ensemble
2026-05-02,38,2,wk inc flu hosp,2026-05-16,quantile,0.55,2,North Dakota,Ensemble
2026-05-02,38,2,wk inc flu hosp,2026-05-16,quantile,0.6,3,North Dakota,Ensemble
2026-05-02,38,2,wk inc flu hosp,2026-05-16,quantile,0.65,3,North Dakota,Ensemble
2026-05-02,38,2,wk inc flu hosp,2026-05-16,quantile,0.7,3,North Dakota,Ensemble
2026-05-02,38,2,wk inc flu hosp,2026-05-16,quantile,0.75,4,North Dakota,Ensemble
2026-05-02,38,2,wk inc flu hosp,2026-05-16,quantile,0.8,5,North Dakota,Ensemble
2026-05-02,38,2,wk inc flu hosp,2026-05-16,quantile,0.85,5,North Dakota,Ensemble
2026-05-02,38,2,wk inc flu hosp,2026-05-16,quantile,0.9,6,North Dakota,Ensemble
2026-05-02,38,2,wk inc flu hosp,2026-05-16,quantile,0.95,9,North Dakota,Ensemble
2026-05-02,38,2,wk inc flu hosp,2026-05-16,quantile,0.975,12,North Dakota,Ensemble
2026-05-02,38,2,wk inc flu hosp,2026-05-16,quantile,0.99,16,North Dakota,Ensemble
2026-05-02,38,3,wk inc flu hosp,2026-05-23,quantile,0.01,0,North Dakota,Ensemble
2026-05-02,38,3,wk inc flu hosp,2026-05-23,quantile,0.025,0,North Dakota,Ensemble
2026-05-02,38,3,wk inc flu hosp,2026-05-23,quantile,0.05,0,North Dakota,Ensemble
2026-05-02,38,3,wk inc flu hosp,2026-05-23,quantile,0.1,0,North Dakota,Ensemble
2026-05-02,38,3,wk inc flu hosp,2026-05-23,quantile,0.15,0,North Dakota,Ensemble
2026-05-02,38,3,wk inc flu hosp,2026-05-23,quantile,0.2,0,North Dakota,Ensemble
2026-05-02,38,3,wk inc flu hosp,2026-05-23,quantile,0.25,0,North Dakota,Ensemble
2026-05-02,38,3,wk inc flu hosp,2026-05-23,quantile,0.3,0,North Dakota,Ensemble
2026-05-02,38,3,wk inc flu hosp,2026-05-23,quantile,0.35,0,North Dakota,Ensemble
2026-05-02,38,3,wk inc flu hosp,2026-05-23,quantile,0.4,1,North Dakota,Ensemble
2026-05-02,38,3,wk inc flu hosp,2026-05-23,quantile,0.45,1,North Dakota,Ensemble
2026-05-02,38,3,wk inc flu hosp,2026-05-23,quantile,0.5,2,North Dakota,Ensemble
2026-05-02,38,3,wk inc flu hosp,2026-05-23,quantile,0.55,2,North Dakota,Ensemble
2026-05-02,38,3,wk inc flu hosp,2026-05-23,quantile,0.6,2,North Dakota,Ensemble
2026-05-02,38,3,wk inc flu hosp,2026-05-23,quantile,0.65,3,North Dakota,Ensemble
2026-05-02,38,3,wk inc flu hosp,2026-05-23,quantile,0.7,3,North Dakota,Ensemble
2026-05-02,38,3,wk inc flu hosp,2026-05-23,quantile,0.75,4,North Dakota,Ensemble
2026-05-02,38,3,wk inc flu hosp,2026-05-23,quantile,0.8,4,North Dakota,Ensemble
2026-05-02,38,3,wk inc flu hosp,2026-05-23,quantile,0.85,5,North Dakota,Ensemble
2026-05-02,38,3,wk inc flu hosp,2026-05-23,quantile,0.9,6,North Dakota,Ensemble
2026-05-02,38,3,wk inc flu hosp,2026-05-23,quantile,0.95,9,North Dakota,Ensemble
2026-05-02,38,3,wk inc flu hosp,2026-05-23,quantile,0.975,12,North Dakota,Ensemble
2026-05-02,38,3,wk inc flu hosp,2026-05-23,quantile,0.99,17,North Dakota,Ensemble
2026-05-02,39,0,wk inc flu hosp,2026-05-02,quantile,0.01,6,Ohio,Ensemble
2026-05-02,39,0,wk inc flu hosp,2026-05-02,quantile,0.025,8,Ohio,Ensemble
2026-05-02,39,0,wk inc flu hosp,2026-05-02,quantile,0.05,10,Ohio,Ensemble
2026-05-02,39,0,wk inc flu hosp,2026-05-02,quantile,0.1,12,Ohio,Ensemble
2026-05-02,39,0,wk inc flu hosp,2026-05-02,quantile,0.15,14,Ohio,Ensemble
2026-05-02,39,0,wk inc flu hosp,2026-05-02,quantile,0.2,16,Ohio,Ensemble
2026-05-02,39,0,wk inc flu hosp,2026-05-02,quantile,0.25,18,Ohio,Ensemble
2026-05-02,39,0,wk inc flu hosp,2026-05-02,quantile,0.3,20,Ohio,Ensemble
2026-05-02,39,0,wk inc flu hosp,2026-05-02,quantile,0.35,22,Ohio,Ensemble
2026-05-02,39,0,wk inc flu hosp,2026-05-02,quantile,0.4,24,Ohio,Ensemble
2026-05-02,39,0,wk inc flu hosp,2026-05-02,quantile,0.45,25,Ohio,Ensemble
2026-05-02,39,0,wk inc flu hosp,2026-05-02,quantile,0.5,28,Ohio,Ensemble
2026-05-02,39,0,wk inc flu hosp,2026-05-02,quantile,0.55,30,Ohio,Ensemble
2026-05-02,39,0,wk inc flu hosp,2026-05-02,quantile,0.6,32,Ohio,Ensemble
2026-05-02,39,0,wk inc flu hosp,2026-05-02,quantile,0.65,34,Ohio,Ensemble
2026-05-02,39,0,wk inc flu hosp,2026-05-02,quantile,0.7,36,Ohio,Ensemble
2026-05-02,39,0,wk inc flu hosp,2026-05-02,quantile,0.75,39,Ohio,Ensemble
2026-05-02,39,0,wk inc flu hosp,2026-05-02,quantile,0.8,42,Ohio,Ensemble
2026-05-02,39,0,wk inc flu hosp,2026-05-02,quantile,0.85,47,Ohio,Ensemble
2026-05-02,39,0,wk inc flu hosp,2026-05-02,quantile,0.9,54,Ohio,Ensemble
2026-05-02,39,0,wk inc flu hosp,2026-05-02,quantile,0.95,66,Ohio,Ensemble
2026-05-02,39,0,wk inc flu hosp,2026-05-02,quantile,0.975,77,Ohio,Ensemble
2026-05-02,39,0,wk inc flu hosp,2026-05-02,quantile,0.99,94,Ohio,Ensemble
2026-05-02,39,1,wk inc flu hosp,2026-05-09,quantile,0.01,3,Ohio,Ensemble
2026-05-02,39,1,wk inc flu hosp,2026-05-09,quantile,0.025,4,Ohio,Ensemble
2026-05-02,39,1,wk inc flu hosp,2026-05-09,quantile,0.05,6,Ohio,Ensemble
2026-05-02,39,1,wk inc flu hosp,2026-05-09,quantile,0.1,8,Ohio,Ensemble
2026-05-02,39,1,wk inc flu hosp,2026-05-09,quantile,0.15,10,Ohio,Ensemble
2026-05-02,39,1,wk inc flu hosp,2026-05-09,quantile,0.2,11,Ohio,Ensemble
2026-05-02,39,1,wk inc flu hosp,2026-05-09,quantile,0.25,13,Ohio,Ensemble
2026-05-02,39,1,wk inc flu hosp,2026-05-09,quantile,0.3,14,Ohio,Ensemble
2026-05-02,39,1,wk inc flu hosp,2026-05-09,quantile,0.35,16,Ohio,Ensemble
2026-05-02,39,1,wk inc flu hosp,2026-05-09,quantile,0.4,18,Ohio,Ensemble
2026-05-02,39,1,wk inc flu hosp,2026-05-09,quantile,0.45,19,Ohio,Ensemble
2026-05-02,39,1,wk inc flu hosp,2026-05-09,quantile,0.5,22,Ohio,Ensemble
2026-05-02,39,1,wk inc flu hosp,2026-05-09,quantile,0.55,24,Ohio,Ensemble
2026-05-02,39,1,wk inc flu hosp,2026-05-09,quantile,0.6,26,Ohio,Ensemble
2026-05-02,39,1,wk inc flu hosp,2026-05-09,quantile,0.65,29,Ohio,Ensemble
2026-05-02,39,1,wk inc flu hosp,2026-05-09,quantile,0.7,32,Ohio,Ensemble
2026-05-02,39,1,wk inc flu hosp,2026-05-09,quantile,0.75,36,Ohio,Ensemble
2026-05-02,39,1,wk inc flu hosp,2026-05-09,quantile,0.8,40,Ohio,Ensemble
2026-05-02,39,1,wk inc flu hosp,2026-05-09,quantile,0.85,47,Ohio,Ensemble
2026-05-02,39,1,wk inc flu hosp,2026-05-09,quantile,0.9,57,Ohio,Ensemble
2026-05-02,39,1,wk inc flu hosp,2026-05-09,quantile,0.95,76,Ohio,Ensemble
2026-05-02,39,1,wk inc flu hosp,2026-05-09,quantile,0.975,97,Ohio,Ensemble
2026-05-02,39,1,wk inc flu hosp,2026-05-09,quantile,0.99,126,Ohio,Ensemble
2026-05-02,39,2,wk inc flu hosp,2026-05-16,quantile,0.01,2,Ohio,Ensemble
2026-05-02,39,2,wk inc flu hosp,2026-05-16,quantile,0.025,3,Ohio,Ensemble
2026-05-02,39,2,wk inc flu hosp,2026-05-16,quantile,0.05,4,Ohio,Ensemble
2026-05-02,39,2,wk inc flu hosp,2026-05-16,quantile,0.1,6,Ohio,Ensemble
2026-05-02,39,2,wk inc flu hosp,2026-05-16,quantile,0.15,8,Ohio,Ensemble
2026-05-02,39,2,wk inc flu hosp,2026-05-16,quantile,0.2,9,Ohio,Ensemble
2026-05-02,39,2,wk inc flu hosp,2026-05-16,quantile,0.25,11,Ohio,Ensemble
2026-05-02,39,2,wk inc flu hosp,2026-05-16,quantile,0.3,12,Ohio,Ensemble
2026-05-02,39,2,wk inc flu hosp,2026-05-16,quantile,0.35,13,Ohio,Ensemble
2026-05-02,39,2,wk inc flu hosp,2026-05-16,quantile,0.4,15,Ohio,Ensemble
2026-05-02,39,2,wk inc flu hosp,2026-05-16,quantile,0.45,16,Ohio,Ensemble
2026-05-02,39,2,wk inc flu hosp,2026-05-16,quantile,0.5,19,Ohio,Ensemble
2026-05-02,39,2,wk inc flu hosp,2026-05-16,quantile,0.55,21,Ohio,Ensemble
2026-05-02,39,2,wk inc flu hosp,2026-05-16,quantile,0.6,24,Ohio,Ensemble
2026-05-02,39,2,wk inc flu hosp,2026-05-16,quantile,0.65,27,Ohio,Ensemble
2026-05-02,39,2,wk inc flu hosp,2026-05-16,quantile,0.7,30,Ohio,Ensemble
2026-05-02,39,2,wk inc flu hosp,2026-05-16,quantile,0.75,35,Ohio,Ensemble
2026-05-02,39,2,wk inc flu hosp,2026-05-16,quantile,0.8,40,Ohio,Ensemble
2026-05-02,39,2,wk inc flu hosp,2026-05-16,quantile,0.85,48,Ohio,Ensemble
2026-05-02,39,2,wk inc flu hosp,2026-05-16,quantile,0.9,61,Ohio,Ensemble
2026-05-02,39,2,wk inc flu hosp,2026-05-16,quantile,0.95,86,Ohio,Ensemble
2026-05-02,39,2,wk inc flu hosp,2026-05-16,quantile,0.975,113,Ohio,Ensemble
2026-05-02,39,2,wk inc flu hosp,2026-05-16,quantile,0.99,160,Ohio,Ensemble
2026-05-02,39,3,wk inc flu hosp,2026-05-23,quantile,0.01,2,Ohio,Ensemble
2026-05-02,39,3,wk inc flu hosp,2026-05-23,quantile,0.025,2,Ohio,Ensemble
2026-05-02,39,3,wk inc flu hosp,2026-05-23,quantile,0.05,3,Ohio,Ensemble
2026-05-02,39,3,wk inc flu hosp,2026-05-23,quantile,0.1,5,Ohio,Ensemble
2026-05-02,39,3,wk inc flu hosp,2026-05-23,quantile,0.15,6,Ohio,Ensemble
2026-05-02,39,3,wk inc flu hosp,2026-05-23,quantile,0.2,7,Ohio,Ensemble
2026-05-02,39,3,wk inc flu hosp,2026-05-23,quantile,0.25,9,Ohio,Ensemble
2026-05-02,39,3,wk inc flu hosp,2026-05-23,quantile,0.3,10,Ohio,Ensemble
2026-05-02,39,3,wk inc flu hosp,2026-05-23,quantile,0.35,11,Ohio,Ensemble
2026-05-02,39,3,wk inc flu hosp,2026-05-23,quantile,0.4,12,Ohio,Ensemble
2026-05-02,39,3,wk inc flu hosp,2026-05-23,quantile,0.45,14,Ohio,Ensemble
2026-05-02,39,3,wk inc flu hosp,2026-05-23,quantile,0.5,16,Ohio,Ensemble
2026-05-02,39,3,wk inc flu hosp,2026-05-23,quantile,0.55,19,Ohio,Ensemble
2026-05-02,39,3,wk inc flu hosp,2026-05-23,quantile,0.6,21,Ohio,Ensemble
2026-05-02,39,3,wk inc flu hosp,2026-05-23,quantile,0.65,24,Ohio,Ensemble
2026-05-02,39,3,wk inc flu hosp,2026-05-23,quantile,0.7,28,Ohio,Ensemble
2026-05-02,39,3,wk inc flu hosp,2026-05-23,quantile,0.75,33,Ohio,Ensemble
2026-05-02,39,3,wk inc flu hosp,2026-05-23,quantile,0.8,40,Ohio,Ensemble
2026-05-02,39,3,wk inc flu hosp,2026-05-23,quantile,0.85,49,Ohio,Ensemble
2026-05-02,39,3,wk inc flu hosp,2026-05-23,quantile,0.9,66,Ohio,Ensemble
2026-05-02,39,3,wk inc flu hosp,2026-05-23,quantile,0.95,94,Ohio,Ensemble
2026-05-02,39,3,wk inc flu hosp,2026-05-23,quantile,0.975,135,Ohio,Ensemble
2026-05-02,39,3,wk inc flu hosp,2026-05-23,quantile,0.99,185,Ohio,Ensemble
2026-05-02,40,0,wk inc flu hosp,2026-05-02,quantile,0.01,1,Oklahoma,Ensemble
2026-05-02,40,0,wk inc flu hosp,2026-05-02,quantile,0.025,1,Oklahoma,Ensemble
2026-05-02,40,0,wk inc flu hosp,2026-05-02,quantile,0.05,2,Oklahoma,Ensemble
2026-05-02,40,0,wk inc flu hosp,2026-05-02,quantile,0.1,2,Oklahoma,Ensemble
2026-05-02,40,0,wk inc flu hosp,2026-05-02,quantile,0.15,3,Oklahoma,Ensemble
2026-05-02,40,0,wk inc flu hosp,2026-05-02,quantile,0.2,3,Oklahoma,Ensemble
2026-05-02,40,0,wk inc flu hosp,2026-05-02,quantile,0.25,4,Oklahoma,Ensemble
2026-05-02,40,0,wk inc flu hosp,2026-05-02,quantile,0.3,5,Oklahoma,Ensemble
2026-05-02,40,0,wk inc flu hosp,2026-05-02,quantile,0.35,5,Oklahoma,Ensemble
2026-05-02,40,0,wk inc flu hosp,2026-05-02,quantile,0.4,6,Oklahoma,Ensemble
2026-05-02,40,0,wk inc flu hosp,2026-05-02,quantile,0.45,6,Oklahoma,Ensemble
2026-05-02,40,0,wk inc flu hosp,2026-05-02,quantile,0.5,8,Oklahoma,Ensemble
2026-05-02,40,0,wk inc flu hosp,2026-05-02,quantile,0.55,8,Oklahoma,Ensemble
2026-05-02,40,0,wk inc flu hosp,2026-05-02,quantile,0.6,9,Oklahoma,Ensemble
2026-05-02,40,0,wk inc flu hosp,2026-05-02,quantile,0.65,10,Oklahoma,Ensemble
2026-05-02,40,0,wk inc flu hosp,2026-05-02,quantile,0.7,11,Oklahoma,Ensemble
2026-05-02,40,0,wk inc flu hosp,2026-05-02,quantile,0.75,12,Oklahoma,Ensemble
2026-05-02,40,0,wk inc flu hosp,2026-05-02,quantile,0.8,13,Oklahoma,Ensemble
2026-05-02,40,0,wk inc flu hosp,2026-05-02,quantile,0.85,14,Oklahoma,Ensemble
2026-05-02,40,0,wk inc flu hosp,2026-05-02,quantile,0.9,16,Oklahoma,Ensemble
2026-05-02,40,0,wk inc flu hosp,2026-05-02,quantile,0.95,19,Oklahoma,Ensemble
2026-05-02,40,0,wk inc flu hosp,2026-05-02,quantile,0.975,22,Oklahoma,Ensemble
2026-05-02,40,0,wk inc flu hosp,2026-05-02,quantile,0.99,28,Oklahoma,Ensemble
2026-05-02,40,1,wk inc flu hosp,2026-05-09,quantile,0.01,0,Oklahoma,Ensemble
2026-05-02,40,1,wk inc flu hosp,2026-05-09,quantile,0.025,0,Oklahoma,Ensemble
2026-05-02,40,1,wk inc flu hosp,2026-05-09,quantile,0.05,1,Oklahoma,Ensemble
2026-05-02,40,1,wk inc flu hosp,2026-05-09,quantile,0.1,1,Oklahoma,Ensemble
2026-05-02,40,1,wk inc flu hosp,2026-05-09,quantile,0.15,2,Oklahoma,Ensemble
2026-05-02,40,1,wk inc flu hosp,2026-05-09,quantile,0.2,2,Oklahoma,Ensemble
2026-05-02,40,1,wk inc flu hosp,2026-05-09,quantile,0.25,3,Oklahoma,Ensemble
2026-05-02,40,1,wk inc flu hosp,2026-05-09,quantile,0.3,3,Oklahoma,Ensemble
2026-05-02,40,1,wk inc flu hosp,2026-05-09,quantile,0.35,4,Oklahoma,Ensemble
2026-05-02,40,1,wk inc flu hosp,2026-05-09,quantile,0.4,4,Oklahoma,Ensemble
2026-05-02,40,1,wk inc flu hosp,2026-05-09,quantile,0.45,5,Oklahoma,Ensemble
2026-05-02,40,1,wk inc flu hosp,2026-05-09,quantile,0.5,6,Oklahoma,Ensemble
2026-05-02,40,1,wk inc flu hosp,2026-05-09,quantile,0.55,7,Oklahoma,Ensemble
2026-05-02,40,1,wk inc flu hosp,2026-05-09,quantile,0.6,8,Oklahoma,Ensemble
2026-05-02,40,1,wk inc flu hosp,2026-05-09,quantile,0.65,9,Oklahoma,Ensemble
2026-05-02,40,1,wk inc flu hosp,2026-05-09,quantile,0.7,10,Oklahoma,Ensemble
2026-05-02,40,1,wk inc flu hosp,2026-05-09,quantile,0.75,11,Oklahoma,Ensemble
2026-05-02,40,1,wk inc flu hosp,2026-05-09,quantile,0.8,12,Oklahoma,Ensemble
2026-05-02,40,1,wk inc flu hosp,2026-05-09,quantile,0.85,13,Oklahoma,Ensemble
2026-05-02,40,1,wk inc flu hosp,2026-05-09,quantile,0.9,16,Oklahoma,Ensemble
2026-05-02,40,1,wk inc flu hosp,2026-05-09,quantile,0.95,20,Oklahoma,Ensemble
2026-05-02,40,1,wk inc flu hosp,2026-05-09,quantile,0.975,25,Oklahoma,Ensemble
2026-05-02,40,1,wk inc flu hosp,2026-05-09,quantile,0.99,32,Oklahoma,Ensemble
2026-05-02,40,2,wk inc flu hosp,2026-05-16,quantile,0.01,0,Oklahoma,Ensemble
2026-05-02,40,2,wk inc flu hosp,2026-05-16,quantile,0.025,0,Oklahoma,Ensemble
2026-05-02,40,2,wk inc flu hosp,2026-05-16,quantile,0.05,0,Oklahoma,Ensemble
2026-05-02,40,2,wk inc flu hosp,2026-05-16,quantile,0.1,1,Oklahoma,Ensemble
2026-05-02,40,2,wk inc flu hosp,2026-05-16,quantile,0.15,1,Oklahoma,Ensemble
2026-05-02,40,2,wk inc flu hosp,2026-05-16,quantile,0.2,2,Oklahoma,Ensemble
2026-05-02,40,2,wk inc flu hosp,2026-05-16,quantile,0.25,2,Oklahoma,Ensemble
2026-05-02,40,2,wk inc flu hosp,2026-05-16,quantile,0.3,3,Oklahoma,Ensemble
2026-05-02,40,2,wk inc flu hosp,2026-05-16,quantile,0.35,3,Oklahoma,Ensemble
2026-05-02,40,2,wk inc flu hosp,2026-05-16,quantile,0.4,4,Oklahoma,Ensemble
2026-05-02,40,2,wk inc flu hosp,2026-05-16,quantile,0.45,4,Oklahoma,Ensemble
2026-05-02,40,2,wk inc flu hosp,2026-05-16,quantile,0.5,6,Oklahoma,Ensemble
2026-05-02,40,2,wk inc flu hosp,2026-05-16,quantile,0.55,6,Oklahoma,Ensemble
2026-05-02,40,2,wk inc flu hosp,2026-05-16,quantile,0.6,7,Oklahoma,Ensemble
2026-05-02,40,2,wk inc flu hosp,2026-05-16,quantile,0.65,8,Oklahoma,Ensemble
2026-05-02,40,2,wk inc flu hosp,2026-05-16,quantile,0.7,9,Oklahoma,Ensemble
2026-05-02,40,2,wk inc flu hosp,2026-05-16,quantile,0.75,10,Oklahoma,Ensemble
2026-05-02,40,2,wk inc flu hosp,2026-05-16,quantile,0.8,11,Oklahoma,Ensemble
2026-05-02,40,2,wk inc flu hosp,2026-05-16,quantile,0.85,14,Oklahoma,Ensemble
2026-05-02,40,2,wk inc flu hosp,2026-05-16,quantile,0.9,17,Oklahoma,Ensemble
2026-05-02,40,2,wk inc flu hosp,2026-05-16,quantile,0.95,22,Oklahoma,Ensemble
2026-05-02,40,2,wk inc flu hosp,2026-05-16,quantile,0.975,29,Oklahoma,Ensemble
2026-05-02,40,2,wk inc flu hosp,2026-05-16,quantile,0.99,38,Oklahoma,Ensemble
2026-05-02,40,3,wk inc flu hosp,2026-05-23,quantile,0.01,0,Oklahoma,Ensemble
2026-05-02,40,3,wk inc flu hosp,2026-05-23,quantile,0.025,0,Oklahoma,Ensemble
2026-05-02,40,3,wk inc flu hosp,2026-05-23,quantile,0.05,0,Oklahoma,Ensemble
2026-05-02,40,3,wk inc flu hosp,2026-05-23,quantile,0.1,1,Oklahoma,Ensemble
2026-05-02,40,3,wk inc flu hosp,2026-05-23,quantile,0.15,1,Oklahoma,Ensemble
2026-05-02,40,3,wk inc flu hosp,2026-05-23,quantile,0.2,1,Oklahoma,Ensemble
2026-05-02,40,3,wk inc flu hosp,2026-05-23,quantile,0.25,1,Oklahoma,Ensemble
2026-05-02,40,3,wk inc flu hosp,2026-05-23,quantile,0.3,2,Oklahoma,Ensemble
2026-05-02,40,3,wk inc flu hosp,2026-05-23,quantile,0.35,2,Oklahoma,Ensemble
2026-05-02,40,3,wk inc flu hosp,2026-05-23,quantile,0.4,3,Oklahoma,Ensemble
2026-05-02,40,3,wk inc flu hosp,2026-05-23,quantile,0.45,3,Oklahoma,Ensemble
2026-05-02,40,3,wk inc flu hosp,2026-05-23,quantile,0.5,4,Oklahoma,Ensemble
2026-05-02,40,3,wk inc flu hosp,2026-05-23,quantile,0.55,5,Oklahoma,Ensemble
2026-05-02,40,3,wk inc flu hosp,2026-05-23,quantile,0.6,6,Oklahoma,Ensemble
2026-05-02,40,3,wk inc flu hosp,2026-05-23,quantile,0.65,7,Oklahoma,Ensemble
2026-05-02,40,3,wk inc flu hosp,2026-05-23,quantile,0.7,8,Oklahoma,Ensemble
2026-05-02,40,3,wk inc flu hosp,2026-05-23,quantile,0.75,9,Oklahoma,Ensemble
2026-05-02,40,3,wk inc flu hosp,2026-05-23,quantile,0.8,10,Oklahoma,Ensemble
2026-05-02,40,3,wk inc flu hosp,2026-05-23,quantile,0.85,12,Oklahoma,Ensemble
2026-05-02,40,3,wk inc flu hosp,2026-05-23,quantile,0.9,16,Oklahoma,Ensemble
2026-05-02,40,3,wk inc flu hosp,2026-05-23,quantile,0.95,22,Oklahoma,Ensemble
2026-05-02,40,3,wk inc flu hosp,2026-05-23,quantile,0.975,29,Oklahoma,Ensemble
2026-05-02,40,3,wk inc flu hosp,2026-05-23,quantile,0.99,39,Oklahoma,Ensemble
2026-05-02,41,0,wk inc flu hosp,2026-05-02,quantile,0.01,1,Oregon,Ensemble
2026-05-02,41,0,wk inc flu hosp,2026-05-02,quantile,0.025,1,Oregon,Ensemble
2026-05-02,41,0,wk inc flu hosp,2026-05-02,quantile,0.05,2,Oregon,Ensemble
2026-05-02,41,0,wk inc flu hosp,2026-05-02,quantile,0.1,2,Oregon,Ensemble
2026-05-02,41,0,wk inc flu hosp,2026-05-02,quantile,0.15,3,Oregon,Ensemble
2026-05-02,41,0,wk inc flu hosp,2026-05-02,quantile,0.2,3,Oregon,Ensemble
2026-05-02,41,0,wk inc flu hosp,2026-05-02,quantile,0.25,4,Oregon,Ensemble
2026-05-02,41,0,wk inc flu hosp,2026-05-02,quantile,0.3,5,Oregon,Ensemble
2026-05-02,41,0,wk inc flu hosp,2026-05-02,quantile,0.35,5,Oregon,Ensemble
2026-05-02,41,0,wk inc flu hosp,2026-05-02,quantile,0.4,6,Oregon,Ensemble
2026-05-02,41,0,wk inc flu hosp,2026-05-02,quantile,0.45,6,Oregon,Ensemble
2026-05-02,41,0,wk inc flu hosp,2026-05-02,quantile,0.5,8,Oregon,Ensemble
2026-05-02,41,0,wk inc flu hosp,2026-05-02,quantile,0.55,9,Oregon,Ensemble
2026-05-02,41,0,wk inc flu hosp,2026-05-02,quantile,0.6,9,Oregon,Ensemble
2026-05-02,41,0,wk inc flu hosp,2026-05-02,quantile,0.65,10,Oregon,Ensemble
2026-05-02,41,0,wk inc flu hosp,2026-05-02,quantile,0.7,11,Oregon,Ensemble
2026-05-02,41,0,wk inc flu hosp,2026-05-02,quantile,0.75,12,Oregon,Ensemble
2026-05-02,41,0,wk inc flu hosp,2026-05-02,quantile,0.8,13,Oregon,Ensemble
2026-05-02,41,0,wk inc flu hosp,2026-05-02,quantile,0.85,14,Oregon,Ensemble
2026-05-02,41,0,wk inc flu hosp,2026-05-02,quantile,0.9,16,Oregon,Ensemble
2026-05-02,41,0,wk inc flu hosp,2026-05-02,quantile,0.95,20,Oregon,Ensemble
2026-05-02,41,0,wk inc flu hosp,2026-05-02,quantile,0.975,24,Oregon,Ensemble
2026-05-02,41,0,wk inc flu hosp,2026-05-02,quantile,0.99,29,Oregon,Ensemble
2026-05-02,41,1,wk inc flu hosp,2026-05-09,quantile,0.01,0,Oregon,Ensemble
2026-05-02,41,1,wk inc flu hosp,2026-05-09,quantile,0.025,0,Oregon,Ensemble
2026-05-02,41,1,wk inc flu hosp,2026-05-09,quantile,0.05,1,Oregon,Ensemble
2026-05-02,41,1,wk inc flu hosp,2026-05-09,quantile,0.1,1,Oregon,Ensemble
2026-05-02,41,1,wk inc flu hosp,2026-05-09,quantile,0.15,2,Oregon,Ensemble
2026-05-02,41,1,wk inc flu hosp,2026-05-09,quantile,0.2,2,Oregon,Ensemble
2026-05-02,41,1,wk inc flu hosp,2026-05-09,quantile,0.25,3,Oregon,Ensemble
2026-05-02,41,1,wk inc flu hosp,2026-05-09,quantile,0.3,3,Oregon,Ensemble
2026-05-02,41,1,wk inc flu hosp,2026-05-09,quantile,0.35,4,Oregon,Ensemble
2026-05-02,41,1,wk inc flu hosp,2026-05-09,quantile,0.4,4,Oregon,Ensemble
2026-05-02,41,1,wk inc flu hosp,2026-05-09,quantile,0.45,4,Oregon,Ensemble
2026-05-02,41,1,wk inc flu hosp,2026-05-09,quantile,0.5,6,Oregon,Ensemble
2026-05-02,41,1,wk inc flu hosp,2026-05-09,quantile,0.55,7,Oregon,Ensemble
2026-05-02,41,1,wk inc flu hosp,2026-05-09,quantile,0.6,7,Oregon,Ensemble
2026-05-02,41,1,wk inc flu hosp,2026-05-09,quantile,0.65,8,Oregon,Ensemble
2026-05-02,41,1,wk inc flu hosp,2026-05-09,quantile,0.7,9,Oregon,Ensemble
2026-05-02,41,1,wk inc flu hosp,2026-05-09,quantile,0.75,10,Oregon,Ensemble
2026-05-02,41,1,wk inc flu hosp,2026-05-09,quantile,0.8,11,Oregon,Ensemble
2026-05-02,41,1,wk inc flu hosp,2026-05-09,quantile,0.85,13,Oregon,Ensemble
2026-05-02,41,1,wk inc flu hosp,2026-05-09,quantile,0.9,15,Oregon,Ensemble
2026-05-02,41,1,wk inc flu hosp,2026-05-09,quantile,0.95,21,Oregon,Ensemble
2026-05-02,41,1,wk inc flu hosp,2026-05-09,quantile,0.975,26,Oregon,Ensemble
2026-05-02,41,1,wk inc flu hosp,2026-05-09,quantile,0.99,35,Oregon,Ensemble
2026-05-02,41,2,wk inc flu hosp,2026-05-16,quantile,0.01,0,Oregon,Ensemble
2026-05-02,41,2,wk inc flu hosp,2026-05-16,quantile,0.025,0,Oregon,Ensemble
2026-05-02,41,2,wk inc flu hosp,2026-05-16,quantile,0.05,0,Oregon,Ensemble
2026-05-02,41,2,wk inc flu hosp,2026-05-16,quantile,0.1,1,Oregon,Ensemble
2026-05-02,41,2,wk inc flu hosp,2026-05-16,quantile,0.15,1,Oregon,Ensemble
2026-05-02,41,2,wk inc flu hosp,2026-05-16,quantile,0.2,1,Oregon,Ensemble
2026-05-02,41,2,wk inc flu hosp,2026-05-16,quantile,0.25,2,Oregon,Ensemble
2026-05-02,41,2,wk inc flu hosp,2026-05-16,quantile,0.3,2,Oregon,Ensemble
2026-05-02,41,2,wk inc flu hosp,2026-05-16,quantile,0.35,3,Oregon,Ensemble
2026-05-02,41,2,wk inc flu hosp,2026-05-16,quantile,0.4,3,Oregon,Ensemble
2026-05-02,41,2,wk inc flu hosp,2026-05-16,quantile,0.45,4,Oregon,Ensemble
2026-05-02,41,2,wk inc flu hosp,2026-05-16,quantile,0.5,5,Oregon,Ensemble
2026-05-02,41,2,wk inc flu hosp,2026-05-16,quantile,0.55,6,Oregon,Ensemble
2026-05-02,41,2,wk inc flu hosp,2026-05-16,quantile,0.6,6,Oregon,Ensemble
2026-05-02,41,2,wk inc flu hosp,2026-05-16,quantile,0.65,7,Oregon,Ensemble
2026-05-02,41,2,wk inc flu hosp,2026-05-16,quantile,0.7,8,Oregon,Ensemble
2026-05-02,41,2,wk inc flu hosp,2026-05-16,quantile,0.75,9,Oregon,Ensemble
2026-05-02,41,2,wk inc flu hosp,2026-05-16,quantile,0.8,10,Oregon,Ensemble
2026-05-02,41,2,wk inc flu hosp,2026-05-16,quantile,0.85,11,Oregon,Ensemble
2026-05-02,41,2,wk inc flu hosp,2026-05-16,quantile,0.9,14,Oregon,Ensemble
2026-05-02,41,2,wk inc flu hosp,2026-05-16,quantile,0.95,19,Oregon,Ensemble
2026-05-02,41,2,wk inc flu hosp,2026-05-16,quantile,0.975,25,Oregon,Ensemble
2026-05-02,41,2,wk inc flu hosp,2026-05-16,quantile,0.99,33,Oregon,Ensemble
2026-05-02,41,3,wk inc flu hosp,2026-05-23,quantile,0.01,0,Oregon,Ensemble
2026-05-02,41,3,wk inc flu hosp,2026-05-23,quantile,0.025,0,Oregon,Ensemble
2026-05-02,41,3,wk inc flu hosp,2026-05-23,quantile,0.05,0,Oregon,Ensemble
2026-05-02,41,3,wk inc flu hosp,2026-05-23,quantile,0.1,0,Oregon,Ensemble
2026-05-02,41,3,wk inc flu hosp,2026-05-23,quantile,0.15,1,Oregon,Ensemble
2026-05-02,41,3,wk inc flu hosp,2026-05-23,quantile,0.2,1,Oregon,Ensemble
2026-05-02,41,3,wk inc flu hosp,2026-05-23,quantile,0.25,1,Oregon,Ensemble
2026-05-02,41,3,wk inc flu hosp,2026-05-23,quantile,0.3,2,Oregon,Ensemble
2026-05-02,41,3,wk inc flu hosp,2026-05-23,quantile,0.35,2,Oregon,Ensemble
2026-05-02,41,3,wk inc flu hosp,2026-05-23,quantile,0.4,3,Oregon,Ensemble
2026-05-02,41,3,wk inc flu hosp,2026-05-23,quantile,0.45,3,Oregon,Ensemble
2026-05-02,41,3,wk inc flu hosp,2026-05-23,quantile,0.5,5,Oregon,Ensemble
2026-05-02,41,3,wk inc flu hosp,2026-05-23,quantile,0.55,5,Oregon,Ensemble
2026-05-02,41,3,wk inc flu hosp,2026-05-23,quantile,0.6,6,Oregon,Ensemble
2026-05-02,41,3,wk inc flu hosp,2026-05-23,quantile,0.65,7,Oregon,Ensemble
2026-05-02,41,3,wk inc flu hosp,2026-05-23,quantile,0.7,7,Oregon,Ensemble
2026-05-02,41,3,wk inc flu hosp,2026-05-23,quantile,0.75,8,Oregon,Ensemble
2026-05-02,41,3,wk inc flu hosp,2026-05-23,quantile,0.8,10,Oregon,Ensemble
2026-05-02,41,3,wk inc flu hosp,2026-05-23,quantile,0.85,12,Oregon,Ensemble
2026-05-02,41,3,wk inc flu hosp,2026-05-23,quantile,0.9,14,Oregon,Ensemble
2026-05-02,41,3,wk inc flu hosp,2026-05-23,quantile,0.95,20,Oregon,Ensemble
2026-05-02,41,3,wk inc flu hosp,2026-05-23,quantile,0.975,28,Oregon,Ensemble
2026-05-02,41,3,wk inc flu hosp,2026-05-23,quantile,0.99,39,Oregon,Ensemble
2026-05-02,42,0,wk inc flu hosp,2026-05-02,quantile,0.01,24,Pennsylvania,Ensemble
2026-05-02,42,0,wk inc flu hosp,2026-05-02,quantile,0.025,29,Pennsylvania,Ensemble
2026-05-02,42,0,wk inc flu hosp,2026-05-02,quantile,0.05,35,Pennsylvania,Ensemble
2026-05-02,42,0,wk inc flu hosp,2026-05-02,quantile,0.1,42,Pennsylvania,Ensemble
2026-05-02,42,0,wk inc flu hosp,2026-05-02,quantile,0.15,48,Pennsylvania,Ensemble
2026-05-02,42,0,wk inc flu hosp,2026-05-02,quantile,0.2,53,Pennsylvania,Ensemble
2026-05-02,42,0,wk inc flu hosp,2026-05-02,quantile,0.25,58,Pennsylvania,Ensemble
2026-05-02,42,0,wk inc flu hosp,2026-05-02,quantile,0.3,62,Pennsylvania,Ensemble
2026-05-02,42,0,wk inc flu hosp,2026-05-02,quantile,0.35,67,Pennsylvania,Ensemble
2026-05-02,42,0,wk inc flu hosp,2026-05-02,quantile,0.4,72,Pennsylvania,Ensemble
2026-05-02,42,0,wk inc flu hosp,2026-05-02,quantile,0.45,76,Pennsylvania,Ensemble
2026-05-02,42,0,wk inc flu hosp,2026-05-02,quantile,0.5,82,Pennsylvania,Ensemble
2026-05-02,42,0,wk inc flu hosp,2026-05-02,quantile,0.55,87,Pennsylvania,Ensemble
2026-05-02,42,0,wk inc flu hosp,2026-05-02,quantile,0.6,93,Pennsylvania,Ensemble
2026-05-02,42,0,wk inc flu hosp,2026-05-02,quantile,0.65,99,Pennsylvania,Ensemble
2026-05-02,42,0,wk inc flu hosp,2026-05-02,quantile,0.7,105,Pennsylvania,Ensemble
2026-05-02,42,0,wk inc flu hosp,2026-05-02,quantile,0.75,113,Pennsylvania,Ensemble
2026-05-02,42,0,wk inc flu hosp,2026-05-02,quantile,0.8,121,Pennsylvania,Ensemble
2026-05-02,42,0,wk inc flu hosp,2026-05-02,quantile,0.85,131,Pennsylvania,Ensemble
2026-05-02,42,0,wk inc flu hosp,2026-05-02,quantile,0.9,145,Pennsylvania,Ensemble
2026-05-02,42,0,wk inc flu hosp,2026-05-02,quantile,0.95,170,Pennsylvania,Ensemble
2026-05-02,42,0,wk inc flu hosp,2026-05-02,quantile,0.975,196,Pennsylvania,Ensemble
2026-05-02,42,0,wk inc flu hosp,2026-05-02,quantile,0.99,229,Pennsylvania,Ensemble
2026-05-02,42,1,wk inc flu hosp,2026-05-09,quantile,0.01,14,Pennsylvania,Ensemble
2026-05-02,42,1,wk inc flu hosp,2026-05-09,quantile,0.025,18,Pennsylvania,Ensemble
2026-05-02,42,1,wk inc flu hosp,2026-05-09,quantile,0.05,22,Pennsylvania,Ensemble
2026-05-02,42,1,wk inc flu hosp,2026-05-09,quantile,0.1,28,Pennsylvania,Ensemble
2026-05-02,42,1,wk inc flu hosp,2026-05-09,quantile,0.15,32,Pennsylvania,Ensemble
2026-05-02,42,1,wk inc flu hosp,2026-05-09,quantile,0.2,37,Pennsylvania,Ensemble
2026-05-02,42,1,wk inc flu hosp,2026-05-09,quantile,0.25,41,Pennsylvania,Ensemble
2026-05-02,42,1,wk inc flu hosp,2026-05-09,quantile,0.3,45,Pennsylvania,Ensemble
2026-05-02,42,1,wk inc flu hosp,2026-05-09,quantile,0.35,50,Pennsylvania,Ensemble
2026-05-02,42,1,wk inc flu hosp,2026-05-09,quantile,0.4,54,Pennsylvania,Ensemble
2026-05-02,42,1,wk inc flu hosp,2026-05-09,quantile,0.45,58,Pennsylvania,Ensemble
2026-05-02,42,1,wk inc flu hosp,2026-05-09,quantile,0.5,64,Pennsylvania,Ensemble
2026-05-02,42,1,wk inc flu hosp,2026-05-09,quantile,0.55,70,Pennsylvania,Ensemble
2026-05-02,42,1,wk inc flu hosp,2026-05-09,quantile,0.6,75,Pennsylvania,Ensemble
2026-05-02,42,1,wk inc flu hosp,2026-05-09,quantile,0.65,82,Pennsylvania,Ensemble
2026-05-02,42,1,wk inc flu hosp,2026-05-09,quantile,0.7,89,Pennsylvania,Ensemble
2026-05-02,42,1,wk inc flu hosp,2026-05-09,quantile,0.75,97,Pennsylvania,Ensemble
2026-05-02,42,1,wk inc flu hosp,2026-05-09,quantile,0.8,107,Pennsylvania,Ensemble
2026-05-02,42,1,wk inc flu hosp,2026-05-09,quantile,0.85,119,Pennsylvania,Ensemble
2026-05-02,42,1,wk inc flu hosp,2026-05-09,quantile,0.9,137,Pennsylvania,Ensemble
2026-05-02,42,1,wk inc flu hosp,2026-05-09,quantile,0.95,169,Pennsylvania,Ensemble
2026-05-02,42,1,wk inc flu hosp,2026-05-09,quantile,0.975,202,Pennsylvania,Ensemble
2026-05-02,42,1,wk inc flu hosp,2026-05-09,quantile,0.99,252,Pennsylvania,Ensemble
2026-05-02,42,2,wk inc flu hosp,2026-05-16,quantile,0.01,11,Pennsylvania,Ensemble
2026-05-02,42,2,wk inc flu hosp,2026-05-16,quantile,0.025,15,Pennsylvania,Ensemble
2026-05-02,42,2,wk inc flu hosp,2026-05-16,quantile,0.05,19,Pennsylvania,Ensemble
2026-05-02,42,2,wk inc flu hosp,2026-05-16,quantile,0.1,23,Pennsylvania,Ensemble
2026-05-02,42,2,wk inc flu hosp,2026-05-16,quantile,0.15,28,Pennsylvania,Ensemble
2026-05-02,42,2,wk inc flu hosp,2026-05-16,quantile,0.2,33,Pennsylvania,Ensemble
2026-05-02,42,2,wk inc flu hosp,2026-05-16,quantile,0.25,38,Pennsylvania,Ensemble
2026-05-02,42,2,wk inc flu hosp,2026-05-16,quantile,0.3,42,Pennsylvania,Ensemble
2026-05-02,42,2,wk inc flu hosp,2026-05-16,quantile,0.35,48,Pennsylvania,Ensemble
2026-05-02,42,2,wk inc flu hosp,2026-05-16,quantile,0.4,53,Pennsylvania,Ensemble
2026-05-02,42,2,wk inc flu hosp,2026-05-16,quantile,0.45,58,Pennsylvania,Ensemble
2026-05-02,42,2,wk inc flu hosp,2026-05-16,quantile,0.5,64,Pennsylvania,Ensemble
2026-05-02,42,2,wk inc flu hosp,2026-05-16,quantile,0.55,70,Pennsylvania,Ensemble
2026-05-02,42,2,wk inc flu hosp,2026-05-16,quantile,0.6,77,Pennsylvania,Ensemble
2026-05-02,42,2,wk inc flu hosp,2026-05-16,quantile,0.65,85,Pennsylvania,Ensemble
2026-05-02,42,2,wk inc flu hosp,2026-05-16,quantile,0.7,92,Pennsylvania,Ensemble
2026-05-02,42,2,wk inc flu hosp,2026-05-16,quantile,0.75,101,Pennsylvania,Ensemble
2026-05-02,42,2,wk inc flu hosp,2026-05-16,quantile,0.8,112,Pennsylvania,Ensemble
2026-05-02,42,2,wk inc flu hosp,2026-05-16,quantile,0.85,126,Pennsylvania,Ensemble
2026-05-02,42,2,wk inc flu hosp,2026-05-16,quantile,0.9,147,Pennsylvania,Ensemble
2026-05-02,42,2,wk inc flu hosp,2026-05-16,quantile,0.95,189,Pennsylvania,Ensemble
2026-05-02,42,2,wk inc flu hosp,2026-05-16,quantile,0.975,233,Pennsylvania,Ensemble
2026-05-02,42,2,wk inc flu hosp,2026-05-16,quantile,0.99,297,Pennsylvania,Ensemble
2026-05-02,42,3,wk inc flu hosp,2026-05-23,quantile,0.01,9,Pennsylvania,Ensemble
2026-05-02,42,3,wk inc flu hosp,2026-05-23,quantile,0.025,11,Pennsylvania,Ensemble
2026-05-02,42,3,wk inc flu hosp,2026-05-23,quantile,0.05,13,Pennsylvania,Ensemble
2026-05-02,42,3,wk inc flu hosp,2026-05-23,quantile,0.1,17,Pennsylvania,Ensemble
2026-05-02,42,3,wk inc flu hosp,2026-05-23,quantile,0.15,20,Pennsylvania,Ensemble
2026-05-02,42,3,wk inc flu hosp,2026-05-23,quantile,0.2,24,Pennsylvania,Ensemble
2026-05-02,42,3,wk inc flu hosp,2026-05-23,quantile,0.25,28,Pennsylvania,Ensemble
2026-05-02,42,3,wk inc flu hosp,2026-05-23,quantile,0.3,31,Pennsylvania,Ensemble
2026-05-02,42,3,wk inc flu hosp,2026-05-23,quantile,0.35,36,Pennsylvania,Ensemble
2026-05-02,42,3,wk inc flu hosp,2026-05-23,quantile,0.4,40,Pennsylvania,Ensemble
2026-05-02,42,3,wk inc flu hosp,2026-05-23,quantile,0.45,46,Pennsylvania,Ensemble
2026-05-02,42,3,wk inc flu hosp,2026-05-23,quantile,0.5,52,Pennsylvania,Ensemble
2026-05-02,42,3,wk inc flu hosp,2026-05-23,quantile,0.55,58,Pennsylvania,Ensemble
2026-05-02,42,3,wk inc flu hosp,2026-05-23,quantile,0.6,65,Pennsylvania,Ensemble
2026-05-02,42,3,wk inc flu hosp,2026-05-23,quantile,0.65,74,Pennsylvania,Ensemble
2026-05-02,42,3,wk inc flu hosp,2026-05-23,quantile,0.7,82,Pennsylvania,Ensemble
2026-05-02,42,3,wk inc flu hosp,2026-05-23,quantile,0.75,91,Pennsylvania,Ensemble
2026-05-02,42,3,wk inc flu hosp,2026-05-23,quantile,0.8,103,Pennsylvania,Ensemble
2026-05-02,42,3,wk inc flu hosp,2026-05-23,quantile,0.85,119,Pennsylvania,Ensemble
2026-05-02,42,3,wk inc flu hosp,2026-05-23,quantile,0.9,143,Pennsylvania,Ensemble
2026-05-02,42,3,wk inc flu hosp,2026-05-23,quantile,0.95,189,Pennsylvania,Ensemble
2026-05-02,42,3,wk inc flu hosp,2026-05-23,quantile,0.975,240,Pennsylvania,Ensemble
2026-05-02,42,3,wk inc flu hosp,2026-05-23,quantile,0.99,312,Pennsylvania,Ensemble
2026-05-02,44,0,wk inc flu hosp,2026-05-02,quantile,0.01,0,Rhode Island,Ensemble
2026-05-02,44,0,wk inc flu hosp,2026-05-02,quantile,0.025,0,Rhode Island,Ensemble
2026-05-02,44,0,wk inc flu hosp,2026-05-02,quantile,0.05,0,Rhode Island,Ensemble
2026-05-02,44,0,wk inc flu hosp,2026-05-02,quantile,0.1,1,Rhode Island,Ensemble
2026-05-02,44,0,wk inc flu hosp,2026-05-02,quantile,0.15,1,Rhode Island,Ensemble
2026-05-02,44,0,wk inc flu hosp,2026-05-02,quantile,0.2,1,Rhode Island,Ensemble
2026-05-02,44,0,wk inc flu hosp,2026-05-02,quantile,0.25,2,Rhode Island,Ensemble
2026-05-02,44,0,wk inc flu hosp,2026-05-02,quantile,0.3,2,Rhode Island,Ensemble
2026-05-02,44,0,wk inc flu hosp,2026-05-02,quantile,0.35,2,Rhode Island,Ensemble
2026-05-02,44,0,wk inc flu hosp,2026-05-02,quantile,0.4,2,Rhode Island,Ensemble
2026-05-02,44,0,wk inc flu hosp,2026-05-02,quantile,0.45,3,Rhode Island,Ensemble
2026-05-02,44,0,wk inc flu hosp,2026-05-02,quantile,0.5,4,Rhode Island,Ensemble
2026-05-02,44,0,wk inc flu hosp,2026-05-02,quantile,0.55,4,Rhode Island,Ensemble
2026-05-02,44,0,wk inc flu hosp,2026-05-02,quantile,0.6,4,Rhode Island,Ensemble
2026-05-02,44,0,wk inc flu hosp,2026-05-02,quantile,0.65,5,Rhode Island,Ensemble
2026-05-02,44,0,wk inc flu hosp,2026-05-02,quantile,0.7,5,Rhode Island,Ensemble
2026-05-02,44,0,wk inc flu hosp,2026-05-02,quantile,0.75,6,Rhode Island,Ensemble
2026-05-02,44,0,wk inc flu hosp,2026-05-02,quantile,0.8,6,Rhode Island,Ensemble
2026-05-02,44,0,wk inc flu hosp,2026-05-02,quantile,0.85,7,Rhode Island,Ensemble
2026-05-02,44,0,wk inc flu hosp,2026-05-02,quantile,0.9,9,Rhode Island,Ensemble
2026-05-02,44,0,wk inc flu hosp,2026-05-02,quantile,0.95,11,Rhode Island,Ensemble
2026-05-02,44,0,wk inc flu hosp,2026-05-02,quantile,0.975,14,Rhode Island,Ensemble
2026-05-02,44,0,wk inc flu hosp,2026-05-02,quantile,0.99,18,Rhode Island,Ensemble
2026-05-02,44,1,wk inc flu hosp,2026-05-09,quantile,0.01,0,Rhode Island,Ensemble
2026-05-02,44,1,wk inc flu hosp,2026-05-09,quantile,0.025,0,Rhode Island,Ensemble
2026-05-02,44,1,wk inc flu hosp,2026-05-09,quantile,0.05,0,Rhode Island,Ensemble
2026-05-02,44,1,wk inc flu hosp,2026-05-09,quantile,0.1,0,Rhode Island,Ensemble
2026-05-02,44,1,wk inc flu hosp,2026-05-09,quantile,0.15,1,Rhode Island,Ensemble
2026-05-02,44,1,wk inc flu hosp,2026-05-09,quantile,0.2,1,Rhode Island,Ensemble
2026-05-02,44,1,wk inc flu hosp,2026-05-09,quantile,0.25,1,Rhode Island,Ensemble
2026-05-02,44,1,wk inc flu hosp,2026-05-09,quantile,0.3,1,Rhode Island,Ensemble
2026-05-02,44,1,wk inc flu hosp,2026-05-09,quantile,0.35,1,Rhode Island,Ensemble
2026-05-02,44,1,wk inc flu hosp,2026-05-09,quantile,0.4,2,Rhode Island,Ensemble
2026-05-02,44,1,wk inc flu hosp,2026-05-09,quantile,0.45,2,Rhode Island,Ensemble
2026-05-02,44,1,wk inc flu hosp,2026-05-09,quantile,0.5,3,Rhode Island,Ensemble
2026-05-02,44,1,wk inc flu hosp,2026-05-09,quantile,0.55,4,Rhode Island,Ensemble
2026-05-02,44,1,wk inc flu hosp,2026-05-09,quantile,0.6,4,Rhode Island,Ensemble
2026-05-02,44,1,wk inc flu hosp,2026-05-09,quantile,0.65,4,Rhode Island,Ensemble
2026-05-02,44,1,wk inc flu hosp,2026-05-09,quantile,0.7,5,Rhode Island,Ensemble
2026-05-02,44,1,wk inc flu hosp,2026-05-09,quantile,0.75,5,Rhode Island,Ensemble
2026-05-02,44,1,wk inc flu hosp,2026-05-09,quantile,0.8,6,Rhode Island,Ensemble
2026-05-02,44,1,wk inc flu hosp,2026-05-09,quantile,0.85,7,Rhode Island,Ensemble
2026-05-02,44,1,wk inc flu hosp,2026-05-09,quantile,0.9,9,Rhode Island,Ensemble
2026-05-02,44,1,wk inc flu hosp,2026-05-09,quantile,0.95,13,Rhode Island,Ensemble
2026-05-02,44,1,wk inc flu hosp,2026-05-09,quantile,0.975,16,Rhode Island,Ensemble
2026-05-02,44,1,wk inc flu hosp,2026-05-09,quantile,0.99,22,Rhode Island,Ensemble
2026-05-02,44,2,wk inc flu hosp,2026-05-16,quantile,0.01,0,Rhode Island,Ensemble
2026-05-02,44,2,wk inc flu hosp,2026-05-16,quantile,0.025,0,Rhode Island,Ensemble
2026-05-02,44,2,wk inc flu hosp,2026-05-16,quantile,0.05,0,Rhode Island,Ensemble
2026-05-02,44,2,wk inc flu hosp,2026-05-16,quantile,0.1,0,Rhode Island,Ensemble
2026-05-02,44,2,wk inc flu hosp,2026-05-16,quantile,0.15,0,Rhode Island,Ensemble
2026-05-02,44,2,wk inc flu hosp,2026-05-16,quantile,0.2,0,Rhode Island,Ensemble
2026-05-02,44,2,wk inc flu hosp,2026-05-16,quantile,0.25,1,Rhode Island,Ensemble
2026-05-02,44,2,wk inc flu hosp,2026-05-16,quantile,0.3,1,Rhode Island,Ensemble
2026-05-02,44,2,wk inc flu hosp,2026-05-16,quantile,0.35,1,Rhode Island,Ensemble
2026-05-02,44,2,wk inc flu hosp,2026-05-16,quantile,0.4,1,Rhode Island,Ensemble
2026-05-02,44,2,wk inc flu hosp,2026-05-16,quantile,0.45,1,Rhode Island,Ensemble
2026-05-02,44,2,wk inc flu hosp,2026-05-16,quantile,0.5,3,Rhode Island,Ensemble
2026-05-02,44,2,wk inc flu hosp,2026-05-16,quantile,0.55,3,Rhode Island,Ensemble
2026-05-02,44,2,wk inc flu hosp,2026-05-16,quantile,0.6,3,Rhode Island,Ensemble
2026-05-02,44,2,wk inc flu hosp,2026-05-16,quantile,0.65,4,Rhode Island,Ensemble
2026-05-02,44,2,wk inc flu hosp,2026-05-16,quantile,0.7,4,Rhode Island,Ensemble
2026-05-02,44,2,wk inc flu hosp,2026-05-16,quantile,0.75,5,Rhode Island,Ensemble
2026-05-02,44,2,wk inc flu hosp,2026-05-16,quantile,0.8,6,Rhode Island,Ensemble
2026-05-02,44,2,wk inc flu hosp,2026-05-16,quantile,0.85,7,Rhode Island,Ensemble
2026-05-02,44,2,wk inc flu hosp,2026-05-16,quantile,0.9,10,Rhode Island,Ensemble
2026-05-02,44,2,wk inc flu hosp,2026-05-16,quantile,0.95,14,Rhode Island,Ensemble
2026-05-02,44,2,wk inc flu hosp,2026-05-16,quantile,0.975,19,Rhode Island,Ensemble
2026-05-02,44,2,wk inc flu hosp,2026-05-16,quantile,0.99,25,Rhode Island,Ensemble
2026-05-02,44,3,wk inc flu hosp,2026-05-23,quantile,0.01,0,Rhode Island,Ensemble
2026-05-02,44,3,wk inc flu hosp,2026-05-23,quantile,0.025,0,Rhode Island,Ensemble
2026-05-02,44,3,wk inc flu hosp,2026-05-23,quantile,0.05,0,Rhode Island,Ensemble
2026-05-02,44,3,wk inc flu hosp,2026-05-23,quantile,0.1,0,Rhode Island,Ensemble
2026-05-02,44,3,wk inc flu hosp,2026-05-23,quantile,0.15,0,Rhode Island,Ensemble
2026-05-02,44,3,wk inc flu hosp,2026-05-23,quantile,0.2,0,Rhode Island,Ensemble
2026-05-02,44,3,wk inc flu hosp,2026-05-23,quantile,0.25,0,Rhode Island,Ensemble
2026-05-02,44,3,wk inc flu hosp,2026-05-23,quantile,0.3,0,Rhode Island,Ensemble
2026-05-02,44,3,wk inc flu hosp,2026-05-23,quantile,0.35,1,Rhode Island,Ensemble
2026-05-02,44,3,wk inc flu hosp,2026-05-23,quantile,0.4,1,Rhode Island,Ensemble
2026-05-02,44,3,wk inc flu hosp,2026-05-23,quantile,0.45,1,Rhode Island,Ensemble
2026-05-02,44,3,wk inc flu hosp,2026-05-23,quantile,0.5,2,Rhode Island,Ensemble
2026-05-02,44,3,wk inc flu hosp,2026-05-23,quantile,0.55,3,Rhode Island,Ensemble
2026-05-02,44,3,wk inc flu hosp,2026-05-23,quantile,0.6,3,Rhode Island,Ensemble
2026-05-02,44,3,wk inc flu hosp,2026-05-23,quantile,0.65,4,Rhode Island,Ensemble
2026-05-02,44,3,wk inc flu hosp,2026-05-23,quantile,0.7,4,Rhode Island,Ensemble
2026-05-02,44,3,wk inc flu hosp,2026-05-23,quantile,0.75,5,Rhode Island,Ensemble
2026-05-02,44,3,wk inc flu hosp,2026-05-23,quantile,0.8,6,Rhode Island,Ensemble
2026-05-02,44,3,wk inc flu hosp,2026-05-23,quantile,0.85,8,Rhode Island,Ensemble
2026-05-02,44,3,wk inc flu hosp,2026-05-23,quantile,0.9,11,Rhode Island,Ensemble
2026-05-02,44,3,wk inc flu hosp,2026-05-23,quantile,0.95,16,Rhode Island,Ensemble
2026-05-02,44,3,wk inc flu hosp,2026-05-23,quantile,0.975,22,Rhode Island,Ensemble
2026-05-02,44,3,wk inc flu hosp,2026-05-23,quantile,0.99,30,Rhode Island,Ensemble
2026-05-02,45,0,wk inc flu hosp,2026-05-02,quantile,0.01,1,South Carolina,Ensemble
2026-05-02,45,0,wk inc flu hosp,2026-05-02,quantile,0.025,2,South Carolina,Ensemble
2026-05-02,45,0,wk inc flu hosp,2026-05-02,quantile,0.05,2,South Carolina,Ensemble
2026-05-02,45,0,wk inc flu hosp,2026-05-02,quantile,0.1,3,South Carolina,Ensemble
2026-05-02,45,0,wk inc flu hosp,2026-05-02,quantile,0.15,4,South Carolina,Ensemble
2026-05-02,45,0,wk inc flu hosp,2026-05-02,quantile,0.2,5,South Carolina,Ensemble
2026-05-02,45,0,wk inc flu hosp,2026-05-02,quantile,0.25,6,South Carolina,Ensemble
2026-05-02,45,0,wk inc flu hosp,2026-05-02,quantile,0.3,6,South Carolina,Ensemble
2026-05-02,45,0,wk inc flu hosp,2026-05-02,quantile,0.35,7,South Carolina,Ensemble
2026-05-02,45,0,wk inc flu hosp,2026-05-02,quantile,0.4,8,South Carolina,Ensemble
2026-05-02,45,0,wk inc flu hosp,2026-05-02,quantile,0.45,8,South Carolina,Ensemble
2026-05-02,45,0,wk inc flu hosp,2026-05-02,quantile,0.5,10,South Carolina,Ensemble
2026-05-02,45,0,wk inc flu hosp,2026-05-02,quantile,0.55,11,South Carolina,Ensemble
2026-05-02,45,0,wk inc flu hosp,2026-05-02,quantile,0.6,12,South Carolina,Ensemble
2026-05-02,45,0,wk inc flu hosp,2026-05-02,quantile,0.65,13,South Carolina,Ensemble
2026-05-02,45,0,wk inc flu hosp,2026-05-02,quantile,0.7,14,South Carolina,Ensemble
2026-05-02,45,0,wk inc flu hosp,2026-05-02,quantile,0.75,15,South Carolina,Ensemble
2026-05-02,45,0,wk inc flu hosp,2026-05-02,quantile,0.8,16,South Carolina,Ensemble
2026-05-02,45,0,wk inc flu hosp,2026-05-02,quantile,0.85,18,South Carolina,Ensemble
2026-05-02,45,0,wk inc flu hosp,2026-05-02,quantile,0.9,20,South Carolina,Ensemble
2026-05-02,45,0,wk inc flu hosp,2026-05-02,quantile,0.95,26,South Carolina,Ensemble
2026-05-02,45,0,wk inc flu hosp,2026-05-02,quantile,0.975,32,South Carolina,Ensemble
2026-05-02,45,0,wk inc flu hosp,2026-05-02,quantile,0.99,44,South Carolina,Ensemble
2026-05-02,45,1,wk inc flu hosp,2026-05-09,quantile,0.01,1,South Carolina,Ensemble
2026-05-02,45,1,wk inc flu hosp,2026-05-09,quantile,0.025,1,South Carolina,Ensemble
2026-05-02,45,1,wk inc flu hosp,2026-05-09,quantile,0.05,1,South Carolina,Ensemble
2026-05-02,45,1,wk inc flu hosp,2026-05-09,quantile,0.1,2,South Carolina,Ensemble
2026-05-02,45,1,wk inc flu hosp,2026-05-09,quantile,0.15,3,South Carolina,Ensemble
2026-05-02,45,1,wk inc flu hosp,2026-05-09,quantile,0.2,4,South Carolina,Ensemble
2026-05-02,45,1,wk inc flu hosp,2026-05-09,quantile,0.25,4,South Carolina,Ensemble
2026-05-02,45,1,wk inc flu hosp,2026-05-09,quantile,0.3,5,South Carolina,Ensemble
2026-05-02,45,1,wk inc flu hosp,2026-05-09,quantile,0.35,6,South Carolina,Ensemble
2026-05-02,45,1,wk inc flu hosp,2026-05-09,quantile,0.4,6,South Carolina,Ensemble
2026-05-02,45,1,wk inc flu hosp,2026-05-09,quantile,0.45,7,South Carolina,Ensemble
2026-05-02,45,1,wk inc flu hosp,2026-05-09,quantile,0.5,9,South Carolina,Ensemble
2026-05-02,45,1,wk inc flu hosp,2026-05-09,quantile,0.55,10,South Carolina,Ensemble
2026-05-02,45,1,wk inc flu hosp,2026-05-09,quantile,0.6,11,South Carolina,Ensemble
2026-05-02,45,1,wk inc flu hosp,2026-05-09,quantile,0.65,12,South Carolina,Ensemble
2026-05-02,45,1,wk inc flu hosp,2026-05-09,quantile,0.7,13,South Carolina,Ensemble
2026-05-02,45,1,wk inc flu hosp,2026-05-09,quantile,0.75,15,South Carolina,Ensemble
2026-05-02,45,1,wk inc flu hosp,2026-05-09,quantile,0.8,17,South Carolina,Ensemble
2026-05-02,45,1,wk inc flu hosp,2026-05-09,quantile,0.85,20,South Carolina,Ensemble
2026-05-02,45,1,wk inc flu hosp,2026-05-09,quantile,0.9,25,South Carolina,Ensemble
2026-05-02,45,1,wk inc flu hosp,2026-05-09,quantile,0.95,34,South Carolina,Ensemble
2026-05-02,45,1,wk inc flu hosp,2026-05-09,quantile,0.975,46,South Carolina,Ensemble
2026-05-02,45,1,wk inc flu hosp,2026-05-09,quantile,0.99,64,South Carolina,Ensemble
2026-05-02,45,2,wk inc flu hosp,2026-05-16,quantile,0.01,1,South Carolina,Ensemble
2026-05-02,45,2,wk inc flu hosp,2026-05-16,quantile,0.025,1,South Carolina,Ensemble
2026-05-02,45,2,wk inc flu hosp,2026-05-16,quantile,0.05,1,South Carolina,Ensemble
2026-05-02,45,2,wk inc flu hosp,2026-05-16,quantile,0.1,2,South Carolina,Ensemble
2026-05-02,45,2,wk inc flu hosp,2026-05-16,quantile,0.15,3,South Carolina,Ensemble
2026-05-02,45,2,wk inc flu hosp,2026-05-16,quantile,0.2,3,South Carolina,Ensemble
2026-05-02,45,2,wk inc flu hosp,2026-05-16,quantile,0.25,4,South Carolina,Ensemble
2026-05-02,45,2,wk inc flu hosp,2026-05-16,quantile,0.3,4,South Carolina,Ensemble
2026-05-02,45,2,wk inc flu hosp,2026-05-16,quantile,0.35,5,South Carolina,Ensemble
2026-05-02,45,2,wk inc flu hosp,2026-05-16,quantile,0.4,6,South Carolina,Ensemble
2026-05-02,45,2,wk inc flu hosp,2026-05-16,quantile,0.45,6,South Carolina,Ensemble
2026-05-02,45,2,wk inc flu hosp,2026-05-16,quantile,0.5,8,South Carolina,Ensemble
2026-05-02,45,2,wk inc flu hosp,2026-05-16,quantile,0.55,9,South Carolina,Ensemble
2026-05-02,45,2,wk inc flu hosp,2026-05-16,quantile,0.6,11,South Carolina,Ensemble
2026-05-02,45,2,wk inc flu hosp,2026-05-16,quantile,0.65,12,South Carolina,Ensemble
2026-05-02,45,2,wk inc flu hosp,2026-05-16,quantile,0.7,14,South Carolina,Ensemble
2026-05-02,45,2,wk inc flu hosp,2026-05-16,quantile,0.75,16,South Carolina,Ensemble
2026-05-02,45,2,wk inc flu hosp,2026-05-16,quantile,0.8,19,South Carolina,Ensemble
2026-05-02,45,2,wk inc flu hosp,2026-05-16,quantile,0.85,23,South Carolina,Ensemble
2026-05-02,45,2,wk inc flu hosp,2026-05-16,quantile,0.9,30,South Carolina,Ensemble
2026-05-02,45,2,wk inc flu hosp,2026-05-16,quantile,0.95,44,South Carolina,Ensemble
2026-05-02,45,2,wk inc flu hosp,2026-05-16,quantile,0.975,59,South Carolina,Ensemble
2026-05-02,45,2,wk inc flu hosp,2026-05-16,quantile,0.99,80,South Carolina,Ensemble
2026-05-02,45,3,wk inc flu hosp,2026-05-23,quantile,0.01,0,South Carolina,Ensemble
2026-05-02,45,3,wk inc flu hosp,2026-05-23,quantile,0.025,1,South Carolina,Ensemble
2026-05-02,45,3,wk inc flu hosp,2026-05-23,quantile,0.05,1,South Carolina,Ensemble
2026-05-02,45,3,wk inc flu hosp,2026-05-23,quantile,0.1,2,South Carolina,Ensemble
2026-05-02,45,3,wk inc flu hosp,2026-05-23,quantile,0.15,2,South Carolina,Ensemble
2026-05-02,45,3,wk inc flu hosp,2026-05-23,quantile,0.2,3,South Carolina,Ensemble
2026-05-02,45,3,wk inc flu hosp,2026-05-23,quantile,0.25,3,South Carolina,Ensemble
2026-05-02,45,3,wk inc flu hosp,2026-05-23,quantile,0.3,4,South Carolina,Ensemble
2026-05-02,45,3,wk inc flu hosp,2026-05-23,quantile,0.35,4,South Carolina,Ensemble
2026-05-02,45,3,wk inc flu hosp,2026-05-23,quantile,0.4,5,South Carolina,Ensemble
2026-05-02,45,3,wk inc flu hosp,2026-05-23,quantile,0.45,6,South Carolina,Ensemble
2026-05-02,45,3,wk inc flu hosp,2026-05-23,quantile,0.5,8,South Carolina,Ensemble
2026-05-02,45,3,wk inc flu hosp,2026-05-23,quantile,0.55,9,South Carolina,Ensemble
2026-05-02,45,3,wk inc flu hosp,2026-05-23,quantile,0.6,10,South Carolina,Ensemble
2026-05-02,45,3,wk inc flu hosp,2026-05-23,quantile,0.65,11,South Carolina,Ensemble
2026-05-02,45,3,wk inc flu hosp,2026-05-23,quantile,0.7,13,South Carolina,Ensemble
2026-05-02,45,3,wk inc flu hosp,2026-05-23,quantile,0.75,15,South Carolina,Ensemble
2026-05-02,45,3,wk inc flu hosp,2026-05-23,quantile,0.8,19,South Carolina,Ensemble
2026-05-02,45,3,wk inc flu hosp,2026-05-23,quantile,0.85,25,South Carolina,Ensemble
2026-05-02,45,3,wk inc flu hosp,2026-05-23,quantile,0.9,34,South Carolina,Ensemble
2026-05-02,45,3,wk inc flu hosp,2026-05-23,quantile,0.95,52,South Carolina,Ensemble
2026-05-02,45,3,wk inc flu hosp,2026-05-23,quantile,0.975,68,South Carolina,Ensemble
2026-05-02,45,3,wk inc flu hosp,2026-05-23,quantile,0.99,95,South Carolina,Ensemble
2026-05-02,46,0,wk inc flu hosp,2026-05-02,quantile,0.01,0,South Dakota,Ensemble
2026-05-02,46,0,wk inc flu hosp,2026-05-02,quantile,0.025,1,South Dakota,Ensemble
2026-05-02,46,0,wk inc flu hosp,2026-05-02,quantile,0.05,1,South Dakota,Ensemble
2026-05-02,46,0,wk inc flu hosp,2026-05-02,quantile,0.1,2,South Dakota,Ensemble
2026-05-02,46,0,wk inc flu hosp,2026-05-02,quantile,0.15,2,South Dakota,Ensemble
2026-05-02,46,0,wk inc flu hosp,2026-05-02,quantile,0.2,3,South Dakota,Ensemble
2026-05-02,46,0,wk inc flu hosp,2026-05-02,quantile,0.25,3,South Dakota,Ensemble
2026-05-02,46,0,wk inc flu hosp,2026-05-02,quantile,0.3,3,South Dakota,Ensemble
2026-05-02,46,0,wk inc flu hosp,2026-05-02,quantile,0.35,4,South Dakota,Ensemble
2026-05-02,46,0,wk inc flu hosp,2026-05-02,quantile,0.4,4,South Dakota,Ensemble
2026-05-02,46,0,wk inc flu hosp,2026-05-02,quantile,0.45,4,South Dakota,Ensemble
2026-05-02,46,0,wk inc flu hosp,2026-05-02,quantile,0.5,6,South Dakota,Ensemble
2026-05-02,46,0,wk inc flu hosp,2026-05-02,quantile,0.55,6,South Dakota,Ensemble
2026-05-02,46,0,wk inc flu hosp,2026-05-02,quantile,0.6,7,South Dakota,Ensemble
2026-05-02,46,0,wk inc flu hosp,2026-05-02,quantile,0.65,7,South Dakota,Ensemble
2026-05-02,46,0,wk inc flu hosp,2026-05-02,quantile,0.7,8,South Dakota,Ensemble
2026-05-02,46,0,wk inc flu hosp,2026-05-02,quantile,0.75,8,South Dakota,Ensemble
2026-05-02,46,0,wk inc flu hosp,2026-05-02,quantile,0.8,9,South Dakota,Ensemble
2026-05-02,46,0,wk inc flu hosp,2026-05-02,quantile,0.85,10,South Dakota,Ensemble
2026-05-02,46,0,wk inc flu hosp,2026-05-02,quantile,0.9,11,South Dakota,Ensemble
2026-05-02,46,0,wk inc flu hosp,2026-05-02,quantile,0.95,14,South Dakota,Ensemble
2026-05-02,46,0,wk inc flu hosp,2026-05-02,quantile,0.975,16,South Dakota,Ensemble
2026-05-02,46,0,wk inc flu hosp,2026-05-02,quantile,0.99,20,South Dakota,Ensemble
2026-05-02,46,1,wk inc flu hosp,2026-05-09,quantile,0.01,0,South Dakota,Ensemble
2026-05-02,46,1,wk inc flu hosp,2026-05-09,quantile,0.025,0,South Dakota,Ensemble
2026-05-02,46,1,wk inc flu hosp,2026-05-09,quantile,0.05,1,South Dakota,Ensemble
2026-05-02,46,1,wk inc flu hosp,2026-05-09,quantile,0.1,1,South Dakota,Ensemble
2026-05-02,46,1,wk inc flu hosp,2026-05-09,quantile,0.15,1,South Dakota,Ensemble
2026-05-02,46,1,wk inc flu hosp,2026-05-09,quantile,0.2,2,South Dakota,Ensemble
2026-05-02,46,1,wk inc flu hosp,2026-05-09,quantile,0.25,2,South Dakota,Ensemble
2026-05-02,46,1,wk inc flu hosp,2026-05-09,quantile,0.3,2,South Dakota,Ensemble
2026-05-02,46,1,wk inc flu hosp,2026-05-09,quantile,0.35,3,South Dakota,Ensemble
2026-05-02,46,1,wk inc flu hosp,2026-05-09,quantile,0.4,3,South Dakota,Ensemble
2026-05-02,46,1,wk inc flu hosp,2026-05-09,quantile,0.45,3,South Dakota,Ensemble
2026-05-02,46,1,wk inc flu hosp,2026-05-09,quantile,0.5,5,South Dakota,Ensemble
2026-05-02,46,1,wk inc flu hosp,2026-05-09,quantile,0.55,5,South Dakota,Ensemble
2026-05-02,46,1,wk inc flu hosp,2026-05-09,quantile,0.6,6,South Dakota,Ensemble
2026-05-02,46,1,wk inc flu hosp,2026-05-09,quantile,0.65,6,South Dakota,Ensemble
2026-05-02,46,1,wk inc flu hosp,2026-05-09,quantile,0.7,7,South Dakota,Ensemble
2026-05-02,46,1,wk inc flu hosp,2026-05-09,quantile,0.75,8,South Dakota,Ensemble
2026-05-02,46,1,wk inc flu hosp,2026-05-09,quantile,0.8,8,South Dakota,Ensemble
2026-05-02,46,1,wk inc flu hosp,2026-05-09,quantile,0.85,9,South Dakota,Ensemble
2026-05-02,46,1,wk inc flu hosp,2026-05-09,quantile,0.9,11,South Dakota,Ensemble
2026-05-02,46,1,wk inc flu hosp,2026-05-09,quantile,0.95,13,South Dakota,Ensemble
2026-05-02,46,1,wk inc flu hosp,2026-05-09,quantile,0.975,16,South Dakota,Ensemble
2026-05-02,46,1,wk inc flu hosp,2026-05-09,quantile,0.99,21,South Dakota,Ensemble
2026-05-02,46,2,wk inc flu hosp,2026-05-16,quantile,0.01,0,South Dakota,Ensemble
2026-05-02,46,2,wk inc flu hosp,2026-05-16,quantile,0.025,0,South Dakota,Ensemble
2026-05-02,46,2,wk inc flu hosp,2026-05-16,quantile,0.05,0,South Dakota,Ensemble
2026-05-02,46,2,wk inc flu hosp,2026-05-16,quantile,0.1,1,South Dakota,Ensemble
2026-05-02,46,2,wk inc flu hosp,2026-05-16,quantile,0.15,1,South Dakota,Ensemble
2026-05-02,46,2,wk inc flu hosp,2026-05-16,quantile,0.2,1,South Dakota,Ensemble
2026-05-02,46,2,wk inc flu hosp,2026-05-16,quantile,0.25,1,South Dakota,Ensemble
2026-05-02,46,2,wk inc flu hosp,2026-05-16,quantile,0.3,2,South Dakota,Ensemble
2026-05-02,46,2,wk inc flu hosp,2026-05-16,quantile,0.35,2,South Dakota,Ensemble
2026-05-02,46,2,wk inc flu hosp,2026-05-16,quantile,0.4,2,South Dakota,Ensemble
2026-05-02,46,2,wk inc flu hosp,2026-05-16,quantile,0.45,3,South Dakota,Ensemble
2026-05-02,46,2,wk inc flu hosp,2026-05-16,quantile,0.5,4,South Dakota,Ensemble
2026-05-02,46,2,wk inc flu hosp,2026-05-16,quantile,0.55,5,South Dakota,Ensemble
2026-05-02,46,2,wk inc flu hosp,2026-05-16,quantile,0.6,5,South Dakota,Ensemble
2026-05-02,46,2,wk inc flu hosp,2026-05-16,quantile,0.65,6,South Dakota,Ensemble
2026-05-02,46,2,wk inc flu hosp,2026-05-16,quantile,0.7,6,South Dakota,Ensemble
2026-05-02,46,2,wk inc flu hosp,2026-05-16,quantile,0.75,7,South Dakota,Ensemble
2026-05-02,46,2,wk inc flu hosp,2026-05-16,quantile,0.8,7,South Dakota,Ensemble
2026-05-02,46,2,wk inc flu hosp,2026-05-16,quantile,0.85,9,South Dakota,Ensemble
2026-05-02,46,2,wk inc flu hosp,2026-05-16,quantile,0.9,10,South Dakota,Ensemble
2026-05-02,46,2,wk inc flu hosp,2026-05-16,quantile,0.95,13,South Dakota,Ensemble
2026-05-02,46,2,wk inc flu hosp,2026-05-16,quantile,0.975,16,South Dakota,Ensemble
2026-05-02,46,2,wk inc flu hosp,2026-05-16,quantile,0.99,21,South Dakota,Ensemble
2026-05-02,46,3,wk inc flu hosp,2026-05-23,quantile,0.01,0,South Dakota,Ensemble
2026-05-02,46,3,wk inc flu hosp,2026-05-23,quantile,0.025,0,South Dakota,Ensemble
2026-05-02,46,3,wk inc flu hosp,2026-05-23,quantile,0.05,0,South Dakota,Ensemble
2026-05-02,46,3,wk inc flu hosp,2026-05-23,quantile,0.1,0,South Dakota,Ensemble
2026-05-02,46,3,wk inc flu hosp,2026-05-23,quantile,0.15,1,South Dakota,Ensemble
2026-05-02,46,3,wk inc flu hosp,2026-05-23,quantile,0.2,1,South Dakota,Ensemble
2026-05-02,46,3,wk inc flu hosp,2026-05-23,quantile,0.25,1,South Dakota,Ensemble
2026-05-02,46,3,wk inc flu hosp,2026-05-23,quantile,0.3,1,South Dakota,Ensemble
2026-05-02,46,3,wk inc flu hosp,2026-05-23,quantile,0.35,2,South Dakota,Ensemble
2026-05-02,46,3,wk inc flu hosp,2026-05-23,quantile,0.4,2,South Dakota,Ensemble
2026-05-02,46,3,wk inc flu hosp,2026-05-23,quantile,0.45,2,South Dakota,Ensemble
2026-05-02,46,3,wk inc flu hosp,2026-05-23,quantile,0.5,4,South Dakota,Ensemble
2026-05-02,46,3,wk inc flu hosp,2026-05-23,quantile,0.55,4,South Dakota,Ensemble
2026-05-02,46,3,wk inc flu hosp,2026-05-23,quantile,0.6,5,South Dakota,Ensemble
2026-05-02,46,3,wk inc flu hosp,2026-05-23,quantile,0.65,5,South Dakota,Ensemble
2026-05-02,46,3,wk inc flu hosp,2026-05-23,quantile,0.7,6,South Dakota,Ensemble
2026-05-02,46,3,wk inc flu hosp,2026-05-23,quantile,0.75,7,South Dakota,Ensemble
2026-05-02,46,3,wk inc flu hosp,2026-05-23,quantile,0.8,8,South Dakota,Ensemble
2026-05-02,46,3,wk inc flu hosp,2026-05-23,quantile,0.85,9,South Dakota,Ensemble
2026-05-02,46,3,wk inc flu hosp,2026-05-23,quantile,0.9,10,South Dakota,Ensemble
2026-05-02,46,3,wk inc flu hosp,2026-05-23,quantile,0.95,14,South Dakota,Ensemble
2026-05-02,46,3,wk inc flu hosp,2026-05-23,quantile,0.975,19,South Dakota,Ensemble
2026-05-02,46,3,wk inc flu hosp,2026-05-23,quantile,0.99,25,South Dakota,Ensemble
2026-05-02,47,0,wk inc flu hosp,2026-05-02,quantile,0.01,9,Tennessee,Ensemble
2026-05-02,47,0,wk inc flu hosp,2026-05-02,quantile,0.025,12,Tennessee,Ensemble
2026-05-02,47,0,wk inc flu hosp,2026-05-02,quantile,0.05,14,Tennessee,Ensemble
2026-05-02,47,0,wk inc flu hosp,2026-05-02,quantile,0.1,17,Tennessee,Ensemble
2026-05-02,47,0,wk inc flu hosp,2026-05-02,quantile,0.15,19,Tennessee,Ensemble
2026-05-02,47,0,wk inc flu hosp,2026-05-02,quantile,0.2,21,Tennessee,Ensemble
2026-05-02,47,0,wk inc flu hosp,2026-05-02,quantile,0.25,22,Tennessee,Ensemble
2026-05-02,47,0,wk inc flu hosp,2026-05-02,quantile,0.3,24,Tennessee,Ensemble
2026-05-02,47,0,wk inc flu hosp,2026-05-02,quantile,0.35,26,Tennessee,Ensemble
2026-05-02,47,0,wk inc flu hosp,2026-05-02,quantile,0.4,27,Tennessee,Ensemble
2026-05-02,47,0,wk inc flu hosp,2026-05-02,quantile,0.45,29,Tennessee,Ensemble
2026-05-02,47,0,wk inc flu hosp,2026-05-02,quantile,0.5,31,Tennessee,Ensemble
2026-05-02,47,0,wk inc flu hosp,2026-05-02,quantile,0.55,33,Tennessee,Ensemble
2026-05-02,47,0,wk inc flu hosp,2026-05-02,quantile,0.6,35,Tennessee,Ensemble
2026-05-02,47,0,wk inc flu hosp,2026-05-02,quantile,0.65,37,Tennessee,Ensemble
2026-05-02,47,0,wk inc flu hosp,2026-05-02,quantile,0.7,39,Tennessee,Ensemble
2026-05-02,47,0,wk inc flu hosp,2026-05-02,quantile,0.75,41,Tennessee,Ensemble
2026-05-02,47,0,wk inc flu hosp,2026-05-02,quantile,0.8,43,Tennessee,Ensemble
2026-05-02,47,0,wk inc flu hosp,2026-05-02,quantile,0.85,47,Tennessee,Ensemble
2026-05-02,47,0,wk inc flu hosp,2026-05-02,quantile,0.9,51,Tennessee,Ensemble
2026-05-02,47,0,wk inc flu hosp,2026-05-02,quantile,0.95,59,Tennessee,Ensemble
2026-05-02,47,0,wk inc flu hosp,2026-05-02,quantile,0.975,65,Tennessee,Ensemble
2026-05-02,47,0,wk inc flu hosp,2026-05-02,quantile,0.99,79,Tennessee,Ensemble
2026-05-02,47,1,wk inc flu hosp,2026-05-09,quantile,0.01,6,Tennessee,Ensemble
2026-05-02,47,1,wk inc flu hosp,2026-05-09,quantile,0.025,7,Tennessee,Ensemble
2026-05-02,47,1,wk inc flu hosp,2026-05-09,quantile,0.05,9,Tennessee,Ensemble
2026-05-02,47,1,wk inc flu hosp,2026-05-09,quantile,0.1,11,Tennessee,Ensemble
2026-05-02,47,1,wk inc flu hosp,2026-05-09,quantile,0.15,13,Tennessee,Ensemble
2026-05-02,47,1,wk inc flu hosp,2026-05-09,quantile,0.2,15,Tennessee,Ensemble
2026-05-02,47,1,wk inc flu hosp,2026-05-09,quantile,0.25,17,Tennessee,Ensemble
2026-05-02,47,1,wk inc flu hosp,2026-05-09,quantile,0.3,19,Tennessee,Ensemble
2026-05-02,47,1,wk inc flu hosp,2026-05-09,quantile,0.35,20,Tennessee,Ensemble
2026-05-02,47,1,wk inc flu hosp,2026-05-09,quantile,0.4,22,Tennessee,Ensemble
2026-05-02,47,1,wk inc flu hosp,2026-05-09,quantile,0.45,24,Tennessee,Ensemble
2026-05-02,47,1,wk inc flu hosp,2026-05-09,quantile,0.5,27,Tennessee,Ensemble
2026-05-02,47,1,wk inc flu hosp,2026-05-09,quantile,0.55,29,Tennessee,Ensemble
2026-05-02,47,1,wk inc flu hosp,2026-05-09,quantile,0.6,31,Tennessee,Ensemble
2026-05-02,47,1,wk inc flu hosp,2026-05-09,quantile,0.65,33,Tennessee,Ensemble
2026-05-02,47,1,wk inc flu hosp,2026-05-09,quantile,0.7,35,Tennessee,Ensemble
2026-05-02,47,1,wk inc flu hosp,2026-05-09,quantile,0.75,38,Tennessee,Ensemble
2026-05-02,47,1,wk inc flu hosp,2026-05-09,quantile,0.8,41,Tennessee,Ensemble
2026-05-02,47,1,wk inc flu hosp,2026-05-09,quantile,0.85,45,Tennessee,Ensemble
2026-05-02,47,1,wk inc flu hosp,2026-05-09,quantile,0.9,51,Tennessee,Ensemble
2026-05-02,47,1,wk inc flu hosp,2026-05-09,quantile,0.95,61,Tennessee,Ensemble
2026-05-02,47,1,wk inc flu hosp,2026-05-09,quantile,0.975,72,Tennessee,Ensemble
2026-05-02,47,1,wk inc flu hosp,2026-05-09,quantile,0.99,88,Tennessee,Ensemble
2026-05-02,47,2,wk inc flu hosp,2026-05-16,quantile,0.01,5,Tennessee,Ensemble
2026-05-02,47,2,wk inc flu hosp,2026-05-16,quantile,0.025,6,Tennessee,Ensemble
2026-05-02,47,2,wk inc flu hosp,2026-05-16,quantile,0.05,7,Tennessee,Ensemble
2026-05-02,47,2,wk inc flu hosp,2026-05-16,quantile,0.1,10,Tennessee,Ensemble
2026-05-02,47,2,wk inc flu hosp,2026-05-16,quantile,0.15,11,Tennessee,Ensemble
2026-05-02,47,2,wk inc flu hosp,2026-05-16,quantile,0.2,13,Tennessee,Ensemble
2026-05-02,47,2,wk inc flu hosp,2026-05-16,quantile,0.25,15,Tennessee,Ensemble
2026-05-02,47,2,wk inc flu hosp,2026-05-16,quantile,0.3,16,Tennessee,Ensemble
2026-05-02,47,2,wk inc flu hosp,2026-05-16,quantile,0.35,18,Tennessee,Ensemble
2026-05-02,47,2,wk inc flu hosp,2026-05-16,quantile,0.4,19,Tennessee,Ensemble
2026-05-02,47,2,wk inc flu hosp,2026-05-16,quantile,0.45,21,Tennessee,Ensemble
2026-05-02,47,2,wk inc flu hosp,2026-05-16,quantile,0.5,24,Tennessee,Ensemble
2026-05-02,47,2,wk inc flu hosp,2026-05-16,quantile,0.55,26,Tennessee,Ensemble
2026-05-02,47,2,wk inc flu hosp,2026-05-16,quantile,0.6,28,Tennessee,Ensemble
2026-05-02,47,2,wk inc flu hosp,2026-05-16,quantile,0.65,30,Tennessee,Ensemble
2026-05-02,47,2,wk inc flu hosp,2026-05-16,quantile,0.7,33,Tennessee,Ensemble
2026-05-02,47,2,wk inc flu hosp,2026-05-16,quantile,0.75,36,Tennessee,Ensemble
2026-05-02,47,2,wk inc flu hosp,2026-05-16,quantile,0.8,39,Tennessee,Ensemble
2026-05-02,47,2,wk inc flu hosp,2026-05-16,quantile,0.85,44,Tennessee,Ensemble
2026-05-02,47,2,wk inc flu hosp,2026-05-16,quantile,0.9,51,Tennessee,Ensemble
2026-05-02,47,2,wk inc flu hosp,2026-05-16,quantile,0.95,63,Tennessee,Ensemble
2026-05-02,47,2,wk inc flu hosp,2026-05-16,quantile,0.975,77,Tennessee,Ensemble
2026-05-02,47,2,wk inc flu hosp,2026-05-16,quantile,0.99,95,Tennessee,Ensemble
2026-05-02,47,3,wk inc flu hosp,2026-05-23,quantile,0.01,4,Tennessee,Ensemble
2026-05-02,47,3,wk inc flu hosp,2026-05-23,quantile,0.025,4,Tennessee,Ensemble
2026-05-02,47,3,wk inc flu hosp,2026-05-23,quantile,0.05,6,Tennessee,Ensemble
2026-05-02,47,3,wk inc flu hosp,2026-05-23,quantile,0.1,8,Tennessee,Ensemble
2026-05-02,47,3,wk inc flu hosp,2026-05-23,quantile,0.15,9,Tennessee,Ensemble
2026-05-02,47,3,wk inc flu hosp,2026-05-23,quantile,0.2,11,Tennessee,Ensemble
2026-05-02,47,3,wk inc flu hosp,2026-05-23,quantile,0.25,12,Tennessee,Ensemble
2026-05-02,47,3,wk inc flu hosp,2026-05-23,quantile,0.3,13,Tennessee,Ensemble
2026-05-02,47,3,wk inc flu hosp,2026-05-23,quantile,0.35,15,Tennessee,Ensemble
2026-05-02,47,3,wk inc flu hosp,2026-05-23,quantile,0.4,16,Tennessee,Ensemble
2026-05-02,47,3,wk inc flu hosp,2026-05-23,quantile,0.45,18,Tennessee,Ensemble
2026-05-02,47,3,wk inc flu hosp,2026-05-23,quantile,0.5,21,Tennessee,Ensemble
2026-05-02,47,3,wk inc flu hosp,2026-05-23,quantile,0.55,23,Tennessee,Ensemble
2026-05-02,47,3,wk inc flu hosp,2026-05-23,quantile,0.6,25,Tennessee,Ensemble
2026-05-02,47,3,wk inc flu hosp,2026-05-23,quantile,0.65,27,Tennessee,Ensemble
2026-05-02,47,3,wk inc flu hosp,2026-05-23,quantile,0.7,30,Tennessee,Ensemble
2026-05-02,47,3,wk inc flu hosp,2026-05-23,quantile,0.75,33,Tennessee,Ensemble
2026-05-02,47,3,wk inc flu hosp,2026-05-23,quantile,0.8,37,Tennessee,Ensemble
2026-05-02,47,3,wk inc flu hosp,2026-05-23,quantile,0.85,42,Tennessee,Ensemble
2026-05-02,47,3,wk inc flu hosp,2026-05-23,quantile,0.9,49,Tennessee,Ensemble
2026-05-02,47,3,wk inc flu hosp,2026-05-23,quantile,0.95,64,Tennessee,Ensemble
2026-05-02,47,3,wk inc flu hosp,2026-05-23,quantile,0.975,79,Tennessee,Ensemble
2026-05-02,47,3,wk inc flu hosp,2026-05-23,quantile,0.99,102,Tennessee,Ensemble
2026-05-02,48,0,wk inc flu hosp,2026-05-02,quantile,0.01,38,Texas,Ensemble
2026-05-02,48,0,wk inc flu hosp,2026-05-02,quantile,0.025,45,Texas,Ensemble
2026-05-02,48,0,wk inc flu hosp,2026-05-02,quantile,0.05,53,Texas,Ensemble
2026-05-02,48,0,wk inc flu hosp,2026-05-02,quantile,0.1,62,Texas,Ensemble
2026-05-02,48,0,wk inc flu hosp,2026-05-02,quantile,0.15,69,Texas,Ensemble
2026-05-02,48,0,wk inc flu hosp,2026-05-02,quantile,0.2,75,Texas,Ensemble
2026-05-02,48,0,wk inc flu hosp,2026-05-02,quantile,0.25,81,Texas,Ensemble
2026-05-02,48,0,wk inc flu hosp,2026-05-02,quantile,0.3,86,Texas,Ensemble
2026-05-02,48,0,wk inc flu hosp,2026-05-02,quantile,0.35,91,Texas,Ensemble
2026-05-02,48,0,wk inc flu hosp,2026-05-02,quantile,0.4,97,Texas,Ensemble
2026-05-02,48,0,wk inc flu hosp,2026-05-02,quantile,0.45,102,Texas,Ensemble
2026-05-02,48,0,wk inc flu hosp,2026-05-02,quantile,0.5,109,Texas,Ensemble
2026-05-02,48,0,wk inc flu hosp,2026-05-02,quantile,0.55,114,Texas,Ensemble
2026-05-02,48,0,wk inc flu hosp,2026-05-02,quantile,0.6,120,Texas,Ensemble
2026-05-02,48,0,wk inc flu hosp,2026-05-02,quantile,0.65,125,Texas,Ensemble
2026-05-02,48,0,wk inc flu hosp,2026-05-02,quantile,0.7,132,Texas,Ensemble
2026-05-02,48,0,wk inc flu hosp,2026-05-02,quantile,0.75,139,Texas,Ensemble
2026-05-02,48,0,wk inc flu hosp,2026-05-02,quantile,0.8,148,Texas,Ensemble
2026-05-02,48,0,wk inc flu hosp,2026-05-02,quantile,0.85,159,Texas,Ensemble
2026-05-02,48,0,wk inc flu hosp,2026-05-02,quantile,0.9,173,Texas,Ensemble
2026-05-02,48,0,wk inc flu hosp,2026-05-02,quantile,0.95,196,Texas,Ensemble
2026-05-02,48,0,wk inc flu hosp,2026-05-02,quantile,0.975,222,Texas,Ensemble
2026-05-02,48,0,wk inc flu hosp,2026-05-02,quantile,0.99,255,Texas,Ensemble
2026-05-02,48,1,wk inc flu hosp,2026-05-09,quantile,0.01,25,Texas,Ensemble
2026-05-02,48,1,wk inc flu hosp,2026-05-09,quantile,0.025,30,Texas,Ensemble
2026-05-02,48,1,wk inc flu hosp,2026-05-09,quantile,0.05,36,Texas,Ensemble
2026-05-02,48,1,wk inc flu hosp,2026-05-09,quantile,0.1,44,Texas,Ensemble
2026-05-02,48,1,wk inc flu hosp,2026-05-09,quantile,0.15,51,Texas,Ensemble
2026-05-02,48,1,wk inc flu hosp,2026-05-09,quantile,0.2,57,Texas,Ensemble
2026-05-02,48,1,wk inc flu hosp,2026-05-09,quantile,0.25,63,Texas,Ensemble
2026-05-02,48,1,wk inc flu hosp,2026-05-09,quantile,0.3,68,Texas,Ensemble
2026-05-02,48,1,wk inc flu hosp,2026-05-09,quantile,0.35,74,Texas,Ensemble
2026-05-02,48,1,wk inc flu hosp,2026-05-09,quantile,0.4,80,Texas,Ensemble
2026-05-02,48,1,wk inc flu hosp,2026-05-09,quantile,0.45,86,Texas,Ensemble
2026-05-02,48,1,wk inc flu hosp,2026-05-09,quantile,0.5,93,Texas,Ensemble
2026-05-02,48,1,wk inc flu hosp,2026-05-09,quantile,0.55,100,Texas,Ensemble
2026-05-02,48,1,wk inc flu hosp,2026-05-09,quantile,0.6,106,Texas,Ensemble
2026-05-02,48,1,wk inc flu hosp,2026-05-09,quantile,0.65,114,Texas,Ensemble
2026-05-02,48,1,wk inc flu hosp,2026-05-09,quantile,0.7,122,Texas,Ensemble
2026-05-02,48,1,wk inc flu hosp,2026-05-09,quantile,0.75,131,Texas,Ensemble
2026-05-02,48,1,wk inc flu hosp,2026-05-09,quantile,0.8,142,Texas,Ensemble
2026-05-02,48,1,wk inc flu hosp,2026-05-09,quantile,0.85,156,Texas,Ensemble
2026-05-02,48,1,wk inc flu hosp,2026-05-09,quantile,0.9,175,Texas,Ensemble
2026-05-02,48,1,wk inc flu hosp,2026-05-09,quantile,0.95,208,Texas,Ensemble
2026-05-02,48,1,wk inc flu hosp,2026-05-09,quantile,0.975,243,Texas,Ensemble
2026-05-02,48,1,wk inc flu hosp,2026-05-09,quantile,0.99,293,Texas,Ensemble
2026-05-02,48,2,wk inc flu hosp,2026-05-16,quantile,0.01,18,Texas,Ensemble
2026-05-02,48,2,wk inc flu hosp,2026-05-16,quantile,0.025,22,Texas,Ensemble
2026-05-02,48,2,wk inc flu hosp,2026-05-16,quantile,0.05,27,Texas,Ensemble
2026-05-02,48,2,wk inc flu hosp,2026-05-16,quantile,0.1,33,Texas,Ensemble
2026-05-02,48,2,wk inc flu hosp,2026-05-16,quantile,0.15,39,Texas,Ensemble
2026-05-02,48,2,wk inc flu hosp,2026-05-16,quantile,0.2,46,Texas,Ensemble
2026-05-02,48,2,wk inc flu hosp,2026-05-16,quantile,0.25,52,Texas,Ensemble
2026-05-02,48,2,wk inc flu hosp,2026-05-16,quantile,0.3,58,Texas,Ensemble
2026-05-02,48,2,wk inc flu hosp,2026-05-16,quantile,0.35,64,Texas,Ensemble
2026-05-02,48,2,wk inc flu hosp,2026-05-16,quantile,0.4,69,Texas,Ensemble
2026-05-02,48,2,wk inc flu hosp,2026-05-16,quantile,0.45,76,Texas,Ensemble
2026-05-02,48,2,wk inc flu hosp,2026-05-16,quantile,0.5,84,Texas,Ensemble
2026-05-02,48,2,wk inc flu hosp,2026-05-16,quantile,0.55,91,Texas,Ensemble
2026-05-02,48,2,wk inc flu hosp,2026-05-16,quantile,0.6,98,Texas,Ensemble
2026-05-02,48,2,wk inc flu hosp,2026-05-16,quantile,0.65,105,Texas,Ensemble
2026-05-02,48,2,wk inc flu hosp,2026-05-16,quantile,0.7,114,Texas,Ensemble
2026-05-02,48,2,wk inc flu hosp,2026-05-16,quantile,0.75,124,Texas,Ensemble
2026-05-02,48,2,wk inc flu hosp,2026-05-16,quantile,0.8,136,Texas,Ensemble
2026-05-02,48,2,wk inc flu hosp,2026-05-16,quantile,0.85,153,Texas,Ensemble
2026-05-02,48,2,wk inc flu hosp,2026-05-16,quantile,0.9,176,Texas,Ensemble
2026-05-02,48,2,wk inc flu hosp,2026-05-16,quantile,0.95,215,Texas,Ensemble
2026-05-02,48,2,wk inc flu hosp,2026-05-16,quantile,0.975,258,Texas,Ensemble
2026-05-02,48,2,wk inc flu hosp,2026-05-16,quantile,0.99,314,Texas,Ensemble
2026-05-02,48,3,wk inc flu hosp,2026-05-23,quantile,0.01,15,Texas,Ensemble
2026-05-02,48,3,wk inc flu hosp,2026-05-23,quantile,0.025,18,Texas,Ensemble
2026-05-02,48,3,wk inc flu hosp,2026-05-23,quantile,0.05,22,Texas,Ensemble
2026-05-02,48,3,wk inc flu hosp,2026-05-23,quantile,0.1,27,Texas,Ensemble
2026-05-02,48,3,wk inc flu hosp,2026-05-23,quantile,0.15,32,Texas,Ensemble
2026-05-02,48,3,wk inc flu hosp,2026-05-23,quantile,0.2,38,Texas,Ensemble
2026-05-02,48,3,wk inc flu hosp,2026-05-23,quantile,0.25,44,Texas,Ensemble
2026-05-02,48,3,wk inc flu hosp,2026-05-23,quantile,0.3,49,Texas,Ensemble
2026-05-02,48,3,wk inc flu hosp,2026-05-23,quantile,0.35,55,Texas,Ensemble
2026-05-02,48,3,wk inc flu hosp,2026-05-23,quantile,0.4,60,Texas,Ensemble
2026-05-02,48,3,wk inc flu hosp,2026-05-23,quantile,0.45,66,Texas,Ensemble
2026-05-02,48,3,wk inc flu hosp,2026-05-23,quantile,0.5,74,Texas,Ensemble
2026-05-02,48,3,wk inc flu hosp,2026-05-23,quantile,0.55,82,Texas,Ensemble
2026-05-02,48,3,wk inc flu hosp,2026-05-23,quantile,0.6,89,Texas,Ensemble
2026-05-02,48,3,wk inc flu hosp,2026-05-23,quantile,0.65,96,Texas,Ensemble
2026-05-02,48,3,wk inc flu hosp,2026-05-23,quantile,0.7,105,Texas,Ensemble
2026-05-02,48,3,wk inc flu hosp,2026-05-23,quantile,0.75,116,Texas,Ensemble
2026-05-02,48,3,wk inc flu hosp,2026-05-23,quantile,0.8,129,Texas,Ensemble
2026-05-02,48,3,wk inc flu hosp,2026-05-23,quantile,0.85,146,Texas,Ensemble
2026-05-02,48,3,wk inc flu hosp,2026-05-23,quantile,0.9,172,Texas,Ensemble
2026-05-02,48,3,wk inc flu hosp,2026-05-23,quantile,0.95,215,Texas,Ensemble
2026-05-02,48,3,wk inc flu hosp,2026-05-23,quantile,0.975,263,Texas,Ensemble
2026-05-02,48,3,wk inc flu hosp,2026-05-23,quantile,0.99,336,Texas,Ensemble
2026-05-02,49,0,wk inc flu hosp,2026-05-02,quantile,0.01,1,Utah,Ensemble
2026-05-02,49,0,wk inc flu hosp,2026-05-02,quantile,0.025,1,Utah,Ensemble
2026-05-02,49,0,wk inc flu hosp,2026-05-02,quantile,0.05,2,Utah,Ensemble
2026-05-02,49,0,wk inc flu hosp,2026-05-02,quantile,0.1,3,Utah,Ensemble
2026-05-02,49,0,wk inc flu hosp,2026-05-02,quantile,0.15,4,Utah,Ensemble
2026-05-02,49,0,wk inc flu hosp,2026-05-02,quantile,0.2,4,Utah,Ensemble
2026-05-02,49,0,wk inc flu hosp,2026-05-02,quantile,0.25,5,Utah,Ensemble
2026-05-02,49,0,wk inc flu hosp,2026-05-02,quantile,0.3,6,Utah,Ensemble
2026-05-02,49,0,wk inc flu hosp,2026-05-02,quantile,0.35,6,Utah,Ensemble
2026-05-02,49,0,wk inc flu hosp,2026-05-02,quantile,0.4,7,Utah,Ensemble
2026-05-02,49,0,wk inc flu hosp,2026-05-02,quantile,0.45,8,Utah,Ensemble
2026-05-02,49,0,wk inc flu hosp,2026-05-02,quantile,0.5,9,Utah,Ensemble
2026-05-02,49,0,wk inc flu hosp,2026-05-02,quantile,0.55,10,Utah,Ensemble
2026-05-02,49,0,wk inc flu hosp,2026-05-02,quantile,0.6,11,Utah,Ensemble
2026-05-02,49,0,wk inc flu hosp,2026-05-02,quantile,0.65,11,Utah,Ensemble
2026-05-02,49,0,wk inc flu hosp,2026-05-02,quantile,0.7,12,Utah,Ensemble
2026-05-02,49,0,wk inc flu hosp,2026-05-02,quantile,0.75,13,Utah,Ensemble
2026-05-02,49,0,wk inc flu hosp,2026-05-02,quantile,0.8,14,Utah,Ensemble
2026-05-02,49,0,wk inc flu hosp,2026-05-02,quantile,0.85,16,Utah,Ensemble
2026-05-02,49,0,wk inc flu hosp,2026-05-02,quantile,0.9,18,Utah,Ensemble
2026-05-02,49,0,wk inc flu hosp,2026-05-02,quantile,0.95,22,Utah,Ensemble
2026-05-02,49,0,wk inc flu hosp,2026-05-02,quantile,0.975,26,Utah,Ensemble
2026-05-02,49,0,wk inc flu hosp,2026-05-02,quantile,0.99,33,Utah,Ensemble
2026-05-02,49,1,wk inc flu hosp,2026-05-09,quantile,0.01,0,Utah,Ensemble
2026-05-02,49,1,wk inc flu hosp,2026-05-09,quantile,0.025,1,Utah,Ensemble
2026-05-02,49,1,wk inc flu hosp,2026-05-09,quantile,0.05,1,Utah,Ensemble
2026-05-02,49,1,wk inc flu hosp,2026-05-09,quantile,0.1,2,Utah,Ensemble
2026-05-02,49,1,wk inc flu hosp,2026-05-09,quantile,0.15,3,Utah,Ensemble
2026-05-02,49,1,wk inc flu hosp,2026-05-09,quantile,0.2,3,Utah,Ensemble
2026-05-02,49,1,wk inc flu hosp,2026-05-09,quantile,0.25,4,Utah,Ensemble
2026-05-02,49,1,wk inc flu hosp,2026-05-09,quantile,0.3,5,Utah,Ensemble
2026-05-02,49,1,wk inc flu hosp,2026-05-09,quantile,0.35,5,Utah,Ensemble
2026-05-02,49,1,wk inc flu hosp,2026-05-09,quantile,0.4,6,Utah,Ensemble
2026-05-02,49,1,wk inc flu hosp,2026-05-09,quantile,0.45,7,Utah,Ensemble
2026-05-02,49,1,wk inc flu hosp,2026-05-09,quantile,0.5,9,Utah,Ensemble
2026-05-02,49,1,wk inc flu hosp,2026-05-09,quantile,0.55,9,Utah,Ensemble
2026-05-02,49,1,wk inc flu hosp,2026-05-09,quantile,0.6,10,Utah,Ensemble
2026-05-02,49,1,wk inc flu hosp,2026-05-09,quantile,0.65,11,Utah,Ensemble
2026-05-02,49,1,wk inc flu hosp,2026-05-09,quantile,0.7,13,Utah,Ensemble
2026-05-02,49,1,wk inc flu hosp,2026-05-09,quantile,0.75,14,Utah,Ensemble
2026-05-02,49,1,wk inc flu hosp,2026-05-09,quantile,0.8,15,Utah,Ensemble
2026-05-02,49,1,wk inc flu hosp,2026-05-09,quantile,0.85,17,Utah,Ensemble
2026-05-02,49,1,wk inc flu hosp,2026-05-09,quantile,0.9,20,Utah,Ensemble
2026-05-02,49,1,wk inc flu hosp,2026-05-09,quantile,0.95,26,Utah,Ensemble
2026-05-02,49,1,wk inc flu hosp,2026-05-09,quantile,0.975,32,Utah,Ensemble
2026-05-02,49,1,wk inc flu hosp,2026-05-09,quantile,0.99,44,Utah,Ensemble
2026-05-02,49,2,wk inc flu hosp,2026-05-16,quantile,0.01,0,Utah,Ensemble
2026-05-02,49,2,wk inc flu hosp,2026-05-16,quantile,0.025,0,Utah,Ensemble
2026-05-02,49,2,wk inc flu hosp,2026-05-16,quantile,0.05,1,Utah,Ensemble
2026-05-02,49,2,wk inc flu hosp,2026-05-16,quantile,0.1,1,Utah,Ensemble
2026-05-02,49,2,wk inc flu hosp,2026-05-16,quantile,0.15,2,Utah,Ensemble
2026-05-02,49,2,wk inc flu hosp,2026-05-16,quantile,0.2,2,Utah,Ensemble
2026-05-02,49,2,wk inc flu hosp,2026-05-16,quantile,0.25,3,Utah,Ensemble
2026-05-02,49,2,wk inc flu hosp,2026-05-16,quantile,0.3,4,Utah,Ensemble
2026-05-02,49,2,wk inc flu hosp,2026-05-16,quantile,0.35,4,Utah,Ensemble
2026-05-02,49,2,wk inc flu hosp,2026-05-16,quantile,0.4,5,Utah,Ensemble
2026-05-02,49,2,wk inc flu hosp,2026-05-16,quantile,0.45,6,Utah,Ensemble
2026-05-02,49,2,wk inc flu hosp,2026-05-16,quantile,0.5,7,Utah,Ensemble
2026-05-02,49,2,wk inc flu hosp,2026-05-16,quantile,0.55,8,Utah,Ensemble
2026-05-02,49,2,wk inc flu hosp,2026-05-16,quantile,0.6,9,Utah,Ensemble
2026-05-02,49,2,wk inc flu hosp,2026-05-16,quantile,0.65,10,Utah,Ensemble
2026-05-02,49,2,wk inc flu hosp,2026-05-16,quantile,0.7,12,Utah,Ensemble
2026-05-02,49,2,wk inc flu hosp,2026-05-16,quantile,0.75,13,Utah,Ensemble
2026-05-02,49,2,wk inc flu hosp,2026-05-16,quantile,0.8,15,Utah,Ensemble
2026-05-02,49,2,wk inc flu hosp,2026-05-16,quantile,0.85,18,Utah,Ensemble
2026-05-02,49,2,wk inc flu hosp,2026-05-16,quantile,0.9,22,Utah,Ensemble
2026-05-02,49,2,wk inc flu hosp,2026-05-16,quantile,0.95,29,Utah,Ensemble
2026-05-02,49,2,wk inc flu hosp,2026-05-16,quantile,0.975,37,Utah,Ensemble
2026-05-02,49,2,wk inc flu hosp,2026-05-16,quantile,0.99,51,Utah,Ensemble
2026-05-02,49,3,wk inc flu hosp,2026-05-23,quantile,0.01,0,Utah,Ensemble
2026-05-02,49,3,wk inc flu hosp,2026-05-23,quantile,0.025,0,Utah,Ensemble
2026-05-02,49,3,wk inc flu hosp,2026-05-23,quantile,0.05,0,Utah,Ensemble
2026-05-02,49,3,wk inc flu hosp,2026-05-23,quantile,0.1,1,Utah,Ensemble
2026-05-02,49,3,wk inc flu hosp,2026-05-23,quantile,0.15,1,Utah,Ensemble
2026-05-02,49,3,wk inc flu hosp,2026-05-23,quantile,0.2,2,Utah,Ensemble
2026-05-02,49,3,wk inc flu hosp,2026-05-23,quantile,0.25,2,Utah,Ensemble
2026-05-02,49,3,wk inc flu hosp,2026-05-23,quantile,0.3,3,Utah,Ensemble
2026-05-02,49,3,wk inc flu hosp,2026-05-23,quantile,0.35,4,Utah,Ensemble
2026-05-02,49,3,wk inc flu hosp,2026-05-23,quantile,0.4,4,Utah,Ensemble
2026-05-02,49,3,wk inc flu hosp,2026-05-23,quantile,0.45,5,Utah,Ensemble
2026-05-02,49,3,wk inc flu hosp,2026-05-23,quantile,0.5,7,Utah,Ensemble
2026-05-02,49,3,wk inc flu hosp,2026-05-23,quantile,0.55,8,Utah,Ensemble
2026-05-02,49,3,wk inc flu hosp,2026-05-23,quantile,0.6,8,Utah,Ensemble
2026-05-02,49,3,wk inc flu hosp,2026-05-23,quantile,0.65,10,Utah,Ensemble
2026-05-02,49,3,wk inc flu hosp,2026-05-23,quantile,0.7,11,Utah,Ensemble
2026-05-02,49,3,wk inc flu hosp,2026-05-23,quantile,0.75,13,Utah,Ensemble
2026-05-02,49,3,wk inc flu hosp,2026-05-23,quantile,0.8,15,Utah,Ensemble
2026-05-02,49,3,wk inc flu hosp,2026-05-23,quantile,0.85,18,Utah,Ensemble
2026-05-02,49,3,wk inc flu hosp,2026-05-23,quantile,0.9,23,Utah,Ensemble
2026-05-02,49,3,wk inc flu hosp,2026-05-23,quantile,0.95,31,Utah,Ensemble
2026-05-02,49,3,wk inc flu hosp,2026-05-23,quantile,0.975,42,Utah,Ensemble
2026-05-02,49,3,wk inc flu hosp,2026-05-23,quantile,0.99,59,Utah,Ensemble
2026-05-02,50,0,wk inc flu hosp,2026-05-02,quantile,0.01,0,Vermont,Ensemble
2026-05-02,50,0,wk inc flu hosp,2026-05-02,quantile,0.025,0,Vermont,Ensemble
2026-05-02,50,0,wk inc flu hosp,2026-05-02,quantile,0.05,0,Vermont,Ensemble
2026-05-02,50,0,wk inc flu hosp,2026-05-02,quantile,0.1,0,Vermont,Ensemble
2026-05-02,50,0,wk inc flu hosp,2026-05-02,quantile,0.15,0,Vermont,Ensemble
2026-05-02,50,0,wk inc flu hosp,2026-05-02,quantile,0.2,0,Vermont,Ensemble
2026-05-02,50,0,wk inc flu hosp,2026-05-02,quantile,0.25,0,Vermont,Ensemble
2026-05-02,50,0,wk inc flu hosp,2026-05-02,quantile,0.3,0,Vermont,Ensemble
2026-05-02,50,0,wk inc flu hosp,2026-05-02,quantile,0.35,0,Vermont,Ensemble
2026-05-02,50,0,wk inc flu hosp,2026-05-02,quantile,0.4,0,Vermont,Ensemble
2026-05-02,50,0,wk inc flu hosp,2026-05-02,quantile,0.45,0,Vermont,Ensemble
2026-05-02,50,0,wk inc flu hosp,2026-05-02,quantile,0.5,2,Vermont,Ensemble
2026-05-02,50,0,wk inc flu hosp,2026-05-02,quantile,0.55,2,Vermont,Ensemble
2026-05-02,50,0,wk inc flu hosp,2026-05-02,quantile,0.6,2,Vermont,Ensemble
2026-05-02,50,0,wk inc flu hosp,2026-05-02,quantile,0.65,2,Vermont,Ensemble
2026-05-02,50,0,wk inc flu hosp,2026-05-02,quantile,0.7,2,Vermont,Ensemble
2026-05-02,50,0,wk inc flu hosp,2026-05-02,quantile,0.75,3,Vermont,Ensemble
2026-05-02,50,0,wk inc flu hosp,2026-05-02,quantile,0.8,3,Vermont,Ensemble
2026-05-02,50,0,wk inc flu hosp,2026-05-02,quantile,0.85,4,Vermont,Ensemble
2026-05-02,50,0,wk inc flu hosp,2026-05-02,quantile,0.9,4,Vermont,Ensemble
2026-05-02,50,0,wk inc flu hosp,2026-05-02,quantile,0.95,5,Vermont,Ensemble
2026-05-02,50,0,wk inc flu hosp,2026-05-02,quantile,0.975,7,Vermont,Ensemble
2026-05-02,50,0,wk inc flu hosp,2026-05-02,quantile,0.99,9,Vermont,Ensemble
2026-05-02,50,1,wk inc flu hosp,2026-05-09,quantile,0.01,0,Vermont,Ensemble
2026-05-02,50,1,wk inc flu hosp,2026-05-09,quantile,0.025,0,Vermont,Ensemble
2026-05-02,50,1,wk inc flu hosp,2026-05-09,quantile,0.05,0,Vermont,Ensemble
2026-05-02,50,1,wk inc flu hosp,2026-05-09,quantile,0.1,0,Vermont,Ensemble
2026-05-02,50,1,wk inc flu hosp,2026-05-09,quantile,0.15,0,Vermont,Ensemble
2026-05-02,50,1,wk inc flu hosp,2026-05-09,quantile,0.2,0,Vermont,Ensemble
2026-05-02,50,1,wk inc flu hosp,2026-05-09,quantile,0.25,0,Vermont,Ensemble
2026-05-02,50,1,wk inc flu hosp,2026-05-09,quantile,0.3,0,Vermont,Ensemble
2026-05-02,50,1,wk inc flu hosp,2026-05-09,quantile,0.35,0,Vermont,Ensemble
2026-05-02,50,1,wk inc flu hosp,2026-05-09,quantile,0.4,0,Vermont,Ensemble
2026-05-02,50,1,wk inc flu hosp,2026-05-09,quantile,0.45,0,Vermont,Ensemble
2026-05-02,50,1,wk inc flu hosp,2026-05-09,quantile,0.5,1,Vermont,Ensemble
2026-05-02,50,1,wk inc flu hosp,2026-05-09,quantile,0.55,1,Vermont,Ensemble
2026-05-02,50,1,wk inc flu hosp,2026-05-09,quantile,0.6,2,Vermont,Ensemble
2026-05-02,50,1,wk inc flu hosp,2026-05-09,quantile,0.65,2,Vermont,Ensemble
2026-05-02,50,1,wk inc flu hosp,2026-05-09,quantile,0.7,2,Vermont,Ensemble
2026-05-02,50,1,wk inc flu hosp,2026-05-09,quantile,0.75,2,Vermont,Ensemble
2026-05-02,50,1,wk inc flu hosp,2026-05-09,quantile,0.8,3,Vermont,Ensemble
2026-05-02,50,1,wk inc flu hosp,2026-05-09,quantile,0.85,3,Vermont,Ensemble
2026-05-02,50,1,wk inc flu hosp,2026-05-09,quantile,0.9,4,Vermont,Ensemble
2026-05-02,50,1,wk inc flu hosp,2026-05-09,quantile,0.95,5,Vermont,Ensemble
2026-05-02,50,1,wk inc flu hosp,2026-05-09,quantile,0.975,7,Vermont,Ensemble
2026-05-02,50,1,wk inc flu hosp,2026-05-09,quantile,0.99,9,Vermont,Ensemble
2026-05-02,50,2,wk inc flu hosp,2026-05-16,quantile,0.01,0,Vermont,Ensemble
2026-05-02,50,2,wk inc flu hosp,2026-05-16,quantile,0.025,0,Vermont,Ensemble
2026-05-02,50,2,wk inc flu hosp,2026-05-16,quantile,0.05,0,Vermont,Ensemble
2026-05-02,50,2,wk inc flu hosp,2026-05-16,quantile,0.1,0,Vermont,Ensemble
2026-05-02,50,2,wk inc flu hosp,2026-05-16,quantile,0.15,0,Vermont,Ensemble
2026-05-02,50,2,wk inc flu hosp,2026-05-16,quantile,0.2,0,Vermont,Ensemble
2026-05-02,50,2,wk inc flu hosp,2026-05-16,quantile,0.25,0,Vermont,Ensemble
2026-05-02,50,2,wk inc flu hosp,2026-05-16,quantile,0.3,0,Vermont,Ensemble
2026-05-02,50,2,wk inc flu hosp,2026-05-16,quantile,0.35,0,Vermont,Ensemble
2026-05-02,50,2,wk inc flu hosp,2026-05-16,quantile,0.4,0,Vermont,Ensemble
2026-05-02,50,2,wk inc flu hosp,2026-05-16,quantile,0.45,0,Vermont,Ensemble
2026-05-02,50,2,wk inc flu hosp,2026-05-16,quantile,0.5,1,Vermont,Ensemble
2026-05-02,50,2,wk inc flu hosp,2026-05-16,quantile,0.55,1,Vermont,Ensemble
2026-05-02,50,2,wk inc flu hosp,2026-05-16,quantile,0.6,1,Vermont,Ensemble
2026-05-02,50,2,wk inc flu hosp,2026-05-16,quantile,0.65,2,Vermont,Ensemble
2026-05-02,50,2,wk inc flu hosp,2026-05-16,quantile,0.7,2,Vermont,Ensemble
2026-05-02,50,2,wk inc flu hosp,2026-05-16,quantile,0.75,2,Vermont,Ensemble
2026-05-02,50,2,wk inc flu hosp,2026-05-16,quantile,0.8,3,Vermont,Ensemble
2026-05-02,50,2,wk inc flu hosp,2026-05-16,quantile,0.85,3,Vermont,Ensemble
2026-05-02,50,2,wk inc flu hosp,2026-05-16,quantile,0.9,4,Vermont,Ensemble
2026-05-02,50,2,wk inc flu hosp,2026-05-16,quantile,0.95,6,Vermont,Ensemble
2026-05-02,50,2,wk inc flu hosp,2026-05-16,quantile,0.975,8,Vermont,Ensemble
2026-05-02,50,2,wk inc flu hosp,2026-05-16,quantile,0.99,11,Vermont,Ensemble
2026-05-02,50,3,wk inc flu hosp,2026-05-23,quantile,0.01,0,Vermont,Ensemble
2026-05-02,50,3,wk inc flu hosp,2026-05-23,quantile,0.025,0,Vermont,Ensemble
2026-05-02,50,3,wk inc flu hosp,2026-05-23,quantile,0.05,0,Vermont,Ensemble
2026-05-02,50,3,wk inc flu hosp,2026-05-23,quantile,0.1,0,Vermont,Ensemble
2026-05-02,50,3,wk inc flu hosp,2026-05-23,quantile,0.15,0,Vermont,Ensemble
2026-05-02,50,3,wk inc flu hosp,2026-05-23,quantile,0.2,0,Vermont,Ensemble
2026-05-02,50,3,wk inc flu hosp,2026-05-23,quantile,0.25,0,Vermont,Ensemble
2026-05-02,50,3,wk inc flu hosp,2026-05-23,quantile,0.3,0,Vermont,Ensemble
2026-05-02,50,3,wk inc flu hosp,2026-05-23,quantile,0.35,0,Vermont,Ensemble
2026-05-02,50,3,wk inc flu hosp,2026-05-23,quantile,0.4,0,Vermont,Ensemble
2026-05-02,50,3,wk inc flu hosp,2026-05-23,quantile,0.45,0,Vermont,Ensemble
2026-05-02,50,3,wk inc flu hosp,2026-05-23,quantile,0.5,1,Vermont,Ensemble
2026-05-02,50,3,wk inc flu hosp,2026-05-23,quantile,0.55,1,Vermont,Ensemble
2026-05-02,50,3,wk inc flu hosp,2026-05-23,quantile,0.6,1,Vermont,Ensemble
2026-05-02,50,3,wk inc flu hosp,2026-05-23,quantile,0.65,1,Vermont,Ensemble
2026-05-02,50,3,wk inc flu hosp,2026-05-23,quantile,0.7,2,Vermont,Ensemble
2026-05-02,50,3,wk inc flu hosp,2026-05-23,quantile,0.75,2,Vermont,Ensemble
2026-05-02,50,3,wk inc flu hosp,2026-05-23,quantile,0.8,2,Vermont,Ensemble
2026-05-02,50,3,wk inc flu hosp,2026-05-23,quantile,0.85,3,Vermont,Ensemble
2026-05-02,50,3,wk inc flu hosp,2026-05-23,quantile,0.9,4,Vermont,Ensemble
2026-05-02,50,3,wk inc flu hosp,2026-05-23,quantile,0.95,6,Vermont,Ensemble
2026-05-02,50,3,wk inc flu hosp,2026-05-23,quantile,0.975,9,Vermont,Ensemble
2026-05-02,50,3,wk inc flu hosp,2026-05-23,quantile,0.99,13,Vermont,Ensemble
2026-05-02,51,0,wk inc flu hosp,2026-05-02,quantile,0.01,3,Virginia,Ensemble
2026-05-02,51,0,wk inc flu hosp,2026-05-02,quantile,0.025,4,Virginia,Ensemble
2026-05-02,51,0,wk inc flu hosp,2026-05-02,quantile,0.05,5,Virginia,Ensemble
2026-05-02,51,0,wk inc flu hosp,2026-05-02,quantile,0.1,6,Virginia,Ensemble
2026-05-02,51,0,wk inc flu hosp,2026-05-02,quantile,0.15,7,Virginia,Ensemble
2026-05-02,51,0,wk inc flu hosp,2026-05-02,quantile,0.2,9,Virginia,Ensemble
2026-05-02,51,0,wk inc flu hosp,2026-05-02,quantile,0.25,10,Virginia,Ensemble
2026-05-02,51,0,wk inc flu hosp,2026-05-02,quantile,0.3,10,Virginia,Ensemble
2026-05-02,51,0,wk inc flu hosp,2026-05-02,quantile,0.35,11,Virginia,Ensemble
2026-05-02,51,0,wk inc flu hosp,2026-05-02,quantile,0.4,12,Virginia,Ensemble
2026-05-02,51,0,wk inc flu hosp,2026-05-02,quantile,0.45,14,Virginia,Ensemble
2026-05-02,51,0,wk inc flu hosp,2026-05-02,quantile,0.5,16,Virginia,Ensemble
2026-05-02,51,0,wk inc flu hosp,2026-05-02,quantile,0.55,17,Virginia,Ensemble
2026-05-02,51,0,wk inc flu hosp,2026-05-02,quantile,0.6,18,Virginia,Ensemble
2026-05-02,51,0,wk inc flu hosp,2026-05-02,quantile,0.65,19,Virginia,Ensemble
2026-05-02,51,0,wk inc flu hosp,2026-05-02,quantile,0.7,20,Virginia,Ensemble
2026-05-02,51,0,wk inc flu hosp,2026-05-02,quantile,0.75,22,Virginia,Ensemble
2026-05-02,51,0,wk inc flu hosp,2026-05-02,quantile,0.8,24,Virginia,Ensemble
2026-05-02,51,0,wk inc flu hosp,2026-05-02,quantile,0.85,27,Virginia,Ensemble
2026-05-02,51,0,wk inc flu hosp,2026-05-02,quantile,0.9,30,Virginia,Ensemble
2026-05-02,51,0,wk inc flu hosp,2026-05-02,quantile,0.95,36,Virginia,Ensemble
2026-05-02,51,0,wk inc flu hosp,2026-05-02,quantile,0.975,42,Virginia,Ensemble
2026-05-02,51,0,wk inc flu hosp,2026-05-02,quantile,0.99,53,Virginia,Ensemble
2026-05-02,51,1,wk inc flu hosp,2026-05-09,quantile,0.01,2,Virginia,Ensemble
2026-05-02,51,1,wk inc flu hosp,2026-05-09,quantile,0.025,3,Virginia,Ensemble
2026-05-02,51,1,wk inc flu hosp,2026-05-09,quantile,0.05,3,Virginia,Ensemble
2026-05-02,51,1,wk inc flu hosp,2026-05-09,quantile,0.1,5,Virginia,Ensemble
2026-05-02,51,1,wk inc flu hosp,2026-05-09,quantile,0.15,6,Virginia,Ensemble
2026-05-02,51,1,wk inc flu hosp,2026-05-09,quantile,0.2,7,Virginia,Ensemble
2026-05-02,51,1,wk inc flu hosp,2026-05-09,quantile,0.25,8,Virginia,Ensemble
2026-05-02,51,1,wk inc flu hosp,2026-05-09,quantile,0.3,9,Virginia,Ensemble
2026-05-02,51,1,wk inc flu hosp,2026-05-09,quantile,0.35,10,Virginia,Ensemble
2026-05-02,51,1,wk inc flu hosp,2026-05-09,quantile,0.4,11,Virginia,Ensemble
2026-05-02,51,1,wk inc flu hosp,2026-05-09,quantile,0.45,12,Virginia,Ensemble
2026-05-02,51,1,wk inc flu hosp,2026-05-09,quantile,0.5,14,Virginia,Ensemble
2026-05-02,51,1,wk inc flu hosp,2026-05-09,quantile,0.55,15,Virginia,Ensemble
2026-05-02,51,1,wk inc flu hosp,2026-05-09,quantile,0.6,16,Virginia,Ensemble
2026-05-02,51,1,wk inc flu hosp,2026-05-09,quantile,0.65,18,Virginia,Ensemble
2026-05-02,51,1,wk inc flu hosp,2026-05-09,quantile,0.7,20,Virginia,Ensemble
2026-05-02,51,1,wk inc flu hosp,2026-05-09,quantile,0.75,21,Virginia,Ensemble
2026-05-02,51,1,wk inc flu hosp,2026-05-09,quantile,0.8,24,Virginia,Ensemble
2026-05-02,51,1,wk inc flu hosp,2026-05-09,quantile,0.85,27,Virginia,Ensemble
2026-05-02,51,1,wk inc flu hosp,2026-05-09,quantile,0.9,32,Virginia,Ensemble
2026-05-02,51,1,wk inc flu hosp,2026-05-09,quantile,0.95,42,Virginia,Ensemble
2026-05-02,51,1,wk inc flu hosp,2026-05-09,quantile,0.975,53,Virginia,Ensemble
2026-05-02,51,1,wk inc flu hosp,2026-05-09,quantile,0.99,72,Virginia,Ensemble
2026-05-02,51,2,wk inc flu hosp,2026-05-16,quantile,0.01,1,Virginia,Ensemble
2026-05-02,51,2,wk inc flu hosp,2026-05-16,quantile,0.025,2,Virginia,Ensemble
2026-05-02,51,2,wk inc flu hosp,2026-05-16,quantile,0.05,3,Virginia,Ensemble
2026-05-02,51,2,wk inc flu hosp,2026-05-16,quantile,0.1,4,Virginia,Ensemble
2026-05-02,51,2,wk inc flu hosp,2026-05-16,quantile,0.15,5,Virginia,Ensemble
2026-05-02,51,2,wk inc flu hosp,2026-05-16,quantile,0.2,6,Virginia,Ensemble
2026-05-02,51,2,wk inc flu hosp,2026-05-16,quantile,0.25,7,Virginia,Ensemble
2026-05-02,51,2,wk inc flu hosp,2026-05-16,quantile,0.3,8,Virginia,Ensemble
2026-05-02,51,2,wk inc flu hosp,2026-05-16,quantile,0.35,9,Virginia,Ensemble
2026-05-02,51,2,wk inc flu hosp,2026-05-16,quantile,0.4,9,Virginia,Ensemble
2026-05-02,51,2,wk inc flu hosp,2026-05-16,quantile,0.45,10,Virginia,Ensemble
2026-05-02,51,2,wk inc flu hosp,2026-05-16,quantile,0.5,12,Virginia,Ensemble
2026-05-02,51,2,wk inc flu hosp,2026-05-16,quantile,0.55,14,Virginia,Ensemble
2026-05-02,51,2,wk inc flu hosp,2026-05-16,quantile,0.6,15,Virginia,Ensemble
2026-05-02,51,2,wk inc flu hosp,2026-05-16,quantile,0.65,17,Virginia,Ensemble
2026-05-02,51,2,wk inc flu hosp,2026-05-16,quantile,0.7,19,Virginia,Ensemble
2026-05-02,51,2,wk inc flu hosp,2026-05-16,quantile,0.75,21,Virginia,Ensemble
2026-05-02,51,2,wk inc flu hosp,2026-05-16,quantile,0.8,24,Virginia,Ensemble
2026-05-02,51,2,wk inc flu hosp,2026-05-16,quantile,0.85,28,Virginia,Ensemble
2026-05-02,51,2,wk inc flu hosp,2026-05-16,quantile,0.9,35,Virginia,Ensemble
2026-05-02,51,2,wk inc flu hosp,2026-05-16,quantile,0.95,49,Virginia,Ensemble
2026-05-02,51,2,wk inc flu hosp,2026-05-16,quantile,0.975,65,Virginia,Ensemble
2026-05-02,51,2,wk inc flu hosp,2026-05-16,quantile,0.99,91,Virginia,Ensemble
2026-05-02,51,3,wk inc flu hosp,2026-05-23,quantile,0.01,1,Virginia,Ensemble
2026-05-02,51,3,wk inc flu hosp,2026-05-23,quantile,0.025,1,Virginia,Ensemble
2026-05-02,51,3,wk inc flu hosp,2026-05-23,quantile,0.05,2,Virginia,Ensemble
2026-05-02,51,3,wk inc flu hosp,2026-05-23,quantile,0.1,3,Virginia,Ensemble
2026-05-02,51,3,wk inc flu hosp,2026-05-23,quantile,0.15,4,Virginia,Ensemble
2026-05-02,51,3,wk inc flu hosp,2026-05-23,quantile,0.2,5,Virginia,Ensemble
2026-05-02,51,3,wk inc flu hosp,2026-05-23,quantile,0.25,6,Virginia,Ensemble
2026-05-02,51,3,wk inc flu hosp,2026-05-23,quantile,0.3,6,Virginia,Ensemble
2026-05-02,51,3,wk inc flu hosp,2026-05-23,quantile,0.35,7,Virginia,Ensemble
2026-05-02,51,3,wk inc flu hosp,2026-05-23,quantile,0.4,8,Virginia,Ensemble
2026-05-02,51,3,wk inc flu hosp,2026-05-23,quantile,0.45,9,Virginia,Ensemble
2026-05-02,51,3,wk inc flu hosp,2026-05-23,quantile,0.5,11,Virginia,Ensemble
2026-05-02,51,3,wk inc flu hosp,2026-05-23,quantile,0.55,12,Virginia,Ensemble
2026-05-02,51,3,wk inc flu hosp,2026-05-23,quantile,0.6,13,Virginia,Ensemble
2026-05-02,51,3,wk inc flu hosp,2026-05-23,quantile,0.65,15,Virginia,Ensemble
2026-05-02,51,3,wk inc flu hosp,2026-05-23,quantile,0.7,17,Virginia,Ensemble
2026-05-02,51,3,wk inc flu hosp,2026-05-23,quantile,0.75,19,Virginia,Ensemble
2026-05-02,51,3,wk inc flu hosp,2026-05-23,quantile,0.8,23,Virginia,Ensemble
2026-05-02,51,3,wk inc flu hosp,2026-05-23,quantile,0.85,28,Virginia,Ensemble
2026-05-02,51,3,wk inc flu hosp,2026-05-23,quantile,0.9,36,Virginia,Ensemble
2026-05-02,51,3,wk inc flu hosp,2026-05-23,quantile,0.95,51,Virginia,Ensemble
2026-05-02,51,3,wk inc flu hosp,2026-05-23,quantile,0.975,72,Virginia,Ensemble
2026-05-02,51,3,wk inc flu hosp,2026-05-23,quantile,0.99,104,Virginia,Ensemble
2026-05-02,53,0,wk inc flu hosp,2026-05-02,quantile,0.01,9,Washington,Ensemble
2026-05-02,53,0,wk inc flu hosp,2026-05-02,quantile,0.025,11,Washington,Ensemble
2026-05-02,53,0,wk inc flu hosp,2026-05-02,quantile,0.05,14,Washington,Ensemble
2026-05-02,53,0,wk inc flu hosp,2026-05-02,quantile,0.1,17,Washington,Ensemble
2026-05-02,53,0,wk inc flu hosp,2026-05-02,quantile,0.15,19,Washington,Ensemble
2026-05-02,53,0,wk inc flu hosp,2026-05-02,quantile,0.2,21,Washington,Ensemble
2026-05-02,53,0,wk inc flu hosp,2026-05-02,quantile,0.25,22,Washington,Ensemble
2026-05-02,53,0,wk inc flu hosp,2026-05-02,quantile,0.3,24,Washington,Ensemble
2026-05-02,53,0,wk inc flu hosp,2026-05-02,quantile,0.35,25,Washington,Ensemble
2026-05-02,53,0,wk inc flu hosp,2026-05-02,quantile,0.4,27,Washington,Ensemble
2026-05-02,53,0,wk inc flu hosp,2026-05-02,quantile,0.45,28,Washington,Ensemble
2026-05-02,53,0,wk inc flu hosp,2026-05-02,quantile,0.5,31,Washington,Ensemble
2026-05-02,53,0,wk inc flu hosp,2026-05-02,quantile,0.55,32,Washington,Ensemble
2026-05-02,53,0,wk inc flu hosp,2026-05-02,quantile,0.6,33,Washington,Ensemble
2026-05-02,53,0,wk inc flu hosp,2026-05-02,quantile,0.65,35,Washington,Ensemble
2026-05-02,53,0,wk inc flu hosp,2026-05-02,quantile,0.7,37,Washington,Ensemble
2026-05-02,53,0,wk inc flu hosp,2026-05-02,quantile,0.75,39,Washington,Ensemble
2026-05-02,53,0,wk inc flu hosp,2026-05-02,quantile,0.8,41,Washington,Ensemble
2026-05-02,53,0,wk inc flu hosp,2026-05-02,quantile,0.85,44,Washington,Ensemble
2026-05-02,53,0,wk inc flu hosp,2026-05-02,quantile,0.9,48,Washington,Ensemble
2026-05-02,53,0,wk inc flu hosp,2026-05-02,quantile,0.95,55,Washington,Ensemble
2026-05-02,53,0,wk inc flu hosp,2026-05-02,quantile,0.975,65,Washington,Ensemble
2026-05-02,53,0,wk inc flu hosp,2026-05-02,quantile,0.99,86,Washington,Ensemble
2026-05-02,53,1,wk inc flu hosp,2026-05-09,quantile,0.01,6,Washington,Ensemble
2026-05-02,53,1,wk inc flu hosp,2026-05-09,quantile,0.025,7,Washington,Ensemble
2026-05-02,53,1,wk inc flu hosp,2026-05-09,quantile,0.05,9,Washington,Ensemble
2026-05-02,53,1,wk inc flu hosp,2026-05-09,quantile,0.1,12,Washington,Ensemble
2026-05-02,53,1,wk inc flu hosp,2026-05-09,quantile,0.15,14,Washington,Ensemble
2026-05-02,53,1,wk inc flu hosp,2026-05-09,quantile,0.2,15,Washington,Ensemble
2026-05-02,53,1,wk inc flu hosp,2026-05-09,quantile,0.25,17,Washington,Ensemble
2026-05-02,53,1,wk inc flu hosp,2026-05-09,quantile,0.3,18,Washington,Ensemble
2026-05-02,53,1,wk inc flu hosp,2026-05-09,quantile,0.35,20,Washington,Ensemble
2026-05-02,53,1,wk inc flu hosp,2026-05-09,quantile,0.4,21,Washington,Ensemble
2026-05-02,53,1,wk inc flu hosp,2026-05-09,quantile,0.45,23,Washington,Ensemble
2026-05-02,53,1,wk inc flu hosp,2026-05-09,quantile,0.5,25,Washington,Ensemble
2026-05-02,53,1,wk inc flu hosp,2026-05-09,quantile,0.55,27,Washington,Ensemble
2026-05-02,53,1,wk inc flu hosp,2026-05-09,quantile,0.6,28,Washington,Ensemble
2026-05-02,53,1,wk inc flu hosp,2026-05-09,quantile,0.65,30,Washington,Ensemble
2026-05-02,53,1,wk inc flu hosp,2026-05-09,quantile,0.7,32,Washington,Ensemble
2026-05-02,53,1,wk inc flu hosp,2026-05-09,quantile,0.75,35,Washington,Ensemble
2026-05-02,53,1,wk inc flu hosp,2026-05-09,quantile,0.8,38,Washington,Ensemble
2026-05-02,53,1,wk inc flu hosp,2026-05-09,quantile,0.85,41,Washington,Ensemble
2026-05-02,53,1,wk inc flu hosp,2026-05-09,quantile,0.9,47,Washington,Ensemble
2026-05-02,53,1,wk inc flu hosp,2026-05-09,quantile,0.95,58,Washington,Ensemble
2026-05-02,53,1,wk inc flu hosp,2026-05-09,quantile,0.975,75,Washington,Ensemble
2026-05-02,53,1,wk inc flu hosp,2026-05-09,quantile,0.99,93,Washington,Ensemble
2026-05-02,53,2,wk inc flu hosp,2026-05-16,quantile,0.01,4,Washington,Ensemble
2026-05-02,53,2,wk inc flu hosp,2026-05-16,quantile,0.025,5,Washington,Ensemble
2026-05-02,53,2,wk inc flu hosp,2026-05-16,quantile,0.05,6,Washington,Ensemble
2026-05-02,53,2,wk inc flu hosp,2026-05-16,quantile,0.1,7,Washington,Ensemble
2026-05-02,53,2,wk inc flu hosp,2026-05-16,quantile,0.15,10,Washington,Ensemble
2026-05-02,53,2,wk inc flu hosp,2026-05-16,quantile,0.2,11,Washington,Ensemble
2026-05-02,53,2,wk inc flu hosp,2026-05-16,quantile,0.25,13,Washington,Ensemble
2026-05-02,53,2,wk inc flu hosp,2026-05-16,quantile,0.3,14,Washington,Ensemble
2026-05-02,53,2,wk inc flu hosp,2026-05-16,quantile,0.35,15,Washington,Ensemble
2026-05-02,53,2,wk inc flu hosp,2026-05-16,quantile,0.4,17,Washington,Ensemble
2026-05-02,53,2,wk inc flu hosp,2026-05-16,quantile,0.45,18,Washington,Ensemble
2026-05-02,53,2,wk inc flu hosp,2026-05-16,quantile,0.5,21,Washington,Ensemble
2026-05-02,53,2,wk inc flu hosp,2026-05-16,quantile,0.55,22,Washington,Ensemble
2026-05-02,53,2,wk inc flu hosp,2026-05-16,quantile,0.6,24,Washington,Ensemble
2026-05-02,53,2,wk inc flu hosp,2026-05-16,quantile,0.65,26,Washington,Ensemble
2026-05-02,53,2,wk inc flu hosp,2026-05-16,quantile,0.7,29,Washington,Ensemble
2026-05-02,53,2,wk inc flu hosp,2026-05-16,quantile,0.75,32,Washington,Ensemble
2026-05-02,53,2,wk inc flu hosp,2026-05-16,quantile,0.8,35,Washington,Ensemble
2026-05-02,53,2,wk inc flu hosp,2026-05-16,quantile,0.85,40,Washington,Ensemble
2026-05-02,53,2,wk inc flu hosp,2026-05-16,quantile,0.9,47,Washington,Ensemble
2026-05-02,53,2,wk inc flu hosp,2026-05-16,quantile,0.95,64,Washington,Ensemble
2026-05-02,53,2,wk inc flu hosp,2026-05-16,quantile,0.975,81,Washington,Ensemble
2026-05-02,53,2,wk inc flu hosp,2026-05-16,quantile,0.99,102,Washington,Ensemble
2026-05-02,53,3,wk inc flu hosp,2026-05-23,quantile,0.01,3,Washington,Ensemble
2026-05-02,53,3,wk inc flu hosp,2026-05-23,quantile,0.025,4,Washington,Ensemble
2026-05-02,53,3,wk inc flu hosp,2026-05-23,quantile,0.05,5,Washington,Ensemble
2026-05-02,53,3,wk inc flu hosp,2026-05-23,quantile,0.1,6,Washington,Ensemble
2026-05-02,53,3,wk inc flu hosp,2026-05-23,quantile,0.15,8,Washington,Ensemble
2026-05-02,53,3,wk inc flu hosp,2026-05-23,quantile,0.2,10,Washington,Ensemble
2026-05-02,53,3,wk inc flu hosp,2026-05-23,quantile,0.25,11,Washington,Ensemble
2026-05-02,53,3,wk inc flu hosp,2026-05-23,quantile,0.3,12,Washington,Ensemble
2026-05-02,53,3,wk inc flu hosp,2026-05-23,quantile,0.35,14,Washington,Ensemble
2026-05-02,53,3,wk inc flu hosp,2026-05-23,quantile,0.4,15,Washington,Ensemble
2026-05-02,53,3,wk inc flu hosp,2026-05-23,quantile,0.45,16,Washington,Ensemble
2026-05-02,53,3,wk inc flu hosp,2026-05-23,quantile,0.5,19,Washington,Ensemble
2026-05-02,53,3,wk inc flu hosp,2026-05-23,quantile,0.55,21,Washington,Ensemble
2026-05-02,53,3,wk inc flu hosp,2026-05-23,quantile,0.6,22,Washington,Ensemble
2026-05-02,53,3,wk inc flu hosp,2026-05-23,quantile,0.65,25,Washington,Ensemble
2026-05-02,53,3,wk inc flu hosp,2026-05-23,quantile,0.7,27,Washington,Ensemble
2026-05-02,53,3,wk inc flu hosp,2026-05-23,quantile,0.75,31,Washington,Ensemble
2026-05-02,53,3,wk inc flu hosp,2026-05-23,quantile,0.8,35,Washington,Ensemble
2026-05-02,53,3,wk inc flu hosp,2026-05-23,quantile,0.85,41,Washington,Ensemble
2026-05-02,53,3,wk inc flu hosp,2026-05-23,quantile,0.9,50,Washington,Ensemble
2026-05-02,53,3,wk inc flu hosp,2026-05-23,quantile,0.95,70,Washington,Ensemble
2026-05-02,53,3,wk inc flu hosp,2026-05-23,quantile,0.975,89,Washington,Ensemble
2026-05-02,53,3,wk inc flu hosp,2026-05-23,quantile,0.99,115,Washington,Ensemble
2026-05-02,54,0,wk inc flu hosp,2026-05-02,quantile,0.01,1,West Virginia,Ensemble
2026-05-02,54,0,wk inc flu hosp,2026-05-02,quantile,0.025,2,West Virginia,Ensemble
2026-05-02,54,0,wk inc flu hosp,2026-05-02,quantile,0.05,3,West Virginia,Ensemble
2026-05-02,54,0,wk inc flu hosp,2026-05-02,quantile,0.1,4,West Virginia,Ensemble
2026-05-02,54,0,wk inc flu hosp,2026-05-02,quantile,0.15,5,West Virginia,Ensemble
2026-05-02,54,0,wk inc flu hosp,2026-05-02,quantile,0.2,5,West Virginia,Ensemble
2026-05-02,54,0,wk inc flu hosp,2026-05-02,quantile,0.25,6,West Virginia,Ensemble
2026-05-02,54,0,wk inc flu hosp,2026-05-02,quantile,0.3,7,West Virginia,Ensemble
2026-05-02,54,0,wk inc flu hosp,2026-05-02,quantile,0.35,7,West Virginia,Ensemble
2026-05-02,54,0,wk inc flu hosp,2026-05-02,quantile,0.4,8,West Virginia,Ensemble
2026-05-02,54,0,wk inc flu hosp,2026-05-02,quantile,0.45,9,West Virginia,Ensemble
2026-05-02,54,0,wk inc flu hosp,2026-05-02,quantile,0.5,11,West Virginia,Ensemble
2026-05-02,54,0,wk inc flu hosp,2026-05-02,quantile,0.55,11,West Virginia,Ensemble
2026-05-02,54,0,wk inc flu hosp,2026-05-02,quantile,0.6,12,West Virginia,Ensemble
2026-05-02,54,0,wk inc flu hosp,2026-05-02,quantile,0.65,13,West Virginia,Ensemble
2026-05-02,54,0,wk inc flu hosp,2026-05-02,quantile,0.7,14,West Virginia,Ensemble
2026-05-02,54,0,wk inc flu hosp,2026-05-02,quantile,0.75,15,West Virginia,Ensemble
2026-05-02,54,0,wk inc flu hosp,2026-05-02,quantile,0.8,17,West Virginia,Ensemble
2026-05-02,54,0,wk inc flu hosp,2026-05-02,quantile,0.85,19,West Virginia,Ensemble
2026-05-02,54,0,wk inc flu hosp,2026-05-02,quantile,0.9,21,West Virginia,Ensemble
2026-05-02,54,0,wk inc flu hosp,2026-05-02,quantile,0.95,26,West Virginia,Ensemble
2026-05-02,54,0,wk inc flu hosp,2026-05-02,quantile,0.975,30,West Virginia,Ensemble
2026-05-02,54,0,wk inc flu hosp,2026-05-02,quantile,0.99,39,West Virginia,Ensemble
2026-05-02,54,1,wk inc flu hosp,2026-05-09,quantile,0.01,0,West Virginia,Ensemble
2026-05-02,54,1,wk inc flu hosp,2026-05-09,quantile,0.025,0,West Virginia,Ensemble
2026-05-02,54,1,wk inc flu hosp,2026-05-09,quantile,0.05,1,West Virginia,Ensemble
2026-05-02,54,1,wk inc flu hosp,2026-05-09,quantile,0.1,2,West Virginia,Ensemble
2026-05-02,54,1,wk inc flu hosp,2026-05-09,quantile,0.15,2,West Virginia,Ensemble
2026-05-02,54,1,wk inc flu hosp,2026-05-09,quantile,0.2,3,West Virginia,Ensemble
2026-05-02,54,1,wk inc flu hosp,2026-05-09,quantile,0.25,3,West Virginia,Ensemble
2026-05-02,54,1,wk inc flu hosp,2026-05-09,quantile,0.3,4,West Virginia,Ensemble
2026-05-02,54,1,wk inc flu hosp,2026-05-09,quantile,0.35,4,West Virginia,Ensemble
2026-05-02,54,1,wk inc flu hosp,2026-05-09,quantile,0.4,5,West Virginia,Ensemble
2026-05-02,54,1,wk inc flu hosp,2026-05-09,quantile,0.45,6,West Virginia,Ensemble
2026-05-02,54,1,wk inc flu hosp,2026-05-09,quantile,0.5,8,West Virginia,Ensemble
2026-05-02,54,1,wk inc flu hosp,2026-05-09,quantile,0.55,8,West Virginia,Ensemble
2026-05-02,54,1,wk inc flu hosp,2026-05-09,quantile,0.6,9,West Virginia,Ensemble
2026-05-02,54,1,wk inc flu hosp,2026-05-09,quantile,0.65,10,West Virginia,Ensemble
2026-05-02,54,1,wk inc flu hosp,2026-05-09,quantile,0.7,11,West Virginia,Ensemble
2026-05-02,54,1,wk inc flu hosp,2026-05-09,quantile,0.75,12,West Virginia,Ensemble
2026-05-02,54,1,wk inc flu hosp,2026-05-09,quantile,0.8,14,West Virginia,Ensemble
2026-05-02,54,1,wk inc flu hosp,2026-05-09,quantile,0.85,16,West Virginia,Ensemble
2026-05-02,54,1,wk inc flu hosp,2026-05-09,quantile,0.9,19,West Virginia,Ensemble
2026-05-02,54,1,wk inc flu hosp,2026-05-09,quantile,0.95,24,West Virginia,Ensemble
2026-05-02,54,1,wk inc flu hosp,2026-05-09,quantile,0.975,30,West Virginia,Ensemble
2026-05-02,54,1,wk inc flu hosp,2026-05-09,quantile,0.99,40,West Virginia,Ensemble
2026-05-02,54,2,wk inc flu hosp,2026-05-16,quantile,0.01,0,West Virginia,Ensemble
2026-05-02,54,2,wk inc flu hosp,2026-05-16,quantile,0.025,0,West Virginia,Ensemble
2026-05-02,54,2,wk inc flu hosp,2026-05-16,quantile,0.05,0,West Virginia,Ensemble
2026-05-02,54,2,wk inc flu hosp,2026-05-16,quantile,0.1,1,West Virginia,Ensemble
2026-05-02,54,2,wk inc flu hosp,2026-05-16,quantile,0.15,1,West Virginia,Ensemble
2026-05-02,54,2,wk inc flu hosp,2026-05-16,quantile,0.2,2,West Virginia,Ensemble
2026-05-02,54,2,wk inc flu hosp,2026-05-16,quantile,0.25,2,West Virginia,Ensemble
2026-05-02,54,2,wk inc flu hosp,2026-05-16,quantile,0.3,2,West Virginia,Ensemble
2026-05-02,54,2,wk inc flu hosp,2026-05-16,quantile,0.35,3,West Virginia,Ensemble
2026-05-02,54,2,wk inc flu hosp,2026-05-16,quantile,0.4,3,West Virginia,Ensemble
2026-05-02,54,2,wk inc flu hosp,2026-05-16,quantile,0.45,4,West Virginia,Ensemble
2026-05-02,54,2,wk inc flu hosp,2026-05-16,quantile,0.5,5,West Virginia,Ensemble
2026-05-02,54,2,wk inc flu hosp,2026-05-16,quantile,0.55,6,West Virginia,Ensemble
2026-05-02,54,2,wk inc flu hosp,2026-05-16,quantile,0.6,7,West Virginia,Ensemble
2026-05-02,54,2,wk inc flu hosp,2026-05-16,quantile,0.65,8,West Virginia,Ensemble
2026-05-02,54,2,wk inc flu hosp,2026-05-16,quantile,0.7,9,West Virginia,Ensemble
2026-05-02,54,2,wk inc flu hosp,2026-05-16,quantile,0.75,10,West Virginia,Ensemble
2026-05-02,54,2,wk inc flu hosp,2026-05-16,quantile,0.8,12,West Virginia,Ensemble
2026-05-02,54,2,wk inc flu hosp,2026-05-16,quantile,0.85,14,West Virginia,Ensemble
2026-05-02,54,2,wk inc flu hosp,2026-05-16,quantile,0.9,17,West Virginia,Ensemble
2026-05-02,54,2,wk inc flu hosp,2026-05-16,quantile,0.95,23,West Virginia,Ensemble
2026-05-02,54,2,wk inc flu hosp,2026-05-16,quantile,0.975,31,West Virginia,Ensemble
2026-05-02,54,2,wk inc flu hosp,2026-05-16,quantile,0.99,40,West Virginia,Ensemble
2026-05-02,54,3,wk inc flu hosp,2026-05-23,quantile,0.01,0,West Virginia,Ensemble
2026-05-02,54,3,wk inc flu hosp,2026-05-23,quantile,0.025,0,West Virginia,Ensemble
2026-05-02,54,3,wk inc flu hosp,2026-05-23,quantile,0.05,0,West Virginia,Ensemble
2026-05-02,54,3,wk inc flu hosp,2026-05-23,quantile,0.1,0,West Virginia,Ensemble
2026-05-02,54,3,wk inc flu hosp,2026-05-23,quantile,0.15,1,West Virginia,Ensemble
2026-05-02,54,3,wk inc flu hosp,2026-05-23,quantile,0.2,1,West Virginia,Ensemble
2026-05-02,54,3,wk inc flu hosp,2026-05-23,quantile,0.25,1,West Virginia,Ensemble
2026-05-02,54,3,wk inc flu hosp,2026-05-23,quantile,0.3,2,West Virginia,Ensemble
2026-05-02,54,3,wk inc flu hosp,2026-05-23,quantile,0.35,2,West Virginia,Ensemble
2026-05-02,54,3,wk inc flu hosp,2026-05-23,quantile,0.4,2,West Virginia,Ensemble
2026-05-02,54,3,wk inc flu hosp,2026-05-23,quantile,0.45,3,West Virginia,Ensemble
2026-05-02,54,3,wk inc flu hosp,2026-05-23,quantile,0.5,4,West Virginia,Ensemble
2026-05-02,54,3,wk inc flu hosp,2026-05-23,quantile,0.55,5,West Virginia,Ensemble
2026-05-02,54,3,wk inc flu hosp,2026-05-23,quantile,0.6,6,West Virginia,Ensemble
2026-05-02,54,3,wk inc flu hosp,2026-05-23,quantile,0.65,6,West Virginia,Ensemble
2026-05-02,54,3,wk inc flu hosp,2026-05-23,quantile,0.7,7,West Virginia,Ensemble
2026-05-02,54,3,wk inc flu hosp,2026-05-23,quantile,0.75,8,West Virginia,Ensemble
2026-05-02,54,3,wk inc flu hosp,2026-05-23,quantile,0.8,10,West Virginia,Ensemble
2026-05-02,54,3,wk inc flu hosp,2026-05-23,quantile,0.85,12,West Virginia,Ensemble
2026-05-02,54,3,wk inc flu hosp,2026-05-23,quantile,0.9,16,West Virginia,Ensemble
2026-05-02,54,3,wk inc flu hosp,2026-05-23,quantile,0.95,23,West Virginia,Ensemble
2026-05-02,54,3,wk inc flu hosp,2026-05-23,quantile,0.975,31,West Virginia,Ensemble
2026-05-02,54,3,wk inc flu hosp,2026-05-23,quantile,0.99,42,West Virginia,Ensemble
2026-05-02,55,0,wk inc flu hosp,2026-05-02,quantile,0.01,3,Wisconsin,Ensemble
2026-05-02,55,0,wk inc flu hosp,2026-05-02,quantile,0.025,4,Wisconsin,Ensemble
2026-05-02,55,0,wk inc flu hosp,2026-05-02,quantile,0.05,5,Wisconsin,Ensemble
2026-05-02,55,0,wk inc flu hosp,2026-05-02,quantile,0.1,7,Wisconsin,Ensemble
2026-05-02,55,0,wk inc flu hosp,2026-05-02,quantile,0.15,8,Wisconsin,Ensemble
2026-05-02,55,0,wk inc flu hosp,2026-05-02,quantile,0.2,10,Wisconsin,Ensemble
2026-05-02,55,0,wk inc flu hosp,2026-05-02,quantile,0.25,11,Wisconsin,Ensemble
2026-05-02,55,0,wk inc flu hosp,2026-05-02,quantile,0.3,12,Wisconsin,Ensemble
2026-05-02,55,0,wk inc flu hosp,2026-05-02,quantile,0.35,13,Wisconsin,Ensemble
2026-05-02,55,0,wk inc flu hosp,2026-05-02,quantile,0.4,14,Wisconsin,Ensemble
2026-05-02,55,0,wk inc flu hosp,2026-05-02,quantile,0.45,15,Wisconsin,Ensemble
2026-05-02,55,0,wk inc flu hosp,2026-05-02,quantile,0.5,17,Wisconsin,Ensemble
2026-05-02,55,0,wk inc flu hosp,2026-05-02,quantile,0.55,18,Wisconsin,Ensemble
2026-05-02,55,0,wk inc flu hosp,2026-05-02,quantile,0.6,19,Wisconsin,Ensemble
2026-05-02,55,0,wk inc flu hosp,2026-05-02,quantile,0.65,21,Wisconsin,Ensemble
2026-05-02,55,0,wk inc flu hosp,2026-05-02,quantile,0.7,23,Wisconsin,Ensemble
2026-05-02,55,0,wk inc flu hosp,2026-05-02,quantile,0.75,25,Wisconsin,Ensemble
2026-05-02,55,0,wk inc flu hosp,2026-05-02,quantile,0.8,27,Wisconsin,Ensemble
2026-05-02,55,0,wk inc flu hosp,2026-05-02,quantile,0.85,30,Wisconsin,Ensemble
2026-05-02,55,0,wk inc flu hosp,2026-05-02,quantile,0.9,34,Wisconsin,Ensemble
2026-05-02,55,0,wk inc flu hosp,2026-05-02,quantile,0.95,42,Wisconsin,Ensemble
2026-05-02,55,0,wk inc flu hosp,2026-05-02,quantile,0.975,50,Wisconsin,Ensemble
2026-05-02,55,0,wk inc flu hosp,2026-05-02,quantile,0.99,62,Wisconsin,Ensemble
2026-05-02,55,1,wk inc flu hosp,2026-05-09,quantile,0.01,1,Wisconsin,Ensemble
2026-05-02,55,1,wk inc flu hosp,2026-05-09,quantile,0.025,2,Wisconsin,Ensemble
2026-05-02,55,1,wk inc flu hosp,2026-05-09,quantile,0.05,2,Wisconsin,Ensemble
2026-05-02,55,1,wk inc flu hosp,2026-05-09,quantile,0.1,4,Wisconsin,Ensemble
2026-05-02,55,1,wk inc flu hosp,2026-05-09,quantile,0.15,5,Wisconsin,Ensemble
2026-05-02,55,1,wk inc flu hosp,2026-05-09,quantile,0.2,6,Wisconsin,Ensemble
2026-05-02,55,1,wk inc flu hosp,2026-05-09,quantile,0.25,7,Wisconsin,Ensemble
2026-05-02,55,1,wk inc flu hosp,2026-05-09,quantile,0.3,7,Wisconsin,Ensemble
2026-05-02,55,1,wk inc flu hosp,2026-05-09,quantile,0.35,8,Wisconsin,Ensemble
2026-05-02,55,1,wk inc flu hosp,2026-05-09,quantile,0.4,9,Wisconsin,Ensemble
2026-05-02,55,1,wk inc flu hosp,2026-05-09,quantile,0.45,10,Wisconsin,Ensemble
2026-05-02,55,1,wk inc flu hosp,2026-05-09,quantile,0.5,12,Wisconsin,Ensemble
2026-05-02,55,1,wk inc flu hosp,2026-05-09,quantile,0.55,13,Wisconsin,Ensemble
2026-05-02,55,1,wk inc flu hosp,2026-05-09,quantile,0.6,15,Wisconsin,Ensemble
2026-05-02,55,1,wk inc flu hosp,2026-05-09,quantile,0.65,16,Wisconsin,Ensemble
2026-05-02,55,1,wk inc flu hosp,2026-05-09,quantile,0.7,18,Wisconsin,Ensemble
2026-05-02,55,1,wk inc flu hosp,2026-05-09,quantile,0.75,21,Wisconsin,Ensemble
2026-05-02,55,1,wk inc flu hosp,2026-05-09,quantile,0.8,23,Wisconsin,Ensemble
2026-05-02,55,1,wk inc flu hosp,2026-05-09,quantile,0.85,27,Wisconsin,Ensemble
2026-05-02,55,1,wk inc flu hosp,2026-05-09,quantile,0.9,33,Wisconsin,Ensemble
2026-05-02,55,1,wk inc flu hosp,2026-05-09,quantile,0.95,43,Wisconsin,Ensemble
2026-05-02,55,1,wk inc flu hosp,2026-05-09,quantile,0.975,53,Wisconsin,Ensemble
2026-05-02,55,1,wk inc flu hosp,2026-05-09,quantile,0.99,68,Wisconsin,Ensemble
2026-05-02,55,2,wk inc flu hosp,2026-05-16,quantile,0.01,1,Wisconsin,Ensemble
2026-05-02,55,2,wk inc flu hosp,2026-05-16,quantile,0.025,1,Wisconsin,Ensemble
2026-05-02,55,2,wk inc flu hosp,2026-05-16,quantile,0.05,2,Wisconsin,Ensemble
2026-05-02,55,2,wk inc flu hosp,2026-05-16,quantile,0.1,2,Wisconsin,Ensemble
2026-05-02,55,2,wk inc flu hosp,2026-05-16,quantile,0.15,3,Wisconsin,Ensemble
2026-05-02,55,2,wk inc flu hosp,2026-05-16,quantile,0.2,4,Wisconsin,Ensemble
2026-05-02,55,2,wk inc flu hosp,2026-05-16,quantile,0.25,5,Wisconsin,Ensemble
2026-05-02,55,2,wk inc flu hosp,2026-05-16,quantile,0.3,6,Wisconsin,Ensemble
2026-05-02,55,2,wk inc flu hosp,2026-05-16,quantile,0.35,6,Wisconsin,Ensemble
2026-05-02,55,2,wk inc flu hosp,2026-05-16,quantile,0.4,7,Wisconsin,Ensemble
2026-05-02,55,2,wk inc flu hosp,2026-05-16,quantile,0.45,8,Wisconsin,Ensemble
2026-05-02,55,2,wk inc flu hosp,2026-05-16,quantile,0.5,10,Wisconsin,Ensemble
2026-05-02,55,2,wk inc flu hosp,2026-05-16,quantile,0.55,11,Wisconsin,Ensemble
2026-05-02,55,2,wk inc flu hosp,2026-05-16,quantile,0.6,13,Wisconsin,Ensemble
2026-05-02,55,2,wk inc flu hosp,2026-05-16,quantile,0.65,14,Wisconsin,Ensemble
2026-05-02,55,2,wk inc flu hosp,2026-05-16,quantile,0.7,17,Wisconsin,Ensemble
2026-05-02,55,2,wk inc flu hosp,2026-05-16,quantile,0.75,19,Wisconsin,Ensemble
2026-05-02,55,2,wk inc flu hosp,2026-05-16,quantile,0.8,22,Wisconsin,Ensemble
2026-05-02,55,2,wk inc flu hosp,2026-05-16,quantile,0.85,26,Wisconsin,Ensemble
2026-05-02,55,2,wk inc flu hosp,2026-05-16,quantile,0.9,33,Wisconsin,Ensemble
2026-05-02,55,2,wk inc flu hosp,2026-05-16,quantile,0.95,46,Wisconsin,Ensemble
2026-05-02,55,2,wk inc flu hosp,2026-05-16,quantile,0.975,60,Wisconsin,Ensemble
2026-05-02,55,2,wk inc flu hosp,2026-05-16,quantile,0.99,81,Wisconsin,Ensemble
2026-05-02,55,3,wk inc flu hosp,2026-05-23,quantile,0.01,0,Wisconsin,Ensemble
2026-05-02,55,3,wk inc flu hosp,2026-05-23,quantile,0.025,1,Wisconsin,Ensemble
2026-05-02,55,3,wk inc flu hosp,2026-05-23,quantile,0.05,1,Wisconsin,Ensemble
2026-05-02,55,3,wk inc flu hosp,2026-05-23,quantile,0.1,2,Wisconsin,Ensemble
2026-05-02,55,3,wk inc flu hosp,2026-05-23,quantile,0.15,2,Wisconsin,Ensemble
2026-05-02,55,3,wk inc flu hosp,2026-05-23,quantile,0.2,3,Wisconsin,Ensemble
2026-05-02,55,3,wk inc flu hosp,2026-05-23,quantile,0.25,4,Wisconsin,Ensemble
2026-05-02,55,3,wk inc flu hosp,2026-05-23,quantile,0.3,4,Wisconsin,Ensemble
2026-05-02,55,3,wk inc flu hosp,2026-05-23,quantile,0.35,5,Wisconsin,Ensemble
2026-05-02,55,3,wk inc flu hosp,2026-05-23,quantile,0.4,5,Wisconsin,Ensemble
2026-05-02,55,3,wk inc flu hosp,2026-05-23,quantile,0.45,6,Wisconsin,Ensemble
2026-05-02,55,3,wk inc flu hosp,2026-05-23,quantile,0.5,8,Wisconsin,Ensemble
2026-05-02,55,3,wk inc flu hosp,2026-05-23,quantile,0.55,9,Wisconsin,Ensemble
2026-05-02,55,3,wk inc flu hosp,2026-05-23,quantile,0.6,10,Wisconsin,Ensemble
2026-05-02,55,3,wk inc flu hosp,2026-05-23,quantile,0.65,12,Wisconsin,Ensemble
2026-05-02,55,3,wk inc flu hosp,2026-05-23,quantile,0.7,14,Wisconsin,Ensemble
2026-05-02,55,3,wk inc flu hosp,2026-05-23,quantile,0.75,17,Wisconsin,Ensemble
2026-05-02,55,3,wk inc flu hosp,2026-05-23,quantile,0.8,20,Wisconsin,Ensemble
2026-05-02,55,3,wk inc flu hosp,2026-05-23,quantile,0.85,25,Wisconsin,Ensemble
2026-05-02,55,3,wk inc flu hosp,2026-05-23,quantile,0.9,33,Wisconsin,Ensemble
2026-05-02,55,3,wk inc flu hosp,2026-05-23,quantile,0.95,49,Wisconsin,Ensemble
2026-05-02,55,3,wk inc flu hosp,2026-05-23,quantile,0.975,66,Wisconsin,Ensemble
2026-05-02,55,3,wk inc flu hosp,2026-05-23,quantile,0.99,92,Wisconsin,Ensemble
2026-05-02,56,0,wk inc flu hosp,2026-05-02,quantile,0.01,0,Wyoming,Ensemble
2026-05-02,56,0,wk inc flu hosp,2026-05-02,quantile,0.025,0,Wyoming,Ensemble
2026-05-02,56,0,wk inc flu hosp,2026-05-02,quantile,0.05,0,Wyoming,Ensemble
2026-05-02,56,0,wk inc flu hosp,2026-05-02,quantile,0.1,0,Wyoming,Ensemble
2026-05-02,56,0,wk inc flu hosp,2026-05-02,quantile,0.15,0,Wyoming,Ensemble
2026-05-02,56,0,wk inc flu hosp,2026-05-02,quantile,0.2,0,Wyoming,Ensemble
2026-05-02,56,0,wk inc flu hosp,2026-05-02,quantile,0.25,0,Wyoming,Ensemble
2026-05-02,56,0,wk inc flu hosp,2026-05-02,quantile,0.3,0,Wyoming,Ensemble
2026-05-02,56,0,wk inc flu hosp,2026-05-02,quantile,0.35,0,Wyoming,Ensemble
2026-05-02,56,0,wk inc flu hosp,2026-05-02,quantile,0.4,0,Wyoming,Ensemble
2026-05-02,56,0,wk inc flu hosp,2026-05-02,quantile,0.45,0,Wyoming,Ensemble
2026-05-02,56,0,wk inc flu hosp,2026-05-02,quantile,0.5,2,Wyoming,Ensemble
2026-05-02,56,0,wk inc flu hosp,2026-05-02,quantile,0.55,2,Wyoming,Ensemble
2026-05-02,56,0,wk inc flu hosp,2026-05-02,quantile,0.6,2,Wyoming,Ensemble
2026-05-02,56,0,wk inc flu hosp,2026-05-02,quantile,0.65,2,Wyoming,Ensemble
2026-05-02,56,0,wk inc flu hosp,2026-05-02,quantile,0.7,3,Wyoming,Ensemble
2026-05-02,56,0,wk inc flu hosp,2026-05-02,quantile,0.75,3,Wyoming,Ensemble
2026-05-02,56,0,wk inc flu hosp,2026-05-02,quantile,0.8,3,Wyoming,Ensemble
2026-05-02,56,0,wk inc flu hosp,2026-05-02,quantile,0.85,4,Wyoming,Ensemble
2026-05-02,56,0,wk inc flu hosp,2026-05-02,quantile,0.9,5,Wyoming,Ensemble
2026-05-02,56,0,wk inc flu hosp,2026-05-02,quantile,0.95,6,Wyoming,Ensemble
2026-05-02,56,0,wk inc flu hosp,2026-05-02,quantile,0.975,8,Wyoming,Ensemble
2026-05-02,56,0,wk inc flu hosp,2026-05-02,quantile,0.99,11,Wyoming,Ensemble
2026-05-02,56,1,wk inc flu hosp,2026-05-09,quantile,0.01,0,Wyoming,Ensemble
2026-05-02,56,1,wk inc flu hosp,2026-05-09,quantile,0.025,0,Wyoming,Ensemble
2026-05-02,56,1,wk inc flu hosp,2026-05-09,quantile,0.05,0,Wyoming,Ensemble
2026-05-02,56,1,wk inc flu hosp,2026-05-09,quantile,0.1,0,Wyoming,Ensemble
2026-05-02,56,1,wk inc flu hosp,2026-05-09,quantile,0.15,0,Wyoming,Ensemble
2026-05-02,56,1,wk inc flu hosp,2026-05-09,quantile,0.2,0,Wyoming,Ensemble
2026-05-02,56,1,wk inc flu hosp,2026-05-09,quantile,0.25,0,Wyoming,Ensemble
2026-05-02,56,1,wk inc flu hosp,2026-05-09,quantile,0.3,0,Wyoming,Ensemble
2026-05-02,56,1,wk inc flu hosp,2026-05-09,quantile,0.35,0,Wyoming,Ensemble
2026-05-02,56,1,wk inc flu hosp,2026-05-09,quantile,0.4,0,Wyoming,Ensemble
2026-05-02,56,1,wk inc flu hosp,2026-05-09,quantile,0.45,0,Wyoming,Ensemble
2026-05-02,56,1,wk inc flu hosp,2026-05-09,quantile,0.5,1,Wyoming,Ensemble
2026-05-02,56,1,wk inc flu hosp,2026-05-09,quantile,0.55,2,Wyoming,Ensemble
2026-05-02,56,1,wk inc flu hosp,2026-05-09,quantile,0.6,2,Wyoming,Ensemble
2026-05-02,56,1,wk inc flu hosp,2026-05-09,quantile,0.65,2,Wyoming,Ensemble
2026-05-02,56,1,wk inc flu hosp,2026-05-09,quantile,0.7,2,Wyoming,Ensemble
2026-05-02,56,1,wk inc flu hosp,2026-05-09,quantile,0.75,3,Wyoming,Ensemble
2026-05-02,56,1,wk inc flu hosp,2026-05-09,quantile,0.8,3,Wyoming,Ensemble
2026-05-02,56,1,wk inc flu hosp,2026-05-09,quantile,0.85,4,Wyoming,Ensemble
2026-05-02,56,1,wk inc flu hosp,2026-05-09,quantile,0.9,5,Wyoming,Ensemble
2026-05-02,56,1,wk inc flu hosp,2026-05-09,quantile,0.95,6,Wyoming,Ensemble
2026-05-02,56,1,wk inc flu hosp,2026-05-09,quantile,0.975,8,Wyoming,Ensemble
2026-05-02,56,1,wk inc flu hosp,2026-05-09,quantile,0.99,11,Wyoming,Ensemble
2026-05-02,56,2,wk inc flu hosp,2026-05-16,quantile,0.01,0,Wyoming,Ensemble
2026-05-02,56,2,wk inc flu hosp,2026-05-16,quantile,0.025,0,Wyoming,Ensemble
2026-05-02,56,2,wk inc flu hosp,2026-05-16,quantile,0.05,0,Wyoming,Ensemble
2026-05-02,56,2,wk inc flu hosp,2026-05-16,quantile,0.1,0,Wyoming,Ensemble
2026-05-02,56,2,wk inc flu hosp,2026-05-16,quantile,0.15,0,Wyoming,Ensemble
2026-05-02,56,2,wk inc flu hosp,2026-05-16,quantile,0.2,0,Wyoming,Ensemble
2026-05-02,56,2,wk inc flu hosp,2026-05-16,quantile,0.25,0,Wyoming,Ensemble
2026-05-02,56,2,wk inc flu hosp,2026-05-16,quantile,0.3,0,Wyoming,Ensemble
2026-05-02,56,2,wk inc flu hosp,2026-05-16,quantile,0.35,0,Wyoming,Ensemble
2026-05-02,56,2,wk inc flu hosp,2026-05-16,quantile,0.4,0,Wyoming,Ensemble
2026-05-02,56,2,wk inc flu hosp,2026-05-16,quantile,0.45,0,Wyoming,Ensemble
2026-05-02,56,2,wk inc flu hosp,2026-05-16,quantile,0.5,1,Wyoming,Ensemble
2026-05-02,56,2,wk inc flu hosp,2026-05-16,quantile,0.55,1,Wyoming,Ensemble
2026-05-02,56,2,wk inc flu hosp,2026-05-16,quantile,0.6,2,Wyoming,Ensemble
2026-05-02,56,2,wk inc flu hosp,2026-05-16,quantile,0.65,2,Wyoming,Ensemble
2026-05-02,56,2,wk inc flu hosp,2026-05-16,quantile,0.7,2,Wyoming,Ensemble
2026-05-02,56,2,wk inc flu hosp,2026-05-16,quantile,0.75,3,Wyoming,Ensemble
2026-05-02,56,2,wk inc flu hosp,2026-05-16,quantile,0.8,3,Wyoming,Ensemble
2026-05-02,56,2,wk inc flu hosp,2026-05-16,quantile,0.85,4,Wyoming,Ensemble
2026-05-02,56,2,wk inc flu hosp,2026-05-16,quantile,0.9,5,Wyoming,Ensemble
2026-05-02,56,2,wk inc flu hosp,2026-05-16,quantile,0.95,7,Wyoming,Ensemble
2026-05-02,56,2,wk inc flu hosp,2026-05-16,quantile,0.975,9,Wyoming,Ensemble
2026-05-02,56,2,wk inc flu hosp,2026-05-16,quantile,0.99,14,Wyoming,Ensemble
2026-05-02,56,3,wk inc flu hosp,2026-05-23,quantile,0.01,0,Wyoming,Ensemble
2026-05-02,56,3,wk inc flu hosp,2026-05-23,quantile,0.025,0,Wyoming,Ensemble
2026-05-02,56,3,wk inc flu hosp,2026-05-23,quantile,0.05,0,Wyoming,Ensemble
2026-05-02,56,3,wk inc flu hosp,2026-05-23,quantile,0.1,0,Wyoming,Ensemble
2026-05-02,56,3,wk inc flu hosp,2026-05-23,quantile,0.15,0,Wyoming,Ensemble
2026-05-02,56,3,wk inc flu hosp,2026-05-23,quantile,0.2,0,Wyoming,Ensemble
2026-05-02,56,3,wk inc flu hosp,2026-05-23,quantile,0.25,0,Wyoming,Ensemble
2026-05-02,56,3,wk inc flu hosp,2026-05-23,quantile,0.3,0,Wyoming,Ensemble
2026-05-02,56,3,wk inc flu hosp,2026-05-23,quantile,0.35,0,Wyoming,Ensemble
2026-05-02,56,3,wk inc flu hosp,2026-05-23,quantile,0.4,0,Wyoming,Ensemble
2026-05-02,56,3,wk inc flu hosp,2026-05-23,quantile,0.45,0,Wyoming,Ensemble
2026-05-02,56,3,wk inc flu hosp,2026-05-23,quantile,0.5,1,Wyoming,Ensemble
2026-05-02,56,3,wk inc flu hosp,2026-05-23,quantile,0.55,1,Wyoming,Ensemble
2026-05-02,56,3,wk inc flu hosp,2026-05-23,quantile,0.6,1,Wyoming,Ensemble
2026-05-02,56,3,wk inc flu hosp,2026-05-23,quantile,0.65,2,Wyoming,Ensemble
2026-05-02,56,3,wk inc flu hosp,2026-05-23,quantile,0.7,2,Wyoming,Ensemble
2026-05-02,56,3,wk inc flu hosp,2026-05-23,quantile,0.75,2,Wyoming,Ensemble
2026-05-02,56,3,wk inc flu hosp,2026-05-23,quantile,0.8,3,Wyoming,Ensemble
2026-05-02,56,3,wk inc flu hosp,2026-05-23,quantile,0.85,3,Wyoming,Ensemble
2026-05-02,56,3,wk inc flu hosp,2026-05-23,quantile,0.9,4,Wyoming,Ensemble
2026-05-02,56,3,wk inc flu hosp,2026-05-23,quantile,0.95,6,Wyoming,Ensemble
2026-05-02,56,3,wk inc flu hosp,2026-05-23,quantile,0.975,10,Wyoming,Ensemble
2026-05-02,56,3,wk inc flu hosp,2026-05-23,quantile,0.99,15,Wyoming,Ensemble
2026-05-02,72,0,wk inc flu hosp,2026-05-02,quantile,0.01,21,Puerto Rico,Ensemble
2026-05-02,72,0,wk inc flu hosp,2026-05-02,quantile,0.025,26,Puerto Rico,Ensemble
2026-05-02,72,0,wk inc flu hosp,2026-05-02,quantile,0.05,32,Puerto Rico,Ensemble
2026-05-02,72,0,wk inc flu hosp,2026-05-02,quantile,0.1,38,Puerto Rico,Ensemble
2026-05-02,72,0,wk inc flu hosp,2026-05-02,quantile,0.15,43,Puerto Rico,Ensemble
2026-05-02,72,0,wk inc flu hosp,2026-05-02,quantile,0.2,47,Puerto Rico,Ensemble
2026-05-02,72,0,wk inc flu hosp,2026-05-02,quantile,0.25,50,Puerto Rico,Ensemble
2026-05-02,72,0,wk inc flu hosp,2026-05-02,quantile,0.3,54,Puerto Rico,Ensemble
2026-05-02,72,0,wk inc flu hosp,2026-05-02,quantile,0.35,57,Puerto Rico,Ensemble
2026-05-02,72,0,wk inc flu hosp,2026-05-02,quantile,0.4,61,Puerto Rico,Ensemble
2026-05-02,72,0,wk inc flu hosp,2026-05-02,quantile,0.45,64,Puerto Rico,Ensemble
2026-05-02,72,0,wk inc flu hosp,2026-05-02,quantile,0.5,68,Puerto Rico,Ensemble
2026-05-02,72,0,wk inc flu hosp,2026-05-02,quantile,0.55,72,Puerto Rico,Ensemble
2026-05-02,72,0,wk inc flu hosp,2026-05-02,quantile,0.6,76,Puerto Rico,Ensemble
2026-05-02,72,0,wk inc flu hosp,2026-05-02,quantile,0.65,80,Puerto Rico,Ensemble
2026-05-02,72,0,wk inc flu hosp,2026-05-02,quantile,0.7,85,Puerto Rico,Ensemble
2026-05-02,72,0,wk inc flu hosp,2026-05-02,quantile,0.75,90,Puerto Rico,Ensemble
2026-05-02,72,0,wk inc flu hosp,2026-05-02,quantile,0.8,97,Puerto Rico,Ensemble
2026-05-02,72,0,wk inc flu hosp,2026-05-02,quantile,0.85,105,Puerto Rico,Ensemble
2026-05-02,72,0,wk inc flu hosp,2026-05-02,quantile,0.9,113,Puerto Rico,Ensemble
2026-05-02,72,0,wk inc flu hosp,2026-05-02,quantile,0.95,128,Puerto Rico,Ensemble
2026-05-02,72,0,wk inc flu hosp,2026-05-02,quantile,0.975,143,Puerto Rico,Ensemble
2026-05-02,72,0,wk inc flu hosp,2026-05-02,quantile,0.99,163,Puerto Rico,Ensemble
2026-05-02,72,1,wk inc flu hosp,2026-05-09,quantile,0.01,16,Puerto Rico,Ensemble
2026-05-02,72,1,wk inc flu hosp,2026-05-09,quantile,0.025,20,Puerto Rico,Ensemble
2026-05-02,72,1,wk inc flu hosp,2026-05-09,quantile,0.05,25,Puerto Rico,Ensemble
2026-05-02,72,1,wk inc flu hosp,2026-05-09,quantile,0.1,31,Puerto Rico,Ensemble
2026-05-02,72,1,wk inc flu hosp,2026-05-09,quantile,0.15,36,Puerto Rico,Ensemble
2026-05-02,72,1,wk inc flu hosp,2026-05-09,quantile,0.2,41,Puerto Rico,Ensemble
2026-05-02,72,1,wk inc flu hosp,2026-05-09,quantile,0.25,45,Puerto Rico,Ensemble
2026-05-02,72,1,wk inc flu hosp,2026-05-09,quantile,0.3,48,Puerto Rico,Ensemble
2026-05-02,72,1,wk inc flu hosp,2026-05-09,quantile,0.35,52,Puerto Rico,Ensemble
2026-05-02,72,1,wk inc flu hosp,2026-05-09,quantile,0.4,56,Puerto Rico,Ensemble
2026-05-02,72,1,wk inc flu hosp,2026-05-09,quantile,0.45,60,Puerto Rico,Ensemble
2026-05-02,72,1,wk inc flu hosp,2026-05-09,quantile,0.5,65,Puerto Rico,Ensemble
2026-05-02,72,1,wk inc flu hosp,2026-05-09,quantile,0.55,69,Puerto Rico,Ensemble
2026-05-02,72,1,wk inc flu hosp,2026-05-09,quantile,0.6,74,Puerto Rico,Ensemble
2026-05-02,72,1,wk inc flu hosp,2026-05-09,quantile,0.65,79,Puerto Rico,Ensemble
2026-05-02,72,1,wk inc flu hosp,2026-05-09,quantile,0.7,85,Puerto Rico,Ensemble
2026-05-02,72,1,wk inc flu hosp,2026-05-09,quantile,0.75,91,Puerto Rico,Ensemble
2026-05-02,72,1,wk inc flu hosp,2026-05-09,quantile,0.8,98,Puerto Rico,Ensemble
2026-05-02,72,1,wk inc flu hosp,2026-05-09,quantile,0.85,108,Puerto Rico,Ensemble
2026-05-02,72,1,wk inc flu hosp,2026-05-09,quantile,0.9,120,Puerto Rico,Ensemble
2026-05-02,72,1,wk inc flu hosp,2026-05-09,quantile,0.95,141,Puerto Rico,Ensemble
2026-05-02,72,1,wk inc flu hosp,2026-05-09,quantile,0.975,162,Puerto Rico,Ensemble
2026-05-02,72,1,wk inc flu hosp,2026-05-09,quantile,0.99,189,Puerto Rico,Ensemble
2026-05-02,72,2,wk inc flu hosp,2026-05-16,quantile,0.01,12,Puerto Rico,Ensemble
2026-05-02,72,2,wk inc flu hosp,2026-05-16,quantile,0.025,16,Puerto Rico,Ensemble
2026-05-02,72,2,wk inc flu hosp,2026-05-16,quantile,0.05,19,Puerto Rico,Ensemble
2026-05-02,72,2,wk inc flu hosp,2026-05-16,quantile,0.1,25,Puerto Rico,Ensemble
2026-05-02,72,2,wk inc flu hosp,2026-05-16,quantile,0.15,30,Puerto Rico,Ensemble
2026-05-02,72,2,wk inc flu hosp,2026-05-16,quantile,0.2,34,Puerto Rico,Ensemble
2026-05-02,72,2,wk inc flu hosp,2026-05-16,quantile,0.25,37,Puerto Rico,Ensemble
2026-05-02,72,2,wk inc flu hosp,2026-05-16,quantile,0.3,41,Puerto Rico,Ensemble
2026-05-02,72,2,wk inc flu hosp,2026-05-16,quantile,0.35,45,Puerto Rico,Ensemble
2026-05-02,72,2,wk inc flu hosp,2026-05-16,quantile,0.4,49,Puerto Rico,Ensemble
2026-05-02,72,2,wk inc flu hosp,2026-05-16,quantile,0.45,53,Puerto Rico,Ensemble
2026-05-02,72,2,wk inc flu hosp,2026-05-16,quantile,0.5,59,Puerto Rico,Ensemble
2026-05-02,72,2,wk inc flu hosp,2026-05-16,quantile,0.55,63,Puerto Rico,Ensemble
2026-05-02,72,2,wk inc flu hosp,2026-05-16,quantile,0.6,68,Puerto Rico,Ensemble
2026-05-02,72,2,wk inc flu hosp,2026-05-16,quantile,0.65,74,Puerto Rico,Ensemble
2026-05-02,72,2,wk inc flu hosp,2026-05-16,quantile,0.7,80,Puerto Rico,Ensemble
2026-05-02,72,2,wk inc flu hosp,2026-05-16,quantile,0.75,87,Puerto Rico,Ensemble
2026-05-02,72,2,wk inc flu hosp,2026-05-16,quantile,0.8,96,Puerto Rico,Ensemble
2026-05-02,72,2,wk inc flu hosp,2026-05-16,quantile,0.85,107,Puerto Rico,Ensemble
2026-05-02,72,2,wk inc flu hosp,2026-05-16,quantile,0.9,121,Puerto Rico,Ensemble
2026-05-02,72,2,wk inc flu hosp,2026-05-16,quantile,0.95,148,Puerto Rico,Ensemble
2026-05-02,72,2,wk inc flu hosp,2026-05-16,quantile,0.975,174,Puerto Rico,Ensemble
2026-05-02,72,2,wk inc flu hosp,2026-05-16,quantile,0.99,210,Puerto Rico,Ensemble
2026-05-02,72,3,wk inc flu hosp,2026-05-23,quantile,0.01,10,Puerto Rico,Ensemble
2026-05-02,72,3,wk inc flu hosp,2026-05-23,quantile,0.025,13,Puerto Rico,Ensemble
2026-05-02,72,3,wk inc flu hosp,2026-05-23,quantile,0.05,17,Puerto Rico,Ensemble
2026-05-02,72,3,wk inc flu hosp,2026-05-23,quantile,0.1,22,Puerto Rico,Ensemble
2026-05-02,72,3,wk inc flu hosp,2026-05-23,quantile,0.15,26,Puerto Rico,Ensemble
2026-05-02,72,3,wk inc flu hosp,2026-05-23,quantile,0.2,29,Puerto Rico,Ensemble
2026-05-02,72,3,wk inc flu hosp,2026-05-23,quantile,0.25,33,Puerto Rico,Ensemble
2026-05-02,72,3,wk inc flu hosp,2026-05-23,quantile,0.3,37,Puerto Rico,Ensemble
2026-05-02,72,3,wk inc flu hosp,2026-05-23,quantile,0.35,41,Puerto Rico,Ensemble
2026-05-02,72,3,wk inc flu hosp,2026-05-23,quantile,0.4,45,Puerto Rico,Ensemble
2026-05-02,72,3,wk inc flu hosp,2026-05-23,quantile,0.45,49,Puerto Rico,Ensemble
2026-05-02,72,3,wk inc flu hosp,2026-05-23,quantile,0.5,54,Puerto Rico,Ensemble
2026-05-02,72,3,wk inc flu hosp,2026-05-23,quantile,0.55,59,Puerto Rico,Ensemble
2026-05-02,72,3,wk inc flu hosp,2026-05-23,quantile,0.6,64,Puerto Rico,Ensemble
2026-05-02,72,3,wk inc flu hosp,2026-05-23,quantile,0.65,69,Puerto Rico,Ensemble
2026-05-02,72,3,wk inc flu hosp,2026-05-23,quantile,0.7,76,Puerto Rico,Ensemble
2026-05-02,72,3,wk inc flu hosp,2026-05-23,quantile,0.75,83,Puerto Rico,Ensemble
2026-05-02,72,3,wk inc flu hosp,2026-05-23,quantile,0.8,92,Puerto Rico,Ensemble
2026-05-02,72,3,wk inc flu hosp,2026-05-23,quantile,0.85,103,Puerto Rico,Ensemble
2026-05-02,72,3,wk inc flu hosp,2026-05-23,quantile,0.9,121,Puerto Rico,Ensemble
2026-05-02,72,3,wk inc flu hosp,2026-05-23,quantile,0.95,155,Puerto Rico,Ensemble
2026-05-02,72,3,wk inc flu hosp,2026-05-23,quantile,0.975,187,Puerto Rico,Ensemble
2026-05-02,72,3,wk inc flu hosp,2026-05-23,quantile,0.99,232,Puerto Rico,Ensemble
2026-05-02,US,0,wk inc flu hosp,2026-05-02,quantile,0.01,594,US,Ensemble
2026-05-02,US,0,wk inc flu hosp,2026-05-02,quantile,0.025,684,US,Ensemble
2026-05-02,US,0,wk inc flu hosp,2026-05-02,quantile,0.05,777,US,Ensemble
2026-05-02,US,0,wk inc flu hosp,2026-05-02,quantile,0.1,900,US,Ensemble
2026-05-02,US,0,wk inc flu hosp,2026-05-02,quantile,0.15,986,US,Ensemble
2026-05-02,US,0,wk inc flu hosp,2026-05-02,quantile,0.2,1058,US,Ensemble
2026-05-02,US,0,wk inc flu hosp,2026-05-02,quantile,0.25,1119,US,Ensemble
2026-05-02,US,0,wk inc flu hosp,2026-05-02,quantile,0.3,1178,US,Ensemble
2026-05-02,US,0,wk inc flu hosp,2026-05-02,quantile,0.35,1235,US,Ensemble
2026-05-02,US,0,wk inc flu hosp,2026-05-02,quantile,0.4,1288,US,Ensemble
2026-05-02,US,0,wk inc flu hosp,2026-05-02,quantile,0.45,1339,US,Ensemble
2026-05-02,US,0,wk inc flu hosp,2026-05-02,quantile,0.5,1389,US,Ensemble
2026-05-02,US,0,wk inc flu hosp,2026-05-02,quantile,0.55,1435,US,Ensemble
2026-05-02,US,0,wk inc flu hosp,2026-05-02,quantile,0.6,1486,US,Ensemble
2026-05-02,US,0,wk inc flu hosp,2026-05-02,quantile,0.65,1542,US,Ensemble
2026-05-02,US,0,wk inc flu hosp,2026-05-02,quantile,0.7,1602,US,Ensemble
2026-05-02,US,0,wk inc flu hosp,2026-05-02,quantile,0.75,1669,US,Ensemble
2026-05-02,US,0,wk inc flu hosp,2026-05-02,quantile,0.8,1757,US,Ensemble
2026-05-02,US,0,wk inc flu hosp,2026-05-02,quantile,0.85,1859,US,Ensemble
2026-05-02,US,0,wk inc flu hosp,2026-05-02,quantile,0.9,1997,US,Ensemble
2026-05-02,US,0,wk inc flu hosp,2026-05-02,quantile,0.95,2226,US,Ensemble
2026-05-02,US,0,wk inc flu hosp,2026-05-02,quantile,0.975,2444,US,Ensemble
2026-05-02,US,0,wk inc flu hosp,2026-05-02,quantile,0.99,2734,US,Ensemble
2026-05-02,US,1,wk inc flu hosp,2026-05-09,quantile,0.01,383,US,Ensemble
2026-05-02,US,1,wk inc flu hosp,2026-05-09,quantile,0.025,469,US,Ensemble
2026-05-02,US,1,wk inc flu hosp,2026-05-09,quantile,0.05,551,US,Ensemble
2026-05-02,US,1,wk inc flu hosp,2026-05-09,quantile,0.1,659,US,Ensemble
2026-05-02,US,1,wk inc flu hosp,2026-05-09,quantile,0.15,740,US,Ensemble
2026-05-02,US,1,wk inc flu hosp,2026-05-09,quantile,0.2,815,US,Ensemble
2026-05-02,US,1,wk inc flu hosp,2026-05-09,quantile,0.25,886,US,Ensemble
2026-05-02,US,1,wk inc flu hosp,2026-05-09,quantile,0.3,948,US,Ensemble
2026-05-02,US,1,wk inc flu hosp,2026-05-09,quantile,0.35,1006,US,Ensemble
2026-05-02,US,1,wk inc flu hosp,2026-05-09,quantile,0.4,1067,US,Ensemble
2026-05-02,US,1,wk inc flu hosp,2026-05-09,quantile,0.45,1128,US,Ensemble
2026-05-02,US,1,wk inc flu hosp,2026-05-09,quantile,0.5,1190,US,Ensemble
2026-05-02,US,1,wk inc flu hosp,2026-05-09,quantile,0.55,1251,US,Ensemble
2026-05-02,US,1,wk inc flu hosp,2026-05-09,quantile,0.6,1320,US,Ensemble
2026-05-02,US,1,wk inc flu hosp,2026-05-09,quantile,0.65,1393,US,Ensemble
2026-05-02,US,1,wk inc flu hosp,2026-05-09,quantile,0.7,1477,US,Ensemble
2026-05-02,US,1,wk inc flu hosp,2026-05-09,quantile,0.75,1566,US,Ensemble
2026-05-02,US,1,wk inc flu hosp,2026-05-09,quantile,0.8,1682,US,Ensemble
2026-05-02,US,1,wk inc flu hosp,2026-05-09,quantile,0.85,1829,US,Ensemble
2026-05-02,US,1,wk inc flu hosp,2026-05-09,quantile,0.9,2030,US,Ensemble
2026-05-02,US,1,wk inc flu hosp,2026-05-09,quantile,0.95,2381,US,Ensemble
2026-05-02,US,1,wk inc flu hosp,2026-05-09,quantile,0.975,2750,US,Ensemble
2026-05-02,US,1,wk inc flu hosp,2026-05-09,quantile,0.99,3247,US,Ensemble
2026-05-02,US,2,wk inc flu hosp,2026-05-16,quantile,0.01,280,US,Ensemble
2026-05-02,US,2,wk inc flu hosp,2026-05-16,quantile,0.025,350,US,Ensemble
2026-05-02,US,2,wk inc flu hosp,2026-05-16,quantile,0.05,420,US,Ensemble
2026-05-02,US,2,wk inc flu hosp,2026-05-16,quantile,0.1,525,US,Ensemble
2026-05-02,US,2,wk inc flu hosp,2026-05-16,quantile,0.15,609,US,Ensemble
2026-05-02,US,2,wk inc flu hosp,2026-05-16,quantile,0.2,670,US,Ensemble
2026-05-02,US,2,wk inc flu hosp,2026-05-16,quantile,0.25,727,US,Ensemble
2026-05-02,US,2,wk inc flu hosp,2026-05-16,quantile,0.3,779,US,Ensemble
2026-05-02,US,2,wk inc flu hosp,2026-05-16,quantile,0.35,831,US,Ensemble
2026-05-02,US,2,wk inc flu hosp,2026-05-16,quantile,0.4,886,US,Ensemble
2026-05-02,US,2,wk inc flu hosp,2026-05-16,quantile,0.45,947,US,Ensemble
2026-05-02,US,2,wk inc flu hosp,2026-05-16,quantile,0.5,1011,US,Ensemble
2026-05-02,US,2,wk inc flu hosp,2026-05-16,quantile,0.55,1071,US,Ensemble
2026-05-02,US,2,wk inc flu hosp,2026-05-16,quantile,0.6,1140,US,Ensemble
2026-05-02,US,2,wk inc flu hosp,2026-05-16,quantile,0.65,1226,US,Ensemble
2026-05-02,US,2,wk inc flu hosp,2026-05-16,quantile,0.7,1318,US,Ensemble
2026-05-02,US,2,wk inc flu hosp,2026-05-16,quantile,0.75,1424,US,Ensemble
2026-05-02,US,2,wk inc flu hosp,2026-05-16,quantile,0.8,1565,US,Ensemble
2026-05-02,US,2,wk inc flu hosp,2026-05-16,quantile,0.85,1749,US,Ensemble
2026-05-02,US,2,wk inc flu hosp,2026-05-16,quantile,0.9,2027,US,Ensemble
2026-05-02,US,2,wk inc flu hosp,2026-05-16,quantile,0.95,2524,US,Ensemble
2026-05-02,US,2,wk inc flu hosp,2026-05-16,quantile,0.975,3035,US,Ensemble
2026-05-02,US,2,wk inc flu hosp,2026-05-16,quantile,0.99,3740,US,Ensemble
2026-05-02,US,3,wk inc flu hosp,2026-05-23,quantile,0.01,234,US,Ensemble
2026-05-02,US,3,wk inc flu hosp,2026-05-23,quantile,0.025,283,US,Ensemble
2026-05-02,US,3,wk inc flu hosp,2026-05-23,quantile,0.05,327,US,Ensemble
2026-05-02,US,3,wk inc flu hosp,2026-05-23,quantile,0.1,439,US,Ensemble
2026-05-02,US,3,wk inc flu hosp,2026-05-23,quantile,0.15,516,US,Ensemble
2026-05-02,US,3,wk inc flu hosp,2026-05-23,quantile,0.2,582,US,Ensemble
2026-05-02,US,3,wk inc flu hosp,2026-05-23,quantile,0.25,634,US,Ensemble
2026-05-02,US,3,wk inc flu hosp,2026-05-23,quantile,0.3,683,US,Ensemble
2026-05-02,US,3,wk inc flu hosp,2026-05-23,quantile,0.35,729,US,Ensemble
2026-05-02,US,3,wk inc flu hosp,2026-05-23,quantile,0.4,772,US,Ensemble
2026-05-02,US,3,wk inc flu hosp,2026-05-23,quantile,0.45,826,US,Ensemble
2026-05-02,US,3,wk inc flu hosp,2026-05-23,quantile,0.5,888,US,Ensemble
2026-05-02,US,3,wk inc flu hosp,2026-05-23,quantile,0.55,953,US,Ensemble
2026-05-02,US,3,wk inc flu hosp,2026-05-23,quantile,0.6,1027,US,Ensemble
2026-05-02,US,3,wk inc flu hosp,2026-05-23,quantile,0.65,1116,US,Ensemble
2026-05-02,US,3,wk inc flu hosp,2026-05-23,quantile,0.7,1219,US,Ensemble
2026-05-02,US,3,wk inc flu hosp,2026-05-23,quantile,0.75,1342,US,Ensemble
2026-05-02,US,3,wk inc flu hosp,2026-05-23,quantile,0.8,1502,US,Ensemble
2026-05-02,US,3,wk inc flu hosp,2026-05-23,quantile,0.85,1731,US,Ensemble
2026-05-02,US,3,wk inc flu hosp,2026-05-23,quantile,0.9,2065,US,Ensemble
2026-05-02,US,3,wk inc flu hosp,2026-05-23,quantile,0.95,2675,US,Ensemble
2026-05-02,US,3,wk inc flu hosp,2026-05-23,quantile,0.975,3303,US,Ensemble
2026-05-02,US,3,wk inc flu hosp,2026-05-23,quantile,0.99,4142,US,Ensemble
