reference_date,location,horizon,target,target_end_date,output_type,output_type_id,value,location_name,model_id
2026-05-23,01,0,wk inc flu hosp,2026-05-23,quantile,0.01,3,Alabama,Ensemble
2026-05-23,01,0,wk inc flu hosp,2026-05-23,quantile,0.025,5,Alabama,Ensemble
2026-05-23,01,0,wk inc flu hosp,2026-05-23,quantile,0.05,6,Alabama,Ensemble
2026-05-23,01,0,wk inc flu hosp,2026-05-23,quantile,0.1,8,Alabama,Ensemble
2026-05-23,01,0,wk inc flu hosp,2026-05-23,quantile,0.15,10,Alabama,Ensemble
2026-05-23,01,0,wk inc flu hosp,2026-05-23,quantile,0.2,11,Alabama,Ensemble
2026-05-23,01,0,wk inc flu hosp,2026-05-23,quantile,0.25,13,Alabama,Ensemble
2026-05-23,01,0,wk inc flu hosp,2026-05-23,quantile,0.3,14,Alabama,Ensemble
2026-05-23,01,0,wk inc flu hosp,2026-05-23,quantile,0.35,14,Alabama,Ensemble
2026-05-23,01,0,wk inc flu hosp,2026-05-23,quantile,0.4,16,Alabama,Ensemble
2026-05-23,01,0,wk inc flu hosp,2026-05-23,quantile,0.45,17,Alabama,Ensemble
2026-05-23,01,0,wk inc flu hosp,2026-05-23,quantile,0.5,19,Alabama,Ensemble
2026-05-23,01,0,wk inc flu hosp,2026-05-23,quantile,0.55,20,Alabama,Ensemble
2026-05-23,01,0,wk inc flu hosp,2026-05-23,quantile,0.6,21,Alabama,Ensemble
2026-05-23,01,0,wk inc flu hosp,2026-05-23,quantile,0.65,22,Alabama,Ensemble
2026-05-23,01,0,wk inc flu hosp,2026-05-23,quantile,0.7,23,Alabama,Ensemble
2026-05-23,01,0,wk inc flu hosp,2026-05-23,quantile,0.75,25,Alabama,Ensemble
2026-05-23,01,0,wk inc flu hosp,2026-05-23,quantile,0.8,27,Alabama,Ensemble
2026-05-23,01,0,wk inc flu hosp,2026-05-23,quantile,0.85,29,Alabama,Ensemble
2026-05-23,01,0,wk inc flu hosp,2026-05-23,quantile,0.9,32,Alabama,Ensemble
2026-05-23,01,0,wk inc flu hosp,2026-05-23,quantile,0.95,38,Alabama,Ensemble
2026-05-23,01,0,wk inc flu hosp,2026-05-23,quantile,0.975,48,Alabama,Ensemble
2026-05-23,01,0,wk inc flu hosp,2026-05-23,quantile,0.99,59,Alabama,Ensemble
2026-05-23,01,1,wk inc flu hosp,2026-05-30,quantile,0.01,2,Alabama,Ensemble
2026-05-23,01,1,wk inc flu hosp,2026-05-30,quantile,0.025,4,Alabama,Ensemble
2026-05-23,01,1,wk inc flu hosp,2026-05-30,quantile,0.05,5,Alabama,Ensemble
2026-05-23,01,1,wk inc flu hosp,2026-05-30,quantile,0.1,7,Alabama,Ensemble
2026-05-23,01,1,wk inc flu hosp,2026-05-30,quantile,0.15,8,Alabama,Ensemble
2026-05-23,01,1,wk inc flu hosp,2026-05-30,quantile,0.2,10,Alabama,Ensemble
2026-05-23,01,1,wk inc flu hosp,2026-05-30,quantile,0.25,11,Alabama,Ensemble
2026-05-23,01,1,wk inc flu hosp,2026-05-30,quantile,0.3,12,Alabama,Ensemble
2026-05-23,01,1,wk inc flu hosp,2026-05-30,quantile,0.35,13,Alabama,Ensemble
2026-05-23,01,1,wk inc flu hosp,2026-05-30,quantile,0.4,14,Alabama,Ensemble
2026-05-23,01,1,wk inc flu hosp,2026-05-30,quantile,0.45,15,Alabama,Ensemble
2026-05-23,01,1,wk inc flu hosp,2026-05-30,quantile,0.5,17,Alabama,Ensemble
2026-05-23,01,1,wk inc flu hosp,2026-05-30,quantile,0.55,18,Alabama,Ensemble
2026-05-23,01,1,wk inc flu hosp,2026-05-30,quantile,0.6,19,Alabama,Ensemble
2026-05-23,01,1,wk inc flu hosp,2026-05-30,quantile,0.65,20,Alabama,Ensemble
2026-05-23,01,1,wk inc flu hosp,2026-05-30,quantile,0.7,22,Alabama,Ensemble
2026-05-23,01,1,wk inc flu hosp,2026-05-30,quantile,0.75,23,Alabama,Ensemble
2026-05-23,01,1,wk inc flu hosp,2026-05-30,quantile,0.8,25,Alabama,Ensemble
2026-05-23,01,1,wk inc flu hosp,2026-05-30,quantile,0.85,28,Alabama,Ensemble
2026-05-23,01,1,wk inc flu hosp,2026-05-30,quantile,0.9,31,Alabama,Ensemble
2026-05-23,01,1,wk inc flu hosp,2026-05-30,quantile,0.95,38,Alabama,Ensemble
2026-05-23,01,1,wk inc flu hosp,2026-05-30,quantile,0.975,44,Alabama,Ensemble
2026-05-23,01,1,wk inc flu hosp,2026-05-30,quantile,0.99,54,Alabama,Ensemble
2026-05-23,01,2,wk inc flu hosp,2026-06-06,quantile,0.01,2,Alabama,Ensemble
2026-05-23,01,2,wk inc flu hosp,2026-06-06,quantile,0.025,3,Alabama,Ensemble
2026-05-23,01,2,wk inc flu hosp,2026-06-06,quantile,0.05,4,Alabama,Ensemble
2026-05-23,01,2,wk inc flu hosp,2026-06-06,quantile,0.1,6,Alabama,Ensemble
2026-05-23,01,2,wk inc flu hosp,2026-06-06,quantile,0.15,8,Alabama,Ensemble
2026-05-23,01,2,wk inc flu hosp,2026-06-06,quantile,0.2,9,Alabama,Ensemble
2026-05-23,01,2,wk inc flu hosp,2026-06-06,quantile,0.25,10,Alabama,Ensemble
2026-05-23,01,2,wk inc flu hosp,2026-06-06,quantile,0.3,11,Alabama,Ensemble
2026-05-23,01,2,wk inc flu hosp,2026-06-06,quantile,0.35,12,Alabama,Ensemble
2026-05-23,01,2,wk inc flu hosp,2026-06-06,quantile,0.4,13,Alabama,Ensemble
2026-05-23,01,2,wk inc flu hosp,2026-06-06,quantile,0.45,14,Alabama,Ensemble
2026-05-23,01,2,wk inc flu hosp,2026-06-06,quantile,0.5,16,Alabama,Ensemble
2026-05-23,01,2,wk inc flu hosp,2026-06-06,quantile,0.55,17,Alabama,Ensemble
2026-05-23,01,2,wk inc flu hosp,2026-06-06,quantile,0.6,18,Alabama,Ensemble
2026-05-23,01,2,wk inc flu hosp,2026-06-06,quantile,0.65,19,Alabama,Ensemble
2026-05-23,01,2,wk inc flu hosp,2026-06-06,quantile,0.7,21,Alabama,Ensemble
2026-05-23,01,2,wk inc flu hosp,2026-06-06,quantile,0.75,23,Alabama,Ensemble
2026-05-23,01,2,wk inc flu hosp,2026-06-06,quantile,0.8,25,Alabama,Ensemble
2026-05-23,01,2,wk inc flu hosp,2026-06-06,quantile,0.85,28,Alabama,Ensemble
2026-05-23,01,2,wk inc flu hosp,2026-06-06,quantile,0.9,32,Alabama,Ensemble
2026-05-23,01,2,wk inc flu hosp,2026-06-06,quantile,0.95,39,Alabama,Ensemble
2026-05-23,01,2,wk inc flu hosp,2026-06-06,quantile,0.975,46,Alabama,Ensemble
2026-05-23,01,2,wk inc flu hosp,2026-06-06,quantile,0.99,57,Alabama,Ensemble
2026-05-23,01,3,wk inc flu hosp,2026-06-13,quantile,0.01,1,Alabama,Ensemble
2026-05-23,01,3,wk inc flu hosp,2026-06-13,quantile,0.025,2,Alabama,Ensemble
2026-05-23,01,3,wk inc flu hosp,2026-06-13,quantile,0.05,3,Alabama,Ensemble
2026-05-23,01,3,wk inc flu hosp,2026-06-13,quantile,0.1,5,Alabama,Ensemble
2026-05-23,01,3,wk inc flu hosp,2026-06-13,quantile,0.15,7,Alabama,Ensemble
2026-05-23,01,3,wk inc flu hosp,2026-06-13,quantile,0.2,8,Alabama,Ensemble
2026-05-23,01,3,wk inc flu hosp,2026-06-13,quantile,0.25,9,Alabama,Ensemble
2026-05-23,01,3,wk inc flu hosp,2026-06-13,quantile,0.3,10,Alabama,Ensemble
2026-05-23,01,3,wk inc flu hosp,2026-06-13,quantile,0.35,11,Alabama,Ensemble
2026-05-23,01,3,wk inc flu hosp,2026-06-13,quantile,0.4,12,Alabama,Ensemble
2026-05-23,01,3,wk inc flu hosp,2026-06-13,quantile,0.45,14,Alabama,Ensemble
2026-05-23,01,3,wk inc flu hosp,2026-06-13,quantile,0.5,16,Alabama,Ensemble
2026-05-23,01,3,wk inc flu hosp,2026-06-13,quantile,0.55,17,Alabama,Ensemble
2026-05-23,01,3,wk inc flu hosp,2026-06-13,quantile,0.6,18,Alabama,Ensemble
2026-05-23,01,3,wk inc flu hosp,2026-06-13,quantile,0.65,20,Alabama,Ensemble
2026-05-23,01,3,wk inc flu hosp,2026-06-13,quantile,0.7,21,Alabama,Ensemble
2026-05-23,01,3,wk inc flu hosp,2026-06-13,quantile,0.75,23,Alabama,Ensemble
2026-05-23,01,3,wk inc flu hosp,2026-06-13,quantile,0.8,25,Alabama,Ensemble
2026-05-23,01,3,wk inc flu hosp,2026-06-13,quantile,0.85,28,Alabama,Ensemble
2026-05-23,01,3,wk inc flu hosp,2026-06-13,quantile,0.9,33,Alabama,Ensemble
2026-05-23,01,3,wk inc flu hosp,2026-06-13,quantile,0.95,43,Alabama,Ensemble
2026-05-23,01,3,wk inc flu hosp,2026-06-13,quantile,0.975,53,Alabama,Ensemble
2026-05-23,01,3,wk inc flu hosp,2026-06-13,quantile,0.99,68,Alabama,Ensemble
2026-05-23,02,0,wk inc flu hosp,2026-05-23,quantile,0.01,0,Alaska,Ensemble
2026-05-23,02,0,wk inc flu hosp,2026-05-23,quantile,0.025,0,Alaska,Ensemble
2026-05-23,02,0,wk inc flu hosp,2026-05-23,quantile,0.05,0,Alaska,Ensemble
2026-05-23,02,0,wk inc flu hosp,2026-05-23,quantile,0.1,0,Alaska,Ensemble
2026-05-23,02,0,wk inc flu hosp,2026-05-23,quantile,0.15,0,Alaska,Ensemble
2026-05-23,02,0,wk inc flu hosp,2026-05-23,quantile,0.2,0,Alaska,Ensemble
2026-05-23,02,0,wk inc flu hosp,2026-05-23,quantile,0.25,0,Alaska,Ensemble
2026-05-23,02,0,wk inc flu hosp,2026-05-23,quantile,0.3,0,Alaska,Ensemble
2026-05-23,02,0,wk inc flu hosp,2026-05-23,quantile,0.35,1,Alaska,Ensemble
2026-05-23,02,0,wk inc flu hosp,2026-05-23,quantile,0.4,1,Alaska,Ensemble
2026-05-23,02,0,wk inc flu hosp,2026-05-23,quantile,0.45,1,Alaska,Ensemble
2026-05-23,02,0,wk inc flu hosp,2026-05-23,quantile,0.5,2,Alaska,Ensemble
2026-05-23,02,0,wk inc flu hosp,2026-05-23,quantile,0.55,2,Alaska,Ensemble
2026-05-23,02,0,wk inc flu hosp,2026-05-23,quantile,0.6,2,Alaska,Ensemble
2026-05-23,02,0,wk inc flu hosp,2026-05-23,quantile,0.65,3,Alaska,Ensemble
2026-05-23,02,0,wk inc flu hosp,2026-05-23,quantile,0.7,3,Alaska,Ensemble
2026-05-23,02,0,wk inc flu hosp,2026-05-23,quantile,0.75,3,Alaska,Ensemble
2026-05-23,02,0,wk inc flu hosp,2026-05-23,quantile,0.8,4,Alaska,Ensemble
2026-05-23,02,0,wk inc flu hosp,2026-05-23,quantile,0.85,4,Alaska,Ensemble
2026-05-23,02,0,wk inc flu hosp,2026-05-23,quantile,0.9,5,Alaska,Ensemble
2026-05-23,02,0,wk inc flu hosp,2026-05-23,quantile,0.95,6,Alaska,Ensemble
2026-05-23,02,0,wk inc flu hosp,2026-05-23,quantile,0.975,7,Alaska,Ensemble
2026-05-23,02,0,wk inc flu hosp,2026-05-23,quantile,0.99,10,Alaska,Ensemble
2026-05-23,02,1,wk inc flu hosp,2026-05-30,quantile,0.01,0,Alaska,Ensemble
2026-05-23,02,1,wk inc flu hosp,2026-05-30,quantile,0.025,0,Alaska,Ensemble
2026-05-23,02,1,wk inc flu hosp,2026-05-30,quantile,0.05,0,Alaska,Ensemble
2026-05-23,02,1,wk inc flu hosp,2026-05-30,quantile,0.1,0,Alaska,Ensemble
2026-05-23,02,1,wk inc flu hosp,2026-05-30,quantile,0.15,0,Alaska,Ensemble
2026-05-23,02,1,wk inc flu hosp,2026-05-30,quantile,0.2,0,Alaska,Ensemble
2026-05-23,02,1,wk inc flu hosp,2026-05-30,quantile,0.25,0,Alaska,Ensemble
2026-05-23,02,1,wk inc flu hosp,2026-05-30,quantile,0.3,0,Alaska,Ensemble
2026-05-23,02,1,wk inc flu hosp,2026-05-30,quantile,0.35,0,Alaska,Ensemble
2026-05-23,02,1,wk inc flu hosp,2026-05-30,quantile,0.4,1,Alaska,Ensemble
2026-05-23,02,1,wk inc flu hosp,2026-05-30,quantile,0.45,1,Alaska,Ensemble
2026-05-23,02,1,wk inc flu hosp,2026-05-30,quantile,0.5,2,Alaska,Ensemble
2026-05-23,02,1,wk inc flu hosp,2026-05-30,quantile,0.55,2,Alaska,Ensemble
2026-05-23,02,1,wk inc flu hosp,2026-05-30,quantile,0.6,2,Alaska,Ensemble
2026-05-23,02,1,wk inc flu hosp,2026-05-30,quantile,0.65,3,Alaska,Ensemble
2026-05-23,02,1,wk inc flu hosp,2026-05-30,quantile,0.7,3,Alaska,Ensemble
2026-05-23,02,1,wk inc flu hosp,2026-05-30,quantile,0.75,3,Alaska,Ensemble
2026-05-23,02,1,wk inc flu hosp,2026-05-30,quantile,0.8,4,Alaska,Ensemble
2026-05-23,02,1,wk inc flu hosp,2026-05-30,quantile,0.85,4,Alaska,Ensemble
2026-05-23,02,1,wk inc flu hosp,2026-05-30,quantile,0.9,5,Alaska,Ensemble
2026-05-23,02,1,wk inc flu hosp,2026-05-30,quantile,0.95,6,Alaska,Ensemble
2026-05-23,02,1,wk inc flu hosp,2026-05-30,quantile,0.975,8,Alaska,Ensemble
2026-05-23,02,1,wk inc flu hosp,2026-05-30,quantile,0.99,11,Alaska,Ensemble
2026-05-23,02,2,wk inc flu hosp,2026-06-06,quantile,0.01,0,Alaska,Ensemble
2026-05-23,02,2,wk inc flu hosp,2026-06-06,quantile,0.025,0,Alaska,Ensemble
2026-05-23,02,2,wk inc flu hosp,2026-06-06,quantile,0.05,0,Alaska,Ensemble
2026-05-23,02,2,wk inc flu hosp,2026-06-06,quantile,0.1,0,Alaska,Ensemble
2026-05-23,02,2,wk inc flu hosp,2026-06-06,quantile,0.15,0,Alaska,Ensemble
2026-05-23,02,2,wk inc flu hosp,2026-06-06,quantile,0.2,0,Alaska,Ensemble
2026-05-23,02,2,wk inc flu hosp,2026-06-06,quantile,0.25,0,Alaska,Ensemble
2026-05-23,02,2,wk inc flu hosp,2026-06-06,quantile,0.3,0,Alaska,Ensemble
2026-05-23,02,2,wk inc flu hosp,2026-06-06,quantile,0.35,1,Alaska,Ensemble
2026-05-23,02,2,wk inc flu hosp,2026-06-06,quantile,0.4,1,Alaska,Ensemble
2026-05-23,02,2,wk inc flu hosp,2026-06-06,quantile,0.45,1,Alaska,Ensemble
2026-05-23,02,2,wk inc flu hosp,2026-06-06,quantile,0.5,2,Alaska,Ensemble
2026-05-23,02,2,wk inc flu hosp,2026-06-06,quantile,0.55,2,Alaska,Ensemble
2026-05-23,02,2,wk inc flu hosp,2026-06-06,quantile,0.6,2,Alaska,Ensemble
2026-05-23,02,2,wk inc flu hosp,2026-06-06,quantile,0.65,3,Alaska,Ensemble
2026-05-23,02,2,wk inc flu hosp,2026-06-06,quantile,0.7,3,Alaska,Ensemble
2026-05-23,02,2,wk inc flu hosp,2026-06-06,quantile,0.75,3,Alaska,Ensemble
2026-05-23,02,2,wk inc flu hosp,2026-06-06,quantile,0.8,4,Alaska,Ensemble
2026-05-23,02,2,wk inc flu hosp,2026-06-06,quantile,0.85,4,Alaska,Ensemble
2026-05-23,02,2,wk inc flu hosp,2026-06-06,quantile,0.9,5,Alaska,Ensemble
2026-05-23,02,2,wk inc flu hosp,2026-06-06,quantile,0.95,7,Alaska,Ensemble
2026-05-23,02,2,wk inc flu hosp,2026-06-06,quantile,0.975,8,Alaska,Ensemble
2026-05-23,02,2,wk inc flu hosp,2026-06-06,quantile,0.99,12,Alaska,Ensemble
2026-05-23,02,3,wk inc flu hosp,2026-06-13,quantile,0.01,0,Alaska,Ensemble
2026-05-23,02,3,wk inc flu hosp,2026-06-13,quantile,0.025,0,Alaska,Ensemble
2026-05-23,02,3,wk inc flu hosp,2026-06-13,quantile,0.05,0,Alaska,Ensemble
2026-05-23,02,3,wk inc flu hosp,2026-06-13,quantile,0.1,0,Alaska,Ensemble
2026-05-23,02,3,wk inc flu hosp,2026-06-13,quantile,0.15,0,Alaska,Ensemble
2026-05-23,02,3,wk inc flu hosp,2026-06-13,quantile,0.2,0,Alaska,Ensemble
2026-05-23,02,3,wk inc flu hosp,2026-06-13,quantile,0.25,0,Alaska,Ensemble
2026-05-23,02,3,wk inc flu hosp,2026-06-13,quantile,0.3,0,Alaska,Ensemble
2026-05-23,02,3,wk inc flu hosp,2026-06-13,quantile,0.35,0,Alaska,Ensemble
2026-05-23,02,3,wk inc flu hosp,2026-06-13,quantile,0.4,0,Alaska,Ensemble
2026-05-23,02,3,wk inc flu hosp,2026-06-13,quantile,0.45,1,Alaska,Ensemble
2026-05-23,02,3,wk inc flu hosp,2026-06-13,quantile,0.5,2,Alaska,Ensemble
2026-05-23,02,3,wk inc flu hosp,2026-06-13,quantile,0.55,2,Alaska,Ensemble
2026-05-23,02,3,wk inc flu hosp,2026-06-13,quantile,0.6,2,Alaska,Ensemble
2026-05-23,02,3,wk inc flu hosp,2026-06-13,quantile,0.65,2,Alaska,Ensemble
2026-05-23,02,3,wk inc flu hosp,2026-06-13,quantile,0.7,3,Alaska,Ensemble
2026-05-23,02,3,wk inc flu hosp,2026-06-13,quantile,0.75,3,Alaska,Ensemble
2026-05-23,02,3,wk inc flu hosp,2026-06-13,quantile,0.8,3,Alaska,Ensemble
2026-05-23,02,3,wk inc flu hosp,2026-06-13,quantile,0.85,4,Alaska,Ensemble
2026-05-23,02,3,wk inc flu hosp,2026-06-13,quantile,0.9,5,Alaska,Ensemble
2026-05-23,02,3,wk inc flu hosp,2026-06-13,quantile,0.95,7,Alaska,Ensemble
2026-05-23,02,3,wk inc flu hosp,2026-06-13,quantile,0.975,10,Alaska,Ensemble
2026-05-23,02,3,wk inc flu hosp,2026-06-13,quantile,0.99,15,Alaska,Ensemble
2026-05-23,04,0,wk inc flu hosp,2026-05-23,quantile,0.01,11,Arizona,Ensemble
2026-05-23,04,0,wk inc flu hosp,2026-05-23,quantile,0.025,13,Arizona,Ensemble
2026-05-23,04,0,wk inc flu hosp,2026-05-23,quantile,0.05,17,Arizona,Ensemble
2026-05-23,04,0,wk inc flu hosp,2026-05-23,quantile,0.1,21,Arizona,Ensemble
2026-05-23,04,0,wk inc flu hosp,2026-05-23,quantile,0.15,24,Arizona,Ensemble
2026-05-23,04,0,wk inc flu hosp,2026-05-23,quantile,0.2,26,Arizona,Ensemble
2026-05-23,04,0,wk inc flu hosp,2026-05-23,quantile,0.25,28,Arizona,Ensemble
2026-05-23,04,0,wk inc flu hosp,2026-05-23,quantile,0.3,30,Arizona,Ensemble
2026-05-23,04,0,wk inc flu hosp,2026-05-23,quantile,0.35,31,Arizona,Ensemble
2026-05-23,04,0,wk inc flu hosp,2026-05-23,quantile,0.4,33,Arizona,Ensemble
2026-05-23,04,0,wk inc flu hosp,2026-05-23,quantile,0.45,35,Arizona,Ensemble
2026-05-23,04,0,wk inc flu hosp,2026-05-23,quantile,0.5,38,Arizona,Ensemble
2026-05-23,04,0,wk inc flu hosp,2026-05-23,quantile,0.55,39,Arizona,Ensemble
2026-05-23,04,0,wk inc flu hosp,2026-05-23,quantile,0.6,41,Arizona,Ensemble
2026-05-23,04,0,wk inc flu hosp,2026-05-23,quantile,0.65,43,Arizona,Ensemble
2026-05-23,04,0,wk inc flu hosp,2026-05-23,quantile,0.7,45,Arizona,Ensemble
2026-05-23,04,0,wk inc flu hosp,2026-05-23,quantile,0.75,48,Arizona,Ensemble
2026-05-23,04,0,wk inc flu hosp,2026-05-23,quantile,0.8,52,Arizona,Ensemble
2026-05-23,04,0,wk inc flu hosp,2026-05-23,quantile,0.85,56,Arizona,Ensemble
2026-05-23,04,0,wk inc flu hosp,2026-05-23,quantile,0.9,63,Arizona,Ensemble
2026-05-23,04,0,wk inc flu hosp,2026-05-23,quantile,0.95,75,Arizona,Ensemble
2026-05-23,04,0,wk inc flu hosp,2026-05-23,quantile,0.975,89,Arizona,Ensemble
2026-05-23,04,0,wk inc flu hosp,2026-05-23,quantile,0.99,111,Arizona,Ensemble
2026-05-23,04,1,wk inc flu hosp,2026-05-30,quantile,0.01,8,Arizona,Ensemble
2026-05-23,04,1,wk inc flu hosp,2026-05-30,quantile,0.025,10,Arizona,Ensemble
2026-05-23,04,1,wk inc flu hosp,2026-05-30,quantile,0.05,13,Arizona,Ensemble
2026-05-23,04,1,wk inc flu hosp,2026-05-30,quantile,0.1,17,Arizona,Ensemble
2026-05-23,04,1,wk inc flu hosp,2026-05-30,quantile,0.15,19,Arizona,Ensemble
2026-05-23,04,1,wk inc flu hosp,2026-05-30,quantile,0.2,22,Arizona,Ensemble
2026-05-23,04,1,wk inc flu hosp,2026-05-30,quantile,0.25,24,Arizona,Ensemble
2026-05-23,04,1,wk inc flu hosp,2026-05-30,quantile,0.3,26,Arizona,Ensemble
2026-05-23,04,1,wk inc flu hosp,2026-05-30,quantile,0.35,27,Arizona,Ensemble
2026-05-23,04,1,wk inc flu hosp,2026-05-30,quantile,0.4,29,Arizona,Ensemble
2026-05-23,04,1,wk inc flu hosp,2026-05-30,quantile,0.45,30,Arizona,Ensemble
2026-05-23,04,1,wk inc flu hosp,2026-05-30,quantile,0.5,33,Arizona,Ensemble
2026-05-23,04,1,wk inc flu hosp,2026-05-30,quantile,0.55,35,Arizona,Ensemble
2026-05-23,04,1,wk inc flu hosp,2026-05-30,quantile,0.6,37,Arizona,Ensemble
2026-05-23,04,1,wk inc flu hosp,2026-05-30,quantile,0.65,40,Arizona,Ensemble
2026-05-23,04,1,wk inc flu hosp,2026-05-30,quantile,0.7,42,Arizona,Ensemble
2026-05-23,04,1,wk inc flu hosp,2026-05-30,quantile,0.75,46,Arizona,Ensemble
2026-05-23,04,1,wk inc flu hosp,2026-05-30,quantile,0.8,50,Arizona,Ensemble
2026-05-23,04,1,wk inc flu hosp,2026-05-30,quantile,0.85,56,Arizona,Ensemble
2026-05-23,04,1,wk inc flu hosp,2026-05-30,quantile,0.9,64,Arizona,Ensemble
2026-05-23,04,1,wk inc flu hosp,2026-05-30,quantile,0.95,79,Arizona,Ensemble
2026-05-23,04,1,wk inc flu hosp,2026-05-30,quantile,0.975,96,Arizona,Ensemble
2026-05-23,04,1,wk inc flu hosp,2026-05-30,quantile,0.99,122,Arizona,Ensemble
2026-05-23,04,2,wk inc flu hosp,2026-06-06,quantile,0.01,6,Arizona,Ensemble
2026-05-23,04,2,wk inc flu hosp,2026-06-06,quantile,0.025,7,Arizona,Ensemble
2026-05-23,04,2,wk inc flu hosp,2026-06-06,quantile,0.05,9,Arizona,Ensemble
2026-05-23,04,2,wk inc flu hosp,2026-06-06,quantile,0.1,13,Arizona,Ensemble
2026-05-23,04,2,wk inc flu hosp,2026-06-06,quantile,0.15,16,Arizona,Ensemble
2026-05-23,04,2,wk inc flu hosp,2026-06-06,quantile,0.2,18,Arizona,Ensemble
2026-05-23,04,2,wk inc flu hosp,2026-06-06,quantile,0.25,20,Arizona,Ensemble
2026-05-23,04,2,wk inc flu hosp,2026-06-06,quantile,0.3,22,Arizona,Ensemble
2026-05-23,04,2,wk inc flu hosp,2026-06-06,quantile,0.35,23,Arizona,Ensemble
2026-05-23,04,2,wk inc flu hosp,2026-06-06,quantile,0.4,25,Arizona,Ensemble
2026-05-23,04,2,wk inc flu hosp,2026-06-06,quantile,0.45,27,Arizona,Ensemble
2026-05-23,04,2,wk inc flu hosp,2026-06-06,quantile,0.5,30,Arizona,Ensemble
2026-05-23,04,2,wk inc flu hosp,2026-06-06,quantile,0.55,31,Arizona,Ensemble
2026-05-23,04,2,wk inc flu hosp,2026-06-06,quantile,0.6,34,Arizona,Ensemble
2026-05-23,04,2,wk inc flu hosp,2026-06-06,quantile,0.65,36,Arizona,Ensemble
2026-05-23,04,2,wk inc flu hosp,2026-06-06,quantile,0.7,39,Arizona,Ensemble
2026-05-23,04,2,wk inc flu hosp,2026-06-06,quantile,0.75,43,Arizona,Ensemble
2026-05-23,04,2,wk inc flu hosp,2026-06-06,quantile,0.8,47,Arizona,Ensemble
2026-05-23,04,2,wk inc flu hosp,2026-06-06,quantile,0.85,53,Arizona,Ensemble
2026-05-23,04,2,wk inc flu hosp,2026-06-06,quantile,0.9,61,Arizona,Ensemble
2026-05-23,04,2,wk inc flu hosp,2026-06-06,quantile,0.95,78,Arizona,Ensemble
2026-05-23,04,2,wk inc flu hosp,2026-06-06,quantile,0.975,98,Arizona,Ensemble
2026-05-23,04,2,wk inc flu hosp,2026-06-06,quantile,0.99,126,Arizona,Ensemble
2026-05-23,04,3,wk inc flu hosp,2026-06-13,quantile,0.01,4,Arizona,Ensemble
2026-05-23,04,3,wk inc flu hosp,2026-06-13,quantile,0.025,6,Arizona,Ensemble
2026-05-23,04,3,wk inc flu hosp,2026-06-13,quantile,0.05,8,Arizona,Ensemble
2026-05-23,04,3,wk inc flu hosp,2026-06-13,quantile,0.1,11,Arizona,Ensemble
2026-05-23,04,3,wk inc flu hosp,2026-06-13,quantile,0.15,13,Arizona,Ensemble
2026-05-23,04,3,wk inc flu hosp,2026-06-13,quantile,0.2,15,Arizona,Ensemble
2026-05-23,04,3,wk inc flu hosp,2026-06-13,quantile,0.25,17,Arizona,Ensemble
2026-05-23,04,3,wk inc flu hosp,2026-06-13,quantile,0.3,19,Arizona,Ensemble
2026-05-23,04,3,wk inc flu hosp,2026-06-13,quantile,0.35,20,Arizona,Ensemble
2026-05-23,04,3,wk inc flu hosp,2026-06-13,quantile,0.4,22,Arizona,Ensemble
2026-05-23,04,3,wk inc flu hosp,2026-06-13,quantile,0.45,24,Arizona,Ensemble
2026-05-23,04,3,wk inc flu hosp,2026-06-13,quantile,0.5,26,Arizona,Ensemble
2026-05-23,04,3,wk inc flu hosp,2026-06-13,quantile,0.55,28,Arizona,Ensemble
2026-05-23,04,3,wk inc flu hosp,2026-06-13,quantile,0.6,30,Arizona,Ensemble
2026-05-23,04,3,wk inc flu hosp,2026-06-13,quantile,0.65,33,Arizona,Ensemble
2026-05-23,04,3,wk inc flu hosp,2026-06-13,quantile,0.7,36,Arizona,Ensemble
2026-05-23,04,3,wk inc flu hosp,2026-06-13,quantile,0.75,39,Arizona,Ensemble
2026-05-23,04,3,wk inc flu hosp,2026-06-13,quantile,0.8,44,Arizona,Ensemble
2026-05-23,04,3,wk inc flu hosp,2026-06-13,quantile,0.85,51,Arizona,Ensemble
2026-05-23,04,3,wk inc flu hosp,2026-06-13,quantile,0.9,61,Arizona,Ensemble
2026-05-23,04,3,wk inc flu hosp,2026-06-13,quantile,0.95,79,Arizona,Ensemble
2026-05-23,04,3,wk inc flu hosp,2026-06-13,quantile,0.975,101,Arizona,Ensemble
2026-05-23,04,3,wk inc flu hosp,2026-06-13,quantile,0.99,136,Arizona,Ensemble
2026-05-23,05,0,wk inc flu hosp,2026-05-23,quantile,0.01,0,Arkansas,Ensemble
2026-05-23,05,0,wk inc flu hosp,2026-05-23,quantile,0.025,1,Arkansas,Ensemble
2026-05-23,05,0,wk inc flu hosp,2026-05-23,quantile,0.05,1,Arkansas,Ensemble
2026-05-23,05,0,wk inc flu hosp,2026-05-23,quantile,0.1,2,Arkansas,Ensemble
2026-05-23,05,0,wk inc flu hosp,2026-05-23,quantile,0.15,3,Arkansas,Ensemble
2026-05-23,05,0,wk inc flu hosp,2026-05-23,quantile,0.2,3,Arkansas,Ensemble
2026-05-23,05,0,wk inc flu hosp,2026-05-23,quantile,0.25,4,Arkansas,Ensemble
2026-05-23,05,0,wk inc flu hosp,2026-05-23,quantile,0.3,4,Arkansas,Ensemble
2026-05-23,05,0,wk inc flu hosp,2026-05-23,quantile,0.35,4,Arkansas,Ensemble
2026-05-23,05,0,wk inc flu hosp,2026-05-23,quantile,0.4,5,Arkansas,Ensemble
2026-05-23,05,0,wk inc flu hosp,2026-05-23,quantile,0.45,5,Arkansas,Ensemble
2026-05-23,05,0,wk inc flu hosp,2026-05-23,quantile,0.5,7,Arkansas,Ensemble
2026-05-23,05,0,wk inc flu hosp,2026-05-23,quantile,0.55,7,Arkansas,Ensemble
2026-05-23,05,0,wk inc flu hosp,2026-05-23,quantile,0.6,8,Arkansas,Ensemble
2026-05-23,05,0,wk inc flu hosp,2026-05-23,quantile,0.65,8,Arkansas,Ensemble
2026-05-23,05,0,wk inc flu hosp,2026-05-23,quantile,0.7,9,Arkansas,Ensemble
2026-05-23,05,0,wk inc flu hosp,2026-05-23,quantile,0.75,9,Arkansas,Ensemble
2026-05-23,05,0,wk inc flu hosp,2026-05-23,quantile,0.8,10,Arkansas,Ensemble
2026-05-23,05,0,wk inc flu hosp,2026-05-23,quantile,0.85,11,Arkansas,Ensemble
2026-05-23,05,0,wk inc flu hosp,2026-05-23,quantile,0.9,13,Arkansas,Ensemble
2026-05-23,05,0,wk inc flu hosp,2026-05-23,quantile,0.95,16,Arkansas,Ensemble
2026-05-23,05,0,wk inc flu hosp,2026-05-23,quantile,0.975,20,Arkansas,Ensemble
2026-05-23,05,0,wk inc flu hosp,2026-05-23,quantile,0.99,25,Arkansas,Ensemble
2026-05-23,05,1,wk inc flu hosp,2026-05-30,quantile,0.01,0,Arkansas,Ensemble
2026-05-23,05,1,wk inc flu hosp,2026-05-30,quantile,0.025,0,Arkansas,Ensemble
2026-05-23,05,1,wk inc flu hosp,2026-05-30,quantile,0.05,1,Arkansas,Ensemble
2026-05-23,05,1,wk inc flu hosp,2026-05-30,quantile,0.1,1,Arkansas,Ensemble
2026-05-23,05,1,wk inc flu hosp,2026-05-30,quantile,0.15,2,Arkansas,Ensemble
2026-05-23,05,1,wk inc flu hosp,2026-05-30,quantile,0.2,3,Arkansas,Ensemble
2026-05-23,05,1,wk inc flu hosp,2026-05-30,quantile,0.25,3,Arkansas,Ensemble
2026-05-23,05,1,wk inc flu hosp,2026-05-30,quantile,0.3,3,Arkansas,Ensemble
2026-05-23,05,1,wk inc flu hosp,2026-05-30,quantile,0.35,4,Arkansas,Ensemble
2026-05-23,05,1,wk inc flu hosp,2026-05-30,quantile,0.4,4,Arkansas,Ensemble
2026-05-23,05,1,wk inc flu hosp,2026-05-30,quantile,0.45,5,Arkansas,Ensemble
2026-05-23,05,1,wk inc flu hosp,2026-05-30,quantile,0.5,6,Arkansas,Ensemble
2026-05-23,05,1,wk inc flu hosp,2026-05-30,quantile,0.55,7,Arkansas,Ensemble
2026-05-23,05,1,wk inc flu hosp,2026-05-30,quantile,0.6,7,Arkansas,Ensemble
2026-05-23,05,1,wk inc flu hosp,2026-05-30,quantile,0.65,8,Arkansas,Ensemble
2026-05-23,05,1,wk inc flu hosp,2026-05-30,quantile,0.7,8,Arkansas,Ensemble
2026-05-23,05,1,wk inc flu hosp,2026-05-30,quantile,0.75,9,Arkansas,Ensemble
2026-05-23,05,1,wk inc flu hosp,2026-05-30,quantile,0.8,10,Arkansas,Ensemble
2026-05-23,05,1,wk inc flu hosp,2026-05-30,quantile,0.85,12,Arkansas,Ensemble
2026-05-23,05,1,wk inc flu hosp,2026-05-30,quantile,0.9,13,Arkansas,Ensemble
2026-05-23,05,1,wk inc flu hosp,2026-05-30,quantile,0.95,17,Arkansas,Ensemble
2026-05-23,05,1,wk inc flu hosp,2026-05-30,quantile,0.975,21,Arkansas,Ensemble
2026-05-23,05,1,wk inc flu hosp,2026-05-30,quantile,0.99,27,Arkansas,Ensemble
2026-05-23,05,2,wk inc flu hosp,2026-06-06,quantile,0.01,0,Arkansas,Ensemble
2026-05-23,05,2,wk inc flu hosp,2026-06-06,quantile,0.025,0,Arkansas,Ensemble
2026-05-23,05,2,wk inc flu hosp,2026-06-06,quantile,0.05,0,Arkansas,Ensemble
2026-05-23,05,2,wk inc flu hosp,2026-06-06,quantile,0.1,1,Arkansas,Ensemble
2026-05-23,05,2,wk inc flu hosp,2026-06-06,quantile,0.15,2,Arkansas,Ensemble
2026-05-23,05,2,wk inc flu hosp,2026-06-06,quantile,0.2,2,Arkansas,Ensemble
2026-05-23,05,2,wk inc flu hosp,2026-06-06,quantile,0.25,2,Arkansas,Ensemble
2026-05-23,05,2,wk inc flu hosp,2026-06-06,quantile,0.3,3,Arkansas,Ensemble
2026-05-23,05,2,wk inc flu hosp,2026-06-06,quantile,0.35,3,Arkansas,Ensemble
2026-05-23,05,2,wk inc flu hosp,2026-06-06,quantile,0.4,4,Arkansas,Ensemble
2026-05-23,05,2,wk inc flu hosp,2026-06-06,quantile,0.45,4,Arkansas,Ensemble
2026-05-23,05,2,wk inc flu hosp,2026-06-06,quantile,0.5,6,Arkansas,Ensemble
2026-05-23,05,2,wk inc flu hosp,2026-06-06,quantile,0.55,6,Arkansas,Ensemble
2026-05-23,05,2,wk inc flu hosp,2026-06-06,quantile,0.6,7,Arkansas,Ensemble
2026-05-23,05,2,wk inc flu hosp,2026-06-06,quantile,0.65,7,Arkansas,Ensemble
2026-05-23,05,2,wk inc flu hosp,2026-06-06,quantile,0.7,8,Arkansas,Ensemble
2026-05-23,05,2,wk inc flu hosp,2026-06-06,quantile,0.75,9,Arkansas,Ensemble
2026-05-23,05,2,wk inc flu hosp,2026-06-06,quantile,0.8,10,Arkansas,Ensemble
2026-05-23,05,2,wk inc flu hosp,2026-06-06,quantile,0.85,11,Arkansas,Ensemble
2026-05-23,05,2,wk inc flu hosp,2026-06-06,quantile,0.9,14,Arkansas,Ensemble
2026-05-23,05,2,wk inc flu hosp,2026-06-06,quantile,0.95,18,Arkansas,Ensemble
2026-05-23,05,2,wk inc flu hosp,2026-06-06,quantile,0.975,23,Arkansas,Ensemble
2026-05-23,05,2,wk inc flu hosp,2026-06-06,quantile,0.99,30,Arkansas,Ensemble
2026-05-23,05,3,wk inc flu hosp,2026-06-13,quantile,0.01,0,Arkansas,Ensemble
2026-05-23,05,3,wk inc flu hosp,2026-06-13,quantile,0.025,0,Arkansas,Ensemble
2026-05-23,05,3,wk inc flu hosp,2026-06-13,quantile,0.05,0,Arkansas,Ensemble
2026-05-23,05,3,wk inc flu hosp,2026-06-13,quantile,0.1,1,Arkansas,Ensemble
2026-05-23,05,3,wk inc flu hosp,2026-06-13,quantile,0.15,1,Arkansas,Ensemble
2026-05-23,05,3,wk inc flu hosp,2026-06-13,quantile,0.2,2,Arkansas,Ensemble
2026-05-23,05,3,wk inc flu hosp,2026-06-13,quantile,0.25,2,Arkansas,Ensemble
2026-05-23,05,3,wk inc flu hosp,2026-06-13,quantile,0.3,3,Arkansas,Ensemble
2026-05-23,05,3,wk inc flu hosp,2026-06-13,quantile,0.35,3,Arkansas,Ensemble
2026-05-23,05,3,wk inc flu hosp,2026-06-13,quantile,0.4,4,Arkansas,Ensemble
2026-05-23,05,3,wk inc flu hosp,2026-06-13,quantile,0.45,4,Arkansas,Ensemble
2026-05-23,05,3,wk inc flu hosp,2026-06-13,quantile,0.5,5,Arkansas,Ensemble
2026-05-23,05,3,wk inc flu hosp,2026-06-13,quantile,0.55,6,Arkansas,Ensemble
2026-05-23,05,3,wk inc flu hosp,2026-06-13,quantile,0.6,6,Arkansas,Ensemble
2026-05-23,05,3,wk inc flu hosp,2026-06-13,quantile,0.65,7,Arkansas,Ensemble
2026-05-23,05,3,wk inc flu hosp,2026-06-13,quantile,0.7,8,Arkansas,Ensemble
2026-05-23,05,3,wk inc flu hosp,2026-06-13,quantile,0.75,9,Arkansas,Ensemble
2026-05-23,05,3,wk inc flu hosp,2026-06-13,quantile,0.8,10,Arkansas,Ensemble
2026-05-23,05,3,wk inc flu hosp,2026-06-13,quantile,0.85,12,Arkansas,Ensemble
2026-05-23,05,3,wk inc flu hosp,2026-06-13,quantile,0.9,15,Arkansas,Ensemble
2026-05-23,05,3,wk inc flu hosp,2026-06-13,quantile,0.95,20,Arkansas,Ensemble
2026-05-23,05,3,wk inc flu hosp,2026-06-13,quantile,0.975,26,Arkansas,Ensemble
2026-05-23,05,3,wk inc flu hosp,2026-06-13,quantile,0.99,37,Arkansas,Ensemble
2026-05-23,06,0,wk inc flu hosp,2026-05-23,quantile,0.01,57,California,Ensemble
2026-05-23,06,0,wk inc flu hosp,2026-05-23,quantile,0.025,69,California,Ensemble
2026-05-23,06,0,wk inc flu hosp,2026-05-23,quantile,0.05,79,California,Ensemble
2026-05-23,06,0,wk inc flu hosp,2026-05-23,quantile,0.1,94,California,Ensemble
2026-05-23,06,0,wk inc flu hosp,2026-05-23,quantile,0.15,104,California,Ensemble
2026-05-23,06,0,wk inc flu hosp,2026-05-23,quantile,0.2,112,California,Ensemble
2026-05-23,06,0,wk inc flu hosp,2026-05-23,quantile,0.25,119,California,Ensemble
2026-05-23,06,0,wk inc flu hosp,2026-05-23,quantile,0.3,125,California,Ensemble
2026-05-23,06,0,wk inc flu hosp,2026-05-23,quantile,0.35,131,California,Ensemble
2026-05-23,06,0,wk inc flu hosp,2026-05-23,quantile,0.4,136,California,Ensemble
2026-05-23,06,0,wk inc flu hosp,2026-05-23,quantile,0.45,142,California,Ensemble
2026-05-23,06,0,wk inc flu hosp,2026-05-23,quantile,0.5,148,California,Ensemble
2026-05-23,06,0,wk inc flu hosp,2026-05-23,quantile,0.55,154,California,Ensemble
2026-05-23,06,0,wk inc flu hosp,2026-05-23,quantile,0.6,160,California,Ensemble
2026-05-23,06,0,wk inc flu hosp,2026-05-23,quantile,0.65,167,California,Ensemble
2026-05-23,06,0,wk inc flu hosp,2026-05-23,quantile,0.7,174,California,Ensemble
2026-05-23,06,0,wk inc flu hosp,2026-05-23,quantile,0.75,182,California,Ensemble
2026-05-23,06,0,wk inc flu hosp,2026-05-23,quantile,0.8,192,California,Ensemble
2026-05-23,06,0,wk inc flu hosp,2026-05-23,quantile,0.85,204,California,Ensemble
2026-05-23,06,0,wk inc flu hosp,2026-05-23,quantile,0.9,221,California,Ensemble
2026-05-23,06,0,wk inc flu hosp,2026-05-23,quantile,0.95,251,California,Ensemble
2026-05-23,06,0,wk inc flu hosp,2026-05-23,quantile,0.975,283,California,Ensemble
2026-05-23,06,0,wk inc flu hosp,2026-05-23,quantile,0.99,332,California,Ensemble
2026-05-23,06,1,wk inc flu hosp,2026-05-30,quantile,0.01,46,California,Ensemble
2026-05-23,06,1,wk inc flu hosp,2026-05-30,quantile,0.025,57,California,Ensemble
2026-05-23,06,1,wk inc flu hosp,2026-05-30,quantile,0.05,67,California,Ensemble
2026-05-23,06,1,wk inc flu hosp,2026-05-30,quantile,0.1,81,California,Ensemble
2026-05-23,06,1,wk inc flu hosp,2026-05-30,quantile,0.15,90,California,Ensemble
2026-05-23,06,1,wk inc flu hosp,2026-05-30,quantile,0.2,98,California,Ensemble
2026-05-23,06,1,wk inc flu hosp,2026-05-30,quantile,0.25,105,California,Ensemble
2026-05-23,06,1,wk inc flu hosp,2026-05-30,quantile,0.3,112,California,Ensemble
2026-05-23,06,1,wk inc flu hosp,2026-05-30,quantile,0.35,118,California,Ensemble
2026-05-23,06,1,wk inc flu hosp,2026-05-30,quantile,0.4,124,California,Ensemble
2026-05-23,06,1,wk inc flu hosp,2026-05-30,quantile,0.45,130,California,Ensemble
2026-05-23,06,1,wk inc flu hosp,2026-05-30,quantile,0.5,137,California,Ensemble
2026-05-23,06,1,wk inc flu hosp,2026-05-30,quantile,0.55,144,California,Ensemble
2026-05-23,06,1,wk inc flu hosp,2026-05-30,quantile,0.6,151,California,Ensemble
2026-05-23,06,1,wk inc flu hosp,2026-05-30,quantile,0.65,159,California,Ensemble
2026-05-23,06,1,wk inc flu hosp,2026-05-30,quantile,0.7,167,California,Ensemble
2026-05-23,06,1,wk inc flu hosp,2026-05-30,quantile,0.75,176,California,Ensemble
2026-05-23,06,1,wk inc flu hosp,2026-05-30,quantile,0.8,187,California,Ensemble
2026-05-23,06,1,wk inc flu hosp,2026-05-30,quantile,0.85,201,California,Ensemble
2026-05-23,06,1,wk inc flu hosp,2026-05-30,quantile,0.9,221,California,Ensemble
2026-05-23,06,1,wk inc flu hosp,2026-05-30,quantile,0.95,257,California,Ensemble
2026-05-23,06,1,wk inc flu hosp,2026-05-30,quantile,0.975,297,California,Ensemble
2026-05-23,06,1,wk inc flu hosp,2026-05-30,quantile,0.99,359,California,Ensemble
2026-05-23,06,2,wk inc flu hosp,2026-06-06,quantile,0.01,36,California,Ensemble
2026-05-23,06,2,wk inc flu hosp,2026-06-06,quantile,0.025,45,California,Ensemble
2026-05-23,06,2,wk inc flu hosp,2026-06-06,quantile,0.05,54,California,Ensemble
2026-05-23,06,2,wk inc flu hosp,2026-06-06,quantile,0.1,65,California,Ensemble
2026-05-23,06,2,wk inc flu hosp,2026-06-06,quantile,0.15,76,California,Ensemble
2026-05-23,06,2,wk inc flu hosp,2026-06-06,quantile,0.2,83,California,Ensemble
2026-05-23,06,2,wk inc flu hosp,2026-06-06,quantile,0.25,90,California,Ensemble
2026-05-23,06,2,wk inc flu hosp,2026-06-06,quantile,0.3,96,California,Ensemble
2026-05-23,06,2,wk inc flu hosp,2026-06-06,quantile,0.35,103,California,Ensemble
2026-05-23,06,2,wk inc flu hosp,2026-06-06,quantile,0.4,109,California,Ensemble
2026-05-23,06,2,wk inc flu hosp,2026-06-06,quantile,0.45,116,California,Ensemble
2026-05-23,06,2,wk inc flu hosp,2026-06-06,quantile,0.5,123,California,Ensemble
2026-05-23,06,2,wk inc flu hosp,2026-06-06,quantile,0.55,130,California,Ensemble
2026-05-23,06,2,wk inc flu hosp,2026-06-06,quantile,0.6,137,California,Ensemble
2026-05-23,06,2,wk inc flu hosp,2026-06-06,quantile,0.65,145,California,Ensemble
2026-05-23,06,2,wk inc flu hosp,2026-06-06,quantile,0.7,154,California,Ensemble
2026-05-23,06,2,wk inc flu hosp,2026-06-06,quantile,0.75,163,California,Ensemble
2026-05-23,06,2,wk inc flu hosp,2026-06-06,quantile,0.8,176,California,Ensemble
2026-05-23,06,2,wk inc flu hosp,2026-06-06,quantile,0.85,191,California,Ensemble
2026-05-23,06,2,wk inc flu hosp,2026-06-06,quantile,0.9,215,California,Ensemble
2026-05-23,06,2,wk inc flu hosp,2026-06-06,quantile,0.95,257,California,Ensemble
2026-05-23,06,2,wk inc flu hosp,2026-06-06,quantile,0.975,303,California,Ensemble
2026-05-23,06,2,wk inc flu hosp,2026-06-06,quantile,0.99,375,California,Ensemble
2026-05-23,06,3,wk inc flu hosp,2026-06-13,quantile,0.01,29,California,Ensemble
2026-05-23,06,3,wk inc flu hosp,2026-06-13,quantile,0.025,35,California,Ensemble
2026-05-23,06,3,wk inc flu hosp,2026-06-13,quantile,0.05,45,California,Ensemble
2026-05-23,06,3,wk inc flu hosp,2026-06-13,quantile,0.1,57,California,Ensemble
2026-05-23,06,3,wk inc flu hosp,2026-06-13,quantile,0.15,66,California,Ensemble
2026-05-23,06,3,wk inc flu hosp,2026-06-13,quantile,0.2,73,California,Ensemble
2026-05-23,06,3,wk inc flu hosp,2026-06-13,quantile,0.25,80,California,Ensemble
2026-05-23,06,3,wk inc flu hosp,2026-06-13,quantile,0.3,86,California,Ensemble
2026-05-23,06,3,wk inc flu hosp,2026-06-13,quantile,0.35,93,California,Ensemble
2026-05-23,06,3,wk inc flu hosp,2026-06-13,quantile,0.4,99,California,Ensemble
2026-05-23,06,3,wk inc flu hosp,2026-06-13,quantile,0.45,106,California,Ensemble
2026-05-23,06,3,wk inc flu hosp,2026-06-13,quantile,0.5,113,California,Ensemble
2026-05-23,06,3,wk inc flu hosp,2026-06-13,quantile,0.55,120,California,Ensemble
2026-05-23,06,3,wk inc flu hosp,2026-06-13,quantile,0.6,128,California,Ensemble
2026-05-23,06,3,wk inc flu hosp,2026-06-13,quantile,0.65,137,California,Ensemble
2026-05-23,06,3,wk inc flu hosp,2026-06-13,quantile,0.7,147,California,Ensemble
2026-05-23,06,3,wk inc flu hosp,2026-06-13,quantile,0.75,159,California,Ensemble
2026-05-23,06,3,wk inc flu hosp,2026-06-13,quantile,0.8,173,California,Ensemble
2026-05-23,06,3,wk inc flu hosp,2026-06-13,quantile,0.85,191,California,Ensemble
2026-05-23,06,3,wk inc flu hosp,2026-06-13,quantile,0.9,217,California,Ensemble
2026-05-23,06,3,wk inc flu hosp,2026-06-13,quantile,0.95,270,California,Ensemble
2026-05-23,06,3,wk inc flu hosp,2026-06-13,quantile,0.975,335,California,Ensemble
2026-05-23,06,3,wk inc flu hosp,2026-06-13,quantile,0.99,435,California,Ensemble
2026-05-23,08,0,wk inc flu hosp,2026-05-23,quantile,0.01,2,Colorado,Ensemble
2026-05-23,08,0,wk inc flu hosp,2026-05-23,quantile,0.025,2,Colorado,Ensemble
2026-05-23,08,0,wk inc flu hosp,2026-05-23,quantile,0.05,3,Colorado,Ensemble
2026-05-23,08,0,wk inc flu hosp,2026-05-23,quantile,0.1,4,Colorado,Ensemble
2026-05-23,08,0,wk inc flu hosp,2026-05-23,quantile,0.15,5,Colorado,Ensemble
2026-05-23,08,0,wk inc flu hosp,2026-05-23,quantile,0.2,6,Colorado,Ensemble
2026-05-23,08,0,wk inc flu hosp,2026-05-23,quantile,0.25,7,Colorado,Ensemble
2026-05-23,08,0,wk inc flu hosp,2026-05-23,quantile,0.3,8,Colorado,Ensemble
2026-05-23,08,0,wk inc flu hosp,2026-05-23,quantile,0.35,8,Colorado,Ensemble
2026-05-23,08,0,wk inc flu hosp,2026-05-23,quantile,0.4,9,Colorado,Ensemble
2026-05-23,08,0,wk inc flu hosp,2026-05-23,quantile,0.45,10,Colorado,Ensemble
2026-05-23,08,0,wk inc flu hosp,2026-05-23,quantile,0.5,11,Colorado,Ensemble
2026-05-23,08,0,wk inc flu hosp,2026-05-23,quantile,0.55,12,Colorado,Ensemble
2026-05-23,08,0,wk inc flu hosp,2026-05-23,quantile,0.6,13,Colorado,Ensemble
2026-05-23,08,0,wk inc flu hosp,2026-05-23,quantile,0.65,13,Colorado,Ensemble
2026-05-23,08,0,wk inc flu hosp,2026-05-23,quantile,0.7,14,Colorado,Ensemble
2026-05-23,08,0,wk inc flu hosp,2026-05-23,quantile,0.75,15,Colorado,Ensemble
2026-05-23,08,0,wk inc flu hosp,2026-05-23,quantile,0.8,17,Colorado,Ensemble
2026-05-23,08,0,wk inc flu hosp,2026-05-23,quantile,0.85,19,Colorado,Ensemble
2026-05-23,08,0,wk inc flu hosp,2026-05-23,quantile,0.9,22,Colorado,Ensemble
2026-05-23,08,0,wk inc flu hosp,2026-05-23,quantile,0.95,29,Colorado,Ensemble
2026-05-23,08,0,wk inc flu hosp,2026-05-23,quantile,0.975,36,Colorado,Ensemble
2026-05-23,08,0,wk inc flu hosp,2026-05-23,quantile,0.99,46,Colorado,Ensemble
2026-05-23,08,1,wk inc flu hosp,2026-05-30,quantile,0.01,1,Colorado,Ensemble
2026-05-23,08,1,wk inc flu hosp,2026-05-30,quantile,0.025,1,Colorado,Ensemble
2026-05-23,08,1,wk inc flu hosp,2026-05-30,quantile,0.05,2,Colorado,Ensemble
2026-05-23,08,1,wk inc flu hosp,2026-05-30,quantile,0.1,3,Colorado,Ensemble
2026-05-23,08,1,wk inc flu hosp,2026-05-30,quantile,0.15,4,Colorado,Ensemble
2026-05-23,08,1,wk inc flu hosp,2026-05-30,quantile,0.2,5,Colorado,Ensemble
2026-05-23,08,1,wk inc flu hosp,2026-05-30,quantile,0.25,6,Colorado,Ensemble
2026-05-23,08,1,wk inc flu hosp,2026-05-30,quantile,0.3,6,Colorado,Ensemble
2026-05-23,08,1,wk inc flu hosp,2026-05-30,quantile,0.35,7,Colorado,Ensemble
2026-05-23,08,1,wk inc flu hosp,2026-05-30,quantile,0.4,8,Colorado,Ensemble
2026-05-23,08,1,wk inc flu hosp,2026-05-30,quantile,0.45,8,Colorado,Ensemble
2026-05-23,08,1,wk inc flu hosp,2026-05-30,quantile,0.5,10,Colorado,Ensemble
2026-05-23,08,1,wk inc flu hosp,2026-05-30,quantile,0.55,11,Colorado,Ensemble
2026-05-23,08,1,wk inc flu hosp,2026-05-30,quantile,0.6,11,Colorado,Ensemble
2026-05-23,08,1,wk inc flu hosp,2026-05-30,quantile,0.65,12,Colorado,Ensemble
2026-05-23,08,1,wk inc flu hosp,2026-05-30,quantile,0.7,13,Colorado,Ensemble
2026-05-23,08,1,wk inc flu hosp,2026-05-30,quantile,0.75,15,Colorado,Ensemble
2026-05-23,08,1,wk inc flu hosp,2026-05-30,quantile,0.8,16,Colorado,Ensemble
2026-05-23,08,1,wk inc flu hosp,2026-05-30,quantile,0.85,19,Colorado,Ensemble
2026-05-23,08,1,wk inc flu hosp,2026-05-30,quantile,0.9,23,Colorado,Ensemble
2026-05-23,08,1,wk inc flu hosp,2026-05-30,quantile,0.95,31,Colorado,Ensemble
2026-05-23,08,1,wk inc flu hosp,2026-05-30,quantile,0.975,39,Colorado,Ensemble
2026-05-23,08,1,wk inc flu hosp,2026-05-30,quantile,0.99,52,Colorado,Ensemble
2026-05-23,08,2,wk inc flu hosp,2026-06-06,quantile,0.01,1,Colorado,Ensemble
2026-05-23,08,2,wk inc flu hosp,2026-06-06,quantile,0.025,1,Colorado,Ensemble
2026-05-23,08,2,wk inc flu hosp,2026-06-06,quantile,0.05,2,Colorado,Ensemble
2026-05-23,08,2,wk inc flu hosp,2026-06-06,quantile,0.1,3,Colorado,Ensemble
2026-05-23,08,2,wk inc flu hosp,2026-06-06,quantile,0.15,3,Colorado,Ensemble
2026-05-23,08,2,wk inc flu hosp,2026-06-06,quantile,0.2,4,Colorado,Ensemble
2026-05-23,08,2,wk inc flu hosp,2026-06-06,quantile,0.25,5,Colorado,Ensemble
2026-05-23,08,2,wk inc flu hosp,2026-06-06,quantile,0.3,5,Colorado,Ensemble
2026-05-23,08,2,wk inc flu hosp,2026-06-06,quantile,0.35,6,Colorado,Ensemble
2026-05-23,08,2,wk inc flu hosp,2026-06-06,quantile,0.4,7,Colorado,Ensemble
2026-05-23,08,2,wk inc flu hosp,2026-06-06,quantile,0.45,7,Colorado,Ensemble
2026-05-23,08,2,wk inc flu hosp,2026-06-06,quantile,0.5,9,Colorado,Ensemble
2026-05-23,08,2,wk inc flu hosp,2026-06-06,quantile,0.55,10,Colorado,Ensemble
2026-05-23,08,2,wk inc flu hosp,2026-06-06,quantile,0.6,11,Colorado,Ensemble
2026-05-23,08,2,wk inc flu hosp,2026-06-06,quantile,0.65,11,Colorado,Ensemble
2026-05-23,08,2,wk inc flu hosp,2026-06-06,quantile,0.7,12,Colorado,Ensemble
2026-05-23,08,2,wk inc flu hosp,2026-06-06,quantile,0.75,13,Colorado,Ensemble
2026-05-23,08,2,wk inc flu hosp,2026-06-06,quantile,0.8,15,Colorado,Ensemble
2026-05-23,08,2,wk inc flu hosp,2026-06-06,quantile,0.85,18,Colorado,Ensemble
2026-05-23,08,2,wk inc flu hosp,2026-06-06,quantile,0.9,23,Colorado,Ensemble
2026-05-23,08,2,wk inc flu hosp,2026-06-06,quantile,0.95,32,Colorado,Ensemble
2026-05-23,08,2,wk inc flu hosp,2026-06-06,quantile,0.975,43,Colorado,Ensemble
2026-05-23,08,2,wk inc flu hosp,2026-06-06,quantile,0.99,58,Colorado,Ensemble
2026-05-23,08,3,wk inc flu hosp,2026-06-13,quantile,0.01,0,Colorado,Ensemble
2026-05-23,08,3,wk inc flu hosp,2026-06-13,quantile,0.025,0,Colorado,Ensemble
2026-05-23,08,3,wk inc flu hosp,2026-06-13,quantile,0.05,1,Colorado,Ensemble
2026-05-23,08,3,wk inc flu hosp,2026-06-13,quantile,0.1,2,Colorado,Ensemble
2026-05-23,08,3,wk inc flu hosp,2026-06-13,quantile,0.15,2,Colorado,Ensemble
2026-05-23,08,3,wk inc flu hosp,2026-06-13,quantile,0.2,3,Colorado,Ensemble
2026-05-23,08,3,wk inc flu hosp,2026-06-13,quantile,0.25,4,Colorado,Ensemble
2026-05-23,08,3,wk inc flu hosp,2026-06-13,quantile,0.3,5,Colorado,Ensemble
2026-05-23,08,3,wk inc flu hosp,2026-06-13,quantile,0.35,5,Colorado,Ensemble
2026-05-23,08,3,wk inc flu hosp,2026-06-13,quantile,0.4,6,Colorado,Ensemble
2026-05-23,08,3,wk inc flu hosp,2026-06-13,quantile,0.45,6,Colorado,Ensemble
2026-05-23,08,3,wk inc flu hosp,2026-06-13,quantile,0.5,8,Colorado,Ensemble
2026-05-23,08,3,wk inc flu hosp,2026-06-13,quantile,0.55,9,Colorado,Ensemble
2026-05-23,08,3,wk inc flu hosp,2026-06-13,quantile,0.6,9,Colorado,Ensemble
2026-05-23,08,3,wk inc flu hosp,2026-06-13,quantile,0.65,10,Colorado,Ensemble
2026-05-23,08,3,wk inc flu hosp,2026-06-13,quantile,0.7,11,Colorado,Ensemble
2026-05-23,08,3,wk inc flu hosp,2026-06-13,quantile,0.75,13,Colorado,Ensemble
2026-05-23,08,3,wk inc flu hosp,2026-06-13,quantile,0.8,15,Colorado,Ensemble
2026-05-23,08,3,wk inc flu hosp,2026-06-13,quantile,0.85,19,Colorado,Ensemble
2026-05-23,08,3,wk inc flu hosp,2026-06-13,quantile,0.9,26,Colorado,Ensemble
2026-05-23,08,3,wk inc flu hosp,2026-06-13,quantile,0.95,40,Colorado,Ensemble
2026-05-23,08,3,wk inc flu hosp,2026-06-13,quantile,0.975,54,Colorado,Ensemble
2026-05-23,08,3,wk inc flu hosp,2026-06-13,quantile,0.99,74,Colorado,Ensemble
2026-05-23,09,0,wk inc flu hosp,2026-05-23,quantile,0.01,0,Connecticut,Ensemble
2026-05-23,09,0,wk inc flu hosp,2026-05-23,quantile,0.025,0,Connecticut,Ensemble
2026-05-23,09,0,wk inc flu hosp,2026-05-23,quantile,0.05,1,Connecticut,Ensemble
2026-05-23,09,0,wk inc flu hosp,2026-05-23,quantile,0.1,2,Connecticut,Ensemble
2026-05-23,09,0,wk inc flu hosp,2026-05-23,quantile,0.15,2,Connecticut,Ensemble
2026-05-23,09,0,wk inc flu hosp,2026-05-23,quantile,0.2,3,Connecticut,Ensemble
2026-05-23,09,0,wk inc flu hosp,2026-05-23,quantile,0.25,3,Connecticut,Ensemble
2026-05-23,09,0,wk inc flu hosp,2026-05-23,quantile,0.3,4,Connecticut,Ensemble
2026-05-23,09,0,wk inc flu hosp,2026-05-23,quantile,0.35,4,Connecticut,Ensemble
2026-05-23,09,0,wk inc flu hosp,2026-05-23,quantile,0.4,4,Connecticut,Ensemble
2026-05-23,09,0,wk inc flu hosp,2026-05-23,quantile,0.45,5,Connecticut,Ensemble
2026-05-23,09,0,wk inc flu hosp,2026-05-23,quantile,0.5,6,Connecticut,Ensemble
2026-05-23,09,0,wk inc flu hosp,2026-05-23,quantile,0.55,7,Connecticut,Ensemble
2026-05-23,09,0,wk inc flu hosp,2026-05-23,quantile,0.6,7,Connecticut,Ensemble
2026-05-23,09,0,wk inc flu hosp,2026-05-23,quantile,0.65,8,Connecticut,Ensemble
2026-05-23,09,0,wk inc flu hosp,2026-05-23,quantile,0.7,8,Connecticut,Ensemble
2026-05-23,09,0,wk inc flu hosp,2026-05-23,quantile,0.75,9,Connecticut,Ensemble
2026-05-23,09,0,wk inc flu hosp,2026-05-23,quantile,0.8,10,Connecticut,Ensemble
2026-05-23,09,0,wk inc flu hosp,2026-05-23,quantile,0.85,11,Connecticut,Ensemble
2026-05-23,09,0,wk inc flu hosp,2026-05-23,quantile,0.9,13,Connecticut,Ensemble
2026-05-23,09,0,wk inc flu hosp,2026-05-23,quantile,0.95,18,Connecticut,Ensemble
2026-05-23,09,0,wk inc flu hosp,2026-05-23,quantile,0.975,24,Connecticut,Ensemble
2026-05-23,09,0,wk inc flu hosp,2026-05-23,quantile,0.99,30,Connecticut,Ensemble
2026-05-23,09,1,wk inc flu hosp,2026-05-30,quantile,0.01,0,Connecticut,Ensemble
2026-05-23,09,1,wk inc flu hosp,2026-05-30,quantile,0.025,0,Connecticut,Ensemble
2026-05-23,09,1,wk inc flu hosp,2026-05-30,quantile,0.05,1,Connecticut,Ensemble
2026-05-23,09,1,wk inc flu hosp,2026-05-30,quantile,0.1,2,Connecticut,Ensemble
2026-05-23,09,1,wk inc flu hosp,2026-05-30,quantile,0.15,2,Connecticut,Ensemble
2026-05-23,09,1,wk inc flu hosp,2026-05-30,quantile,0.2,2,Connecticut,Ensemble
2026-05-23,09,1,wk inc flu hosp,2026-05-30,quantile,0.25,3,Connecticut,Ensemble
2026-05-23,09,1,wk inc flu hosp,2026-05-30,quantile,0.3,3,Connecticut,Ensemble
2026-05-23,09,1,wk inc flu hosp,2026-05-30,quantile,0.35,4,Connecticut,Ensemble
2026-05-23,09,1,wk inc flu hosp,2026-05-30,quantile,0.4,4,Connecticut,Ensemble
2026-05-23,09,1,wk inc flu hosp,2026-05-30,quantile,0.45,5,Connecticut,Ensemble
2026-05-23,09,1,wk inc flu hosp,2026-05-30,quantile,0.5,6,Connecticut,Ensemble
2026-05-23,09,1,wk inc flu hosp,2026-05-30,quantile,0.55,6,Connecticut,Ensemble
2026-05-23,09,1,wk inc flu hosp,2026-05-30,quantile,0.6,7,Connecticut,Ensemble
2026-05-23,09,1,wk inc flu hosp,2026-05-30,quantile,0.65,7,Connecticut,Ensemble
2026-05-23,09,1,wk inc flu hosp,2026-05-30,quantile,0.7,8,Connecticut,Ensemble
2026-05-23,09,1,wk inc flu hosp,2026-05-30,quantile,0.75,9,Connecticut,Ensemble
2026-05-23,09,1,wk inc flu hosp,2026-05-30,quantile,0.8,10,Connecticut,Ensemble
2026-05-23,09,1,wk inc flu hosp,2026-05-30,quantile,0.85,11,Connecticut,Ensemble
2026-05-23,09,1,wk inc flu hosp,2026-05-30,quantile,0.9,15,Connecticut,Ensemble
2026-05-23,09,1,wk inc flu hosp,2026-05-30,quantile,0.95,21,Connecticut,Ensemble
2026-05-23,09,1,wk inc flu hosp,2026-05-30,quantile,0.975,28,Connecticut,Ensemble
2026-05-23,09,1,wk inc flu hosp,2026-05-30,quantile,0.99,37,Connecticut,Ensemble
2026-05-23,09,2,wk inc flu hosp,2026-06-06,quantile,0.01,0,Connecticut,Ensemble
2026-05-23,09,2,wk inc flu hosp,2026-06-06,quantile,0.025,0,Connecticut,Ensemble
2026-05-23,09,2,wk inc flu hosp,2026-06-06,quantile,0.05,1,Connecticut,Ensemble
2026-05-23,09,2,wk inc flu hosp,2026-06-06,quantile,0.1,1,Connecticut,Ensemble
2026-05-23,09,2,wk inc flu hosp,2026-06-06,quantile,0.15,2,Connecticut,Ensemble
2026-05-23,09,2,wk inc flu hosp,2026-06-06,quantile,0.2,2,Connecticut,Ensemble
2026-05-23,09,2,wk inc flu hosp,2026-06-06,quantile,0.25,3,Connecticut,Ensemble
2026-05-23,09,2,wk inc flu hosp,2026-06-06,quantile,0.3,3,Connecticut,Ensemble
2026-05-23,09,2,wk inc flu hosp,2026-06-06,quantile,0.35,4,Connecticut,Ensemble
2026-05-23,09,2,wk inc flu hosp,2026-06-06,quantile,0.4,4,Connecticut,Ensemble
2026-05-23,09,2,wk inc flu hosp,2026-06-06,quantile,0.45,4,Connecticut,Ensemble
2026-05-23,09,2,wk inc flu hosp,2026-06-06,quantile,0.5,6,Connecticut,Ensemble
2026-05-23,09,2,wk inc flu hosp,2026-06-06,quantile,0.55,6,Connecticut,Ensemble
2026-05-23,09,2,wk inc flu hosp,2026-06-06,quantile,0.6,6,Connecticut,Ensemble
2026-05-23,09,2,wk inc flu hosp,2026-06-06,quantile,0.65,7,Connecticut,Ensemble
2026-05-23,09,2,wk inc flu hosp,2026-06-06,quantile,0.7,8,Connecticut,Ensemble
2026-05-23,09,2,wk inc flu hosp,2026-06-06,quantile,0.75,8,Connecticut,Ensemble
2026-05-23,09,2,wk inc flu hosp,2026-06-06,quantile,0.8,10,Connecticut,Ensemble
2026-05-23,09,2,wk inc flu hosp,2026-06-06,quantile,0.85,12,Connecticut,Ensemble
2026-05-23,09,2,wk inc flu hosp,2026-06-06,quantile,0.9,16,Connecticut,Ensemble
2026-05-23,09,2,wk inc flu hosp,2026-06-06,quantile,0.95,24,Connecticut,Ensemble
2026-05-23,09,2,wk inc flu hosp,2026-06-06,quantile,0.975,33,Connecticut,Ensemble
2026-05-23,09,2,wk inc flu hosp,2026-06-06,quantile,0.99,45,Connecticut,Ensemble
2026-05-23,09,3,wk inc flu hosp,2026-06-13,quantile,0.01,0,Connecticut,Ensemble
2026-05-23,09,3,wk inc flu hosp,2026-06-13,quantile,0.025,0,Connecticut,Ensemble
2026-05-23,09,3,wk inc flu hosp,2026-06-13,quantile,0.05,0,Connecticut,Ensemble
2026-05-23,09,3,wk inc flu hosp,2026-06-13,quantile,0.1,1,Connecticut,Ensemble
2026-05-23,09,3,wk inc flu hosp,2026-06-13,quantile,0.15,1,Connecticut,Ensemble
2026-05-23,09,3,wk inc flu hosp,2026-06-13,quantile,0.2,2,Connecticut,Ensemble
2026-05-23,09,3,wk inc flu hosp,2026-06-13,quantile,0.25,2,Connecticut,Ensemble
2026-05-23,09,3,wk inc flu hosp,2026-06-13,quantile,0.3,3,Connecticut,Ensemble
2026-05-23,09,3,wk inc flu hosp,2026-06-13,quantile,0.35,3,Connecticut,Ensemble
2026-05-23,09,3,wk inc flu hosp,2026-06-13,quantile,0.4,4,Connecticut,Ensemble
2026-05-23,09,3,wk inc flu hosp,2026-06-13,quantile,0.45,4,Connecticut,Ensemble
2026-05-23,09,3,wk inc flu hosp,2026-06-13,quantile,0.5,6,Connecticut,Ensemble
2026-05-23,09,3,wk inc flu hosp,2026-06-13,quantile,0.55,6,Connecticut,Ensemble
2026-05-23,09,3,wk inc flu hosp,2026-06-13,quantile,0.6,6,Connecticut,Ensemble
2026-05-23,09,3,wk inc flu hosp,2026-06-13,quantile,0.65,7,Connecticut,Ensemble
2026-05-23,09,3,wk inc flu hosp,2026-06-13,quantile,0.7,8,Connecticut,Ensemble
2026-05-23,09,3,wk inc flu hosp,2026-06-13,quantile,0.75,8,Connecticut,Ensemble
2026-05-23,09,3,wk inc flu hosp,2026-06-13,quantile,0.8,10,Connecticut,Ensemble
2026-05-23,09,3,wk inc flu hosp,2026-06-13,quantile,0.85,13,Connecticut,Ensemble
2026-05-23,09,3,wk inc flu hosp,2026-06-13,quantile,0.9,18,Connecticut,Ensemble
2026-05-23,09,3,wk inc flu hosp,2026-06-13,quantile,0.95,29,Connecticut,Ensemble
2026-05-23,09,3,wk inc flu hosp,2026-06-13,quantile,0.975,41,Connecticut,Ensemble
2026-05-23,09,3,wk inc flu hosp,2026-06-13,quantile,0.99,58,Connecticut,Ensemble
2026-05-23,10,0,wk inc flu hosp,2026-05-23,quantile,0.01,0,Delaware,Ensemble
2026-05-23,10,0,wk inc flu hosp,2026-05-23,quantile,0.025,0,Delaware,Ensemble
2026-05-23,10,0,wk inc flu hosp,2026-05-23,quantile,0.05,0,Delaware,Ensemble
2026-05-23,10,0,wk inc flu hosp,2026-05-23,quantile,0.1,0,Delaware,Ensemble
2026-05-23,10,0,wk inc flu hosp,2026-05-23,quantile,0.15,0,Delaware,Ensemble
2026-05-23,10,0,wk inc flu hosp,2026-05-23,quantile,0.2,1,Delaware,Ensemble
2026-05-23,10,0,wk inc flu hosp,2026-05-23,quantile,0.25,1,Delaware,Ensemble
2026-05-23,10,0,wk inc flu hosp,2026-05-23,quantile,0.3,1,Delaware,Ensemble
2026-05-23,10,0,wk inc flu hosp,2026-05-23,quantile,0.35,1,Delaware,Ensemble
2026-05-23,10,0,wk inc flu hosp,2026-05-23,quantile,0.4,1,Delaware,Ensemble
2026-05-23,10,0,wk inc flu hosp,2026-05-23,quantile,0.45,2,Delaware,Ensemble
2026-05-23,10,0,wk inc flu hosp,2026-05-23,quantile,0.5,3,Delaware,Ensemble
2026-05-23,10,0,wk inc flu hosp,2026-05-23,quantile,0.55,3,Delaware,Ensemble
2026-05-23,10,0,wk inc flu hosp,2026-05-23,quantile,0.6,3,Delaware,Ensemble
2026-05-23,10,0,wk inc flu hosp,2026-05-23,quantile,0.65,3,Delaware,Ensemble
2026-05-23,10,0,wk inc flu hosp,2026-05-23,quantile,0.7,4,Delaware,Ensemble
2026-05-23,10,0,wk inc flu hosp,2026-05-23,quantile,0.75,4,Delaware,Ensemble
2026-05-23,10,0,wk inc flu hosp,2026-05-23,quantile,0.8,4,Delaware,Ensemble
2026-05-23,10,0,wk inc flu hosp,2026-05-23,quantile,0.85,5,Delaware,Ensemble
2026-05-23,10,0,wk inc flu hosp,2026-05-23,quantile,0.9,6,Delaware,Ensemble
2026-05-23,10,0,wk inc flu hosp,2026-05-23,quantile,0.95,7,Delaware,Ensemble
2026-05-23,10,0,wk inc flu hosp,2026-05-23,quantile,0.975,9,Delaware,Ensemble
2026-05-23,10,0,wk inc flu hosp,2026-05-23,quantile,0.99,13,Delaware,Ensemble
2026-05-23,10,1,wk inc flu hosp,2026-05-30,quantile,0.01,0,Delaware,Ensemble
2026-05-23,10,1,wk inc flu hosp,2026-05-30,quantile,0.025,0,Delaware,Ensemble
2026-05-23,10,1,wk inc flu hosp,2026-05-30,quantile,0.05,0,Delaware,Ensemble
2026-05-23,10,1,wk inc flu hosp,2026-05-30,quantile,0.1,0,Delaware,Ensemble
2026-05-23,10,1,wk inc flu hosp,2026-05-30,quantile,0.15,0,Delaware,Ensemble
2026-05-23,10,1,wk inc flu hosp,2026-05-30,quantile,0.2,0,Delaware,Ensemble
2026-05-23,10,1,wk inc flu hosp,2026-05-30,quantile,0.25,1,Delaware,Ensemble
2026-05-23,10,1,wk inc flu hosp,2026-05-30,quantile,0.3,1,Delaware,Ensemble
2026-05-23,10,1,wk inc flu hosp,2026-05-30,quantile,0.35,1,Delaware,Ensemble
2026-05-23,10,1,wk inc flu hosp,2026-05-30,quantile,0.4,1,Delaware,Ensemble
2026-05-23,10,1,wk inc flu hosp,2026-05-30,quantile,0.45,1,Delaware,Ensemble
2026-05-23,10,1,wk inc flu hosp,2026-05-30,quantile,0.5,3,Delaware,Ensemble
2026-05-23,10,1,wk inc flu hosp,2026-05-30,quantile,0.55,3,Delaware,Ensemble
2026-05-23,10,1,wk inc flu hosp,2026-05-30,quantile,0.6,3,Delaware,Ensemble
2026-05-23,10,1,wk inc flu hosp,2026-05-30,quantile,0.65,3,Delaware,Ensemble
2026-05-23,10,1,wk inc flu hosp,2026-05-30,quantile,0.7,4,Delaware,Ensemble
2026-05-23,10,1,wk inc flu hosp,2026-05-30,quantile,0.75,4,Delaware,Ensemble
2026-05-23,10,1,wk inc flu hosp,2026-05-30,quantile,0.8,4,Delaware,Ensemble
2026-05-23,10,1,wk inc flu hosp,2026-05-30,quantile,0.85,5,Delaware,Ensemble
2026-05-23,10,1,wk inc flu hosp,2026-05-30,quantile,0.9,6,Delaware,Ensemble
2026-05-23,10,1,wk inc flu hosp,2026-05-30,quantile,0.95,8,Delaware,Ensemble
2026-05-23,10,1,wk inc flu hosp,2026-05-30,quantile,0.975,11,Delaware,Ensemble
2026-05-23,10,1,wk inc flu hosp,2026-05-30,quantile,0.99,16,Delaware,Ensemble
2026-05-23,10,2,wk inc flu hosp,2026-06-06,quantile,0.01,0,Delaware,Ensemble
2026-05-23,10,2,wk inc flu hosp,2026-06-06,quantile,0.025,0,Delaware,Ensemble
2026-05-23,10,2,wk inc flu hosp,2026-06-06,quantile,0.05,0,Delaware,Ensemble
2026-05-23,10,2,wk inc flu hosp,2026-06-06,quantile,0.1,0,Delaware,Ensemble
2026-05-23,10,2,wk inc flu hosp,2026-06-06,quantile,0.15,0,Delaware,Ensemble
2026-05-23,10,2,wk inc flu hosp,2026-06-06,quantile,0.2,0,Delaware,Ensemble
2026-05-23,10,2,wk inc flu hosp,2026-06-06,quantile,0.25,0,Delaware,Ensemble
2026-05-23,10,2,wk inc flu hosp,2026-06-06,quantile,0.3,1,Delaware,Ensemble
2026-05-23,10,2,wk inc flu hosp,2026-06-06,quantile,0.35,1,Delaware,Ensemble
2026-05-23,10,2,wk inc flu hosp,2026-06-06,quantile,0.4,1,Delaware,Ensemble
2026-05-23,10,2,wk inc flu hosp,2026-06-06,quantile,0.45,1,Delaware,Ensemble
2026-05-23,10,2,wk inc flu hosp,2026-06-06,quantile,0.5,2,Delaware,Ensemble
2026-05-23,10,2,wk inc flu hosp,2026-06-06,quantile,0.55,3,Delaware,Ensemble
2026-05-23,10,2,wk inc flu hosp,2026-06-06,quantile,0.6,3,Delaware,Ensemble
2026-05-23,10,2,wk inc flu hosp,2026-06-06,quantile,0.65,3,Delaware,Ensemble
2026-05-23,10,2,wk inc flu hosp,2026-06-06,quantile,0.7,3,Delaware,Ensemble
2026-05-23,10,2,wk inc flu hosp,2026-06-06,quantile,0.75,4,Delaware,Ensemble
2026-05-23,10,2,wk inc flu hosp,2026-06-06,quantile,0.8,4,Delaware,Ensemble
2026-05-23,10,2,wk inc flu hosp,2026-06-06,quantile,0.85,5,Delaware,Ensemble
2026-05-23,10,2,wk inc flu hosp,2026-06-06,quantile,0.9,6,Delaware,Ensemble
2026-05-23,10,2,wk inc flu hosp,2026-06-06,quantile,0.95,9,Delaware,Ensemble
2026-05-23,10,2,wk inc flu hosp,2026-06-06,quantile,0.975,12,Delaware,Ensemble
2026-05-23,10,2,wk inc flu hosp,2026-06-06,quantile,0.99,17,Delaware,Ensemble
2026-05-23,10,3,wk inc flu hosp,2026-06-13,quantile,0.01,0,Delaware,Ensemble
2026-05-23,10,3,wk inc flu hosp,2026-06-13,quantile,0.025,0,Delaware,Ensemble
2026-05-23,10,3,wk inc flu hosp,2026-06-13,quantile,0.05,0,Delaware,Ensemble
2026-05-23,10,3,wk inc flu hosp,2026-06-13,quantile,0.1,0,Delaware,Ensemble
2026-05-23,10,3,wk inc flu hosp,2026-06-13,quantile,0.15,0,Delaware,Ensemble
2026-05-23,10,3,wk inc flu hosp,2026-06-13,quantile,0.2,0,Delaware,Ensemble
2026-05-23,10,3,wk inc flu hosp,2026-06-13,quantile,0.25,0,Delaware,Ensemble
2026-05-23,10,3,wk inc flu hosp,2026-06-13,quantile,0.3,0,Delaware,Ensemble
2026-05-23,10,3,wk inc flu hosp,2026-06-13,quantile,0.35,1,Delaware,Ensemble
2026-05-23,10,3,wk inc flu hosp,2026-06-13,quantile,0.4,1,Delaware,Ensemble
2026-05-23,10,3,wk inc flu hosp,2026-06-13,quantile,0.45,1,Delaware,Ensemble
2026-05-23,10,3,wk inc flu hosp,2026-06-13,quantile,0.5,2,Delaware,Ensemble
2026-05-23,10,3,wk inc flu hosp,2026-06-13,quantile,0.55,2,Delaware,Ensemble
2026-05-23,10,3,wk inc flu hosp,2026-06-13,quantile,0.6,3,Delaware,Ensemble
2026-05-23,10,3,wk inc flu hosp,2026-06-13,quantile,0.65,3,Delaware,Ensemble
2026-05-23,10,3,wk inc flu hosp,2026-06-13,quantile,0.7,3,Delaware,Ensemble
2026-05-23,10,3,wk inc flu hosp,2026-06-13,quantile,0.75,4,Delaware,Ensemble
2026-05-23,10,3,wk inc flu hosp,2026-06-13,quantile,0.8,4,Delaware,Ensemble
2026-05-23,10,3,wk inc flu hosp,2026-06-13,quantile,0.85,5,Delaware,Ensemble
2026-05-23,10,3,wk inc flu hosp,2026-06-13,quantile,0.9,7,Delaware,Ensemble
2026-05-23,10,3,wk inc flu hosp,2026-06-13,quantile,0.95,11,Delaware,Ensemble
2026-05-23,10,3,wk inc flu hosp,2026-06-13,quantile,0.975,15,Delaware,Ensemble
2026-05-23,10,3,wk inc flu hosp,2026-06-13,quantile,0.99,22,Delaware,Ensemble
2026-05-23,11,0,wk inc flu hosp,2026-05-23,quantile,0.01,0,District of Columbia,Ensemble
2026-05-23,11,0,wk inc flu hosp,2026-05-23,quantile,0.025,0,District of Columbia,Ensemble
2026-05-23,11,0,wk inc flu hosp,2026-05-23,quantile,0.05,0,District of Columbia,Ensemble
2026-05-23,11,0,wk inc flu hosp,2026-05-23,quantile,0.1,0,District of Columbia,Ensemble
2026-05-23,11,0,wk inc flu hosp,2026-05-23,quantile,0.15,0,District of Columbia,Ensemble
2026-05-23,11,0,wk inc flu hosp,2026-05-23,quantile,0.2,0,District of Columbia,Ensemble
2026-05-23,11,0,wk inc flu hosp,2026-05-23,quantile,0.25,0,District of Columbia,Ensemble
2026-05-23,11,0,wk inc flu hosp,2026-05-23,quantile,0.3,0,District of Columbia,Ensemble
2026-05-23,11,0,wk inc flu hosp,2026-05-23,quantile,0.35,0,District of Columbia,Ensemble
2026-05-23,11,0,wk inc flu hosp,2026-05-23,quantile,0.4,0,District of Columbia,Ensemble
2026-05-23,11,0,wk inc flu hosp,2026-05-23,quantile,0.45,0,District of Columbia,Ensemble
2026-05-23,11,0,wk inc flu hosp,2026-05-23,quantile,0.5,1,District of Columbia,Ensemble
2026-05-23,11,0,wk inc flu hosp,2026-05-23,quantile,0.55,1,District of Columbia,Ensemble
2026-05-23,11,0,wk inc flu hosp,2026-05-23,quantile,0.6,1,District of Columbia,Ensemble
2026-05-23,11,0,wk inc flu hosp,2026-05-23,quantile,0.65,1,District of Columbia,Ensemble
2026-05-23,11,0,wk inc flu hosp,2026-05-23,quantile,0.7,2,District of Columbia,Ensemble
2026-05-23,11,0,wk inc flu hosp,2026-05-23,quantile,0.75,2,District of Columbia,Ensemble
2026-05-23,11,0,wk inc flu hosp,2026-05-23,quantile,0.8,2,District of Columbia,Ensemble
2026-05-23,11,0,wk inc flu hosp,2026-05-23,quantile,0.85,2,District of Columbia,Ensemble
2026-05-23,11,0,wk inc flu hosp,2026-05-23,quantile,0.9,3,District of Columbia,Ensemble
2026-05-23,11,0,wk inc flu hosp,2026-05-23,quantile,0.95,5,District of Columbia,Ensemble
2026-05-23,11,0,wk inc flu hosp,2026-05-23,quantile,0.975,7,District of Columbia,Ensemble
2026-05-23,11,0,wk inc flu hosp,2026-05-23,quantile,0.99,10,District of Columbia,Ensemble
2026-05-23,11,1,wk inc flu hosp,2026-05-30,quantile,0.01,0,District of Columbia,Ensemble
2026-05-23,11,1,wk inc flu hosp,2026-05-30,quantile,0.025,0,District of Columbia,Ensemble
2026-05-23,11,1,wk inc flu hosp,2026-05-30,quantile,0.05,0,District of Columbia,Ensemble
2026-05-23,11,1,wk inc flu hosp,2026-05-30,quantile,0.1,0,District of Columbia,Ensemble
2026-05-23,11,1,wk inc flu hosp,2026-05-30,quantile,0.15,0,District of Columbia,Ensemble
2026-05-23,11,1,wk inc flu hosp,2026-05-30,quantile,0.2,0,District of Columbia,Ensemble
2026-05-23,11,1,wk inc flu hosp,2026-05-30,quantile,0.25,0,District of Columbia,Ensemble
2026-05-23,11,1,wk inc flu hosp,2026-05-30,quantile,0.3,0,District of Columbia,Ensemble
2026-05-23,11,1,wk inc flu hosp,2026-05-30,quantile,0.35,0,District of Columbia,Ensemble
2026-05-23,11,1,wk inc flu hosp,2026-05-30,quantile,0.4,0,District of Columbia,Ensemble
2026-05-23,11,1,wk inc flu hosp,2026-05-30,quantile,0.45,0,District of Columbia,Ensemble
2026-05-23,11,1,wk inc flu hosp,2026-05-30,quantile,0.5,1,District of Columbia,Ensemble
2026-05-23,11,1,wk inc flu hosp,2026-05-30,quantile,0.55,1,District of Columbia,Ensemble
2026-05-23,11,1,wk inc flu hosp,2026-05-30,quantile,0.6,1,District of Columbia,Ensemble
2026-05-23,11,1,wk inc flu hosp,2026-05-30,quantile,0.65,1,District of Columbia,Ensemble
2026-05-23,11,1,wk inc flu hosp,2026-05-30,quantile,0.7,2,District of Columbia,Ensemble
2026-05-23,11,1,wk inc flu hosp,2026-05-30,quantile,0.75,2,District of Columbia,Ensemble
2026-05-23,11,1,wk inc flu hosp,2026-05-30,quantile,0.8,2,District of Columbia,Ensemble
2026-05-23,11,1,wk inc flu hosp,2026-05-30,quantile,0.85,3,District of Columbia,Ensemble
2026-05-23,11,1,wk inc flu hosp,2026-05-30,quantile,0.9,4,District of Columbia,Ensemble
2026-05-23,11,1,wk inc flu hosp,2026-05-30,quantile,0.95,5,District of Columbia,Ensemble
2026-05-23,11,1,wk inc flu hosp,2026-05-30,quantile,0.975,8,District of Columbia,Ensemble
2026-05-23,11,1,wk inc flu hosp,2026-05-30,quantile,0.99,11,District of Columbia,Ensemble
2026-05-23,11,2,wk inc flu hosp,2026-06-06,quantile,0.01,0,District of Columbia,Ensemble
2026-05-23,11,2,wk inc flu hosp,2026-06-06,quantile,0.025,0,District of Columbia,Ensemble
2026-05-23,11,2,wk inc flu hosp,2026-06-06,quantile,0.05,0,District of Columbia,Ensemble
2026-05-23,11,2,wk inc flu hosp,2026-06-06,quantile,0.1,0,District of Columbia,Ensemble
2026-05-23,11,2,wk inc flu hosp,2026-06-06,quantile,0.15,0,District of Columbia,Ensemble
2026-05-23,11,2,wk inc flu hosp,2026-06-06,quantile,0.2,0,District of Columbia,Ensemble
2026-05-23,11,2,wk inc flu hosp,2026-06-06,quantile,0.25,0,District of Columbia,Ensemble
2026-05-23,11,2,wk inc flu hosp,2026-06-06,quantile,0.3,0,District of Columbia,Ensemble
2026-05-23,11,2,wk inc flu hosp,2026-06-06,quantile,0.35,0,District of Columbia,Ensemble
2026-05-23,11,2,wk inc flu hosp,2026-06-06,quantile,0.4,0,District of Columbia,Ensemble
2026-05-23,11,2,wk inc flu hosp,2026-06-06,quantile,0.45,0,District of Columbia,Ensemble
2026-05-23,11,2,wk inc flu hosp,2026-06-06,quantile,0.5,1,District of Columbia,Ensemble
2026-05-23,11,2,wk inc flu hosp,2026-06-06,quantile,0.55,1,District of Columbia,Ensemble
2026-05-23,11,2,wk inc flu hosp,2026-06-06,quantile,0.6,1,District of Columbia,Ensemble
2026-05-23,11,2,wk inc flu hosp,2026-06-06,quantile,0.65,1,District of Columbia,Ensemble
2026-05-23,11,2,wk inc flu hosp,2026-06-06,quantile,0.7,2,District of Columbia,Ensemble
2026-05-23,11,2,wk inc flu hosp,2026-06-06,quantile,0.75,2,District of Columbia,Ensemble
2026-05-23,11,2,wk inc flu hosp,2026-06-06,quantile,0.8,2,District of Columbia,Ensemble
2026-05-23,11,2,wk inc flu hosp,2026-06-06,quantile,0.85,3,District of Columbia,Ensemble
2026-05-23,11,2,wk inc flu hosp,2026-06-06,quantile,0.9,4,District of Columbia,Ensemble
2026-05-23,11,2,wk inc flu hosp,2026-06-06,quantile,0.95,6,District of Columbia,Ensemble
2026-05-23,11,2,wk inc flu hosp,2026-06-06,quantile,0.975,9,District of Columbia,Ensemble
2026-05-23,11,2,wk inc flu hosp,2026-06-06,quantile,0.99,13,District of Columbia,Ensemble
2026-05-23,11,3,wk inc flu hosp,2026-06-13,quantile,0.01,0,District of Columbia,Ensemble
2026-05-23,11,3,wk inc flu hosp,2026-06-13,quantile,0.025,0,District of Columbia,Ensemble
2026-05-23,11,3,wk inc flu hosp,2026-06-13,quantile,0.05,0,District of Columbia,Ensemble
2026-05-23,11,3,wk inc flu hosp,2026-06-13,quantile,0.1,0,District of Columbia,Ensemble
2026-05-23,11,3,wk inc flu hosp,2026-06-13,quantile,0.15,0,District of Columbia,Ensemble
2026-05-23,11,3,wk inc flu hosp,2026-06-13,quantile,0.2,0,District of Columbia,Ensemble
2026-05-23,11,3,wk inc flu hosp,2026-06-13,quantile,0.25,0,District of Columbia,Ensemble
2026-05-23,11,3,wk inc flu hosp,2026-06-13,quantile,0.3,0,District of Columbia,Ensemble
2026-05-23,11,3,wk inc flu hosp,2026-06-13,quantile,0.35,0,District of Columbia,Ensemble
2026-05-23,11,3,wk inc flu hosp,2026-06-13,quantile,0.4,0,District of Columbia,Ensemble
2026-05-23,11,3,wk inc flu hosp,2026-06-13,quantile,0.45,0,District of Columbia,Ensemble
2026-05-23,11,3,wk inc flu hosp,2026-06-13,quantile,0.5,1,District of Columbia,Ensemble
2026-05-23,11,3,wk inc flu hosp,2026-06-13,quantile,0.55,1,District of Columbia,Ensemble
2026-05-23,11,3,wk inc flu hosp,2026-06-13,quantile,0.6,1,District of Columbia,Ensemble
2026-05-23,11,3,wk inc flu hosp,2026-06-13,quantile,0.65,1,District of Columbia,Ensemble
2026-05-23,11,3,wk inc flu hosp,2026-06-13,quantile,0.7,1,District of Columbia,Ensemble
2026-05-23,11,3,wk inc flu hosp,2026-06-13,quantile,0.75,2,District of Columbia,Ensemble
2026-05-23,11,3,wk inc flu hosp,2026-06-13,quantile,0.8,2,District of Columbia,Ensemble
2026-05-23,11,3,wk inc flu hosp,2026-06-13,quantile,0.85,3,District of Columbia,Ensemble
2026-05-23,11,3,wk inc flu hosp,2026-06-13,quantile,0.9,5,District of Columbia,Ensemble
2026-05-23,11,3,wk inc flu hosp,2026-06-13,quantile,0.95,8,District of Columbia,Ensemble
2026-05-23,11,3,wk inc flu hosp,2026-06-13,quantile,0.975,12,District of Columbia,Ensemble
2026-05-23,11,3,wk inc flu hosp,2026-06-13,quantile,0.99,18,District of Columbia,Ensemble
2026-05-23,12,0,wk inc flu hosp,2026-05-23,quantile,0.01,33,Florida,Ensemble
2026-05-23,12,0,wk inc flu hosp,2026-05-23,quantile,0.025,41,Florida,Ensemble
2026-05-23,12,0,wk inc flu hosp,2026-05-23,quantile,0.05,50,Florida,Ensemble
2026-05-23,12,0,wk inc flu hosp,2026-05-23,quantile,0.1,62,Florida,Ensemble
2026-05-23,12,0,wk inc flu hosp,2026-05-23,quantile,0.15,70,Florida,Ensemble
2026-05-23,12,0,wk inc flu hosp,2026-05-23,quantile,0.2,76,Florida,Ensemble
2026-05-23,12,0,wk inc flu hosp,2026-05-23,quantile,0.25,82,Florida,Ensemble
2026-05-23,12,0,wk inc flu hosp,2026-05-23,quantile,0.3,88,Florida,Ensemble
2026-05-23,12,0,wk inc flu hosp,2026-05-23,quantile,0.35,94,Florida,Ensemble
2026-05-23,12,0,wk inc flu hosp,2026-05-23,quantile,0.4,99,Florida,Ensemble
2026-05-23,12,0,wk inc flu hosp,2026-05-23,quantile,0.45,104,Florida,Ensemble
2026-05-23,12,0,wk inc flu hosp,2026-05-23,quantile,0.5,111,Florida,Ensemble
2026-05-23,12,0,wk inc flu hosp,2026-05-23,quantile,0.55,118,Florida,Ensemble
2026-05-23,12,0,wk inc flu hosp,2026-05-23,quantile,0.6,124,Florida,Ensemble
2026-05-23,12,0,wk inc flu hosp,2026-05-23,quantile,0.65,131,Florida,Ensemble
2026-05-23,12,0,wk inc flu hosp,2026-05-23,quantile,0.7,139,Florida,Ensemble
2026-05-23,12,0,wk inc flu hosp,2026-05-23,quantile,0.75,147,Florida,Ensemble
2026-05-23,12,0,wk inc flu hosp,2026-05-23,quantile,0.8,156,Florida,Ensemble
2026-05-23,12,0,wk inc flu hosp,2026-05-23,quantile,0.85,167,Florida,Ensemble
2026-05-23,12,0,wk inc flu hosp,2026-05-23,quantile,0.9,183,Florida,Ensemble
2026-05-23,12,0,wk inc flu hosp,2026-05-23,quantile,0.95,209,Florida,Ensemble
2026-05-23,12,0,wk inc flu hosp,2026-05-23,quantile,0.975,234,Florida,Ensemble
2026-05-23,12,0,wk inc flu hosp,2026-05-23,quantile,0.99,272,Florida,Ensemble
2026-05-23,12,1,wk inc flu hosp,2026-05-30,quantile,0.01,29,Florida,Ensemble
2026-05-23,12,1,wk inc flu hosp,2026-05-30,quantile,0.025,35,Florida,Ensemble
2026-05-23,12,1,wk inc flu hosp,2026-05-30,quantile,0.05,43,Florida,Ensemble
2026-05-23,12,1,wk inc flu hosp,2026-05-30,quantile,0.1,54,Florida,Ensemble
2026-05-23,12,1,wk inc flu hosp,2026-05-30,quantile,0.15,62,Florida,Ensemble
2026-05-23,12,1,wk inc flu hosp,2026-05-30,quantile,0.2,69,Florida,Ensemble
2026-05-23,12,1,wk inc flu hosp,2026-05-30,quantile,0.25,75,Florida,Ensemble
2026-05-23,12,1,wk inc flu hosp,2026-05-30,quantile,0.3,80,Florida,Ensemble
2026-05-23,12,1,wk inc flu hosp,2026-05-30,quantile,0.35,86,Florida,Ensemble
2026-05-23,12,1,wk inc flu hosp,2026-05-30,quantile,0.4,91,Florida,Ensemble
2026-05-23,12,1,wk inc flu hosp,2026-05-30,quantile,0.45,97,Florida,Ensemble
2026-05-23,12,1,wk inc flu hosp,2026-05-30,quantile,0.5,104,Florida,Ensemble
2026-05-23,12,1,wk inc flu hosp,2026-05-30,quantile,0.55,110,Florida,Ensemble
2026-05-23,12,1,wk inc flu hosp,2026-05-30,quantile,0.6,118,Florida,Ensemble
2026-05-23,12,1,wk inc flu hosp,2026-05-30,quantile,0.65,125,Florida,Ensemble
2026-05-23,12,1,wk inc flu hosp,2026-05-30,quantile,0.7,133,Florida,Ensemble
2026-05-23,12,1,wk inc flu hosp,2026-05-30,quantile,0.75,141,Florida,Ensemble
2026-05-23,12,1,wk inc flu hosp,2026-05-30,quantile,0.8,151,Florida,Ensemble
2026-05-23,12,1,wk inc flu hosp,2026-05-30,quantile,0.85,163,Florida,Ensemble
2026-05-23,12,1,wk inc flu hosp,2026-05-30,quantile,0.9,181,Florida,Ensemble
2026-05-23,12,1,wk inc flu hosp,2026-05-30,quantile,0.95,213,Florida,Ensemble
2026-05-23,12,1,wk inc flu hosp,2026-05-30,quantile,0.975,246,Florida,Ensemble
2026-05-23,12,1,wk inc flu hosp,2026-05-30,quantile,0.99,295,Florida,Ensemble
2026-05-23,12,2,wk inc flu hosp,2026-06-06,quantile,0.01,24,Florida,Ensemble
2026-05-23,12,2,wk inc flu hosp,2026-06-06,quantile,0.025,30,Florida,Ensemble
2026-05-23,12,2,wk inc flu hosp,2026-06-06,quantile,0.05,37,Florida,Ensemble
2026-05-23,12,2,wk inc flu hosp,2026-06-06,quantile,0.1,49,Florida,Ensemble
2026-05-23,12,2,wk inc flu hosp,2026-06-06,quantile,0.15,57,Florida,Ensemble
2026-05-23,12,2,wk inc flu hosp,2026-06-06,quantile,0.2,63,Florida,Ensemble
2026-05-23,12,2,wk inc flu hosp,2026-06-06,quantile,0.25,69,Florida,Ensemble
2026-05-23,12,2,wk inc flu hosp,2026-06-06,quantile,0.3,75,Florida,Ensemble
2026-05-23,12,2,wk inc flu hosp,2026-06-06,quantile,0.35,80,Florida,Ensemble
2026-05-23,12,2,wk inc flu hosp,2026-06-06,quantile,0.4,86,Florida,Ensemble
2026-05-23,12,2,wk inc flu hosp,2026-06-06,quantile,0.45,92,Florida,Ensemble
2026-05-23,12,2,wk inc flu hosp,2026-06-06,quantile,0.5,99,Florida,Ensemble
2026-05-23,12,2,wk inc flu hosp,2026-06-06,quantile,0.55,106,Florida,Ensemble
2026-05-23,12,2,wk inc flu hosp,2026-06-06,quantile,0.6,114,Florida,Ensemble
2026-05-23,12,2,wk inc flu hosp,2026-06-06,quantile,0.65,121,Florida,Ensemble
2026-05-23,12,2,wk inc flu hosp,2026-06-06,quantile,0.7,129,Florida,Ensemble
2026-05-23,12,2,wk inc flu hosp,2026-06-06,quantile,0.75,139,Florida,Ensemble
2026-05-23,12,2,wk inc flu hosp,2026-06-06,quantile,0.8,151,Florida,Ensemble
2026-05-23,12,2,wk inc flu hosp,2026-06-06,quantile,0.85,167,Florida,Ensemble
2026-05-23,12,2,wk inc flu hosp,2026-06-06,quantile,0.9,188,Florida,Ensemble
2026-05-23,12,2,wk inc flu hosp,2026-06-06,quantile,0.95,229,Florida,Ensemble
2026-05-23,12,2,wk inc flu hosp,2026-06-06,quantile,0.975,273,Florida,Ensemble
2026-05-23,12,2,wk inc flu hosp,2026-06-06,quantile,0.99,333,Florida,Ensemble
2026-05-23,12,3,wk inc flu hosp,2026-06-13,quantile,0.01,17,Florida,Ensemble
2026-05-23,12,3,wk inc flu hosp,2026-06-13,quantile,0.025,22,Florida,Ensemble
2026-05-23,12,3,wk inc flu hosp,2026-06-13,quantile,0.05,29,Florida,Ensemble
2026-05-23,12,3,wk inc flu hosp,2026-06-13,quantile,0.1,39,Florida,Ensemble
2026-05-23,12,3,wk inc flu hosp,2026-06-13,quantile,0.15,46,Florida,Ensemble
2026-05-23,12,3,wk inc flu hosp,2026-06-13,quantile,0.2,53,Florida,Ensemble
2026-05-23,12,3,wk inc flu hosp,2026-06-13,quantile,0.25,59,Florida,Ensemble
2026-05-23,12,3,wk inc flu hosp,2026-06-13,quantile,0.3,64,Florida,Ensemble
2026-05-23,12,3,wk inc flu hosp,2026-06-13,quantile,0.35,69,Florida,Ensemble
2026-05-23,12,3,wk inc flu hosp,2026-06-13,quantile,0.4,74,Florida,Ensemble
2026-05-23,12,3,wk inc flu hosp,2026-06-13,quantile,0.45,80,Florida,Ensemble
2026-05-23,12,3,wk inc flu hosp,2026-06-13,quantile,0.5,87,Florida,Ensemble
2026-05-23,12,3,wk inc flu hosp,2026-06-13,quantile,0.55,94,Florida,Ensemble
2026-05-23,12,3,wk inc flu hosp,2026-06-13,quantile,0.6,101,Florida,Ensemble
2026-05-23,12,3,wk inc flu hosp,2026-06-13,quantile,0.65,109,Florida,Ensemble
2026-05-23,12,3,wk inc flu hosp,2026-06-13,quantile,0.7,118,Florida,Ensemble
2026-05-23,12,3,wk inc flu hosp,2026-06-13,quantile,0.75,129,Florida,Ensemble
2026-05-23,12,3,wk inc flu hosp,2026-06-13,quantile,0.8,142,Florida,Ensemble
2026-05-23,12,3,wk inc flu hosp,2026-06-13,quantile,0.85,159,Florida,Ensemble
2026-05-23,12,3,wk inc flu hosp,2026-06-13,quantile,0.9,183,Florida,Ensemble
2026-05-23,12,3,wk inc flu hosp,2026-06-13,quantile,0.95,228,Florida,Ensemble
2026-05-23,12,3,wk inc flu hosp,2026-06-13,quantile,0.975,277,Florida,Ensemble
2026-05-23,12,3,wk inc flu hosp,2026-06-13,quantile,0.99,363,Florida,Ensemble
2026-05-23,13,0,wk inc flu hosp,2026-05-23,quantile,0.01,4,Georgia,Ensemble
2026-05-23,13,0,wk inc flu hosp,2026-05-23,quantile,0.025,5,Georgia,Ensemble
2026-05-23,13,0,wk inc flu hosp,2026-05-23,quantile,0.05,7,Georgia,Ensemble
2026-05-23,13,0,wk inc flu hosp,2026-05-23,quantile,0.1,9,Georgia,Ensemble
2026-05-23,13,0,wk inc flu hosp,2026-05-23,quantile,0.15,11,Georgia,Ensemble
2026-05-23,13,0,wk inc flu hosp,2026-05-23,quantile,0.2,12,Georgia,Ensemble
2026-05-23,13,0,wk inc flu hosp,2026-05-23,quantile,0.25,13,Georgia,Ensemble
2026-05-23,13,0,wk inc flu hosp,2026-05-23,quantile,0.3,15,Georgia,Ensemble
2026-05-23,13,0,wk inc flu hosp,2026-05-23,quantile,0.35,16,Georgia,Ensemble
2026-05-23,13,0,wk inc flu hosp,2026-05-23,quantile,0.4,17,Georgia,Ensemble
2026-05-23,13,0,wk inc flu hosp,2026-05-23,quantile,0.45,18,Georgia,Ensemble
2026-05-23,13,0,wk inc flu hosp,2026-05-23,quantile,0.5,20,Georgia,Ensemble
2026-05-23,13,0,wk inc flu hosp,2026-05-23,quantile,0.55,21,Georgia,Ensemble
2026-05-23,13,0,wk inc flu hosp,2026-05-23,quantile,0.6,22,Georgia,Ensemble
2026-05-23,13,0,wk inc flu hosp,2026-05-23,quantile,0.65,23,Georgia,Ensemble
2026-05-23,13,0,wk inc flu hosp,2026-05-23,quantile,0.7,25,Georgia,Ensemble
2026-05-23,13,0,wk inc flu hosp,2026-05-23,quantile,0.75,26,Georgia,Ensemble
2026-05-23,13,0,wk inc flu hosp,2026-05-23,quantile,0.8,29,Georgia,Ensemble
2026-05-23,13,0,wk inc flu hosp,2026-05-23,quantile,0.85,31,Georgia,Ensemble
2026-05-23,13,0,wk inc flu hosp,2026-05-23,quantile,0.9,35,Georgia,Ensemble
2026-05-23,13,0,wk inc flu hosp,2026-05-23,quantile,0.95,42,Georgia,Ensemble
2026-05-23,13,0,wk inc flu hosp,2026-05-23,quantile,0.975,49,Georgia,Ensemble
2026-05-23,13,0,wk inc flu hosp,2026-05-23,quantile,0.99,62,Georgia,Ensemble
2026-05-23,13,1,wk inc flu hosp,2026-05-30,quantile,0.01,3,Georgia,Ensemble
2026-05-23,13,1,wk inc flu hosp,2026-05-30,quantile,0.025,4,Georgia,Ensemble
2026-05-23,13,1,wk inc flu hosp,2026-05-30,quantile,0.05,6,Georgia,Ensemble
2026-05-23,13,1,wk inc flu hosp,2026-05-30,quantile,0.1,8,Georgia,Ensemble
2026-05-23,13,1,wk inc flu hosp,2026-05-30,quantile,0.15,10,Georgia,Ensemble
2026-05-23,13,1,wk inc flu hosp,2026-05-30,quantile,0.2,11,Georgia,Ensemble
2026-05-23,13,1,wk inc flu hosp,2026-05-30,quantile,0.25,12,Georgia,Ensemble
2026-05-23,13,1,wk inc flu hosp,2026-05-30,quantile,0.3,14,Georgia,Ensemble
2026-05-23,13,1,wk inc flu hosp,2026-05-30,quantile,0.35,15,Georgia,Ensemble
2026-05-23,13,1,wk inc flu hosp,2026-05-30,quantile,0.4,16,Georgia,Ensemble
2026-05-23,13,1,wk inc flu hosp,2026-05-30,quantile,0.45,17,Georgia,Ensemble
2026-05-23,13,1,wk inc flu hosp,2026-05-30,quantile,0.5,19,Georgia,Ensemble
2026-05-23,13,1,wk inc flu hosp,2026-05-30,quantile,0.55,20,Georgia,Ensemble
2026-05-23,13,1,wk inc flu hosp,2026-05-30,quantile,0.6,22,Georgia,Ensemble
2026-05-23,13,1,wk inc flu hosp,2026-05-30,quantile,0.65,23,Georgia,Ensemble
2026-05-23,13,1,wk inc flu hosp,2026-05-30,quantile,0.7,24,Georgia,Ensemble
2026-05-23,13,1,wk inc flu hosp,2026-05-30,quantile,0.75,26,Georgia,Ensemble
2026-05-23,13,1,wk inc flu hosp,2026-05-30,quantile,0.8,29,Georgia,Ensemble
2026-05-23,13,1,wk inc flu hosp,2026-05-30,quantile,0.85,32,Georgia,Ensemble
2026-05-23,13,1,wk inc flu hosp,2026-05-30,quantile,0.9,37,Georgia,Ensemble
2026-05-23,13,1,wk inc flu hosp,2026-05-30,quantile,0.95,45,Georgia,Ensemble
2026-05-23,13,1,wk inc flu hosp,2026-05-30,quantile,0.975,55,Georgia,Ensemble
2026-05-23,13,1,wk inc flu hosp,2026-05-30,quantile,0.99,71,Georgia,Ensemble
2026-05-23,13,2,wk inc flu hosp,2026-06-06,quantile,0.01,3,Georgia,Ensemble
2026-05-23,13,2,wk inc flu hosp,2026-06-06,quantile,0.025,4,Georgia,Ensemble
2026-05-23,13,2,wk inc flu hosp,2026-06-06,quantile,0.05,5,Georgia,Ensemble
2026-05-23,13,2,wk inc flu hosp,2026-06-06,quantile,0.1,7,Georgia,Ensemble
2026-05-23,13,2,wk inc flu hosp,2026-06-06,quantile,0.15,9,Georgia,Ensemble
2026-05-23,13,2,wk inc flu hosp,2026-06-06,quantile,0.2,10,Georgia,Ensemble
2026-05-23,13,2,wk inc flu hosp,2026-06-06,quantile,0.25,11,Georgia,Ensemble
2026-05-23,13,2,wk inc flu hosp,2026-06-06,quantile,0.3,12,Georgia,Ensemble
2026-05-23,13,2,wk inc flu hosp,2026-06-06,quantile,0.35,14,Georgia,Ensemble
2026-05-23,13,2,wk inc flu hosp,2026-06-06,quantile,0.4,15,Georgia,Ensemble
2026-05-23,13,2,wk inc flu hosp,2026-06-06,quantile,0.45,16,Georgia,Ensemble
2026-05-23,13,2,wk inc flu hosp,2026-06-06,quantile,0.5,18,Georgia,Ensemble
2026-05-23,13,2,wk inc flu hosp,2026-06-06,quantile,0.55,19,Georgia,Ensemble
2026-05-23,13,2,wk inc flu hosp,2026-06-06,quantile,0.6,21,Georgia,Ensemble
2026-05-23,13,2,wk inc flu hosp,2026-06-06,quantile,0.65,22,Georgia,Ensemble
2026-05-23,13,2,wk inc flu hosp,2026-06-06,quantile,0.7,24,Georgia,Ensemble
2026-05-23,13,2,wk inc flu hosp,2026-06-06,quantile,0.75,25,Georgia,Ensemble
2026-05-23,13,2,wk inc flu hosp,2026-06-06,quantile,0.8,28,Georgia,Ensemble
2026-05-23,13,2,wk inc flu hosp,2026-06-06,quantile,0.85,32,Georgia,Ensemble
2026-05-23,13,2,wk inc flu hosp,2026-06-06,quantile,0.9,39,Georgia,Ensemble
2026-05-23,13,2,wk inc flu hosp,2026-06-06,quantile,0.95,51,Georgia,Ensemble
2026-05-23,13,2,wk inc flu hosp,2026-06-06,quantile,0.975,64,Georgia,Ensemble
2026-05-23,13,2,wk inc flu hosp,2026-06-06,quantile,0.99,84,Georgia,Ensemble
2026-05-23,13,3,wk inc flu hosp,2026-06-13,quantile,0.01,2,Georgia,Ensemble
2026-05-23,13,3,wk inc flu hosp,2026-06-13,quantile,0.025,3,Georgia,Ensemble
2026-05-23,13,3,wk inc flu hosp,2026-06-13,quantile,0.05,4,Georgia,Ensemble
2026-05-23,13,3,wk inc flu hosp,2026-06-13,quantile,0.1,6,Georgia,Ensemble
2026-05-23,13,3,wk inc flu hosp,2026-06-13,quantile,0.15,7,Georgia,Ensemble
2026-05-23,13,3,wk inc flu hosp,2026-06-13,quantile,0.2,8,Georgia,Ensemble
2026-05-23,13,3,wk inc flu hosp,2026-06-13,quantile,0.25,10,Georgia,Ensemble
2026-05-23,13,3,wk inc flu hosp,2026-06-13,quantile,0.3,11,Georgia,Ensemble
2026-05-23,13,3,wk inc flu hosp,2026-06-13,quantile,0.35,12,Georgia,Ensemble
2026-05-23,13,3,wk inc flu hosp,2026-06-13,quantile,0.4,13,Georgia,Ensemble
2026-05-23,13,3,wk inc flu hosp,2026-06-13,quantile,0.45,14,Georgia,Ensemble
2026-05-23,13,3,wk inc flu hosp,2026-06-13,quantile,0.5,17,Georgia,Ensemble
2026-05-23,13,3,wk inc flu hosp,2026-06-13,quantile,0.55,18,Georgia,Ensemble
2026-05-23,13,3,wk inc flu hosp,2026-06-13,quantile,0.6,20,Georgia,Ensemble
2026-05-23,13,3,wk inc flu hosp,2026-06-13,quantile,0.65,21,Georgia,Ensemble
2026-05-23,13,3,wk inc flu hosp,2026-06-13,quantile,0.7,23,Georgia,Ensemble
2026-05-23,13,3,wk inc flu hosp,2026-06-13,quantile,0.75,25,Georgia,Ensemble
2026-05-23,13,3,wk inc flu hosp,2026-06-13,quantile,0.8,29,Georgia,Ensemble
2026-05-23,13,3,wk inc flu hosp,2026-06-13,quantile,0.85,33,Georgia,Ensemble
2026-05-23,13,3,wk inc flu hosp,2026-06-13,quantile,0.9,41,Georgia,Ensemble
2026-05-23,13,3,wk inc flu hosp,2026-06-13,quantile,0.95,57,Georgia,Ensemble
2026-05-23,13,3,wk inc flu hosp,2026-06-13,quantile,0.975,75,Georgia,Ensemble
2026-05-23,13,3,wk inc flu hosp,2026-06-13,quantile,0.99,101,Georgia,Ensemble
2026-05-23,15,0,wk inc flu hosp,2026-05-23,quantile,0.01,0,Hawaii,Ensemble
2026-05-23,15,0,wk inc flu hosp,2026-05-23,quantile,0.025,1,Hawaii,Ensemble
2026-05-23,15,0,wk inc flu hosp,2026-05-23,quantile,0.05,1,Hawaii,Ensemble
2026-05-23,15,0,wk inc flu hosp,2026-05-23,quantile,0.1,2,Hawaii,Ensemble
2026-05-23,15,0,wk inc flu hosp,2026-05-23,quantile,0.15,3,Hawaii,Ensemble
2026-05-23,15,0,wk inc flu hosp,2026-05-23,quantile,0.2,3,Hawaii,Ensemble
2026-05-23,15,0,wk inc flu hosp,2026-05-23,quantile,0.25,4,Hawaii,Ensemble
2026-05-23,15,0,wk inc flu hosp,2026-05-23,quantile,0.3,4,Hawaii,Ensemble
2026-05-23,15,0,wk inc flu hosp,2026-05-23,quantile,0.35,5,Hawaii,Ensemble
2026-05-23,15,0,wk inc flu hosp,2026-05-23,quantile,0.4,5,Hawaii,Ensemble
2026-05-23,15,0,wk inc flu hosp,2026-05-23,quantile,0.45,5,Hawaii,Ensemble
2026-05-23,15,0,wk inc flu hosp,2026-05-23,quantile,0.5,7,Hawaii,Ensemble
2026-05-23,15,0,wk inc flu hosp,2026-05-23,quantile,0.55,7,Hawaii,Ensemble
2026-05-23,15,0,wk inc flu hosp,2026-05-23,quantile,0.6,8,Hawaii,Ensemble
2026-05-23,15,0,wk inc flu hosp,2026-05-23,quantile,0.65,8,Hawaii,Ensemble
2026-05-23,15,0,wk inc flu hosp,2026-05-23,quantile,0.7,9,Hawaii,Ensemble
2026-05-23,15,0,wk inc flu hosp,2026-05-23,quantile,0.75,10,Hawaii,Ensemble
2026-05-23,15,0,wk inc flu hosp,2026-05-23,quantile,0.8,11,Hawaii,Ensemble
2026-05-23,15,0,wk inc flu hosp,2026-05-23,quantile,0.85,12,Hawaii,Ensemble
2026-05-23,15,0,wk inc flu hosp,2026-05-23,quantile,0.9,13,Hawaii,Ensemble
2026-05-23,15,0,wk inc flu hosp,2026-05-23,quantile,0.95,16,Hawaii,Ensemble
2026-05-23,15,0,wk inc flu hosp,2026-05-23,quantile,0.975,19,Hawaii,Ensemble
2026-05-23,15,0,wk inc flu hosp,2026-05-23,quantile,0.99,24,Hawaii,Ensemble
2026-05-23,15,1,wk inc flu hosp,2026-05-30,quantile,0.01,0,Hawaii,Ensemble
2026-05-23,15,1,wk inc flu hosp,2026-05-30,quantile,0.025,0,Hawaii,Ensemble
2026-05-23,15,1,wk inc flu hosp,2026-05-30,quantile,0.05,1,Hawaii,Ensemble
2026-05-23,15,1,wk inc flu hosp,2026-05-30,quantile,0.1,2,Hawaii,Ensemble
2026-05-23,15,1,wk inc flu hosp,2026-05-30,quantile,0.15,2,Hawaii,Ensemble
2026-05-23,15,1,wk inc flu hosp,2026-05-30,quantile,0.2,3,Hawaii,Ensemble
2026-05-23,15,1,wk inc flu hosp,2026-05-30,quantile,0.25,3,Hawaii,Ensemble
2026-05-23,15,1,wk inc flu hosp,2026-05-30,quantile,0.3,4,Hawaii,Ensemble
2026-05-23,15,1,wk inc flu hosp,2026-05-30,quantile,0.35,4,Hawaii,Ensemble
2026-05-23,15,1,wk inc flu hosp,2026-05-30,quantile,0.4,5,Hawaii,Ensemble
2026-05-23,15,1,wk inc flu hosp,2026-05-30,quantile,0.45,5,Hawaii,Ensemble
2026-05-23,15,1,wk inc flu hosp,2026-05-30,quantile,0.5,7,Hawaii,Ensemble
2026-05-23,15,1,wk inc flu hosp,2026-05-30,quantile,0.55,7,Hawaii,Ensemble
2026-05-23,15,1,wk inc flu hosp,2026-05-30,quantile,0.6,8,Hawaii,Ensemble
2026-05-23,15,1,wk inc flu hosp,2026-05-30,quantile,0.65,8,Hawaii,Ensemble
2026-05-23,15,1,wk inc flu hosp,2026-05-30,quantile,0.7,9,Hawaii,Ensemble
2026-05-23,15,1,wk inc flu hosp,2026-05-30,quantile,0.75,10,Hawaii,Ensemble
2026-05-23,15,1,wk inc flu hosp,2026-05-30,quantile,0.8,11,Hawaii,Ensemble
2026-05-23,15,1,wk inc flu hosp,2026-05-30,quantile,0.85,12,Hawaii,Ensemble
2026-05-23,15,1,wk inc flu hosp,2026-05-30,quantile,0.9,14,Hawaii,Ensemble
2026-05-23,15,1,wk inc flu hosp,2026-05-30,quantile,0.95,18,Hawaii,Ensemble
2026-05-23,15,1,wk inc flu hosp,2026-05-30,quantile,0.975,23,Hawaii,Ensemble
2026-05-23,15,1,wk inc flu hosp,2026-05-30,quantile,0.99,31,Hawaii,Ensemble
2026-05-23,15,2,wk inc flu hosp,2026-06-06,quantile,0.01,0,Hawaii,Ensemble
2026-05-23,15,2,wk inc flu hosp,2026-06-06,quantile,0.025,0,Hawaii,Ensemble
2026-05-23,15,2,wk inc flu hosp,2026-06-06,quantile,0.05,1,Hawaii,Ensemble
2026-05-23,15,2,wk inc flu hosp,2026-06-06,quantile,0.1,1,Hawaii,Ensemble
2026-05-23,15,2,wk inc flu hosp,2026-06-06,quantile,0.15,2,Hawaii,Ensemble
2026-05-23,15,2,wk inc flu hosp,2026-06-06,quantile,0.2,2,Hawaii,Ensemble
2026-05-23,15,2,wk inc flu hosp,2026-06-06,quantile,0.25,3,Hawaii,Ensemble
2026-05-23,15,2,wk inc flu hosp,2026-06-06,quantile,0.3,3,Hawaii,Ensemble
2026-05-23,15,2,wk inc flu hosp,2026-06-06,quantile,0.35,4,Hawaii,Ensemble
2026-05-23,15,2,wk inc flu hosp,2026-06-06,quantile,0.4,4,Hawaii,Ensemble
2026-05-23,15,2,wk inc flu hosp,2026-06-06,quantile,0.45,5,Hawaii,Ensemble
2026-05-23,15,2,wk inc flu hosp,2026-06-06,quantile,0.5,6,Hawaii,Ensemble
2026-05-23,15,2,wk inc flu hosp,2026-06-06,quantile,0.55,7,Hawaii,Ensemble
2026-05-23,15,2,wk inc flu hosp,2026-06-06,quantile,0.6,7,Hawaii,Ensemble
2026-05-23,15,2,wk inc flu hosp,2026-06-06,quantile,0.65,8,Hawaii,Ensemble
2026-05-23,15,2,wk inc flu hosp,2026-06-06,quantile,0.7,9,Hawaii,Ensemble
2026-05-23,15,2,wk inc flu hosp,2026-06-06,quantile,0.75,10,Hawaii,Ensemble
2026-05-23,15,2,wk inc flu hosp,2026-06-06,quantile,0.8,11,Hawaii,Ensemble
2026-05-23,15,2,wk inc flu hosp,2026-06-06,quantile,0.85,12,Hawaii,Ensemble
2026-05-23,15,2,wk inc flu hosp,2026-06-06,quantile,0.9,15,Hawaii,Ensemble
2026-05-23,15,2,wk inc flu hosp,2026-06-06,quantile,0.95,19,Hawaii,Ensemble
2026-05-23,15,2,wk inc flu hosp,2026-06-06,quantile,0.975,24,Hawaii,Ensemble
2026-05-23,15,2,wk inc flu hosp,2026-06-06,quantile,0.99,31,Hawaii,Ensemble
2026-05-23,15,3,wk inc flu hosp,2026-06-13,quantile,0.01,0,Hawaii,Ensemble
2026-05-23,15,3,wk inc flu hosp,2026-06-13,quantile,0.025,0,Hawaii,Ensemble
2026-05-23,15,3,wk inc flu hosp,2026-06-13,quantile,0.05,0,Hawaii,Ensemble
2026-05-23,15,3,wk inc flu hosp,2026-06-13,quantile,0.1,1,Hawaii,Ensemble
2026-05-23,15,3,wk inc flu hosp,2026-06-13,quantile,0.15,1,Hawaii,Ensemble
2026-05-23,15,3,wk inc flu hosp,2026-06-13,quantile,0.2,2,Hawaii,Ensemble
2026-05-23,15,3,wk inc flu hosp,2026-06-13,quantile,0.25,3,Hawaii,Ensemble
2026-05-23,15,3,wk inc flu hosp,2026-06-13,quantile,0.3,3,Hawaii,Ensemble
2026-05-23,15,3,wk inc flu hosp,2026-06-13,quantile,0.35,4,Hawaii,Ensemble
2026-05-23,15,3,wk inc flu hosp,2026-06-13,quantile,0.4,4,Hawaii,Ensemble
2026-05-23,15,3,wk inc flu hosp,2026-06-13,quantile,0.45,5,Hawaii,Ensemble
2026-05-23,15,3,wk inc flu hosp,2026-06-13,quantile,0.5,6,Hawaii,Ensemble
2026-05-23,15,3,wk inc flu hosp,2026-06-13,quantile,0.55,7,Hawaii,Ensemble
2026-05-23,15,3,wk inc flu hosp,2026-06-13,quantile,0.6,8,Hawaii,Ensemble
2026-05-23,15,3,wk inc flu hosp,2026-06-13,quantile,0.65,8,Hawaii,Ensemble
2026-05-23,15,3,wk inc flu hosp,2026-06-13,quantile,0.7,9,Hawaii,Ensemble
2026-05-23,15,3,wk inc flu hosp,2026-06-13,quantile,0.75,10,Hawaii,Ensemble
2026-05-23,15,3,wk inc flu hosp,2026-06-13,quantile,0.8,12,Hawaii,Ensemble
2026-05-23,15,3,wk inc flu hosp,2026-06-13,quantile,0.85,14,Hawaii,Ensemble
2026-05-23,15,3,wk inc flu hosp,2026-06-13,quantile,0.9,16,Hawaii,Ensemble
2026-05-23,15,3,wk inc flu hosp,2026-06-13,quantile,0.95,22,Hawaii,Ensemble
2026-05-23,15,3,wk inc flu hosp,2026-06-13,quantile,0.975,28,Hawaii,Ensemble
2026-05-23,15,3,wk inc flu hosp,2026-06-13,quantile,0.99,37,Hawaii,Ensemble
2026-05-23,16,0,wk inc flu hosp,2026-05-23,quantile,0.01,0,Idaho,Ensemble
2026-05-23,16,0,wk inc flu hosp,2026-05-23,quantile,0.025,0,Idaho,Ensemble
2026-05-23,16,0,wk inc flu hosp,2026-05-23,quantile,0.05,1,Idaho,Ensemble
2026-05-23,16,0,wk inc flu hosp,2026-05-23,quantile,0.1,2,Idaho,Ensemble
2026-05-23,16,0,wk inc flu hosp,2026-05-23,quantile,0.15,2,Idaho,Ensemble
2026-05-23,16,0,wk inc flu hosp,2026-05-23,quantile,0.2,3,Idaho,Ensemble
2026-05-23,16,0,wk inc flu hosp,2026-05-23,quantile,0.25,3,Idaho,Ensemble
2026-05-23,16,0,wk inc flu hosp,2026-05-23,quantile,0.3,3,Idaho,Ensemble
2026-05-23,16,0,wk inc flu hosp,2026-05-23,quantile,0.35,4,Idaho,Ensemble
2026-05-23,16,0,wk inc flu hosp,2026-05-23,quantile,0.4,4,Idaho,Ensemble
2026-05-23,16,0,wk inc flu hosp,2026-05-23,quantile,0.45,4,Idaho,Ensemble
2026-05-23,16,0,wk inc flu hosp,2026-05-23,quantile,0.5,6,Idaho,Ensemble
2026-05-23,16,0,wk inc flu hosp,2026-05-23,quantile,0.55,6,Idaho,Ensemble
2026-05-23,16,0,wk inc flu hosp,2026-05-23,quantile,0.6,7,Idaho,Ensemble
2026-05-23,16,0,wk inc flu hosp,2026-05-23,quantile,0.65,7,Idaho,Ensemble
2026-05-23,16,0,wk inc flu hosp,2026-05-23,quantile,0.7,8,Idaho,Ensemble
2026-05-23,16,0,wk inc flu hosp,2026-05-23,quantile,0.75,8,Idaho,Ensemble
2026-05-23,16,0,wk inc flu hosp,2026-05-23,quantile,0.8,9,Idaho,Ensemble
2026-05-23,16,0,wk inc flu hosp,2026-05-23,quantile,0.85,10,Idaho,Ensemble
2026-05-23,16,0,wk inc flu hosp,2026-05-23,quantile,0.9,11,Idaho,Ensemble
2026-05-23,16,0,wk inc flu hosp,2026-05-23,quantile,0.95,14,Idaho,Ensemble
2026-05-23,16,0,wk inc flu hosp,2026-05-23,quantile,0.975,17,Idaho,Ensemble
2026-05-23,16,0,wk inc flu hosp,2026-05-23,quantile,0.99,23,Idaho,Ensemble
2026-05-23,16,1,wk inc flu hosp,2026-05-30,quantile,0.01,0,Idaho,Ensemble
2026-05-23,16,1,wk inc flu hosp,2026-05-30,quantile,0.025,0,Idaho,Ensemble
2026-05-23,16,1,wk inc flu hosp,2026-05-30,quantile,0.05,0,Idaho,Ensemble
2026-05-23,16,1,wk inc flu hosp,2026-05-30,quantile,0.1,1,Idaho,Ensemble
2026-05-23,16,1,wk inc flu hosp,2026-05-30,quantile,0.15,1,Idaho,Ensemble
2026-05-23,16,1,wk inc flu hosp,2026-05-30,quantile,0.2,2,Idaho,Ensemble
2026-05-23,16,1,wk inc flu hosp,2026-05-30,quantile,0.25,2,Idaho,Ensemble
2026-05-23,16,1,wk inc flu hosp,2026-05-30,quantile,0.3,3,Idaho,Ensemble
2026-05-23,16,1,wk inc flu hosp,2026-05-30,quantile,0.35,3,Idaho,Ensemble
2026-05-23,16,1,wk inc flu hosp,2026-05-30,quantile,0.4,3,Idaho,Ensemble
2026-05-23,16,1,wk inc flu hosp,2026-05-30,quantile,0.45,4,Idaho,Ensemble
2026-05-23,16,1,wk inc flu hosp,2026-05-30,quantile,0.5,5,Idaho,Ensemble
2026-05-23,16,1,wk inc flu hosp,2026-05-30,quantile,0.55,6,Idaho,Ensemble
2026-05-23,16,1,wk inc flu hosp,2026-05-30,quantile,0.6,6,Idaho,Ensemble
2026-05-23,16,1,wk inc flu hosp,2026-05-30,quantile,0.65,6,Idaho,Ensemble
2026-05-23,16,1,wk inc flu hosp,2026-05-30,quantile,0.7,7,Idaho,Ensemble
2026-05-23,16,1,wk inc flu hosp,2026-05-30,quantile,0.75,8,Idaho,Ensemble
2026-05-23,16,1,wk inc flu hosp,2026-05-30,quantile,0.8,8,Idaho,Ensemble
2026-05-23,16,1,wk inc flu hosp,2026-05-30,quantile,0.85,9,Idaho,Ensemble
2026-05-23,16,1,wk inc flu hosp,2026-05-30,quantile,0.9,11,Idaho,Ensemble
2026-05-23,16,1,wk inc flu hosp,2026-05-30,quantile,0.95,14,Idaho,Ensemble
2026-05-23,16,1,wk inc flu hosp,2026-05-30,quantile,0.975,18,Idaho,Ensemble
2026-05-23,16,1,wk inc flu hosp,2026-05-30,quantile,0.99,24,Idaho,Ensemble
2026-05-23,16,2,wk inc flu hosp,2026-06-06,quantile,0.01,0,Idaho,Ensemble
2026-05-23,16,2,wk inc flu hosp,2026-06-06,quantile,0.025,0,Idaho,Ensemble
2026-05-23,16,2,wk inc flu hosp,2026-06-06,quantile,0.05,0,Idaho,Ensemble
2026-05-23,16,2,wk inc flu hosp,2026-06-06,quantile,0.1,1,Idaho,Ensemble
2026-05-23,16,2,wk inc flu hosp,2026-06-06,quantile,0.15,1,Idaho,Ensemble
2026-05-23,16,2,wk inc flu hosp,2026-06-06,quantile,0.2,2,Idaho,Ensemble
2026-05-23,16,2,wk inc flu hosp,2026-06-06,quantile,0.25,2,Idaho,Ensemble
2026-05-23,16,2,wk inc flu hosp,2026-06-06,quantile,0.3,2,Idaho,Ensemble
2026-05-23,16,2,wk inc flu hosp,2026-06-06,quantile,0.35,3,Idaho,Ensemble
2026-05-23,16,2,wk inc flu hosp,2026-06-06,quantile,0.4,3,Idaho,Ensemble
2026-05-23,16,2,wk inc flu hosp,2026-06-06,quantile,0.45,3,Idaho,Ensemble
2026-05-23,16,2,wk inc flu hosp,2026-06-06,quantile,0.5,5,Idaho,Ensemble
2026-05-23,16,2,wk inc flu hosp,2026-06-06,quantile,0.55,5,Idaho,Ensemble
2026-05-23,16,2,wk inc flu hosp,2026-06-06,quantile,0.6,5,Idaho,Ensemble
2026-05-23,16,2,wk inc flu hosp,2026-06-06,quantile,0.65,6,Idaho,Ensemble
2026-05-23,16,2,wk inc flu hosp,2026-06-06,quantile,0.7,6,Idaho,Ensemble
2026-05-23,16,2,wk inc flu hosp,2026-06-06,quantile,0.75,7,Idaho,Ensemble
2026-05-23,16,2,wk inc flu hosp,2026-06-06,quantile,0.8,8,Idaho,Ensemble
2026-05-23,16,2,wk inc flu hosp,2026-06-06,quantile,0.85,9,Idaho,Ensemble
2026-05-23,16,2,wk inc flu hosp,2026-06-06,quantile,0.9,11,Idaho,Ensemble
2026-05-23,16,2,wk inc flu hosp,2026-06-06,quantile,0.95,14,Idaho,Ensemble
2026-05-23,16,2,wk inc flu hosp,2026-06-06,quantile,0.975,19,Idaho,Ensemble
2026-05-23,16,2,wk inc flu hosp,2026-06-06,quantile,0.99,26,Idaho,Ensemble
2026-05-23,16,3,wk inc flu hosp,2026-06-13,quantile,0.01,0,Idaho,Ensemble
2026-05-23,16,3,wk inc flu hosp,2026-06-13,quantile,0.025,0,Idaho,Ensemble
2026-05-23,16,3,wk inc flu hosp,2026-06-13,quantile,0.05,0,Idaho,Ensemble
2026-05-23,16,3,wk inc flu hosp,2026-06-13,quantile,0.1,0,Idaho,Ensemble
2026-05-23,16,3,wk inc flu hosp,2026-06-13,quantile,0.15,1,Idaho,Ensemble
2026-05-23,16,3,wk inc flu hosp,2026-06-13,quantile,0.2,1,Idaho,Ensemble
2026-05-23,16,3,wk inc flu hosp,2026-06-13,quantile,0.25,2,Idaho,Ensemble
2026-05-23,16,3,wk inc flu hosp,2026-06-13,quantile,0.3,2,Idaho,Ensemble
2026-05-23,16,3,wk inc flu hosp,2026-06-13,quantile,0.35,2,Idaho,Ensemble
2026-05-23,16,3,wk inc flu hosp,2026-06-13,quantile,0.4,2,Idaho,Ensemble
2026-05-23,16,3,wk inc flu hosp,2026-06-13,quantile,0.45,3,Idaho,Ensemble
2026-05-23,16,3,wk inc flu hosp,2026-06-13,quantile,0.5,4,Idaho,Ensemble
2026-05-23,16,3,wk inc flu hosp,2026-06-13,quantile,0.55,4,Idaho,Ensemble
2026-05-23,16,3,wk inc flu hosp,2026-06-13,quantile,0.6,5,Idaho,Ensemble
2026-05-23,16,3,wk inc flu hosp,2026-06-13,quantile,0.65,5,Idaho,Ensemble
2026-05-23,16,3,wk inc flu hosp,2026-06-13,quantile,0.7,6,Idaho,Ensemble
2026-05-23,16,3,wk inc flu hosp,2026-06-13,quantile,0.75,7,Idaho,Ensemble
2026-05-23,16,3,wk inc flu hosp,2026-06-13,quantile,0.8,8,Idaho,Ensemble
2026-05-23,16,3,wk inc flu hosp,2026-06-13,quantile,0.85,9,Idaho,Ensemble
2026-05-23,16,3,wk inc flu hosp,2026-06-13,quantile,0.9,11,Idaho,Ensemble
2026-05-23,16,3,wk inc flu hosp,2026-06-13,quantile,0.95,16,Idaho,Ensemble
2026-05-23,16,3,wk inc flu hosp,2026-06-13,quantile,0.975,21,Idaho,Ensemble
2026-05-23,16,3,wk inc flu hosp,2026-06-13,quantile,0.99,31,Idaho,Ensemble
2026-05-23,17,0,wk inc flu hosp,2026-05-23,quantile,0.01,2,Illinois,Ensemble
2026-05-23,17,0,wk inc flu hosp,2026-05-23,quantile,0.025,3,Illinois,Ensemble
2026-05-23,17,0,wk inc flu hosp,2026-05-23,quantile,0.05,5,Illinois,Ensemble
2026-05-23,17,0,wk inc flu hosp,2026-05-23,quantile,0.1,6,Illinois,Ensemble
2026-05-23,17,0,wk inc flu hosp,2026-05-23,quantile,0.15,8,Illinois,Ensemble
2026-05-23,17,0,wk inc flu hosp,2026-05-23,quantile,0.2,9,Illinois,Ensemble
2026-05-23,17,0,wk inc flu hosp,2026-05-23,quantile,0.25,10,Illinois,Ensemble
2026-05-23,17,0,wk inc flu hosp,2026-05-23,quantile,0.3,11,Illinois,Ensemble
2026-05-23,17,0,wk inc flu hosp,2026-05-23,quantile,0.35,12,Illinois,Ensemble
2026-05-23,17,0,wk inc flu hosp,2026-05-23,quantile,0.4,14,Illinois,Ensemble
2026-05-23,17,0,wk inc flu hosp,2026-05-23,quantile,0.45,15,Illinois,Ensemble
2026-05-23,17,0,wk inc flu hosp,2026-05-23,quantile,0.5,17,Illinois,Ensemble
2026-05-23,17,0,wk inc flu hosp,2026-05-23,quantile,0.55,18,Illinois,Ensemble
2026-05-23,17,0,wk inc flu hosp,2026-05-23,quantile,0.6,20,Illinois,Ensemble
2026-05-23,17,0,wk inc flu hosp,2026-05-23,quantile,0.65,21,Illinois,Ensemble
2026-05-23,17,0,wk inc flu hosp,2026-05-23,quantile,0.7,23,Illinois,Ensemble
2026-05-23,17,0,wk inc flu hosp,2026-05-23,quantile,0.75,25,Illinois,Ensemble
2026-05-23,17,0,wk inc flu hosp,2026-05-23,quantile,0.8,27,Illinois,Ensemble
2026-05-23,17,0,wk inc flu hosp,2026-05-23,quantile,0.85,31,Illinois,Ensemble
2026-05-23,17,0,wk inc flu hosp,2026-05-23,quantile,0.9,36,Illinois,Ensemble
2026-05-23,17,0,wk inc flu hosp,2026-05-23,quantile,0.95,45,Illinois,Ensemble
2026-05-23,17,0,wk inc flu hosp,2026-05-23,quantile,0.975,56,Illinois,Ensemble
2026-05-23,17,0,wk inc flu hosp,2026-05-23,quantile,0.99,74,Illinois,Ensemble
2026-05-23,17,1,wk inc flu hosp,2026-05-30,quantile,0.01,2,Illinois,Ensemble
2026-05-23,17,1,wk inc flu hosp,2026-05-30,quantile,0.025,2,Illinois,Ensemble
2026-05-23,17,1,wk inc flu hosp,2026-05-30,quantile,0.05,4,Illinois,Ensemble
2026-05-23,17,1,wk inc flu hosp,2026-05-30,quantile,0.1,5,Illinois,Ensemble
2026-05-23,17,1,wk inc flu hosp,2026-05-30,quantile,0.15,6,Illinois,Ensemble
2026-05-23,17,1,wk inc flu hosp,2026-05-30,quantile,0.2,8,Illinois,Ensemble
2026-05-23,17,1,wk inc flu hosp,2026-05-30,quantile,0.25,9,Illinois,Ensemble
2026-05-23,17,1,wk inc flu hosp,2026-05-30,quantile,0.3,10,Illinois,Ensemble
2026-05-23,17,1,wk inc flu hosp,2026-05-30,quantile,0.35,11,Illinois,Ensemble
2026-05-23,17,1,wk inc flu hosp,2026-05-30,quantile,0.4,12,Illinois,Ensemble
2026-05-23,17,1,wk inc flu hosp,2026-05-30,quantile,0.45,13,Illinois,Ensemble
2026-05-23,17,1,wk inc flu hosp,2026-05-30,quantile,0.5,15,Illinois,Ensemble
2026-05-23,17,1,wk inc flu hosp,2026-05-30,quantile,0.55,17,Illinois,Ensemble
2026-05-23,17,1,wk inc flu hosp,2026-05-30,quantile,0.6,18,Illinois,Ensemble
2026-05-23,17,1,wk inc flu hosp,2026-05-30,quantile,0.65,19,Illinois,Ensemble
2026-05-23,17,1,wk inc flu hosp,2026-05-30,quantile,0.7,21,Illinois,Ensemble
2026-05-23,17,1,wk inc flu hosp,2026-05-30,quantile,0.75,23,Illinois,Ensemble
2026-05-23,17,1,wk inc flu hosp,2026-05-30,quantile,0.8,26,Illinois,Ensemble
2026-05-23,17,1,wk inc flu hosp,2026-05-30,quantile,0.85,30,Illinois,Ensemble
2026-05-23,17,1,wk inc flu hosp,2026-05-30,quantile,0.9,37,Illinois,Ensemble
2026-05-23,17,1,wk inc flu hosp,2026-05-30,quantile,0.95,49,Illinois,Ensemble
2026-05-23,17,1,wk inc flu hosp,2026-05-30,quantile,0.975,63,Illinois,Ensemble
2026-05-23,17,1,wk inc flu hosp,2026-05-30,quantile,0.99,84,Illinois,Ensemble
2026-05-23,17,2,wk inc flu hosp,2026-06-06,quantile,0.01,1,Illinois,Ensemble
2026-05-23,17,2,wk inc flu hosp,2026-06-06,quantile,0.025,2,Illinois,Ensemble
2026-05-23,17,2,wk inc flu hosp,2026-06-06,quantile,0.05,3,Illinois,Ensemble
2026-05-23,17,2,wk inc flu hosp,2026-06-06,quantile,0.1,4,Illinois,Ensemble
2026-05-23,17,2,wk inc flu hosp,2026-06-06,quantile,0.15,6,Illinois,Ensemble
2026-05-23,17,2,wk inc flu hosp,2026-06-06,quantile,0.2,7,Illinois,Ensemble
2026-05-23,17,2,wk inc flu hosp,2026-06-06,quantile,0.25,8,Illinois,Ensemble
2026-05-23,17,2,wk inc flu hosp,2026-06-06,quantile,0.3,8,Illinois,Ensemble
2026-05-23,17,2,wk inc flu hosp,2026-06-06,quantile,0.35,9,Illinois,Ensemble
2026-05-23,17,2,wk inc flu hosp,2026-06-06,quantile,0.4,11,Illinois,Ensemble
2026-05-23,17,2,wk inc flu hosp,2026-06-06,quantile,0.45,12,Illinois,Ensemble
2026-05-23,17,2,wk inc flu hosp,2026-06-06,quantile,0.5,14,Illinois,Ensemble
2026-05-23,17,2,wk inc flu hosp,2026-06-06,quantile,0.55,15,Illinois,Ensemble
2026-05-23,17,2,wk inc flu hosp,2026-06-06,quantile,0.6,16,Illinois,Ensemble
2026-05-23,17,2,wk inc flu hosp,2026-06-06,quantile,0.65,18,Illinois,Ensemble
2026-05-23,17,2,wk inc flu hosp,2026-06-06,quantile,0.7,19,Illinois,Ensemble
2026-05-23,17,2,wk inc flu hosp,2026-06-06,quantile,0.75,22,Illinois,Ensemble
2026-05-23,17,2,wk inc flu hosp,2026-06-06,quantile,0.8,25,Illinois,Ensemble
2026-05-23,17,2,wk inc flu hosp,2026-06-06,quantile,0.85,30,Illinois,Ensemble
2026-05-23,17,2,wk inc flu hosp,2026-06-06,quantile,0.9,38,Illinois,Ensemble
2026-05-23,17,2,wk inc flu hosp,2026-06-06,quantile,0.95,53,Illinois,Ensemble
2026-05-23,17,2,wk inc flu hosp,2026-06-06,quantile,0.975,72,Illinois,Ensemble
2026-05-23,17,2,wk inc flu hosp,2026-06-06,quantile,0.99,99,Illinois,Ensemble
2026-05-23,17,3,wk inc flu hosp,2026-06-13,quantile,0.01,1,Illinois,Ensemble
2026-05-23,17,3,wk inc flu hosp,2026-06-13,quantile,0.025,1,Illinois,Ensemble
2026-05-23,17,3,wk inc flu hosp,2026-06-13,quantile,0.05,2,Illinois,Ensemble
2026-05-23,17,3,wk inc flu hosp,2026-06-13,quantile,0.1,4,Illinois,Ensemble
2026-05-23,17,3,wk inc flu hosp,2026-06-13,quantile,0.15,5,Illinois,Ensemble
2026-05-23,17,3,wk inc flu hosp,2026-06-13,quantile,0.2,6,Illinois,Ensemble
2026-05-23,17,3,wk inc flu hosp,2026-06-13,quantile,0.25,7,Illinois,Ensemble
2026-05-23,17,3,wk inc flu hosp,2026-06-13,quantile,0.3,8,Illinois,Ensemble
2026-05-23,17,3,wk inc flu hosp,2026-06-13,quantile,0.35,9,Illinois,Ensemble
2026-05-23,17,3,wk inc flu hosp,2026-06-13,quantile,0.4,10,Illinois,Ensemble
2026-05-23,17,3,wk inc flu hosp,2026-06-13,quantile,0.45,11,Illinois,Ensemble
2026-05-23,17,3,wk inc flu hosp,2026-06-13,quantile,0.5,14,Illinois,Ensemble
2026-05-23,17,3,wk inc flu hosp,2026-06-13,quantile,0.55,15,Illinois,Ensemble
2026-05-23,17,3,wk inc flu hosp,2026-06-13,quantile,0.6,17,Illinois,Ensemble
2026-05-23,17,3,wk inc flu hosp,2026-06-13,quantile,0.65,18,Illinois,Ensemble
2026-05-23,17,3,wk inc flu hosp,2026-06-13,quantile,0.7,20,Illinois,Ensemble
2026-05-23,17,3,wk inc flu hosp,2026-06-13,quantile,0.75,23,Illinois,Ensemble
2026-05-23,17,3,wk inc flu hosp,2026-06-13,quantile,0.8,26,Illinois,Ensemble
2026-05-23,17,3,wk inc flu hosp,2026-06-13,quantile,0.85,32,Illinois,Ensemble
2026-05-23,17,3,wk inc flu hosp,2026-06-13,quantile,0.9,43,Illinois,Ensemble
2026-05-23,17,3,wk inc flu hosp,2026-06-13,quantile,0.95,64,Illinois,Ensemble
2026-05-23,17,3,wk inc flu hosp,2026-06-13,quantile,0.975,89,Illinois,Ensemble
2026-05-23,17,3,wk inc flu hosp,2026-06-13,quantile,0.99,129,Illinois,Ensemble
2026-05-23,18,0,wk inc flu hosp,2026-05-23,quantile,0.01,3,Indiana,Ensemble
2026-05-23,18,0,wk inc flu hosp,2026-05-23,quantile,0.025,4,Indiana,Ensemble
2026-05-23,18,0,wk inc flu hosp,2026-05-23,quantile,0.05,5,Indiana,Ensemble
2026-05-23,18,0,wk inc flu hosp,2026-05-23,quantile,0.1,7,Indiana,Ensemble
2026-05-23,18,0,wk inc flu hosp,2026-05-23,quantile,0.15,8,Indiana,Ensemble
2026-05-23,18,0,wk inc flu hosp,2026-05-23,quantile,0.2,10,Indiana,Ensemble
2026-05-23,18,0,wk inc flu hosp,2026-05-23,quantile,0.25,11,Indiana,Ensemble
2026-05-23,18,0,wk inc flu hosp,2026-05-23,quantile,0.3,12,Indiana,Ensemble
2026-05-23,18,0,wk inc flu hosp,2026-05-23,quantile,0.35,13,Indiana,Ensemble
2026-05-23,18,0,wk inc flu hosp,2026-05-23,quantile,0.4,14,Indiana,Ensemble
2026-05-23,18,0,wk inc flu hosp,2026-05-23,quantile,0.45,15,Indiana,Ensemble
2026-05-23,18,0,wk inc flu hosp,2026-05-23,quantile,0.5,16,Indiana,Ensemble
2026-05-23,18,0,wk inc flu hosp,2026-05-23,quantile,0.55,18,Indiana,Ensemble
2026-05-23,18,0,wk inc flu hosp,2026-05-23,quantile,0.6,19,Indiana,Ensemble
2026-05-23,18,0,wk inc flu hosp,2026-05-23,quantile,0.65,20,Indiana,Ensemble
2026-05-23,18,0,wk inc flu hosp,2026-05-23,quantile,0.7,21,Indiana,Ensemble
2026-05-23,18,0,wk inc flu hosp,2026-05-23,quantile,0.75,22,Indiana,Ensemble
2026-05-23,18,0,wk inc flu hosp,2026-05-23,quantile,0.8,25,Indiana,Ensemble
2026-05-23,18,0,wk inc flu hosp,2026-05-23,quantile,0.85,28,Indiana,Ensemble
2026-05-23,18,0,wk inc flu hosp,2026-05-23,quantile,0.9,33,Indiana,Ensemble
2026-05-23,18,0,wk inc flu hosp,2026-05-23,quantile,0.95,48,Indiana,Ensemble
2026-05-23,18,0,wk inc flu hosp,2026-05-23,quantile,0.975,117,Indiana,Ensemble
2026-05-23,18,0,wk inc flu hosp,2026-05-23,quantile,0.99,139,Indiana,Ensemble
2026-05-23,18,1,wk inc flu hosp,2026-05-30,quantile,0.01,2,Indiana,Ensemble
2026-05-23,18,1,wk inc flu hosp,2026-05-30,quantile,0.025,3,Indiana,Ensemble
2026-05-23,18,1,wk inc flu hosp,2026-05-30,quantile,0.05,4,Indiana,Ensemble
2026-05-23,18,1,wk inc flu hosp,2026-05-30,quantile,0.1,6,Indiana,Ensemble
2026-05-23,18,1,wk inc flu hosp,2026-05-30,quantile,0.15,7,Indiana,Ensemble
2026-05-23,18,1,wk inc flu hosp,2026-05-30,quantile,0.2,8,Indiana,Ensemble
2026-05-23,18,1,wk inc flu hosp,2026-05-30,quantile,0.25,9,Indiana,Ensemble
2026-05-23,18,1,wk inc flu hosp,2026-05-30,quantile,0.3,10,Indiana,Ensemble
2026-05-23,18,1,wk inc flu hosp,2026-05-30,quantile,0.35,11,Indiana,Ensemble
2026-05-23,18,1,wk inc flu hosp,2026-05-30,quantile,0.4,12,Indiana,Ensemble
2026-05-23,18,1,wk inc flu hosp,2026-05-30,quantile,0.45,14,Indiana,Ensemble
2026-05-23,18,1,wk inc flu hosp,2026-05-30,quantile,0.5,16,Indiana,Ensemble
2026-05-23,18,1,wk inc flu hosp,2026-05-30,quantile,0.55,16,Indiana,Ensemble
2026-05-23,18,1,wk inc flu hosp,2026-05-30,quantile,0.6,18,Indiana,Ensemble
2026-05-23,18,1,wk inc flu hosp,2026-05-30,quantile,0.65,19,Indiana,Ensemble
2026-05-23,18,1,wk inc flu hosp,2026-05-30,quantile,0.7,20,Indiana,Ensemble
2026-05-23,18,1,wk inc flu hosp,2026-05-30,quantile,0.75,22,Indiana,Ensemble
2026-05-23,18,1,wk inc flu hosp,2026-05-30,quantile,0.8,25,Indiana,Ensemble
2026-05-23,18,1,wk inc flu hosp,2026-05-30,quantile,0.85,29,Indiana,Ensemble
2026-05-23,18,1,wk inc flu hosp,2026-05-30,quantile,0.9,36,Indiana,Ensemble
2026-05-23,18,1,wk inc flu hosp,2026-05-30,quantile,0.95,69,Indiana,Ensemble
2026-05-23,18,1,wk inc flu hosp,2026-05-30,quantile,0.975,88,Indiana,Ensemble
2026-05-23,18,1,wk inc flu hosp,2026-05-30,quantile,0.99,109,Indiana,Ensemble
2026-05-23,18,2,wk inc flu hosp,2026-06-06,quantile,0.01,2,Indiana,Ensemble
2026-05-23,18,2,wk inc flu hosp,2026-06-06,quantile,0.025,2,Indiana,Ensemble
2026-05-23,18,2,wk inc flu hosp,2026-06-06,quantile,0.05,4,Indiana,Ensemble
2026-05-23,18,2,wk inc flu hosp,2026-06-06,quantile,0.1,5,Indiana,Ensemble
2026-05-23,18,2,wk inc flu hosp,2026-06-06,quantile,0.15,6,Indiana,Ensemble
2026-05-23,18,2,wk inc flu hosp,2026-06-06,quantile,0.2,7,Indiana,Ensemble
2026-05-23,18,2,wk inc flu hosp,2026-06-06,quantile,0.25,8,Indiana,Ensemble
2026-05-23,18,2,wk inc flu hosp,2026-06-06,quantile,0.3,9,Indiana,Ensemble
2026-05-23,18,2,wk inc flu hosp,2026-06-06,quantile,0.35,10,Indiana,Ensemble
2026-05-23,18,2,wk inc flu hosp,2026-06-06,quantile,0.4,11,Indiana,Ensemble
2026-05-23,18,2,wk inc flu hosp,2026-06-06,quantile,0.45,12,Indiana,Ensemble
2026-05-23,18,2,wk inc flu hosp,2026-06-06,quantile,0.5,15,Indiana,Ensemble
2026-05-23,18,2,wk inc flu hosp,2026-06-06,quantile,0.55,16,Indiana,Ensemble
2026-05-23,18,2,wk inc flu hosp,2026-06-06,quantile,0.6,16,Indiana,Ensemble
2026-05-23,18,2,wk inc flu hosp,2026-06-06,quantile,0.65,18,Indiana,Ensemble
2026-05-23,18,2,wk inc flu hosp,2026-06-06,quantile,0.7,19,Indiana,Ensemble
2026-05-23,18,2,wk inc flu hosp,2026-06-06,quantile,0.75,21,Indiana,Ensemble
2026-05-23,18,2,wk inc flu hosp,2026-06-06,quantile,0.8,23,Indiana,Ensemble
2026-05-23,18,2,wk inc flu hosp,2026-06-06,quantile,0.85,26,Indiana,Ensemble
2026-05-23,18,2,wk inc flu hosp,2026-06-06,quantile,0.9,31,Indiana,Ensemble
2026-05-23,18,2,wk inc flu hosp,2026-06-06,quantile,0.95,41,Indiana,Ensemble
2026-05-23,18,2,wk inc flu hosp,2026-06-06,quantile,0.975,53,Indiana,Ensemble
2026-05-23,18,2,wk inc flu hosp,2026-06-06,quantile,0.99,69,Indiana,Ensemble
2026-05-23,18,3,wk inc flu hosp,2026-06-13,quantile,0.01,1,Indiana,Ensemble
2026-05-23,18,3,wk inc flu hosp,2026-06-13,quantile,0.025,2,Indiana,Ensemble
2026-05-23,18,3,wk inc flu hosp,2026-06-13,quantile,0.05,3,Indiana,Ensemble
2026-05-23,18,3,wk inc flu hosp,2026-06-13,quantile,0.1,4,Indiana,Ensemble
2026-05-23,18,3,wk inc flu hosp,2026-06-13,quantile,0.15,5,Indiana,Ensemble
2026-05-23,18,3,wk inc flu hosp,2026-06-13,quantile,0.2,7,Indiana,Ensemble
2026-05-23,18,3,wk inc flu hosp,2026-06-13,quantile,0.25,8,Indiana,Ensemble
2026-05-23,18,3,wk inc flu hosp,2026-06-13,quantile,0.3,9,Indiana,Ensemble
2026-05-23,18,3,wk inc flu hosp,2026-06-13,quantile,0.35,10,Indiana,Ensemble
2026-05-23,18,3,wk inc flu hosp,2026-06-13,quantile,0.4,11,Indiana,Ensemble
2026-05-23,18,3,wk inc flu hosp,2026-06-13,quantile,0.45,12,Indiana,Ensemble
2026-05-23,18,3,wk inc flu hosp,2026-06-13,quantile,0.5,14,Indiana,Ensemble
2026-05-23,18,3,wk inc flu hosp,2026-06-13,quantile,0.55,15,Indiana,Ensemble
2026-05-23,18,3,wk inc flu hosp,2026-06-13,quantile,0.6,16,Indiana,Ensemble
2026-05-23,18,3,wk inc flu hosp,2026-06-13,quantile,0.65,17,Indiana,Ensemble
2026-05-23,18,3,wk inc flu hosp,2026-06-13,quantile,0.7,18,Indiana,Ensemble
2026-05-23,18,3,wk inc flu hosp,2026-06-13,quantile,0.75,21,Indiana,Ensemble
2026-05-23,18,3,wk inc flu hosp,2026-06-13,quantile,0.8,24,Indiana,Ensemble
2026-05-23,18,3,wk inc flu hosp,2026-06-13,quantile,0.85,28,Indiana,Ensemble
2026-05-23,18,3,wk inc flu hosp,2026-06-13,quantile,0.9,36,Indiana,Ensemble
2026-05-23,18,3,wk inc flu hosp,2026-06-13,quantile,0.95,50,Indiana,Ensemble
2026-05-23,18,3,wk inc flu hosp,2026-06-13,quantile,0.975,67,Indiana,Ensemble
2026-05-23,18,3,wk inc flu hosp,2026-06-13,quantile,0.99,91,Indiana,Ensemble
2026-05-23,19,0,wk inc flu hosp,2026-05-23,quantile,0.01,0,Iowa,Ensemble
2026-05-23,19,0,wk inc flu hosp,2026-05-23,quantile,0.025,0,Iowa,Ensemble
2026-05-23,19,0,wk inc flu hosp,2026-05-23,quantile,0.05,0,Iowa,Ensemble
2026-05-23,19,0,wk inc flu hosp,2026-05-23,quantile,0.1,0,Iowa,Ensemble
2026-05-23,19,0,wk inc flu hosp,2026-05-23,quantile,0.15,1,Iowa,Ensemble
2026-05-23,19,0,wk inc flu hosp,2026-05-23,quantile,0.2,1,Iowa,Ensemble
2026-05-23,19,0,wk inc flu hosp,2026-05-23,quantile,0.25,1,Iowa,Ensemble
2026-05-23,19,0,wk inc flu hosp,2026-05-23,quantile,0.3,2,Iowa,Ensemble
2026-05-23,19,0,wk inc flu hosp,2026-05-23,quantile,0.35,2,Iowa,Ensemble
2026-05-23,19,0,wk inc flu hosp,2026-05-23,quantile,0.4,2,Iowa,Ensemble
2026-05-23,19,0,wk inc flu hosp,2026-05-23,quantile,0.45,3,Iowa,Ensemble
2026-05-23,19,0,wk inc flu hosp,2026-05-23,quantile,0.5,4,Iowa,Ensemble
2026-05-23,19,0,wk inc flu hosp,2026-05-23,quantile,0.55,4,Iowa,Ensemble
2026-05-23,19,0,wk inc flu hosp,2026-05-23,quantile,0.6,4,Iowa,Ensemble
2026-05-23,19,0,wk inc flu hosp,2026-05-23,quantile,0.65,5,Iowa,Ensemble
2026-05-23,19,0,wk inc flu hosp,2026-05-23,quantile,0.7,5,Iowa,Ensemble
2026-05-23,19,0,wk inc flu hosp,2026-05-23,quantile,0.75,6,Iowa,Ensemble
2026-05-23,19,0,wk inc flu hosp,2026-05-23,quantile,0.8,6,Iowa,Ensemble
2026-05-23,19,0,wk inc flu hosp,2026-05-23,quantile,0.85,7,Iowa,Ensemble
2026-05-23,19,0,wk inc flu hosp,2026-05-23,quantile,0.9,8,Iowa,Ensemble
2026-05-23,19,0,wk inc flu hosp,2026-05-23,quantile,0.95,11,Iowa,Ensemble
2026-05-23,19,0,wk inc flu hosp,2026-05-23,quantile,0.975,13,Iowa,Ensemble
2026-05-23,19,0,wk inc flu hosp,2026-05-23,quantile,0.99,17,Iowa,Ensemble
2026-05-23,19,1,wk inc flu hosp,2026-05-30,quantile,0.01,0,Iowa,Ensemble
2026-05-23,19,1,wk inc flu hosp,2026-05-30,quantile,0.025,0,Iowa,Ensemble
2026-05-23,19,1,wk inc flu hosp,2026-05-30,quantile,0.05,0,Iowa,Ensemble
2026-05-23,19,1,wk inc flu hosp,2026-05-30,quantile,0.1,0,Iowa,Ensemble
2026-05-23,19,1,wk inc flu hosp,2026-05-30,quantile,0.15,0,Iowa,Ensemble
2026-05-23,19,1,wk inc flu hosp,2026-05-30,quantile,0.2,1,Iowa,Ensemble
2026-05-23,19,1,wk inc flu hosp,2026-05-30,quantile,0.25,1,Iowa,Ensemble
2026-05-23,19,1,wk inc flu hosp,2026-05-30,quantile,0.3,1,Iowa,Ensemble
2026-05-23,19,1,wk inc flu hosp,2026-05-30,quantile,0.35,2,Iowa,Ensemble
2026-05-23,19,1,wk inc flu hosp,2026-05-30,quantile,0.4,2,Iowa,Ensemble
2026-05-23,19,1,wk inc flu hosp,2026-05-30,quantile,0.45,2,Iowa,Ensemble
2026-05-23,19,1,wk inc flu hosp,2026-05-30,quantile,0.5,3,Iowa,Ensemble
2026-05-23,19,1,wk inc flu hosp,2026-05-30,quantile,0.55,4,Iowa,Ensemble
2026-05-23,19,1,wk inc flu hosp,2026-05-30,quantile,0.6,4,Iowa,Ensemble
2026-05-23,19,1,wk inc flu hosp,2026-05-30,quantile,0.65,4,Iowa,Ensemble
2026-05-23,19,1,wk inc flu hosp,2026-05-30,quantile,0.7,5,Iowa,Ensemble
2026-05-23,19,1,wk inc flu hosp,2026-05-30,quantile,0.75,5,Iowa,Ensemble
2026-05-23,19,1,wk inc flu hosp,2026-05-30,quantile,0.8,6,Iowa,Ensemble
2026-05-23,19,1,wk inc flu hosp,2026-05-30,quantile,0.85,7,Iowa,Ensemble
2026-05-23,19,1,wk inc flu hosp,2026-05-30,quantile,0.9,8,Iowa,Ensemble
2026-05-23,19,1,wk inc flu hosp,2026-05-30,quantile,0.95,11,Iowa,Ensemble
2026-05-23,19,1,wk inc flu hosp,2026-05-30,quantile,0.975,14,Iowa,Ensemble
2026-05-23,19,1,wk inc flu hosp,2026-05-30,quantile,0.99,20,Iowa,Ensemble
2026-05-23,19,2,wk inc flu hosp,2026-06-06,quantile,0.01,0,Iowa,Ensemble
2026-05-23,19,2,wk inc flu hosp,2026-06-06,quantile,0.025,0,Iowa,Ensemble
2026-05-23,19,2,wk inc flu hosp,2026-06-06,quantile,0.05,0,Iowa,Ensemble
2026-05-23,19,2,wk inc flu hosp,2026-06-06,quantile,0.1,0,Iowa,Ensemble
2026-05-23,19,2,wk inc flu hosp,2026-06-06,quantile,0.15,0,Iowa,Ensemble
2026-05-23,19,2,wk inc flu hosp,2026-06-06,quantile,0.2,1,Iowa,Ensemble
2026-05-23,19,2,wk inc flu hosp,2026-06-06,quantile,0.25,1,Iowa,Ensemble
2026-05-23,19,2,wk inc flu hosp,2026-06-06,quantile,0.3,1,Iowa,Ensemble
2026-05-23,19,2,wk inc flu hosp,2026-06-06,quantile,0.35,1,Iowa,Ensemble
2026-05-23,19,2,wk inc flu hosp,2026-06-06,quantile,0.4,2,Iowa,Ensemble
2026-05-23,19,2,wk inc flu hosp,2026-06-06,quantile,0.45,2,Iowa,Ensemble
2026-05-23,19,2,wk inc flu hosp,2026-06-06,quantile,0.5,3,Iowa,Ensemble
2026-05-23,19,2,wk inc flu hosp,2026-06-06,quantile,0.55,3,Iowa,Ensemble
2026-05-23,19,2,wk inc flu hosp,2026-06-06,quantile,0.6,4,Iowa,Ensemble
2026-05-23,19,2,wk inc flu hosp,2026-06-06,quantile,0.65,4,Iowa,Ensemble
2026-05-23,19,2,wk inc flu hosp,2026-06-06,quantile,0.7,4,Iowa,Ensemble
2026-05-23,19,2,wk inc flu hosp,2026-06-06,quantile,0.75,5,Iowa,Ensemble
2026-05-23,19,2,wk inc flu hosp,2026-06-06,quantile,0.8,6,Iowa,Ensemble
2026-05-23,19,2,wk inc flu hosp,2026-06-06,quantile,0.85,7,Iowa,Ensemble
2026-05-23,19,2,wk inc flu hosp,2026-06-06,quantile,0.9,8,Iowa,Ensemble
2026-05-23,19,2,wk inc flu hosp,2026-06-06,quantile,0.95,12,Iowa,Ensemble
2026-05-23,19,2,wk inc flu hosp,2026-06-06,quantile,0.975,16,Iowa,Ensemble
2026-05-23,19,2,wk inc flu hosp,2026-06-06,quantile,0.99,22,Iowa,Ensemble
2026-05-23,19,3,wk inc flu hosp,2026-06-13,quantile,0.01,0,Iowa,Ensemble
2026-05-23,19,3,wk inc flu hosp,2026-06-13,quantile,0.025,0,Iowa,Ensemble
2026-05-23,19,3,wk inc flu hosp,2026-06-13,quantile,0.05,0,Iowa,Ensemble
2026-05-23,19,3,wk inc flu hosp,2026-06-13,quantile,0.1,0,Iowa,Ensemble
2026-05-23,19,3,wk inc flu hosp,2026-06-13,quantile,0.15,0,Iowa,Ensemble
2026-05-23,19,3,wk inc flu hosp,2026-06-13,quantile,0.2,0,Iowa,Ensemble
2026-05-23,19,3,wk inc flu hosp,2026-06-13,quantile,0.25,1,Iowa,Ensemble
2026-05-23,19,3,wk inc flu hosp,2026-06-13,quantile,0.3,1,Iowa,Ensemble
2026-05-23,19,3,wk inc flu hosp,2026-06-13,quantile,0.35,1,Iowa,Ensemble
2026-05-23,19,3,wk inc flu hosp,2026-06-13,quantile,0.4,1,Iowa,Ensemble
2026-05-23,19,3,wk inc flu hosp,2026-06-13,quantile,0.45,2,Iowa,Ensemble
2026-05-23,19,3,wk inc flu hosp,2026-06-13,quantile,0.5,3,Iowa,Ensemble
2026-05-23,19,3,wk inc flu hosp,2026-06-13,quantile,0.55,3,Iowa,Ensemble
2026-05-23,19,3,wk inc flu hosp,2026-06-13,quantile,0.6,4,Iowa,Ensemble
2026-05-23,19,3,wk inc flu hosp,2026-06-13,quantile,0.65,4,Iowa,Ensemble
2026-05-23,19,3,wk inc flu hosp,2026-06-13,quantile,0.7,4,Iowa,Ensemble
2026-05-23,19,3,wk inc flu hosp,2026-06-13,quantile,0.75,5,Iowa,Ensemble
2026-05-23,19,3,wk inc flu hosp,2026-06-13,quantile,0.8,6,Iowa,Ensemble
2026-05-23,19,3,wk inc flu hosp,2026-06-13,quantile,0.85,7,Iowa,Ensemble
2026-05-23,19,3,wk inc flu hosp,2026-06-13,quantile,0.9,10,Iowa,Ensemble
2026-05-23,19,3,wk inc flu hosp,2026-06-13,quantile,0.95,15,Iowa,Ensemble
2026-05-23,19,3,wk inc flu hosp,2026-06-13,quantile,0.975,21,Iowa,Ensemble
2026-05-23,19,3,wk inc flu hosp,2026-06-13,quantile,0.99,29,Iowa,Ensemble
2026-05-23,20,0,wk inc flu hosp,2026-05-23,quantile,0.01,0,Kansas,Ensemble
2026-05-23,20,0,wk inc flu hosp,2026-05-23,quantile,0.025,0,Kansas,Ensemble
2026-05-23,20,0,wk inc flu hosp,2026-05-23,quantile,0.05,0,Kansas,Ensemble
2026-05-23,20,0,wk inc flu hosp,2026-05-23,quantile,0.1,0,Kansas,Ensemble
2026-05-23,20,0,wk inc flu hosp,2026-05-23,quantile,0.15,0,Kansas,Ensemble
2026-05-23,20,0,wk inc flu hosp,2026-05-23,quantile,0.2,1,Kansas,Ensemble
2026-05-23,20,0,wk inc flu hosp,2026-05-23,quantile,0.25,1,Kansas,Ensemble
2026-05-23,20,0,wk inc flu hosp,2026-05-23,quantile,0.3,1,Kansas,Ensemble
2026-05-23,20,0,wk inc flu hosp,2026-05-23,quantile,0.35,2,Kansas,Ensemble
2026-05-23,20,0,wk inc flu hosp,2026-05-23,quantile,0.4,2,Kansas,Ensemble
2026-05-23,20,0,wk inc flu hosp,2026-05-23,quantile,0.45,2,Kansas,Ensemble
2026-05-23,20,0,wk inc flu hosp,2026-05-23,quantile,0.5,3,Kansas,Ensemble
2026-05-23,20,0,wk inc flu hosp,2026-05-23,quantile,0.55,3,Kansas,Ensemble
2026-05-23,20,0,wk inc flu hosp,2026-05-23,quantile,0.6,4,Kansas,Ensemble
2026-05-23,20,0,wk inc flu hosp,2026-05-23,quantile,0.65,4,Kansas,Ensemble
2026-05-23,20,0,wk inc flu hosp,2026-05-23,quantile,0.7,5,Kansas,Ensemble
2026-05-23,20,0,wk inc flu hosp,2026-05-23,quantile,0.75,5,Kansas,Ensemble
2026-05-23,20,0,wk inc flu hosp,2026-05-23,quantile,0.8,5,Kansas,Ensemble
2026-05-23,20,0,wk inc flu hosp,2026-05-23,quantile,0.85,6,Kansas,Ensemble
2026-05-23,20,0,wk inc flu hosp,2026-05-23,quantile,0.9,7,Kansas,Ensemble
2026-05-23,20,0,wk inc flu hosp,2026-05-23,quantile,0.95,9,Kansas,Ensemble
2026-05-23,20,0,wk inc flu hosp,2026-05-23,quantile,0.975,11,Kansas,Ensemble
2026-05-23,20,0,wk inc flu hosp,2026-05-23,quantile,0.99,16,Kansas,Ensemble
2026-05-23,20,1,wk inc flu hosp,2026-05-30,quantile,0.01,0,Kansas,Ensemble
2026-05-23,20,1,wk inc flu hosp,2026-05-30,quantile,0.025,0,Kansas,Ensemble
2026-05-23,20,1,wk inc flu hosp,2026-05-30,quantile,0.05,0,Kansas,Ensemble
2026-05-23,20,1,wk inc flu hosp,2026-05-30,quantile,0.1,0,Kansas,Ensemble
2026-05-23,20,1,wk inc flu hosp,2026-05-30,quantile,0.15,0,Kansas,Ensemble
2026-05-23,20,1,wk inc flu hosp,2026-05-30,quantile,0.2,1,Kansas,Ensemble
2026-05-23,20,1,wk inc flu hosp,2026-05-30,quantile,0.25,1,Kansas,Ensemble
2026-05-23,20,1,wk inc flu hosp,2026-05-30,quantile,0.3,1,Kansas,Ensemble
2026-05-23,20,1,wk inc flu hosp,2026-05-30,quantile,0.35,1,Kansas,Ensemble
2026-05-23,20,1,wk inc flu hosp,2026-05-30,quantile,0.4,2,Kansas,Ensemble
2026-05-23,20,1,wk inc flu hosp,2026-05-30,quantile,0.45,2,Kansas,Ensemble
2026-05-23,20,1,wk inc flu hosp,2026-05-30,quantile,0.5,3,Kansas,Ensemble
2026-05-23,20,1,wk inc flu hosp,2026-05-30,quantile,0.55,3,Kansas,Ensemble
2026-05-23,20,1,wk inc flu hosp,2026-05-30,quantile,0.6,3,Kansas,Ensemble
2026-05-23,20,1,wk inc flu hosp,2026-05-30,quantile,0.65,4,Kansas,Ensemble
2026-05-23,20,1,wk inc flu hosp,2026-05-30,quantile,0.7,4,Kansas,Ensemble
2026-05-23,20,1,wk inc flu hosp,2026-05-30,quantile,0.75,5,Kansas,Ensemble
2026-05-23,20,1,wk inc flu hosp,2026-05-30,quantile,0.8,5,Kansas,Ensemble
2026-05-23,20,1,wk inc flu hosp,2026-05-30,quantile,0.85,6,Kansas,Ensemble
2026-05-23,20,1,wk inc flu hosp,2026-05-30,quantile,0.9,8,Kansas,Ensemble
2026-05-23,20,1,wk inc flu hosp,2026-05-30,quantile,0.95,10,Kansas,Ensemble
2026-05-23,20,1,wk inc flu hosp,2026-05-30,quantile,0.975,14,Kansas,Ensemble
2026-05-23,20,1,wk inc flu hosp,2026-05-30,quantile,0.99,18,Kansas,Ensemble
2026-05-23,20,2,wk inc flu hosp,2026-06-06,quantile,0.01,0,Kansas,Ensemble
2026-05-23,20,2,wk inc flu hosp,2026-06-06,quantile,0.025,0,Kansas,Ensemble
2026-05-23,20,2,wk inc flu hosp,2026-06-06,quantile,0.05,0,Kansas,Ensemble
2026-05-23,20,2,wk inc flu hosp,2026-06-06,quantile,0.1,0,Kansas,Ensemble
2026-05-23,20,2,wk inc flu hosp,2026-06-06,quantile,0.15,0,Kansas,Ensemble
2026-05-23,20,2,wk inc flu hosp,2026-06-06,quantile,0.2,1,Kansas,Ensemble
2026-05-23,20,2,wk inc flu hosp,2026-06-06,quantile,0.25,1,Kansas,Ensemble
2026-05-23,20,2,wk inc flu hosp,2026-06-06,quantile,0.3,1,Kansas,Ensemble
2026-05-23,20,2,wk inc flu hosp,2026-06-06,quantile,0.35,1,Kansas,Ensemble
2026-05-23,20,2,wk inc flu hosp,2026-06-06,quantile,0.4,1,Kansas,Ensemble
2026-05-23,20,2,wk inc flu hosp,2026-06-06,quantile,0.45,2,Kansas,Ensemble
2026-05-23,20,2,wk inc flu hosp,2026-06-06,quantile,0.5,3,Kansas,Ensemble
2026-05-23,20,2,wk inc flu hosp,2026-06-06,quantile,0.55,3,Kansas,Ensemble
2026-05-23,20,2,wk inc flu hosp,2026-06-06,quantile,0.6,3,Kansas,Ensemble
2026-05-23,20,2,wk inc flu hosp,2026-06-06,quantile,0.65,4,Kansas,Ensemble
2026-05-23,20,2,wk inc flu hosp,2026-06-06,quantile,0.7,4,Kansas,Ensemble
2026-05-23,20,2,wk inc flu hosp,2026-06-06,quantile,0.75,4,Kansas,Ensemble
2026-05-23,20,2,wk inc flu hosp,2026-06-06,quantile,0.8,5,Kansas,Ensemble
2026-05-23,20,2,wk inc flu hosp,2026-06-06,quantile,0.85,6,Kansas,Ensemble
2026-05-23,20,2,wk inc flu hosp,2026-06-06,quantile,0.9,7,Kansas,Ensemble
2026-05-23,20,2,wk inc flu hosp,2026-06-06,quantile,0.95,11,Kansas,Ensemble
2026-05-23,20,2,wk inc flu hosp,2026-06-06,quantile,0.975,14,Kansas,Ensemble
2026-05-23,20,2,wk inc flu hosp,2026-06-06,quantile,0.99,20,Kansas,Ensemble
2026-05-23,20,3,wk inc flu hosp,2026-06-13,quantile,0.01,0,Kansas,Ensemble
2026-05-23,20,3,wk inc flu hosp,2026-06-13,quantile,0.025,0,Kansas,Ensemble
2026-05-23,20,3,wk inc flu hosp,2026-06-13,quantile,0.05,0,Kansas,Ensemble
2026-05-23,20,3,wk inc flu hosp,2026-06-13,quantile,0.1,0,Kansas,Ensemble
2026-05-23,20,3,wk inc flu hosp,2026-06-13,quantile,0.15,0,Kansas,Ensemble
2026-05-23,20,3,wk inc flu hosp,2026-06-13,quantile,0.2,0,Kansas,Ensemble
2026-05-23,20,3,wk inc flu hosp,2026-06-13,quantile,0.25,1,Kansas,Ensemble
2026-05-23,20,3,wk inc flu hosp,2026-06-13,quantile,0.3,1,Kansas,Ensemble
2026-05-23,20,3,wk inc flu hosp,2026-06-13,quantile,0.35,1,Kansas,Ensemble
2026-05-23,20,3,wk inc flu hosp,2026-06-13,quantile,0.4,1,Kansas,Ensemble
2026-05-23,20,3,wk inc flu hosp,2026-06-13,quantile,0.45,1,Kansas,Ensemble
2026-05-23,20,3,wk inc flu hosp,2026-06-13,quantile,0.5,3,Kansas,Ensemble
2026-05-23,20,3,wk inc flu hosp,2026-06-13,quantile,0.55,3,Kansas,Ensemble
2026-05-23,20,3,wk inc flu hosp,2026-06-13,quantile,0.6,3,Kansas,Ensemble
2026-05-23,20,3,wk inc flu hosp,2026-06-13,quantile,0.65,3,Kansas,Ensemble
2026-05-23,20,3,wk inc flu hosp,2026-06-13,quantile,0.7,4,Kansas,Ensemble
2026-05-23,20,3,wk inc flu hosp,2026-06-13,quantile,0.75,4,Kansas,Ensemble
2026-05-23,20,3,wk inc flu hosp,2026-06-13,quantile,0.8,6,Kansas,Ensemble
2026-05-23,20,3,wk inc flu hosp,2026-06-13,quantile,0.85,7,Kansas,Ensemble
2026-05-23,20,3,wk inc flu hosp,2026-06-13,quantile,0.9,9,Kansas,Ensemble
2026-05-23,20,3,wk inc flu hosp,2026-06-13,quantile,0.95,14,Kansas,Ensemble
2026-05-23,20,3,wk inc flu hosp,2026-06-13,quantile,0.975,20,Kansas,Ensemble
2026-05-23,20,3,wk inc flu hosp,2026-06-13,quantile,0.99,28,Kansas,Ensemble
2026-05-23,21,0,wk inc flu hosp,2026-05-23,quantile,0.01,2,Kentucky,Ensemble
2026-05-23,21,0,wk inc flu hosp,2026-05-23,quantile,0.025,2,Kentucky,Ensemble
2026-05-23,21,0,wk inc flu hosp,2026-05-23,quantile,0.05,3,Kentucky,Ensemble
2026-05-23,21,0,wk inc flu hosp,2026-05-23,quantile,0.1,4,Kentucky,Ensemble
2026-05-23,21,0,wk inc flu hosp,2026-05-23,quantile,0.15,5,Kentucky,Ensemble
2026-05-23,21,0,wk inc flu hosp,2026-05-23,quantile,0.2,6,Kentucky,Ensemble
2026-05-23,21,0,wk inc flu hosp,2026-05-23,quantile,0.25,7,Kentucky,Ensemble
2026-05-23,21,0,wk inc flu hosp,2026-05-23,quantile,0.3,8,Kentucky,Ensemble
2026-05-23,21,0,wk inc flu hosp,2026-05-23,quantile,0.35,9,Kentucky,Ensemble
2026-05-23,21,0,wk inc flu hosp,2026-05-23,quantile,0.4,9,Kentucky,Ensemble
2026-05-23,21,0,wk inc flu hosp,2026-05-23,quantile,0.45,10,Kentucky,Ensemble
2026-05-23,21,0,wk inc flu hosp,2026-05-23,quantile,0.5,12,Kentucky,Ensemble
2026-05-23,21,0,wk inc flu hosp,2026-05-23,quantile,0.55,13,Kentucky,Ensemble
2026-05-23,21,0,wk inc flu hosp,2026-05-23,quantile,0.6,13,Kentucky,Ensemble
2026-05-23,21,0,wk inc flu hosp,2026-05-23,quantile,0.65,14,Kentucky,Ensemble
2026-05-23,21,0,wk inc flu hosp,2026-05-23,quantile,0.7,15,Kentucky,Ensemble
2026-05-23,21,0,wk inc flu hosp,2026-05-23,quantile,0.75,16,Kentucky,Ensemble
2026-05-23,21,0,wk inc flu hosp,2026-05-23,quantile,0.8,17,Kentucky,Ensemble
2026-05-23,21,0,wk inc flu hosp,2026-05-23,quantile,0.85,19,Kentucky,Ensemble
2026-05-23,21,0,wk inc flu hosp,2026-05-23,quantile,0.9,22,Kentucky,Ensemble
2026-05-23,21,0,wk inc flu hosp,2026-05-23,quantile,0.95,27,Kentucky,Ensemble
2026-05-23,21,0,wk inc flu hosp,2026-05-23,quantile,0.975,33,Kentucky,Ensemble
2026-05-23,21,0,wk inc flu hosp,2026-05-23,quantile,0.99,42,Kentucky,Ensemble
2026-05-23,21,1,wk inc flu hosp,2026-05-30,quantile,0.01,1,Kentucky,Ensemble
2026-05-23,21,1,wk inc flu hosp,2026-05-30,quantile,0.025,2,Kentucky,Ensemble
2026-05-23,21,1,wk inc flu hosp,2026-05-30,quantile,0.05,3,Kentucky,Ensemble
2026-05-23,21,1,wk inc flu hosp,2026-05-30,quantile,0.1,4,Kentucky,Ensemble
2026-05-23,21,1,wk inc flu hosp,2026-05-30,quantile,0.15,5,Kentucky,Ensemble
2026-05-23,21,1,wk inc flu hosp,2026-05-30,quantile,0.2,5,Kentucky,Ensemble
2026-05-23,21,1,wk inc flu hosp,2026-05-30,quantile,0.25,6,Kentucky,Ensemble
2026-05-23,21,1,wk inc flu hosp,2026-05-30,quantile,0.3,7,Kentucky,Ensemble
2026-05-23,21,1,wk inc flu hosp,2026-05-30,quantile,0.35,7,Kentucky,Ensemble
2026-05-23,21,1,wk inc flu hosp,2026-05-30,quantile,0.4,8,Kentucky,Ensemble
2026-05-23,21,1,wk inc flu hosp,2026-05-30,quantile,0.45,9,Kentucky,Ensemble
2026-05-23,21,1,wk inc flu hosp,2026-05-30,quantile,0.5,11,Kentucky,Ensemble
2026-05-23,21,1,wk inc flu hosp,2026-05-30,quantile,0.55,11,Kentucky,Ensemble
2026-05-23,21,1,wk inc flu hosp,2026-05-30,quantile,0.6,12,Kentucky,Ensemble
2026-05-23,21,1,wk inc flu hosp,2026-05-30,quantile,0.65,13,Kentucky,Ensemble
2026-05-23,21,1,wk inc flu hosp,2026-05-30,quantile,0.7,14,Kentucky,Ensemble
2026-05-23,21,1,wk inc flu hosp,2026-05-30,quantile,0.75,15,Kentucky,Ensemble
2026-05-23,21,1,wk inc flu hosp,2026-05-30,quantile,0.8,17,Kentucky,Ensemble
2026-05-23,21,1,wk inc flu hosp,2026-05-30,quantile,0.85,19,Kentucky,Ensemble
2026-05-23,21,1,wk inc flu hosp,2026-05-30,quantile,0.9,23,Kentucky,Ensemble
2026-05-23,21,1,wk inc flu hosp,2026-05-30,quantile,0.95,29,Kentucky,Ensemble
2026-05-23,21,1,wk inc flu hosp,2026-05-30,quantile,0.975,35,Kentucky,Ensemble
2026-05-23,21,1,wk inc flu hosp,2026-05-30,quantile,0.99,45,Kentucky,Ensemble
2026-05-23,21,2,wk inc flu hosp,2026-06-06,quantile,0.01,1,Kentucky,Ensemble
2026-05-23,21,2,wk inc flu hosp,2026-06-06,quantile,0.025,1,Kentucky,Ensemble
2026-05-23,21,2,wk inc flu hosp,2026-06-06,quantile,0.05,2,Kentucky,Ensemble
2026-05-23,21,2,wk inc flu hosp,2026-06-06,quantile,0.1,3,Kentucky,Ensemble
2026-05-23,21,2,wk inc flu hosp,2026-06-06,quantile,0.15,4,Kentucky,Ensemble
2026-05-23,21,2,wk inc flu hosp,2026-06-06,quantile,0.2,5,Kentucky,Ensemble
2026-05-23,21,2,wk inc flu hosp,2026-06-06,quantile,0.25,6,Kentucky,Ensemble
2026-05-23,21,2,wk inc flu hosp,2026-06-06,quantile,0.3,6,Kentucky,Ensemble
2026-05-23,21,2,wk inc flu hosp,2026-06-06,quantile,0.35,7,Kentucky,Ensemble
2026-05-23,21,2,wk inc flu hosp,2026-06-06,quantile,0.4,8,Kentucky,Ensemble
2026-05-23,21,2,wk inc flu hosp,2026-06-06,quantile,0.45,8,Kentucky,Ensemble
2026-05-23,21,2,wk inc flu hosp,2026-06-06,quantile,0.5,10,Kentucky,Ensemble
2026-05-23,21,2,wk inc flu hosp,2026-06-06,quantile,0.55,11,Kentucky,Ensemble
2026-05-23,21,2,wk inc flu hosp,2026-06-06,quantile,0.6,12,Kentucky,Ensemble
2026-05-23,21,2,wk inc flu hosp,2026-06-06,quantile,0.65,13,Kentucky,Ensemble
2026-05-23,21,2,wk inc flu hosp,2026-06-06,quantile,0.7,13,Kentucky,Ensemble
2026-05-23,21,2,wk inc flu hosp,2026-06-06,quantile,0.75,14,Kentucky,Ensemble
2026-05-23,21,2,wk inc flu hosp,2026-06-06,quantile,0.8,16,Kentucky,Ensemble
2026-05-23,21,2,wk inc flu hosp,2026-06-06,quantile,0.85,18,Kentucky,Ensemble
2026-05-23,21,2,wk inc flu hosp,2026-06-06,quantile,0.9,22,Kentucky,Ensemble
2026-05-23,21,2,wk inc flu hosp,2026-06-06,quantile,0.95,29,Kentucky,Ensemble
2026-05-23,21,2,wk inc flu hosp,2026-06-06,quantile,0.975,37,Kentucky,Ensemble
2026-05-23,21,2,wk inc flu hosp,2026-06-06,quantile,0.99,49,Kentucky,Ensemble
2026-05-23,21,3,wk inc flu hosp,2026-06-13,quantile,0.01,0,Kentucky,Ensemble
2026-05-23,21,3,wk inc flu hosp,2026-06-13,quantile,0.025,1,Kentucky,Ensemble
2026-05-23,21,3,wk inc flu hosp,2026-06-13,quantile,0.05,2,Kentucky,Ensemble
2026-05-23,21,3,wk inc flu hosp,2026-06-13,quantile,0.1,3,Kentucky,Ensemble
2026-05-23,21,3,wk inc flu hosp,2026-06-13,quantile,0.15,3,Kentucky,Ensemble
2026-05-23,21,3,wk inc flu hosp,2026-06-13,quantile,0.2,4,Kentucky,Ensemble
2026-05-23,21,3,wk inc flu hosp,2026-06-13,quantile,0.25,5,Kentucky,Ensemble
2026-05-23,21,3,wk inc flu hosp,2026-06-13,quantile,0.3,5,Kentucky,Ensemble
2026-05-23,21,3,wk inc flu hosp,2026-06-13,quantile,0.35,6,Kentucky,Ensemble
2026-05-23,21,3,wk inc flu hosp,2026-06-13,quantile,0.4,7,Kentucky,Ensemble
2026-05-23,21,3,wk inc flu hosp,2026-06-13,quantile,0.45,8,Kentucky,Ensemble
2026-05-23,21,3,wk inc flu hosp,2026-06-13,quantile,0.5,10,Kentucky,Ensemble
2026-05-23,21,3,wk inc flu hosp,2026-06-13,quantile,0.55,10,Kentucky,Ensemble
2026-05-23,21,3,wk inc flu hosp,2026-06-13,quantile,0.6,11,Kentucky,Ensemble
2026-05-23,21,3,wk inc flu hosp,2026-06-13,quantile,0.65,12,Kentucky,Ensemble
2026-05-23,21,3,wk inc flu hosp,2026-06-13,quantile,0.7,13,Kentucky,Ensemble
2026-05-23,21,3,wk inc flu hosp,2026-06-13,quantile,0.75,14,Kentucky,Ensemble
2026-05-23,21,3,wk inc flu hosp,2026-06-13,quantile,0.8,16,Kentucky,Ensemble
2026-05-23,21,3,wk inc flu hosp,2026-06-13,quantile,0.85,19,Kentucky,Ensemble
2026-05-23,21,3,wk inc flu hosp,2026-06-13,quantile,0.9,23,Kentucky,Ensemble
2026-05-23,21,3,wk inc flu hosp,2026-06-13,quantile,0.95,33,Kentucky,Ensemble
2026-05-23,21,3,wk inc flu hosp,2026-06-13,quantile,0.975,45,Kentucky,Ensemble
2026-05-23,21,3,wk inc flu hosp,2026-06-13,quantile,0.99,62,Kentucky,Ensemble
2026-05-23,22,0,wk inc flu hosp,2026-05-23,quantile,0.01,4,Louisiana,Ensemble
2026-05-23,22,0,wk inc flu hosp,2026-05-23,quantile,0.025,6,Louisiana,Ensemble
2026-05-23,22,0,wk inc flu hosp,2026-05-23,quantile,0.05,8,Louisiana,Ensemble
2026-05-23,22,0,wk inc flu hosp,2026-05-23,quantile,0.1,10,Louisiana,Ensemble
2026-05-23,22,0,wk inc flu hosp,2026-05-23,quantile,0.15,11,Louisiana,Ensemble
2026-05-23,22,0,wk inc flu hosp,2026-05-23,quantile,0.2,13,Louisiana,Ensemble
2026-05-23,22,0,wk inc flu hosp,2026-05-23,quantile,0.25,14,Louisiana,Ensemble
2026-05-23,22,0,wk inc flu hosp,2026-05-23,quantile,0.3,15,Louisiana,Ensemble
2026-05-23,22,0,wk inc flu hosp,2026-05-23,quantile,0.35,16,Louisiana,Ensemble
2026-05-23,22,0,wk inc flu hosp,2026-05-23,quantile,0.4,17,Louisiana,Ensemble
2026-05-23,22,0,wk inc flu hosp,2026-05-23,quantile,0.45,18,Louisiana,Ensemble
2026-05-23,22,0,wk inc flu hosp,2026-05-23,quantile,0.5,20,Louisiana,Ensemble
2026-05-23,22,0,wk inc flu hosp,2026-05-23,quantile,0.55,21,Louisiana,Ensemble
2026-05-23,22,0,wk inc flu hosp,2026-05-23,quantile,0.6,22,Louisiana,Ensemble
2026-05-23,22,0,wk inc flu hosp,2026-05-23,quantile,0.65,23,Louisiana,Ensemble
2026-05-23,22,0,wk inc flu hosp,2026-05-23,quantile,0.7,24,Louisiana,Ensemble
2026-05-23,22,0,wk inc flu hosp,2026-05-23,quantile,0.75,26,Louisiana,Ensemble
2026-05-23,22,0,wk inc flu hosp,2026-05-23,quantile,0.8,27,Louisiana,Ensemble
2026-05-23,22,0,wk inc flu hosp,2026-05-23,quantile,0.85,29,Louisiana,Ensemble
2026-05-23,22,0,wk inc flu hosp,2026-05-23,quantile,0.9,32,Louisiana,Ensemble
2026-05-23,22,0,wk inc flu hosp,2026-05-23,quantile,0.95,37,Louisiana,Ensemble
2026-05-23,22,0,wk inc flu hosp,2026-05-23,quantile,0.975,42,Louisiana,Ensemble
2026-05-23,22,0,wk inc flu hosp,2026-05-23,quantile,0.99,49,Louisiana,Ensemble
2026-05-23,22,1,wk inc flu hosp,2026-05-30,quantile,0.01,3,Louisiana,Ensemble
2026-05-23,22,1,wk inc flu hosp,2026-05-30,quantile,0.025,5,Louisiana,Ensemble
2026-05-23,22,1,wk inc flu hosp,2026-05-30,quantile,0.05,6,Louisiana,Ensemble
2026-05-23,22,1,wk inc flu hosp,2026-05-30,quantile,0.1,9,Louisiana,Ensemble
2026-05-23,22,1,wk inc flu hosp,2026-05-30,quantile,0.15,10,Louisiana,Ensemble
2026-05-23,22,1,wk inc flu hosp,2026-05-30,quantile,0.2,11,Louisiana,Ensemble
2026-05-23,22,1,wk inc flu hosp,2026-05-30,quantile,0.25,13,Louisiana,Ensemble
2026-05-23,22,1,wk inc flu hosp,2026-05-30,quantile,0.3,14,Louisiana,Ensemble
2026-05-23,22,1,wk inc flu hosp,2026-05-30,quantile,0.35,15,Louisiana,Ensemble
2026-05-23,22,1,wk inc flu hosp,2026-05-30,quantile,0.4,16,Louisiana,Ensemble
2026-05-23,22,1,wk inc flu hosp,2026-05-30,quantile,0.45,17,Louisiana,Ensemble
2026-05-23,22,1,wk inc flu hosp,2026-05-30,quantile,0.5,19,Louisiana,Ensemble
2026-05-23,22,1,wk inc flu hosp,2026-05-30,quantile,0.55,20,Louisiana,Ensemble
2026-05-23,22,1,wk inc flu hosp,2026-05-30,quantile,0.6,21,Louisiana,Ensemble
2026-05-23,22,1,wk inc flu hosp,2026-05-30,quantile,0.65,23,Louisiana,Ensemble
2026-05-23,22,1,wk inc flu hosp,2026-05-30,quantile,0.7,24,Louisiana,Ensemble
2026-05-23,22,1,wk inc flu hosp,2026-05-30,quantile,0.75,26,Louisiana,Ensemble
2026-05-23,22,1,wk inc flu hosp,2026-05-30,quantile,0.8,28,Louisiana,Ensemble
2026-05-23,22,1,wk inc flu hosp,2026-05-30,quantile,0.85,30,Louisiana,Ensemble
2026-05-23,22,1,wk inc flu hosp,2026-05-30,quantile,0.9,34,Louisiana,Ensemble
2026-05-23,22,1,wk inc flu hosp,2026-05-30,quantile,0.95,40,Louisiana,Ensemble
2026-05-23,22,1,wk inc flu hosp,2026-05-30,quantile,0.975,47,Louisiana,Ensemble
2026-05-23,22,1,wk inc flu hosp,2026-05-30,quantile,0.99,57,Louisiana,Ensemble
2026-05-23,22,2,wk inc flu hosp,2026-06-06,quantile,0.01,3,Louisiana,Ensemble
2026-05-23,22,2,wk inc flu hosp,2026-06-06,quantile,0.025,4,Louisiana,Ensemble
2026-05-23,22,2,wk inc flu hosp,2026-06-06,quantile,0.05,6,Louisiana,Ensemble
2026-05-23,22,2,wk inc flu hosp,2026-06-06,quantile,0.1,8,Louisiana,Ensemble
2026-05-23,22,2,wk inc flu hosp,2026-06-06,quantile,0.15,9,Louisiana,Ensemble
2026-05-23,22,2,wk inc flu hosp,2026-06-06,quantile,0.2,11,Louisiana,Ensemble
2026-05-23,22,2,wk inc flu hosp,2026-06-06,quantile,0.25,12,Louisiana,Ensemble
2026-05-23,22,2,wk inc flu hosp,2026-06-06,quantile,0.3,13,Louisiana,Ensemble
2026-05-23,22,2,wk inc flu hosp,2026-06-06,quantile,0.35,14,Louisiana,Ensemble
2026-05-23,22,2,wk inc flu hosp,2026-06-06,quantile,0.4,15,Louisiana,Ensemble
2026-05-23,22,2,wk inc flu hosp,2026-06-06,quantile,0.45,16,Louisiana,Ensemble
2026-05-23,22,2,wk inc flu hosp,2026-06-06,quantile,0.5,18,Louisiana,Ensemble
2026-05-23,22,2,wk inc flu hosp,2026-06-06,quantile,0.55,19,Louisiana,Ensemble
2026-05-23,22,2,wk inc flu hosp,2026-06-06,quantile,0.6,21,Louisiana,Ensemble
2026-05-23,22,2,wk inc flu hosp,2026-06-06,quantile,0.65,22,Louisiana,Ensemble
2026-05-23,22,2,wk inc flu hosp,2026-06-06,quantile,0.7,23,Louisiana,Ensemble
2026-05-23,22,2,wk inc flu hosp,2026-06-06,quantile,0.75,25,Louisiana,Ensemble
2026-05-23,22,2,wk inc flu hosp,2026-06-06,quantile,0.8,27,Louisiana,Ensemble
2026-05-23,22,2,wk inc flu hosp,2026-06-06,quantile,0.85,30,Louisiana,Ensemble
2026-05-23,22,2,wk inc flu hosp,2026-06-06,quantile,0.9,34,Louisiana,Ensemble
2026-05-23,22,2,wk inc flu hosp,2026-06-06,quantile,0.95,41,Louisiana,Ensemble
2026-05-23,22,2,wk inc flu hosp,2026-06-06,quantile,0.975,50,Louisiana,Ensemble
2026-05-23,22,2,wk inc flu hosp,2026-06-06,quantile,0.99,62,Louisiana,Ensemble
2026-05-23,22,3,wk inc flu hosp,2026-06-13,quantile,0.01,2,Louisiana,Ensemble
2026-05-23,22,3,wk inc flu hosp,2026-06-13,quantile,0.025,3,Louisiana,Ensemble
2026-05-23,22,3,wk inc flu hosp,2026-06-13,quantile,0.05,5,Louisiana,Ensemble
2026-05-23,22,3,wk inc flu hosp,2026-06-13,quantile,0.1,7,Louisiana,Ensemble
2026-05-23,22,3,wk inc flu hosp,2026-06-13,quantile,0.15,8,Louisiana,Ensemble
2026-05-23,22,3,wk inc flu hosp,2026-06-13,quantile,0.2,10,Louisiana,Ensemble
2026-05-23,22,3,wk inc flu hosp,2026-06-13,quantile,0.25,11,Louisiana,Ensemble
2026-05-23,22,3,wk inc flu hosp,2026-06-13,quantile,0.3,12,Louisiana,Ensemble
2026-05-23,22,3,wk inc flu hosp,2026-06-13,quantile,0.35,13,Louisiana,Ensemble
2026-05-23,22,3,wk inc flu hosp,2026-06-13,quantile,0.4,14,Louisiana,Ensemble
2026-05-23,22,3,wk inc flu hosp,2026-06-13,quantile,0.45,16,Louisiana,Ensemble
2026-05-23,22,3,wk inc flu hosp,2026-06-13,quantile,0.5,18,Louisiana,Ensemble
2026-05-23,22,3,wk inc flu hosp,2026-06-13,quantile,0.55,19,Louisiana,Ensemble
2026-05-23,22,3,wk inc flu hosp,2026-06-13,quantile,0.6,20,Louisiana,Ensemble
2026-05-23,22,3,wk inc flu hosp,2026-06-13,quantile,0.65,22,Louisiana,Ensemble
2026-05-23,22,3,wk inc flu hosp,2026-06-13,quantile,0.7,23,Louisiana,Ensemble
2026-05-23,22,3,wk inc flu hosp,2026-06-13,quantile,0.75,25,Louisiana,Ensemble
2026-05-23,22,3,wk inc flu hosp,2026-06-13,quantile,0.8,28,Louisiana,Ensemble
2026-05-23,22,3,wk inc flu hosp,2026-06-13,quantile,0.85,31,Louisiana,Ensemble
2026-05-23,22,3,wk inc flu hosp,2026-06-13,quantile,0.9,36,Louisiana,Ensemble
2026-05-23,22,3,wk inc flu hosp,2026-06-13,quantile,0.95,45,Louisiana,Ensemble
2026-05-23,22,3,wk inc flu hosp,2026-06-13,quantile,0.975,55,Louisiana,Ensemble
2026-05-23,22,3,wk inc flu hosp,2026-06-13,quantile,0.99,72,Louisiana,Ensemble
2026-05-23,23,0,wk inc flu hosp,2026-05-23,quantile,0.01,0,Maine,Ensemble
2026-05-23,23,0,wk inc flu hosp,2026-05-23,quantile,0.025,0,Maine,Ensemble
2026-05-23,23,0,wk inc flu hosp,2026-05-23,quantile,0.05,0,Maine,Ensemble
2026-05-23,23,0,wk inc flu hosp,2026-05-23,quantile,0.1,1,Maine,Ensemble
2026-05-23,23,0,wk inc flu hosp,2026-05-23,quantile,0.15,1,Maine,Ensemble
2026-05-23,23,0,wk inc flu hosp,2026-05-23,quantile,0.2,1,Maine,Ensemble
2026-05-23,23,0,wk inc flu hosp,2026-05-23,quantile,0.25,1,Maine,Ensemble
2026-05-23,23,0,wk inc flu hosp,2026-05-23,quantile,0.3,2,Maine,Ensemble
2026-05-23,23,0,wk inc flu hosp,2026-05-23,quantile,0.35,2,Maine,Ensemble
2026-05-23,23,0,wk inc flu hosp,2026-05-23,quantile,0.4,2,Maine,Ensemble
2026-05-23,23,0,wk inc flu hosp,2026-05-23,quantile,0.45,2,Maine,Ensemble
2026-05-23,23,0,wk inc flu hosp,2026-05-23,quantile,0.5,4,Maine,Ensemble
2026-05-23,23,0,wk inc flu hosp,2026-05-23,quantile,0.55,4,Maine,Ensemble
2026-05-23,23,0,wk inc flu hosp,2026-05-23,quantile,0.6,4,Maine,Ensemble
2026-05-23,23,0,wk inc flu hosp,2026-05-23,quantile,0.65,5,Maine,Ensemble
2026-05-23,23,0,wk inc flu hosp,2026-05-23,quantile,0.7,5,Maine,Ensemble
2026-05-23,23,0,wk inc flu hosp,2026-05-23,quantile,0.75,5,Maine,Ensemble
2026-05-23,23,0,wk inc flu hosp,2026-05-23,quantile,0.8,6,Maine,Ensemble
2026-05-23,23,0,wk inc flu hosp,2026-05-23,quantile,0.85,7,Maine,Ensemble
2026-05-23,23,0,wk inc flu hosp,2026-05-23,quantile,0.9,8,Maine,Ensemble
2026-05-23,23,0,wk inc flu hosp,2026-05-23,quantile,0.95,10,Maine,Ensemble
2026-05-23,23,0,wk inc flu hosp,2026-05-23,quantile,0.975,14,Maine,Ensemble
2026-05-23,23,0,wk inc flu hosp,2026-05-23,quantile,0.99,19,Maine,Ensemble
2026-05-23,23,1,wk inc flu hosp,2026-05-30,quantile,0.01,0,Maine,Ensemble
2026-05-23,23,1,wk inc flu hosp,2026-05-30,quantile,0.025,0,Maine,Ensemble
2026-05-23,23,1,wk inc flu hosp,2026-05-30,quantile,0.05,0,Maine,Ensemble
2026-05-23,23,1,wk inc flu hosp,2026-05-30,quantile,0.1,0,Maine,Ensemble
2026-05-23,23,1,wk inc flu hosp,2026-05-30,quantile,0.15,1,Maine,Ensemble
2026-05-23,23,1,wk inc flu hosp,2026-05-30,quantile,0.2,1,Maine,Ensemble
2026-05-23,23,1,wk inc flu hosp,2026-05-30,quantile,0.25,1,Maine,Ensemble
2026-05-23,23,1,wk inc flu hosp,2026-05-30,quantile,0.3,1,Maine,Ensemble
2026-05-23,23,1,wk inc flu hosp,2026-05-30,quantile,0.35,2,Maine,Ensemble
2026-05-23,23,1,wk inc flu hosp,2026-05-30,quantile,0.4,2,Maine,Ensemble
2026-05-23,23,1,wk inc flu hosp,2026-05-30,quantile,0.45,2,Maine,Ensemble
2026-05-23,23,1,wk inc flu hosp,2026-05-30,quantile,0.5,3,Maine,Ensemble
2026-05-23,23,1,wk inc flu hosp,2026-05-30,quantile,0.55,4,Maine,Ensemble
2026-05-23,23,1,wk inc flu hosp,2026-05-30,quantile,0.6,4,Maine,Ensemble
2026-05-23,23,1,wk inc flu hosp,2026-05-30,quantile,0.65,4,Maine,Ensemble
2026-05-23,23,1,wk inc flu hosp,2026-05-30,quantile,0.7,5,Maine,Ensemble
2026-05-23,23,1,wk inc flu hosp,2026-05-30,quantile,0.75,5,Maine,Ensemble
2026-05-23,23,1,wk inc flu hosp,2026-05-30,quantile,0.8,6,Maine,Ensemble
2026-05-23,23,1,wk inc flu hosp,2026-05-30,quantile,0.85,7,Maine,Ensemble
2026-05-23,23,1,wk inc flu hosp,2026-05-30,quantile,0.9,9,Maine,Ensemble
2026-05-23,23,1,wk inc flu hosp,2026-05-30,quantile,0.95,12,Maine,Ensemble
2026-05-23,23,1,wk inc flu hosp,2026-05-30,quantile,0.975,17,Maine,Ensemble
2026-05-23,23,1,wk inc flu hosp,2026-05-30,quantile,0.99,23,Maine,Ensemble
2026-05-23,23,2,wk inc flu hosp,2026-06-06,quantile,0.01,0,Maine,Ensemble
2026-05-23,23,2,wk inc flu hosp,2026-06-06,quantile,0.025,0,Maine,Ensemble
2026-05-23,23,2,wk inc flu hosp,2026-06-06,quantile,0.05,0,Maine,Ensemble
2026-05-23,23,2,wk inc flu hosp,2026-06-06,quantile,0.1,0,Maine,Ensemble
2026-05-23,23,2,wk inc flu hosp,2026-06-06,quantile,0.15,0,Maine,Ensemble
2026-05-23,23,2,wk inc flu hosp,2026-06-06,quantile,0.2,1,Maine,Ensemble
2026-05-23,23,2,wk inc flu hosp,2026-06-06,quantile,0.25,1,Maine,Ensemble
2026-05-23,23,2,wk inc flu hosp,2026-06-06,quantile,0.3,1,Maine,Ensemble
2026-05-23,23,2,wk inc flu hosp,2026-06-06,quantile,0.35,1,Maine,Ensemble
2026-05-23,23,2,wk inc flu hosp,2026-06-06,quantile,0.4,1,Maine,Ensemble
2026-05-23,23,2,wk inc flu hosp,2026-06-06,quantile,0.45,2,Maine,Ensemble
2026-05-23,23,2,wk inc flu hosp,2026-06-06,quantile,0.5,3,Maine,Ensemble
2026-05-23,23,2,wk inc flu hosp,2026-06-06,quantile,0.55,3,Maine,Ensemble
2026-05-23,23,2,wk inc flu hosp,2026-06-06,quantile,0.6,3,Maine,Ensemble
2026-05-23,23,2,wk inc flu hosp,2026-06-06,quantile,0.65,4,Maine,Ensemble
2026-05-23,23,2,wk inc flu hosp,2026-06-06,quantile,0.7,4,Maine,Ensemble
2026-05-23,23,2,wk inc flu hosp,2026-06-06,quantile,0.75,5,Maine,Ensemble
2026-05-23,23,2,wk inc flu hosp,2026-06-06,quantile,0.8,5,Maine,Ensemble
2026-05-23,23,2,wk inc flu hosp,2026-06-06,quantile,0.85,6,Maine,Ensemble
2026-05-23,23,2,wk inc flu hosp,2026-06-06,quantile,0.9,8,Maine,Ensemble
2026-05-23,23,2,wk inc flu hosp,2026-06-06,quantile,0.95,12,Maine,Ensemble
2026-05-23,23,2,wk inc flu hosp,2026-06-06,quantile,0.975,16,Maine,Ensemble
2026-05-23,23,2,wk inc flu hosp,2026-06-06,quantile,0.99,22,Maine,Ensemble
2026-05-23,23,3,wk inc flu hosp,2026-06-13,quantile,0.01,0,Maine,Ensemble
2026-05-23,23,3,wk inc flu hosp,2026-06-13,quantile,0.025,0,Maine,Ensemble
2026-05-23,23,3,wk inc flu hosp,2026-06-13,quantile,0.05,0,Maine,Ensemble
2026-05-23,23,3,wk inc flu hosp,2026-06-13,quantile,0.1,0,Maine,Ensemble
2026-05-23,23,3,wk inc flu hosp,2026-06-13,quantile,0.15,0,Maine,Ensemble
2026-05-23,23,3,wk inc flu hosp,2026-06-13,quantile,0.2,0,Maine,Ensemble
2026-05-23,23,3,wk inc flu hosp,2026-06-13,quantile,0.25,1,Maine,Ensemble
2026-05-23,23,3,wk inc flu hosp,2026-06-13,quantile,0.3,1,Maine,Ensemble
2026-05-23,23,3,wk inc flu hosp,2026-06-13,quantile,0.35,1,Maine,Ensemble
2026-05-23,23,3,wk inc flu hosp,2026-06-13,quantile,0.4,1,Maine,Ensemble
2026-05-23,23,3,wk inc flu hosp,2026-06-13,quantile,0.45,1,Maine,Ensemble
2026-05-23,23,3,wk inc flu hosp,2026-06-13,quantile,0.5,2,Maine,Ensemble
2026-05-23,23,3,wk inc flu hosp,2026-06-13,quantile,0.55,3,Maine,Ensemble
2026-05-23,23,3,wk inc flu hosp,2026-06-13,quantile,0.6,3,Maine,Ensemble
2026-05-23,23,3,wk inc flu hosp,2026-06-13,quantile,0.65,3,Maine,Ensemble
2026-05-23,23,3,wk inc flu hosp,2026-06-13,quantile,0.7,4,Maine,Ensemble
2026-05-23,23,3,wk inc flu hosp,2026-06-13,quantile,0.75,4,Maine,Ensemble
2026-05-23,23,3,wk inc flu hosp,2026-06-13,quantile,0.8,5,Maine,Ensemble
2026-05-23,23,3,wk inc flu hosp,2026-06-13,quantile,0.85,7,Maine,Ensemble
2026-05-23,23,3,wk inc flu hosp,2026-06-13,quantile,0.9,9,Maine,Ensemble
2026-05-23,23,3,wk inc flu hosp,2026-06-13,quantile,0.95,14,Maine,Ensemble
2026-05-23,23,3,wk inc flu hosp,2026-06-13,quantile,0.975,19,Maine,Ensemble
2026-05-23,23,3,wk inc flu hosp,2026-06-13,quantile,0.99,26,Maine,Ensemble
2026-05-23,24,0,wk inc flu hosp,2026-05-23,quantile,0.01,2,Maryland,Ensemble
2026-05-23,24,0,wk inc flu hosp,2026-05-23,quantile,0.025,3,Maryland,Ensemble
2026-05-23,24,0,wk inc flu hosp,2026-05-23,quantile,0.05,3,Maryland,Ensemble
2026-05-23,24,0,wk inc flu hosp,2026-05-23,quantile,0.1,5,Maryland,Ensemble
2026-05-23,24,0,wk inc flu hosp,2026-05-23,quantile,0.15,6,Maryland,Ensemble
2026-05-23,24,0,wk inc flu hosp,2026-05-23,quantile,0.2,7,Maryland,Ensemble
2026-05-23,24,0,wk inc flu hosp,2026-05-23,quantile,0.25,7,Maryland,Ensemble
2026-05-23,24,0,wk inc flu hosp,2026-05-23,quantile,0.3,8,Maryland,Ensemble
2026-05-23,24,0,wk inc flu hosp,2026-05-23,quantile,0.35,9,Maryland,Ensemble
2026-05-23,24,0,wk inc flu hosp,2026-05-23,quantile,0.4,9,Maryland,Ensemble
2026-05-23,24,0,wk inc flu hosp,2026-05-23,quantile,0.45,10,Maryland,Ensemble
2026-05-23,24,0,wk inc flu hosp,2026-05-23,quantile,0.5,12,Maryland,Ensemble
2026-05-23,24,0,wk inc flu hosp,2026-05-23,quantile,0.55,13,Maryland,Ensemble
2026-05-23,24,0,wk inc flu hosp,2026-05-23,quantile,0.6,14,Maryland,Ensemble
2026-05-23,24,0,wk inc flu hosp,2026-05-23,quantile,0.65,14,Maryland,Ensemble
2026-05-23,24,0,wk inc flu hosp,2026-05-23,quantile,0.7,15,Maryland,Ensemble
2026-05-23,24,0,wk inc flu hosp,2026-05-23,quantile,0.75,16,Maryland,Ensemble
2026-05-23,24,0,wk inc flu hosp,2026-05-23,quantile,0.8,18,Maryland,Ensemble
2026-05-23,24,0,wk inc flu hosp,2026-05-23,quantile,0.85,20,Maryland,Ensemble
2026-05-23,24,0,wk inc flu hosp,2026-05-23,quantile,0.9,23,Maryland,Ensemble
2026-05-23,24,0,wk inc flu hosp,2026-05-23,quantile,0.95,30,Maryland,Ensemble
2026-05-23,24,0,wk inc flu hosp,2026-05-23,quantile,0.975,36,Maryland,Ensemble
2026-05-23,24,0,wk inc flu hosp,2026-05-23,quantile,0.99,50,Maryland,Ensemble
2026-05-23,24,1,wk inc flu hosp,2026-05-30,quantile,0.01,1,Maryland,Ensemble
2026-05-23,24,1,wk inc flu hosp,2026-05-30,quantile,0.025,2,Maryland,Ensemble
2026-05-23,24,1,wk inc flu hosp,2026-05-30,quantile,0.05,3,Maryland,Ensemble
2026-05-23,24,1,wk inc flu hosp,2026-05-30,quantile,0.1,4,Maryland,Ensemble
2026-05-23,24,1,wk inc flu hosp,2026-05-30,quantile,0.15,5,Maryland,Ensemble
2026-05-23,24,1,wk inc flu hosp,2026-05-30,quantile,0.2,6,Maryland,Ensemble
2026-05-23,24,1,wk inc flu hosp,2026-05-30,quantile,0.25,6,Maryland,Ensemble
2026-05-23,24,1,wk inc flu hosp,2026-05-30,quantile,0.3,7,Maryland,Ensemble
2026-05-23,24,1,wk inc flu hosp,2026-05-30,quantile,0.35,8,Maryland,Ensemble
2026-05-23,24,1,wk inc flu hosp,2026-05-30,quantile,0.4,9,Maryland,Ensemble
2026-05-23,24,1,wk inc flu hosp,2026-05-30,quantile,0.45,9,Maryland,Ensemble
2026-05-23,24,1,wk inc flu hosp,2026-05-30,quantile,0.5,11,Maryland,Ensemble
2026-05-23,24,1,wk inc flu hosp,2026-05-30,quantile,0.55,12,Maryland,Ensemble
2026-05-23,24,1,wk inc flu hosp,2026-05-30,quantile,0.6,13,Maryland,Ensemble
2026-05-23,24,1,wk inc flu hosp,2026-05-30,quantile,0.65,14,Maryland,Ensemble
2026-05-23,24,1,wk inc flu hosp,2026-05-30,quantile,0.7,15,Maryland,Ensemble
2026-05-23,24,1,wk inc flu hosp,2026-05-30,quantile,0.75,17,Maryland,Ensemble
2026-05-23,24,1,wk inc flu hosp,2026-05-30,quantile,0.8,19,Maryland,Ensemble
2026-05-23,24,1,wk inc flu hosp,2026-05-30,quantile,0.85,22,Maryland,Ensemble
2026-05-23,24,1,wk inc flu hosp,2026-05-30,quantile,0.9,27,Maryland,Ensemble
2026-05-23,24,1,wk inc flu hosp,2026-05-30,quantile,0.95,35,Maryland,Ensemble
2026-05-23,24,1,wk inc flu hosp,2026-05-30,quantile,0.975,45,Maryland,Ensemble
2026-05-23,24,1,wk inc flu hosp,2026-05-30,quantile,0.99,63,Maryland,Ensemble
2026-05-23,24,2,wk inc flu hosp,2026-06-06,quantile,0.01,1,Maryland,Ensemble
2026-05-23,24,2,wk inc flu hosp,2026-06-06,quantile,0.025,1,Maryland,Ensemble
2026-05-23,24,2,wk inc flu hosp,2026-06-06,quantile,0.05,2,Maryland,Ensemble
2026-05-23,24,2,wk inc flu hosp,2026-06-06,quantile,0.1,3,Maryland,Ensemble
2026-05-23,24,2,wk inc flu hosp,2026-06-06,quantile,0.15,4,Maryland,Ensemble
2026-05-23,24,2,wk inc flu hosp,2026-06-06,quantile,0.2,5,Maryland,Ensemble
2026-05-23,24,2,wk inc flu hosp,2026-06-06,quantile,0.25,6,Maryland,Ensemble
2026-05-23,24,2,wk inc flu hosp,2026-06-06,quantile,0.3,6,Maryland,Ensemble
2026-05-23,24,2,wk inc flu hosp,2026-06-06,quantile,0.35,7,Maryland,Ensemble
2026-05-23,24,2,wk inc flu hosp,2026-06-06,quantile,0.4,8,Maryland,Ensemble
2026-05-23,24,2,wk inc flu hosp,2026-06-06,quantile,0.45,8,Maryland,Ensemble
2026-05-23,24,2,wk inc flu hosp,2026-06-06,quantile,0.5,10,Maryland,Ensemble
2026-05-23,24,2,wk inc flu hosp,2026-06-06,quantile,0.55,11,Maryland,Ensemble
2026-05-23,24,2,wk inc flu hosp,2026-06-06,quantile,0.6,12,Maryland,Ensemble
2026-05-23,24,2,wk inc flu hosp,2026-06-06,quantile,0.65,13,Maryland,Ensemble
2026-05-23,24,2,wk inc flu hosp,2026-06-06,quantile,0.7,14,Maryland,Ensemble
2026-05-23,24,2,wk inc flu hosp,2026-06-06,quantile,0.75,16,Maryland,Ensemble
2026-05-23,24,2,wk inc flu hosp,2026-06-06,quantile,0.8,19,Maryland,Ensemble
2026-05-23,24,2,wk inc flu hosp,2026-06-06,quantile,0.85,22,Maryland,Ensemble
2026-05-23,24,2,wk inc flu hosp,2026-06-06,quantile,0.9,28,Maryland,Ensemble
2026-05-23,24,2,wk inc flu hosp,2026-06-06,quantile,0.95,38,Maryland,Ensemble
2026-05-23,24,2,wk inc flu hosp,2026-06-06,quantile,0.975,52,Maryland,Ensemble
2026-05-23,24,2,wk inc flu hosp,2026-06-06,quantile,0.99,70,Maryland,Ensemble
2026-05-23,24,3,wk inc flu hosp,2026-06-13,quantile,0.01,1,Maryland,Ensemble
2026-05-23,24,3,wk inc flu hosp,2026-06-13,quantile,0.025,1,Maryland,Ensemble
2026-05-23,24,3,wk inc flu hosp,2026-06-13,quantile,0.05,2,Maryland,Ensemble
2026-05-23,24,3,wk inc flu hosp,2026-06-13,quantile,0.1,3,Maryland,Ensemble
2026-05-23,24,3,wk inc flu hosp,2026-06-13,quantile,0.15,4,Maryland,Ensemble
2026-05-23,24,3,wk inc flu hosp,2026-06-13,quantile,0.2,4,Maryland,Ensemble
2026-05-23,24,3,wk inc flu hosp,2026-06-13,quantile,0.25,5,Maryland,Ensemble
2026-05-23,24,3,wk inc flu hosp,2026-06-13,quantile,0.3,6,Maryland,Ensemble
2026-05-23,24,3,wk inc flu hosp,2026-06-13,quantile,0.35,7,Maryland,Ensemble
2026-05-23,24,3,wk inc flu hosp,2026-06-13,quantile,0.4,7,Maryland,Ensemble
2026-05-23,24,3,wk inc flu hosp,2026-06-13,quantile,0.45,8,Maryland,Ensemble
2026-05-23,24,3,wk inc flu hosp,2026-06-13,quantile,0.5,10,Maryland,Ensemble
2026-05-23,24,3,wk inc flu hosp,2026-06-13,quantile,0.55,11,Maryland,Ensemble
2026-05-23,24,3,wk inc flu hosp,2026-06-13,quantile,0.6,12,Maryland,Ensemble
2026-05-23,24,3,wk inc flu hosp,2026-06-13,quantile,0.65,14,Maryland,Ensemble
2026-05-23,24,3,wk inc flu hosp,2026-06-13,quantile,0.7,16,Maryland,Ensemble
2026-05-23,24,3,wk inc flu hosp,2026-06-13,quantile,0.75,18,Maryland,Ensemble
2026-05-23,24,3,wk inc flu hosp,2026-06-13,quantile,0.8,22,Maryland,Ensemble
2026-05-23,24,3,wk inc flu hosp,2026-06-13,quantile,0.85,27,Maryland,Ensemble
2026-05-23,24,3,wk inc flu hosp,2026-06-13,quantile,0.9,35,Maryland,Ensemble
2026-05-23,24,3,wk inc flu hosp,2026-06-13,quantile,0.95,51,Maryland,Ensemble
2026-05-23,24,3,wk inc flu hosp,2026-06-13,quantile,0.975,69,Maryland,Ensemble
2026-05-23,24,3,wk inc flu hosp,2026-06-13,quantile,0.99,97,Maryland,Ensemble
2026-05-23,25,0,wk inc flu hosp,2026-05-23,quantile,0.01,3,Massachusetts,Ensemble
2026-05-23,25,0,wk inc flu hosp,2026-05-23,quantile,0.025,4,Massachusetts,Ensemble
2026-05-23,25,0,wk inc flu hosp,2026-05-23,quantile,0.05,5,Massachusetts,Ensemble
2026-05-23,25,0,wk inc flu hosp,2026-05-23,quantile,0.1,7,Massachusetts,Ensemble
2026-05-23,25,0,wk inc flu hosp,2026-05-23,quantile,0.15,8,Massachusetts,Ensemble
2026-05-23,25,0,wk inc flu hosp,2026-05-23,quantile,0.2,9,Massachusetts,Ensemble
2026-05-23,25,0,wk inc flu hosp,2026-05-23,quantile,0.25,10,Massachusetts,Ensemble
2026-05-23,25,0,wk inc flu hosp,2026-05-23,quantile,0.3,11,Massachusetts,Ensemble
2026-05-23,25,0,wk inc flu hosp,2026-05-23,quantile,0.35,12,Massachusetts,Ensemble
2026-05-23,25,0,wk inc flu hosp,2026-05-23,quantile,0.4,13,Massachusetts,Ensemble
2026-05-23,25,0,wk inc flu hosp,2026-05-23,quantile,0.45,14,Massachusetts,Ensemble
2026-05-23,25,0,wk inc flu hosp,2026-05-23,quantile,0.5,16,Massachusetts,Ensemble
2026-05-23,25,0,wk inc flu hosp,2026-05-23,quantile,0.55,17,Massachusetts,Ensemble
2026-05-23,25,0,wk inc flu hosp,2026-05-23,quantile,0.6,18,Massachusetts,Ensemble
2026-05-23,25,0,wk inc flu hosp,2026-05-23,quantile,0.65,19,Massachusetts,Ensemble
2026-05-23,25,0,wk inc flu hosp,2026-05-23,quantile,0.7,20,Massachusetts,Ensemble
2026-05-23,25,0,wk inc flu hosp,2026-05-23,quantile,0.75,21,Massachusetts,Ensemble
2026-05-23,25,0,wk inc flu hosp,2026-05-23,quantile,0.8,23,Massachusetts,Ensemble
2026-05-23,25,0,wk inc flu hosp,2026-05-23,quantile,0.85,26,Massachusetts,Ensemble
2026-05-23,25,0,wk inc flu hosp,2026-05-23,quantile,0.9,29,Massachusetts,Ensemble
2026-05-23,25,0,wk inc flu hosp,2026-05-23,quantile,0.95,36,Massachusetts,Ensemble
2026-05-23,25,0,wk inc flu hosp,2026-05-23,quantile,0.975,44,Massachusetts,Ensemble
2026-05-23,25,0,wk inc flu hosp,2026-05-23,quantile,0.99,56,Massachusetts,Ensemble
2026-05-23,25,1,wk inc flu hosp,2026-05-30,quantile,0.01,2,Massachusetts,Ensemble
2026-05-23,25,1,wk inc flu hosp,2026-05-30,quantile,0.025,3,Massachusetts,Ensemble
2026-05-23,25,1,wk inc flu hosp,2026-05-30,quantile,0.05,4,Massachusetts,Ensemble
2026-05-23,25,1,wk inc flu hosp,2026-05-30,quantile,0.1,5,Massachusetts,Ensemble
2026-05-23,25,1,wk inc flu hosp,2026-05-30,quantile,0.15,6,Massachusetts,Ensemble
2026-05-23,25,1,wk inc flu hosp,2026-05-30,quantile,0.2,8,Massachusetts,Ensemble
2026-05-23,25,1,wk inc flu hosp,2026-05-30,quantile,0.25,9,Massachusetts,Ensemble
2026-05-23,25,1,wk inc flu hosp,2026-05-30,quantile,0.3,10,Massachusetts,Ensemble
2026-05-23,25,1,wk inc flu hosp,2026-05-30,quantile,0.35,11,Massachusetts,Ensemble
2026-05-23,25,1,wk inc flu hosp,2026-05-30,quantile,0.4,11,Massachusetts,Ensemble
2026-05-23,25,1,wk inc flu hosp,2026-05-30,quantile,0.45,12,Massachusetts,Ensemble
2026-05-23,25,1,wk inc flu hosp,2026-05-30,quantile,0.5,14,Massachusetts,Ensemble
2026-05-23,25,1,wk inc flu hosp,2026-05-30,quantile,0.55,15,Massachusetts,Ensemble
2026-05-23,25,1,wk inc flu hosp,2026-05-30,quantile,0.6,16,Massachusetts,Ensemble
2026-05-23,25,1,wk inc flu hosp,2026-05-30,quantile,0.65,17,Massachusetts,Ensemble
2026-05-23,25,1,wk inc flu hosp,2026-05-30,quantile,0.7,18,Massachusetts,Ensemble
2026-05-23,25,1,wk inc flu hosp,2026-05-30,quantile,0.75,20,Massachusetts,Ensemble
2026-05-23,25,1,wk inc flu hosp,2026-05-30,quantile,0.8,22,Massachusetts,Ensemble
2026-05-23,25,1,wk inc flu hosp,2026-05-30,quantile,0.85,24,Massachusetts,Ensemble
2026-05-23,25,1,wk inc flu hosp,2026-05-30,quantile,0.9,29,Massachusetts,Ensemble
2026-05-23,25,1,wk inc flu hosp,2026-05-30,quantile,0.95,37,Massachusetts,Ensemble
2026-05-23,25,1,wk inc flu hosp,2026-05-30,quantile,0.975,47,Massachusetts,Ensemble
2026-05-23,25,1,wk inc flu hosp,2026-05-30,quantile,0.99,62,Massachusetts,Ensemble
2026-05-23,25,2,wk inc flu hosp,2026-06-06,quantile,0.01,1,Massachusetts,Ensemble
2026-05-23,25,2,wk inc flu hosp,2026-06-06,quantile,0.025,2,Massachusetts,Ensemble
2026-05-23,25,2,wk inc flu hosp,2026-06-06,quantile,0.05,3,Massachusetts,Ensemble
2026-05-23,25,2,wk inc flu hosp,2026-06-06,quantile,0.1,4,Massachusetts,Ensemble
2026-05-23,25,2,wk inc flu hosp,2026-06-06,quantile,0.15,6,Massachusetts,Ensemble
2026-05-23,25,2,wk inc flu hosp,2026-06-06,quantile,0.2,7,Massachusetts,Ensemble
2026-05-23,25,2,wk inc flu hosp,2026-06-06,quantile,0.25,8,Massachusetts,Ensemble
2026-05-23,25,2,wk inc flu hosp,2026-06-06,quantile,0.3,9,Massachusetts,Ensemble
2026-05-23,25,2,wk inc flu hosp,2026-06-06,quantile,0.35,9,Massachusetts,Ensemble
2026-05-23,25,2,wk inc flu hosp,2026-06-06,quantile,0.4,10,Massachusetts,Ensemble
2026-05-23,25,2,wk inc flu hosp,2026-06-06,quantile,0.45,11,Massachusetts,Ensemble
2026-05-23,25,2,wk inc flu hosp,2026-06-06,quantile,0.5,13,Massachusetts,Ensemble
2026-05-23,25,2,wk inc flu hosp,2026-06-06,quantile,0.55,14,Massachusetts,Ensemble
2026-05-23,25,2,wk inc flu hosp,2026-06-06,quantile,0.6,15,Massachusetts,Ensemble
2026-05-23,25,2,wk inc flu hosp,2026-06-06,quantile,0.65,16,Massachusetts,Ensemble
2026-05-23,25,2,wk inc flu hosp,2026-06-06,quantile,0.7,17,Massachusetts,Ensemble
2026-05-23,25,2,wk inc flu hosp,2026-06-06,quantile,0.75,19,Massachusetts,Ensemble
2026-05-23,25,2,wk inc flu hosp,2026-06-06,quantile,0.8,21,Massachusetts,Ensemble
2026-05-23,25,2,wk inc flu hosp,2026-06-06,quantile,0.85,23,Massachusetts,Ensemble
2026-05-23,25,2,wk inc flu hosp,2026-06-06,quantile,0.9,28,Massachusetts,Ensemble
2026-05-23,25,2,wk inc flu hosp,2026-06-06,quantile,0.95,39,Massachusetts,Ensemble
2026-05-23,25,2,wk inc flu hosp,2026-06-06,quantile,0.975,52,Massachusetts,Ensemble
2026-05-23,25,2,wk inc flu hosp,2026-06-06,quantile,0.99,70,Massachusetts,Ensemble
2026-05-23,25,3,wk inc flu hosp,2026-06-13,quantile,0.01,1,Massachusetts,Ensemble
2026-05-23,25,3,wk inc flu hosp,2026-06-13,quantile,0.025,2,Massachusetts,Ensemble
2026-05-23,25,3,wk inc flu hosp,2026-06-13,quantile,0.05,2,Massachusetts,Ensemble
2026-05-23,25,3,wk inc flu hosp,2026-06-13,quantile,0.1,3,Massachusetts,Ensemble
2026-05-23,25,3,wk inc flu hosp,2026-06-13,quantile,0.15,4,Massachusetts,Ensemble
2026-05-23,25,3,wk inc flu hosp,2026-06-13,quantile,0.2,6,Massachusetts,Ensemble
2026-05-23,25,3,wk inc flu hosp,2026-06-13,quantile,0.25,6,Massachusetts,Ensemble
2026-05-23,25,3,wk inc flu hosp,2026-06-13,quantile,0.3,8,Massachusetts,Ensemble
2026-05-23,25,3,wk inc flu hosp,2026-06-13,quantile,0.35,9,Massachusetts,Ensemble
2026-05-23,25,3,wk inc flu hosp,2026-06-13,quantile,0.4,10,Massachusetts,Ensemble
2026-05-23,25,3,wk inc flu hosp,2026-06-13,quantile,0.45,10,Massachusetts,Ensemble
2026-05-23,25,3,wk inc flu hosp,2026-06-13,quantile,0.5,12,Massachusetts,Ensemble
2026-05-23,25,3,wk inc flu hosp,2026-06-13,quantile,0.55,13,Massachusetts,Ensemble
2026-05-23,25,3,wk inc flu hosp,2026-06-13,quantile,0.6,14,Massachusetts,Ensemble
2026-05-23,25,3,wk inc flu hosp,2026-06-13,quantile,0.65,15,Massachusetts,Ensemble
2026-05-23,25,3,wk inc flu hosp,2026-06-13,quantile,0.7,16,Massachusetts,Ensemble
2026-05-23,25,3,wk inc flu hosp,2026-06-13,quantile,0.75,18,Massachusetts,Ensemble
2026-05-23,25,3,wk inc flu hosp,2026-06-13,quantile,0.8,20,Massachusetts,Ensemble
2026-05-23,25,3,wk inc flu hosp,2026-06-13,quantile,0.85,24,Massachusetts,Ensemble
2026-05-23,25,3,wk inc flu hosp,2026-06-13,quantile,0.9,31,Massachusetts,Ensemble
2026-05-23,25,3,wk inc flu hosp,2026-06-13,quantile,0.95,45,Massachusetts,Ensemble
2026-05-23,25,3,wk inc flu hosp,2026-06-13,quantile,0.975,62,Massachusetts,Ensemble
2026-05-23,25,3,wk inc flu hosp,2026-06-13,quantile,0.99,89,Massachusetts,Ensemble
2026-05-23,26,0,wk inc flu hosp,2026-05-23,quantile,0.01,4,Michigan,Ensemble
2026-05-23,26,0,wk inc flu hosp,2026-05-23,quantile,0.025,5,Michigan,Ensemble
2026-05-23,26,0,wk inc flu hosp,2026-05-23,quantile,0.05,7,Michigan,Ensemble
2026-05-23,26,0,wk inc flu hosp,2026-05-23,quantile,0.1,9,Michigan,Ensemble
2026-05-23,26,0,wk inc flu hosp,2026-05-23,quantile,0.15,11,Michigan,Ensemble
2026-05-23,26,0,wk inc flu hosp,2026-05-23,quantile,0.2,12,Michigan,Ensemble
2026-05-23,26,0,wk inc flu hosp,2026-05-23,quantile,0.25,14,Michigan,Ensemble
2026-05-23,26,0,wk inc flu hosp,2026-05-23,quantile,0.3,15,Michigan,Ensemble
2026-05-23,26,0,wk inc flu hosp,2026-05-23,quantile,0.35,17,Michigan,Ensemble
2026-05-23,26,0,wk inc flu hosp,2026-05-23,quantile,0.4,18,Michigan,Ensemble
2026-05-23,26,0,wk inc flu hosp,2026-05-23,quantile,0.45,19,Michigan,Ensemble
2026-05-23,26,0,wk inc flu hosp,2026-05-23,quantile,0.5,22,Michigan,Ensemble
2026-05-23,26,0,wk inc flu hosp,2026-05-23,quantile,0.55,23,Michigan,Ensemble
2026-05-23,26,0,wk inc flu hosp,2026-05-23,quantile,0.6,24,Michigan,Ensemble
2026-05-23,26,0,wk inc flu hosp,2026-05-23,quantile,0.65,26,Michigan,Ensemble
2026-05-23,26,0,wk inc flu hosp,2026-05-23,quantile,0.7,27,Michigan,Ensemble
2026-05-23,26,0,wk inc flu hosp,2026-05-23,quantile,0.75,29,Michigan,Ensemble
2026-05-23,26,0,wk inc flu hosp,2026-05-23,quantile,0.8,31,Michigan,Ensemble
2026-05-23,26,0,wk inc flu hosp,2026-05-23,quantile,0.85,34,Michigan,Ensemble
2026-05-23,26,0,wk inc flu hosp,2026-05-23,quantile,0.9,38,Michigan,Ensemble
2026-05-23,26,0,wk inc flu hosp,2026-05-23,quantile,0.95,45,Michigan,Ensemble
2026-05-23,26,0,wk inc flu hosp,2026-05-23,quantile,0.975,54,Michigan,Ensemble
2026-05-23,26,0,wk inc flu hosp,2026-05-23,quantile,0.99,68,Michigan,Ensemble
2026-05-23,26,1,wk inc flu hosp,2026-05-30,quantile,0.01,3,Michigan,Ensemble
2026-05-23,26,1,wk inc flu hosp,2026-05-30,quantile,0.025,4,Michigan,Ensemble
2026-05-23,26,1,wk inc flu hosp,2026-05-30,quantile,0.05,6,Michigan,Ensemble
2026-05-23,26,1,wk inc flu hosp,2026-05-30,quantile,0.1,8,Michigan,Ensemble
2026-05-23,26,1,wk inc flu hosp,2026-05-30,quantile,0.15,10,Michigan,Ensemble
2026-05-23,26,1,wk inc flu hosp,2026-05-30,quantile,0.2,11,Michigan,Ensemble
2026-05-23,26,1,wk inc flu hosp,2026-05-30,quantile,0.25,13,Michigan,Ensemble
2026-05-23,26,1,wk inc flu hosp,2026-05-30,quantile,0.3,14,Michigan,Ensemble
2026-05-23,26,1,wk inc flu hosp,2026-05-30,quantile,0.35,16,Michigan,Ensemble
2026-05-23,26,1,wk inc flu hosp,2026-05-30,quantile,0.4,17,Michigan,Ensemble
2026-05-23,26,1,wk inc flu hosp,2026-05-30,quantile,0.45,18,Michigan,Ensemble
2026-05-23,26,1,wk inc flu hosp,2026-05-30,quantile,0.5,21,Michigan,Ensemble
2026-05-23,26,1,wk inc flu hosp,2026-05-30,quantile,0.55,22,Michigan,Ensemble
2026-05-23,26,1,wk inc flu hosp,2026-05-30,quantile,0.6,24,Michigan,Ensemble
2026-05-23,26,1,wk inc flu hosp,2026-05-30,quantile,0.65,25,Michigan,Ensemble
2026-05-23,26,1,wk inc flu hosp,2026-05-30,quantile,0.7,27,Michigan,Ensemble
2026-05-23,26,1,wk inc flu hosp,2026-05-30,quantile,0.75,29,Michigan,Ensemble
2026-05-23,26,1,wk inc flu hosp,2026-05-30,quantile,0.8,31,Michigan,Ensemble
2026-05-23,26,1,wk inc flu hosp,2026-05-30,quantile,0.85,35,Michigan,Ensemble
2026-05-23,26,1,wk inc flu hosp,2026-05-30,quantile,0.9,40,Michigan,Ensemble
2026-05-23,26,1,wk inc flu hosp,2026-05-30,quantile,0.95,49,Michigan,Ensemble
2026-05-23,26,1,wk inc flu hosp,2026-05-30,quantile,0.975,60,Michigan,Ensemble
2026-05-23,26,1,wk inc flu hosp,2026-05-30,quantile,0.99,76,Michigan,Ensemble
2026-05-23,26,2,wk inc flu hosp,2026-06-06,quantile,0.01,2,Michigan,Ensemble
2026-05-23,26,2,wk inc flu hosp,2026-06-06,quantile,0.025,3,Michigan,Ensemble
2026-05-23,26,2,wk inc flu hosp,2026-06-06,quantile,0.05,5,Michigan,Ensemble
2026-05-23,26,2,wk inc flu hosp,2026-06-06,quantile,0.1,7,Michigan,Ensemble
2026-05-23,26,2,wk inc flu hosp,2026-06-06,quantile,0.15,8,Michigan,Ensemble
2026-05-23,26,2,wk inc flu hosp,2026-06-06,quantile,0.2,10,Michigan,Ensemble
2026-05-23,26,2,wk inc flu hosp,2026-06-06,quantile,0.25,11,Michigan,Ensemble
2026-05-23,26,2,wk inc flu hosp,2026-06-06,quantile,0.3,12,Michigan,Ensemble
2026-05-23,26,2,wk inc flu hosp,2026-06-06,quantile,0.35,14,Michigan,Ensemble
2026-05-23,26,2,wk inc flu hosp,2026-06-06,quantile,0.4,15,Michigan,Ensemble
2026-05-23,26,2,wk inc flu hosp,2026-06-06,quantile,0.45,16,Michigan,Ensemble
2026-05-23,26,2,wk inc flu hosp,2026-06-06,quantile,0.5,19,Michigan,Ensemble
2026-05-23,26,2,wk inc flu hosp,2026-06-06,quantile,0.55,20,Michigan,Ensemble
2026-05-23,26,2,wk inc flu hosp,2026-06-06,quantile,0.6,21,Michigan,Ensemble
2026-05-23,26,2,wk inc flu hosp,2026-06-06,quantile,0.65,23,Michigan,Ensemble
2026-05-23,26,2,wk inc flu hosp,2026-06-06,quantile,0.7,25,Michigan,Ensemble
2026-05-23,26,2,wk inc flu hosp,2026-06-06,quantile,0.75,27,Michigan,Ensemble
2026-05-23,26,2,wk inc flu hosp,2026-06-06,quantile,0.8,30,Michigan,Ensemble
2026-05-23,26,2,wk inc flu hosp,2026-06-06,quantile,0.85,34,Michigan,Ensemble
2026-05-23,26,2,wk inc flu hosp,2026-06-06,quantile,0.9,41,Michigan,Ensemble
2026-05-23,26,2,wk inc flu hosp,2026-06-06,quantile,0.95,53,Michigan,Ensemble
2026-05-23,26,2,wk inc flu hosp,2026-06-06,quantile,0.975,67,Michigan,Ensemble
2026-05-23,26,2,wk inc flu hosp,2026-06-06,quantile,0.99,85,Michigan,Ensemble
2026-05-23,26,3,wk inc flu hosp,2026-06-13,quantile,0.01,1,Michigan,Ensemble
2026-05-23,26,3,wk inc flu hosp,2026-06-13,quantile,0.025,2,Michigan,Ensemble
2026-05-23,26,3,wk inc flu hosp,2026-06-13,quantile,0.05,4,Michigan,Ensemble
2026-05-23,26,3,wk inc flu hosp,2026-06-13,quantile,0.1,5,Michigan,Ensemble
2026-05-23,26,3,wk inc flu hosp,2026-06-13,quantile,0.15,7,Michigan,Ensemble
2026-05-23,26,3,wk inc flu hosp,2026-06-13,quantile,0.2,8,Michigan,Ensemble
2026-05-23,26,3,wk inc flu hosp,2026-06-13,quantile,0.25,10,Michigan,Ensemble
2026-05-23,26,3,wk inc flu hosp,2026-06-13,quantile,0.3,11,Michigan,Ensemble
2026-05-23,26,3,wk inc flu hosp,2026-06-13,quantile,0.35,13,Michigan,Ensemble
2026-05-23,26,3,wk inc flu hosp,2026-06-13,quantile,0.4,14,Michigan,Ensemble
2026-05-23,26,3,wk inc flu hosp,2026-06-13,quantile,0.45,15,Michigan,Ensemble
2026-05-23,26,3,wk inc flu hosp,2026-06-13,quantile,0.5,17,Michigan,Ensemble
2026-05-23,26,3,wk inc flu hosp,2026-06-13,quantile,0.55,19,Michigan,Ensemble
2026-05-23,26,3,wk inc flu hosp,2026-06-13,quantile,0.6,20,Michigan,Ensemble
2026-05-23,26,3,wk inc flu hosp,2026-06-13,quantile,0.65,22,Michigan,Ensemble
2026-05-23,26,3,wk inc flu hosp,2026-06-13,quantile,0.7,24,Michigan,Ensemble
2026-05-23,26,3,wk inc flu hosp,2026-06-13,quantile,0.75,26,Michigan,Ensemble
2026-05-23,26,3,wk inc flu hosp,2026-06-13,quantile,0.8,30,Michigan,Ensemble
2026-05-23,26,3,wk inc flu hosp,2026-06-13,quantile,0.85,34,Michigan,Ensemble
2026-05-23,26,3,wk inc flu hosp,2026-06-13,quantile,0.9,42,Michigan,Ensemble
2026-05-23,26,3,wk inc flu hosp,2026-06-13,quantile,0.95,57,Michigan,Ensemble
2026-05-23,26,3,wk inc flu hosp,2026-06-13,quantile,0.975,74,Michigan,Ensemble
2026-05-23,26,3,wk inc flu hosp,2026-06-13,quantile,0.99,103,Michigan,Ensemble
2026-05-23,27,0,wk inc flu hosp,2026-05-23,quantile,0.01,3,Minnesota,Ensemble
2026-05-23,27,0,wk inc flu hosp,2026-05-23,quantile,0.025,4,Minnesota,Ensemble
2026-05-23,27,0,wk inc flu hosp,2026-05-23,quantile,0.05,5,Minnesota,Ensemble
2026-05-23,27,0,wk inc flu hosp,2026-05-23,quantile,0.1,7,Minnesota,Ensemble
2026-05-23,27,0,wk inc flu hosp,2026-05-23,quantile,0.15,8,Minnesota,Ensemble
2026-05-23,27,0,wk inc flu hosp,2026-05-23,quantile,0.2,8,Minnesota,Ensemble
2026-05-23,27,0,wk inc flu hosp,2026-05-23,quantile,0.25,9,Minnesota,Ensemble
2026-05-23,27,0,wk inc flu hosp,2026-05-23,quantile,0.3,10,Minnesota,Ensemble
2026-05-23,27,0,wk inc flu hosp,2026-05-23,quantile,0.35,11,Minnesota,Ensemble
2026-05-23,27,0,wk inc flu hosp,2026-05-23,quantile,0.4,11,Minnesota,Ensemble
2026-05-23,27,0,wk inc flu hosp,2026-05-23,quantile,0.45,12,Minnesota,Ensemble
2026-05-23,27,0,wk inc flu hosp,2026-05-23,quantile,0.5,14,Minnesota,Ensemble
2026-05-23,27,0,wk inc flu hosp,2026-05-23,quantile,0.55,15,Minnesota,Ensemble
2026-05-23,27,0,wk inc flu hosp,2026-05-23,quantile,0.6,15,Minnesota,Ensemble
2026-05-23,27,0,wk inc flu hosp,2026-05-23,quantile,0.65,16,Minnesota,Ensemble
2026-05-23,27,0,wk inc flu hosp,2026-05-23,quantile,0.7,17,Minnesota,Ensemble
2026-05-23,27,0,wk inc flu hosp,2026-05-23,quantile,0.75,18,Minnesota,Ensemble
2026-05-23,27,0,wk inc flu hosp,2026-05-23,quantile,0.8,20,Minnesota,Ensemble
2026-05-23,27,0,wk inc flu hosp,2026-05-23,quantile,0.85,22,Minnesota,Ensemble
2026-05-23,27,0,wk inc flu hosp,2026-05-23,quantile,0.9,25,Minnesota,Ensemble
2026-05-23,27,0,wk inc flu hosp,2026-05-23,quantile,0.95,31,Minnesota,Ensemble
2026-05-23,27,0,wk inc flu hosp,2026-05-23,quantile,0.975,38,Minnesota,Ensemble
2026-05-23,27,0,wk inc flu hosp,2026-05-23,quantile,0.99,48,Minnesota,Ensemble
2026-05-23,27,1,wk inc flu hosp,2026-05-30,quantile,0.01,2,Minnesota,Ensemble
2026-05-23,27,1,wk inc flu hosp,2026-05-30,quantile,0.025,3,Minnesota,Ensemble
2026-05-23,27,1,wk inc flu hosp,2026-05-30,quantile,0.05,3,Minnesota,Ensemble
2026-05-23,27,1,wk inc flu hosp,2026-05-30,quantile,0.1,5,Minnesota,Ensemble
2026-05-23,27,1,wk inc flu hosp,2026-05-30,quantile,0.15,6,Minnesota,Ensemble
2026-05-23,27,1,wk inc flu hosp,2026-05-30,quantile,0.2,7,Minnesota,Ensemble
2026-05-23,27,1,wk inc flu hosp,2026-05-30,quantile,0.25,7,Minnesota,Ensemble
2026-05-23,27,1,wk inc flu hosp,2026-05-30,quantile,0.3,8,Minnesota,Ensemble
2026-05-23,27,1,wk inc flu hosp,2026-05-30,quantile,0.35,8,Minnesota,Ensemble
2026-05-23,27,1,wk inc flu hosp,2026-05-30,quantile,0.4,9,Minnesota,Ensemble
2026-05-23,27,1,wk inc flu hosp,2026-05-30,quantile,0.45,10,Minnesota,Ensemble
2026-05-23,27,1,wk inc flu hosp,2026-05-30,quantile,0.5,11,Minnesota,Ensemble
2026-05-23,27,1,wk inc flu hosp,2026-05-30,quantile,0.55,12,Minnesota,Ensemble
2026-05-23,27,1,wk inc flu hosp,2026-05-30,quantile,0.6,13,Minnesota,Ensemble
2026-05-23,27,1,wk inc flu hosp,2026-05-30,quantile,0.65,14,Minnesota,Ensemble
2026-05-23,27,1,wk inc flu hosp,2026-05-30,quantile,0.7,15,Minnesota,Ensemble
2026-05-23,27,1,wk inc flu hosp,2026-05-30,quantile,0.75,17,Minnesota,Ensemble
2026-05-23,27,1,wk inc flu hosp,2026-05-30,quantile,0.8,18,Minnesota,Ensemble
2026-05-23,27,1,wk inc flu hosp,2026-05-30,quantile,0.85,21,Minnesota,Ensemble
2026-05-23,27,1,wk inc flu hosp,2026-05-30,quantile,0.9,25,Minnesota,Ensemble
2026-05-23,27,1,wk inc flu hosp,2026-05-30,quantile,0.95,33,Minnesota,Ensemble
2026-05-23,27,1,wk inc flu hosp,2026-05-30,quantile,0.975,42,Minnesota,Ensemble
2026-05-23,27,1,wk inc flu hosp,2026-05-30,quantile,0.99,56,Minnesota,Ensemble
2026-05-23,27,2,wk inc flu hosp,2026-06-06,quantile,0.01,2,Minnesota,Ensemble
2026-05-23,27,2,wk inc flu hosp,2026-06-06,quantile,0.025,2,Minnesota,Ensemble
2026-05-23,27,2,wk inc flu hosp,2026-06-06,quantile,0.05,3,Minnesota,Ensemble
2026-05-23,27,2,wk inc flu hosp,2026-06-06,quantile,0.1,4,Minnesota,Ensemble
2026-05-23,27,2,wk inc flu hosp,2026-06-06,quantile,0.15,5,Minnesota,Ensemble
2026-05-23,27,2,wk inc flu hosp,2026-06-06,quantile,0.2,6,Minnesota,Ensemble
2026-05-23,27,2,wk inc flu hosp,2026-06-06,quantile,0.25,6,Minnesota,Ensemble
2026-05-23,27,2,wk inc flu hosp,2026-06-06,quantile,0.3,7,Minnesota,Ensemble
2026-05-23,27,2,wk inc flu hosp,2026-06-06,quantile,0.35,8,Minnesota,Ensemble
2026-05-23,27,2,wk inc flu hosp,2026-06-06,quantile,0.4,8,Minnesota,Ensemble
2026-05-23,27,2,wk inc flu hosp,2026-06-06,quantile,0.45,9,Minnesota,Ensemble
2026-05-23,27,2,wk inc flu hosp,2026-06-06,quantile,0.5,11,Minnesota,Ensemble
2026-05-23,27,2,wk inc flu hosp,2026-06-06,quantile,0.55,11,Minnesota,Ensemble
2026-05-23,27,2,wk inc flu hosp,2026-06-06,quantile,0.6,12,Minnesota,Ensemble
2026-05-23,27,2,wk inc flu hosp,2026-06-06,quantile,0.65,13,Minnesota,Ensemble
2026-05-23,27,2,wk inc flu hosp,2026-06-06,quantile,0.7,14,Minnesota,Ensemble
2026-05-23,27,2,wk inc flu hosp,2026-06-06,quantile,0.75,16,Minnesota,Ensemble
2026-05-23,27,2,wk inc flu hosp,2026-06-06,quantile,0.8,18,Minnesota,Ensemble
2026-05-23,27,2,wk inc flu hosp,2026-06-06,quantile,0.85,21,Minnesota,Ensemble
2026-05-23,27,2,wk inc flu hosp,2026-06-06,quantile,0.9,26,Minnesota,Ensemble
2026-05-23,27,2,wk inc flu hosp,2026-06-06,quantile,0.95,36,Minnesota,Ensemble
2026-05-23,27,2,wk inc flu hosp,2026-06-06,quantile,0.975,49,Minnesota,Ensemble
2026-05-23,27,2,wk inc flu hosp,2026-06-06,quantile,0.99,67,Minnesota,Ensemble
2026-05-23,27,3,wk inc flu hosp,2026-06-13,quantile,0.01,1,Minnesota,Ensemble
2026-05-23,27,3,wk inc flu hosp,2026-06-13,quantile,0.025,1,Minnesota,Ensemble
2026-05-23,27,3,wk inc flu hosp,2026-06-13,quantile,0.05,2,Minnesota,Ensemble
2026-05-23,27,3,wk inc flu hosp,2026-06-13,quantile,0.1,3,Minnesota,Ensemble
2026-05-23,27,3,wk inc flu hosp,2026-06-13,quantile,0.15,4,Minnesota,Ensemble
2026-05-23,27,3,wk inc flu hosp,2026-06-13,quantile,0.2,5,Minnesota,Ensemble
2026-05-23,27,3,wk inc flu hosp,2026-06-13,quantile,0.25,5,Minnesota,Ensemble
2026-05-23,27,3,wk inc flu hosp,2026-06-13,quantile,0.3,6,Minnesota,Ensemble
2026-05-23,27,3,wk inc flu hosp,2026-06-13,quantile,0.35,6,Minnesota,Ensemble
2026-05-23,27,3,wk inc flu hosp,2026-06-13,quantile,0.4,7,Minnesota,Ensemble
2026-05-23,27,3,wk inc flu hosp,2026-06-13,quantile,0.45,8,Minnesota,Ensemble
2026-05-23,27,3,wk inc flu hosp,2026-06-13,quantile,0.5,10,Minnesota,Ensemble
2026-05-23,27,3,wk inc flu hosp,2026-06-13,quantile,0.55,10,Minnesota,Ensemble
2026-05-23,27,3,wk inc flu hosp,2026-06-13,quantile,0.6,11,Minnesota,Ensemble
2026-05-23,27,3,wk inc flu hosp,2026-06-13,quantile,0.65,12,Minnesota,Ensemble
2026-05-23,27,3,wk inc flu hosp,2026-06-13,quantile,0.7,14,Minnesota,Ensemble
2026-05-23,27,3,wk inc flu hosp,2026-06-13,quantile,0.75,15,Minnesota,Ensemble
2026-05-23,27,3,wk inc flu hosp,2026-06-13,quantile,0.8,18,Minnesota,Ensemble
2026-05-23,27,3,wk inc flu hosp,2026-06-13,quantile,0.85,22,Minnesota,Ensemble
2026-05-23,27,3,wk inc flu hosp,2026-06-13,quantile,0.9,28,Minnesota,Ensemble
2026-05-23,27,3,wk inc flu hosp,2026-06-13,quantile,0.95,42,Minnesota,Ensemble
2026-05-23,27,3,wk inc flu hosp,2026-06-13,quantile,0.975,61,Minnesota,Ensemble
2026-05-23,27,3,wk inc flu hosp,2026-06-13,quantile,0.99,87,Minnesota,Ensemble
2026-05-23,28,0,wk inc flu hosp,2026-05-23,quantile,0.01,2,Mississippi,Ensemble
2026-05-23,28,0,wk inc flu hosp,2026-05-23,quantile,0.025,3,Mississippi,Ensemble
2026-05-23,28,0,wk inc flu hosp,2026-05-23,quantile,0.05,4,Mississippi,Ensemble
2026-05-23,28,0,wk inc flu hosp,2026-05-23,quantile,0.1,6,Mississippi,Ensemble
2026-05-23,28,0,wk inc flu hosp,2026-05-23,quantile,0.15,7,Mississippi,Ensemble
2026-05-23,28,0,wk inc flu hosp,2026-05-23,quantile,0.2,8,Mississippi,Ensemble
2026-05-23,28,0,wk inc flu hosp,2026-05-23,quantile,0.25,9,Mississippi,Ensemble
2026-05-23,28,0,wk inc flu hosp,2026-05-23,quantile,0.3,10,Mississippi,Ensemble
2026-05-23,28,0,wk inc flu hosp,2026-05-23,quantile,0.35,10,Mississippi,Ensemble
2026-05-23,28,0,wk inc flu hosp,2026-05-23,quantile,0.4,11,Mississippi,Ensemble
2026-05-23,28,0,wk inc flu hosp,2026-05-23,quantile,0.45,12,Mississippi,Ensemble
2026-05-23,28,0,wk inc flu hosp,2026-05-23,quantile,0.5,13,Mississippi,Ensemble
2026-05-23,28,0,wk inc flu hosp,2026-05-23,quantile,0.55,14,Mississippi,Ensemble
2026-05-23,28,0,wk inc flu hosp,2026-05-23,quantile,0.6,15,Mississippi,Ensemble
2026-05-23,28,0,wk inc flu hosp,2026-05-23,quantile,0.65,16,Mississippi,Ensemble
2026-05-23,28,0,wk inc flu hosp,2026-05-23,quantile,0.7,17,Mississippi,Ensemble
2026-05-23,28,0,wk inc flu hosp,2026-05-23,quantile,0.75,18,Mississippi,Ensemble
2026-05-23,28,0,wk inc flu hosp,2026-05-23,quantile,0.8,19,Mississippi,Ensemble
2026-05-23,28,0,wk inc flu hosp,2026-05-23,quantile,0.85,21,Mississippi,Ensemble
2026-05-23,28,0,wk inc flu hosp,2026-05-23,quantile,0.9,23,Mississippi,Ensemble
2026-05-23,28,0,wk inc flu hosp,2026-05-23,quantile,0.95,28,Mississippi,Ensemble
2026-05-23,28,0,wk inc flu hosp,2026-05-23,quantile,0.975,32,Mississippi,Ensemble
2026-05-23,28,0,wk inc flu hosp,2026-05-23,quantile,0.99,38,Mississippi,Ensemble
2026-05-23,28,1,wk inc flu hosp,2026-05-30,quantile,0.01,2,Mississippi,Ensemble
2026-05-23,28,1,wk inc flu hosp,2026-05-30,quantile,0.025,2,Mississippi,Ensemble
2026-05-23,28,1,wk inc flu hosp,2026-05-30,quantile,0.05,4,Mississippi,Ensemble
2026-05-23,28,1,wk inc flu hosp,2026-05-30,quantile,0.1,5,Mississippi,Ensemble
2026-05-23,28,1,wk inc flu hosp,2026-05-30,quantile,0.15,6,Mississippi,Ensemble
2026-05-23,28,1,wk inc flu hosp,2026-05-30,quantile,0.2,7,Mississippi,Ensemble
2026-05-23,28,1,wk inc flu hosp,2026-05-30,quantile,0.25,8,Mississippi,Ensemble
2026-05-23,28,1,wk inc flu hosp,2026-05-30,quantile,0.3,9,Mississippi,Ensemble
2026-05-23,28,1,wk inc flu hosp,2026-05-30,quantile,0.35,9,Mississippi,Ensemble
2026-05-23,28,1,wk inc flu hosp,2026-05-30,quantile,0.4,10,Mississippi,Ensemble
2026-05-23,28,1,wk inc flu hosp,2026-05-30,quantile,0.45,11,Mississippi,Ensemble
2026-05-23,28,1,wk inc flu hosp,2026-05-30,quantile,0.5,13,Mississippi,Ensemble
2026-05-23,28,1,wk inc flu hosp,2026-05-30,quantile,0.55,13,Mississippi,Ensemble
2026-05-23,28,1,wk inc flu hosp,2026-05-30,quantile,0.6,14,Mississippi,Ensemble
2026-05-23,28,1,wk inc flu hosp,2026-05-30,quantile,0.65,15,Mississippi,Ensemble
2026-05-23,28,1,wk inc flu hosp,2026-05-30,quantile,0.7,16,Mississippi,Ensemble
2026-05-23,28,1,wk inc flu hosp,2026-05-30,quantile,0.75,18,Mississippi,Ensemble
2026-05-23,28,1,wk inc flu hosp,2026-05-30,quantile,0.8,19,Mississippi,Ensemble
2026-05-23,28,1,wk inc flu hosp,2026-05-30,quantile,0.85,21,Mississippi,Ensemble
2026-05-23,28,1,wk inc flu hosp,2026-05-30,quantile,0.9,24,Mississippi,Ensemble
2026-05-23,28,1,wk inc flu hosp,2026-05-30,quantile,0.95,29,Mississippi,Ensemble
2026-05-23,28,1,wk inc flu hosp,2026-05-30,quantile,0.975,34,Mississippi,Ensemble
2026-05-23,28,1,wk inc flu hosp,2026-05-30,quantile,0.99,44,Mississippi,Ensemble
2026-05-23,28,2,wk inc flu hosp,2026-06-06,quantile,0.01,1,Mississippi,Ensemble
2026-05-23,28,2,wk inc flu hosp,2026-06-06,quantile,0.025,2,Mississippi,Ensemble
2026-05-23,28,2,wk inc flu hosp,2026-06-06,quantile,0.05,3,Mississippi,Ensemble
2026-05-23,28,2,wk inc flu hosp,2026-06-06,quantile,0.1,4,Mississippi,Ensemble
2026-05-23,28,2,wk inc flu hosp,2026-06-06,quantile,0.15,5,Mississippi,Ensemble
2026-05-23,28,2,wk inc flu hosp,2026-06-06,quantile,0.2,6,Mississippi,Ensemble
2026-05-23,28,2,wk inc flu hosp,2026-06-06,quantile,0.25,7,Mississippi,Ensemble
2026-05-23,28,2,wk inc flu hosp,2026-06-06,quantile,0.3,8,Mississippi,Ensemble
2026-05-23,28,2,wk inc flu hosp,2026-06-06,quantile,0.35,9,Mississippi,Ensemble
2026-05-23,28,2,wk inc flu hosp,2026-06-06,quantile,0.4,9,Mississippi,Ensemble
2026-05-23,28,2,wk inc flu hosp,2026-06-06,quantile,0.45,10,Mississippi,Ensemble
2026-05-23,28,2,wk inc flu hosp,2026-06-06,quantile,0.5,12,Mississippi,Ensemble
2026-05-23,28,2,wk inc flu hosp,2026-06-06,quantile,0.55,13,Mississippi,Ensemble
2026-05-23,28,2,wk inc flu hosp,2026-06-06,quantile,0.6,14,Mississippi,Ensemble
2026-05-23,28,2,wk inc flu hosp,2026-06-06,quantile,0.65,15,Mississippi,Ensemble
2026-05-23,28,2,wk inc flu hosp,2026-06-06,quantile,0.7,16,Mississippi,Ensemble
2026-05-23,28,2,wk inc flu hosp,2026-06-06,quantile,0.75,17,Mississippi,Ensemble
2026-05-23,28,2,wk inc flu hosp,2026-06-06,quantile,0.8,19,Mississippi,Ensemble
2026-05-23,28,2,wk inc flu hosp,2026-06-06,quantile,0.85,21,Mississippi,Ensemble
2026-05-23,28,2,wk inc flu hosp,2026-06-06,quantile,0.9,24,Mississippi,Ensemble
2026-05-23,28,2,wk inc flu hosp,2026-06-06,quantile,0.95,30,Mississippi,Ensemble
2026-05-23,28,2,wk inc flu hosp,2026-06-06,quantile,0.975,36,Mississippi,Ensemble
2026-05-23,28,2,wk inc flu hosp,2026-06-06,quantile,0.99,46,Mississippi,Ensemble
2026-05-23,28,3,wk inc flu hosp,2026-06-13,quantile,0.01,1,Mississippi,Ensemble
2026-05-23,28,3,wk inc flu hosp,2026-06-13,quantile,0.025,2,Mississippi,Ensemble
2026-05-23,28,3,wk inc flu hosp,2026-06-13,quantile,0.05,2,Mississippi,Ensemble
2026-05-23,28,3,wk inc flu hosp,2026-06-13,quantile,0.1,4,Mississippi,Ensemble
2026-05-23,28,3,wk inc flu hosp,2026-06-13,quantile,0.15,5,Mississippi,Ensemble
2026-05-23,28,3,wk inc flu hosp,2026-06-13,quantile,0.2,6,Mississippi,Ensemble
2026-05-23,28,3,wk inc flu hosp,2026-06-13,quantile,0.25,7,Mississippi,Ensemble
2026-05-23,28,3,wk inc flu hosp,2026-06-13,quantile,0.3,8,Mississippi,Ensemble
2026-05-23,28,3,wk inc flu hosp,2026-06-13,quantile,0.35,8,Mississippi,Ensemble
2026-05-23,28,3,wk inc flu hosp,2026-06-13,quantile,0.4,9,Mississippi,Ensemble
2026-05-23,28,3,wk inc flu hosp,2026-06-13,quantile,0.45,10,Mississippi,Ensemble
2026-05-23,28,3,wk inc flu hosp,2026-06-13,quantile,0.5,12,Mississippi,Ensemble
2026-05-23,28,3,wk inc flu hosp,2026-06-13,quantile,0.55,13,Mississippi,Ensemble
2026-05-23,28,3,wk inc flu hosp,2026-06-13,quantile,0.6,14,Mississippi,Ensemble
2026-05-23,28,3,wk inc flu hosp,2026-06-13,quantile,0.65,15,Mississippi,Ensemble
2026-05-23,28,3,wk inc flu hosp,2026-06-13,quantile,0.7,16,Mississippi,Ensemble
2026-05-23,28,3,wk inc flu hosp,2026-06-13,quantile,0.75,18,Mississippi,Ensemble
2026-05-23,28,3,wk inc flu hosp,2026-06-13,quantile,0.8,20,Mississippi,Ensemble
2026-05-23,28,3,wk inc flu hosp,2026-06-13,quantile,0.85,22,Mississippi,Ensemble
2026-05-23,28,3,wk inc flu hosp,2026-06-13,quantile,0.9,26,Mississippi,Ensemble
2026-05-23,28,3,wk inc flu hosp,2026-06-13,quantile,0.95,32,Mississippi,Ensemble
2026-05-23,28,3,wk inc flu hosp,2026-06-13,quantile,0.975,40,Mississippi,Ensemble
2026-05-23,28,3,wk inc flu hosp,2026-06-13,quantile,0.99,53,Mississippi,Ensemble
2026-05-23,29,0,wk inc flu hosp,2026-05-23,quantile,0.01,1,Missouri,Ensemble
2026-05-23,29,0,wk inc flu hosp,2026-05-23,quantile,0.025,2,Missouri,Ensemble
2026-05-23,29,0,wk inc flu hosp,2026-05-23,quantile,0.05,2,Missouri,Ensemble
2026-05-23,29,0,wk inc flu hosp,2026-05-23,quantile,0.1,4,Missouri,Ensemble
2026-05-23,29,0,wk inc flu hosp,2026-05-23,quantile,0.15,4,Missouri,Ensemble
2026-05-23,29,0,wk inc flu hosp,2026-05-23,quantile,0.2,5,Missouri,Ensemble
2026-05-23,29,0,wk inc flu hosp,2026-05-23,quantile,0.25,6,Missouri,Ensemble
2026-05-23,29,0,wk inc flu hosp,2026-05-23,quantile,0.3,7,Missouri,Ensemble
2026-05-23,29,0,wk inc flu hosp,2026-05-23,quantile,0.35,8,Missouri,Ensemble
2026-05-23,29,0,wk inc flu hosp,2026-05-23,quantile,0.4,8,Missouri,Ensemble
2026-05-23,29,0,wk inc flu hosp,2026-05-23,quantile,0.45,9,Missouri,Ensemble
2026-05-23,29,0,wk inc flu hosp,2026-05-23,quantile,0.5,11,Missouri,Ensemble
2026-05-23,29,0,wk inc flu hosp,2026-05-23,quantile,0.55,11,Missouri,Ensemble
2026-05-23,29,0,wk inc flu hosp,2026-05-23,quantile,0.6,12,Missouri,Ensemble
2026-05-23,29,0,wk inc flu hosp,2026-05-23,quantile,0.65,13,Missouri,Ensemble
2026-05-23,29,0,wk inc flu hosp,2026-05-23,quantile,0.7,14,Missouri,Ensemble
2026-05-23,29,0,wk inc flu hosp,2026-05-23,quantile,0.75,15,Missouri,Ensemble
2026-05-23,29,0,wk inc flu hosp,2026-05-23,quantile,0.8,17,Missouri,Ensemble
2026-05-23,29,0,wk inc flu hosp,2026-05-23,quantile,0.85,18,Missouri,Ensemble
2026-05-23,29,0,wk inc flu hosp,2026-05-23,quantile,0.9,21,Missouri,Ensemble
2026-05-23,29,0,wk inc flu hosp,2026-05-23,quantile,0.95,27,Missouri,Ensemble
2026-05-23,29,0,wk inc flu hosp,2026-05-23,quantile,0.975,34,Missouri,Ensemble
2026-05-23,29,0,wk inc flu hosp,2026-05-23,quantile,0.99,45,Missouri,Ensemble
2026-05-23,29,1,wk inc flu hosp,2026-05-30,quantile,0.01,1,Missouri,Ensemble
2026-05-23,29,1,wk inc flu hosp,2026-05-30,quantile,0.025,1,Missouri,Ensemble
2026-05-23,29,1,wk inc flu hosp,2026-05-30,quantile,0.05,2,Missouri,Ensemble
2026-05-23,29,1,wk inc flu hosp,2026-05-30,quantile,0.1,3,Missouri,Ensemble
2026-05-23,29,1,wk inc flu hosp,2026-05-30,quantile,0.15,4,Missouri,Ensemble
2026-05-23,29,1,wk inc flu hosp,2026-05-30,quantile,0.2,4,Missouri,Ensemble
2026-05-23,29,1,wk inc flu hosp,2026-05-30,quantile,0.25,5,Missouri,Ensemble
2026-05-23,29,1,wk inc flu hosp,2026-05-30,quantile,0.3,6,Missouri,Ensemble
2026-05-23,29,1,wk inc flu hosp,2026-05-30,quantile,0.35,7,Missouri,Ensemble
2026-05-23,29,1,wk inc flu hosp,2026-05-30,quantile,0.4,8,Missouri,Ensemble
2026-05-23,29,1,wk inc flu hosp,2026-05-30,quantile,0.45,8,Missouri,Ensemble
2026-05-23,29,1,wk inc flu hosp,2026-05-30,quantile,0.5,10,Missouri,Ensemble
2026-05-23,29,1,wk inc flu hosp,2026-05-30,quantile,0.55,11,Missouri,Ensemble
2026-05-23,29,1,wk inc flu hosp,2026-05-30,quantile,0.6,12,Missouri,Ensemble
2026-05-23,29,1,wk inc flu hosp,2026-05-30,quantile,0.65,13,Missouri,Ensemble
2026-05-23,29,1,wk inc flu hosp,2026-05-30,quantile,0.7,14,Missouri,Ensemble
2026-05-23,29,1,wk inc flu hosp,2026-05-30,quantile,0.75,15,Missouri,Ensemble
2026-05-23,29,1,wk inc flu hosp,2026-05-30,quantile,0.8,17,Missouri,Ensemble
2026-05-23,29,1,wk inc flu hosp,2026-05-30,quantile,0.85,20,Missouri,Ensemble
2026-05-23,29,1,wk inc flu hosp,2026-05-30,quantile,0.9,23,Missouri,Ensemble
2026-05-23,29,1,wk inc flu hosp,2026-05-30,quantile,0.95,30,Missouri,Ensemble
2026-05-23,29,1,wk inc flu hosp,2026-05-30,quantile,0.975,38,Missouri,Ensemble
2026-05-23,29,1,wk inc flu hosp,2026-05-30,quantile,0.99,51,Missouri,Ensemble
2026-05-23,29,2,wk inc flu hosp,2026-06-06,quantile,0.01,1,Missouri,Ensemble
2026-05-23,29,2,wk inc flu hosp,2026-06-06,quantile,0.025,1,Missouri,Ensemble
2026-05-23,29,2,wk inc flu hosp,2026-06-06,quantile,0.05,2,Missouri,Ensemble
2026-05-23,29,2,wk inc flu hosp,2026-06-06,quantile,0.1,3,Missouri,Ensemble
2026-05-23,29,2,wk inc flu hosp,2026-06-06,quantile,0.15,3,Missouri,Ensemble
2026-05-23,29,2,wk inc flu hosp,2026-06-06,quantile,0.2,4,Missouri,Ensemble
2026-05-23,29,2,wk inc flu hosp,2026-06-06,quantile,0.25,5,Missouri,Ensemble
2026-05-23,29,2,wk inc flu hosp,2026-06-06,quantile,0.3,6,Missouri,Ensemble
2026-05-23,29,2,wk inc flu hosp,2026-06-06,quantile,0.35,6,Missouri,Ensemble
2026-05-23,29,2,wk inc flu hosp,2026-06-06,quantile,0.4,7,Missouri,Ensemble
2026-05-23,29,2,wk inc flu hosp,2026-06-06,quantile,0.45,8,Missouri,Ensemble
2026-05-23,29,2,wk inc flu hosp,2026-06-06,quantile,0.5,9,Missouri,Ensemble
2026-05-23,29,2,wk inc flu hosp,2026-06-06,quantile,0.55,10,Missouri,Ensemble
2026-05-23,29,2,wk inc flu hosp,2026-06-06,quantile,0.6,11,Missouri,Ensemble
2026-05-23,29,2,wk inc flu hosp,2026-06-06,quantile,0.65,12,Missouri,Ensemble
2026-05-23,29,2,wk inc flu hosp,2026-06-06,quantile,0.7,14,Missouri,Ensemble
2026-05-23,29,2,wk inc flu hosp,2026-06-06,quantile,0.75,15,Missouri,Ensemble
2026-05-23,29,2,wk inc flu hosp,2026-06-06,quantile,0.8,17,Missouri,Ensemble
2026-05-23,29,2,wk inc flu hosp,2026-06-06,quantile,0.85,19,Missouri,Ensemble
2026-05-23,29,2,wk inc flu hosp,2026-06-06,quantile,0.9,23,Missouri,Ensemble
2026-05-23,29,2,wk inc flu hosp,2026-06-06,quantile,0.95,31,Missouri,Ensemble
2026-05-23,29,2,wk inc flu hosp,2026-06-06,quantile,0.975,40,Missouri,Ensemble
2026-05-23,29,2,wk inc flu hosp,2026-06-06,quantile,0.99,55,Missouri,Ensemble
2026-05-23,29,3,wk inc flu hosp,2026-06-13,quantile,0.01,0,Missouri,Ensemble
2026-05-23,29,3,wk inc flu hosp,2026-06-13,quantile,0.025,1,Missouri,Ensemble
2026-05-23,29,3,wk inc flu hosp,2026-06-13,quantile,0.05,1,Missouri,Ensemble
2026-05-23,29,3,wk inc flu hosp,2026-06-13,quantile,0.1,2,Missouri,Ensemble
2026-05-23,29,3,wk inc flu hosp,2026-06-13,quantile,0.15,3,Missouri,Ensemble
2026-05-23,29,3,wk inc flu hosp,2026-06-13,quantile,0.2,4,Missouri,Ensemble
2026-05-23,29,3,wk inc flu hosp,2026-06-13,quantile,0.25,4,Missouri,Ensemble
2026-05-23,29,3,wk inc flu hosp,2026-06-13,quantile,0.3,5,Missouri,Ensemble
2026-05-23,29,3,wk inc flu hosp,2026-06-13,quantile,0.35,6,Missouri,Ensemble
2026-05-23,29,3,wk inc flu hosp,2026-06-13,quantile,0.4,7,Missouri,Ensemble
2026-05-23,29,3,wk inc flu hosp,2026-06-13,quantile,0.45,8,Missouri,Ensemble
2026-05-23,29,3,wk inc flu hosp,2026-06-13,quantile,0.5,9,Missouri,Ensemble
2026-05-23,29,3,wk inc flu hosp,2026-06-13,quantile,0.55,10,Missouri,Ensemble
2026-05-23,29,3,wk inc flu hosp,2026-06-13,quantile,0.6,11,Missouri,Ensemble
2026-05-23,29,3,wk inc flu hosp,2026-06-13,quantile,0.65,12,Missouri,Ensemble
2026-05-23,29,3,wk inc flu hosp,2026-06-13,quantile,0.7,14,Missouri,Ensemble
2026-05-23,29,3,wk inc flu hosp,2026-06-13,quantile,0.75,15,Missouri,Ensemble
2026-05-23,29,3,wk inc flu hosp,2026-06-13,quantile,0.8,17,Missouri,Ensemble
2026-05-23,29,3,wk inc flu hosp,2026-06-13,quantile,0.85,21,Missouri,Ensemble
2026-05-23,29,3,wk inc flu hosp,2026-06-13,quantile,0.9,26,Missouri,Ensemble
2026-05-23,29,3,wk inc flu hosp,2026-06-13,quantile,0.95,37,Missouri,Ensemble
2026-05-23,29,3,wk inc flu hosp,2026-06-13,quantile,0.975,50,Missouri,Ensemble
2026-05-23,29,3,wk inc flu hosp,2026-06-13,quantile,0.99,72,Missouri,Ensemble
2026-05-23,30,0,wk inc flu hosp,2026-05-23,quantile,0.01,0,Montana,Ensemble
2026-05-23,30,0,wk inc flu hosp,2026-05-23,quantile,0.025,0,Montana,Ensemble
2026-05-23,30,0,wk inc flu hosp,2026-05-23,quantile,0.05,0,Montana,Ensemble
2026-05-23,30,0,wk inc flu hosp,2026-05-23,quantile,0.1,0,Montana,Ensemble
2026-05-23,30,0,wk inc flu hosp,2026-05-23,quantile,0.15,0,Montana,Ensemble
2026-05-23,30,0,wk inc flu hosp,2026-05-23,quantile,0.2,0,Montana,Ensemble
2026-05-23,30,0,wk inc flu hosp,2026-05-23,quantile,0.25,0,Montana,Ensemble
2026-05-23,30,0,wk inc flu hosp,2026-05-23,quantile,0.3,1,Montana,Ensemble
2026-05-23,30,0,wk inc flu hosp,2026-05-23,quantile,0.35,1,Montana,Ensemble
2026-05-23,30,0,wk inc flu hosp,2026-05-23,quantile,0.4,1,Montana,Ensemble
2026-05-23,30,0,wk inc flu hosp,2026-05-23,quantile,0.45,1,Montana,Ensemble
2026-05-23,30,0,wk inc flu hosp,2026-05-23,quantile,0.5,2,Montana,Ensemble
2026-05-23,30,0,wk inc flu hosp,2026-05-23,quantile,0.55,3,Montana,Ensemble
2026-05-23,30,0,wk inc flu hosp,2026-05-23,quantile,0.6,3,Montana,Ensemble
2026-05-23,30,0,wk inc flu hosp,2026-05-23,quantile,0.65,3,Montana,Ensemble
2026-05-23,30,0,wk inc flu hosp,2026-05-23,quantile,0.7,3,Montana,Ensemble
2026-05-23,30,0,wk inc flu hosp,2026-05-23,quantile,0.75,4,Montana,Ensemble
2026-05-23,30,0,wk inc flu hosp,2026-05-23,quantile,0.8,4,Montana,Ensemble
2026-05-23,30,0,wk inc flu hosp,2026-05-23,quantile,0.85,5,Montana,Ensemble
2026-05-23,30,0,wk inc flu hosp,2026-05-23,quantile,0.9,5,Montana,Ensemble
2026-05-23,30,0,wk inc flu hosp,2026-05-23,quantile,0.95,7,Montana,Ensemble
2026-05-23,30,0,wk inc flu hosp,2026-05-23,quantile,0.975,9,Montana,Ensemble
2026-05-23,30,0,wk inc flu hosp,2026-05-23,quantile,0.99,11,Montana,Ensemble
2026-05-23,30,1,wk inc flu hosp,2026-05-30,quantile,0.01,0,Montana,Ensemble
2026-05-23,30,1,wk inc flu hosp,2026-05-30,quantile,0.025,0,Montana,Ensemble
2026-05-23,30,1,wk inc flu hosp,2026-05-30,quantile,0.05,0,Montana,Ensemble
2026-05-23,30,1,wk inc flu hosp,2026-05-30,quantile,0.1,0,Montana,Ensemble
2026-05-23,30,1,wk inc flu hosp,2026-05-30,quantile,0.15,0,Montana,Ensemble
2026-05-23,30,1,wk inc flu hosp,2026-05-30,quantile,0.2,0,Montana,Ensemble
2026-05-23,30,1,wk inc flu hosp,2026-05-30,quantile,0.25,0,Montana,Ensemble
2026-05-23,30,1,wk inc flu hosp,2026-05-30,quantile,0.3,0,Montana,Ensemble
2026-05-23,30,1,wk inc flu hosp,2026-05-30,quantile,0.35,1,Montana,Ensemble
2026-05-23,30,1,wk inc flu hosp,2026-05-30,quantile,0.4,1,Montana,Ensemble
2026-05-23,30,1,wk inc flu hosp,2026-05-30,quantile,0.45,1,Montana,Ensemble
2026-05-23,30,1,wk inc flu hosp,2026-05-30,quantile,0.5,2,Montana,Ensemble
2026-05-23,30,1,wk inc flu hosp,2026-05-30,quantile,0.55,2,Montana,Ensemble
2026-05-23,30,1,wk inc flu hosp,2026-05-30,quantile,0.6,2,Montana,Ensemble
2026-05-23,30,1,wk inc flu hosp,2026-05-30,quantile,0.65,3,Montana,Ensemble
2026-05-23,30,1,wk inc flu hosp,2026-05-30,quantile,0.7,3,Montana,Ensemble
2026-05-23,30,1,wk inc flu hosp,2026-05-30,quantile,0.75,3,Montana,Ensemble
2026-05-23,30,1,wk inc flu hosp,2026-05-30,quantile,0.8,4,Montana,Ensemble
2026-05-23,30,1,wk inc flu hosp,2026-05-30,quantile,0.85,4,Montana,Ensemble
2026-05-23,30,1,wk inc flu hosp,2026-05-30,quantile,0.9,5,Montana,Ensemble
2026-05-23,30,1,wk inc flu hosp,2026-05-30,quantile,0.95,7,Montana,Ensemble
2026-05-23,30,1,wk inc flu hosp,2026-05-30,quantile,0.975,9,Montana,Ensemble
2026-05-23,30,1,wk inc flu hosp,2026-05-30,quantile,0.99,12,Montana,Ensemble
2026-05-23,30,2,wk inc flu hosp,2026-06-06,quantile,0.01,0,Montana,Ensemble
2026-05-23,30,2,wk inc flu hosp,2026-06-06,quantile,0.025,0,Montana,Ensemble
2026-05-23,30,2,wk inc flu hosp,2026-06-06,quantile,0.05,0,Montana,Ensemble
2026-05-23,30,2,wk inc flu hosp,2026-06-06,quantile,0.1,0,Montana,Ensemble
2026-05-23,30,2,wk inc flu hosp,2026-06-06,quantile,0.15,0,Montana,Ensemble
2026-05-23,30,2,wk inc flu hosp,2026-06-06,quantile,0.2,0,Montana,Ensemble
2026-05-23,30,2,wk inc flu hosp,2026-06-06,quantile,0.25,0,Montana,Ensemble
2026-05-23,30,2,wk inc flu hosp,2026-06-06,quantile,0.3,0,Montana,Ensemble
2026-05-23,30,2,wk inc flu hosp,2026-06-06,quantile,0.35,0,Montana,Ensemble
2026-05-23,30,2,wk inc flu hosp,2026-06-06,quantile,0.4,1,Montana,Ensemble
2026-05-23,30,2,wk inc flu hosp,2026-06-06,quantile,0.45,1,Montana,Ensemble
2026-05-23,30,2,wk inc flu hosp,2026-06-06,quantile,0.5,2,Montana,Ensemble
2026-05-23,30,2,wk inc flu hosp,2026-06-06,quantile,0.55,2,Montana,Ensemble
2026-05-23,30,2,wk inc flu hosp,2026-06-06,quantile,0.6,2,Montana,Ensemble
2026-05-23,30,2,wk inc flu hosp,2026-06-06,quantile,0.65,2,Montana,Ensemble
2026-05-23,30,2,wk inc flu hosp,2026-06-06,quantile,0.7,3,Montana,Ensemble
2026-05-23,30,2,wk inc flu hosp,2026-06-06,quantile,0.75,3,Montana,Ensemble
2026-05-23,30,2,wk inc flu hosp,2026-06-06,quantile,0.8,4,Montana,Ensemble
2026-05-23,30,2,wk inc flu hosp,2026-06-06,quantile,0.85,4,Montana,Ensemble
2026-05-23,30,2,wk inc flu hosp,2026-06-06,quantile,0.9,5,Montana,Ensemble
2026-05-23,30,2,wk inc flu hosp,2026-06-06,quantile,0.95,7,Montana,Ensemble
2026-05-23,30,2,wk inc flu hosp,2026-06-06,quantile,0.975,10,Montana,Ensemble
2026-05-23,30,2,wk inc flu hosp,2026-06-06,quantile,0.99,14,Montana,Ensemble
2026-05-23,30,3,wk inc flu hosp,2026-06-13,quantile,0.01,0,Montana,Ensemble
2026-05-23,30,3,wk inc flu hosp,2026-06-13,quantile,0.025,0,Montana,Ensemble
2026-05-23,30,3,wk inc flu hosp,2026-06-13,quantile,0.05,0,Montana,Ensemble
2026-05-23,30,3,wk inc flu hosp,2026-06-13,quantile,0.1,0,Montana,Ensemble
2026-05-23,30,3,wk inc flu hosp,2026-06-13,quantile,0.15,0,Montana,Ensemble
2026-05-23,30,3,wk inc flu hosp,2026-06-13,quantile,0.2,0,Montana,Ensemble
2026-05-23,30,3,wk inc flu hosp,2026-06-13,quantile,0.25,0,Montana,Ensemble
2026-05-23,30,3,wk inc flu hosp,2026-06-13,quantile,0.3,0,Montana,Ensemble
2026-05-23,30,3,wk inc flu hosp,2026-06-13,quantile,0.35,0,Montana,Ensemble
2026-05-23,30,3,wk inc flu hosp,2026-06-13,quantile,0.4,0,Montana,Ensemble
2026-05-23,30,3,wk inc flu hosp,2026-06-13,quantile,0.45,1,Montana,Ensemble
2026-05-23,30,3,wk inc flu hosp,2026-06-13,quantile,0.5,2,Montana,Ensemble
2026-05-23,30,3,wk inc flu hosp,2026-06-13,quantile,0.55,2,Montana,Ensemble
2026-05-23,30,3,wk inc flu hosp,2026-06-13,quantile,0.6,2,Montana,Ensemble
2026-05-23,30,3,wk inc flu hosp,2026-06-13,quantile,0.65,2,Montana,Ensemble
2026-05-23,30,3,wk inc flu hosp,2026-06-13,quantile,0.7,3,Montana,Ensemble
2026-05-23,30,3,wk inc flu hosp,2026-06-13,quantile,0.75,3,Montana,Ensemble
2026-05-23,30,3,wk inc flu hosp,2026-06-13,quantile,0.8,4,Montana,Ensemble
2026-05-23,30,3,wk inc flu hosp,2026-06-13,quantile,0.85,4,Montana,Ensemble
2026-05-23,30,3,wk inc flu hosp,2026-06-13,quantile,0.9,6,Montana,Ensemble
2026-05-23,30,3,wk inc flu hosp,2026-06-13,quantile,0.95,8,Montana,Ensemble
2026-05-23,30,3,wk inc flu hosp,2026-06-13,quantile,0.975,11,Montana,Ensemble
2026-05-23,30,3,wk inc flu hosp,2026-06-13,quantile,0.99,17,Montana,Ensemble
2026-05-23,31,0,wk inc flu hosp,2026-05-23,quantile,0.01,0,Nebraska,Ensemble
2026-05-23,31,0,wk inc flu hosp,2026-05-23,quantile,0.025,0,Nebraska,Ensemble
2026-05-23,31,0,wk inc flu hosp,2026-05-23,quantile,0.05,0,Nebraska,Ensemble
2026-05-23,31,0,wk inc flu hosp,2026-05-23,quantile,0.1,0,Nebraska,Ensemble
2026-05-23,31,0,wk inc flu hosp,2026-05-23,quantile,0.15,0,Nebraska,Ensemble
2026-05-23,31,0,wk inc flu hosp,2026-05-23,quantile,0.2,1,Nebraska,Ensemble
2026-05-23,31,0,wk inc flu hosp,2026-05-23,quantile,0.25,1,Nebraska,Ensemble
2026-05-23,31,0,wk inc flu hosp,2026-05-23,quantile,0.3,1,Nebraska,Ensemble
2026-05-23,31,0,wk inc flu hosp,2026-05-23,quantile,0.35,1,Nebraska,Ensemble
2026-05-23,31,0,wk inc flu hosp,2026-05-23,quantile,0.4,2,Nebraska,Ensemble
2026-05-23,31,0,wk inc flu hosp,2026-05-23,quantile,0.45,2,Nebraska,Ensemble
2026-05-23,31,0,wk inc flu hosp,2026-05-23,quantile,0.5,3,Nebraska,Ensemble
2026-05-23,31,0,wk inc flu hosp,2026-05-23,quantile,0.55,3,Nebraska,Ensemble
2026-05-23,31,0,wk inc flu hosp,2026-05-23,quantile,0.6,4,Nebraska,Ensemble
2026-05-23,31,0,wk inc flu hosp,2026-05-23,quantile,0.65,4,Nebraska,Ensemble
2026-05-23,31,0,wk inc flu hosp,2026-05-23,quantile,0.7,4,Nebraska,Ensemble
2026-05-23,31,0,wk inc flu hosp,2026-05-23,quantile,0.75,5,Nebraska,Ensemble
2026-05-23,31,0,wk inc flu hosp,2026-05-23,quantile,0.8,5,Nebraska,Ensemble
2026-05-23,31,0,wk inc flu hosp,2026-05-23,quantile,0.85,6,Nebraska,Ensemble
2026-05-23,31,0,wk inc flu hosp,2026-05-23,quantile,0.9,7,Nebraska,Ensemble
2026-05-23,31,0,wk inc flu hosp,2026-05-23,quantile,0.95,8,Nebraska,Ensemble
2026-05-23,31,0,wk inc flu hosp,2026-05-23,quantile,0.975,10,Nebraska,Ensemble
2026-05-23,31,0,wk inc flu hosp,2026-05-23,quantile,0.99,13,Nebraska,Ensemble
2026-05-23,31,1,wk inc flu hosp,2026-05-30,quantile,0.01,0,Nebraska,Ensemble
2026-05-23,31,1,wk inc flu hosp,2026-05-30,quantile,0.025,0,Nebraska,Ensemble
2026-05-23,31,1,wk inc flu hosp,2026-05-30,quantile,0.05,0,Nebraska,Ensemble
2026-05-23,31,1,wk inc flu hosp,2026-05-30,quantile,0.1,0,Nebraska,Ensemble
2026-05-23,31,1,wk inc flu hosp,2026-05-30,quantile,0.15,0,Nebraska,Ensemble
2026-05-23,31,1,wk inc flu hosp,2026-05-30,quantile,0.2,1,Nebraska,Ensemble
2026-05-23,31,1,wk inc flu hosp,2026-05-30,quantile,0.25,1,Nebraska,Ensemble
2026-05-23,31,1,wk inc flu hosp,2026-05-30,quantile,0.3,1,Nebraska,Ensemble
2026-05-23,31,1,wk inc flu hosp,2026-05-30,quantile,0.35,1,Nebraska,Ensemble
2026-05-23,31,1,wk inc flu hosp,2026-05-30,quantile,0.4,1,Nebraska,Ensemble
2026-05-23,31,1,wk inc flu hosp,2026-05-30,quantile,0.45,2,Nebraska,Ensemble
2026-05-23,31,1,wk inc flu hosp,2026-05-30,quantile,0.5,3,Nebraska,Ensemble
2026-05-23,31,1,wk inc flu hosp,2026-05-30,quantile,0.55,3,Nebraska,Ensemble
2026-05-23,31,1,wk inc flu hosp,2026-05-30,quantile,0.6,3,Nebraska,Ensemble
2026-05-23,31,1,wk inc flu hosp,2026-05-30,quantile,0.65,4,Nebraska,Ensemble
2026-05-23,31,1,wk inc flu hosp,2026-05-30,quantile,0.7,4,Nebraska,Ensemble
2026-05-23,31,1,wk inc flu hosp,2026-05-30,quantile,0.75,4,Nebraska,Ensemble
2026-05-23,31,1,wk inc flu hosp,2026-05-30,quantile,0.8,5,Nebraska,Ensemble
2026-05-23,31,1,wk inc flu hosp,2026-05-30,quantile,0.85,5,Nebraska,Ensemble
2026-05-23,31,1,wk inc flu hosp,2026-05-30,quantile,0.9,7,Nebraska,Ensemble
2026-05-23,31,1,wk inc flu hosp,2026-05-30,quantile,0.95,8,Nebraska,Ensemble
2026-05-23,31,1,wk inc flu hosp,2026-05-30,quantile,0.975,11,Nebraska,Ensemble
2026-05-23,31,1,wk inc flu hosp,2026-05-30,quantile,0.99,15,Nebraska,Ensemble
2026-05-23,31,2,wk inc flu hosp,2026-06-06,quantile,0.01,0,Nebraska,Ensemble
2026-05-23,31,2,wk inc flu hosp,2026-06-06,quantile,0.025,0,Nebraska,Ensemble
2026-05-23,31,2,wk inc flu hosp,2026-06-06,quantile,0.05,0,Nebraska,Ensemble
2026-05-23,31,2,wk inc flu hosp,2026-06-06,quantile,0.1,0,Nebraska,Ensemble
2026-05-23,31,2,wk inc flu hosp,2026-06-06,quantile,0.15,0,Nebraska,Ensemble
2026-05-23,31,2,wk inc flu hosp,2026-06-06,quantile,0.2,0,Nebraska,Ensemble
2026-05-23,31,2,wk inc flu hosp,2026-06-06,quantile,0.25,1,Nebraska,Ensemble
2026-05-23,31,2,wk inc flu hosp,2026-06-06,quantile,0.3,1,Nebraska,Ensemble
2026-05-23,31,2,wk inc flu hosp,2026-06-06,quantile,0.35,1,Nebraska,Ensemble
2026-05-23,31,2,wk inc flu hosp,2026-06-06,quantile,0.4,1,Nebraska,Ensemble
2026-05-23,31,2,wk inc flu hosp,2026-06-06,quantile,0.45,2,Nebraska,Ensemble
2026-05-23,31,2,wk inc flu hosp,2026-06-06,quantile,0.5,3,Nebraska,Ensemble
2026-05-23,31,2,wk inc flu hosp,2026-06-06,quantile,0.55,3,Nebraska,Ensemble
2026-05-23,31,2,wk inc flu hosp,2026-06-06,quantile,0.6,3,Nebraska,Ensemble
2026-05-23,31,2,wk inc flu hosp,2026-06-06,quantile,0.65,4,Nebraska,Ensemble
2026-05-23,31,2,wk inc flu hosp,2026-06-06,quantile,0.7,4,Nebraska,Ensemble
2026-05-23,31,2,wk inc flu hosp,2026-06-06,quantile,0.75,4,Nebraska,Ensemble
2026-05-23,31,2,wk inc flu hosp,2026-06-06,quantile,0.8,5,Nebraska,Ensemble
2026-05-23,31,2,wk inc flu hosp,2026-06-06,quantile,0.85,6,Nebraska,Ensemble
2026-05-23,31,2,wk inc flu hosp,2026-06-06,quantile,0.9,7,Nebraska,Ensemble
2026-05-23,31,2,wk inc flu hosp,2026-06-06,quantile,0.95,9,Nebraska,Ensemble
2026-05-23,31,2,wk inc flu hosp,2026-06-06,quantile,0.975,12,Nebraska,Ensemble
2026-05-23,31,2,wk inc flu hosp,2026-06-06,quantile,0.99,16,Nebraska,Ensemble
2026-05-23,31,3,wk inc flu hosp,2026-06-13,quantile,0.01,0,Nebraska,Ensemble
2026-05-23,31,3,wk inc flu hosp,2026-06-13,quantile,0.025,0,Nebraska,Ensemble
2026-05-23,31,3,wk inc flu hosp,2026-06-13,quantile,0.05,0,Nebraska,Ensemble
2026-05-23,31,3,wk inc flu hosp,2026-06-13,quantile,0.1,0,Nebraska,Ensemble
2026-05-23,31,3,wk inc flu hosp,2026-06-13,quantile,0.15,0,Nebraska,Ensemble
2026-05-23,31,3,wk inc flu hosp,2026-06-13,quantile,0.2,0,Nebraska,Ensemble
2026-05-23,31,3,wk inc flu hosp,2026-06-13,quantile,0.25,1,Nebraska,Ensemble
2026-05-23,31,3,wk inc flu hosp,2026-06-13,quantile,0.3,1,Nebraska,Ensemble
2026-05-23,31,3,wk inc flu hosp,2026-06-13,quantile,0.35,1,Nebraska,Ensemble
2026-05-23,31,3,wk inc flu hosp,2026-06-13,quantile,0.4,1,Nebraska,Ensemble
2026-05-23,31,3,wk inc flu hosp,2026-06-13,quantile,0.45,1,Nebraska,Ensemble
2026-05-23,31,3,wk inc flu hosp,2026-06-13,quantile,0.5,3,Nebraska,Ensemble
2026-05-23,31,3,wk inc flu hosp,2026-06-13,quantile,0.55,3,Nebraska,Ensemble
2026-05-23,31,3,wk inc flu hosp,2026-06-13,quantile,0.6,3,Nebraska,Ensemble
2026-05-23,31,3,wk inc flu hosp,2026-06-13,quantile,0.65,3,Nebraska,Ensemble
2026-05-23,31,3,wk inc flu hosp,2026-06-13,quantile,0.7,4,Nebraska,Ensemble
2026-05-23,31,3,wk inc flu hosp,2026-06-13,quantile,0.75,4,Nebraska,Ensemble
2026-05-23,31,3,wk inc flu hosp,2026-06-13,quantile,0.8,5,Nebraska,Ensemble
2026-05-23,31,3,wk inc flu hosp,2026-06-13,quantile,0.85,6,Nebraska,Ensemble
2026-05-23,31,3,wk inc flu hosp,2026-06-13,quantile,0.9,8,Nebraska,Ensemble
2026-05-23,31,3,wk inc flu hosp,2026-06-13,quantile,0.95,11,Nebraska,Ensemble
2026-05-23,31,3,wk inc flu hosp,2026-06-13,quantile,0.975,15,Nebraska,Ensemble
2026-05-23,31,3,wk inc flu hosp,2026-06-13,quantile,0.99,22,Nebraska,Ensemble
2026-05-23,32,0,wk inc flu hosp,2026-05-23,quantile,0.01,8,Nevada,Ensemble
2026-05-23,32,0,wk inc flu hosp,2026-05-23,quantile,0.025,10,Nevada,Ensemble
2026-05-23,32,0,wk inc flu hosp,2026-05-23,quantile,0.05,12,Nevada,Ensemble
2026-05-23,32,0,wk inc flu hosp,2026-05-23,quantile,0.1,14,Nevada,Ensemble
2026-05-23,32,0,wk inc flu hosp,2026-05-23,quantile,0.15,16,Nevada,Ensemble
2026-05-23,32,0,wk inc flu hosp,2026-05-23,quantile,0.2,17,Nevada,Ensemble
2026-05-23,32,0,wk inc flu hosp,2026-05-23,quantile,0.25,19,Nevada,Ensemble
2026-05-23,32,0,wk inc flu hosp,2026-05-23,quantile,0.3,20,Nevada,Ensemble
2026-05-23,32,0,wk inc flu hosp,2026-05-23,quantile,0.35,21,Nevada,Ensemble
2026-05-23,32,0,wk inc flu hosp,2026-05-23,quantile,0.4,22,Nevada,Ensemble
2026-05-23,32,0,wk inc flu hosp,2026-05-23,quantile,0.45,23,Nevada,Ensemble
2026-05-23,32,0,wk inc flu hosp,2026-05-23,quantile,0.5,25,Nevada,Ensemble
2026-05-23,32,0,wk inc flu hosp,2026-05-23,quantile,0.55,26,Nevada,Ensemble
2026-05-23,32,0,wk inc flu hosp,2026-05-23,quantile,0.6,27,Nevada,Ensemble
2026-05-23,32,0,wk inc flu hosp,2026-05-23,quantile,0.65,29,Nevada,Ensemble
2026-05-23,32,0,wk inc flu hosp,2026-05-23,quantile,0.7,30,Nevada,Ensemble
2026-05-23,32,0,wk inc flu hosp,2026-05-23,quantile,0.75,32,Nevada,Ensemble
2026-05-23,32,0,wk inc flu hosp,2026-05-23,quantile,0.8,34,Nevada,Ensemble
2026-05-23,32,0,wk inc flu hosp,2026-05-23,quantile,0.85,37,Nevada,Ensemble
2026-05-23,32,0,wk inc flu hosp,2026-05-23,quantile,0.9,41,Nevada,Ensemble
2026-05-23,32,0,wk inc flu hosp,2026-05-23,quantile,0.95,48,Nevada,Ensemble
2026-05-23,32,0,wk inc flu hosp,2026-05-23,quantile,0.975,56,Nevada,Ensemble
2026-05-23,32,0,wk inc flu hosp,2026-05-23,quantile,0.99,67,Nevada,Ensemble
2026-05-23,32,1,wk inc flu hosp,2026-05-30,quantile,0.01,6,Nevada,Ensemble
2026-05-23,32,1,wk inc flu hosp,2026-05-30,quantile,0.025,7,Nevada,Ensemble
2026-05-23,32,1,wk inc flu hosp,2026-05-30,quantile,0.05,9,Nevada,Ensemble
2026-05-23,32,1,wk inc flu hosp,2026-05-30,quantile,0.1,11,Nevada,Ensemble
2026-05-23,32,1,wk inc flu hosp,2026-05-30,quantile,0.15,13,Nevada,Ensemble
2026-05-23,32,1,wk inc flu hosp,2026-05-30,quantile,0.2,14,Nevada,Ensemble
2026-05-23,32,1,wk inc flu hosp,2026-05-30,quantile,0.25,16,Nevada,Ensemble
2026-05-23,32,1,wk inc flu hosp,2026-05-30,quantile,0.3,17,Nevada,Ensemble
2026-05-23,32,1,wk inc flu hosp,2026-05-30,quantile,0.35,18,Nevada,Ensemble
2026-05-23,32,1,wk inc flu hosp,2026-05-30,quantile,0.4,19,Nevada,Ensemble
2026-05-23,32,1,wk inc flu hosp,2026-05-30,quantile,0.45,20,Nevada,Ensemble
2026-05-23,32,1,wk inc flu hosp,2026-05-30,quantile,0.5,22,Nevada,Ensemble
2026-05-23,32,1,wk inc flu hosp,2026-05-30,quantile,0.55,23,Nevada,Ensemble
2026-05-23,32,1,wk inc flu hosp,2026-05-30,quantile,0.6,25,Nevada,Ensemble
2026-05-23,32,1,wk inc flu hosp,2026-05-30,quantile,0.65,26,Nevada,Ensemble
2026-05-23,32,1,wk inc flu hosp,2026-05-30,quantile,0.7,28,Nevada,Ensemble
2026-05-23,32,1,wk inc flu hosp,2026-05-30,quantile,0.75,30,Nevada,Ensemble
2026-05-23,32,1,wk inc flu hosp,2026-05-30,quantile,0.8,32,Nevada,Ensemble
2026-05-23,32,1,wk inc flu hosp,2026-05-30,quantile,0.85,35,Nevada,Ensemble
2026-05-23,32,1,wk inc flu hosp,2026-05-30,quantile,0.9,40,Nevada,Ensemble
2026-05-23,32,1,wk inc flu hosp,2026-05-30,quantile,0.95,48,Nevada,Ensemble
2026-05-23,32,1,wk inc flu hosp,2026-05-30,quantile,0.975,58,Nevada,Ensemble
2026-05-23,32,1,wk inc flu hosp,2026-05-30,quantile,0.99,71,Nevada,Ensemble
2026-05-23,32,2,wk inc flu hosp,2026-06-06,quantile,0.01,4,Nevada,Ensemble
2026-05-23,32,2,wk inc flu hosp,2026-06-06,quantile,0.025,6,Nevada,Ensemble
2026-05-23,32,2,wk inc flu hosp,2026-06-06,quantile,0.05,7,Nevada,Ensemble
2026-05-23,32,2,wk inc flu hosp,2026-06-06,quantile,0.1,9,Nevada,Ensemble
2026-05-23,32,2,wk inc flu hosp,2026-06-06,quantile,0.15,10,Nevada,Ensemble
2026-05-23,32,2,wk inc flu hosp,2026-06-06,quantile,0.2,12,Nevada,Ensemble
2026-05-23,32,2,wk inc flu hosp,2026-06-06,quantile,0.25,13,Nevada,Ensemble
2026-05-23,32,2,wk inc flu hosp,2026-06-06,quantile,0.3,14,Nevada,Ensemble
2026-05-23,32,2,wk inc flu hosp,2026-06-06,quantile,0.35,15,Nevada,Ensemble
2026-05-23,32,2,wk inc flu hosp,2026-06-06,quantile,0.4,16,Nevada,Ensemble
2026-05-23,32,2,wk inc flu hosp,2026-06-06,quantile,0.45,17,Nevada,Ensemble
2026-05-23,32,2,wk inc flu hosp,2026-06-06,quantile,0.5,19,Nevada,Ensemble
2026-05-23,32,2,wk inc flu hosp,2026-06-06,quantile,0.55,20,Nevada,Ensemble
2026-05-23,32,2,wk inc flu hosp,2026-06-06,quantile,0.6,22,Nevada,Ensemble
2026-05-23,32,2,wk inc flu hosp,2026-06-06,quantile,0.65,23,Nevada,Ensemble
2026-05-23,32,2,wk inc flu hosp,2026-06-06,quantile,0.7,25,Nevada,Ensemble
2026-05-23,32,2,wk inc flu hosp,2026-06-06,quantile,0.75,27,Nevada,Ensemble
2026-05-23,32,2,wk inc flu hosp,2026-06-06,quantile,0.8,29,Nevada,Ensemble
2026-05-23,32,2,wk inc flu hosp,2026-06-06,quantile,0.85,33,Nevada,Ensemble
2026-05-23,32,2,wk inc flu hosp,2026-06-06,quantile,0.9,38,Nevada,Ensemble
2026-05-23,32,2,wk inc flu hosp,2026-06-06,quantile,0.95,48,Nevada,Ensemble
2026-05-23,32,2,wk inc flu hosp,2026-06-06,quantile,0.975,59,Nevada,Ensemble
2026-05-23,32,2,wk inc flu hosp,2026-06-06,quantile,0.99,75,Nevada,Ensemble
2026-05-23,32,3,wk inc flu hosp,2026-06-13,quantile,0.01,3,Nevada,Ensemble
2026-05-23,32,3,wk inc flu hosp,2026-06-13,quantile,0.025,4,Nevada,Ensemble
2026-05-23,32,3,wk inc flu hosp,2026-06-13,quantile,0.05,5,Nevada,Ensemble
2026-05-23,32,3,wk inc flu hosp,2026-06-13,quantile,0.1,7,Nevada,Ensemble
2026-05-23,32,3,wk inc flu hosp,2026-06-13,quantile,0.15,8,Nevada,Ensemble
2026-05-23,32,3,wk inc flu hosp,2026-06-13,quantile,0.2,10,Nevada,Ensemble
2026-05-23,32,3,wk inc flu hosp,2026-06-13,quantile,0.25,11,Nevada,Ensemble
2026-05-23,32,3,wk inc flu hosp,2026-06-13,quantile,0.3,12,Nevada,Ensemble
2026-05-23,32,3,wk inc flu hosp,2026-06-13,quantile,0.35,13,Nevada,Ensemble
2026-05-23,32,3,wk inc flu hosp,2026-06-13,quantile,0.4,14,Nevada,Ensemble
2026-05-23,32,3,wk inc flu hosp,2026-06-13,quantile,0.45,15,Nevada,Ensemble
2026-05-23,32,3,wk inc flu hosp,2026-06-13,quantile,0.5,17,Nevada,Ensemble
2026-05-23,32,3,wk inc flu hosp,2026-06-13,quantile,0.55,18,Nevada,Ensemble
2026-05-23,32,3,wk inc flu hosp,2026-06-13,quantile,0.6,20,Nevada,Ensemble
2026-05-23,32,3,wk inc flu hosp,2026-06-13,quantile,0.65,21,Nevada,Ensemble
2026-05-23,32,3,wk inc flu hosp,2026-06-13,quantile,0.7,23,Nevada,Ensemble
2026-05-23,32,3,wk inc flu hosp,2026-06-13,quantile,0.75,25,Nevada,Ensemble
2026-05-23,32,3,wk inc flu hosp,2026-06-13,quantile,0.8,28,Nevada,Ensemble
2026-05-23,32,3,wk inc flu hosp,2026-06-13,quantile,0.85,31,Nevada,Ensemble
2026-05-23,32,3,wk inc flu hosp,2026-06-13,quantile,0.9,37,Nevada,Ensemble
2026-05-23,32,3,wk inc flu hosp,2026-06-13,quantile,0.95,48,Nevada,Ensemble
2026-05-23,32,3,wk inc flu hosp,2026-06-13,quantile,0.975,62,Nevada,Ensemble
2026-05-23,32,3,wk inc flu hosp,2026-06-13,quantile,0.99,81,Nevada,Ensemble
2026-05-23,33,0,wk inc flu hosp,2026-05-23,quantile,0.01,0,New Hampshire,Ensemble
2026-05-23,33,0,wk inc flu hosp,2026-05-23,quantile,0.025,0,New Hampshire,Ensemble
2026-05-23,33,0,wk inc flu hosp,2026-05-23,quantile,0.05,0,New Hampshire,Ensemble
2026-05-23,33,0,wk inc flu hosp,2026-05-23,quantile,0.1,0,New Hampshire,Ensemble
2026-05-23,33,0,wk inc flu hosp,2026-05-23,quantile,0.15,0,New Hampshire,Ensemble
2026-05-23,33,0,wk inc flu hosp,2026-05-23,quantile,0.2,1,New Hampshire,Ensemble
2026-05-23,33,0,wk inc flu hosp,2026-05-23,quantile,0.25,1,New Hampshire,Ensemble
2026-05-23,33,0,wk inc flu hosp,2026-05-23,quantile,0.3,1,New Hampshire,Ensemble
2026-05-23,33,0,wk inc flu hosp,2026-05-23,quantile,0.35,1,New Hampshire,Ensemble
2026-05-23,33,0,wk inc flu hosp,2026-05-23,quantile,0.4,1,New Hampshire,Ensemble
2026-05-23,33,0,wk inc flu hosp,2026-05-23,quantile,0.45,2,New Hampshire,Ensemble
2026-05-23,33,0,wk inc flu hosp,2026-05-23,quantile,0.5,3,New Hampshire,Ensemble
2026-05-23,33,0,wk inc flu hosp,2026-05-23,quantile,0.55,3,New Hampshire,Ensemble
2026-05-23,33,0,wk inc flu hosp,2026-05-23,quantile,0.6,3,New Hampshire,Ensemble
2026-05-23,33,0,wk inc flu hosp,2026-05-23,quantile,0.65,4,New Hampshire,Ensemble
2026-05-23,33,0,wk inc flu hosp,2026-05-23,quantile,0.7,4,New Hampshire,Ensemble
2026-05-23,33,0,wk inc flu hosp,2026-05-23,quantile,0.75,4,New Hampshire,Ensemble
2026-05-23,33,0,wk inc flu hosp,2026-05-23,quantile,0.8,5,New Hampshire,Ensemble
2026-05-23,33,0,wk inc flu hosp,2026-05-23,quantile,0.85,5,New Hampshire,Ensemble
2026-05-23,33,0,wk inc flu hosp,2026-05-23,quantile,0.9,6,New Hampshire,Ensemble
2026-05-23,33,0,wk inc flu hosp,2026-05-23,quantile,0.95,8,New Hampshire,Ensemble
2026-05-23,33,0,wk inc flu hosp,2026-05-23,quantile,0.975,10,New Hampshire,Ensemble
2026-05-23,33,0,wk inc flu hosp,2026-05-23,quantile,0.99,14,New Hampshire,Ensemble
2026-05-23,33,1,wk inc flu hosp,2026-05-30,quantile,0.01,0,New Hampshire,Ensemble
2026-05-23,33,1,wk inc flu hosp,2026-05-30,quantile,0.025,0,New Hampshire,Ensemble
2026-05-23,33,1,wk inc flu hosp,2026-05-30,quantile,0.05,0,New Hampshire,Ensemble
2026-05-23,33,1,wk inc flu hosp,2026-05-30,quantile,0.1,0,New Hampshire,Ensemble
2026-05-23,33,1,wk inc flu hosp,2026-05-30,quantile,0.15,0,New Hampshire,Ensemble
2026-05-23,33,1,wk inc flu hosp,2026-05-30,quantile,0.2,0,New Hampshire,Ensemble
2026-05-23,33,1,wk inc flu hosp,2026-05-30,quantile,0.25,0,New Hampshire,Ensemble
2026-05-23,33,1,wk inc flu hosp,2026-05-30,quantile,0.3,1,New Hampshire,Ensemble
2026-05-23,33,1,wk inc flu hosp,2026-05-30,quantile,0.35,1,New Hampshire,Ensemble
2026-05-23,33,1,wk inc flu hosp,2026-05-30,quantile,0.4,1,New Hampshire,Ensemble
2026-05-23,33,1,wk inc flu hosp,2026-05-30,quantile,0.45,1,New Hampshire,Ensemble
2026-05-23,33,1,wk inc flu hosp,2026-05-30,quantile,0.5,3,New Hampshire,Ensemble
2026-05-23,33,1,wk inc flu hosp,2026-05-30,quantile,0.55,3,New Hampshire,Ensemble
2026-05-23,33,1,wk inc flu hosp,2026-05-30,quantile,0.6,3,New Hampshire,Ensemble
2026-05-23,33,1,wk inc flu hosp,2026-05-30,quantile,0.65,3,New Hampshire,Ensemble
2026-05-23,33,1,wk inc flu hosp,2026-05-30,quantile,0.7,4,New Hampshire,Ensemble
2026-05-23,33,1,wk inc flu hosp,2026-05-30,quantile,0.75,4,New Hampshire,Ensemble
2026-05-23,33,1,wk inc flu hosp,2026-05-30,quantile,0.8,5,New Hampshire,Ensemble
2026-05-23,33,1,wk inc flu hosp,2026-05-30,quantile,0.85,6,New Hampshire,Ensemble
2026-05-23,33,1,wk inc flu hosp,2026-05-30,quantile,0.9,8,New Hampshire,Ensemble
2026-05-23,33,1,wk inc flu hosp,2026-05-30,quantile,0.95,10,New Hampshire,Ensemble
2026-05-23,33,1,wk inc flu hosp,2026-05-30,quantile,0.975,14,New Hampshire,Ensemble
2026-05-23,33,1,wk inc flu hosp,2026-05-30,quantile,0.99,18,New Hampshire,Ensemble
2026-05-23,33,2,wk inc flu hosp,2026-06-06,quantile,0.01,0,New Hampshire,Ensemble
2026-05-23,33,2,wk inc flu hosp,2026-06-06,quantile,0.025,0,New Hampshire,Ensemble
2026-05-23,33,2,wk inc flu hosp,2026-06-06,quantile,0.05,0,New Hampshire,Ensemble
2026-05-23,33,2,wk inc flu hosp,2026-06-06,quantile,0.1,0,New Hampshire,Ensemble
2026-05-23,33,2,wk inc flu hosp,2026-06-06,quantile,0.15,0,New Hampshire,Ensemble
2026-05-23,33,2,wk inc flu hosp,2026-06-06,quantile,0.2,0,New Hampshire,Ensemble
2026-05-23,33,2,wk inc flu hosp,2026-06-06,quantile,0.25,0,New Hampshire,Ensemble
2026-05-23,33,2,wk inc flu hosp,2026-06-06,quantile,0.3,1,New Hampshire,Ensemble
2026-05-23,33,2,wk inc flu hosp,2026-06-06,quantile,0.35,1,New Hampshire,Ensemble
2026-05-23,33,2,wk inc flu hosp,2026-06-06,quantile,0.4,1,New Hampshire,Ensemble
2026-05-23,33,2,wk inc flu hosp,2026-06-06,quantile,0.45,1,New Hampshire,Ensemble
2026-05-23,33,2,wk inc flu hosp,2026-06-06,quantile,0.5,2,New Hampshire,Ensemble
2026-05-23,33,2,wk inc flu hosp,2026-06-06,quantile,0.55,3,New Hampshire,Ensemble
2026-05-23,33,2,wk inc flu hosp,2026-06-06,quantile,0.6,3,New Hampshire,Ensemble
2026-05-23,33,2,wk inc flu hosp,2026-06-06,quantile,0.65,3,New Hampshire,Ensemble
2026-05-23,33,2,wk inc flu hosp,2026-06-06,quantile,0.7,4,New Hampshire,Ensemble
2026-05-23,33,2,wk inc flu hosp,2026-06-06,quantile,0.75,4,New Hampshire,Ensemble
2026-05-23,33,2,wk inc flu hosp,2026-06-06,quantile,0.8,5,New Hampshire,Ensemble
2026-05-23,33,2,wk inc flu hosp,2026-06-06,quantile,0.85,6,New Hampshire,Ensemble
2026-05-23,33,2,wk inc flu hosp,2026-06-06,quantile,0.9,7,New Hampshire,Ensemble
2026-05-23,33,2,wk inc flu hosp,2026-06-06,quantile,0.95,10,New Hampshire,Ensemble
2026-05-23,33,2,wk inc flu hosp,2026-06-06,quantile,0.975,14,New Hampshire,Ensemble
2026-05-23,33,2,wk inc flu hosp,2026-06-06,quantile,0.99,20,New Hampshire,Ensemble
2026-05-23,33,3,wk inc flu hosp,2026-06-13,quantile,0.01,0,New Hampshire,Ensemble
2026-05-23,33,3,wk inc flu hosp,2026-06-13,quantile,0.025,0,New Hampshire,Ensemble
2026-05-23,33,3,wk inc flu hosp,2026-06-13,quantile,0.05,0,New Hampshire,Ensemble
2026-05-23,33,3,wk inc flu hosp,2026-06-13,quantile,0.1,0,New Hampshire,Ensemble
2026-05-23,33,3,wk inc flu hosp,2026-06-13,quantile,0.15,0,New Hampshire,Ensemble
2026-05-23,33,3,wk inc flu hosp,2026-06-13,quantile,0.2,0,New Hampshire,Ensemble
2026-05-23,33,3,wk inc flu hosp,2026-06-13,quantile,0.25,0,New Hampshire,Ensemble
2026-05-23,33,3,wk inc flu hosp,2026-06-13,quantile,0.3,1,New Hampshire,Ensemble
2026-05-23,33,3,wk inc flu hosp,2026-06-13,quantile,0.35,1,New Hampshire,Ensemble
2026-05-23,33,3,wk inc flu hosp,2026-06-13,quantile,0.4,1,New Hampshire,Ensemble
2026-05-23,33,3,wk inc flu hosp,2026-06-13,quantile,0.45,1,New Hampshire,Ensemble
2026-05-23,33,3,wk inc flu hosp,2026-06-13,quantile,0.5,2,New Hampshire,Ensemble
2026-05-23,33,3,wk inc flu hosp,2026-06-13,quantile,0.55,3,New Hampshire,Ensemble
2026-05-23,33,3,wk inc flu hosp,2026-06-13,quantile,0.6,3,New Hampshire,Ensemble
2026-05-23,33,3,wk inc flu hosp,2026-06-13,quantile,0.65,3,New Hampshire,Ensemble
2026-05-23,33,3,wk inc flu hosp,2026-06-13,quantile,0.7,4,New Hampshire,Ensemble
2026-05-23,33,3,wk inc flu hosp,2026-06-13,quantile,0.75,5,New Hampshire,Ensemble
2026-05-23,33,3,wk inc flu hosp,2026-06-13,quantile,0.8,5,New Hampshire,Ensemble
2026-05-23,33,3,wk inc flu hosp,2026-06-13,quantile,0.85,7,New Hampshire,Ensemble
2026-05-23,33,3,wk inc flu hosp,2026-06-13,quantile,0.9,9,New Hampshire,Ensemble
2026-05-23,33,3,wk inc flu hosp,2026-06-13,quantile,0.95,14,New Hampshire,Ensemble
2026-05-23,33,3,wk inc flu hosp,2026-06-13,quantile,0.975,19,New Hampshire,Ensemble
2026-05-23,33,3,wk inc flu hosp,2026-06-13,quantile,0.99,27,New Hampshire,Ensemble
2026-05-23,34,0,wk inc flu hosp,2026-05-23,quantile,0.01,10,New Jersey,Ensemble
2026-05-23,34,0,wk inc flu hosp,2026-05-23,quantile,0.025,13,New Jersey,Ensemble
2026-05-23,34,0,wk inc flu hosp,2026-05-23,quantile,0.05,16,New Jersey,Ensemble
2026-05-23,34,0,wk inc flu hosp,2026-05-23,quantile,0.1,20,New Jersey,Ensemble
2026-05-23,34,0,wk inc flu hosp,2026-05-23,quantile,0.15,22,New Jersey,Ensemble
2026-05-23,34,0,wk inc flu hosp,2026-05-23,quantile,0.2,23,New Jersey,Ensemble
2026-05-23,34,0,wk inc flu hosp,2026-05-23,quantile,0.25,25,New Jersey,Ensemble
2026-05-23,34,0,wk inc flu hosp,2026-05-23,quantile,0.3,26,New Jersey,Ensemble
2026-05-23,34,0,wk inc flu hosp,2026-05-23,quantile,0.35,28,New Jersey,Ensemble
2026-05-23,34,0,wk inc flu hosp,2026-05-23,quantile,0.4,29,New Jersey,Ensemble
2026-05-23,34,0,wk inc flu hosp,2026-05-23,quantile,0.45,31,New Jersey,Ensemble
2026-05-23,34,0,wk inc flu hosp,2026-05-23,quantile,0.5,33,New Jersey,Ensemble
2026-05-23,34,0,wk inc flu hosp,2026-05-23,quantile,0.55,34,New Jersey,Ensemble
2026-05-23,34,0,wk inc flu hosp,2026-05-23,quantile,0.6,36,New Jersey,Ensemble
2026-05-23,34,0,wk inc flu hosp,2026-05-23,quantile,0.65,38,New Jersey,Ensemble
2026-05-23,34,0,wk inc flu hosp,2026-05-23,quantile,0.7,39,New Jersey,Ensemble
2026-05-23,34,0,wk inc flu hosp,2026-05-23,quantile,0.75,42,New Jersey,Ensemble
2026-05-23,34,0,wk inc flu hosp,2026-05-23,quantile,0.8,44,New Jersey,Ensemble
2026-05-23,34,0,wk inc flu hosp,2026-05-23,quantile,0.85,48,New Jersey,Ensemble
2026-05-23,34,0,wk inc flu hosp,2026-05-23,quantile,0.9,53,New Jersey,Ensemble
2026-05-23,34,0,wk inc flu hosp,2026-05-23,quantile,0.95,69,New Jersey,Ensemble
2026-05-23,34,0,wk inc flu hosp,2026-05-23,quantile,0.975,94,New Jersey,Ensemble
2026-05-23,34,0,wk inc flu hosp,2026-05-23,quantile,0.99,120,New Jersey,Ensemble
2026-05-23,34,1,wk inc flu hosp,2026-05-30,quantile,0.01,8,New Jersey,Ensemble
2026-05-23,34,1,wk inc flu hosp,2026-05-30,quantile,0.025,10,New Jersey,Ensemble
2026-05-23,34,1,wk inc flu hosp,2026-05-30,quantile,0.05,12,New Jersey,Ensemble
2026-05-23,34,1,wk inc flu hosp,2026-05-30,quantile,0.1,16,New Jersey,Ensemble
2026-05-23,34,1,wk inc flu hosp,2026-05-30,quantile,0.15,18,New Jersey,Ensemble
2026-05-23,34,1,wk inc flu hosp,2026-05-30,quantile,0.2,20,New Jersey,Ensemble
2026-05-23,34,1,wk inc flu hosp,2026-05-30,quantile,0.25,21,New Jersey,Ensemble
2026-05-23,34,1,wk inc flu hosp,2026-05-30,quantile,0.3,23,New Jersey,Ensemble
2026-05-23,34,1,wk inc flu hosp,2026-05-30,quantile,0.35,24,New Jersey,Ensemble
2026-05-23,34,1,wk inc flu hosp,2026-05-30,quantile,0.4,26,New Jersey,Ensemble
2026-05-23,34,1,wk inc flu hosp,2026-05-30,quantile,0.45,27,New Jersey,Ensemble
2026-05-23,34,1,wk inc flu hosp,2026-05-30,quantile,0.5,30,New Jersey,Ensemble
2026-05-23,34,1,wk inc flu hosp,2026-05-30,quantile,0.55,31,New Jersey,Ensemble
2026-05-23,34,1,wk inc flu hosp,2026-05-30,quantile,0.6,33,New Jersey,Ensemble
2026-05-23,34,1,wk inc flu hosp,2026-05-30,quantile,0.65,35,New Jersey,Ensemble
2026-05-23,34,1,wk inc flu hosp,2026-05-30,quantile,0.7,37,New Jersey,Ensemble
2026-05-23,34,1,wk inc flu hosp,2026-05-30,quantile,0.75,39,New Jersey,Ensemble
2026-05-23,34,1,wk inc flu hosp,2026-05-30,quantile,0.8,42,New Jersey,Ensemble
2026-05-23,34,1,wk inc flu hosp,2026-05-30,quantile,0.85,46,New Jersey,Ensemble
2026-05-23,34,1,wk inc flu hosp,2026-05-30,quantile,0.9,53,New Jersey,Ensemble
2026-05-23,34,1,wk inc flu hosp,2026-05-30,quantile,0.95,65,New Jersey,Ensemble
2026-05-23,34,1,wk inc flu hosp,2026-05-30,quantile,0.975,81,New Jersey,Ensemble
2026-05-23,34,1,wk inc flu hosp,2026-05-30,quantile,0.99,106,New Jersey,Ensemble
2026-05-23,34,2,wk inc flu hosp,2026-06-06,quantile,0.01,6,New Jersey,Ensemble
2026-05-23,34,2,wk inc flu hosp,2026-06-06,quantile,0.025,7,New Jersey,Ensemble
2026-05-23,34,2,wk inc flu hosp,2026-06-06,quantile,0.05,10,New Jersey,Ensemble
2026-05-23,34,2,wk inc flu hosp,2026-06-06,quantile,0.1,13,New Jersey,Ensemble
2026-05-23,34,2,wk inc flu hosp,2026-06-06,quantile,0.15,15,New Jersey,Ensemble
2026-05-23,34,2,wk inc flu hosp,2026-06-06,quantile,0.2,17,New Jersey,Ensemble
2026-05-23,34,2,wk inc flu hosp,2026-06-06,quantile,0.25,19,New Jersey,Ensemble
2026-05-23,34,2,wk inc flu hosp,2026-06-06,quantile,0.3,20,New Jersey,Ensemble
2026-05-23,34,2,wk inc flu hosp,2026-06-06,quantile,0.35,22,New Jersey,Ensemble
2026-05-23,34,2,wk inc flu hosp,2026-06-06,quantile,0.4,23,New Jersey,Ensemble
2026-05-23,34,2,wk inc flu hosp,2026-06-06,quantile,0.45,25,New Jersey,Ensemble
2026-05-23,34,2,wk inc flu hosp,2026-06-06,quantile,0.5,27,New Jersey,Ensemble
2026-05-23,34,2,wk inc flu hosp,2026-06-06,quantile,0.55,29,New Jersey,Ensemble
2026-05-23,34,2,wk inc flu hosp,2026-06-06,quantile,0.6,31,New Jersey,Ensemble
2026-05-23,34,2,wk inc flu hosp,2026-06-06,quantile,0.65,33,New Jersey,Ensemble
2026-05-23,34,2,wk inc flu hosp,2026-06-06,quantile,0.7,35,New Jersey,Ensemble
2026-05-23,34,2,wk inc flu hosp,2026-06-06,quantile,0.75,37,New Jersey,Ensemble
2026-05-23,34,2,wk inc flu hosp,2026-06-06,quantile,0.8,41,New Jersey,Ensemble
2026-05-23,34,2,wk inc flu hosp,2026-06-06,quantile,0.85,46,New Jersey,Ensemble
2026-05-23,34,2,wk inc flu hosp,2026-06-06,quantile,0.9,55,New Jersey,Ensemble
2026-05-23,34,2,wk inc flu hosp,2026-06-06,quantile,0.95,73,New Jersey,Ensemble
2026-05-23,34,2,wk inc flu hosp,2026-06-06,quantile,0.975,95,New Jersey,Ensemble
2026-05-23,34,2,wk inc flu hosp,2026-06-06,quantile,0.99,125,New Jersey,Ensemble
2026-05-23,34,3,wk inc flu hosp,2026-06-13,quantile,0.01,4,New Jersey,Ensemble
2026-05-23,34,3,wk inc flu hosp,2026-06-13,quantile,0.025,5,New Jersey,Ensemble
2026-05-23,34,3,wk inc flu hosp,2026-06-13,quantile,0.05,7,New Jersey,Ensemble
2026-05-23,34,3,wk inc flu hosp,2026-06-13,quantile,0.1,10,New Jersey,Ensemble
2026-05-23,34,3,wk inc flu hosp,2026-06-13,quantile,0.15,12,New Jersey,Ensemble
2026-05-23,34,3,wk inc flu hosp,2026-06-13,quantile,0.2,14,New Jersey,Ensemble
2026-05-23,34,3,wk inc flu hosp,2026-06-13,quantile,0.25,16,New Jersey,Ensemble
2026-05-23,34,3,wk inc flu hosp,2026-06-13,quantile,0.3,18,New Jersey,Ensemble
2026-05-23,34,3,wk inc flu hosp,2026-06-13,quantile,0.35,19,New Jersey,Ensemble
2026-05-23,34,3,wk inc flu hosp,2026-06-13,quantile,0.4,21,New Jersey,Ensemble
2026-05-23,34,3,wk inc flu hosp,2026-06-13,quantile,0.45,22,New Jersey,Ensemble
2026-05-23,34,3,wk inc flu hosp,2026-06-13,quantile,0.5,25,New Jersey,Ensemble
2026-05-23,34,3,wk inc flu hosp,2026-06-13,quantile,0.55,26,New Jersey,Ensemble
2026-05-23,34,3,wk inc flu hosp,2026-06-13,quantile,0.6,28,New Jersey,Ensemble
2026-05-23,34,3,wk inc flu hosp,2026-06-13,quantile,0.65,30,New Jersey,Ensemble
2026-05-23,34,3,wk inc flu hosp,2026-06-13,quantile,0.7,32,New Jersey,Ensemble
2026-05-23,34,3,wk inc flu hosp,2026-06-13,quantile,0.75,36,New Jersey,Ensemble
2026-05-23,34,3,wk inc flu hosp,2026-06-13,quantile,0.8,40,New Jersey,Ensemble
2026-05-23,34,3,wk inc flu hosp,2026-06-13,quantile,0.85,47,New Jersey,Ensemble
2026-05-23,34,3,wk inc flu hosp,2026-06-13,quantile,0.9,59,New Jersey,Ensemble
2026-05-23,34,3,wk inc flu hosp,2026-06-13,quantile,0.95,83,New Jersey,Ensemble
2026-05-23,34,3,wk inc flu hosp,2026-06-13,quantile,0.975,112,New Jersey,Ensemble
2026-05-23,34,3,wk inc flu hosp,2026-06-13,quantile,0.99,154,New Jersey,Ensemble
2026-05-23,35,0,wk inc flu hosp,2026-05-23,quantile,0.01,0,New Mexico,Ensemble
2026-05-23,35,0,wk inc flu hosp,2026-05-23,quantile,0.025,0,New Mexico,Ensemble
2026-05-23,35,0,wk inc flu hosp,2026-05-23,quantile,0.05,0,New Mexico,Ensemble
2026-05-23,35,0,wk inc flu hosp,2026-05-23,quantile,0.1,1,New Mexico,Ensemble
2026-05-23,35,0,wk inc flu hosp,2026-05-23,quantile,0.15,1,New Mexico,Ensemble
2026-05-23,35,0,wk inc flu hosp,2026-05-23,quantile,0.2,2,New Mexico,Ensemble
2026-05-23,35,0,wk inc flu hosp,2026-05-23,quantile,0.25,2,New Mexico,Ensemble
2026-05-23,35,0,wk inc flu hosp,2026-05-23,quantile,0.3,2,New Mexico,Ensemble
2026-05-23,35,0,wk inc flu hosp,2026-05-23,quantile,0.35,3,New Mexico,Ensemble
2026-05-23,35,0,wk inc flu hosp,2026-05-23,quantile,0.4,3,New Mexico,Ensemble
2026-05-23,35,0,wk inc flu hosp,2026-05-23,quantile,0.45,3,New Mexico,Ensemble
2026-05-23,35,0,wk inc flu hosp,2026-05-23,quantile,0.5,5,New Mexico,Ensemble
2026-05-23,35,0,wk inc flu hosp,2026-05-23,quantile,0.55,5,New Mexico,Ensemble
2026-05-23,35,0,wk inc flu hosp,2026-05-23,quantile,0.6,5,New Mexico,Ensemble
2026-05-23,35,0,wk inc flu hosp,2026-05-23,quantile,0.65,6,New Mexico,Ensemble
2026-05-23,35,0,wk inc flu hosp,2026-05-23,quantile,0.7,6,New Mexico,Ensemble
2026-05-23,35,0,wk inc flu hosp,2026-05-23,quantile,0.75,7,New Mexico,Ensemble
2026-05-23,35,0,wk inc flu hosp,2026-05-23,quantile,0.8,8,New Mexico,Ensemble
2026-05-23,35,0,wk inc flu hosp,2026-05-23,quantile,0.85,9,New Mexico,Ensemble
2026-05-23,35,0,wk inc flu hosp,2026-05-23,quantile,0.9,10,New Mexico,Ensemble
2026-05-23,35,0,wk inc flu hosp,2026-05-23,quantile,0.95,13,New Mexico,Ensemble
2026-05-23,35,0,wk inc flu hosp,2026-05-23,quantile,0.975,17,New Mexico,Ensemble
2026-05-23,35,0,wk inc flu hosp,2026-05-23,quantile,0.99,22,New Mexico,Ensemble
2026-05-23,35,1,wk inc flu hosp,2026-05-30,quantile,0.01,0,New Mexico,Ensemble
2026-05-23,35,1,wk inc flu hosp,2026-05-30,quantile,0.025,0,New Mexico,Ensemble
2026-05-23,35,1,wk inc flu hosp,2026-05-30,quantile,0.05,0,New Mexico,Ensemble
2026-05-23,35,1,wk inc flu hosp,2026-05-30,quantile,0.1,1,New Mexico,Ensemble
2026-05-23,35,1,wk inc flu hosp,2026-05-30,quantile,0.15,1,New Mexico,Ensemble
2026-05-23,35,1,wk inc flu hosp,2026-05-30,quantile,0.2,1,New Mexico,Ensemble
2026-05-23,35,1,wk inc flu hosp,2026-05-30,quantile,0.25,2,New Mexico,Ensemble
2026-05-23,35,1,wk inc flu hosp,2026-05-30,quantile,0.3,2,New Mexico,Ensemble
2026-05-23,35,1,wk inc flu hosp,2026-05-30,quantile,0.35,2,New Mexico,Ensemble
2026-05-23,35,1,wk inc flu hosp,2026-05-30,quantile,0.4,3,New Mexico,Ensemble
2026-05-23,35,1,wk inc flu hosp,2026-05-30,quantile,0.45,3,New Mexico,Ensemble
2026-05-23,35,1,wk inc flu hosp,2026-05-30,quantile,0.5,4,New Mexico,Ensemble
2026-05-23,35,1,wk inc flu hosp,2026-05-30,quantile,0.55,5,New Mexico,Ensemble
2026-05-23,35,1,wk inc flu hosp,2026-05-30,quantile,0.6,5,New Mexico,Ensemble
2026-05-23,35,1,wk inc flu hosp,2026-05-30,quantile,0.65,5,New Mexico,Ensemble
2026-05-23,35,1,wk inc flu hosp,2026-05-30,quantile,0.7,6,New Mexico,Ensemble
2026-05-23,35,1,wk inc flu hosp,2026-05-30,quantile,0.75,7,New Mexico,Ensemble
2026-05-23,35,1,wk inc flu hosp,2026-05-30,quantile,0.8,7,New Mexico,Ensemble
2026-05-23,35,1,wk inc flu hosp,2026-05-30,quantile,0.85,9,New Mexico,Ensemble
2026-05-23,35,1,wk inc flu hosp,2026-05-30,quantile,0.9,10,New Mexico,Ensemble
2026-05-23,35,1,wk inc flu hosp,2026-05-30,quantile,0.95,14,New Mexico,Ensemble
2026-05-23,35,1,wk inc flu hosp,2026-05-30,quantile,0.975,18,New Mexico,Ensemble
2026-05-23,35,1,wk inc flu hosp,2026-05-30,quantile,0.99,23,New Mexico,Ensemble
2026-05-23,35,2,wk inc flu hosp,2026-06-06,quantile,0.01,0,New Mexico,Ensemble
2026-05-23,35,2,wk inc flu hosp,2026-06-06,quantile,0.025,0,New Mexico,Ensemble
2026-05-23,35,2,wk inc flu hosp,2026-06-06,quantile,0.05,0,New Mexico,Ensemble
2026-05-23,35,2,wk inc flu hosp,2026-06-06,quantile,0.1,0,New Mexico,Ensemble
2026-05-23,35,2,wk inc flu hosp,2026-06-06,quantile,0.15,1,New Mexico,Ensemble
2026-05-23,35,2,wk inc flu hosp,2026-06-06,quantile,0.2,1,New Mexico,Ensemble
2026-05-23,35,2,wk inc flu hosp,2026-06-06,quantile,0.25,1,New Mexico,Ensemble
2026-05-23,35,2,wk inc flu hosp,2026-06-06,quantile,0.3,2,New Mexico,Ensemble
2026-05-23,35,2,wk inc flu hosp,2026-06-06,quantile,0.35,2,New Mexico,Ensemble
2026-05-23,35,2,wk inc flu hosp,2026-06-06,quantile,0.4,2,New Mexico,Ensemble
2026-05-23,35,2,wk inc flu hosp,2026-06-06,quantile,0.45,3,New Mexico,Ensemble
2026-05-23,35,2,wk inc flu hosp,2026-06-06,quantile,0.5,4,New Mexico,Ensemble
2026-05-23,35,2,wk inc flu hosp,2026-06-06,quantile,0.55,4,New Mexico,Ensemble
2026-05-23,35,2,wk inc flu hosp,2026-06-06,quantile,0.6,5,New Mexico,Ensemble
2026-05-23,35,2,wk inc flu hosp,2026-06-06,quantile,0.65,5,New Mexico,Ensemble
2026-05-23,35,2,wk inc flu hosp,2026-06-06,quantile,0.7,6,New Mexico,Ensemble
2026-05-23,35,2,wk inc flu hosp,2026-06-06,quantile,0.75,6,New Mexico,Ensemble
2026-05-23,35,2,wk inc flu hosp,2026-06-06,quantile,0.8,7,New Mexico,Ensemble
2026-05-23,35,2,wk inc flu hosp,2026-06-06,quantile,0.85,8,New Mexico,Ensemble
2026-05-23,35,2,wk inc flu hosp,2026-06-06,quantile,0.9,11,New Mexico,Ensemble
2026-05-23,35,2,wk inc flu hosp,2026-06-06,quantile,0.95,15,New Mexico,Ensemble
2026-05-23,35,2,wk inc flu hosp,2026-06-06,quantile,0.975,19,New Mexico,Ensemble
2026-05-23,35,2,wk inc flu hosp,2026-06-06,quantile,0.99,26,New Mexico,Ensemble
2026-05-23,35,3,wk inc flu hosp,2026-06-13,quantile,0.01,0,New Mexico,Ensemble
2026-05-23,35,3,wk inc flu hosp,2026-06-13,quantile,0.025,0,New Mexico,Ensemble
2026-05-23,35,3,wk inc flu hosp,2026-06-13,quantile,0.05,0,New Mexico,Ensemble
2026-05-23,35,3,wk inc flu hosp,2026-06-13,quantile,0.1,0,New Mexico,Ensemble
2026-05-23,35,3,wk inc flu hosp,2026-06-13,quantile,0.15,0,New Mexico,Ensemble
2026-05-23,35,3,wk inc flu hosp,2026-06-13,quantile,0.2,1,New Mexico,Ensemble
2026-05-23,35,3,wk inc flu hosp,2026-06-13,quantile,0.25,1,New Mexico,Ensemble
2026-05-23,35,3,wk inc flu hosp,2026-06-13,quantile,0.3,2,New Mexico,Ensemble
2026-05-23,35,3,wk inc flu hosp,2026-06-13,quantile,0.35,2,New Mexico,Ensemble
2026-05-23,35,3,wk inc flu hosp,2026-06-13,quantile,0.4,2,New Mexico,Ensemble
2026-05-23,35,3,wk inc flu hosp,2026-06-13,quantile,0.45,2,New Mexico,Ensemble
2026-05-23,35,3,wk inc flu hosp,2026-06-13,quantile,0.5,4,New Mexico,Ensemble
2026-05-23,35,3,wk inc flu hosp,2026-06-13,quantile,0.55,4,New Mexico,Ensemble
2026-05-23,35,3,wk inc flu hosp,2026-06-13,quantile,0.6,4,New Mexico,Ensemble
2026-05-23,35,3,wk inc flu hosp,2026-06-13,quantile,0.65,5,New Mexico,Ensemble
2026-05-23,35,3,wk inc flu hosp,2026-06-13,quantile,0.7,5,New Mexico,Ensemble
2026-05-23,35,3,wk inc flu hosp,2026-06-13,quantile,0.75,6,New Mexico,Ensemble
2026-05-23,35,3,wk inc flu hosp,2026-06-13,quantile,0.8,7,New Mexico,Ensemble
2026-05-23,35,3,wk inc flu hosp,2026-06-13,quantile,0.85,8,New Mexico,Ensemble
2026-05-23,35,3,wk inc flu hosp,2026-06-13,quantile,0.9,11,New Mexico,Ensemble
2026-05-23,35,3,wk inc flu hosp,2026-06-13,quantile,0.95,17,New Mexico,Ensemble
2026-05-23,35,3,wk inc flu hosp,2026-06-13,quantile,0.975,23,New Mexico,Ensemble
2026-05-23,35,3,wk inc flu hosp,2026-06-13,quantile,0.99,33,New Mexico,Ensemble
2026-05-23,36,0,wk inc flu hosp,2026-05-23,quantile,0.01,11,New York,Ensemble
2026-05-23,36,0,wk inc flu hosp,2026-05-23,quantile,0.025,13,New York,Ensemble
2026-05-23,36,0,wk inc flu hosp,2026-05-23,quantile,0.05,16,New York,Ensemble
2026-05-23,36,0,wk inc flu hosp,2026-05-23,quantile,0.1,19,New York,Ensemble
2026-05-23,36,0,wk inc flu hosp,2026-05-23,quantile,0.15,22,New York,Ensemble
2026-05-23,36,0,wk inc flu hosp,2026-05-23,quantile,0.2,25,New York,Ensemble
2026-05-23,36,0,wk inc flu hosp,2026-05-23,quantile,0.25,27,New York,Ensemble
2026-05-23,36,0,wk inc flu hosp,2026-05-23,quantile,0.3,29,New York,Ensemble
2026-05-23,36,0,wk inc flu hosp,2026-05-23,quantile,0.35,31,New York,Ensemble
2026-05-23,36,0,wk inc flu hosp,2026-05-23,quantile,0.4,33,New York,Ensemble
2026-05-23,36,0,wk inc flu hosp,2026-05-23,quantile,0.45,35,New York,Ensemble
2026-05-23,36,0,wk inc flu hosp,2026-05-23,quantile,0.5,38,New York,Ensemble
2026-05-23,36,0,wk inc flu hosp,2026-05-23,quantile,0.55,40,New York,Ensemble
2026-05-23,36,0,wk inc flu hosp,2026-05-23,quantile,0.6,43,New York,Ensemble
2026-05-23,36,0,wk inc flu hosp,2026-05-23,quantile,0.65,45,New York,Ensemble
2026-05-23,36,0,wk inc flu hosp,2026-05-23,quantile,0.7,48,New York,Ensemble
2026-05-23,36,0,wk inc flu hosp,2026-05-23,quantile,0.75,51,New York,Ensemble
2026-05-23,36,0,wk inc flu hosp,2026-05-23,quantile,0.8,55,New York,Ensemble
2026-05-23,36,0,wk inc flu hosp,2026-05-23,quantile,0.85,61,New York,Ensemble
2026-05-23,36,0,wk inc flu hosp,2026-05-23,quantile,0.9,71,New York,Ensemble
2026-05-23,36,0,wk inc flu hosp,2026-05-23,quantile,0.95,91,New York,Ensemble
2026-05-23,36,0,wk inc flu hosp,2026-05-23,quantile,0.975,117,New York,Ensemble
2026-05-23,36,0,wk inc flu hosp,2026-05-23,quantile,0.99,152,New York,Ensemble
2026-05-23,36,1,wk inc flu hosp,2026-05-30,quantile,0.01,7,New York,Ensemble
2026-05-23,36,1,wk inc flu hosp,2026-05-30,quantile,0.025,10,New York,Ensemble
2026-05-23,36,1,wk inc flu hosp,2026-05-30,quantile,0.05,12,New York,Ensemble
2026-05-23,36,1,wk inc flu hosp,2026-05-30,quantile,0.1,15,New York,Ensemble
2026-05-23,36,1,wk inc flu hosp,2026-05-30,quantile,0.15,18,New York,Ensemble
2026-05-23,36,1,wk inc flu hosp,2026-05-30,quantile,0.2,21,New York,Ensemble
2026-05-23,36,1,wk inc flu hosp,2026-05-30,quantile,0.25,23,New York,Ensemble
2026-05-23,36,1,wk inc flu hosp,2026-05-30,quantile,0.3,26,New York,Ensemble
2026-05-23,36,1,wk inc flu hosp,2026-05-30,quantile,0.35,28,New York,Ensemble
2026-05-23,36,1,wk inc flu hosp,2026-05-30,quantile,0.4,30,New York,Ensemble
2026-05-23,36,1,wk inc flu hosp,2026-05-30,quantile,0.45,32,New York,Ensemble
2026-05-23,36,1,wk inc flu hosp,2026-05-30,quantile,0.5,36,New York,Ensemble
2026-05-23,36,1,wk inc flu hosp,2026-05-30,quantile,0.55,38,New York,Ensemble
2026-05-23,36,1,wk inc flu hosp,2026-05-30,quantile,0.6,41,New York,Ensemble
2026-05-23,36,1,wk inc flu hosp,2026-05-30,quantile,0.65,43,New York,Ensemble
2026-05-23,36,1,wk inc flu hosp,2026-05-30,quantile,0.7,46,New York,Ensemble
2026-05-23,36,1,wk inc flu hosp,2026-05-30,quantile,0.75,50,New York,Ensemble
2026-05-23,36,1,wk inc flu hosp,2026-05-30,quantile,0.8,54,New York,Ensemble
2026-05-23,36,1,wk inc flu hosp,2026-05-30,quantile,0.85,61,New York,Ensemble
2026-05-23,36,1,wk inc flu hosp,2026-05-30,quantile,0.9,73,New York,Ensemble
2026-05-23,36,1,wk inc flu hosp,2026-05-30,quantile,0.95,101,New York,Ensemble
2026-05-23,36,1,wk inc flu hosp,2026-05-30,quantile,0.975,129,New York,Ensemble
2026-05-23,36,1,wk inc flu hosp,2026-05-30,quantile,0.99,181,New York,Ensemble
2026-05-23,36,2,wk inc flu hosp,2026-06-06,quantile,0.01,6,New York,Ensemble
2026-05-23,36,2,wk inc flu hosp,2026-06-06,quantile,0.025,8,New York,Ensemble
2026-05-23,36,2,wk inc flu hosp,2026-06-06,quantile,0.05,11,New York,Ensemble
2026-05-23,36,2,wk inc flu hosp,2026-06-06,quantile,0.1,13,New York,Ensemble
2026-05-23,36,2,wk inc flu hosp,2026-06-06,quantile,0.15,17,New York,Ensemble
2026-05-23,36,2,wk inc flu hosp,2026-06-06,quantile,0.2,19,New York,Ensemble
2026-05-23,36,2,wk inc flu hosp,2026-06-06,quantile,0.25,22,New York,Ensemble
2026-05-23,36,2,wk inc flu hosp,2026-06-06,quantile,0.3,24,New York,Ensemble
2026-05-23,36,2,wk inc flu hosp,2026-06-06,quantile,0.35,26,New York,Ensemble
2026-05-23,36,2,wk inc flu hosp,2026-06-06,quantile,0.4,28,New York,Ensemble
2026-05-23,36,2,wk inc flu hosp,2026-06-06,quantile,0.45,30,New York,Ensemble
2026-05-23,36,2,wk inc flu hosp,2026-06-06,quantile,0.5,34,New York,Ensemble
2026-05-23,36,2,wk inc flu hosp,2026-06-06,quantile,0.55,37,New York,Ensemble
2026-05-23,36,2,wk inc flu hosp,2026-06-06,quantile,0.6,39,New York,Ensemble
2026-05-23,36,2,wk inc flu hosp,2026-06-06,quantile,0.65,42,New York,Ensemble
2026-05-23,36,2,wk inc flu hosp,2026-06-06,quantile,0.7,45,New York,Ensemble
2026-05-23,36,2,wk inc flu hosp,2026-06-06,quantile,0.75,50,New York,Ensemble
2026-05-23,36,2,wk inc flu hosp,2026-06-06,quantile,0.8,55,New York,Ensemble
2026-05-23,36,2,wk inc flu hosp,2026-06-06,quantile,0.85,64,New York,Ensemble
2026-05-23,36,2,wk inc flu hosp,2026-06-06,quantile,0.9,80,New York,Ensemble
2026-05-23,36,2,wk inc flu hosp,2026-06-06,quantile,0.95,115,New York,Ensemble
2026-05-23,36,2,wk inc flu hosp,2026-06-06,quantile,0.975,161,New York,Ensemble
2026-05-23,36,2,wk inc flu hosp,2026-06-06,quantile,0.99,222,New York,Ensemble
2026-05-23,36,3,wk inc flu hosp,2026-06-13,quantile,0.01,5,New York,Ensemble
2026-05-23,36,3,wk inc flu hosp,2026-06-13,quantile,0.025,6,New York,Ensemble
2026-05-23,36,3,wk inc flu hosp,2026-06-13,quantile,0.05,8,New York,Ensemble
2026-05-23,36,3,wk inc flu hosp,2026-06-13,quantile,0.1,11,New York,Ensemble
2026-05-23,36,3,wk inc flu hosp,2026-06-13,quantile,0.15,14,New York,Ensemble
2026-05-23,36,3,wk inc flu hosp,2026-06-13,quantile,0.2,17,New York,Ensemble
2026-05-23,36,3,wk inc flu hosp,2026-06-13,quantile,0.25,19,New York,Ensemble
2026-05-23,36,3,wk inc flu hosp,2026-06-13,quantile,0.3,21,New York,Ensemble
2026-05-23,36,3,wk inc flu hosp,2026-06-13,quantile,0.35,24,New York,Ensemble
2026-05-23,36,3,wk inc flu hosp,2026-06-13,quantile,0.4,25,New York,Ensemble
2026-05-23,36,3,wk inc flu hosp,2026-06-13,quantile,0.45,27,New York,Ensemble
2026-05-23,36,3,wk inc flu hosp,2026-06-13,quantile,0.5,31,New York,Ensemble
2026-05-23,36,3,wk inc flu hosp,2026-06-13,quantile,0.55,34,New York,Ensemble
2026-05-23,36,3,wk inc flu hosp,2026-06-13,quantile,0.6,37,New York,Ensemble
2026-05-23,36,3,wk inc flu hosp,2026-06-13,quantile,0.65,39,New York,Ensemble
2026-05-23,36,3,wk inc flu hosp,2026-06-13,quantile,0.7,43,New York,Ensemble
2026-05-23,36,3,wk inc flu hosp,2026-06-13,quantile,0.75,47,New York,Ensemble
2026-05-23,36,3,wk inc flu hosp,2026-06-13,quantile,0.8,55,New York,Ensemble
2026-05-23,36,3,wk inc flu hosp,2026-06-13,quantile,0.85,66,New York,Ensemble
2026-05-23,36,3,wk inc flu hosp,2026-06-13,quantile,0.9,89,New York,Ensemble
2026-05-23,36,3,wk inc flu hosp,2026-06-13,quantile,0.95,141,New York,Ensemble
2026-05-23,36,3,wk inc flu hosp,2026-06-13,quantile,0.975,202,New York,Ensemble
2026-05-23,36,3,wk inc flu hosp,2026-06-13,quantile,0.99,284,New York,Ensemble
2026-05-23,37,0,wk inc flu hosp,2026-05-23,quantile,0.01,2,North Carolina,Ensemble
2026-05-23,37,0,wk inc flu hosp,2026-05-23,quantile,0.025,4,North Carolina,Ensemble
2026-05-23,37,0,wk inc flu hosp,2026-05-23,quantile,0.05,5,North Carolina,Ensemble
2026-05-23,37,0,wk inc flu hosp,2026-05-23,quantile,0.1,6,North Carolina,Ensemble
2026-05-23,37,0,wk inc flu hosp,2026-05-23,quantile,0.15,7,North Carolina,Ensemble
2026-05-23,37,0,wk inc flu hosp,2026-05-23,quantile,0.2,8,North Carolina,Ensemble
2026-05-23,37,0,wk inc flu hosp,2026-05-23,quantile,0.25,9,North Carolina,Ensemble
2026-05-23,37,0,wk inc flu hosp,2026-05-23,quantile,0.3,10,North Carolina,Ensemble
2026-05-23,37,0,wk inc flu hosp,2026-05-23,quantile,0.35,11,North Carolina,Ensemble
2026-05-23,37,0,wk inc flu hosp,2026-05-23,quantile,0.4,12,North Carolina,Ensemble
2026-05-23,37,0,wk inc flu hosp,2026-05-23,quantile,0.45,13,North Carolina,Ensemble
2026-05-23,37,0,wk inc flu hosp,2026-05-23,quantile,0.5,15,North Carolina,Ensemble
2026-05-23,37,0,wk inc flu hosp,2026-05-23,quantile,0.55,16,North Carolina,Ensemble
2026-05-23,37,0,wk inc flu hosp,2026-05-23,quantile,0.6,16,North Carolina,Ensemble
2026-05-23,37,0,wk inc flu hosp,2026-05-23,quantile,0.65,17,North Carolina,Ensemble
2026-05-23,37,0,wk inc flu hosp,2026-05-23,quantile,0.7,19,North Carolina,Ensemble
2026-05-23,37,0,wk inc flu hosp,2026-05-23,quantile,0.75,20,North Carolina,Ensemble
2026-05-23,37,0,wk inc flu hosp,2026-05-23,quantile,0.8,22,North Carolina,Ensemble
2026-05-23,37,0,wk inc flu hosp,2026-05-23,quantile,0.85,24,North Carolina,Ensemble
2026-05-23,37,0,wk inc flu hosp,2026-05-23,quantile,0.9,29,North Carolina,Ensemble
2026-05-23,37,0,wk inc flu hosp,2026-05-23,quantile,0.95,36,North Carolina,Ensemble
2026-05-23,37,0,wk inc flu hosp,2026-05-23,quantile,0.975,45,North Carolina,Ensemble
2026-05-23,37,0,wk inc flu hosp,2026-05-23,quantile,0.99,60,North Carolina,Ensemble
2026-05-23,37,1,wk inc flu hosp,2026-05-30,quantile,0.01,2,North Carolina,Ensemble
2026-05-23,37,1,wk inc flu hosp,2026-05-30,quantile,0.025,3,North Carolina,Ensemble
2026-05-23,37,1,wk inc flu hosp,2026-05-30,quantile,0.05,4,North Carolina,Ensemble
2026-05-23,37,1,wk inc flu hosp,2026-05-30,quantile,0.1,5,North Carolina,Ensemble
2026-05-23,37,1,wk inc flu hosp,2026-05-30,quantile,0.15,6,North Carolina,Ensemble
2026-05-23,37,1,wk inc flu hosp,2026-05-30,quantile,0.2,7,North Carolina,Ensemble
2026-05-23,37,1,wk inc flu hosp,2026-05-30,quantile,0.25,8,North Carolina,Ensemble
2026-05-23,37,1,wk inc flu hosp,2026-05-30,quantile,0.3,9,North Carolina,Ensemble
2026-05-23,37,1,wk inc flu hosp,2026-05-30,quantile,0.35,10,North Carolina,Ensemble
2026-05-23,37,1,wk inc flu hosp,2026-05-30,quantile,0.4,11,North Carolina,Ensemble
2026-05-23,37,1,wk inc flu hosp,2026-05-30,quantile,0.45,12,North Carolina,Ensemble
2026-05-23,37,1,wk inc flu hosp,2026-05-30,quantile,0.5,14,North Carolina,Ensemble
2026-05-23,37,1,wk inc flu hosp,2026-05-30,quantile,0.55,15,North Carolina,Ensemble
2026-05-23,37,1,wk inc flu hosp,2026-05-30,quantile,0.6,16,North Carolina,Ensemble
2026-05-23,37,1,wk inc flu hosp,2026-05-30,quantile,0.65,17,North Carolina,Ensemble
2026-05-23,37,1,wk inc flu hosp,2026-05-30,quantile,0.7,18,North Carolina,Ensemble
2026-05-23,37,1,wk inc flu hosp,2026-05-30,quantile,0.75,19,North Carolina,Ensemble
2026-05-23,37,1,wk inc flu hosp,2026-05-30,quantile,0.8,22,North Carolina,Ensemble
2026-05-23,37,1,wk inc flu hosp,2026-05-30,quantile,0.85,25,North Carolina,Ensemble
2026-05-23,37,1,wk inc flu hosp,2026-05-30,quantile,0.9,31,North Carolina,Ensemble
2026-05-23,37,1,wk inc flu hosp,2026-05-30,quantile,0.95,43,North Carolina,Ensemble
2026-05-23,37,1,wk inc flu hosp,2026-05-30,quantile,0.975,57,North Carolina,Ensemble
2026-05-23,37,1,wk inc flu hosp,2026-05-30,quantile,0.99,79,North Carolina,Ensemble
2026-05-23,37,2,wk inc flu hosp,2026-06-06,quantile,0.01,2,North Carolina,Ensemble
2026-05-23,37,2,wk inc flu hosp,2026-06-06,quantile,0.025,2,North Carolina,Ensemble
2026-05-23,37,2,wk inc flu hosp,2026-06-06,quantile,0.05,3,North Carolina,Ensemble
2026-05-23,37,2,wk inc flu hosp,2026-06-06,quantile,0.1,5,North Carolina,Ensemble
2026-05-23,37,2,wk inc flu hosp,2026-06-06,quantile,0.15,6,North Carolina,Ensemble
2026-05-23,37,2,wk inc flu hosp,2026-06-06,quantile,0.2,7,North Carolina,Ensemble
2026-05-23,37,2,wk inc flu hosp,2026-06-06,quantile,0.25,7,North Carolina,Ensemble
2026-05-23,37,2,wk inc flu hosp,2026-06-06,quantile,0.3,8,North Carolina,Ensemble
2026-05-23,37,2,wk inc flu hosp,2026-06-06,quantile,0.35,9,North Carolina,Ensemble
2026-05-23,37,2,wk inc flu hosp,2026-06-06,quantile,0.4,10,North Carolina,Ensemble
2026-05-23,37,2,wk inc flu hosp,2026-06-06,quantile,0.45,11,North Carolina,Ensemble
2026-05-23,37,2,wk inc flu hosp,2026-06-06,quantile,0.5,13,North Carolina,Ensemble
2026-05-23,37,2,wk inc flu hosp,2026-06-06,quantile,0.55,14,North Carolina,Ensemble
2026-05-23,37,2,wk inc flu hosp,2026-06-06,quantile,0.6,15,North Carolina,Ensemble
2026-05-23,37,2,wk inc flu hosp,2026-06-06,quantile,0.65,16,North Carolina,Ensemble
2026-05-23,37,2,wk inc flu hosp,2026-06-06,quantile,0.7,17,North Carolina,Ensemble
2026-05-23,37,2,wk inc flu hosp,2026-06-06,quantile,0.75,19,North Carolina,Ensemble
2026-05-23,37,2,wk inc flu hosp,2026-06-06,quantile,0.8,21,North Carolina,Ensemble
2026-05-23,37,2,wk inc flu hosp,2026-06-06,quantile,0.85,26,North Carolina,Ensemble
2026-05-23,37,2,wk inc flu hosp,2026-06-06,quantile,0.9,35,North Carolina,Ensemble
2026-05-23,37,2,wk inc flu hosp,2026-06-06,quantile,0.95,51,North Carolina,Ensemble
2026-05-23,37,2,wk inc flu hosp,2026-06-06,quantile,0.975,71,North Carolina,Ensemble
2026-05-23,37,2,wk inc flu hosp,2026-06-06,quantile,0.99,102,North Carolina,Ensemble
2026-05-23,37,3,wk inc flu hosp,2026-06-13,quantile,0.01,1,North Carolina,Ensemble
2026-05-23,37,3,wk inc flu hosp,2026-06-13,quantile,0.025,2,North Carolina,Ensemble
2026-05-23,37,3,wk inc flu hosp,2026-06-13,quantile,0.05,2,North Carolina,Ensemble
2026-05-23,37,3,wk inc flu hosp,2026-06-13,quantile,0.1,3,North Carolina,Ensemble
2026-05-23,37,3,wk inc flu hosp,2026-06-13,quantile,0.15,4,North Carolina,Ensemble
2026-05-23,37,3,wk inc flu hosp,2026-06-13,quantile,0.2,6,North Carolina,Ensemble
2026-05-23,37,3,wk inc flu hosp,2026-06-13,quantile,0.25,6,North Carolina,Ensemble
2026-05-23,37,3,wk inc flu hosp,2026-06-13,quantile,0.3,7,North Carolina,Ensemble
2026-05-23,37,3,wk inc flu hosp,2026-06-13,quantile,0.35,9,North Carolina,Ensemble
2026-05-23,37,3,wk inc flu hosp,2026-06-13,quantile,0.4,10,North Carolina,Ensemble
2026-05-23,37,3,wk inc flu hosp,2026-06-13,quantile,0.45,10,North Carolina,Ensemble
2026-05-23,37,3,wk inc flu hosp,2026-06-13,quantile,0.5,12,North Carolina,Ensemble
2026-05-23,37,3,wk inc flu hosp,2026-06-13,quantile,0.55,13,North Carolina,Ensemble
2026-05-23,37,3,wk inc flu hosp,2026-06-13,quantile,0.6,14,North Carolina,Ensemble
2026-05-23,37,3,wk inc flu hosp,2026-06-13,quantile,0.65,15,North Carolina,Ensemble
2026-05-23,37,3,wk inc flu hosp,2026-06-13,quantile,0.7,17,North Carolina,Ensemble
2026-05-23,37,3,wk inc flu hosp,2026-06-13,quantile,0.75,19,North Carolina,Ensemble
2026-05-23,37,3,wk inc flu hosp,2026-06-13,quantile,0.8,22,North Carolina,Ensemble
2026-05-23,37,3,wk inc flu hosp,2026-06-13,quantile,0.85,29,North Carolina,Ensemble
2026-05-23,37,3,wk inc flu hosp,2026-06-13,quantile,0.9,40,North Carolina,Ensemble
2026-05-23,37,3,wk inc flu hosp,2026-06-13,quantile,0.95,62,North Carolina,Ensemble
2026-05-23,37,3,wk inc flu hosp,2026-06-13,quantile,0.975,87,North Carolina,Ensemble
2026-05-23,37,3,wk inc flu hosp,2026-06-13,quantile,0.99,127,North Carolina,Ensemble
2026-05-23,38,0,wk inc flu hosp,2026-05-23,quantile,0.01,0,North Dakota,Ensemble
2026-05-23,38,0,wk inc flu hosp,2026-05-23,quantile,0.025,0,North Dakota,Ensemble
2026-05-23,38,0,wk inc flu hosp,2026-05-23,quantile,0.05,1,North Dakota,Ensemble
2026-05-23,38,0,wk inc flu hosp,2026-05-23,quantile,0.1,1,North Dakota,Ensemble
2026-05-23,38,0,wk inc flu hosp,2026-05-23,quantile,0.15,2,North Dakota,Ensemble
2026-05-23,38,0,wk inc flu hosp,2026-05-23,quantile,0.2,2,North Dakota,Ensemble
2026-05-23,38,0,wk inc flu hosp,2026-05-23,quantile,0.25,2,North Dakota,Ensemble
2026-05-23,38,0,wk inc flu hosp,2026-05-23,quantile,0.3,3,North Dakota,Ensemble
2026-05-23,38,0,wk inc flu hosp,2026-05-23,quantile,0.35,3,North Dakota,Ensemble
2026-05-23,38,0,wk inc flu hosp,2026-05-23,quantile,0.4,3,North Dakota,Ensemble
2026-05-23,38,0,wk inc flu hosp,2026-05-23,quantile,0.45,3,North Dakota,Ensemble
2026-05-23,38,0,wk inc flu hosp,2026-05-23,quantile,0.5,5,North Dakota,Ensemble
2026-05-23,38,0,wk inc flu hosp,2026-05-23,quantile,0.55,5,North Dakota,Ensemble
2026-05-23,38,0,wk inc flu hosp,2026-05-23,quantile,0.6,5,North Dakota,Ensemble
2026-05-23,38,0,wk inc flu hosp,2026-05-23,quantile,0.65,5,North Dakota,Ensemble
2026-05-23,38,0,wk inc flu hosp,2026-05-23,quantile,0.7,6,North Dakota,Ensemble
2026-05-23,38,0,wk inc flu hosp,2026-05-23,quantile,0.75,6,North Dakota,Ensemble
2026-05-23,38,0,wk inc flu hosp,2026-05-23,quantile,0.8,7,North Dakota,Ensemble
2026-05-23,38,0,wk inc flu hosp,2026-05-23,quantile,0.85,8,North Dakota,Ensemble
2026-05-23,38,0,wk inc flu hosp,2026-05-23,quantile,0.9,9,North Dakota,Ensemble
2026-05-23,38,0,wk inc flu hosp,2026-05-23,quantile,0.95,11,North Dakota,Ensemble
2026-05-23,38,0,wk inc flu hosp,2026-05-23,quantile,0.975,13,North Dakota,Ensemble
2026-05-23,38,0,wk inc flu hosp,2026-05-23,quantile,0.99,17,North Dakota,Ensemble
2026-05-23,38,1,wk inc flu hosp,2026-05-30,quantile,0.01,0,North Dakota,Ensemble
2026-05-23,38,1,wk inc flu hosp,2026-05-30,quantile,0.025,0,North Dakota,Ensemble
2026-05-23,38,1,wk inc flu hosp,2026-05-30,quantile,0.05,0,North Dakota,Ensemble
2026-05-23,38,1,wk inc flu hosp,2026-05-30,quantile,0.1,1,North Dakota,Ensemble
2026-05-23,38,1,wk inc flu hosp,2026-05-30,quantile,0.15,1,North Dakota,Ensemble
2026-05-23,38,1,wk inc flu hosp,2026-05-30,quantile,0.2,2,North Dakota,Ensemble
2026-05-23,38,1,wk inc flu hosp,2026-05-30,quantile,0.25,2,North Dakota,Ensemble
2026-05-23,38,1,wk inc flu hosp,2026-05-30,quantile,0.3,2,North Dakota,Ensemble
2026-05-23,38,1,wk inc flu hosp,2026-05-30,quantile,0.35,2,North Dakota,Ensemble
2026-05-23,38,1,wk inc flu hosp,2026-05-30,quantile,0.4,3,North Dakota,Ensemble
2026-05-23,38,1,wk inc flu hosp,2026-05-30,quantile,0.45,3,North Dakota,Ensemble
2026-05-23,38,1,wk inc flu hosp,2026-05-30,quantile,0.5,4,North Dakota,Ensemble
2026-05-23,38,1,wk inc flu hosp,2026-05-30,quantile,0.55,4,North Dakota,Ensemble
2026-05-23,38,1,wk inc flu hosp,2026-05-30,quantile,0.6,5,North Dakota,Ensemble
2026-05-23,38,1,wk inc flu hosp,2026-05-30,quantile,0.65,5,North Dakota,Ensemble
2026-05-23,38,1,wk inc flu hosp,2026-05-30,quantile,0.7,6,North Dakota,Ensemble
2026-05-23,38,1,wk inc flu hosp,2026-05-30,quantile,0.75,6,North Dakota,Ensemble
2026-05-23,38,1,wk inc flu hosp,2026-05-30,quantile,0.8,7,North Dakota,Ensemble
2026-05-23,38,1,wk inc flu hosp,2026-05-30,quantile,0.85,8,North Dakota,Ensemble
2026-05-23,38,1,wk inc flu hosp,2026-05-30,quantile,0.9,9,North Dakota,Ensemble
2026-05-23,38,1,wk inc flu hosp,2026-05-30,quantile,0.95,11,North Dakota,Ensemble
2026-05-23,38,1,wk inc flu hosp,2026-05-30,quantile,0.975,14,North Dakota,Ensemble
2026-05-23,38,1,wk inc flu hosp,2026-05-30,quantile,0.99,18,North Dakota,Ensemble
2026-05-23,38,2,wk inc flu hosp,2026-06-06,quantile,0.01,0,North Dakota,Ensemble
2026-05-23,38,2,wk inc flu hosp,2026-06-06,quantile,0.025,0,North Dakota,Ensemble
2026-05-23,38,2,wk inc flu hosp,2026-06-06,quantile,0.05,0,North Dakota,Ensemble
2026-05-23,38,2,wk inc flu hosp,2026-06-06,quantile,0.1,0,North Dakota,Ensemble
2026-05-23,38,2,wk inc flu hosp,2026-06-06,quantile,0.15,1,North Dakota,Ensemble
2026-05-23,38,2,wk inc flu hosp,2026-06-06,quantile,0.2,1,North Dakota,Ensemble
2026-05-23,38,2,wk inc flu hosp,2026-06-06,quantile,0.25,1,North Dakota,Ensemble
2026-05-23,38,2,wk inc flu hosp,2026-06-06,quantile,0.3,2,North Dakota,Ensemble
2026-05-23,38,2,wk inc flu hosp,2026-06-06,quantile,0.35,2,North Dakota,Ensemble
2026-05-23,38,2,wk inc flu hosp,2026-06-06,quantile,0.4,2,North Dakota,Ensemble
2026-05-23,38,2,wk inc flu hosp,2026-06-06,quantile,0.45,2,North Dakota,Ensemble
2026-05-23,38,2,wk inc flu hosp,2026-06-06,quantile,0.5,4,North Dakota,Ensemble
2026-05-23,38,2,wk inc flu hosp,2026-06-06,quantile,0.55,4,North Dakota,Ensemble
2026-05-23,38,2,wk inc flu hosp,2026-06-06,quantile,0.6,4,North Dakota,Ensemble
2026-05-23,38,2,wk inc flu hosp,2026-06-06,quantile,0.65,5,North Dakota,Ensemble
2026-05-23,38,2,wk inc flu hosp,2026-06-06,quantile,0.7,5,North Dakota,Ensemble
2026-05-23,38,2,wk inc flu hosp,2026-06-06,quantile,0.75,6,North Dakota,Ensemble
2026-05-23,38,2,wk inc flu hosp,2026-06-06,quantile,0.8,6,North Dakota,Ensemble
2026-05-23,38,2,wk inc flu hosp,2026-06-06,quantile,0.85,7,North Dakota,Ensemble
2026-05-23,38,2,wk inc flu hosp,2026-06-06,quantile,0.9,8,North Dakota,Ensemble
2026-05-23,38,2,wk inc flu hosp,2026-06-06,quantile,0.95,11,North Dakota,Ensemble
2026-05-23,38,2,wk inc flu hosp,2026-06-06,quantile,0.975,14,North Dakota,Ensemble
2026-05-23,38,2,wk inc flu hosp,2026-06-06,quantile,0.99,19,North Dakota,Ensemble
2026-05-23,38,3,wk inc flu hosp,2026-06-13,quantile,0.01,0,North Dakota,Ensemble
2026-05-23,38,3,wk inc flu hosp,2026-06-13,quantile,0.025,0,North Dakota,Ensemble
2026-05-23,38,3,wk inc flu hosp,2026-06-13,quantile,0.05,0,North Dakota,Ensemble
2026-05-23,38,3,wk inc flu hosp,2026-06-13,quantile,0.1,0,North Dakota,Ensemble
2026-05-23,38,3,wk inc flu hosp,2026-06-13,quantile,0.15,1,North Dakota,Ensemble
2026-05-23,38,3,wk inc flu hosp,2026-06-13,quantile,0.2,1,North Dakota,Ensemble
2026-05-23,38,3,wk inc flu hosp,2026-06-13,quantile,0.25,1,North Dakota,Ensemble
2026-05-23,38,3,wk inc flu hosp,2026-06-13,quantile,0.3,1,North Dakota,Ensemble
2026-05-23,38,3,wk inc flu hosp,2026-06-13,quantile,0.35,2,North Dakota,Ensemble
2026-05-23,38,3,wk inc flu hosp,2026-06-13,quantile,0.4,2,North Dakota,Ensemble
2026-05-23,38,3,wk inc flu hosp,2026-06-13,quantile,0.45,2,North Dakota,Ensemble
2026-05-23,38,3,wk inc flu hosp,2026-06-13,quantile,0.5,3,North Dakota,Ensemble
2026-05-23,38,3,wk inc flu hosp,2026-06-13,quantile,0.55,4,North Dakota,Ensemble
2026-05-23,38,3,wk inc flu hosp,2026-06-13,quantile,0.6,4,North Dakota,Ensemble
2026-05-23,38,3,wk inc flu hosp,2026-06-13,quantile,0.65,4,North Dakota,Ensemble
2026-05-23,38,3,wk inc flu hosp,2026-06-13,quantile,0.7,5,North Dakota,Ensemble
2026-05-23,38,3,wk inc flu hosp,2026-06-13,quantile,0.75,5,North Dakota,Ensemble
2026-05-23,38,3,wk inc flu hosp,2026-06-13,quantile,0.8,6,North Dakota,Ensemble
2026-05-23,38,3,wk inc flu hosp,2026-06-13,quantile,0.85,7,North Dakota,Ensemble
2026-05-23,38,3,wk inc flu hosp,2026-06-13,quantile,0.9,9,North Dakota,Ensemble
2026-05-23,38,3,wk inc flu hosp,2026-06-13,quantile,0.95,12,North Dakota,Ensemble
2026-05-23,38,3,wk inc flu hosp,2026-06-13,quantile,0.975,16,North Dakota,Ensemble
2026-05-23,38,3,wk inc flu hosp,2026-06-13,quantile,0.99,23,North Dakota,Ensemble
2026-05-23,39,0,wk inc flu hosp,2026-05-23,quantile,0.01,2,Ohio,Ensemble
2026-05-23,39,0,wk inc flu hosp,2026-05-23,quantile,0.025,2,Ohio,Ensemble
2026-05-23,39,0,wk inc flu hosp,2026-05-23,quantile,0.05,4,Ohio,Ensemble
2026-05-23,39,0,wk inc flu hosp,2026-05-23,quantile,0.1,5,Ohio,Ensemble
2026-05-23,39,0,wk inc flu hosp,2026-05-23,quantile,0.15,6,Ohio,Ensemble
2026-05-23,39,0,wk inc flu hosp,2026-05-23,quantile,0.2,7,Ohio,Ensemble
2026-05-23,39,0,wk inc flu hosp,2026-05-23,quantile,0.25,8,Ohio,Ensemble
2026-05-23,39,0,wk inc flu hosp,2026-05-23,quantile,0.3,8,Ohio,Ensemble
2026-05-23,39,0,wk inc flu hosp,2026-05-23,quantile,0.35,9,Ohio,Ensemble
2026-05-23,39,0,wk inc flu hosp,2026-05-23,quantile,0.4,11,Ohio,Ensemble
2026-05-23,39,0,wk inc flu hosp,2026-05-23,quantile,0.45,12,Ohio,Ensemble
2026-05-23,39,0,wk inc flu hosp,2026-05-23,quantile,0.5,14,Ohio,Ensemble
2026-05-23,39,0,wk inc flu hosp,2026-05-23,quantile,0.55,15,Ohio,Ensemble
2026-05-23,39,0,wk inc flu hosp,2026-05-23,quantile,0.6,16,Ohio,Ensemble
2026-05-23,39,0,wk inc flu hosp,2026-05-23,quantile,0.65,17,Ohio,Ensemble
2026-05-23,39,0,wk inc flu hosp,2026-05-23,quantile,0.7,19,Ohio,Ensemble
2026-05-23,39,0,wk inc flu hosp,2026-05-23,quantile,0.75,21,Ohio,Ensemble
2026-05-23,39,0,wk inc flu hosp,2026-05-23,quantile,0.8,23,Ohio,Ensemble
2026-05-23,39,0,wk inc flu hosp,2026-05-23,quantile,0.85,26,Ohio,Ensemble
2026-05-23,39,0,wk inc flu hosp,2026-05-23,quantile,0.9,32,Ohio,Ensemble
2026-05-23,39,0,wk inc flu hosp,2026-05-23,quantile,0.95,43,Ohio,Ensemble
2026-05-23,39,0,wk inc flu hosp,2026-05-23,quantile,0.975,58,Ohio,Ensemble
2026-05-23,39,0,wk inc flu hosp,2026-05-23,quantile,0.99,80,Ohio,Ensemble
2026-05-23,39,1,wk inc flu hosp,2026-05-30,quantile,0.01,1,Ohio,Ensemble
2026-05-23,39,1,wk inc flu hosp,2026-05-30,quantile,0.025,2,Ohio,Ensemble
2026-05-23,39,1,wk inc flu hosp,2026-05-30,quantile,0.05,3,Ohio,Ensemble
2026-05-23,39,1,wk inc flu hosp,2026-05-30,quantile,0.1,4,Ohio,Ensemble
2026-05-23,39,1,wk inc flu hosp,2026-05-30,quantile,0.15,5,Ohio,Ensemble
2026-05-23,39,1,wk inc flu hosp,2026-05-30,quantile,0.2,6,Ohio,Ensemble
2026-05-23,39,1,wk inc flu hosp,2026-05-30,quantile,0.25,7,Ohio,Ensemble
2026-05-23,39,1,wk inc flu hosp,2026-05-30,quantile,0.3,8,Ohio,Ensemble
2026-05-23,39,1,wk inc flu hosp,2026-05-30,quantile,0.35,8,Ohio,Ensemble
2026-05-23,39,1,wk inc flu hosp,2026-05-30,quantile,0.4,9,Ohio,Ensemble
2026-05-23,39,1,wk inc flu hosp,2026-05-30,quantile,0.45,10,Ohio,Ensemble
2026-05-23,39,1,wk inc flu hosp,2026-05-30,quantile,0.5,13,Ohio,Ensemble
2026-05-23,39,1,wk inc flu hosp,2026-05-30,quantile,0.55,14,Ohio,Ensemble
2026-05-23,39,1,wk inc flu hosp,2026-05-30,quantile,0.6,15,Ohio,Ensemble
2026-05-23,39,1,wk inc flu hosp,2026-05-30,quantile,0.65,17,Ohio,Ensemble
2026-05-23,39,1,wk inc flu hosp,2026-05-30,quantile,0.7,19,Ohio,Ensemble
2026-05-23,39,1,wk inc flu hosp,2026-05-30,quantile,0.75,21,Ohio,Ensemble
2026-05-23,39,1,wk inc flu hosp,2026-05-30,quantile,0.8,24,Ohio,Ensemble
2026-05-23,39,1,wk inc flu hosp,2026-05-30,quantile,0.85,29,Ohio,Ensemble
2026-05-23,39,1,wk inc flu hosp,2026-05-30,quantile,0.9,36,Ohio,Ensemble
2026-05-23,39,1,wk inc flu hosp,2026-05-30,quantile,0.95,50,Ohio,Ensemble
2026-05-23,39,1,wk inc flu hosp,2026-05-30,quantile,0.975,68,Ohio,Ensemble
2026-05-23,39,1,wk inc flu hosp,2026-05-30,quantile,0.99,93,Ohio,Ensemble
2026-05-23,39,2,wk inc flu hosp,2026-06-06,quantile,0.01,1,Ohio,Ensemble
2026-05-23,39,2,wk inc flu hosp,2026-06-06,quantile,0.025,2,Ohio,Ensemble
2026-05-23,39,2,wk inc flu hosp,2026-06-06,quantile,0.05,2,Ohio,Ensemble
2026-05-23,39,2,wk inc flu hosp,2026-06-06,quantile,0.1,4,Ohio,Ensemble
2026-05-23,39,2,wk inc flu hosp,2026-06-06,quantile,0.15,5,Ohio,Ensemble
2026-05-23,39,2,wk inc flu hosp,2026-06-06,quantile,0.2,6,Ohio,Ensemble
2026-05-23,39,2,wk inc flu hosp,2026-06-06,quantile,0.25,7,Ohio,Ensemble
2026-05-23,39,2,wk inc flu hosp,2026-06-06,quantile,0.3,7,Ohio,Ensemble
2026-05-23,39,2,wk inc flu hosp,2026-06-06,quantile,0.35,8,Ohio,Ensemble
2026-05-23,39,2,wk inc flu hosp,2026-06-06,quantile,0.4,9,Ohio,Ensemble
2026-05-23,39,2,wk inc flu hosp,2026-06-06,quantile,0.45,10,Ohio,Ensemble
2026-05-23,39,2,wk inc flu hosp,2026-06-06,quantile,0.5,12,Ohio,Ensemble
2026-05-23,39,2,wk inc flu hosp,2026-06-06,quantile,0.55,13,Ohio,Ensemble
2026-05-23,39,2,wk inc flu hosp,2026-06-06,quantile,0.6,14,Ohio,Ensemble
2026-05-23,39,2,wk inc flu hosp,2026-06-06,quantile,0.65,16,Ohio,Ensemble
2026-05-23,39,2,wk inc flu hosp,2026-06-06,quantile,0.7,17,Ohio,Ensemble
2026-05-23,39,2,wk inc flu hosp,2026-06-06,quantile,0.75,20,Ohio,Ensemble
2026-05-23,39,2,wk inc flu hosp,2026-06-06,quantile,0.8,22,Ohio,Ensemble
2026-05-23,39,2,wk inc flu hosp,2026-06-06,quantile,0.85,28,Ohio,Ensemble
2026-05-23,39,2,wk inc flu hosp,2026-06-06,quantile,0.9,36,Ohio,Ensemble
2026-05-23,39,2,wk inc flu hosp,2026-06-06,quantile,0.95,53,Ohio,Ensemble
2026-05-23,39,2,wk inc flu hosp,2026-06-06,quantile,0.975,73,Ohio,Ensemble
2026-05-23,39,2,wk inc flu hosp,2026-06-06,quantile,0.99,105,Ohio,Ensemble
2026-05-23,39,3,wk inc flu hosp,2026-06-13,quantile,0.01,1,Ohio,Ensemble
2026-05-23,39,3,wk inc flu hosp,2026-06-13,quantile,0.025,1,Ohio,Ensemble
2026-05-23,39,3,wk inc flu hosp,2026-06-13,quantile,0.05,2,Ohio,Ensemble
2026-05-23,39,3,wk inc flu hosp,2026-06-13,quantile,0.1,3,Ohio,Ensemble
2026-05-23,39,3,wk inc flu hosp,2026-06-13,quantile,0.15,4,Ohio,Ensemble
2026-05-23,39,3,wk inc flu hosp,2026-06-13,quantile,0.2,5,Ohio,Ensemble
2026-05-23,39,3,wk inc flu hosp,2026-06-13,quantile,0.25,6,Ohio,Ensemble
2026-05-23,39,3,wk inc flu hosp,2026-06-13,quantile,0.3,7,Ohio,Ensemble
2026-05-23,39,3,wk inc flu hosp,2026-06-13,quantile,0.35,7,Ohio,Ensemble
2026-05-23,39,3,wk inc flu hosp,2026-06-13,quantile,0.4,8,Ohio,Ensemble
2026-05-23,39,3,wk inc flu hosp,2026-06-13,quantile,0.45,9,Ohio,Ensemble
2026-05-23,39,3,wk inc flu hosp,2026-06-13,quantile,0.5,11,Ohio,Ensemble
2026-05-23,39,3,wk inc flu hosp,2026-06-13,quantile,0.55,13,Ohio,Ensemble
2026-05-23,39,3,wk inc flu hosp,2026-06-13,quantile,0.6,14,Ohio,Ensemble
2026-05-23,39,3,wk inc flu hosp,2026-06-13,quantile,0.65,15,Ohio,Ensemble
2026-05-23,39,3,wk inc flu hosp,2026-06-13,quantile,0.7,17,Ohio,Ensemble
2026-05-23,39,3,wk inc flu hosp,2026-06-13,quantile,0.75,21,Ohio,Ensemble
2026-05-23,39,3,wk inc flu hosp,2026-06-13,quantile,0.8,25,Ohio,Ensemble
2026-05-23,39,3,wk inc flu hosp,2026-06-13,quantile,0.85,33,Ohio,Ensemble
2026-05-23,39,3,wk inc flu hosp,2026-06-13,quantile,0.9,45,Ohio,Ensemble
2026-05-23,39,3,wk inc flu hosp,2026-06-13,quantile,0.95,72,Ohio,Ensemble
2026-05-23,39,3,wk inc flu hosp,2026-06-13,quantile,0.975,104,Ohio,Ensemble
2026-05-23,39,3,wk inc flu hosp,2026-06-13,quantile,0.99,157,Ohio,Ensemble
2026-05-23,40,0,wk inc flu hosp,2026-05-23,quantile,0.01,1,Oklahoma,Ensemble
2026-05-23,40,0,wk inc flu hosp,2026-05-23,quantile,0.025,1,Oklahoma,Ensemble
2026-05-23,40,0,wk inc flu hosp,2026-05-23,quantile,0.05,2,Oklahoma,Ensemble
2026-05-23,40,0,wk inc flu hosp,2026-05-23,quantile,0.1,3,Oklahoma,Ensemble
2026-05-23,40,0,wk inc flu hosp,2026-05-23,quantile,0.15,4,Oklahoma,Ensemble
2026-05-23,40,0,wk inc flu hosp,2026-05-23,quantile,0.2,5,Oklahoma,Ensemble
2026-05-23,40,0,wk inc flu hosp,2026-05-23,quantile,0.25,5,Oklahoma,Ensemble
2026-05-23,40,0,wk inc flu hosp,2026-05-23,quantile,0.3,6,Oklahoma,Ensemble
2026-05-23,40,0,wk inc flu hosp,2026-05-23,quantile,0.35,6,Oklahoma,Ensemble
2026-05-23,40,0,wk inc flu hosp,2026-05-23,quantile,0.4,7,Oklahoma,Ensemble
2026-05-23,40,0,wk inc flu hosp,2026-05-23,quantile,0.45,7,Oklahoma,Ensemble
2026-05-23,40,0,wk inc flu hosp,2026-05-23,quantile,0.5,9,Oklahoma,Ensemble
2026-05-23,40,0,wk inc flu hosp,2026-05-23,quantile,0.55,10,Oklahoma,Ensemble
2026-05-23,40,0,wk inc flu hosp,2026-05-23,quantile,0.6,10,Oklahoma,Ensemble
2026-05-23,40,0,wk inc flu hosp,2026-05-23,quantile,0.65,11,Oklahoma,Ensemble
2026-05-23,40,0,wk inc flu hosp,2026-05-23,quantile,0.7,12,Oklahoma,Ensemble
2026-05-23,40,0,wk inc flu hosp,2026-05-23,quantile,0.75,12,Oklahoma,Ensemble
2026-05-23,40,0,wk inc flu hosp,2026-05-23,quantile,0.8,13,Oklahoma,Ensemble
2026-05-23,40,0,wk inc flu hosp,2026-05-23,quantile,0.85,15,Oklahoma,Ensemble
2026-05-23,40,0,wk inc flu hosp,2026-05-23,quantile,0.9,17,Oklahoma,Ensemble
2026-05-23,40,0,wk inc flu hosp,2026-05-23,quantile,0.95,20,Oklahoma,Ensemble
2026-05-23,40,0,wk inc flu hosp,2026-05-23,quantile,0.975,25,Oklahoma,Ensemble
2026-05-23,40,0,wk inc flu hosp,2026-05-23,quantile,0.99,32,Oklahoma,Ensemble
2026-05-23,40,1,wk inc flu hosp,2026-05-30,quantile,0.01,1,Oklahoma,Ensemble
2026-05-23,40,1,wk inc flu hosp,2026-05-30,quantile,0.025,1,Oklahoma,Ensemble
2026-05-23,40,1,wk inc flu hosp,2026-05-30,quantile,0.05,2,Oklahoma,Ensemble
2026-05-23,40,1,wk inc flu hosp,2026-05-30,quantile,0.1,3,Oklahoma,Ensemble
2026-05-23,40,1,wk inc flu hosp,2026-05-30,quantile,0.15,4,Oklahoma,Ensemble
2026-05-23,40,1,wk inc flu hosp,2026-05-30,quantile,0.2,4,Oklahoma,Ensemble
2026-05-23,40,1,wk inc flu hosp,2026-05-30,quantile,0.25,5,Oklahoma,Ensemble
2026-05-23,40,1,wk inc flu hosp,2026-05-30,quantile,0.3,5,Oklahoma,Ensemble
2026-05-23,40,1,wk inc flu hosp,2026-05-30,quantile,0.35,6,Oklahoma,Ensemble
2026-05-23,40,1,wk inc flu hosp,2026-05-30,quantile,0.4,7,Oklahoma,Ensemble
2026-05-23,40,1,wk inc flu hosp,2026-05-30,quantile,0.45,7,Oklahoma,Ensemble
2026-05-23,40,1,wk inc flu hosp,2026-05-30,quantile,0.5,9,Oklahoma,Ensemble
2026-05-23,40,1,wk inc flu hosp,2026-05-30,quantile,0.55,9,Oklahoma,Ensemble
2026-05-23,40,1,wk inc flu hosp,2026-05-30,quantile,0.6,10,Oklahoma,Ensemble
2026-05-23,40,1,wk inc flu hosp,2026-05-30,quantile,0.65,11,Oklahoma,Ensemble
2026-05-23,40,1,wk inc flu hosp,2026-05-30,quantile,0.7,12,Oklahoma,Ensemble
2026-05-23,40,1,wk inc flu hosp,2026-05-30,quantile,0.75,13,Oklahoma,Ensemble
2026-05-23,40,1,wk inc flu hosp,2026-05-30,quantile,0.8,14,Oklahoma,Ensemble
2026-05-23,40,1,wk inc flu hosp,2026-05-30,quantile,0.85,16,Oklahoma,Ensemble
2026-05-23,40,1,wk inc flu hosp,2026-05-30,quantile,0.9,18,Oklahoma,Ensemble
2026-05-23,40,1,wk inc flu hosp,2026-05-30,quantile,0.95,22,Oklahoma,Ensemble
2026-05-23,40,1,wk inc flu hosp,2026-05-30,quantile,0.975,27,Oklahoma,Ensemble
2026-05-23,40,1,wk inc flu hosp,2026-05-30,quantile,0.99,34,Oklahoma,Ensemble
2026-05-23,40,2,wk inc flu hosp,2026-06-06,quantile,0.01,0,Oklahoma,Ensemble
2026-05-23,40,2,wk inc flu hosp,2026-06-06,quantile,0.025,1,Oklahoma,Ensemble
2026-05-23,40,2,wk inc flu hosp,2026-06-06,quantile,0.05,1,Oklahoma,Ensemble
2026-05-23,40,2,wk inc flu hosp,2026-06-06,quantile,0.1,2,Oklahoma,Ensemble
2026-05-23,40,2,wk inc flu hosp,2026-06-06,quantile,0.15,3,Oklahoma,Ensemble
2026-05-23,40,2,wk inc flu hosp,2026-06-06,quantile,0.2,4,Oklahoma,Ensemble
2026-05-23,40,2,wk inc flu hosp,2026-06-06,quantile,0.25,5,Oklahoma,Ensemble
2026-05-23,40,2,wk inc flu hosp,2026-06-06,quantile,0.3,5,Oklahoma,Ensemble
2026-05-23,40,2,wk inc flu hosp,2026-06-06,quantile,0.35,6,Oklahoma,Ensemble
2026-05-23,40,2,wk inc flu hosp,2026-06-06,quantile,0.4,6,Oklahoma,Ensemble
2026-05-23,40,2,wk inc flu hosp,2026-06-06,quantile,0.45,7,Oklahoma,Ensemble
2026-05-23,40,2,wk inc flu hosp,2026-06-06,quantile,0.5,8,Oklahoma,Ensemble
2026-05-23,40,2,wk inc flu hosp,2026-06-06,quantile,0.55,9,Oklahoma,Ensemble
2026-05-23,40,2,wk inc flu hosp,2026-06-06,quantile,0.6,10,Oklahoma,Ensemble
2026-05-23,40,2,wk inc flu hosp,2026-06-06,quantile,0.65,11,Oklahoma,Ensemble
2026-05-23,40,2,wk inc flu hosp,2026-06-06,quantile,0.7,12,Oklahoma,Ensemble
2026-05-23,40,2,wk inc flu hosp,2026-06-06,quantile,0.75,13,Oklahoma,Ensemble
2026-05-23,40,2,wk inc flu hosp,2026-06-06,quantile,0.8,14,Oklahoma,Ensemble
2026-05-23,40,2,wk inc flu hosp,2026-06-06,quantile,0.85,16,Oklahoma,Ensemble
2026-05-23,40,2,wk inc flu hosp,2026-06-06,quantile,0.9,18,Oklahoma,Ensemble
2026-05-23,40,2,wk inc flu hosp,2026-06-06,quantile,0.95,23,Oklahoma,Ensemble
2026-05-23,40,2,wk inc flu hosp,2026-06-06,quantile,0.975,29,Oklahoma,Ensemble
2026-05-23,40,2,wk inc flu hosp,2026-06-06,quantile,0.99,38,Oklahoma,Ensemble
2026-05-23,40,3,wk inc flu hosp,2026-06-13,quantile,0.01,0,Oklahoma,Ensemble
2026-05-23,40,3,wk inc flu hosp,2026-06-13,quantile,0.025,0,Oklahoma,Ensemble
2026-05-23,40,3,wk inc flu hosp,2026-06-13,quantile,0.05,1,Oklahoma,Ensemble
2026-05-23,40,3,wk inc flu hosp,2026-06-13,quantile,0.1,2,Oklahoma,Ensemble
2026-05-23,40,3,wk inc flu hosp,2026-06-13,quantile,0.15,3,Oklahoma,Ensemble
2026-05-23,40,3,wk inc flu hosp,2026-06-13,quantile,0.2,3,Oklahoma,Ensemble
2026-05-23,40,3,wk inc flu hosp,2026-06-13,quantile,0.25,4,Oklahoma,Ensemble
2026-05-23,40,3,wk inc flu hosp,2026-06-13,quantile,0.3,5,Oklahoma,Ensemble
2026-05-23,40,3,wk inc flu hosp,2026-06-13,quantile,0.35,5,Oklahoma,Ensemble
2026-05-23,40,3,wk inc flu hosp,2026-06-13,quantile,0.4,6,Oklahoma,Ensemble
2026-05-23,40,3,wk inc flu hosp,2026-06-13,quantile,0.45,6,Oklahoma,Ensemble
2026-05-23,40,3,wk inc flu hosp,2026-06-13,quantile,0.5,8,Oklahoma,Ensemble
2026-05-23,40,3,wk inc flu hosp,2026-06-13,quantile,0.55,9,Oklahoma,Ensemble
2026-05-23,40,3,wk inc flu hosp,2026-06-13,quantile,0.6,9,Oklahoma,Ensemble
2026-05-23,40,3,wk inc flu hosp,2026-06-13,quantile,0.65,10,Oklahoma,Ensemble
2026-05-23,40,3,wk inc flu hosp,2026-06-13,quantile,0.7,11,Oklahoma,Ensemble
2026-05-23,40,3,wk inc flu hosp,2026-06-13,quantile,0.75,12,Oklahoma,Ensemble
2026-05-23,40,3,wk inc flu hosp,2026-06-13,quantile,0.8,14,Oklahoma,Ensemble
2026-05-23,40,3,wk inc flu hosp,2026-06-13,quantile,0.85,16,Oklahoma,Ensemble
2026-05-23,40,3,wk inc flu hosp,2026-06-13,quantile,0.9,20,Oklahoma,Ensemble
2026-05-23,40,3,wk inc flu hosp,2026-06-13,quantile,0.95,27,Oklahoma,Ensemble
2026-05-23,40,3,wk inc flu hosp,2026-06-13,quantile,0.975,35,Oklahoma,Ensemble
2026-05-23,40,3,wk inc flu hosp,2026-06-13,quantile,0.99,47,Oklahoma,Ensemble
2026-05-23,41,0,wk inc flu hosp,2026-05-23,quantile,0.01,1,Oregon,Ensemble
2026-05-23,41,0,wk inc flu hosp,2026-05-23,quantile,0.025,2,Oregon,Ensemble
2026-05-23,41,0,wk inc flu hosp,2026-05-23,quantile,0.05,3,Oregon,Ensemble
2026-05-23,41,0,wk inc flu hosp,2026-05-23,quantile,0.1,4,Oregon,Ensemble
2026-05-23,41,0,wk inc flu hosp,2026-05-23,quantile,0.15,5,Oregon,Ensemble
2026-05-23,41,0,wk inc flu hosp,2026-05-23,quantile,0.2,5,Oregon,Ensemble
2026-05-23,41,0,wk inc flu hosp,2026-05-23,quantile,0.25,6,Oregon,Ensemble
2026-05-23,41,0,wk inc flu hosp,2026-05-23,quantile,0.3,6,Oregon,Ensemble
2026-05-23,41,0,wk inc flu hosp,2026-05-23,quantile,0.35,7,Oregon,Ensemble
2026-05-23,41,0,wk inc flu hosp,2026-05-23,quantile,0.4,8,Oregon,Ensemble
2026-05-23,41,0,wk inc flu hosp,2026-05-23,quantile,0.45,8,Oregon,Ensemble
2026-05-23,41,0,wk inc flu hosp,2026-05-23,quantile,0.5,10,Oregon,Ensemble
2026-05-23,41,0,wk inc flu hosp,2026-05-23,quantile,0.55,10,Oregon,Ensemble
2026-05-23,41,0,wk inc flu hosp,2026-05-23,quantile,0.6,11,Oregon,Ensemble
2026-05-23,41,0,wk inc flu hosp,2026-05-23,quantile,0.65,11,Oregon,Ensemble
2026-05-23,41,0,wk inc flu hosp,2026-05-23,quantile,0.7,12,Oregon,Ensemble
2026-05-23,41,0,wk inc flu hosp,2026-05-23,quantile,0.75,13,Oregon,Ensemble
2026-05-23,41,0,wk inc flu hosp,2026-05-23,quantile,0.8,14,Oregon,Ensemble
2026-05-23,41,0,wk inc flu hosp,2026-05-23,quantile,0.85,15,Oregon,Ensemble
2026-05-23,41,0,wk inc flu hosp,2026-05-23,quantile,0.9,17,Oregon,Ensemble
2026-05-23,41,0,wk inc flu hosp,2026-05-23,quantile,0.95,21,Oregon,Ensemble
2026-05-23,41,0,wk inc flu hosp,2026-05-23,quantile,0.975,25,Oregon,Ensemble
2026-05-23,41,0,wk inc flu hosp,2026-05-23,quantile,0.99,34,Oregon,Ensemble
2026-05-23,41,1,wk inc flu hosp,2026-05-30,quantile,0.01,1,Oregon,Ensemble
2026-05-23,41,1,wk inc flu hosp,2026-05-30,quantile,0.025,1,Oregon,Ensemble
2026-05-23,41,1,wk inc flu hosp,2026-05-30,quantile,0.05,2,Oregon,Ensemble
2026-05-23,41,1,wk inc flu hosp,2026-05-30,quantile,0.1,3,Oregon,Ensemble
2026-05-23,41,1,wk inc flu hosp,2026-05-30,quantile,0.15,4,Oregon,Ensemble
2026-05-23,41,1,wk inc flu hosp,2026-05-30,quantile,0.2,4,Oregon,Ensemble
2026-05-23,41,1,wk inc flu hosp,2026-05-30,quantile,0.25,5,Oregon,Ensemble
2026-05-23,41,1,wk inc flu hosp,2026-05-30,quantile,0.3,6,Oregon,Ensemble
2026-05-23,41,1,wk inc flu hosp,2026-05-30,quantile,0.35,6,Oregon,Ensemble
2026-05-23,41,1,wk inc flu hosp,2026-05-30,quantile,0.4,7,Oregon,Ensemble
2026-05-23,41,1,wk inc flu hosp,2026-05-30,quantile,0.45,7,Oregon,Ensemble
2026-05-23,41,1,wk inc flu hosp,2026-05-30,quantile,0.5,9,Oregon,Ensemble
2026-05-23,41,1,wk inc flu hosp,2026-05-30,quantile,0.55,9,Oregon,Ensemble
2026-05-23,41,1,wk inc flu hosp,2026-05-30,quantile,0.6,10,Oregon,Ensemble
2026-05-23,41,1,wk inc flu hosp,2026-05-30,quantile,0.65,11,Oregon,Ensemble
2026-05-23,41,1,wk inc flu hosp,2026-05-30,quantile,0.7,11,Oregon,Ensemble
2026-05-23,41,1,wk inc flu hosp,2026-05-30,quantile,0.75,12,Oregon,Ensemble
2026-05-23,41,1,wk inc flu hosp,2026-05-30,quantile,0.8,14,Oregon,Ensemble
2026-05-23,41,1,wk inc flu hosp,2026-05-30,quantile,0.85,15,Oregon,Ensemble
2026-05-23,41,1,wk inc flu hosp,2026-05-30,quantile,0.9,18,Oregon,Ensemble
2026-05-23,41,1,wk inc flu hosp,2026-05-30,quantile,0.95,24,Oregon,Ensemble
2026-05-23,41,1,wk inc flu hosp,2026-05-30,quantile,0.975,30,Oregon,Ensemble
2026-05-23,41,1,wk inc flu hosp,2026-05-30,quantile,0.99,43,Oregon,Ensemble
2026-05-23,41,2,wk inc flu hosp,2026-06-06,quantile,0.01,1,Oregon,Ensemble
2026-05-23,41,2,wk inc flu hosp,2026-06-06,quantile,0.025,1,Oregon,Ensemble
2026-05-23,41,2,wk inc flu hosp,2026-06-06,quantile,0.05,1,Oregon,Ensemble
2026-05-23,41,2,wk inc flu hosp,2026-06-06,quantile,0.1,2,Oregon,Ensemble
2026-05-23,41,2,wk inc flu hosp,2026-06-06,quantile,0.15,3,Oregon,Ensemble
2026-05-23,41,2,wk inc flu hosp,2026-06-06,quantile,0.2,4,Oregon,Ensemble
2026-05-23,41,2,wk inc flu hosp,2026-06-06,quantile,0.25,4,Oregon,Ensemble
2026-05-23,41,2,wk inc flu hosp,2026-06-06,quantile,0.3,5,Oregon,Ensemble
2026-05-23,41,2,wk inc flu hosp,2026-06-06,quantile,0.35,5,Oregon,Ensemble
2026-05-23,41,2,wk inc flu hosp,2026-06-06,quantile,0.4,6,Oregon,Ensemble
2026-05-23,41,2,wk inc flu hosp,2026-06-06,quantile,0.45,6,Oregon,Ensemble
2026-05-23,41,2,wk inc flu hosp,2026-06-06,quantile,0.5,8,Oregon,Ensemble
2026-05-23,41,2,wk inc flu hosp,2026-06-06,quantile,0.55,8,Oregon,Ensemble
2026-05-23,41,2,wk inc flu hosp,2026-06-06,quantile,0.6,9,Oregon,Ensemble
2026-05-23,41,2,wk inc flu hosp,2026-06-06,quantile,0.65,10,Oregon,Ensemble
2026-05-23,41,2,wk inc flu hosp,2026-06-06,quantile,0.7,10,Oregon,Ensemble
2026-05-23,41,2,wk inc flu hosp,2026-06-06,quantile,0.75,11,Oregon,Ensemble
2026-05-23,41,2,wk inc flu hosp,2026-06-06,quantile,0.8,13,Oregon,Ensemble
2026-05-23,41,2,wk inc flu hosp,2026-06-06,quantile,0.85,14,Oregon,Ensemble
2026-05-23,41,2,wk inc flu hosp,2026-06-06,quantile,0.9,17,Oregon,Ensemble
2026-05-23,41,2,wk inc flu hosp,2026-06-06,quantile,0.95,22,Oregon,Ensemble
2026-05-23,41,2,wk inc flu hosp,2026-06-06,quantile,0.975,28,Oregon,Ensemble
2026-05-23,41,2,wk inc flu hosp,2026-06-06,quantile,0.99,39,Oregon,Ensemble
2026-05-23,41,3,wk inc flu hosp,2026-06-13,quantile,0.01,0,Oregon,Ensemble
2026-05-23,41,3,wk inc flu hosp,2026-06-13,quantile,0.025,0,Oregon,Ensemble
2026-05-23,41,3,wk inc flu hosp,2026-06-13,quantile,0.05,1,Oregon,Ensemble
2026-05-23,41,3,wk inc flu hosp,2026-06-13,quantile,0.1,1,Oregon,Ensemble
2026-05-23,41,3,wk inc flu hosp,2026-06-13,quantile,0.15,2,Oregon,Ensemble
2026-05-23,41,3,wk inc flu hosp,2026-06-13,quantile,0.2,3,Oregon,Ensemble
2026-05-23,41,3,wk inc flu hosp,2026-06-13,quantile,0.25,3,Oregon,Ensemble
2026-05-23,41,3,wk inc flu hosp,2026-06-13,quantile,0.3,4,Oregon,Ensemble
2026-05-23,41,3,wk inc flu hosp,2026-06-13,quantile,0.35,4,Oregon,Ensemble
2026-05-23,41,3,wk inc flu hosp,2026-06-13,quantile,0.4,5,Oregon,Ensemble
2026-05-23,41,3,wk inc flu hosp,2026-06-13,quantile,0.45,6,Oregon,Ensemble
2026-05-23,41,3,wk inc flu hosp,2026-06-13,quantile,0.5,7,Oregon,Ensemble
2026-05-23,41,3,wk inc flu hosp,2026-06-13,quantile,0.55,8,Oregon,Ensemble
2026-05-23,41,3,wk inc flu hosp,2026-06-13,quantile,0.6,8,Oregon,Ensemble
2026-05-23,41,3,wk inc flu hosp,2026-06-13,quantile,0.65,9,Oregon,Ensemble
2026-05-23,41,3,wk inc flu hosp,2026-06-13,quantile,0.7,10,Oregon,Ensemble
2026-05-23,41,3,wk inc flu hosp,2026-06-13,quantile,0.75,11,Oregon,Ensemble
2026-05-23,41,3,wk inc flu hosp,2026-06-13,quantile,0.8,12,Oregon,Ensemble
2026-05-23,41,3,wk inc flu hosp,2026-06-13,quantile,0.85,15,Oregon,Ensemble
2026-05-23,41,3,wk inc flu hosp,2026-06-13,quantile,0.9,19,Oregon,Ensemble
2026-05-23,41,3,wk inc flu hosp,2026-06-13,quantile,0.95,27,Oregon,Ensemble
2026-05-23,41,3,wk inc flu hosp,2026-06-13,quantile,0.975,36,Oregon,Ensemble
2026-05-23,41,3,wk inc flu hosp,2026-06-13,quantile,0.99,51,Oregon,Ensemble
2026-05-23,42,0,wk inc flu hosp,2026-05-23,quantile,0.01,48,Pennsylvania,Ensemble
2026-05-23,42,0,wk inc flu hosp,2026-05-23,quantile,0.025,56,Pennsylvania,Ensemble
2026-05-23,42,0,wk inc flu hosp,2026-05-23,quantile,0.05,67,Pennsylvania,Ensemble
2026-05-23,42,0,wk inc flu hosp,2026-05-23,quantile,0.1,78,Pennsylvania,Ensemble
2026-05-23,42,0,wk inc flu hosp,2026-05-23,quantile,0.15,86,Pennsylvania,Ensemble
2026-05-23,42,0,wk inc flu hosp,2026-05-23,quantile,0.2,93,Pennsylvania,Ensemble
2026-05-23,42,0,wk inc flu hosp,2026-05-23,quantile,0.25,100,Pennsylvania,Ensemble
2026-05-23,42,0,wk inc flu hosp,2026-05-23,quantile,0.3,105,Pennsylvania,Ensemble
2026-05-23,42,0,wk inc flu hosp,2026-05-23,quantile,0.35,110,Pennsylvania,Ensemble
2026-05-23,42,0,wk inc flu hosp,2026-05-23,quantile,0.4,116,Pennsylvania,Ensemble
2026-05-23,42,0,wk inc flu hosp,2026-05-23,quantile,0.45,121,Pennsylvania,Ensemble
2026-05-23,42,0,wk inc flu hosp,2026-05-23,quantile,0.5,127,Pennsylvania,Ensemble
2026-05-23,42,0,wk inc flu hosp,2026-05-23,quantile,0.55,133,Pennsylvania,Ensemble
2026-05-23,42,0,wk inc flu hosp,2026-05-23,quantile,0.6,139,Pennsylvania,Ensemble
2026-05-23,42,0,wk inc flu hosp,2026-05-23,quantile,0.65,145,Pennsylvania,Ensemble
2026-05-23,42,0,wk inc flu hosp,2026-05-23,quantile,0.7,151,Pennsylvania,Ensemble
2026-05-23,42,0,wk inc flu hosp,2026-05-23,quantile,0.75,159,Pennsylvania,Ensemble
2026-05-23,42,0,wk inc flu hosp,2026-05-23,quantile,0.8,168,Pennsylvania,Ensemble
2026-05-23,42,0,wk inc flu hosp,2026-05-23,quantile,0.85,179,Pennsylvania,Ensemble
2026-05-23,42,0,wk inc flu hosp,2026-05-23,quantile,0.9,194,Pennsylvania,Ensemble
2026-05-23,42,0,wk inc flu hosp,2026-05-23,quantile,0.95,222,Pennsylvania,Ensemble
2026-05-23,42,0,wk inc flu hosp,2026-05-23,quantile,0.975,254,Pennsylvania,Ensemble
2026-05-23,42,0,wk inc flu hosp,2026-05-23,quantile,0.99,295,Pennsylvania,Ensemble
2026-05-23,42,1,wk inc flu hosp,2026-05-30,quantile,0.01,38,Pennsylvania,Ensemble
2026-05-23,42,1,wk inc flu hosp,2026-05-30,quantile,0.025,46,Pennsylvania,Ensemble
2026-05-23,42,1,wk inc flu hosp,2026-05-30,quantile,0.05,55,Pennsylvania,Ensemble
2026-05-23,42,1,wk inc flu hosp,2026-05-30,quantile,0.1,67,Pennsylvania,Ensemble
2026-05-23,42,1,wk inc flu hosp,2026-05-30,quantile,0.15,76,Pennsylvania,Ensemble
2026-05-23,42,1,wk inc flu hosp,2026-05-30,quantile,0.2,83,Pennsylvania,Ensemble
2026-05-23,42,1,wk inc flu hosp,2026-05-30,quantile,0.25,89,Pennsylvania,Ensemble
2026-05-23,42,1,wk inc flu hosp,2026-05-30,quantile,0.3,95,Pennsylvania,Ensemble
2026-05-23,42,1,wk inc flu hosp,2026-05-30,quantile,0.35,101,Pennsylvania,Ensemble
2026-05-23,42,1,wk inc flu hosp,2026-05-30,quantile,0.4,107,Pennsylvania,Ensemble
2026-05-23,42,1,wk inc flu hosp,2026-05-30,quantile,0.45,112,Pennsylvania,Ensemble
2026-05-23,42,1,wk inc flu hosp,2026-05-30,quantile,0.5,119,Pennsylvania,Ensemble
2026-05-23,42,1,wk inc flu hosp,2026-05-30,quantile,0.55,125,Pennsylvania,Ensemble
2026-05-23,42,1,wk inc flu hosp,2026-05-30,quantile,0.6,131,Pennsylvania,Ensemble
2026-05-23,42,1,wk inc flu hosp,2026-05-30,quantile,0.65,138,Pennsylvania,Ensemble
2026-05-23,42,1,wk inc flu hosp,2026-05-30,quantile,0.7,145,Pennsylvania,Ensemble
2026-05-23,42,1,wk inc flu hosp,2026-05-30,quantile,0.75,154,Pennsylvania,Ensemble
2026-05-23,42,1,wk inc flu hosp,2026-05-30,quantile,0.8,164,Pennsylvania,Ensemble
2026-05-23,42,1,wk inc flu hosp,2026-05-30,quantile,0.85,177,Pennsylvania,Ensemble
2026-05-23,42,1,wk inc flu hosp,2026-05-30,quantile,0.9,195,Pennsylvania,Ensemble
2026-05-23,42,1,wk inc flu hosp,2026-05-30,quantile,0.95,229,Pennsylvania,Ensemble
2026-05-23,42,1,wk inc flu hosp,2026-05-30,quantile,0.975,267,Pennsylvania,Ensemble
2026-05-23,42,1,wk inc flu hosp,2026-05-30,quantile,0.99,322,Pennsylvania,Ensemble
2026-05-23,42,2,wk inc flu hosp,2026-06-06,quantile,0.01,32,Pennsylvania,Ensemble
2026-05-23,42,2,wk inc flu hosp,2026-06-06,quantile,0.025,38,Pennsylvania,Ensemble
2026-05-23,42,2,wk inc flu hosp,2026-06-06,quantile,0.05,46,Pennsylvania,Ensemble
2026-05-23,42,2,wk inc flu hosp,2026-06-06,quantile,0.1,59,Pennsylvania,Ensemble
2026-05-23,42,2,wk inc flu hosp,2026-06-06,quantile,0.15,68,Pennsylvania,Ensemble
2026-05-23,42,2,wk inc flu hosp,2026-06-06,quantile,0.2,74,Pennsylvania,Ensemble
2026-05-23,42,2,wk inc flu hosp,2026-06-06,quantile,0.25,81,Pennsylvania,Ensemble
2026-05-23,42,2,wk inc flu hosp,2026-06-06,quantile,0.3,87,Pennsylvania,Ensemble
2026-05-23,42,2,wk inc flu hosp,2026-06-06,quantile,0.35,92,Pennsylvania,Ensemble
2026-05-23,42,2,wk inc flu hosp,2026-06-06,quantile,0.4,97,Pennsylvania,Ensemble
2026-05-23,42,2,wk inc flu hosp,2026-06-06,quantile,0.45,103,Pennsylvania,Ensemble
2026-05-23,42,2,wk inc flu hosp,2026-06-06,quantile,0.5,110,Pennsylvania,Ensemble
2026-05-23,42,2,wk inc flu hosp,2026-06-06,quantile,0.55,116,Pennsylvania,Ensemble
2026-05-23,42,2,wk inc flu hosp,2026-06-06,quantile,0.6,123,Pennsylvania,Ensemble
2026-05-23,42,2,wk inc flu hosp,2026-06-06,quantile,0.65,129,Pennsylvania,Ensemble
2026-05-23,42,2,wk inc flu hosp,2026-06-06,quantile,0.7,137,Pennsylvania,Ensemble
2026-05-23,42,2,wk inc flu hosp,2026-06-06,quantile,0.75,145,Pennsylvania,Ensemble
2026-05-23,42,2,wk inc flu hosp,2026-06-06,quantile,0.8,156,Pennsylvania,Ensemble
2026-05-23,42,2,wk inc flu hosp,2026-06-06,quantile,0.85,172,Pennsylvania,Ensemble
2026-05-23,42,2,wk inc flu hosp,2026-06-06,quantile,0.9,193,Pennsylvania,Ensemble
2026-05-23,42,2,wk inc flu hosp,2026-06-06,quantile,0.95,234,Pennsylvania,Ensemble
2026-05-23,42,2,wk inc flu hosp,2026-06-06,quantile,0.975,283,Pennsylvania,Ensemble
2026-05-23,42,2,wk inc flu hosp,2026-06-06,quantile,0.99,350,Pennsylvania,Ensemble
2026-05-23,42,3,wk inc flu hosp,2026-06-13,quantile,0.01,25,Pennsylvania,Ensemble
2026-05-23,42,3,wk inc flu hosp,2026-06-13,quantile,0.025,30,Pennsylvania,Ensemble
2026-05-23,42,3,wk inc flu hosp,2026-06-13,quantile,0.05,38,Pennsylvania,Ensemble
2026-05-23,42,3,wk inc flu hosp,2026-06-13,quantile,0.1,49,Pennsylvania,Ensemble
2026-05-23,42,3,wk inc flu hosp,2026-06-13,quantile,0.15,58,Pennsylvania,Ensemble
2026-05-23,42,3,wk inc flu hosp,2026-06-13,quantile,0.2,65,Pennsylvania,Ensemble
2026-05-23,42,3,wk inc flu hosp,2026-06-13,quantile,0.25,71,Pennsylvania,Ensemble
2026-05-23,42,3,wk inc flu hosp,2026-06-13,quantile,0.3,77,Pennsylvania,Ensemble
2026-05-23,42,3,wk inc flu hosp,2026-06-13,quantile,0.35,82,Pennsylvania,Ensemble
2026-05-23,42,3,wk inc flu hosp,2026-06-13,quantile,0.4,88,Pennsylvania,Ensemble
2026-05-23,42,3,wk inc flu hosp,2026-06-13,quantile,0.45,94,Pennsylvania,Ensemble
2026-05-23,42,3,wk inc flu hosp,2026-06-13,quantile,0.5,101,Pennsylvania,Ensemble
2026-05-23,42,3,wk inc flu hosp,2026-06-13,quantile,0.55,107,Pennsylvania,Ensemble
2026-05-23,42,3,wk inc flu hosp,2026-06-13,quantile,0.6,114,Pennsylvania,Ensemble
2026-05-23,42,3,wk inc flu hosp,2026-06-13,quantile,0.65,121,Pennsylvania,Ensemble
2026-05-23,42,3,wk inc flu hosp,2026-06-13,quantile,0.7,128,Pennsylvania,Ensemble
2026-05-23,42,3,wk inc flu hosp,2026-06-13,quantile,0.75,137,Pennsylvania,Ensemble
2026-05-23,42,3,wk inc flu hosp,2026-06-13,quantile,0.8,149,Pennsylvania,Ensemble
2026-05-23,42,3,wk inc flu hosp,2026-06-13,quantile,0.85,166,Pennsylvania,Ensemble
2026-05-23,42,3,wk inc flu hosp,2026-06-13,quantile,0.9,192,Pennsylvania,Ensemble
2026-05-23,42,3,wk inc flu hosp,2026-06-13,quantile,0.95,244,Pennsylvania,Ensemble
2026-05-23,42,3,wk inc flu hosp,2026-06-13,quantile,0.975,304,Pennsylvania,Ensemble
2026-05-23,42,3,wk inc flu hosp,2026-06-13,quantile,0.99,396,Pennsylvania,Ensemble
2026-05-23,44,0,wk inc flu hosp,2026-05-23,quantile,0.01,0,Rhode Island,Ensemble
2026-05-23,44,0,wk inc flu hosp,2026-05-23,quantile,0.025,0,Rhode Island,Ensemble
2026-05-23,44,0,wk inc flu hosp,2026-05-23,quantile,0.05,1,Rhode Island,Ensemble
2026-05-23,44,0,wk inc flu hosp,2026-05-23,quantile,0.1,1,Rhode Island,Ensemble
2026-05-23,44,0,wk inc flu hosp,2026-05-23,quantile,0.15,2,Rhode Island,Ensemble
2026-05-23,44,0,wk inc flu hosp,2026-05-23,quantile,0.2,2,Rhode Island,Ensemble
2026-05-23,44,0,wk inc flu hosp,2026-05-23,quantile,0.25,2,Rhode Island,Ensemble
2026-05-23,44,0,wk inc flu hosp,2026-05-23,quantile,0.3,3,Rhode Island,Ensemble
2026-05-23,44,0,wk inc flu hosp,2026-05-23,quantile,0.35,3,Rhode Island,Ensemble
2026-05-23,44,0,wk inc flu hosp,2026-05-23,quantile,0.4,3,Rhode Island,Ensemble
2026-05-23,44,0,wk inc flu hosp,2026-05-23,quantile,0.45,4,Rhode Island,Ensemble
2026-05-23,44,0,wk inc flu hosp,2026-05-23,quantile,0.5,5,Rhode Island,Ensemble
2026-05-23,44,0,wk inc flu hosp,2026-05-23,quantile,0.55,6,Rhode Island,Ensemble
2026-05-23,44,0,wk inc flu hosp,2026-05-23,quantile,0.6,6,Rhode Island,Ensemble
2026-05-23,44,0,wk inc flu hosp,2026-05-23,quantile,0.65,7,Rhode Island,Ensemble
2026-05-23,44,0,wk inc flu hosp,2026-05-23,quantile,0.7,7,Rhode Island,Ensemble
2026-05-23,44,0,wk inc flu hosp,2026-05-23,quantile,0.75,8,Rhode Island,Ensemble
2026-05-23,44,0,wk inc flu hosp,2026-05-23,quantile,0.8,8,Rhode Island,Ensemble
2026-05-23,44,0,wk inc flu hosp,2026-05-23,quantile,0.85,9,Rhode Island,Ensemble
2026-05-23,44,0,wk inc flu hosp,2026-05-23,quantile,0.9,11,Rhode Island,Ensemble
2026-05-23,44,0,wk inc flu hosp,2026-05-23,quantile,0.95,14,Rhode Island,Ensemble
2026-05-23,44,0,wk inc flu hosp,2026-05-23,quantile,0.975,18,Rhode Island,Ensemble
2026-05-23,44,0,wk inc flu hosp,2026-05-23,quantile,0.99,22,Rhode Island,Ensemble
2026-05-23,44,1,wk inc flu hosp,2026-05-30,quantile,0.01,0,Rhode Island,Ensemble
2026-05-23,44,1,wk inc flu hosp,2026-05-30,quantile,0.025,0,Rhode Island,Ensemble
2026-05-23,44,1,wk inc flu hosp,2026-05-30,quantile,0.05,0,Rhode Island,Ensemble
2026-05-23,44,1,wk inc flu hosp,2026-05-30,quantile,0.1,1,Rhode Island,Ensemble
2026-05-23,44,1,wk inc flu hosp,2026-05-30,quantile,0.15,1,Rhode Island,Ensemble
2026-05-23,44,1,wk inc flu hosp,2026-05-30,quantile,0.2,1,Rhode Island,Ensemble
2026-05-23,44,1,wk inc flu hosp,2026-05-30,quantile,0.25,2,Rhode Island,Ensemble
2026-05-23,44,1,wk inc flu hosp,2026-05-30,quantile,0.3,2,Rhode Island,Ensemble
2026-05-23,44,1,wk inc flu hosp,2026-05-30,quantile,0.35,2,Rhode Island,Ensemble
2026-05-23,44,1,wk inc flu hosp,2026-05-30,quantile,0.4,3,Rhode Island,Ensemble
2026-05-23,44,1,wk inc flu hosp,2026-05-30,quantile,0.45,3,Rhode Island,Ensemble
2026-05-23,44,1,wk inc flu hosp,2026-05-30,quantile,0.5,5,Rhode Island,Ensemble
2026-05-23,44,1,wk inc flu hosp,2026-05-30,quantile,0.55,5,Rhode Island,Ensemble
2026-05-23,44,1,wk inc flu hosp,2026-05-30,quantile,0.6,6,Rhode Island,Ensemble
2026-05-23,44,1,wk inc flu hosp,2026-05-30,quantile,0.65,6,Rhode Island,Ensemble
2026-05-23,44,1,wk inc flu hosp,2026-05-30,quantile,0.7,7,Rhode Island,Ensemble
2026-05-23,44,1,wk inc flu hosp,2026-05-30,quantile,0.75,7,Rhode Island,Ensemble
2026-05-23,44,1,wk inc flu hosp,2026-05-30,quantile,0.8,8,Rhode Island,Ensemble
2026-05-23,44,1,wk inc flu hosp,2026-05-30,quantile,0.85,10,Rhode Island,Ensemble
2026-05-23,44,1,wk inc flu hosp,2026-05-30,quantile,0.9,12,Rhode Island,Ensemble
2026-05-23,44,1,wk inc flu hosp,2026-05-30,quantile,0.95,16,Rhode Island,Ensemble
2026-05-23,44,1,wk inc flu hosp,2026-05-30,quantile,0.975,21,Rhode Island,Ensemble
2026-05-23,44,1,wk inc flu hosp,2026-05-30,quantile,0.99,27,Rhode Island,Ensemble
2026-05-23,44,2,wk inc flu hosp,2026-06-06,quantile,0.01,0,Rhode Island,Ensemble
2026-05-23,44,2,wk inc flu hosp,2026-06-06,quantile,0.025,0,Rhode Island,Ensemble
2026-05-23,44,2,wk inc flu hosp,2026-06-06,quantile,0.05,0,Rhode Island,Ensemble
2026-05-23,44,2,wk inc flu hosp,2026-06-06,quantile,0.1,1,Rhode Island,Ensemble
2026-05-23,44,2,wk inc flu hosp,2026-06-06,quantile,0.15,1,Rhode Island,Ensemble
2026-05-23,44,2,wk inc flu hosp,2026-06-06,quantile,0.2,1,Rhode Island,Ensemble
2026-05-23,44,2,wk inc flu hosp,2026-06-06,quantile,0.25,1,Rhode Island,Ensemble
2026-05-23,44,2,wk inc flu hosp,2026-06-06,quantile,0.3,2,Rhode Island,Ensemble
2026-05-23,44,2,wk inc flu hosp,2026-06-06,quantile,0.35,2,Rhode Island,Ensemble
2026-05-23,44,2,wk inc flu hosp,2026-06-06,quantile,0.4,2,Rhode Island,Ensemble
2026-05-23,44,2,wk inc flu hosp,2026-06-06,quantile,0.45,2,Rhode Island,Ensemble
2026-05-23,44,2,wk inc flu hosp,2026-06-06,quantile,0.5,4,Rhode Island,Ensemble
2026-05-23,44,2,wk inc flu hosp,2026-06-06,quantile,0.55,5,Rhode Island,Ensemble
2026-05-23,44,2,wk inc flu hosp,2026-06-06,quantile,0.6,5,Rhode Island,Ensemble
2026-05-23,44,2,wk inc flu hosp,2026-06-06,quantile,0.65,6,Rhode Island,Ensemble
2026-05-23,44,2,wk inc flu hosp,2026-06-06,quantile,0.7,6,Rhode Island,Ensemble
2026-05-23,44,2,wk inc flu hosp,2026-06-06,quantile,0.75,7,Rhode Island,Ensemble
2026-05-23,44,2,wk inc flu hosp,2026-06-06,quantile,0.8,8,Rhode Island,Ensemble
2026-05-23,44,2,wk inc flu hosp,2026-06-06,quantile,0.85,10,Rhode Island,Ensemble
2026-05-23,44,2,wk inc flu hosp,2026-06-06,quantile,0.9,13,Rhode Island,Ensemble
2026-05-23,44,2,wk inc flu hosp,2026-06-06,quantile,0.95,17,Rhode Island,Ensemble
2026-05-23,44,2,wk inc flu hosp,2026-06-06,quantile,0.975,22,Rhode Island,Ensemble
2026-05-23,44,2,wk inc flu hosp,2026-06-06,quantile,0.99,30,Rhode Island,Ensemble
2026-05-23,44,3,wk inc flu hosp,2026-06-13,quantile,0.01,0,Rhode Island,Ensemble
2026-05-23,44,3,wk inc flu hosp,2026-06-13,quantile,0.025,0,Rhode Island,Ensemble
2026-05-23,44,3,wk inc flu hosp,2026-06-13,quantile,0.05,0,Rhode Island,Ensemble
2026-05-23,44,3,wk inc flu hosp,2026-06-13,quantile,0.1,0,Rhode Island,Ensemble
2026-05-23,44,3,wk inc flu hosp,2026-06-13,quantile,0.15,1,Rhode Island,Ensemble
2026-05-23,44,3,wk inc flu hosp,2026-06-13,quantile,0.2,1,Rhode Island,Ensemble
2026-05-23,44,3,wk inc flu hosp,2026-06-13,quantile,0.25,1,Rhode Island,Ensemble
2026-05-23,44,3,wk inc flu hosp,2026-06-13,quantile,0.3,1,Rhode Island,Ensemble
2026-05-23,44,3,wk inc flu hosp,2026-06-13,quantile,0.35,2,Rhode Island,Ensemble
2026-05-23,44,3,wk inc flu hosp,2026-06-13,quantile,0.4,2,Rhode Island,Ensemble
2026-05-23,44,3,wk inc flu hosp,2026-06-13,quantile,0.45,2,Rhode Island,Ensemble
2026-05-23,44,3,wk inc flu hosp,2026-06-13,quantile,0.5,4,Rhode Island,Ensemble
2026-05-23,44,3,wk inc flu hosp,2026-06-13,quantile,0.55,4,Rhode Island,Ensemble
2026-05-23,44,3,wk inc flu hosp,2026-06-13,quantile,0.6,5,Rhode Island,Ensemble
2026-05-23,44,3,wk inc flu hosp,2026-06-13,quantile,0.65,6,Rhode Island,Ensemble
2026-05-23,44,3,wk inc flu hosp,2026-06-13,quantile,0.7,6,Rhode Island,Ensemble
2026-05-23,44,3,wk inc flu hosp,2026-06-13,quantile,0.75,8,Rhode Island,Ensemble
2026-05-23,44,3,wk inc flu hosp,2026-06-13,quantile,0.8,9,Rhode Island,Ensemble
2026-05-23,44,3,wk inc flu hosp,2026-06-13,quantile,0.85,11,Rhode Island,Ensemble
2026-05-23,44,3,wk inc flu hosp,2026-06-13,quantile,0.9,14,Rhode Island,Ensemble
2026-05-23,44,3,wk inc flu hosp,2026-06-13,quantile,0.95,20,Rhode Island,Ensemble
2026-05-23,44,3,wk inc flu hosp,2026-06-13,quantile,0.975,26,Rhode Island,Ensemble
2026-05-23,44,3,wk inc flu hosp,2026-06-13,quantile,0.99,36,Rhode Island,Ensemble
2026-05-23,45,0,wk inc flu hosp,2026-05-23,quantile,0.01,1,South Carolina,Ensemble
2026-05-23,45,0,wk inc flu hosp,2026-05-23,quantile,0.025,1,South Carolina,Ensemble
2026-05-23,45,0,wk inc flu hosp,2026-05-23,quantile,0.05,2,South Carolina,Ensemble
2026-05-23,45,0,wk inc flu hosp,2026-05-23,quantile,0.1,2,South Carolina,Ensemble
2026-05-23,45,0,wk inc flu hosp,2026-05-23,quantile,0.15,3,South Carolina,Ensemble
2026-05-23,45,0,wk inc flu hosp,2026-05-23,quantile,0.2,4,South Carolina,Ensemble
2026-05-23,45,0,wk inc flu hosp,2026-05-23,quantile,0.25,4,South Carolina,Ensemble
2026-05-23,45,0,wk inc flu hosp,2026-05-23,quantile,0.3,5,South Carolina,Ensemble
2026-05-23,45,0,wk inc flu hosp,2026-05-23,quantile,0.35,5,South Carolina,Ensemble
2026-05-23,45,0,wk inc flu hosp,2026-05-23,quantile,0.4,6,South Carolina,Ensemble
2026-05-23,45,0,wk inc flu hosp,2026-05-23,quantile,0.45,6,South Carolina,Ensemble
2026-05-23,45,0,wk inc flu hosp,2026-05-23,quantile,0.5,8,South Carolina,Ensemble
2026-05-23,45,0,wk inc flu hosp,2026-05-23,quantile,0.55,9,South Carolina,Ensemble
2026-05-23,45,0,wk inc flu hosp,2026-05-23,quantile,0.6,9,South Carolina,Ensemble
2026-05-23,45,0,wk inc flu hosp,2026-05-23,quantile,0.65,10,South Carolina,Ensemble
2026-05-23,45,0,wk inc flu hosp,2026-05-23,quantile,0.7,10,South Carolina,Ensemble
2026-05-23,45,0,wk inc flu hosp,2026-05-23,quantile,0.75,11,South Carolina,Ensemble
2026-05-23,45,0,wk inc flu hosp,2026-05-23,quantile,0.8,12,South Carolina,Ensemble
2026-05-23,45,0,wk inc flu hosp,2026-05-23,quantile,0.85,13,South Carolina,Ensemble
2026-05-23,45,0,wk inc flu hosp,2026-05-23,quantile,0.9,15,South Carolina,Ensemble
2026-05-23,45,0,wk inc flu hosp,2026-05-23,quantile,0.95,19,South Carolina,Ensemble
2026-05-23,45,0,wk inc flu hosp,2026-05-23,quantile,0.975,23,South Carolina,Ensemble
2026-05-23,45,0,wk inc flu hosp,2026-05-23,quantile,0.99,30,South Carolina,Ensemble
2026-05-23,45,1,wk inc flu hosp,2026-05-30,quantile,0.01,0,South Carolina,Ensemble
2026-05-23,45,1,wk inc flu hosp,2026-05-30,quantile,0.025,1,South Carolina,Ensemble
2026-05-23,45,1,wk inc flu hosp,2026-05-30,quantile,0.05,1,South Carolina,Ensemble
2026-05-23,45,1,wk inc flu hosp,2026-05-30,quantile,0.1,2,South Carolina,Ensemble
2026-05-23,45,1,wk inc flu hosp,2026-05-30,quantile,0.15,3,South Carolina,Ensemble
2026-05-23,45,1,wk inc flu hosp,2026-05-30,quantile,0.2,3,South Carolina,Ensemble
2026-05-23,45,1,wk inc flu hosp,2026-05-30,quantile,0.25,4,South Carolina,Ensemble
2026-05-23,45,1,wk inc flu hosp,2026-05-30,quantile,0.3,5,South Carolina,Ensemble
2026-05-23,45,1,wk inc flu hosp,2026-05-30,quantile,0.35,5,South Carolina,Ensemble
2026-05-23,45,1,wk inc flu hosp,2026-05-30,quantile,0.4,6,South Carolina,Ensemble
2026-05-23,45,1,wk inc flu hosp,2026-05-30,quantile,0.45,6,South Carolina,Ensemble
2026-05-23,45,1,wk inc flu hosp,2026-05-30,quantile,0.5,8,South Carolina,Ensemble
2026-05-23,45,1,wk inc flu hosp,2026-05-30,quantile,0.55,8,South Carolina,Ensemble
2026-05-23,45,1,wk inc flu hosp,2026-05-30,quantile,0.6,9,South Carolina,Ensemble
2026-05-23,45,1,wk inc flu hosp,2026-05-30,quantile,0.65,10,South Carolina,Ensemble
2026-05-23,45,1,wk inc flu hosp,2026-05-30,quantile,0.7,10,South Carolina,Ensemble
2026-05-23,45,1,wk inc flu hosp,2026-05-30,quantile,0.75,11,South Carolina,Ensemble
2026-05-23,45,1,wk inc flu hosp,2026-05-30,quantile,0.8,13,South Carolina,Ensemble
2026-05-23,45,1,wk inc flu hosp,2026-05-30,quantile,0.85,15,South Carolina,Ensemble
2026-05-23,45,1,wk inc flu hosp,2026-05-30,quantile,0.9,18,South Carolina,Ensemble
2026-05-23,45,1,wk inc flu hosp,2026-05-30,quantile,0.95,23,South Carolina,Ensemble
2026-05-23,45,1,wk inc flu hosp,2026-05-30,quantile,0.975,30,South Carolina,Ensemble
2026-05-23,45,1,wk inc flu hosp,2026-05-30,quantile,0.99,39,South Carolina,Ensemble
2026-05-23,45,2,wk inc flu hosp,2026-06-06,quantile,0.01,0,South Carolina,Ensemble
2026-05-23,45,2,wk inc flu hosp,2026-06-06,quantile,0.025,1,South Carolina,Ensemble
2026-05-23,45,2,wk inc flu hosp,2026-06-06,quantile,0.05,1,South Carolina,Ensemble
2026-05-23,45,2,wk inc flu hosp,2026-06-06,quantile,0.1,2,South Carolina,Ensemble
2026-05-23,45,2,wk inc flu hosp,2026-06-06,quantile,0.15,3,South Carolina,Ensemble
2026-05-23,45,2,wk inc flu hosp,2026-06-06,quantile,0.2,3,South Carolina,Ensemble
2026-05-23,45,2,wk inc flu hosp,2026-06-06,quantile,0.25,4,South Carolina,Ensemble
2026-05-23,45,2,wk inc flu hosp,2026-06-06,quantile,0.3,4,South Carolina,Ensemble
2026-05-23,45,2,wk inc flu hosp,2026-06-06,quantile,0.35,5,South Carolina,Ensemble
2026-05-23,45,2,wk inc flu hosp,2026-06-06,quantile,0.4,5,South Carolina,Ensemble
2026-05-23,45,2,wk inc flu hosp,2026-06-06,quantile,0.45,6,South Carolina,Ensemble
2026-05-23,45,2,wk inc flu hosp,2026-06-06,quantile,0.5,8,South Carolina,Ensemble
2026-05-23,45,2,wk inc flu hosp,2026-06-06,quantile,0.55,8,South Carolina,Ensemble
2026-05-23,45,2,wk inc flu hosp,2026-06-06,quantile,0.6,9,South Carolina,Ensemble
2026-05-23,45,2,wk inc flu hosp,2026-06-06,quantile,0.65,10,South Carolina,Ensemble
2026-05-23,45,2,wk inc flu hosp,2026-06-06,quantile,0.7,10,South Carolina,Ensemble
2026-05-23,45,2,wk inc flu hosp,2026-06-06,quantile,0.75,11,South Carolina,Ensemble
2026-05-23,45,2,wk inc flu hosp,2026-06-06,quantile,0.8,13,South Carolina,Ensemble
2026-05-23,45,2,wk inc flu hosp,2026-06-06,quantile,0.85,16,South Carolina,Ensemble
2026-05-23,45,2,wk inc flu hosp,2026-06-06,quantile,0.9,20,South Carolina,Ensemble
2026-05-23,45,2,wk inc flu hosp,2026-06-06,quantile,0.95,27,South Carolina,Ensemble
2026-05-23,45,2,wk inc flu hosp,2026-06-06,quantile,0.975,38,South Carolina,Ensemble
2026-05-23,45,2,wk inc flu hosp,2026-06-06,quantile,0.99,54,South Carolina,Ensemble
2026-05-23,45,3,wk inc flu hosp,2026-06-13,quantile,0.01,0,South Carolina,Ensemble
2026-05-23,45,3,wk inc flu hosp,2026-06-13,quantile,0.025,0,South Carolina,Ensemble
2026-05-23,45,3,wk inc flu hosp,2026-06-13,quantile,0.05,1,South Carolina,Ensemble
2026-05-23,45,3,wk inc flu hosp,2026-06-13,quantile,0.1,1,South Carolina,Ensemble
2026-05-23,45,3,wk inc flu hosp,2026-06-13,quantile,0.15,2,South Carolina,Ensemble
2026-05-23,45,3,wk inc flu hosp,2026-06-13,quantile,0.2,3,South Carolina,Ensemble
2026-05-23,45,3,wk inc flu hosp,2026-06-13,quantile,0.25,3,South Carolina,Ensemble
2026-05-23,45,3,wk inc flu hosp,2026-06-13,quantile,0.3,4,South Carolina,Ensemble
2026-05-23,45,3,wk inc flu hosp,2026-06-13,quantile,0.35,5,South Carolina,Ensemble
2026-05-23,45,3,wk inc flu hosp,2026-06-13,quantile,0.4,5,South Carolina,Ensemble
2026-05-23,45,3,wk inc flu hosp,2026-06-13,quantile,0.45,6,South Carolina,Ensemble
2026-05-23,45,3,wk inc flu hosp,2026-06-13,quantile,0.5,7,South Carolina,Ensemble
2026-05-23,45,3,wk inc flu hosp,2026-06-13,quantile,0.55,8,South Carolina,Ensemble
2026-05-23,45,3,wk inc flu hosp,2026-06-13,quantile,0.6,9,South Carolina,Ensemble
2026-05-23,45,3,wk inc flu hosp,2026-06-13,quantile,0.65,10,South Carolina,Ensemble
2026-05-23,45,3,wk inc flu hosp,2026-06-13,quantile,0.7,11,South Carolina,Ensemble
2026-05-23,45,3,wk inc flu hosp,2026-06-13,quantile,0.75,12,South Carolina,Ensemble
2026-05-23,45,3,wk inc flu hosp,2026-06-13,quantile,0.8,14,South Carolina,Ensemble
2026-05-23,45,3,wk inc flu hosp,2026-06-13,quantile,0.85,18,South Carolina,Ensemble
2026-05-23,45,3,wk inc flu hosp,2026-06-13,quantile,0.9,23,South Carolina,Ensemble
2026-05-23,45,3,wk inc flu hosp,2026-06-13,quantile,0.95,33,South Carolina,Ensemble
2026-05-23,45,3,wk inc flu hosp,2026-06-13,quantile,0.975,48,South Carolina,Ensemble
2026-05-23,45,3,wk inc flu hosp,2026-06-13,quantile,0.99,65,South Carolina,Ensemble
2026-05-23,46,0,wk inc flu hosp,2026-05-23,quantile,0.01,0,South Dakota,Ensemble
2026-05-23,46,0,wk inc flu hosp,2026-05-23,quantile,0.025,0,South Dakota,Ensemble
2026-05-23,46,0,wk inc flu hosp,2026-05-23,quantile,0.05,0,South Dakota,Ensemble
2026-05-23,46,0,wk inc flu hosp,2026-05-23,quantile,0.1,0,South Dakota,Ensemble
2026-05-23,46,0,wk inc flu hosp,2026-05-23,quantile,0.15,0,South Dakota,Ensemble
2026-05-23,46,0,wk inc flu hosp,2026-05-23,quantile,0.2,1,South Dakota,Ensemble
2026-05-23,46,0,wk inc flu hosp,2026-05-23,quantile,0.25,1,South Dakota,Ensemble
2026-05-23,46,0,wk inc flu hosp,2026-05-23,quantile,0.3,1,South Dakota,Ensemble
2026-05-23,46,0,wk inc flu hosp,2026-05-23,quantile,0.35,1,South Dakota,Ensemble
2026-05-23,46,0,wk inc flu hosp,2026-05-23,quantile,0.4,1,South Dakota,Ensemble
2026-05-23,46,0,wk inc flu hosp,2026-05-23,quantile,0.45,2,South Dakota,Ensemble
2026-05-23,46,0,wk inc flu hosp,2026-05-23,quantile,0.5,3,South Dakota,Ensemble
2026-05-23,46,0,wk inc flu hosp,2026-05-23,quantile,0.55,3,South Dakota,Ensemble
2026-05-23,46,0,wk inc flu hosp,2026-05-23,quantile,0.6,3,South Dakota,Ensemble
2026-05-23,46,0,wk inc flu hosp,2026-05-23,quantile,0.65,4,South Dakota,Ensemble
2026-05-23,46,0,wk inc flu hosp,2026-05-23,quantile,0.7,4,South Dakota,Ensemble
2026-05-23,46,0,wk inc flu hosp,2026-05-23,quantile,0.75,4,South Dakota,Ensemble
2026-05-23,46,0,wk inc flu hosp,2026-05-23,quantile,0.8,5,South Dakota,Ensemble
2026-05-23,46,0,wk inc flu hosp,2026-05-23,quantile,0.85,5,South Dakota,Ensemble
2026-05-23,46,0,wk inc flu hosp,2026-05-23,quantile,0.9,6,South Dakota,Ensemble
2026-05-23,46,0,wk inc flu hosp,2026-05-23,quantile,0.95,8,South Dakota,Ensemble
2026-05-23,46,0,wk inc flu hosp,2026-05-23,quantile,0.975,10,South Dakota,Ensemble
2026-05-23,46,0,wk inc flu hosp,2026-05-23,quantile,0.99,12,South Dakota,Ensemble
2026-05-23,46,1,wk inc flu hosp,2026-05-30,quantile,0.01,0,South Dakota,Ensemble
2026-05-23,46,1,wk inc flu hosp,2026-05-30,quantile,0.025,0,South Dakota,Ensemble
2026-05-23,46,1,wk inc flu hosp,2026-05-30,quantile,0.05,0,South Dakota,Ensemble
2026-05-23,46,1,wk inc flu hosp,2026-05-30,quantile,0.1,0,South Dakota,Ensemble
2026-05-23,46,1,wk inc flu hosp,2026-05-30,quantile,0.15,0,South Dakota,Ensemble
2026-05-23,46,1,wk inc flu hosp,2026-05-30,quantile,0.2,0,South Dakota,Ensemble
2026-05-23,46,1,wk inc flu hosp,2026-05-30,quantile,0.25,1,South Dakota,Ensemble
2026-05-23,46,1,wk inc flu hosp,2026-05-30,quantile,0.3,1,South Dakota,Ensemble
2026-05-23,46,1,wk inc flu hosp,2026-05-30,quantile,0.35,1,South Dakota,Ensemble
2026-05-23,46,1,wk inc flu hosp,2026-05-30,quantile,0.4,1,South Dakota,Ensemble
2026-05-23,46,1,wk inc flu hosp,2026-05-30,quantile,0.45,1,South Dakota,Ensemble
2026-05-23,46,1,wk inc flu hosp,2026-05-30,quantile,0.5,3,South Dakota,Ensemble
2026-05-23,46,1,wk inc flu hosp,2026-05-30,quantile,0.55,3,South Dakota,Ensemble
2026-05-23,46,1,wk inc flu hosp,2026-05-30,quantile,0.6,3,South Dakota,Ensemble
2026-05-23,46,1,wk inc flu hosp,2026-05-30,quantile,0.65,3,South Dakota,Ensemble
2026-05-23,46,1,wk inc flu hosp,2026-05-30,quantile,0.7,4,South Dakota,Ensemble
2026-05-23,46,1,wk inc flu hosp,2026-05-30,quantile,0.75,4,South Dakota,Ensemble
2026-05-23,46,1,wk inc flu hosp,2026-05-30,quantile,0.8,4,South Dakota,Ensemble
2026-05-23,46,1,wk inc flu hosp,2026-05-30,quantile,0.85,5,South Dakota,Ensemble
2026-05-23,46,1,wk inc flu hosp,2026-05-30,quantile,0.9,6,South Dakota,Ensemble
2026-05-23,46,1,wk inc flu hosp,2026-05-30,quantile,0.95,8,South Dakota,Ensemble
2026-05-23,46,1,wk inc flu hosp,2026-05-30,quantile,0.975,10,South Dakota,Ensemble
2026-05-23,46,1,wk inc flu hosp,2026-05-30,quantile,0.99,13,South Dakota,Ensemble
2026-05-23,46,2,wk inc flu hosp,2026-06-06,quantile,0.01,0,South Dakota,Ensemble
2026-05-23,46,2,wk inc flu hosp,2026-06-06,quantile,0.025,0,South Dakota,Ensemble
2026-05-23,46,2,wk inc flu hosp,2026-06-06,quantile,0.05,0,South Dakota,Ensemble
2026-05-23,46,2,wk inc flu hosp,2026-06-06,quantile,0.1,0,South Dakota,Ensemble
2026-05-23,46,2,wk inc flu hosp,2026-06-06,quantile,0.15,0,South Dakota,Ensemble
2026-05-23,46,2,wk inc flu hosp,2026-06-06,quantile,0.2,0,South Dakota,Ensemble
2026-05-23,46,2,wk inc flu hosp,2026-06-06,quantile,0.25,1,South Dakota,Ensemble
2026-05-23,46,2,wk inc flu hosp,2026-06-06,quantile,0.3,1,South Dakota,Ensemble
2026-05-23,46,2,wk inc flu hosp,2026-06-06,quantile,0.35,1,South Dakota,Ensemble
2026-05-23,46,2,wk inc flu hosp,2026-06-06,quantile,0.4,1,South Dakota,Ensemble
2026-05-23,46,2,wk inc flu hosp,2026-06-06,quantile,0.45,1,South Dakota,Ensemble
2026-05-23,46,2,wk inc flu hosp,2026-06-06,quantile,0.5,2,South Dakota,Ensemble
2026-05-23,46,2,wk inc flu hosp,2026-06-06,quantile,0.55,3,South Dakota,Ensemble
2026-05-23,46,2,wk inc flu hosp,2026-06-06,quantile,0.6,3,South Dakota,Ensemble
2026-05-23,46,2,wk inc flu hosp,2026-06-06,quantile,0.65,3,South Dakota,Ensemble
2026-05-23,46,2,wk inc flu hosp,2026-06-06,quantile,0.7,3,South Dakota,Ensemble
2026-05-23,46,2,wk inc flu hosp,2026-06-06,quantile,0.75,4,South Dakota,Ensemble
2026-05-23,46,2,wk inc flu hosp,2026-06-06,quantile,0.8,4,South Dakota,Ensemble
2026-05-23,46,2,wk inc flu hosp,2026-06-06,quantile,0.85,5,South Dakota,Ensemble
2026-05-23,46,2,wk inc flu hosp,2026-06-06,quantile,0.9,6,South Dakota,Ensemble
2026-05-23,46,2,wk inc flu hosp,2026-06-06,quantile,0.95,8,South Dakota,Ensemble
2026-05-23,46,2,wk inc flu hosp,2026-06-06,quantile,0.975,10,South Dakota,Ensemble
2026-05-23,46,2,wk inc flu hosp,2026-06-06,quantile,0.99,14,South Dakota,Ensemble
2026-05-23,46,3,wk inc flu hosp,2026-06-13,quantile,0.01,0,South Dakota,Ensemble
2026-05-23,46,3,wk inc flu hosp,2026-06-13,quantile,0.025,0,South Dakota,Ensemble
2026-05-23,46,3,wk inc flu hosp,2026-06-13,quantile,0.05,0,South Dakota,Ensemble
2026-05-23,46,3,wk inc flu hosp,2026-06-13,quantile,0.1,0,South Dakota,Ensemble
2026-05-23,46,3,wk inc flu hosp,2026-06-13,quantile,0.15,0,South Dakota,Ensemble
2026-05-23,46,3,wk inc flu hosp,2026-06-13,quantile,0.2,0,South Dakota,Ensemble
2026-05-23,46,3,wk inc flu hosp,2026-06-13,quantile,0.25,0,South Dakota,Ensemble
2026-05-23,46,3,wk inc flu hosp,2026-06-13,quantile,0.3,0,South Dakota,Ensemble
2026-05-23,46,3,wk inc flu hosp,2026-06-13,quantile,0.35,1,South Dakota,Ensemble
2026-05-23,46,3,wk inc flu hosp,2026-06-13,quantile,0.4,1,South Dakota,Ensemble
2026-05-23,46,3,wk inc flu hosp,2026-06-13,quantile,0.45,1,South Dakota,Ensemble
2026-05-23,46,3,wk inc flu hosp,2026-06-13,quantile,0.5,2,South Dakota,Ensemble
2026-05-23,46,3,wk inc flu hosp,2026-06-13,quantile,0.55,2,South Dakota,Ensemble
2026-05-23,46,3,wk inc flu hosp,2026-06-13,quantile,0.6,3,South Dakota,Ensemble
2026-05-23,46,3,wk inc flu hosp,2026-06-13,quantile,0.65,3,South Dakota,Ensemble
2026-05-23,46,3,wk inc flu hosp,2026-06-13,quantile,0.7,3,South Dakota,Ensemble
2026-05-23,46,3,wk inc flu hosp,2026-06-13,quantile,0.75,4,South Dakota,Ensemble
2026-05-23,46,3,wk inc flu hosp,2026-06-13,quantile,0.8,4,South Dakota,Ensemble
2026-05-23,46,3,wk inc flu hosp,2026-06-13,quantile,0.85,5,South Dakota,Ensemble
2026-05-23,46,3,wk inc flu hosp,2026-06-13,quantile,0.9,6,South Dakota,Ensemble
2026-05-23,46,3,wk inc flu hosp,2026-06-13,quantile,0.95,9,South Dakota,Ensemble
2026-05-23,46,3,wk inc flu hosp,2026-06-13,quantile,0.975,12,South Dakota,Ensemble
2026-05-23,46,3,wk inc flu hosp,2026-06-13,quantile,0.99,16,South Dakota,Ensemble
2026-05-23,47,0,wk inc flu hosp,2026-05-23,quantile,0.01,10,Tennessee,Ensemble
2026-05-23,47,0,wk inc flu hosp,2026-05-23,quantile,0.025,13,Tennessee,Ensemble
2026-05-23,47,0,wk inc flu hosp,2026-05-23,quantile,0.05,15,Tennessee,Ensemble
2026-05-23,47,0,wk inc flu hosp,2026-05-23,quantile,0.1,18,Tennessee,Ensemble
2026-05-23,47,0,wk inc flu hosp,2026-05-23,quantile,0.15,21,Tennessee,Ensemble
2026-05-23,47,0,wk inc flu hosp,2026-05-23,quantile,0.2,23,Tennessee,Ensemble
2026-05-23,47,0,wk inc flu hosp,2026-05-23,quantile,0.25,24,Tennessee,Ensemble
2026-05-23,47,0,wk inc flu hosp,2026-05-23,quantile,0.3,26,Tennessee,Ensemble
2026-05-23,47,0,wk inc flu hosp,2026-05-23,quantile,0.35,28,Tennessee,Ensemble
2026-05-23,47,0,wk inc flu hosp,2026-05-23,quantile,0.4,29,Tennessee,Ensemble
2026-05-23,47,0,wk inc flu hosp,2026-05-23,quantile,0.45,31,Tennessee,Ensemble
2026-05-23,47,0,wk inc flu hosp,2026-05-23,quantile,0.5,33,Tennessee,Ensemble
2026-05-23,47,0,wk inc flu hosp,2026-05-23,quantile,0.55,35,Tennessee,Ensemble
2026-05-23,47,0,wk inc flu hosp,2026-05-23,quantile,0.6,36,Tennessee,Ensemble
2026-05-23,47,0,wk inc flu hosp,2026-05-23,quantile,0.65,38,Tennessee,Ensemble
2026-05-23,47,0,wk inc flu hosp,2026-05-23,quantile,0.7,40,Tennessee,Ensemble
2026-05-23,47,0,wk inc flu hosp,2026-05-23,quantile,0.75,42,Tennessee,Ensemble
2026-05-23,47,0,wk inc flu hosp,2026-05-23,quantile,0.8,45,Tennessee,Ensemble
2026-05-23,47,0,wk inc flu hosp,2026-05-23,quantile,0.85,48,Tennessee,Ensemble
2026-05-23,47,0,wk inc flu hosp,2026-05-23,quantile,0.9,52,Tennessee,Ensemble
2026-05-23,47,0,wk inc flu hosp,2026-05-23,quantile,0.95,60,Tennessee,Ensemble
2026-05-23,47,0,wk inc flu hosp,2026-05-23,quantile,0.975,67,Tennessee,Ensemble
2026-05-23,47,0,wk inc flu hosp,2026-05-23,quantile,0.99,77,Tennessee,Ensemble
2026-05-23,47,1,wk inc flu hosp,2026-05-30,quantile,0.01,7,Tennessee,Ensemble
2026-05-23,47,1,wk inc flu hosp,2026-05-30,quantile,0.025,10,Tennessee,Ensemble
2026-05-23,47,1,wk inc flu hosp,2026-05-30,quantile,0.05,12,Tennessee,Ensemble
2026-05-23,47,1,wk inc flu hosp,2026-05-30,quantile,0.1,16,Tennessee,Ensemble
2026-05-23,47,1,wk inc flu hosp,2026-05-30,quantile,0.15,18,Tennessee,Ensemble
2026-05-23,47,1,wk inc flu hosp,2026-05-30,quantile,0.2,20,Tennessee,Ensemble
2026-05-23,47,1,wk inc flu hosp,2026-05-30,quantile,0.25,21,Tennessee,Ensemble
2026-05-23,47,1,wk inc flu hosp,2026-05-30,quantile,0.3,23,Tennessee,Ensemble
2026-05-23,47,1,wk inc flu hosp,2026-05-30,quantile,0.35,25,Tennessee,Ensemble
2026-05-23,47,1,wk inc flu hosp,2026-05-30,quantile,0.4,26,Tennessee,Ensemble
2026-05-23,47,1,wk inc flu hosp,2026-05-30,quantile,0.45,28,Tennessee,Ensemble
2026-05-23,47,1,wk inc flu hosp,2026-05-30,quantile,0.5,30,Tennessee,Ensemble
2026-05-23,47,1,wk inc flu hosp,2026-05-30,quantile,0.55,32,Tennessee,Ensemble
2026-05-23,47,1,wk inc flu hosp,2026-05-30,quantile,0.6,33,Tennessee,Ensemble
2026-05-23,47,1,wk inc flu hosp,2026-05-30,quantile,0.65,35,Tennessee,Ensemble
2026-05-23,47,1,wk inc flu hosp,2026-05-30,quantile,0.7,37,Tennessee,Ensemble
2026-05-23,47,1,wk inc flu hosp,2026-05-30,quantile,0.75,39,Tennessee,Ensemble
2026-05-23,47,1,wk inc flu hosp,2026-05-30,quantile,0.8,42,Tennessee,Ensemble
2026-05-23,47,1,wk inc flu hosp,2026-05-30,quantile,0.85,46,Tennessee,Ensemble
2026-05-23,47,1,wk inc flu hosp,2026-05-30,quantile,0.9,51,Tennessee,Ensemble
2026-05-23,47,1,wk inc flu hosp,2026-05-30,quantile,0.95,59,Tennessee,Ensemble
2026-05-23,47,1,wk inc flu hosp,2026-05-30,quantile,0.975,69,Tennessee,Ensemble
2026-05-23,47,1,wk inc flu hosp,2026-05-30,quantile,0.99,82,Tennessee,Ensemble
2026-05-23,47,2,wk inc flu hosp,2026-06-06,quantile,0.01,6,Tennessee,Ensemble
2026-05-23,47,2,wk inc flu hosp,2026-06-06,quantile,0.025,8,Tennessee,Ensemble
2026-05-23,47,2,wk inc flu hosp,2026-06-06,quantile,0.05,10,Tennessee,Ensemble
2026-05-23,47,2,wk inc flu hosp,2026-06-06,quantile,0.1,14,Tennessee,Ensemble
2026-05-23,47,2,wk inc flu hosp,2026-06-06,quantile,0.15,16,Tennessee,Ensemble
2026-05-23,47,2,wk inc flu hosp,2026-06-06,quantile,0.2,18,Tennessee,Ensemble
2026-05-23,47,2,wk inc flu hosp,2026-06-06,quantile,0.25,19,Tennessee,Ensemble
2026-05-23,47,2,wk inc flu hosp,2026-06-06,quantile,0.3,21,Tennessee,Ensemble
2026-05-23,47,2,wk inc flu hosp,2026-06-06,quantile,0.35,22,Tennessee,Ensemble
2026-05-23,47,2,wk inc flu hosp,2026-06-06,quantile,0.4,24,Tennessee,Ensemble
2026-05-23,47,2,wk inc flu hosp,2026-06-06,quantile,0.45,25,Tennessee,Ensemble
2026-05-23,47,2,wk inc flu hosp,2026-06-06,quantile,0.5,28,Tennessee,Ensemble
2026-05-23,47,2,wk inc flu hosp,2026-06-06,quantile,0.55,29,Tennessee,Ensemble
2026-05-23,47,2,wk inc flu hosp,2026-06-06,quantile,0.6,31,Tennessee,Ensemble
2026-05-23,47,2,wk inc flu hosp,2026-06-06,quantile,0.65,33,Tennessee,Ensemble
2026-05-23,47,2,wk inc flu hosp,2026-06-06,quantile,0.7,35,Tennessee,Ensemble
2026-05-23,47,2,wk inc flu hosp,2026-06-06,quantile,0.75,38,Tennessee,Ensemble
2026-05-23,47,2,wk inc flu hosp,2026-06-06,quantile,0.8,41,Tennessee,Ensemble
2026-05-23,47,2,wk inc flu hosp,2026-06-06,quantile,0.85,45,Tennessee,Ensemble
2026-05-23,47,2,wk inc flu hosp,2026-06-06,quantile,0.9,51,Tennessee,Ensemble
2026-05-23,47,2,wk inc flu hosp,2026-06-06,quantile,0.95,61,Tennessee,Ensemble
2026-05-23,47,2,wk inc flu hosp,2026-06-06,quantile,0.975,73,Tennessee,Ensemble
2026-05-23,47,2,wk inc flu hosp,2026-06-06,quantile,0.99,89,Tennessee,Ensemble
2026-05-23,47,3,wk inc flu hosp,2026-06-13,quantile,0.01,5,Tennessee,Ensemble
2026-05-23,47,3,wk inc flu hosp,2026-06-13,quantile,0.025,7,Tennessee,Ensemble
2026-05-23,47,3,wk inc flu hosp,2026-06-13,quantile,0.05,9,Tennessee,Ensemble
2026-05-23,47,3,wk inc flu hosp,2026-06-13,quantile,0.1,12,Tennessee,Ensemble
2026-05-23,47,3,wk inc flu hosp,2026-06-13,quantile,0.15,13,Tennessee,Ensemble
2026-05-23,47,3,wk inc flu hosp,2026-06-13,quantile,0.2,15,Tennessee,Ensemble
2026-05-23,47,3,wk inc flu hosp,2026-06-13,quantile,0.25,17,Tennessee,Ensemble
2026-05-23,47,3,wk inc flu hosp,2026-06-13,quantile,0.3,18,Tennessee,Ensemble
2026-05-23,47,3,wk inc flu hosp,2026-06-13,quantile,0.35,20,Tennessee,Ensemble
2026-05-23,47,3,wk inc flu hosp,2026-06-13,quantile,0.4,21,Tennessee,Ensemble
2026-05-23,47,3,wk inc flu hosp,2026-06-13,quantile,0.45,23,Tennessee,Ensemble
2026-05-23,47,3,wk inc flu hosp,2026-06-13,quantile,0.5,26,Tennessee,Ensemble
2026-05-23,47,3,wk inc flu hosp,2026-06-13,quantile,0.55,27,Tennessee,Ensemble
2026-05-23,47,3,wk inc flu hosp,2026-06-13,quantile,0.6,29,Tennessee,Ensemble
2026-05-23,47,3,wk inc flu hosp,2026-06-13,quantile,0.65,31,Tennessee,Ensemble
2026-05-23,47,3,wk inc flu hosp,2026-06-13,quantile,0.7,34,Tennessee,Ensemble
2026-05-23,47,3,wk inc flu hosp,2026-06-13,quantile,0.75,36,Tennessee,Ensemble
2026-05-23,47,3,wk inc flu hosp,2026-06-13,quantile,0.8,40,Tennessee,Ensemble
2026-05-23,47,3,wk inc flu hosp,2026-06-13,quantile,0.85,44,Tennessee,Ensemble
2026-05-23,47,3,wk inc flu hosp,2026-06-13,quantile,0.9,51,Tennessee,Ensemble
2026-05-23,47,3,wk inc flu hosp,2026-06-13,quantile,0.95,65,Tennessee,Ensemble
2026-05-23,47,3,wk inc flu hosp,2026-06-13,quantile,0.975,80,Tennessee,Ensemble
2026-05-23,47,3,wk inc flu hosp,2026-06-13,quantile,0.99,103,Tennessee,Ensemble
2026-05-23,48,0,wk inc flu hosp,2026-05-23,quantile,0.01,37,Texas,Ensemble
2026-05-23,48,0,wk inc flu hosp,2026-05-23,quantile,0.025,45,Texas,Ensemble
2026-05-23,48,0,wk inc flu hosp,2026-05-23,quantile,0.05,53,Texas,Ensemble
2026-05-23,48,0,wk inc flu hosp,2026-05-23,quantile,0.1,64,Texas,Ensemble
2026-05-23,48,0,wk inc flu hosp,2026-05-23,quantile,0.15,71,Texas,Ensemble
2026-05-23,48,0,wk inc flu hosp,2026-05-23,quantile,0.2,77,Texas,Ensemble
2026-05-23,48,0,wk inc flu hosp,2026-05-23,quantile,0.25,83,Texas,Ensemble
2026-05-23,48,0,wk inc flu hosp,2026-05-23,quantile,0.3,88,Texas,Ensemble
2026-05-23,48,0,wk inc flu hosp,2026-05-23,quantile,0.35,93,Texas,Ensemble
2026-05-23,48,0,wk inc flu hosp,2026-05-23,quantile,0.4,98,Texas,Ensemble
2026-05-23,48,0,wk inc flu hosp,2026-05-23,quantile,0.45,102,Texas,Ensemble
2026-05-23,48,0,wk inc flu hosp,2026-05-23,quantile,0.5,108,Texas,Ensemble
2026-05-23,48,0,wk inc flu hosp,2026-05-23,quantile,0.55,113,Texas,Ensemble
2026-05-23,48,0,wk inc flu hosp,2026-05-23,quantile,0.6,118,Texas,Ensemble
2026-05-23,48,0,wk inc flu hosp,2026-05-23,quantile,0.65,124,Texas,Ensemble
2026-05-23,48,0,wk inc flu hosp,2026-05-23,quantile,0.7,130,Texas,Ensemble
2026-05-23,48,0,wk inc flu hosp,2026-05-23,quantile,0.75,137,Texas,Ensemble
2026-05-23,48,0,wk inc flu hosp,2026-05-23,quantile,0.8,145,Texas,Ensemble
2026-05-23,48,0,wk inc flu hosp,2026-05-23,quantile,0.85,155,Texas,Ensemble
2026-05-23,48,0,wk inc flu hosp,2026-05-23,quantile,0.9,167,Texas,Ensemble
2026-05-23,48,0,wk inc flu hosp,2026-05-23,quantile,0.95,190,Texas,Ensemble
2026-05-23,48,0,wk inc flu hosp,2026-05-23,quantile,0.975,215,Texas,Ensemble
2026-05-23,48,0,wk inc flu hosp,2026-05-23,quantile,0.99,257,Texas,Ensemble
2026-05-23,48,1,wk inc flu hosp,2026-05-30,quantile,0.01,31,Texas,Ensemble
2026-05-23,48,1,wk inc flu hosp,2026-05-30,quantile,0.025,38,Texas,Ensemble
2026-05-23,48,1,wk inc flu hosp,2026-05-30,quantile,0.05,46,Texas,Ensemble
2026-05-23,48,1,wk inc flu hosp,2026-05-30,quantile,0.1,56,Texas,Ensemble
2026-05-23,48,1,wk inc flu hosp,2026-05-30,quantile,0.15,64,Texas,Ensemble
2026-05-23,48,1,wk inc flu hosp,2026-05-30,quantile,0.2,70,Texas,Ensemble
2026-05-23,48,1,wk inc flu hosp,2026-05-30,quantile,0.25,75,Texas,Ensemble
2026-05-23,48,1,wk inc flu hosp,2026-05-30,quantile,0.3,80,Texas,Ensemble
2026-05-23,48,1,wk inc flu hosp,2026-05-30,quantile,0.35,86,Texas,Ensemble
2026-05-23,48,1,wk inc flu hosp,2026-05-30,quantile,0.4,91,Texas,Ensemble
2026-05-23,48,1,wk inc flu hosp,2026-05-30,quantile,0.45,97,Texas,Ensemble
2026-05-23,48,1,wk inc flu hosp,2026-05-30,quantile,0.5,103,Texas,Ensemble
2026-05-23,48,1,wk inc flu hosp,2026-05-30,quantile,0.55,108,Texas,Ensemble
2026-05-23,48,1,wk inc flu hosp,2026-05-30,quantile,0.6,114,Texas,Ensemble
2026-05-23,48,1,wk inc flu hosp,2026-05-30,quantile,0.65,121,Texas,Ensemble
2026-05-23,48,1,wk inc flu hosp,2026-05-30,quantile,0.7,128,Texas,Ensemble
2026-05-23,48,1,wk inc flu hosp,2026-05-30,quantile,0.75,136,Texas,Ensemble
2026-05-23,48,1,wk inc flu hosp,2026-05-30,quantile,0.8,144,Texas,Ensemble
2026-05-23,48,1,wk inc flu hosp,2026-05-30,quantile,0.85,156,Texas,Ensemble
2026-05-23,48,1,wk inc flu hosp,2026-05-30,quantile,0.9,173,Texas,Ensemble
2026-05-23,48,1,wk inc flu hosp,2026-05-30,quantile,0.95,200,Texas,Ensemble
2026-05-23,48,1,wk inc flu hosp,2026-05-30,quantile,0.975,231,Texas,Ensemble
2026-05-23,48,1,wk inc flu hosp,2026-05-30,quantile,0.99,277,Texas,Ensemble
2026-05-23,48,2,wk inc flu hosp,2026-06-06,quantile,0.01,26,Texas,Ensemble
2026-05-23,48,2,wk inc flu hosp,2026-06-06,quantile,0.025,32,Texas,Ensemble
2026-05-23,48,2,wk inc flu hosp,2026-06-06,quantile,0.05,40,Texas,Ensemble
2026-05-23,48,2,wk inc flu hosp,2026-06-06,quantile,0.1,50,Texas,Ensemble
2026-05-23,48,2,wk inc flu hosp,2026-06-06,quantile,0.15,58,Texas,Ensemble
2026-05-23,48,2,wk inc flu hosp,2026-06-06,quantile,0.2,64,Texas,Ensemble
2026-05-23,48,2,wk inc flu hosp,2026-06-06,quantile,0.25,69,Texas,Ensemble
2026-05-23,48,2,wk inc flu hosp,2026-06-06,quantile,0.3,75,Texas,Ensemble
2026-05-23,48,2,wk inc flu hosp,2026-06-06,quantile,0.35,80,Texas,Ensemble
2026-05-23,48,2,wk inc flu hosp,2026-06-06,quantile,0.4,85,Texas,Ensemble
2026-05-23,48,2,wk inc flu hosp,2026-06-06,quantile,0.45,91,Texas,Ensemble
2026-05-23,48,2,wk inc flu hosp,2026-06-06,quantile,0.5,97,Texas,Ensemble
2026-05-23,48,2,wk inc flu hosp,2026-06-06,quantile,0.55,103,Texas,Ensemble
2026-05-23,48,2,wk inc flu hosp,2026-06-06,quantile,0.6,109,Texas,Ensemble
2026-05-23,48,2,wk inc flu hosp,2026-06-06,quantile,0.65,116,Texas,Ensemble
2026-05-23,48,2,wk inc flu hosp,2026-06-06,quantile,0.7,124,Texas,Ensemble
2026-05-23,48,2,wk inc flu hosp,2026-06-06,quantile,0.75,133,Texas,Ensemble
2026-05-23,48,2,wk inc flu hosp,2026-06-06,quantile,0.8,143,Texas,Ensemble
2026-05-23,48,2,wk inc flu hosp,2026-06-06,quantile,0.85,156,Texas,Ensemble
2026-05-23,48,2,wk inc flu hosp,2026-06-06,quantile,0.9,176,Texas,Ensemble
2026-05-23,48,2,wk inc flu hosp,2026-06-06,quantile,0.95,213,Texas,Ensemble
2026-05-23,48,2,wk inc flu hosp,2026-06-06,quantile,0.975,250,Texas,Ensemble
2026-05-23,48,2,wk inc flu hosp,2026-06-06,quantile,0.99,316,Texas,Ensemble
2026-05-23,48,3,wk inc flu hosp,2026-06-13,quantile,0.01,22,Texas,Ensemble
2026-05-23,48,3,wk inc flu hosp,2026-06-13,quantile,0.025,28,Texas,Ensemble
2026-05-23,48,3,wk inc flu hosp,2026-06-13,quantile,0.05,34,Texas,Ensemble
2026-05-23,48,3,wk inc flu hosp,2026-06-13,quantile,0.1,44,Texas,Ensemble
2026-05-23,48,3,wk inc flu hosp,2026-06-13,quantile,0.15,51,Texas,Ensemble
2026-05-23,48,3,wk inc flu hosp,2026-06-13,quantile,0.2,57,Texas,Ensemble
2026-05-23,48,3,wk inc flu hosp,2026-06-13,quantile,0.25,62,Texas,Ensemble
2026-05-23,48,3,wk inc flu hosp,2026-06-13,quantile,0.3,67,Texas,Ensemble
2026-05-23,48,3,wk inc flu hosp,2026-06-13,quantile,0.35,73,Texas,Ensemble
2026-05-23,48,3,wk inc flu hosp,2026-06-13,quantile,0.4,78,Texas,Ensemble
2026-05-23,48,3,wk inc flu hosp,2026-06-13,quantile,0.45,84,Texas,Ensemble
2026-05-23,48,3,wk inc flu hosp,2026-06-13,quantile,0.5,91,Texas,Ensemble
2026-05-23,48,3,wk inc flu hosp,2026-06-13,quantile,0.55,97,Texas,Ensemble
2026-05-23,48,3,wk inc flu hosp,2026-06-13,quantile,0.6,103,Texas,Ensemble
2026-05-23,48,3,wk inc flu hosp,2026-06-13,quantile,0.65,111,Texas,Ensemble
2026-05-23,48,3,wk inc flu hosp,2026-06-13,quantile,0.7,120,Texas,Ensemble
2026-05-23,48,3,wk inc flu hosp,2026-06-13,quantile,0.75,130,Texas,Ensemble
2026-05-23,48,3,wk inc flu hosp,2026-06-13,quantile,0.8,143,Texas,Ensemble
2026-05-23,48,3,wk inc flu hosp,2026-06-13,quantile,0.85,160,Texas,Ensemble
2026-05-23,48,3,wk inc flu hosp,2026-06-13,quantile,0.9,184,Texas,Ensemble
2026-05-23,48,3,wk inc flu hosp,2026-06-13,quantile,0.95,231,Texas,Ensemble
2026-05-23,48,3,wk inc flu hosp,2026-06-13,quantile,0.975,283,Texas,Ensemble
2026-05-23,48,3,wk inc flu hosp,2026-06-13,quantile,0.99,366,Texas,Ensemble
2026-05-23,49,0,wk inc flu hosp,2026-05-23,quantile,0.01,0,Utah,Ensemble
2026-05-23,49,0,wk inc flu hosp,2026-05-23,quantile,0.025,1,Utah,Ensemble
2026-05-23,49,0,wk inc flu hosp,2026-05-23,quantile,0.05,1,Utah,Ensemble
2026-05-23,49,0,wk inc flu hosp,2026-05-23,quantile,0.1,2,Utah,Ensemble
2026-05-23,49,0,wk inc flu hosp,2026-05-23,quantile,0.15,2,Utah,Ensemble
2026-05-23,49,0,wk inc flu hosp,2026-05-23,quantile,0.2,3,Utah,Ensemble
2026-05-23,49,0,wk inc flu hosp,2026-05-23,quantile,0.25,3,Utah,Ensemble
2026-05-23,49,0,wk inc flu hosp,2026-05-23,quantile,0.3,4,Utah,Ensemble
2026-05-23,49,0,wk inc flu hosp,2026-05-23,quantile,0.35,4,Utah,Ensemble
2026-05-23,49,0,wk inc flu hosp,2026-05-23,quantile,0.4,4,Utah,Ensemble
2026-05-23,49,0,wk inc flu hosp,2026-05-23,quantile,0.45,5,Utah,Ensemble
2026-05-23,49,0,wk inc flu hosp,2026-05-23,quantile,0.5,6,Utah,Ensemble
2026-05-23,49,0,wk inc flu hosp,2026-05-23,quantile,0.55,7,Utah,Ensemble
2026-05-23,49,0,wk inc flu hosp,2026-05-23,quantile,0.6,7,Utah,Ensemble
2026-05-23,49,0,wk inc flu hosp,2026-05-23,quantile,0.65,8,Utah,Ensemble
2026-05-23,49,0,wk inc flu hosp,2026-05-23,quantile,0.7,8,Utah,Ensemble
2026-05-23,49,0,wk inc flu hosp,2026-05-23,quantile,0.75,9,Utah,Ensemble
2026-05-23,49,0,wk inc flu hosp,2026-05-23,quantile,0.8,9,Utah,Ensemble
2026-05-23,49,0,wk inc flu hosp,2026-05-23,quantile,0.85,10,Utah,Ensemble
2026-05-23,49,0,wk inc flu hosp,2026-05-23,quantile,0.9,12,Utah,Ensemble
2026-05-23,49,0,wk inc flu hosp,2026-05-23,quantile,0.95,14,Utah,Ensemble
2026-05-23,49,0,wk inc flu hosp,2026-05-23,quantile,0.975,17,Utah,Ensemble
2026-05-23,49,0,wk inc flu hosp,2026-05-23,quantile,0.99,21,Utah,Ensemble
2026-05-23,49,1,wk inc flu hosp,2026-05-30,quantile,0.01,0,Utah,Ensemble
2026-05-23,49,1,wk inc flu hosp,2026-05-30,quantile,0.025,0,Utah,Ensemble
2026-05-23,49,1,wk inc flu hosp,2026-05-30,quantile,0.05,1,Utah,Ensemble
2026-05-23,49,1,wk inc flu hosp,2026-05-30,quantile,0.1,1,Utah,Ensemble
2026-05-23,49,1,wk inc flu hosp,2026-05-30,quantile,0.15,2,Utah,Ensemble
2026-05-23,49,1,wk inc flu hosp,2026-05-30,quantile,0.2,2,Utah,Ensemble
2026-05-23,49,1,wk inc flu hosp,2026-05-30,quantile,0.25,3,Utah,Ensemble
2026-05-23,49,1,wk inc flu hosp,2026-05-30,quantile,0.3,3,Utah,Ensemble
2026-05-23,49,1,wk inc flu hosp,2026-05-30,quantile,0.35,4,Utah,Ensemble
2026-05-23,49,1,wk inc flu hosp,2026-05-30,quantile,0.4,4,Utah,Ensemble
2026-05-23,49,1,wk inc flu hosp,2026-05-30,quantile,0.45,4,Utah,Ensemble
2026-05-23,49,1,wk inc flu hosp,2026-05-30,quantile,0.5,6,Utah,Ensemble
2026-05-23,49,1,wk inc flu hosp,2026-05-30,quantile,0.55,6,Utah,Ensemble
2026-05-23,49,1,wk inc flu hosp,2026-05-30,quantile,0.6,6,Utah,Ensemble
2026-05-23,49,1,wk inc flu hosp,2026-05-30,quantile,0.65,7,Utah,Ensemble
2026-05-23,49,1,wk inc flu hosp,2026-05-30,quantile,0.7,8,Utah,Ensemble
2026-05-23,49,1,wk inc flu hosp,2026-05-30,quantile,0.75,8,Utah,Ensemble
2026-05-23,49,1,wk inc flu hosp,2026-05-30,quantile,0.8,9,Utah,Ensemble
2026-05-23,49,1,wk inc flu hosp,2026-05-30,quantile,0.85,10,Utah,Ensemble
2026-05-23,49,1,wk inc flu hosp,2026-05-30,quantile,0.9,12,Utah,Ensemble
2026-05-23,49,1,wk inc flu hosp,2026-05-30,quantile,0.95,15,Utah,Ensemble
2026-05-23,49,1,wk inc flu hosp,2026-05-30,quantile,0.975,18,Utah,Ensemble
2026-05-23,49,1,wk inc flu hosp,2026-05-30,quantile,0.99,24,Utah,Ensemble
2026-05-23,49,2,wk inc flu hosp,2026-06-06,quantile,0.01,0,Utah,Ensemble
2026-05-23,49,2,wk inc flu hosp,2026-06-06,quantile,0.025,0,Utah,Ensemble
2026-05-23,49,2,wk inc flu hosp,2026-06-06,quantile,0.05,1,Utah,Ensemble
2026-05-23,49,2,wk inc flu hosp,2026-06-06,quantile,0.1,1,Utah,Ensemble
2026-05-23,49,2,wk inc flu hosp,2026-06-06,quantile,0.15,1,Utah,Ensemble
2026-05-23,49,2,wk inc flu hosp,2026-06-06,quantile,0.2,2,Utah,Ensemble
2026-05-23,49,2,wk inc flu hosp,2026-06-06,quantile,0.25,2,Utah,Ensemble
2026-05-23,49,2,wk inc flu hosp,2026-06-06,quantile,0.3,3,Utah,Ensemble
2026-05-23,49,2,wk inc flu hosp,2026-06-06,quantile,0.35,3,Utah,Ensemble
2026-05-23,49,2,wk inc flu hosp,2026-06-06,quantile,0.4,3,Utah,Ensemble
2026-05-23,49,2,wk inc flu hosp,2026-06-06,quantile,0.45,4,Utah,Ensemble
2026-05-23,49,2,wk inc flu hosp,2026-06-06,quantile,0.5,5,Utah,Ensemble
2026-05-23,49,2,wk inc flu hosp,2026-06-06,quantile,0.55,5,Utah,Ensemble
2026-05-23,49,2,wk inc flu hosp,2026-06-06,quantile,0.6,6,Utah,Ensemble
2026-05-23,49,2,wk inc flu hosp,2026-06-06,quantile,0.65,6,Utah,Ensemble
2026-05-23,49,2,wk inc flu hosp,2026-06-06,quantile,0.7,7,Utah,Ensemble
2026-05-23,49,2,wk inc flu hosp,2026-06-06,quantile,0.75,7,Utah,Ensemble
2026-05-23,49,2,wk inc flu hosp,2026-06-06,quantile,0.8,8,Utah,Ensemble
2026-05-23,49,2,wk inc flu hosp,2026-06-06,quantile,0.85,10,Utah,Ensemble
2026-05-23,49,2,wk inc flu hosp,2026-06-06,quantile,0.9,11,Utah,Ensemble
2026-05-23,49,2,wk inc flu hosp,2026-06-06,quantile,0.95,14,Utah,Ensemble
2026-05-23,49,2,wk inc flu hosp,2026-06-06,quantile,0.975,18,Utah,Ensemble
2026-05-23,49,2,wk inc flu hosp,2026-06-06,quantile,0.99,24,Utah,Ensemble
2026-05-23,49,3,wk inc flu hosp,2026-06-13,quantile,0.01,0,Utah,Ensemble
2026-05-23,49,3,wk inc flu hosp,2026-06-13,quantile,0.025,0,Utah,Ensemble
2026-05-23,49,3,wk inc flu hosp,2026-06-13,quantile,0.05,0,Utah,Ensemble
2026-05-23,49,3,wk inc flu hosp,2026-06-13,quantile,0.1,1,Utah,Ensemble
2026-05-23,49,3,wk inc flu hosp,2026-06-13,quantile,0.15,1,Utah,Ensemble
2026-05-23,49,3,wk inc flu hosp,2026-06-13,quantile,0.2,1,Utah,Ensemble
2026-05-23,49,3,wk inc flu hosp,2026-06-13,quantile,0.25,2,Utah,Ensemble
2026-05-23,49,3,wk inc flu hosp,2026-06-13,quantile,0.3,2,Utah,Ensemble
2026-05-23,49,3,wk inc flu hosp,2026-06-13,quantile,0.35,2,Utah,Ensemble
2026-05-23,49,3,wk inc flu hosp,2026-06-13,quantile,0.4,3,Utah,Ensemble
2026-05-23,49,3,wk inc flu hosp,2026-06-13,quantile,0.45,3,Utah,Ensemble
2026-05-23,49,3,wk inc flu hosp,2026-06-13,quantile,0.5,4,Utah,Ensemble
2026-05-23,49,3,wk inc flu hosp,2026-06-13,quantile,0.55,5,Utah,Ensemble
2026-05-23,49,3,wk inc flu hosp,2026-06-13,quantile,0.6,5,Utah,Ensemble
2026-05-23,49,3,wk inc flu hosp,2026-06-13,quantile,0.65,6,Utah,Ensemble
2026-05-23,49,3,wk inc flu hosp,2026-06-13,quantile,0.7,6,Utah,Ensemble
2026-05-23,49,3,wk inc flu hosp,2026-06-13,quantile,0.75,7,Utah,Ensemble
2026-05-23,49,3,wk inc flu hosp,2026-06-13,quantile,0.8,8,Utah,Ensemble
2026-05-23,49,3,wk inc flu hosp,2026-06-13,quantile,0.85,10,Utah,Ensemble
2026-05-23,49,3,wk inc flu hosp,2026-06-13,quantile,0.9,12,Utah,Ensemble
2026-05-23,49,3,wk inc flu hosp,2026-06-13,quantile,0.95,16,Utah,Ensemble
2026-05-23,49,3,wk inc flu hosp,2026-06-13,quantile,0.975,21,Utah,Ensemble
2026-05-23,49,3,wk inc flu hosp,2026-06-13,quantile,0.99,30,Utah,Ensemble
2026-05-23,50,0,wk inc flu hosp,2026-05-23,quantile,0.01,0,Vermont,Ensemble
2026-05-23,50,0,wk inc flu hosp,2026-05-23,quantile,0.025,0,Vermont,Ensemble
2026-05-23,50,0,wk inc flu hosp,2026-05-23,quantile,0.05,0,Vermont,Ensemble
2026-05-23,50,0,wk inc flu hosp,2026-05-23,quantile,0.1,0,Vermont,Ensemble
2026-05-23,50,0,wk inc flu hosp,2026-05-23,quantile,0.15,0,Vermont,Ensemble
2026-05-23,50,0,wk inc flu hosp,2026-05-23,quantile,0.2,0,Vermont,Ensemble
2026-05-23,50,0,wk inc flu hosp,2026-05-23,quantile,0.25,0,Vermont,Ensemble
2026-05-23,50,0,wk inc flu hosp,2026-05-23,quantile,0.3,0,Vermont,Ensemble
2026-05-23,50,0,wk inc flu hosp,2026-05-23,quantile,0.35,0,Vermont,Ensemble
2026-05-23,50,0,wk inc flu hosp,2026-05-23,quantile,0.4,0,Vermont,Ensemble
2026-05-23,50,0,wk inc flu hosp,2026-05-23,quantile,0.45,0,Vermont,Ensemble
2026-05-23,50,0,wk inc flu hosp,2026-05-23,quantile,0.5,1,Vermont,Ensemble
2026-05-23,50,0,wk inc flu hosp,2026-05-23,quantile,0.55,1,Vermont,Ensemble
2026-05-23,50,0,wk inc flu hosp,2026-05-23,quantile,0.6,1,Vermont,Ensemble
2026-05-23,50,0,wk inc flu hosp,2026-05-23,quantile,0.65,1,Vermont,Ensemble
2026-05-23,50,0,wk inc flu hosp,2026-05-23,quantile,0.7,1,Vermont,Ensemble
2026-05-23,50,0,wk inc flu hosp,2026-05-23,quantile,0.75,1,Vermont,Ensemble
2026-05-23,50,0,wk inc flu hosp,2026-05-23,quantile,0.8,2,Vermont,Ensemble
2026-05-23,50,0,wk inc flu hosp,2026-05-23,quantile,0.85,2,Vermont,Ensemble
2026-05-23,50,0,wk inc flu hosp,2026-05-23,quantile,0.9,3,Vermont,Ensemble
2026-05-23,50,0,wk inc flu hosp,2026-05-23,quantile,0.95,4,Vermont,Ensemble
2026-05-23,50,0,wk inc flu hosp,2026-05-23,quantile,0.975,6,Vermont,Ensemble
2026-05-23,50,0,wk inc flu hosp,2026-05-23,quantile,0.99,8,Vermont,Ensemble
2026-05-23,50,1,wk inc flu hosp,2026-05-30,quantile,0.01,0,Vermont,Ensemble
2026-05-23,50,1,wk inc flu hosp,2026-05-30,quantile,0.025,0,Vermont,Ensemble
2026-05-23,50,1,wk inc flu hosp,2026-05-30,quantile,0.05,0,Vermont,Ensemble
2026-05-23,50,1,wk inc flu hosp,2026-05-30,quantile,0.1,0,Vermont,Ensemble
2026-05-23,50,1,wk inc flu hosp,2026-05-30,quantile,0.15,0,Vermont,Ensemble
2026-05-23,50,1,wk inc flu hosp,2026-05-30,quantile,0.2,0,Vermont,Ensemble
2026-05-23,50,1,wk inc flu hosp,2026-05-30,quantile,0.25,0,Vermont,Ensemble
2026-05-23,50,1,wk inc flu hosp,2026-05-30,quantile,0.3,0,Vermont,Ensemble
2026-05-23,50,1,wk inc flu hosp,2026-05-30,quantile,0.35,0,Vermont,Ensemble
2026-05-23,50,1,wk inc flu hosp,2026-05-30,quantile,0.4,0,Vermont,Ensemble
2026-05-23,50,1,wk inc flu hosp,2026-05-30,quantile,0.45,0,Vermont,Ensemble
2026-05-23,50,1,wk inc flu hosp,2026-05-30,quantile,0.5,1,Vermont,Ensemble
2026-05-23,50,1,wk inc flu hosp,2026-05-30,quantile,0.55,1,Vermont,Ensemble
2026-05-23,50,1,wk inc flu hosp,2026-05-30,quantile,0.6,1,Vermont,Ensemble
2026-05-23,50,1,wk inc flu hosp,2026-05-30,quantile,0.65,1,Vermont,Ensemble
2026-05-23,50,1,wk inc flu hosp,2026-05-30,quantile,0.7,1,Vermont,Ensemble
2026-05-23,50,1,wk inc flu hosp,2026-05-30,quantile,0.75,1,Vermont,Ensemble
2026-05-23,50,1,wk inc flu hosp,2026-05-30,quantile,0.8,2,Vermont,Ensemble
2026-05-23,50,1,wk inc flu hosp,2026-05-30,quantile,0.85,2,Vermont,Ensemble
2026-05-23,50,1,wk inc flu hosp,2026-05-30,quantile,0.9,3,Vermont,Ensemble
2026-05-23,50,1,wk inc flu hosp,2026-05-30,quantile,0.95,4,Vermont,Ensemble
2026-05-23,50,1,wk inc flu hosp,2026-05-30,quantile,0.975,6,Vermont,Ensemble
2026-05-23,50,1,wk inc flu hosp,2026-05-30,quantile,0.99,8,Vermont,Ensemble
2026-05-23,50,2,wk inc flu hosp,2026-06-06,quantile,0.01,0,Vermont,Ensemble
2026-05-23,50,2,wk inc flu hosp,2026-06-06,quantile,0.025,0,Vermont,Ensemble
2026-05-23,50,2,wk inc flu hosp,2026-06-06,quantile,0.05,0,Vermont,Ensemble
2026-05-23,50,2,wk inc flu hosp,2026-06-06,quantile,0.1,0,Vermont,Ensemble
2026-05-23,50,2,wk inc flu hosp,2026-06-06,quantile,0.15,0,Vermont,Ensemble
2026-05-23,50,2,wk inc flu hosp,2026-06-06,quantile,0.2,0,Vermont,Ensemble
2026-05-23,50,2,wk inc flu hosp,2026-06-06,quantile,0.25,0,Vermont,Ensemble
2026-05-23,50,2,wk inc flu hosp,2026-06-06,quantile,0.3,0,Vermont,Ensemble
2026-05-23,50,2,wk inc flu hosp,2026-06-06,quantile,0.35,0,Vermont,Ensemble
2026-05-23,50,2,wk inc flu hosp,2026-06-06,quantile,0.4,0,Vermont,Ensemble
2026-05-23,50,2,wk inc flu hosp,2026-06-06,quantile,0.45,0,Vermont,Ensemble
2026-05-23,50,2,wk inc flu hosp,2026-06-06,quantile,0.5,1,Vermont,Ensemble
2026-05-23,50,2,wk inc flu hosp,2026-06-06,quantile,0.55,1,Vermont,Ensemble
2026-05-23,50,2,wk inc flu hosp,2026-06-06,quantile,0.6,1,Vermont,Ensemble
2026-05-23,50,2,wk inc flu hosp,2026-06-06,quantile,0.65,1,Vermont,Ensemble
2026-05-23,50,2,wk inc flu hosp,2026-06-06,quantile,0.7,1,Vermont,Ensemble
2026-05-23,50,2,wk inc flu hosp,2026-06-06,quantile,0.75,1,Vermont,Ensemble
2026-05-23,50,2,wk inc flu hosp,2026-06-06,quantile,0.8,2,Vermont,Ensemble
2026-05-23,50,2,wk inc flu hosp,2026-06-06,quantile,0.85,2,Vermont,Ensemble
2026-05-23,50,2,wk inc flu hosp,2026-06-06,quantile,0.9,3,Vermont,Ensemble
2026-05-23,50,2,wk inc flu hosp,2026-06-06,quantile,0.95,4,Vermont,Ensemble
2026-05-23,50,2,wk inc flu hosp,2026-06-06,quantile,0.975,6,Vermont,Ensemble
2026-05-23,50,2,wk inc flu hosp,2026-06-06,quantile,0.99,9,Vermont,Ensemble
2026-05-23,50,3,wk inc flu hosp,2026-06-13,quantile,0.01,0,Vermont,Ensemble
2026-05-23,50,3,wk inc flu hosp,2026-06-13,quantile,0.025,0,Vermont,Ensemble
2026-05-23,50,3,wk inc flu hosp,2026-06-13,quantile,0.05,0,Vermont,Ensemble
2026-05-23,50,3,wk inc flu hosp,2026-06-13,quantile,0.1,0,Vermont,Ensemble
2026-05-23,50,3,wk inc flu hosp,2026-06-13,quantile,0.15,0,Vermont,Ensemble
2026-05-23,50,3,wk inc flu hosp,2026-06-13,quantile,0.2,0,Vermont,Ensemble
2026-05-23,50,3,wk inc flu hosp,2026-06-13,quantile,0.25,0,Vermont,Ensemble
2026-05-23,50,3,wk inc flu hosp,2026-06-13,quantile,0.3,0,Vermont,Ensemble
2026-05-23,50,3,wk inc flu hosp,2026-06-13,quantile,0.35,0,Vermont,Ensemble
2026-05-23,50,3,wk inc flu hosp,2026-06-13,quantile,0.4,0,Vermont,Ensemble
2026-05-23,50,3,wk inc flu hosp,2026-06-13,quantile,0.45,0,Vermont,Ensemble
2026-05-23,50,3,wk inc flu hosp,2026-06-13,quantile,0.5,1,Vermont,Ensemble
2026-05-23,50,3,wk inc flu hosp,2026-06-13,quantile,0.55,1,Vermont,Ensemble
2026-05-23,50,3,wk inc flu hosp,2026-06-13,quantile,0.6,1,Vermont,Ensemble
2026-05-23,50,3,wk inc flu hosp,2026-06-13,quantile,0.65,1,Vermont,Ensemble
2026-05-23,50,3,wk inc flu hosp,2026-06-13,quantile,0.7,1,Vermont,Ensemble
2026-05-23,50,3,wk inc flu hosp,2026-06-13,quantile,0.75,1,Vermont,Ensemble
2026-05-23,50,3,wk inc flu hosp,2026-06-13,quantile,0.8,2,Vermont,Ensemble
2026-05-23,50,3,wk inc flu hosp,2026-06-13,quantile,0.85,2,Vermont,Ensemble
2026-05-23,50,3,wk inc flu hosp,2026-06-13,quantile,0.9,3,Vermont,Ensemble
2026-05-23,50,3,wk inc flu hosp,2026-06-13,quantile,0.95,5,Vermont,Ensemble
2026-05-23,50,3,wk inc flu hosp,2026-06-13,quantile,0.975,8,Vermont,Ensemble
2026-05-23,50,3,wk inc flu hosp,2026-06-13,quantile,0.99,12,Vermont,Ensemble
2026-05-23,51,0,wk inc flu hosp,2026-05-23,quantile,0.01,2,Virginia,Ensemble
2026-05-23,51,0,wk inc flu hosp,2026-05-23,quantile,0.025,4,Virginia,Ensemble
2026-05-23,51,0,wk inc flu hosp,2026-05-23,quantile,0.05,5,Virginia,Ensemble
2026-05-23,51,0,wk inc flu hosp,2026-05-23,quantile,0.1,8,Virginia,Ensemble
2026-05-23,51,0,wk inc flu hosp,2026-05-23,quantile,0.15,9,Virginia,Ensemble
2026-05-23,51,0,wk inc flu hosp,2026-05-23,quantile,0.2,11,Virginia,Ensemble
2026-05-23,51,0,wk inc flu hosp,2026-05-23,quantile,0.25,11,Virginia,Ensemble
2026-05-23,51,0,wk inc flu hosp,2026-05-23,quantile,0.3,13,Virginia,Ensemble
2026-05-23,51,0,wk inc flu hosp,2026-05-23,quantile,0.35,13,Virginia,Ensemble
2026-05-23,51,0,wk inc flu hosp,2026-05-23,quantile,0.4,14,Virginia,Ensemble
2026-05-23,51,0,wk inc flu hosp,2026-05-23,quantile,0.45,15,Virginia,Ensemble
2026-05-23,51,0,wk inc flu hosp,2026-05-23,quantile,0.5,17,Virginia,Ensemble
2026-05-23,51,0,wk inc flu hosp,2026-05-23,quantile,0.55,18,Virginia,Ensemble
2026-05-23,51,0,wk inc flu hosp,2026-05-23,quantile,0.6,19,Virginia,Ensemble
2026-05-23,51,0,wk inc flu hosp,2026-05-23,quantile,0.65,20,Virginia,Ensemble
2026-05-23,51,0,wk inc flu hosp,2026-05-23,quantile,0.7,21,Virginia,Ensemble
2026-05-23,51,0,wk inc flu hosp,2026-05-23,quantile,0.75,23,Virginia,Ensemble
2026-05-23,51,0,wk inc flu hosp,2026-05-23,quantile,0.8,25,Virginia,Ensemble
2026-05-23,51,0,wk inc flu hosp,2026-05-23,quantile,0.85,27,Virginia,Ensemble
2026-05-23,51,0,wk inc flu hosp,2026-05-23,quantile,0.9,31,Virginia,Ensemble
2026-05-23,51,0,wk inc flu hosp,2026-05-23,quantile,0.95,41,Virginia,Ensemble
2026-05-23,51,0,wk inc flu hosp,2026-05-23,quantile,0.975,52,Virginia,Ensemble
2026-05-23,51,0,wk inc flu hosp,2026-05-23,quantile,0.99,72,Virginia,Ensemble
2026-05-23,51,1,wk inc flu hosp,2026-05-30,quantile,0.01,2,Virginia,Ensemble
2026-05-23,51,1,wk inc flu hosp,2026-05-30,quantile,0.025,3,Virginia,Ensemble
2026-05-23,51,1,wk inc flu hosp,2026-05-30,quantile,0.05,4,Virginia,Ensemble
2026-05-23,51,1,wk inc flu hosp,2026-05-30,quantile,0.1,6,Virginia,Ensemble
2026-05-23,51,1,wk inc flu hosp,2026-05-30,quantile,0.15,8,Virginia,Ensemble
2026-05-23,51,1,wk inc flu hosp,2026-05-30,quantile,0.2,9,Virginia,Ensemble
2026-05-23,51,1,wk inc flu hosp,2026-05-30,quantile,0.25,10,Virginia,Ensemble
2026-05-23,51,1,wk inc flu hosp,2026-05-30,quantile,0.3,11,Virginia,Ensemble
2026-05-23,51,1,wk inc flu hosp,2026-05-30,quantile,0.35,12,Virginia,Ensemble
2026-05-23,51,1,wk inc flu hosp,2026-05-30,quantile,0.4,13,Virginia,Ensemble
2026-05-23,51,1,wk inc flu hosp,2026-05-30,quantile,0.45,14,Virginia,Ensemble
2026-05-23,51,1,wk inc flu hosp,2026-05-30,quantile,0.5,16,Virginia,Ensemble
2026-05-23,51,1,wk inc flu hosp,2026-05-30,quantile,0.55,17,Virginia,Ensemble
2026-05-23,51,1,wk inc flu hosp,2026-05-30,quantile,0.6,18,Virginia,Ensemble
2026-05-23,51,1,wk inc flu hosp,2026-05-30,quantile,0.65,20,Virginia,Ensemble
2026-05-23,51,1,wk inc flu hosp,2026-05-30,quantile,0.7,21,Virginia,Ensemble
2026-05-23,51,1,wk inc flu hosp,2026-05-30,quantile,0.75,23,Virginia,Ensemble
2026-05-23,51,1,wk inc flu hosp,2026-05-30,quantile,0.8,27,Virginia,Ensemble
2026-05-23,51,1,wk inc flu hosp,2026-05-30,quantile,0.85,32,Virginia,Ensemble
2026-05-23,51,1,wk inc flu hosp,2026-05-30,quantile,0.9,43,Virginia,Ensemble
2026-05-23,51,1,wk inc flu hosp,2026-05-30,quantile,0.95,66,Virginia,Ensemble
2026-05-23,51,1,wk inc flu hosp,2026-05-30,quantile,0.975,90,Virginia,Ensemble
2026-05-23,51,1,wk inc flu hosp,2026-05-30,quantile,0.99,117,Virginia,Ensemble
2026-05-23,51,2,wk inc flu hosp,2026-06-06,quantile,0.01,1,Virginia,Ensemble
2026-05-23,51,2,wk inc flu hosp,2026-06-06,quantile,0.025,2,Virginia,Ensemble
2026-05-23,51,2,wk inc flu hosp,2026-06-06,quantile,0.05,3,Virginia,Ensemble
2026-05-23,51,2,wk inc flu hosp,2026-06-06,quantile,0.1,5,Virginia,Ensemble
2026-05-23,51,2,wk inc flu hosp,2026-06-06,quantile,0.15,6,Virginia,Ensemble
2026-05-23,51,2,wk inc flu hosp,2026-06-06,quantile,0.2,8,Virginia,Ensemble
2026-05-23,51,2,wk inc flu hosp,2026-06-06,quantile,0.25,9,Virginia,Ensemble
2026-05-23,51,2,wk inc flu hosp,2026-06-06,quantile,0.3,10,Virginia,Ensemble
2026-05-23,51,2,wk inc flu hosp,2026-06-06,quantile,0.35,11,Virginia,Ensemble
2026-05-23,51,2,wk inc flu hosp,2026-06-06,quantile,0.4,12,Virginia,Ensemble
2026-05-23,51,2,wk inc flu hosp,2026-06-06,quantile,0.45,13,Virginia,Ensemble
2026-05-23,51,2,wk inc flu hosp,2026-06-06,quantile,0.5,15,Virginia,Ensemble
2026-05-23,51,2,wk inc flu hosp,2026-06-06,quantile,0.55,16,Virginia,Ensemble
2026-05-23,51,2,wk inc flu hosp,2026-06-06,quantile,0.6,17,Virginia,Ensemble
2026-05-23,51,2,wk inc flu hosp,2026-06-06,quantile,0.65,19,Virginia,Ensemble
2026-05-23,51,2,wk inc flu hosp,2026-06-06,quantile,0.7,20,Virginia,Ensemble
2026-05-23,51,2,wk inc flu hosp,2026-06-06,quantile,0.75,22,Virginia,Ensemble
2026-05-23,51,2,wk inc flu hosp,2026-06-06,quantile,0.8,25,Virginia,Ensemble
2026-05-23,51,2,wk inc flu hosp,2026-06-06,quantile,0.85,31,Virginia,Ensemble
2026-05-23,51,2,wk inc flu hosp,2026-06-06,quantile,0.9,42,Virginia,Ensemble
2026-05-23,51,2,wk inc flu hosp,2026-06-06,quantile,0.95,64,Virginia,Ensemble
2026-05-23,51,2,wk inc flu hosp,2026-06-06,quantile,0.975,81,Virginia,Ensemble
2026-05-23,51,2,wk inc flu hosp,2026-06-06,quantile,0.99,105,Virginia,Ensemble
2026-05-23,51,3,wk inc flu hosp,2026-06-13,quantile,0.01,0,Virginia,Ensemble
2026-05-23,51,3,wk inc flu hosp,2026-06-13,quantile,0.025,1,Virginia,Ensemble
2026-05-23,51,3,wk inc flu hosp,2026-06-13,quantile,0.05,2,Virginia,Ensemble
2026-05-23,51,3,wk inc flu hosp,2026-06-13,quantile,0.1,4,Virginia,Ensemble
2026-05-23,51,3,wk inc flu hosp,2026-06-13,quantile,0.15,5,Virginia,Ensemble
2026-05-23,51,3,wk inc flu hosp,2026-06-13,quantile,0.2,7,Virginia,Ensemble
2026-05-23,51,3,wk inc flu hosp,2026-06-13,quantile,0.25,8,Virginia,Ensemble
2026-05-23,51,3,wk inc flu hosp,2026-06-13,quantile,0.3,9,Virginia,Ensemble
2026-05-23,51,3,wk inc flu hosp,2026-06-13,quantile,0.35,10,Virginia,Ensemble
2026-05-23,51,3,wk inc flu hosp,2026-06-13,quantile,0.4,11,Virginia,Ensemble
2026-05-23,51,3,wk inc flu hosp,2026-06-13,quantile,0.45,12,Virginia,Ensemble
2026-05-23,51,3,wk inc flu hosp,2026-06-13,quantile,0.5,14,Virginia,Ensemble
2026-05-23,51,3,wk inc flu hosp,2026-06-13,quantile,0.55,15,Virginia,Ensemble
2026-05-23,51,3,wk inc flu hosp,2026-06-13,quantile,0.6,17,Virginia,Ensemble
2026-05-23,51,3,wk inc flu hosp,2026-06-13,quantile,0.65,18,Virginia,Ensemble
2026-05-23,51,3,wk inc flu hosp,2026-06-13,quantile,0.7,20,Virginia,Ensemble
2026-05-23,51,3,wk inc flu hosp,2026-06-13,quantile,0.75,23,Virginia,Ensemble
2026-05-23,51,3,wk inc flu hosp,2026-06-13,quantile,0.8,28,Virginia,Ensemble
2026-05-23,51,3,wk inc flu hosp,2026-06-13,quantile,0.85,36,Virginia,Ensemble
2026-05-23,51,3,wk inc flu hosp,2026-06-13,quantile,0.9,50,Virginia,Ensemble
2026-05-23,51,3,wk inc flu hosp,2026-06-13,quantile,0.95,75,Virginia,Ensemble
2026-05-23,51,3,wk inc flu hosp,2026-06-13,quantile,0.975,98,Virginia,Ensemble
2026-05-23,51,3,wk inc flu hosp,2026-06-13,quantile,0.99,132,Virginia,Ensemble
2026-05-23,53,0,wk inc flu hosp,2026-05-23,quantile,0.01,7,Washington,Ensemble
2026-05-23,53,0,wk inc flu hosp,2026-05-23,quantile,0.025,9,Washington,Ensemble
2026-05-23,53,0,wk inc flu hosp,2026-05-23,quantile,0.05,11,Washington,Ensemble
2026-05-23,53,0,wk inc flu hosp,2026-05-23,quantile,0.1,14,Washington,Ensemble
2026-05-23,53,0,wk inc flu hosp,2026-05-23,quantile,0.15,15,Washington,Ensemble
2026-05-23,53,0,wk inc flu hosp,2026-05-23,quantile,0.2,17,Washington,Ensemble
2026-05-23,53,0,wk inc flu hosp,2026-05-23,quantile,0.25,18,Washington,Ensemble
2026-05-23,53,0,wk inc flu hosp,2026-05-23,quantile,0.3,19,Washington,Ensemble
2026-05-23,53,0,wk inc flu hosp,2026-05-23,quantile,0.35,20,Washington,Ensemble
2026-05-23,53,0,wk inc flu hosp,2026-05-23,quantile,0.4,21,Washington,Ensemble
2026-05-23,53,0,wk inc flu hosp,2026-05-23,quantile,0.45,22,Washington,Ensemble
2026-05-23,53,0,wk inc flu hosp,2026-05-23,quantile,0.5,24,Washington,Ensemble
2026-05-23,53,0,wk inc flu hosp,2026-05-23,quantile,0.55,25,Washington,Ensemble
2026-05-23,53,0,wk inc flu hosp,2026-05-23,quantile,0.6,26,Washington,Ensemble
2026-05-23,53,0,wk inc flu hosp,2026-05-23,quantile,0.65,27,Washington,Ensemble
2026-05-23,53,0,wk inc flu hosp,2026-05-23,quantile,0.7,28,Washington,Ensemble
2026-05-23,53,0,wk inc flu hosp,2026-05-23,quantile,0.75,30,Washington,Ensemble
2026-05-23,53,0,wk inc flu hosp,2026-05-23,quantile,0.8,31,Washington,Ensemble
2026-05-23,53,0,wk inc flu hosp,2026-05-23,quantile,0.85,34,Washington,Ensemble
2026-05-23,53,0,wk inc flu hosp,2026-05-23,quantile,0.9,37,Washington,Ensemble
2026-05-23,53,0,wk inc flu hosp,2026-05-23,quantile,0.95,42,Washington,Ensemble
2026-05-23,53,0,wk inc flu hosp,2026-05-23,quantile,0.975,49,Washington,Ensemble
2026-05-23,53,0,wk inc flu hosp,2026-05-23,quantile,0.99,59,Washington,Ensemble
2026-05-23,53,1,wk inc flu hosp,2026-05-30,quantile,0.01,5,Washington,Ensemble
2026-05-23,53,1,wk inc flu hosp,2026-05-30,quantile,0.025,7,Washington,Ensemble
2026-05-23,53,1,wk inc flu hosp,2026-05-30,quantile,0.05,8,Washington,Ensemble
2026-05-23,53,1,wk inc flu hosp,2026-05-30,quantile,0.1,11,Washington,Ensemble
2026-05-23,53,1,wk inc flu hosp,2026-05-30,quantile,0.15,12,Washington,Ensemble
2026-05-23,53,1,wk inc flu hosp,2026-05-30,quantile,0.2,13,Washington,Ensemble
2026-05-23,53,1,wk inc flu hosp,2026-05-30,quantile,0.25,15,Washington,Ensemble
2026-05-23,53,1,wk inc flu hosp,2026-05-30,quantile,0.3,16,Washington,Ensemble
2026-05-23,53,1,wk inc flu hosp,2026-05-30,quantile,0.35,17,Washington,Ensemble
2026-05-23,53,1,wk inc flu hosp,2026-05-30,quantile,0.4,18,Washington,Ensemble
2026-05-23,53,1,wk inc flu hosp,2026-05-30,quantile,0.45,19,Washington,Ensemble
2026-05-23,53,1,wk inc flu hosp,2026-05-30,quantile,0.5,21,Washington,Ensemble
2026-05-23,53,1,wk inc flu hosp,2026-05-30,quantile,0.55,22,Washington,Ensemble
2026-05-23,53,1,wk inc flu hosp,2026-05-30,quantile,0.6,24,Washington,Ensemble
2026-05-23,53,1,wk inc flu hosp,2026-05-30,quantile,0.65,25,Washington,Ensemble
2026-05-23,53,1,wk inc flu hosp,2026-05-30,quantile,0.7,26,Washington,Ensemble
2026-05-23,53,1,wk inc flu hosp,2026-05-30,quantile,0.75,28,Washington,Ensemble
2026-05-23,53,1,wk inc flu hosp,2026-05-30,quantile,0.8,30,Washington,Ensemble
2026-05-23,53,1,wk inc flu hosp,2026-05-30,quantile,0.85,32,Washington,Ensemble
2026-05-23,53,1,wk inc flu hosp,2026-05-30,quantile,0.9,36,Washington,Ensemble
2026-05-23,53,1,wk inc flu hosp,2026-05-30,quantile,0.95,43,Washington,Ensemble
2026-05-23,53,1,wk inc flu hosp,2026-05-30,quantile,0.975,50,Washington,Ensemble
2026-05-23,53,1,wk inc flu hosp,2026-05-30,quantile,0.99,61,Washington,Ensemble
2026-05-23,53,2,wk inc flu hosp,2026-06-06,quantile,0.01,4,Washington,Ensemble
2026-05-23,53,2,wk inc flu hosp,2026-06-06,quantile,0.025,5,Washington,Ensemble
2026-05-23,53,2,wk inc flu hosp,2026-06-06,quantile,0.05,6,Washington,Ensemble
2026-05-23,53,2,wk inc flu hosp,2026-06-06,quantile,0.1,8,Washington,Ensemble
2026-05-23,53,2,wk inc flu hosp,2026-06-06,quantile,0.15,10,Washington,Ensemble
2026-05-23,53,2,wk inc flu hosp,2026-06-06,quantile,0.2,11,Washington,Ensemble
2026-05-23,53,2,wk inc flu hosp,2026-06-06,quantile,0.25,13,Washington,Ensemble
2026-05-23,53,2,wk inc flu hosp,2026-06-06,quantile,0.3,13,Washington,Ensemble
2026-05-23,53,2,wk inc flu hosp,2026-06-06,quantile,0.35,15,Washington,Ensemble
2026-05-23,53,2,wk inc flu hosp,2026-06-06,quantile,0.4,16,Washington,Ensemble
2026-05-23,53,2,wk inc flu hosp,2026-06-06,quantile,0.45,17,Washington,Ensemble
2026-05-23,53,2,wk inc flu hosp,2026-06-06,quantile,0.5,19,Washington,Ensemble
2026-05-23,53,2,wk inc flu hosp,2026-06-06,quantile,0.55,21,Washington,Ensemble
2026-05-23,53,2,wk inc flu hosp,2026-06-06,quantile,0.6,22,Washington,Ensemble
2026-05-23,53,2,wk inc flu hosp,2026-06-06,quantile,0.65,23,Washington,Ensemble
2026-05-23,53,2,wk inc flu hosp,2026-06-06,quantile,0.7,25,Washington,Ensemble
2026-05-23,53,2,wk inc flu hosp,2026-06-06,quantile,0.75,27,Washington,Ensemble
2026-05-23,53,2,wk inc flu hosp,2026-06-06,quantile,0.8,29,Washington,Ensemble
2026-05-23,53,2,wk inc flu hosp,2026-06-06,quantile,0.85,31,Washington,Ensemble
2026-05-23,53,2,wk inc flu hosp,2026-06-06,quantile,0.9,35,Washington,Ensemble
2026-05-23,53,2,wk inc flu hosp,2026-06-06,quantile,0.95,42,Washington,Ensemble
2026-05-23,53,2,wk inc flu hosp,2026-06-06,quantile,0.975,51,Washington,Ensemble
2026-05-23,53,2,wk inc flu hosp,2026-06-06,quantile,0.99,64,Washington,Ensemble
2026-05-23,53,3,wk inc flu hosp,2026-06-13,quantile,0.01,2,Washington,Ensemble
2026-05-23,53,3,wk inc flu hosp,2026-06-13,quantile,0.025,3,Washington,Ensemble
2026-05-23,53,3,wk inc flu hosp,2026-06-13,quantile,0.05,5,Washington,Ensemble
2026-05-23,53,3,wk inc flu hosp,2026-06-13,quantile,0.1,7,Washington,Ensemble
2026-05-23,53,3,wk inc flu hosp,2026-06-13,quantile,0.15,8,Washington,Ensemble
2026-05-23,53,3,wk inc flu hosp,2026-06-13,quantile,0.2,9,Washington,Ensemble
2026-05-23,53,3,wk inc flu hosp,2026-06-13,quantile,0.25,10,Washington,Ensemble
2026-05-23,53,3,wk inc flu hosp,2026-06-13,quantile,0.3,11,Washington,Ensemble
2026-05-23,53,3,wk inc flu hosp,2026-06-13,quantile,0.35,13,Washington,Ensemble
2026-05-23,53,3,wk inc flu hosp,2026-06-13,quantile,0.4,14,Washington,Ensemble
2026-05-23,53,3,wk inc flu hosp,2026-06-13,quantile,0.45,15,Washington,Ensemble
2026-05-23,53,3,wk inc flu hosp,2026-06-13,quantile,0.5,17,Washington,Ensemble
2026-05-23,53,3,wk inc flu hosp,2026-06-13,quantile,0.55,18,Washington,Ensemble
2026-05-23,53,3,wk inc flu hosp,2026-06-13,quantile,0.6,19,Washington,Ensemble
2026-05-23,53,3,wk inc flu hosp,2026-06-13,quantile,0.65,21,Washington,Ensemble
2026-05-23,53,3,wk inc flu hosp,2026-06-13,quantile,0.7,23,Washington,Ensemble
2026-05-23,53,3,wk inc flu hosp,2026-06-13,quantile,0.75,25,Washington,Ensemble
2026-05-23,53,3,wk inc flu hosp,2026-06-13,quantile,0.8,27,Washington,Ensemble
2026-05-23,53,3,wk inc flu hosp,2026-06-13,quantile,0.85,30,Washington,Ensemble
2026-05-23,53,3,wk inc flu hosp,2026-06-13,quantile,0.9,34,Washington,Ensemble
2026-05-23,53,3,wk inc flu hosp,2026-06-13,quantile,0.95,43,Washington,Ensemble
2026-05-23,53,3,wk inc flu hosp,2026-06-13,quantile,0.975,54,Washington,Ensemble
2026-05-23,53,3,wk inc flu hosp,2026-06-13,quantile,0.99,70,Washington,Ensemble
2026-05-23,54,0,wk inc flu hosp,2026-05-23,quantile,0.01,0,West Virginia,Ensemble
2026-05-23,54,0,wk inc flu hosp,2026-05-23,quantile,0.025,0,West Virginia,Ensemble
2026-05-23,54,0,wk inc flu hosp,2026-05-23,quantile,0.05,0,West Virginia,Ensemble
2026-05-23,54,0,wk inc flu hosp,2026-05-23,quantile,0.1,0,West Virginia,Ensemble
2026-05-23,54,0,wk inc flu hosp,2026-05-23,quantile,0.15,1,West Virginia,Ensemble
2026-05-23,54,0,wk inc flu hosp,2026-05-23,quantile,0.2,1,West Virginia,Ensemble
2026-05-23,54,0,wk inc flu hosp,2026-05-23,quantile,0.25,1,West Virginia,Ensemble
2026-05-23,54,0,wk inc flu hosp,2026-05-23,quantile,0.3,2,West Virginia,Ensemble
2026-05-23,54,0,wk inc flu hosp,2026-05-23,quantile,0.35,2,West Virginia,Ensemble
2026-05-23,54,0,wk inc flu hosp,2026-05-23,quantile,0.4,2,West Virginia,Ensemble
2026-05-23,54,0,wk inc flu hosp,2026-05-23,quantile,0.45,3,West Virginia,Ensemble
2026-05-23,54,0,wk inc flu hosp,2026-05-23,quantile,0.5,4,West Virginia,Ensemble
2026-05-23,54,0,wk inc flu hosp,2026-05-23,quantile,0.55,4,West Virginia,Ensemble
2026-05-23,54,0,wk inc flu hosp,2026-05-23,quantile,0.6,5,West Virginia,Ensemble
2026-05-23,54,0,wk inc flu hosp,2026-05-23,quantile,0.65,5,West Virginia,Ensemble
2026-05-23,54,0,wk inc flu hosp,2026-05-23,quantile,0.7,5,West Virginia,Ensemble
2026-05-23,54,0,wk inc flu hosp,2026-05-23,quantile,0.75,6,West Virginia,Ensemble
2026-05-23,54,0,wk inc flu hosp,2026-05-23,quantile,0.8,7,West Virginia,Ensemble
2026-05-23,54,0,wk inc flu hosp,2026-05-23,quantile,0.85,7,West Virginia,Ensemble
2026-05-23,54,0,wk inc flu hosp,2026-05-23,quantile,0.9,9,West Virginia,Ensemble
2026-05-23,54,0,wk inc flu hosp,2026-05-23,quantile,0.95,13,West Virginia,Ensemble
2026-05-23,54,0,wk inc flu hosp,2026-05-23,quantile,0.975,17,West Virginia,Ensemble
2026-05-23,54,0,wk inc flu hosp,2026-05-23,quantile,0.99,23,West Virginia,Ensemble
2026-05-23,54,1,wk inc flu hosp,2026-05-30,quantile,0.01,0,West Virginia,Ensemble
2026-05-23,54,1,wk inc flu hosp,2026-05-30,quantile,0.025,0,West Virginia,Ensemble
2026-05-23,54,1,wk inc flu hosp,2026-05-30,quantile,0.05,0,West Virginia,Ensemble
2026-05-23,54,1,wk inc flu hosp,2026-05-30,quantile,0.1,0,West Virginia,Ensemble
2026-05-23,54,1,wk inc flu hosp,2026-05-30,quantile,0.15,0,West Virginia,Ensemble
2026-05-23,54,1,wk inc flu hosp,2026-05-30,quantile,0.2,1,West Virginia,Ensemble
2026-05-23,54,1,wk inc flu hosp,2026-05-30,quantile,0.25,1,West Virginia,Ensemble
2026-05-23,54,1,wk inc flu hosp,2026-05-30,quantile,0.3,1,West Virginia,Ensemble
2026-05-23,54,1,wk inc flu hosp,2026-05-30,quantile,0.35,1,West Virginia,Ensemble
2026-05-23,54,1,wk inc flu hosp,2026-05-30,quantile,0.4,2,West Virginia,Ensemble
2026-05-23,54,1,wk inc flu hosp,2026-05-30,quantile,0.45,2,West Virginia,Ensemble
2026-05-23,54,1,wk inc flu hosp,2026-05-30,quantile,0.5,3,West Virginia,Ensemble
2026-05-23,54,1,wk inc flu hosp,2026-05-30,quantile,0.55,3,West Virginia,Ensemble
2026-05-23,54,1,wk inc flu hosp,2026-05-30,quantile,0.6,4,West Virginia,Ensemble
2026-05-23,54,1,wk inc flu hosp,2026-05-30,quantile,0.65,4,West Virginia,Ensemble
2026-05-23,54,1,wk inc flu hosp,2026-05-30,quantile,0.7,5,West Virginia,Ensemble
2026-05-23,54,1,wk inc flu hosp,2026-05-30,quantile,0.75,5,West Virginia,Ensemble
2026-05-23,54,1,wk inc flu hosp,2026-05-30,quantile,0.8,6,West Virginia,Ensemble
2026-05-23,54,1,wk inc flu hosp,2026-05-30,quantile,0.85,7,West Virginia,Ensemble
2026-05-23,54,1,wk inc flu hosp,2026-05-30,quantile,0.9,9,West Virginia,Ensemble
2026-05-23,54,1,wk inc flu hosp,2026-05-30,quantile,0.95,13,West Virginia,Ensemble
2026-05-23,54,1,wk inc flu hosp,2026-05-30,quantile,0.975,17,West Virginia,Ensemble
2026-05-23,54,1,wk inc flu hosp,2026-05-30,quantile,0.99,23,West Virginia,Ensemble
2026-05-23,54,2,wk inc flu hosp,2026-06-06,quantile,0.01,0,West Virginia,Ensemble
2026-05-23,54,2,wk inc flu hosp,2026-06-06,quantile,0.025,0,West Virginia,Ensemble
2026-05-23,54,2,wk inc flu hosp,2026-06-06,quantile,0.05,0,West Virginia,Ensemble
2026-05-23,54,2,wk inc flu hosp,2026-06-06,quantile,0.1,0,West Virginia,Ensemble
2026-05-23,54,2,wk inc flu hosp,2026-06-06,quantile,0.15,0,West Virginia,Ensemble
2026-05-23,54,2,wk inc flu hosp,2026-06-06,quantile,0.2,0,West Virginia,Ensemble
2026-05-23,54,2,wk inc flu hosp,2026-06-06,quantile,0.25,1,West Virginia,Ensemble
2026-05-23,54,2,wk inc flu hosp,2026-06-06,quantile,0.3,1,West Virginia,Ensemble
2026-05-23,54,2,wk inc flu hosp,2026-06-06,quantile,0.35,1,West Virginia,Ensemble
2026-05-23,54,2,wk inc flu hosp,2026-06-06,quantile,0.4,1,West Virginia,Ensemble
2026-05-23,54,2,wk inc flu hosp,2026-06-06,quantile,0.45,2,West Virginia,Ensemble
2026-05-23,54,2,wk inc flu hosp,2026-06-06,quantile,0.5,3,West Virginia,Ensemble
2026-05-23,54,2,wk inc flu hosp,2026-06-06,quantile,0.55,3,West Virginia,Ensemble
2026-05-23,54,2,wk inc flu hosp,2026-06-06,quantile,0.6,3,West Virginia,Ensemble
2026-05-23,54,2,wk inc flu hosp,2026-06-06,quantile,0.65,4,West Virginia,Ensemble
2026-05-23,54,2,wk inc flu hosp,2026-06-06,quantile,0.7,4,West Virginia,Ensemble
2026-05-23,54,2,wk inc flu hosp,2026-06-06,quantile,0.75,5,West Virginia,Ensemble
2026-05-23,54,2,wk inc flu hosp,2026-06-06,quantile,0.8,6,West Virginia,Ensemble
2026-05-23,54,2,wk inc flu hosp,2026-06-06,quantile,0.85,7,West Virginia,Ensemble
2026-05-23,54,2,wk inc flu hosp,2026-06-06,quantile,0.9,8,West Virginia,Ensemble
2026-05-23,54,2,wk inc flu hosp,2026-06-06,quantile,0.95,12,West Virginia,Ensemble
2026-05-23,54,2,wk inc flu hosp,2026-06-06,quantile,0.975,16,West Virginia,Ensemble
2026-05-23,54,2,wk inc flu hosp,2026-06-06,quantile,0.99,23,West Virginia,Ensemble
2026-05-23,54,3,wk inc flu hosp,2026-06-13,quantile,0.01,0,West Virginia,Ensemble
2026-05-23,54,3,wk inc flu hosp,2026-06-13,quantile,0.025,0,West Virginia,Ensemble
2026-05-23,54,3,wk inc flu hosp,2026-06-13,quantile,0.05,0,West Virginia,Ensemble
2026-05-23,54,3,wk inc flu hosp,2026-06-13,quantile,0.1,0,West Virginia,Ensemble
2026-05-23,54,3,wk inc flu hosp,2026-06-13,quantile,0.15,0,West Virginia,Ensemble
2026-05-23,54,3,wk inc flu hosp,2026-06-13,quantile,0.2,0,West Virginia,Ensemble
2026-05-23,54,3,wk inc flu hosp,2026-06-13,quantile,0.25,0,West Virginia,Ensemble
2026-05-23,54,3,wk inc flu hosp,2026-06-13,quantile,0.3,1,West Virginia,Ensemble
2026-05-23,54,3,wk inc flu hosp,2026-06-13,quantile,0.35,1,West Virginia,Ensemble
2026-05-23,54,3,wk inc flu hosp,2026-06-13,quantile,0.4,1,West Virginia,Ensemble
2026-05-23,54,3,wk inc flu hosp,2026-06-13,quantile,0.45,1,West Virginia,Ensemble
2026-05-23,54,3,wk inc flu hosp,2026-06-13,quantile,0.5,3,West Virginia,Ensemble
2026-05-23,54,3,wk inc flu hosp,2026-06-13,quantile,0.55,3,West Virginia,Ensemble
2026-05-23,54,3,wk inc flu hosp,2026-06-13,quantile,0.6,3,West Virginia,Ensemble
2026-05-23,54,3,wk inc flu hosp,2026-06-13,quantile,0.65,4,West Virginia,Ensemble
2026-05-23,54,3,wk inc flu hosp,2026-06-13,quantile,0.7,4,West Virginia,Ensemble
2026-05-23,54,3,wk inc flu hosp,2026-06-13,quantile,0.75,5,West Virginia,Ensemble
2026-05-23,54,3,wk inc flu hosp,2026-06-13,quantile,0.8,6,West Virginia,Ensemble
2026-05-23,54,3,wk inc flu hosp,2026-06-13,quantile,0.85,8,West Virginia,Ensemble
2026-05-23,54,3,wk inc flu hosp,2026-06-13,quantile,0.9,10,West Virginia,Ensemble
2026-05-23,54,3,wk inc flu hosp,2026-06-13,quantile,0.95,15,West Virginia,Ensemble
2026-05-23,54,3,wk inc flu hosp,2026-06-13,quantile,0.975,21,West Virginia,Ensemble
2026-05-23,54,3,wk inc flu hosp,2026-06-13,quantile,0.99,30,West Virginia,Ensemble
2026-05-23,55,0,wk inc flu hosp,2026-05-23,quantile,0.01,0,Wisconsin,Ensemble
2026-05-23,55,0,wk inc flu hosp,2026-05-23,quantile,0.025,0,Wisconsin,Ensemble
2026-05-23,55,0,wk inc flu hosp,2026-05-23,quantile,0.05,1,Wisconsin,Ensemble
2026-05-23,55,0,wk inc flu hosp,2026-05-23,quantile,0.1,1,Wisconsin,Ensemble
2026-05-23,55,0,wk inc flu hosp,2026-05-23,quantile,0.15,2,Wisconsin,Ensemble
2026-05-23,55,0,wk inc flu hosp,2026-05-23,quantile,0.2,2,Wisconsin,Ensemble
2026-05-23,55,0,wk inc flu hosp,2026-05-23,quantile,0.25,3,Wisconsin,Ensemble
2026-05-23,55,0,wk inc flu hosp,2026-05-23,quantile,0.3,3,Wisconsin,Ensemble
2026-05-23,55,0,wk inc flu hosp,2026-05-23,quantile,0.35,4,Wisconsin,Ensemble
2026-05-23,55,0,wk inc flu hosp,2026-05-23,quantile,0.4,4,Wisconsin,Ensemble
2026-05-23,55,0,wk inc flu hosp,2026-05-23,quantile,0.45,5,Wisconsin,Ensemble
2026-05-23,55,0,wk inc flu hosp,2026-05-23,quantile,0.5,6,Wisconsin,Ensemble
2026-05-23,55,0,wk inc flu hosp,2026-05-23,quantile,0.55,7,Wisconsin,Ensemble
2026-05-23,55,0,wk inc flu hosp,2026-05-23,quantile,0.6,7,Wisconsin,Ensemble
2026-05-23,55,0,wk inc flu hosp,2026-05-23,quantile,0.65,8,Wisconsin,Ensemble
2026-05-23,55,0,wk inc flu hosp,2026-05-23,quantile,0.7,9,Wisconsin,Ensemble
2026-05-23,55,0,wk inc flu hosp,2026-05-23,quantile,0.75,10,Wisconsin,Ensemble
2026-05-23,55,0,wk inc flu hosp,2026-05-23,quantile,0.8,11,Wisconsin,Ensemble
2026-05-23,55,0,wk inc flu hosp,2026-05-23,quantile,0.85,12,Wisconsin,Ensemble
2026-05-23,55,0,wk inc flu hosp,2026-05-23,quantile,0.9,15,Wisconsin,Ensemble
2026-05-23,55,0,wk inc flu hosp,2026-05-23,quantile,0.95,20,Wisconsin,Ensemble
2026-05-23,55,0,wk inc flu hosp,2026-05-23,quantile,0.975,25,Wisconsin,Ensemble
2026-05-23,55,0,wk inc flu hosp,2026-05-23,quantile,0.99,34,Wisconsin,Ensemble
2026-05-23,55,1,wk inc flu hosp,2026-05-30,quantile,0.01,0,Wisconsin,Ensemble
2026-05-23,55,1,wk inc flu hosp,2026-05-30,quantile,0.025,0,Wisconsin,Ensemble
2026-05-23,55,1,wk inc flu hosp,2026-05-30,quantile,0.05,1,Wisconsin,Ensemble
2026-05-23,55,1,wk inc flu hosp,2026-05-30,quantile,0.1,1,Wisconsin,Ensemble
2026-05-23,55,1,wk inc flu hosp,2026-05-30,quantile,0.15,2,Wisconsin,Ensemble
2026-05-23,55,1,wk inc flu hosp,2026-05-30,quantile,0.2,2,Wisconsin,Ensemble
2026-05-23,55,1,wk inc flu hosp,2026-05-30,quantile,0.25,2,Wisconsin,Ensemble
2026-05-23,55,1,wk inc flu hosp,2026-05-30,quantile,0.3,3,Wisconsin,Ensemble
2026-05-23,55,1,wk inc flu hosp,2026-05-30,quantile,0.35,3,Wisconsin,Ensemble
2026-05-23,55,1,wk inc flu hosp,2026-05-30,quantile,0.4,4,Wisconsin,Ensemble
2026-05-23,55,1,wk inc flu hosp,2026-05-30,quantile,0.45,4,Wisconsin,Ensemble
2026-05-23,55,1,wk inc flu hosp,2026-05-30,quantile,0.5,6,Wisconsin,Ensemble
2026-05-23,55,1,wk inc flu hosp,2026-05-30,quantile,0.55,6,Wisconsin,Ensemble
2026-05-23,55,1,wk inc flu hosp,2026-05-30,quantile,0.6,7,Wisconsin,Ensemble
2026-05-23,55,1,wk inc flu hosp,2026-05-30,quantile,0.65,7,Wisconsin,Ensemble
2026-05-23,55,1,wk inc flu hosp,2026-05-30,quantile,0.7,8,Wisconsin,Ensemble
2026-05-23,55,1,wk inc flu hosp,2026-05-30,quantile,0.75,9,Wisconsin,Ensemble
2026-05-23,55,1,wk inc flu hosp,2026-05-30,quantile,0.8,11,Wisconsin,Ensemble
2026-05-23,55,1,wk inc flu hosp,2026-05-30,quantile,0.85,14,Wisconsin,Ensemble
2026-05-23,55,1,wk inc flu hosp,2026-05-30,quantile,0.9,17,Wisconsin,Ensemble
2026-05-23,55,1,wk inc flu hosp,2026-05-30,quantile,0.95,25,Wisconsin,Ensemble
2026-05-23,55,1,wk inc flu hosp,2026-05-30,quantile,0.975,33,Wisconsin,Ensemble
2026-05-23,55,1,wk inc flu hosp,2026-05-30,quantile,0.99,45,Wisconsin,Ensemble
2026-05-23,55,2,wk inc flu hosp,2026-06-06,quantile,0.01,0,Wisconsin,Ensemble
2026-05-23,55,2,wk inc flu hosp,2026-06-06,quantile,0.025,0,Wisconsin,Ensemble
2026-05-23,55,2,wk inc flu hosp,2026-06-06,quantile,0.05,0,Wisconsin,Ensemble
2026-05-23,55,2,wk inc flu hosp,2026-06-06,quantile,0.1,1,Wisconsin,Ensemble
2026-05-23,55,2,wk inc flu hosp,2026-06-06,quantile,0.15,2,Wisconsin,Ensemble
2026-05-23,55,2,wk inc flu hosp,2026-06-06,quantile,0.2,2,Wisconsin,Ensemble
2026-05-23,55,2,wk inc flu hosp,2026-06-06,quantile,0.25,2,Wisconsin,Ensemble
2026-05-23,55,2,wk inc flu hosp,2026-06-06,quantile,0.3,3,Wisconsin,Ensemble
2026-05-23,55,2,wk inc flu hosp,2026-06-06,quantile,0.35,3,Wisconsin,Ensemble
2026-05-23,55,2,wk inc flu hosp,2026-06-06,quantile,0.4,3,Wisconsin,Ensemble
2026-05-23,55,2,wk inc flu hosp,2026-06-06,quantile,0.45,4,Wisconsin,Ensemble
2026-05-23,55,2,wk inc flu hosp,2026-06-06,quantile,0.5,5,Wisconsin,Ensemble
2026-05-23,55,2,wk inc flu hosp,2026-06-06,quantile,0.55,6,Wisconsin,Ensemble
2026-05-23,55,2,wk inc flu hosp,2026-06-06,quantile,0.6,6,Wisconsin,Ensemble
2026-05-23,55,2,wk inc flu hosp,2026-06-06,quantile,0.65,7,Wisconsin,Ensemble
2026-05-23,55,2,wk inc flu hosp,2026-06-06,quantile,0.7,8,Wisconsin,Ensemble
2026-05-23,55,2,wk inc flu hosp,2026-06-06,quantile,0.75,9,Wisconsin,Ensemble
2026-05-23,55,2,wk inc flu hosp,2026-06-06,quantile,0.8,11,Wisconsin,Ensemble
2026-05-23,55,2,wk inc flu hosp,2026-06-06,quantile,0.85,14,Wisconsin,Ensemble
2026-05-23,55,2,wk inc flu hosp,2026-06-06,quantile,0.9,19,Wisconsin,Ensemble
2026-05-23,55,2,wk inc flu hosp,2026-06-06,quantile,0.95,30,Wisconsin,Ensemble
2026-05-23,55,2,wk inc flu hosp,2026-06-06,quantile,0.975,42,Wisconsin,Ensemble
2026-05-23,55,2,wk inc flu hosp,2026-06-06,quantile,0.99,60,Wisconsin,Ensemble
2026-05-23,55,3,wk inc flu hosp,2026-06-13,quantile,0.01,0,Wisconsin,Ensemble
2026-05-23,55,3,wk inc flu hosp,2026-06-13,quantile,0.025,0,Wisconsin,Ensemble
2026-05-23,55,3,wk inc flu hosp,2026-06-13,quantile,0.05,0,Wisconsin,Ensemble
2026-05-23,55,3,wk inc flu hosp,2026-06-13,quantile,0.1,1,Wisconsin,Ensemble
2026-05-23,55,3,wk inc flu hosp,2026-06-13,quantile,0.15,1,Wisconsin,Ensemble
2026-05-23,55,3,wk inc flu hosp,2026-06-13,quantile,0.2,1,Wisconsin,Ensemble
2026-05-23,55,3,wk inc flu hosp,2026-06-13,quantile,0.25,2,Wisconsin,Ensemble
2026-05-23,55,3,wk inc flu hosp,2026-06-13,quantile,0.3,2,Wisconsin,Ensemble
2026-05-23,55,3,wk inc flu hosp,2026-06-13,quantile,0.35,3,Wisconsin,Ensemble
2026-05-23,55,3,wk inc flu hosp,2026-06-13,quantile,0.4,3,Wisconsin,Ensemble
2026-05-23,55,3,wk inc flu hosp,2026-06-13,quantile,0.45,4,Wisconsin,Ensemble
2026-05-23,55,3,wk inc flu hosp,2026-06-13,quantile,0.5,5,Wisconsin,Ensemble
2026-05-23,55,3,wk inc flu hosp,2026-06-13,quantile,0.55,6,Wisconsin,Ensemble
2026-05-23,55,3,wk inc flu hosp,2026-06-13,quantile,0.6,6,Wisconsin,Ensemble
2026-05-23,55,3,wk inc flu hosp,2026-06-13,quantile,0.65,7,Wisconsin,Ensemble
2026-05-23,55,3,wk inc flu hosp,2026-06-13,quantile,0.7,8,Wisconsin,Ensemble
2026-05-23,55,3,wk inc flu hosp,2026-06-13,quantile,0.75,9,Wisconsin,Ensemble
2026-05-23,55,3,wk inc flu hosp,2026-06-13,quantile,0.8,11,Wisconsin,Ensemble
2026-05-23,55,3,wk inc flu hosp,2026-06-13,quantile,0.85,14,Wisconsin,Ensemble
2026-05-23,55,3,wk inc flu hosp,2026-06-13,quantile,0.9,19,Wisconsin,Ensemble
2026-05-23,55,3,wk inc flu hosp,2026-06-13,quantile,0.95,30,Wisconsin,Ensemble
2026-05-23,55,3,wk inc flu hosp,2026-06-13,quantile,0.975,43,Wisconsin,Ensemble
2026-05-23,55,3,wk inc flu hosp,2026-06-13,quantile,0.99,59,Wisconsin,Ensemble
2026-05-23,56,0,wk inc flu hosp,2026-05-23,quantile,0.01,0,Wyoming,Ensemble
2026-05-23,56,0,wk inc flu hosp,2026-05-23,quantile,0.025,0,Wyoming,Ensemble
2026-05-23,56,0,wk inc flu hosp,2026-05-23,quantile,0.05,1,Wyoming,Ensemble
2026-05-23,56,0,wk inc flu hosp,2026-05-23,quantile,0.1,1,Wyoming,Ensemble
2026-05-23,56,0,wk inc flu hosp,2026-05-23,quantile,0.15,1,Wyoming,Ensemble
2026-05-23,56,0,wk inc flu hosp,2026-05-23,quantile,0.2,2,Wyoming,Ensemble
2026-05-23,56,0,wk inc flu hosp,2026-05-23,quantile,0.25,2,Wyoming,Ensemble
2026-05-23,56,0,wk inc flu hosp,2026-05-23,quantile,0.3,2,Wyoming,Ensemble
2026-05-23,56,0,wk inc flu hosp,2026-05-23,quantile,0.35,3,Wyoming,Ensemble
2026-05-23,56,0,wk inc flu hosp,2026-05-23,quantile,0.4,3,Wyoming,Ensemble
2026-05-23,56,0,wk inc flu hosp,2026-05-23,quantile,0.45,3,Wyoming,Ensemble
2026-05-23,56,0,wk inc flu hosp,2026-05-23,quantile,0.5,5,Wyoming,Ensemble
2026-05-23,56,0,wk inc flu hosp,2026-05-23,quantile,0.55,5,Wyoming,Ensemble
2026-05-23,56,0,wk inc flu hosp,2026-05-23,quantile,0.6,6,Wyoming,Ensemble
2026-05-23,56,0,wk inc flu hosp,2026-05-23,quantile,0.65,6,Wyoming,Ensemble
2026-05-23,56,0,wk inc flu hosp,2026-05-23,quantile,0.7,7,Wyoming,Ensemble
2026-05-23,56,0,wk inc flu hosp,2026-05-23,quantile,0.75,7,Wyoming,Ensemble
2026-05-23,56,0,wk inc flu hosp,2026-05-23,quantile,0.8,8,Wyoming,Ensemble
2026-05-23,56,0,wk inc flu hosp,2026-05-23,quantile,0.85,9,Wyoming,Ensemble
2026-05-23,56,0,wk inc flu hosp,2026-05-23,quantile,0.9,10,Wyoming,Ensemble
2026-05-23,56,0,wk inc flu hosp,2026-05-23,quantile,0.95,13,Wyoming,Ensemble
2026-05-23,56,0,wk inc flu hosp,2026-05-23,quantile,0.975,17,Wyoming,Ensemble
2026-05-23,56,0,wk inc flu hosp,2026-05-23,quantile,0.99,23,Wyoming,Ensemble
2026-05-23,56,1,wk inc flu hosp,2026-05-30,quantile,0.01,0,Wyoming,Ensemble
2026-05-23,56,1,wk inc flu hosp,2026-05-30,quantile,0.025,0,Wyoming,Ensemble
2026-05-23,56,1,wk inc flu hosp,2026-05-30,quantile,0.05,0,Wyoming,Ensemble
2026-05-23,56,1,wk inc flu hosp,2026-05-30,quantile,0.1,1,Wyoming,Ensemble
2026-05-23,56,1,wk inc flu hosp,2026-05-30,quantile,0.15,1,Wyoming,Ensemble
2026-05-23,56,1,wk inc flu hosp,2026-05-30,quantile,0.2,1,Wyoming,Ensemble
2026-05-23,56,1,wk inc flu hosp,2026-05-30,quantile,0.25,1,Wyoming,Ensemble
2026-05-23,56,1,wk inc flu hosp,2026-05-30,quantile,0.3,2,Wyoming,Ensemble
2026-05-23,56,1,wk inc flu hosp,2026-05-30,quantile,0.35,2,Wyoming,Ensemble
2026-05-23,56,1,wk inc flu hosp,2026-05-30,quantile,0.4,3,Wyoming,Ensemble
2026-05-23,56,1,wk inc flu hosp,2026-05-30,quantile,0.45,3,Wyoming,Ensemble
2026-05-23,56,1,wk inc flu hosp,2026-05-30,quantile,0.5,4,Wyoming,Ensemble
2026-05-23,56,1,wk inc flu hosp,2026-05-30,quantile,0.55,5,Wyoming,Ensemble
2026-05-23,56,1,wk inc flu hosp,2026-05-30,quantile,0.6,5,Wyoming,Ensemble
2026-05-23,56,1,wk inc flu hosp,2026-05-30,quantile,0.65,6,Wyoming,Ensemble
2026-05-23,56,1,wk inc flu hosp,2026-05-30,quantile,0.7,6,Wyoming,Ensemble
2026-05-23,56,1,wk inc flu hosp,2026-05-30,quantile,0.75,7,Wyoming,Ensemble
2026-05-23,56,1,wk inc flu hosp,2026-05-30,quantile,0.8,8,Wyoming,Ensemble
2026-05-23,56,1,wk inc flu hosp,2026-05-30,quantile,0.85,9,Wyoming,Ensemble
2026-05-23,56,1,wk inc flu hosp,2026-05-30,quantile,0.9,10,Wyoming,Ensemble
2026-05-23,56,1,wk inc flu hosp,2026-05-30,quantile,0.95,14,Wyoming,Ensemble
2026-05-23,56,1,wk inc flu hosp,2026-05-30,quantile,0.975,18,Wyoming,Ensemble
2026-05-23,56,1,wk inc flu hosp,2026-05-30,quantile,0.99,25,Wyoming,Ensemble
2026-05-23,56,2,wk inc flu hosp,2026-06-06,quantile,0.01,0,Wyoming,Ensemble
2026-05-23,56,2,wk inc flu hosp,2026-06-06,quantile,0.025,0,Wyoming,Ensemble
2026-05-23,56,2,wk inc flu hosp,2026-06-06,quantile,0.05,0,Wyoming,Ensemble
2026-05-23,56,2,wk inc flu hosp,2026-06-06,quantile,0.1,0,Wyoming,Ensemble
2026-05-23,56,2,wk inc flu hosp,2026-06-06,quantile,0.15,1,Wyoming,Ensemble
2026-05-23,56,2,wk inc flu hosp,2026-06-06,quantile,0.2,1,Wyoming,Ensemble
2026-05-23,56,2,wk inc flu hosp,2026-06-06,quantile,0.25,1,Wyoming,Ensemble
2026-05-23,56,2,wk inc flu hosp,2026-06-06,quantile,0.3,1,Wyoming,Ensemble
2026-05-23,56,2,wk inc flu hosp,2026-06-06,quantile,0.35,2,Wyoming,Ensemble
2026-05-23,56,2,wk inc flu hosp,2026-06-06,quantile,0.4,2,Wyoming,Ensemble
2026-05-23,56,2,wk inc flu hosp,2026-06-06,quantile,0.45,2,Wyoming,Ensemble
2026-05-23,56,2,wk inc flu hosp,2026-06-06,quantile,0.5,4,Wyoming,Ensemble
2026-05-23,56,2,wk inc flu hosp,2026-06-06,quantile,0.55,4,Wyoming,Ensemble
2026-05-23,56,2,wk inc flu hosp,2026-06-06,quantile,0.6,4,Wyoming,Ensemble
2026-05-23,56,2,wk inc flu hosp,2026-06-06,quantile,0.65,5,Wyoming,Ensemble
2026-05-23,56,2,wk inc flu hosp,2026-06-06,quantile,0.7,6,Wyoming,Ensemble
2026-05-23,56,2,wk inc flu hosp,2026-06-06,quantile,0.75,6,Wyoming,Ensemble
2026-05-23,56,2,wk inc flu hosp,2026-06-06,quantile,0.8,7,Wyoming,Ensemble
2026-05-23,56,2,wk inc flu hosp,2026-06-06,quantile,0.85,9,Wyoming,Ensemble
2026-05-23,56,2,wk inc flu hosp,2026-06-06,quantile,0.9,11,Wyoming,Ensemble
2026-05-23,56,2,wk inc flu hosp,2026-06-06,quantile,0.95,15,Wyoming,Ensemble
2026-05-23,56,2,wk inc flu hosp,2026-06-06,quantile,0.975,19,Wyoming,Ensemble
2026-05-23,56,2,wk inc flu hosp,2026-06-06,quantile,0.99,27,Wyoming,Ensemble
2026-05-23,56,3,wk inc flu hosp,2026-06-13,quantile,0.01,0,Wyoming,Ensemble
2026-05-23,56,3,wk inc flu hosp,2026-06-13,quantile,0.025,0,Wyoming,Ensemble
2026-05-23,56,3,wk inc flu hosp,2026-06-13,quantile,0.05,0,Wyoming,Ensemble
2026-05-23,56,3,wk inc flu hosp,2026-06-13,quantile,0.1,0,Wyoming,Ensemble
2026-05-23,56,3,wk inc flu hosp,2026-06-13,quantile,0.15,0,Wyoming,Ensemble
2026-05-23,56,3,wk inc flu hosp,2026-06-13,quantile,0.2,1,Wyoming,Ensemble
2026-05-23,56,3,wk inc flu hosp,2026-06-13,quantile,0.25,1,Wyoming,Ensemble
2026-05-23,56,3,wk inc flu hosp,2026-06-13,quantile,0.3,1,Wyoming,Ensemble
2026-05-23,56,3,wk inc flu hosp,2026-06-13,quantile,0.35,1,Wyoming,Ensemble
2026-05-23,56,3,wk inc flu hosp,2026-06-13,quantile,0.4,2,Wyoming,Ensemble
2026-05-23,56,3,wk inc flu hosp,2026-06-13,quantile,0.45,2,Wyoming,Ensemble
2026-05-23,56,3,wk inc flu hosp,2026-06-13,quantile,0.5,3,Wyoming,Ensemble
2026-05-23,56,3,wk inc flu hosp,2026-06-13,quantile,0.55,4,Wyoming,Ensemble
2026-05-23,56,3,wk inc flu hosp,2026-06-13,quantile,0.6,4,Wyoming,Ensemble
2026-05-23,56,3,wk inc flu hosp,2026-06-13,quantile,0.65,5,Wyoming,Ensemble
2026-05-23,56,3,wk inc flu hosp,2026-06-13,quantile,0.7,5,Wyoming,Ensemble
2026-05-23,56,3,wk inc flu hosp,2026-06-13,quantile,0.75,6,Wyoming,Ensemble
2026-05-23,56,3,wk inc flu hosp,2026-06-13,quantile,0.8,7,Wyoming,Ensemble
2026-05-23,56,3,wk inc flu hosp,2026-06-13,quantile,0.85,8,Wyoming,Ensemble
2026-05-23,56,3,wk inc flu hosp,2026-06-13,quantile,0.9,10,Wyoming,Ensemble
2026-05-23,56,3,wk inc flu hosp,2026-06-13,quantile,0.95,15,Wyoming,Ensemble
2026-05-23,56,3,wk inc flu hosp,2026-06-13,quantile,0.975,20,Wyoming,Ensemble
2026-05-23,56,3,wk inc flu hosp,2026-06-13,quantile,0.99,30,Wyoming,Ensemble
2026-05-23,72,0,wk inc flu hosp,2026-05-23,quantile,0.01,26,Puerto Rico,Ensemble
2026-05-23,72,0,wk inc flu hosp,2026-05-23,quantile,0.025,31,Puerto Rico,Ensemble
2026-05-23,72,0,wk inc flu hosp,2026-05-23,quantile,0.05,36,Puerto Rico,Ensemble
2026-05-23,72,0,wk inc flu hosp,2026-05-23,quantile,0.1,42,Puerto Rico,Ensemble
2026-05-23,72,0,wk inc flu hosp,2026-05-23,quantile,0.15,47,Puerto Rico,Ensemble
2026-05-23,72,0,wk inc flu hosp,2026-05-23,quantile,0.2,51,Puerto Rico,Ensemble
2026-05-23,72,0,wk inc flu hosp,2026-05-23,quantile,0.25,55,Puerto Rico,Ensemble
2026-05-23,72,0,wk inc flu hosp,2026-05-23,quantile,0.3,58,Puerto Rico,Ensemble
2026-05-23,72,0,wk inc flu hosp,2026-05-23,quantile,0.35,61,Puerto Rico,Ensemble
2026-05-23,72,0,wk inc flu hosp,2026-05-23,quantile,0.4,65,Puerto Rico,Ensemble
2026-05-23,72,0,wk inc flu hosp,2026-05-23,quantile,0.45,68,Puerto Rico,Ensemble
2026-05-23,72,0,wk inc flu hosp,2026-05-23,quantile,0.5,73,Puerto Rico,Ensemble
2026-05-23,72,0,wk inc flu hosp,2026-05-23,quantile,0.55,77,Puerto Rico,Ensemble
2026-05-23,72,0,wk inc flu hosp,2026-05-23,quantile,0.6,80,Puerto Rico,Ensemble
2026-05-23,72,0,wk inc flu hosp,2026-05-23,quantile,0.65,85,Puerto Rico,Ensemble
2026-05-23,72,0,wk inc flu hosp,2026-05-23,quantile,0.7,89,Puerto Rico,Ensemble
2026-05-23,72,0,wk inc flu hosp,2026-05-23,quantile,0.75,94,Puerto Rico,Ensemble
2026-05-23,72,0,wk inc flu hosp,2026-05-23,quantile,0.8,100,Puerto Rico,Ensemble
2026-05-23,72,0,wk inc flu hosp,2026-05-23,quantile,0.85,107,Puerto Rico,Ensemble
2026-05-23,72,0,wk inc flu hosp,2026-05-23,quantile,0.9,116,Puerto Rico,Ensemble
2026-05-23,72,0,wk inc flu hosp,2026-05-23,quantile,0.95,131,Puerto Rico,Ensemble
2026-05-23,72,0,wk inc flu hosp,2026-05-23,quantile,0.975,146,Puerto Rico,Ensemble
2026-05-23,72,0,wk inc flu hosp,2026-05-23,quantile,0.99,166,Puerto Rico,Ensemble
2026-05-23,72,1,wk inc flu hosp,2026-05-30,quantile,0.01,20,Puerto Rico,Ensemble
2026-05-23,72,1,wk inc flu hosp,2026-05-30,quantile,0.025,24,Puerto Rico,Ensemble
2026-05-23,72,1,wk inc flu hosp,2026-05-30,quantile,0.05,29,Puerto Rico,Ensemble
2026-05-23,72,1,wk inc flu hosp,2026-05-30,quantile,0.1,36,Puerto Rico,Ensemble
2026-05-23,72,1,wk inc flu hosp,2026-05-30,quantile,0.15,40,Puerto Rico,Ensemble
2026-05-23,72,1,wk inc flu hosp,2026-05-30,quantile,0.2,44,Puerto Rico,Ensemble
2026-05-23,72,1,wk inc flu hosp,2026-05-30,quantile,0.25,48,Puerto Rico,Ensemble
2026-05-23,72,1,wk inc flu hosp,2026-05-30,quantile,0.3,52,Puerto Rico,Ensemble
2026-05-23,72,1,wk inc flu hosp,2026-05-30,quantile,0.35,55,Puerto Rico,Ensemble
2026-05-23,72,1,wk inc flu hosp,2026-05-30,quantile,0.4,59,Puerto Rico,Ensemble
2026-05-23,72,1,wk inc flu hosp,2026-05-30,quantile,0.45,63,Puerto Rico,Ensemble
2026-05-23,72,1,wk inc flu hosp,2026-05-30,quantile,0.5,67,Puerto Rico,Ensemble
2026-05-23,72,1,wk inc flu hosp,2026-05-30,quantile,0.55,72,Puerto Rico,Ensemble
2026-05-23,72,1,wk inc flu hosp,2026-05-30,quantile,0.6,76,Puerto Rico,Ensemble
2026-05-23,72,1,wk inc flu hosp,2026-05-30,quantile,0.65,81,Puerto Rico,Ensemble
2026-05-23,72,1,wk inc flu hosp,2026-05-30,quantile,0.7,86,Puerto Rico,Ensemble
2026-05-23,72,1,wk inc flu hosp,2026-05-30,quantile,0.75,92,Puerto Rico,Ensemble
2026-05-23,72,1,wk inc flu hosp,2026-05-30,quantile,0.8,99,Puerto Rico,Ensemble
2026-05-23,72,1,wk inc flu hosp,2026-05-30,quantile,0.85,107,Puerto Rico,Ensemble
2026-05-23,72,1,wk inc flu hosp,2026-05-30,quantile,0.9,119,Puerto Rico,Ensemble
2026-05-23,72,1,wk inc flu hosp,2026-05-30,quantile,0.95,137,Puerto Rico,Ensemble
2026-05-23,72,1,wk inc flu hosp,2026-05-30,quantile,0.975,157,Puerto Rico,Ensemble
2026-05-23,72,1,wk inc flu hosp,2026-05-30,quantile,0.99,182,Puerto Rico,Ensemble
2026-05-23,72,2,wk inc flu hosp,2026-06-06,quantile,0.01,17,Puerto Rico,Ensemble
2026-05-23,72,2,wk inc flu hosp,2026-06-06,quantile,0.025,20,Puerto Rico,Ensemble
2026-05-23,72,2,wk inc flu hosp,2026-06-06,quantile,0.05,24,Puerto Rico,Ensemble
2026-05-23,72,2,wk inc flu hosp,2026-06-06,quantile,0.1,30,Puerto Rico,Ensemble
2026-05-23,72,2,wk inc flu hosp,2026-06-06,quantile,0.15,35,Puerto Rico,Ensemble
2026-05-23,72,2,wk inc flu hosp,2026-06-06,quantile,0.2,39,Puerto Rico,Ensemble
2026-05-23,72,2,wk inc flu hosp,2026-06-06,quantile,0.25,42,Puerto Rico,Ensemble
2026-05-23,72,2,wk inc flu hosp,2026-06-06,quantile,0.3,46,Puerto Rico,Ensemble
2026-05-23,72,2,wk inc flu hosp,2026-06-06,quantile,0.35,49,Puerto Rico,Ensemble
2026-05-23,72,2,wk inc flu hosp,2026-06-06,quantile,0.4,53,Puerto Rico,Ensemble
2026-05-23,72,2,wk inc flu hosp,2026-06-06,quantile,0.45,57,Puerto Rico,Ensemble
2026-05-23,72,2,wk inc flu hosp,2026-06-06,quantile,0.5,62,Puerto Rico,Ensemble
2026-05-23,72,2,wk inc flu hosp,2026-06-06,quantile,0.55,66,Puerto Rico,Ensemble
2026-05-23,72,2,wk inc flu hosp,2026-06-06,quantile,0.6,70,Puerto Rico,Ensemble
2026-05-23,72,2,wk inc flu hosp,2026-06-06,quantile,0.65,76,Puerto Rico,Ensemble
2026-05-23,72,2,wk inc flu hosp,2026-06-06,quantile,0.7,81,Puerto Rico,Ensemble
2026-05-23,72,2,wk inc flu hosp,2026-06-06,quantile,0.75,88,Puerto Rico,Ensemble
2026-05-23,72,2,wk inc flu hosp,2026-06-06,quantile,0.8,95,Puerto Rico,Ensemble
2026-05-23,72,2,wk inc flu hosp,2026-06-06,quantile,0.85,105,Puerto Rico,Ensemble
2026-05-23,72,2,wk inc flu hosp,2026-06-06,quantile,0.9,117,Puerto Rico,Ensemble
2026-05-23,72,2,wk inc flu hosp,2026-06-06,quantile,0.95,139,Puerto Rico,Ensemble
2026-05-23,72,2,wk inc flu hosp,2026-06-06,quantile,0.975,161,Puerto Rico,Ensemble
2026-05-23,72,2,wk inc flu hosp,2026-06-06,quantile,0.99,193,Puerto Rico,Ensemble
2026-05-23,72,3,wk inc flu hosp,2026-06-13,quantile,0.01,14,Puerto Rico,Ensemble
2026-05-23,72,3,wk inc flu hosp,2026-06-13,quantile,0.025,18,Puerto Rico,Ensemble
2026-05-23,72,3,wk inc flu hosp,2026-06-13,quantile,0.05,21,Puerto Rico,Ensemble
2026-05-23,72,3,wk inc flu hosp,2026-06-13,quantile,0.1,26,Puerto Rico,Ensemble
2026-05-23,72,3,wk inc flu hosp,2026-06-13,quantile,0.15,30,Puerto Rico,Ensemble
2026-05-23,72,3,wk inc flu hosp,2026-06-13,quantile,0.2,34,Puerto Rico,Ensemble
2026-05-23,72,3,wk inc flu hosp,2026-06-13,quantile,0.25,38,Puerto Rico,Ensemble
2026-05-23,72,3,wk inc flu hosp,2026-06-13,quantile,0.3,41,Puerto Rico,Ensemble
2026-05-23,72,3,wk inc flu hosp,2026-06-13,quantile,0.35,45,Puerto Rico,Ensemble
2026-05-23,72,3,wk inc flu hosp,2026-06-13,quantile,0.4,48,Puerto Rico,Ensemble
2026-05-23,72,3,wk inc flu hosp,2026-06-13,quantile,0.45,52,Puerto Rico,Ensemble
2026-05-23,72,3,wk inc flu hosp,2026-06-13,quantile,0.5,57,Puerto Rico,Ensemble
2026-05-23,72,3,wk inc flu hosp,2026-06-13,quantile,0.55,61,Puerto Rico,Ensemble
2026-05-23,72,3,wk inc flu hosp,2026-06-13,quantile,0.6,66,Puerto Rico,Ensemble
2026-05-23,72,3,wk inc flu hosp,2026-06-13,quantile,0.65,71,Puerto Rico,Ensemble
2026-05-23,72,3,wk inc flu hosp,2026-06-13,quantile,0.7,77,Puerto Rico,Ensemble
2026-05-23,72,3,wk inc flu hosp,2026-06-13,quantile,0.75,84,Puerto Rico,Ensemble
2026-05-23,72,3,wk inc flu hosp,2026-06-13,quantile,0.8,92,Puerto Rico,Ensemble
2026-05-23,72,3,wk inc flu hosp,2026-06-13,quantile,0.85,102,Puerto Rico,Ensemble
2026-05-23,72,3,wk inc flu hosp,2026-06-13,quantile,0.9,117,Puerto Rico,Ensemble
2026-05-23,72,3,wk inc flu hosp,2026-06-13,quantile,0.95,141,Puerto Rico,Ensemble
2026-05-23,72,3,wk inc flu hosp,2026-06-13,quantile,0.975,167,Puerto Rico,Ensemble
2026-05-23,72,3,wk inc flu hosp,2026-06-13,quantile,0.99,207,Puerto Rico,Ensemble
2026-05-23,US,0,wk inc flu hosp,2026-05-23,quantile,0.01,475,US,Ensemble
2026-05-23,US,0,wk inc flu hosp,2026-05-23,quantile,0.025,554,US,Ensemble
2026-05-23,US,0,wk inc flu hosp,2026-05-23,quantile,0.05,643,US,Ensemble
2026-05-23,US,0,wk inc flu hosp,2026-05-23,quantile,0.1,746,US,Ensemble
2026-05-23,US,0,wk inc flu hosp,2026-05-23,quantile,0.15,816,US,Ensemble
2026-05-23,US,0,wk inc flu hosp,2026-05-23,quantile,0.2,870,US,Ensemble
2026-05-23,US,0,wk inc flu hosp,2026-05-23,quantile,0.25,919,US,Ensemble
2026-05-23,US,0,wk inc flu hosp,2026-05-23,quantile,0.3,965,US,Ensemble
2026-05-23,US,0,wk inc flu hosp,2026-05-23,quantile,0.35,1012,US,Ensemble
2026-05-23,US,0,wk inc flu hosp,2026-05-23,quantile,0.4,1051,US,Ensemble
2026-05-23,US,0,wk inc flu hosp,2026-05-23,quantile,0.45,1088,US,Ensemble
2026-05-23,US,0,wk inc flu hosp,2026-05-23,quantile,0.5,1129,US,Ensemble
2026-05-23,US,0,wk inc flu hosp,2026-05-23,quantile,0.55,1168,US,Ensemble
2026-05-23,US,0,wk inc flu hosp,2026-05-23,quantile,0.6,1206,US,Ensemble
2026-05-23,US,0,wk inc flu hosp,2026-05-23,quantile,0.65,1251,US,Ensemble
2026-05-23,US,0,wk inc flu hosp,2026-05-23,quantile,0.7,1303,US,Ensemble
2026-05-23,US,0,wk inc flu hosp,2026-05-23,quantile,0.75,1360,US,Ensemble
2026-05-23,US,0,wk inc flu hosp,2026-05-23,quantile,0.8,1422,US,Ensemble
2026-05-23,US,0,wk inc flu hosp,2026-05-23,quantile,0.85,1501,US,Ensemble
2026-05-23,US,0,wk inc flu hosp,2026-05-23,quantile,0.9,1616,US,Ensemble
2026-05-23,US,0,wk inc flu hosp,2026-05-23,quantile,0.95,1816,US,Ensemble
2026-05-23,US,0,wk inc flu hosp,2026-05-23,quantile,0.975,2019,US,Ensemble
2026-05-23,US,0,wk inc flu hosp,2026-05-23,quantile,0.99,2317,US,Ensemble
2026-05-23,US,1,wk inc flu hosp,2026-05-30,quantile,0.01,378,US,Ensemble
2026-05-23,US,1,wk inc flu hosp,2026-05-30,quantile,0.025,449,US,Ensemble
2026-05-23,US,1,wk inc flu hosp,2026-05-30,quantile,0.05,521,US,Ensemble
2026-05-23,US,1,wk inc flu hosp,2026-05-30,quantile,0.1,626,US,Ensemble
2026-05-23,US,1,wk inc flu hosp,2026-05-30,quantile,0.15,698,US,Ensemble
2026-05-23,US,1,wk inc flu hosp,2026-05-30,quantile,0.2,758,US,Ensemble
2026-05-23,US,1,wk inc flu hosp,2026-05-30,quantile,0.25,806,US,Ensemble
2026-05-23,US,1,wk inc flu hosp,2026-05-30,quantile,0.3,856,US,Ensemble
2026-05-23,US,1,wk inc flu hosp,2026-05-30,quantile,0.35,901,US,Ensemble
2026-05-23,US,1,wk inc flu hosp,2026-05-30,quantile,0.4,944,US,Ensemble
2026-05-23,US,1,wk inc flu hosp,2026-05-30,quantile,0.45,986,US,Ensemble
2026-05-23,US,1,wk inc flu hosp,2026-05-30,quantile,0.5,1032,US,Ensemble
2026-05-23,US,1,wk inc flu hosp,2026-05-30,quantile,0.55,1076,US,Ensemble
2026-05-23,US,1,wk inc flu hosp,2026-05-30,quantile,0.6,1120,US,Ensemble
2026-05-23,US,1,wk inc flu hosp,2026-05-30,quantile,0.65,1172,US,Ensemble
2026-05-23,US,1,wk inc flu hosp,2026-05-30,quantile,0.7,1229,US,Ensemble
2026-05-23,US,1,wk inc flu hosp,2026-05-30,quantile,0.75,1301,US,Ensemble
2026-05-23,US,1,wk inc flu hosp,2026-05-30,quantile,0.8,1385,US,Ensemble
2026-05-23,US,1,wk inc flu hosp,2026-05-30,quantile,0.85,1485,US,Ensemble
2026-05-23,US,1,wk inc flu hosp,2026-05-30,quantile,0.9,1629,US,Ensemble
2026-05-23,US,1,wk inc flu hosp,2026-05-30,quantile,0.95,1872,US,Ensemble
2026-05-23,US,1,wk inc flu hosp,2026-05-30,quantile,0.975,2134,US,Ensemble
2026-05-23,US,1,wk inc flu hosp,2026-05-30,quantile,0.99,2514,US,Ensemble
2026-05-23,US,2,wk inc flu hosp,2026-06-06,quantile,0.01,328,US,Ensemble
2026-05-23,US,2,wk inc flu hosp,2026-06-06,quantile,0.025,390,US,Ensemble
2026-05-23,US,2,wk inc flu hosp,2026-06-06,quantile,0.05,450,US,Ensemble
2026-05-23,US,2,wk inc flu hosp,2026-06-06,quantile,0.1,561,US,Ensemble
2026-05-23,US,2,wk inc flu hosp,2026-06-06,quantile,0.15,641,US,Ensemble
2026-05-23,US,2,wk inc flu hosp,2026-06-06,quantile,0.2,694,US,Ensemble
2026-05-23,US,2,wk inc flu hosp,2026-06-06,quantile,0.25,740,US,Ensemble
2026-05-23,US,2,wk inc flu hosp,2026-06-06,quantile,0.3,783,US,Ensemble
2026-05-23,US,2,wk inc flu hosp,2026-06-06,quantile,0.35,824,US,Ensemble
2026-05-23,US,2,wk inc flu hosp,2026-06-06,quantile,0.4,867,US,Ensemble
2026-05-23,US,2,wk inc flu hosp,2026-06-06,quantile,0.45,907,US,Ensemble
2026-05-23,US,2,wk inc flu hosp,2026-06-06,quantile,0.5,960,US,Ensemble
2026-05-23,US,2,wk inc flu hosp,2026-06-06,quantile,0.55,1004,US,Ensemble
2026-05-23,US,2,wk inc flu hosp,2026-06-06,quantile,0.6,1049,US,Ensemble
2026-05-23,US,2,wk inc flu hosp,2026-06-06,quantile,0.65,1102,US,Ensemble
2026-05-23,US,2,wk inc flu hosp,2026-06-06,quantile,0.7,1156,US,Ensemble
2026-05-23,US,2,wk inc flu hosp,2026-06-06,quantile,0.75,1223,US,Ensemble
2026-05-23,US,2,wk inc flu hosp,2026-06-06,quantile,0.8,1318,US,Ensemble
2026-05-23,US,2,wk inc flu hosp,2026-06-06,quantile,0.85,1450,US,Ensemble
2026-05-23,US,2,wk inc flu hosp,2026-06-06,quantile,0.9,1655,US,Ensemble
2026-05-23,US,2,wk inc flu hosp,2026-06-06,quantile,0.95,2023,US,Ensemble
2026-05-23,US,2,wk inc flu hosp,2026-06-06,quantile,0.975,2408,US,Ensemble
2026-05-23,US,2,wk inc flu hosp,2026-06-06,quantile,0.99,2961,US,Ensemble
2026-05-23,US,3,wk inc flu hosp,2026-06-13,quantile,0.01,269,US,Ensemble
2026-05-23,US,3,wk inc flu hosp,2026-06-13,quantile,0.025,323,US,Ensemble
2026-05-23,US,3,wk inc flu hosp,2026-06-13,quantile,0.05,370,US,Ensemble
2026-05-23,US,3,wk inc flu hosp,2026-06-13,quantile,0.1,465,US,Ensemble
2026-05-23,US,3,wk inc flu hosp,2026-06-13,quantile,0.15,535,US,Ensemble
2026-05-23,US,3,wk inc flu hosp,2026-06-13,quantile,0.2,593,US,Ensemble
2026-05-23,US,3,wk inc flu hosp,2026-06-13,quantile,0.25,638,US,Ensemble
2026-05-23,US,3,wk inc flu hosp,2026-06-13,quantile,0.3,682,US,Ensemble
2026-05-23,US,3,wk inc flu hosp,2026-06-13,quantile,0.35,723,US,Ensemble
2026-05-23,US,3,wk inc flu hosp,2026-06-13,quantile,0.4,764,US,Ensemble
2026-05-23,US,3,wk inc flu hosp,2026-06-13,quantile,0.45,807,US,Ensemble
2026-05-23,US,3,wk inc flu hosp,2026-06-13,quantile,0.5,856,US,Ensemble
2026-05-23,US,3,wk inc flu hosp,2026-06-13,quantile,0.55,900,US,Ensemble
2026-05-23,US,3,wk inc flu hosp,2026-06-13,quantile,0.6,946,US,Ensemble
2026-05-23,US,3,wk inc flu hosp,2026-06-13,quantile,0.65,996,US,Ensemble
2026-05-23,US,3,wk inc flu hosp,2026-06-13,quantile,0.7,1052,US,Ensemble
2026-05-23,US,3,wk inc flu hosp,2026-06-13,quantile,0.75,1128,US,Ensemble
2026-05-23,US,3,wk inc flu hosp,2026-06-13,quantile,0.8,1237,US,Ensemble
2026-05-23,US,3,wk inc flu hosp,2026-06-13,quantile,0.85,1409,US,Ensemble
2026-05-23,US,3,wk inc flu hosp,2026-06-13,quantile,0.9,1668,US,Ensemble
2026-05-23,US,3,wk inc flu hosp,2026-06-13,quantile,0.95,2146,US,Ensemble
2026-05-23,US,3,wk inc flu hosp,2026-06-13,quantile,0.975,2639,US,Ensemble
2026-05-23,US,3,wk inc flu hosp,2026-06-13,quantile,0.99,3377,US,Ensemble
