reference_date,location,horizon,target,target_end_date,output_type,output_type_id,value,location_name,model_id
2026-05-09,01,0,wk inc flu hosp,2026-05-09,quantile,0.01,3,Alabama,Ensemble
2026-05-09,01,0,wk inc flu hosp,2026-05-09,quantile,0.025,4,Alabama,Ensemble
2026-05-09,01,0,wk inc flu hosp,2026-05-09,quantile,0.05,5,Alabama,Ensemble
2026-05-09,01,0,wk inc flu hosp,2026-05-09,quantile,0.1,7,Alabama,Ensemble
2026-05-09,01,0,wk inc flu hosp,2026-05-09,quantile,0.15,9,Alabama,Ensemble
2026-05-09,01,0,wk inc flu hosp,2026-05-09,quantile,0.2,10,Alabama,Ensemble
2026-05-09,01,0,wk inc flu hosp,2026-05-09,quantile,0.25,11,Alabama,Ensemble
2026-05-09,01,0,wk inc flu hosp,2026-05-09,quantile,0.3,12,Alabama,Ensemble
2026-05-09,01,0,wk inc flu hosp,2026-05-09,quantile,0.35,13,Alabama,Ensemble
2026-05-09,01,0,wk inc flu hosp,2026-05-09,quantile,0.4,14,Alabama,Ensemble
2026-05-09,01,0,wk inc flu hosp,2026-05-09,quantile,0.45,15,Alabama,Ensemble
2026-05-09,01,0,wk inc flu hosp,2026-05-09,quantile,0.5,17,Alabama,Ensemble
2026-05-09,01,0,wk inc flu hosp,2026-05-09,quantile,0.55,18,Alabama,Ensemble
2026-05-09,01,0,wk inc flu hosp,2026-05-09,quantile,0.6,20,Alabama,Ensemble
2026-05-09,01,0,wk inc flu hosp,2026-05-09,quantile,0.65,21,Alabama,Ensemble
2026-05-09,01,0,wk inc flu hosp,2026-05-09,quantile,0.7,22,Alabama,Ensemble
2026-05-09,01,0,wk inc flu hosp,2026-05-09,quantile,0.75,24,Alabama,Ensemble
2026-05-09,01,0,wk inc flu hosp,2026-05-09,quantile,0.8,26,Alabama,Ensemble
2026-05-09,01,0,wk inc flu hosp,2026-05-09,quantile,0.85,28,Alabama,Ensemble
2026-05-09,01,0,wk inc flu hosp,2026-05-09,quantile,0.9,31,Alabama,Ensemble
2026-05-09,01,0,wk inc flu hosp,2026-05-09,quantile,0.95,36,Alabama,Ensemble
2026-05-09,01,0,wk inc flu hosp,2026-05-09,quantile,0.975,41,Alabama,Ensemble
2026-05-09,01,0,wk inc flu hosp,2026-05-09,quantile,0.99,48,Alabama,Ensemble
2026-05-09,01,1,wk inc flu hosp,2026-05-16,quantile,0.01,2,Alabama,Ensemble
2026-05-09,01,1,wk inc flu hosp,2026-05-16,quantile,0.025,3,Alabama,Ensemble
2026-05-09,01,1,wk inc flu hosp,2026-05-16,quantile,0.05,4,Alabama,Ensemble
2026-05-09,01,1,wk inc flu hosp,2026-05-16,quantile,0.1,6,Alabama,Ensemble
2026-05-09,01,1,wk inc flu hosp,2026-05-16,quantile,0.15,7,Alabama,Ensemble
2026-05-09,01,1,wk inc flu hosp,2026-05-16,quantile,0.2,8,Alabama,Ensemble
2026-05-09,01,1,wk inc flu hosp,2026-05-16,quantile,0.25,9,Alabama,Ensemble
2026-05-09,01,1,wk inc flu hosp,2026-05-16,quantile,0.3,10,Alabama,Ensemble
2026-05-09,01,1,wk inc flu hosp,2026-05-16,quantile,0.35,11,Alabama,Ensemble
2026-05-09,01,1,wk inc flu hosp,2026-05-16,quantile,0.4,12,Alabama,Ensemble
2026-05-09,01,1,wk inc flu hosp,2026-05-16,quantile,0.45,14,Alabama,Ensemble
2026-05-09,01,1,wk inc flu hosp,2026-05-16,quantile,0.5,16,Alabama,Ensemble
2026-05-09,01,1,wk inc flu hosp,2026-05-16,quantile,0.55,17,Alabama,Ensemble
2026-05-09,01,1,wk inc flu hosp,2026-05-16,quantile,0.6,18,Alabama,Ensemble
2026-05-09,01,1,wk inc flu hosp,2026-05-16,quantile,0.65,20,Alabama,Ensemble
2026-05-09,01,1,wk inc flu hosp,2026-05-16,quantile,0.7,21,Alabama,Ensemble
2026-05-09,01,1,wk inc flu hosp,2026-05-16,quantile,0.75,24,Alabama,Ensemble
2026-05-09,01,1,wk inc flu hosp,2026-05-16,quantile,0.8,26,Alabama,Ensemble
2026-05-09,01,1,wk inc flu hosp,2026-05-16,quantile,0.85,29,Alabama,Ensemble
2026-05-09,01,1,wk inc flu hosp,2026-05-16,quantile,0.9,33,Alabama,Ensemble
2026-05-09,01,1,wk inc flu hosp,2026-05-16,quantile,0.95,40,Alabama,Ensemble
2026-05-09,01,1,wk inc flu hosp,2026-05-16,quantile,0.975,47,Alabama,Ensemble
2026-05-09,01,1,wk inc flu hosp,2026-05-16,quantile,0.99,56,Alabama,Ensemble
2026-05-09,01,2,wk inc flu hosp,2026-05-23,quantile,0.01,2,Alabama,Ensemble
2026-05-09,01,2,wk inc flu hosp,2026-05-23,quantile,0.025,3,Alabama,Ensemble
2026-05-09,01,2,wk inc flu hosp,2026-05-23,quantile,0.05,3,Alabama,Ensemble
2026-05-09,01,2,wk inc flu hosp,2026-05-23,quantile,0.1,5,Alabama,Ensemble
2026-05-09,01,2,wk inc flu hosp,2026-05-23,quantile,0.15,6,Alabama,Ensemble
2026-05-09,01,2,wk inc flu hosp,2026-05-23,quantile,0.2,7,Alabama,Ensemble
2026-05-09,01,2,wk inc flu hosp,2026-05-23,quantile,0.25,8,Alabama,Ensemble
2026-05-09,01,2,wk inc flu hosp,2026-05-23,quantile,0.3,9,Alabama,Ensemble
2026-05-09,01,2,wk inc flu hosp,2026-05-23,quantile,0.35,10,Alabama,Ensemble
2026-05-09,01,2,wk inc flu hosp,2026-05-23,quantile,0.4,11,Alabama,Ensemble
2026-05-09,01,2,wk inc flu hosp,2026-05-23,quantile,0.45,12,Alabama,Ensemble
2026-05-09,01,2,wk inc flu hosp,2026-05-23,quantile,0.5,14,Alabama,Ensemble
2026-05-09,01,2,wk inc flu hosp,2026-05-23,quantile,0.55,16,Alabama,Ensemble
2026-05-09,01,2,wk inc flu hosp,2026-05-23,quantile,0.6,17,Alabama,Ensemble
2026-05-09,01,2,wk inc flu hosp,2026-05-23,quantile,0.65,19,Alabama,Ensemble
2026-05-09,01,2,wk inc flu hosp,2026-05-23,quantile,0.7,21,Alabama,Ensemble
2026-05-09,01,2,wk inc flu hosp,2026-05-23,quantile,0.75,23,Alabama,Ensemble
2026-05-09,01,2,wk inc flu hosp,2026-05-23,quantile,0.8,26,Alabama,Ensemble
2026-05-09,01,2,wk inc flu hosp,2026-05-23,quantile,0.85,29,Alabama,Ensemble
2026-05-09,01,2,wk inc flu hosp,2026-05-23,quantile,0.9,35,Alabama,Ensemble
2026-05-09,01,2,wk inc flu hosp,2026-05-23,quantile,0.95,44,Alabama,Ensemble
2026-05-09,01,2,wk inc flu hosp,2026-05-23,quantile,0.975,54,Alabama,Ensemble
2026-05-09,01,2,wk inc flu hosp,2026-05-23,quantile,0.99,67,Alabama,Ensemble
2026-05-09,01,3,wk inc flu hosp,2026-05-30,quantile,0.01,2,Alabama,Ensemble
2026-05-09,01,3,wk inc flu hosp,2026-05-30,quantile,0.025,2,Alabama,Ensemble
2026-05-09,01,3,wk inc flu hosp,2026-05-30,quantile,0.05,3,Alabama,Ensemble
2026-05-09,01,3,wk inc flu hosp,2026-05-30,quantile,0.1,4,Alabama,Ensemble
2026-05-09,01,3,wk inc flu hosp,2026-05-30,quantile,0.15,5,Alabama,Ensemble
2026-05-09,01,3,wk inc flu hosp,2026-05-30,quantile,0.2,6,Alabama,Ensemble
2026-05-09,01,3,wk inc flu hosp,2026-05-30,quantile,0.25,7,Alabama,Ensemble
2026-05-09,01,3,wk inc flu hosp,2026-05-30,quantile,0.3,8,Alabama,Ensemble
2026-05-09,01,3,wk inc flu hosp,2026-05-30,quantile,0.35,9,Alabama,Ensemble
2026-05-09,01,3,wk inc flu hosp,2026-05-30,quantile,0.4,10,Alabama,Ensemble
2026-05-09,01,3,wk inc flu hosp,2026-05-30,quantile,0.45,11,Alabama,Ensemble
2026-05-09,01,3,wk inc flu hosp,2026-05-30,quantile,0.5,14,Alabama,Ensemble
2026-05-09,01,3,wk inc flu hosp,2026-05-30,quantile,0.55,15,Alabama,Ensemble
2026-05-09,01,3,wk inc flu hosp,2026-05-30,quantile,0.6,17,Alabama,Ensemble
2026-05-09,01,3,wk inc flu hosp,2026-05-30,quantile,0.65,18,Alabama,Ensemble
2026-05-09,01,3,wk inc flu hosp,2026-05-30,quantile,0.7,20,Alabama,Ensemble
2026-05-09,01,3,wk inc flu hosp,2026-05-30,quantile,0.75,23,Alabama,Ensemble
2026-05-09,01,3,wk inc flu hosp,2026-05-30,quantile,0.8,25,Alabama,Ensemble
2026-05-09,01,3,wk inc flu hosp,2026-05-30,quantile,0.85,29,Alabama,Ensemble
2026-05-09,01,3,wk inc flu hosp,2026-05-30,quantile,0.9,35,Alabama,Ensemble
2026-05-09,01,3,wk inc flu hosp,2026-05-30,quantile,0.95,45,Alabama,Ensemble
2026-05-09,01,3,wk inc flu hosp,2026-05-30,quantile,0.975,56,Alabama,Ensemble
2026-05-09,01,3,wk inc flu hosp,2026-05-30,quantile,0.99,73,Alabama,Ensemble
2026-05-09,02,0,wk inc flu hosp,2026-05-09,quantile,0.01,0,Alaska,Ensemble
2026-05-09,02,0,wk inc flu hosp,2026-05-09,quantile,0.025,0,Alaska,Ensemble
2026-05-09,02,0,wk inc flu hosp,2026-05-09,quantile,0.05,0,Alaska,Ensemble
2026-05-09,02,0,wk inc flu hosp,2026-05-09,quantile,0.1,1,Alaska,Ensemble
2026-05-09,02,0,wk inc flu hosp,2026-05-09,quantile,0.15,1,Alaska,Ensemble
2026-05-09,02,0,wk inc flu hosp,2026-05-09,quantile,0.2,1,Alaska,Ensemble
2026-05-09,02,0,wk inc flu hosp,2026-05-09,quantile,0.25,1,Alaska,Ensemble
2026-05-09,02,0,wk inc flu hosp,2026-05-09,quantile,0.3,2,Alaska,Ensemble
2026-05-09,02,0,wk inc flu hosp,2026-05-09,quantile,0.35,2,Alaska,Ensemble
2026-05-09,02,0,wk inc flu hosp,2026-05-09,quantile,0.4,2,Alaska,Ensemble
2026-05-09,02,0,wk inc flu hosp,2026-05-09,quantile,0.45,2,Alaska,Ensemble
2026-05-09,02,0,wk inc flu hosp,2026-05-09,quantile,0.5,4,Alaska,Ensemble
2026-05-09,02,0,wk inc flu hosp,2026-05-09,quantile,0.55,4,Alaska,Ensemble
2026-05-09,02,0,wk inc flu hosp,2026-05-09,quantile,0.6,4,Alaska,Ensemble
2026-05-09,02,0,wk inc flu hosp,2026-05-09,quantile,0.65,5,Alaska,Ensemble
2026-05-09,02,0,wk inc flu hosp,2026-05-09,quantile,0.7,5,Alaska,Ensemble
2026-05-09,02,0,wk inc flu hosp,2026-05-09,quantile,0.75,5,Alaska,Ensemble
2026-05-09,02,0,wk inc flu hosp,2026-05-09,quantile,0.8,6,Alaska,Ensemble
2026-05-09,02,0,wk inc flu hosp,2026-05-09,quantile,0.85,7,Alaska,Ensemble
2026-05-09,02,0,wk inc flu hosp,2026-05-09,quantile,0.9,8,Alaska,Ensemble
2026-05-09,02,0,wk inc flu hosp,2026-05-09,quantile,0.95,9,Alaska,Ensemble
2026-05-09,02,0,wk inc flu hosp,2026-05-09,quantile,0.975,11,Alaska,Ensemble
2026-05-09,02,0,wk inc flu hosp,2026-05-09,quantile,0.99,15,Alaska,Ensemble
2026-05-09,02,1,wk inc flu hosp,2026-05-16,quantile,0.01,0,Alaska,Ensemble
2026-05-09,02,1,wk inc flu hosp,2026-05-16,quantile,0.025,0,Alaska,Ensemble
2026-05-09,02,1,wk inc flu hosp,2026-05-16,quantile,0.05,0,Alaska,Ensemble
2026-05-09,02,1,wk inc flu hosp,2026-05-16,quantile,0.1,0,Alaska,Ensemble
2026-05-09,02,1,wk inc flu hosp,2026-05-16,quantile,0.15,1,Alaska,Ensemble
2026-05-09,02,1,wk inc flu hosp,2026-05-16,quantile,0.2,1,Alaska,Ensemble
2026-05-09,02,1,wk inc flu hosp,2026-05-16,quantile,0.25,1,Alaska,Ensemble
2026-05-09,02,1,wk inc flu hosp,2026-05-16,quantile,0.3,1,Alaska,Ensemble
2026-05-09,02,1,wk inc flu hosp,2026-05-16,quantile,0.35,1,Alaska,Ensemble
2026-05-09,02,1,wk inc flu hosp,2026-05-16,quantile,0.4,2,Alaska,Ensemble
2026-05-09,02,1,wk inc flu hosp,2026-05-16,quantile,0.45,2,Alaska,Ensemble
2026-05-09,02,1,wk inc flu hosp,2026-05-16,quantile,0.5,3,Alaska,Ensemble
2026-05-09,02,1,wk inc flu hosp,2026-05-16,quantile,0.55,3,Alaska,Ensemble
2026-05-09,02,1,wk inc flu hosp,2026-05-16,quantile,0.6,4,Alaska,Ensemble
2026-05-09,02,1,wk inc flu hosp,2026-05-16,quantile,0.65,4,Alaska,Ensemble
2026-05-09,02,1,wk inc flu hosp,2026-05-16,quantile,0.7,4,Alaska,Ensemble
2026-05-09,02,1,wk inc flu hosp,2026-05-16,quantile,0.75,5,Alaska,Ensemble
2026-05-09,02,1,wk inc flu hosp,2026-05-16,quantile,0.8,5,Alaska,Ensemble
2026-05-09,02,1,wk inc flu hosp,2026-05-16,quantile,0.85,6,Alaska,Ensemble
2026-05-09,02,1,wk inc flu hosp,2026-05-16,quantile,0.9,7,Alaska,Ensemble
2026-05-09,02,1,wk inc flu hosp,2026-05-16,quantile,0.95,10,Alaska,Ensemble
2026-05-09,02,1,wk inc flu hosp,2026-05-16,quantile,0.975,12,Alaska,Ensemble
2026-05-09,02,1,wk inc flu hosp,2026-05-16,quantile,0.99,16,Alaska,Ensemble
2026-05-09,02,2,wk inc flu hosp,2026-05-23,quantile,0.01,0,Alaska,Ensemble
2026-05-09,02,2,wk inc flu hosp,2026-05-23,quantile,0.025,0,Alaska,Ensemble
2026-05-09,02,2,wk inc flu hosp,2026-05-23,quantile,0.05,0,Alaska,Ensemble
2026-05-09,02,2,wk inc flu hosp,2026-05-23,quantile,0.1,0,Alaska,Ensemble
2026-05-09,02,2,wk inc flu hosp,2026-05-23,quantile,0.15,1,Alaska,Ensemble
2026-05-09,02,2,wk inc flu hosp,2026-05-23,quantile,0.2,1,Alaska,Ensemble
2026-05-09,02,2,wk inc flu hosp,2026-05-23,quantile,0.25,1,Alaska,Ensemble
2026-05-09,02,2,wk inc flu hosp,2026-05-23,quantile,0.3,1,Alaska,Ensemble
2026-05-09,02,2,wk inc flu hosp,2026-05-23,quantile,0.35,1,Alaska,Ensemble
2026-05-09,02,2,wk inc flu hosp,2026-05-23,quantile,0.4,1,Alaska,Ensemble
2026-05-09,02,2,wk inc flu hosp,2026-05-23,quantile,0.45,2,Alaska,Ensemble
2026-05-09,02,2,wk inc flu hosp,2026-05-23,quantile,0.5,3,Alaska,Ensemble
2026-05-09,02,2,wk inc flu hosp,2026-05-23,quantile,0.55,3,Alaska,Ensemble
2026-05-09,02,2,wk inc flu hosp,2026-05-23,quantile,0.6,4,Alaska,Ensemble
2026-05-09,02,2,wk inc flu hosp,2026-05-23,quantile,0.65,4,Alaska,Ensemble
2026-05-09,02,2,wk inc flu hosp,2026-05-23,quantile,0.7,4,Alaska,Ensemble
2026-05-09,02,2,wk inc flu hosp,2026-05-23,quantile,0.75,5,Alaska,Ensemble
2026-05-09,02,2,wk inc flu hosp,2026-05-23,quantile,0.8,5,Alaska,Ensemble
2026-05-09,02,2,wk inc flu hosp,2026-05-23,quantile,0.85,6,Alaska,Ensemble
2026-05-09,02,2,wk inc flu hosp,2026-05-23,quantile,0.9,8,Alaska,Ensemble
2026-05-09,02,2,wk inc flu hosp,2026-05-23,quantile,0.95,10,Alaska,Ensemble
2026-05-09,02,2,wk inc flu hosp,2026-05-23,quantile,0.975,13,Alaska,Ensemble
2026-05-09,02,2,wk inc flu hosp,2026-05-23,quantile,0.99,17,Alaska,Ensemble
2026-05-09,02,3,wk inc flu hosp,2026-05-30,quantile,0.01,0,Alaska,Ensemble
2026-05-09,02,3,wk inc flu hosp,2026-05-30,quantile,0.025,0,Alaska,Ensemble
2026-05-09,02,3,wk inc flu hosp,2026-05-30,quantile,0.05,0,Alaska,Ensemble
2026-05-09,02,3,wk inc flu hosp,2026-05-30,quantile,0.1,0,Alaska,Ensemble
2026-05-09,02,3,wk inc flu hosp,2026-05-30,quantile,0.15,0,Alaska,Ensemble
2026-05-09,02,3,wk inc flu hosp,2026-05-30,quantile,0.2,1,Alaska,Ensemble
2026-05-09,02,3,wk inc flu hosp,2026-05-30,quantile,0.25,1,Alaska,Ensemble
2026-05-09,02,3,wk inc flu hosp,2026-05-30,quantile,0.3,1,Alaska,Ensemble
2026-05-09,02,3,wk inc flu hosp,2026-05-30,quantile,0.35,1,Alaska,Ensemble
2026-05-09,02,3,wk inc flu hosp,2026-05-30,quantile,0.4,1,Alaska,Ensemble
2026-05-09,02,3,wk inc flu hosp,2026-05-30,quantile,0.45,2,Alaska,Ensemble
2026-05-09,02,3,wk inc flu hosp,2026-05-30,quantile,0.5,3,Alaska,Ensemble
2026-05-09,02,3,wk inc flu hosp,2026-05-30,quantile,0.55,3,Alaska,Ensemble
2026-05-09,02,3,wk inc flu hosp,2026-05-30,quantile,0.6,3,Alaska,Ensemble
2026-05-09,02,3,wk inc flu hosp,2026-05-30,quantile,0.65,4,Alaska,Ensemble
2026-05-09,02,3,wk inc flu hosp,2026-05-30,quantile,0.7,4,Alaska,Ensemble
2026-05-09,02,3,wk inc flu hosp,2026-05-30,quantile,0.75,5,Alaska,Ensemble
2026-05-09,02,3,wk inc flu hosp,2026-05-30,quantile,0.8,5,Alaska,Ensemble
2026-05-09,02,3,wk inc flu hosp,2026-05-30,quantile,0.85,6,Alaska,Ensemble
2026-05-09,02,3,wk inc flu hosp,2026-05-30,quantile,0.9,8,Alaska,Ensemble
2026-05-09,02,3,wk inc flu hosp,2026-05-30,quantile,0.95,11,Alaska,Ensemble
2026-05-09,02,3,wk inc flu hosp,2026-05-30,quantile,0.975,15,Alaska,Ensemble
2026-05-09,02,3,wk inc flu hosp,2026-05-30,quantile,0.99,20,Alaska,Ensemble
2026-05-09,04,0,wk inc flu hosp,2026-05-09,quantile,0.01,17,Arizona,Ensemble
2026-05-09,04,0,wk inc flu hosp,2026-05-09,quantile,0.025,21,Arizona,Ensemble
2026-05-09,04,0,wk inc flu hosp,2026-05-09,quantile,0.05,25,Arizona,Ensemble
2026-05-09,04,0,wk inc flu hosp,2026-05-09,quantile,0.1,32,Arizona,Ensemble
2026-05-09,04,0,wk inc flu hosp,2026-05-09,quantile,0.15,35,Arizona,Ensemble
2026-05-09,04,0,wk inc flu hosp,2026-05-09,quantile,0.2,39,Arizona,Ensemble
2026-05-09,04,0,wk inc flu hosp,2026-05-09,quantile,0.25,41,Arizona,Ensemble
2026-05-09,04,0,wk inc flu hosp,2026-05-09,quantile,0.3,44,Arizona,Ensemble
2026-05-09,04,0,wk inc flu hosp,2026-05-09,quantile,0.35,47,Arizona,Ensemble
2026-05-09,04,0,wk inc flu hosp,2026-05-09,quantile,0.4,49,Arizona,Ensemble
2026-05-09,04,0,wk inc flu hosp,2026-05-09,quantile,0.45,52,Arizona,Ensemble
2026-05-09,04,0,wk inc flu hosp,2026-05-09,quantile,0.5,56,Arizona,Ensemble
2026-05-09,04,0,wk inc flu hosp,2026-05-09,quantile,0.55,58,Arizona,Ensemble
2026-05-09,04,0,wk inc flu hosp,2026-05-09,quantile,0.6,61,Arizona,Ensemble
2026-05-09,04,0,wk inc flu hosp,2026-05-09,quantile,0.65,64,Arizona,Ensemble
2026-05-09,04,0,wk inc flu hosp,2026-05-09,quantile,0.7,67,Arizona,Ensemble
2026-05-09,04,0,wk inc flu hosp,2026-05-09,quantile,0.75,71,Arizona,Ensemble
2026-05-09,04,0,wk inc flu hosp,2026-05-09,quantile,0.8,75,Arizona,Ensemble
2026-05-09,04,0,wk inc flu hosp,2026-05-09,quantile,0.85,81,Arizona,Ensemble
2026-05-09,04,0,wk inc flu hosp,2026-05-09,quantile,0.9,90,Arizona,Ensemble
2026-05-09,04,0,wk inc flu hosp,2026-05-09,quantile,0.95,109,Arizona,Ensemble
2026-05-09,04,0,wk inc flu hosp,2026-05-09,quantile,0.975,134,Arizona,Ensemble
2026-05-09,04,0,wk inc flu hosp,2026-05-09,quantile,0.99,162,Arizona,Ensemble
2026-05-09,04,1,wk inc flu hosp,2026-05-16,quantile,0.01,12,Arizona,Ensemble
2026-05-09,04,1,wk inc flu hosp,2026-05-16,quantile,0.025,15,Arizona,Ensemble
2026-05-09,04,1,wk inc flu hosp,2026-05-16,quantile,0.05,18,Arizona,Ensemble
2026-05-09,04,1,wk inc flu hosp,2026-05-16,quantile,0.1,23,Arizona,Ensemble
2026-05-09,04,1,wk inc flu hosp,2026-05-16,quantile,0.15,28,Arizona,Ensemble
2026-05-09,04,1,wk inc flu hosp,2026-05-16,quantile,0.2,31,Arizona,Ensemble
2026-05-09,04,1,wk inc flu hosp,2026-05-16,quantile,0.25,34,Arizona,Ensemble
2026-05-09,04,1,wk inc flu hosp,2026-05-16,quantile,0.3,37,Arizona,Ensemble
2026-05-09,04,1,wk inc flu hosp,2026-05-16,quantile,0.35,40,Arizona,Ensemble
2026-05-09,04,1,wk inc flu hosp,2026-05-16,quantile,0.4,43,Arizona,Ensemble
2026-05-09,04,1,wk inc flu hosp,2026-05-16,quantile,0.45,45,Arizona,Ensemble
2026-05-09,04,1,wk inc flu hosp,2026-05-16,quantile,0.5,49,Arizona,Ensemble
2026-05-09,04,1,wk inc flu hosp,2026-05-16,quantile,0.55,53,Arizona,Ensemble
2026-05-09,04,1,wk inc flu hosp,2026-05-16,quantile,0.6,57,Arizona,Ensemble
2026-05-09,04,1,wk inc flu hosp,2026-05-16,quantile,0.65,61,Arizona,Ensemble
2026-05-09,04,1,wk inc flu hosp,2026-05-16,quantile,0.7,66,Arizona,Ensemble
2026-05-09,04,1,wk inc flu hosp,2026-05-16,quantile,0.75,71,Arizona,Ensemble
2026-05-09,04,1,wk inc flu hosp,2026-05-16,quantile,0.8,77,Arizona,Ensemble
2026-05-09,04,1,wk inc flu hosp,2026-05-16,quantile,0.85,85,Arizona,Ensemble
2026-05-09,04,1,wk inc flu hosp,2026-05-16,quantile,0.9,99,Arizona,Ensemble
2026-05-09,04,1,wk inc flu hosp,2026-05-16,quantile,0.95,129,Arizona,Ensemble
2026-05-09,04,1,wk inc flu hosp,2026-05-16,quantile,0.975,156,Arizona,Ensemble
2026-05-09,04,1,wk inc flu hosp,2026-05-16,quantile,0.99,202,Arizona,Ensemble
2026-05-09,04,2,wk inc flu hosp,2026-05-23,quantile,0.01,9,Arizona,Ensemble
2026-05-09,04,2,wk inc flu hosp,2026-05-23,quantile,0.025,11,Arizona,Ensemble
2026-05-09,04,2,wk inc flu hosp,2026-05-23,quantile,0.05,14,Arizona,Ensemble
2026-05-09,04,2,wk inc flu hosp,2026-05-23,quantile,0.1,18,Arizona,Ensemble
2026-05-09,04,2,wk inc flu hosp,2026-05-23,quantile,0.15,23,Arizona,Ensemble
2026-05-09,04,2,wk inc flu hosp,2026-05-23,quantile,0.2,26,Arizona,Ensemble
2026-05-09,04,2,wk inc flu hosp,2026-05-23,quantile,0.25,28,Arizona,Ensemble
2026-05-09,04,2,wk inc flu hosp,2026-05-23,quantile,0.3,31,Arizona,Ensemble
2026-05-09,04,2,wk inc flu hosp,2026-05-23,quantile,0.35,33,Arizona,Ensemble
2026-05-09,04,2,wk inc flu hosp,2026-05-23,quantile,0.4,36,Arizona,Ensemble
2026-05-09,04,2,wk inc flu hosp,2026-05-23,quantile,0.45,39,Arizona,Ensemble
2026-05-09,04,2,wk inc flu hosp,2026-05-23,quantile,0.5,43,Arizona,Ensemble
2026-05-09,04,2,wk inc flu hosp,2026-05-23,quantile,0.55,46,Arizona,Ensemble
2026-05-09,04,2,wk inc flu hosp,2026-05-23,quantile,0.6,50,Arizona,Ensemble
2026-05-09,04,2,wk inc flu hosp,2026-05-23,quantile,0.65,55,Arizona,Ensemble
2026-05-09,04,2,wk inc flu hosp,2026-05-23,quantile,0.7,60,Arizona,Ensemble
2026-05-09,04,2,wk inc flu hosp,2026-05-23,quantile,0.75,66,Arizona,Ensemble
2026-05-09,04,2,wk inc flu hosp,2026-05-23,quantile,0.8,73,Arizona,Ensemble
2026-05-09,04,2,wk inc flu hosp,2026-05-23,quantile,0.85,83,Arizona,Ensemble
2026-05-09,04,2,wk inc flu hosp,2026-05-23,quantile,0.9,102,Arizona,Ensemble
2026-05-09,04,2,wk inc flu hosp,2026-05-23,quantile,0.95,134,Arizona,Ensemble
2026-05-09,04,2,wk inc flu hosp,2026-05-23,quantile,0.975,165,Arizona,Ensemble
2026-05-09,04,2,wk inc flu hosp,2026-05-23,quantile,0.99,219,Arizona,Ensemble
2026-05-09,04,3,wk inc flu hosp,2026-05-30,quantile,0.01,7,Arizona,Ensemble
2026-05-09,04,3,wk inc flu hosp,2026-05-30,quantile,0.025,9,Arizona,Ensemble
2026-05-09,04,3,wk inc flu hosp,2026-05-30,quantile,0.05,12,Arizona,Ensemble
2026-05-09,04,3,wk inc flu hosp,2026-05-30,quantile,0.1,15,Arizona,Ensemble
2026-05-09,04,3,wk inc flu hosp,2026-05-30,quantile,0.15,19,Arizona,Ensemble
2026-05-09,04,3,wk inc flu hosp,2026-05-30,quantile,0.2,23,Arizona,Ensemble
2026-05-09,04,3,wk inc flu hosp,2026-05-30,quantile,0.25,25,Arizona,Ensemble
2026-05-09,04,3,wk inc flu hosp,2026-05-30,quantile,0.3,27,Arizona,Ensemble
2026-05-09,04,3,wk inc flu hosp,2026-05-30,quantile,0.35,30,Arizona,Ensemble
2026-05-09,04,3,wk inc flu hosp,2026-05-30,quantile,0.4,32,Arizona,Ensemble
2026-05-09,04,3,wk inc flu hosp,2026-05-30,quantile,0.45,35,Arizona,Ensemble
2026-05-09,04,3,wk inc flu hosp,2026-05-30,quantile,0.5,38,Arizona,Ensemble
2026-05-09,04,3,wk inc flu hosp,2026-05-30,quantile,0.55,41,Arizona,Ensemble
2026-05-09,04,3,wk inc flu hosp,2026-05-30,quantile,0.6,45,Arizona,Ensemble
2026-05-09,04,3,wk inc flu hosp,2026-05-30,quantile,0.65,51,Arizona,Ensemble
2026-05-09,04,3,wk inc flu hosp,2026-05-30,quantile,0.7,57,Arizona,Ensemble
2026-05-09,04,3,wk inc flu hosp,2026-05-30,quantile,0.75,63,Arizona,Ensemble
2026-05-09,04,3,wk inc flu hosp,2026-05-30,quantile,0.8,72,Arizona,Ensemble
2026-05-09,04,3,wk inc flu hosp,2026-05-30,quantile,0.85,83,Arizona,Ensemble
2026-05-09,04,3,wk inc flu hosp,2026-05-30,quantile,0.9,103,Arizona,Ensemble
2026-05-09,04,3,wk inc flu hosp,2026-05-30,quantile,0.95,136,Arizona,Ensemble
2026-05-09,04,3,wk inc flu hosp,2026-05-30,quantile,0.975,176,Arizona,Ensemble
2026-05-09,04,3,wk inc flu hosp,2026-05-30,quantile,0.99,228,Arizona,Ensemble
2026-05-09,05,0,wk inc flu hosp,2026-05-09,quantile,0.01,0,Arkansas,Ensemble
2026-05-09,05,0,wk inc flu hosp,2026-05-09,quantile,0.025,1,Arkansas,Ensemble
2026-05-09,05,0,wk inc flu hosp,2026-05-09,quantile,0.05,1,Arkansas,Ensemble
2026-05-09,05,0,wk inc flu hosp,2026-05-09,quantile,0.1,2,Arkansas,Ensemble
2026-05-09,05,0,wk inc flu hosp,2026-05-09,quantile,0.15,2,Arkansas,Ensemble
2026-05-09,05,0,wk inc flu hosp,2026-05-09,quantile,0.2,3,Arkansas,Ensemble
2026-05-09,05,0,wk inc flu hosp,2026-05-09,quantile,0.25,3,Arkansas,Ensemble
2026-05-09,05,0,wk inc flu hosp,2026-05-09,quantile,0.3,4,Arkansas,Ensemble
2026-05-09,05,0,wk inc flu hosp,2026-05-09,quantile,0.35,4,Arkansas,Ensemble
2026-05-09,05,0,wk inc flu hosp,2026-05-09,quantile,0.4,5,Arkansas,Ensemble
2026-05-09,05,0,wk inc flu hosp,2026-05-09,quantile,0.45,5,Arkansas,Ensemble
2026-05-09,05,0,wk inc flu hosp,2026-05-09,quantile,0.5,7,Arkansas,Ensemble
2026-05-09,05,0,wk inc flu hosp,2026-05-09,quantile,0.55,7,Arkansas,Ensemble
2026-05-09,05,0,wk inc flu hosp,2026-05-09,quantile,0.6,8,Arkansas,Ensemble
2026-05-09,05,0,wk inc flu hosp,2026-05-09,quantile,0.65,8,Arkansas,Ensemble
2026-05-09,05,0,wk inc flu hosp,2026-05-09,quantile,0.7,9,Arkansas,Ensemble
2026-05-09,05,0,wk inc flu hosp,2026-05-09,quantile,0.75,10,Arkansas,Ensemble
2026-05-09,05,0,wk inc flu hosp,2026-05-09,quantile,0.8,11,Arkansas,Ensemble
2026-05-09,05,0,wk inc flu hosp,2026-05-09,quantile,0.85,12,Arkansas,Ensemble
2026-05-09,05,0,wk inc flu hosp,2026-05-09,quantile,0.9,14,Arkansas,Ensemble
2026-05-09,05,0,wk inc flu hosp,2026-05-09,quantile,0.95,17,Arkansas,Ensemble
2026-05-09,05,0,wk inc flu hosp,2026-05-09,quantile,0.975,20,Arkansas,Ensemble
2026-05-09,05,0,wk inc flu hosp,2026-05-09,quantile,0.99,25,Arkansas,Ensemble
2026-05-09,05,1,wk inc flu hosp,2026-05-16,quantile,0.01,0,Arkansas,Ensemble
2026-05-09,05,1,wk inc flu hosp,2026-05-16,quantile,0.025,1,Arkansas,Ensemble
2026-05-09,05,1,wk inc flu hosp,2026-05-16,quantile,0.05,1,Arkansas,Ensemble
2026-05-09,05,1,wk inc flu hosp,2026-05-16,quantile,0.1,2,Arkansas,Ensemble
2026-05-09,05,1,wk inc flu hosp,2026-05-16,quantile,0.15,2,Arkansas,Ensemble
2026-05-09,05,1,wk inc flu hosp,2026-05-16,quantile,0.2,3,Arkansas,Ensemble
2026-05-09,05,1,wk inc flu hosp,2026-05-16,quantile,0.25,3,Arkansas,Ensemble
2026-05-09,05,1,wk inc flu hosp,2026-05-16,quantile,0.3,4,Arkansas,Ensemble
2026-05-09,05,1,wk inc flu hosp,2026-05-16,quantile,0.35,4,Arkansas,Ensemble
2026-05-09,05,1,wk inc flu hosp,2026-05-16,quantile,0.4,5,Arkansas,Ensemble
2026-05-09,05,1,wk inc flu hosp,2026-05-16,quantile,0.45,5,Arkansas,Ensemble
2026-05-09,05,1,wk inc flu hosp,2026-05-16,quantile,0.5,7,Arkansas,Ensemble
2026-05-09,05,1,wk inc flu hosp,2026-05-16,quantile,0.55,7,Arkansas,Ensemble
2026-05-09,05,1,wk inc flu hosp,2026-05-16,quantile,0.6,8,Arkansas,Ensemble
2026-05-09,05,1,wk inc flu hosp,2026-05-16,quantile,0.65,9,Arkansas,Ensemble
2026-05-09,05,1,wk inc flu hosp,2026-05-16,quantile,0.7,10,Arkansas,Ensemble
2026-05-09,05,1,wk inc flu hosp,2026-05-16,quantile,0.75,11,Arkansas,Ensemble
2026-05-09,05,1,wk inc flu hosp,2026-05-16,quantile,0.8,12,Arkansas,Ensemble
2026-05-09,05,1,wk inc flu hosp,2026-05-16,quantile,0.85,13,Arkansas,Ensemble
2026-05-09,05,1,wk inc flu hosp,2026-05-16,quantile,0.9,16,Arkansas,Ensemble
2026-05-09,05,1,wk inc flu hosp,2026-05-16,quantile,0.95,20,Arkansas,Ensemble
2026-05-09,05,1,wk inc flu hosp,2026-05-16,quantile,0.975,25,Arkansas,Ensemble
2026-05-09,05,1,wk inc flu hosp,2026-05-16,quantile,0.99,32,Arkansas,Ensemble
2026-05-09,05,2,wk inc flu hosp,2026-05-23,quantile,0.01,0,Arkansas,Ensemble
2026-05-09,05,2,wk inc flu hosp,2026-05-23,quantile,0.025,0,Arkansas,Ensemble
2026-05-09,05,2,wk inc flu hosp,2026-05-23,quantile,0.05,1,Arkansas,Ensemble
2026-05-09,05,2,wk inc flu hosp,2026-05-23,quantile,0.1,1,Arkansas,Ensemble
2026-05-09,05,2,wk inc flu hosp,2026-05-23,quantile,0.15,2,Arkansas,Ensemble
2026-05-09,05,2,wk inc flu hosp,2026-05-23,quantile,0.2,2,Arkansas,Ensemble
2026-05-09,05,2,wk inc flu hosp,2026-05-23,quantile,0.25,3,Arkansas,Ensemble
2026-05-09,05,2,wk inc flu hosp,2026-05-23,quantile,0.3,3,Arkansas,Ensemble
2026-05-09,05,2,wk inc flu hosp,2026-05-23,quantile,0.35,4,Arkansas,Ensemble
2026-05-09,05,2,wk inc flu hosp,2026-05-23,quantile,0.4,4,Arkansas,Ensemble
2026-05-09,05,2,wk inc flu hosp,2026-05-23,quantile,0.45,5,Arkansas,Ensemble
2026-05-09,05,2,wk inc flu hosp,2026-05-23,quantile,0.5,6,Arkansas,Ensemble
2026-05-09,05,2,wk inc flu hosp,2026-05-23,quantile,0.55,7,Arkansas,Ensemble
2026-05-09,05,2,wk inc flu hosp,2026-05-23,quantile,0.6,8,Arkansas,Ensemble
2026-05-09,05,2,wk inc flu hosp,2026-05-23,quantile,0.65,8,Arkansas,Ensemble
2026-05-09,05,2,wk inc flu hosp,2026-05-23,quantile,0.7,9,Arkansas,Ensemble
2026-05-09,05,2,wk inc flu hosp,2026-05-23,quantile,0.75,11,Arkansas,Ensemble
2026-05-09,05,2,wk inc flu hosp,2026-05-23,quantile,0.8,12,Arkansas,Ensemble
2026-05-09,05,2,wk inc flu hosp,2026-05-23,quantile,0.85,14,Arkansas,Ensemble
2026-05-09,05,2,wk inc flu hosp,2026-05-23,quantile,0.9,17,Arkansas,Ensemble
2026-05-09,05,2,wk inc flu hosp,2026-05-23,quantile,0.95,22,Arkansas,Ensemble
2026-05-09,05,2,wk inc flu hosp,2026-05-23,quantile,0.975,27,Arkansas,Ensemble
2026-05-09,05,2,wk inc flu hosp,2026-05-23,quantile,0.99,36,Arkansas,Ensemble
2026-05-09,05,3,wk inc flu hosp,2026-05-30,quantile,0.01,0,Arkansas,Ensemble
2026-05-09,05,3,wk inc flu hosp,2026-05-30,quantile,0.025,0,Arkansas,Ensemble
2026-05-09,05,3,wk inc flu hosp,2026-05-30,quantile,0.05,1,Arkansas,Ensemble
2026-05-09,05,3,wk inc flu hosp,2026-05-30,quantile,0.1,1,Arkansas,Ensemble
2026-05-09,05,3,wk inc flu hosp,2026-05-30,quantile,0.15,2,Arkansas,Ensemble
2026-05-09,05,3,wk inc flu hosp,2026-05-30,quantile,0.2,2,Arkansas,Ensemble
2026-05-09,05,3,wk inc flu hosp,2026-05-30,quantile,0.25,2,Arkansas,Ensemble
2026-05-09,05,3,wk inc flu hosp,2026-05-30,quantile,0.3,3,Arkansas,Ensemble
2026-05-09,05,3,wk inc flu hosp,2026-05-30,quantile,0.35,3,Arkansas,Ensemble
2026-05-09,05,3,wk inc flu hosp,2026-05-30,quantile,0.4,4,Arkansas,Ensemble
2026-05-09,05,3,wk inc flu hosp,2026-05-30,quantile,0.45,4,Arkansas,Ensemble
2026-05-09,05,3,wk inc flu hosp,2026-05-30,quantile,0.5,6,Arkansas,Ensemble
2026-05-09,05,3,wk inc flu hosp,2026-05-30,quantile,0.55,7,Arkansas,Ensemble
2026-05-09,05,3,wk inc flu hosp,2026-05-30,quantile,0.6,7,Arkansas,Ensemble
2026-05-09,05,3,wk inc flu hosp,2026-05-30,quantile,0.65,8,Arkansas,Ensemble
2026-05-09,05,3,wk inc flu hosp,2026-05-30,quantile,0.7,9,Arkansas,Ensemble
2026-05-09,05,3,wk inc flu hosp,2026-05-30,quantile,0.75,10,Arkansas,Ensemble
2026-05-09,05,3,wk inc flu hosp,2026-05-30,quantile,0.8,12,Arkansas,Ensemble
2026-05-09,05,3,wk inc flu hosp,2026-05-30,quantile,0.85,14,Arkansas,Ensemble
2026-05-09,05,3,wk inc flu hosp,2026-05-30,quantile,0.9,17,Arkansas,Ensemble
2026-05-09,05,3,wk inc flu hosp,2026-05-30,quantile,0.95,23,Arkansas,Ensemble
2026-05-09,05,3,wk inc flu hosp,2026-05-30,quantile,0.975,30,Arkansas,Ensemble
2026-05-09,05,3,wk inc flu hosp,2026-05-30,quantile,0.99,40,Arkansas,Ensemble
2026-05-09,06,0,wk inc flu hosp,2026-05-09,quantile,0.01,58,California,Ensemble
2026-05-09,06,0,wk inc flu hosp,2026-05-09,quantile,0.025,70,California,Ensemble
2026-05-09,06,0,wk inc flu hosp,2026-05-09,quantile,0.05,88,California,Ensemble
2026-05-09,06,0,wk inc flu hosp,2026-05-09,quantile,0.1,105,California,Ensemble
2026-05-09,06,0,wk inc flu hosp,2026-05-09,quantile,0.15,116,California,Ensemble
2026-05-09,06,0,wk inc flu hosp,2026-05-09,quantile,0.2,126,California,Ensemble
2026-05-09,06,0,wk inc flu hosp,2026-05-09,quantile,0.25,134,California,Ensemble
2026-05-09,06,0,wk inc flu hosp,2026-05-09,quantile,0.3,142,California,Ensemble
2026-05-09,06,0,wk inc flu hosp,2026-05-09,quantile,0.35,150,California,Ensemble
2026-05-09,06,0,wk inc flu hosp,2026-05-09,quantile,0.4,158,California,Ensemble
2026-05-09,06,0,wk inc flu hosp,2026-05-09,quantile,0.45,166,California,Ensemble
2026-05-09,06,0,wk inc flu hosp,2026-05-09,quantile,0.5,175,California,Ensemble
2026-05-09,06,0,wk inc flu hosp,2026-05-09,quantile,0.55,183,California,Ensemble
2026-05-09,06,0,wk inc flu hosp,2026-05-09,quantile,0.6,191,California,Ensemble
2026-05-09,06,0,wk inc flu hosp,2026-05-09,quantile,0.65,199,California,Ensemble
2026-05-09,06,0,wk inc flu hosp,2026-05-09,quantile,0.7,208,California,Ensemble
2026-05-09,06,0,wk inc flu hosp,2026-05-09,quantile,0.75,218,California,Ensemble
2026-05-09,06,0,wk inc flu hosp,2026-05-09,quantile,0.8,229,California,Ensemble
2026-05-09,06,0,wk inc flu hosp,2026-05-09,quantile,0.85,244,California,Ensemble
2026-05-09,06,0,wk inc flu hosp,2026-05-09,quantile,0.9,266,California,Ensemble
2026-05-09,06,0,wk inc flu hosp,2026-05-09,quantile,0.95,316,California,Ensemble
2026-05-09,06,0,wk inc flu hosp,2026-05-09,quantile,0.975,379,California,Ensemble
2026-05-09,06,0,wk inc flu hosp,2026-05-09,quantile,0.99,459,California,Ensemble
2026-05-09,06,1,wk inc flu hosp,2026-05-16,quantile,0.01,35,California,Ensemble
2026-05-09,06,1,wk inc flu hosp,2026-05-16,quantile,0.025,46,California,Ensemble
2026-05-09,06,1,wk inc flu hosp,2026-05-16,quantile,0.05,56,California,Ensemble
2026-05-09,06,1,wk inc flu hosp,2026-05-16,quantile,0.1,76,California,Ensemble
2026-05-09,06,1,wk inc flu hosp,2026-05-16,quantile,0.15,86,California,Ensemble
2026-05-09,06,1,wk inc flu hosp,2026-05-16,quantile,0.2,96,California,Ensemble
2026-05-09,06,1,wk inc flu hosp,2026-05-16,quantile,0.25,105,California,Ensemble
2026-05-09,06,1,wk inc flu hosp,2026-05-16,quantile,0.3,114,California,Ensemble
2026-05-09,06,1,wk inc flu hosp,2026-05-16,quantile,0.35,122,California,Ensemble
2026-05-09,06,1,wk inc flu hosp,2026-05-16,quantile,0.4,130,California,Ensemble
2026-05-09,06,1,wk inc flu hosp,2026-05-16,quantile,0.45,138,California,Ensemble
2026-05-09,06,1,wk inc flu hosp,2026-05-16,quantile,0.5,148,California,Ensemble
2026-05-09,06,1,wk inc flu hosp,2026-05-16,quantile,0.55,158,California,Ensemble
2026-05-09,06,1,wk inc flu hosp,2026-05-16,quantile,0.6,168,California,Ensemble
2026-05-09,06,1,wk inc flu hosp,2026-05-16,quantile,0.65,179,California,Ensemble
2026-05-09,06,1,wk inc flu hosp,2026-05-16,quantile,0.7,190,California,Ensemble
2026-05-09,06,1,wk inc flu hosp,2026-05-16,quantile,0.75,202,California,Ensemble
2026-05-09,06,1,wk inc flu hosp,2026-05-16,quantile,0.8,217,California,Ensemble
2026-05-09,06,1,wk inc flu hosp,2026-05-16,quantile,0.85,237,California,Ensemble
2026-05-09,06,1,wk inc flu hosp,2026-05-16,quantile,0.9,274,California,Ensemble
2026-05-09,06,1,wk inc flu hosp,2026-05-16,quantile,0.95,350,California,Ensemble
2026-05-09,06,1,wk inc flu hosp,2026-05-16,quantile,0.975,422,California,Ensemble
2026-05-09,06,1,wk inc flu hosp,2026-05-16,quantile,0.99,519,California,Ensemble
2026-05-09,06,2,wk inc flu hosp,2026-05-23,quantile,0.01,25,California,Ensemble
2026-05-09,06,2,wk inc flu hosp,2026-05-23,quantile,0.025,34,California,Ensemble
2026-05-09,06,2,wk inc flu hosp,2026-05-23,quantile,0.05,43,California,Ensemble
2026-05-09,06,2,wk inc flu hosp,2026-05-23,quantile,0.1,55,California,Ensemble
2026-05-09,06,2,wk inc flu hosp,2026-05-23,quantile,0.15,70,California,Ensemble
2026-05-09,06,2,wk inc flu hosp,2026-05-23,quantile,0.2,78,California,Ensemble
2026-05-09,06,2,wk inc flu hosp,2026-05-23,quantile,0.25,87,California,Ensemble
2026-05-09,06,2,wk inc flu hosp,2026-05-23,quantile,0.3,95,California,Ensemble
2026-05-09,06,2,wk inc flu hosp,2026-05-23,quantile,0.35,103,California,Ensemble
2026-05-09,06,2,wk inc flu hosp,2026-05-23,quantile,0.4,111,California,Ensemble
2026-05-09,06,2,wk inc flu hosp,2026-05-23,quantile,0.45,119,California,Ensemble
2026-05-09,06,2,wk inc flu hosp,2026-05-23,quantile,0.5,129,California,Ensemble
2026-05-09,06,2,wk inc flu hosp,2026-05-23,quantile,0.55,140,California,Ensemble
2026-05-09,06,2,wk inc flu hosp,2026-05-23,quantile,0.6,151,California,Ensemble
2026-05-09,06,2,wk inc flu hosp,2026-05-23,quantile,0.65,164,California,Ensemble
2026-05-09,06,2,wk inc flu hosp,2026-05-23,quantile,0.7,177,California,Ensemble
2026-05-09,06,2,wk inc flu hosp,2026-05-23,quantile,0.75,192,California,Ensemble
2026-05-09,06,2,wk inc flu hosp,2026-05-23,quantile,0.8,210,California,Ensemble
2026-05-09,06,2,wk inc flu hosp,2026-05-23,quantile,0.85,238,California,Ensemble
2026-05-09,06,2,wk inc flu hosp,2026-05-23,quantile,0.9,285,California,Ensemble
2026-05-09,06,2,wk inc flu hosp,2026-05-23,quantile,0.95,372,California,Ensemble
2026-05-09,06,2,wk inc flu hosp,2026-05-23,quantile,0.975,455,California,Ensemble
2026-05-09,06,2,wk inc flu hosp,2026-05-23,quantile,0.99,561,California,Ensemble
2026-05-09,06,3,wk inc flu hosp,2026-05-30,quantile,0.01,19,California,Ensemble
2026-05-09,06,3,wk inc flu hosp,2026-05-30,quantile,0.025,25,California,Ensemble
2026-05-09,06,3,wk inc flu hosp,2026-05-30,quantile,0.05,32,California,Ensemble
2026-05-09,06,3,wk inc flu hosp,2026-05-30,quantile,0.1,42,California,Ensemble
2026-05-09,06,3,wk inc flu hosp,2026-05-30,quantile,0.15,55,California,Ensemble
2026-05-09,06,3,wk inc flu hosp,2026-05-30,quantile,0.2,64,California,Ensemble
2026-05-09,06,3,wk inc flu hosp,2026-05-30,quantile,0.25,72,California,Ensemble
2026-05-09,06,3,wk inc flu hosp,2026-05-30,quantile,0.3,80,California,Ensemble
2026-05-09,06,3,wk inc flu hosp,2026-05-30,quantile,0.35,89,California,Ensemble
2026-05-09,06,3,wk inc flu hosp,2026-05-30,quantile,0.4,97,California,Ensemble
2026-05-09,06,3,wk inc flu hosp,2026-05-30,quantile,0.45,105,California,Ensemble
2026-05-09,06,3,wk inc flu hosp,2026-05-30,quantile,0.5,116,California,Ensemble
2026-05-09,06,3,wk inc flu hosp,2026-05-30,quantile,0.55,126,California,Ensemble
2026-05-09,06,3,wk inc flu hosp,2026-05-30,quantile,0.6,138,California,Ensemble
2026-05-09,06,3,wk inc flu hosp,2026-05-30,quantile,0.65,151,California,Ensemble
2026-05-09,06,3,wk inc flu hosp,2026-05-30,quantile,0.7,166,California,Ensemble
2026-05-09,06,3,wk inc flu hosp,2026-05-30,quantile,0.75,184,California,Ensemble
2026-05-09,06,3,wk inc flu hosp,2026-05-30,quantile,0.8,206,California,Ensemble
2026-05-09,06,3,wk inc flu hosp,2026-05-30,quantile,0.85,241,California,Ensemble
2026-05-09,06,3,wk inc flu hosp,2026-05-30,quantile,0.9,297,California,Ensemble
2026-05-09,06,3,wk inc flu hosp,2026-05-30,quantile,0.95,388,California,Ensemble
2026-05-09,06,3,wk inc flu hosp,2026-05-30,quantile,0.975,479,California,Ensemble
2026-05-09,06,3,wk inc flu hosp,2026-05-30,quantile,0.99,599,California,Ensemble
2026-05-09,08,0,wk inc flu hosp,2026-05-09,quantile,0.01,5,Colorado,Ensemble
2026-05-09,08,0,wk inc flu hosp,2026-05-09,quantile,0.025,6,Colorado,Ensemble
2026-05-09,08,0,wk inc flu hosp,2026-05-09,quantile,0.05,8,Colorado,Ensemble
2026-05-09,08,0,wk inc flu hosp,2026-05-09,quantile,0.1,10,Colorado,Ensemble
2026-05-09,08,0,wk inc flu hosp,2026-05-09,quantile,0.15,11,Colorado,Ensemble
2026-05-09,08,0,wk inc flu hosp,2026-05-09,quantile,0.2,13,Colorado,Ensemble
2026-05-09,08,0,wk inc flu hosp,2026-05-09,quantile,0.25,14,Colorado,Ensemble
2026-05-09,08,0,wk inc flu hosp,2026-05-09,quantile,0.3,15,Colorado,Ensemble
2026-05-09,08,0,wk inc flu hosp,2026-05-09,quantile,0.35,16,Colorado,Ensemble
2026-05-09,08,0,wk inc flu hosp,2026-05-09,quantile,0.4,17,Colorado,Ensemble
2026-05-09,08,0,wk inc flu hosp,2026-05-09,quantile,0.45,19,Colorado,Ensemble
2026-05-09,08,0,wk inc flu hosp,2026-05-09,quantile,0.5,21,Colorado,Ensemble
2026-05-09,08,0,wk inc flu hosp,2026-05-09,quantile,0.55,23,Colorado,Ensemble
2026-05-09,08,0,wk inc flu hosp,2026-05-09,quantile,0.6,25,Colorado,Ensemble
2026-05-09,08,0,wk inc flu hosp,2026-05-09,quantile,0.65,26,Colorado,Ensemble
2026-05-09,08,0,wk inc flu hosp,2026-05-09,quantile,0.7,28,Colorado,Ensemble
2026-05-09,08,0,wk inc flu hosp,2026-05-09,quantile,0.75,29,Colorado,Ensemble
2026-05-09,08,0,wk inc flu hosp,2026-05-09,quantile,0.8,31,Colorado,Ensemble
2026-05-09,08,0,wk inc flu hosp,2026-05-09,quantile,0.85,34,Colorado,Ensemble
2026-05-09,08,0,wk inc flu hosp,2026-05-09,quantile,0.9,39,Colorado,Ensemble
2026-05-09,08,0,wk inc flu hosp,2026-05-09,quantile,0.95,48,Colorado,Ensemble
2026-05-09,08,0,wk inc flu hosp,2026-05-09,quantile,0.975,56,Colorado,Ensemble
2026-05-09,08,0,wk inc flu hosp,2026-05-09,quantile,0.99,67,Colorado,Ensemble
2026-05-09,08,1,wk inc flu hosp,2026-05-16,quantile,0.01,3,Colorado,Ensemble
2026-05-09,08,1,wk inc flu hosp,2026-05-16,quantile,0.025,4,Colorado,Ensemble
2026-05-09,08,1,wk inc flu hosp,2026-05-16,quantile,0.05,5,Colorado,Ensemble
2026-05-09,08,1,wk inc flu hosp,2026-05-16,quantile,0.1,7,Colorado,Ensemble
2026-05-09,08,1,wk inc flu hosp,2026-05-16,quantile,0.15,8,Colorado,Ensemble
2026-05-09,08,1,wk inc flu hosp,2026-05-16,quantile,0.2,9,Colorado,Ensemble
2026-05-09,08,1,wk inc flu hosp,2026-05-16,quantile,0.25,11,Colorado,Ensemble
2026-05-09,08,1,wk inc flu hosp,2026-05-16,quantile,0.3,12,Colorado,Ensemble
2026-05-09,08,1,wk inc flu hosp,2026-05-16,quantile,0.35,13,Colorado,Ensemble
2026-05-09,08,1,wk inc flu hosp,2026-05-16,quantile,0.4,14,Colorado,Ensemble
2026-05-09,08,1,wk inc flu hosp,2026-05-16,quantile,0.45,15,Colorado,Ensemble
2026-05-09,08,1,wk inc flu hosp,2026-05-16,quantile,0.5,18,Colorado,Ensemble
2026-05-09,08,1,wk inc flu hosp,2026-05-16,quantile,0.55,20,Colorado,Ensemble
2026-05-09,08,1,wk inc flu hosp,2026-05-16,quantile,0.6,22,Colorado,Ensemble
2026-05-09,08,1,wk inc flu hosp,2026-05-16,quantile,0.65,24,Colorado,Ensemble
2026-05-09,08,1,wk inc flu hosp,2026-05-16,quantile,0.7,26,Colorado,Ensemble
2026-05-09,08,1,wk inc flu hosp,2026-05-16,quantile,0.75,29,Colorado,Ensemble
2026-05-09,08,1,wk inc flu hosp,2026-05-16,quantile,0.8,32,Colorado,Ensemble
2026-05-09,08,1,wk inc flu hosp,2026-05-16,quantile,0.85,37,Colorado,Ensemble
2026-05-09,08,1,wk inc flu hosp,2026-05-16,quantile,0.9,44,Colorado,Ensemble
2026-05-09,08,1,wk inc flu hosp,2026-05-16,quantile,0.95,56,Colorado,Ensemble
2026-05-09,08,1,wk inc flu hosp,2026-05-16,quantile,0.975,69,Colorado,Ensemble
2026-05-09,08,1,wk inc flu hosp,2026-05-16,quantile,0.99,87,Colorado,Ensemble
2026-05-09,08,2,wk inc flu hosp,2026-05-23,quantile,0.01,1,Colorado,Ensemble
2026-05-09,08,2,wk inc flu hosp,2026-05-23,quantile,0.025,2,Colorado,Ensemble
2026-05-09,08,2,wk inc flu hosp,2026-05-23,quantile,0.05,3,Colorado,Ensemble
2026-05-09,08,2,wk inc flu hosp,2026-05-23,quantile,0.1,4,Colorado,Ensemble
2026-05-09,08,2,wk inc flu hosp,2026-05-23,quantile,0.15,6,Colorado,Ensemble
2026-05-09,08,2,wk inc flu hosp,2026-05-23,quantile,0.2,7,Colorado,Ensemble
2026-05-09,08,2,wk inc flu hosp,2026-05-23,quantile,0.25,8,Colorado,Ensemble
2026-05-09,08,2,wk inc flu hosp,2026-05-23,quantile,0.3,9,Colorado,Ensemble
2026-05-09,08,2,wk inc flu hosp,2026-05-23,quantile,0.35,10,Colorado,Ensemble
2026-05-09,08,2,wk inc flu hosp,2026-05-23,quantile,0.4,11,Colorado,Ensemble
2026-05-09,08,2,wk inc flu hosp,2026-05-23,quantile,0.45,12,Colorado,Ensemble
2026-05-09,08,2,wk inc flu hosp,2026-05-23,quantile,0.5,15,Colorado,Ensemble
2026-05-09,08,2,wk inc flu hosp,2026-05-23,quantile,0.55,16,Colorado,Ensemble
2026-05-09,08,2,wk inc flu hosp,2026-05-23,quantile,0.6,18,Colorado,Ensemble
2026-05-09,08,2,wk inc flu hosp,2026-05-23,quantile,0.65,21,Colorado,Ensemble
2026-05-09,08,2,wk inc flu hosp,2026-05-23,quantile,0.7,23,Colorado,Ensemble
2026-05-09,08,2,wk inc flu hosp,2026-05-23,quantile,0.75,26,Colorado,Ensemble
2026-05-09,08,2,wk inc flu hosp,2026-05-23,quantile,0.8,30,Colorado,Ensemble
2026-05-09,08,2,wk inc flu hosp,2026-05-23,quantile,0.85,36,Colorado,Ensemble
2026-05-09,08,2,wk inc flu hosp,2026-05-23,quantile,0.9,45,Colorado,Ensemble
2026-05-09,08,2,wk inc flu hosp,2026-05-23,quantile,0.95,60,Colorado,Ensemble
2026-05-09,08,2,wk inc flu hosp,2026-05-23,quantile,0.975,76,Colorado,Ensemble
2026-05-09,08,2,wk inc flu hosp,2026-05-23,quantile,0.99,101,Colorado,Ensemble
2026-05-09,08,3,wk inc flu hosp,2026-05-30,quantile,0.01,1,Colorado,Ensemble
2026-05-09,08,3,wk inc flu hosp,2026-05-30,quantile,0.025,1,Colorado,Ensemble
2026-05-09,08,3,wk inc flu hosp,2026-05-30,quantile,0.05,2,Colorado,Ensemble
2026-05-09,08,3,wk inc flu hosp,2026-05-30,quantile,0.1,3,Colorado,Ensemble
2026-05-09,08,3,wk inc flu hosp,2026-05-30,quantile,0.15,4,Colorado,Ensemble
2026-05-09,08,3,wk inc flu hosp,2026-05-30,quantile,0.2,5,Colorado,Ensemble
2026-05-09,08,3,wk inc flu hosp,2026-05-30,quantile,0.25,6,Colorado,Ensemble
2026-05-09,08,3,wk inc flu hosp,2026-05-30,quantile,0.3,7,Colorado,Ensemble
2026-05-09,08,3,wk inc flu hosp,2026-05-30,quantile,0.35,8,Colorado,Ensemble
2026-05-09,08,3,wk inc flu hosp,2026-05-30,quantile,0.4,9,Colorado,Ensemble
2026-05-09,08,3,wk inc flu hosp,2026-05-30,quantile,0.45,10,Colorado,Ensemble
2026-05-09,08,3,wk inc flu hosp,2026-05-30,quantile,0.5,12,Colorado,Ensemble
2026-05-09,08,3,wk inc flu hosp,2026-05-30,quantile,0.55,14,Colorado,Ensemble
2026-05-09,08,3,wk inc flu hosp,2026-05-30,quantile,0.6,16,Colorado,Ensemble
2026-05-09,08,3,wk inc flu hosp,2026-05-30,quantile,0.65,19,Colorado,Ensemble
2026-05-09,08,3,wk inc flu hosp,2026-05-30,quantile,0.7,21,Colorado,Ensemble
2026-05-09,08,3,wk inc flu hosp,2026-05-30,quantile,0.75,25,Colorado,Ensemble
2026-05-09,08,3,wk inc flu hosp,2026-05-30,quantile,0.8,29,Colorado,Ensemble
2026-05-09,08,3,wk inc flu hosp,2026-05-30,quantile,0.85,36,Colorado,Ensemble
2026-05-09,08,3,wk inc flu hosp,2026-05-30,quantile,0.9,46,Colorado,Ensemble
2026-05-09,08,3,wk inc flu hosp,2026-05-30,quantile,0.95,64,Colorado,Ensemble
2026-05-09,08,3,wk inc flu hosp,2026-05-30,quantile,0.975,84,Colorado,Ensemble
2026-05-09,08,3,wk inc flu hosp,2026-05-30,quantile,0.99,113,Colorado,Ensemble
2026-05-09,09,0,wk inc flu hosp,2026-05-09,quantile,0.01,1,Connecticut,Ensemble
2026-05-09,09,0,wk inc flu hosp,2026-05-09,quantile,0.025,1,Connecticut,Ensemble
2026-05-09,09,0,wk inc flu hosp,2026-05-09,quantile,0.05,2,Connecticut,Ensemble
2026-05-09,09,0,wk inc flu hosp,2026-05-09,quantile,0.1,3,Connecticut,Ensemble
2026-05-09,09,0,wk inc flu hosp,2026-05-09,quantile,0.15,4,Connecticut,Ensemble
2026-05-09,09,0,wk inc flu hosp,2026-05-09,quantile,0.2,4,Connecticut,Ensemble
2026-05-09,09,0,wk inc flu hosp,2026-05-09,quantile,0.25,5,Connecticut,Ensemble
2026-05-09,09,0,wk inc flu hosp,2026-05-09,quantile,0.3,6,Connecticut,Ensemble
2026-05-09,09,0,wk inc flu hosp,2026-05-09,quantile,0.35,6,Connecticut,Ensemble
2026-05-09,09,0,wk inc flu hosp,2026-05-09,quantile,0.4,7,Connecticut,Ensemble
2026-05-09,09,0,wk inc flu hosp,2026-05-09,quantile,0.45,8,Connecticut,Ensemble
2026-05-09,09,0,wk inc flu hosp,2026-05-09,quantile,0.5,9,Connecticut,Ensemble
2026-05-09,09,0,wk inc flu hosp,2026-05-09,quantile,0.55,10,Connecticut,Ensemble
2026-05-09,09,0,wk inc flu hosp,2026-05-09,quantile,0.6,11,Connecticut,Ensemble
2026-05-09,09,0,wk inc flu hosp,2026-05-09,quantile,0.65,11,Connecticut,Ensemble
2026-05-09,09,0,wk inc flu hosp,2026-05-09,quantile,0.7,12,Connecticut,Ensemble
2026-05-09,09,0,wk inc flu hosp,2026-05-09,quantile,0.75,13,Connecticut,Ensemble
2026-05-09,09,0,wk inc flu hosp,2026-05-09,quantile,0.8,14,Connecticut,Ensemble
2026-05-09,09,0,wk inc flu hosp,2026-05-09,quantile,0.85,16,Connecticut,Ensemble
2026-05-09,09,0,wk inc flu hosp,2026-05-09,quantile,0.9,18,Connecticut,Ensemble
2026-05-09,09,0,wk inc flu hosp,2026-05-09,quantile,0.95,24,Connecticut,Ensemble
2026-05-09,09,0,wk inc flu hosp,2026-05-09,quantile,0.975,31,Connecticut,Ensemble
2026-05-09,09,0,wk inc flu hosp,2026-05-09,quantile,0.99,42,Connecticut,Ensemble
2026-05-09,09,1,wk inc flu hosp,2026-05-16,quantile,0.01,0,Connecticut,Ensemble
2026-05-09,09,1,wk inc flu hosp,2026-05-16,quantile,0.025,1,Connecticut,Ensemble
2026-05-09,09,1,wk inc flu hosp,2026-05-16,quantile,0.05,1,Connecticut,Ensemble
2026-05-09,09,1,wk inc flu hosp,2026-05-16,quantile,0.1,2,Connecticut,Ensemble
2026-05-09,09,1,wk inc flu hosp,2026-05-16,quantile,0.15,3,Connecticut,Ensemble
2026-05-09,09,1,wk inc flu hosp,2026-05-16,quantile,0.2,3,Connecticut,Ensemble
2026-05-09,09,1,wk inc flu hosp,2026-05-16,quantile,0.25,4,Connecticut,Ensemble
2026-05-09,09,1,wk inc flu hosp,2026-05-16,quantile,0.3,5,Connecticut,Ensemble
2026-05-09,09,1,wk inc flu hosp,2026-05-16,quantile,0.35,5,Connecticut,Ensemble
2026-05-09,09,1,wk inc flu hosp,2026-05-16,quantile,0.4,6,Connecticut,Ensemble
2026-05-09,09,1,wk inc flu hosp,2026-05-16,quantile,0.45,6,Connecticut,Ensemble
2026-05-09,09,1,wk inc flu hosp,2026-05-16,quantile,0.5,8,Connecticut,Ensemble
2026-05-09,09,1,wk inc flu hosp,2026-05-16,quantile,0.55,9,Connecticut,Ensemble
2026-05-09,09,1,wk inc flu hosp,2026-05-16,quantile,0.6,9,Connecticut,Ensemble
2026-05-09,09,1,wk inc flu hosp,2026-05-16,quantile,0.65,10,Connecticut,Ensemble
2026-05-09,09,1,wk inc flu hosp,2026-05-16,quantile,0.7,11,Connecticut,Ensemble
2026-05-09,09,1,wk inc flu hosp,2026-05-16,quantile,0.75,13,Connecticut,Ensemble
2026-05-09,09,1,wk inc flu hosp,2026-05-16,quantile,0.8,14,Connecticut,Ensemble
2026-05-09,09,1,wk inc flu hosp,2026-05-16,quantile,0.85,17,Connecticut,Ensemble
2026-05-09,09,1,wk inc flu hosp,2026-05-16,quantile,0.9,22,Connecticut,Ensemble
2026-05-09,09,1,wk inc flu hosp,2026-05-16,quantile,0.95,31,Connecticut,Ensemble
2026-05-09,09,1,wk inc flu hosp,2026-05-16,quantile,0.975,42,Connecticut,Ensemble
2026-05-09,09,1,wk inc flu hosp,2026-05-16,quantile,0.99,55,Connecticut,Ensemble
2026-05-09,09,2,wk inc flu hosp,2026-05-23,quantile,0.01,0,Connecticut,Ensemble
2026-05-09,09,2,wk inc flu hosp,2026-05-23,quantile,0.025,1,Connecticut,Ensemble
2026-05-09,09,2,wk inc flu hosp,2026-05-23,quantile,0.05,1,Connecticut,Ensemble
2026-05-09,09,2,wk inc flu hosp,2026-05-23,quantile,0.1,1,Connecticut,Ensemble
2026-05-09,09,2,wk inc flu hosp,2026-05-23,quantile,0.15,2,Connecticut,Ensemble
2026-05-09,09,2,wk inc flu hosp,2026-05-23,quantile,0.2,3,Connecticut,Ensemble
2026-05-09,09,2,wk inc flu hosp,2026-05-23,quantile,0.25,3,Connecticut,Ensemble
2026-05-09,09,2,wk inc flu hosp,2026-05-23,quantile,0.3,4,Connecticut,Ensemble
2026-05-09,09,2,wk inc flu hosp,2026-05-23,quantile,0.35,4,Connecticut,Ensemble
2026-05-09,09,2,wk inc flu hosp,2026-05-23,quantile,0.4,5,Connecticut,Ensemble
2026-05-09,09,2,wk inc flu hosp,2026-05-23,quantile,0.45,5,Connecticut,Ensemble
2026-05-09,09,2,wk inc flu hosp,2026-05-23,quantile,0.5,7,Connecticut,Ensemble
2026-05-09,09,2,wk inc flu hosp,2026-05-23,quantile,0.55,8,Connecticut,Ensemble
2026-05-09,09,2,wk inc flu hosp,2026-05-23,quantile,0.6,9,Connecticut,Ensemble
2026-05-09,09,2,wk inc flu hosp,2026-05-23,quantile,0.65,10,Connecticut,Ensemble
2026-05-09,09,2,wk inc flu hosp,2026-05-23,quantile,0.7,11,Connecticut,Ensemble
2026-05-09,09,2,wk inc flu hosp,2026-05-23,quantile,0.75,12,Connecticut,Ensemble
2026-05-09,09,2,wk inc flu hosp,2026-05-23,quantile,0.8,15,Connecticut,Ensemble
2026-05-09,09,2,wk inc flu hosp,2026-05-23,quantile,0.85,19,Connecticut,Ensemble
2026-05-09,09,2,wk inc flu hosp,2026-05-23,quantile,0.9,25,Connecticut,Ensemble
2026-05-09,09,2,wk inc flu hosp,2026-05-23,quantile,0.95,38,Connecticut,Ensemble
2026-05-09,09,2,wk inc flu hosp,2026-05-23,quantile,0.975,52,Connecticut,Ensemble
2026-05-09,09,2,wk inc flu hosp,2026-05-23,quantile,0.99,67,Connecticut,Ensemble
2026-05-09,09,3,wk inc flu hosp,2026-05-30,quantile,0.01,0,Connecticut,Ensemble
2026-05-09,09,3,wk inc flu hosp,2026-05-30,quantile,0.025,0,Connecticut,Ensemble
2026-05-09,09,3,wk inc flu hosp,2026-05-30,quantile,0.05,1,Connecticut,Ensemble
2026-05-09,09,3,wk inc flu hosp,2026-05-30,quantile,0.1,1,Connecticut,Ensemble
2026-05-09,09,3,wk inc flu hosp,2026-05-30,quantile,0.15,2,Connecticut,Ensemble
2026-05-09,09,3,wk inc flu hosp,2026-05-30,quantile,0.2,2,Connecticut,Ensemble
2026-05-09,09,3,wk inc flu hosp,2026-05-30,quantile,0.25,3,Connecticut,Ensemble
2026-05-09,09,3,wk inc flu hosp,2026-05-30,quantile,0.3,3,Connecticut,Ensemble
2026-05-09,09,3,wk inc flu hosp,2026-05-30,quantile,0.35,4,Connecticut,Ensemble
2026-05-09,09,3,wk inc flu hosp,2026-05-30,quantile,0.4,4,Connecticut,Ensemble
2026-05-09,09,3,wk inc flu hosp,2026-05-30,quantile,0.45,5,Connecticut,Ensemble
2026-05-09,09,3,wk inc flu hosp,2026-05-30,quantile,0.5,6,Connecticut,Ensemble
2026-05-09,09,3,wk inc flu hosp,2026-05-30,quantile,0.55,7,Connecticut,Ensemble
2026-05-09,09,3,wk inc flu hosp,2026-05-30,quantile,0.6,8,Connecticut,Ensemble
2026-05-09,09,3,wk inc flu hosp,2026-05-30,quantile,0.65,9,Connecticut,Ensemble
2026-05-09,09,3,wk inc flu hosp,2026-05-30,quantile,0.7,10,Connecticut,Ensemble
2026-05-09,09,3,wk inc flu hosp,2026-05-30,quantile,0.75,12,Connecticut,Ensemble
2026-05-09,09,3,wk inc flu hosp,2026-05-30,quantile,0.8,15,Connecticut,Ensemble
2026-05-09,09,3,wk inc flu hosp,2026-05-30,quantile,0.85,20,Connecticut,Ensemble
2026-05-09,09,3,wk inc flu hosp,2026-05-30,quantile,0.9,27,Connecticut,Ensemble
2026-05-09,09,3,wk inc flu hosp,2026-05-30,quantile,0.95,42,Connecticut,Ensemble
2026-05-09,09,3,wk inc flu hosp,2026-05-30,quantile,0.975,57,Connecticut,Ensemble
2026-05-09,09,3,wk inc flu hosp,2026-05-30,quantile,0.99,76,Connecticut,Ensemble
2026-05-09,10,0,wk inc flu hosp,2026-05-09,quantile,0.01,0,Delaware,Ensemble
2026-05-09,10,0,wk inc flu hosp,2026-05-09,quantile,0.025,0,Delaware,Ensemble
2026-05-09,10,0,wk inc flu hosp,2026-05-09,quantile,0.05,0,Delaware,Ensemble
2026-05-09,10,0,wk inc flu hosp,2026-05-09,quantile,0.1,1,Delaware,Ensemble
2026-05-09,10,0,wk inc flu hosp,2026-05-09,quantile,0.15,1,Delaware,Ensemble
2026-05-09,10,0,wk inc flu hosp,2026-05-09,quantile,0.2,1,Delaware,Ensemble
2026-05-09,10,0,wk inc flu hosp,2026-05-09,quantile,0.25,1,Delaware,Ensemble
2026-05-09,10,0,wk inc flu hosp,2026-05-09,quantile,0.3,2,Delaware,Ensemble
2026-05-09,10,0,wk inc flu hosp,2026-05-09,quantile,0.35,2,Delaware,Ensemble
2026-05-09,10,0,wk inc flu hosp,2026-05-09,quantile,0.4,2,Delaware,Ensemble
2026-05-09,10,0,wk inc flu hosp,2026-05-09,quantile,0.45,2,Delaware,Ensemble
2026-05-09,10,0,wk inc flu hosp,2026-05-09,quantile,0.5,4,Delaware,Ensemble
2026-05-09,10,0,wk inc flu hosp,2026-05-09,quantile,0.55,4,Delaware,Ensemble
2026-05-09,10,0,wk inc flu hosp,2026-05-09,quantile,0.6,4,Delaware,Ensemble
2026-05-09,10,0,wk inc flu hosp,2026-05-09,quantile,0.65,4,Delaware,Ensemble
2026-05-09,10,0,wk inc flu hosp,2026-05-09,quantile,0.7,5,Delaware,Ensemble
2026-05-09,10,0,wk inc flu hosp,2026-05-09,quantile,0.75,5,Delaware,Ensemble
2026-05-09,10,0,wk inc flu hosp,2026-05-09,quantile,0.8,6,Delaware,Ensemble
2026-05-09,10,0,wk inc flu hosp,2026-05-09,quantile,0.85,7,Delaware,Ensemble
2026-05-09,10,0,wk inc flu hosp,2026-05-09,quantile,0.9,8,Delaware,Ensemble
2026-05-09,10,0,wk inc flu hosp,2026-05-09,quantile,0.95,10,Delaware,Ensemble
2026-05-09,10,0,wk inc flu hosp,2026-05-09,quantile,0.975,12,Delaware,Ensemble
2026-05-09,10,0,wk inc flu hosp,2026-05-09,quantile,0.99,16,Delaware,Ensemble
2026-05-09,10,1,wk inc flu hosp,2026-05-16,quantile,0.01,0,Delaware,Ensemble
2026-05-09,10,1,wk inc flu hosp,2026-05-16,quantile,0.025,0,Delaware,Ensemble
2026-05-09,10,1,wk inc flu hosp,2026-05-16,quantile,0.05,0,Delaware,Ensemble
2026-05-09,10,1,wk inc flu hosp,2026-05-16,quantile,0.1,0,Delaware,Ensemble
2026-05-09,10,1,wk inc flu hosp,2026-05-16,quantile,0.15,1,Delaware,Ensemble
2026-05-09,10,1,wk inc flu hosp,2026-05-16,quantile,0.2,1,Delaware,Ensemble
2026-05-09,10,1,wk inc flu hosp,2026-05-16,quantile,0.25,1,Delaware,Ensemble
2026-05-09,10,1,wk inc flu hosp,2026-05-16,quantile,0.3,1,Delaware,Ensemble
2026-05-09,10,1,wk inc flu hosp,2026-05-16,quantile,0.35,1,Delaware,Ensemble
2026-05-09,10,1,wk inc flu hosp,2026-05-16,quantile,0.4,2,Delaware,Ensemble
2026-05-09,10,1,wk inc flu hosp,2026-05-16,quantile,0.45,2,Delaware,Ensemble
2026-05-09,10,1,wk inc flu hosp,2026-05-16,quantile,0.5,3,Delaware,Ensemble
2026-05-09,10,1,wk inc flu hosp,2026-05-16,quantile,0.55,4,Delaware,Ensemble
2026-05-09,10,1,wk inc flu hosp,2026-05-16,quantile,0.6,4,Delaware,Ensemble
2026-05-09,10,1,wk inc flu hosp,2026-05-16,quantile,0.65,5,Delaware,Ensemble
2026-05-09,10,1,wk inc flu hosp,2026-05-16,quantile,0.7,5,Delaware,Ensemble
2026-05-09,10,1,wk inc flu hosp,2026-05-16,quantile,0.75,5,Delaware,Ensemble
2026-05-09,10,1,wk inc flu hosp,2026-05-16,quantile,0.8,6,Delaware,Ensemble
2026-05-09,10,1,wk inc flu hosp,2026-05-16,quantile,0.85,7,Delaware,Ensemble
2026-05-09,10,1,wk inc flu hosp,2026-05-16,quantile,0.9,9,Delaware,Ensemble
2026-05-09,10,1,wk inc flu hosp,2026-05-16,quantile,0.95,12,Delaware,Ensemble
2026-05-09,10,1,wk inc flu hosp,2026-05-16,quantile,0.975,16,Delaware,Ensemble
2026-05-09,10,1,wk inc flu hosp,2026-05-16,quantile,0.99,22,Delaware,Ensemble
2026-05-09,10,2,wk inc flu hosp,2026-05-23,quantile,0.01,0,Delaware,Ensemble
2026-05-09,10,2,wk inc flu hosp,2026-05-23,quantile,0.025,0,Delaware,Ensemble
2026-05-09,10,2,wk inc flu hosp,2026-05-23,quantile,0.05,0,Delaware,Ensemble
2026-05-09,10,2,wk inc flu hosp,2026-05-23,quantile,0.1,0,Delaware,Ensemble
2026-05-09,10,2,wk inc flu hosp,2026-05-23,quantile,0.15,0,Delaware,Ensemble
2026-05-09,10,2,wk inc flu hosp,2026-05-23,quantile,0.2,0,Delaware,Ensemble
2026-05-09,10,2,wk inc flu hosp,2026-05-23,quantile,0.25,1,Delaware,Ensemble
2026-05-09,10,2,wk inc flu hosp,2026-05-23,quantile,0.3,1,Delaware,Ensemble
2026-05-09,10,2,wk inc flu hosp,2026-05-23,quantile,0.35,1,Delaware,Ensemble
2026-05-09,10,2,wk inc flu hosp,2026-05-23,quantile,0.4,1,Delaware,Ensemble
2026-05-09,10,2,wk inc flu hosp,2026-05-23,quantile,0.45,2,Delaware,Ensemble
2026-05-09,10,2,wk inc flu hosp,2026-05-23,quantile,0.5,3,Delaware,Ensemble
2026-05-09,10,2,wk inc flu hosp,2026-05-23,quantile,0.55,3,Delaware,Ensemble
2026-05-09,10,2,wk inc flu hosp,2026-05-23,quantile,0.6,4,Delaware,Ensemble
2026-05-09,10,2,wk inc flu hosp,2026-05-23,quantile,0.65,4,Delaware,Ensemble
2026-05-09,10,2,wk inc flu hosp,2026-05-23,quantile,0.7,5,Delaware,Ensemble
2026-05-09,10,2,wk inc flu hosp,2026-05-23,quantile,0.75,5,Delaware,Ensemble
2026-05-09,10,2,wk inc flu hosp,2026-05-23,quantile,0.8,6,Delaware,Ensemble
2026-05-09,10,2,wk inc flu hosp,2026-05-23,quantile,0.85,7,Delaware,Ensemble
2026-05-09,10,2,wk inc flu hosp,2026-05-23,quantile,0.9,10,Delaware,Ensemble
2026-05-09,10,2,wk inc flu hosp,2026-05-23,quantile,0.95,15,Delaware,Ensemble
2026-05-09,10,2,wk inc flu hosp,2026-05-23,quantile,0.975,19,Delaware,Ensemble
2026-05-09,10,2,wk inc flu hosp,2026-05-23,quantile,0.99,26,Delaware,Ensemble
2026-05-09,10,3,wk inc flu hosp,2026-05-30,quantile,0.01,0,Delaware,Ensemble
2026-05-09,10,3,wk inc flu hosp,2026-05-30,quantile,0.025,0,Delaware,Ensemble
2026-05-09,10,3,wk inc flu hosp,2026-05-30,quantile,0.05,0,Delaware,Ensemble
2026-05-09,10,3,wk inc flu hosp,2026-05-30,quantile,0.1,0,Delaware,Ensemble
2026-05-09,10,3,wk inc flu hosp,2026-05-30,quantile,0.15,0,Delaware,Ensemble
2026-05-09,10,3,wk inc flu hosp,2026-05-30,quantile,0.2,0,Delaware,Ensemble
2026-05-09,10,3,wk inc flu hosp,2026-05-30,quantile,0.25,0,Delaware,Ensemble
2026-05-09,10,3,wk inc flu hosp,2026-05-30,quantile,0.3,1,Delaware,Ensemble
2026-05-09,10,3,wk inc flu hosp,2026-05-30,quantile,0.35,1,Delaware,Ensemble
2026-05-09,10,3,wk inc flu hosp,2026-05-30,quantile,0.4,1,Delaware,Ensemble
2026-05-09,10,3,wk inc flu hosp,2026-05-30,quantile,0.45,1,Delaware,Ensemble
2026-05-09,10,3,wk inc flu hosp,2026-05-30,quantile,0.5,3,Delaware,Ensemble
2026-05-09,10,3,wk inc flu hosp,2026-05-30,quantile,0.55,3,Delaware,Ensemble
2026-05-09,10,3,wk inc flu hosp,2026-05-30,quantile,0.6,3,Delaware,Ensemble
2026-05-09,10,3,wk inc flu hosp,2026-05-30,quantile,0.65,4,Delaware,Ensemble
2026-05-09,10,3,wk inc flu hosp,2026-05-30,quantile,0.7,4,Delaware,Ensemble
2026-05-09,10,3,wk inc flu hosp,2026-05-30,quantile,0.75,5,Delaware,Ensemble
2026-05-09,10,3,wk inc flu hosp,2026-05-30,quantile,0.8,6,Delaware,Ensemble
2026-05-09,10,3,wk inc flu hosp,2026-05-30,quantile,0.85,8,Delaware,Ensemble
2026-05-09,10,3,wk inc flu hosp,2026-05-30,quantile,0.9,11,Delaware,Ensemble
2026-05-09,10,3,wk inc flu hosp,2026-05-30,quantile,0.95,16,Delaware,Ensemble
2026-05-09,10,3,wk inc flu hosp,2026-05-30,quantile,0.975,23,Delaware,Ensemble
2026-05-09,10,3,wk inc flu hosp,2026-05-30,quantile,0.99,31,Delaware,Ensemble
2026-05-09,11,0,wk inc flu hosp,2026-05-09,quantile,0.01,0,District of Columbia,Ensemble
2026-05-09,11,0,wk inc flu hosp,2026-05-09,quantile,0.025,0,District of Columbia,Ensemble
2026-05-09,11,0,wk inc flu hosp,2026-05-09,quantile,0.05,0,District of Columbia,Ensemble
2026-05-09,11,0,wk inc flu hosp,2026-05-09,quantile,0.1,0,District of Columbia,Ensemble
2026-05-09,11,0,wk inc flu hosp,2026-05-09,quantile,0.15,0,District of Columbia,Ensemble
2026-05-09,11,0,wk inc flu hosp,2026-05-09,quantile,0.2,0,District of Columbia,Ensemble
2026-05-09,11,0,wk inc flu hosp,2026-05-09,quantile,0.25,0,District of Columbia,Ensemble
2026-05-09,11,0,wk inc flu hosp,2026-05-09,quantile,0.3,0,District of Columbia,Ensemble
2026-05-09,11,0,wk inc flu hosp,2026-05-09,quantile,0.35,0,District of Columbia,Ensemble
2026-05-09,11,0,wk inc flu hosp,2026-05-09,quantile,0.4,0,District of Columbia,Ensemble
2026-05-09,11,0,wk inc flu hosp,2026-05-09,quantile,0.45,1,District of Columbia,Ensemble
2026-05-09,11,0,wk inc flu hosp,2026-05-09,quantile,0.5,2,District of Columbia,Ensemble
2026-05-09,11,0,wk inc flu hosp,2026-05-09,quantile,0.55,2,District of Columbia,Ensemble
2026-05-09,11,0,wk inc flu hosp,2026-05-09,quantile,0.6,2,District of Columbia,Ensemble
2026-05-09,11,0,wk inc flu hosp,2026-05-09,quantile,0.65,2,District of Columbia,Ensemble
2026-05-09,11,0,wk inc flu hosp,2026-05-09,quantile,0.7,3,District of Columbia,Ensemble
2026-05-09,11,0,wk inc flu hosp,2026-05-09,quantile,0.75,3,District of Columbia,Ensemble
2026-05-09,11,0,wk inc flu hosp,2026-05-09,quantile,0.8,3,District of Columbia,Ensemble
2026-05-09,11,0,wk inc flu hosp,2026-05-09,quantile,0.85,4,District of Columbia,Ensemble
2026-05-09,11,0,wk inc flu hosp,2026-05-09,quantile,0.9,5,District of Columbia,Ensemble
2026-05-09,11,0,wk inc flu hosp,2026-05-09,quantile,0.95,6,District of Columbia,Ensemble
2026-05-09,11,0,wk inc flu hosp,2026-05-09,quantile,0.975,9,District of Columbia,Ensemble
2026-05-09,11,0,wk inc flu hosp,2026-05-09,quantile,0.99,13,District of Columbia,Ensemble
2026-05-09,11,1,wk inc flu hosp,2026-05-16,quantile,0.01,0,District of Columbia,Ensemble
2026-05-09,11,1,wk inc flu hosp,2026-05-16,quantile,0.025,0,District of Columbia,Ensemble
2026-05-09,11,1,wk inc flu hosp,2026-05-16,quantile,0.05,0,District of Columbia,Ensemble
2026-05-09,11,1,wk inc flu hosp,2026-05-16,quantile,0.1,0,District of Columbia,Ensemble
2026-05-09,11,1,wk inc flu hosp,2026-05-16,quantile,0.15,0,District of Columbia,Ensemble
2026-05-09,11,1,wk inc flu hosp,2026-05-16,quantile,0.2,0,District of Columbia,Ensemble
2026-05-09,11,1,wk inc flu hosp,2026-05-16,quantile,0.25,0,District of Columbia,Ensemble
2026-05-09,11,1,wk inc flu hosp,2026-05-16,quantile,0.3,0,District of Columbia,Ensemble
2026-05-09,11,1,wk inc flu hosp,2026-05-16,quantile,0.35,0,District of Columbia,Ensemble
2026-05-09,11,1,wk inc flu hosp,2026-05-16,quantile,0.4,0,District of Columbia,Ensemble
2026-05-09,11,1,wk inc flu hosp,2026-05-16,quantile,0.45,0,District of Columbia,Ensemble
2026-05-09,11,1,wk inc flu hosp,2026-05-16,quantile,0.5,2,District of Columbia,Ensemble
2026-05-09,11,1,wk inc flu hosp,2026-05-16,quantile,0.55,2,District of Columbia,Ensemble
2026-05-09,11,1,wk inc flu hosp,2026-05-16,quantile,0.6,2,District of Columbia,Ensemble
2026-05-09,11,1,wk inc flu hosp,2026-05-16,quantile,0.65,2,District of Columbia,Ensemble
2026-05-09,11,1,wk inc flu hosp,2026-05-16,quantile,0.7,3,District of Columbia,Ensemble
2026-05-09,11,1,wk inc flu hosp,2026-05-16,quantile,0.75,3,District of Columbia,Ensemble
2026-05-09,11,1,wk inc flu hosp,2026-05-16,quantile,0.8,4,District of Columbia,Ensemble
2026-05-09,11,1,wk inc flu hosp,2026-05-16,quantile,0.85,5,District of Columbia,Ensemble
2026-05-09,11,1,wk inc flu hosp,2026-05-16,quantile,0.9,6,District of Columbia,Ensemble
2026-05-09,11,1,wk inc flu hosp,2026-05-16,quantile,0.95,9,District of Columbia,Ensemble
2026-05-09,11,1,wk inc flu hosp,2026-05-16,quantile,0.975,12,District of Columbia,Ensemble
2026-05-09,11,1,wk inc flu hosp,2026-05-16,quantile,0.99,19,District of Columbia,Ensemble
2026-05-09,11,2,wk inc flu hosp,2026-05-23,quantile,0.01,0,District of Columbia,Ensemble
2026-05-09,11,2,wk inc flu hosp,2026-05-23,quantile,0.025,0,District of Columbia,Ensemble
2026-05-09,11,2,wk inc flu hosp,2026-05-23,quantile,0.05,0,District of Columbia,Ensemble
2026-05-09,11,2,wk inc flu hosp,2026-05-23,quantile,0.1,0,District of Columbia,Ensemble
2026-05-09,11,2,wk inc flu hosp,2026-05-23,quantile,0.15,0,District of Columbia,Ensemble
2026-05-09,11,2,wk inc flu hosp,2026-05-23,quantile,0.2,0,District of Columbia,Ensemble
2026-05-09,11,2,wk inc flu hosp,2026-05-23,quantile,0.25,0,District of Columbia,Ensemble
2026-05-09,11,2,wk inc flu hosp,2026-05-23,quantile,0.3,0,District of Columbia,Ensemble
2026-05-09,11,2,wk inc flu hosp,2026-05-23,quantile,0.35,0,District of Columbia,Ensemble
2026-05-09,11,2,wk inc flu hosp,2026-05-23,quantile,0.4,0,District of Columbia,Ensemble
2026-05-09,11,2,wk inc flu hosp,2026-05-23,quantile,0.45,0,District of Columbia,Ensemble
2026-05-09,11,2,wk inc flu hosp,2026-05-23,quantile,0.5,1,District of Columbia,Ensemble
2026-05-09,11,2,wk inc flu hosp,2026-05-23,quantile,0.55,2,District of Columbia,Ensemble
2026-05-09,11,2,wk inc flu hosp,2026-05-23,quantile,0.6,2,District of Columbia,Ensemble
2026-05-09,11,2,wk inc flu hosp,2026-05-23,quantile,0.65,2,District of Columbia,Ensemble
2026-05-09,11,2,wk inc flu hosp,2026-05-23,quantile,0.7,2,District of Columbia,Ensemble
2026-05-09,11,2,wk inc flu hosp,2026-05-23,quantile,0.75,3,District of Columbia,Ensemble
2026-05-09,11,2,wk inc flu hosp,2026-05-23,quantile,0.8,4,District of Columbia,Ensemble
2026-05-09,11,2,wk inc flu hosp,2026-05-23,quantile,0.85,5,District of Columbia,Ensemble
2026-05-09,11,2,wk inc flu hosp,2026-05-23,quantile,0.9,7,District of Columbia,Ensemble
2026-05-09,11,2,wk inc flu hosp,2026-05-23,quantile,0.95,10,District of Columbia,Ensemble
2026-05-09,11,2,wk inc flu hosp,2026-05-23,quantile,0.975,14,District of Columbia,Ensemble
2026-05-09,11,2,wk inc flu hosp,2026-05-23,quantile,0.99,24,District of Columbia,Ensemble
2026-05-09,11,3,wk inc flu hosp,2026-05-30,quantile,0.01,0,District of Columbia,Ensemble
2026-05-09,11,3,wk inc flu hosp,2026-05-30,quantile,0.025,0,District of Columbia,Ensemble
2026-05-09,11,3,wk inc flu hosp,2026-05-30,quantile,0.05,0,District of Columbia,Ensemble
2026-05-09,11,3,wk inc flu hosp,2026-05-30,quantile,0.1,0,District of Columbia,Ensemble
2026-05-09,11,3,wk inc flu hosp,2026-05-30,quantile,0.15,0,District of Columbia,Ensemble
2026-05-09,11,3,wk inc flu hosp,2026-05-30,quantile,0.2,0,District of Columbia,Ensemble
2026-05-09,11,3,wk inc flu hosp,2026-05-30,quantile,0.25,0,District of Columbia,Ensemble
2026-05-09,11,3,wk inc flu hosp,2026-05-30,quantile,0.3,0,District of Columbia,Ensemble
2026-05-09,11,3,wk inc flu hosp,2026-05-30,quantile,0.35,0,District of Columbia,Ensemble
2026-05-09,11,3,wk inc flu hosp,2026-05-30,quantile,0.4,0,District of Columbia,Ensemble
2026-05-09,11,3,wk inc flu hosp,2026-05-30,quantile,0.45,0,District of Columbia,Ensemble
2026-05-09,11,3,wk inc flu hosp,2026-05-30,quantile,0.5,1,District of Columbia,Ensemble
2026-05-09,11,3,wk inc flu hosp,2026-05-30,quantile,0.55,2,District of Columbia,Ensemble
2026-05-09,11,3,wk inc flu hosp,2026-05-30,quantile,0.6,2,District of Columbia,Ensemble
2026-05-09,11,3,wk inc flu hosp,2026-05-30,quantile,0.65,2,District of Columbia,Ensemble
2026-05-09,11,3,wk inc flu hosp,2026-05-30,quantile,0.7,3,District of Columbia,Ensemble
2026-05-09,11,3,wk inc flu hosp,2026-05-30,quantile,0.75,3,District of Columbia,Ensemble
2026-05-09,11,3,wk inc flu hosp,2026-05-30,quantile,0.8,4,District of Columbia,Ensemble
2026-05-09,11,3,wk inc flu hosp,2026-05-30,quantile,0.85,5,District of Columbia,Ensemble
2026-05-09,11,3,wk inc flu hosp,2026-05-30,quantile,0.9,8,District of Columbia,Ensemble
2026-05-09,11,3,wk inc flu hosp,2026-05-30,quantile,0.95,12,District of Columbia,Ensemble
2026-05-09,11,3,wk inc flu hosp,2026-05-30,quantile,0.975,18,District of Columbia,Ensemble
2026-05-09,11,3,wk inc flu hosp,2026-05-30,quantile,0.99,28,District of Columbia,Ensemble
2026-05-09,12,0,wk inc flu hosp,2026-05-09,quantile,0.01,52,Florida,Ensemble
2026-05-09,12,0,wk inc flu hosp,2026-05-09,quantile,0.025,61,Florida,Ensemble
2026-05-09,12,0,wk inc flu hosp,2026-05-09,quantile,0.05,72,Florida,Ensemble
2026-05-09,12,0,wk inc flu hosp,2026-05-09,quantile,0.1,86,Florida,Ensemble
2026-05-09,12,0,wk inc flu hosp,2026-05-09,quantile,0.15,96,Florida,Ensemble
2026-05-09,12,0,wk inc flu hosp,2026-05-09,quantile,0.2,104,Florida,Ensemble
2026-05-09,12,0,wk inc flu hosp,2026-05-09,quantile,0.25,112,Florida,Ensemble
2026-05-09,12,0,wk inc flu hosp,2026-05-09,quantile,0.3,119,Florida,Ensemble
2026-05-09,12,0,wk inc flu hosp,2026-05-09,quantile,0.35,126,Florida,Ensemble
2026-05-09,12,0,wk inc flu hosp,2026-05-09,quantile,0.4,133,Florida,Ensemble
2026-05-09,12,0,wk inc flu hosp,2026-05-09,quantile,0.45,139,Florida,Ensemble
2026-05-09,12,0,wk inc flu hosp,2026-05-09,quantile,0.5,147,Florida,Ensemble
2026-05-09,12,0,wk inc flu hosp,2026-05-09,quantile,0.55,155,Florida,Ensemble
2026-05-09,12,0,wk inc flu hosp,2026-05-09,quantile,0.6,164,Florida,Ensemble
2026-05-09,12,0,wk inc flu hosp,2026-05-09,quantile,0.65,172,Florida,Ensemble
2026-05-09,12,0,wk inc flu hosp,2026-05-09,quantile,0.7,180,Florida,Ensemble
2026-05-09,12,0,wk inc flu hosp,2026-05-09,quantile,0.75,191,Florida,Ensemble
2026-05-09,12,0,wk inc flu hosp,2026-05-09,quantile,0.8,202,Florida,Ensemble
2026-05-09,12,0,wk inc flu hosp,2026-05-09,quantile,0.85,217,Florida,Ensemble
2026-05-09,12,0,wk inc flu hosp,2026-05-09,quantile,0.9,235,Florida,Ensemble
2026-05-09,12,0,wk inc flu hosp,2026-05-09,quantile,0.95,268,Florida,Ensemble
2026-05-09,12,0,wk inc flu hosp,2026-05-09,quantile,0.975,301,Florida,Ensemble
2026-05-09,12,0,wk inc flu hosp,2026-05-09,quantile,0.99,346,Florida,Ensemble
2026-05-09,12,1,wk inc flu hosp,2026-05-16,quantile,0.01,36,Florida,Ensemble
2026-05-09,12,1,wk inc flu hosp,2026-05-16,quantile,0.025,45,Florida,Ensemble
2026-05-09,12,1,wk inc flu hosp,2026-05-16,quantile,0.05,54,Florida,Ensemble
2026-05-09,12,1,wk inc flu hosp,2026-05-16,quantile,0.1,67,Florida,Ensemble
2026-05-09,12,1,wk inc flu hosp,2026-05-16,quantile,0.15,78,Florida,Ensemble
2026-05-09,12,1,wk inc flu hosp,2026-05-16,quantile,0.2,86,Florida,Ensemble
2026-05-09,12,1,wk inc flu hosp,2026-05-16,quantile,0.25,94,Florida,Ensemble
2026-05-09,12,1,wk inc flu hosp,2026-05-16,quantile,0.3,102,Florida,Ensemble
2026-05-09,12,1,wk inc flu hosp,2026-05-16,quantile,0.35,110,Florida,Ensemble
2026-05-09,12,1,wk inc flu hosp,2026-05-16,quantile,0.4,117,Florida,Ensemble
2026-05-09,12,1,wk inc flu hosp,2026-05-16,quantile,0.45,124,Florida,Ensemble
2026-05-09,12,1,wk inc flu hosp,2026-05-16,quantile,0.5,133,Florida,Ensemble
2026-05-09,12,1,wk inc flu hosp,2026-05-16,quantile,0.55,141,Florida,Ensemble
2026-05-09,12,1,wk inc flu hosp,2026-05-16,quantile,0.6,150,Florida,Ensemble
2026-05-09,12,1,wk inc flu hosp,2026-05-16,quantile,0.65,160,Florida,Ensemble
2026-05-09,12,1,wk inc flu hosp,2026-05-16,quantile,0.7,170,Florida,Ensemble
2026-05-09,12,1,wk inc flu hosp,2026-05-16,quantile,0.75,182,Florida,Ensemble
2026-05-09,12,1,wk inc flu hosp,2026-05-16,quantile,0.8,197,Florida,Ensemble
2026-05-09,12,1,wk inc flu hosp,2026-05-16,quantile,0.85,214,Florida,Ensemble
2026-05-09,12,1,wk inc flu hosp,2026-05-16,quantile,0.9,237,Florida,Ensemble
2026-05-09,12,1,wk inc flu hosp,2026-05-16,quantile,0.95,276,Florida,Ensemble
2026-05-09,12,1,wk inc flu hosp,2026-05-16,quantile,0.975,316,Florida,Ensemble
2026-05-09,12,1,wk inc flu hosp,2026-05-16,quantile,0.99,375,Florida,Ensemble
2026-05-09,12,2,wk inc flu hosp,2026-05-23,quantile,0.01,31,Florida,Ensemble
2026-05-09,12,2,wk inc flu hosp,2026-05-23,quantile,0.025,39,Florida,Ensemble
2026-05-09,12,2,wk inc flu hosp,2026-05-23,quantile,0.05,47,Florida,Ensemble
2026-05-09,12,2,wk inc flu hosp,2026-05-23,quantile,0.1,59,Florida,Ensemble
2026-05-09,12,2,wk inc flu hosp,2026-05-23,quantile,0.15,69,Florida,Ensemble
2026-05-09,12,2,wk inc flu hosp,2026-05-23,quantile,0.2,77,Florida,Ensemble
2026-05-09,12,2,wk inc flu hosp,2026-05-23,quantile,0.25,85,Florida,Ensemble
2026-05-09,12,2,wk inc flu hosp,2026-05-23,quantile,0.3,93,Florida,Ensemble
2026-05-09,12,2,wk inc flu hosp,2026-05-23,quantile,0.35,101,Florida,Ensemble
2026-05-09,12,2,wk inc flu hosp,2026-05-23,quantile,0.4,108,Florida,Ensemble
2026-05-09,12,2,wk inc flu hosp,2026-05-23,quantile,0.45,117,Florida,Ensemble
2026-05-09,12,2,wk inc flu hosp,2026-05-23,quantile,0.5,126,Florida,Ensemble
2026-05-09,12,2,wk inc flu hosp,2026-05-23,quantile,0.55,135,Florida,Ensemble
2026-05-09,12,2,wk inc flu hosp,2026-05-23,quantile,0.6,144,Florida,Ensemble
2026-05-09,12,2,wk inc flu hosp,2026-05-23,quantile,0.65,155,Florida,Ensemble
2026-05-09,12,2,wk inc flu hosp,2026-05-23,quantile,0.7,168,Florida,Ensemble
2026-05-09,12,2,wk inc flu hosp,2026-05-23,quantile,0.75,181,Florida,Ensemble
2026-05-09,12,2,wk inc flu hosp,2026-05-23,quantile,0.8,197,Florida,Ensemble
2026-05-09,12,2,wk inc flu hosp,2026-05-23,quantile,0.85,218,Florida,Ensemble
2026-05-09,12,2,wk inc flu hosp,2026-05-23,quantile,0.9,246,Florida,Ensemble
2026-05-09,12,2,wk inc flu hosp,2026-05-23,quantile,0.95,295,Florida,Ensemble
2026-05-09,12,2,wk inc flu hosp,2026-05-23,quantile,0.975,348,Florida,Ensemble
2026-05-09,12,2,wk inc flu hosp,2026-05-23,quantile,0.99,426,Florida,Ensemble
2026-05-09,12,3,wk inc flu hosp,2026-05-30,quantile,0.01,27,Florida,Ensemble
2026-05-09,12,3,wk inc flu hosp,2026-05-30,quantile,0.025,33,Florida,Ensemble
2026-05-09,12,3,wk inc flu hosp,2026-05-30,quantile,0.05,40,Florida,Ensemble
2026-05-09,12,3,wk inc flu hosp,2026-05-30,quantile,0.1,51,Florida,Ensemble
2026-05-09,12,3,wk inc flu hosp,2026-05-30,quantile,0.15,60,Florida,Ensemble
2026-05-09,12,3,wk inc flu hosp,2026-05-30,quantile,0.2,68,Florida,Ensemble
2026-05-09,12,3,wk inc flu hosp,2026-05-30,quantile,0.25,75,Florida,Ensemble
2026-05-09,12,3,wk inc flu hosp,2026-05-30,quantile,0.3,83,Florida,Ensemble
2026-05-09,12,3,wk inc flu hosp,2026-05-30,quantile,0.35,90,Florida,Ensemble
2026-05-09,12,3,wk inc flu hosp,2026-05-30,quantile,0.4,97,Florida,Ensemble
2026-05-09,12,3,wk inc flu hosp,2026-05-30,quantile,0.45,105,Florida,Ensemble
2026-05-09,12,3,wk inc flu hosp,2026-05-30,quantile,0.5,114,Florida,Ensemble
2026-05-09,12,3,wk inc flu hosp,2026-05-30,quantile,0.55,124,Florida,Ensemble
2026-05-09,12,3,wk inc flu hosp,2026-05-30,quantile,0.6,133,Florida,Ensemble
2026-05-09,12,3,wk inc flu hosp,2026-05-30,quantile,0.65,144,Florida,Ensemble
2026-05-09,12,3,wk inc flu hosp,2026-05-30,quantile,0.7,155,Florida,Ensemble
2026-05-09,12,3,wk inc flu hosp,2026-05-30,quantile,0.75,169,Florida,Ensemble
2026-05-09,12,3,wk inc flu hosp,2026-05-30,quantile,0.8,186,Florida,Ensemble
2026-05-09,12,3,wk inc flu hosp,2026-05-30,quantile,0.85,207,Florida,Ensemble
2026-05-09,12,3,wk inc flu hosp,2026-05-30,quantile,0.9,237,Florida,Ensemble
2026-05-09,12,3,wk inc flu hosp,2026-05-30,quantile,0.95,289,Florida,Ensemble
2026-05-09,12,3,wk inc flu hosp,2026-05-30,quantile,0.975,344,Florida,Ensemble
2026-05-09,12,3,wk inc flu hosp,2026-05-30,quantile,0.99,436,Florida,Ensemble
2026-05-09,13,0,wk inc flu hosp,2026-05-09,quantile,0.01,3,Georgia,Ensemble
2026-05-09,13,0,wk inc flu hosp,2026-05-09,quantile,0.025,4,Georgia,Ensemble
2026-05-09,13,0,wk inc flu hosp,2026-05-09,quantile,0.05,5,Georgia,Ensemble
2026-05-09,13,0,wk inc flu hosp,2026-05-09,quantile,0.1,7,Georgia,Ensemble
2026-05-09,13,0,wk inc flu hosp,2026-05-09,quantile,0.15,8,Georgia,Ensemble
2026-05-09,13,0,wk inc flu hosp,2026-05-09,quantile,0.2,10,Georgia,Ensemble
2026-05-09,13,0,wk inc flu hosp,2026-05-09,quantile,0.25,11,Georgia,Ensemble
2026-05-09,13,0,wk inc flu hosp,2026-05-09,quantile,0.3,12,Georgia,Ensemble
2026-05-09,13,0,wk inc flu hosp,2026-05-09,quantile,0.35,13,Georgia,Ensemble
2026-05-09,13,0,wk inc flu hosp,2026-05-09,quantile,0.4,14,Georgia,Ensemble
2026-05-09,13,0,wk inc flu hosp,2026-05-09,quantile,0.45,15,Georgia,Ensemble
2026-05-09,13,0,wk inc flu hosp,2026-05-09,quantile,0.5,17,Georgia,Ensemble
2026-05-09,13,0,wk inc flu hosp,2026-05-09,quantile,0.55,19,Georgia,Ensemble
2026-05-09,13,0,wk inc flu hosp,2026-05-09,quantile,0.6,20,Georgia,Ensemble
2026-05-09,13,0,wk inc flu hosp,2026-05-09,quantile,0.65,21,Georgia,Ensemble
2026-05-09,13,0,wk inc flu hosp,2026-05-09,quantile,0.7,23,Georgia,Ensemble
2026-05-09,13,0,wk inc flu hosp,2026-05-09,quantile,0.75,25,Georgia,Ensemble
2026-05-09,13,0,wk inc flu hosp,2026-05-09,quantile,0.8,27,Georgia,Ensemble
2026-05-09,13,0,wk inc flu hosp,2026-05-09,quantile,0.85,30,Georgia,Ensemble
2026-05-09,13,0,wk inc flu hosp,2026-05-09,quantile,0.9,34,Georgia,Ensemble
2026-05-09,13,0,wk inc flu hosp,2026-05-09,quantile,0.95,41,Georgia,Ensemble
2026-05-09,13,0,wk inc flu hosp,2026-05-09,quantile,0.975,48,Georgia,Ensemble
2026-05-09,13,0,wk inc flu hosp,2026-05-09,quantile,0.99,60,Georgia,Ensemble
2026-05-09,13,1,wk inc flu hosp,2026-05-16,quantile,0.01,2,Georgia,Ensemble
2026-05-09,13,1,wk inc flu hosp,2026-05-16,quantile,0.025,3,Georgia,Ensemble
2026-05-09,13,1,wk inc flu hosp,2026-05-16,quantile,0.05,4,Georgia,Ensemble
2026-05-09,13,1,wk inc flu hosp,2026-05-16,quantile,0.1,6,Georgia,Ensemble
2026-05-09,13,1,wk inc flu hosp,2026-05-16,quantile,0.15,7,Georgia,Ensemble
2026-05-09,13,1,wk inc flu hosp,2026-05-16,quantile,0.2,8,Georgia,Ensemble
2026-05-09,13,1,wk inc flu hosp,2026-05-16,quantile,0.25,9,Georgia,Ensemble
2026-05-09,13,1,wk inc flu hosp,2026-05-16,quantile,0.3,10,Georgia,Ensemble
2026-05-09,13,1,wk inc flu hosp,2026-05-16,quantile,0.35,11,Georgia,Ensemble
2026-05-09,13,1,wk inc flu hosp,2026-05-16,quantile,0.4,12,Georgia,Ensemble
2026-05-09,13,1,wk inc flu hosp,2026-05-16,quantile,0.45,13,Georgia,Ensemble
2026-05-09,13,1,wk inc flu hosp,2026-05-16,quantile,0.5,16,Georgia,Ensemble
2026-05-09,13,1,wk inc flu hosp,2026-05-16,quantile,0.55,17,Georgia,Ensemble
2026-05-09,13,1,wk inc flu hosp,2026-05-16,quantile,0.6,19,Georgia,Ensemble
2026-05-09,13,1,wk inc flu hosp,2026-05-16,quantile,0.65,20,Georgia,Ensemble
2026-05-09,13,1,wk inc flu hosp,2026-05-16,quantile,0.7,22,Georgia,Ensemble
2026-05-09,13,1,wk inc flu hosp,2026-05-16,quantile,0.75,25,Georgia,Ensemble
2026-05-09,13,1,wk inc flu hosp,2026-05-16,quantile,0.8,28,Georgia,Ensemble
2026-05-09,13,1,wk inc flu hosp,2026-05-16,quantile,0.85,32,Georgia,Ensemble
2026-05-09,13,1,wk inc flu hosp,2026-05-16,quantile,0.9,39,Georgia,Ensemble
2026-05-09,13,1,wk inc flu hosp,2026-05-16,quantile,0.95,50,Georgia,Ensemble
2026-05-09,13,1,wk inc flu hosp,2026-05-16,quantile,0.975,62,Georgia,Ensemble
2026-05-09,13,1,wk inc flu hosp,2026-05-16,quantile,0.99,79,Georgia,Ensemble
2026-05-09,13,2,wk inc flu hosp,2026-05-23,quantile,0.01,2,Georgia,Ensemble
2026-05-09,13,2,wk inc flu hosp,2026-05-23,quantile,0.025,3,Georgia,Ensemble
2026-05-09,13,2,wk inc flu hosp,2026-05-23,quantile,0.05,4,Georgia,Ensemble
2026-05-09,13,2,wk inc flu hosp,2026-05-23,quantile,0.1,5,Georgia,Ensemble
2026-05-09,13,2,wk inc flu hosp,2026-05-23,quantile,0.15,6,Georgia,Ensemble
2026-05-09,13,2,wk inc flu hosp,2026-05-23,quantile,0.2,7,Georgia,Ensemble
2026-05-09,13,2,wk inc flu hosp,2026-05-23,quantile,0.25,8,Georgia,Ensemble
2026-05-09,13,2,wk inc flu hosp,2026-05-23,quantile,0.3,9,Georgia,Ensemble
2026-05-09,13,2,wk inc flu hosp,2026-05-23,quantile,0.35,10,Georgia,Ensemble
2026-05-09,13,2,wk inc flu hosp,2026-05-23,quantile,0.4,11,Georgia,Ensemble
2026-05-09,13,2,wk inc flu hosp,2026-05-23,quantile,0.45,13,Georgia,Ensemble
2026-05-09,13,2,wk inc flu hosp,2026-05-23,quantile,0.5,15,Georgia,Ensemble
2026-05-09,13,2,wk inc flu hosp,2026-05-23,quantile,0.55,16,Georgia,Ensemble
2026-05-09,13,2,wk inc flu hosp,2026-05-23,quantile,0.6,18,Georgia,Ensemble
2026-05-09,13,2,wk inc flu hosp,2026-05-23,quantile,0.65,20,Georgia,Ensemble
2026-05-09,13,2,wk inc flu hosp,2026-05-23,quantile,0.7,22,Georgia,Ensemble
2026-05-09,13,2,wk inc flu hosp,2026-05-23,quantile,0.75,25,Georgia,Ensemble
2026-05-09,13,2,wk inc flu hosp,2026-05-23,quantile,0.8,28,Georgia,Ensemble
2026-05-09,13,2,wk inc flu hosp,2026-05-23,quantile,0.85,33,Georgia,Ensemble
2026-05-09,13,2,wk inc flu hosp,2026-05-23,quantile,0.9,41,Georgia,Ensemble
2026-05-09,13,2,wk inc flu hosp,2026-05-23,quantile,0.95,56,Georgia,Ensemble
2026-05-09,13,2,wk inc flu hosp,2026-05-23,quantile,0.975,72,Georgia,Ensemble
2026-05-09,13,2,wk inc flu hosp,2026-05-23,quantile,0.99,93,Georgia,Ensemble
2026-05-09,13,3,wk inc flu hosp,2026-05-30,quantile,0.01,2,Georgia,Ensemble
2026-05-09,13,3,wk inc flu hosp,2026-05-30,quantile,0.025,3,Georgia,Ensemble
2026-05-09,13,3,wk inc flu hosp,2026-05-30,quantile,0.05,3,Georgia,Ensemble
2026-05-09,13,3,wk inc flu hosp,2026-05-30,quantile,0.1,4,Georgia,Ensemble
2026-05-09,13,3,wk inc flu hosp,2026-05-30,quantile,0.15,6,Georgia,Ensemble
2026-05-09,13,3,wk inc flu hosp,2026-05-30,quantile,0.2,7,Georgia,Ensemble
2026-05-09,13,3,wk inc flu hosp,2026-05-30,quantile,0.25,8,Georgia,Ensemble
2026-05-09,13,3,wk inc flu hosp,2026-05-30,quantile,0.3,8,Georgia,Ensemble
2026-05-09,13,3,wk inc flu hosp,2026-05-30,quantile,0.35,9,Georgia,Ensemble
2026-05-09,13,3,wk inc flu hosp,2026-05-30,quantile,0.4,10,Georgia,Ensemble
2026-05-09,13,3,wk inc flu hosp,2026-05-30,quantile,0.45,11,Georgia,Ensemble
2026-05-09,13,3,wk inc flu hosp,2026-05-30,quantile,0.5,14,Georgia,Ensemble
2026-05-09,13,3,wk inc flu hosp,2026-05-30,quantile,0.55,15,Georgia,Ensemble
2026-05-09,13,3,wk inc flu hosp,2026-05-30,quantile,0.6,17,Georgia,Ensemble
2026-05-09,13,3,wk inc flu hosp,2026-05-30,quantile,0.65,19,Georgia,Ensemble
2026-05-09,13,3,wk inc flu hosp,2026-05-30,quantile,0.7,21,Georgia,Ensemble
2026-05-09,13,3,wk inc flu hosp,2026-05-30,quantile,0.75,24,Georgia,Ensemble
2026-05-09,13,3,wk inc flu hosp,2026-05-30,quantile,0.8,28,Georgia,Ensemble
2026-05-09,13,3,wk inc flu hosp,2026-05-30,quantile,0.85,33,Georgia,Ensemble
2026-05-09,13,3,wk inc flu hosp,2026-05-30,quantile,0.9,41,Georgia,Ensemble
2026-05-09,13,3,wk inc flu hosp,2026-05-30,quantile,0.95,58,Georgia,Ensemble
2026-05-09,13,3,wk inc flu hosp,2026-05-30,quantile,0.975,77,Georgia,Ensemble
2026-05-09,13,3,wk inc flu hosp,2026-05-30,quantile,0.99,103,Georgia,Ensemble
2026-05-09,15,0,wk inc flu hosp,2026-05-09,quantile,0.01,3,Hawaii,Ensemble
2026-05-09,15,0,wk inc flu hosp,2026-05-09,quantile,0.025,4,Hawaii,Ensemble
2026-05-09,15,0,wk inc flu hosp,2026-05-09,quantile,0.05,5,Hawaii,Ensemble
2026-05-09,15,0,wk inc flu hosp,2026-05-09,quantile,0.1,6,Hawaii,Ensemble
2026-05-09,15,0,wk inc flu hosp,2026-05-09,quantile,0.15,7,Hawaii,Ensemble
2026-05-09,15,0,wk inc flu hosp,2026-05-09,quantile,0.2,8,Hawaii,Ensemble
2026-05-09,15,0,wk inc flu hosp,2026-05-09,quantile,0.25,9,Hawaii,Ensemble
2026-05-09,15,0,wk inc flu hosp,2026-05-09,quantile,0.3,10,Hawaii,Ensemble
2026-05-09,15,0,wk inc flu hosp,2026-05-09,quantile,0.35,11,Hawaii,Ensemble
2026-05-09,15,0,wk inc flu hosp,2026-05-09,quantile,0.4,12,Hawaii,Ensemble
2026-05-09,15,0,wk inc flu hosp,2026-05-09,quantile,0.45,13,Hawaii,Ensemble
2026-05-09,15,0,wk inc flu hosp,2026-05-09,quantile,0.5,16,Hawaii,Ensemble
2026-05-09,15,0,wk inc flu hosp,2026-05-09,quantile,0.55,17,Hawaii,Ensemble
2026-05-09,15,0,wk inc flu hosp,2026-05-09,quantile,0.6,18,Hawaii,Ensemble
2026-05-09,15,0,wk inc flu hosp,2026-05-09,quantile,0.65,19,Hawaii,Ensemble
2026-05-09,15,0,wk inc flu hosp,2026-05-09,quantile,0.7,20,Hawaii,Ensemble
2026-05-09,15,0,wk inc flu hosp,2026-05-09,quantile,0.75,21,Hawaii,Ensemble
2026-05-09,15,0,wk inc flu hosp,2026-05-09,quantile,0.8,23,Hawaii,Ensemble
2026-05-09,15,0,wk inc flu hosp,2026-05-09,quantile,0.85,25,Hawaii,Ensemble
2026-05-09,15,0,wk inc flu hosp,2026-05-09,quantile,0.9,27,Hawaii,Ensemble
2026-05-09,15,0,wk inc flu hosp,2026-05-09,quantile,0.95,31,Hawaii,Ensemble
2026-05-09,15,0,wk inc flu hosp,2026-05-09,quantile,0.975,36,Hawaii,Ensemble
2026-05-09,15,0,wk inc flu hosp,2026-05-09,quantile,0.99,42,Hawaii,Ensemble
2026-05-09,15,1,wk inc flu hosp,2026-05-16,quantile,0.01,2,Hawaii,Ensemble
2026-05-09,15,1,wk inc flu hosp,2026-05-16,quantile,0.025,3,Hawaii,Ensemble
2026-05-09,15,1,wk inc flu hosp,2026-05-16,quantile,0.05,3,Hawaii,Ensemble
2026-05-09,15,1,wk inc flu hosp,2026-05-16,quantile,0.1,5,Hawaii,Ensemble
2026-05-09,15,1,wk inc flu hosp,2026-05-16,quantile,0.15,6,Hawaii,Ensemble
2026-05-09,15,1,wk inc flu hosp,2026-05-16,quantile,0.2,7,Hawaii,Ensemble
2026-05-09,15,1,wk inc flu hosp,2026-05-16,quantile,0.25,8,Hawaii,Ensemble
2026-05-09,15,1,wk inc flu hosp,2026-05-16,quantile,0.3,9,Hawaii,Ensemble
2026-05-09,15,1,wk inc flu hosp,2026-05-16,quantile,0.35,10,Hawaii,Ensemble
2026-05-09,15,1,wk inc flu hosp,2026-05-16,quantile,0.4,10,Hawaii,Ensemble
2026-05-09,15,1,wk inc flu hosp,2026-05-16,quantile,0.45,11,Hawaii,Ensemble
2026-05-09,15,1,wk inc flu hosp,2026-05-16,quantile,0.5,14,Hawaii,Ensemble
2026-05-09,15,1,wk inc flu hosp,2026-05-16,quantile,0.55,15,Hawaii,Ensemble
2026-05-09,15,1,wk inc flu hosp,2026-05-16,quantile,0.6,16,Hawaii,Ensemble
2026-05-09,15,1,wk inc flu hosp,2026-05-16,quantile,0.65,18,Hawaii,Ensemble
2026-05-09,15,1,wk inc flu hosp,2026-05-16,quantile,0.7,19,Hawaii,Ensemble
2026-05-09,15,1,wk inc flu hosp,2026-05-16,quantile,0.75,21,Hawaii,Ensemble
2026-05-09,15,1,wk inc flu hosp,2026-05-16,quantile,0.8,22,Hawaii,Ensemble
2026-05-09,15,1,wk inc flu hosp,2026-05-16,quantile,0.85,25,Hawaii,Ensemble
2026-05-09,15,1,wk inc flu hosp,2026-05-16,quantile,0.9,28,Hawaii,Ensemble
2026-05-09,15,1,wk inc flu hosp,2026-05-16,quantile,0.95,34,Hawaii,Ensemble
2026-05-09,15,1,wk inc flu hosp,2026-05-16,quantile,0.975,40,Hawaii,Ensemble
2026-05-09,15,1,wk inc flu hosp,2026-05-16,quantile,0.99,48,Hawaii,Ensemble
2026-05-09,15,2,wk inc flu hosp,2026-05-23,quantile,0.01,1,Hawaii,Ensemble
2026-05-09,15,2,wk inc flu hosp,2026-05-23,quantile,0.025,2,Hawaii,Ensemble
2026-05-09,15,2,wk inc flu hosp,2026-05-23,quantile,0.05,3,Hawaii,Ensemble
2026-05-09,15,2,wk inc flu hosp,2026-05-23,quantile,0.1,4,Hawaii,Ensemble
2026-05-09,15,2,wk inc flu hosp,2026-05-23,quantile,0.15,5,Hawaii,Ensemble
2026-05-09,15,2,wk inc flu hosp,2026-05-23,quantile,0.2,6,Hawaii,Ensemble
2026-05-09,15,2,wk inc flu hosp,2026-05-23,quantile,0.25,6,Hawaii,Ensemble
2026-05-09,15,2,wk inc flu hosp,2026-05-23,quantile,0.3,7,Hawaii,Ensemble
2026-05-09,15,2,wk inc flu hosp,2026-05-23,quantile,0.35,8,Hawaii,Ensemble
2026-05-09,15,2,wk inc flu hosp,2026-05-23,quantile,0.4,9,Hawaii,Ensemble
2026-05-09,15,2,wk inc flu hosp,2026-05-23,quantile,0.45,10,Hawaii,Ensemble
2026-05-09,15,2,wk inc flu hosp,2026-05-23,quantile,0.5,12,Hawaii,Ensemble
2026-05-09,15,2,wk inc flu hosp,2026-05-23,quantile,0.55,14,Hawaii,Ensemble
2026-05-09,15,2,wk inc flu hosp,2026-05-23,quantile,0.6,15,Hawaii,Ensemble
2026-05-09,15,2,wk inc flu hosp,2026-05-23,quantile,0.65,16,Hawaii,Ensemble
2026-05-09,15,2,wk inc flu hosp,2026-05-23,quantile,0.7,18,Hawaii,Ensemble
2026-05-09,15,2,wk inc flu hosp,2026-05-23,quantile,0.75,20,Hawaii,Ensemble
2026-05-09,15,2,wk inc flu hosp,2026-05-23,quantile,0.8,22,Hawaii,Ensemble
2026-05-09,15,2,wk inc flu hosp,2026-05-23,quantile,0.85,24,Hawaii,Ensemble
2026-05-09,15,2,wk inc flu hosp,2026-05-23,quantile,0.9,28,Hawaii,Ensemble
2026-05-09,15,2,wk inc flu hosp,2026-05-23,quantile,0.95,35,Hawaii,Ensemble
2026-05-09,15,2,wk inc flu hosp,2026-05-23,quantile,0.975,41,Hawaii,Ensemble
2026-05-09,15,2,wk inc flu hosp,2026-05-23,quantile,0.99,50,Hawaii,Ensemble
2026-05-09,15,3,wk inc flu hosp,2026-05-30,quantile,0.01,0,Hawaii,Ensemble
2026-05-09,15,3,wk inc flu hosp,2026-05-30,quantile,0.025,1,Hawaii,Ensemble
2026-05-09,15,3,wk inc flu hosp,2026-05-30,quantile,0.05,2,Hawaii,Ensemble
2026-05-09,15,3,wk inc flu hosp,2026-05-30,quantile,0.1,3,Hawaii,Ensemble
2026-05-09,15,3,wk inc flu hosp,2026-05-30,quantile,0.15,4,Hawaii,Ensemble
2026-05-09,15,3,wk inc flu hosp,2026-05-30,quantile,0.2,5,Hawaii,Ensemble
2026-05-09,15,3,wk inc flu hosp,2026-05-30,quantile,0.25,6,Hawaii,Ensemble
2026-05-09,15,3,wk inc flu hosp,2026-05-30,quantile,0.3,7,Hawaii,Ensemble
2026-05-09,15,3,wk inc flu hosp,2026-05-30,quantile,0.35,8,Hawaii,Ensemble
2026-05-09,15,3,wk inc flu hosp,2026-05-30,quantile,0.4,9,Hawaii,Ensemble
2026-05-09,15,3,wk inc flu hosp,2026-05-30,quantile,0.45,10,Hawaii,Ensemble
2026-05-09,15,3,wk inc flu hosp,2026-05-30,quantile,0.5,12,Hawaii,Ensemble
2026-05-09,15,3,wk inc flu hosp,2026-05-30,quantile,0.55,13,Hawaii,Ensemble
2026-05-09,15,3,wk inc flu hosp,2026-05-30,quantile,0.6,15,Hawaii,Ensemble
2026-05-09,15,3,wk inc flu hosp,2026-05-30,quantile,0.65,16,Hawaii,Ensemble
2026-05-09,15,3,wk inc flu hosp,2026-05-30,quantile,0.7,18,Hawaii,Ensemble
2026-05-09,15,3,wk inc flu hosp,2026-05-30,quantile,0.75,20,Hawaii,Ensemble
2026-05-09,15,3,wk inc flu hosp,2026-05-30,quantile,0.8,22,Hawaii,Ensemble
2026-05-09,15,3,wk inc flu hosp,2026-05-30,quantile,0.85,25,Hawaii,Ensemble
2026-05-09,15,3,wk inc flu hosp,2026-05-30,quantile,0.9,29,Hawaii,Ensemble
2026-05-09,15,3,wk inc flu hosp,2026-05-30,quantile,0.95,39,Hawaii,Ensemble
2026-05-09,15,3,wk inc flu hosp,2026-05-30,quantile,0.975,48,Hawaii,Ensemble
2026-05-09,15,3,wk inc flu hosp,2026-05-30,quantile,0.99,61,Hawaii,Ensemble
2026-05-09,16,0,wk inc flu hosp,2026-05-09,quantile,0.01,0,Idaho,Ensemble
2026-05-09,16,0,wk inc flu hosp,2026-05-09,quantile,0.025,1,Idaho,Ensemble
2026-05-09,16,0,wk inc flu hosp,2026-05-09,quantile,0.05,1,Idaho,Ensemble
2026-05-09,16,0,wk inc flu hosp,2026-05-09,quantile,0.1,2,Idaho,Ensemble
2026-05-09,16,0,wk inc flu hosp,2026-05-09,quantile,0.15,2,Idaho,Ensemble
2026-05-09,16,0,wk inc flu hosp,2026-05-09,quantile,0.2,3,Idaho,Ensemble
2026-05-09,16,0,wk inc flu hosp,2026-05-09,quantile,0.25,4,Idaho,Ensemble
2026-05-09,16,0,wk inc flu hosp,2026-05-09,quantile,0.3,4,Idaho,Ensemble
2026-05-09,16,0,wk inc flu hosp,2026-05-09,quantile,0.35,4,Idaho,Ensemble
2026-05-09,16,0,wk inc flu hosp,2026-05-09,quantile,0.4,5,Idaho,Ensemble
2026-05-09,16,0,wk inc flu hosp,2026-05-09,quantile,0.45,5,Idaho,Ensemble
2026-05-09,16,0,wk inc flu hosp,2026-05-09,quantile,0.5,7,Idaho,Ensemble
2026-05-09,16,0,wk inc flu hosp,2026-05-09,quantile,0.55,7,Idaho,Ensemble
2026-05-09,16,0,wk inc flu hosp,2026-05-09,quantile,0.6,7,Idaho,Ensemble
2026-05-09,16,0,wk inc flu hosp,2026-05-09,quantile,0.65,8,Idaho,Ensemble
2026-05-09,16,0,wk inc flu hosp,2026-05-09,quantile,0.7,9,Idaho,Ensemble
2026-05-09,16,0,wk inc flu hosp,2026-05-09,quantile,0.75,9,Idaho,Ensemble
2026-05-09,16,0,wk inc flu hosp,2026-05-09,quantile,0.8,11,Idaho,Ensemble
2026-05-09,16,0,wk inc flu hosp,2026-05-09,quantile,0.85,11,Idaho,Ensemble
2026-05-09,16,0,wk inc flu hosp,2026-05-09,quantile,0.9,13,Idaho,Ensemble
2026-05-09,16,0,wk inc flu hosp,2026-05-09,quantile,0.95,16,Idaho,Ensemble
2026-05-09,16,0,wk inc flu hosp,2026-05-09,quantile,0.975,19,Idaho,Ensemble
2026-05-09,16,0,wk inc flu hosp,2026-05-09,quantile,0.99,23,Idaho,Ensemble
2026-05-09,16,1,wk inc flu hosp,2026-05-16,quantile,0.01,0,Idaho,Ensemble
2026-05-09,16,1,wk inc flu hosp,2026-05-16,quantile,0.025,0,Idaho,Ensemble
2026-05-09,16,1,wk inc flu hosp,2026-05-16,quantile,0.05,1,Idaho,Ensemble
2026-05-09,16,1,wk inc flu hosp,2026-05-16,quantile,0.1,1,Idaho,Ensemble
2026-05-09,16,1,wk inc flu hosp,2026-05-16,quantile,0.15,2,Idaho,Ensemble
2026-05-09,16,1,wk inc flu hosp,2026-05-16,quantile,0.2,2,Idaho,Ensemble
2026-05-09,16,1,wk inc flu hosp,2026-05-16,quantile,0.25,2,Idaho,Ensemble
2026-05-09,16,1,wk inc flu hosp,2026-05-16,quantile,0.3,3,Idaho,Ensemble
2026-05-09,16,1,wk inc flu hosp,2026-05-16,quantile,0.35,3,Idaho,Ensemble
2026-05-09,16,1,wk inc flu hosp,2026-05-16,quantile,0.4,4,Idaho,Ensemble
2026-05-09,16,1,wk inc flu hosp,2026-05-16,quantile,0.45,4,Idaho,Ensemble
2026-05-09,16,1,wk inc flu hosp,2026-05-16,quantile,0.5,6,Idaho,Ensemble
2026-05-09,16,1,wk inc flu hosp,2026-05-16,quantile,0.55,6,Idaho,Ensemble
2026-05-09,16,1,wk inc flu hosp,2026-05-16,quantile,0.6,7,Idaho,Ensemble
2026-05-09,16,1,wk inc flu hosp,2026-05-16,quantile,0.65,7,Idaho,Ensemble
2026-05-09,16,1,wk inc flu hosp,2026-05-16,quantile,0.7,8,Idaho,Ensemble
2026-05-09,16,1,wk inc flu hosp,2026-05-16,quantile,0.75,9,Idaho,Ensemble
2026-05-09,16,1,wk inc flu hosp,2026-05-16,quantile,0.8,10,Idaho,Ensemble
2026-05-09,16,1,wk inc flu hosp,2026-05-16,quantile,0.85,11,Idaho,Ensemble
2026-05-09,16,1,wk inc flu hosp,2026-05-16,quantile,0.9,13,Idaho,Ensemble
2026-05-09,16,1,wk inc flu hosp,2026-05-16,quantile,0.95,17,Idaho,Ensemble
2026-05-09,16,1,wk inc flu hosp,2026-05-16,quantile,0.975,20,Idaho,Ensemble
2026-05-09,16,1,wk inc flu hosp,2026-05-16,quantile,0.99,26,Idaho,Ensemble
2026-05-09,16,2,wk inc flu hosp,2026-05-23,quantile,0.01,0,Idaho,Ensemble
2026-05-09,16,2,wk inc flu hosp,2026-05-23,quantile,0.025,0,Idaho,Ensemble
2026-05-09,16,2,wk inc flu hosp,2026-05-23,quantile,0.05,0,Idaho,Ensemble
2026-05-09,16,2,wk inc flu hosp,2026-05-23,quantile,0.1,1,Idaho,Ensemble
2026-05-09,16,2,wk inc flu hosp,2026-05-23,quantile,0.15,1,Idaho,Ensemble
2026-05-09,16,2,wk inc flu hosp,2026-05-23,quantile,0.2,2,Idaho,Ensemble
2026-05-09,16,2,wk inc flu hosp,2026-05-23,quantile,0.25,2,Idaho,Ensemble
2026-05-09,16,2,wk inc flu hosp,2026-05-23,quantile,0.3,2,Idaho,Ensemble
2026-05-09,16,2,wk inc flu hosp,2026-05-23,quantile,0.35,3,Idaho,Ensemble
2026-05-09,16,2,wk inc flu hosp,2026-05-23,quantile,0.4,3,Idaho,Ensemble
2026-05-09,16,2,wk inc flu hosp,2026-05-23,quantile,0.45,4,Idaho,Ensemble
2026-05-09,16,2,wk inc flu hosp,2026-05-23,quantile,0.5,5,Idaho,Ensemble
2026-05-09,16,2,wk inc flu hosp,2026-05-23,quantile,0.55,5,Idaho,Ensemble
2026-05-09,16,2,wk inc flu hosp,2026-05-23,quantile,0.6,6,Idaho,Ensemble
2026-05-09,16,2,wk inc flu hosp,2026-05-23,quantile,0.65,7,Idaho,Ensemble
2026-05-09,16,2,wk inc flu hosp,2026-05-23,quantile,0.7,7,Idaho,Ensemble
2026-05-09,16,2,wk inc flu hosp,2026-05-23,quantile,0.75,8,Idaho,Ensemble
2026-05-09,16,2,wk inc flu hosp,2026-05-23,quantile,0.8,9,Idaho,Ensemble
2026-05-09,16,2,wk inc flu hosp,2026-05-23,quantile,0.85,11,Idaho,Ensemble
2026-05-09,16,2,wk inc flu hosp,2026-05-23,quantile,0.9,13,Idaho,Ensemble
2026-05-09,16,2,wk inc flu hosp,2026-05-23,quantile,0.95,18,Idaho,Ensemble
2026-05-09,16,2,wk inc flu hosp,2026-05-23,quantile,0.975,23,Idaho,Ensemble
2026-05-09,16,2,wk inc flu hosp,2026-05-23,quantile,0.99,30,Idaho,Ensemble
2026-05-09,16,3,wk inc flu hosp,2026-05-30,quantile,0.01,0,Idaho,Ensemble
2026-05-09,16,3,wk inc flu hosp,2026-05-30,quantile,0.025,0,Idaho,Ensemble
2026-05-09,16,3,wk inc flu hosp,2026-05-30,quantile,0.05,0,Idaho,Ensemble
2026-05-09,16,3,wk inc flu hosp,2026-05-30,quantile,0.1,0,Idaho,Ensemble
2026-05-09,16,3,wk inc flu hosp,2026-05-30,quantile,0.15,1,Idaho,Ensemble
2026-05-09,16,3,wk inc flu hosp,2026-05-30,quantile,0.2,1,Idaho,Ensemble
2026-05-09,16,3,wk inc flu hosp,2026-05-30,quantile,0.25,2,Idaho,Ensemble
2026-05-09,16,3,wk inc flu hosp,2026-05-30,quantile,0.3,2,Idaho,Ensemble
2026-05-09,16,3,wk inc flu hosp,2026-05-30,quantile,0.35,2,Idaho,Ensemble
2026-05-09,16,3,wk inc flu hosp,2026-05-30,quantile,0.4,3,Idaho,Ensemble
2026-05-09,16,3,wk inc flu hosp,2026-05-30,quantile,0.45,3,Idaho,Ensemble
2026-05-09,16,3,wk inc flu hosp,2026-05-30,quantile,0.5,4,Idaho,Ensemble
2026-05-09,16,3,wk inc flu hosp,2026-05-30,quantile,0.55,5,Idaho,Ensemble
2026-05-09,16,3,wk inc flu hosp,2026-05-30,quantile,0.6,5,Idaho,Ensemble
2026-05-09,16,3,wk inc flu hosp,2026-05-30,quantile,0.65,6,Idaho,Ensemble
2026-05-09,16,3,wk inc flu hosp,2026-05-30,quantile,0.7,7,Idaho,Ensemble
2026-05-09,16,3,wk inc flu hosp,2026-05-30,quantile,0.75,8,Idaho,Ensemble
2026-05-09,16,3,wk inc flu hosp,2026-05-30,quantile,0.8,9,Idaho,Ensemble
2026-05-09,16,3,wk inc flu hosp,2026-05-30,quantile,0.85,11,Idaho,Ensemble
2026-05-09,16,3,wk inc flu hosp,2026-05-30,quantile,0.9,13,Idaho,Ensemble
2026-05-09,16,3,wk inc flu hosp,2026-05-30,quantile,0.95,18,Idaho,Ensemble
2026-05-09,16,3,wk inc flu hosp,2026-05-30,quantile,0.975,24,Idaho,Ensemble
2026-05-09,16,3,wk inc flu hosp,2026-05-30,quantile,0.99,34,Idaho,Ensemble
2026-05-09,17,0,wk inc flu hosp,2026-05-09,quantile,0.01,4,Illinois,Ensemble
2026-05-09,17,0,wk inc flu hosp,2026-05-09,quantile,0.025,6,Illinois,Ensemble
2026-05-09,17,0,wk inc flu hosp,2026-05-09,quantile,0.05,8,Illinois,Ensemble
2026-05-09,17,0,wk inc flu hosp,2026-05-09,quantile,0.1,10,Illinois,Ensemble
2026-05-09,17,0,wk inc flu hosp,2026-05-09,quantile,0.15,12,Illinois,Ensemble
2026-05-09,17,0,wk inc flu hosp,2026-05-09,quantile,0.2,14,Illinois,Ensemble
2026-05-09,17,0,wk inc flu hosp,2026-05-09,quantile,0.25,15,Illinois,Ensemble
2026-05-09,17,0,wk inc flu hosp,2026-05-09,quantile,0.3,17,Illinois,Ensemble
2026-05-09,17,0,wk inc flu hosp,2026-05-09,quantile,0.35,19,Illinois,Ensemble
2026-05-09,17,0,wk inc flu hosp,2026-05-09,quantile,0.4,20,Illinois,Ensemble
2026-05-09,17,0,wk inc flu hosp,2026-05-09,quantile,0.45,22,Illinois,Ensemble
2026-05-09,17,0,wk inc flu hosp,2026-05-09,quantile,0.5,25,Illinois,Ensemble
2026-05-09,17,0,wk inc flu hosp,2026-05-09,quantile,0.55,26,Illinois,Ensemble
2026-05-09,17,0,wk inc flu hosp,2026-05-09,quantile,0.6,28,Illinois,Ensemble
2026-05-09,17,0,wk inc flu hosp,2026-05-09,quantile,0.65,30,Illinois,Ensemble
2026-05-09,17,0,wk inc flu hosp,2026-05-09,quantile,0.7,33,Illinois,Ensemble
2026-05-09,17,0,wk inc flu hosp,2026-05-09,quantile,0.75,36,Illinois,Ensemble
2026-05-09,17,0,wk inc flu hosp,2026-05-09,quantile,0.8,39,Illinois,Ensemble
2026-05-09,17,0,wk inc flu hosp,2026-05-09,quantile,0.85,44,Illinois,Ensemble
2026-05-09,17,0,wk inc flu hosp,2026-05-09,quantile,0.9,51,Illinois,Ensemble
2026-05-09,17,0,wk inc flu hosp,2026-05-09,quantile,0.95,64,Illinois,Ensemble
2026-05-09,17,0,wk inc flu hosp,2026-05-09,quantile,0.975,77,Illinois,Ensemble
2026-05-09,17,0,wk inc flu hosp,2026-05-09,quantile,0.99,96,Illinois,Ensemble
2026-05-09,17,1,wk inc flu hosp,2026-05-16,quantile,0.01,3,Illinois,Ensemble
2026-05-09,17,1,wk inc flu hosp,2026-05-16,quantile,0.025,4,Illinois,Ensemble
2026-05-09,17,1,wk inc flu hosp,2026-05-16,quantile,0.05,5,Illinois,Ensemble
2026-05-09,17,1,wk inc flu hosp,2026-05-16,quantile,0.1,7,Illinois,Ensemble
2026-05-09,17,1,wk inc flu hosp,2026-05-16,quantile,0.15,9,Illinois,Ensemble
2026-05-09,17,1,wk inc flu hosp,2026-05-16,quantile,0.2,10,Illinois,Ensemble
2026-05-09,17,1,wk inc flu hosp,2026-05-16,quantile,0.25,11,Illinois,Ensemble
2026-05-09,17,1,wk inc flu hosp,2026-05-16,quantile,0.3,13,Illinois,Ensemble
2026-05-09,17,1,wk inc flu hosp,2026-05-16,quantile,0.35,14,Illinois,Ensemble
2026-05-09,17,1,wk inc flu hosp,2026-05-16,quantile,0.4,16,Illinois,Ensemble
2026-05-09,17,1,wk inc flu hosp,2026-05-16,quantile,0.45,17,Illinois,Ensemble
2026-05-09,17,1,wk inc flu hosp,2026-05-16,quantile,0.5,20,Illinois,Ensemble
2026-05-09,17,1,wk inc flu hosp,2026-05-16,quantile,0.55,22,Illinois,Ensemble
2026-05-09,17,1,wk inc flu hosp,2026-05-16,quantile,0.6,25,Illinois,Ensemble
2026-05-09,17,1,wk inc flu hosp,2026-05-16,quantile,0.65,27,Illinois,Ensemble
2026-05-09,17,1,wk inc flu hosp,2026-05-16,quantile,0.7,30,Illinois,Ensemble
2026-05-09,17,1,wk inc flu hosp,2026-05-16,quantile,0.75,34,Illinois,Ensemble
2026-05-09,17,1,wk inc flu hosp,2026-05-16,quantile,0.8,39,Illinois,Ensemble
2026-05-09,17,1,wk inc flu hosp,2026-05-16,quantile,0.85,46,Illinois,Ensemble
2026-05-09,17,1,wk inc flu hosp,2026-05-16,quantile,0.9,56,Illinois,Ensemble
2026-05-09,17,1,wk inc flu hosp,2026-05-16,quantile,0.95,75,Illinois,Ensemble
2026-05-09,17,1,wk inc flu hosp,2026-05-16,quantile,0.975,94,Illinois,Ensemble
2026-05-09,17,1,wk inc flu hosp,2026-05-16,quantile,0.99,123,Illinois,Ensemble
2026-05-09,17,2,wk inc flu hosp,2026-05-23,quantile,0.01,2,Illinois,Ensemble
2026-05-09,17,2,wk inc flu hosp,2026-05-23,quantile,0.025,3,Illinois,Ensemble
2026-05-09,17,2,wk inc flu hosp,2026-05-23,quantile,0.05,4,Illinois,Ensemble
2026-05-09,17,2,wk inc flu hosp,2026-05-23,quantile,0.1,6,Illinois,Ensemble
2026-05-09,17,2,wk inc flu hosp,2026-05-23,quantile,0.15,7,Illinois,Ensemble
2026-05-09,17,2,wk inc flu hosp,2026-05-23,quantile,0.2,8,Illinois,Ensemble
2026-05-09,17,2,wk inc flu hosp,2026-05-23,quantile,0.25,10,Illinois,Ensemble
2026-05-09,17,2,wk inc flu hosp,2026-05-23,quantile,0.3,11,Illinois,Ensemble
2026-05-09,17,2,wk inc flu hosp,2026-05-23,quantile,0.35,12,Illinois,Ensemble
2026-05-09,17,2,wk inc flu hosp,2026-05-23,quantile,0.4,13,Illinois,Ensemble
2026-05-09,17,2,wk inc flu hosp,2026-05-23,quantile,0.45,15,Illinois,Ensemble
2026-05-09,17,2,wk inc flu hosp,2026-05-23,quantile,0.5,18,Illinois,Ensemble
2026-05-09,17,2,wk inc flu hosp,2026-05-23,quantile,0.55,20,Illinois,Ensemble
2026-05-09,17,2,wk inc flu hosp,2026-05-23,quantile,0.6,22,Illinois,Ensemble
2026-05-09,17,2,wk inc flu hosp,2026-05-23,quantile,0.65,25,Illinois,Ensemble
2026-05-09,17,2,wk inc flu hosp,2026-05-23,quantile,0.7,28,Illinois,Ensemble
2026-05-09,17,2,wk inc flu hosp,2026-05-23,quantile,0.75,32,Illinois,Ensemble
2026-05-09,17,2,wk inc flu hosp,2026-05-23,quantile,0.8,37,Illinois,Ensemble
2026-05-09,17,2,wk inc flu hosp,2026-05-23,quantile,0.85,45,Illinois,Ensemble
2026-05-09,17,2,wk inc flu hosp,2026-05-23,quantile,0.9,57,Illinois,Ensemble
2026-05-09,17,2,wk inc flu hosp,2026-05-23,quantile,0.95,82,Illinois,Ensemble
2026-05-09,17,2,wk inc flu hosp,2026-05-23,quantile,0.975,106,Illinois,Ensemble
2026-05-09,17,2,wk inc flu hosp,2026-05-23,quantile,0.99,141,Illinois,Ensemble
2026-05-09,17,3,wk inc flu hosp,2026-05-30,quantile,0.01,2,Illinois,Ensemble
2026-05-09,17,3,wk inc flu hosp,2026-05-30,quantile,0.025,3,Illinois,Ensemble
2026-05-09,17,3,wk inc flu hosp,2026-05-30,quantile,0.05,4,Illinois,Ensemble
2026-05-09,17,3,wk inc flu hosp,2026-05-30,quantile,0.1,5,Illinois,Ensemble
2026-05-09,17,3,wk inc flu hosp,2026-05-30,quantile,0.15,7,Illinois,Ensemble
2026-05-09,17,3,wk inc flu hosp,2026-05-30,quantile,0.2,8,Illinois,Ensemble
2026-05-09,17,3,wk inc flu hosp,2026-05-30,quantile,0.25,9,Illinois,Ensemble
2026-05-09,17,3,wk inc flu hosp,2026-05-30,quantile,0.3,10,Illinois,Ensemble
2026-05-09,17,3,wk inc flu hosp,2026-05-30,quantile,0.35,11,Illinois,Ensemble
2026-05-09,17,3,wk inc flu hosp,2026-05-30,quantile,0.4,13,Illinois,Ensemble
2026-05-09,17,3,wk inc flu hosp,2026-05-30,quantile,0.45,14,Illinois,Ensemble
2026-05-09,17,3,wk inc flu hosp,2026-05-30,quantile,0.5,17,Illinois,Ensemble
2026-05-09,17,3,wk inc flu hosp,2026-05-30,quantile,0.55,19,Illinois,Ensemble
2026-05-09,17,3,wk inc flu hosp,2026-05-30,quantile,0.6,21,Illinois,Ensemble
2026-05-09,17,3,wk inc flu hosp,2026-05-30,quantile,0.65,24,Illinois,Ensemble
2026-05-09,17,3,wk inc flu hosp,2026-05-30,quantile,0.7,27,Illinois,Ensemble
2026-05-09,17,3,wk inc flu hosp,2026-05-30,quantile,0.75,31,Illinois,Ensemble
2026-05-09,17,3,wk inc flu hosp,2026-05-30,quantile,0.8,36,Illinois,Ensemble
2026-05-09,17,3,wk inc flu hosp,2026-05-30,quantile,0.85,44,Illinois,Ensemble
2026-05-09,17,3,wk inc flu hosp,2026-05-30,quantile,0.9,56,Illinois,Ensemble
2026-05-09,17,3,wk inc flu hosp,2026-05-30,quantile,0.95,83,Illinois,Ensemble
2026-05-09,17,3,wk inc flu hosp,2026-05-30,quantile,0.975,111,Illinois,Ensemble
2026-05-09,17,3,wk inc flu hosp,2026-05-30,quantile,0.99,155,Illinois,Ensemble
2026-05-09,18,0,wk inc flu hosp,2026-05-09,quantile,0.01,2,Indiana,Ensemble
2026-05-09,18,0,wk inc flu hosp,2026-05-09,quantile,0.025,4,Indiana,Ensemble
2026-05-09,18,0,wk inc flu hosp,2026-05-09,quantile,0.05,5,Indiana,Ensemble
2026-05-09,18,0,wk inc flu hosp,2026-05-09,quantile,0.1,6,Indiana,Ensemble
2026-05-09,18,0,wk inc flu hosp,2026-05-09,quantile,0.15,8,Indiana,Ensemble
2026-05-09,18,0,wk inc flu hosp,2026-05-09,quantile,0.2,9,Indiana,Ensemble
2026-05-09,18,0,wk inc flu hosp,2026-05-09,quantile,0.25,10,Indiana,Ensemble
2026-05-09,18,0,wk inc flu hosp,2026-05-09,quantile,0.3,11,Indiana,Ensemble
2026-05-09,18,0,wk inc flu hosp,2026-05-09,quantile,0.35,12,Indiana,Ensemble
2026-05-09,18,0,wk inc flu hosp,2026-05-09,quantile,0.4,13,Indiana,Ensemble
2026-05-09,18,0,wk inc flu hosp,2026-05-09,quantile,0.45,14,Indiana,Ensemble
2026-05-09,18,0,wk inc flu hosp,2026-05-09,quantile,0.5,16,Indiana,Ensemble
2026-05-09,18,0,wk inc flu hosp,2026-05-09,quantile,0.55,17,Indiana,Ensemble
2026-05-09,18,0,wk inc flu hosp,2026-05-09,quantile,0.6,19,Indiana,Ensemble
2026-05-09,18,0,wk inc flu hosp,2026-05-09,quantile,0.65,20,Indiana,Ensemble
2026-05-09,18,0,wk inc flu hosp,2026-05-09,quantile,0.7,21,Indiana,Ensemble
2026-05-09,18,0,wk inc flu hosp,2026-05-09,quantile,0.75,23,Indiana,Ensemble
2026-05-09,18,0,wk inc flu hosp,2026-05-09,quantile,0.8,25,Indiana,Ensemble
2026-05-09,18,0,wk inc flu hosp,2026-05-09,quantile,0.85,27,Indiana,Ensemble
2026-05-09,18,0,wk inc flu hosp,2026-05-09,quantile,0.9,30,Indiana,Ensemble
2026-05-09,18,0,wk inc flu hosp,2026-05-09,quantile,0.95,36,Indiana,Ensemble
2026-05-09,18,0,wk inc flu hosp,2026-05-09,quantile,0.975,43,Indiana,Ensemble
2026-05-09,18,0,wk inc flu hosp,2026-05-09,quantile,0.99,52,Indiana,Ensemble
2026-05-09,18,1,wk inc flu hosp,2026-05-16,quantile,0.01,1,Indiana,Ensemble
2026-05-09,18,1,wk inc flu hosp,2026-05-16,quantile,0.025,2,Indiana,Ensemble
2026-05-09,18,1,wk inc flu hosp,2026-05-16,quantile,0.05,3,Indiana,Ensemble
2026-05-09,18,1,wk inc flu hosp,2026-05-16,quantile,0.1,5,Indiana,Ensemble
2026-05-09,18,1,wk inc flu hosp,2026-05-16,quantile,0.15,6,Indiana,Ensemble
2026-05-09,18,1,wk inc flu hosp,2026-05-16,quantile,0.2,7,Indiana,Ensemble
2026-05-09,18,1,wk inc flu hosp,2026-05-16,quantile,0.25,8,Indiana,Ensemble
2026-05-09,18,1,wk inc flu hosp,2026-05-16,quantile,0.3,9,Indiana,Ensemble
2026-05-09,18,1,wk inc flu hosp,2026-05-16,quantile,0.35,10,Indiana,Ensemble
2026-05-09,18,1,wk inc flu hosp,2026-05-16,quantile,0.4,11,Indiana,Ensemble
2026-05-09,18,1,wk inc flu hosp,2026-05-16,quantile,0.45,12,Indiana,Ensemble
2026-05-09,18,1,wk inc flu hosp,2026-05-16,quantile,0.5,14,Indiana,Ensemble
2026-05-09,18,1,wk inc flu hosp,2026-05-16,quantile,0.55,15,Indiana,Ensemble
2026-05-09,18,1,wk inc flu hosp,2026-05-16,quantile,0.6,17,Indiana,Ensemble
2026-05-09,18,1,wk inc flu hosp,2026-05-16,quantile,0.65,18,Indiana,Ensemble
2026-05-09,18,1,wk inc flu hosp,2026-05-16,quantile,0.7,20,Indiana,Ensemble
2026-05-09,18,1,wk inc flu hosp,2026-05-16,quantile,0.75,21,Indiana,Ensemble
2026-05-09,18,1,wk inc flu hosp,2026-05-16,quantile,0.8,24,Indiana,Ensemble
2026-05-09,18,1,wk inc flu hosp,2026-05-16,quantile,0.85,27,Indiana,Ensemble
2026-05-09,18,1,wk inc flu hosp,2026-05-16,quantile,0.9,32,Indiana,Ensemble
2026-05-09,18,1,wk inc flu hosp,2026-05-16,quantile,0.95,42,Indiana,Ensemble
2026-05-09,18,1,wk inc flu hosp,2026-05-16,quantile,0.975,52,Indiana,Ensemble
2026-05-09,18,1,wk inc flu hosp,2026-05-16,quantile,0.99,66,Indiana,Ensemble
2026-05-09,18,2,wk inc flu hosp,2026-05-23,quantile,0.01,1,Indiana,Ensemble
2026-05-09,18,2,wk inc flu hosp,2026-05-23,quantile,0.025,2,Indiana,Ensemble
2026-05-09,18,2,wk inc flu hosp,2026-05-23,quantile,0.05,3,Indiana,Ensemble
2026-05-09,18,2,wk inc flu hosp,2026-05-23,quantile,0.1,4,Indiana,Ensemble
2026-05-09,18,2,wk inc flu hosp,2026-05-23,quantile,0.15,5,Indiana,Ensemble
2026-05-09,18,2,wk inc flu hosp,2026-05-23,quantile,0.2,6,Indiana,Ensemble
2026-05-09,18,2,wk inc flu hosp,2026-05-23,quantile,0.25,7,Indiana,Ensemble
2026-05-09,18,2,wk inc flu hosp,2026-05-23,quantile,0.3,8,Indiana,Ensemble
2026-05-09,18,2,wk inc flu hosp,2026-05-23,quantile,0.35,9,Indiana,Ensemble
2026-05-09,18,2,wk inc flu hosp,2026-05-23,quantile,0.4,10,Indiana,Ensemble
2026-05-09,18,2,wk inc flu hosp,2026-05-23,quantile,0.45,11,Indiana,Ensemble
2026-05-09,18,2,wk inc flu hosp,2026-05-23,quantile,0.5,13,Indiana,Ensemble
2026-05-09,18,2,wk inc flu hosp,2026-05-23,quantile,0.55,14,Indiana,Ensemble
2026-05-09,18,2,wk inc flu hosp,2026-05-23,quantile,0.6,16,Indiana,Ensemble
2026-05-09,18,2,wk inc flu hosp,2026-05-23,quantile,0.65,17,Indiana,Ensemble
2026-05-09,18,2,wk inc flu hosp,2026-05-23,quantile,0.7,19,Indiana,Ensemble
2026-05-09,18,2,wk inc flu hosp,2026-05-23,quantile,0.75,21,Indiana,Ensemble
2026-05-09,18,2,wk inc flu hosp,2026-05-23,quantile,0.8,24,Indiana,Ensemble
2026-05-09,18,2,wk inc flu hosp,2026-05-23,quantile,0.85,28,Indiana,Ensemble
2026-05-09,18,2,wk inc flu hosp,2026-05-23,quantile,0.9,35,Indiana,Ensemble
2026-05-09,18,2,wk inc flu hosp,2026-05-23,quantile,0.95,48,Indiana,Ensemble
2026-05-09,18,2,wk inc flu hosp,2026-05-23,quantile,0.975,62,Indiana,Ensemble
2026-05-09,18,2,wk inc flu hosp,2026-05-23,quantile,0.99,81,Indiana,Ensemble
2026-05-09,18,3,wk inc flu hosp,2026-05-30,quantile,0.01,1,Indiana,Ensemble
2026-05-09,18,3,wk inc flu hosp,2026-05-30,quantile,0.025,1,Indiana,Ensemble
2026-05-09,18,3,wk inc flu hosp,2026-05-30,quantile,0.05,2,Indiana,Ensemble
2026-05-09,18,3,wk inc flu hosp,2026-05-30,quantile,0.1,3,Indiana,Ensemble
2026-05-09,18,3,wk inc flu hosp,2026-05-30,quantile,0.15,4,Indiana,Ensemble
2026-05-09,18,3,wk inc flu hosp,2026-05-30,quantile,0.2,5,Indiana,Ensemble
2026-05-09,18,3,wk inc flu hosp,2026-05-30,quantile,0.25,6,Indiana,Ensemble
2026-05-09,18,3,wk inc flu hosp,2026-05-30,quantile,0.3,7,Indiana,Ensemble
2026-05-09,18,3,wk inc flu hosp,2026-05-30,quantile,0.35,8,Indiana,Ensemble
2026-05-09,18,3,wk inc flu hosp,2026-05-30,quantile,0.4,9,Indiana,Ensemble
2026-05-09,18,3,wk inc flu hosp,2026-05-30,quantile,0.45,10,Indiana,Ensemble
2026-05-09,18,3,wk inc flu hosp,2026-05-30,quantile,0.5,12,Indiana,Ensemble
2026-05-09,18,3,wk inc flu hosp,2026-05-30,quantile,0.55,13,Indiana,Ensemble
2026-05-09,18,3,wk inc flu hosp,2026-05-30,quantile,0.6,15,Indiana,Ensemble
2026-05-09,18,3,wk inc flu hosp,2026-05-30,quantile,0.65,16,Indiana,Ensemble
2026-05-09,18,3,wk inc flu hosp,2026-05-30,quantile,0.7,18,Indiana,Ensemble
2026-05-09,18,3,wk inc flu hosp,2026-05-30,quantile,0.75,21,Indiana,Ensemble
2026-05-09,18,3,wk inc flu hosp,2026-05-30,quantile,0.8,24,Indiana,Ensemble
2026-05-09,18,3,wk inc flu hosp,2026-05-30,quantile,0.85,29,Indiana,Ensemble
2026-05-09,18,3,wk inc flu hosp,2026-05-30,quantile,0.9,37,Indiana,Ensemble
2026-05-09,18,3,wk inc flu hosp,2026-05-30,quantile,0.95,53,Indiana,Ensemble
2026-05-09,18,3,wk inc flu hosp,2026-05-30,quantile,0.975,72,Indiana,Ensemble
2026-05-09,18,3,wk inc flu hosp,2026-05-30,quantile,0.99,100,Indiana,Ensemble
2026-05-09,19,0,wk inc flu hosp,2026-05-09,quantile,0.01,1,Iowa,Ensemble
2026-05-09,19,0,wk inc flu hosp,2026-05-09,quantile,0.025,1,Iowa,Ensemble
2026-05-09,19,0,wk inc flu hosp,2026-05-09,quantile,0.05,2,Iowa,Ensemble
2026-05-09,19,0,wk inc flu hosp,2026-05-09,quantile,0.1,3,Iowa,Ensemble
2026-05-09,19,0,wk inc flu hosp,2026-05-09,quantile,0.15,4,Iowa,Ensemble
2026-05-09,19,0,wk inc flu hosp,2026-05-09,quantile,0.2,4,Iowa,Ensemble
2026-05-09,19,0,wk inc flu hosp,2026-05-09,quantile,0.25,5,Iowa,Ensemble
2026-05-09,19,0,wk inc flu hosp,2026-05-09,quantile,0.3,5,Iowa,Ensemble
2026-05-09,19,0,wk inc flu hosp,2026-05-09,quantile,0.35,6,Iowa,Ensemble
2026-05-09,19,0,wk inc flu hosp,2026-05-09,quantile,0.4,6,Iowa,Ensemble
2026-05-09,19,0,wk inc flu hosp,2026-05-09,quantile,0.45,7,Iowa,Ensemble
2026-05-09,19,0,wk inc flu hosp,2026-05-09,quantile,0.5,8,Iowa,Ensemble
2026-05-09,19,0,wk inc flu hosp,2026-05-09,quantile,0.55,9,Iowa,Ensemble
2026-05-09,19,0,wk inc flu hosp,2026-05-09,quantile,0.6,10,Iowa,Ensemble
2026-05-09,19,0,wk inc flu hosp,2026-05-09,quantile,0.65,10,Iowa,Ensemble
2026-05-09,19,0,wk inc flu hosp,2026-05-09,quantile,0.7,11,Iowa,Ensemble
2026-05-09,19,0,wk inc flu hosp,2026-05-09,quantile,0.75,12,Iowa,Ensemble
2026-05-09,19,0,wk inc flu hosp,2026-05-09,quantile,0.8,13,Iowa,Ensemble
2026-05-09,19,0,wk inc flu hosp,2026-05-09,quantile,0.85,15,Iowa,Ensemble
2026-05-09,19,0,wk inc flu hosp,2026-05-09,quantile,0.9,17,Iowa,Ensemble
2026-05-09,19,0,wk inc flu hosp,2026-05-09,quantile,0.95,21,Iowa,Ensemble
2026-05-09,19,0,wk inc flu hosp,2026-05-09,quantile,0.975,24,Iowa,Ensemble
2026-05-09,19,0,wk inc flu hosp,2026-05-09,quantile,0.99,30,Iowa,Ensemble
2026-05-09,19,1,wk inc flu hosp,2026-05-16,quantile,0.01,0,Iowa,Ensemble
2026-05-09,19,1,wk inc flu hosp,2026-05-16,quantile,0.025,1,Iowa,Ensemble
2026-05-09,19,1,wk inc flu hosp,2026-05-16,quantile,0.05,1,Iowa,Ensemble
2026-05-09,19,1,wk inc flu hosp,2026-05-16,quantile,0.1,2,Iowa,Ensemble
2026-05-09,19,1,wk inc flu hosp,2026-05-16,quantile,0.15,2,Iowa,Ensemble
2026-05-09,19,1,wk inc flu hosp,2026-05-16,quantile,0.2,3,Iowa,Ensemble
2026-05-09,19,1,wk inc flu hosp,2026-05-16,quantile,0.25,3,Iowa,Ensemble
2026-05-09,19,1,wk inc flu hosp,2026-05-16,quantile,0.3,4,Iowa,Ensemble
2026-05-09,19,1,wk inc flu hosp,2026-05-16,quantile,0.35,4,Iowa,Ensemble
2026-05-09,19,1,wk inc flu hosp,2026-05-16,quantile,0.4,5,Iowa,Ensemble
2026-05-09,19,1,wk inc flu hosp,2026-05-16,quantile,0.45,5,Iowa,Ensemble
2026-05-09,19,1,wk inc flu hosp,2026-05-16,quantile,0.5,7,Iowa,Ensemble
2026-05-09,19,1,wk inc flu hosp,2026-05-16,quantile,0.55,8,Iowa,Ensemble
2026-05-09,19,1,wk inc flu hosp,2026-05-16,quantile,0.6,8,Iowa,Ensemble
2026-05-09,19,1,wk inc flu hosp,2026-05-16,quantile,0.65,9,Iowa,Ensemble
2026-05-09,19,1,wk inc flu hosp,2026-05-16,quantile,0.7,10,Iowa,Ensemble
2026-05-09,19,1,wk inc flu hosp,2026-05-16,quantile,0.75,11,Iowa,Ensemble
2026-05-09,19,1,wk inc flu hosp,2026-05-16,quantile,0.8,12,Iowa,Ensemble
2026-05-09,19,1,wk inc flu hosp,2026-05-16,quantile,0.85,14,Iowa,Ensemble
2026-05-09,19,1,wk inc flu hosp,2026-05-16,quantile,0.9,17,Iowa,Ensemble
2026-05-09,19,1,wk inc flu hosp,2026-05-16,quantile,0.95,22,Iowa,Ensemble
2026-05-09,19,1,wk inc flu hosp,2026-05-16,quantile,0.975,27,Iowa,Ensemble
2026-05-09,19,1,wk inc flu hosp,2026-05-16,quantile,0.99,34,Iowa,Ensemble
2026-05-09,19,2,wk inc flu hosp,2026-05-23,quantile,0.01,0,Iowa,Ensemble
2026-05-09,19,2,wk inc flu hosp,2026-05-23,quantile,0.025,0,Iowa,Ensemble
2026-05-09,19,2,wk inc flu hosp,2026-05-23,quantile,0.05,1,Iowa,Ensemble
2026-05-09,19,2,wk inc flu hosp,2026-05-23,quantile,0.1,1,Iowa,Ensemble
2026-05-09,19,2,wk inc flu hosp,2026-05-23,quantile,0.15,2,Iowa,Ensemble
2026-05-09,19,2,wk inc flu hosp,2026-05-23,quantile,0.2,2,Iowa,Ensemble
2026-05-09,19,2,wk inc flu hosp,2026-05-23,quantile,0.25,2,Iowa,Ensemble
2026-05-09,19,2,wk inc flu hosp,2026-05-23,quantile,0.3,3,Iowa,Ensemble
2026-05-09,19,2,wk inc flu hosp,2026-05-23,quantile,0.35,3,Iowa,Ensemble
2026-05-09,19,2,wk inc flu hosp,2026-05-23,quantile,0.4,4,Iowa,Ensemble
2026-05-09,19,2,wk inc flu hosp,2026-05-23,quantile,0.45,4,Iowa,Ensemble
2026-05-09,19,2,wk inc flu hosp,2026-05-23,quantile,0.5,6,Iowa,Ensemble
2026-05-09,19,2,wk inc flu hosp,2026-05-23,quantile,0.55,6,Iowa,Ensemble
2026-05-09,19,2,wk inc flu hosp,2026-05-23,quantile,0.6,7,Iowa,Ensemble
2026-05-09,19,2,wk inc flu hosp,2026-05-23,quantile,0.65,8,Iowa,Ensemble
2026-05-09,19,2,wk inc flu hosp,2026-05-23,quantile,0.7,9,Iowa,Ensemble
2026-05-09,19,2,wk inc flu hosp,2026-05-23,quantile,0.75,10,Iowa,Ensemble
2026-05-09,19,2,wk inc flu hosp,2026-05-23,quantile,0.8,11,Iowa,Ensemble
2026-05-09,19,2,wk inc flu hosp,2026-05-23,quantile,0.85,13,Iowa,Ensemble
2026-05-09,19,2,wk inc flu hosp,2026-05-23,quantile,0.9,16,Iowa,Ensemble
2026-05-09,19,2,wk inc flu hosp,2026-05-23,quantile,0.95,22,Iowa,Ensemble
2026-05-09,19,2,wk inc flu hosp,2026-05-23,quantile,0.975,29,Iowa,Ensemble
2026-05-09,19,2,wk inc flu hosp,2026-05-23,quantile,0.99,38,Iowa,Ensemble
2026-05-09,19,3,wk inc flu hosp,2026-05-30,quantile,0.01,0,Iowa,Ensemble
2026-05-09,19,3,wk inc flu hosp,2026-05-30,quantile,0.025,0,Iowa,Ensemble
2026-05-09,19,3,wk inc flu hosp,2026-05-30,quantile,0.05,0,Iowa,Ensemble
2026-05-09,19,3,wk inc flu hosp,2026-05-30,quantile,0.1,1,Iowa,Ensemble
2026-05-09,19,3,wk inc flu hosp,2026-05-30,quantile,0.15,1,Iowa,Ensemble
2026-05-09,19,3,wk inc flu hosp,2026-05-30,quantile,0.2,2,Iowa,Ensemble
2026-05-09,19,3,wk inc flu hosp,2026-05-30,quantile,0.25,2,Iowa,Ensemble
2026-05-09,19,3,wk inc flu hosp,2026-05-30,quantile,0.3,2,Iowa,Ensemble
2026-05-09,19,3,wk inc flu hosp,2026-05-30,quantile,0.35,3,Iowa,Ensemble
2026-05-09,19,3,wk inc flu hosp,2026-05-30,quantile,0.4,3,Iowa,Ensemble
2026-05-09,19,3,wk inc flu hosp,2026-05-30,quantile,0.45,3,Iowa,Ensemble
2026-05-09,19,3,wk inc flu hosp,2026-05-30,quantile,0.5,5,Iowa,Ensemble
2026-05-09,19,3,wk inc flu hosp,2026-05-30,quantile,0.55,5,Iowa,Ensemble
2026-05-09,19,3,wk inc flu hosp,2026-05-30,quantile,0.6,6,Iowa,Ensemble
2026-05-09,19,3,wk inc flu hosp,2026-05-30,quantile,0.65,7,Iowa,Ensemble
2026-05-09,19,3,wk inc flu hosp,2026-05-30,quantile,0.7,8,Iowa,Ensemble
2026-05-09,19,3,wk inc flu hosp,2026-05-30,quantile,0.75,9,Iowa,Ensemble
2026-05-09,19,3,wk inc flu hosp,2026-05-30,quantile,0.8,10,Iowa,Ensemble
2026-05-09,19,3,wk inc flu hosp,2026-05-30,quantile,0.85,13,Iowa,Ensemble
2026-05-09,19,3,wk inc flu hosp,2026-05-30,quantile,0.9,16,Iowa,Ensemble
2026-05-09,19,3,wk inc flu hosp,2026-05-30,quantile,0.95,22,Iowa,Ensemble
2026-05-09,19,3,wk inc flu hosp,2026-05-30,quantile,0.975,30,Iowa,Ensemble
2026-05-09,19,3,wk inc flu hosp,2026-05-30,quantile,0.99,41,Iowa,Ensemble
2026-05-09,20,0,wk inc flu hosp,2026-05-09,quantile,0.01,0,Kansas,Ensemble
2026-05-09,20,0,wk inc flu hosp,2026-05-09,quantile,0.025,0,Kansas,Ensemble
2026-05-09,20,0,wk inc flu hosp,2026-05-09,quantile,0.05,0,Kansas,Ensemble
2026-05-09,20,0,wk inc flu hosp,2026-05-09,quantile,0.1,1,Kansas,Ensemble
2026-05-09,20,0,wk inc flu hosp,2026-05-09,quantile,0.15,1,Kansas,Ensemble
2026-05-09,20,0,wk inc flu hosp,2026-05-09,quantile,0.2,1,Kansas,Ensemble
2026-05-09,20,0,wk inc flu hosp,2026-05-09,quantile,0.25,2,Kansas,Ensemble
2026-05-09,20,0,wk inc flu hosp,2026-05-09,quantile,0.3,2,Kansas,Ensemble
2026-05-09,20,0,wk inc flu hosp,2026-05-09,quantile,0.35,2,Kansas,Ensemble
2026-05-09,20,0,wk inc flu hosp,2026-05-09,quantile,0.4,2,Kansas,Ensemble
2026-05-09,20,0,wk inc flu hosp,2026-05-09,quantile,0.45,3,Kansas,Ensemble
2026-05-09,20,0,wk inc flu hosp,2026-05-09,quantile,0.5,4,Kansas,Ensemble
2026-05-09,20,0,wk inc flu hosp,2026-05-09,quantile,0.55,4,Kansas,Ensemble
2026-05-09,20,0,wk inc flu hosp,2026-05-09,quantile,0.6,5,Kansas,Ensemble
2026-05-09,20,0,wk inc flu hosp,2026-05-09,quantile,0.65,5,Kansas,Ensemble
2026-05-09,20,0,wk inc flu hosp,2026-05-09,quantile,0.7,6,Kansas,Ensemble
2026-05-09,20,0,wk inc flu hosp,2026-05-09,quantile,0.75,6,Kansas,Ensemble
2026-05-09,20,0,wk inc flu hosp,2026-05-09,quantile,0.8,7,Kansas,Ensemble
2026-05-09,20,0,wk inc flu hosp,2026-05-09,quantile,0.85,8,Kansas,Ensemble
2026-05-09,20,0,wk inc flu hosp,2026-05-09,quantile,0.9,9,Kansas,Ensemble
2026-05-09,20,0,wk inc flu hosp,2026-05-09,quantile,0.95,11,Kansas,Ensemble
2026-05-09,20,0,wk inc flu hosp,2026-05-09,quantile,0.975,13,Kansas,Ensemble
2026-05-09,20,0,wk inc flu hosp,2026-05-09,quantile,0.99,17,Kansas,Ensemble
2026-05-09,20,1,wk inc flu hosp,2026-05-16,quantile,0.01,0,Kansas,Ensemble
2026-05-09,20,1,wk inc flu hosp,2026-05-16,quantile,0.025,0,Kansas,Ensemble
2026-05-09,20,1,wk inc flu hosp,2026-05-16,quantile,0.05,0,Kansas,Ensemble
2026-05-09,20,1,wk inc flu hosp,2026-05-16,quantile,0.1,0,Kansas,Ensemble
2026-05-09,20,1,wk inc flu hosp,2026-05-16,quantile,0.15,0,Kansas,Ensemble
2026-05-09,20,1,wk inc flu hosp,2026-05-16,quantile,0.2,1,Kansas,Ensemble
2026-05-09,20,1,wk inc flu hosp,2026-05-16,quantile,0.25,1,Kansas,Ensemble
2026-05-09,20,1,wk inc flu hosp,2026-05-16,quantile,0.3,1,Kansas,Ensemble
2026-05-09,20,1,wk inc flu hosp,2026-05-16,quantile,0.35,1,Kansas,Ensemble
2026-05-09,20,1,wk inc flu hosp,2026-05-16,quantile,0.4,2,Kansas,Ensemble
2026-05-09,20,1,wk inc flu hosp,2026-05-16,quantile,0.45,2,Kansas,Ensemble
2026-05-09,20,1,wk inc flu hosp,2026-05-16,quantile,0.5,3,Kansas,Ensemble
2026-05-09,20,1,wk inc flu hosp,2026-05-16,quantile,0.55,4,Kansas,Ensemble
2026-05-09,20,1,wk inc flu hosp,2026-05-16,quantile,0.6,4,Kansas,Ensemble
2026-05-09,20,1,wk inc flu hosp,2026-05-16,quantile,0.65,4,Kansas,Ensemble
2026-05-09,20,1,wk inc flu hosp,2026-05-16,quantile,0.7,5,Kansas,Ensemble
2026-05-09,20,1,wk inc flu hosp,2026-05-16,quantile,0.75,6,Kansas,Ensemble
2026-05-09,20,1,wk inc flu hosp,2026-05-16,quantile,0.8,6,Kansas,Ensemble
2026-05-09,20,1,wk inc flu hosp,2026-05-16,quantile,0.85,7,Kansas,Ensemble
2026-05-09,20,1,wk inc flu hosp,2026-05-16,quantile,0.9,9,Kansas,Ensemble
2026-05-09,20,1,wk inc flu hosp,2026-05-16,quantile,0.95,12,Kansas,Ensemble
2026-05-09,20,1,wk inc flu hosp,2026-05-16,quantile,0.975,15,Kansas,Ensemble
2026-05-09,20,1,wk inc flu hosp,2026-05-16,quantile,0.99,20,Kansas,Ensemble
2026-05-09,20,2,wk inc flu hosp,2026-05-23,quantile,0.01,0,Kansas,Ensemble
2026-05-09,20,2,wk inc flu hosp,2026-05-23,quantile,0.025,0,Kansas,Ensemble
2026-05-09,20,2,wk inc flu hosp,2026-05-23,quantile,0.05,0,Kansas,Ensemble
2026-05-09,20,2,wk inc flu hosp,2026-05-23,quantile,0.1,0,Kansas,Ensemble
2026-05-09,20,2,wk inc flu hosp,2026-05-23,quantile,0.15,0,Kansas,Ensemble
2026-05-09,20,2,wk inc flu hosp,2026-05-23,quantile,0.2,0,Kansas,Ensemble
2026-05-09,20,2,wk inc flu hosp,2026-05-23,quantile,0.25,1,Kansas,Ensemble
2026-05-09,20,2,wk inc flu hosp,2026-05-23,quantile,0.3,1,Kansas,Ensemble
2026-05-09,20,2,wk inc flu hosp,2026-05-23,quantile,0.35,1,Kansas,Ensemble
2026-05-09,20,2,wk inc flu hosp,2026-05-23,quantile,0.4,1,Kansas,Ensemble
2026-05-09,20,2,wk inc flu hosp,2026-05-23,quantile,0.45,2,Kansas,Ensemble
2026-05-09,20,2,wk inc flu hosp,2026-05-23,quantile,0.5,3,Kansas,Ensemble
2026-05-09,20,2,wk inc flu hosp,2026-05-23,quantile,0.55,3,Kansas,Ensemble
2026-05-09,20,2,wk inc flu hosp,2026-05-23,quantile,0.6,4,Kansas,Ensemble
2026-05-09,20,2,wk inc flu hosp,2026-05-23,quantile,0.65,4,Kansas,Ensemble
2026-05-09,20,2,wk inc flu hosp,2026-05-23,quantile,0.7,5,Kansas,Ensemble
2026-05-09,20,2,wk inc flu hosp,2026-05-23,quantile,0.75,5,Kansas,Ensemble
2026-05-09,20,2,wk inc flu hosp,2026-05-23,quantile,0.8,6,Kansas,Ensemble
2026-05-09,20,2,wk inc flu hosp,2026-05-23,quantile,0.85,8,Kansas,Ensemble
2026-05-09,20,2,wk inc flu hosp,2026-05-23,quantile,0.9,10,Kansas,Ensemble
2026-05-09,20,2,wk inc flu hosp,2026-05-23,quantile,0.95,14,Kansas,Ensemble
2026-05-09,20,2,wk inc flu hosp,2026-05-23,quantile,0.975,19,Kansas,Ensemble
2026-05-09,20,2,wk inc flu hosp,2026-05-23,quantile,0.99,25,Kansas,Ensemble
2026-05-09,20,3,wk inc flu hosp,2026-05-30,quantile,0.01,0,Kansas,Ensemble
2026-05-09,20,3,wk inc flu hosp,2026-05-30,quantile,0.025,0,Kansas,Ensemble
2026-05-09,20,3,wk inc flu hosp,2026-05-30,quantile,0.05,0,Kansas,Ensemble
2026-05-09,20,3,wk inc flu hosp,2026-05-30,quantile,0.1,0,Kansas,Ensemble
2026-05-09,20,3,wk inc flu hosp,2026-05-30,quantile,0.15,0,Kansas,Ensemble
2026-05-09,20,3,wk inc flu hosp,2026-05-30,quantile,0.2,0,Kansas,Ensemble
2026-05-09,20,3,wk inc flu hosp,2026-05-30,quantile,0.25,1,Kansas,Ensemble
2026-05-09,20,3,wk inc flu hosp,2026-05-30,quantile,0.3,1,Kansas,Ensemble
2026-05-09,20,3,wk inc flu hosp,2026-05-30,quantile,0.35,1,Kansas,Ensemble
2026-05-09,20,3,wk inc flu hosp,2026-05-30,quantile,0.4,1,Kansas,Ensemble
2026-05-09,20,3,wk inc flu hosp,2026-05-30,quantile,0.45,1,Kansas,Ensemble
2026-05-09,20,3,wk inc flu hosp,2026-05-30,quantile,0.5,3,Kansas,Ensemble
2026-05-09,20,3,wk inc flu hosp,2026-05-30,quantile,0.55,3,Kansas,Ensemble
2026-05-09,20,3,wk inc flu hosp,2026-05-30,quantile,0.6,3,Kansas,Ensemble
2026-05-09,20,3,wk inc flu hosp,2026-05-30,quantile,0.65,4,Kansas,Ensemble
2026-05-09,20,3,wk inc flu hosp,2026-05-30,quantile,0.7,4,Kansas,Ensemble
2026-05-09,20,3,wk inc flu hosp,2026-05-30,quantile,0.75,5,Kansas,Ensemble
2026-05-09,20,3,wk inc flu hosp,2026-05-30,quantile,0.8,6,Kansas,Ensemble
2026-05-09,20,3,wk inc flu hosp,2026-05-30,quantile,0.85,7,Kansas,Ensemble
2026-05-09,20,3,wk inc flu hosp,2026-05-30,quantile,0.9,10,Kansas,Ensemble
2026-05-09,20,3,wk inc flu hosp,2026-05-30,quantile,0.95,15,Kansas,Ensemble
2026-05-09,20,3,wk inc flu hosp,2026-05-30,quantile,0.975,21,Kansas,Ensemble
2026-05-09,20,3,wk inc flu hosp,2026-05-30,quantile,0.99,30,Kansas,Ensemble
2026-05-09,21,0,wk inc flu hosp,2026-05-09,quantile,0.01,1,Kentucky,Ensemble
2026-05-09,21,0,wk inc flu hosp,2026-05-09,quantile,0.025,2,Kentucky,Ensemble
2026-05-09,21,0,wk inc flu hosp,2026-05-09,quantile,0.05,3,Kentucky,Ensemble
2026-05-09,21,0,wk inc flu hosp,2026-05-09,quantile,0.1,4,Kentucky,Ensemble
2026-05-09,21,0,wk inc flu hosp,2026-05-09,quantile,0.15,5,Kentucky,Ensemble
2026-05-09,21,0,wk inc flu hosp,2026-05-09,quantile,0.2,6,Kentucky,Ensemble
2026-05-09,21,0,wk inc flu hosp,2026-05-09,quantile,0.25,7,Kentucky,Ensemble
2026-05-09,21,0,wk inc flu hosp,2026-05-09,quantile,0.3,8,Kentucky,Ensemble
2026-05-09,21,0,wk inc flu hosp,2026-05-09,quantile,0.35,9,Kentucky,Ensemble
2026-05-09,21,0,wk inc flu hosp,2026-05-09,quantile,0.4,10,Kentucky,Ensemble
2026-05-09,21,0,wk inc flu hosp,2026-05-09,quantile,0.45,11,Kentucky,Ensemble
2026-05-09,21,0,wk inc flu hosp,2026-05-09,quantile,0.5,13,Kentucky,Ensemble
2026-05-09,21,0,wk inc flu hosp,2026-05-09,quantile,0.55,13,Kentucky,Ensemble
2026-05-09,21,0,wk inc flu hosp,2026-05-09,quantile,0.6,14,Kentucky,Ensemble
2026-05-09,21,0,wk inc flu hosp,2026-05-09,quantile,0.65,15,Kentucky,Ensemble
2026-05-09,21,0,wk inc flu hosp,2026-05-09,quantile,0.7,16,Kentucky,Ensemble
2026-05-09,21,0,wk inc flu hosp,2026-05-09,quantile,0.75,18,Kentucky,Ensemble
2026-05-09,21,0,wk inc flu hosp,2026-05-09,quantile,0.8,19,Kentucky,Ensemble
2026-05-09,21,0,wk inc flu hosp,2026-05-09,quantile,0.85,21,Kentucky,Ensemble
2026-05-09,21,0,wk inc flu hosp,2026-05-09,quantile,0.9,24,Kentucky,Ensemble
2026-05-09,21,0,wk inc flu hosp,2026-05-09,quantile,0.95,29,Kentucky,Ensemble
2026-05-09,21,0,wk inc flu hosp,2026-05-09,quantile,0.975,35,Kentucky,Ensemble
2026-05-09,21,0,wk inc flu hosp,2026-05-09,quantile,0.99,44,Kentucky,Ensemble
2026-05-09,21,1,wk inc flu hosp,2026-05-16,quantile,0.01,1,Kentucky,Ensemble
2026-05-09,21,1,wk inc flu hosp,2026-05-16,quantile,0.025,1,Kentucky,Ensemble
2026-05-09,21,1,wk inc flu hosp,2026-05-16,quantile,0.05,2,Kentucky,Ensemble
2026-05-09,21,1,wk inc flu hosp,2026-05-16,quantile,0.1,3,Kentucky,Ensemble
2026-05-09,21,1,wk inc flu hosp,2026-05-16,quantile,0.15,4,Kentucky,Ensemble
2026-05-09,21,1,wk inc flu hosp,2026-05-16,quantile,0.2,5,Kentucky,Ensemble
2026-05-09,21,1,wk inc flu hosp,2026-05-16,quantile,0.25,6,Kentucky,Ensemble
2026-05-09,21,1,wk inc flu hosp,2026-05-16,quantile,0.3,6,Kentucky,Ensemble
2026-05-09,21,1,wk inc flu hosp,2026-05-16,quantile,0.35,7,Kentucky,Ensemble
2026-05-09,21,1,wk inc flu hosp,2026-05-16,quantile,0.4,8,Kentucky,Ensemble
2026-05-09,21,1,wk inc flu hosp,2026-05-16,quantile,0.45,9,Kentucky,Ensemble
2026-05-09,21,1,wk inc flu hosp,2026-05-16,quantile,0.5,11,Kentucky,Ensemble
2026-05-09,21,1,wk inc flu hosp,2026-05-16,quantile,0.55,12,Kentucky,Ensemble
2026-05-09,21,1,wk inc flu hosp,2026-05-16,quantile,0.6,13,Kentucky,Ensemble
2026-05-09,21,1,wk inc flu hosp,2026-05-16,quantile,0.65,14,Kentucky,Ensemble
2026-05-09,21,1,wk inc flu hosp,2026-05-16,quantile,0.7,15,Kentucky,Ensemble
2026-05-09,21,1,wk inc flu hosp,2026-05-16,quantile,0.75,17,Kentucky,Ensemble
2026-05-09,21,1,wk inc flu hosp,2026-05-16,quantile,0.8,19,Kentucky,Ensemble
2026-05-09,21,1,wk inc flu hosp,2026-05-16,quantile,0.85,21,Kentucky,Ensemble
2026-05-09,21,1,wk inc flu hosp,2026-05-16,quantile,0.9,25,Kentucky,Ensemble
2026-05-09,21,1,wk inc flu hosp,2026-05-16,quantile,0.95,32,Kentucky,Ensemble
2026-05-09,21,1,wk inc flu hosp,2026-05-16,quantile,0.975,39,Kentucky,Ensemble
2026-05-09,21,1,wk inc flu hosp,2026-05-16,quantile,0.99,50,Kentucky,Ensemble
2026-05-09,21,2,wk inc flu hosp,2026-05-23,quantile,0.01,0,Kentucky,Ensemble
2026-05-09,21,2,wk inc flu hosp,2026-05-23,quantile,0.025,1,Kentucky,Ensemble
2026-05-09,21,2,wk inc flu hosp,2026-05-23,quantile,0.05,2,Kentucky,Ensemble
2026-05-09,21,2,wk inc flu hosp,2026-05-23,quantile,0.1,2,Kentucky,Ensemble
2026-05-09,21,2,wk inc flu hosp,2026-05-23,quantile,0.15,3,Kentucky,Ensemble
2026-05-09,21,2,wk inc flu hosp,2026-05-23,quantile,0.2,4,Kentucky,Ensemble
2026-05-09,21,2,wk inc flu hosp,2026-05-23,quantile,0.25,5,Kentucky,Ensemble
2026-05-09,21,2,wk inc flu hosp,2026-05-23,quantile,0.3,5,Kentucky,Ensemble
2026-05-09,21,2,wk inc flu hosp,2026-05-23,quantile,0.35,6,Kentucky,Ensemble
2026-05-09,21,2,wk inc flu hosp,2026-05-23,quantile,0.4,7,Kentucky,Ensemble
2026-05-09,21,2,wk inc flu hosp,2026-05-23,quantile,0.45,8,Kentucky,Ensemble
2026-05-09,21,2,wk inc flu hosp,2026-05-23,quantile,0.5,10,Kentucky,Ensemble
2026-05-09,21,2,wk inc flu hosp,2026-05-23,quantile,0.55,11,Kentucky,Ensemble
2026-05-09,21,2,wk inc flu hosp,2026-05-23,quantile,0.6,12,Kentucky,Ensemble
2026-05-09,21,2,wk inc flu hosp,2026-05-23,quantile,0.65,13,Kentucky,Ensemble
2026-05-09,21,2,wk inc flu hosp,2026-05-23,quantile,0.7,14,Kentucky,Ensemble
2026-05-09,21,2,wk inc flu hosp,2026-05-23,quantile,0.75,16,Kentucky,Ensemble
2026-05-09,21,2,wk inc flu hosp,2026-05-23,quantile,0.8,18,Kentucky,Ensemble
2026-05-09,21,2,wk inc flu hosp,2026-05-23,quantile,0.85,21,Kentucky,Ensemble
2026-05-09,21,2,wk inc flu hosp,2026-05-23,quantile,0.9,25,Kentucky,Ensemble
2026-05-09,21,2,wk inc flu hosp,2026-05-23,quantile,0.95,35,Kentucky,Ensemble
2026-05-09,21,2,wk inc flu hosp,2026-05-23,quantile,0.975,45,Kentucky,Ensemble
2026-05-09,21,2,wk inc flu hosp,2026-05-23,quantile,0.99,60,Kentucky,Ensemble
2026-05-09,21,3,wk inc flu hosp,2026-05-30,quantile,0.01,1,Kentucky,Ensemble
2026-05-09,21,3,wk inc flu hosp,2026-05-30,quantile,0.025,1,Kentucky,Ensemble
2026-05-09,21,3,wk inc flu hosp,2026-05-30,quantile,0.05,1,Kentucky,Ensemble
2026-05-09,21,3,wk inc flu hosp,2026-05-30,quantile,0.1,2,Kentucky,Ensemble
2026-05-09,21,3,wk inc flu hosp,2026-05-30,quantile,0.15,3,Kentucky,Ensemble
2026-05-09,21,3,wk inc flu hosp,2026-05-30,quantile,0.2,3,Kentucky,Ensemble
2026-05-09,21,3,wk inc flu hosp,2026-05-30,quantile,0.25,4,Kentucky,Ensemble
2026-05-09,21,3,wk inc flu hosp,2026-05-30,quantile,0.3,5,Kentucky,Ensemble
2026-05-09,21,3,wk inc flu hosp,2026-05-30,quantile,0.35,5,Kentucky,Ensemble
2026-05-09,21,3,wk inc flu hosp,2026-05-30,quantile,0.4,6,Kentucky,Ensemble
2026-05-09,21,3,wk inc flu hosp,2026-05-30,quantile,0.45,7,Kentucky,Ensemble
2026-05-09,21,3,wk inc flu hosp,2026-05-30,quantile,0.5,8,Kentucky,Ensemble
2026-05-09,21,3,wk inc flu hosp,2026-05-30,quantile,0.55,9,Kentucky,Ensemble
2026-05-09,21,3,wk inc flu hosp,2026-05-30,quantile,0.6,10,Kentucky,Ensemble
2026-05-09,21,3,wk inc flu hosp,2026-05-30,quantile,0.65,12,Kentucky,Ensemble
2026-05-09,21,3,wk inc flu hosp,2026-05-30,quantile,0.7,13,Kentucky,Ensemble
2026-05-09,21,3,wk inc flu hosp,2026-05-30,quantile,0.75,15,Kentucky,Ensemble
2026-05-09,21,3,wk inc flu hosp,2026-05-30,quantile,0.8,17,Kentucky,Ensemble
2026-05-09,21,3,wk inc flu hosp,2026-05-30,quantile,0.85,20,Kentucky,Ensemble
2026-05-09,21,3,wk inc flu hosp,2026-05-30,quantile,0.9,25,Kentucky,Ensemble
2026-05-09,21,3,wk inc flu hosp,2026-05-30,quantile,0.95,36,Kentucky,Ensemble
2026-05-09,21,3,wk inc flu hosp,2026-05-30,quantile,0.975,49,Kentucky,Ensemble
2026-05-09,21,3,wk inc flu hosp,2026-05-30,quantile,0.99,67,Kentucky,Ensemble
2026-05-09,22,0,wk inc flu hosp,2026-05-09,quantile,0.01,5,Louisiana,Ensemble
2026-05-09,22,0,wk inc flu hosp,2026-05-09,quantile,0.025,8,Louisiana,Ensemble
2026-05-09,22,0,wk inc flu hosp,2026-05-09,quantile,0.05,10,Louisiana,Ensemble
2026-05-09,22,0,wk inc flu hosp,2026-05-09,quantile,0.1,12,Louisiana,Ensemble
2026-05-09,22,0,wk inc flu hosp,2026-05-09,quantile,0.15,13,Louisiana,Ensemble
2026-05-09,22,0,wk inc flu hosp,2026-05-09,quantile,0.2,15,Louisiana,Ensemble
2026-05-09,22,0,wk inc flu hosp,2026-05-09,quantile,0.25,16,Louisiana,Ensemble
2026-05-09,22,0,wk inc flu hosp,2026-05-09,quantile,0.3,17,Louisiana,Ensemble
2026-05-09,22,0,wk inc flu hosp,2026-05-09,quantile,0.35,19,Louisiana,Ensemble
2026-05-09,22,0,wk inc flu hosp,2026-05-09,quantile,0.4,20,Louisiana,Ensemble
2026-05-09,22,0,wk inc flu hosp,2026-05-09,quantile,0.45,21,Louisiana,Ensemble
2026-05-09,22,0,wk inc flu hosp,2026-05-09,quantile,0.5,23,Louisiana,Ensemble
2026-05-09,22,0,wk inc flu hosp,2026-05-09,quantile,0.55,24,Louisiana,Ensemble
2026-05-09,22,0,wk inc flu hosp,2026-05-09,quantile,0.6,26,Louisiana,Ensemble
2026-05-09,22,0,wk inc flu hosp,2026-05-09,quantile,0.65,27,Louisiana,Ensemble
2026-05-09,22,0,wk inc flu hosp,2026-05-09,quantile,0.7,29,Louisiana,Ensemble
2026-05-09,22,0,wk inc flu hosp,2026-05-09,quantile,0.75,31,Louisiana,Ensemble
2026-05-09,22,0,wk inc flu hosp,2026-05-09,quantile,0.8,33,Louisiana,Ensemble
2026-05-09,22,0,wk inc flu hosp,2026-05-09,quantile,0.85,35,Louisiana,Ensemble
2026-05-09,22,0,wk inc flu hosp,2026-05-09,quantile,0.9,39,Louisiana,Ensemble
2026-05-09,22,0,wk inc flu hosp,2026-05-09,quantile,0.95,45,Louisiana,Ensemble
2026-05-09,22,0,wk inc flu hosp,2026-05-09,quantile,0.975,51,Louisiana,Ensemble
2026-05-09,22,0,wk inc flu hosp,2026-05-09,quantile,0.99,59,Louisiana,Ensemble
2026-05-09,22,1,wk inc flu hosp,2026-05-16,quantile,0.01,4,Louisiana,Ensemble
2026-05-09,22,1,wk inc flu hosp,2026-05-16,quantile,0.025,5,Louisiana,Ensemble
2026-05-09,22,1,wk inc flu hosp,2026-05-16,quantile,0.05,7,Louisiana,Ensemble
2026-05-09,22,1,wk inc flu hosp,2026-05-16,quantile,0.1,9,Louisiana,Ensemble
2026-05-09,22,1,wk inc flu hosp,2026-05-16,quantile,0.15,11,Louisiana,Ensemble
2026-05-09,22,1,wk inc flu hosp,2026-05-16,quantile,0.2,12,Louisiana,Ensemble
2026-05-09,22,1,wk inc flu hosp,2026-05-16,quantile,0.25,13,Louisiana,Ensemble
2026-05-09,22,1,wk inc flu hosp,2026-05-16,quantile,0.3,14,Louisiana,Ensemble
2026-05-09,22,1,wk inc flu hosp,2026-05-16,quantile,0.35,16,Louisiana,Ensemble
2026-05-09,22,1,wk inc flu hosp,2026-05-16,quantile,0.4,17,Louisiana,Ensemble
2026-05-09,22,1,wk inc flu hosp,2026-05-16,quantile,0.45,18,Louisiana,Ensemble
2026-05-09,22,1,wk inc flu hosp,2026-05-16,quantile,0.5,21,Louisiana,Ensemble
2026-05-09,22,1,wk inc flu hosp,2026-05-16,quantile,0.55,22,Louisiana,Ensemble
2026-05-09,22,1,wk inc flu hosp,2026-05-16,quantile,0.6,23,Louisiana,Ensemble
2026-05-09,22,1,wk inc flu hosp,2026-05-16,quantile,0.65,25,Louisiana,Ensemble
2026-05-09,22,1,wk inc flu hosp,2026-05-16,quantile,0.7,27,Louisiana,Ensemble
2026-05-09,22,1,wk inc flu hosp,2026-05-16,quantile,0.75,29,Louisiana,Ensemble
2026-05-09,22,1,wk inc flu hosp,2026-05-16,quantile,0.8,32,Louisiana,Ensemble
2026-05-09,22,1,wk inc flu hosp,2026-05-16,quantile,0.85,35,Louisiana,Ensemble
2026-05-09,22,1,wk inc flu hosp,2026-05-16,quantile,0.9,40,Louisiana,Ensemble
2026-05-09,22,1,wk inc flu hosp,2026-05-16,quantile,0.95,48,Louisiana,Ensemble
2026-05-09,22,1,wk inc flu hosp,2026-05-16,quantile,0.975,56,Louisiana,Ensemble
2026-05-09,22,1,wk inc flu hosp,2026-05-16,quantile,0.99,67,Louisiana,Ensemble
2026-05-09,22,2,wk inc flu hosp,2026-05-23,quantile,0.01,3,Louisiana,Ensemble
2026-05-09,22,2,wk inc flu hosp,2026-05-23,quantile,0.025,4,Louisiana,Ensemble
2026-05-09,22,2,wk inc flu hosp,2026-05-23,quantile,0.05,6,Louisiana,Ensemble
2026-05-09,22,2,wk inc flu hosp,2026-05-23,quantile,0.1,7,Louisiana,Ensemble
2026-05-09,22,2,wk inc flu hosp,2026-05-23,quantile,0.15,9,Louisiana,Ensemble
2026-05-09,22,2,wk inc flu hosp,2026-05-23,quantile,0.2,10,Louisiana,Ensemble
2026-05-09,22,2,wk inc flu hosp,2026-05-23,quantile,0.25,11,Louisiana,Ensemble
2026-05-09,22,2,wk inc flu hosp,2026-05-23,quantile,0.3,13,Louisiana,Ensemble
2026-05-09,22,2,wk inc flu hosp,2026-05-23,quantile,0.35,14,Louisiana,Ensemble
2026-05-09,22,2,wk inc flu hosp,2026-05-23,quantile,0.4,15,Louisiana,Ensemble
2026-05-09,22,2,wk inc flu hosp,2026-05-23,quantile,0.45,16,Louisiana,Ensemble
2026-05-09,22,2,wk inc flu hosp,2026-05-23,quantile,0.5,19,Louisiana,Ensemble
2026-05-09,22,2,wk inc flu hosp,2026-05-23,quantile,0.55,20,Louisiana,Ensemble
2026-05-09,22,2,wk inc flu hosp,2026-05-23,quantile,0.6,22,Louisiana,Ensemble
2026-05-09,22,2,wk inc flu hosp,2026-05-23,quantile,0.65,24,Louisiana,Ensemble
2026-05-09,22,2,wk inc flu hosp,2026-05-23,quantile,0.7,26,Louisiana,Ensemble
2026-05-09,22,2,wk inc flu hosp,2026-05-23,quantile,0.75,28,Louisiana,Ensemble
2026-05-09,22,2,wk inc flu hosp,2026-05-23,quantile,0.8,31,Louisiana,Ensemble
2026-05-09,22,2,wk inc flu hosp,2026-05-23,quantile,0.85,35,Louisiana,Ensemble
2026-05-09,22,2,wk inc flu hosp,2026-05-23,quantile,0.9,40,Louisiana,Ensemble
2026-05-09,22,2,wk inc flu hosp,2026-05-23,quantile,0.95,50,Louisiana,Ensemble
2026-05-09,22,2,wk inc flu hosp,2026-05-23,quantile,0.975,60,Louisiana,Ensemble
2026-05-09,22,2,wk inc flu hosp,2026-05-23,quantile,0.99,74,Louisiana,Ensemble
2026-05-09,22,3,wk inc flu hosp,2026-05-30,quantile,0.01,3,Louisiana,Ensemble
2026-05-09,22,3,wk inc flu hosp,2026-05-30,quantile,0.025,4,Louisiana,Ensemble
2026-05-09,22,3,wk inc flu hosp,2026-05-30,quantile,0.05,5,Louisiana,Ensemble
2026-05-09,22,3,wk inc flu hosp,2026-05-30,quantile,0.1,7,Louisiana,Ensemble
2026-05-09,22,3,wk inc flu hosp,2026-05-30,quantile,0.15,8,Louisiana,Ensemble
2026-05-09,22,3,wk inc flu hosp,2026-05-30,quantile,0.2,9,Louisiana,Ensemble
2026-05-09,22,3,wk inc flu hosp,2026-05-30,quantile,0.25,11,Louisiana,Ensemble
2026-05-09,22,3,wk inc flu hosp,2026-05-30,quantile,0.3,12,Louisiana,Ensemble
2026-05-09,22,3,wk inc flu hosp,2026-05-30,quantile,0.35,13,Louisiana,Ensemble
2026-05-09,22,3,wk inc flu hosp,2026-05-30,quantile,0.4,14,Louisiana,Ensemble
2026-05-09,22,3,wk inc flu hosp,2026-05-30,quantile,0.45,16,Louisiana,Ensemble
2026-05-09,22,3,wk inc flu hosp,2026-05-30,quantile,0.5,18,Louisiana,Ensemble
2026-05-09,22,3,wk inc flu hosp,2026-05-30,quantile,0.55,20,Louisiana,Ensemble
2026-05-09,22,3,wk inc flu hosp,2026-05-30,quantile,0.6,21,Louisiana,Ensemble
2026-05-09,22,3,wk inc flu hosp,2026-05-30,quantile,0.65,23,Louisiana,Ensemble
2026-05-09,22,3,wk inc flu hosp,2026-05-30,quantile,0.7,25,Louisiana,Ensemble
2026-05-09,22,3,wk inc flu hosp,2026-05-30,quantile,0.75,28,Louisiana,Ensemble
2026-05-09,22,3,wk inc flu hosp,2026-05-30,quantile,0.8,31,Louisiana,Ensemble
2026-05-09,22,3,wk inc flu hosp,2026-05-30,quantile,0.85,35,Louisiana,Ensemble
2026-05-09,22,3,wk inc flu hosp,2026-05-30,quantile,0.9,41,Louisiana,Ensemble
2026-05-09,22,3,wk inc flu hosp,2026-05-30,quantile,0.95,53,Louisiana,Ensemble
2026-05-09,22,3,wk inc flu hosp,2026-05-30,quantile,0.975,64,Louisiana,Ensemble
2026-05-09,22,3,wk inc flu hosp,2026-05-30,quantile,0.99,82,Louisiana,Ensemble
2026-05-09,23,0,wk inc flu hosp,2026-05-09,quantile,0.01,0,Maine,Ensemble
2026-05-09,23,0,wk inc flu hosp,2026-05-09,quantile,0.025,0,Maine,Ensemble
2026-05-09,23,0,wk inc flu hosp,2026-05-09,quantile,0.05,0,Maine,Ensemble
2026-05-09,23,0,wk inc flu hosp,2026-05-09,quantile,0.1,0,Maine,Ensemble
2026-05-09,23,0,wk inc flu hosp,2026-05-09,quantile,0.15,1,Maine,Ensemble
2026-05-09,23,0,wk inc flu hosp,2026-05-09,quantile,0.2,1,Maine,Ensemble
2026-05-09,23,0,wk inc flu hosp,2026-05-09,quantile,0.25,1,Maine,Ensemble
2026-05-09,23,0,wk inc flu hosp,2026-05-09,quantile,0.3,2,Maine,Ensemble
2026-05-09,23,0,wk inc flu hosp,2026-05-09,quantile,0.35,2,Maine,Ensemble
2026-05-09,23,0,wk inc flu hosp,2026-05-09,quantile,0.4,2,Maine,Ensemble
2026-05-09,23,0,wk inc flu hosp,2026-05-09,quantile,0.45,3,Maine,Ensemble
2026-05-09,23,0,wk inc flu hosp,2026-05-09,quantile,0.5,4,Maine,Ensemble
2026-05-09,23,0,wk inc flu hosp,2026-05-09,quantile,0.55,4,Maine,Ensemble
2026-05-09,23,0,wk inc flu hosp,2026-05-09,quantile,0.6,5,Maine,Ensemble
2026-05-09,23,0,wk inc flu hosp,2026-05-09,quantile,0.65,5,Maine,Ensemble
2026-05-09,23,0,wk inc flu hosp,2026-05-09,quantile,0.7,6,Maine,Ensemble
2026-05-09,23,0,wk inc flu hosp,2026-05-09,quantile,0.75,6,Maine,Ensemble
2026-05-09,23,0,wk inc flu hosp,2026-05-09,quantile,0.8,7,Maine,Ensemble
2026-05-09,23,0,wk inc flu hosp,2026-05-09,quantile,0.85,8,Maine,Ensemble
2026-05-09,23,0,wk inc flu hosp,2026-05-09,quantile,0.9,9,Maine,Ensemble
2026-05-09,23,0,wk inc flu hosp,2026-05-09,quantile,0.95,12,Maine,Ensemble
2026-05-09,23,0,wk inc flu hosp,2026-05-09,quantile,0.975,15,Maine,Ensemble
2026-05-09,23,0,wk inc flu hosp,2026-05-09,quantile,0.99,20,Maine,Ensemble
2026-05-09,23,1,wk inc flu hosp,2026-05-16,quantile,0.01,0,Maine,Ensemble
2026-05-09,23,1,wk inc flu hosp,2026-05-16,quantile,0.025,0,Maine,Ensemble
2026-05-09,23,1,wk inc flu hosp,2026-05-16,quantile,0.05,0,Maine,Ensemble
2026-05-09,23,1,wk inc flu hosp,2026-05-16,quantile,0.1,0,Maine,Ensemble
2026-05-09,23,1,wk inc flu hosp,2026-05-16,quantile,0.15,0,Maine,Ensemble
2026-05-09,23,1,wk inc flu hosp,2026-05-16,quantile,0.2,0,Maine,Ensemble
2026-05-09,23,1,wk inc flu hosp,2026-05-16,quantile,0.25,1,Maine,Ensemble
2026-05-09,23,1,wk inc flu hosp,2026-05-16,quantile,0.3,1,Maine,Ensemble
2026-05-09,23,1,wk inc flu hosp,2026-05-16,quantile,0.35,1,Maine,Ensemble
2026-05-09,23,1,wk inc flu hosp,2026-05-16,quantile,0.4,2,Maine,Ensemble
2026-05-09,23,1,wk inc flu hosp,2026-05-16,quantile,0.45,2,Maine,Ensemble
2026-05-09,23,1,wk inc flu hosp,2026-05-16,quantile,0.5,3,Maine,Ensemble
2026-05-09,23,1,wk inc flu hosp,2026-05-16,quantile,0.55,4,Maine,Ensemble
2026-05-09,23,1,wk inc flu hosp,2026-05-16,quantile,0.6,4,Maine,Ensemble
2026-05-09,23,1,wk inc flu hosp,2026-05-16,quantile,0.65,5,Maine,Ensemble
2026-05-09,23,1,wk inc flu hosp,2026-05-16,quantile,0.7,5,Maine,Ensemble
2026-05-09,23,1,wk inc flu hosp,2026-05-16,quantile,0.75,6,Maine,Ensemble
2026-05-09,23,1,wk inc flu hosp,2026-05-16,quantile,0.8,7,Maine,Ensemble
2026-05-09,23,1,wk inc flu hosp,2026-05-16,quantile,0.85,8,Maine,Ensemble
2026-05-09,23,1,wk inc flu hosp,2026-05-16,quantile,0.9,10,Maine,Ensemble
2026-05-09,23,1,wk inc flu hosp,2026-05-16,quantile,0.95,13,Maine,Ensemble
2026-05-09,23,1,wk inc flu hosp,2026-05-16,quantile,0.975,18,Maine,Ensemble
2026-05-09,23,1,wk inc flu hosp,2026-05-16,quantile,0.99,24,Maine,Ensemble
2026-05-09,23,2,wk inc flu hosp,2026-05-23,quantile,0.01,0,Maine,Ensemble
2026-05-09,23,2,wk inc flu hosp,2026-05-23,quantile,0.025,0,Maine,Ensemble
2026-05-09,23,2,wk inc flu hosp,2026-05-23,quantile,0.05,0,Maine,Ensemble
2026-05-09,23,2,wk inc flu hosp,2026-05-23,quantile,0.1,0,Maine,Ensemble
2026-05-09,23,2,wk inc flu hosp,2026-05-23,quantile,0.15,0,Maine,Ensemble
2026-05-09,23,2,wk inc flu hosp,2026-05-23,quantile,0.2,0,Maine,Ensemble
2026-05-09,23,2,wk inc flu hosp,2026-05-23,quantile,0.25,1,Maine,Ensemble
2026-05-09,23,2,wk inc flu hosp,2026-05-23,quantile,0.3,1,Maine,Ensemble
2026-05-09,23,2,wk inc flu hosp,2026-05-23,quantile,0.35,1,Maine,Ensemble
2026-05-09,23,2,wk inc flu hosp,2026-05-23,quantile,0.4,1,Maine,Ensemble
2026-05-09,23,2,wk inc flu hosp,2026-05-23,quantile,0.45,2,Maine,Ensemble
2026-05-09,23,2,wk inc flu hosp,2026-05-23,quantile,0.5,3,Maine,Ensemble
2026-05-09,23,2,wk inc flu hosp,2026-05-23,quantile,0.55,3,Maine,Ensemble
2026-05-09,23,2,wk inc flu hosp,2026-05-23,quantile,0.6,4,Maine,Ensemble
2026-05-09,23,2,wk inc flu hosp,2026-05-23,quantile,0.65,4,Maine,Ensemble
2026-05-09,23,2,wk inc flu hosp,2026-05-23,quantile,0.7,5,Maine,Ensemble
2026-05-09,23,2,wk inc flu hosp,2026-05-23,quantile,0.75,6,Maine,Ensemble
2026-05-09,23,2,wk inc flu hosp,2026-05-23,quantile,0.8,7,Maine,Ensemble
2026-05-09,23,2,wk inc flu hosp,2026-05-23,quantile,0.85,8,Maine,Ensemble
2026-05-09,23,2,wk inc flu hosp,2026-05-23,quantile,0.9,10,Maine,Ensemble
2026-05-09,23,2,wk inc flu hosp,2026-05-23,quantile,0.95,15,Maine,Ensemble
2026-05-09,23,2,wk inc flu hosp,2026-05-23,quantile,0.975,21,Maine,Ensemble
2026-05-09,23,2,wk inc flu hosp,2026-05-23,quantile,0.99,27,Maine,Ensemble
2026-05-09,23,3,wk inc flu hosp,2026-05-30,quantile,0.01,0,Maine,Ensemble
2026-05-09,23,3,wk inc flu hosp,2026-05-30,quantile,0.025,0,Maine,Ensemble
2026-05-09,23,3,wk inc flu hosp,2026-05-30,quantile,0.05,0,Maine,Ensemble
2026-05-09,23,3,wk inc flu hosp,2026-05-30,quantile,0.1,0,Maine,Ensemble
2026-05-09,23,3,wk inc flu hosp,2026-05-30,quantile,0.15,0,Maine,Ensemble
2026-05-09,23,3,wk inc flu hosp,2026-05-30,quantile,0.2,0,Maine,Ensemble
2026-05-09,23,3,wk inc flu hosp,2026-05-30,quantile,0.25,0,Maine,Ensemble
2026-05-09,23,3,wk inc flu hosp,2026-05-30,quantile,0.3,0,Maine,Ensemble
2026-05-09,23,3,wk inc flu hosp,2026-05-30,quantile,0.35,1,Maine,Ensemble
2026-05-09,23,3,wk inc flu hosp,2026-05-30,quantile,0.4,1,Maine,Ensemble
2026-05-09,23,3,wk inc flu hosp,2026-05-30,quantile,0.45,1,Maine,Ensemble
2026-05-09,23,3,wk inc flu hosp,2026-05-30,quantile,0.5,2,Maine,Ensemble
2026-05-09,23,3,wk inc flu hosp,2026-05-30,quantile,0.55,3,Maine,Ensemble
2026-05-09,23,3,wk inc flu hosp,2026-05-30,quantile,0.6,3,Maine,Ensemble
2026-05-09,23,3,wk inc flu hosp,2026-05-30,quantile,0.65,4,Maine,Ensemble
2026-05-09,23,3,wk inc flu hosp,2026-05-30,quantile,0.7,5,Maine,Ensemble
2026-05-09,23,3,wk inc flu hosp,2026-05-30,quantile,0.75,5,Maine,Ensemble
2026-05-09,23,3,wk inc flu hosp,2026-05-30,quantile,0.8,6,Maine,Ensemble
2026-05-09,23,3,wk inc flu hosp,2026-05-30,quantile,0.85,8,Maine,Ensemble
2026-05-09,23,3,wk inc flu hosp,2026-05-30,quantile,0.9,11,Maine,Ensemble
2026-05-09,23,3,wk inc flu hosp,2026-05-30,quantile,0.95,17,Maine,Ensemble
2026-05-09,23,3,wk inc flu hosp,2026-05-30,quantile,0.975,23,Maine,Ensemble
2026-05-09,23,3,wk inc flu hosp,2026-05-30,quantile,0.99,31,Maine,Ensemble
2026-05-09,24,0,wk inc flu hosp,2026-05-09,quantile,0.01,1,Maryland,Ensemble
2026-05-09,24,0,wk inc flu hosp,2026-05-09,quantile,0.025,2,Maryland,Ensemble
2026-05-09,24,0,wk inc flu hosp,2026-05-09,quantile,0.05,3,Maryland,Ensemble
2026-05-09,24,0,wk inc flu hosp,2026-05-09,quantile,0.1,4,Maryland,Ensemble
2026-05-09,24,0,wk inc flu hosp,2026-05-09,quantile,0.15,5,Maryland,Ensemble
2026-05-09,24,0,wk inc flu hosp,2026-05-09,quantile,0.2,6,Maryland,Ensemble
2026-05-09,24,0,wk inc flu hosp,2026-05-09,quantile,0.25,6,Maryland,Ensemble
2026-05-09,24,0,wk inc flu hosp,2026-05-09,quantile,0.3,7,Maryland,Ensemble
2026-05-09,24,0,wk inc flu hosp,2026-05-09,quantile,0.35,8,Maryland,Ensemble
2026-05-09,24,0,wk inc flu hosp,2026-05-09,quantile,0.4,8,Maryland,Ensemble
2026-05-09,24,0,wk inc flu hosp,2026-05-09,quantile,0.45,9,Maryland,Ensemble
2026-05-09,24,0,wk inc flu hosp,2026-05-09,quantile,0.5,11,Maryland,Ensemble
2026-05-09,24,0,wk inc flu hosp,2026-05-09,quantile,0.55,12,Maryland,Ensemble
2026-05-09,24,0,wk inc flu hosp,2026-05-09,quantile,0.6,13,Maryland,Ensemble
2026-05-09,24,0,wk inc flu hosp,2026-05-09,quantile,0.65,14,Maryland,Ensemble
2026-05-09,24,0,wk inc flu hosp,2026-05-09,quantile,0.7,15,Maryland,Ensemble
2026-05-09,24,0,wk inc flu hosp,2026-05-09,quantile,0.75,16,Maryland,Ensemble
2026-05-09,24,0,wk inc flu hosp,2026-05-09,quantile,0.8,17,Maryland,Ensemble
2026-05-09,24,0,wk inc flu hosp,2026-05-09,quantile,0.85,19,Maryland,Ensemble
2026-05-09,24,0,wk inc flu hosp,2026-05-09,quantile,0.9,22,Maryland,Ensemble
2026-05-09,24,0,wk inc flu hosp,2026-05-09,quantile,0.95,30,Maryland,Ensemble
2026-05-09,24,0,wk inc flu hosp,2026-05-09,quantile,0.975,38,Maryland,Ensemble
2026-05-09,24,0,wk inc flu hosp,2026-05-09,quantile,0.99,51,Maryland,Ensemble
2026-05-09,24,1,wk inc flu hosp,2026-05-16,quantile,0.01,0,Maryland,Ensemble
2026-05-09,24,1,wk inc flu hosp,2026-05-16,quantile,0.025,1,Maryland,Ensemble
2026-05-09,24,1,wk inc flu hosp,2026-05-16,quantile,0.05,1,Maryland,Ensemble
2026-05-09,24,1,wk inc flu hosp,2026-05-16,quantile,0.1,2,Maryland,Ensemble
2026-05-09,24,1,wk inc flu hosp,2026-05-16,quantile,0.15,3,Maryland,Ensemble
2026-05-09,24,1,wk inc flu hosp,2026-05-16,quantile,0.2,4,Maryland,Ensemble
2026-05-09,24,1,wk inc flu hosp,2026-05-16,quantile,0.25,5,Maryland,Ensemble
2026-05-09,24,1,wk inc flu hosp,2026-05-16,quantile,0.3,5,Maryland,Ensemble
2026-05-09,24,1,wk inc flu hosp,2026-05-16,quantile,0.35,6,Maryland,Ensemble
2026-05-09,24,1,wk inc flu hosp,2026-05-16,quantile,0.4,7,Maryland,Ensemble
2026-05-09,24,1,wk inc flu hosp,2026-05-16,quantile,0.45,8,Maryland,Ensemble
2026-05-09,24,1,wk inc flu hosp,2026-05-16,quantile,0.5,10,Maryland,Ensemble
2026-05-09,24,1,wk inc flu hosp,2026-05-16,quantile,0.55,11,Maryland,Ensemble
2026-05-09,24,1,wk inc flu hosp,2026-05-16,quantile,0.6,12,Maryland,Ensemble
2026-05-09,24,1,wk inc flu hosp,2026-05-16,quantile,0.65,13,Maryland,Ensemble
2026-05-09,24,1,wk inc flu hosp,2026-05-16,quantile,0.7,15,Maryland,Ensemble
2026-05-09,24,1,wk inc flu hosp,2026-05-16,quantile,0.75,17,Maryland,Ensemble
2026-05-09,24,1,wk inc flu hosp,2026-05-16,quantile,0.8,19,Maryland,Ensemble
2026-05-09,24,1,wk inc flu hosp,2026-05-16,quantile,0.85,22,Maryland,Ensemble
2026-05-09,24,1,wk inc flu hosp,2026-05-16,quantile,0.9,28,Maryland,Ensemble
2026-05-09,24,1,wk inc flu hosp,2026-05-16,quantile,0.95,40,Maryland,Ensemble
2026-05-09,24,1,wk inc flu hosp,2026-05-16,quantile,0.975,52,Maryland,Ensemble
2026-05-09,24,1,wk inc flu hosp,2026-05-16,quantile,0.99,73,Maryland,Ensemble
2026-05-09,24,2,wk inc flu hosp,2026-05-23,quantile,0.01,0,Maryland,Ensemble
2026-05-09,24,2,wk inc flu hosp,2026-05-23,quantile,0.025,1,Maryland,Ensemble
2026-05-09,24,2,wk inc flu hosp,2026-05-23,quantile,0.05,1,Maryland,Ensemble
2026-05-09,24,2,wk inc flu hosp,2026-05-23,quantile,0.1,2,Maryland,Ensemble
2026-05-09,24,2,wk inc flu hosp,2026-05-23,quantile,0.15,2,Maryland,Ensemble
2026-05-09,24,2,wk inc flu hosp,2026-05-23,quantile,0.2,3,Maryland,Ensemble
2026-05-09,24,2,wk inc flu hosp,2026-05-23,quantile,0.25,4,Maryland,Ensemble
2026-05-09,24,2,wk inc flu hosp,2026-05-23,quantile,0.3,4,Maryland,Ensemble
2026-05-09,24,2,wk inc flu hosp,2026-05-23,quantile,0.35,5,Maryland,Ensemble
2026-05-09,24,2,wk inc flu hosp,2026-05-23,quantile,0.4,6,Maryland,Ensemble
2026-05-09,24,2,wk inc flu hosp,2026-05-23,quantile,0.45,7,Maryland,Ensemble
2026-05-09,24,2,wk inc flu hosp,2026-05-23,quantile,0.5,9,Maryland,Ensemble
2026-05-09,24,2,wk inc flu hosp,2026-05-23,quantile,0.55,10,Maryland,Ensemble
2026-05-09,24,2,wk inc flu hosp,2026-05-23,quantile,0.6,11,Maryland,Ensemble
2026-05-09,24,2,wk inc flu hosp,2026-05-23,quantile,0.65,12,Maryland,Ensemble
2026-05-09,24,2,wk inc flu hosp,2026-05-23,quantile,0.7,14,Maryland,Ensemble
2026-05-09,24,2,wk inc flu hosp,2026-05-23,quantile,0.75,16,Maryland,Ensemble
2026-05-09,24,2,wk inc flu hosp,2026-05-23,quantile,0.8,20,Maryland,Ensemble
2026-05-09,24,2,wk inc flu hosp,2026-05-23,quantile,0.85,25,Maryland,Ensemble
2026-05-09,24,2,wk inc flu hosp,2026-05-23,quantile,0.9,33,Maryland,Ensemble
2026-05-09,24,2,wk inc flu hosp,2026-05-23,quantile,0.95,48,Maryland,Ensemble
2026-05-09,24,2,wk inc flu hosp,2026-05-23,quantile,0.975,67,Maryland,Ensemble
2026-05-09,24,2,wk inc flu hosp,2026-05-23,quantile,0.99,91,Maryland,Ensemble
2026-05-09,24,3,wk inc flu hosp,2026-05-30,quantile,0.01,0,Maryland,Ensemble
2026-05-09,24,3,wk inc flu hosp,2026-05-30,quantile,0.025,0,Maryland,Ensemble
2026-05-09,24,3,wk inc flu hosp,2026-05-30,quantile,0.05,1,Maryland,Ensemble
2026-05-09,24,3,wk inc flu hosp,2026-05-30,quantile,0.1,1,Maryland,Ensemble
2026-05-09,24,3,wk inc flu hosp,2026-05-30,quantile,0.15,2,Maryland,Ensemble
2026-05-09,24,3,wk inc flu hosp,2026-05-30,quantile,0.2,3,Maryland,Ensemble
2026-05-09,24,3,wk inc flu hosp,2026-05-30,quantile,0.25,4,Maryland,Ensemble
2026-05-09,24,3,wk inc flu hosp,2026-05-30,quantile,0.3,4,Maryland,Ensemble
2026-05-09,24,3,wk inc flu hosp,2026-05-30,quantile,0.35,5,Maryland,Ensemble
2026-05-09,24,3,wk inc flu hosp,2026-05-30,quantile,0.4,6,Maryland,Ensemble
2026-05-09,24,3,wk inc flu hosp,2026-05-30,quantile,0.45,7,Maryland,Ensemble
2026-05-09,24,3,wk inc flu hosp,2026-05-30,quantile,0.5,9,Maryland,Ensemble
2026-05-09,24,3,wk inc flu hosp,2026-05-30,quantile,0.55,10,Maryland,Ensemble
2026-05-09,24,3,wk inc flu hosp,2026-05-30,quantile,0.6,11,Maryland,Ensemble
2026-05-09,24,3,wk inc flu hosp,2026-05-30,quantile,0.65,12,Maryland,Ensemble
2026-05-09,24,3,wk inc flu hosp,2026-05-30,quantile,0.7,14,Maryland,Ensemble
2026-05-09,24,3,wk inc flu hosp,2026-05-30,quantile,0.75,17,Maryland,Ensemble
2026-05-09,24,3,wk inc flu hosp,2026-05-30,quantile,0.8,21,Maryland,Ensemble
2026-05-09,24,3,wk inc flu hosp,2026-05-30,quantile,0.85,27,Maryland,Ensemble
2026-05-09,24,3,wk inc flu hosp,2026-05-30,quantile,0.9,37,Maryland,Ensemble
2026-05-09,24,3,wk inc flu hosp,2026-05-30,quantile,0.95,54,Maryland,Ensemble
2026-05-09,24,3,wk inc flu hosp,2026-05-30,quantile,0.975,75,Maryland,Ensemble
2026-05-09,24,3,wk inc flu hosp,2026-05-30,quantile,0.99,106,Maryland,Ensemble
2026-05-09,25,0,wk inc flu hosp,2026-05-09,quantile,0.01,4,Massachusetts,Ensemble
2026-05-09,25,0,wk inc flu hosp,2026-05-09,quantile,0.025,5,Massachusetts,Ensemble
2026-05-09,25,0,wk inc flu hosp,2026-05-09,quantile,0.05,6,Massachusetts,Ensemble
2026-05-09,25,0,wk inc flu hosp,2026-05-09,quantile,0.1,9,Massachusetts,Ensemble
2026-05-09,25,0,wk inc flu hosp,2026-05-09,quantile,0.15,11,Massachusetts,Ensemble
2026-05-09,25,0,wk inc flu hosp,2026-05-09,quantile,0.2,12,Massachusetts,Ensemble
2026-05-09,25,0,wk inc flu hosp,2026-05-09,quantile,0.25,14,Massachusetts,Ensemble
2026-05-09,25,0,wk inc flu hosp,2026-05-09,quantile,0.3,15,Massachusetts,Ensemble
2026-05-09,25,0,wk inc flu hosp,2026-05-09,quantile,0.35,16,Massachusetts,Ensemble
2026-05-09,25,0,wk inc flu hosp,2026-05-09,quantile,0.4,17,Massachusetts,Ensemble
2026-05-09,25,0,wk inc flu hosp,2026-05-09,quantile,0.45,19,Massachusetts,Ensemble
2026-05-09,25,0,wk inc flu hosp,2026-05-09,quantile,0.5,21,Massachusetts,Ensemble
2026-05-09,25,0,wk inc flu hosp,2026-05-09,quantile,0.55,23,Massachusetts,Ensemble
2026-05-09,25,0,wk inc flu hosp,2026-05-09,quantile,0.6,24,Massachusetts,Ensemble
2026-05-09,25,0,wk inc flu hosp,2026-05-09,quantile,0.65,26,Massachusetts,Ensemble
2026-05-09,25,0,wk inc flu hosp,2026-05-09,quantile,0.7,27,Massachusetts,Ensemble
2026-05-09,25,0,wk inc flu hosp,2026-05-09,quantile,0.75,30,Massachusetts,Ensemble
2026-05-09,25,0,wk inc flu hosp,2026-05-09,quantile,0.8,32,Massachusetts,Ensemble
2026-05-09,25,0,wk inc flu hosp,2026-05-09,quantile,0.85,35,Massachusetts,Ensemble
2026-05-09,25,0,wk inc flu hosp,2026-05-09,quantile,0.9,41,Massachusetts,Ensemble
2026-05-09,25,0,wk inc flu hosp,2026-05-09,quantile,0.95,56,Massachusetts,Ensemble
2026-05-09,25,0,wk inc flu hosp,2026-05-09,quantile,0.975,69,Massachusetts,Ensemble
2026-05-09,25,0,wk inc flu hosp,2026-05-09,quantile,0.99,95,Massachusetts,Ensemble
2026-05-09,25,1,wk inc flu hosp,2026-05-16,quantile,0.01,2,Massachusetts,Ensemble
2026-05-09,25,1,wk inc flu hosp,2026-05-16,quantile,0.025,3,Massachusetts,Ensemble
2026-05-09,25,1,wk inc flu hosp,2026-05-16,quantile,0.05,4,Massachusetts,Ensemble
2026-05-09,25,1,wk inc flu hosp,2026-05-16,quantile,0.1,6,Massachusetts,Ensemble
2026-05-09,25,1,wk inc flu hosp,2026-05-16,quantile,0.15,7,Massachusetts,Ensemble
2026-05-09,25,1,wk inc flu hosp,2026-05-16,quantile,0.2,9,Massachusetts,Ensemble
2026-05-09,25,1,wk inc flu hosp,2026-05-16,quantile,0.25,10,Massachusetts,Ensemble
2026-05-09,25,1,wk inc flu hosp,2026-05-16,quantile,0.3,11,Massachusetts,Ensemble
2026-05-09,25,1,wk inc flu hosp,2026-05-16,quantile,0.35,13,Massachusetts,Ensemble
2026-05-09,25,1,wk inc flu hosp,2026-05-16,quantile,0.4,14,Massachusetts,Ensemble
2026-05-09,25,1,wk inc flu hosp,2026-05-16,quantile,0.45,16,Massachusetts,Ensemble
2026-05-09,25,1,wk inc flu hosp,2026-05-16,quantile,0.5,18,Massachusetts,Ensemble
2026-05-09,25,1,wk inc flu hosp,2026-05-16,quantile,0.55,20,Massachusetts,Ensemble
2026-05-09,25,1,wk inc flu hosp,2026-05-16,quantile,0.6,21,Massachusetts,Ensemble
2026-05-09,25,1,wk inc flu hosp,2026-05-16,quantile,0.65,23,Massachusetts,Ensemble
2026-05-09,25,1,wk inc flu hosp,2026-05-16,quantile,0.7,26,Massachusetts,Ensemble
2026-05-09,25,1,wk inc flu hosp,2026-05-16,quantile,0.75,29,Massachusetts,Ensemble
2026-05-09,25,1,wk inc flu hosp,2026-05-16,quantile,0.8,32,Massachusetts,Ensemble
2026-05-09,25,1,wk inc flu hosp,2026-05-16,quantile,0.85,38,Massachusetts,Ensemble
2026-05-09,25,1,wk inc flu hosp,2026-05-16,quantile,0.9,49,Massachusetts,Ensemble
2026-05-09,25,1,wk inc flu hosp,2026-05-16,quantile,0.95,67,Massachusetts,Ensemble
2026-05-09,25,1,wk inc flu hosp,2026-05-16,quantile,0.975,92,Massachusetts,Ensemble
2026-05-09,25,1,wk inc flu hosp,2026-05-16,quantile,0.99,117,Massachusetts,Ensemble
2026-05-09,25,2,wk inc flu hosp,2026-05-23,quantile,0.01,1,Massachusetts,Ensemble
2026-05-09,25,2,wk inc flu hosp,2026-05-23,quantile,0.025,2,Massachusetts,Ensemble
2026-05-09,25,2,wk inc flu hosp,2026-05-23,quantile,0.05,3,Massachusetts,Ensemble
2026-05-09,25,2,wk inc flu hosp,2026-05-23,quantile,0.1,4,Massachusetts,Ensemble
2026-05-09,25,2,wk inc flu hosp,2026-05-23,quantile,0.15,5,Massachusetts,Ensemble
2026-05-09,25,2,wk inc flu hosp,2026-05-23,quantile,0.2,7,Massachusetts,Ensemble
2026-05-09,25,2,wk inc flu hosp,2026-05-23,quantile,0.25,8,Massachusetts,Ensemble
2026-05-09,25,2,wk inc flu hosp,2026-05-23,quantile,0.3,10,Massachusetts,Ensemble
2026-05-09,25,2,wk inc flu hosp,2026-05-23,quantile,0.35,11,Massachusetts,Ensemble
2026-05-09,25,2,wk inc flu hosp,2026-05-23,quantile,0.4,12,Massachusetts,Ensemble
2026-05-09,25,2,wk inc flu hosp,2026-05-23,quantile,0.45,14,Massachusetts,Ensemble
2026-05-09,25,2,wk inc flu hosp,2026-05-23,quantile,0.5,16,Massachusetts,Ensemble
2026-05-09,25,2,wk inc flu hosp,2026-05-23,quantile,0.55,18,Massachusetts,Ensemble
2026-05-09,25,2,wk inc flu hosp,2026-05-23,quantile,0.6,20,Massachusetts,Ensemble
2026-05-09,25,2,wk inc flu hosp,2026-05-23,quantile,0.65,22,Massachusetts,Ensemble
2026-05-09,25,2,wk inc flu hosp,2026-05-23,quantile,0.7,25,Massachusetts,Ensemble
2026-05-09,25,2,wk inc flu hosp,2026-05-23,quantile,0.75,29,Massachusetts,Ensemble
2026-05-09,25,2,wk inc flu hosp,2026-05-23,quantile,0.8,34,Massachusetts,Ensemble
2026-05-09,25,2,wk inc flu hosp,2026-05-23,quantile,0.85,42,Massachusetts,Ensemble
2026-05-09,25,2,wk inc flu hosp,2026-05-23,quantile,0.9,56,Massachusetts,Ensemble
2026-05-09,25,2,wk inc flu hosp,2026-05-23,quantile,0.95,80,Massachusetts,Ensemble
2026-05-09,25,2,wk inc flu hosp,2026-05-23,quantile,0.975,109,Massachusetts,Ensemble
2026-05-09,25,2,wk inc flu hosp,2026-05-23,quantile,0.99,143,Massachusetts,Ensemble
2026-05-09,25,3,wk inc flu hosp,2026-05-30,quantile,0.01,1,Massachusetts,Ensemble
2026-05-09,25,3,wk inc flu hosp,2026-05-30,quantile,0.025,2,Massachusetts,Ensemble
2026-05-09,25,3,wk inc flu hosp,2026-05-30,quantile,0.05,2,Massachusetts,Ensemble
2026-05-09,25,3,wk inc flu hosp,2026-05-30,quantile,0.1,3,Massachusetts,Ensemble
2026-05-09,25,3,wk inc flu hosp,2026-05-30,quantile,0.15,4,Massachusetts,Ensemble
2026-05-09,25,3,wk inc flu hosp,2026-05-30,quantile,0.2,6,Massachusetts,Ensemble
2026-05-09,25,3,wk inc flu hosp,2026-05-30,quantile,0.25,7,Massachusetts,Ensemble
2026-05-09,25,3,wk inc flu hosp,2026-05-30,quantile,0.3,8,Massachusetts,Ensemble
2026-05-09,25,3,wk inc flu hosp,2026-05-30,quantile,0.35,9,Massachusetts,Ensemble
2026-05-09,25,3,wk inc flu hosp,2026-05-30,quantile,0.4,10,Massachusetts,Ensemble
2026-05-09,25,3,wk inc flu hosp,2026-05-30,quantile,0.45,12,Massachusetts,Ensemble
2026-05-09,25,3,wk inc flu hosp,2026-05-30,quantile,0.5,14,Massachusetts,Ensemble
2026-05-09,25,3,wk inc flu hosp,2026-05-30,quantile,0.55,16,Massachusetts,Ensemble
2026-05-09,25,3,wk inc flu hosp,2026-05-30,quantile,0.6,18,Massachusetts,Ensemble
2026-05-09,25,3,wk inc flu hosp,2026-05-30,quantile,0.65,20,Massachusetts,Ensemble
2026-05-09,25,3,wk inc flu hosp,2026-05-30,quantile,0.7,23,Massachusetts,Ensemble
2026-05-09,25,3,wk inc flu hosp,2026-05-30,quantile,0.75,27,Massachusetts,Ensemble
2026-05-09,25,3,wk inc flu hosp,2026-05-30,quantile,0.8,34,Massachusetts,Ensemble
2026-05-09,25,3,wk inc flu hosp,2026-05-30,quantile,0.85,44,Massachusetts,Ensemble
2026-05-09,25,3,wk inc flu hosp,2026-05-30,quantile,0.9,60,Massachusetts,Ensemble
2026-05-09,25,3,wk inc flu hosp,2026-05-30,quantile,0.95,92,Massachusetts,Ensemble
2026-05-09,25,3,wk inc flu hosp,2026-05-30,quantile,0.975,120,Massachusetts,Ensemble
2026-05-09,25,3,wk inc flu hosp,2026-05-30,quantile,0.99,158,Massachusetts,Ensemble
2026-05-09,26,0,wk inc flu hosp,2026-05-09,quantile,0.01,4,Michigan,Ensemble
2026-05-09,26,0,wk inc flu hosp,2026-05-09,quantile,0.025,5,Michigan,Ensemble
2026-05-09,26,0,wk inc flu hosp,2026-05-09,quantile,0.05,8,Michigan,Ensemble
2026-05-09,26,0,wk inc flu hosp,2026-05-09,quantile,0.1,10,Michigan,Ensemble
2026-05-09,26,0,wk inc flu hosp,2026-05-09,quantile,0.15,12,Michigan,Ensemble
2026-05-09,26,0,wk inc flu hosp,2026-05-09,quantile,0.2,14,Michigan,Ensemble
2026-05-09,26,0,wk inc flu hosp,2026-05-09,quantile,0.25,16,Michigan,Ensemble
2026-05-09,26,0,wk inc flu hosp,2026-05-09,quantile,0.3,17,Michigan,Ensemble
2026-05-09,26,0,wk inc flu hosp,2026-05-09,quantile,0.35,18,Michigan,Ensemble
2026-05-09,26,0,wk inc flu hosp,2026-05-09,quantile,0.4,20,Michigan,Ensemble
2026-05-09,26,0,wk inc flu hosp,2026-05-09,quantile,0.45,21,Michigan,Ensemble
2026-05-09,26,0,wk inc flu hosp,2026-05-09,quantile,0.5,24,Michigan,Ensemble
2026-05-09,26,0,wk inc flu hosp,2026-05-09,quantile,0.55,25,Michigan,Ensemble
2026-05-09,26,0,wk inc flu hosp,2026-05-09,quantile,0.6,27,Michigan,Ensemble
2026-05-09,26,0,wk inc flu hosp,2026-05-09,quantile,0.65,29,Michigan,Ensemble
2026-05-09,26,0,wk inc flu hosp,2026-05-09,quantile,0.7,31,Michigan,Ensemble
2026-05-09,26,0,wk inc flu hosp,2026-05-09,quantile,0.75,33,Michigan,Ensemble
2026-05-09,26,0,wk inc flu hosp,2026-05-09,quantile,0.8,36,Michigan,Ensemble
2026-05-09,26,0,wk inc flu hosp,2026-05-09,quantile,0.85,39,Michigan,Ensemble
2026-05-09,26,0,wk inc flu hosp,2026-05-09,quantile,0.9,44,Michigan,Ensemble
2026-05-09,26,0,wk inc flu hosp,2026-05-09,quantile,0.95,53,Michigan,Ensemble
2026-05-09,26,0,wk inc flu hosp,2026-05-09,quantile,0.975,63,Michigan,Ensemble
2026-05-09,26,0,wk inc flu hosp,2026-05-09,quantile,0.99,77,Michigan,Ensemble
2026-05-09,26,1,wk inc flu hosp,2026-05-16,quantile,0.01,3,Michigan,Ensemble
2026-05-09,26,1,wk inc flu hosp,2026-05-16,quantile,0.025,4,Michigan,Ensemble
2026-05-09,26,1,wk inc flu hosp,2026-05-16,quantile,0.05,6,Michigan,Ensemble
2026-05-09,26,1,wk inc flu hosp,2026-05-16,quantile,0.1,8,Michigan,Ensemble
2026-05-09,26,1,wk inc flu hosp,2026-05-16,quantile,0.15,9,Michigan,Ensemble
2026-05-09,26,1,wk inc flu hosp,2026-05-16,quantile,0.2,11,Michigan,Ensemble
2026-05-09,26,1,wk inc flu hosp,2026-05-16,quantile,0.25,12,Michigan,Ensemble
2026-05-09,26,1,wk inc flu hosp,2026-05-16,quantile,0.3,14,Michigan,Ensemble
2026-05-09,26,1,wk inc flu hosp,2026-05-16,quantile,0.35,15,Michigan,Ensemble
2026-05-09,26,1,wk inc flu hosp,2026-05-16,quantile,0.4,17,Michigan,Ensemble
2026-05-09,26,1,wk inc flu hosp,2026-05-16,quantile,0.45,18,Michigan,Ensemble
2026-05-09,26,1,wk inc flu hosp,2026-05-16,quantile,0.5,21,Michigan,Ensemble
2026-05-09,26,1,wk inc flu hosp,2026-05-16,quantile,0.55,23,Michigan,Ensemble
2026-05-09,26,1,wk inc flu hosp,2026-05-16,quantile,0.6,25,Michigan,Ensemble
2026-05-09,26,1,wk inc flu hosp,2026-05-16,quantile,0.65,27,Michigan,Ensemble
2026-05-09,26,1,wk inc flu hosp,2026-05-16,quantile,0.7,29,Michigan,Ensemble
2026-05-09,26,1,wk inc flu hosp,2026-05-16,quantile,0.75,32,Michigan,Ensemble
2026-05-09,26,1,wk inc flu hosp,2026-05-16,quantile,0.8,36,Michigan,Ensemble
2026-05-09,26,1,wk inc flu hosp,2026-05-16,quantile,0.85,40,Michigan,Ensemble
2026-05-09,26,1,wk inc flu hosp,2026-05-16,quantile,0.9,48,Michigan,Ensemble
2026-05-09,26,1,wk inc flu hosp,2026-05-16,quantile,0.95,60,Michigan,Ensemble
2026-05-09,26,1,wk inc flu hosp,2026-05-16,quantile,0.975,74,Michigan,Ensemble
2026-05-09,26,1,wk inc flu hosp,2026-05-16,quantile,0.99,93,Michigan,Ensemble
2026-05-09,26,2,wk inc flu hosp,2026-05-23,quantile,0.01,2,Michigan,Ensemble
2026-05-09,26,2,wk inc flu hosp,2026-05-23,quantile,0.025,3,Michigan,Ensemble
2026-05-09,26,2,wk inc flu hosp,2026-05-23,quantile,0.05,4,Michigan,Ensemble
2026-05-09,26,2,wk inc flu hosp,2026-05-23,quantile,0.1,6,Michigan,Ensemble
2026-05-09,26,2,wk inc flu hosp,2026-05-23,quantile,0.15,7,Michigan,Ensemble
2026-05-09,26,2,wk inc flu hosp,2026-05-23,quantile,0.2,8,Michigan,Ensemble
2026-05-09,26,2,wk inc flu hosp,2026-05-23,quantile,0.25,10,Michigan,Ensemble
2026-05-09,26,2,wk inc flu hosp,2026-05-23,quantile,0.3,11,Michigan,Ensemble
2026-05-09,26,2,wk inc flu hosp,2026-05-23,quantile,0.35,12,Michigan,Ensemble
2026-05-09,26,2,wk inc flu hosp,2026-05-23,quantile,0.4,13,Michigan,Ensemble
2026-05-09,26,2,wk inc flu hosp,2026-05-23,quantile,0.45,15,Michigan,Ensemble
2026-05-09,26,2,wk inc flu hosp,2026-05-23,quantile,0.5,17,Michigan,Ensemble
2026-05-09,26,2,wk inc flu hosp,2026-05-23,quantile,0.55,19,Michigan,Ensemble
2026-05-09,26,2,wk inc flu hosp,2026-05-23,quantile,0.6,21,Michigan,Ensemble
2026-05-09,26,2,wk inc flu hosp,2026-05-23,quantile,0.65,23,Michigan,Ensemble
2026-05-09,26,2,wk inc flu hosp,2026-05-23,quantile,0.7,26,Michigan,Ensemble
2026-05-09,26,2,wk inc flu hosp,2026-05-23,quantile,0.75,29,Michigan,Ensemble
2026-05-09,26,2,wk inc flu hosp,2026-05-23,quantile,0.8,33,Michigan,Ensemble
2026-05-09,26,2,wk inc flu hosp,2026-05-23,quantile,0.85,39,Michigan,Ensemble
2026-05-09,26,2,wk inc flu hosp,2026-05-23,quantile,0.9,49,Michigan,Ensemble
2026-05-09,26,2,wk inc flu hosp,2026-05-23,quantile,0.95,64,Michigan,Ensemble
2026-05-09,26,2,wk inc flu hosp,2026-05-23,quantile,0.975,81,Michigan,Ensemble
2026-05-09,26,2,wk inc flu hosp,2026-05-23,quantile,0.99,104,Michigan,Ensemble
2026-05-09,26,3,wk inc flu hosp,2026-05-30,quantile,0.01,2,Michigan,Ensemble
2026-05-09,26,3,wk inc flu hosp,2026-05-30,quantile,0.025,2,Michigan,Ensemble
2026-05-09,26,3,wk inc flu hosp,2026-05-30,quantile,0.05,4,Michigan,Ensemble
2026-05-09,26,3,wk inc flu hosp,2026-05-30,quantile,0.1,5,Michigan,Ensemble
2026-05-09,26,3,wk inc flu hosp,2026-05-30,quantile,0.15,6,Michigan,Ensemble
2026-05-09,26,3,wk inc flu hosp,2026-05-30,quantile,0.2,8,Michigan,Ensemble
2026-05-09,26,3,wk inc flu hosp,2026-05-30,quantile,0.25,9,Michigan,Ensemble
2026-05-09,26,3,wk inc flu hosp,2026-05-30,quantile,0.3,10,Michigan,Ensemble
2026-05-09,26,3,wk inc flu hosp,2026-05-30,quantile,0.35,11,Michigan,Ensemble
2026-05-09,26,3,wk inc flu hosp,2026-05-30,quantile,0.4,12,Michigan,Ensemble
2026-05-09,26,3,wk inc flu hosp,2026-05-30,quantile,0.45,13,Michigan,Ensemble
2026-05-09,26,3,wk inc flu hosp,2026-05-30,quantile,0.5,16,Michigan,Ensemble
2026-05-09,26,3,wk inc flu hosp,2026-05-30,quantile,0.55,18,Michigan,Ensemble
2026-05-09,26,3,wk inc flu hosp,2026-05-30,quantile,0.6,20,Michigan,Ensemble
2026-05-09,26,3,wk inc flu hosp,2026-05-30,quantile,0.65,22,Michigan,Ensemble
2026-05-09,26,3,wk inc flu hosp,2026-05-30,quantile,0.7,25,Michigan,Ensemble
2026-05-09,26,3,wk inc flu hosp,2026-05-30,quantile,0.75,29,Michigan,Ensemble
2026-05-09,26,3,wk inc flu hosp,2026-05-30,quantile,0.8,33,Michigan,Ensemble
2026-05-09,26,3,wk inc flu hosp,2026-05-30,quantile,0.85,39,Michigan,Ensemble
2026-05-09,26,3,wk inc flu hosp,2026-05-30,quantile,0.9,48,Michigan,Ensemble
2026-05-09,26,3,wk inc flu hosp,2026-05-30,quantile,0.95,65,Michigan,Ensemble
2026-05-09,26,3,wk inc flu hosp,2026-05-30,quantile,0.975,84,Michigan,Ensemble
2026-05-09,26,3,wk inc flu hosp,2026-05-30,quantile,0.99,112,Michigan,Ensemble
2026-05-09,27,0,wk inc flu hosp,2026-05-09,quantile,0.01,3,Minnesota,Ensemble
2026-05-09,27,0,wk inc flu hosp,2026-05-09,quantile,0.025,5,Minnesota,Ensemble
2026-05-09,27,0,wk inc flu hosp,2026-05-09,quantile,0.05,6,Minnesota,Ensemble
2026-05-09,27,0,wk inc flu hosp,2026-05-09,quantile,0.1,8,Minnesota,Ensemble
2026-05-09,27,0,wk inc flu hosp,2026-05-09,quantile,0.15,9,Minnesota,Ensemble
2026-05-09,27,0,wk inc flu hosp,2026-05-09,quantile,0.2,10,Minnesota,Ensemble
2026-05-09,27,0,wk inc flu hosp,2026-05-09,quantile,0.25,12,Minnesota,Ensemble
2026-05-09,27,0,wk inc flu hosp,2026-05-09,quantile,0.3,13,Minnesota,Ensemble
2026-05-09,27,0,wk inc flu hosp,2026-05-09,quantile,0.35,14,Minnesota,Ensemble
2026-05-09,27,0,wk inc flu hosp,2026-05-09,quantile,0.4,16,Minnesota,Ensemble
2026-05-09,27,0,wk inc flu hosp,2026-05-09,quantile,0.45,18,Minnesota,Ensemble
2026-05-09,27,0,wk inc flu hosp,2026-05-09,quantile,0.5,21,Minnesota,Ensemble
2026-05-09,27,0,wk inc flu hosp,2026-05-09,quantile,0.55,22,Minnesota,Ensemble
2026-05-09,27,0,wk inc flu hosp,2026-05-09,quantile,0.6,24,Minnesota,Ensemble
2026-05-09,27,0,wk inc flu hosp,2026-05-09,quantile,0.65,26,Minnesota,Ensemble
2026-05-09,27,0,wk inc flu hosp,2026-05-09,quantile,0.7,28,Minnesota,Ensemble
2026-05-09,27,0,wk inc flu hosp,2026-05-09,quantile,0.75,29,Minnesota,Ensemble
2026-05-09,27,0,wk inc flu hosp,2026-05-09,quantile,0.8,32,Minnesota,Ensemble
2026-05-09,27,0,wk inc flu hosp,2026-05-09,quantile,0.85,35,Minnesota,Ensemble
2026-05-09,27,0,wk inc flu hosp,2026-05-09,quantile,0.9,40,Minnesota,Ensemble
2026-05-09,27,0,wk inc flu hosp,2026-05-09,quantile,0.95,51,Minnesota,Ensemble
2026-05-09,27,0,wk inc flu hosp,2026-05-09,quantile,0.975,63,Minnesota,Ensemble
2026-05-09,27,0,wk inc flu hosp,2026-05-09,quantile,0.99,78,Minnesota,Ensemble
2026-05-09,27,1,wk inc flu hosp,2026-05-16,quantile,0.01,2,Minnesota,Ensemble
2026-05-09,27,1,wk inc flu hosp,2026-05-16,quantile,0.025,2,Minnesota,Ensemble
2026-05-09,27,1,wk inc flu hosp,2026-05-16,quantile,0.05,3,Minnesota,Ensemble
2026-05-09,27,1,wk inc flu hosp,2026-05-16,quantile,0.1,5,Minnesota,Ensemble
2026-05-09,27,1,wk inc flu hosp,2026-05-16,quantile,0.15,6,Minnesota,Ensemble
2026-05-09,27,1,wk inc flu hosp,2026-05-16,quantile,0.2,7,Minnesota,Ensemble
2026-05-09,27,1,wk inc flu hosp,2026-05-16,quantile,0.25,8,Minnesota,Ensemble
2026-05-09,27,1,wk inc flu hosp,2026-05-16,quantile,0.3,9,Minnesota,Ensemble
2026-05-09,27,1,wk inc flu hosp,2026-05-16,quantile,0.35,11,Minnesota,Ensemble
2026-05-09,27,1,wk inc flu hosp,2026-05-16,quantile,0.4,12,Minnesota,Ensemble
2026-05-09,27,1,wk inc flu hosp,2026-05-16,quantile,0.45,14,Minnesota,Ensemble
2026-05-09,27,1,wk inc flu hosp,2026-05-16,quantile,0.5,16,Minnesota,Ensemble
2026-05-09,27,1,wk inc flu hosp,2026-05-16,quantile,0.55,19,Minnesota,Ensemble
2026-05-09,27,1,wk inc flu hosp,2026-05-16,quantile,0.6,21,Minnesota,Ensemble
2026-05-09,27,1,wk inc flu hosp,2026-05-16,quantile,0.65,23,Minnesota,Ensemble
2026-05-09,27,1,wk inc flu hosp,2026-05-16,quantile,0.7,25,Minnesota,Ensemble
2026-05-09,27,1,wk inc flu hosp,2026-05-16,quantile,0.75,28,Minnesota,Ensemble
2026-05-09,27,1,wk inc flu hosp,2026-05-16,quantile,0.8,32,Minnesota,Ensemble
2026-05-09,27,1,wk inc flu hosp,2026-05-16,quantile,0.85,38,Minnesota,Ensemble
2026-05-09,27,1,wk inc flu hosp,2026-05-16,quantile,0.9,46,Minnesota,Ensemble
2026-05-09,27,1,wk inc flu hosp,2026-05-16,quantile,0.95,63,Minnesota,Ensemble
2026-05-09,27,1,wk inc flu hosp,2026-05-16,quantile,0.975,79,Minnesota,Ensemble
2026-05-09,27,1,wk inc flu hosp,2026-05-16,quantile,0.99,103,Minnesota,Ensemble
2026-05-09,27,2,wk inc flu hosp,2026-05-23,quantile,0.01,1,Minnesota,Ensemble
2026-05-09,27,2,wk inc flu hosp,2026-05-23,quantile,0.025,1,Minnesota,Ensemble
2026-05-09,27,2,wk inc flu hosp,2026-05-23,quantile,0.05,2,Minnesota,Ensemble
2026-05-09,27,2,wk inc flu hosp,2026-05-23,quantile,0.1,3,Minnesota,Ensemble
2026-05-09,27,2,wk inc flu hosp,2026-05-23,quantile,0.15,4,Minnesota,Ensemble
2026-05-09,27,2,wk inc flu hosp,2026-05-23,quantile,0.2,5,Minnesota,Ensemble
2026-05-09,27,2,wk inc flu hosp,2026-05-23,quantile,0.25,6,Minnesota,Ensemble
2026-05-09,27,2,wk inc flu hosp,2026-05-23,quantile,0.3,7,Minnesota,Ensemble
2026-05-09,27,2,wk inc flu hosp,2026-05-23,quantile,0.35,8,Minnesota,Ensemble
2026-05-09,27,2,wk inc flu hosp,2026-05-23,quantile,0.4,9,Minnesota,Ensemble
2026-05-09,27,2,wk inc flu hosp,2026-05-23,quantile,0.45,11,Minnesota,Ensemble
2026-05-09,27,2,wk inc flu hosp,2026-05-23,quantile,0.5,14,Minnesota,Ensemble
2026-05-09,27,2,wk inc flu hosp,2026-05-23,quantile,0.55,16,Minnesota,Ensemble
2026-05-09,27,2,wk inc flu hosp,2026-05-23,quantile,0.6,18,Minnesota,Ensemble
2026-05-09,27,2,wk inc flu hosp,2026-05-23,quantile,0.65,21,Minnesota,Ensemble
2026-05-09,27,2,wk inc flu hosp,2026-05-23,quantile,0.7,25,Minnesota,Ensemble
2026-05-09,27,2,wk inc flu hosp,2026-05-23,quantile,0.75,28,Minnesota,Ensemble
2026-05-09,27,2,wk inc flu hosp,2026-05-23,quantile,0.8,33,Minnesota,Ensemble
2026-05-09,27,2,wk inc flu hosp,2026-05-23,quantile,0.85,41,Minnesota,Ensemble
2026-05-09,27,2,wk inc flu hosp,2026-05-23,quantile,0.9,53,Minnesota,Ensemble
2026-05-09,27,2,wk inc flu hosp,2026-05-23,quantile,0.95,73,Minnesota,Ensemble
2026-05-09,27,2,wk inc flu hosp,2026-05-23,quantile,0.975,98,Minnesota,Ensemble
2026-05-09,27,2,wk inc flu hosp,2026-05-23,quantile,0.99,136,Minnesota,Ensemble
2026-05-09,27,3,wk inc flu hosp,2026-05-30,quantile,0.01,0,Minnesota,Ensemble
2026-05-09,27,3,wk inc flu hosp,2026-05-30,quantile,0.025,1,Minnesota,Ensemble
2026-05-09,27,3,wk inc flu hosp,2026-05-30,quantile,0.05,1,Minnesota,Ensemble
2026-05-09,27,3,wk inc flu hosp,2026-05-30,quantile,0.1,2,Minnesota,Ensemble
2026-05-09,27,3,wk inc flu hosp,2026-05-30,quantile,0.15,3,Minnesota,Ensemble
2026-05-09,27,3,wk inc flu hosp,2026-05-30,quantile,0.2,4,Minnesota,Ensemble
2026-05-09,27,3,wk inc flu hosp,2026-05-30,quantile,0.25,4,Minnesota,Ensemble
2026-05-09,27,3,wk inc flu hosp,2026-05-30,quantile,0.3,5,Minnesota,Ensemble
2026-05-09,27,3,wk inc flu hosp,2026-05-30,quantile,0.35,6,Minnesota,Ensemble
2026-05-09,27,3,wk inc flu hosp,2026-05-30,quantile,0.4,7,Minnesota,Ensemble
2026-05-09,27,3,wk inc flu hosp,2026-05-30,quantile,0.45,9,Minnesota,Ensemble
2026-05-09,27,3,wk inc flu hosp,2026-05-30,quantile,0.5,11,Minnesota,Ensemble
2026-05-09,27,3,wk inc flu hosp,2026-05-30,quantile,0.55,13,Minnesota,Ensemble
2026-05-09,27,3,wk inc flu hosp,2026-05-30,quantile,0.6,16,Minnesota,Ensemble
2026-05-09,27,3,wk inc flu hosp,2026-05-30,quantile,0.65,19,Minnesota,Ensemble
2026-05-09,27,3,wk inc flu hosp,2026-05-30,quantile,0.7,22,Minnesota,Ensemble
2026-05-09,27,3,wk inc flu hosp,2026-05-30,quantile,0.75,27,Minnesota,Ensemble
2026-05-09,27,3,wk inc flu hosp,2026-05-30,quantile,0.8,33,Minnesota,Ensemble
2026-05-09,27,3,wk inc flu hosp,2026-05-30,quantile,0.85,41,Minnesota,Ensemble
2026-05-09,27,3,wk inc flu hosp,2026-05-30,quantile,0.9,54,Minnesota,Ensemble
2026-05-09,27,3,wk inc flu hosp,2026-05-30,quantile,0.95,78,Minnesota,Ensemble
2026-05-09,27,3,wk inc flu hosp,2026-05-30,quantile,0.975,110,Minnesota,Ensemble
2026-05-09,27,3,wk inc flu hosp,2026-05-30,quantile,0.99,153,Minnesota,Ensemble
2026-05-09,28,0,wk inc flu hosp,2026-05-09,quantile,0.01,5,Mississippi,Ensemble
2026-05-09,28,0,wk inc flu hosp,2026-05-09,quantile,0.025,7,Mississippi,Ensemble
2026-05-09,28,0,wk inc flu hosp,2026-05-09,quantile,0.05,9,Mississippi,Ensemble
2026-05-09,28,0,wk inc flu hosp,2026-05-09,quantile,0.1,11,Mississippi,Ensemble
2026-05-09,28,0,wk inc flu hosp,2026-05-09,quantile,0.15,12,Mississippi,Ensemble
2026-05-09,28,0,wk inc flu hosp,2026-05-09,quantile,0.2,13,Mississippi,Ensemble
2026-05-09,28,0,wk inc flu hosp,2026-05-09,quantile,0.25,14,Mississippi,Ensemble
2026-05-09,28,0,wk inc flu hosp,2026-05-09,quantile,0.3,16,Mississippi,Ensemble
2026-05-09,28,0,wk inc flu hosp,2026-05-09,quantile,0.35,16,Mississippi,Ensemble
2026-05-09,28,0,wk inc flu hosp,2026-05-09,quantile,0.4,17,Mississippi,Ensemble
2026-05-09,28,0,wk inc flu hosp,2026-05-09,quantile,0.45,18,Mississippi,Ensemble
2026-05-09,28,0,wk inc flu hosp,2026-05-09,quantile,0.5,21,Mississippi,Ensemble
2026-05-09,28,0,wk inc flu hosp,2026-05-09,quantile,0.55,22,Mississippi,Ensemble
2026-05-09,28,0,wk inc flu hosp,2026-05-09,quantile,0.6,23,Mississippi,Ensemble
2026-05-09,28,0,wk inc flu hosp,2026-05-09,quantile,0.65,24,Mississippi,Ensemble
2026-05-09,28,0,wk inc flu hosp,2026-05-09,quantile,0.7,25,Mississippi,Ensemble
2026-05-09,28,0,wk inc flu hosp,2026-05-09,quantile,0.75,27,Mississippi,Ensemble
2026-05-09,28,0,wk inc flu hosp,2026-05-09,quantile,0.8,28,Mississippi,Ensemble
2026-05-09,28,0,wk inc flu hosp,2026-05-09,quantile,0.85,30,Mississippi,Ensemble
2026-05-09,28,0,wk inc flu hosp,2026-05-09,quantile,0.9,33,Mississippi,Ensemble
2026-05-09,28,0,wk inc flu hosp,2026-05-09,quantile,0.95,39,Mississippi,Ensemble
2026-05-09,28,0,wk inc flu hosp,2026-05-09,quantile,0.975,45,Mississippi,Ensemble
2026-05-09,28,0,wk inc flu hosp,2026-05-09,quantile,0.99,53,Mississippi,Ensemble
2026-05-09,28,1,wk inc flu hosp,2026-05-16,quantile,0.01,4,Mississippi,Ensemble
2026-05-09,28,1,wk inc flu hosp,2026-05-16,quantile,0.025,5,Mississippi,Ensemble
2026-05-09,28,1,wk inc flu hosp,2026-05-16,quantile,0.05,6,Mississippi,Ensemble
2026-05-09,28,1,wk inc flu hosp,2026-05-16,quantile,0.1,8,Mississippi,Ensemble
2026-05-09,28,1,wk inc flu hosp,2026-05-16,quantile,0.15,10,Mississippi,Ensemble
2026-05-09,28,1,wk inc flu hosp,2026-05-16,quantile,0.2,11,Mississippi,Ensemble
2026-05-09,28,1,wk inc flu hosp,2026-05-16,quantile,0.25,12,Mississippi,Ensemble
2026-05-09,28,1,wk inc flu hosp,2026-05-16,quantile,0.3,13,Mississippi,Ensemble
2026-05-09,28,1,wk inc flu hosp,2026-05-16,quantile,0.35,14,Mississippi,Ensemble
2026-05-09,28,1,wk inc flu hosp,2026-05-16,quantile,0.4,16,Mississippi,Ensemble
2026-05-09,28,1,wk inc flu hosp,2026-05-16,quantile,0.45,17,Mississippi,Ensemble
2026-05-09,28,1,wk inc flu hosp,2026-05-16,quantile,0.5,19,Mississippi,Ensemble
2026-05-09,28,1,wk inc flu hosp,2026-05-16,quantile,0.55,20,Mississippi,Ensemble
2026-05-09,28,1,wk inc flu hosp,2026-05-16,quantile,0.6,21,Mississippi,Ensemble
2026-05-09,28,1,wk inc flu hosp,2026-05-16,quantile,0.65,23,Mississippi,Ensemble
2026-05-09,28,1,wk inc flu hosp,2026-05-16,quantile,0.7,24,Mississippi,Ensemble
2026-05-09,28,1,wk inc flu hosp,2026-05-16,quantile,0.75,26,Mississippi,Ensemble
2026-05-09,28,1,wk inc flu hosp,2026-05-16,quantile,0.8,28,Mississippi,Ensemble
2026-05-09,28,1,wk inc flu hosp,2026-05-16,quantile,0.85,31,Mississippi,Ensemble
2026-05-09,28,1,wk inc flu hosp,2026-05-16,quantile,0.9,35,Mississippi,Ensemble
2026-05-09,28,1,wk inc flu hosp,2026-05-16,quantile,0.95,43,Mississippi,Ensemble
2026-05-09,28,1,wk inc flu hosp,2026-05-16,quantile,0.975,52,Mississippi,Ensemble
2026-05-09,28,1,wk inc flu hosp,2026-05-16,quantile,0.99,62,Mississippi,Ensemble
2026-05-09,28,2,wk inc flu hosp,2026-05-23,quantile,0.01,3,Mississippi,Ensemble
2026-05-09,28,2,wk inc flu hosp,2026-05-23,quantile,0.025,4,Mississippi,Ensemble
2026-05-09,28,2,wk inc flu hosp,2026-05-23,quantile,0.05,5,Mississippi,Ensemble
2026-05-09,28,2,wk inc flu hosp,2026-05-23,quantile,0.1,6,Mississippi,Ensemble
2026-05-09,28,2,wk inc flu hosp,2026-05-23,quantile,0.15,8,Mississippi,Ensemble
2026-05-09,28,2,wk inc flu hosp,2026-05-23,quantile,0.2,9,Mississippi,Ensemble
2026-05-09,28,2,wk inc flu hosp,2026-05-23,quantile,0.25,10,Mississippi,Ensemble
2026-05-09,28,2,wk inc flu hosp,2026-05-23,quantile,0.3,11,Mississippi,Ensemble
2026-05-09,28,2,wk inc flu hosp,2026-05-23,quantile,0.35,12,Mississippi,Ensemble
2026-05-09,28,2,wk inc flu hosp,2026-05-23,quantile,0.4,13,Mississippi,Ensemble
2026-05-09,28,2,wk inc flu hosp,2026-05-23,quantile,0.45,15,Mississippi,Ensemble
2026-05-09,28,2,wk inc flu hosp,2026-05-23,quantile,0.5,17,Mississippi,Ensemble
2026-05-09,28,2,wk inc flu hosp,2026-05-23,quantile,0.55,18,Mississippi,Ensemble
2026-05-09,28,2,wk inc flu hosp,2026-05-23,quantile,0.6,20,Mississippi,Ensemble
2026-05-09,28,2,wk inc flu hosp,2026-05-23,quantile,0.65,21,Mississippi,Ensemble
2026-05-09,28,2,wk inc flu hosp,2026-05-23,quantile,0.7,23,Mississippi,Ensemble
2026-05-09,28,2,wk inc flu hosp,2026-05-23,quantile,0.75,25,Mississippi,Ensemble
2026-05-09,28,2,wk inc flu hosp,2026-05-23,quantile,0.8,27,Mississippi,Ensemble
2026-05-09,28,2,wk inc flu hosp,2026-05-23,quantile,0.85,31,Mississippi,Ensemble
2026-05-09,28,2,wk inc flu hosp,2026-05-23,quantile,0.9,36,Mississippi,Ensemble
2026-05-09,28,2,wk inc flu hosp,2026-05-23,quantile,0.95,46,Mississippi,Ensemble
2026-05-09,28,2,wk inc flu hosp,2026-05-23,quantile,0.975,55,Mississippi,Ensemble
2026-05-09,28,2,wk inc flu hosp,2026-05-23,quantile,0.99,67,Mississippi,Ensemble
2026-05-09,28,3,wk inc flu hosp,2026-05-30,quantile,0.01,2,Mississippi,Ensemble
2026-05-09,28,3,wk inc flu hosp,2026-05-30,quantile,0.025,3,Mississippi,Ensemble
2026-05-09,28,3,wk inc flu hosp,2026-05-30,quantile,0.05,4,Mississippi,Ensemble
2026-05-09,28,3,wk inc flu hosp,2026-05-30,quantile,0.1,5,Mississippi,Ensemble
2026-05-09,28,3,wk inc flu hosp,2026-05-30,quantile,0.15,6,Mississippi,Ensemble
2026-05-09,28,3,wk inc flu hosp,2026-05-30,quantile,0.2,8,Mississippi,Ensemble
2026-05-09,28,3,wk inc flu hosp,2026-05-30,quantile,0.25,9,Mississippi,Ensemble
2026-05-09,28,3,wk inc flu hosp,2026-05-30,quantile,0.3,10,Mississippi,Ensemble
2026-05-09,28,3,wk inc flu hosp,2026-05-30,quantile,0.35,11,Mississippi,Ensemble
2026-05-09,28,3,wk inc flu hosp,2026-05-30,quantile,0.4,12,Mississippi,Ensemble
2026-05-09,28,3,wk inc flu hosp,2026-05-30,quantile,0.45,13,Mississippi,Ensemble
2026-05-09,28,3,wk inc flu hosp,2026-05-30,quantile,0.5,15,Mississippi,Ensemble
2026-05-09,28,3,wk inc flu hosp,2026-05-30,quantile,0.55,17,Mississippi,Ensemble
2026-05-09,28,3,wk inc flu hosp,2026-05-30,quantile,0.6,18,Mississippi,Ensemble
2026-05-09,28,3,wk inc flu hosp,2026-05-30,quantile,0.65,20,Mississippi,Ensemble
2026-05-09,28,3,wk inc flu hosp,2026-05-30,quantile,0.7,22,Mississippi,Ensemble
2026-05-09,28,3,wk inc flu hosp,2026-05-30,quantile,0.75,24,Mississippi,Ensemble
2026-05-09,28,3,wk inc flu hosp,2026-05-30,quantile,0.8,27,Mississippi,Ensemble
2026-05-09,28,3,wk inc flu hosp,2026-05-30,quantile,0.85,31,Mississippi,Ensemble
2026-05-09,28,3,wk inc flu hosp,2026-05-30,quantile,0.9,36,Mississippi,Ensemble
2026-05-09,28,3,wk inc flu hosp,2026-05-30,quantile,0.95,47,Mississippi,Ensemble
2026-05-09,28,3,wk inc flu hosp,2026-05-30,quantile,0.975,57,Mississippi,Ensemble
2026-05-09,28,3,wk inc flu hosp,2026-05-30,quantile,0.99,72,Mississippi,Ensemble
2026-05-09,29,0,wk inc flu hosp,2026-05-09,quantile,0.01,1,Missouri,Ensemble
2026-05-09,29,0,wk inc flu hosp,2026-05-09,quantile,0.025,2,Missouri,Ensemble
2026-05-09,29,0,wk inc flu hosp,2026-05-09,quantile,0.05,2,Missouri,Ensemble
2026-05-09,29,0,wk inc flu hosp,2026-05-09,quantile,0.1,3,Missouri,Ensemble
2026-05-09,29,0,wk inc flu hosp,2026-05-09,quantile,0.15,4,Missouri,Ensemble
2026-05-09,29,0,wk inc flu hosp,2026-05-09,quantile,0.2,4,Missouri,Ensemble
2026-05-09,29,0,wk inc flu hosp,2026-05-09,quantile,0.25,5,Missouri,Ensemble
2026-05-09,29,0,wk inc flu hosp,2026-05-09,quantile,0.3,6,Missouri,Ensemble
2026-05-09,29,0,wk inc flu hosp,2026-05-09,quantile,0.35,7,Missouri,Ensemble
2026-05-09,29,0,wk inc flu hosp,2026-05-09,quantile,0.4,7,Missouri,Ensemble
2026-05-09,29,0,wk inc flu hosp,2026-05-09,quantile,0.45,8,Missouri,Ensemble
2026-05-09,29,0,wk inc flu hosp,2026-05-09,quantile,0.5,10,Missouri,Ensemble
2026-05-09,29,0,wk inc flu hosp,2026-05-09,quantile,0.55,11,Missouri,Ensemble
2026-05-09,29,0,wk inc flu hosp,2026-05-09,quantile,0.6,12,Missouri,Ensemble
2026-05-09,29,0,wk inc flu hosp,2026-05-09,quantile,0.65,12,Missouri,Ensemble
2026-05-09,29,0,wk inc flu hosp,2026-05-09,quantile,0.7,14,Missouri,Ensemble
2026-05-09,29,0,wk inc flu hosp,2026-05-09,quantile,0.75,15,Missouri,Ensemble
2026-05-09,29,0,wk inc flu hosp,2026-05-09,quantile,0.8,16,Missouri,Ensemble
2026-05-09,29,0,wk inc flu hosp,2026-05-09,quantile,0.85,18,Missouri,Ensemble
2026-05-09,29,0,wk inc flu hosp,2026-05-09,quantile,0.9,21,Missouri,Ensemble
2026-05-09,29,0,wk inc flu hosp,2026-05-09,quantile,0.95,27,Missouri,Ensemble
2026-05-09,29,0,wk inc flu hosp,2026-05-09,quantile,0.975,34,Missouri,Ensemble
2026-05-09,29,0,wk inc flu hosp,2026-05-09,quantile,0.99,43,Missouri,Ensemble
2026-05-09,29,1,wk inc flu hosp,2026-05-16,quantile,0.01,1,Missouri,Ensemble
2026-05-09,29,1,wk inc flu hosp,2026-05-16,quantile,0.025,1,Missouri,Ensemble
2026-05-09,29,1,wk inc flu hosp,2026-05-16,quantile,0.05,2,Missouri,Ensemble
2026-05-09,29,1,wk inc flu hosp,2026-05-16,quantile,0.1,2,Missouri,Ensemble
2026-05-09,29,1,wk inc flu hosp,2026-05-16,quantile,0.15,3,Missouri,Ensemble
2026-05-09,29,1,wk inc flu hosp,2026-05-16,quantile,0.2,4,Missouri,Ensemble
2026-05-09,29,1,wk inc flu hosp,2026-05-16,quantile,0.25,4,Missouri,Ensemble
2026-05-09,29,1,wk inc flu hosp,2026-05-16,quantile,0.3,5,Missouri,Ensemble
2026-05-09,29,1,wk inc flu hosp,2026-05-16,quantile,0.35,5,Missouri,Ensemble
2026-05-09,29,1,wk inc flu hosp,2026-05-16,quantile,0.4,6,Missouri,Ensemble
2026-05-09,29,1,wk inc flu hosp,2026-05-16,quantile,0.45,7,Missouri,Ensemble
2026-05-09,29,1,wk inc flu hosp,2026-05-16,quantile,0.5,9,Missouri,Ensemble
2026-05-09,29,1,wk inc flu hosp,2026-05-16,quantile,0.55,10,Missouri,Ensemble
2026-05-09,29,1,wk inc flu hosp,2026-05-16,quantile,0.6,11,Missouri,Ensemble
2026-05-09,29,1,wk inc flu hosp,2026-05-16,quantile,0.65,12,Missouri,Ensemble
2026-05-09,29,1,wk inc flu hosp,2026-05-16,quantile,0.7,13,Missouri,Ensemble
2026-05-09,29,1,wk inc flu hosp,2026-05-16,quantile,0.75,14,Missouri,Ensemble
2026-05-09,29,1,wk inc flu hosp,2026-05-16,quantile,0.8,16,Missouri,Ensemble
2026-05-09,29,1,wk inc flu hosp,2026-05-16,quantile,0.85,19,Missouri,Ensemble
2026-05-09,29,1,wk inc flu hosp,2026-05-16,quantile,0.9,23,Missouri,Ensemble
2026-05-09,29,1,wk inc flu hosp,2026-05-16,quantile,0.95,31,Missouri,Ensemble
2026-05-09,29,1,wk inc flu hosp,2026-05-16,quantile,0.975,39,Missouri,Ensemble
2026-05-09,29,1,wk inc flu hosp,2026-05-16,quantile,0.99,52,Missouri,Ensemble
2026-05-09,29,2,wk inc flu hosp,2026-05-23,quantile,0.01,1,Missouri,Ensemble
2026-05-09,29,2,wk inc flu hosp,2026-05-23,quantile,0.025,1,Missouri,Ensemble
2026-05-09,29,2,wk inc flu hosp,2026-05-23,quantile,0.05,2,Missouri,Ensemble
2026-05-09,29,2,wk inc flu hosp,2026-05-23,quantile,0.1,2,Missouri,Ensemble
2026-05-09,29,2,wk inc flu hosp,2026-05-23,quantile,0.15,3,Missouri,Ensemble
2026-05-09,29,2,wk inc flu hosp,2026-05-23,quantile,0.2,3,Missouri,Ensemble
2026-05-09,29,2,wk inc flu hosp,2026-05-23,quantile,0.25,4,Missouri,Ensemble
2026-05-09,29,2,wk inc flu hosp,2026-05-23,quantile,0.3,5,Missouri,Ensemble
2026-05-09,29,2,wk inc flu hosp,2026-05-23,quantile,0.35,5,Missouri,Ensemble
2026-05-09,29,2,wk inc flu hosp,2026-05-23,quantile,0.4,6,Missouri,Ensemble
2026-05-09,29,2,wk inc flu hosp,2026-05-23,quantile,0.45,7,Missouri,Ensemble
2026-05-09,29,2,wk inc flu hosp,2026-05-23,quantile,0.5,8,Missouri,Ensemble
2026-05-09,29,2,wk inc flu hosp,2026-05-23,quantile,0.55,9,Missouri,Ensemble
2026-05-09,29,2,wk inc flu hosp,2026-05-23,quantile,0.6,10,Missouri,Ensemble
2026-05-09,29,2,wk inc flu hosp,2026-05-23,quantile,0.65,11,Missouri,Ensemble
2026-05-09,29,2,wk inc flu hosp,2026-05-23,quantile,0.7,13,Missouri,Ensemble
2026-05-09,29,2,wk inc flu hosp,2026-05-23,quantile,0.75,14,Missouri,Ensemble
2026-05-09,29,2,wk inc flu hosp,2026-05-23,quantile,0.8,17,Missouri,Ensemble
2026-05-09,29,2,wk inc flu hosp,2026-05-23,quantile,0.85,20,Missouri,Ensemble
2026-05-09,29,2,wk inc flu hosp,2026-05-23,quantile,0.9,25,Missouri,Ensemble
2026-05-09,29,2,wk inc flu hosp,2026-05-23,quantile,0.95,35,Missouri,Ensemble
2026-05-09,29,2,wk inc flu hosp,2026-05-23,quantile,0.975,47,Missouri,Ensemble
2026-05-09,29,2,wk inc flu hosp,2026-05-23,quantile,0.99,63,Missouri,Ensemble
2026-05-09,29,3,wk inc flu hosp,2026-05-30,quantile,0.01,1,Missouri,Ensemble
2026-05-09,29,3,wk inc flu hosp,2026-05-30,quantile,0.025,1,Missouri,Ensemble
2026-05-09,29,3,wk inc flu hosp,2026-05-30,quantile,0.05,1,Missouri,Ensemble
2026-05-09,29,3,wk inc flu hosp,2026-05-30,quantile,0.1,2,Missouri,Ensemble
2026-05-09,29,3,wk inc flu hosp,2026-05-30,quantile,0.15,2,Missouri,Ensemble
2026-05-09,29,3,wk inc flu hosp,2026-05-30,quantile,0.2,3,Missouri,Ensemble
2026-05-09,29,3,wk inc flu hosp,2026-05-30,quantile,0.25,3,Missouri,Ensemble
2026-05-09,29,3,wk inc flu hosp,2026-05-30,quantile,0.3,4,Missouri,Ensemble
2026-05-09,29,3,wk inc flu hosp,2026-05-30,quantile,0.35,5,Missouri,Ensemble
2026-05-09,29,3,wk inc flu hosp,2026-05-30,quantile,0.4,5,Missouri,Ensemble
2026-05-09,29,3,wk inc flu hosp,2026-05-30,quantile,0.45,6,Missouri,Ensemble
2026-05-09,29,3,wk inc flu hosp,2026-05-30,quantile,0.5,7,Missouri,Ensemble
2026-05-09,29,3,wk inc flu hosp,2026-05-30,quantile,0.55,8,Missouri,Ensemble
2026-05-09,29,3,wk inc flu hosp,2026-05-30,quantile,0.6,9,Missouri,Ensemble
2026-05-09,29,3,wk inc flu hosp,2026-05-30,quantile,0.65,10,Missouri,Ensemble
2026-05-09,29,3,wk inc flu hosp,2026-05-30,quantile,0.7,11,Missouri,Ensemble
2026-05-09,29,3,wk inc flu hosp,2026-05-30,quantile,0.75,13,Missouri,Ensemble
2026-05-09,29,3,wk inc flu hosp,2026-05-30,quantile,0.8,16,Missouri,Ensemble
2026-05-09,29,3,wk inc flu hosp,2026-05-30,quantile,0.85,20,Missouri,Ensemble
2026-05-09,29,3,wk inc flu hosp,2026-05-30,quantile,0.9,26,Missouri,Ensemble
2026-05-09,29,3,wk inc flu hosp,2026-05-30,quantile,0.95,38,Missouri,Ensemble
2026-05-09,29,3,wk inc flu hosp,2026-05-30,quantile,0.975,52,Missouri,Ensemble
2026-05-09,29,3,wk inc flu hosp,2026-05-30,quantile,0.99,74,Missouri,Ensemble
2026-05-09,30,0,wk inc flu hosp,2026-05-09,quantile,0.01,0,Montana,Ensemble
2026-05-09,30,0,wk inc flu hosp,2026-05-09,quantile,0.025,0,Montana,Ensemble
2026-05-09,30,0,wk inc flu hosp,2026-05-09,quantile,0.05,0,Montana,Ensemble
2026-05-09,30,0,wk inc flu hosp,2026-05-09,quantile,0.1,0,Montana,Ensemble
2026-05-09,30,0,wk inc flu hosp,2026-05-09,quantile,0.15,0,Montana,Ensemble
2026-05-09,30,0,wk inc flu hosp,2026-05-09,quantile,0.2,0,Montana,Ensemble
2026-05-09,30,0,wk inc flu hosp,2026-05-09,quantile,0.25,0,Montana,Ensemble
2026-05-09,30,0,wk inc flu hosp,2026-05-09,quantile,0.3,0,Montana,Ensemble
2026-05-09,30,0,wk inc flu hosp,2026-05-09,quantile,0.35,0,Montana,Ensemble
2026-05-09,30,0,wk inc flu hosp,2026-05-09,quantile,0.4,0,Montana,Ensemble
2026-05-09,30,0,wk inc flu hosp,2026-05-09,quantile,0.45,0,Montana,Ensemble
2026-05-09,30,0,wk inc flu hosp,2026-05-09,quantile,0.5,2,Montana,Ensemble
2026-05-09,30,0,wk inc flu hosp,2026-05-09,quantile,0.55,2,Montana,Ensemble
2026-05-09,30,0,wk inc flu hosp,2026-05-09,quantile,0.6,2,Montana,Ensemble
2026-05-09,30,0,wk inc flu hosp,2026-05-09,quantile,0.65,2,Montana,Ensemble
2026-05-09,30,0,wk inc flu hosp,2026-05-09,quantile,0.7,2,Montana,Ensemble
2026-05-09,30,0,wk inc flu hosp,2026-05-09,quantile,0.75,3,Montana,Ensemble
2026-05-09,30,0,wk inc flu hosp,2026-05-09,quantile,0.8,3,Montana,Ensemble
2026-05-09,30,0,wk inc flu hosp,2026-05-09,quantile,0.85,4,Montana,Ensemble
2026-05-09,30,0,wk inc flu hosp,2026-05-09,quantile,0.9,4,Montana,Ensemble
2026-05-09,30,0,wk inc flu hosp,2026-05-09,quantile,0.95,6,Montana,Ensemble
2026-05-09,30,0,wk inc flu hosp,2026-05-09,quantile,0.975,7,Montana,Ensemble
2026-05-09,30,0,wk inc flu hosp,2026-05-09,quantile,0.99,10,Montana,Ensemble
2026-05-09,30,1,wk inc flu hosp,2026-05-16,quantile,0.01,0,Montana,Ensemble
2026-05-09,30,1,wk inc flu hosp,2026-05-16,quantile,0.025,0,Montana,Ensemble
2026-05-09,30,1,wk inc flu hosp,2026-05-16,quantile,0.05,0,Montana,Ensemble
2026-05-09,30,1,wk inc flu hosp,2026-05-16,quantile,0.1,0,Montana,Ensemble
2026-05-09,30,1,wk inc flu hosp,2026-05-16,quantile,0.15,0,Montana,Ensemble
2026-05-09,30,1,wk inc flu hosp,2026-05-16,quantile,0.2,0,Montana,Ensemble
2026-05-09,30,1,wk inc flu hosp,2026-05-16,quantile,0.25,0,Montana,Ensemble
2026-05-09,30,1,wk inc flu hosp,2026-05-16,quantile,0.3,0,Montana,Ensemble
2026-05-09,30,1,wk inc flu hosp,2026-05-16,quantile,0.35,0,Montana,Ensemble
2026-05-09,30,1,wk inc flu hosp,2026-05-16,quantile,0.4,0,Montana,Ensemble
2026-05-09,30,1,wk inc flu hosp,2026-05-16,quantile,0.45,0,Montana,Ensemble
2026-05-09,30,1,wk inc flu hosp,2026-05-16,quantile,0.5,1,Montana,Ensemble
2026-05-09,30,1,wk inc flu hosp,2026-05-16,quantile,0.55,2,Montana,Ensemble
2026-05-09,30,1,wk inc flu hosp,2026-05-16,quantile,0.6,2,Montana,Ensemble
2026-05-09,30,1,wk inc flu hosp,2026-05-16,quantile,0.65,2,Montana,Ensemble
2026-05-09,30,1,wk inc flu hosp,2026-05-16,quantile,0.7,2,Montana,Ensemble
2026-05-09,30,1,wk inc flu hosp,2026-05-16,quantile,0.75,3,Montana,Ensemble
2026-05-09,30,1,wk inc flu hosp,2026-05-16,quantile,0.8,3,Montana,Ensemble
2026-05-09,30,1,wk inc flu hosp,2026-05-16,quantile,0.85,4,Montana,Ensemble
2026-05-09,30,1,wk inc flu hosp,2026-05-16,quantile,0.9,4,Montana,Ensemble
2026-05-09,30,1,wk inc flu hosp,2026-05-16,quantile,0.95,6,Montana,Ensemble
2026-05-09,30,1,wk inc flu hosp,2026-05-16,quantile,0.975,8,Montana,Ensemble
2026-05-09,30,1,wk inc flu hosp,2026-05-16,quantile,0.99,12,Montana,Ensemble
2026-05-09,30,2,wk inc flu hosp,2026-05-23,quantile,0.01,0,Montana,Ensemble
2026-05-09,30,2,wk inc flu hosp,2026-05-23,quantile,0.025,0,Montana,Ensemble
2026-05-09,30,2,wk inc flu hosp,2026-05-23,quantile,0.05,0,Montana,Ensemble
2026-05-09,30,2,wk inc flu hosp,2026-05-23,quantile,0.1,0,Montana,Ensemble
2026-05-09,30,2,wk inc flu hosp,2026-05-23,quantile,0.15,0,Montana,Ensemble
2026-05-09,30,2,wk inc flu hosp,2026-05-23,quantile,0.2,0,Montana,Ensemble
2026-05-09,30,2,wk inc flu hosp,2026-05-23,quantile,0.25,0,Montana,Ensemble
2026-05-09,30,2,wk inc flu hosp,2026-05-23,quantile,0.3,0,Montana,Ensemble
2026-05-09,30,2,wk inc flu hosp,2026-05-23,quantile,0.35,0,Montana,Ensemble
2026-05-09,30,2,wk inc flu hosp,2026-05-23,quantile,0.4,0,Montana,Ensemble
2026-05-09,30,2,wk inc flu hosp,2026-05-23,quantile,0.45,0,Montana,Ensemble
2026-05-09,30,2,wk inc flu hosp,2026-05-23,quantile,0.5,1,Montana,Ensemble
2026-05-09,30,2,wk inc flu hosp,2026-05-23,quantile,0.55,2,Montana,Ensemble
2026-05-09,30,2,wk inc flu hosp,2026-05-23,quantile,0.6,2,Montana,Ensemble
2026-05-09,30,2,wk inc flu hosp,2026-05-23,quantile,0.65,2,Montana,Ensemble
2026-05-09,30,2,wk inc flu hosp,2026-05-23,quantile,0.7,2,Montana,Ensemble
2026-05-09,30,2,wk inc flu hosp,2026-05-23,quantile,0.75,3,Montana,Ensemble
2026-05-09,30,2,wk inc flu hosp,2026-05-23,quantile,0.8,3,Montana,Ensemble
2026-05-09,30,2,wk inc flu hosp,2026-05-23,quantile,0.85,4,Montana,Ensemble
2026-05-09,30,2,wk inc flu hosp,2026-05-23,quantile,0.9,5,Montana,Ensemble
2026-05-09,30,2,wk inc flu hosp,2026-05-23,quantile,0.95,7,Montana,Ensemble
2026-05-09,30,2,wk inc flu hosp,2026-05-23,quantile,0.975,9,Montana,Ensemble
2026-05-09,30,2,wk inc flu hosp,2026-05-23,quantile,0.99,14,Montana,Ensemble
2026-05-09,30,3,wk inc flu hosp,2026-05-30,quantile,0.01,0,Montana,Ensemble
2026-05-09,30,3,wk inc flu hosp,2026-05-30,quantile,0.025,0,Montana,Ensemble
2026-05-09,30,3,wk inc flu hosp,2026-05-30,quantile,0.05,0,Montana,Ensemble
2026-05-09,30,3,wk inc flu hosp,2026-05-30,quantile,0.1,0,Montana,Ensemble
2026-05-09,30,3,wk inc flu hosp,2026-05-30,quantile,0.15,0,Montana,Ensemble
2026-05-09,30,3,wk inc flu hosp,2026-05-30,quantile,0.2,0,Montana,Ensemble
2026-05-09,30,3,wk inc flu hosp,2026-05-30,quantile,0.25,0,Montana,Ensemble
2026-05-09,30,3,wk inc flu hosp,2026-05-30,quantile,0.3,0,Montana,Ensemble
2026-05-09,30,3,wk inc flu hosp,2026-05-30,quantile,0.35,0,Montana,Ensemble
2026-05-09,30,3,wk inc flu hosp,2026-05-30,quantile,0.4,0,Montana,Ensemble
2026-05-09,30,3,wk inc flu hosp,2026-05-30,quantile,0.45,0,Montana,Ensemble
2026-05-09,30,3,wk inc flu hosp,2026-05-30,quantile,0.5,1,Montana,Ensemble
2026-05-09,30,3,wk inc flu hosp,2026-05-30,quantile,0.55,1,Montana,Ensemble
2026-05-09,30,3,wk inc flu hosp,2026-05-30,quantile,0.6,2,Montana,Ensemble
2026-05-09,30,3,wk inc flu hosp,2026-05-30,quantile,0.65,2,Montana,Ensemble
2026-05-09,30,3,wk inc flu hosp,2026-05-30,quantile,0.7,2,Montana,Ensemble
2026-05-09,30,3,wk inc flu hosp,2026-05-30,quantile,0.75,3,Montana,Ensemble
2026-05-09,30,3,wk inc flu hosp,2026-05-30,quantile,0.8,3,Montana,Ensemble
2026-05-09,30,3,wk inc flu hosp,2026-05-30,quantile,0.85,3,Montana,Ensemble
2026-05-09,30,3,wk inc flu hosp,2026-05-30,quantile,0.9,5,Montana,Ensemble
2026-05-09,30,3,wk inc flu hosp,2026-05-30,quantile,0.95,7,Montana,Ensemble
2026-05-09,30,3,wk inc flu hosp,2026-05-30,quantile,0.975,10,Montana,Ensemble
2026-05-09,30,3,wk inc flu hosp,2026-05-30,quantile,0.99,16,Montana,Ensemble
2026-05-09,31,0,wk inc flu hosp,2026-05-09,quantile,0.01,0,Nebraska,Ensemble
2026-05-09,31,0,wk inc flu hosp,2026-05-09,quantile,0.025,0,Nebraska,Ensemble
2026-05-09,31,0,wk inc flu hosp,2026-05-09,quantile,0.05,0,Nebraska,Ensemble
2026-05-09,31,0,wk inc flu hosp,2026-05-09,quantile,0.1,1,Nebraska,Ensemble
2026-05-09,31,0,wk inc flu hosp,2026-05-09,quantile,0.15,1,Nebraska,Ensemble
2026-05-09,31,0,wk inc flu hosp,2026-05-09,quantile,0.2,1,Nebraska,Ensemble
2026-05-09,31,0,wk inc flu hosp,2026-05-09,quantile,0.25,2,Nebraska,Ensemble
2026-05-09,31,0,wk inc flu hosp,2026-05-09,quantile,0.3,2,Nebraska,Ensemble
2026-05-09,31,0,wk inc flu hosp,2026-05-09,quantile,0.35,2,Nebraska,Ensemble
2026-05-09,31,0,wk inc flu hosp,2026-05-09,quantile,0.4,3,Nebraska,Ensemble
2026-05-09,31,0,wk inc flu hosp,2026-05-09,quantile,0.45,3,Nebraska,Ensemble
2026-05-09,31,0,wk inc flu hosp,2026-05-09,quantile,0.5,4,Nebraska,Ensemble
2026-05-09,31,0,wk inc flu hosp,2026-05-09,quantile,0.55,5,Nebraska,Ensemble
2026-05-09,31,0,wk inc flu hosp,2026-05-09,quantile,0.6,5,Nebraska,Ensemble
2026-05-09,31,0,wk inc flu hosp,2026-05-09,quantile,0.65,5,Nebraska,Ensemble
2026-05-09,31,0,wk inc flu hosp,2026-05-09,quantile,0.7,6,Nebraska,Ensemble
2026-05-09,31,0,wk inc flu hosp,2026-05-09,quantile,0.75,6,Nebraska,Ensemble
2026-05-09,31,0,wk inc flu hosp,2026-05-09,quantile,0.8,7,Nebraska,Ensemble
2026-05-09,31,0,wk inc flu hosp,2026-05-09,quantile,0.85,8,Nebraska,Ensemble
2026-05-09,31,0,wk inc flu hosp,2026-05-09,quantile,0.9,9,Nebraska,Ensemble
2026-05-09,31,0,wk inc flu hosp,2026-05-09,quantile,0.95,12,Nebraska,Ensemble
2026-05-09,31,0,wk inc flu hosp,2026-05-09,quantile,0.975,14,Nebraska,Ensemble
2026-05-09,31,0,wk inc flu hosp,2026-05-09,quantile,0.99,17,Nebraska,Ensemble
2026-05-09,31,1,wk inc flu hosp,2026-05-16,quantile,0.01,0,Nebraska,Ensemble
2026-05-09,31,1,wk inc flu hosp,2026-05-16,quantile,0.025,0,Nebraska,Ensemble
2026-05-09,31,1,wk inc flu hosp,2026-05-16,quantile,0.05,0,Nebraska,Ensemble
2026-05-09,31,1,wk inc flu hosp,2026-05-16,quantile,0.1,0,Nebraska,Ensemble
2026-05-09,31,1,wk inc flu hosp,2026-05-16,quantile,0.15,1,Nebraska,Ensemble
2026-05-09,31,1,wk inc flu hosp,2026-05-16,quantile,0.2,1,Nebraska,Ensemble
2026-05-09,31,1,wk inc flu hosp,2026-05-16,quantile,0.25,1,Nebraska,Ensemble
2026-05-09,31,1,wk inc flu hosp,2026-05-16,quantile,0.3,1,Nebraska,Ensemble
2026-05-09,31,1,wk inc flu hosp,2026-05-16,quantile,0.35,2,Nebraska,Ensemble
2026-05-09,31,1,wk inc flu hosp,2026-05-16,quantile,0.4,2,Nebraska,Ensemble
2026-05-09,31,1,wk inc flu hosp,2026-05-16,quantile,0.45,2,Nebraska,Ensemble
2026-05-09,31,1,wk inc flu hosp,2026-05-16,quantile,0.5,3,Nebraska,Ensemble
2026-05-09,31,1,wk inc flu hosp,2026-05-16,quantile,0.55,4,Nebraska,Ensemble
2026-05-09,31,1,wk inc flu hosp,2026-05-16,quantile,0.6,4,Nebraska,Ensemble
2026-05-09,31,1,wk inc flu hosp,2026-05-16,quantile,0.65,4,Nebraska,Ensemble
2026-05-09,31,1,wk inc flu hosp,2026-05-16,quantile,0.7,5,Nebraska,Ensemble
2026-05-09,31,1,wk inc flu hosp,2026-05-16,quantile,0.75,6,Nebraska,Ensemble
2026-05-09,31,1,wk inc flu hosp,2026-05-16,quantile,0.8,6,Nebraska,Ensemble
2026-05-09,31,1,wk inc flu hosp,2026-05-16,quantile,0.85,7,Nebraska,Ensemble
2026-05-09,31,1,wk inc flu hosp,2026-05-16,quantile,0.9,9,Nebraska,Ensemble
2026-05-09,31,1,wk inc flu hosp,2026-05-16,quantile,0.95,11,Nebraska,Ensemble
2026-05-09,31,1,wk inc flu hosp,2026-05-16,quantile,0.975,14,Nebraska,Ensemble
2026-05-09,31,1,wk inc flu hosp,2026-05-16,quantile,0.99,18,Nebraska,Ensemble
2026-05-09,31,2,wk inc flu hosp,2026-05-23,quantile,0.01,0,Nebraska,Ensemble
2026-05-09,31,2,wk inc flu hosp,2026-05-23,quantile,0.025,0,Nebraska,Ensemble
2026-05-09,31,2,wk inc flu hosp,2026-05-23,quantile,0.05,0,Nebraska,Ensemble
2026-05-09,31,2,wk inc flu hosp,2026-05-23,quantile,0.1,0,Nebraska,Ensemble
2026-05-09,31,2,wk inc flu hosp,2026-05-23,quantile,0.15,0,Nebraska,Ensemble
2026-05-09,31,2,wk inc flu hosp,2026-05-23,quantile,0.2,0,Nebraska,Ensemble
2026-05-09,31,2,wk inc flu hosp,2026-05-23,quantile,0.25,1,Nebraska,Ensemble
2026-05-09,31,2,wk inc flu hosp,2026-05-23,quantile,0.3,1,Nebraska,Ensemble
2026-05-09,31,2,wk inc flu hosp,2026-05-23,quantile,0.35,1,Nebraska,Ensemble
2026-05-09,31,2,wk inc flu hosp,2026-05-23,quantile,0.4,1,Nebraska,Ensemble
2026-05-09,31,2,wk inc flu hosp,2026-05-23,quantile,0.45,2,Nebraska,Ensemble
2026-05-09,31,2,wk inc flu hosp,2026-05-23,quantile,0.5,3,Nebraska,Ensemble
2026-05-09,31,2,wk inc flu hosp,2026-05-23,quantile,0.55,3,Nebraska,Ensemble
2026-05-09,31,2,wk inc flu hosp,2026-05-23,quantile,0.6,4,Nebraska,Ensemble
2026-05-09,31,2,wk inc flu hosp,2026-05-23,quantile,0.65,4,Nebraska,Ensemble
2026-05-09,31,2,wk inc flu hosp,2026-05-23,quantile,0.7,4,Nebraska,Ensemble
2026-05-09,31,2,wk inc flu hosp,2026-05-23,quantile,0.75,5,Nebraska,Ensemble
2026-05-09,31,2,wk inc flu hosp,2026-05-23,quantile,0.8,6,Nebraska,Ensemble
2026-05-09,31,2,wk inc flu hosp,2026-05-23,quantile,0.85,7,Nebraska,Ensemble
2026-05-09,31,2,wk inc flu hosp,2026-05-23,quantile,0.9,9,Nebraska,Ensemble
2026-05-09,31,2,wk inc flu hosp,2026-05-23,quantile,0.95,12,Nebraska,Ensemble
2026-05-09,31,2,wk inc flu hosp,2026-05-23,quantile,0.975,15,Nebraska,Ensemble
2026-05-09,31,2,wk inc flu hosp,2026-05-23,quantile,0.99,21,Nebraska,Ensemble
2026-05-09,31,3,wk inc flu hosp,2026-05-30,quantile,0.01,0,Nebraska,Ensemble
2026-05-09,31,3,wk inc flu hosp,2026-05-30,quantile,0.025,0,Nebraska,Ensemble
2026-05-09,31,3,wk inc flu hosp,2026-05-30,quantile,0.05,0,Nebraska,Ensemble
2026-05-09,31,3,wk inc flu hosp,2026-05-30,quantile,0.1,0,Nebraska,Ensemble
2026-05-09,31,3,wk inc flu hosp,2026-05-30,quantile,0.15,0,Nebraska,Ensemble
2026-05-09,31,3,wk inc flu hosp,2026-05-30,quantile,0.2,0,Nebraska,Ensemble
2026-05-09,31,3,wk inc flu hosp,2026-05-30,quantile,0.25,0,Nebraska,Ensemble
2026-05-09,31,3,wk inc flu hosp,2026-05-30,quantile,0.3,1,Nebraska,Ensemble
2026-05-09,31,3,wk inc flu hosp,2026-05-30,quantile,0.35,1,Nebraska,Ensemble
2026-05-09,31,3,wk inc flu hosp,2026-05-30,quantile,0.4,1,Nebraska,Ensemble
2026-05-09,31,3,wk inc flu hosp,2026-05-30,quantile,0.45,1,Nebraska,Ensemble
2026-05-09,31,3,wk inc flu hosp,2026-05-30,quantile,0.5,3,Nebraska,Ensemble
2026-05-09,31,3,wk inc flu hosp,2026-05-30,quantile,0.55,3,Nebraska,Ensemble
2026-05-09,31,3,wk inc flu hosp,2026-05-30,quantile,0.6,3,Nebraska,Ensemble
2026-05-09,31,3,wk inc flu hosp,2026-05-30,quantile,0.65,4,Nebraska,Ensemble
2026-05-09,31,3,wk inc flu hosp,2026-05-30,quantile,0.7,4,Nebraska,Ensemble
2026-05-09,31,3,wk inc flu hosp,2026-05-30,quantile,0.75,5,Nebraska,Ensemble
2026-05-09,31,3,wk inc flu hosp,2026-05-30,quantile,0.8,6,Nebraska,Ensemble
2026-05-09,31,3,wk inc flu hosp,2026-05-30,quantile,0.85,7,Nebraska,Ensemble
2026-05-09,31,3,wk inc flu hosp,2026-05-30,quantile,0.9,8,Nebraska,Ensemble
2026-05-09,31,3,wk inc flu hosp,2026-05-30,quantile,0.95,12,Nebraska,Ensemble
2026-05-09,31,3,wk inc flu hosp,2026-05-30,quantile,0.975,16,Nebraska,Ensemble
2026-05-09,31,3,wk inc flu hosp,2026-05-30,quantile,0.99,22,Nebraska,Ensemble
2026-05-09,32,0,wk inc flu hosp,2026-05-09,quantile,0.01,7,Nevada,Ensemble
2026-05-09,32,0,wk inc flu hosp,2026-05-09,quantile,0.025,9,Nevada,Ensemble
2026-05-09,32,0,wk inc flu hosp,2026-05-09,quantile,0.05,11,Nevada,Ensemble
2026-05-09,32,0,wk inc flu hosp,2026-05-09,quantile,0.1,13,Nevada,Ensemble
2026-05-09,32,0,wk inc flu hosp,2026-05-09,quantile,0.15,15,Nevada,Ensemble
2026-05-09,32,0,wk inc flu hosp,2026-05-09,quantile,0.2,16,Nevada,Ensemble
2026-05-09,32,0,wk inc flu hosp,2026-05-09,quantile,0.25,18,Nevada,Ensemble
2026-05-09,32,0,wk inc flu hosp,2026-05-09,quantile,0.3,19,Nevada,Ensemble
2026-05-09,32,0,wk inc flu hosp,2026-05-09,quantile,0.35,20,Nevada,Ensemble
2026-05-09,32,0,wk inc flu hosp,2026-05-09,quantile,0.4,22,Nevada,Ensemble
2026-05-09,32,0,wk inc flu hosp,2026-05-09,quantile,0.45,24,Nevada,Ensemble
2026-05-09,32,0,wk inc flu hosp,2026-05-09,quantile,0.5,27,Nevada,Ensemble
2026-05-09,32,0,wk inc flu hosp,2026-05-09,quantile,0.55,29,Nevada,Ensemble
2026-05-09,32,0,wk inc flu hosp,2026-05-09,quantile,0.6,31,Nevada,Ensemble
2026-05-09,32,0,wk inc flu hosp,2026-05-09,quantile,0.65,32,Nevada,Ensemble
2026-05-09,32,0,wk inc flu hosp,2026-05-09,quantile,0.7,34,Nevada,Ensemble
2026-05-09,32,0,wk inc flu hosp,2026-05-09,quantile,0.75,36,Nevada,Ensemble
2026-05-09,32,0,wk inc flu hosp,2026-05-09,quantile,0.8,38,Nevada,Ensemble
2026-05-09,32,0,wk inc flu hosp,2026-05-09,quantile,0.85,41,Nevada,Ensemble
2026-05-09,32,0,wk inc flu hosp,2026-05-09,quantile,0.9,45,Nevada,Ensemble
2026-05-09,32,0,wk inc flu hosp,2026-05-09,quantile,0.95,53,Nevada,Ensemble
2026-05-09,32,0,wk inc flu hosp,2026-05-09,quantile,0.975,62,Nevada,Ensemble
2026-05-09,32,0,wk inc flu hosp,2026-05-09,quantile,0.99,74,Nevada,Ensemble
2026-05-09,32,1,wk inc flu hosp,2026-05-16,quantile,0.01,3,Nevada,Ensemble
2026-05-09,32,1,wk inc flu hosp,2026-05-16,quantile,0.025,5,Nevada,Ensemble
2026-05-09,32,1,wk inc flu hosp,2026-05-16,quantile,0.05,6,Nevada,Ensemble
2026-05-09,32,1,wk inc flu hosp,2026-05-16,quantile,0.1,9,Nevada,Ensemble
2026-05-09,32,1,wk inc flu hosp,2026-05-16,quantile,0.15,10,Nevada,Ensemble
2026-05-09,32,1,wk inc flu hosp,2026-05-16,quantile,0.2,12,Nevada,Ensemble
2026-05-09,32,1,wk inc flu hosp,2026-05-16,quantile,0.25,13,Nevada,Ensemble
2026-05-09,32,1,wk inc flu hosp,2026-05-16,quantile,0.3,14,Nevada,Ensemble
2026-05-09,32,1,wk inc flu hosp,2026-05-16,quantile,0.35,16,Nevada,Ensemble
2026-05-09,32,1,wk inc flu hosp,2026-05-16,quantile,0.4,17,Nevada,Ensemble
2026-05-09,32,1,wk inc flu hosp,2026-05-16,quantile,0.45,19,Nevada,Ensemble
2026-05-09,32,1,wk inc flu hosp,2026-05-16,quantile,0.5,22,Nevada,Ensemble
2026-05-09,32,1,wk inc flu hosp,2026-05-16,quantile,0.55,24,Nevada,Ensemble
2026-05-09,32,1,wk inc flu hosp,2026-05-16,quantile,0.6,27,Nevada,Ensemble
2026-05-09,32,1,wk inc flu hosp,2026-05-16,quantile,0.65,29,Nevada,Ensemble
2026-05-09,32,1,wk inc flu hosp,2026-05-16,quantile,0.7,31,Nevada,Ensemble
2026-05-09,32,1,wk inc flu hosp,2026-05-16,quantile,0.75,34,Nevada,Ensemble
2026-05-09,32,1,wk inc flu hosp,2026-05-16,quantile,0.8,37,Nevada,Ensemble
2026-05-09,32,1,wk inc flu hosp,2026-05-16,quantile,0.85,41,Nevada,Ensemble
2026-05-09,32,1,wk inc flu hosp,2026-05-16,quantile,0.9,46,Nevada,Ensemble
2026-05-09,32,1,wk inc flu hosp,2026-05-16,quantile,0.95,58,Nevada,Ensemble
2026-05-09,32,1,wk inc flu hosp,2026-05-16,quantile,0.975,69,Nevada,Ensemble
2026-05-09,32,1,wk inc flu hosp,2026-05-16,quantile,0.99,85,Nevada,Ensemble
2026-05-09,32,2,wk inc flu hosp,2026-05-23,quantile,0.01,2,Nevada,Ensemble
2026-05-09,32,2,wk inc flu hosp,2026-05-23,quantile,0.025,3,Nevada,Ensemble
2026-05-09,32,2,wk inc flu hosp,2026-05-23,quantile,0.05,4,Nevada,Ensemble
2026-05-09,32,2,wk inc flu hosp,2026-05-23,quantile,0.1,6,Nevada,Ensemble
2026-05-09,32,2,wk inc flu hosp,2026-05-23,quantile,0.15,8,Nevada,Ensemble
2026-05-09,32,2,wk inc flu hosp,2026-05-23,quantile,0.2,9,Nevada,Ensemble
2026-05-09,32,2,wk inc flu hosp,2026-05-23,quantile,0.25,10,Nevada,Ensemble
2026-05-09,32,2,wk inc flu hosp,2026-05-23,quantile,0.3,11,Nevada,Ensemble
2026-05-09,32,2,wk inc flu hosp,2026-05-23,quantile,0.35,13,Nevada,Ensemble
2026-05-09,32,2,wk inc flu hosp,2026-05-23,quantile,0.4,14,Nevada,Ensemble
2026-05-09,32,2,wk inc flu hosp,2026-05-23,quantile,0.45,16,Nevada,Ensemble
2026-05-09,32,2,wk inc flu hosp,2026-05-23,quantile,0.5,18,Nevada,Ensemble
2026-05-09,32,2,wk inc flu hosp,2026-05-23,quantile,0.55,21,Nevada,Ensemble
2026-05-09,32,2,wk inc flu hosp,2026-05-23,quantile,0.6,23,Nevada,Ensemble
2026-05-09,32,2,wk inc flu hosp,2026-05-23,quantile,0.65,26,Nevada,Ensemble
2026-05-09,32,2,wk inc flu hosp,2026-05-23,quantile,0.7,29,Nevada,Ensemble
2026-05-09,32,2,wk inc flu hosp,2026-05-23,quantile,0.75,32,Nevada,Ensemble
2026-05-09,32,2,wk inc flu hosp,2026-05-23,quantile,0.8,35,Nevada,Ensemble
2026-05-09,32,2,wk inc flu hosp,2026-05-23,quantile,0.85,40,Nevada,Ensemble
2026-05-09,32,2,wk inc flu hosp,2026-05-23,quantile,0.9,48,Nevada,Ensemble
2026-05-09,32,2,wk inc flu hosp,2026-05-23,quantile,0.95,61,Nevada,Ensemble
2026-05-09,32,2,wk inc flu hosp,2026-05-23,quantile,0.975,75,Nevada,Ensemble
2026-05-09,32,2,wk inc flu hosp,2026-05-23,quantile,0.99,91,Nevada,Ensemble
2026-05-09,32,3,wk inc flu hosp,2026-05-30,quantile,0.01,1,Nevada,Ensemble
2026-05-09,32,3,wk inc flu hosp,2026-05-30,quantile,0.025,2,Nevada,Ensemble
2026-05-09,32,3,wk inc flu hosp,2026-05-30,quantile,0.05,3,Nevada,Ensemble
2026-05-09,32,3,wk inc flu hosp,2026-05-30,quantile,0.1,5,Nevada,Ensemble
2026-05-09,32,3,wk inc flu hosp,2026-05-30,quantile,0.15,6,Nevada,Ensemble
2026-05-09,32,3,wk inc flu hosp,2026-05-30,quantile,0.2,7,Nevada,Ensemble
2026-05-09,32,3,wk inc flu hosp,2026-05-30,quantile,0.25,9,Nevada,Ensemble
2026-05-09,32,3,wk inc flu hosp,2026-05-30,quantile,0.3,10,Nevada,Ensemble
2026-05-09,32,3,wk inc flu hosp,2026-05-30,quantile,0.35,11,Nevada,Ensemble
2026-05-09,32,3,wk inc flu hosp,2026-05-30,quantile,0.4,12,Nevada,Ensemble
2026-05-09,32,3,wk inc flu hosp,2026-05-30,quantile,0.45,14,Nevada,Ensemble
2026-05-09,32,3,wk inc flu hosp,2026-05-30,quantile,0.5,17,Nevada,Ensemble
2026-05-09,32,3,wk inc flu hosp,2026-05-30,quantile,0.55,19,Nevada,Ensemble
2026-05-09,32,3,wk inc flu hosp,2026-05-30,quantile,0.6,21,Nevada,Ensemble
2026-05-09,32,3,wk inc flu hosp,2026-05-30,quantile,0.65,24,Nevada,Ensemble
2026-05-09,32,3,wk inc flu hosp,2026-05-30,quantile,0.7,27,Nevada,Ensemble
2026-05-09,32,3,wk inc flu hosp,2026-05-30,quantile,0.75,31,Nevada,Ensemble
2026-05-09,32,3,wk inc flu hosp,2026-05-30,quantile,0.8,34,Nevada,Ensemble
2026-05-09,32,3,wk inc flu hosp,2026-05-30,quantile,0.85,40,Nevada,Ensemble
2026-05-09,32,3,wk inc flu hosp,2026-05-30,quantile,0.9,48,Nevada,Ensemble
2026-05-09,32,3,wk inc flu hosp,2026-05-30,quantile,0.95,63,Nevada,Ensemble
2026-05-09,32,3,wk inc flu hosp,2026-05-30,quantile,0.975,78,Nevada,Ensemble
2026-05-09,32,3,wk inc flu hosp,2026-05-30,quantile,0.99,96,Nevada,Ensemble
2026-05-09,33,0,wk inc flu hosp,2026-05-09,quantile,0.01,0,New Hampshire,Ensemble
2026-05-09,33,0,wk inc flu hosp,2026-05-09,quantile,0.025,0,New Hampshire,Ensemble
2026-05-09,33,0,wk inc flu hosp,2026-05-09,quantile,0.05,0,New Hampshire,Ensemble
2026-05-09,33,0,wk inc flu hosp,2026-05-09,quantile,0.1,0,New Hampshire,Ensemble
2026-05-09,33,0,wk inc flu hosp,2026-05-09,quantile,0.15,0,New Hampshire,Ensemble
2026-05-09,33,0,wk inc flu hosp,2026-05-09,quantile,0.2,0,New Hampshire,Ensemble
2026-05-09,33,0,wk inc flu hosp,2026-05-09,quantile,0.25,0,New Hampshire,Ensemble
2026-05-09,33,0,wk inc flu hosp,2026-05-09,quantile,0.3,0,New Hampshire,Ensemble
2026-05-09,33,0,wk inc flu hosp,2026-05-09,quantile,0.35,0,New Hampshire,Ensemble
2026-05-09,33,0,wk inc flu hosp,2026-05-09,quantile,0.4,1,New Hampshire,Ensemble
2026-05-09,33,0,wk inc flu hosp,2026-05-09,quantile,0.45,1,New Hampshire,Ensemble
2026-05-09,33,0,wk inc flu hosp,2026-05-09,quantile,0.5,2,New Hampshire,Ensemble
2026-05-09,33,0,wk inc flu hosp,2026-05-09,quantile,0.55,2,New Hampshire,Ensemble
2026-05-09,33,0,wk inc flu hosp,2026-05-09,quantile,0.6,2,New Hampshire,Ensemble
2026-05-09,33,0,wk inc flu hosp,2026-05-09,quantile,0.65,3,New Hampshire,Ensemble
2026-05-09,33,0,wk inc flu hosp,2026-05-09,quantile,0.7,3,New Hampshire,Ensemble
2026-05-09,33,0,wk inc flu hosp,2026-05-09,quantile,0.75,3,New Hampshire,Ensemble
2026-05-09,33,0,wk inc flu hosp,2026-05-09,quantile,0.8,3,New Hampshire,Ensemble
2026-05-09,33,0,wk inc flu hosp,2026-05-09,quantile,0.85,4,New Hampshire,Ensemble
2026-05-09,33,0,wk inc flu hosp,2026-05-09,quantile,0.9,5,New Hampshire,Ensemble
2026-05-09,33,0,wk inc flu hosp,2026-05-09,quantile,0.95,6,New Hampshire,Ensemble
2026-05-09,33,0,wk inc flu hosp,2026-05-09,quantile,0.975,8,New Hampshire,Ensemble
2026-05-09,33,0,wk inc flu hosp,2026-05-09,quantile,0.99,11,New Hampshire,Ensemble
2026-05-09,33,1,wk inc flu hosp,2026-05-16,quantile,0.01,0,New Hampshire,Ensemble
2026-05-09,33,1,wk inc flu hosp,2026-05-16,quantile,0.025,0,New Hampshire,Ensemble
2026-05-09,33,1,wk inc flu hosp,2026-05-16,quantile,0.05,0,New Hampshire,Ensemble
2026-05-09,33,1,wk inc flu hosp,2026-05-16,quantile,0.1,0,New Hampshire,Ensemble
2026-05-09,33,1,wk inc flu hosp,2026-05-16,quantile,0.15,0,New Hampshire,Ensemble
2026-05-09,33,1,wk inc flu hosp,2026-05-16,quantile,0.2,0,New Hampshire,Ensemble
2026-05-09,33,1,wk inc flu hosp,2026-05-16,quantile,0.25,0,New Hampshire,Ensemble
2026-05-09,33,1,wk inc flu hosp,2026-05-16,quantile,0.3,0,New Hampshire,Ensemble
2026-05-09,33,1,wk inc flu hosp,2026-05-16,quantile,0.35,0,New Hampshire,Ensemble
2026-05-09,33,1,wk inc flu hosp,2026-05-16,quantile,0.4,0,New Hampshire,Ensemble
2026-05-09,33,1,wk inc flu hosp,2026-05-16,quantile,0.45,0,New Hampshire,Ensemble
2026-05-09,33,1,wk inc flu hosp,2026-05-16,quantile,0.5,1,New Hampshire,Ensemble
2026-05-09,33,1,wk inc flu hosp,2026-05-16,quantile,0.55,2,New Hampshire,Ensemble
2026-05-09,33,1,wk inc flu hosp,2026-05-16,quantile,0.6,2,New Hampshire,Ensemble
2026-05-09,33,1,wk inc flu hosp,2026-05-16,quantile,0.65,2,New Hampshire,Ensemble
2026-05-09,33,1,wk inc flu hosp,2026-05-16,quantile,0.7,2,New Hampshire,Ensemble
2026-05-09,33,1,wk inc flu hosp,2026-05-16,quantile,0.75,3,New Hampshire,Ensemble
2026-05-09,33,1,wk inc flu hosp,2026-05-16,quantile,0.8,3,New Hampshire,Ensemble
2026-05-09,33,1,wk inc flu hosp,2026-05-16,quantile,0.85,4,New Hampshire,Ensemble
2026-05-09,33,1,wk inc flu hosp,2026-05-16,quantile,0.9,5,New Hampshire,Ensemble
2026-05-09,33,1,wk inc flu hosp,2026-05-16,quantile,0.95,7,New Hampshire,Ensemble
2026-05-09,33,1,wk inc flu hosp,2026-05-16,quantile,0.975,9,New Hampshire,Ensemble
2026-05-09,33,1,wk inc flu hosp,2026-05-16,quantile,0.99,13,New Hampshire,Ensemble
2026-05-09,33,2,wk inc flu hosp,2026-05-23,quantile,0.01,0,New Hampshire,Ensemble
2026-05-09,33,2,wk inc flu hosp,2026-05-23,quantile,0.025,0,New Hampshire,Ensemble
2026-05-09,33,2,wk inc flu hosp,2026-05-23,quantile,0.05,0,New Hampshire,Ensemble
2026-05-09,33,2,wk inc flu hosp,2026-05-23,quantile,0.1,0,New Hampshire,Ensemble
2026-05-09,33,2,wk inc flu hosp,2026-05-23,quantile,0.15,0,New Hampshire,Ensemble
2026-05-09,33,2,wk inc flu hosp,2026-05-23,quantile,0.2,0,New Hampshire,Ensemble
2026-05-09,33,2,wk inc flu hosp,2026-05-23,quantile,0.25,0,New Hampshire,Ensemble
2026-05-09,33,2,wk inc flu hosp,2026-05-23,quantile,0.3,0,New Hampshire,Ensemble
2026-05-09,33,2,wk inc flu hosp,2026-05-23,quantile,0.35,0,New Hampshire,Ensemble
2026-05-09,33,2,wk inc flu hosp,2026-05-23,quantile,0.4,0,New Hampshire,Ensemble
2026-05-09,33,2,wk inc flu hosp,2026-05-23,quantile,0.45,0,New Hampshire,Ensemble
2026-05-09,33,2,wk inc flu hosp,2026-05-23,quantile,0.5,1,New Hampshire,Ensemble
2026-05-09,33,2,wk inc flu hosp,2026-05-23,quantile,0.55,2,New Hampshire,Ensemble
2026-05-09,33,2,wk inc flu hosp,2026-05-23,quantile,0.6,2,New Hampshire,Ensemble
2026-05-09,33,2,wk inc flu hosp,2026-05-23,quantile,0.65,2,New Hampshire,Ensemble
2026-05-09,33,2,wk inc flu hosp,2026-05-23,quantile,0.7,2,New Hampshire,Ensemble
2026-05-09,33,2,wk inc flu hosp,2026-05-23,quantile,0.75,3,New Hampshire,Ensemble
2026-05-09,33,2,wk inc flu hosp,2026-05-23,quantile,0.8,3,New Hampshire,Ensemble
2026-05-09,33,2,wk inc flu hosp,2026-05-23,quantile,0.85,4,New Hampshire,Ensemble
2026-05-09,33,2,wk inc flu hosp,2026-05-23,quantile,0.9,6,New Hampshire,Ensemble
2026-05-09,33,2,wk inc flu hosp,2026-05-23,quantile,0.95,9,New Hampshire,Ensemble
2026-05-09,33,2,wk inc flu hosp,2026-05-23,quantile,0.975,12,New Hampshire,Ensemble
2026-05-09,33,2,wk inc flu hosp,2026-05-23,quantile,0.99,17,New Hampshire,Ensemble
2026-05-09,33,3,wk inc flu hosp,2026-05-30,quantile,0.01,0,New Hampshire,Ensemble
2026-05-09,33,3,wk inc flu hosp,2026-05-30,quantile,0.025,0,New Hampshire,Ensemble
2026-05-09,33,3,wk inc flu hosp,2026-05-30,quantile,0.05,0,New Hampshire,Ensemble
2026-05-09,33,3,wk inc flu hosp,2026-05-30,quantile,0.1,0,New Hampshire,Ensemble
2026-05-09,33,3,wk inc flu hosp,2026-05-30,quantile,0.15,0,New Hampshire,Ensemble
2026-05-09,33,3,wk inc flu hosp,2026-05-30,quantile,0.2,0,New Hampshire,Ensemble
2026-05-09,33,3,wk inc flu hosp,2026-05-30,quantile,0.25,0,New Hampshire,Ensemble
2026-05-09,33,3,wk inc flu hosp,2026-05-30,quantile,0.3,0,New Hampshire,Ensemble
2026-05-09,33,3,wk inc flu hosp,2026-05-30,quantile,0.35,0,New Hampshire,Ensemble
2026-05-09,33,3,wk inc flu hosp,2026-05-30,quantile,0.4,0,New Hampshire,Ensemble
2026-05-09,33,3,wk inc flu hosp,2026-05-30,quantile,0.45,0,New Hampshire,Ensemble
2026-05-09,33,3,wk inc flu hosp,2026-05-30,quantile,0.5,1,New Hampshire,Ensemble
2026-05-09,33,3,wk inc flu hosp,2026-05-30,quantile,0.55,1,New Hampshire,Ensemble
2026-05-09,33,3,wk inc flu hosp,2026-05-30,quantile,0.6,2,New Hampshire,Ensemble
2026-05-09,33,3,wk inc flu hosp,2026-05-30,quantile,0.65,2,New Hampshire,Ensemble
2026-05-09,33,3,wk inc flu hosp,2026-05-30,quantile,0.7,2,New Hampshire,Ensemble
2026-05-09,33,3,wk inc flu hosp,2026-05-30,quantile,0.75,3,New Hampshire,Ensemble
2026-05-09,33,3,wk inc flu hosp,2026-05-30,quantile,0.8,3,New Hampshire,Ensemble
2026-05-09,33,3,wk inc flu hosp,2026-05-30,quantile,0.85,4,New Hampshire,Ensemble
2026-05-09,33,3,wk inc flu hosp,2026-05-30,quantile,0.9,6,New Hampshire,Ensemble
2026-05-09,33,3,wk inc flu hosp,2026-05-30,quantile,0.95,10,New Hampshire,Ensemble
2026-05-09,33,3,wk inc flu hosp,2026-05-30,quantile,0.975,14,New Hampshire,Ensemble
2026-05-09,33,3,wk inc flu hosp,2026-05-30,quantile,0.99,20,New Hampshire,Ensemble
2026-05-09,34,0,wk inc flu hosp,2026-05-09,quantile,0.01,7,New Jersey,Ensemble
2026-05-09,34,0,wk inc flu hosp,2026-05-09,quantile,0.025,9,New Jersey,Ensemble
2026-05-09,34,0,wk inc flu hosp,2026-05-09,quantile,0.05,11,New Jersey,Ensemble
2026-05-09,34,0,wk inc flu hosp,2026-05-09,quantile,0.1,15,New Jersey,Ensemble
2026-05-09,34,0,wk inc flu hosp,2026-05-09,quantile,0.15,17,New Jersey,Ensemble
2026-05-09,34,0,wk inc flu hosp,2026-05-09,quantile,0.2,19,New Jersey,Ensemble
2026-05-09,34,0,wk inc flu hosp,2026-05-09,quantile,0.25,21,New Jersey,Ensemble
2026-05-09,34,0,wk inc flu hosp,2026-05-09,quantile,0.3,23,New Jersey,Ensemble
2026-05-09,34,0,wk inc flu hosp,2026-05-09,quantile,0.35,25,New Jersey,Ensemble
2026-05-09,34,0,wk inc flu hosp,2026-05-09,quantile,0.4,27,New Jersey,Ensemble
2026-05-09,34,0,wk inc flu hosp,2026-05-09,quantile,0.45,28,New Jersey,Ensemble
2026-05-09,34,0,wk inc flu hosp,2026-05-09,quantile,0.5,31,New Jersey,Ensemble
2026-05-09,34,0,wk inc flu hosp,2026-05-09,quantile,0.55,34,New Jersey,Ensemble
2026-05-09,34,0,wk inc flu hosp,2026-05-09,quantile,0.6,36,New Jersey,Ensemble
2026-05-09,34,0,wk inc flu hosp,2026-05-09,quantile,0.65,38,New Jersey,Ensemble
2026-05-09,34,0,wk inc flu hosp,2026-05-09,quantile,0.7,41,New Jersey,Ensemble
2026-05-09,34,0,wk inc flu hosp,2026-05-09,quantile,0.75,44,New Jersey,Ensemble
2026-05-09,34,0,wk inc flu hosp,2026-05-09,quantile,0.8,47,New Jersey,Ensemble
2026-05-09,34,0,wk inc flu hosp,2026-05-09,quantile,0.85,51,New Jersey,Ensemble
2026-05-09,34,0,wk inc flu hosp,2026-05-09,quantile,0.9,59,New Jersey,Ensemble
2026-05-09,34,0,wk inc flu hosp,2026-05-09,quantile,0.95,74,New Jersey,Ensemble
2026-05-09,34,0,wk inc flu hosp,2026-05-09,quantile,0.975,93,New Jersey,Ensemble
2026-05-09,34,0,wk inc flu hosp,2026-05-09,quantile,0.99,121,New Jersey,Ensemble
2026-05-09,34,1,wk inc flu hosp,2026-05-16,quantile,0.01,4,New Jersey,Ensemble
2026-05-09,34,1,wk inc flu hosp,2026-05-16,quantile,0.025,5,New Jersey,Ensemble
2026-05-09,34,1,wk inc flu hosp,2026-05-16,quantile,0.05,7,New Jersey,Ensemble
2026-05-09,34,1,wk inc flu hosp,2026-05-16,quantile,0.1,9,New Jersey,Ensemble
2026-05-09,34,1,wk inc flu hosp,2026-05-16,quantile,0.15,12,New Jersey,Ensemble
2026-05-09,34,1,wk inc flu hosp,2026-05-16,quantile,0.2,14,New Jersey,Ensemble
2026-05-09,34,1,wk inc flu hosp,2026-05-16,quantile,0.25,16,New Jersey,Ensemble
2026-05-09,34,1,wk inc flu hosp,2026-05-16,quantile,0.3,18,New Jersey,Ensemble
2026-05-09,34,1,wk inc flu hosp,2026-05-16,quantile,0.35,20,New Jersey,Ensemble
2026-05-09,34,1,wk inc flu hosp,2026-05-16,quantile,0.4,22,New Jersey,Ensemble
2026-05-09,34,1,wk inc flu hosp,2026-05-16,quantile,0.45,24,New Jersey,Ensemble
2026-05-09,34,1,wk inc flu hosp,2026-05-16,quantile,0.5,28,New Jersey,Ensemble
2026-05-09,34,1,wk inc flu hosp,2026-05-16,quantile,0.55,30,New Jersey,Ensemble
2026-05-09,34,1,wk inc flu hosp,2026-05-16,quantile,0.6,33,New Jersey,Ensemble
2026-05-09,34,1,wk inc flu hosp,2026-05-16,quantile,0.65,36,New Jersey,Ensemble
2026-05-09,34,1,wk inc flu hosp,2026-05-16,quantile,0.7,40,New Jersey,Ensemble
2026-05-09,34,1,wk inc flu hosp,2026-05-16,quantile,0.75,44,New Jersey,Ensemble
2026-05-09,34,1,wk inc flu hosp,2026-05-16,quantile,0.8,50,New Jersey,Ensemble
2026-05-09,34,1,wk inc flu hosp,2026-05-16,quantile,0.85,57,New Jersey,Ensemble
2026-05-09,34,1,wk inc flu hosp,2026-05-16,quantile,0.9,71,New Jersey,Ensemble
2026-05-09,34,1,wk inc flu hosp,2026-05-16,quantile,0.95,97,New Jersey,Ensemble
2026-05-09,34,1,wk inc flu hosp,2026-05-16,quantile,0.975,125,New Jersey,Ensemble
2026-05-09,34,1,wk inc flu hosp,2026-05-16,quantile,0.99,159,New Jersey,Ensemble
2026-05-09,34,2,wk inc flu hosp,2026-05-23,quantile,0.01,3,New Jersey,Ensemble
2026-05-09,34,2,wk inc flu hosp,2026-05-23,quantile,0.025,4,New Jersey,Ensemble
2026-05-09,34,2,wk inc flu hosp,2026-05-23,quantile,0.05,5,New Jersey,Ensemble
2026-05-09,34,2,wk inc flu hosp,2026-05-23,quantile,0.1,7,New Jersey,Ensemble
2026-05-09,34,2,wk inc flu hosp,2026-05-23,quantile,0.15,9,New Jersey,Ensemble
2026-05-09,34,2,wk inc flu hosp,2026-05-23,quantile,0.2,11,New Jersey,Ensemble
2026-05-09,34,2,wk inc flu hosp,2026-05-23,quantile,0.25,13,New Jersey,Ensemble
2026-05-09,34,2,wk inc flu hosp,2026-05-23,quantile,0.3,15,New Jersey,Ensemble
2026-05-09,34,2,wk inc flu hosp,2026-05-23,quantile,0.35,16,New Jersey,Ensemble
2026-05-09,34,2,wk inc flu hosp,2026-05-23,quantile,0.4,18,New Jersey,Ensemble
2026-05-09,34,2,wk inc flu hosp,2026-05-23,quantile,0.45,20,New Jersey,Ensemble
2026-05-09,34,2,wk inc flu hosp,2026-05-23,quantile,0.5,24,New Jersey,Ensemble
2026-05-09,34,2,wk inc flu hosp,2026-05-23,quantile,0.55,27,New Jersey,Ensemble
2026-05-09,34,2,wk inc flu hosp,2026-05-23,quantile,0.6,30,New Jersey,Ensemble
2026-05-09,34,2,wk inc flu hosp,2026-05-23,quantile,0.65,33,New Jersey,Ensemble
2026-05-09,34,2,wk inc flu hosp,2026-05-23,quantile,0.7,38,New Jersey,Ensemble
2026-05-09,34,2,wk inc flu hosp,2026-05-23,quantile,0.75,43,New Jersey,Ensemble
2026-05-09,34,2,wk inc flu hosp,2026-05-23,quantile,0.8,50,New Jersey,Ensemble
2026-05-09,34,2,wk inc flu hosp,2026-05-23,quantile,0.85,62,New Jersey,Ensemble
2026-05-09,34,2,wk inc flu hosp,2026-05-23,quantile,0.9,81,New Jersey,Ensemble
2026-05-09,34,2,wk inc flu hosp,2026-05-23,quantile,0.95,115,New Jersey,Ensemble
2026-05-09,34,2,wk inc flu hosp,2026-05-23,quantile,0.975,151,New Jersey,Ensemble
2026-05-09,34,2,wk inc flu hosp,2026-05-23,quantile,0.99,195,New Jersey,Ensemble
2026-05-09,34,3,wk inc flu hosp,2026-05-30,quantile,0.01,2,New Jersey,Ensemble
2026-05-09,34,3,wk inc flu hosp,2026-05-30,quantile,0.025,3,New Jersey,Ensemble
2026-05-09,34,3,wk inc flu hosp,2026-05-30,quantile,0.05,4,New Jersey,Ensemble
2026-05-09,34,3,wk inc flu hosp,2026-05-30,quantile,0.1,6,New Jersey,Ensemble
2026-05-09,34,3,wk inc flu hosp,2026-05-30,quantile,0.15,7,New Jersey,Ensemble
2026-05-09,34,3,wk inc flu hosp,2026-05-30,quantile,0.2,9,New Jersey,Ensemble
2026-05-09,34,3,wk inc flu hosp,2026-05-30,quantile,0.25,11,New Jersey,Ensemble
2026-05-09,34,3,wk inc flu hosp,2026-05-30,quantile,0.3,12,New Jersey,Ensemble
2026-05-09,34,3,wk inc flu hosp,2026-05-30,quantile,0.35,14,New Jersey,Ensemble
2026-05-09,34,3,wk inc flu hosp,2026-05-30,quantile,0.4,16,New Jersey,Ensemble
2026-05-09,34,3,wk inc flu hosp,2026-05-30,quantile,0.45,18,New Jersey,Ensemble
2026-05-09,34,3,wk inc flu hosp,2026-05-30,quantile,0.5,21,New Jersey,Ensemble
2026-05-09,34,3,wk inc flu hosp,2026-05-30,quantile,0.55,24,New Jersey,Ensemble
2026-05-09,34,3,wk inc flu hosp,2026-05-30,quantile,0.6,27,New Jersey,Ensemble
2026-05-09,34,3,wk inc flu hosp,2026-05-30,quantile,0.65,31,New Jersey,Ensemble
2026-05-09,34,3,wk inc flu hosp,2026-05-30,quantile,0.7,36,New Jersey,Ensemble
2026-05-09,34,3,wk inc flu hosp,2026-05-30,quantile,0.75,42,New Jersey,Ensemble
2026-05-09,34,3,wk inc flu hosp,2026-05-30,quantile,0.8,51,New Jersey,Ensemble
2026-05-09,34,3,wk inc flu hosp,2026-05-30,quantile,0.85,65,New Jersey,Ensemble
2026-05-09,34,3,wk inc flu hosp,2026-05-30,quantile,0.9,87,New Jersey,Ensemble
2026-05-09,34,3,wk inc flu hosp,2026-05-30,quantile,0.95,128,New Jersey,Ensemble
2026-05-09,34,3,wk inc flu hosp,2026-05-30,quantile,0.975,169,New Jersey,Ensemble
2026-05-09,34,3,wk inc flu hosp,2026-05-30,quantile,0.99,219,New Jersey,Ensemble
2026-05-09,35,0,wk inc flu hosp,2026-05-09,quantile,0.01,0,New Mexico,Ensemble
2026-05-09,35,0,wk inc flu hosp,2026-05-09,quantile,0.025,1,New Mexico,Ensemble
2026-05-09,35,0,wk inc flu hosp,2026-05-09,quantile,0.05,1,New Mexico,Ensemble
2026-05-09,35,0,wk inc flu hosp,2026-05-09,quantile,0.1,2,New Mexico,Ensemble
2026-05-09,35,0,wk inc flu hosp,2026-05-09,quantile,0.15,3,New Mexico,Ensemble
2026-05-09,35,0,wk inc flu hosp,2026-05-09,quantile,0.2,3,New Mexico,Ensemble
2026-05-09,35,0,wk inc flu hosp,2026-05-09,quantile,0.25,4,New Mexico,Ensemble
2026-05-09,35,0,wk inc flu hosp,2026-05-09,quantile,0.3,4,New Mexico,Ensemble
2026-05-09,35,0,wk inc flu hosp,2026-05-09,quantile,0.35,5,New Mexico,Ensemble
2026-05-09,35,0,wk inc flu hosp,2026-05-09,quantile,0.4,5,New Mexico,Ensemble
2026-05-09,35,0,wk inc flu hosp,2026-05-09,quantile,0.45,6,New Mexico,Ensemble
2026-05-09,35,0,wk inc flu hosp,2026-05-09,quantile,0.5,8,New Mexico,Ensemble
2026-05-09,35,0,wk inc flu hosp,2026-05-09,quantile,0.55,8,New Mexico,Ensemble
2026-05-09,35,0,wk inc flu hosp,2026-05-09,quantile,0.6,9,New Mexico,Ensemble
2026-05-09,35,0,wk inc flu hosp,2026-05-09,quantile,0.65,9,New Mexico,Ensemble
2026-05-09,35,0,wk inc flu hosp,2026-05-09,quantile,0.7,10,New Mexico,Ensemble
2026-05-09,35,0,wk inc flu hosp,2026-05-09,quantile,0.75,11,New Mexico,Ensemble
2026-05-09,35,0,wk inc flu hosp,2026-05-09,quantile,0.8,12,New Mexico,Ensemble
2026-05-09,35,0,wk inc flu hosp,2026-05-09,quantile,0.85,13,New Mexico,Ensemble
2026-05-09,35,0,wk inc flu hosp,2026-05-09,quantile,0.9,16,New Mexico,Ensemble
2026-05-09,35,0,wk inc flu hosp,2026-05-09,quantile,0.95,20,New Mexico,Ensemble
2026-05-09,35,0,wk inc flu hosp,2026-05-09,quantile,0.975,26,New Mexico,Ensemble
2026-05-09,35,0,wk inc flu hosp,2026-05-09,quantile,0.99,34,New Mexico,Ensemble
2026-05-09,35,1,wk inc flu hosp,2026-05-16,quantile,0.01,0,New Mexico,Ensemble
2026-05-09,35,1,wk inc flu hosp,2026-05-16,quantile,0.025,0,New Mexico,Ensemble
2026-05-09,35,1,wk inc flu hosp,2026-05-16,quantile,0.05,1,New Mexico,Ensemble
2026-05-09,35,1,wk inc flu hosp,2026-05-16,quantile,0.1,1,New Mexico,Ensemble
2026-05-09,35,1,wk inc flu hosp,2026-05-16,quantile,0.15,2,New Mexico,Ensemble
2026-05-09,35,1,wk inc flu hosp,2026-05-16,quantile,0.2,2,New Mexico,Ensemble
2026-05-09,35,1,wk inc flu hosp,2026-05-16,quantile,0.25,3,New Mexico,Ensemble
2026-05-09,35,1,wk inc flu hosp,2026-05-16,quantile,0.3,3,New Mexico,Ensemble
2026-05-09,35,1,wk inc flu hosp,2026-05-16,quantile,0.35,4,New Mexico,Ensemble
2026-05-09,35,1,wk inc flu hosp,2026-05-16,quantile,0.4,5,New Mexico,Ensemble
2026-05-09,35,1,wk inc flu hosp,2026-05-16,quantile,0.45,5,New Mexico,Ensemble
2026-05-09,35,1,wk inc flu hosp,2026-05-16,quantile,0.5,7,New Mexico,Ensemble
2026-05-09,35,1,wk inc flu hosp,2026-05-16,quantile,0.55,7,New Mexico,Ensemble
2026-05-09,35,1,wk inc flu hosp,2026-05-16,quantile,0.6,8,New Mexico,Ensemble
2026-05-09,35,1,wk inc flu hosp,2026-05-16,quantile,0.65,9,New Mexico,Ensemble
2026-05-09,35,1,wk inc flu hosp,2026-05-16,quantile,0.7,10,New Mexico,Ensemble
2026-05-09,35,1,wk inc flu hosp,2026-05-16,quantile,0.75,11,New Mexico,Ensemble
2026-05-09,35,1,wk inc flu hosp,2026-05-16,quantile,0.8,13,New Mexico,Ensemble
2026-05-09,35,1,wk inc flu hosp,2026-05-16,quantile,0.85,15,New Mexico,Ensemble
2026-05-09,35,1,wk inc flu hosp,2026-05-16,quantile,0.9,19,New Mexico,Ensemble
2026-05-09,35,1,wk inc flu hosp,2026-05-16,quantile,0.95,26,New Mexico,Ensemble
2026-05-09,35,1,wk inc flu hosp,2026-05-16,quantile,0.975,34,New Mexico,Ensemble
2026-05-09,35,1,wk inc flu hosp,2026-05-16,quantile,0.99,45,New Mexico,Ensemble
2026-05-09,35,2,wk inc flu hosp,2026-05-23,quantile,0.01,0,New Mexico,Ensemble
2026-05-09,35,2,wk inc flu hosp,2026-05-23,quantile,0.025,0,New Mexico,Ensemble
2026-05-09,35,2,wk inc flu hosp,2026-05-23,quantile,0.05,0,New Mexico,Ensemble
2026-05-09,35,2,wk inc flu hosp,2026-05-23,quantile,0.1,1,New Mexico,Ensemble
2026-05-09,35,2,wk inc flu hosp,2026-05-23,quantile,0.15,1,New Mexico,Ensemble
2026-05-09,35,2,wk inc flu hosp,2026-05-23,quantile,0.2,2,New Mexico,Ensemble
2026-05-09,35,2,wk inc flu hosp,2026-05-23,quantile,0.25,2,New Mexico,Ensemble
2026-05-09,35,2,wk inc flu hosp,2026-05-23,quantile,0.3,3,New Mexico,Ensemble
2026-05-09,35,2,wk inc flu hosp,2026-05-23,quantile,0.35,3,New Mexico,Ensemble
2026-05-09,35,2,wk inc flu hosp,2026-05-23,quantile,0.4,3,New Mexico,Ensemble
2026-05-09,35,2,wk inc flu hosp,2026-05-23,quantile,0.45,4,New Mexico,Ensemble
2026-05-09,35,2,wk inc flu hosp,2026-05-23,quantile,0.5,6,New Mexico,Ensemble
2026-05-09,35,2,wk inc flu hosp,2026-05-23,quantile,0.55,6,New Mexico,Ensemble
2026-05-09,35,2,wk inc flu hosp,2026-05-23,quantile,0.6,7,New Mexico,Ensemble
2026-05-09,35,2,wk inc flu hosp,2026-05-23,quantile,0.65,8,New Mexico,Ensemble
2026-05-09,35,2,wk inc flu hosp,2026-05-23,quantile,0.7,9,New Mexico,Ensemble
2026-05-09,35,2,wk inc flu hosp,2026-05-23,quantile,0.75,11,New Mexico,Ensemble
2026-05-09,35,2,wk inc flu hosp,2026-05-23,quantile,0.8,13,New Mexico,Ensemble
2026-05-09,35,2,wk inc flu hosp,2026-05-23,quantile,0.85,15,New Mexico,Ensemble
2026-05-09,35,2,wk inc flu hosp,2026-05-23,quantile,0.9,20,New Mexico,Ensemble
2026-05-09,35,2,wk inc flu hosp,2026-05-23,quantile,0.95,30,New Mexico,Ensemble
2026-05-09,35,2,wk inc flu hosp,2026-05-23,quantile,0.975,39,New Mexico,Ensemble
2026-05-09,35,2,wk inc flu hosp,2026-05-23,quantile,0.99,53,New Mexico,Ensemble
2026-05-09,35,3,wk inc flu hosp,2026-05-30,quantile,0.01,0,New Mexico,Ensemble
2026-05-09,35,3,wk inc flu hosp,2026-05-30,quantile,0.025,0,New Mexico,Ensemble
2026-05-09,35,3,wk inc flu hosp,2026-05-30,quantile,0.05,0,New Mexico,Ensemble
2026-05-09,35,3,wk inc flu hosp,2026-05-30,quantile,0.1,1,New Mexico,Ensemble
2026-05-09,35,3,wk inc flu hosp,2026-05-30,quantile,0.15,1,New Mexico,Ensemble
2026-05-09,35,3,wk inc flu hosp,2026-05-30,quantile,0.2,1,New Mexico,Ensemble
2026-05-09,35,3,wk inc flu hosp,2026-05-30,quantile,0.25,2,New Mexico,Ensemble
2026-05-09,35,3,wk inc flu hosp,2026-05-30,quantile,0.3,2,New Mexico,Ensemble
2026-05-09,35,3,wk inc flu hosp,2026-05-30,quantile,0.35,3,New Mexico,Ensemble
2026-05-09,35,3,wk inc flu hosp,2026-05-30,quantile,0.4,3,New Mexico,Ensemble
2026-05-09,35,3,wk inc flu hosp,2026-05-30,quantile,0.45,3,New Mexico,Ensemble
2026-05-09,35,3,wk inc flu hosp,2026-05-30,quantile,0.5,5,New Mexico,Ensemble
2026-05-09,35,3,wk inc flu hosp,2026-05-30,quantile,0.55,6,New Mexico,Ensemble
2026-05-09,35,3,wk inc flu hosp,2026-05-30,quantile,0.6,6,New Mexico,Ensemble
2026-05-09,35,3,wk inc flu hosp,2026-05-30,quantile,0.65,7,New Mexico,Ensemble
2026-05-09,35,3,wk inc flu hosp,2026-05-30,quantile,0.7,9,New Mexico,Ensemble
2026-05-09,35,3,wk inc flu hosp,2026-05-30,quantile,0.75,10,New Mexico,Ensemble
2026-05-09,35,3,wk inc flu hosp,2026-05-30,quantile,0.8,13,New Mexico,Ensemble
2026-05-09,35,3,wk inc flu hosp,2026-05-30,quantile,0.85,16,New Mexico,Ensemble
2026-05-09,35,3,wk inc flu hosp,2026-05-30,quantile,0.9,21,New Mexico,Ensemble
2026-05-09,35,3,wk inc flu hosp,2026-05-30,quantile,0.95,31,New Mexico,Ensemble
2026-05-09,35,3,wk inc flu hosp,2026-05-30,quantile,0.975,41,New Mexico,Ensemble
2026-05-09,35,3,wk inc flu hosp,2026-05-30,quantile,0.99,55,New Mexico,Ensemble
2026-05-09,36,0,wk inc flu hosp,2026-05-09,quantile,0.01,12,New York,Ensemble
2026-05-09,36,0,wk inc flu hosp,2026-05-09,quantile,0.025,15,New York,Ensemble
2026-05-09,36,0,wk inc flu hosp,2026-05-09,quantile,0.05,19,New York,Ensemble
2026-05-09,36,0,wk inc flu hosp,2026-05-09,quantile,0.1,25,New York,Ensemble
2026-05-09,36,0,wk inc flu hosp,2026-05-09,quantile,0.15,29,New York,Ensemble
2026-05-09,36,0,wk inc flu hosp,2026-05-09,quantile,0.2,33,New York,Ensemble
2026-05-09,36,0,wk inc flu hosp,2026-05-09,quantile,0.25,36,New York,Ensemble
2026-05-09,36,0,wk inc flu hosp,2026-05-09,quantile,0.3,40,New York,Ensemble
2026-05-09,36,0,wk inc flu hosp,2026-05-09,quantile,0.35,44,New York,Ensemble
2026-05-09,36,0,wk inc flu hosp,2026-05-09,quantile,0.4,48,New York,Ensemble
2026-05-09,36,0,wk inc flu hosp,2026-05-09,quantile,0.45,51,New York,Ensemble
2026-05-09,36,0,wk inc flu hosp,2026-05-09,quantile,0.5,56,New York,Ensemble
2026-05-09,36,0,wk inc flu hosp,2026-05-09,quantile,0.55,60,New York,Ensemble
2026-05-09,36,0,wk inc flu hosp,2026-05-09,quantile,0.6,64,New York,Ensemble
2026-05-09,36,0,wk inc flu hosp,2026-05-09,quantile,0.65,69,New York,Ensemble
2026-05-09,36,0,wk inc flu hosp,2026-05-09,quantile,0.7,73,New York,Ensemble
2026-05-09,36,0,wk inc flu hosp,2026-05-09,quantile,0.75,78,New York,Ensemble
2026-05-09,36,0,wk inc flu hosp,2026-05-09,quantile,0.8,83,New York,Ensemble
2026-05-09,36,0,wk inc flu hosp,2026-05-09,quantile,0.85,91,New York,Ensemble
2026-05-09,36,0,wk inc flu hosp,2026-05-09,quantile,0.9,106,New York,Ensemble
2026-05-09,36,0,wk inc flu hosp,2026-05-09,quantile,0.95,140,New York,Ensemble
2026-05-09,36,0,wk inc flu hosp,2026-05-09,quantile,0.975,174,New York,Ensemble
2026-05-09,36,0,wk inc flu hosp,2026-05-09,quantile,0.99,210,New York,Ensemble
2026-05-09,36,1,wk inc flu hosp,2026-05-16,quantile,0.01,7,New York,Ensemble
2026-05-09,36,1,wk inc flu hosp,2026-05-16,quantile,0.025,10,New York,Ensemble
2026-05-09,36,1,wk inc flu hosp,2026-05-16,quantile,0.05,12,New York,Ensemble
2026-05-09,36,1,wk inc flu hosp,2026-05-16,quantile,0.1,16,New York,Ensemble
2026-05-09,36,1,wk inc flu hosp,2026-05-16,quantile,0.15,21,New York,Ensemble
2026-05-09,36,1,wk inc flu hosp,2026-05-16,quantile,0.2,24,New York,Ensemble
2026-05-09,36,1,wk inc flu hosp,2026-05-16,quantile,0.25,27,New York,Ensemble
2026-05-09,36,1,wk inc flu hosp,2026-05-16,quantile,0.3,31,New York,Ensemble
2026-05-09,36,1,wk inc flu hosp,2026-05-16,quantile,0.35,35,New York,Ensemble
2026-05-09,36,1,wk inc flu hosp,2026-05-16,quantile,0.4,39,New York,Ensemble
2026-05-09,36,1,wk inc flu hosp,2026-05-16,quantile,0.45,43,New York,Ensemble
2026-05-09,36,1,wk inc flu hosp,2026-05-16,quantile,0.5,47,New York,Ensemble
2026-05-09,36,1,wk inc flu hosp,2026-05-16,quantile,0.55,51,New York,Ensemble
2026-05-09,36,1,wk inc flu hosp,2026-05-16,quantile,0.6,57,New York,Ensemble
2026-05-09,36,1,wk inc flu hosp,2026-05-16,quantile,0.65,63,New York,Ensemble
2026-05-09,36,1,wk inc flu hosp,2026-05-16,quantile,0.7,70,New York,Ensemble
2026-05-09,36,1,wk inc flu hosp,2026-05-16,quantile,0.75,78,New York,Ensemble
2026-05-09,36,1,wk inc flu hosp,2026-05-16,quantile,0.8,88,New York,Ensemble
2026-05-09,36,1,wk inc flu hosp,2026-05-16,quantile,0.85,104,New York,Ensemble
2026-05-09,36,1,wk inc flu hosp,2026-05-16,quantile,0.9,132,New York,Ensemble
2026-05-09,36,1,wk inc flu hosp,2026-05-16,quantile,0.95,179,New York,Ensemble
2026-05-09,36,1,wk inc flu hosp,2026-05-16,quantile,0.975,226,New York,Ensemble
2026-05-09,36,1,wk inc flu hosp,2026-05-16,quantile,0.99,284,New York,Ensemble
2026-05-09,36,2,wk inc flu hosp,2026-05-23,quantile,0.01,6,New York,Ensemble
2026-05-09,36,2,wk inc flu hosp,2026-05-23,quantile,0.025,8,New York,Ensemble
2026-05-09,36,2,wk inc flu hosp,2026-05-23,quantile,0.05,10,New York,Ensemble
2026-05-09,36,2,wk inc flu hosp,2026-05-23,quantile,0.1,13,New York,Ensemble
2026-05-09,36,2,wk inc flu hosp,2026-05-23,quantile,0.15,16,New York,Ensemble
2026-05-09,36,2,wk inc flu hosp,2026-05-23,quantile,0.2,20,New York,Ensemble
2026-05-09,36,2,wk inc flu hosp,2026-05-23,quantile,0.25,23,New York,Ensemble
2026-05-09,36,2,wk inc flu hosp,2026-05-23,quantile,0.3,25,New York,Ensemble
2026-05-09,36,2,wk inc flu hosp,2026-05-23,quantile,0.35,29,New York,Ensemble
2026-05-09,36,2,wk inc flu hosp,2026-05-23,quantile,0.4,33,New York,Ensemble
2026-05-09,36,2,wk inc flu hosp,2026-05-23,quantile,0.45,36,New York,Ensemble
2026-05-09,36,2,wk inc flu hosp,2026-05-23,quantile,0.5,42,New York,Ensemble
2026-05-09,36,2,wk inc flu hosp,2026-05-23,quantile,0.55,46,New York,Ensemble
2026-05-09,36,2,wk inc flu hosp,2026-05-23,quantile,0.6,52,New York,Ensemble
2026-05-09,36,2,wk inc flu hosp,2026-05-23,quantile,0.65,59,New York,Ensemble
2026-05-09,36,2,wk inc flu hosp,2026-05-23,quantile,0.7,67,New York,Ensemble
2026-05-09,36,2,wk inc flu hosp,2026-05-23,quantile,0.75,77,New York,Ensemble
2026-05-09,36,2,wk inc flu hosp,2026-05-23,quantile,0.8,91,New York,Ensemble
2026-05-09,36,2,wk inc flu hosp,2026-05-23,quantile,0.85,115,New York,Ensemble
2026-05-09,36,2,wk inc flu hosp,2026-05-23,quantile,0.9,151,New York,Ensemble
2026-05-09,36,2,wk inc flu hosp,2026-05-23,quantile,0.95,218,New York,Ensemble
2026-05-09,36,2,wk inc flu hosp,2026-05-23,quantile,0.975,283,New York,Ensemble
2026-05-09,36,2,wk inc flu hosp,2026-05-23,quantile,0.99,369,New York,Ensemble
2026-05-09,36,3,wk inc flu hosp,2026-05-30,quantile,0.01,4,New York,Ensemble
2026-05-09,36,3,wk inc flu hosp,2026-05-30,quantile,0.025,6,New York,Ensemble
2026-05-09,36,3,wk inc flu hosp,2026-05-30,quantile,0.05,8,New York,Ensemble
2026-05-09,36,3,wk inc flu hosp,2026-05-30,quantile,0.1,11,New York,Ensemble
2026-05-09,36,3,wk inc flu hosp,2026-05-30,quantile,0.15,13,New York,Ensemble
2026-05-09,36,3,wk inc flu hosp,2026-05-30,quantile,0.2,17,New York,Ensemble
2026-05-09,36,3,wk inc flu hosp,2026-05-30,quantile,0.25,20,New York,Ensemble
2026-05-09,36,3,wk inc flu hosp,2026-05-30,quantile,0.3,22,New York,Ensemble
2026-05-09,36,3,wk inc flu hosp,2026-05-30,quantile,0.35,26,New York,Ensemble
2026-05-09,36,3,wk inc flu hosp,2026-05-30,quantile,0.4,30,New York,Ensemble
2026-05-09,36,3,wk inc flu hosp,2026-05-30,quantile,0.45,33,New York,Ensemble
2026-05-09,36,3,wk inc flu hosp,2026-05-30,quantile,0.5,38,New York,Ensemble
2026-05-09,36,3,wk inc flu hosp,2026-05-30,quantile,0.55,42,New York,Ensemble
2026-05-09,36,3,wk inc flu hosp,2026-05-30,quantile,0.6,48,New York,Ensemble
2026-05-09,36,3,wk inc flu hosp,2026-05-30,quantile,0.65,55,New York,Ensemble
2026-05-09,36,3,wk inc flu hosp,2026-05-30,quantile,0.7,64,New York,Ensemble
2026-05-09,36,3,wk inc flu hosp,2026-05-30,quantile,0.75,76,New York,Ensemble
2026-05-09,36,3,wk inc flu hosp,2026-05-30,quantile,0.8,92,New York,Ensemble
2026-05-09,36,3,wk inc flu hosp,2026-05-30,quantile,0.85,120,New York,Ensemble
2026-05-09,36,3,wk inc flu hosp,2026-05-30,quantile,0.9,164,New York,Ensemble
2026-05-09,36,3,wk inc flu hosp,2026-05-30,quantile,0.95,240,New York,Ensemble
2026-05-09,36,3,wk inc flu hosp,2026-05-30,quantile,0.975,319,New York,Ensemble
2026-05-09,36,3,wk inc flu hosp,2026-05-30,quantile,0.99,419,New York,Ensemble
2026-05-09,37,0,wk inc flu hosp,2026-05-09,quantile,0.01,2,North Carolina,Ensemble
2026-05-09,37,0,wk inc flu hosp,2026-05-09,quantile,0.025,3,North Carolina,Ensemble
2026-05-09,37,0,wk inc flu hosp,2026-05-09,quantile,0.05,4,North Carolina,Ensemble
2026-05-09,37,0,wk inc flu hosp,2026-05-09,quantile,0.1,6,North Carolina,Ensemble
2026-05-09,37,0,wk inc flu hosp,2026-05-09,quantile,0.15,7,North Carolina,Ensemble
2026-05-09,37,0,wk inc flu hosp,2026-05-09,quantile,0.2,8,North Carolina,Ensemble
2026-05-09,37,0,wk inc flu hosp,2026-05-09,quantile,0.25,9,North Carolina,Ensemble
2026-05-09,37,0,wk inc flu hosp,2026-05-09,quantile,0.3,10,North Carolina,Ensemble
2026-05-09,37,0,wk inc flu hosp,2026-05-09,quantile,0.35,11,North Carolina,Ensemble
2026-05-09,37,0,wk inc flu hosp,2026-05-09,quantile,0.4,12,North Carolina,Ensemble
2026-05-09,37,0,wk inc flu hosp,2026-05-09,quantile,0.45,13,North Carolina,Ensemble
2026-05-09,37,0,wk inc flu hosp,2026-05-09,quantile,0.5,15,North Carolina,Ensemble
2026-05-09,37,0,wk inc flu hosp,2026-05-09,quantile,0.55,16,North Carolina,Ensemble
2026-05-09,37,0,wk inc flu hosp,2026-05-09,quantile,0.6,18,North Carolina,Ensemble
2026-05-09,37,0,wk inc flu hosp,2026-05-09,quantile,0.65,19,North Carolina,Ensemble
2026-05-09,37,0,wk inc flu hosp,2026-05-09,quantile,0.7,20,North Carolina,Ensemble
2026-05-09,37,0,wk inc flu hosp,2026-05-09,quantile,0.75,22,North Carolina,Ensemble
2026-05-09,37,0,wk inc flu hosp,2026-05-09,quantile,0.8,24,North Carolina,Ensemble
2026-05-09,37,0,wk inc flu hosp,2026-05-09,quantile,0.85,27,North Carolina,Ensemble
2026-05-09,37,0,wk inc flu hosp,2026-05-09,quantile,0.9,32,North Carolina,Ensemble
2026-05-09,37,0,wk inc flu hosp,2026-05-09,quantile,0.95,40,North Carolina,Ensemble
2026-05-09,37,0,wk inc flu hosp,2026-05-09,quantile,0.975,49,North Carolina,Ensemble
2026-05-09,37,0,wk inc flu hosp,2026-05-09,quantile,0.99,62,North Carolina,Ensemble
2026-05-09,37,1,wk inc flu hosp,2026-05-16,quantile,0.01,2,North Carolina,Ensemble
2026-05-09,37,1,wk inc flu hosp,2026-05-16,quantile,0.025,2,North Carolina,Ensemble
2026-05-09,37,1,wk inc flu hosp,2026-05-16,quantile,0.05,3,North Carolina,Ensemble
2026-05-09,37,1,wk inc flu hosp,2026-05-16,quantile,0.1,4,North Carolina,Ensemble
2026-05-09,37,1,wk inc flu hosp,2026-05-16,quantile,0.15,5,North Carolina,Ensemble
2026-05-09,37,1,wk inc flu hosp,2026-05-16,quantile,0.2,6,North Carolina,Ensemble
2026-05-09,37,1,wk inc flu hosp,2026-05-16,quantile,0.25,7,North Carolina,Ensemble
2026-05-09,37,1,wk inc flu hosp,2026-05-16,quantile,0.3,8,North Carolina,Ensemble
2026-05-09,37,1,wk inc flu hosp,2026-05-16,quantile,0.35,9,North Carolina,Ensemble
2026-05-09,37,1,wk inc flu hosp,2026-05-16,quantile,0.4,10,North Carolina,Ensemble
2026-05-09,37,1,wk inc flu hosp,2026-05-16,quantile,0.45,12,North Carolina,Ensemble
2026-05-09,37,1,wk inc flu hosp,2026-05-16,quantile,0.5,14,North Carolina,Ensemble
2026-05-09,37,1,wk inc flu hosp,2026-05-16,quantile,0.55,15,North Carolina,Ensemble
2026-05-09,37,1,wk inc flu hosp,2026-05-16,quantile,0.6,17,North Carolina,Ensemble
2026-05-09,37,1,wk inc flu hosp,2026-05-16,quantile,0.65,19,North Carolina,Ensemble
2026-05-09,37,1,wk inc flu hosp,2026-05-16,quantile,0.7,21,North Carolina,Ensemble
2026-05-09,37,1,wk inc flu hosp,2026-05-16,quantile,0.75,24,North Carolina,Ensemble
2026-05-09,37,1,wk inc flu hosp,2026-05-16,quantile,0.8,28,North Carolina,Ensemble
2026-05-09,37,1,wk inc flu hosp,2026-05-16,quantile,0.85,33,North Carolina,Ensemble
2026-05-09,37,1,wk inc flu hosp,2026-05-16,quantile,0.9,42,North Carolina,Ensemble
2026-05-09,37,1,wk inc flu hosp,2026-05-16,quantile,0.95,58,North Carolina,Ensemble
2026-05-09,37,1,wk inc flu hosp,2026-05-16,quantile,0.975,76,North Carolina,Ensemble
2026-05-09,37,1,wk inc flu hosp,2026-05-16,quantile,0.99,101,North Carolina,Ensemble
2026-05-09,37,2,wk inc flu hosp,2026-05-23,quantile,0.01,1,North Carolina,Ensemble
2026-05-09,37,2,wk inc flu hosp,2026-05-23,quantile,0.025,2,North Carolina,Ensemble
2026-05-09,37,2,wk inc flu hosp,2026-05-23,quantile,0.05,3,North Carolina,Ensemble
2026-05-09,37,2,wk inc flu hosp,2026-05-23,quantile,0.1,3,North Carolina,Ensemble
2026-05-09,37,2,wk inc flu hosp,2026-05-23,quantile,0.15,4,North Carolina,Ensemble
2026-05-09,37,2,wk inc flu hosp,2026-05-23,quantile,0.2,5,North Carolina,Ensemble
2026-05-09,37,2,wk inc flu hosp,2026-05-23,quantile,0.25,6,North Carolina,Ensemble
2026-05-09,37,2,wk inc flu hosp,2026-05-23,quantile,0.3,7,North Carolina,Ensemble
2026-05-09,37,2,wk inc flu hosp,2026-05-23,quantile,0.35,8,North Carolina,Ensemble
2026-05-09,37,2,wk inc flu hosp,2026-05-23,quantile,0.4,9,North Carolina,Ensemble
2026-05-09,37,2,wk inc flu hosp,2026-05-23,quantile,0.45,10,North Carolina,Ensemble
2026-05-09,37,2,wk inc flu hosp,2026-05-23,quantile,0.5,12,North Carolina,Ensemble
2026-05-09,37,2,wk inc flu hosp,2026-05-23,quantile,0.55,14,North Carolina,Ensemble
2026-05-09,37,2,wk inc flu hosp,2026-05-23,quantile,0.6,16,North Carolina,Ensemble
2026-05-09,37,2,wk inc flu hosp,2026-05-23,quantile,0.65,18,North Carolina,Ensemble
2026-05-09,37,2,wk inc flu hosp,2026-05-23,quantile,0.7,21,North Carolina,Ensemble
2026-05-09,37,2,wk inc flu hosp,2026-05-23,quantile,0.75,24,North Carolina,Ensemble
2026-05-09,37,2,wk inc flu hosp,2026-05-23,quantile,0.8,29,North Carolina,Ensemble
2026-05-09,37,2,wk inc flu hosp,2026-05-23,quantile,0.85,37,North Carolina,Ensemble
2026-05-09,37,2,wk inc flu hosp,2026-05-23,quantile,0.9,50,North Carolina,Ensemble
2026-05-09,37,2,wk inc flu hosp,2026-05-23,quantile,0.95,73,North Carolina,Ensemble
2026-05-09,37,2,wk inc flu hosp,2026-05-23,quantile,0.975,99,North Carolina,Ensemble
2026-05-09,37,2,wk inc flu hosp,2026-05-23,quantile,0.99,133,North Carolina,Ensemble
2026-05-09,37,3,wk inc flu hosp,2026-05-30,quantile,0.01,1,North Carolina,Ensemble
2026-05-09,37,3,wk inc flu hosp,2026-05-30,quantile,0.025,2,North Carolina,Ensemble
2026-05-09,37,3,wk inc flu hosp,2026-05-30,quantile,0.05,2,North Carolina,Ensemble
2026-05-09,37,3,wk inc flu hosp,2026-05-30,quantile,0.1,3,North Carolina,Ensemble
2026-05-09,37,3,wk inc flu hosp,2026-05-30,quantile,0.15,4,North Carolina,Ensemble
2026-05-09,37,3,wk inc flu hosp,2026-05-30,quantile,0.2,5,North Carolina,Ensemble
2026-05-09,37,3,wk inc flu hosp,2026-05-30,quantile,0.25,6,North Carolina,Ensemble
2026-05-09,37,3,wk inc flu hosp,2026-05-30,quantile,0.3,6,North Carolina,Ensemble
2026-05-09,37,3,wk inc flu hosp,2026-05-30,quantile,0.35,8,North Carolina,Ensemble
2026-05-09,37,3,wk inc flu hosp,2026-05-30,quantile,0.4,8,North Carolina,Ensemble
2026-05-09,37,3,wk inc flu hosp,2026-05-30,quantile,0.45,9,North Carolina,Ensemble
2026-05-09,37,3,wk inc flu hosp,2026-05-30,quantile,0.5,12,North Carolina,Ensemble
2026-05-09,37,3,wk inc flu hosp,2026-05-30,quantile,0.55,13,North Carolina,Ensemble
2026-05-09,37,3,wk inc flu hosp,2026-05-30,quantile,0.6,15,North Carolina,Ensemble
2026-05-09,37,3,wk inc flu hosp,2026-05-30,quantile,0.65,17,North Carolina,Ensemble
2026-05-09,37,3,wk inc flu hosp,2026-05-30,quantile,0.7,21,North Carolina,Ensemble
2026-05-09,37,3,wk inc flu hosp,2026-05-30,quantile,0.75,24,North Carolina,Ensemble
2026-05-09,37,3,wk inc flu hosp,2026-05-30,quantile,0.8,30,North Carolina,Ensemble
2026-05-09,37,3,wk inc flu hosp,2026-05-30,quantile,0.85,40,North Carolina,Ensemble
2026-05-09,37,3,wk inc flu hosp,2026-05-30,quantile,0.9,55,North Carolina,Ensemble
2026-05-09,37,3,wk inc flu hosp,2026-05-30,quantile,0.95,83,North Carolina,Ensemble
2026-05-09,37,3,wk inc flu hosp,2026-05-30,quantile,0.975,113,North Carolina,Ensemble
2026-05-09,37,3,wk inc flu hosp,2026-05-30,quantile,0.99,153,North Carolina,Ensemble
2026-05-09,38,0,wk inc flu hosp,2026-05-09,quantile,0.01,0,North Dakota,Ensemble
2026-05-09,38,0,wk inc flu hosp,2026-05-09,quantile,0.025,0,North Dakota,Ensemble
2026-05-09,38,0,wk inc flu hosp,2026-05-09,quantile,0.05,0,North Dakota,Ensemble
2026-05-09,38,0,wk inc flu hosp,2026-05-09,quantile,0.1,1,North Dakota,Ensemble
2026-05-09,38,0,wk inc flu hosp,2026-05-09,quantile,0.15,1,North Dakota,Ensemble
2026-05-09,38,0,wk inc flu hosp,2026-05-09,quantile,0.2,1,North Dakota,Ensemble
2026-05-09,38,0,wk inc flu hosp,2026-05-09,quantile,0.25,1,North Dakota,Ensemble
2026-05-09,38,0,wk inc flu hosp,2026-05-09,quantile,0.3,1,North Dakota,Ensemble
2026-05-09,38,0,wk inc flu hosp,2026-05-09,quantile,0.35,2,North Dakota,Ensemble
2026-05-09,38,0,wk inc flu hosp,2026-05-09,quantile,0.4,2,North Dakota,Ensemble
2026-05-09,38,0,wk inc flu hosp,2026-05-09,quantile,0.45,2,North Dakota,Ensemble
2026-05-09,38,0,wk inc flu hosp,2026-05-09,quantile,0.5,4,North Dakota,Ensemble
2026-05-09,38,0,wk inc flu hosp,2026-05-09,quantile,0.55,4,North Dakota,Ensemble
2026-05-09,38,0,wk inc flu hosp,2026-05-09,quantile,0.6,4,North Dakota,Ensemble
2026-05-09,38,0,wk inc flu hosp,2026-05-09,quantile,0.65,4,North Dakota,Ensemble
2026-05-09,38,0,wk inc flu hosp,2026-05-09,quantile,0.7,5,North Dakota,Ensemble
2026-05-09,38,0,wk inc flu hosp,2026-05-09,quantile,0.75,5,North Dakota,Ensemble
2026-05-09,38,0,wk inc flu hosp,2026-05-09,quantile,0.8,6,North Dakota,Ensemble
2026-05-09,38,0,wk inc flu hosp,2026-05-09,quantile,0.85,6,North Dakota,Ensemble
2026-05-09,38,0,wk inc flu hosp,2026-05-09,quantile,0.9,7,North Dakota,Ensemble
2026-05-09,38,0,wk inc flu hosp,2026-05-09,quantile,0.95,9,North Dakota,Ensemble
2026-05-09,38,0,wk inc flu hosp,2026-05-09,quantile,0.975,11,North Dakota,Ensemble
2026-05-09,38,0,wk inc flu hosp,2026-05-09,quantile,0.99,13,North Dakota,Ensemble
2026-05-09,38,1,wk inc flu hosp,2026-05-16,quantile,0.01,0,North Dakota,Ensemble
2026-05-09,38,1,wk inc flu hosp,2026-05-16,quantile,0.025,0,North Dakota,Ensemble
2026-05-09,38,1,wk inc flu hosp,2026-05-16,quantile,0.05,0,North Dakota,Ensemble
2026-05-09,38,1,wk inc flu hosp,2026-05-16,quantile,0.1,0,North Dakota,Ensemble
2026-05-09,38,1,wk inc flu hosp,2026-05-16,quantile,0.15,0,North Dakota,Ensemble
2026-05-09,38,1,wk inc flu hosp,2026-05-16,quantile,0.2,1,North Dakota,Ensemble
2026-05-09,38,1,wk inc flu hosp,2026-05-16,quantile,0.25,1,North Dakota,Ensemble
2026-05-09,38,1,wk inc flu hosp,2026-05-16,quantile,0.3,1,North Dakota,Ensemble
2026-05-09,38,1,wk inc flu hosp,2026-05-16,quantile,0.35,1,North Dakota,Ensemble
2026-05-09,38,1,wk inc flu hosp,2026-05-16,quantile,0.4,1,North Dakota,Ensemble
2026-05-09,38,1,wk inc flu hosp,2026-05-16,quantile,0.45,2,North Dakota,Ensemble
2026-05-09,38,1,wk inc flu hosp,2026-05-16,quantile,0.5,3,North Dakota,Ensemble
2026-05-09,38,1,wk inc flu hosp,2026-05-16,quantile,0.55,3,North Dakota,Ensemble
2026-05-09,38,1,wk inc flu hosp,2026-05-16,quantile,0.6,3,North Dakota,Ensemble
2026-05-09,38,1,wk inc flu hosp,2026-05-16,quantile,0.65,4,North Dakota,Ensemble
2026-05-09,38,1,wk inc flu hosp,2026-05-16,quantile,0.7,4,North Dakota,Ensemble
2026-05-09,38,1,wk inc flu hosp,2026-05-16,quantile,0.75,5,North Dakota,Ensemble
2026-05-09,38,1,wk inc flu hosp,2026-05-16,quantile,0.8,5,North Dakota,Ensemble
2026-05-09,38,1,wk inc flu hosp,2026-05-16,quantile,0.85,6,North Dakota,Ensemble
2026-05-09,38,1,wk inc flu hosp,2026-05-16,quantile,0.9,7,North Dakota,Ensemble
2026-05-09,38,1,wk inc flu hosp,2026-05-16,quantile,0.95,9,North Dakota,Ensemble
2026-05-09,38,1,wk inc flu hosp,2026-05-16,quantile,0.975,12,North Dakota,Ensemble
2026-05-09,38,1,wk inc flu hosp,2026-05-16,quantile,0.99,15,North Dakota,Ensemble
2026-05-09,38,2,wk inc flu hosp,2026-05-23,quantile,0.01,0,North Dakota,Ensemble
2026-05-09,38,2,wk inc flu hosp,2026-05-23,quantile,0.025,0,North Dakota,Ensemble
2026-05-09,38,2,wk inc flu hosp,2026-05-23,quantile,0.05,0,North Dakota,Ensemble
2026-05-09,38,2,wk inc flu hosp,2026-05-23,quantile,0.1,0,North Dakota,Ensemble
2026-05-09,38,2,wk inc flu hosp,2026-05-23,quantile,0.15,0,North Dakota,Ensemble
2026-05-09,38,2,wk inc flu hosp,2026-05-23,quantile,0.2,0,North Dakota,Ensemble
2026-05-09,38,2,wk inc flu hosp,2026-05-23,quantile,0.25,1,North Dakota,Ensemble
2026-05-09,38,2,wk inc flu hosp,2026-05-23,quantile,0.3,1,North Dakota,Ensemble
2026-05-09,38,2,wk inc flu hosp,2026-05-23,quantile,0.35,1,North Dakota,Ensemble
2026-05-09,38,2,wk inc flu hosp,2026-05-23,quantile,0.4,1,North Dakota,Ensemble
2026-05-09,38,2,wk inc flu hosp,2026-05-23,quantile,0.45,1,North Dakota,Ensemble
2026-05-09,38,2,wk inc flu hosp,2026-05-23,quantile,0.5,2,North Dakota,Ensemble
2026-05-09,38,2,wk inc flu hosp,2026-05-23,quantile,0.55,3,North Dakota,Ensemble
2026-05-09,38,2,wk inc flu hosp,2026-05-23,quantile,0.6,3,North Dakota,Ensemble
2026-05-09,38,2,wk inc flu hosp,2026-05-23,quantile,0.65,3,North Dakota,Ensemble
2026-05-09,38,2,wk inc flu hosp,2026-05-23,quantile,0.7,4,North Dakota,Ensemble
2026-05-09,38,2,wk inc flu hosp,2026-05-23,quantile,0.75,4,North Dakota,Ensemble
2026-05-09,38,2,wk inc flu hosp,2026-05-23,quantile,0.8,5,North Dakota,Ensemble
2026-05-09,38,2,wk inc flu hosp,2026-05-23,quantile,0.85,5,North Dakota,Ensemble
2026-05-09,38,2,wk inc flu hosp,2026-05-23,quantile,0.9,7,North Dakota,Ensemble
2026-05-09,38,2,wk inc flu hosp,2026-05-23,quantile,0.95,9,North Dakota,Ensemble
2026-05-09,38,2,wk inc flu hosp,2026-05-23,quantile,0.975,12,North Dakota,Ensemble
2026-05-09,38,2,wk inc flu hosp,2026-05-23,quantile,0.99,16,North Dakota,Ensemble
2026-05-09,38,3,wk inc flu hosp,2026-05-30,quantile,0.01,0,North Dakota,Ensemble
2026-05-09,38,3,wk inc flu hosp,2026-05-30,quantile,0.025,0,North Dakota,Ensemble
2026-05-09,38,3,wk inc flu hosp,2026-05-30,quantile,0.05,0,North Dakota,Ensemble
2026-05-09,38,3,wk inc flu hosp,2026-05-30,quantile,0.1,0,North Dakota,Ensemble
2026-05-09,38,3,wk inc flu hosp,2026-05-30,quantile,0.15,0,North Dakota,Ensemble
2026-05-09,38,3,wk inc flu hosp,2026-05-30,quantile,0.2,0,North Dakota,Ensemble
2026-05-09,38,3,wk inc flu hosp,2026-05-30,quantile,0.25,0,North Dakota,Ensemble
2026-05-09,38,3,wk inc flu hosp,2026-05-30,quantile,0.3,1,North Dakota,Ensemble
2026-05-09,38,3,wk inc flu hosp,2026-05-30,quantile,0.35,1,North Dakota,Ensemble
2026-05-09,38,3,wk inc flu hosp,2026-05-30,quantile,0.4,1,North Dakota,Ensemble
2026-05-09,38,3,wk inc flu hosp,2026-05-30,quantile,0.45,1,North Dakota,Ensemble
2026-05-09,38,3,wk inc flu hosp,2026-05-30,quantile,0.5,2,North Dakota,Ensemble
2026-05-09,38,3,wk inc flu hosp,2026-05-30,quantile,0.55,3,North Dakota,Ensemble
2026-05-09,38,3,wk inc flu hosp,2026-05-30,quantile,0.6,3,North Dakota,Ensemble
2026-05-09,38,3,wk inc flu hosp,2026-05-30,quantile,0.65,3,North Dakota,Ensemble
2026-05-09,38,3,wk inc flu hosp,2026-05-30,quantile,0.7,4,North Dakota,Ensemble
2026-05-09,38,3,wk inc flu hosp,2026-05-30,quantile,0.75,4,North Dakota,Ensemble
2026-05-09,38,3,wk inc flu hosp,2026-05-30,quantile,0.8,4,North Dakota,Ensemble
2026-05-09,38,3,wk inc flu hosp,2026-05-30,quantile,0.85,5,North Dakota,Ensemble
2026-05-09,38,3,wk inc flu hosp,2026-05-30,quantile,0.9,7,North Dakota,Ensemble
2026-05-09,38,3,wk inc flu hosp,2026-05-30,quantile,0.95,10,North Dakota,Ensemble
2026-05-09,38,3,wk inc flu hosp,2026-05-30,quantile,0.975,13,North Dakota,Ensemble
2026-05-09,38,3,wk inc flu hosp,2026-05-30,quantile,0.99,19,North Dakota,Ensemble
2026-05-09,39,0,wk inc flu hosp,2026-05-09,quantile,0.01,5,Ohio,Ensemble
2026-05-09,39,0,wk inc flu hosp,2026-05-09,quantile,0.025,7,Ohio,Ensemble
2026-05-09,39,0,wk inc flu hosp,2026-05-09,quantile,0.05,8,Ohio,Ensemble
2026-05-09,39,0,wk inc flu hosp,2026-05-09,quantile,0.1,11,Ohio,Ensemble
2026-05-09,39,0,wk inc flu hosp,2026-05-09,quantile,0.15,13,Ohio,Ensemble
2026-05-09,39,0,wk inc flu hosp,2026-05-09,quantile,0.2,14,Ohio,Ensemble
2026-05-09,39,0,wk inc flu hosp,2026-05-09,quantile,0.25,16,Ohio,Ensemble
2026-05-09,39,0,wk inc flu hosp,2026-05-09,quantile,0.3,17,Ohio,Ensemble
2026-05-09,39,0,wk inc flu hosp,2026-05-09,quantile,0.35,19,Ohio,Ensemble
2026-05-09,39,0,wk inc flu hosp,2026-05-09,quantile,0.4,21,Ohio,Ensemble
2026-05-09,39,0,wk inc flu hosp,2026-05-09,quantile,0.45,22,Ohio,Ensemble
2026-05-09,39,0,wk inc flu hosp,2026-05-09,quantile,0.5,24,Ohio,Ensemble
2026-05-09,39,0,wk inc flu hosp,2026-05-09,quantile,0.55,26,Ohio,Ensemble
2026-05-09,39,0,wk inc flu hosp,2026-05-09,quantile,0.6,28,Ohio,Ensemble
2026-05-09,39,0,wk inc flu hosp,2026-05-09,quantile,0.65,29,Ohio,Ensemble
2026-05-09,39,0,wk inc flu hosp,2026-05-09,quantile,0.7,31,Ohio,Ensemble
2026-05-09,39,0,wk inc flu hosp,2026-05-09,quantile,0.75,34,Ohio,Ensemble
2026-05-09,39,0,wk inc flu hosp,2026-05-09,quantile,0.8,37,Ohio,Ensemble
2026-05-09,39,0,wk inc flu hosp,2026-05-09,quantile,0.85,40,Ohio,Ensemble
2026-05-09,39,0,wk inc flu hosp,2026-05-09,quantile,0.9,46,Ohio,Ensemble
2026-05-09,39,0,wk inc flu hosp,2026-05-09,quantile,0.95,56,Ohio,Ensemble
2026-05-09,39,0,wk inc flu hosp,2026-05-09,quantile,0.975,66,Ohio,Ensemble
2026-05-09,39,0,wk inc flu hosp,2026-05-09,quantile,0.99,81,Ohio,Ensemble
2026-05-09,39,1,wk inc flu hosp,2026-05-16,quantile,0.01,3,Ohio,Ensemble
2026-05-09,39,1,wk inc flu hosp,2026-05-16,quantile,0.025,5,Ohio,Ensemble
2026-05-09,39,1,wk inc flu hosp,2026-05-16,quantile,0.05,6,Ohio,Ensemble
2026-05-09,39,1,wk inc flu hosp,2026-05-16,quantile,0.1,8,Ohio,Ensemble
2026-05-09,39,1,wk inc flu hosp,2026-05-16,quantile,0.15,10,Ohio,Ensemble
2026-05-09,39,1,wk inc flu hosp,2026-05-16,quantile,0.2,12,Ohio,Ensemble
2026-05-09,39,1,wk inc flu hosp,2026-05-16,quantile,0.25,13,Ohio,Ensemble
2026-05-09,39,1,wk inc flu hosp,2026-05-16,quantile,0.3,14,Ohio,Ensemble
2026-05-09,39,1,wk inc flu hosp,2026-05-16,quantile,0.35,16,Ohio,Ensemble
2026-05-09,39,1,wk inc flu hosp,2026-05-16,quantile,0.4,17,Ohio,Ensemble
2026-05-09,39,1,wk inc flu hosp,2026-05-16,quantile,0.45,19,Ohio,Ensemble
2026-05-09,39,1,wk inc flu hosp,2026-05-16,quantile,0.5,22,Ohio,Ensemble
2026-05-09,39,1,wk inc flu hosp,2026-05-16,quantile,0.55,24,Ohio,Ensemble
2026-05-09,39,1,wk inc flu hosp,2026-05-16,quantile,0.6,26,Ohio,Ensemble
2026-05-09,39,1,wk inc flu hosp,2026-05-16,quantile,0.65,28,Ohio,Ensemble
2026-05-09,39,1,wk inc flu hosp,2026-05-16,quantile,0.7,31,Ohio,Ensemble
2026-05-09,39,1,wk inc flu hosp,2026-05-16,quantile,0.75,34,Ohio,Ensemble
2026-05-09,39,1,wk inc flu hosp,2026-05-16,quantile,0.8,39,Ohio,Ensemble
2026-05-09,39,1,wk inc flu hosp,2026-05-16,quantile,0.85,45,Ohio,Ensemble
2026-05-09,39,1,wk inc flu hosp,2026-05-16,quantile,0.9,54,Ohio,Ensemble
2026-05-09,39,1,wk inc flu hosp,2026-05-16,quantile,0.95,71,Ohio,Ensemble
2026-05-09,39,1,wk inc flu hosp,2026-05-16,quantile,0.975,89,Ohio,Ensemble
2026-05-09,39,1,wk inc flu hosp,2026-05-16,quantile,0.99,116,Ohio,Ensemble
2026-05-09,39,2,wk inc flu hosp,2026-05-23,quantile,0.01,2,Ohio,Ensemble
2026-05-09,39,2,wk inc flu hosp,2026-05-23,quantile,0.025,3,Ohio,Ensemble
2026-05-09,39,2,wk inc flu hosp,2026-05-23,quantile,0.05,5,Ohio,Ensemble
2026-05-09,39,2,wk inc flu hosp,2026-05-23,quantile,0.1,6,Ohio,Ensemble
2026-05-09,39,2,wk inc flu hosp,2026-05-23,quantile,0.15,8,Ohio,Ensemble
2026-05-09,39,2,wk inc flu hosp,2026-05-23,quantile,0.2,10,Ohio,Ensemble
2026-05-09,39,2,wk inc flu hosp,2026-05-23,quantile,0.25,11,Ohio,Ensemble
2026-05-09,39,2,wk inc flu hosp,2026-05-23,quantile,0.3,12,Ohio,Ensemble
2026-05-09,39,2,wk inc flu hosp,2026-05-23,quantile,0.35,13,Ohio,Ensemble
2026-05-09,39,2,wk inc flu hosp,2026-05-23,quantile,0.4,15,Ohio,Ensemble
2026-05-09,39,2,wk inc flu hosp,2026-05-23,quantile,0.45,16,Ohio,Ensemble
2026-05-09,39,2,wk inc flu hosp,2026-05-23,quantile,0.5,19,Ohio,Ensemble
2026-05-09,39,2,wk inc flu hosp,2026-05-23,quantile,0.55,21,Ohio,Ensemble
2026-05-09,39,2,wk inc flu hosp,2026-05-23,quantile,0.6,24,Ohio,Ensemble
2026-05-09,39,2,wk inc flu hosp,2026-05-23,quantile,0.65,26,Ohio,Ensemble
2026-05-09,39,2,wk inc flu hosp,2026-05-23,quantile,0.7,29,Ohio,Ensemble
2026-05-09,39,2,wk inc flu hosp,2026-05-23,quantile,0.75,33,Ohio,Ensemble
2026-05-09,39,2,wk inc flu hosp,2026-05-23,quantile,0.8,39,Ohio,Ensemble
2026-05-09,39,2,wk inc flu hosp,2026-05-23,quantile,0.85,47,Ohio,Ensemble
2026-05-09,39,2,wk inc flu hosp,2026-05-23,quantile,0.9,60,Ohio,Ensemble
2026-05-09,39,2,wk inc flu hosp,2026-05-23,quantile,0.95,86,Ohio,Ensemble
2026-05-09,39,2,wk inc flu hosp,2026-05-23,quantile,0.975,113,Ohio,Ensemble
2026-05-09,39,2,wk inc flu hosp,2026-05-23,quantile,0.99,150,Ohio,Ensemble
2026-05-09,39,3,wk inc flu hosp,2026-05-30,quantile,0.01,2,Ohio,Ensemble
2026-05-09,39,3,wk inc flu hosp,2026-05-30,quantile,0.025,3,Ohio,Ensemble
2026-05-09,39,3,wk inc flu hosp,2026-05-30,quantile,0.05,4,Ohio,Ensemble
2026-05-09,39,3,wk inc flu hosp,2026-05-30,quantile,0.1,5,Ohio,Ensemble
2026-05-09,39,3,wk inc flu hosp,2026-05-30,quantile,0.15,7,Ohio,Ensemble
2026-05-09,39,3,wk inc flu hosp,2026-05-30,quantile,0.2,8,Ohio,Ensemble
2026-05-09,39,3,wk inc flu hosp,2026-05-30,quantile,0.25,9,Ohio,Ensemble
2026-05-09,39,3,wk inc flu hosp,2026-05-30,quantile,0.3,10,Ohio,Ensemble
2026-05-09,39,3,wk inc flu hosp,2026-05-30,quantile,0.35,11,Ohio,Ensemble
2026-05-09,39,3,wk inc flu hosp,2026-05-30,quantile,0.4,12,Ohio,Ensemble
2026-05-09,39,3,wk inc flu hosp,2026-05-30,quantile,0.45,13,Ohio,Ensemble
2026-05-09,39,3,wk inc flu hosp,2026-05-30,quantile,0.5,16,Ohio,Ensemble
2026-05-09,39,3,wk inc flu hosp,2026-05-30,quantile,0.55,17,Ohio,Ensemble
2026-05-09,39,3,wk inc flu hosp,2026-05-30,quantile,0.6,20,Ohio,Ensemble
2026-05-09,39,3,wk inc flu hosp,2026-05-30,quantile,0.65,22,Ohio,Ensemble
2026-05-09,39,3,wk inc flu hosp,2026-05-30,quantile,0.7,25,Ohio,Ensemble
2026-05-09,39,3,wk inc flu hosp,2026-05-30,quantile,0.75,29,Ohio,Ensemble
2026-05-09,39,3,wk inc flu hosp,2026-05-30,quantile,0.8,35,Ohio,Ensemble
2026-05-09,39,3,wk inc flu hosp,2026-05-30,quantile,0.85,43,Ohio,Ensemble
2026-05-09,39,3,wk inc flu hosp,2026-05-30,quantile,0.9,56,Ohio,Ensemble
2026-05-09,39,3,wk inc flu hosp,2026-05-30,quantile,0.95,84,Ohio,Ensemble
2026-05-09,39,3,wk inc flu hosp,2026-05-30,quantile,0.975,111,Ohio,Ensemble
2026-05-09,39,3,wk inc flu hosp,2026-05-30,quantile,0.99,158,Ohio,Ensemble
2026-05-09,40,0,wk inc flu hosp,2026-05-09,quantile,0.01,1,Oklahoma,Ensemble
2026-05-09,40,0,wk inc flu hosp,2026-05-09,quantile,0.025,1,Oklahoma,Ensemble
2026-05-09,40,0,wk inc flu hosp,2026-05-09,quantile,0.05,2,Oklahoma,Ensemble
2026-05-09,40,0,wk inc flu hosp,2026-05-09,quantile,0.1,3,Oklahoma,Ensemble
2026-05-09,40,0,wk inc flu hosp,2026-05-09,quantile,0.15,3,Oklahoma,Ensemble
2026-05-09,40,0,wk inc flu hosp,2026-05-09,quantile,0.2,4,Oklahoma,Ensemble
2026-05-09,40,0,wk inc flu hosp,2026-05-09,quantile,0.25,4,Oklahoma,Ensemble
2026-05-09,40,0,wk inc flu hosp,2026-05-09,quantile,0.3,5,Oklahoma,Ensemble
2026-05-09,40,0,wk inc flu hosp,2026-05-09,quantile,0.35,6,Oklahoma,Ensemble
2026-05-09,40,0,wk inc flu hosp,2026-05-09,quantile,0.4,6,Oklahoma,Ensemble
2026-05-09,40,0,wk inc flu hosp,2026-05-09,quantile,0.45,7,Oklahoma,Ensemble
2026-05-09,40,0,wk inc flu hosp,2026-05-09,quantile,0.5,8,Oklahoma,Ensemble
2026-05-09,40,0,wk inc flu hosp,2026-05-09,quantile,0.55,9,Oklahoma,Ensemble
2026-05-09,40,0,wk inc flu hosp,2026-05-09,quantile,0.6,10,Oklahoma,Ensemble
2026-05-09,40,0,wk inc flu hosp,2026-05-09,quantile,0.65,10,Oklahoma,Ensemble
2026-05-09,40,0,wk inc flu hosp,2026-05-09,quantile,0.7,11,Oklahoma,Ensemble
2026-05-09,40,0,wk inc flu hosp,2026-05-09,quantile,0.75,12,Oklahoma,Ensemble
2026-05-09,40,0,wk inc flu hosp,2026-05-09,quantile,0.8,13,Oklahoma,Ensemble
2026-05-09,40,0,wk inc flu hosp,2026-05-09,quantile,0.85,15,Oklahoma,Ensemble
2026-05-09,40,0,wk inc flu hosp,2026-05-09,quantile,0.9,17,Oklahoma,Ensemble
2026-05-09,40,0,wk inc flu hosp,2026-05-09,quantile,0.95,20,Oklahoma,Ensemble
2026-05-09,40,0,wk inc flu hosp,2026-05-09,quantile,0.975,24,Oklahoma,Ensemble
2026-05-09,40,0,wk inc flu hosp,2026-05-09,quantile,0.99,29,Oklahoma,Ensemble
2026-05-09,40,1,wk inc flu hosp,2026-05-16,quantile,0.01,1,Oklahoma,Ensemble
2026-05-09,40,1,wk inc flu hosp,2026-05-16,quantile,0.025,1,Oklahoma,Ensemble
2026-05-09,40,1,wk inc flu hosp,2026-05-16,quantile,0.05,1,Oklahoma,Ensemble
2026-05-09,40,1,wk inc flu hosp,2026-05-16,quantile,0.1,2,Oklahoma,Ensemble
2026-05-09,40,1,wk inc flu hosp,2026-05-16,quantile,0.15,3,Oklahoma,Ensemble
2026-05-09,40,1,wk inc flu hosp,2026-05-16,quantile,0.2,3,Oklahoma,Ensemble
2026-05-09,40,1,wk inc flu hosp,2026-05-16,quantile,0.25,4,Oklahoma,Ensemble
2026-05-09,40,1,wk inc flu hosp,2026-05-16,quantile,0.3,4,Oklahoma,Ensemble
2026-05-09,40,1,wk inc flu hosp,2026-05-16,quantile,0.35,5,Oklahoma,Ensemble
2026-05-09,40,1,wk inc flu hosp,2026-05-16,quantile,0.4,6,Oklahoma,Ensemble
2026-05-09,40,1,wk inc flu hosp,2026-05-16,quantile,0.45,6,Oklahoma,Ensemble
2026-05-09,40,1,wk inc flu hosp,2026-05-16,quantile,0.5,8,Oklahoma,Ensemble
2026-05-09,40,1,wk inc flu hosp,2026-05-16,quantile,0.55,9,Oklahoma,Ensemble
2026-05-09,40,1,wk inc flu hosp,2026-05-16,quantile,0.6,10,Oklahoma,Ensemble
2026-05-09,40,1,wk inc flu hosp,2026-05-16,quantile,0.65,10,Oklahoma,Ensemble
2026-05-09,40,1,wk inc flu hosp,2026-05-16,quantile,0.7,11,Oklahoma,Ensemble
2026-05-09,40,1,wk inc flu hosp,2026-05-16,quantile,0.75,12,Oklahoma,Ensemble
2026-05-09,40,1,wk inc flu hosp,2026-05-16,quantile,0.8,14,Oklahoma,Ensemble
2026-05-09,40,1,wk inc flu hosp,2026-05-16,quantile,0.85,16,Oklahoma,Ensemble
2026-05-09,40,1,wk inc flu hosp,2026-05-16,quantile,0.9,19,Oklahoma,Ensemble
2026-05-09,40,1,wk inc flu hosp,2026-05-16,quantile,0.95,24,Oklahoma,Ensemble
2026-05-09,40,1,wk inc flu hosp,2026-05-16,quantile,0.975,29,Oklahoma,Ensemble
2026-05-09,40,1,wk inc flu hosp,2026-05-16,quantile,0.99,36,Oklahoma,Ensemble
2026-05-09,40,2,wk inc flu hosp,2026-05-23,quantile,0.01,0,Oklahoma,Ensemble
2026-05-09,40,2,wk inc flu hosp,2026-05-23,quantile,0.025,1,Oklahoma,Ensemble
2026-05-09,40,2,wk inc flu hosp,2026-05-23,quantile,0.05,1,Oklahoma,Ensemble
2026-05-09,40,2,wk inc flu hosp,2026-05-23,quantile,0.1,2,Oklahoma,Ensemble
2026-05-09,40,2,wk inc flu hosp,2026-05-23,quantile,0.15,2,Oklahoma,Ensemble
2026-05-09,40,2,wk inc flu hosp,2026-05-23,quantile,0.2,3,Oklahoma,Ensemble
2026-05-09,40,2,wk inc flu hosp,2026-05-23,quantile,0.25,3,Oklahoma,Ensemble
2026-05-09,40,2,wk inc flu hosp,2026-05-23,quantile,0.3,4,Oklahoma,Ensemble
2026-05-09,40,2,wk inc flu hosp,2026-05-23,quantile,0.35,5,Oklahoma,Ensemble
2026-05-09,40,2,wk inc flu hosp,2026-05-23,quantile,0.4,5,Oklahoma,Ensemble
2026-05-09,40,2,wk inc flu hosp,2026-05-23,quantile,0.45,6,Oklahoma,Ensemble
2026-05-09,40,2,wk inc flu hosp,2026-05-23,quantile,0.5,8,Oklahoma,Ensemble
2026-05-09,40,2,wk inc flu hosp,2026-05-23,quantile,0.55,8,Oklahoma,Ensemble
2026-05-09,40,2,wk inc flu hosp,2026-05-23,quantile,0.6,9,Oklahoma,Ensemble
2026-05-09,40,2,wk inc flu hosp,2026-05-23,quantile,0.65,10,Oklahoma,Ensemble
2026-05-09,40,2,wk inc flu hosp,2026-05-23,quantile,0.7,11,Oklahoma,Ensemble
2026-05-09,40,2,wk inc flu hosp,2026-05-23,quantile,0.75,12,Oklahoma,Ensemble
2026-05-09,40,2,wk inc flu hosp,2026-05-23,quantile,0.8,14,Oklahoma,Ensemble
2026-05-09,40,2,wk inc flu hosp,2026-05-23,quantile,0.85,17,Oklahoma,Ensemble
2026-05-09,40,2,wk inc flu hosp,2026-05-23,quantile,0.9,21,Oklahoma,Ensemble
2026-05-09,40,2,wk inc flu hosp,2026-05-23,quantile,0.95,26,Oklahoma,Ensemble
2026-05-09,40,2,wk inc flu hosp,2026-05-23,quantile,0.975,33,Oklahoma,Ensemble
2026-05-09,40,2,wk inc flu hosp,2026-05-23,quantile,0.99,41,Oklahoma,Ensemble
2026-05-09,40,3,wk inc flu hosp,2026-05-30,quantile,0.01,0,Oklahoma,Ensemble
2026-05-09,40,3,wk inc flu hosp,2026-05-30,quantile,0.025,1,Oklahoma,Ensemble
2026-05-09,40,3,wk inc flu hosp,2026-05-30,quantile,0.05,1,Oklahoma,Ensemble
2026-05-09,40,3,wk inc flu hosp,2026-05-30,quantile,0.1,2,Oklahoma,Ensemble
2026-05-09,40,3,wk inc flu hosp,2026-05-30,quantile,0.15,2,Oklahoma,Ensemble
2026-05-09,40,3,wk inc flu hosp,2026-05-30,quantile,0.2,3,Oklahoma,Ensemble
2026-05-09,40,3,wk inc flu hosp,2026-05-30,quantile,0.25,3,Oklahoma,Ensemble
2026-05-09,40,3,wk inc flu hosp,2026-05-30,quantile,0.3,4,Oklahoma,Ensemble
2026-05-09,40,3,wk inc flu hosp,2026-05-30,quantile,0.35,4,Oklahoma,Ensemble
2026-05-09,40,3,wk inc flu hosp,2026-05-30,quantile,0.4,5,Oklahoma,Ensemble
2026-05-09,40,3,wk inc flu hosp,2026-05-30,quantile,0.45,6,Oklahoma,Ensemble
2026-05-09,40,3,wk inc flu hosp,2026-05-30,quantile,0.5,7,Oklahoma,Ensemble
2026-05-09,40,3,wk inc flu hosp,2026-05-30,quantile,0.55,8,Oklahoma,Ensemble
2026-05-09,40,3,wk inc flu hosp,2026-05-30,quantile,0.6,9,Oklahoma,Ensemble
2026-05-09,40,3,wk inc flu hosp,2026-05-30,quantile,0.65,10,Oklahoma,Ensemble
2026-05-09,40,3,wk inc flu hosp,2026-05-30,quantile,0.7,11,Oklahoma,Ensemble
2026-05-09,40,3,wk inc flu hosp,2026-05-30,quantile,0.75,12,Oklahoma,Ensemble
2026-05-09,40,3,wk inc flu hosp,2026-05-30,quantile,0.8,14,Oklahoma,Ensemble
2026-05-09,40,3,wk inc flu hosp,2026-05-30,quantile,0.85,17,Oklahoma,Ensemble
2026-05-09,40,3,wk inc flu hosp,2026-05-30,quantile,0.9,21,Oklahoma,Ensemble
2026-05-09,40,3,wk inc flu hosp,2026-05-30,quantile,0.95,28,Oklahoma,Ensemble
2026-05-09,40,3,wk inc flu hosp,2026-05-30,quantile,0.975,35,Oklahoma,Ensemble
2026-05-09,40,3,wk inc flu hosp,2026-05-30,quantile,0.99,45,Oklahoma,Ensemble
2026-05-09,41,0,wk inc flu hosp,2026-05-09,quantile,0.01,1,Oregon,Ensemble
2026-05-09,41,0,wk inc flu hosp,2026-05-09,quantile,0.025,1,Oregon,Ensemble
2026-05-09,41,0,wk inc flu hosp,2026-05-09,quantile,0.05,2,Oregon,Ensemble
2026-05-09,41,0,wk inc flu hosp,2026-05-09,quantile,0.1,2,Oregon,Ensemble
2026-05-09,41,0,wk inc flu hosp,2026-05-09,quantile,0.15,3,Oregon,Ensemble
2026-05-09,41,0,wk inc flu hosp,2026-05-09,quantile,0.2,4,Oregon,Ensemble
2026-05-09,41,0,wk inc flu hosp,2026-05-09,quantile,0.25,5,Oregon,Ensemble
2026-05-09,41,0,wk inc flu hosp,2026-05-09,quantile,0.3,6,Oregon,Ensemble
2026-05-09,41,0,wk inc flu hosp,2026-05-09,quantile,0.35,6,Oregon,Ensemble
2026-05-09,41,0,wk inc flu hosp,2026-05-09,quantile,0.4,7,Oregon,Ensemble
2026-05-09,41,0,wk inc flu hosp,2026-05-09,quantile,0.45,7,Oregon,Ensemble
2026-05-09,41,0,wk inc flu hosp,2026-05-09,quantile,0.5,9,Oregon,Ensemble
2026-05-09,41,0,wk inc flu hosp,2026-05-09,quantile,0.55,10,Oregon,Ensemble
2026-05-09,41,0,wk inc flu hosp,2026-05-09,quantile,0.6,10,Oregon,Ensemble
2026-05-09,41,0,wk inc flu hosp,2026-05-09,quantile,0.65,11,Oregon,Ensemble
2026-05-09,41,0,wk inc flu hosp,2026-05-09,quantile,0.7,12,Oregon,Ensemble
2026-05-09,41,0,wk inc flu hosp,2026-05-09,quantile,0.75,13,Oregon,Ensemble
2026-05-09,41,0,wk inc flu hosp,2026-05-09,quantile,0.8,14,Oregon,Ensemble
2026-05-09,41,0,wk inc flu hosp,2026-05-09,quantile,0.85,16,Oregon,Ensemble
2026-05-09,41,0,wk inc flu hosp,2026-05-09,quantile,0.9,18,Oregon,Ensemble
2026-05-09,41,0,wk inc flu hosp,2026-05-09,quantile,0.95,23,Oregon,Ensemble
2026-05-09,41,0,wk inc flu hosp,2026-05-09,quantile,0.975,33,Oregon,Ensemble
2026-05-09,41,0,wk inc flu hosp,2026-05-09,quantile,0.99,46,Oregon,Ensemble
2026-05-09,41,1,wk inc flu hosp,2026-05-16,quantile,0.01,0,Oregon,Ensemble
2026-05-09,41,1,wk inc flu hosp,2026-05-16,quantile,0.025,1,Oregon,Ensemble
2026-05-09,41,1,wk inc flu hosp,2026-05-16,quantile,0.05,1,Oregon,Ensemble
2026-05-09,41,1,wk inc flu hosp,2026-05-16,quantile,0.1,2,Oregon,Ensemble
2026-05-09,41,1,wk inc flu hosp,2026-05-16,quantile,0.15,2,Oregon,Ensemble
2026-05-09,41,1,wk inc flu hosp,2026-05-16,quantile,0.2,3,Oregon,Ensemble
2026-05-09,41,1,wk inc flu hosp,2026-05-16,quantile,0.25,4,Oregon,Ensemble
2026-05-09,41,1,wk inc flu hosp,2026-05-16,quantile,0.3,4,Oregon,Ensemble
2026-05-09,41,1,wk inc flu hosp,2026-05-16,quantile,0.35,5,Oregon,Ensemble
2026-05-09,41,1,wk inc flu hosp,2026-05-16,quantile,0.4,6,Oregon,Ensemble
2026-05-09,41,1,wk inc flu hosp,2026-05-16,quantile,0.45,6,Oregon,Ensemble
2026-05-09,41,1,wk inc flu hosp,2026-05-16,quantile,0.5,8,Oregon,Ensemble
2026-05-09,41,1,wk inc flu hosp,2026-05-16,quantile,0.55,9,Oregon,Ensemble
2026-05-09,41,1,wk inc flu hosp,2026-05-16,quantile,0.6,10,Oregon,Ensemble
2026-05-09,41,1,wk inc flu hosp,2026-05-16,quantile,0.65,10,Oregon,Ensemble
2026-05-09,41,1,wk inc flu hosp,2026-05-16,quantile,0.7,11,Oregon,Ensemble
2026-05-09,41,1,wk inc flu hosp,2026-05-16,quantile,0.75,13,Oregon,Ensemble
2026-05-09,41,1,wk inc flu hosp,2026-05-16,quantile,0.8,14,Oregon,Ensemble
2026-05-09,41,1,wk inc flu hosp,2026-05-16,quantile,0.85,16,Oregon,Ensemble
2026-05-09,41,1,wk inc flu hosp,2026-05-16,quantile,0.9,20,Oregon,Ensemble
2026-05-09,41,1,wk inc flu hosp,2026-05-16,quantile,0.95,30,Oregon,Ensemble
2026-05-09,41,1,wk inc flu hosp,2026-05-16,quantile,0.975,42,Oregon,Ensemble
2026-05-09,41,1,wk inc flu hosp,2026-05-16,quantile,0.99,58,Oregon,Ensemble
2026-05-09,41,2,wk inc flu hosp,2026-05-23,quantile,0.01,0,Oregon,Ensemble
2026-05-09,41,2,wk inc flu hosp,2026-05-23,quantile,0.025,0,Oregon,Ensemble
2026-05-09,41,2,wk inc flu hosp,2026-05-23,quantile,0.05,1,Oregon,Ensemble
2026-05-09,41,2,wk inc flu hosp,2026-05-23,quantile,0.1,1,Oregon,Ensemble
2026-05-09,41,2,wk inc flu hosp,2026-05-23,quantile,0.15,2,Oregon,Ensemble
2026-05-09,41,2,wk inc flu hosp,2026-05-23,quantile,0.2,2,Oregon,Ensemble
2026-05-09,41,2,wk inc flu hosp,2026-05-23,quantile,0.25,3,Oregon,Ensemble
2026-05-09,41,2,wk inc flu hosp,2026-05-23,quantile,0.3,3,Oregon,Ensemble
2026-05-09,41,2,wk inc flu hosp,2026-05-23,quantile,0.35,4,Oregon,Ensemble
2026-05-09,41,2,wk inc flu hosp,2026-05-23,quantile,0.4,5,Oregon,Ensemble
2026-05-09,41,2,wk inc flu hosp,2026-05-23,quantile,0.45,5,Oregon,Ensemble
2026-05-09,41,2,wk inc flu hosp,2026-05-23,quantile,0.5,7,Oregon,Ensemble
2026-05-09,41,2,wk inc flu hosp,2026-05-23,quantile,0.55,8,Oregon,Ensemble
2026-05-09,41,2,wk inc flu hosp,2026-05-23,quantile,0.6,8,Oregon,Ensemble
2026-05-09,41,2,wk inc flu hosp,2026-05-23,quantile,0.65,9,Oregon,Ensemble
2026-05-09,41,2,wk inc flu hosp,2026-05-23,quantile,0.7,11,Oregon,Ensemble
2026-05-09,41,2,wk inc flu hosp,2026-05-23,quantile,0.75,12,Oregon,Ensemble
2026-05-09,41,2,wk inc flu hosp,2026-05-23,quantile,0.8,14,Oregon,Ensemble
2026-05-09,41,2,wk inc flu hosp,2026-05-23,quantile,0.85,17,Oregon,Ensemble
2026-05-09,41,2,wk inc flu hosp,2026-05-23,quantile,0.9,22,Oregon,Ensemble
2026-05-09,41,2,wk inc flu hosp,2026-05-23,quantile,0.95,36,Oregon,Ensemble
2026-05-09,41,2,wk inc flu hosp,2026-05-23,quantile,0.975,50,Oregon,Ensemble
2026-05-09,41,2,wk inc flu hosp,2026-05-23,quantile,0.99,65,Oregon,Ensemble
2026-05-09,41,3,wk inc flu hosp,2026-05-30,quantile,0.01,0,Oregon,Ensemble
2026-05-09,41,3,wk inc flu hosp,2026-05-30,quantile,0.025,0,Oregon,Ensemble
2026-05-09,41,3,wk inc flu hosp,2026-05-30,quantile,0.05,0,Oregon,Ensemble
2026-05-09,41,3,wk inc flu hosp,2026-05-30,quantile,0.1,1,Oregon,Ensemble
2026-05-09,41,3,wk inc flu hosp,2026-05-30,quantile,0.15,1,Oregon,Ensemble
2026-05-09,41,3,wk inc flu hosp,2026-05-30,quantile,0.2,2,Oregon,Ensemble
2026-05-09,41,3,wk inc flu hosp,2026-05-30,quantile,0.25,2,Oregon,Ensemble
2026-05-09,41,3,wk inc flu hosp,2026-05-30,quantile,0.3,3,Oregon,Ensemble
2026-05-09,41,3,wk inc flu hosp,2026-05-30,quantile,0.35,3,Oregon,Ensemble
2026-05-09,41,3,wk inc flu hosp,2026-05-30,quantile,0.4,4,Oregon,Ensemble
2026-05-09,41,3,wk inc flu hosp,2026-05-30,quantile,0.45,4,Oregon,Ensemble
2026-05-09,41,3,wk inc flu hosp,2026-05-30,quantile,0.5,6,Oregon,Ensemble
2026-05-09,41,3,wk inc flu hosp,2026-05-30,quantile,0.55,7,Oregon,Ensemble
2026-05-09,41,3,wk inc flu hosp,2026-05-30,quantile,0.6,8,Oregon,Ensemble
2026-05-09,41,3,wk inc flu hosp,2026-05-30,quantile,0.65,9,Oregon,Ensemble
2026-05-09,41,3,wk inc flu hosp,2026-05-30,quantile,0.7,10,Oregon,Ensemble
2026-05-09,41,3,wk inc flu hosp,2026-05-30,quantile,0.75,12,Oregon,Ensemble
2026-05-09,41,3,wk inc flu hosp,2026-05-30,quantile,0.8,15,Oregon,Ensemble
2026-05-09,41,3,wk inc flu hosp,2026-05-30,quantile,0.85,19,Oregon,Ensemble
2026-05-09,41,3,wk inc flu hosp,2026-05-30,quantile,0.9,26,Oregon,Ensemble
2026-05-09,41,3,wk inc flu hosp,2026-05-30,quantile,0.95,43,Oregon,Ensemble
2026-05-09,41,3,wk inc flu hosp,2026-05-30,quantile,0.975,61,Oregon,Ensemble
2026-05-09,41,3,wk inc flu hosp,2026-05-30,quantile,0.99,79,Oregon,Ensemble
2026-05-09,42,0,wk inc flu hosp,2026-05-09,quantile,0.01,59,Pennsylvania,Ensemble
2026-05-09,42,0,wk inc flu hosp,2026-05-09,quantile,0.025,69,Pennsylvania,Ensemble
2026-05-09,42,0,wk inc flu hosp,2026-05-09,quantile,0.05,79,Pennsylvania,Ensemble
2026-05-09,42,0,wk inc flu hosp,2026-05-09,quantile,0.1,94,Pennsylvania,Ensemble
2026-05-09,42,0,wk inc flu hosp,2026-05-09,quantile,0.15,104,Pennsylvania,Ensemble
2026-05-09,42,0,wk inc flu hosp,2026-05-09,quantile,0.2,113,Pennsylvania,Ensemble
2026-05-09,42,0,wk inc flu hosp,2026-05-09,quantile,0.25,120,Pennsylvania,Ensemble
2026-05-09,42,0,wk inc flu hosp,2026-05-09,quantile,0.3,127,Pennsylvania,Ensemble
2026-05-09,42,0,wk inc flu hosp,2026-05-09,quantile,0.35,134,Pennsylvania,Ensemble
2026-05-09,42,0,wk inc flu hosp,2026-05-09,quantile,0.4,141,Pennsylvania,Ensemble
2026-05-09,42,0,wk inc flu hosp,2026-05-09,quantile,0.45,148,Pennsylvania,Ensemble
2026-05-09,42,0,wk inc flu hosp,2026-05-09,quantile,0.5,156,Pennsylvania,Ensemble
2026-05-09,42,0,wk inc flu hosp,2026-05-09,quantile,0.55,163,Pennsylvania,Ensemble
2026-05-09,42,0,wk inc flu hosp,2026-05-09,quantile,0.6,171,Pennsylvania,Ensemble
2026-05-09,42,0,wk inc flu hosp,2026-05-09,quantile,0.65,179,Pennsylvania,Ensemble
2026-05-09,42,0,wk inc flu hosp,2026-05-09,quantile,0.7,188,Pennsylvania,Ensemble
2026-05-09,42,0,wk inc flu hosp,2026-05-09,quantile,0.75,198,Pennsylvania,Ensemble
2026-05-09,42,0,wk inc flu hosp,2026-05-09,quantile,0.8,210,Pennsylvania,Ensemble
2026-05-09,42,0,wk inc flu hosp,2026-05-09,quantile,0.85,224,Pennsylvania,Ensemble
2026-05-09,42,0,wk inc flu hosp,2026-05-09,quantile,0.9,246,Pennsylvania,Ensemble
2026-05-09,42,0,wk inc flu hosp,2026-05-09,quantile,0.95,284,Pennsylvania,Ensemble
2026-05-09,42,0,wk inc flu hosp,2026-05-09,quantile,0.975,321,Pennsylvania,Ensemble
2026-05-09,42,0,wk inc flu hosp,2026-05-09,quantile,0.99,376,Pennsylvania,Ensemble
2026-05-09,42,1,wk inc flu hosp,2026-05-16,quantile,0.01,41,Pennsylvania,Ensemble
2026-05-09,42,1,wk inc flu hosp,2026-05-16,quantile,0.025,50,Pennsylvania,Ensemble
2026-05-09,42,1,wk inc flu hosp,2026-05-16,quantile,0.05,59,Pennsylvania,Ensemble
2026-05-09,42,1,wk inc flu hosp,2026-05-16,quantile,0.1,73,Pennsylvania,Ensemble
2026-05-09,42,1,wk inc flu hosp,2026-05-16,quantile,0.15,83,Pennsylvania,Ensemble
2026-05-09,42,1,wk inc flu hosp,2026-05-16,quantile,0.2,91,Pennsylvania,Ensemble
2026-05-09,42,1,wk inc flu hosp,2026-05-16,quantile,0.25,100,Pennsylvania,Ensemble
2026-05-09,42,1,wk inc flu hosp,2026-05-16,quantile,0.3,108,Pennsylvania,Ensemble
2026-05-09,42,1,wk inc flu hosp,2026-05-16,quantile,0.35,116,Pennsylvania,Ensemble
2026-05-09,42,1,wk inc flu hosp,2026-05-16,quantile,0.4,124,Pennsylvania,Ensemble
2026-05-09,42,1,wk inc flu hosp,2026-05-16,quantile,0.45,132,Pennsylvania,Ensemble
2026-05-09,42,1,wk inc flu hosp,2026-05-16,quantile,0.5,141,Pennsylvania,Ensemble
2026-05-09,42,1,wk inc flu hosp,2026-05-16,quantile,0.55,150,Pennsylvania,Ensemble
2026-05-09,42,1,wk inc flu hosp,2026-05-16,quantile,0.6,159,Pennsylvania,Ensemble
2026-05-09,42,1,wk inc flu hosp,2026-05-16,quantile,0.65,168,Pennsylvania,Ensemble
2026-05-09,42,1,wk inc flu hosp,2026-05-16,quantile,0.7,179,Pennsylvania,Ensemble
2026-05-09,42,1,wk inc flu hosp,2026-05-16,quantile,0.75,192,Pennsylvania,Ensemble
2026-05-09,42,1,wk inc flu hosp,2026-05-16,quantile,0.8,207,Pennsylvania,Ensemble
2026-05-09,42,1,wk inc flu hosp,2026-05-16,quantile,0.85,226,Pennsylvania,Ensemble
2026-05-09,42,1,wk inc flu hosp,2026-05-16,quantile,0.9,254,Pennsylvania,Ensemble
2026-05-09,42,1,wk inc flu hosp,2026-05-16,quantile,0.95,303,Pennsylvania,Ensemble
2026-05-09,42,1,wk inc flu hosp,2026-05-16,quantile,0.975,355,Pennsylvania,Ensemble
2026-05-09,42,1,wk inc flu hosp,2026-05-16,quantile,0.99,421,Pennsylvania,Ensemble
2026-05-09,42,2,wk inc flu hosp,2026-05-23,quantile,0.01,34,Pennsylvania,Ensemble
2026-05-09,42,2,wk inc flu hosp,2026-05-23,quantile,0.025,41,Pennsylvania,Ensemble
2026-05-09,42,2,wk inc flu hosp,2026-05-23,quantile,0.05,48,Pennsylvania,Ensemble
2026-05-09,42,2,wk inc flu hosp,2026-05-23,quantile,0.1,60,Pennsylvania,Ensemble
2026-05-09,42,2,wk inc flu hosp,2026-05-23,quantile,0.15,69,Pennsylvania,Ensemble
2026-05-09,42,2,wk inc flu hosp,2026-05-23,quantile,0.2,78,Pennsylvania,Ensemble
2026-05-09,42,2,wk inc flu hosp,2026-05-23,quantile,0.25,85,Pennsylvania,Ensemble
2026-05-09,42,2,wk inc flu hosp,2026-05-23,quantile,0.3,92,Pennsylvania,Ensemble
2026-05-09,42,2,wk inc flu hosp,2026-05-23,quantile,0.35,99,Pennsylvania,Ensemble
2026-05-09,42,2,wk inc flu hosp,2026-05-23,quantile,0.4,107,Pennsylvania,Ensemble
2026-05-09,42,2,wk inc flu hosp,2026-05-23,quantile,0.45,115,Pennsylvania,Ensemble
2026-05-09,42,2,wk inc flu hosp,2026-05-23,quantile,0.5,125,Pennsylvania,Ensemble
2026-05-09,42,2,wk inc flu hosp,2026-05-23,quantile,0.55,134,Pennsylvania,Ensemble
2026-05-09,42,2,wk inc flu hosp,2026-05-23,quantile,0.6,143,Pennsylvania,Ensemble
2026-05-09,42,2,wk inc flu hosp,2026-05-23,quantile,0.65,153,Pennsylvania,Ensemble
2026-05-09,42,2,wk inc flu hosp,2026-05-23,quantile,0.7,165,Pennsylvania,Ensemble
2026-05-09,42,2,wk inc flu hosp,2026-05-23,quantile,0.75,178,Pennsylvania,Ensemble
2026-05-09,42,2,wk inc flu hosp,2026-05-23,quantile,0.8,195,Pennsylvania,Ensemble
2026-05-09,42,2,wk inc flu hosp,2026-05-23,quantile,0.85,216,Pennsylvania,Ensemble
2026-05-09,42,2,wk inc flu hosp,2026-05-23,quantile,0.9,248,Pennsylvania,Ensemble
2026-05-09,42,2,wk inc flu hosp,2026-05-23,quantile,0.95,310,Pennsylvania,Ensemble
2026-05-09,42,2,wk inc flu hosp,2026-05-23,quantile,0.975,372,Pennsylvania,Ensemble
2026-05-09,42,2,wk inc flu hosp,2026-05-23,quantile,0.99,462,Pennsylvania,Ensemble
2026-05-09,42,3,wk inc flu hosp,2026-05-30,quantile,0.01,30,Pennsylvania,Ensemble
2026-05-09,42,3,wk inc flu hosp,2026-05-30,quantile,0.025,35,Pennsylvania,Ensemble
2026-05-09,42,3,wk inc flu hosp,2026-05-30,quantile,0.05,41,Pennsylvania,Ensemble
2026-05-09,42,3,wk inc flu hosp,2026-05-30,quantile,0.1,52,Pennsylvania,Ensemble
2026-05-09,42,3,wk inc flu hosp,2026-05-30,quantile,0.15,60,Pennsylvania,Ensemble
2026-05-09,42,3,wk inc flu hosp,2026-05-30,quantile,0.2,67,Pennsylvania,Ensemble
2026-05-09,42,3,wk inc flu hosp,2026-05-30,quantile,0.25,75,Pennsylvania,Ensemble
2026-05-09,42,3,wk inc flu hosp,2026-05-30,quantile,0.3,82,Pennsylvania,Ensemble
2026-05-09,42,3,wk inc flu hosp,2026-05-30,quantile,0.35,89,Pennsylvania,Ensemble
2026-05-09,42,3,wk inc flu hosp,2026-05-30,quantile,0.4,96,Pennsylvania,Ensemble
2026-05-09,42,3,wk inc flu hosp,2026-05-30,quantile,0.45,104,Pennsylvania,Ensemble
2026-05-09,42,3,wk inc flu hosp,2026-05-30,quantile,0.5,114,Pennsylvania,Ensemble
2026-05-09,42,3,wk inc flu hosp,2026-05-30,quantile,0.55,123,Pennsylvania,Ensemble
2026-05-09,42,3,wk inc flu hosp,2026-05-30,quantile,0.6,133,Pennsylvania,Ensemble
2026-05-09,42,3,wk inc flu hosp,2026-05-30,quantile,0.65,143,Pennsylvania,Ensemble
2026-05-09,42,3,wk inc flu hosp,2026-05-30,quantile,0.7,156,Pennsylvania,Ensemble
2026-05-09,42,3,wk inc flu hosp,2026-05-30,quantile,0.75,170,Pennsylvania,Ensemble
2026-05-09,42,3,wk inc flu hosp,2026-05-30,quantile,0.8,187,Pennsylvania,Ensemble
2026-05-09,42,3,wk inc flu hosp,2026-05-30,quantile,0.85,210,Pennsylvania,Ensemble
2026-05-09,42,3,wk inc flu hosp,2026-05-30,quantile,0.9,246,Pennsylvania,Ensemble
2026-05-09,42,3,wk inc flu hosp,2026-05-30,quantile,0.95,313,Pennsylvania,Ensemble
2026-05-09,42,3,wk inc flu hosp,2026-05-30,quantile,0.975,388,Pennsylvania,Ensemble
2026-05-09,42,3,wk inc flu hosp,2026-05-30,quantile,0.99,493,Pennsylvania,Ensemble
2026-05-09,44,0,wk inc flu hosp,2026-05-09,quantile,0.01,0,Rhode Island,Ensemble
2026-05-09,44,0,wk inc flu hosp,2026-05-09,quantile,0.025,0,Rhode Island,Ensemble
2026-05-09,44,0,wk inc flu hosp,2026-05-09,quantile,0.05,0,Rhode Island,Ensemble
2026-05-09,44,0,wk inc flu hosp,2026-05-09,quantile,0.1,1,Rhode Island,Ensemble
2026-05-09,44,0,wk inc flu hosp,2026-05-09,quantile,0.15,1,Rhode Island,Ensemble
2026-05-09,44,0,wk inc flu hosp,2026-05-09,quantile,0.2,1,Rhode Island,Ensemble
2026-05-09,44,0,wk inc flu hosp,2026-05-09,quantile,0.25,1,Rhode Island,Ensemble
2026-05-09,44,0,wk inc flu hosp,2026-05-09,quantile,0.3,1,Rhode Island,Ensemble
2026-05-09,44,0,wk inc flu hosp,2026-05-09,quantile,0.35,2,Rhode Island,Ensemble
2026-05-09,44,0,wk inc flu hosp,2026-05-09,quantile,0.4,2,Rhode Island,Ensemble
2026-05-09,44,0,wk inc flu hosp,2026-05-09,quantile,0.45,2,Rhode Island,Ensemble
2026-05-09,44,0,wk inc flu hosp,2026-05-09,quantile,0.5,3,Rhode Island,Ensemble
2026-05-09,44,0,wk inc flu hosp,2026-05-09,quantile,0.55,4,Rhode Island,Ensemble
2026-05-09,44,0,wk inc flu hosp,2026-05-09,quantile,0.6,4,Rhode Island,Ensemble
2026-05-09,44,0,wk inc flu hosp,2026-05-09,quantile,0.65,4,Rhode Island,Ensemble
2026-05-09,44,0,wk inc flu hosp,2026-05-09,quantile,0.7,5,Rhode Island,Ensemble
2026-05-09,44,0,wk inc flu hosp,2026-05-09,quantile,0.75,5,Rhode Island,Ensemble
2026-05-09,44,0,wk inc flu hosp,2026-05-09,quantile,0.8,6,Rhode Island,Ensemble
2026-05-09,44,0,wk inc flu hosp,2026-05-09,quantile,0.85,6,Rhode Island,Ensemble
2026-05-09,44,0,wk inc flu hosp,2026-05-09,quantile,0.9,8,Rhode Island,Ensemble
2026-05-09,44,0,wk inc flu hosp,2026-05-09,quantile,0.95,10,Rhode Island,Ensemble
2026-05-09,44,0,wk inc flu hosp,2026-05-09,quantile,0.975,12,Rhode Island,Ensemble
2026-05-09,44,0,wk inc flu hosp,2026-05-09,quantile,0.99,16,Rhode Island,Ensemble
2026-05-09,44,1,wk inc flu hosp,2026-05-16,quantile,0.01,0,Rhode Island,Ensemble
2026-05-09,44,1,wk inc flu hosp,2026-05-16,quantile,0.025,0,Rhode Island,Ensemble
2026-05-09,44,1,wk inc flu hosp,2026-05-16,quantile,0.05,0,Rhode Island,Ensemble
2026-05-09,44,1,wk inc flu hosp,2026-05-16,quantile,0.1,0,Rhode Island,Ensemble
2026-05-09,44,1,wk inc flu hosp,2026-05-16,quantile,0.15,0,Rhode Island,Ensemble
2026-05-09,44,1,wk inc flu hosp,2026-05-16,quantile,0.2,1,Rhode Island,Ensemble
2026-05-09,44,1,wk inc flu hosp,2026-05-16,quantile,0.25,1,Rhode Island,Ensemble
2026-05-09,44,1,wk inc flu hosp,2026-05-16,quantile,0.3,1,Rhode Island,Ensemble
2026-05-09,44,1,wk inc flu hosp,2026-05-16,quantile,0.35,1,Rhode Island,Ensemble
2026-05-09,44,1,wk inc flu hosp,2026-05-16,quantile,0.4,2,Rhode Island,Ensemble
2026-05-09,44,1,wk inc flu hosp,2026-05-16,quantile,0.45,2,Rhode Island,Ensemble
2026-05-09,44,1,wk inc flu hosp,2026-05-16,quantile,0.5,3,Rhode Island,Ensemble
2026-05-09,44,1,wk inc flu hosp,2026-05-16,quantile,0.55,3,Rhode Island,Ensemble
2026-05-09,44,1,wk inc flu hosp,2026-05-16,quantile,0.6,4,Rhode Island,Ensemble
2026-05-09,44,1,wk inc flu hosp,2026-05-16,quantile,0.65,4,Rhode Island,Ensemble
2026-05-09,44,1,wk inc flu hosp,2026-05-16,quantile,0.7,4,Rhode Island,Ensemble
2026-05-09,44,1,wk inc flu hosp,2026-05-16,quantile,0.75,5,Rhode Island,Ensemble
2026-05-09,44,1,wk inc flu hosp,2026-05-16,quantile,0.8,6,Rhode Island,Ensemble
2026-05-09,44,1,wk inc flu hosp,2026-05-16,quantile,0.85,7,Rhode Island,Ensemble
2026-05-09,44,1,wk inc flu hosp,2026-05-16,quantile,0.9,8,Rhode Island,Ensemble
2026-05-09,44,1,wk inc flu hosp,2026-05-16,quantile,0.95,12,Rhode Island,Ensemble
2026-05-09,44,1,wk inc flu hosp,2026-05-16,quantile,0.975,16,Rhode Island,Ensemble
2026-05-09,44,1,wk inc flu hosp,2026-05-16,quantile,0.99,21,Rhode Island,Ensemble
2026-05-09,44,2,wk inc flu hosp,2026-05-23,quantile,0.01,0,Rhode Island,Ensemble
2026-05-09,44,2,wk inc flu hosp,2026-05-23,quantile,0.025,0,Rhode Island,Ensemble
2026-05-09,44,2,wk inc flu hosp,2026-05-23,quantile,0.05,0,Rhode Island,Ensemble
2026-05-09,44,2,wk inc flu hosp,2026-05-23,quantile,0.1,0,Rhode Island,Ensemble
2026-05-09,44,2,wk inc flu hosp,2026-05-23,quantile,0.15,0,Rhode Island,Ensemble
2026-05-09,44,2,wk inc flu hosp,2026-05-23,quantile,0.2,0,Rhode Island,Ensemble
2026-05-09,44,2,wk inc flu hosp,2026-05-23,quantile,0.25,1,Rhode Island,Ensemble
2026-05-09,44,2,wk inc flu hosp,2026-05-23,quantile,0.3,1,Rhode Island,Ensemble
2026-05-09,44,2,wk inc flu hosp,2026-05-23,quantile,0.35,1,Rhode Island,Ensemble
2026-05-09,44,2,wk inc flu hosp,2026-05-23,quantile,0.4,1,Rhode Island,Ensemble
2026-05-09,44,2,wk inc flu hosp,2026-05-23,quantile,0.45,1,Rhode Island,Ensemble
2026-05-09,44,2,wk inc flu hosp,2026-05-23,quantile,0.5,3,Rhode Island,Ensemble
2026-05-09,44,2,wk inc flu hosp,2026-05-23,quantile,0.55,3,Rhode Island,Ensemble
2026-05-09,44,2,wk inc flu hosp,2026-05-23,quantile,0.6,3,Rhode Island,Ensemble
2026-05-09,44,2,wk inc flu hosp,2026-05-23,quantile,0.65,4,Rhode Island,Ensemble
2026-05-09,44,2,wk inc flu hosp,2026-05-23,quantile,0.7,4,Rhode Island,Ensemble
2026-05-09,44,2,wk inc flu hosp,2026-05-23,quantile,0.75,5,Rhode Island,Ensemble
2026-05-09,44,2,wk inc flu hosp,2026-05-23,quantile,0.8,6,Rhode Island,Ensemble
2026-05-09,44,2,wk inc flu hosp,2026-05-23,quantile,0.85,7,Rhode Island,Ensemble
2026-05-09,44,2,wk inc flu hosp,2026-05-23,quantile,0.9,9,Rhode Island,Ensemble
2026-05-09,44,2,wk inc flu hosp,2026-05-23,quantile,0.95,14,Rhode Island,Ensemble
2026-05-09,44,2,wk inc flu hosp,2026-05-23,quantile,0.975,18,Rhode Island,Ensemble
2026-05-09,44,2,wk inc flu hosp,2026-05-23,quantile,0.99,25,Rhode Island,Ensemble
2026-05-09,44,3,wk inc flu hosp,2026-05-30,quantile,0.01,0,Rhode Island,Ensemble
2026-05-09,44,3,wk inc flu hosp,2026-05-30,quantile,0.025,0,Rhode Island,Ensemble
2026-05-09,44,3,wk inc flu hosp,2026-05-30,quantile,0.05,0,Rhode Island,Ensemble
2026-05-09,44,3,wk inc flu hosp,2026-05-30,quantile,0.1,0,Rhode Island,Ensemble
2026-05-09,44,3,wk inc flu hosp,2026-05-30,quantile,0.15,0,Rhode Island,Ensemble
2026-05-09,44,3,wk inc flu hosp,2026-05-30,quantile,0.2,0,Rhode Island,Ensemble
2026-05-09,44,3,wk inc flu hosp,2026-05-30,quantile,0.25,0,Rhode Island,Ensemble
2026-05-09,44,3,wk inc flu hosp,2026-05-30,quantile,0.3,1,Rhode Island,Ensemble
2026-05-09,44,3,wk inc flu hosp,2026-05-30,quantile,0.35,1,Rhode Island,Ensemble
2026-05-09,44,3,wk inc flu hosp,2026-05-30,quantile,0.4,1,Rhode Island,Ensemble
2026-05-09,44,3,wk inc flu hosp,2026-05-30,quantile,0.45,1,Rhode Island,Ensemble
2026-05-09,44,3,wk inc flu hosp,2026-05-30,quantile,0.5,2,Rhode Island,Ensemble
2026-05-09,44,3,wk inc flu hosp,2026-05-30,quantile,0.55,3,Rhode Island,Ensemble
2026-05-09,44,3,wk inc flu hosp,2026-05-30,quantile,0.6,3,Rhode Island,Ensemble
2026-05-09,44,3,wk inc flu hosp,2026-05-30,quantile,0.65,3,Rhode Island,Ensemble
2026-05-09,44,3,wk inc flu hosp,2026-05-30,quantile,0.7,4,Rhode Island,Ensemble
2026-05-09,44,3,wk inc flu hosp,2026-05-30,quantile,0.75,5,Rhode Island,Ensemble
2026-05-09,44,3,wk inc flu hosp,2026-05-30,quantile,0.8,6,Rhode Island,Ensemble
2026-05-09,44,3,wk inc flu hosp,2026-05-30,quantile,0.85,8,Rhode Island,Ensemble
2026-05-09,44,3,wk inc flu hosp,2026-05-30,quantile,0.9,10,Rhode Island,Ensemble
2026-05-09,44,3,wk inc flu hosp,2026-05-30,quantile,0.95,16,Rhode Island,Ensemble
2026-05-09,44,3,wk inc flu hosp,2026-05-30,quantile,0.975,21,Rhode Island,Ensemble
2026-05-09,44,3,wk inc flu hosp,2026-05-30,quantile,0.99,29,Rhode Island,Ensemble
2026-05-09,45,0,wk inc flu hosp,2026-05-09,quantile,0.01,2,South Carolina,Ensemble
2026-05-09,45,0,wk inc flu hosp,2026-05-09,quantile,0.025,2,South Carolina,Ensemble
2026-05-09,45,0,wk inc flu hosp,2026-05-09,quantile,0.05,3,South Carolina,Ensemble
2026-05-09,45,0,wk inc flu hosp,2026-05-09,quantile,0.1,5,South Carolina,Ensemble
2026-05-09,45,0,wk inc flu hosp,2026-05-09,quantile,0.15,6,South Carolina,Ensemble
2026-05-09,45,0,wk inc flu hosp,2026-05-09,quantile,0.2,7,South Carolina,Ensemble
2026-05-09,45,0,wk inc flu hosp,2026-05-09,quantile,0.25,7,South Carolina,Ensemble
2026-05-09,45,0,wk inc flu hosp,2026-05-09,quantile,0.3,8,South Carolina,Ensemble
2026-05-09,45,0,wk inc flu hosp,2026-05-09,quantile,0.35,9,South Carolina,Ensemble
2026-05-09,45,0,wk inc flu hosp,2026-05-09,quantile,0.4,10,South Carolina,Ensemble
2026-05-09,45,0,wk inc flu hosp,2026-05-09,quantile,0.45,11,South Carolina,Ensemble
2026-05-09,45,0,wk inc flu hosp,2026-05-09,quantile,0.5,12,South Carolina,Ensemble
2026-05-09,45,0,wk inc flu hosp,2026-05-09,quantile,0.55,13,South Carolina,Ensemble
2026-05-09,45,0,wk inc flu hosp,2026-05-09,quantile,0.6,14,South Carolina,Ensemble
2026-05-09,45,0,wk inc flu hosp,2026-05-09,quantile,0.65,15,South Carolina,Ensemble
2026-05-09,45,0,wk inc flu hosp,2026-05-09,quantile,0.7,16,South Carolina,Ensemble
2026-05-09,45,0,wk inc flu hosp,2026-05-09,quantile,0.75,18,South Carolina,Ensemble
2026-05-09,45,0,wk inc flu hosp,2026-05-09,quantile,0.8,19,South Carolina,Ensemble
2026-05-09,45,0,wk inc flu hosp,2026-05-09,quantile,0.85,21,South Carolina,Ensemble
2026-05-09,45,0,wk inc flu hosp,2026-05-09,quantile,0.9,24,South Carolina,Ensemble
2026-05-09,45,0,wk inc flu hosp,2026-05-09,quantile,0.95,30,South Carolina,Ensemble
2026-05-09,45,0,wk inc flu hosp,2026-05-09,quantile,0.975,37,South Carolina,Ensemble
2026-05-09,45,0,wk inc flu hosp,2026-05-09,quantile,0.99,49,South Carolina,Ensemble
2026-05-09,45,1,wk inc flu hosp,2026-05-16,quantile,0.01,1,South Carolina,Ensemble
2026-05-09,45,1,wk inc flu hosp,2026-05-16,quantile,0.025,2,South Carolina,Ensemble
2026-05-09,45,1,wk inc flu hosp,2026-05-16,quantile,0.05,3,South Carolina,Ensemble
2026-05-09,45,1,wk inc flu hosp,2026-05-16,quantile,0.1,4,South Carolina,Ensemble
2026-05-09,45,1,wk inc flu hosp,2026-05-16,quantile,0.15,5,South Carolina,Ensemble
2026-05-09,45,1,wk inc flu hosp,2026-05-16,quantile,0.2,6,South Carolina,Ensemble
2026-05-09,45,1,wk inc flu hosp,2026-05-16,quantile,0.25,6,South Carolina,Ensemble
2026-05-09,45,1,wk inc flu hosp,2026-05-16,quantile,0.3,7,South Carolina,Ensemble
2026-05-09,45,1,wk inc flu hosp,2026-05-16,quantile,0.35,8,South Carolina,Ensemble
2026-05-09,45,1,wk inc flu hosp,2026-05-16,quantile,0.4,9,South Carolina,Ensemble
2026-05-09,45,1,wk inc flu hosp,2026-05-16,quantile,0.45,10,South Carolina,Ensemble
2026-05-09,45,1,wk inc flu hosp,2026-05-16,quantile,0.5,12,South Carolina,Ensemble
2026-05-09,45,1,wk inc flu hosp,2026-05-16,quantile,0.55,13,South Carolina,Ensemble
2026-05-09,45,1,wk inc flu hosp,2026-05-16,quantile,0.6,14,South Carolina,Ensemble
2026-05-09,45,1,wk inc flu hosp,2026-05-16,quantile,0.65,16,South Carolina,Ensemble
2026-05-09,45,1,wk inc flu hosp,2026-05-16,quantile,0.7,18,South Carolina,Ensemble
2026-05-09,45,1,wk inc flu hosp,2026-05-16,quantile,0.75,20,South Carolina,Ensemble
2026-05-09,45,1,wk inc flu hosp,2026-05-16,quantile,0.8,22,South Carolina,Ensemble
2026-05-09,45,1,wk inc flu hosp,2026-05-16,quantile,0.85,26,South Carolina,Ensemble
2026-05-09,45,1,wk inc flu hosp,2026-05-16,quantile,0.9,32,South Carolina,Ensemble
2026-05-09,45,1,wk inc flu hosp,2026-05-16,quantile,0.95,43,South Carolina,Ensemble
2026-05-09,45,1,wk inc flu hosp,2026-05-16,quantile,0.975,56,South Carolina,Ensemble
2026-05-09,45,1,wk inc flu hosp,2026-05-16,quantile,0.99,71,South Carolina,Ensemble
2026-05-09,45,2,wk inc flu hosp,2026-05-23,quantile,0.01,1,South Carolina,Ensemble
2026-05-09,45,2,wk inc flu hosp,2026-05-23,quantile,0.025,2,South Carolina,Ensemble
2026-05-09,45,2,wk inc flu hosp,2026-05-23,quantile,0.05,2,South Carolina,Ensemble
2026-05-09,45,2,wk inc flu hosp,2026-05-23,quantile,0.1,3,South Carolina,Ensemble
2026-05-09,45,2,wk inc flu hosp,2026-05-23,quantile,0.15,4,South Carolina,Ensemble
2026-05-09,45,2,wk inc flu hosp,2026-05-23,quantile,0.2,5,South Carolina,Ensemble
2026-05-09,45,2,wk inc flu hosp,2026-05-23,quantile,0.25,6,South Carolina,Ensemble
2026-05-09,45,2,wk inc flu hosp,2026-05-23,quantile,0.3,6,South Carolina,Ensemble
2026-05-09,45,2,wk inc flu hosp,2026-05-23,quantile,0.35,7,South Carolina,Ensemble
2026-05-09,45,2,wk inc flu hosp,2026-05-23,quantile,0.4,8,South Carolina,Ensemble
2026-05-09,45,2,wk inc flu hosp,2026-05-23,quantile,0.45,9,South Carolina,Ensemble
2026-05-09,45,2,wk inc flu hosp,2026-05-23,quantile,0.5,11,South Carolina,Ensemble
2026-05-09,45,2,wk inc flu hosp,2026-05-23,quantile,0.55,12,South Carolina,Ensemble
2026-05-09,45,2,wk inc flu hosp,2026-05-23,quantile,0.6,13,South Carolina,Ensemble
2026-05-09,45,2,wk inc flu hosp,2026-05-23,quantile,0.65,15,South Carolina,Ensemble
2026-05-09,45,2,wk inc flu hosp,2026-05-23,quantile,0.7,17,South Carolina,Ensemble
2026-05-09,45,2,wk inc flu hosp,2026-05-23,quantile,0.75,20,South Carolina,Ensemble
2026-05-09,45,2,wk inc flu hosp,2026-05-23,quantile,0.8,24,South Carolina,Ensemble
2026-05-09,45,2,wk inc flu hosp,2026-05-23,quantile,0.85,29,South Carolina,Ensemble
2026-05-09,45,2,wk inc flu hosp,2026-05-23,quantile,0.9,37,South Carolina,Ensemble
2026-05-09,45,2,wk inc flu hosp,2026-05-23,quantile,0.95,52,South Carolina,Ensemble
2026-05-09,45,2,wk inc flu hosp,2026-05-23,quantile,0.975,68,South Carolina,Ensemble
2026-05-09,45,2,wk inc flu hosp,2026-05-23,quantile,0.99,86,South Carolina,Ensemble
2026-05-09,45,3,wk inc flu hosp,2026-05-30,quantile,0.01,1,South Carolina,Ensemble
2026-05-09,45,3,wk inc flu hosp,2026-05-30,quantile,0.025,1,South Carolina,Ensemble
2026-05-09,45,3,wk inc flu hosp,2026-05-30,quantile,0.05,2,South Carolina,Ensemble
2026-05-09,45,3,wk inc flu hosp,2026-05-30,quantile,0.1,3,South Carolina,Ensemble
2026-05-09,45,3,wk inc flu hosp,2026-05-30,quantile,0.15,4,South Carolina,Ensemble
2026-05-09,45,3,wk inc flu hosp,2026-05-30,quantile,0.2,5,South Carolina,Ensemble
2026-05-09,45,3,wk inc flu hosp,2026-05-30,quantile,0.25,5,South Carolina,Ensemble
2026-05-09,45,3,wk inc flu hosp,2026-05-30,quantile,0.3,6,South Carolina,Ensemble
2026-05-09,45,3,wk inc flu hosp,2026-05-30,quantile,0.35,7,South Carolina,Ensemble
2026-05-09,45,3,wk inc flu hosp,2026-05-30,quantile,0.4,8,South Carolina,Ensemble
2026-05-09,45,3,wk inc flu hosp,2026-05-30,quantile,0.45,9,South Carolina,Ensemble
2026-05-09,45,3,wk inc flu hosp,2026-05-30,quantile,0.5,11,South Carolina,Ensemble
2026-05-09,45,3,wk inc flu hosp,2026-05-30,quantile,0.55,12,South Carolina,Ensemble
2026-05-09,45,3,wk inc flu hosp,2026-05-30,quantile,0.6,14,South Carolina,Ensemble
2026-05-09,45,3,wk inc flu hosp,2026-05-30,quantile,0.65,15,South Carolina,Ensemble
2026-05-09,45,3,wk inc flu hosp,2026-05-30,quantile,0.7,18,South Carolina,Ensemble
2026-05-09,45,3,wk inc flu hosp,2026-05-30,quantile,0.75,20,South Carolina,Ensemble
2026-05-09,45,3,wk inc flu hosp,2026-05-30,quantile,0.8,25,South Carolina,Ensemble
2026-05-09,45,3,wk inc flu hosp,2026-05-30,quantile,0.85,30,South Carolina,Ensemble
2026-05-09,45,3,wk inc flu hosp,2026-05-30,quantile,0.9,40,South Carolina,Ensemble
2026-05-09,45,3,wk inc flu hosp,2026-05-30,quantile,0.95,58,South Carolina,Ensemble
2026-05-09,45,3,wk inc flu hosp,2026-05-30,quantile,0.975,74,South Carolina,Ensemble
2026-05-09,45,3,wk inc flu hosp,2026-05-30,quantile,0.99,96,South Carolina,Ensemble
2026-05-09,46,0,wk inc flu hosp,2026-05-09,quantile,0.01,0,South Dakota,Ensemble
2026-05-09,46,0,wk inc flu hosp,2026-05-09,quantile,0.025,0,South Dakota,Ensemble
2026-05-09,46,0,wk inc flu hosp,2026-05-09,quantile,0.05,0,South Dakota,Ensemble
2026-05-09,46,0,wk inc flu hosp,2026-05-09,quantile,0.1,0,South Dakota,Ensemble
2026-05-09,46,0,wk inc flu hosp,2026-05-09,quantile,0.15,0,South Dakota,Ensemble
2026-05-09,46,0,wk inc flu hosp,2026-05-09,quantile,0.2,1,South Dakota,Ensemble
2026-05-09,46,0,wk inc flu hosp,2026-05-09,quantile,0.25,1,South Dakota,Ensemble
2026-05-09,46,0,wk inc flu hosp,2026-05-09,quantile,0.3,1,South Dakota,Ensemble
2026-05-09,46,0,wk inc flu hosp,2026-05-09,quantile,0.35,2,South Dakota,Ensemble
2026-05-09,46,0,wk inc flu hosp,2026-05-09,quantile,0.4,2,South Dakota,Ensemble
2026-05-09,46,0,wk inc flu hosp,2026-05-09,quantile,0.45,2,South Dakota,Ensemble
2026-05-09,46,0,wk inc flu hosp,2026-05-09,quantile,0.5,3,South Dakota,Ensemble
2026-05-09,46,0,wk inc flu hosp,2026-05-09,quantile,0.55,4,South Dakota,Ensemble
2026-05-09,46,0,wk inc flu hosp,2026-05-09,quantile,0.6,4,South Dakota,Ensemble
2026-05-09,46,0,wk inc flu hosp,2026-05-09,quantile,0.65,4,South Dakota,Ensemble
2026-05-09,46,0,wk inc flu hosp,2026-05-09,quantile,0.7,4,South Dakota,Ensemble
2026-05-09,46,0,wk inc flu hosp,2026-05-09,quantile,0.75,5,South Dakota,Ensemble
2026-05-09,46,0,wk inc flu hosp,2026-05-09,quantile,0.8,5,South Dakota,Ensemble
2026-05-09,46,0,wk inc flu hosp,2026-05-09,quantile,0.85,6,South Dakota,Ensemble
2026-05-09,46,0,wk inc flu hosp,2026-05-09,quantile,0.9,7,South Dakota,Ensemble
2026-05-09,46,0,wk inc flu hosp,2026-05-09,quantile,0.95,9,South Dakota,Ensemble
2026-05-09,46,0,wk inc flu hosp,2026-05-09,quantile,0.975,11,South Dakota,Ensemble
2026-05-09,46,0,wk inc flu hosp,2026-05-09,quantile,0.99,14,South Dakota,Ensemble
2026-05-09,46,1,wk inc flu hosp,2026-05-16,quantile,0.01,0,South Dakota,Ensemble
2026-05-09,46,1,wk inc flu hosp,2026-05-16,quantile,0.025,0,South Dakota,Ensemble
2026-05-09,46,1,wk inc flu hosp,2026-05-16,quantile,0.05,0,South Dakota,Ensemble
2026-05-09,46,1,wk inc flu hosp,2026-05-16,quantile,0.1,0,South Dakota,Ensemble
2026-05-09,46,1,wk inc flu hosp,2026-05-16,quantile,0.15,0,South Dakota,Ensemble
2026-05-09,46,1,wk inc flu hosp,2026-05-16,quantile,0.2,0,South Dakota,Ensemble
2026-05-09,46,1,wk inc flu hosp,2026-05-16,quantile,0.25,1,South Dakota,Ensemble
2026-05-09,46,1,wk inc flu hosp,2026-05-16,quantile,0.3,1,South Dakota,Ensemble
2026-05-09,46,1,wk inc flu hosp,2026-05-16,quantile,0.35,1,South Dakota,Ensemble
2026-05-09,46,1,wk inc flu hosp,2026-05-16,quantile,0.4,1,South Dakota,Ensemble
2026-05-09,46,1,wk inc flu hosp,2026-05-16,quantile,0.45,1,South Dakota,Ensemble
2026-05-09,46,1,wk inc flu hosp,2026-05-16,quantile,0.5,3,South Dakota,Ensemble
2026-05-09,46,1,wk inc flu hosp,2026-05-16,quantile,0.55,3,South Dakota,Ensemble
2026-05-09,46,1,wk inc flu hosp,2026-05-16,quantile,0.6,3,South Dakota,Ensemble
2026-05-09,46,1,wk inc flu hosp,2026-05-16,quantile,0.65,3,South Dakota,Ensemble
2026-05-09,46,1,wk inc flu hosp,2026-05-16,quantile,0.7,4,South Dakota,Ensemble
2026-05-09,46,1,wk inc flu hosp,2026-05-16,quantile,0.75,4,South Dakota,Ensemble
2026-05-09,46,1,wk inc flu hosp,2026-05-16,quantile,0.8,5,South Dakota,Ensemble
2026-05-09,46,1,wk inc flu hosp,2026-05-16,quantile,0.85,5,South Dakota,Ensemble
2026-05-09,46,1,wk inc flu hosp,2026-05-16,quantile,0.9,6,South Dakota,Ensemble
2026-05-09,46,1,wk inc flu hosp,2026-05-16,quantile,0.95,8,South Dakota,Ensemble
2026-05-09,46,1,wk inc flu hosp,2026-05-16,quantile,0.975,10,South Dakota,Ensemble
2026-05-09,46,1,wk inc flu hosp,2026-05-16,quantile,0.99,13,South Dakota,Ensemble
2026-05-09,46,2,wk inc flu hosp,2026-05-23,quantile,0.01,0,South Dakota,Ensemble
2026-05-09,46,2,wk inc flu hosp,2026-05-23,quantile,0.025,0,South Dakota,Ensemble
2026-05-09,46,2,wk inc flu hosp,2026-05-23,quantile,0.05,0,South Dakota,Ensemble
2026-05-09,46,2,wk inc flu hosp,2026-05-23,quantile,0.1,0,South Dakota,Ensemble
2026-05-09,46,2,wk inc flu hosp,2026-05-23,quantile,0.15,0,South Dakota,Ensemble
2026-05-09,46,2,wk inc flu hosp,2026-05-23,quantile,0.2,0,South Dakota,Ensemble
2026-05-09,46,2,wk inc flu hosp,2026-05-23,quantile,0.25,0,South Dakota,Ensemble
2026-05-09,46,2,wk inc flu hosp,2026-05-23,quantile,0.3,0,South Dakota,Ensemble
2026-05-09,46,2,wk inc flu hosp,2026-05-23,quantile,0.35,1,South Dakota,Ensemble
2026-05-09,46,2,wk inc flu hosp,2026-05-23,quantile,0.4,1,South Dakota,Ensemble
2026-05-09,46,2,wk inc flu hosp,2026-05-23,quantile,0.45,1,South Dakota,Ensemble
2026-05-09,46,2,wk inc flu hosp,2026-05-23,quantile,0.5,2,South Dakota,Ensemble
2026-05-09,46,2,wk inc flu hosp,2026-05-23,quantile,0.55,3,South Dakota,Ensemble
2026-05-09,46,2,wk inc flu hosp,2026-05-23,quantile,0.6,3,South Dakota,Ensemble
2026-05-09,46,2,wk inc flu hosp,2026-05-23,quantile,0.65,3,South Dakota,Ensemble
2026-05-09,46,2,wk inc flu hosp,2026-05-23,quantile,0.7,3,South Dakota,Ensemble
2026-05-09,46,2,wk inc flu hosp,2026-05-23,quantile,0.75,4,South Dakota,Ensemble
2026-05-09,46,2,wk inc flu hosp,2026-05-23,quantile,0.8,4,South Dakota,Ensemble
2026-05-09,46,2,wk inc flu hosp,2026-05-23,quantile,0.85,5,South Dakota,Ensemble
2026-05-09,46,2,wk inc flu hosp,2026-05-23,quantile,0.9,6,South Dakota,Ensemble
2026-05-09,46,2,wk inc flu hosp,2026-05-23,quantile,0.95,8,South Dakota,Ensemble
2026-05-09,46,2,wk inc flu hosp,2026-05-23,quantile,0.975,11,South Dakota,Ensemble
2026-05-09,46,2,wk inc flu hosp,2026-05-23,quantile,0.99,15,South Dakota,Ensemble
2026-05-09,46,3,wk inc flu hosp,2026-05-30,quantile,0.01,0,South Dakota,Ensemble
2026-05-09,46,3,wk inc flu hosp,2026-05-30,quantile,0.025,0,South Dakota,Ensemble
2026-05-09,46,3,wk inc flu hosp,2026-05-30,quantile,0.05,0,South Dakota,Ensemble
2026-05-09,46,3,wk inc flu hosp,2026-05-30,quantile,0.1,0,South Dakota,Ensemble
2026-05-09,46,3,wk inc flu hosp,2026-05-30,quantile,0.15,0,South Dakota,Ensemble
2026-05-09,46,3,wk inc flu hosp,2026-05-30,quantile,0.2,0,South Dakota,Ensemble
2026-05-09,46,3,wk inc flu hosp,2026-05-30,quantile,0.25,0,South Dakota,Ensemble
2026-05-09,46,3,wk inc flu hosp,2026-05-30,quantile,0.3,0,South Dakota,Ensemble
2026-05-09,46,3,wk inc flu hosp,2026-05-30,quantile,0.35,0,South Dakota,Ensemble
2026-05-09,46,3,wk inc flu hosp,2026-05-30,quantile,0.4,1,South Dakota,Ensemble
2026-05-09,46,3,wk inc flu hosp,2026-05-30,quantile,0.45,1,South Dakota,Ensemble
2026-05-09,46,3,wk inc flu hosp,2026-05-30,quantile,0.5,2,South Dakota,Ensemble
2026-05-09,46,3,wk inc flu hosp,2026-05-30,quantile,0.55,2,South Dakota,Ensemble
2026-05-09,46,3,wk inc flu hosp,2026-05-30,quantile,0.6,2,South Dakota,Ensemble
2026-05-09,46,3,wk inc flu hosp,2026-05-30,quantile,0.65,3,South Dakota,Ensemble
2026-05-09,46,3,wk inc flu hosp,2026-05-30,quantile,0.7,3,South Dakota,Ensemble
2026-05-09,46,3,wk inc flu hosp,2026-05-30,quantile,0.75,3,South Dakota,Ensemble
2026-05-09,46,3,wk inc flu hosp,2026-05-30,quantile,0.8,4,South Dakota,Ensemble
2026-05-09,46,3,wk inc flu hosp,2026-05-30,quantile,0.85,5,South Dakota,Ensemble
2026-05-09,46,3,wk inc flu hosp,2026-05-30,quantile,0.9,6,South Dakota,Ensemble
2026-05-09,46,3,wk inc flu hosp,2026-05-30,quantile,0.95,8,South Dakota,Ensemble
2026-05-09,46,3,wk inc flu hosp,2026-05-30,quantile,0.975,11,South Dakota,Ensemble
2026-05-09,46,3,wk inc flu hosp,2026-05-30,quantile,0.99,16,South Dakota,Ensemble
2026-05-09,47,0,wk inc flu hosp,2026-05-09,quantile,0.01,9,Tennessee,Ensemble
2026-05-09,47,0,wk inc flu hosp,2026-05-09,quantile,0.025,11,Tennessee,Ensemble
2026-05-09,47,0,wk inc flu hosp,2026-05-09,quantile,0.05,13,Tennessee,Ensemble
2026-05-09,47,0,wk inc flu hosp,2026-05-09,quantile,0.1,16,Tennessee,Ensemble
2026-05-09,47,0,wk inc flu hosp,2026-05-09,quantile,0.15,19,Tennessee,Ensemble
2026-05-09,47,0,wk inc flu hosp,2026-05-09,quantile,0.2,20,Tennessee,Ensemble
2026-05-09,47,0,wk inc flu hosp,2026-05-09,quantile,0.25,22,Tennessee,Ensemble
2026-05-09,47,0,wk inc flu hosp,2026-05-09,quantile,0.3,24,Tennessee,Ensemble
2026-05-09,47,0,wk inc flu hosp,2026-05-09,quantile,0.35,25,Tennessee,Ensemble
2026-05-09,47,0,wk inc flu hosp,2026-05-09,quantile,0.4,27,Tennessee,Ensemble
2026-05-09,47,0,wk inc flu hosp,2026-05-09,quantile,0.45,29,Tennessee,Ensemble
2026-05-09,47,0,wk inc flu hosp,2026-05-09,quantile,0.5,31,Tennessee,Ensemble
2026-05-09,47,0,wk inc flu hosp,2026-05-09,quantile,0.55,33,Tennessee,Ensemble
2026-05-09,47,0,wk inc flu hosp,2026-05-09,quantile,0.6,35,Tennessee,Ensemble
2026-05-09,47,0,wk inc flu hosp,2026-05-09,quantile,0.65,37,Tennessee,Ensemble
2026-05-09,47,0,wk inc flu hosp,2026-05-09,quantile,0.7,39,Tennessee,Ensemble
2026-05-09,47,0,wk inc flu hosp,2026-05-09,quantile,0.75,41,Tennessee,Ensemble
2026-05-09,47,0,wk inc flu hosp,2026-05-09,quantile,0.8,44,Tennessee,Ensemble
2026-05-09,47,0,wk inc flu hosp,2026-05-09,quantile,0.85,47,Tennessee,Ensemble
2026-05-09,47,0,wk inc flu hosp,2026-05-09,quantile,0.9,52,Tennessee,Ensemble
2026-05-09,47,0,wk inc flu hosp,2026-05-09,quantile,0.95,59,Tennessee,Ensemble
2026-05-09,47,0,wk inc flu hosp,2026-05-09,quantile,0.975,67,Tennessee,Ensemble
2026-05-09,47,0,wk inc flu hosp,2026-05-09,quantile,0.99,80,Tennessee,Ensemble
2026-05-09,47,1,wk inc flu hosp,2026-05-16,quantile,0.01,7,Tennessee,Ensemble
2026-05-09,47,1,wk inc flu hosp,2026-05-16,quantile,0.025,9,Tennessee,Ensemble
2026-05-09,47,1,wk inc flu hosp,2026-05-16,quantile,0.05,10,Tennessee,Ensemble
2026-05-09,47,1,wk inc flu hosp,2026-05-16,quantile,0.1,13,Tennessee,Ensemble
2026-05-09,47,1,wk inc flu hosp,2026-05-16,quantile,0.15,15,Tennessee,Ensemble
2026-05-09,47,1,wk inc flu hosp,2026-05-16,quantile,0.2,17,Tennessee,Ensemble
2026-05-09,47,1,wk inc flu hosp,2026-05-16,quantile,0.25,19,Tennessee,Ensemble
2026-05-09,47,1,wk inc flu hosp,2026-05-16,quantile,0.3,21,Tennessee,Ensemble
2026-05-09,47,1,wk inc flu hosp,2026-05-16,quantile,0.35,22,Tennessee,Ensemble
2026-05-09,47,1,wk inc flu hosp,2026-05-16,quantile,0.4,24,Tennessee,Ensemble
2026-05-09,47,1,wk inc flu hosp,2026-05-16,quantile,0.45,26,Tennessee,Ensemble
2026-05-09,47,1,wk inc flu hosp,2026-05-16,quantile,0.5,29,Tennessee,Ensemble
2026-05-09,47,1,wk inc flu hosp,2026-05-16,quantile,0.55,30,Tennessee,Ensemble
2026-05-09,47,1,wk inc flu hosp,2026-05-16,quantile,0.6,32,Tennessee,Ensemble
2026-05-09,47,1,wk inc flu hosp,2026-05-16,quantile,0.65,35,Tennessee,Ensemble
2026-05-09,47,1,wk inc flu hosp,2026-05-16,quantile,0.7,37,Tennessee,Ensemble
2026-05-09,47,1,wk inc flu hosp,2026-05-16,quantile,0.75,40,Tennessee,Ensemble
2026-05-09,47,1,wk inc flu hosp,2026-05-16,quantile,0.8,43,Tennessee,Ensemble
2026-05-09,47,1,wk inc flu hosp,2026-05-16,quantile,0.85,48,Tennessee,Ensemble
2026-05-09,47,1,wk inc flu hosp,2026-05-16,quantile,0.9,54,Tennessee,Ensemble
2026-05-09,47,1,wk inc flu hosp,2026-05-16,quantile,0.95,63,Tennessee,Ensemble
2026-05-09,47,1,wk inc flu hosp,2026-05-16,quantile,0.975,74,Tennessee,Ensemble
2026-05-09,47,1,wk inc flu hosp,2026-05-16,quantile,0.99,91,Tennessee,Ensemble
2026-05-09,47,2,wk inc flu hosp,2026-05-23,quantile,0.01,6,Tennessee,Ensemble
2026-05-09,47,2,wk inc flu hosp,2026-05-23,quantile,0.025,7,Tennessee,Ensemble
2026-05-09,47,2,wk inc flu hosp,2026-05-23,quantile,0.05,9,Tennessee,Ensemble
2026-05-09,47,2,wk inc flu hosp,2026-05-23,quantile,0.1,11,Tennessee,Ensemble
2026-05-09,47,2,wk inc flu hosp,2026-05-23,quantile,0.15,13,Tennessee,Ensemble
2026-05-09,47,2,wk inc flu hosp,2026-05-23,quantile,0.2,15,Tennessee,Ensemble
2026-05-09,47,2,wk inc flu hosp,2026-05-23,quantile,0.25,16,Tennessee,Ensemble
2026-05-09,47,2,wk inc flu hosp,2026-05-23,quantile,0.3,18,Tennessee,Ensemble
2026-05-09,47,2,wk inc flu hosp,2026-05-23,quantile,0.35,19,Tennessee,Ensemble
2026-05-09,47,2,wk inc flu hosp,2026-05-23,quantile,0.4,21,Tennessee,Ensemble
2026-05-09,47,2,wk inc flu hosp,2026-05-23,quantile,0.45,23,Tennessee,Ensemble
2026-05-09,47,2,wk inc flu hosp,2026-05-23,quantile,0.5,25,Tennessee,Ensemble
2026-05-09,47,2,wk inc flu hosp,2026-05-23,quantile,0.55,28,Tennessee,Ensemble
2026-05-09,47,2,wk inc flu hosp,2026-05-23,quantile,0.6,30,Tennessee,Ensemble
2026-05-09,47,2,wk inc flu hosp,2026-05-23,quantile,0.65,32,Tennessee,Ensemble
2026-05-09,47,2,wk inc flu hosp,2026-05-23,quantile,0.7,35,Tennessee,Ensemble
2026-05-09,47,2,wk inc flu hosp,2026-05-23,quantile,0.75,38,Tennessee,Ensemble
2026-05-09,47,2,wk inc flu hosp,2026-05-23,quantile,0.8,42,Tennessee,Ensemble
2026-05-09,47,2,wk inc flu hosp,2026-05-23,quantile,0.85,47,Tennessee,Ensemble
2026-05-09,47,2,wk inc flu hosp,2026-05-23,quantile,0.9,54,Tennessee,Ensemble
2026-05-09,47,2,wk inc flu hosp,2026-05-23,quantile,0.95,67,Tennessee,Ensemble
2026-05-09,47,2,wk inc flu hosp,2026-05-23,quantile,0.975,81,Tennessee,Ensemble
2026-05-09,47,2,wk inc flu hosp,2026-05-23,quantile,0.99,101,Tennessee,Ensemble
2026-05-09,47,3,wk inc flu hosp,2026-05-30,quantile,0.01,5,Tennessee,Ensemble
2026-05-09,47,3,wk inc flu hosp,2026-05-30,quantile,0.025,6,Tennessee,Ensemble
2026-05-09,47,3,wk inc flu hosp,2026-05-30,quantile,0.05,8,Tennessee,Ensemble
2026-05-09,47,3,wk inc flu hosp,2026-05-30,quantile,0.1,10,Tennessee,Ensemble
2026-05-09,47,3,wk inc flu hosp,2026-05-30,quantile,0.15,12,Tennessee,Ensemble
2026-05-09,47,3,wk inc flu hosp,2026-05-30,quantile,0.2,13,Tennessee,Ensemble
2026-05-09,47,3,wk inc flu hosp,2026-05-30,quantile,0.25,15,Tennessee,Ensemble
2026-05-09,47,3,wk inc flu hosp,2026-05-30,quantile,0.3,16,Tennessee,Ensemble
2026-05-09,47,3,wk inc flu hosp,2026-05-30,quantile,0.35,18,Tennessee,Ensemble
2026-05-09,47,3,wk inc flu hosp,2026-05-30,quantile,0.4,19,Tennessee,Ensemble
2026-05-09,47,3,wk inc flu hosp,2026-05-30,quantile,0.45,21,Tennessee,Ensemble
2026-05-09,47,3,wk inc flu hosp,2026-05-30,quantile,0.5,24,Tennessee,Ensemble
2026-05-09,47,3,wk inc flu hosp,2026-05-30,quantile,0.55,26,Tennessee,Ensemble
2026-05-09,47,3,wk inc flu hosp,2026-05-30,quantile,0.6,28,Tennessee,Ensemble
2026-05-09,47,3,wk inc flu hosp,2026-05-30,quantile,0.65,30,Tennessee,Ensemble
2026-05-09,47,3,wk inc flu hosp,2026-05-30,quantile,0.7,33,Tennessee,Ensemble
2026-05-09,47,3,wk inc flu hosp,2026-05-30,quantile,0.75,36,Tennessee,Ensemble
2026-05-09,47,3,wk inc flu hosp,2026-05-30,quantile,0.8,40,Tennessee,Ensemble
2026-05-09,47,3,wk inc flu hosp,2026-05-30,quantile,0.85,45,Tennessee,Ensemble
2026-05-09,47,3,wk inc flu hosp,2026-05-30,quantile,0.9,53,Tennessee,Ensemble
2026-05-09,47,3,wk inc flu hosp,2026-05-30,quantile,0.95,67,Tennessee,Ensemble
2026-05-09,47,3,wk inc flu hosp,2026-05-30,quantile,0.975,84,Tennessee,Ensemble
2026-05-09,47,3,wk inc flu hosp,2026-05-30,quantile,0.99,109,Tennessee,Ensemble
2026-05-09,48,0,wk inc flu hosp,2026-05-09,quantile,0.01,40,Texas,Ensemble
2026-05-09,48,0,wk inc flu hosp,2026-05-09,quantile,0.025,47,Texas,Ensemble
2026-05-09,48,0,wk inc flu hosp,2026-05-09,quantile,0.05,55,Texas,Ensemble
2026-05-09,48,0,wk inc flu hosp,2026-05-09,quantile,0.1,65,Texas,Ensemble
2026-05-09,48,0,wk inc flu hosp,2026-05-09,quantile,0.15,72,Texas,Ensemble
2026-05-09,48,0,wk inc flu hosp,2026-05-09,quantile,0.2,79,Texas,Ensemble
2026-05-09,48,0,wk inc flu hosp,2026-05-09,quantile,0.25,84,Texas,Ensemble
2026-05-09,48,0,wk inc flu hosp,2026-05-09,quantile,0.3,90,Texas,Ensemble
2026-05-09,48,0,wk inc flu hosp,2026-05-09,quantile,0.35,95,Texas,Ensemble
2026-05-09,48,0,wk inc flu hosp,2026-05-09,quantile,0.4,101,Texas,Ensemble
2026-05-09,48,0,wk inc flu hosp,2026-05-09,quantile,0.45,106,Texas,Ensemble
2026-05-09,48,0,wk inc flu hosp,2026-05-09,quantile,0.5,112,Texas,Ensemble
2026-05-09,48,0,wk inc flu hosp,2026-05-09,quantile,0.55,117,Texas,Ensemble
2026-05-09,48,0,wk inc flu hosp,2026-05-09,quantile,0.6,123,Texas,Ensemble
2026-05-09,48,0,wk inc flu hosp,2026-05-09,quantile,0.65,130,Texas,Ensemble
2026-05-09,48,0,wk inc flu hosp,2026-05-09,quantile,0.7,137,Texas,Ensemble
2026-05-09,48,0,wk inc flu hosp,2026-05-09,quantile,0.75,145,Texas,Ensemble
2026-05-09,48,0,wk inc flu hosp,2026-05-09,quantile,0.8,153,Texas,Ensemble
2026-05-09,48,0,wk inc flu hosp,2026-05-09,quantile,0.85,165,Texas,Ensemble
2026-05-09,48,0,wk inc flu hosp,2026-05-09,quantile,0.9,179,Texas,Ensemble
2026-05-09,48,0,wk inc flu hosp,2026-05-09,quantile,0.95,205,Texas,Ensemble
2026-05-09,48,0,wk inc flu hosp,2026-05-09,quantile,0.975,231,Texas,Ensemble
2026-05-09,48,0,wk inc flu hosp,2026-05-09,quantile,0.99,272,Texas,Ensemble
2026-05-09,48,1,wk inc flu hosp,2026-05-16,quantile,0.01,30,Texas,Ensemble
2026-05-09,48,1,wk inc flu hosp,2026-05-16,quantile,0.025,36,Texas,Ensemble
2026-05-09,48,1,wk inc flu hosp,2026-05-16,quantile,0.05,43,Texas,Ensemble
2026-05-09,48,1,wk inc flu hosp,2026-05-16,quantile,0.1,52,Texas,Ensemble
2026-05-09,48,1,wk inc flu hosp,2026-05-16,quantile,0.15,59,Texas,Ensemble
2026-05-09,48,1,wk inc flu hosp,2026-05-16,quantile,0.2,65,Texas,Ensemble
2026-05-09,48,1,wk inc flu hosp,2026-05-16,quantile,0.25,71,Texas,Ensemble
2026-05-09,48,1,wk inc flu hosp,2026-05-16,quantile,0.3,77,Texas,Ensemble
2026-05-09,48,1,wk inc flu hosp,2026-05-16,quantile,0.35,82,Texas,Ensemble
2026-05-09,48,1,wk inc flu hosp,2026-05-16,quantile,0.4,88,Texas,Ensemble
2026-05-09,48,1,wk inc flu hosp,2026-05-16,quantile,0.45,94,Texas,Ensemble
2026-05-09,48,1,wk inc flu hosp,2026-05-16,quantile,0.5,101,Texas,Ensemble
2026-05-09,48,1,wk inc flu hosp,2026-05-16,quantile,0.55,108,Texas,Ensemble
2026-05-09,48,1,wk inc flu hosp,2026-05-16,quantile,0.6,114,Texas,Ensemble
2026-05-09,48,1,wk inc flu hosp,2026-05-16,quantile,0.65,122,Texas,Ensemble
2026-05-09,48,1,wk inc flu hosp,2026-05-16,quantile,0.7,130,Texas,Ensemble
2026-05-09,48,1,wk inc flu hosp,2026-05-16,quantile,0.75,140,Texas,Ensemble
2026-05-09,48,1,wk inc flu hosp,2026-05-16,quantile,0.8,151,Texas,Ensemble
2026-05-09,48,1,wk inc flu hosp,2026-05-16,quantile,0.85,166,Texas,Ensemble
2026-05-09,48,1,wk inc flu hosp,2026-05-16,quantile,0.9,187,Texas,Ensemble
2026-05-09,48,1,wk inc flu hosp,2026-05-16,quantile,0.95,220,Texas,Ensemble
2026-05-09,48,1,wk inc flu hosp,2026-05-16,quantile,0.975,253,Texas,Ensemble
2026-05-09,48,1,wk inc flu hosp,2026-05-16,quantile,0.99,305,Texas,Ensemble
2026-05-09,48,2,wk inc flu hosp,2026-05-23,quantile,0.01,26,Texas,Ensemble
2026-05-09,48,2,wk inc flu hosp,2026-05-23,quantile,0.025,31,Texas,Ensemble
2026-05-09,48,2,wk inc flu hosp,2026-05-23,quantile,0.05,36,Texas,Ensemble
2026-05-09,48,2,wk inc flu hosp,2026-05-23,quantile,0.1,45,Texas,Ensemble
2026-05-09,48,2,wk inc flu hosp,2026-05-23,quantile,0.15,51,Texas,Ensemble
2026-05-09,48,2,wk inc flu hosp,2026-05-23,quantile,0.2,57,Texas,Ensemble
2026-05-09,48,2,wk inc flu hosp,2026-05-23,quantile,0.25,63,Texas,Ensemble
2026-05-09,48,2,wk inc flu hosp,2026-05-23,quantile,0.3,68,Texas,Ensemble
2026-05-09,48,2,wk inc flu hosp,2026-05-23,quantile,0.35,75,Texas,Ensemble
2026-05-09,48,2,wk inc flu hosp,2026-05-23,quantile,0.4,81,Texas,Ensemble
2026-05-09,48,2,wk inc flu hosp,2026-05-23,quantile,0.45,87,Texas,Ensemble
2026-05-09,48,2,wk inc flu hosp,2026-05-23,quantile,0.5,94,Texas,Ensemble
2026-05-09,48,2,wk inc flu hosp,2026-05-23,quantile,0.55,100,Texas,Ensemble
2026-05-09,48,2,wk inc flu hosp,2026-05-23,quantile,0.6,108,Texas,Ensemble
2026-05-09,48,2,wk inc flu hosp,2026-05-23,quantile,0.65,115,Texas,Ensemble
2026-05-09,48,2,wk inc flu hosp,2026-05-23,quantile,0.7,125,Texas,Ensemble
2026-05-09,48,2,wk inc flu hosp,2026-05-23,quantile,0.75,135,Texas,Ensemble
2026-05-09,48,2,wk inc flu hosp,2026-05-23,quantile,0.8,147,Texas,Ensemble
2026-05-09,48,2,wk inc flu hosp,2026-05-23,quantile,0.85,163,Texas,Ensemble
2026-05-09,48,2,wk inc flu hosp,2026-05-23,quantile,0.9,187,Texas,Ensemble
2026-05-09,48,2,wk inc flu hosp,2026-05-23,quantile,0.95,228,Texas,Ensemble
2026-05-09,48,2,wk inc flu hosp,2026-05-23,quantile,0.975,269,Texas,Ensemble
2026-05-09,48,2,wk inc flu hosp,2026-05-23,quantile,0.99,330,Texas,Ensemble
2026-05-09,48,3,wk inc flu hosp,2026-05-30,quantile,0.01,23,Texas,Ensemble
2026-05-09,48,3,wk inc flu hosp,2026-05-30,quantile,0.025,27,Texas,Ensemble
2026-05-09,48,3,wk inc flu hosp,2026-05-30,quantile,0.05,32,Texas,Ensemble
2026-05-09,48,3,wk inc flu hosp,2026-05-30,quantile,0.1,39,Texas,Ensemble
2026-05-09,48,3,wk inc flu hosp,2026-05-30,quantile,0.15,45,Texas,Ensemble
2026-05-09,48,3,wk inc flu hosp,2026-05-30,quantile,0.2,50,Texas,Ensemble
2026-05-09,48,3,wk inc flu hosp,2026-05-30,quantile,0.25,55,Texas,Ensemble
2026-05-09,48,3,wk inc flu hosp,2026-05-30,quantile,0.3,61,Texas,Ensemble
2026-05-09,48,3,wk inc flu hosp,2026-05-30,quantile,0.35,67,Texas,Ensemble
2026-05-09,48,3,wk inc flu hosp,2026-05-30,quantile,0.4,73,Texas,Ensemble
2026-05-09,48,3,wk inc flu hosp,2026-05-30,quantile,0.45,80,Texas,Ensemble
2026-05-09,48,3,wk inc flu hosp,2026-05-30,quantile,0.5,87,Texas,Ensemble
2026-05-09,48,3,wk inc flu hosp,2026-05-30,quantile,0.55,94,Texas,Ensemble
2026-05-09,48,3,wk inc flu hosp,2026-05-30,quantile,0.6,101,Texas,Ensemble
2026-05-09,48,3,wk inc flu hosp,2026-05-30,quantile,0.65,109,Texas,Ensemble
2026-05-09,48,3,wk inc flu hosp,2026-05-30,quantile,0.7,118,Texas,Ensemble
2026-05-09,48,3,wk inc flu hosp,2026-05-30,quantile,0.75,129,Texas,Ensemble
2026-05-09,48,3,wk inc flu hosp,2026-05-30,quantile,0.8,142,Texas,Ensemble
2026-05-09,48,3,wk inc flu hosp,2026-05-30,quantile,0.85,158,Texas,Ensemble
2026-05-09,48,3,wk inc flu hosp,2026-05-30,quantile,0.9,182,Texas,Ensemble
2026-05-09,48,3,wk inc flu hosp,2026-05-30,quantile,0.95,225,Texas,Ensemble
2026-05-09,48,3,wk inc flu hosp,2026-05-30,quantile,0.975,271,Texas,Ensemble
2026-05-09,48,3,wk inc flu hosp,2026-05-30,quantile,0.99,337,Texas,Ensemble
2026-05-09,49,0,wk inc flu hosp,2026-05-09,quantile,0.01,1,Utah,Ensemble
2026-05-09,49,0,wk inc flu hosp,2026-05-09,quantile,0.025,1,Utah,Ensemble
2026-05-09,49,0,wk inc flu hosp,2026-05-09,quantile,0.05,2,Utah,Ensemble
2026-05-09,49,0,wk inc flu hosp,2026-05-09,quantile,0.1,3,Utah,Ensemble
2026-05-09,49,0,wk inc flu hosp,2026-05-09,quantile,0.15,3,Utah,Ensemble
2026-05-09,49,0,wk inc flu hosp,2026-05-09,quantile,0.2,4,Utah,Ensemble
2026-05-09,49,0,wk inc flu hosp,2026-05-09,quantile,0.25,4,Utah,Ensemble
2026-05-09,49,0,wk inc flu hosp,2026-05-09,quantile,0.3,5,Utah,Ensemble
2026-05-09,49,0,wk inc flu hosp,2026-05-09,quantile,0.35,5,Utah,Ensemble
2026-05-09,49,0,wk inc flu hosp,2026-05-09,quantile,0.4,6,Utah,Ensemble
2026-05-09,49,0,wk inc flu hosp,2026-05-09,quantile,0.45,6,Utah,Ensemble
2026-05-09,49,0,wk inc flu hosp,2026-05-09,quantile,0.5,8,Utah,Ensemble
2026-05-09,49,0,wk inc flu hosp,2026-05-09,quantile,0.55,8,Utah,Ensemble
2026-05-09,49,0,wk inc flu hosp,2026-05-09,quantile,0.6,9,Utah,Ensemble
2026-05-09,49,0,wk inc flu hosp,2026-05-09,quantile,0.65,10,Utah,Ensemble
2026-05-09,49,0,wk inc flu hosp,2026-05-09,quantile,0.7,10,Utah,Ensemble
2026-05-09,49,0,wk inc flu hosp,2026-05-09,quantile,0.75,11,Utah,Ensemble
2026-05-09,49,0,wk inc flu hosp,2026-05-09,quantile,0.8,12,Utah,Ensemble
2026-05-09,49,0,wk inc flu hosp,2026-05-09,quantile,0.85,13,Utah,Ensemble
2026-05-09,49,0,wk inc flu hosp,2026-05-09,quantile,0.9,15,Utah,Ensemble
2026-05-09,49,0,wk inc flu hosp,2026-05-09,quantile,0.95,19,Utah,Ensemble
2026-05-09,49,0,wk inc flu hosp,2026-05-09,quantile,0.975,22,Utah,Ensemble
2026-05-09,49,0,wk inc flu hosp,2026-05-09,quantile,0.99,28,Utah,Ensemble
2026-05-09,49,1,wk inc flu hosp,2026-05-16,quantile,0.01,0,Utah,Ensemble
2026-05-09,49,1,wk inc flu hosp,2026-05-16,quantile,0.025,1,Utah,Ensemble
2026-05-09,49,1,wk inc flu hosp,2026-05-16,quantile,0.05,1,Utah,Ensemble
2026-05-09,49,1,wk inc flu hosp,2026-05-16,quantile,0.1,2,Utah,Ensemble
2026-05-09,49,1,wk inc flu hosp,2026-05-16,quantile,0.15,2,Utah,Ensemble
2026-05-09,49,1,wk inc flu hosp,2026-05-16,quantile,0.2,3,Utah,Ensemble
2026-05-09,49,1,wk inc flu hosp,2026-05-16,quantile,0.25,3,Utah,Ensemble
2026-05-09,49,1,wk inc flu hosp,2026-05-16,quantile,0.3,4,Utah,Ensemble
2026-05-09,49,1,wk inc flu hosp,2026-05-16,quantile,0.35,4,Utah,Ensemble
2026-05-09,49,1,wk inc flu hosp,2026-05-16,quantile,0.4,5,Utah,Ensemble
2026-05-09,49,1,wk inc flu hosp,2026-05-16,quantile,0.45,5,Utah,Ensemble
2026-05-09,49,1,wk inc flu hosp,2026-05-16,quantile,0.5,7,Utah,Ensemble
2026-05-09,49,1,wk inc flu hosp,2026-05-16,quantile,0.55,7,Utah,Ensemble
2026-05-09,49,1,wk inc flu hosp,2026-05-16,quantile,0.6,8,Utah,Ensemble
2026-05-09,49,1,wk inc flu hosp,2026-05-16,quantile,0.65,9,Utah,Ensemble
2026-05-09,49,1,wk inc flu hosp,2026-05-16,quantile,0.7,10,Utah,Ensemble
2026-05-09,49,1,wk inc flu hosp,2026-05-16,quantile,0.75,11,Utah,Ensemble
2026-05-09,49,1,wk inc flu hosp,2026-05-16,quantile,0.8,12,Utah,Ensemble
2026-05-09,49,1,wk inc flu hosp,2026-05-16,quantile,0.85,14,Utah,Ensemble
2026-05-09,49,1,wk inc flu hosp,2026-05-16,quantile,0.9,16,Utah,Ensemble
2026-05-09,49,1,wk inc flu hosp,2026-05-16,quantile,0.95,21,Utah,Ensemble
2026-05-09,49,1,wk inc flu hosp,2026-05-16,quantile,0.975,27,Utah,Ensemble
2026-05-09,49,1,wk inc flu hosp,2026-05-16,quantile,0.99,36,Utah,Ensemble
2026-05-09,49,2,wk inc flu hosp,2026-05-23,quantile,0.01,0,Utah,Ensemble
2026-05-09,49,2,wk inc flu hosp,2026-05-23,quantile,0.025,0,Utah,Ensemble
2026-05-09,49,2,wk inc flu hosp,2026-05-23,quantile,0.05,1,Utah,Ensemble
2026-05-09,49,2,wk inc flu hosp,2026-05-23,quantile,0.1,1,Utah,Ensemble
2026-05-09,49,2,wk inc flu hosp,2026-05-23,quantile,0.15,2,Utah,Ensemble
2026-05-09,49,2,wk inc flu hosp,2026-05-23,quantile,0.2,2,Utah,Ensemble
2026-05-09,49,2,wk inc flu hosp,2026-05-23,quantile,0.25,3,Utah,Ensemble
2026-05-09,49,2,wk inc flu hosp,2026-05-23,quantile,0.3,3,Utah,Ensemble
2026-05-09,49,2,wk inc flu hosp,2026-05-23,quantile,0.35,3,Utah,Ensemble
2026-05-09,49,2,wk inc flu hosp,2026-05-23,quantile,0.4,4,Utah,Ensemble
2026-05-09,49,2,wk inc flu hosp,2026-05-23,quantile,0.45,4,Utah,Ensemble
2026-05-09,49,2,wk inc flu hosp,2026-05-23,quantile,0.5,6,Utah,Ensemble
2026-05-09,49,2,wk inc flu hosp,2026-05-23,quantile,0.55,7,Utah,Ensemble
2026-05-09,49,2,wk inc flu hosp,2026-05-23,quantile,0.6,7,Utah,Ensemble
2026-05-09,49,2,wk inc flu hosp,2026-05-23,quantile,0.65,8,Utah,Ensemble
2026-05-09,49,2,wk inc flu hosp,2026-05-23,quantile,0.7,9,Utah,Ensemble
2026-05-09,49,2,wk inc flu hosp,2026-05-23,quantile,0.75,10,Utah,Ensemble
2026-05-09,49,2,wk inc flu hosp,2026-05-23,quantile,0.8,12,Utah,Ensemble
2026-05-09,49,2,wk inc flu hosp,2026-05-23,quantile,0.85,14,Utah,Ensemble
2026-05-09,49,2,wk inc flu hosp,2026-05-23,quantile,0.9,17,Utah,Ensemble
2026-05-09,49,2,wk inc flu hosp,2026-05-23,quantile,0.95,23,Utah,Ensemble
2026-05-09,49,2,wk inc flu hosp,2026-05-23,quantile,0.975,30,Utah,Ensemble
2026-05-09,49,2,wk inc flu hosp,2026-05-23,quantile,0.99,40,Utah,Ensemble
2026-05-09,49,3,wk inc flu hosp,2026-05-30,quantile,0.01,0,Utah,Ensemble
2026-05-09,49,3,wk inc flu hosp,2026-05-30,quantile,0.025,0,Utah,Ensemble
2026-05-09,49,3,wk inc flu hosp,2026-05-30,quantile,0.05,0,Utah,Ensemble
2026-05-09,49,3,wk inc flu hosp,2026-05-30,quantile,0.1,1,Utah,Ensemble
2026-05-09,49,3,wk inc flu hosp,2026-05-30,quantile,0.15,1,Utah,Ensemble
2026-05-09,49,3,wk inc flu hosp,2026-05-30,quantile,0.2,2,Utah,Ensemble
2026-05-09,49,3,wk inc flu hosp,2026-05-30,quantile,0.25,2,Utah,Ensemble
2026-05-09,49,3,wk inc flu hosp,2026-05-30,quantile,0.3,2,Utah,Ensemble
2026-05-09,49,3,wk inc flu hosp,2026-05-30,quantile,0.35,3,Utah,Ensemble
2026-05-09,49,3,wk inc flu hosp,2026-05-30,quantile,0.4,3,Utah,Ensemble
2026-05-09,49,3,wk inc flu hosp,2026-05-30,quantile,0.45,4,Utah,Ensemble
2026-05-09,49,3,wk inc flu hosp,2026-05-30,quantile,0.5,5,Utah,Ensemble
2026-05-09,49,3,wk inc flu hosp,2026-05-30,quantile,0.55,6,Utah,Ensemble
2026-05-09,49,3,wk inc flu hosp,2026-05-30,quantile,0.6,6,Utah,Ensemble
2026-05-09,49,3,wk inc flu hosp,2026-05-30,quantile,0.65,7,Utah,Ensemble
2026-05-09,49,3,wk inc flu hosp,2026-05-30,quantile,0.7,8,Utah,Ensemble
2026-05-09,49,3,wk inc flu hosp,2026-05-30,quantile,0.75,10,Utah,Ensemble
2026-05-09,49,3,wk inc flu hosp,2026-05-30,quantile,0.8,12,Utah,Ensemble
2026-05-09,49,3,wk inc flu hosp,2026-05-30,quantile,0.85,14,Utah,Ensemble
2026-05-09,49,3,wk inc flu hosp,2026-05-30,quantile,0.9,18,Utah,Ensemble
2026-05-09,49,3,wk inc flu hosp,2026-05-30,quantile,0.95,25,Utah,Ensemble
2026-05-09,49,3,wk inc flu hosp,2026-05-30,quantile,0.975,33,Utah,Ensemble
2026-05-09,49,3,wk inc flu hosp,2026-05-30,quantile,0.99,44,Utah,Ensemble
2026-05-09,50,0,wk inc flu hosp,2026-05-09,quantile,0.01,0,Vermont,Ensemble
2026-05-09,50,0,wk inc flu hosp,2026-05-09,quantile,0.025,0,Vermont,Ensemble
2026-05-09,50,0,wk inc flu hosp,2026-05-09,quantile,0.05,0,Vermont,Ensemble
2026-05-09,50,0,wk inc flu hosp,2026-05-09,quantile,0.1,0,Vermont,Ensemble
2026-05-09,50,0,wk inc flu hosp,2026-05-09,quantile,0.15,0,Vermont,Ensemble
2026-05-09,50,0,wk inc flu hosp,2026-05-09,quantile,0.2,0,Vermont,Ensemble
2026-05-09,50,0,wk inc flu hosp,2026-05-09,quantile,0.25,0,Vermont,Ensemble
2026-05-09,50,0,wk inc flu hosp,2026-05-09,quantile,0.3,0,Vermont,Ensemble
2026-05-09,50,0,wk inc flu hosp,2026-05-09,quantile,0.35,0,Vermont,Ensemble
2026-05-09,50,0,wk inc flu hosp,2026-05-09,quantile,0.4,0,Vermont,Ensemble
2026-05-09,50,0,wk inc flu hosp,2026-05-09,quantile,0.45,0,Vermont,Ensemble
2026-05-09,50,0,wk inc flu hosp,2026-05-09,quantile,0.5,1,Vermont,Ensemble
2026-05-09,50,0,wk inc flu hosp,2026-05-09,quantile,0.55,1,Vermont,Ensemble
2026-05-09,50,0,wk inc flu hosp,2026-05-09,quantile,0.6,1,Vermont,Ensemble
2026-05-09,50,0,wk inc flu hosp,2026-05-09,quantile,0.65,1,Vermont,Ensemble
2026-05-09,50,0,wk inc flu hosp,2026-05-09,quantile,0.7,1,Vermont,Ensemble
2026-05-09,50,0,wk inc flu hosp,2026-05-09,quantile,0.75,2,Vermont,Ensemble
2026-05-09,50,0,wk inc flu hosp,2026-05-09,quantile,0.8,2,Vermont,Ensemble
2026-05-09,50,0,wk inc flu hosp,2026-05-09,quantile,0.85,2,Vermont,Ensemble
2026-05-09,50,0,wk inc flu hosp,2026-05-09,quantile,0.9,3,Vermont,Ensemble
2026-05-09,50,0,wk inc flu hosp,2026-05-09,quantile,0.95,4,Vermont,Ensemble
2026-05-09,50,0,wk inc flu hosp,2026-05-09,quantile,0.975,5,Vermont,Ensemble
2026-05-09,50,0,wk inc flu hosp,2026-05-09,quantile,0.99,8,Vermont,Ensemble
2026-05-09,50,1,wk inc flu hosp,2026-05-16,quantile,0.01,0,Vermont,Ensemble
2026-05-09,50,1,wk inc flu hosp,2026-05-16,quantile,0.025,0,Vermont,Ensemble
2026-05-09,50,1,wk inc flu hosp,2026-05-16,quantile,0.05,0,Vermont,Ensemble
2026-05-09,50,1,wk inc flu hosp,2026-05-16,quantile,0.1,0,Vermont,Ensemble
2026-05-09,50,1,wk inc flu hosp,2026-05-16,quantile,0.15,0,Vermont,Ensemble
2026-05-09,50,1,wk inc flu hosp,2026-05-16,quantile,0.2,0,Vermont,Ensemble
2026-05-09,50,1,wk inc flu hosp,2026-05-16,quantile,0.25,0,Vermont,Ensemble
2026-05-09,50,1,wk inc flu hosp,2026-05-16,quantile,0.3,0,Vermont,Ensemble
2026-05-09,50,1,wk inc flu hosp,2026-05-16,quantile,0.35,0,Vermont,Ensemble
2026-05-09,50,1,wk inc flu hosp,2026-05-16,quantile,0.4,0,Vermont,Ensemble
2026-05-09,50,1,wk inc flu hosp,2026-05-16,quantile,0.45,0,Vermont,Ensemble
2026-05-09,50,1,wk inc flu hosp,2026-05-16,quantile,0.5,1,Vermont,Ensemble
2026-05-09,50,1,wk inc flu hosp,2026-05-16,quantile,0.55,1,Vermont,Ensemble
2026-05-09,50,1,wk inc flu hosp,2026-05-16,quantile,0.6,1,Vermont,Ensemble
2026-05-09,50,1,wk inc flu hosp,2026-05-16,quantile,0.65,1,Vermont,Ensemble
2026-05-09,50,1,wk inc flu hosp,2026-05-16,quantile,0.7,1,Vermont,Ensemble
2026-05-09,50,1,wk inc flu hosp,2026-05-16,quantile,0.75,2,Vermont,Ensemble
2026-05-09,50,1,wk inc flu hosp,2026-05-16,quantile,0.8,2,Vermont,Ensemble
2026-05-09,50,1,wk inc flu hosp,2026-05-16,quantile,0.85,2,Vermont,Ensemble
2026-05-09,50,1,wk inc flu hosp,2026-05-16,quantile,0.9,3,Vermont,Ensemble
2026-05-09,50,1,wk inc flu hosp,2026-05-16,quantile,0.95,5,Vermont,Ensemble
2026-05-09,50,1,wk inc flu hosp,2026-05-16,quantile,0.975,7,Vermont,Ensemble
2026-05-09,50,1,wk inc flu hosp,2026-05-16,quantile,0.99,10,Vermont,Ensemble
2026-05-09,50,2,wk inc flu hosp,2026-05-23,quantile,0.01,0,Vermont,Ensemble
2026-05-09,50,2,wk inc flu hosp,2026-05-23,quantile,0.025,0,Vermont,Ensemble
2026-05-09,50,2,wk inc flu hosp,2026-05-23,quantile,0.05,0,Vermont,Ensemble
2026-05-09,50,2,wk inc flu hosp,2026-05-23,quantile,0.1,0,Vermont,Ensemble
2026-05-09,50,2,wk inc flu hosp,2026-05-23,quantile,0.15,0,Vermont,Ensemble
2026-05-09,50,2,wk inc flu hosp,2026-05-23,quantile,0.2,0,Vermont,Ensemble
2026-05-09,50,2,wk inc flu hosp,2026-05-23,quantile,0.25,0,Vermont,Ensemble
2026-05-09,50,2,wk inc flu hosp,2026-05-23,quantile,0.3,0,Vermont,Ensemble
2026-05-09,50,2,wk inc flu hosp,2026-05-23,quantile,0.35,0,Vermont,Ensemble
2026-05-09,50,2,wk inc flu hosp,2026-05-23,quantile,0.4,0,Vermont,Ensemble
2026-05-09,50,2,wk inc flu hosp,2026-05-23,quantile,0.45,0,Vermont,Ensemble
2026-05-09,50,2,wk inc flu hosp,2026-05-23,quantile,0.5,1,Vermont,Ensemble
2026-05-09,50,2,wk inc flu hosp,2026-05-23,quantile,0.55,1,Vermont,Ensemble
2026-05-09,50,2,wk inc flu hosp,2026-05-23,quantile,0.6,1,Vermont,Ensemble
2026-05-09,50,2,wk inc flu hosp,2026-05-23,quantile,0.65,1,Vermont,Ensemble
2026-05-09,50,2,wk inc flu hosp,2026-05-23,quantile,0.7,1,Vermont,Ensemble
2026-05-09,50,2,wk inc flu hosp,2026-05-23,quantile,0.75,2,Vermont,Ensemble
2026-05-09,50,2,wk inc flu hosp,2026-05-23,quantile,0.8,2,Vermont,Ensemble
2026-05-09,50,2,wk inc flu hosp,2026-05-23,quantile,0.85,3,Vermont,Ensemble
2026-05-09,50,2,wk inc flu hosp,2026-05-23,quantile,0.9,4,Vermont,Ensemble
2026-05-09,50,2,wk inc flu hosp,2026-05-23,quantile,0.95,6,Vermont,Ensemble
2026-05-09,50,2,wk inc flu hosp,2026-05-23,quantile,0.975,8,Vermont,Ensemble
2026-05-09,50,2,wk inc flu hosp,2026-05-23,quantile,0.99,11,Vermont,Ensemble
2026-05-09,50,3,wk inc flu hosp,2026-05-30,quantile,0.01,0,Vermont,Ensemble
2026-05-09,50,3,wk inc flu hosp,2026-05-30,quantile,0.025,0,Vermont,Ensemble
2026-05-09,50,3,wk inc flu hosp,2026-05-30,quantile,0.05,0,Vermont,Ensemble
2026-05-09,50,3,wk inc flu hosp,2026-05-30,quantile,0.1,0,Vermont,Ensemble
2026-05-09,50,3,wk inc flu hosp,2026-05-30,quantile,0.15,0,Vermont,Ensemble
2026-05-09,50,3,wk inc flu hosp,2026-05-30,quantile,0.2,0,Vermont,Ensemble
2026-05-09,50,3,wk inc flu hosp,2026-05-30,quantile,0.25,0,Vermont,Ensemble
2026-05-09,50,3,wk inc flu hosp,2026-05-30,quantile,0.3,0,Vermont,Ensemble
2026-05-09,50,3,wk inc flu hosp,2026-05-30,quantile,0.35,0,Vermont,Ensemble
2026-05-09,50,3,wk inc flu hosp,2026-05-30,quantile,0.4,0,Vermont,Ensemble
2026-05-09,50,3,wk inc flu hosp,2026-05-30,quantile,0.45,0,Vermont,Ensemble
2026-05-09,50,3,wk inc flu hosp,2026-05-30,quantile,0.5,1,Vermont,Ensemble
2026-05-09,50,3,wk inc flu hosp,2026-05-30,quantile,0.55,1,Vermont,Ensemble
2026-05-09,50,3,wk inc flu hosp,2026-05-30,quantile,0.6,1,Vermont,Ensemble
2026-05-09,50,3,wk inc flu hosp,2026-05-30,quantile,0.65,1,Vermont,Ensemble
2026-05-09,50,3,wk inc flu hosp,2026-05-30,quantile,0.7,1,Vermont,Ensemble
2026-05-09,50,3,wk inc flu hosp,2026-05-30,quantile,0.75,2,Vermont,Ensemble
2026-05-09,50,3,wk inc flu hosp,2026-05-30,quantile,0.8,2,Vermont,Ensemble
2026-05-09,50,3,wk inc flu hosp,2026-05-30,quantile,0.85,3,Vermont,Ensemble
2026-05-09,50,3,wk inc flu hosp,2026-05-30,quantile,0.9,4,Vermont,Ensemble
2026-05-09,50,3,wk inc flu hosp,2026-05-30,quantile,0.95,6,Vermont,Ensemble
2026-05-09,50,3,wk inc flu hosp,2026-05-30,quantile,0.975,9,Vermont,Ensemble
2026-05-09,50,3,wk inc flu hosp,2026-05-30,quantile,0.99,12,Vermont,Ensemble
2026-05-09,51,0,wk inc flu hosp,2026-05-09,quantile,0.01,4,Virginia,Ensemble
2026-05-09,51,0,wk inc flu hosp,2026-05-09,quantile,0.025,6,Virginia,Ensemble
2026-05-09,51,0,wk inc flu hosp,2026-05-09,quantile,0.05,7,Virginia,Ensemble
2026-05-09,51,0,wk inc flu hosp,2026-05-09,quantile,0.1,10,Virginia,Ensemble
2026-05-09,51,0,wk inc flu hosp,2026-05-09,quantile,0.15,11,Virginia,Ensemble
2026-05-09,51,0,wk inc flu hosp,2026-05-09,quantile,0.2,13,Virginia,Ensemble
2026-05-09,51,0,wk inc flu hosp,2026-05-09,quantile,0.25,14,Virginia,Ensemble
2026-05-09,51,0,wk inc flu hosp,2026-05-09,quantile,0.3,15,Virginia,Ensemble
2026-05-09,51,0,wk inc flu hosp,2026-05-09,quantile,0.35,17,Virginia,Ensemble
2026-05-09,51,0,wk inc flu hosp,2026-05-09,quantile,0.4,18,Virginia,Ensemble
2026-05-09,51,0,wk inc flu hosp,2026-05-09,quantile,0.45,19,Virginia,Ensemble
2026-05-09,51,0,wk inc flu hosp,2026-05-09,quantile,0.5,21,Virginia,Ensemble
2026-05-09,51,0,wk inc flu hosp,2026-05-09,quantile,0.55,23,Virginia,Ensemble
2026-05-09,51,0,wk inc flu hosp,2026-05-09,quantile,0.6,24,Virginia,Ensemble
2026-05-09,51,0,wk inc flu hosp,2026-05-09,quantile,0.65,26,Virginia,Ensemble
2026-05-09,51,0,wk inc flu hosp,2026-05-09,quantile,0.7,27,Virginia,Ensemble
2026-05-09,51,0,wk inc flu hosp,2026-05-09,quantile,0.75,29,Virginia,Ensemble
2026-05-09,51,0,wk inc flu hosp,2026-05-09,quantile,0.8,32,Virginia,Ensemble
2026-05-09,51,0,wk inc flu hosp,2026-05-09,quantile,0.85,35,Virginia,Ensemble
2026-05-09,51,0,wk inc flu hosp,2026-05-09,quantile,0.9,39,Virginia,Ensemble
2026-05-09,51,0,wk inc flu hosp,2026-05-09,quantile,0.95,48,Virginia,Ensemble
2026-05-09,51,0,wk inc flu hosp,2026-05-09,quantile,0.975,59,Virginia,Ensemble
2026-05-09,51,0,wk inc flu hosp,2026-05-09,quantile,0.99,73,Virginia,Ensemble
2026-05-09,51,1,wk inc flu hosp,2026-05-16,quantile,0.01,3,Virginia,Ensemble
2026-05-09,51,1,wk inc flu hosp,2026-05-16,quantile,0.025,4,Virginia,Ensemble
2026-05-09,51,1,wk inc flu hosp,2026-05-16,quantile,0.05,5,Virginia,Ensemble
2026-05-09,51,1,wk inc flu hosp,2026-05-16,quantile,0.1,7,Virginia,Ensemble
2026-05-09,51,1,wk inc flu hosp,2026-05-16,quantile,0.15,8,Virginia,Ensemble
2026-05-09,51,1,wk inc flu hosp,2026-05-16,quantile,0.2,10,Virginia,Ensemble
2026-05-09,51,1,wk inc flu hosp,2026-05-16,quantile,0.25,11,Virginia,Ensemble
2026-05-09,51,1,wk inc flu hosp,2026-05-16,quantile,0.3,12,Virginia,Ensemble
2026-05-09,51,1,wk inc flu hosp,2026-05-16,quantile,0.35,14,Virginia,Ensemble
2026-05-09,51,1,wk inc flu hosp,2026-05-16,quantile,0.4,15,Virginia,Ensemble
2026-05-09,51,1,wk inc flu hosp,2026-05-16,quantile,0.45,16,Virginia,Ensemble
2026-05-09,51,1,wk inc flu hosp,2026-05-16,quantile,0.5,19,Virginia,Ensemble
2026-05-09,51,1,wk inc flu hosp,2026-05-16,quantile,0.55,21,Virginia,Ensemble
2026-05-09,51,1,wk inc flu hosp,2026-05-16,quantile,0.6,23,Virginia,Ensemble
2026-05-09,51,1,wk inc flu hosp,2026-05-16,quantile,0.65,24,Virginia,Ensemble
2026-05-09,51,1,wk inc flu hosp,2026-05-16,quantile,0.7,27,Virginia,Ensemble
2026-05-09,51,1,wk inc flu hosp,2026-05-16,quantile,0.75,30,Virginia,Ensemble
2026-05-09,51,1,wk inc flu hosp,2026-05-16,quantile,0.8,33,Virginia,Ensemble
2026-05-09,51,1,wk inc flu hosp,2026-05-16,quantile,0.85,38,Virginia,Ensemble
2026-05-09,51,1,wk inc flu hosp,2026-05-16,quantile,0.9,45,Virginia,Ensemble
2026-05-09,51,1,wk inc flu hosp,2026-05-16,quantile,0.95,61,Virginia,Ensemble
2026-05-09,51,1,wk inc flu hosp,2026-05-16,quantile,0.975,75,Virginia,Ensemble
2026-05-09,51,1,wk inc flu hosp,2026-05-16,quantile,0.99,97,Virginia,Ensemble
2026-05-09,51,2,wk inc flu hosp,2026-05-23,quantile,0.01,2,Virginia,Ensemble
2026-05-09,51,2,wk inc flu hosp,2026-05-23,quantile,0.025,3,Virginia,Ensemble
2026-05-09,51,2,wk inc flu hosp,2026-05-23,quantile,0.05,4,Virginia,Ensemble
2026-05-09,51,2,wk inc flu hosp,2026-05-23,quantile,0.1,6,Virginia,Ensemble
2026-05-09,51,2,wk inc flu hosp,2026-05-23,quantile,0.15,7,Virginia,Ensemble
2026-05-09,51,2,wk inc flu hosp,2026-05-23,quantile,0.2,8,Virginia,Ensemble
2026-05-09,51,2,wk inc flu hosp,2026-05-23,quantile,0.25,10,Virginia,Ensemble
2026-05-09,51,2,wk inc flu hosp,2026-05-23,quantile,0.3,11,Virginia,Ensemble
2026-05-09,51,2,wk inc flu hosp,2026-05-23,quantile,0.35,12,Virginia,Ensemble
2026-05-09,51,2,wk inc flu hosp,2026-05-23,quantile,0.4,13,Virginia,Ensemble
2026-05-09,51,2,wk inc flu hosp,2026-05-23,quantile,0.45,15,Virginia,Ensemble
2026-05-09,51,2,wk inc flu hosp,2026-05-23,quantile,0.5,17,Virginia,Ensemble
2026-05-09,51,2,wk inc flu hosp,2026-05-23,quantile,0.55,19,Virginia,Ensemble
2026-05-09,51,2,wk inc flu hosp,2026-05-23,quantile,0.6,21,Virginia,Ensemble
2026-05-09,51,2,wk inc flu hosp,2026-05-23,quantile,0.65,23,Virginia,Ensemble
2026-05-09,51,2,wk inc flu hosp,2026-05-23,quantile,0.7,25,Virginia,Ensemble
2026-05-09,51,2,wk inc flu hosp,2026-05-23,quantile,0.75,29,Virginia,Ensemble
2026-05-09,51,2,wk inc flu hosp,2026-05-23,quantile,0.8,33,Virginia,Ensemble
2026-05-09,51,2,wk inc flu hosp,2026-05-23,quantile,0.85,39,Virginia,Ensemble
2026-05-09,51,2,wk inc flu hosp,2026-05-23,quantile,0.9,49,Virginia,Ensemble
2026-05-09,51,2,wk inc flu hosp,2026-05-23,quantile,0.95,70,Virginia,Ensemble
2026-05-09,51,2,wk inc flu hosp,2026-05-23,quantile,0.975,89,Virginia,Ensemble
2026-05-09,51,2,wk inc flu hosp,2026-05-23,quantile,0.99,114,Virginia,Ensemble
2026-05-09,51,3,wk inc flu hosp,2026-05-30,quantile,0.01,2,Virginia,Ensemble
2026-05-09,51,3,wk inc flu hosp,2026-05-30,quantile,0.025,2,Virginia,Ensemble
2026-05-09,51,3,wk inc flu hosp,2026-05-30,quantile,0.05,3,Virginia,Ensemble
2026-05-09,51,3,wk inc flu hosp,2026-05-30,quantile,0.1,5,Virginia,Ensemble
2026-05-09,51,3,wk inc flu hosp,2026-05-30,quantile,0.15,6,Virginia,Ensemble
2026-05-09,51,3,wk inc flu hosp,2026-05-30,quantile,0.2,7,Virginia,Ensemble
2026-05-09,51,3,wk inc flu hosp,2026-05-30,quantile,0.25,8,Virginia,Ensemble
2026-05-09,51,3,wk inc flu hosp,2026-05-30,quantile,0.3,9,Virginia,Ensemble
2026-05-09,51,3,wk inc flu hosp,2026-05-30,quantile,0.35,10,Virginia,Ensemble
2026-05-09,51,3,wk inc flu hosp,2026-05-30,quantile,0.4,12,Virginia,Ensemble
2026-05-09,51,3,wk inc flu hosp,2026-05-30,quantile,0.45,13,Virginia,Ensemble
2026-05-09,51,3,wk inc flu hosp,2026-05-30,quantile,0.5,15,Virginia,Ensemble
2026-05-09,51,3,wk inc flu hosp,2026-05-30,quantile,0.55,17,Virginia,Ensemble
2026-05-09,51,3,wk inc flu hosp,2026-05-30,quantile,0.6,19,Virginia,Ensemble
2026-05-09,51,3,wk inc flu hosp,2026-05-30,quantile,0.65,21,Virginia,Ensemble
2026-05-09,51,3,wk inc flu hosp,2026-05-30,quantile,0.7,24,Virginia,Ensemble
2026-05-09,51,3,wk inc flu hosp,2026-05-30,quantile,0.75,28,Virginia,Ensemble
2026-05-09,51,3,wk inc flu hosp,2026-05-30,quantile,0.8,33,Virginia,Ensemble
2026-05-09,51,3,wk inc flu hosp,2026-05-30,quantile,0.85,41,Virginia,Ensemble
2026-05-09,51,3,wk inc flu hosp,2026-05-30,quantile,0.9,54,Virginia,Ensemble
2026-05-09,51,3,wk inc flu hosp,2026-05-30,quantile,0.95,77,Virginia,Ensemble
2026-05-09,51,3,wk inc flu hosp,2026-05-30,quantile,0.975,100,Virginia,Ensemble
2026-05-09,51,3,wk inc flu hosp,2026-05-30,quantile,0.99,132,Virginia,Ensemble
2026-05-09,53,0,wk inc flu hosp,2026-05-09,quantile,0.01,7,Washington,Ensemble
2026-05-09,53,0,wk inc flu hosp,2026-05-09,quantile,0.025,8,Washington,Ensemble
2026-05-09,53,0,wk inc flu hosp,2026-05-09,quantile,0.05,10,Washington,Ensemble
2026-05-09,53,0,wk inc flu hosp,2026-05-09,quantile,0.1,13,Washington,Ensemble
2026-05-09,53,0,wk inc flu hosp,2026-05-09,quantile,0.15,14,Washington,Ensemble
2026-05-09,53,0,wk inc flu hosp,2026-05-09,quantile,0.2,16,Washington,Ensemble
2026-05-09,53,0,wk inc flu hosp,2026-05-09,quantile,0.25,17,Washington,Ensemble
2026-05-09,53,0,wk inc flu hosp,2026-05-09,quantile,0.3,18,Washington,Ensemble
2026-05-09,53,0,wk inc flu hosp,2026-05-09,quantile,0.35,20,Washington,Ensemble
2026-05-09,53,0,wk inc flu hosp,2026-05-09,quantile,0.4,21,Washington,Ensemble
2026-05-09,53,0,wk inc flu hosp,2026-05-09,quantile,0.45,22,Washington,Ensemble
2026-05-09,53,0,wk inc flu hosp,2026-05-09,quantile,0.5,25,Washington,Ensemble
2026-05-09,53,0,wk inc flu hosp,2026-05-09,quantile,0.55,26,Washington,Ensemble
2026-05-09,53,0,wk inc flu hosp,2026-05-09,quantile,0.6,27,Washington,Ensemble
2026-05-09,53,0,wk inc flu hosp,2026-05-09,quantile,0.65,29,Washington,Ensemble
2026-05-09,53,0,wk inc flu hosp,2026-05-09,quantile,0.7,30,Washington,Ensemble
2026-05-09,53,0,wk inc flu hosp,2026-05-09,quantile,0.75,32,Washington,Ensemble
2026-05-09,53,0,wk inc flu hosp,2026-05-09,quantile,0.8,34,Washington,Ensemble
2026-05-09,53,0,wk inc flu hosp,2026-05-09,quantile,0.85,36,Washington,Ensemble
2026-05-09,53,0,wk inc flu hosp,2026-05-09,quantile,0.9,40,Washington,Ensemble
2026-05-09,53,0,wk inc flu hosp,2026-05-09,quantile,0.95,47,Washington,Ensemble
2026-05-09,53,0,wk inc flu hosp,2026-05-09,quantile,0.975,56,Washington,Ensemble
2026-05-09,53,0,wk inc flu hosp,2026-05-09,quantile,0.99,71,Washington,Ensemble
2026-05-09,53,1,wk inc flu hosp,2026-05-16,quantile,0.01,4,Washington,Ensemble
2026-05-09,53,1,wk inc flu hosp,2026-05-16,quantile,0.025,6,Washington,Ensemble
2026-05-09,53,1,wk inc flu hosp,2026-05-16,quantile,0.05,7,Washington,Ensemble
2026-05-09,53,1,wk inc flu hosp,2026-05-16,quantile,0.1,10,Washington,Ensemble
2026-05-09,53,1,wk inc flu hosp,2026-05-16,quantile,0.15,11,Washington,Ensemble
2026-05-09,53,1,wk inc flu hosp,2026-05-16,quantile,0.2,13,Washington,Ensemble
2026-05-09,53,1,wk inc flu hosp,2026-05-16,quantile,0.25,14,Washington,Ensemble
2026-05-09,53,1,wk inc flu hosp,2026-05-16,quantile,0.3,15,Washington,Ensemble
2026-05-09,53,1,wk inc flu hosp,2026-05-16,quantile,0.35,16,Washington,Ensemble
2026-05-09,53,1,wk inc flu hosp,2026-05-16,quantile,0.4,17,Washington,Ensemble
2026-05-09,53,1,wk inc flu hosp,2026-05-16,quantile,0.45,19,Washington,Ensemble
2026-05-09,53,1,wk inc flu hosp,2026-05-16,quantile,0.5,21,Washington,Ensemble
2026-05-09,53,1,wk inc flu hosp,2026-05-16,quantile,0.55,22,Washington,Ensemble
2026-05-09,53,1,wk inc flu hosp,2026-05-16,quantile,0.6,24,Washington,Ensemble
2026-05-09,53,1,wk inc flu hosp,2026-05-16,quantile,0.65,25,Washington,Ensemble
2026-05-09,53,1,wk inc flu hosp,2026-05-16,quantile,0.7,27,Washington,Ensemble
2026-05-09,53,1,wk inc flu hosp,2026-05-16,quantile,0.75,29,Washington,Ensemble
2026-05-09,53,1,wk inc flu hosp,2026-05-16,quantile,0.8,31,Washington,Ensemble
2026-05-09,53,1,wk inc flu hosp,2026-05-16,quantile,0.85,34,Washington,Ensemble
2026-05-09,53,1,wk inc flu hosp,2026-05-16,quantile,0.9,39,Washington,Ensemble
2026-05-09,53,1,wk inc flu hosp,2026-05-16,quantile,0.95,48,Washington,Ensemble
2026-05-09,53,1,wk inc flu hosp,2026-05-16,quantile,0.975,60,Washington,Ensemble
2026-05-09,53,1,wk inc flu hosp,2026-05-16,quantile,0.99,73,Washington,Ensemble
2026-05-09,53,2,wk inc flu hosp,2026-05-23,quantile,0.01,3,Washington,Ensemble
2026-05-09,53,2,wk inc flu hosp,2026-05-23,quantile,0.025,4,Washington,Ensemble
2026-05-09,53,2,wk inc flu hosp,2026-05-23,quantile,0.05,5,Washington,Ensemble
2026-05-09,53,2,wk inc flu hosp,2026-05-23,quantile,0.1,7,Washington,Ensemble
2026-05-09,53,2,wk inc flu hosp,2026-05-23,quantile,0.15,8,Washington,Ensemble
2026-05-09,53,2,wk inc flu hosp,2026-05-23,quantile,0.2,10,Washington,Ensemble
2026-05-09,53,2,wk inc flu hosp,2026-05-23,quantile,0.25,11,Washington,Ensemble
2026-05-09,53,2,wk inc flu hosp,2026-05-23,quantile,0.3,12,Washington,Ensemble
2026-05-09,53,2,wk inc flu hosp,2026-05-23,quantile,0.35,13,Washington,Ensemble
2026-05-09,53,2,wk inc flu hosp,2026-05-23,quantile,0.4,14,Washington,Ensemble
2026-05-09,53,2,wk inc flu hosp,2026-05-23,quantile,0.45,16,Washington,Ensemble
2026-05-09,53,2,wk inc flu hosp,2026-05-23,quantile,0.5,18,Washington,Ensemble
2026-05-09,53,2,wk inc flu hosp,2026-05-23,quantile,0.55,20,Washington,Ensemble
2026-05-09,53,2,wk inc flu hosp,2026-05-23,quantile,0.6,21,Washington,Ensemble
2026-05-09,53,2,wk inc flu hosp,2026-05-23,quantile,0.65,23,Washington,Ensemble
2026-05-09,53,2,wk inc flu hosp,2026-05-23,quantile,0.7,24,Washington,Ensemble
2026-05-09,53,2,wk inc flu hosp,2026-05-23,quantile,0.75,26,Washington,Ensemble
2026-05-09,53,2,wk inc flu hosp,2026-05-23,quantile,0.8,29,Washington,Ensemble
2026-05-09,53,2,wk inc flu hosp,2026-05-23,quantile,0.85,33,Washington,Ensemble
2026-05-09,53,2,wk inc flu hosp,2026-05-23,quantile,0.9,38,Washington,Ensemble
2026-05-09,53,2,wk inc flu hosp,2026-05-23,quantile,0.95,49,Washington,Ensemble
2026-05-09,53,2,wk inc flu hosp,2026-05-23,quantile,0.975,62,Washington,Ensemble
2026-05-09,53,2,wk inc flu hosp,2026-05-23,quantile,0.99,76,Washington,Ensemble
2026-05-09,53,3,wk inc flu hosp,2026-05-30,quantile,0.01,3,Washington,Ensemble
2026-05-09,53,3,wk inc flu hosp,2026-05-30,quantile,0.025,3,Washington,Ensemble
2026-05-09,53,3,wk inc flu hosp,2026-05-30,quantile,0.05,4,Washington,Ensemble
2026-05-09,53,3,wk inc flu hosp,2026-05-30,quantile,0.1,6,Washington,Ensemble
2026-05-09,53,3,wk inc flu hosp,2026-05-30,quantile,0.15,8,Washington,Ensemble
2026-05-09,53,3,wk inc flu hosp,2026-05-30,quantile,0.2,9,Washington,Ensemble
2026-05-09,53,3,wk inc flu hosp,2026-05-30,quantile,0.25,10,Washington,Ensemble
2026-05-09,53,3,wk inc flu hosp,2026-05-30,quantile,0.3,11,Washington,Ensemble
2026-05-09,53,3,wk inc flu hosp,2026-05-30,quantile,0.35,12,Washington,Ensemble
2026-05-09,53,3,wk inc flu hosp,2026-05-30,quantile,0.4,13,Washington,Ensemble
2026-05-09,53,3,wk inc flu hosp,2026-05-30,quantile,0.45,14,Washington,Ensemble
2026-05-09,53,3,wk inc flu hosp,2026-05-30,quantile,0.5,16,Washington,Ensemble
2026-05-09,53,3,wk inc flu hosp,2026-05-30,quantile,0.55,18,Washington,Ensemble
2026-05-09,53,3,wk inc flu hosp,2026-05-30,quantile,0.6,19,Washington,Ensemble
2026-05-09,53,3,wk inc flu hosp,2026-05-30,quantile,0.65,21,Washington,Ensemble
2026-05-09,53,3,wk inc flu hosp,2026-05-30,quantile,0.7,23,Washington,Ensemble
2026-05-09,53,3,wk inc flu hosp,2026-05-30,quantile,0.75,25,Washington,Ensemble
2026-05-09,53,3,wk inc flu hosp,2026-05-30,quantile,0.8,28,Washington,Ensemble
2026-05-09,53,3,wk inc flu hosp,2026-05-30,quantile,0.85,32,Washington,Ensemble
2026-05-09,53,3,wk inc flu hosp,2026-05-30,quantile,0.9,38,Washington,Ensemble
2026-05-09,53,3,wk inc flu hosp,2026-05-30,quantile,0.95,50,Washington,Ensemble
2026-05-09,53,3,wk inc flu hosp,2026-05-30,quantile,0.975,63,Washington,Ensemble
2026-05-09,53,3,wk inc flu hosp,2026-05-30,quantile,0.99,79,Washington,Ensemble
2026-05-09,54,0,wk inc flu hosp,2026-05-09,quantile,0.01,0,West Virginia,Ensemble
2026-05-09,54,0,wk inc flu hosp,2026-05-09,quantile,0.025,0,West Virginia,Ensemble
2026-05-09,54,0,wk inc flu hosp,2026-05-09,quantile,0.05,1,West Virginia,Ensemble
2026-05-09,54,0,wk inc flu hosp,2026-05-09,quantile,0.1,2,West Virginia,Ensemble
2026-05-09,54,0,wk inc flu hosp,2026-05-09,quantile,0.15,2,West Virginia,Ensemble
2026-05-09,54,0,wk inc flu hosp,2026-05-09,quantile,0.2,3,West Virginia,Ensemble
2026-05-09,54,0,wk inc flu hosp,2026-05-09,quantile,0.25,3,West Virginia,Ensemble
2026-05-09,54,0,wk inc flu hosp,2026-05-09,quantile,0.3,4,West Virginia,Ensemble
2026-05-09,54,0,wk inc flu hosp,2026-05-09,quantile,0.35,4,West Virginia,Ensemble
2026-05-09,54,0,wk inc flu hosp,2026-05-09,quantile,0.4,5,West Virginia,Ensemble
2026-05-09,54,0,wk inc flu hosp,2026-05-09,quantile,0.45,5,West Virginia,Ensemble
2026-05-09,54,0,wk inc flu hosp,2026-05-09,quantile,0.5,7,West Virginia,Ensemble
2026-05-09,54,0,wk inc flu hosp,2026-05-09,quantile,0.55,7,West Virginia,Ensemble
2026-05-09,54,0,wk inc flu hosp,2026-05-09,quantile,0.6,8,West Virginia,Ensemble
2026-05-09,54,0,wk inc flu hosp,2026-05-09,quantile,0.65,9,West Virginia,Ensemble
2026-05-09,54,0,wk inc flu hosp,2026-05-09,quantile,0.7,9,West Virginia,Ensemble
2026-05-09,54,0,wk inc flu hosp,2026-05-09,quantile,0.75,10,West Virginia,Ensemble
2026-05-09,54,0,wk inc flu hosp,2026-05-09,quantile,0.8,11,West Virginia,Ensemble
2026-05-09,54,0,wk inc flu hosp,2026-05-09,quantile,0.85,12,West Virginia,Ensemble
2026-05-09,54,0,wk inc flu hosp,2026-05-09,quantile,0.9,14,West Virginia,Ensemble
2026-05-09,54,0,wk inc flu hosp,2026-05-09,quantile,0.95,18,West Virginia,Ensemble
2026-05-09,54,0,wk inc flu hosp,2026-05-09,quantile,0.975,22,West Virginia,Ensemble
2026-05-09,54,0,wk inc flu hosp,2026-05-09,quantile,0.99,27,West Virginia,Ensemble
2026-05-09,54,1,wk inc flu hosp,2026-05-16,quantile,0.01,0,West Virginia,Ensemble
2026-05-09,54,1,wk inc flu hosp,2026-05-16,quantile,0.025,0,West Virginia,Ensemble
2026-05-09,54,1,wk inc flu hosp,2026-05-16,quantile,0.05,0,West Virginia,Ensemble
2026-05-09,54,1,wk inc flu hosp,2026-05-16,quantile,0.1,1,West Virginia,Ensemble
2026-05-09,54,1,wk inc flu hosp,2026-05-16,quantile,0.15,1,West Virginia,Ensemble
2026-05-09,54,1,wk inc flu hosp,2026-05-16,quantile,0.2,1,West Virginia,Ensemble
2026-05-09,54,1,wk inc flu hosp,2026-05-16,quantile,0.25,2,West Virginia,Ensemble
2026-05-09,54,1,wk inc flu hosp,2026-05-16,quantile,0.3,2,West Virginia,Ensemble
2026-05-09,54,1,wk inc flu hosp,2026-05-16,quantile,0.35,3,West Virginia,Ensemble
2026-05-09,54,1,wk inc flu hosp,2026-05-16,quantile,0.4,3,West Virginia,Ensemble
2026-05-09,54,1,wk inc flu hosp,2026-05-16,quantile,0.45,3,West Virginia,Ensemble
2026-05-09,54,1,wk inc flu hosp,2026-05-16,quantile,0.5,5,West Virginia,Ensemble
2026-05-09,54,1,wk inc flu hosp,2026-05-16,quantile,0.55,5,West Virginia,Ensemble
2026-05-09,54,1,wk inc flu hosp,2026-05-16,quantile,0.6,6,West Virginia,Ensemble
2026-05-09,54,1,wk inc flu hosp,2026-05-16,quantile,0.65,7,West Virginia,Ensemble
2026-05-09,54,1,wk inc flu hosp,2026-05-16,quantile,0.7,7,West Virginia,Ensemble
2026-05-09,54,1,wk inc flu hosp,2026-05-16,quantile,0.75,8,West Virginia,Ensemble
2026-05-09,54,1,wk inc flu hosp,2026-05-16,quantile,0.8,9,West Virginia,Ensemble
2026-05-09,54,1,wk inc flu hosp,2026-05-16,quantile,0.85,11,West Virginia,Ensemble
2026-05-09,54,1,wk inc flu hosp,2026-05-16,quantile,0.9,13,West Virginia,Ensemble
2026-05-09,54,1,wk inc flu hosp,2026-05-16,quantile,0.95,18,West Virginia,Ensemble
2026-05-09,54,1,wk inc flu hosp,2026-05-16,quantile,0.975,22,West Virginia,Ensemble
2026-05-09,54,1,wk inc flu hosp,2026-05-16,quantile,0.99,29,West Virginia,Ensemble
2026-05-09,54,2,wk inc flu hosp,2026-05-23,quantile,0.01,0,West Virginia,Ensemble
2026-05-09,54,2,wk inc flu hosp,2026-05-23,quantile,0.025,0,West Virginia,Ensemble
2026-05-09,54,2,wk inc flu hosp,2026-05-23,quantile,0.05,0,West Virginia,Ensemble
2026-05-09,54,2,wk inc flu hosp,2026-05-23,quantile,0.1,0,West Virginia,Ensemble
2026-05-09,54,2,wk inc flu hosp,2026-05-23,quantile,0.15,1,West Virginia,Ensemble
2026-05-09,54,2,wk inc flu hosp,2026-05-23,quantile,0.2,1,West Virginia,Ensemble
2026-05-09,54,2,wk inc flu hosp,2026-05-23,quantile,0.25,1,West Virginia,Ensemble
2026-05-09,54,2,wk inc flu hosp,2026-05-23,quantile,0.3,1,West Virginia,Ensemble
2026-05-09,54,2,wk inc flu hosp,2026-05-23,quantile,0.35,2,West Virginia,Ensemble
2026-05-09,54,2,wk inc flu hosp,2026-05-23,quantile,0.4,2,West Virginia,Ensemble
2026-05-09,54,2,wk inc flu hosp,2026-05-23,quantile,0.45,2,West Virginia,Ensemble
2026-05-09,54,2,wk inc flu hosp,2026-05-23,quantile,0.5,4,West Virginia,Ensemble
2026-05-09,54,2,wk inc flu hosp,2026-05-23,quantile,0.55,4,West Virginia,Ensemble
2026-05-09,54,2,wk inc flu hosp,2026-05-23,quantile,0.6,5,West Virginia,Ensemble
2026-05-09,54,2,wk inc flu hosp,2026-05-23,quantile,0.65,5,West Virginia,Ensemble
2026-05-09,54,2,wk inc flu hosp,2026-05-23,quantile,0.7,6,West Virginia,Ensemble
2026-05-09,54,2,wk inc flu hosp,2026-05-23,quantile,0.75,7,West Virginia,Ensemble
2026-05-09,54,2,wk inc flu hosp,2026-05-23,quantile,0.8,8,West Virginia,Ensemble
2026-05-09,54,2,wk inc flu hosp,2026-05-23,quantile,0.85,9,West Virginia,Ensemble
2026-05-09,54,2,wk inc flu hosp,2026-05-23,quantile,0.9,12,West Virginia,Ensemble
2026-05-09,54,2,wk inc flu hosp,2026-05-23,quantile,0.95,17,West Virginia,Ensemble
2026-05-09,54,2,wk inc flu hosp,2026-05-23,quantile,0.975,22,West Virginia,Ensemble
2026-05-09,54,2,wk inc flu hosp,2026-05-23,quantile,0.99,29,West Virginia,Ensemble
2026-05-09,54,3,wk inc flu hosp,2026-05-30,quantile,0.01,0,West Virginia,Ensemble
2026-05-09,54,3,wk inc flu hosp,2026-05-30,quantile,0.025,0,West Virginia,Ensemble
2026-05-09,54,3,wk inc flu hosp,2026-05-30,quantile,0.05,0,West Virginia,Ensemble
2026-05-09,54,3,wk inc flu hosp,2026-05-30,quantile,0.1,0,West Virginia,Ensemble
2026-05-09,54,3,wk inc flu hosp,2026-05-30,quantile,0.15,0,West Virginia,Ensemble
2026-05-09,54,3,wk inc flu hosp,2026-05-30,quantile,0.2,1,West Virginia,Ensemble
2026-05-09,54,3,wk inc flu hosp,2026-05-30,quantile,0.25,1,West Virginia,Ensemble
2026-05-09,54,3,wk inc flu hosp,2026-05-30,quantile,0.3,1,West Virginia,Ensemble
2026-05-09,54,3,wk inc flu hosp,2026-05-30,quantile,0.35,1,West Virginia,Ensemble
2026-05-09,54,3,wk inc flu hosp,2026-05-30,quantile,0.4,2,West Virginia,Ensemble
2026-05-09,54,3,wk inc flu hosp,2026-05-30,quantile,0.45,2,West Virginia,Ensemble
2026-05-09,54,3,wk inc flu hosp,2026-05-30,quantile,0.5,3,West Virginia,Ensemble
2026-05-09,54,3,wk inc flu hosp,2026-05-30,quantile,0.55,4,West Virginia,Ensemble
2026-05-09,54,3,wk inc flu hosp,2026-05-30,quantile,0.6,4,West Virginia,Ensemble
2026-05-09,54,3,wk inc flu hosp,2026-05-30,quantile,0.65,5,West Virginia,Ensemble
2026-05-09,54,3,wk inc flu hosp,2026-05-30,quantile,0.7,6,West Virginia,Ensemble
2026-05-09,54,3,wk inc flu hosp,2026-05-30,quantile,0.75,6,West Virginia,Ensemble
2026-05-09,54,3,wk inc flu hosp,2026-05-30,quantile,0.8,8,West Virginia,Ensemble
2026-05-09,54,3,wk inc flu hosp,2026-05-30,quantile,0.85,9,West Virginia,Ensemble
2026-05-09,54,3,wk inc flu hosp,2026-05-30,quantile,0.9,12,West Virginia,Ensemble
2026-05-09,54,3,wk inc flu hosp,2026-05-30,quantile,0.95,17,West Virginia,Ensemble
2026-05-09,54,3,wk inc flu hosp,2026-05-30,quantile,0.975,24,West Virginia,Ensemble
2026-05-09,54,3,wk inc flu hosp,2026-05-30,quantile,0.99,34,West Virginia,Ensemble
2026-05-09,55,0,wk inc flu hosp,2026-05-09,quantile,0.01,1,Wisconsin,Ensemble
2026-05-09,55,0,wk inc flu hosp,2026-05-09,quantile,0.025,2,Wisconsin,Ensemble
2026-05-09,55,0,wk inc flu hosp,2026-05-09,quantile,0.05,2,Wisconsin,Ensemble
2026-05-09,55,0,wk inc flu hosp,2026-05-09,quantile,0.1,3,Wisconsin,Ensemble
2026-05-09,55,0,wk inc flu hosp,2026-05-09,quantile,0.15,4,Wisconsin,Ensemble
2026-05-09,55,0,wk inc flu hosp,2026-05-09,quantile,0.2,5,Wisconsin,Ensemble
2026-05-09,55,0,wk inc flu hosp,2026-05-09,quantile,0.25,6,Wisconsin,Ensemble
2026-05-09,55,0,wk inc flu hosp,2026-05-09,quantile,0.3,6,Wisconsin,Ensemble
2026-05-09,55,0,wk inc flu hosp,2026-05-09,quantile,0.35,7,Wisconsin,Ensemble
2026-05-09,55,0,wk inc flu hosp,2026-05-09,quantile,0.4,8,Wisconsin,Ensemble
2026-05-09,55,0,wk inc flu hosp,2026-05-09,quantile,0.45,8,Wisconsin,Ensemble
2026-05-09,55,0,wk inc flu hosp,2026-05-09,quantile,0.5,10,Wisconsin,Ensemble
2026-05-09,55,0,wk inc flu hosp,2026-05-09,quantile,0.55,11,Wisconsin,Ensemble
2026-05-09,55,0,wk inc flu hosp,2026-05-09,quantile,0.6,12,Wisconsin,Ensemble
2026-05-09,55,0,wk inc flu hosp,2026-05-09,quantile,0.65,13,Wisconsin,Ensemble
2026-05-09,55,0,wk inc flu hosp,2026-05-09,quantile,0.7,14,Wisconsin,Ensemble
2026-05-09,55,0,wk inc flu hosp,2026-05-09,quantile,0.75,15,Wisconsin,Ensemble
2026-05-09,55,0,wk inc flu hosp,2026-05-09,quantile,0.8,17,Wisconsin,Ensemble
2026-05-09,55,0,wk inc flu hosp,2026-05-09,quantile,0.85,19,Wisconsin,Ensemble
2026-05-09,55,0,wk inc flu hosp,2026-05-09,quantile,0.9,22,Wisconsin,Ensemble
2026-05-09,55,0,wk inc flu hosp,2026-05-09,quantile,0.95,28,Wisconsin,Ensemble
2026-05-09,55,0,wk inc flu hosp,2026-05-09,quantile,0.975,34,Wisconsin,Ensemble
2026-05-09,55,0,wk inc flu hosp,2026-05-09,quantile,0.99,44,Wisconsin,Ensemble
2026-05-09,55,1,wk inc flu hosp,2026-05-16,quantile,0.01,0,Wisconsin,Ensemble
2026-05-09,55,1,wk inc flu hosp,2026-05-16,quantile,0.025,1,Wisconsin,Ensemble
2026-05-09,55,1,wk inc flu hosp,2026-05-16,quantile,0.05,1,Wisconsin,Ensemble
2026-05-09,55,1,wk inc flu hosp,2026-05-16,quantile,0.1,2,Wisconsin,Ensemble
2026-05-09,55,1,wk inc flu hosp,2026-05-16,quantile,0.15,3,Wisconsin,Ensemble
2026-05-09,55,1,wk inc flu hosp,2026-05-16,quantile,0.2,3,Wisconsin,Ensemble
2026-05-09,55,1,wk inc flu hosp,2026-05-16,quantile,0.25,4,Wisconsin,Ensemble
2026-05-09,55,1,wk inc flu hosp,2026-05-16,quantile,0.3,4,Wisconsin,Ensemble
2026-05-09,55,1,wk inc flu hosp,2026-05-16,quantile,0.35,5,Wisconsin,Ensemble
2026-05-09,55,1,wk inc flu hosp,2026-05-16,quantile,0.4,5,Wisconsin,Ensemble
2026-05-09,55,1,wk inc flu hosp,2026-05-16,quantile,0.45,6,Wisconsin,Ensemble
2026-05-09,55,1,wk inc flu hosp,2026-05-16,quantile,0.5,8,Wisconsin,Ensemble
2026-05-09,55,1,wk inc flu hosp,2026-05-16,quantile,0.55,9,Wisconsin,Ensemble
2026-05-09,55,1,wk inc flu hosp,2026-05-16,quantile,0.6,10,Wisconsin,Ensemble
2026-05-09,55,1,wk inc flu hosp,2026-05-16,quantile,0.65,11,Wisconsin,Ensemble
2026-05-09,55,1,wk inc flu hosp,2026-05-16,quantile,0.7,12,Wisconsin,Ensemble
2026-05-09,55,1,wk inc flu hosp,2026-05-16,quantile,0.75,13,Wisconsin,Ensemble
2026-05-09,55,1,wk inc flu hosp,2026-05-16,quantile,0.8,16,Wisconsin,Ensemble
2026-05-09,55,1,wk inc flu hosp,2026-05-16,quantile,0.85,18,Wisconsin,Ensemble
2026-05-09,55,1,wk inc flu hosp,2026-05-16,quantile,0.9,23,Wisconsin,Ensemble
2026-05-09,55,1,wk inc flu hosp,2026-05-16,quantile,0.95,31,Wisconsin,Ensemble
2026-05-09,55,1,wk inc flu hosp,2026-05-16,quantile,0.975,40,Wisconsin,Ensemble
2026-05-09,55,1,wk inc flu hosp,2026-05-16,quantile,0.99,52,Wisconsin,Ensemble
2026-05-09,55,2,wk inc flu hosp,2026-05-23,quantile,0.01,0,Wisconsin,Ensemble
2026-05-09,55,2,wk inc flu hosp,2026-05-23,quantile,0.025,1,Wisconsin,Ensemble
2026-05-09,55,2,wk inc flu hosp,2026-05-23,quantile,0.05,1,Wisconsin,Ensemble
2026-05-09,55,2,wk inc flu hosp,2026-05-23,quantile,0.1,2,Wisconsin,Ensemble
2026-05-09,55,2,wk inc flu hosp,2026-05-23,quantile,0.15,2,Wisconsin,Ensemble
2026-05-09,55,2,wk inc flu hosp,2026-05-23,quantile,0.2,3,Wisconsin,Ensemble
2026-05-09,55,2,wk inc flu hosp,2026-05-23,quantile,0.25,3,Wisconsin,Ensemble
2026-05-09,55,2,wk inc flu hosp,2026-05-23,quantile,0.3,4,Wisconsin,Ensemble
2026-05-09,55,2,wk inc flu hosp,2026-05-23,quantile,0.35,4,Wisconsin,Ensemble
2026-05-09,55,2,wk inc flu hosp,2026-05-23,quantile,0.4,5,Wisconsin,Ensemble
2026-05-09,55,2,wk inc flu hosp,2026-05-23,quantile,0.45,5,Wisconsin,Ensemble
2026-05-09,55,2,wk inc flu hosp,2026-05-23,quantile,0.5,7,Wisconsin,Ensemble
2026-05-09,55,2,wk inc flu hosp,2026-05-23,quantile,0.55,8,Wisconsin,Ensemble
2026-05-09,55,2,wk inc flu hosp,2026-05-23,quantile,0.6,9,Wisconsin,Ensemble
2026-05-09,55,2,wk inc flu hosp,2026-05-23,quantile,0.65,10,Wisconsin,Ensemble
2026-05-09,55,2,wk inc flu hosp,2026-05-23,quantile,0.7,11,Wisconsin,Ensemble
2026-05-09,55,2,wk inc flu hosp,2026-05-23,quantile,0.75,12,Wisconsin,Ensemble
2026-05-09,55,2,wk inc flu hosp,2026-05-23,quantile,0.8,14,Wisconsin,Ensemble
2026-05-09,55,2,wk inc flu hosp,2026-05-23,quantile,0.85,18,Wisconsin,Ensemble
2026-05-09,55,2,wk inc flu hosp,2026-05-23,quantile,0.9,23,Wisconsin,Ensemble
2026-05-09,55,2,wk inc flu hosp,2026-05-23,quantile,0.95,34,Wisconsin,Ensemble
2026-05-09,55,2,wk inc flu hosp,2026-05-23,quantile,0.975,45,Wisconsin,Ensemble
2026-05-09,55,2,wk inc flu hosp,2026-05-23,quantile,0.99,61,Wisconsin,Ensemble
2026-05-09,55,3,wk inc flu hosp,2026-05-30,quantile,0.01,0,Wisconsin,Ensemble
2026-05-09,55,3,wk inc flu hosp,2026-05-30,quantile,0.025,0,Wisconsin,Ensemble
2026-05-09,55,3,wk inc flu hosp,2026-05-30,quantile,0.05,1,Wisconsin,Ensemble
2026-05-09,55,3,wk inc flu hosp,2026-05-30,quantile,0.1,1,Wisconsin,Ensemble
2026-05-09,55,3,wk inc flu hosp,2026-05-30,quantile,0.15,2,Wisconsin,Ensemble
2026-05-09,55,3,wk inc flu hosp,2026-05-30,quantile,0.2,2,Wisconsin,Ensemble
2026-05-09,55,3,wk inc flu hosp,2026-05-30,quantile,0.25,2,Wisconsin,Ensemble
2026-05-09,55,3,wk inc flu hosp,2026-05-30,quantile,0.3,3,Wisconsin,Ensemble
2026-05-09,55,3,wk inc flu hosp,2026-05-30,quantile,0.35,4,Wisconsin,Ensemble
2026-05-09,55,3,wk inc flu hosp,2026-05-30,quantile,0.4,4,Wisconsin,Ensemble
2026-05-09,55,3,wk inc flu hosp,2026-05-30,quantile,0.45,4,Wisconsin,Ensemble
2026-05-09,55,3,wk inc flu hosp,2026-05-30,quantile,0.5,6,Wisconsin,Ensemble
2026-05-09,55,3,wk inc flu hosp,2026-05-30,quantile,0.55,6,Wisconsin,Ensemble
2026-05-09,55,3,wk inc flu hosp,2026-05-30,quantile,0.6,7,Wisconsin,Ensemble
2026-05-09,55,3,wk inc flu hosp,2026-05-30,quantile,0.65,8,Wisconsin,Ensemble
2026-05-09,55,3,wk inc flu hosp,2026-05-30,quantile,0.7,9,Wisconsin,Ensemble
2026-05-09,55,3,wk inc flu hosp,2026-05-30,quantile,0.75,11,Wisconsin,Ensemble
2026-05-09,55,3,wk inc flu hosp,2026-05-30,quantile,0.8,13,Wisconsin,Ensemble
2026-05-09,55,3,wk inc flu hosp,2026-05-30,quantile,0.85,17,Wisconsin,Ensemble
2026-05-09,55,3,wk inc flu hosp,2026-05-30,quantile,0.9,23,Wisconsin,Ensemble
2026-05-09,55,3,wk inc flu hosp,2026-05-30,quantile,0.95,36,Wisconsin,Ensemble
2026-05-09,55,3,wk inc flu hosp,2026-05-30,quantile,0.975,49,Wisconsin,Ensemble
2026-05-09,55,3,wk inc flu hosp,2026-05-30,quantile,0.99,69,Wisconsin,Ensemble
2026-05-09,56,0,wk inc flu hosp,2026-05-09,quantile,0.01,0,Wyoming,Ensemble
2026-05-09,56,0,wk inc flu hosp,2026-05-09,quantile,0.025,0,Wyoming,Ensemble
2026-05-09,56,0,wk inc flu hosp,2026-05-09,quantile,0.05,0,Wyoming,Ensemble
2026-05-09,56,0,wk inc flu hosp,2026-05-09,quantile,0.1,0,Wyoming,Ensemble
2026-05-09,56,0,wk inc flu hosp,2026-05-09,quantile,0.15,0,Wyoming,Ensemble
2026-05-09,56,0,wk inc flu hosp,2026-05-09,quantile,0.2,0,Wyoming,Ensemble
2026-05-09,56,0,wk inc flu hosp,2026-05-09,quantile,0.25,1,Wyoming,Ensemble
2026-05-09,56,0,wk inc flu hosp,2026-05-09,quantile,0.3,1,Wyoming,Ensemble
2026-05-09,56,0,wk inc flu hosp,2026-05-09,quantile,0.35,1,Wyoming,Ensemble
2026-05-09,56,0,wk inc flu hosp,2026-05-09,quantile,0.4,1,Wyoming,Ensemble
2026-05-09,56,0,wk inc flu hosp,2026-05-09,quantile,0.45,1,Wyoming,Ensemble
2026-05-09,56,0,wk inc flu hosp,2026-05-09,quantile,0.5,2,Wyoming,Ensemble
2026-05-09,56,0,wk inc flu hosp,2026-05-09,quantile,0.55,3,Wyoming,Ensemble
2026-05-09,56,0,wk inc flu hosp,2026-05-09,quantile,0.6,3,Wyoming,Ensemble
2026-05-09,56,0,wk inc flu hosp,2026-05-09,quantile,0.65,3,Wyoming,Ensemble
2026-05-09,56,0,wk inc flu hosp,2026-05-09,quantile,0.7,4,Wyoming,Ensemble
2026-05-09,56,0,wk inc flu hosp,2026-05-09,quantile,0.75,4,Wyoming,Ensemble
2026-05-09,56,0,wk inc flu hosp,2026-05-09,quantile,0.8,5,Wyoming,Ensemble
2026-05-09,56,0,wk inc flu hosp,2026-05-09,quantile,0.85,5,Wyoming,Ensemble
2026-05-09,56,0,wk inc flu hosp,2026-05-09,quantile,0.9,6,Wyoming,Ensemble
2026-05-09,56,0,wk inc flu hosp,2026-05-09,quantile,0.95,8,Wyoming,Ensemble
2026-05-09,56,0,wk inc flu hosp,2026-05-09,quantile,0.975,10,Wyoming,Ensemble
2026-05-09,56,0,wk inc flu hosp,2026-05-09,quantile,0.99,13,Wyoming,Ensemble
2026-05-09,56,1,wk inc flu hosp,2026-05-16,quantile,0.01,0,Wyoming,Ensemble
2026-05-09,56,1,wk inc flu hosp,2026-05-16,quantile,0.025,0,Wyoming,Ensemble
2026-05-09,56,1,wk inc flu hosp,2026-05-16,quantile,0.05,0,Wyoming,Ensemble
2026-05-09,56,1,wk inc flu hosp,2026-05-16,quantile,0.1,0,Wyoming,Ensemble
2026-05-09,56,1,wk inc flu hosp,2026-05-16,quantile,0.15,0,Wyoming,Ensemble
2026-05-09,56,1,wk inc flu hosp,2026-05-16,quantile,0.2,0,Wyoming,Ensemble
2026-05-09,56,1,wk inc flu hosp,2026-05-16,quantile,0.25,0,Wyoming,Ensemble
2026-05-09,56,1,wk inc flu hosp,2026-05-16,quantile,0.3,0,Wyoming,Ensemble
2026-05-09,56,1,wk inc flu hosp,2026-05-16,quantile,0.35,1,Wyoming,Ensemble
2026-05-09,56,1,wk inc flu hosp,2026-05-16,quantile,0.4,1,Wyoming,Ensemble
2026-05-09,56,1,wk inc flu hosp,2026-05-16,quantile,0.45,1,Wyoming,Ensemble
2026-05-09,56,1,wk inc flu hosp,2026-05-16,quantile,0.5,2,Wyoming,Ensemble
2026-05-09,56,1,wk inc flu hosp,2026-05-16,quantile,0.55,3,Wyoming,Ensemble
2026-05-09,56,1,wk inc flu hosp,2026-05-16,quantile,0.6,3,Wyoming,Ensemble
2026-05-09,56,1,wk inc flu hosp,2026-05-16,quantile,0.65,3,Wyoming,Ensemble
2026-05-09,56,1,wk inc flu hosp,2026-05-16,quantile,0.7,4,Wyoming,Ensemble
2026-05-09,56,1,wk inc flu hosp,2026-05-16,quantile,0.75,4,Wyoming,Ensemble
2026-05-09,56,1,wk inc flu hosp,2026-05-16,quantile,0.8,5,Wyoming,Ensemble
2026-05-09,56,1,wk inc flu hosp,2026-05-16,quantile,0.85,5,Wyoming,Ensemble
2026-05-09,56,1,wk inc flu hosp,2026-05-16,quantile,0.9,6,Wyoming,Ensemble
2026-05-09,56,1,wk inc flu hosp,2026-05-16,quantile,0.95,8,Wyoming,Ensemble
2026-05-09,56,1,wk inc flu hosp,2026-05-16,quantile,0.975,11,Wyoming,Ensemble
2026-05-09,56,1,wk inc flu hosp,2026-05-16,quantile,0.99,14,Wyoming,Ensemble
2026-05-09,56,2,wk inc flu hosp,2026-05-23,quantile,0.01,0,Wyoming,Ensemble
2026-05-09,56,2,wk inc flu hosp,2026-05-23,quantile,0.025,0,Wyoming,Ensemble
2026-05-09,56,2,wk inc flu hosp,2026-05-23,quantile,0.05,0,Wyoming,Ensemble
2026-05-09,56,2,wk inc flu hosp,2026-05-23,quantile,0.1,0,Wyoming,Ensemble
2026-05-09,56,2,wk inc flu hosp,2026-05-23,quantile,0.15,0,Wyoming,Ensemble
2026-05-09,56,2,wk inc flu hosp,2026-05-23,quantile,0.2,0,Wyoming,Ensemble
2026-05-09,56,2,wk inc flu hosp,2026-05-23,quantile,0.25,0,Wyoming,Ensemble
2026-05-09,56,2,wk inc flu hosp,2026-05-23,quantile,0.3,0,Wyoming,Ensemble
2026-05-09,56,2,wk inc flu hosp,2026-05-23,quantile,0.35,0,Wyoming,Ensemble
2026-05-09,56,2,wk inc flu hosp,2026-05-23,quantile,0.4,1,Wyoming,Ensemble
2026-05-09,56,2,wk inc flu hosp,2026-05-23,quantile,0.45,1,Wyoming,Ensemble
2026-05-09,56,2,wk inc flu hosp,2026-05-23,quantile,0.5,2,Wyoming,Ensemble
2026-05-09,56,2,wk inc flu hosp,2026-05-23,quantile,0.55,2,Wyoming,Ensemble
2026-05-09,56,2,wk inc flu hosp,2026-05-23,quantile,0.6,3,Wyoming,Ensemble
2026-05-09,56,2,wk inc flu hosp,2026-05-23,quantile,0.65,3,Wyoming,Ensemble
2026-05-09,56,2,wk inc flu hosp,2026-05-23,quantile,0.7,3,Wyoming,Ensemble
2026-05-09,56,2,wk inc flu hosp,2026-05-23,quantile,0.75,4,Wyoming,Ensemble
2026-05-09,56,2,wk inc flu hosp,2026-05-23,quantile,0.8,4,Wyoming,Ensemble
2026-05-09,56,2,wk inc flu hosp,2026-05-23,quantile,0.85,5,Wyoming,Ensemble
2026-05-09,56,2,wk inc flu hosp,2026-05-23,quantile,0.9,6,Wyoming,Ensemble
2026-05-09,56,2,wk inc flu hosp,2026-05-23,quantile,0.95,9,Wyoming,Ensemble
2026-05-09,56,2,wk inc flu hosp,2026-05-23,quantile,0.975,12,Wyoming,Ensemble
2026-05-09,56,2,wk inc flu hosp,2026-05-23,quantile,0.99,16,Wyoming,Ensemble
2026-05-09,56,3,wk inc flu hosp,2026-05-30,quantile,0.01,0,Wyoming,Ensemble
2026-05-09,56,3,wk inc flu hosp,2026-05-30,quantile,0.025,0,Wyoming,Ensemble
2026-05-09,56,3,wk inc flu hosp,2026-05-30,quantile,0.05,0,Wyoming,Ensemble
2026-05-09,56,3,wk inc flu hosp,2026-05-30,quantile,0.1,0,Wyoming,Ensemble
2026-05-09,56,3,wk inc flu hosp,2026-05-30,quantile,0.15,0,Wyoming,Ensemble
2026-05-09,56,3,wk inc flu hosp,2026-05-30,quantile,0.2,0,Wyoming,Ensemble
2026-05-09,56,3,wk inc flu hosp,2026-05-30,quantile,0.25,0,Wyoming,Ensemble
2026-05-09,56,3,wk inc flu hosp,2026-05-30,quantile,0.3,0,Wyoming,Ensemble
2026-05-09,56,3,wk inc flu hosp,2026-05-30,quantile,0.35,0,Wyoming,Ensemble
2026-05-09,56,3,wk inc flu hosp,2026-05-30,quantile,0.4,0,Wyoming,Ensemble
2026-05-09,56,3,wk inc flu hosp,2026-05-30,quantile,0.45,1,Wyoming,Ensemble
2026-05-09,56,3,wk inc flu hosp,2026-05-30,quantile,0.5,2,Wyoming,Ensemble
2026-05-09,56,3,wk inc flu hosp,2026-05-30,quantile,0.55,2,Wyoming,Ensemble
2026-05-09,56,3,wk inc flu hosp,2026-05-30,quantile,0.6,2,Wyoming,Ensemble
2026-05-09,56,3,wk inc flu hosp,2026-05-30,quantile,0.65,3,Wyoming,Ensemble
2026-05-09,56,3,wk inc flu hosp,2026-05-30,quantile,0.7,3,Wyoming,Ensemble
2026-05-09,56,3,wk inc flu hosp,2026-05-30,quantile,0.75,3,Wyoming,Ensemble
2026-05-09,56,3,wk inc flu hosp,2026-05-30,quantile,0.8,4,Wyoming,Ensemble
2026-05-09,56,3,wk inc flu hosp,2026-05-30,quantile,0.85,5,Wyoming,Ensemble
2026-05-09,56,3,wk inc flu hosp,2026-05-30,quantile,0.9,6,Wyoming,Ensemble
2026-05-09,56,3,wk inc flu hosp,2026-05-30,quantile,0.95,9,Wyoming,Ensemble
2026-05-09,56,3,wk inc flu hosp,2026-05-30,quantile,0.975,12,Wyoming,Ensemble
2026-05-09,56,3,wk inc flu hosp,2026-05-30,quantile,0.99,17,Wyoming,Ensemble
2026-05-09,72,0,wk inc flu hosp,2026-05-09,quantile,0.01,34,Puerto Rico,Ensemble
2026-05-09,72,0,wk inc flu hosp,2026-05-09,quantile,0.025,41,Puerto Rico,Ensemble
2026-05-09,72,0,wk inc flu hosp,2026-05-09,quantile,0.05,48,Puerto Rico,Ensemble
2026-05-09,72,0,wk inc flu hosp,2026-05-09,quantile,0.1,57,Puerto Rico,Ensemble
2026-05-09,72,0,wk inc flu hosp,2026-05-09,quantile,0.15,63,Puerto Rico,Ensemble
2026-05-09,72,0,wk inc flu hosp,2026-05-09,quantile,0.2,68,Puerto Rico,Ensemble
2026-05-09,72,0,wk inc flu hosp,2026-05-09,quantile,0.25,72,Puerto Rico,Ensemble
2026-05-09,72,0,wk inc flu hosp,2026-05-09,quantile,0.3,77,Puerto Rico,Ensemble
2026-05-09,72,0,wk inc flu hosp,2026-05-09,quantile,0.35,81,Puerto Rico,Ensemble
2026-05-09,72,0,wk inc flu hosp,2026-05-09,quantile,0.4,85,Puerto Rico,Ensemble
2026-05-09,72,0,wk inc flu hosp,2026-05-09,quantile,0.45,90,Puerto Rico,Ensemble
2026-05-09,72,0,wk inc flu hosp,2026-05-09,quantile,0.5,95,Puerto Rico,Ensemble
2026-05-09,72,0,wk inc flu hosp,2026-05-09,quantile,0.55,100,Puerto Rico,Ensemble
2026-05-09,72,0,wk inc flu hosp,2026-05-09,quantile,0.6,105,Puerto Rico,Ensemble
2026-05-09,72,0,wk inc flu hosp,2026-05-09,quantile,0.65,110,Puerto Rico,Ensemble
2026-05-09,72,0,wk inc flu hosp,2026-05-09,quantile,0.7,116,Puerto Rico,Ensemble
2026-05-09,72,0,wk inc flu hosp,2026-05-09,quantile,0.75,122,Puerto Rico,Ensemble
2026-05-09,72,0,wk inc flu hosp,2026-05-09,quantile,0.8,130,Puerto Rico,Ensemble
2026-05-09,72,0,wk inc flu hosp,2026-05-09,quantile,0.85,138,Puerto Rico,Ensemble
2026-05-09,72,0,wk inc flu hosp,2026-05-09,quantile,0.9,150,Puerto Rico,Ensemble
2026-05-09,72,0,wk inc flu hosp,2026-05-09,quantile,0.95,167,Puerto Rico,Ensemble
2026-05-09,72,0,wk inc flu hosp,2026-05-09,quantile,0.975,184,Puerto Rico,Ensemble
2026-05-09,72,0,wk inc flu hosp,2026-05-09,quantile,0.99,207,Puerto Rico,Ensemble
2026-05-09,72,1,wk inc flu hosp,2026-05-16,quantile,0.01,26,Puerto Rico,Ensemble
2026-05-09,72,1,wk inc flu hosp,2026-05-16,quantile,0.025,32,Puerto Rico,Ensemble
2026-05-09,72,1,wk inc flu hosp,2026-05-16,quantile,0.05,38,Puerto Rico,Ensemble
2026-05-09,72,1,wk inc flu hosp,2026-05-16,quantile,0.1,47,Puerto Rico,Ensemble
2026-05-09,72,1,wk inc flu hosp,2026-05-16,quantile,0.15,53,Puerto Rico,Ensemble
2026-05-09,72,1,wk inc flu hosp,2026-05-16,quantile,0.2,58,Puerto Rico,Ensemble
2026-05-09,72,1,wk inc flu hosp,2026-05-16,quantile,0.25,63,Puerto Rico,Ensemble
2026-05-09,72,1,wk inc flu hosp,2026-05-16,quantile,0.3,68,Puerto Rico,Ensemble
2026-05-09,72,1,wk inc flu hosp,2026-05-16,quantile,0.35,72,Puerto Rico,Ensemble
2026-05-09,72,1,wk inc flu hosp,2026-05-16,quantile,0.4,77,Puerto Rico,Ensemble
2026-05-09,72,1,wk inc flu hosp,2026-05-16,quantile,0.45,82,Puerto Rico,Ensemble
2026-05-09,72,1,wk inc flu hosp,2026-05-16,quantile,0.5,88,Puerto Rico,Ensemble
2026-05-09,72,1,wk inc flu hosp,2026-05-16,quantile,0.55,93,Puerto Rico,Ensemble
2026-05-09,72,1,wk inc flu hosp,2026-05-16,quantile,0.6,99,Puerto Rico,Ensemble
2026-05-09,72,1,wk inc flu hosp,2026-05-16,quantile,0.65,105,Puerto Rico,Ensemble
2026-05-09,72,1,wk inc flu hosp,2026-05-16,quantile,0.7,113,Puerto Rico,Ensemble
2026-05-09,72,1,wk inc flu hosp,2026-05-16,quantile,0.75,120,Puerto Rico,Ensemble
2026-05-09,72,1,wk inc flu hosp,2026-05-16,quantile,0.8,129,Puerto Rico,Ensemble
2026-05-09,72,1,wk inc flu hosp,2026-05-16,quantile,0.85,140,Puerto Rico,Ensemble
2026-05-09,72,1,wk inc flu hosp,2026-05-16,quantile,0.9,155,Puerto Rico,Ensemble
2026-05-09,72,1,wk inc flu hosp,2026-05-16,quantile,0.95,179,Puerto Rico,Ensemble
2026-05-09,72,1,wk inc flu hosp,2026-05-16,quantile,0.975,204,Puerto Rico,Ensemble
2026-05-09,72,1,wk inc flu hosp,2026-05-16,quantile,0.99,234,Puerto Rico,Ensemble
2026-05-09,72,2,wk inc flu hosp,2026-05-23,quantile,0.01,21,Puerto Rico,Ensemble
2026-05-09,72,2,wk inc flu hosp,2026-05-23,quantile,0.025,26,Puerto Rico,Ensemble
2026-05-09,72,2,wk inc flu hosp,2026-05-23,quantile,0.05,31,Puerto Rico,Ensemble
2026-05-09,72,2,wk inc flu hosp,2026-05-23,quantile,0.1,38,Puerto Rico,Ensemble
2026-05-09,72,2,wk inc flu hosp,2026-05-23,quantile,0.15,44,Puerto Rico,Ensemble
2026-05-09,72,2,wk inc flu hosp,2026-05-23,quantile,0.2,49,Puerto Rico,Ensemble
2026-05-09,72,2,wk inc flu hosp,2026-05-23,quantile,0.25,54,Puerto Rico,Ensemble
2026-05-09,72,2,wk inc flu hosp,2026-05-23,quantile,0.3,58,Puerto Rico,Ensemble
2026-05-09,72,2,wk inc flu hosp,2026-05-23,quantile,0.35,63,Puerto Rico,Ensemble
2026-05-09,72,2,wk inc flu hosp,2026-05-23,quantile,0.4,69,Puerto Rico,Ensemble
2026-05-09,72,2,wk inc flu hosp,2026-05-23,quantile,0.45,74,Puerto Rico,Ensemble
2026-05-09,72,2,wk inc flu hosp,2026-05-23,quantile,0.5,80,Puerto Rico,Ensemble
2026-05-09,72,2,wk inc flu hosp,2026-05-23,quantile,0.55,86,Puerto Rico,Ensemble
2026-05-09,72,2,wk inc flu hosp,2026-05-23,quantile,0.6,92,Puerto Rico,Ensemble
2026-05-09,72,2,wk inc flu hosp,2026-05-23,quantile,0.65,99,Puerto Rico,Ensemble
2026-05-09,72,2,wk inc flu hosp,2026-05-23,quantile,0.7,106,Puerto Rico,Ensemble
2026-05-09,72,2,wk inc flu hosp,2026-05-23,quantile,0.75,115,Puerto Rico,Ensemble
2026-05-09,72,2,wk inc flu hosp,2026-05-23,quantile,0.8,125,Puerto Rico,Ensemble
2026-05-09,72,2,wk inc flu hosp,2026-05-23,quantile,0.85,138,Puerto Rico,Ensemble
2026-05-09,72,2,wk inc flu hosp,2026-05-23,quantile,0.9,155,Puerto Rico,Ensemble
2026-05-09,72,2,wk inc flu hosp,2026-05-23,quantile,0.95,184,Puerto Rico,Ensemble
2026-05-09,72,2,wk inc flu hosp,2026-05-23,quantile,0.975,212,Puerto Rico,Ensemble
2026-05-09,72,2,wk inc flu hosp,2026-05-23,quantile,0.99,252,Puerto Rico,Ensemble
2026-05-09,72,3,wk inc flu hosp,2026-05-30,quantile,0.01,18,Puerto Rico,Ensemble
2026-05-09,72,3,wk inc flu hosp,2026-05-30,quantile,0.025,21,Puerto Rico,Ensemble
2026-05-09,72,3,wk inc flu hosp,2026-05-30,quantile,0.05,26,Puerto Rico,Ensemble
2026-05-09,72,3,wk inc flu hosp,2026-05-30,quantile,0.1,32,Puerto Rico,Ensemble
2026-05-09,72,3,wk inc flu hosp,2026-05-30,quantile,0.15,38,Puerto Rico,Ensemble
2026-05-09,72,3,wk inc flu hosp,2026-05-30,quantile,0.2,43,Puerto Rico,Ensemble
2026-05-09,72,3,wk inc flu hosp,2026-05-30,quantile,0.25,48,Puerto Rico,Ensemble
2026-05-09,72,3,wk inc flu hosp,2026-05-30,quantile,0.3,52,Puerto Rico,Ensemble
2026-05-09,72,3,wk inc flu hosp,2026-05-30,quantile,0.35,57,Puerto Rico,Ensemble
2026-05-09,72,3,wk inc flu hosp,2026-05-30,quantile,0.4,61,Puerto Rico,Ensemble
2026-05-09,72,3,wk inc flu hosp,2026-05-30,quantile,0.45,66,Puerto Rico,Ensemble
2026-05-09,72,3,wk inc flu hosp,2026-05-30,quantile,0.5,73,Puerto Rico,Ensemble
2026-05-09,72,3,wk inc flu hosp,2026-05-30,quantile,0.55,79,Puerto Rico,Ensemble
2026-05-09,72,3,wk inc flu hosp,2026-05-30,quantile,0.6,85,Puerto Rico,Ensemble
2026-05-09,72,3,wk inc flu hosp,2026-05-30,quantile,0.65,92,Puerto Rico,Ensemble
2026-05-09,72,3,wk inc flu hosp,2026-05-30,quantile,0.7,100,Puerto Rico,Ensemble
2026-05-09,72,3,wk inc flu hosp,2026-05-30,quantile,0.75,110,Puerto Rico,Ensemble
2026-05-09,72,3,wk inc flu hosp,2026-05-30,quantile,0.8,121,Puerto Rico,Ensemble
2026-05-09,72,3,wk inc flu hosp,2026-05-30,quantile,0.85,135,Puerto Rico,Ensemble
2026-05-09,72,3,wk inc flu hosp,2026-05-30,quantile,0.9,155,Puerto Rico,Ensemble
2026-05-09,72,3,wk inc flu hosp,2026-05-30,quantile,0.95,188,Puerto Rico,Ensemble
2026-05-09,72,3,wk inc flu hosp,2026-05-30,quantile,0.975,221,Puerto Rico,Ensemble
2026-05-09,72,3,wk inc flu hosp,2026-05-30,quantile,0.99,271,Puerto Rico,Ensemble
2026-05-09,US,0,wk inc flu hosp,2026-05-09,quantile,0.01,598,US,Ensemble
2026-05-09,US,0,wk inc flu hosp,2026-05-09,quantile,0.025,700,US,Ensemble
2026-05-09,US,0,wk inc flu hosp,2026-05-09,quantile,0.05,793,US,Ensemble
2026-05-09,US,0,wk inc flu hosp,2026-05-09,quantile,0.1,914,US,Ensemble
2026-05-09,US,0,wk inc flu hosp,2026-05-09,quantile,0.15,998,US,Ensemble
2026-05-09,US,0,wk inc flu hosp,2026-05-09,quantile,0.2,1063,US,Ensemble
2026-05-09,US,0,wk inc flu hosp,2026-05-09,quantile,0.25,1125,US,Ensemble
2026-05-09,US,0,wk inc flu hosp,2026-05-09,quantile,0.3,1180,US,Ensemble
2026-05-09,US,0,wk inc flu hosp,2026-05-09,quantile,0.35,1231,US,Ensemble
2026-05-09,US,0,wk inc flu hosp,2026-05-09,quantile,0.4,1285,US,Ensemble
2026-05-09,US,0,wk inc flu hosp,2026-05-09,quantile,0.45,1335,US,Ensemble
2026-05-09,US,0,wk inc flu hosp,2026-05-09,quantile,0.5,1386,US,Ensemble
2026-05-09,US,0,wk inc flu hosp,2026-05-09,quantile,0.55,1437,US,Ensemble
2026-05-09,US,0,wk inc flu hosp,2026-05-09,quantile,0.6,1488,US,Ensemble
2026-05-09,US,0,wk inc flu hosp,2026-05-09,quantile,0.65,1546,US,Ensemble
2026-05-09,US,0,wk inc flu hosp,2026-05-09,quantile,0.7,1608,US,Ensemble
2026-05-09,US,0,wk inc flu hosp,2026-05-09,quantile,0.75,1679,US,Ensemble
2026-05-09,US,0,wk inc flu hosp,2026-05-09,quantile,0.8,1760,US,Ensemble
2026-05-09,US,0,wk inc flu hosp,2026-05-09,quantile,0.85,1858,US,Ensemble
2026-05-09,US,0,wk inc flu hosp,2026-05-09,quantile,0.9,1995,US,Ensemble
2026-05-09,US,0,wk inc flu hosp,2026-05-09,quantile,0.95,2228,US,Ensemble
2026-05-09,US,0,wk inc flu hosp,2026-05-09,quantile,0.975,2479,US,Ensemble
2026-05-09,US,0,wk inc flu hosp,2026-05-09,quantile,0.99,2809,US,Ensemble
2026-05-09,US,1,wk inc flu hosp,2026-05-16,quantile,0.01,427,US,Ensemble
2026-05-09,US,1,wk inc flu hosp,2026-05-16,quantile,0.025,516,US,Ensemble
2026-05-09,US,1,wk inc flu hosp,2026-05-16,quantile,0.05,593,US,Ensemble
2026-05-09,US,1,wk inc flu hosp,2026-05-16,quantile,0.1,691,US,Ensemble
2026-05-09,US,1,wk inc flu hosp,2026-05-16,quantile,0.15,769,US,Ensemble
2026-05-09,US,1,wk inc flu hosp,2026-05-16,quantile,0.2,848,US,Ensemble
2026-05-09,US,1,wk inc flu hosp,2026-05-16,quantile,0.25,922,US,Ensemble
2026-05-09,US,1,wk inc flu hosp,2026-05-16,quantile,0.3,987,US,Ensemble
2026-05-09,US,1,wk inc flu hosp,2026-05-16,quantile,0.35,1050,US,Ensemble
2026-05-09,US,1,wk inc flu hosp,2026-05-16,quantile,0.4,1111,US,Ensemble
2026-05-09,US,1,wk inc flu hosp,2026-05-16,quantile,0.45,1178,US,Ensemble
2026-05-09,US,1,wk inc flu hosp,2026-05-16,quantile,0.5,1248,US,Ensemble
2026-05-09,US,1,wk inc flu hosp,2026-05-16,quantile,0.55,1312,US,Ensemble
2026-05-09,US,1,wk inc flu hosp,2026-05-16,quantile,0.6,1381,US,Ensemble
2026-05-09,US,1,wk inc flu hosp,2026-05-16,quantile,0.65,1456,US,Ensemble
2026-05-09,US,1,wk inc flu hosp,2026-05-16,quantile,0.7,1540,US,Ensemble
2026-05-09,US,1,wk inc flu hosp,2026-05-16,quantile,0.75,1645,US,Ensemble
2026-05-09,US,1,wk inc flu hosp,2026-05-16,quantile,0.8,1772,US,Ensemble
2026-05-09,US,1,wk inc flu hosp,2026-05-16,quantile,0.85,1925,US,Ensemble
2026-05-09,US,1,wk inc flu hosp,2026-05-16,quantile,0.9,2137,US,Ensemble
2026-05-09,US,1,wk inc flu hosp,2026-05-16,quantile,0.95,2501,US,Ensemble
2026-05-09,US,1,wk inc flu hosp,2026-05-16,quantile,0.975,2888,US,Ensemble
2026-05-09,US,1,wk inc flu hosp,2026-05-16,quantile,0.99,3439,US,Ensemble
2026-05-09,US,2,wk inc flu hosp,2026-05-23,quantile,0.01,325,US,Ensemble
2026-05-09,US,2,wk inc flu hosp,2026-05-23,quantile,0.025,403,US,Ensemble
2026-05-09,US,2,wk inc flu hosp,2026-05-23,quantile,0.05,508,US,Ensemble
2026-05-09,US,2,wk inc flu hosp,2026-05-23,quantile,0.1,607,US,Ensemble
2026-05-09,US,2,wk inc flu hosp,2026-05-23,quantile,0.15,682,US,Ensemble
2026-05-09,US,2,wk inc flu hosp,2026-05-23,quantile,0.2,740,US,Ensemble
2026-05-09,US,2,wk inc flu hosp,2026-05-23,quantile,0.25,799,US,Ensemble
2026-05-09,US,2,wk inc flu hosp,2026-05-23,quantile,0.3,856,US,Ensemble
2026-05-09,US,2,wk inc flu hosp,2026-05-23,quantile,0.35,914,US,Ensemble
2026-05-09,US,2,wk inc flu hosp,2026-05-23,quantile,0.4,972,US,Ensemble
2026-05-09,US,2,wk inc flu hosp,2026-05-23,quantile,0.45,1035,US,Ensemble
2026-05-09,US,2,wk inc flu hosp,2026-05-23,quantile,0.5,1107,US,Ensemble
2026-05-09,US,2,wk inc flu hosp,2026-05-23,quantile,0.55,1179,US,Ensemble
2026-05-09,US,2,wk inc flu hosp,2026-05-23,quantile,0.6,1254,US,Ensemble
2026-05-09,US,2,wk inc flu hosp,2026-05-23,quantile,0.65,1343,US,Ensemble
2026-05-09,US,2,wk inc flu hosp,2026-05-23,quantile,0.7,1443,US,Ensemble
2026-05-09,US,2,wk inc flu hosp,2026-05-23,quantile,0.75,1562,US,Ensemble
2026-05-09,US,2,wk inc flu hosp,2026-05-23,quantile,0.8,1711,US,Ensemble
2026-05-09,US,2,wk inc flu hosp,2026-05-23,quantile,0.85,1921,US,Ensemble
2026-05-09,US,2,wk inc flu hosp,2026-05-23,quantile,0.9,2224,US,Ensemble
2026-05-09,US,2,wk inc flu hosp,2026-05-23,quantile,0.95,2772,US,Ensemble
2026-05-09,US,2,wk inc flu hosp,2026-05-23,quantile,0.975,3382,US,Ensemble
2026-05-09,US,2,wk inc flu hosp,2026-05-23,quantile,0.99,4163,US,Ensemble
2026-05-09,US,3,wk inc flu hosp,2026-05-30,quantile,0.01,279,US,Ensemble
2026-05-09,US,3,wk inc flu hosp,2026-05-30,quantile,0.025,346,US,Ensemble
2026-05-09,US,3,wk inc flu hosp,2026-05-30,quantile,0.05,433,US,Ensemble
2026-05-09,US,3,wk inc flu hosp,2026-05-30,quantile,0.1,522,US,Ensemble
2026-05-09,US,3,wk inc flu hosp,2026-05-30,quantile,0.15,595,US,Ensemble
2026-05-09,US,3,wk inc flu hosp,2026-05-30,quantile,0.2,646,US,Ensemble
2026-05-09,US,3,wk inc flu hosp,2026-05-30,quantile,0.25,693,US,Ensemble
2026-05-09,US,3,wk inc flu hosp,2026-05-30,quantile,0.3,746,US,Ensemble
2026-05-09,US,3,wk inc flu hosp,2026-05-30,quantile,0.35,799,US,Ensemble
2026-05-09,US,3,wk inc flu hosp,2026-05-30,quantile,0.4,854,US,Ensemble
2026-05-09,US,3,wk inc flu hosp,2026-05-30,quantile,0.45,914,US,Ensemble
2026-05-09,US,3,wk inc flu hosp,2026-05-30,quantile,0.5,979,US,Ensemble
2026-05-09,US,3,wk inc flu hosp,2026-05-30,quantile,0.55,1055,US,Ensemble
2026-05-09,US,3,wk inc flu hosp,2026-05-30,quantile,0.6,1142,US,Ensemble
2026-05-09,US,3,wk inc flu hosp,2026-05-30,quantile,0.65,1235,US,Ensemble
2026-05-09,US,3,wk inc flu hosp,2026-05-30,quantile,0.7,1347,US,Ensemble
2026-05-09,US,3,wk inc flu hosp,2026-05-30,quantile,0.75,1482,US,Ensemble
2026-05-09,US,3,wk inc flu hosp,2026-05-30,quantile,0.8,1654,US,Ensemble
2026-05-09,US,3,wk inc flu hosp,2026-05-30,quantile,0.85,1879,US,Ensemble
2026-05-09,US,3,wk inc flu hosp,2026-05-30,quantile,0.9,2240,US,Ensemble
2026-05-09,US,3,wk inc flu hosp,2026-05-30,quantile,0.95,2894,US,Ensemble
2026-05-09,US,3,wk inc flu hosp,2026-05-30,quantile,0.975,3567,US,Ensemble
2026-05-09,US,3,wk inc flu hosp,2026-05-30,quantile,0.99,4521,US,Ensemble
