reference_date,location,horizon,target,target_end_date,output_type,output_type_id,value,location_name,model_id
2026-05-23,01,0,wk inc flu hosp,2026-05-23,quantile,0.01,4,Alabama,Ensemble
2026-05-23,01,0,wk inc flu hosp,2026-05-23,quantile,0.025,5,Alabama,Ensemble
2026-05-23,01,0,wk inc flu hosp,2026-05-23,quantile,0.05,6,Alabama,Ensemble
2026-05-23,01,0,wk inc flu hosp,2026-05-23,quantile,0.1,8,Alabama,Ensemble
2026-05-23,01,0,wk inc flu hosp,2026-05-23,quantile,0.15,9,Alabama,Ensemble
2026-05-23,01,0,wk inc flu hosp,2026-05-23,quantile,0.2,11,Alabama,Ensemble
2026-05-23,01,0,wk inc flu hosp,2026-05-23,quantile,0.25,12,Alabama,Ensemble
2026-05-23,01,0,wk inc flu hosp,2026-05-23,quantile,0.3,13,Alabama,Ensemble
2026-05-23,01,0,wk inc flu hosp,2026-05-23,quantile,0.35,14,Alabama,Ensemble
2026-05-23,01,0,wk inc flu hosp,2026-05-23,quantile,0.4,16,Alabama,Ensemble
2026-05-23,01,0,wk inc flu hosp,2026-05-23,quantile,0.45,17,Alabama,Ensemble
2026-05-23,01,0,wk inc flu hosp,2026-05-23,quantile,0.5,19,Alabama,Ensemble
2026-05-23,01,0,wk inc flu hosp,2026-05-23,quantile,0.55,20,Alabama,Ensemble
2026-05-23,01,0,wk inc flu hosp,2026-05-23,quantile,0.6,21,Alabama,Ensemble
2026-05-23,01,0,wk inc flu hosp,2026-05-23,quantile,0.65,23,Alabama,Ensemble
2026-05-23,01,0,wk inc flu hosp,2026-05-23,quantile,0.7,24,Alabama,Ensemble
2026-05-23,01,0,wk inc flu hosp,2026-05-23,quantile,0.75,26,Alabama,Ensemble
2026-05-23,01,0,wk inc flu hosp,2026-05-23,quantile,0.8,28,Alabama,Ensemble
2026-05-23,01,0,wk inc flu hosp,2026-05-23,quantile,0.85,30,Alabama,Ensemble
2026-05-23,01,0,wk inc flu hosp,2026-05-23,quantile,0.9,34,Alabama,Ensemble
2026-05-23,01,0,wk inc flu hosp,2026-05-23,quantile,0.95,40,Alabama,Ensemble
2026-05-23,01,0,wk inc flu hosp,2026-05-23,quantile,0.975,52,Alabama,Ensemble
2026-05-23,01,0,wk inc flu hosp,2026-05-23,quantile,0.99,66,Alabama,Ensemble
2026-05-23,01,1,wk inc flu hosp,2026-05-30,quantile,0.01,2,Alabama,Ensemble
2026-05-23,01,1,wk inc flu hosp,2026-05-30,quantile,0.025,3,Alabama,Ensemble
2026-05-23,01,1,wk inc flu hosp,2026-05-30,quantile,0.05,4,Alabama,Ensemble
2026-05-23,01,1,wk inc flu hosp,2026-05-30,quantile,0.1,6,Alabama,Ensemble
2026-05-23,01,1,wk inc flu hosp,2026-05-30,quantile,0.15,7,Alabama,Ensemble
2026-05-23,01,1,wk inc flu hosp,2026-05-30,quantile,0.2,9,Alabama,Ensemble
2026-05-23,01,1,wk inc flu hosp,2026-05-30,quantile,0.25,10,Alabama,Ensemble
2026-05-23,01,1,wk inc flu hosp,2026-05-30,quantile,0.3,11,Alabama,Ensemble
2026-05-23,01,1,wk inc flu hosp,2026-05-30,quantile,0.35,12,Alabama,Ensemble
2026-05-23,01,1,wk inc flu hosp,2026-05-30,quantile,0.4,13,Alabama,Ensemble
2026-05-23,01,1,wk inc flu hosp,2026-05-30,quantile,0.45,15,Alabama,Ensemble
2026-05-23,01,1,wk inc flu hosp,2026-05-30,quantile,0.5,17,Alabama,Ensemble
2026-05-23,01,1,wk inc flu hosp,2026-05-30,quantile,0.55,19,Alabama,Ensemble
2026-05-23,01,1,wk inc flu hosp,2026-05-30,quantile,0.6,20,Alabama,Ensemble
2026-05-23,01,1,wk inc flu hosp,2026-05-30,quantile,0.65,22,Alabama,Ensemble
2026-05-23,01,1,wk inc flu hosp,2026-05-30,quantile,0.7,23,Alabama,Ensemble
2026-05-23,01,1,wk inc flu hosp,2026-05-30,quantile,0.75,25,Alabama,Ensemble
2026-05-23,01,1,wk inc flu hosp,2026-05-30,quantile,0.8,28,Alabama,Ensemble
2026-05-23,01,1,wk inc flu hosp,2026-05-30,quantile,0.85,31,Alabama,Ensemble
2026-05-23,01,1,wk inc flu hosp,2026-05-30,quantile,0.9,35,Alabama,Ensemble
2026-05-23,01,1,wk inc flu hosp,2026-05-30,quantile,0.95,45,Alabama,Ensemble
2026-05-23,01,1,wk inc flu hosp,2026-05-30,quantile,0.975,61,Alabama,Ensemble
2026-05-23,01,1,wk inc flu hosp,2026-05-30,quantile,0.99,74,Alabama,Ensemble
2026-05-23,01,2,wk inc flu hosp,2026-06-06,quantile,0.01,2,Alabama,Ensemble
2026-05-23,01,2,wk inc flu hosp,2026-06-06,quantile,0.025,3,Alabama,Ensemble
2026-05-23,01,2,wk inc flu hosp,2026-06-06,quantile,0.05,4,Alabama,Ensemble
2026-05-23,01,2,wk inc flu hosp,2026-06-06,quantile,0.1,6,Alabama,Ensemble
2026-05-23,01,2,wk inc flu hosp,2026-06-06,quantile,0.15,7,Alabama,Ensemble
2026-05-23,01,2,wk inc flu hosp,2026-06-06,quantile,0.2,8,Alabama,Ensemble
2026-05-23,01,2,wk inc flu hosp,2026-06-06,quantile,0.25,9,Alabama,Ensemble
2026-05-23,01,2,wk inc flu hosp,2026-06-06,quantile,0.3,10,Alabama,Ensemble
2026-05-23,01,2,wk inc flu hosp,2026-06-06,quantile,0.35,12,Alabama,Ensemble
2026-05-23,01,2,wk inc flu hosp,2026-06-06,quantile,0.4,13,Alabama,Ensemble
2026-05-23,01,2,wk inc flu hosp,2026-06-06,quantile,0.45,14,Alabama,Ensemble
2026-05-23,01,2,wk inc flu hosp,2026-06-06,quantile,0.5,17,Alabama,Ensemble
2026-05-23,01,2,wk inc flu hosp,2026-06-06,quantile,0.55,18,Alabama,Ensemble
2026-05-23,01,2,wk inc flu hosp,2026-06-06,quantile,0.6,20,Alabama,Ensemble
2026-05-23,01,2,wk inc flu hosp,2026-06-06,quantile,0.65,22,Alabama,Ensemble
2026-05-23,01,2,wk inc flu hosp,2026-06-06,quantile,0.7,24,Alabama,Ensemble
2026-05-23,01,2,wk inc flu hosp,2026-06-06,quantile,0.75,26,Alabama,Ensemble
2026-05-23,01,2,wk inc flu hosp,2026-06-06,quantile,0.8,29,Alabama,Ensemble
2026-05-23,01,2,wk inc flu hosp,2026-06-06,quantile,0.85,34,Alabama,Ensemble
2026-05-23,01,2,wk inc flu hosp,2026-06-06,quantile,0.9,39,Alabama,Ensemble
2026-05-23,01,2,wk inc flu hosp,2026-06-06,quantile,0.95,52,Alabama,Ensemble
2026-05-23,01,2,wk inc flu hosp,2026-06-06,quantile,0.975,66,Alabama,Ensemble
2026-05-23,01,2,wk inc flu hosp,2026-06-06,quantile,0.99,88,Alabama,Ensemble
2026-05-23,01,3,wk inc flu hosp,2026-06-13,quantile,0.01,1,Alabama,Ensemble
2026-05-23,01,3,wk inc flu hosp,2026-06-13,quantile,0.025,2,Alabama,Ensemble
2026-05-23,01,3,wk inc flu hosp,2026-06-13,quantile,0.05,3,Alabama,Ensemble
2026-05-23,01,3,wk inc flu hosp,2026-06-13,quantile,0.1,5,Alabama,Ensemble
2026-05-23,01,3,wk inc flu hosp,2026-06-13,quantile,0.15,6,Alabama,Ensemble
2026-05-23,01,3,wk inc flu hosp,2026-06-13,quantile,0.2,7,Alabama,Ensemble
2026-05-23,01,3,wk inc flu hosp,2026-06-13,quantile,0.25,8,Alabama,Ensemble
2026-05-23,01,3,wk inc flu hosp,2026-06-13,quantile,0.3,9,Alabama,Ensemble
2026-05-23,01,3,wk inc flu hosp,2026-06-13,quantile,0.35,11,Alabama,Ensemble
2026-05-23,01,3,wk inc flu hosp,2026-06-13,quantile,0.4,12,Alabama,Ensemble
2026-05-23,01,3,wk inc flu hosp,2026-06-13,quantile,0.45,13,Alabama,Ensemble
2026-05-23,01,3,wk inc flu hosp,2026-06-13,quantile,0.5,16,Alabama,Ensemble
2026-05-23,01,3,wk inc flu hosp,2026-06-13,quantile,0.55,18,Alabama,Ensemble
2026-05-23,01,3,wk inc flu hosp,2026-06-13,quantile,0.6,19,Alabama,Ensemble
2026-05-23,01,3,wk inc flu hosp,2026-06-13,quantile,0.65,21,Alabama,Ensemble
2026-05-23,01,3,wk inc flu hosp,2026-06-13,quantile,0.7,24,Alabama,Ensemble
2026-05-23,01,3,wk inc flu hosp,2026-06-13,quantile,0.75,26,Alabama,Ensemble
2026-05-23,01,3,wk inc flu hosp,2026-06-13,quantile,0.8,29,Alabama,Ensemble
2026-05-23,01,3,wk inc flu hosp,2026-06-13,quantile,0.85,34,Alabama,Ensemble
2026-05-23,01,3,wk inc flu hosp,2026-06-13,quantile,0.9,41,Alabama,Ensemble
2026-05-23,01,3,wk inc flu hosp,2026-06-13,quantile,0.95,57,Alabama,Ensemble
2026-05-23,01,3,wk inc flu hosp,2026-06-13,quantile,0.975,73,Alabama,Ensemble
2026-05-23,01,3,wk inc flu hosp,2026-06-13,quantile,0.99,95,Alabama,Ensemble
2026-05-23,02,0,wk inc flu hosp,2026-05-23,quantile,0.01,0,Alaska,Ensemble
2026-05-23,02,0,wk inc flu hosp,2026-05-23,quantile,0.025,0,Alaska,Ensemble
2026-05-23,02,0,wk inc flu hosp,2026-05-23,quantile,0.05,0,Alaska,Ensemble
2026-05-23,02,0,wk inc flu hosp,2026-05-23,quantile,0.1,0,Alaska,Ensemble
2026-05-23,02,0,wk inc flu hosp,2026-05-23,quantile,0.15,0,Alaska,Ensemble
2026-05-23,02,0,wk inc flu hosp,2026-05-23,quantile,0.2,0,Alaska,Ensemble
2026-05-23,02,0,wk inc flu hosp,2026-05-23,quantile,0.25,0,Alaska,Ensemble
2026-05-23,02,0,wk inc flu hosp,2026-05-23,quantile,0.3,0,Alaska,Ensemble
2026-05-23,02,0,wk inc flu hosp,2026-05-23,quantile,0.35,0,Alaska,Ensemble
2026-05-23,02,0,wk inc flu hosp,2026-05-23,quantile,0.4,0,Alaska,Ensemble
2026-05-23,02,0,wk inc flu hosp,2026-05-23,quantile,0.45,0,Alaska,Ensemble
2026-05-23,02,0,wk inc flu hosp,2026-05-23,quantile,0.5,2,Alaska,Ensemble
2026-05-23,02,0,wk inc flu hosp,2026-05-23,quantile,0.55,2,Alaska,Ensemble
2026-05-23,02,0,wk inc flu hosp,2026-05-23,quantile,0.6,2,Alaska,Ensemble
2026-05-23,02,0,wk inc flu hosp,2026-05-23,quantile,0.65,2,Alaska,Ensemble
2026-05-23,02,0,wk inc flu hosp,2026-05-23,quantile,0.7,3,Alaska,Ensemble
2026-05-23,02,0,wk inc flu hosp,2026-05-23,quantile,0.75,3,Alaska,Ensemble
2026-05-23,02,0,wk inc flu hosp,2026-05-23,quantile,0.8,4,Alaska,Ensemble
2026-05-23,02,0,wk inc flu hosp,2026-05-23,quantile,0.85,4,Alaska,Ensemble
2026-05-23,02,0,wk inc flu hosp,2026-05-23,quantile,0.9,5,Alaska,Ensemble
2026-05-23,02,0,wk inc flu hosp,2026-05-23,quantile,0.95,6,Alaska,Ensemble
2026-05-23,02,0,wk inc flu hosp,2026-05-23,quantile,0.975,9,Alaska,Ensemble
2026-05-23,02,0,wk inc flu hosp,2026-05-23,quantile,0.99,11,Alaska,Ensemble
2026-05-23,02,1,wk inc flu hosp,2026-05-30,quantile,0.01,0,Alaska,Ensemble
2026-05-23,02,1,wk inc flu hosp,2026-05-30,quantile,0.025,0,Alaska,Ensemble
2026-05-23,02,1,wk inc flu hosp,2026-05-30,quantile,0.05,0,Alaska,Ensemble
2026-05-23,02,1,wk inc flu hosp,2026-05-30,quantile,0.1,0,Alaska,Ensemble
2026-05-23,02,1,wk inc flu hosp,2026-05-30,quantile,0.15,0,Alaska,Ensemble
2026-05-23,02,1,wk inc flu hosp,2026-05-30,quantile,0.2,0,Alaska,Ensemble
2026-05-23,02,1,wk inc flu hosp,2026-05-30,quantile,0.25,0,Alaska,Ensemble
2026-05-23,02,1,wk inc flu hosp,2026-05-30,quantile,0.3,0,Alaska,Ensemble
2026-05-23,02,1,wk inc flu hosp,2026-05-30,quantile,0.35,0,Alaska,Ensemble
2026-05-23,02,1,wk inc flu hosp,2026-05-30,quantile,0.4,0,Alaska,Ensemble
2026-05-23,02,1,wk inc flu hosp,2026-05-30,quantile,0.45,0,Alaska,Ensemble
2026-05-23,02,1,wk inc flu hosp,2026-05-30,quantile,0.5,1,Alaska,Ensemble
2026-05-23,02,1,wk inc flu hosp,2026-05-30,quantile,0.55,2,Alaska,Ensemble
2026-05-23,02,1,wk inc flu hosp,2026-05-30,quantile,0.6,2,Alaska,Ensemble
2026-05-23,02,1,wk inc flu hosp,2026-05-30,quantile,0.65,2,Alaska,Ensemble
2026-05-23,02,1,wk inc flu hosp,2026-05-30,quantile,0.7,3,Alaska,Ensemble
2026-05-23,02,1,wk inc flu hosp,2026-05-30,quantile,0.75,3,Alaska,Ensemble
2026-05-23,02,1,wk inc flu hosp,2026-05-30,quantile,0.8,4,Alaska,Ensemble
2026-05-23,02,1,wk inc flu hosp,2026-05-30,quantile,0.85,4,Alaska,Ensemble
2026-05-23,02,1,wk inc flu hosp,2026-05-30,quantile,0.9,5,Alaska,Ensemble
2026-05-23,02,1,wk inc flu hosp,2026-05-30,quantile,0.95,7,Alaska,Ensemble
2026-05-23,02,1,wk inc flu hosp,2026-05-30,quantile,0.975,9,Alaska,Ensemble
2026-05-23,02,1,wk inc flu hosp,2026-05-30,quantile,0.99,14,Alaska,Ensemble
2026-05-23,02,2,wk inc flu hosp,2026-06-06,quantile,0.01,0,Alaska,Ensemble
2026-05-23,02,2,wk inc flu hosp,2026-06-06,quantile,0.025,0,Alaska,Ensemble
2026-05-23,02,2,wk inc flu hosp,2026-06-06,quantile,0.05,0,Alaska,Ensemble
2026-05-23,02,2,wk inc flu hosp,2026-06-06,quantile,0.1,0,Alaska,Ensemble
2026-05-23,02,2,wk inc flu hosp,2026-06-06,quantile,0.15,0,Alaska,Ensemble
2026-05-23,02,2,wk inc flu hosp,2026-06-06,quantile,0.2,0,Alaska,Ensemble
2026-05-23,02,2,wk inc flu hosp,2026-06-06,quantile,0.25,0,Alaska,Ensemble
2026-05-23,02,2,wk inc flu hosp,2026-06-06,quantile,0.3,0,Alaska,Ensemble
2026-05-23,02,2,wk inc flu hosp,2026-06-06,quantile,0.35,0,Alaska,Ensemble
2026-05-23,02,2,wk inc flu hosp,2026-06-06,quantile,0.4,0,Alaska,Ensemble
2026-05-23,02,2,wk inc flu hosp,2026-06-06,quantile,0.45,0,Alaska,Ensemble
2026-05-23,02,2,wk inc flu hosp,2026-06-06,quantile,0.5,2,Alaska,Ensemble
2026-05-23,02,2,wk inc flu hosp,2026-06-06,quantile,0.55,2,Alaska,Ensemble
2026-05-23,02,2,wk inc flu hosp,2026-06-06,quantile,0.6,2,Alaska,Ensemble
2026-05-23,02,2,wk inc flu hosp,2026-06-06,quantile,0.65,2,Alaska,Ensemble
2026-05-23,02,2,wk inc flu hosp,2026-06-06,quantile,0.7,3,Alaska,Ensemble
2026-05-23,02,2,wk inc flu hosp,2026-06-06,quantile,0.75,3,Alaska,Ensemble
2026-05-23,02,2,wk inc flu hosp,2026-06-06,quantile,0.8,4,Alaska,Ensemble
2026-05-23,02,2,wk inc flu hosp,2026-06-06,quantile,0.85,5,Alaska,Ensemble
2026-05-23,02,2,wk inc flu hosp,2026-06-06,quantile,0.9,6,Alaska,Ensemble
2026-05-23,02,2,wk inc flu hosp,2026-06-06,quantile,0.95,8,Alaska,Ensemble
2026-05-23,02,2,wk inc flu hosp,2026-06-06,quantile,0.975,10,Alaska,Ensemble
2026-05-23,02,2,wk inc flu hosp,2026-06-06,quantile,0.99,15,Alaska,Ensemble
2026-05-23,02,3,wk inc flu hosp,2026-06-13,quantile,0.01,0,Alaska,Ensemble
2026-05-23,02,3,wk inc flu hosp,2026-06-13,quantile,0.025,0,Alaska,Ensemble
2026-05-23,02,3,wk inc flu hosp,2026-06-13,quantile,0.05,0,Alaska,Ensemble
2026-05-23,02,3,wk inc flu hosp,2026-06-13,quantile,0.1,0,Alaska,Ensemble
2026-05-23,02,3,wk inc flu hosp,2026-06-13,quantile,0.15,0,Alaska,Ensemble
2026-05-23,02,3,wk inc flu hosp,2026-06-13,quantile,0.2,0,Alaska,Ensemble
2026-05-23,02,3,wk inc flu hosp,2026-06-13,quantile,0.25,0,Alaska,Ensemble
2026-05-23,02,3,wk inc flu hosp,2026-06-13,quantile,0.3,0,Alaska,Ensemble
2026-05-23,02,3,wk inc flu hosp,2026-06-13,quantile,0.35,0,Alaska,Ensemble
2026-05-23,02,3,wk inc flu hosp,2026-06-13,quantile,0.4,0,Alaska,Ensemble
2026-05-23,02,3,wk inc flu hosp,2026-06-13,quantile,0.45,0,Alaska,Ensemble
2026-05-23,02,3,wk inc flu hosp,2026-06-13,quantile,0.5,1,Alaska,Ensemble
2026-05-23,02,3,wk inc flu hosp,2026-06-13,quantile,0.55,2,Alaska,Ensemble
2026-05-23,02,3,wk inc flu hosp,2026-06-13,quantile,0.6,2,Alaska,Ensemble
2026-05-23,02,3,wk inc flu hosp,2026-06-13,quantile,0.65,2,Alaska,Ensemble
2026-05-23,02,3,wk inc flu hosp,2026-06-13,quantile,0.7,3,Alaska,Ensemble
2026-05-23,02,3,wk inc flu hosp,2026-06-13,quantile,0.75,3,Alaska,Ensemble
2026-05-23,02,3,wk inc flu hosp,2026-06-13,quantile,0.8,4,Alaska,Ensemble
2026-05-23,02,3,wk inc flu hosp,2026-06-13,quantile,0.85,5,Alaska,Ensemble
2026-05-23,02,3,wk inc flu hosp,2026-06-13,quantile,0.9,6,Alaska,Ensemble
2026-05-23,02,3,wk inc flu hosp,2026-06-13,quantile,0.95,8,Alaska,Ensemble
2026-05-23,02,3,wk inc flu hosp,2026-06-13,quantile,0.975,11,Alaska,Ensemble
2026-05-23,02,3,wk inc flu hosp,2026-06-13,quantile,0.99,18,Alaska,Ensemble
2026-05-23,04,0,wk inc flu hosp,2026-05-23,quantile,0.01,10,Arizona,Ensemble
2026-05-23,04,0,wk inc flu hosp,2026-05-23,quantile,0.025,13,Arizona,Ensemble
2026-05-23,04,0,wk inc flu hosp,2026-05-23,quantile,0.05,16,Arizona,Ensemble
2026-05-23,04,0,wk inc flu hosp,2026-05-23,quantile,0.1,20,Arizona,Ensemble
2026-05-23,04,0,wk inc flu hosp,2026-05-23,quantile,0.15,23,Arizona,Ensemble
2026-05-23,04,0,wk inc flu hosp,2026-05-23,quantile,0.2,26,Arizona,Ensemble
2026-05-23,04,0,wk inc flu hosp,2026-05-23,quantile,0.25,28,Arizona,Ensemble
2026-05-23,04,0,wk inc flu hosp,2026-05-23,quantile,0.3,30,Arizona,Ensemble
2026-05-23,04,0,wk inc flu hosp,2026-05-23,quantile,0.35,33,Arizona,Ensemble
2026-05-23,04,0,wk inc flu hosp,2026-05-23,quantile,0.4,35,Arizona,Ensemble
2026-05-23,04,0,wk inc flu hosp,2026-05-23,quantile,0.45,37,Arizona,Ensemble
2026-05-23,04,0,wk inc flu hosp,2026-05-23,quantile,0.5,41,Arizona,Ensemble
2026-05-23,04,0,wk inc flu hosp,2026-05-23,quantile,0.55,44,Arizona,Ensemble
2026-05-23,04,0,wk inc flu hosp,2026-05-23,quantile,0.6,46,Arizona,Ensemble
2026-05-23,04,0,wk inc flu hosp,2026-05-23,quantile,0.65,49,Arizona,Ensemble
2026-05-23,04,0,wk inc flu hosp,2026-05-23,quantile,0.7,52,Arizona,Ensemble
2026-05-23,04,0,wk inc flu hosp,2026-05-23,quantile,0.75,56,Arizona,Ensemble
2026-05-23,04,0,wk inc flu hosp,2026-05-23,quantile,0.8,60,Arizona,Ensemble
2026-05-23,04,0,wk inc flu hosp,2026-05-23,quantile,0.85,65,Arizona,Ensemble
2026-05-23,04,0,wk inc flu hosp,2026-05-23,quantile,0.9,72,Arizona,Ensemble
2026-05-23,04,0,wk inc flu hosp,2026-05-23,quantile,0.95,85,Arizona,Ensemble
2026-05-23,04,0,wk inc flu hosp,2026-05-23,quantile,0.975,98,Arizona,Ensemble
2026-05-23,04,0,wk inc flu hosp,2026-05-23,quantile,0.99,121,Arizona,Ensemble
2026-05-23,04,1,wk inc flu hosp,2026-05-30,quantile,0.01,7,Arizona,Ensemble
2026-05-23,04,1,wk inc flu hosp,2026-05-30,quantile,0.025,9,Arizona,Ensemble
2026-05-23,04,1,wk inc flu hosp,2026-05-30,quantile,0.05,12,Arizona,Ensemble
2026-05-23,04,1,wk inc flu hosp,2026-05-30,quantile,0.1,16,Arizona,Ensemble
2026-05-23,04,1,wk inc flu hosp,2026-05-30,quantile,0.15,19,Arizona,Ensemble
2026-05-23,04,1,wk inc flu hosp,2026-05-30,quantile,0.2,22,Arizona,Ensemble
2026-05-23,04,1,wk inc flu hosp,2026-05-30,quantile,0.25,24,Arizona,Ensemble
2026-05-23,04,1,wk inc flu hosp,2026-05-30,quantile,0.3,27,Arizona,Ensemble
2026-05-23,04,1,wk inc flu hosp,2026-05-30,quantile,0.35,29,Arizona,Ensemble
2026-05-23,04,1,wk inc flu hosp,2026-05-30,quantile,0.4,31,Arizona,Ensemble
2026-05-23,04,1,wk inc flu hosp,2026-05-30,quantile,0.45,34,Arizona,Ensemble
2026-05-23,04,1,wk inc flu hosp,2026-05-30,quantile,0.5,38,Arizona,Ensemble
2026-05-23,04,1,wk inc flu hosp,2026-05-30,quantile,0.55,41,Arizona,Ensemble
2026-05-23,04,1,wk inc flu hosp,2026-05-30,quantile,0.6,44,Arizona,Ensemble
2026-05-23,04,1,wk inc flu hosp,2026-05-30,quantile,0.65,48,Arizona,Ensemble
2026-05-23,04,1,wk inc flu hosp,2026-05-30,quantile,0.7,51,Arizona,Ensemble
2026-05-23,04,1,wk inc flu hosp,2026-05-30,quantile,0.75,56,Arizona,Ensemble
2026-05-23,04,1,wk inc flu hosp,2026-05-30,quantile,0.8,61,Arizona,Ensemble
2026-05-23,04,1,wk inc flu hosp,2026-05-30,quantile,0.85,68,Arizona,Ensemble
2026-05-23,04,1,wk inc flu hosp,2026-05-30,quantile,0.9,78,Arizona,Ensemble
2026-05-23,04,1,wk inc flu hosp,2026-05-30,quantile,0.95,97,Arizona,Ensemble
2026-05-23,04,1,wk inc flu hosp,2026-05-30,quantile,0.975,119,Arizona,Ensemble
2026-05-23,04,1,wk inc flu hosp,2026-05-30,quantile,0.99,157,Arizona,Ensemble
2026-05-23,04,2,wk inc flu hosp,2026-06-06,quantile,0.01,4,Arizona,Ensemble
2026-05-23,04,2,wk inc flu hosp,2026-06-06,quantile,0.025,6,Arizona,Ensemble
2026-05-23,04,2,wk inc flu hosp,2026-06-06,quantile,0.05,8,Arizona,Ensemble
2026-05-23,04,2,wk inc flu hosp,2026-06-06,quantile,0.1,12,Arizona,Ensemble
2026-05-23,04,2,wk inc flu hosp,2026-06-06,quantile,0.15,15,Arizona,Ensemble
2026-05-23,04,2,wk inc flu hosp,2026-06-06,quantile,0.2,18,Arizona,Ensemble
2026-05-23,04,2,wk inc flu hosp,2026-06-06,quantile,0.25,21,Arizona,Ensemble
2026-05-23,04,2,wk inc flu hosp,2026-06-06,quantile,0.3,23,Arizona,Ensemble
2026-05-23,04,2,wk inc flu hosp,2026-06-06,quantile,0.35,25,Arizona,Ensemble
2026-05-23,04,2,wk inc flu hosp,2026-06-06,quantile,0.4,27,Arizona,Ensemble
2026-05-23,04,2,wk inc flu hosp,2026-06-06,quantile,0.45,30,Arizona,Ensemble
2026-05-23,04,2,wk inc flu hosp,2026-06-06,quantile,0.5,34,Arizona,Ensemble
2026-05-23,04,2,wk inc flu hosp,2026-06-06,quantile,0.55,37,Arizona,Ensemble
2026-05-23,04,2,wk inc flu hosp,2026-06-06,quantile,0.6,41,Arizona,Ensemble
2026-05-23,04,2,wk inc flu hosp,2026-06-06,quantile,0.65,44,Arizona,Ensemble
2026-05-23,04,2,wk inc flu hosp,2026-06-06,quantile,0.7,49,Arizona,Ensemble
2026-05-23,04,2,wk inc flu hosp,2026-06-06,quantile,0.75,54,Arizona,Ensemble
2026-05-23,04,2,wk inc flu hosp,2026-06-06,quantile,0.8,60,Arizona,Ensemble
2026-05-23,04,2,wk inc flu hosp,2026-06-06,quantile,0.85,68,Arizona,Ensemble
2026-05-23,04,2,wk inc flu hosp,2026-06-06,quantile,0.9,79,Arizona,Ensemble
2026-05-23,04,2,wk inc flu hosp,2026-06-06,quantile,0.95,105,Arizona,Ensemble
2026-05-23,04,2,wk inc flu hosp,2026-06-06,quantile,0.975,128,Arizona,Ensemble
2026-05-23,04,2,wk inc flu hosp,2026-06-06,quantile,0.99,178,Arizona,Ensemble
2026-05-23,04,3,wk inc flu hosp,2026-06-13,quantile,0.01,3,Arizona,Ensemble
2026-05-23,04,3,wk inc flu hosp,2026-06-13,quantile,0.025,4,Arizona,Ensemble
2026-05-23,04,3,wk inc flu hosp,2026-06-13,quantile,0.05,6,Arizona,Ensemble
2026-05-23,04,3,wk inc flu hosp,2026-06-13,quantile,0.1,10,Arizona,Ensemble
2026-05-23,04,3,wk inc flu hosp,2026-06-13,quantile,0.15,12,Arizona,Ensemble
2026-05-23,04,3,wk inc flu hosp,2026-06-13,quantile,0.2,15,Arizona,Ensemble
2026-05-23,04,3,wk inc flu hosp,2026-06-13,quantile,0.25,16,Arizona,Ensemble
2026-05-23,04,3,wk inc flu hosp,2026-06-13,quantile,0.3,19,Arizona,Ensemble
2026-05-23,04,3,wk inc flu hosp,2026-06-13,quantile,0.35,21,Arizona,Ensemble
2026-05-23,04,3,wk inc flu hosp,2026-06-13,quantile,0.4,23,Arizona,Ensemble
2026-05-23,04,3,wk inc flu hosp,2026-06-13,quantile,0.45,25,Arizona,Ensemble
2026-05-23,04,3,wk inc flu hosp,2026-06-13,quantile,0.5,29,Arizona,Ensemble
2026-05-23,04,3,wk inc flu hosp,2026-06-13,quantile,0.55,32,Arizona,Ensemble
2026-05-23,04,3,wk inc flu hosp,2026-06-13,quantile,0.6,36,Arizona,Ensemble
2026-05-23,04,3,wk inc flu hosp,2026-06-13,quantile,0.65,40,Arizona,Ensemble
2026-05-23,04,3,wk inc flu hosp,2026-06-13,quantile,0.7,44,Arizona,Ensemble
2026-05-23,04,3,wk inc flu hosp,2026-06-13,quantile,0.75,48,Arizona,Ensemble
2026-05-23,04,3,wk inc flu hosp,2026-06-13,quantile,0.8,55,Arizona,Ensemble
2026-05-23,04,3,wk inc flu hosp,2026-06-13,quantile,0.85,63,Arizona,Ensemble
2026-05-23,04,3,wk inc flu hosp,2026-06-13,quantile,0.9,77,Arizona,Ensemble
2026-05-23,04,3,wk inc flu hosp,2026-06-13,quantile,0.95,101,Arizona,Ensemble
2026-05-23,04,3,wk inc flu hosp,2026-06-13,quantile,0.975,128,Arizona,Ensemble
2026-05-23,04,3,wk inc flu hosp,2026-06-13,quantile,0.99,199,Arizona,Ensemble
2026-05-23,05,0,wk inc flu hosp,2026-05-23,quantile,0.01,0,Arkansas,Ensemble
2026-05-23,05,0,wk inc flu hosp,2026-05-23,quantile,0.025,1,Arkansas,Ensemble
2026-05-23,05,0,wk inc flu hosp,2026-05-23,quantile,0.05,1,Arkansas,Ensemble
2026-05-23,05,0,wk inc flu hosp,2026-05-23,quantile,0.1,2,Arkansas,Ensemble
2026-05-23,05,0,wk inc flu hosp,2026-05-23,quantile,0.15,2,Arkansas,Ensemble
2026-05-23,05,0,wk inc flu hosp,2026-05-23,quantile,0.2,3,Arkansas,Ensemble
2026-05-23,05,0,wk inc flu hosp,2026-05-23,quantile,0.25,3,Arkansas,Ensemble
2026-05-23,05,0,wk inc flu hosp,2026-05-23,quantile,0.3,4,Arkansas,Ensemble
2026-05-23,05,0,wk inc flu hosp,2026-05-23,quantile,0.35,4,Arkansas,Ensemble
2026-05-23,05,0,wk inc flu hosp,2026-05-23,quantile,0.4,5,Arkansas,Ensemble
2026-05-23,05,0,wk inc flu hosp,2026-05-23,quantile,0.45,5,Arkansas,Ensemble
2026-05-23,05,0,wk inc flu hosp,2026-05-23,quantile,0.5,7,Arkansas,Ensemble
2026-05-23,05,0,wk inc flu hosp,2026-05-23,quantile,0.55,8,Arkansas,Ensemble
2026-05-23,05,0,wk inc flu hosp,2026-05-23,quantile,0.6,8,Arkansas,Ensemble
2026-05-23,05,0,wk inc flu hosp,2026-05-23,quantile,0.65,9,Arkansas,Ensemble
2026-05-23,05,0,wk inc flu hosp,2026-05-23,quantile,0.7,10,Arkansas,Ensemble
2026-05-23,05,0,wk inc flu hosp,2026-05-23,quantile,0.75,11,Arkansas,Ensemble
2026-05-23,05,0,wk inc flu hosp,2026-05-23,quantile,0.8,12,Arkansas,Ensemble
2026-05-23,05,0,wk inc flu hosp,2026-05-23,quantile,0.85,14,Arkansas,Ensemble
2026-05-23,05,0,wk inc flu hosp,2026-05-23,quantile,0.9,16,Arkansas,Ensemble
2026-05-23,05,0,wk inc flu hosp,2026-05-23,quantile,0.95,20,Arkansas,Ensemble
2026-05-23,05,0,wk inc flu hosp,2026-05-23,quantile,0.975,24,Arkansas,Ensemble
2026-05-23,05,0,wk inc flu hosp,2026-05-23,quantile,0.99,32,Arkansas,Ensemble
2026-05-23,05,1,wk inc flu hosp,2026-05-30,quantile,0.01,0,Arkansas,Ensemble
2026-05-23,05,1,wk inc flu hosp,2026-05-30,quantile,0.025,0,Arkansas,Ensemble
2026-05-23,05,1,wk inc flu hosp,2026-05-30,quantile,0.05,1,Arkansas,Ensemble
2026-05-23,05,1,wk inc flu hosp,2026-05-30,quantile,0.1,1,Arkansas,Ensemble
2026-05-23,05,1,wk inc flu hosp,2026-05-30,quantile,0.15,2,Arkansas,Ensemble
2026-05-23,05,1,wk inc flu hosp,2026-05-30,quantile,0.2,2,Arkansas,Ensemble
2026-05-23,05,1,wk inc flu hosp,2026-05-30,quantile,0.25,3,Arkansas,Ensemble
2026-05-23,05,1,wk inc flu hosp,2026-05-30,quantile,0.3,3,Arkansas,Ensemble
2026-05-23,05,1,wk inc flu hosp,2026-05-30,quantile,0.35,4,Arkansas,Ensemble
2026-05-23,05,1,wk inc flu hosp,2026-05-30,quantile,0.4,4,Arkansas,Ensemble
2026-05-23,05,1,wk inc flu hosp,2026-05-30,quantile,0.45,5,Arkansas,Ensemble
2026-05-23,05,1,wk inc flu hosp,2026-05-30,quantile,0.5,7,Arkansas,Ensemble
2026-05-23,05,1,wk inc flu hosp,2026-05-30,quantile,0.55,7,Arkansas,Ensemble
2026-05-23,05,1,wk inc flu hosp,2026-05-30,quantile,0.6,9,Arkansas,Ensemble
2026-05-23,05,1,wk inc flu hosp,2026-05-30,quantile,0.65,10,Arkansas,Ensemble
2026-05-23,05,1,wk inc flu hosp,2026-05-30,quantile,0.7,10,Arkansas,Ensemble
2026-05-23,05,1,wk inc flu hosp,2026-05-30,quantile,0.75,12,Arkansas,Ensemble
2026-05-23,05,1,wk inc flu hosp,2026-05-30,quantile,0.8,13,Arkansas,Ensemble
2026-05-23,05,1,wk inc flu hosp,2026-05-30,quantile,0.85,15,Arkansas,Ensemble
2026-05-23,05,1,wk inc flu hosp,2026-05-30,quantile,0.9,18,Arkansas,Ensemble
2026-05-23,05,1,wk inc flu hosp,2026-05-30,quantile,0.95,24,Arkansas,Ensemble
2026-05-23,05,1,wk inc flu hosp,2026-05-30,quantile,0.975,32,Arkansas,Ensemble
2026-05-23,05,1,wk inc flu hosp,2026-05-30,quantile,0.99,42,Arkansas,Ensemble
2026-05-23,05,2,wk inc flu hosp,2026-06-06,quantile,0.01,0,Arkansas,Ensemble
2026-05-23,05,2,wk inc flu hosp,2026-06-06,quantile,0.025,0,Arkansas,Ensemble
2026-05-23,05,2,wk inc flu hosp,2026-06-06,quantile,0.05,0,Arkansas,Ensemble
2026-05-23,05,2,wk inc flu hosp,2026-06-06,quantile,0.1,1,Arkansas,Ensemble
2026-05-23,05,2,wk inc flu hosp,2026-06-06,quantile,0.15,1,Arkansas,Ensemble
2026-05-23,05,2,wk inc flu hosp,2026-06-06,quantile,0.2,2,Arkansas,Ensemble
2026-05-23,05,2,wk inc flu hosp,2026-06-06,quantile,0.25,2,Arkansas,Ensemble
2026-05-23,05,2,wk inc flu hosp,2026-06-06,quantile,0.3,3,Arkansas,Ensemble
2026-05-23,05,2,wk inc flu hosp,2026-06-06,quantile,0.35,3,Arkansas,Ensemble
2026-05-23,05,2,wk inc flu hosp,2026-06-06,quantile,0.4,4,Arkansas,Ensemble
2026-05-23,05,2,wk inc flu hosp,2026-06-06,quantile,0.45,4,Arkansas,Ensemble
2026-05-23,05,2,wk inc flu hosp,2026-06-06,quantile,0.5,6,Arkansas,Ensemble
2026-05-23,05,2,wk inc flu hosp,2026-06-06,quantile,0.55,7,Arkansas,Ensemble
2026-05-23,05,2,wk inc flu hosp,2026-06-06,quantile,0.6,8,Arkansas,Ensemble
2026-05-23,05,2,wk inc flu hosp,2026-06-06,quantile,0.65,10,Arkansas,Ensemble
2026-05-23,05,2,wk inc flu hosp,2026-06-06,quantile,0.7,11,Arkansas,Ensemble
2026-05-23,05,2,wk inc flu hosp,2026-06-06,quantile,0.75,12,Arkansas,Ensemble
2026-05-23,05,2,wk inc flu hosp,2026-06-06,quantile,0.8,14,Arkansas,Ensemble
2026-05-23,05,2,wk inc flu hosp,2026-06-06,quantile,0.85,16,Arkansas,Ensemble
2026-05-23,05,2,wk inc flu hosp,2026-06-06,quantile,0.9,19,Arkansas,Ensemble
2026-05-23,05,2,wk inc flu hosp,2026-06-06,quantile,0.95,27,Arkansas,Ensemble
2026-05-23,05,2,wk inc flu hosp,2026-06-06,quantile,0.975,36,Arkansas,Ensemble
2026-05-23,05,2,wk inc flu hosp,2026-06-06,quantile,0.99,45,Arkansas,Ensemble
2026-05-23,05,3,wk inc flu hosp,2026-06-13,quantile,0.01,0,Arkansas,Ensemble
2026-05-23,05,3,wk inc flu hosp,2026-06-13,quantile,0.025,0,Arkansas,Ensemble
2026-05-23,05,3,wk inc flu hosp,2026-06-13,quantile,0.05,0,Arkansas,Ensemble
2026-05-23,05,3,wk inc flu hosp,2026-06-13,quantile,0.1,1,Arkansas,Ensemble
2026-05-23,05,3,wk inc flu hosp,2026-06-13,quantile,0.15,1,Arkansas,Ensemble
2026-05-23,05,3,wk inc flu hosp,2026-06-13,quantile,0.2,2,Arkansas,Ensemble
2026-05-23,05,3,wk inc flu hosp,2026-06-13,quantile,0.25,2,Arkansas,Ensemble
2026-05-23,05,3,wk inc flu hosp,2026-06-13,quantile,0.3,2,Arkansas,Ensemble
2026-05-23,05,3,wk inc flu hosp,2026-06-13,quantile,0.35,3,Arkansas,Ensemble
2026-05-23,05,3,wk inc flu hosp,2026-06-13,quantile,0.4,3,Arkansas,Ensemble
2026-05-23,05,3,wk inc flu hosp,2026-06-13,quantile,0.45,4,Arkansas,Ensemble
2026-05-23,05,3,wk inc flu hosp,2026-06-13,quantile,0.5,6,Arkansas,Ensemble
2026-05-23,05,3,wk inc flu hosp,2026-06-13,quantile,0.55,7,Arkansas,Ensemble
2026-05-23,05,3,wk inc flu hosp,2026-06-13,quantile,0.6,8,Arkansas,Ensemble
2026-05-23,05,3,wk inc flu hosp,2026-06-13,quantile,0.65,10,Arkansas,Ensemble
2026-05-23,05,3,wk inc flu hosp,2026-06-13,quantile,0.7,11,Arkansas,Ensemble
2026-05-23,05,3,wk inc flu hosp,2026-06-13,quantile,0.75,12,Arkansas,Ensemble
2026-05-23,05,3,wk inc flu hosp,2026-06-13,quantile,0.8,15,Arkansas,Ensemble
2026-05-23,05,3,wk inc flu hosp,2026-06-13,quantile,0.85,17,Arkansas,Ensemble
2026-05-23,05,3,wk inc flu hosp,2026-06-13,quantile,0.9,21,Arkansas,Ensemble
2026-05-23,05,3,wk inc flu hosp,2026-06-13,quantile,0.95,30,Arkansas,Ensemble
2026-05-23,05,3,wk inc flu hosp,2026-06-13,quantile,0.975,38,Arkansas,Ensemble
2026-05-23,05,3,wk inc flu hosp,2026-06-13,quantile,0.99,57,Arkansas,Ensemble
2026-05-23,06,0,wk inc flu hosp,2026-05-23,quantile,0.01,51,California,Ensemble
2026-05-23,06,0,wk inc flu hosp,2026-05-23,quantile,0.025,61,California,Ensemble
2026-05-23,06,0,wk inc flu hosp,2026-05-23,quantile,0.05,72,California,Ensemble
2026-05-23,06,0,wk inc flu hosp,2026-05-23,quantile,0.1,88,California,Ensemble
2026-05-23,06,0,wk inc flu hosp,2026-05-23,quantile,0.15,99,California,Ensemble
2026-05-23,06,0,wk inc flu hosp,2026-05-23,quantile,0.2,107,California,Ensemble
2026-05-23,06,0,wk inc flu hosp,2026-05-23,quantile,0.25,115,California,Ensemble
2026-05-23,06,0,wk inc flu hosp,2026-05-23,quantile,0.3,122,California,Ensemble
2026-05-23,06,0,wk inc flu hosp,2026-05-23,quantile,0.35,129,California,Ensemble
2026-05-23,06,0,wk inc flu hosp,2026-05-23,quantile,0.4,134,California,Ensemble
2026-05-23,06,0,wk inc flu hosp,2026-05-23,quantile,0.45,140,California,Ensemble
2026-05-23,06,0,wk inc flu hosp,2026-05-23,quantile,0.5,148,California,Ensemble
2026-05-23,06,0,wk inc flu hosp,2026-05-23,quantile,0.55,155,California,Ensemble
2026-05-23,06,0,wk inc flu hosp,2026-05-23,quantile,0.6,162,California,Ensemble
2026-05-23,06,0,wk inc flu hosp,2026-05-23,quantile,0.65,169,California,Ensemble
2026-05-23,06,0,wk inc flu hosp,2026-05-23,quantile,0.7,177,California,Ensemble
2026-05-23,06,0,wk inc flu hosp,2026-05-23,quantile,0.75,185,California,Ensemble
2026-05-23,06,0,wk inc flu hosp,2026-05-23,quantile,0.8,196,California,Ensemble
2026-05-23,06,0,wk inc flu hosp,2026-05-23,quantile,0.85,208,California,Ensemble
2026-05-23,06,0,wk inc flu hosp,2026-05-23,quantile,0.9,226,California,Ensemble
2026-05-23,06,0,wk inc flu hosp,2026-05-23,quantile,0.95,257,California,Ensemble
2026-05-23,06,0,wk inc flu hosp,2026-05-23,quantile,0.975,288,California,Ensemble
2026-05-23,06,0,wk inc flu hosp,2026-05-23,quantile,0.99,349,California,Ensemble
2026-05-23,06,1,wk inc flu hosp,2026-05-30,quantile,0.01,36,California,Ensemble
2026-05-23,06,1,wk inc flu hosp,2026-05-30,quantile,0.025,46,California,Ensemble
2026-05-23,06,1,wk inc flu hosp,2026-05-30,quantile,0.05,55,California,Ensemble
2026-05-23,06,1,wk inc flu hosp,2026-05-30,quantile,0.1,69,California,Ensemble
2026-05-23,06,1,wk inc flu hosp,2026-05-30,quantile,0.15,79,California,Ensemble
2026-05-23,06,1,wk inc flu hosp,2026-05-30,quantile,0.2,88,California,Ensemble
2026-05-23,06,1,wk inc flu hosp,2026-05-30,quantile,0.25,96,California,Ensemble
2026-05-23,06,1,wk inc flu hosp,2026-05-30,quantile,0.3,105,California,Ensemble
2026-05-23,06,1,wk inc flu hosp,2026-05-30,quantile,0.35,113,California,Ensemble
2026-05-23,06,1,wk inc flu hosp,2026-05-30,quantile,0.4,120,California,Ensemble
2026-05-23,06,1,wk inc flu hosp,2026-05-30,quantile,0.45,128,California,Ensemble
2026-05-23,06,1,wk inc flu hosp,2026-05-30,quantile,0.5,137,California,Ensemble
2026-05-23,06,1,wk inc flu hosp,2026-05-30,quantile,0.55,146,California,Ensemble
2026-05-23,06,1,wk inc flu hosp,2026-05-30,quantile,0.6,154,California,Ensemble
2026-05-23,06,1,wk inc flu hosp,2026-05-30,quantile,0.65,163,California,Ensemble
2026-05-23,06,1,wk inc flu hosp,2026-05-30,quantile,0.7,172,California,Ensemble
2026-05-23,06,1,wk inc flu hosp,2026-05-30,quantile,0.75,184,California,Ensemble
2026-05-23,06,1,wk inc flu hosp,2026-05-30,quantile,0.8,197,California,Ensemble
2026-05-23,06,1,wk inc flu hosp,2026-05-30,quantile,0.85,213,California,Ensemble
2026-05-23,06,1,wk inc flu hosp,2026-05-30,quantile,0.9,236,California,Ensemble
2026-05-23,06,1,wk inc flu hosp,2026-05-30,quantile,0.95,282,California,Ensemble
2026-05-23,06,1,wk inc flu hosp,2026-05-30,quantile,0.975,349,California,Ensemble
2026-05-23,06,1,wk inc flu hosp,2026-05-30,quantile,0.99,433,California,Ensemble
2026-05-23,06,2,wk inc flu hosp,2026-06-06,quantile,0.01,28,California,Ensemble
2026-05-23,06,2,wk inc flu hosp,2026-06-06,quantile,0.025,36,California,Ensemble
2026-05-23,06,2,wk inc flu hosp,2026-06-06,quantile,0.05,44,California,Ensemble
2026-05-23,06,2,wk inc flu hosp,2026-06-06,quantile,0.1,57,California,Ensemble
2026-05-23,06,2,wk inc flu hosp,2026-06-06,quantile,0.15,67,California,Ensemble
2026-05-23,06,2,wk inc flu hosp,2026-06-06,quantile,0.2,78,California,Ensemble
2026-05-23,06,2,wk inc flu hosp,2026-06-06,quantile,0.25,85,California,Ensemble
2026-05-23,06,2,wk inc flu hosp,2026-06-06,quantile,0.3,92,California,Ensemble
2026-05-23,06,2,wk inc flu hosp,2026-06-06,quantile,0.35,101,California,Ensemble
2026-05-23,06,2,wk inc flu hosp,2026-06-06,quantile,0.4,109,California,Ensemble
2026-05-23,06,2,wk inc flu hosp,2026-06-06,quantile,0.45,117,California,Ensemble
2026-05-23,06,2,wk inc flu hosp,2026-06-06,quantile,0.5,127,California,Ensemble
2026-05-23,06,2,wk inc flu hosp,2026-06-06,quantile,0.55,136,California,Ensemble
2026-05-23,06,2,wk inc flu hosp,2026-06-06,quantile,0.6,146,California,Ensemble
2026-05-23,06,2,wk inc flu hosp,2026-06-06,quantile,0.65,156,California,Ensemble
2026-05-23,06,2,wk inc flu hosp,2026-06-06,quantile,0.7,166,California,Ensemble
2026-05-23,06,2,wk inc flu hosp,2026-06-06,quantile,0.75,179,California,Ensemble
2026-05-23,06,2,wk inc flu hosp,2026-06-06,quantile,0.8,194,California,Ensemble
2026-05-23,06,2,wk inc flu hosp,2026-06-06,quantile,0.85,215,California,Ensemble
2026-05-23,06,2,wk inc flu hosp,2026-06-06,quantile,0.9,243,California,Ensemble
2026-05-23,06,2,wk inc flu hosp,2026-06-06,quantile,0.95,312,California,Ensemble
2026-05-23,06,2,wk inc flu hosp,2026-06-06,quantile,0.975,390,California,Ensemble
2026-05-23,06,2,wk inc flu hosp,2026-06-06,quantile,0.99,495,California,Ensemble
2026-05-23,06,3,wk inc flu hosp,2026-06-13,quantile,0.01,23,California,Ensemble
2026-05-23,06,3,wk inc flu hosp,2026-06-13,quantile,0.025,28,California,Ensemble
2026-05-23,06,3,wk inc flu hosp,2026-06-13,quantile,0.05,36,California,Ensemble
2026-05-23,06,3,wk inc flu hosp,2026-06-13,quantile,0.1,46,California,Ensemble
2026-05-23,06,3,wk inc flu hosp,2026-06-13,quantile,0.15,55,California,Ensemble
2026-05-23,06,3,wk inc flu hosp,2026-06-13,quantile,0.2,63,California,Ensemble
2026-05-23,06,3,wk inc flu hosp,2026-06-13,quantile,0.25,71,California,Ensemble
2026-05-23,06,3,wk inc flu hosp,2026-06-13,quantile,0.3,78,California,Ensemble
2026-05-23,06,3,wk inc flu hosp,2026-06-13,quantile,0.35,86,California,Ensemble
2026-05-23,06,3,wk inc flu hosp,2026-06-13,quantile,0.4,95,California,Ensemble
2026-05-23,06,3,wk inc flu hosp,2026-06-13,quantile,0.45,105,California,Ensemble
2026-05-23,06,3,wk inc flu hosp,2026-06-13,quantile,0.5,115,California,Ensemble
2026-05-23,06,3,wk inc flu hosp,2026-06-13,quantile,0.55,125,California,Ensemble
2026-05-23,06,3,wk inc flu hosp,2026-06-13,quantile,0.6,136,California,Ensemble
2026-05-23,06,3,wk inc flu hosp,2026-06-13,quantile,0.65,148,California,Ensemble
2026-05-23,06,3,wk inc flu hosp,2026-06-13,quantile,0.7,161,California,Ensemble
2026-05-23,06,3,wk inc flu hosp,2026-06-13,quantile,0.75,174,California,Ensemble
2026-05-23,06,3,wk inc flu hosp,2026-06-13,quantile,0.8,191,California,Ensemble
2026-05-23,06,3,wk inc flu hosp,2026-06-13,quantile,0.85,213,California,Ensemble
2026-05-23,06,3,wk inc flu hosp,2026-06-13,quantile,0.9,243,California,Ensemble
2026-05-23,06,3,wk inc flu hosp,2026-06-13,quantile,0.95,328,California,Ensemble
2026-05-23,06,3,wk inc flu hosp,2026-06-13,quantile,0.975,416,California,Ensemble
2026-05-23,06,3,wk inc flu hosp,2026-06-13,quantile,0.99,577,California,Ensemble
2026-05-23,08,0,wk inc flu hosp,2026-05-23,quantile,0.01,1,Colorado,Ensemble
2026-05-23,08,0,wk inc flu hosp,2026-05-23,quantile,0.025,2,Colorado,Ensemble
2026-05-23,08,0,wk inc flu hosp,2026-05-23,quantile,0.05,2,Colorado,Ensemble
2026-05-23,08,0,wk inc flu hosp,2026-05-23,quantile,0.1,3,Colorado,Ensemble
2026-05-23,08,0,wk inc flu hosp,2026-05-23,quantile,0.15,4,Colorado,Ensemble
2026-05-23,08,0,wk inc flu hosp,2026-05-23,quantile,0.2,5,Colorado,Ensemble
2026-05-23,08,0,wk inc flu hosp,2026-05-23,quantile,0.25,6,Colorado,Ensemble
2026-05-23,08,0,wk inc flu hosp,2026-05-23,quantile,0.3,7,Colorado,Ensemble
2026-05-23,08,0,wk inc flu hosp,2026-05-23,quantile,0.35,8,Colorado,Ensemble
2026-05-23,08,0,wk inc flu hosp,2026-05-23,quantile,0.4,8,Colorado,Ensemble
2026-05-23,08,0,wk inc flu hosp,2026-05-23,quantile,0.45,9,Colorado,Ensemble
2026-05-23,08,0,wk inc flu hosp,2026-05-23,quantile,0.5,11,Colorado,Ensemble
2026-05-23,08,0,wk inc flu hosp,2026-05-23,quantile,0.55,12,Colorado,Ensemble
2026-05-23,08,0,wk inc flu hosp,2026-05-23,quantile,0.6,13,Colorado,Ensemble
2026-05-23,08,0,wk inc flu hosp,2026-05-23,quantile,0.65,14,Colorado,Ensemble
2026-05-23,08,0,wk inc flu hosp,2026-05-23,quantile,0.7,16,Colorado,Ensemble
2026-05-23,08,0,wk inc flu hosp,2026-05-23,quantile,0.75,18,Colorado,Ensemble
2026-05-23,08,0,wk inc flu hosp,2026-05-23,quantile,0.8,19,Colorado,Ensemble
2026-05-23,08,0,wk inc flu hosp,2026-05-23,quantile,0.85,22,Colorado,Ensemble
2026-05-23,08,0,wk inc flu hosp,2026-05-23,quantile,0.9,26,Colorado,Ensemble
2026-05-23,08,0,wk inc flu hosp,2026-05-23,quantile,0.95,33,Colorado,Ensemble
2026-05-23,08,0,wk inc flu hosp,2026-05-23,quantile,0.975,41,Colorado,Ensemble
2026-05-23,08,0,wk inc flu hosp,2026-05-23,quantile,0.99,55,Colorado,Ensemble
2026-05-23,08,1,wk inc flu hosp,2026-05-30,quantile,0.01,1,Colorado,Ensemble
2026-05-23,08,1,wk inc flu hosp,2026-05-30,quantile,0.025,1,Colorado,Ensemble
2026-05-23,08,1,wk inc flu hosp,2026-05-30,quantile,0.05,1,Colorado,Ensemble
2026-05-23,08,1,wk inc flu hosp,2026-05-30,quantile,0.1,2,Colorado,Ensemble
2026-05-23,08,1,wk inc flu hosp,2026-05-30,quantile,0.15,3,Colorado,Ensemble
2026-05-23,08,1,wk inc flu hosp,2026-05-30,quantile,0.2,4,Colorado,Ensemble
2026-05-23,08,1,wk inc flu hosp,2026-05-30,quantile,0.25,4,Colorado,Ensemble
2026-05-23,08,1,wk inc flu hosp,2026-05-30,quantile,0.3,5,Colorado,Ensemble
2026-05-23,08,1,wk inc flu hosp,2026-05-30,quantile,0.35,6,Colorado,Ensemble
2026-05-23,08,1,wk inc flu hosp,2026-05-30,quantile,0.4,7,Colorado,Ensemble
2026-05-23,08,1,wk inc flu hosp,2026-05-30,quantile,0.45,8,Colorado,Ensemble
2026-05-23,08,1,wk inc flu hosp,2026-05-30,quantile,0.5,10,Colorado,Ensemble
2026-05-23,08,1,wk inc flu hosp,2026-05-30,quantile,0.55,12,Colorado,Ensemble
2026-05-23,08,1,wk inc flu hosp,2026-05-30,quantile,0.6,13,Colorado,Ensemble
2026-05-23,08,1,wk inc flu hosp,2026-05-30,quantile,0.65,15,Colorado,Ensemble
2026-05-23,08,1,wk inc flu hosp,2026-05-30,quantile,0.7,16,Colorado,Ensemble
2026-05-23,08,1,wk inc flu hosp,2026-05-30,quantile,0.75,18,Colorado,Ensemble
2026-05-23,08,1,wk inc flu hosp,2026-05-30,quantile,0.8,21,Colorado,Ensemble
2026-05-23,08,1,wk inc flu hosp,2026-05-30,quantile,0.85,24,Colorado,Ensemble
2026-05-23,08,1,wk inc flu hosp,2026-05-30,quantile,0.9,30,Colorado,Ensemble
2026-05-23,08,1,wk inc flu hosp,2026-05-30,quantile,0.95,41,Colorado,Ensemble
2026-05-23,08,1,wk inc flu hosp,2026-05-30,quantile,0.975,53,Colorado,Ensemble
2026-05-23,08,1,wk inc flu hosp,2026-05-30,quantile,0.99,77,Colorado,Ensemble
2026-05-23,08,2,wk inc flu hosp,2026-06-06,quantile,0.01,0,Colorado,Ensemble
2026-05-23,08,2,wk inc flu hosp,2026-06-06,quantile,0.025,1,Colorado,Ensemble
2026-05-23,08,2,wk inc flu hosp,2026-06-06,quantile,0.05,1,Colorado,Ensemble
2026-05-23,08,2,wk inc flu hosp,2026-06-06,quantile,0.1,2,Colorado,Ensemble
2026-05-23,08,2,wk inc flu hosp,2026-06-06,quantile,0.15,2,Colorado,Ensemble
2026-05-23,08,2,wk inc flu hosp,2026-06-06,quantile,0.2,3,Colorado,Ensemble
2026-05-23,08,2,wk inc flu hosp,2026-06-06,quantile,0.25,3,Colorado,Ensemble
2026-05-23,08,2,wk inc flu hosp,2026-06-06,quantile,0.3,4,Colorado,Ensemble
2026-05-23,08,2,wk inc flu hosp,2026-06-06,quantile,0.35,5,Colorado,Ensemble
2026-05-23,08,2,wk inc flu hosp,2026-06-06,quantile,0.4,6,Colorado,Ensemble
2026-05-23,08,2,wk inc flu hosp,2026-06-06,quantile,0.45,7,Colorado,Ensemble
2026-05-23,08,2,wk inc flu hosp,2026-06-06,quantile,0.5,9,Colorado,Ensemble
2026-05-23,08,2,wk inc flu hosp,2026-06-06,quantile,0.55,10,Colorado,Ensemble
2026-05-23,08,2,wk inc flu hosp,2026-06-06,quantile,0.6,12,Colorado,Ensemble
2026-05-23,08,2,wk inc flu hosp,2026-06-06,quantile,0.65,13,Colorado,Ensemble
2026-05-23,08,2,wk inc flu hosp,2026-06-06,quantile,0.7,15,Colorado,Ensemble
2026-05-23,08,2,wk inc flu hosp,2026-06-06,quantile,0.75,17,Colorado,Ensemble
2026-05-23,08,2,wk inc flu hosp,2026-06-06,quantile,0.8,21,Colorado,Ensemble
2026-05-23,08,2,wk inc flu hosp,2026-06-06,quantile,0.85,25,Colorado,Ensemble
2026-05-23,08,2,wk inc flu hosp,2026-06-06,quantile,0.9,32,Colorado,Ensemble
2026-05-23,08,2,wk inc flu hosp,2026-06-06,quantile,0.95,45,Colorado,Ensemble
2026-05-23,08,2,wk inc flu hosp,2026-06-06,quantile,0.975,61,Colorado,Ensemble
2026-05-23,08,2,wk inc flu hosp,2026-06-06,quantile,0.99,89,Colorado,Ensemble
2026-05-23,08,3,wk inc flu hosp,2026-06-13,quantile,0.01,0,Colorado,Ensemble
2026-05-23,08,3,wk inc flu hosp,2026-06-13,quantile,0.025,0,Colorado,Ensemble
2026-05-23,08,3,wk inc flu hosp,2026-06-13,quantile,0.05,1,Colorado,Ensemble
2026-05-23,08,3,wk inc flu hosp,2026-06-13,quantile,0.1,1,Colorado,Ensemble
2026-05-23,08,3,wk inc flu hosp,2026-06-13,quantile,0.15,2,Colorado,Ensemble
2026-05-23,08,3,wk inc flu hosp,2026-06-13,quantile,0.2,2,Colorado,Ensemble
2026-05-23,08,3,wk inc flu hosp,2026-06-13,quantile,0.25,3,Colorado,Ensemble
2026-05-23,08,3,wk inc flu hosp,2026-06-13,quantile,0.3,3,Colorado,Ensemble
2026-05-23,08,3,wk inc flu hosp,2026-06-13,quantile,0.35,4,Colorado,Ensemble
2026-05-23,08,3,wk inc flu hosp,2026-06-13,quantile,0.4,5,Colorado,Ensemble
2026-05-23,08,3,wk inc flu hosp,2026-06-13,quantile,0.45,6,Colorado,Ensemble
2026-05-23,08,3,wk inc flu hosp,2026-06-13,quantile,0.5,8,Colorado,Ensemble
2026-05-23,08,3,wk inc flu hosp,2026-06-13,quantile,0.55,9,Colorado,Ensemble
2026-05-23,08,3,wk inc flu hosp,2026-06-13,quantile,0.6,11,Colorado,Ensemble
2026-05-23,08,3,wk inc flu hosp,2026-06-13,quantile,0.65,12,Colorado,Ensemble
2026-05-23,08,3,wk inc flu hosp,2026-06-13,quantile,0.7,15,Colorado,Ensemble
2026-05-23,08,3,wk inc flu hosp,2026-06-13,quantile,0.75,18,Colorado,Ensemble
2026-05-23,08,3,wk inc flu hosp,2026-06-13,quantile,0.8,21,Colorado,Ensemble
2026-05-23,08,3,wk inc flu hosp,2026-06-13,quantile,0.85,26,Colorado,Ensemble
2026-05-23,08,3,wk inc flu hosp,2026-06-13,quantile,0.9,34,Colorado,Ensemble
2026-05-23,08,3,wk inc flu hosp,2026-06-13,quantile,0.95,50,Colorado,Ensemble
2026-05-23,08,3,wk inc flu hosp,2026-06-13,quantile,0.975,73,Colorado,Ensemble
2026-05-23,08,3,wk inc flu hosp,2026-06-13,quantile,0.99,100,Colorado,Ensemble
2026-05-23,09,0,wk inc flu hosp,2026-05-23,quantile,0.01,0,Connecticut,Ensemble
2026-05-23,09,0,wk inc flu hosp,2026-05-23,quantile,0.025,0,Connecticut,Ensemble
2026-05-23,09,0,wk inc flu hosp,2026-05-23,quantile,0.05,1,Connecticut,Ensemble
2026-05-23,09,0,wk inc flu hosp,2026-05-23,quantile,0.1,1,Connecticut,Ensemble
2026-05-23,09,0,wk inc flu hosp,2026-05-23,quantile,0.15,2,Connecticut,Ensemble
2026-05-23,09,0,wk inc flu hosp,2026-05-23,quantile,0.2,2,Connecticut,Ensemble
2026-05-23,09,0,wk inc flu hosp,2026-05-23,quantile,0.25,2,Connecticut,Ensemble
2026-05-23,09,0,wk inc flu hosp,2026-05-23,quantile,0.3,3,Connecticut,Ensemble
2026-05-23,09,0,wk inc flu hosp,2026-05-23,quantile,0.35,3,Connecticut,Ensemble
2026-05-23,09,0,wk inc flu hosp,2026-05-23,quantile,0.4,4,Connecticut,Ensemble
2026-05-23,09,0,wk inc flu hosp,2026-05-23,quantile,0.45,4,Connecticut,Ensemble
2026-05-23,09,0,wk inc flu hosp,2026-05-23,quantile,0.5,6,Connecticut,Ensemble
2026-05-23,09,0,wk inc flu hosp,2026-05-23,quantile,0.55,7,Connecticut,Ensemble
2026-05-23,09,0,wk inc flu hosp,2026-05-23,quantile,0.6,7,Connecticut,Ensemble
2026-05-23,09,0,wk inc flu hosp,2026-05-23,quantile,0.65,8,Connecticut,Ensemble
2026-05-23,09,0,wk inc flu hosp,2026-05-23,quantile,0.7,9,Connecticut,Ensemble
2026-05-23,09,0,wk inc flu hosp,2026-05-23,quantile,0.75,10,Connecticut,Ensemble
2026-05-23,09,0,wk inc flu hosp,2026-05-23,quantile,0.8,12,Connecticut,Ensemble
2026-05-23,09,0,wk inc flu hosp,2026-05-23,quantile,0.85,13,Connecticut,Ensemble
2026-05-23,09,0,wk inc flu hosp,2026-05-23,quantile,0.9,16,Connecticut,Ensemble
2026-05-23,09,0,wk inc flu hosp,2026-05-23,quantile,0.95,21,Connecticut,Ensemble
2026-05-23,09,0,wk inc flu hosp,2026-05-23,quantile,0.975,26,Connecticut,Ensemble
2026-05-23,09,0,wk inc flu hosp,2026-05-23,quantile,0.99,36,Connecticut,Ensemble
2026-05-23,09,1,wk inc flu hosp,2026-05-30,quantile,0.01,0,Connecticut,Ensemble
2026-05-23,09,1,wk inc flu hosp,2026-05-30,quantile,0.025,0,Connecticut,Ensemble
2026-05-23,09,1,wk inc flu hosp,2026-05-30,quantile,0.05,0,Connecticut,Ensemble
2026-05-23,09,1,wk inc flu hosp,2026-05-30,quantile,0.1,1,Connecticut,Ensemble
2026-05-23,09,1,wk inc flu hosp,2026-05-30,quantile,0.15,1,Connecticut,Ensemble
2026-05-23,09,1,wk inc flu hosp,2026-05-30,quantile,0.2,2,Connecticut,Ensemble
2026-05-23,09,1,wk inc flu hosp,2026-05-30,quantile,0.25,2,Connecticut,Ensemble
2026-05-23,09,1,wk inc flu hosp,2026-05-30,quantile,0.3,2,Connecticut,Ensemble
2026-05-23,09,1,wk inc flu hosp,2026-05-30,quantile,0.35,3,Connecticut,Ensemble
2026-05-23,09,1,wk inc flu hosp,2026-05-30,quantile,0.4,3,Connecticut,Ensemble
2026-05-23,09,1,wk inc flu hosp,2026-05-30,quantile,0.45,4,Connecticut,Ensemble
2026-05-23,09,1,wk inc flu hosp,2026-05-30,quantile,0.5,5,Connecticut,Ensemble
2026-05-23,09,1,wk inc flu hosp,2026-05-30,quantile,0.55,6,Connecticut,Ensemble
2026-05-23,09,1,wk inc flu hosp,2026-05-30,quantile,0.6,7,Connecticut,Ensemble
2026-05-23,09,1,wk inc flu hosp,2026-05-30,quantile,0.65,8,Connecticut,Ensemble
2026-05-23,09,1,wk inc flu hosp,2026-05-30,quantile,0.7,10,Connecticut,Ensemble
2026-05-23,09,1,wk inc flu hosp,2026-05-30,quantile,0.75,11,Connecticut,Ensemble
2026-05-23,09,1,wk inc flu hosp,2026-05-30,quantile,0.8,13,Connecticut,Ensemble
2026-05-23,09,1,wk inc flu hosp,2026-05-30,quantile,0.85,15,Connecticut,Ensemble
2026-05-23,09,1,wk inc flu hosp,2026-05-30,quantile,0.9,19,Connecticut,Ensemble
2026-05-23,09,1,wk inc flu hosp,2026-05-30,quantile,0.95,27,Connecticut,Ensemble
2026-05-23,09,1,wk inc flu hosp,2026-05-30,quantile,0.975,35,Connecticut,Ensemble
2026-05-23,09,1,wk inc flu hosp,2026-05-30,quantile,0.99,57,Connecticut,Ensemble
2026-05-23,09,2,wk inc flu hosp,2026-06-06,quantile,0.01,0,Connecticut,Ensemble
2026-05-23,09,2,wk inc flu hosp,2026-06-06,quantile,0.025,0,Connecticut,Ensemble
2026-05-23,09,2,wk inc flu hosp,2026-06-06,quantile,0.05,0,Connecticut,Ensemble
2026-05-23,09,2,wk inc flu hosp,2026-06-06,quantile,0.1,1,Connecticut,Ensemble
2026-05-23,09,2,wk inc flu hosp,2026-06-06,quantile,0.15,1,Connecticut,Ensemble
2026-05-23,09,2,wk inc flu hosp,2026-06-06,quantile,0.2,1,Connecticut,Ensemble
2026-05-23,09,2,wk inc flu hosp,2026-06-06,quantile,0.25,2,Connecticut,Ensemble
2026-05-23,09,2,wk inc flu hosp,2026-06-06,quantile,0.3,2,Connecticut,Ensemble
2026-05-23,09,2,wk inc flu hosp,2026-06-06,quantile,0.35,3,Connecticut,Ensemble
2026-05-23,09,2,wk inc flu hosp,2026-06-06,quantile,0.4,3,Connecticut,Ensemble
2026-05-23,09,2,wk inc flu hosp,2026-06-06,quantile,0.45,3,Connecticut,Ensemble
2026-05-23,09,2,wk inc flu hosp,2026-06-06,quantile,0.5,5,Connecticut,Ensemble
2026-05-23,09,2,wk inc flu hosp,2026-06-06,quantile,0.55,6,Connecticut,Ensemble
2026-05-23,09,2,wk inc flu hosp,2026-06-06,quantile,0.6,7,Connecticut,Ensemble
2026-05-23,09,2,wk inc flu hosp,2026-06-06,quantile,0.65,8,Connecticut,Ensemble
2026-05-23,09,2,wk inc flu hosp,2026-06-06,quantile,0.7,10,Connecticut,Ensemble
2026-05-23,09,2,wk inc flu hosp,2026-06-06,quantile,0.75,12,Connecticut,Ensemble
2026-05-23,09,2,wk inc flu hosp,2026-06-06,quantile,0.8,14,Connecticut,Ensemble
2026-05-23,09,2,wk inc flu hosp,2026-06-06,quantile,0.85,18,Connecticut,Ensemble
2026-05-23,09,2,wk inc flu hosp,2026-06-06,quantile,0.9,23,Connecticut,Ensemble
2026-05-23,09,2,wk inc flu hosp,2026-06-06,quantile,0.95,32,Connecticut,Ensemble
2026-05-23,09,2,wk inc flu hosp,2026-06-06,quantile,0.975,44,Connecticut,Ensemble
2026-05-23,09,2,wk inc flu hosp,2026-06-06,quantile,0.99,68,Connecticut,Ensemble
2026-05-23,09,3,wk inc flu hosp,2026-06-13,quantile,0.01,0,Connecticut,Ensemble
2026-05-23,09,3,wk inc flu hosp,2026-06-13,quantile,0.025,0,Connecticut,Ensemble
2026-05-23,09,3,wk inc flu hosp,2026-06-13,quantile,0.05,0,Connecticut,Ensemble
2026-05-23,09,3,wk inc flu hosp,2026-06-13,quantile,0.1,0,Connecticut,Ensemble
2026-05-23,09,3,wk inc flu hosp,2026-06-13,quantile,0.15,1,Connecticut,Ensemble
2026-05-23,09,3,wk inc flu hosp,2026-06-13,quantile,0.2,1,Connecticut,Ensemble
2026-05-23,09,3,wk inc flu hosp,2026-06-13,quantile,0.25,2,Connecticut,Ensemble
2026-05-23,09,3,wk inc flu hosp,2026-06-13,quantile,0.3,2,Connecticut,Ensemble
2026-05-23,09,3,wk inc flu hosp,2026-06-13,quantile,0.35,2,Connecticut,Ensemble
2026-05-23,09,3,wk inc flu hosp,2026-06-13,quantile,0.4,3,Connecticut,Ensemble
2026-05-23,09,3,wk inc flu hosp,2026-06-13,quantile,0.45,3,Connecticut,Ensemble
2026-05-23,09,3,wk inc flu hosp,2026-06-13,quantile,0.5,5,Connecticut,Ensemble
2026-05-23,09,3,wk inc flu hosp,2026-06-13,quantile,0.55,6,Connecticut,Ensemble
2026-05-23,09,3,wk inc flu hosp,2026-06-13,quantile,0.6,7,Connecticut,Ensemble
2026-05-23,09,3,wk inc flu hosp,2026-06-13,quantile,0.65,9,Connecticut,Ensemble
2026-05-23,09,3,wk inc flu hosp,2026-06-13,quantile,0.7,10,Connecticut,Ensemble
2026-05-23,09,3,wk inc flu hosp,2026-06-13,quantile,0.75,13,Connecticut,Ensemble
2026-05-23,09,3,wk inc flu hosp,2026-06-13,quantile,0.8,15,Connecticut,Ensemble
2026-05-23,09,3,wk inc flu hosp,2026-06-13,quantile,0.85,20,Connecticut,Ensemble
2026-05-23,09,3,wk inc flu hosp,2026-06-13,quantile,0.9,26,Connecticut,Ensemble
2026-05-23,09,3,wk inc flu hosp,2026-06-13,quantile,0.95,38,Connecticut,Ensemble
2026-05-23,09,3,wk inc flu hosp,2026-06-13,quantile,0.975,61,Connecticut,Ensemble
2026-05-23,09,3,wk inc flu hosp,2026-06-13,quantile,0.99,82,Connecticut,Ensemble
2026-05-23,10,0,wk inc flu hosp,2026-05-23,quantile,0.01,0,Delaware,Ensemble
2026-05-23,10,0,wk inc flu hosp,2026-05-23,quantile,0.025,0,Delaware,Ensemble
2026-05-23,10,0,wk inc flu hosp,2026-05-23,quantile,0.05,0,Delaware,Ensemble
2026-05-23,10,0,wk inc flu hosp,2026-05-23,quantile,0.1,0,Delaware,Ensemble
2026-05-23,10,0,wk inc flu hosp,2026-05-23,quantile,0.15,0,Delaware,Ensemble
2026-05-23,10,0,wk inc flu hosp,2026-05-23,quantile,0.2,1,Delaware,Ensemble
2026-05-23,10,0,wk inc flu hosp,2026-05-23,quantile,0.25,1,Delaware,Ensemble
2026-05-23,10,0,wk inc flu hosp,2026-05-23,quantile,0.3,1,Delaware,Ensemble
2026-05-23,10,0,wk inc flu hosp,2026-05-23,quantile,0.35,1,Delaware,Ensemble
2026-05-23,10,0,wk inc flu hosp,2026-05-23,quantile,0.4,1,Delaware,Ensemble
2026-05-23,10,0,wk inc flu hosp,2026-05-23,quantile,0.45,2,Delaware,Ensemble
2026-05-23,10,0,wk inc flu hosp,2026-05-23,quantile,0.5,3,Delaware,Ensemble
2026-05-23,10,0,wk inc flu hosp,2026-05-23,quantile,0.55,3,Delaware,Ensemble
2026-05-23,10,0,wk inc flu hosp,2026-05-23,quantile,0.6,4,Delaware,Ensemble
2026-05-23,10,0,wk inc flu hosp,2026-05-23,quantile,0.65,4,Delaware,Ensemble
2026-05-23,10,0,wk inc flu hosp,2026-05-23,quantile,0.7,4,Delaware,Ensemble
2026-05-23,10,0,wk inc flu hosp,2026-05-23,quantile,0.75,5,Delaware,Ensemble
2026-05-23,10,0,wk inc flu hosp,2026-05-23,quantile,0.8,5,Delaware,Ensemble
2026-05-23,10,0,wk inc flu hosp,2026-05-23,quantile,0.85,6,Delaware,Ensemble
2026-05-23,10,0,wk inc flu hosp,2026-05-23,quantile,0.9,7,Delaware,Ensemble
2026-05-23,10,0,wk inc flu hosp,2026-05-23,quantile,0.95,10,Delaware,Ensemble
2026-05-23,10,0,wk inc flu hosp,2026-05-23,quantile,0.975,12,Delaware,Ensemble
2026-05-23,10,0,wk inc flu hosp,2026-05-23,quantile,0.99,17,Delaware,Ensemble
2026-05-23,10,1,wk inc flu hosp,2026-05-30,quantile,0.01,0,Delaware,Ensemble
2026-05-23,10,1,wk inc flu hosp,2026-05-30,quantile,0.025,0,Delaware,Ensemble
2026-05-23,10,1,wk inc flu hosp,2026-05-30,quantile,0.05,0,Delaware,Ensemble
2026-05-23,10,1,wk inc flu hosp,2026-05-30,quantile,0.1,0,Delaware,Ensemble
2026-05-23,10,1,wk inc flu hosp,2026-05-30,quantile,0.15,0,Delaware,Ensemble
2026-05-23,10,1,wk inc flu hosp,2026-05-30,quantile,0.2,0,Delaware,Ensemble
2026-05-23,10,1,wk inc flu hosp,2026-05-30,quantile,0.25,1,Delaware,Ensemble
2026-05-23,10,1,wk inc flu hosp,2026-05-30,quantile,0.3,1,Delaware,Ensemble
2026-05-23,10,1,wk inc flu hosp,2026-05-30,quantile,0.35,1,Delaware,Ensemble
2026-05-23,10,1,wk inc flu hosp,2026-05-30,quantile,0.4,1,Delaware,Ensemble
2026-05-23,10,1,wk inc flu hosp,2026-05-30,quantile,0.45,1,Delaware,Ensemble
2026-05-23,10,1,wk inc flu hosp,2026-05-30,quantile,0.5,3,Delaware,Ensemble
2026-05-23,10,1,wk inc flu hosp,2026-05-30,quantile,0.55,3,Delaware,Ensemble
2026-05-23,10,1,wk inc flu hosp,2026-05-30,quantile,0.6,4,Delaware,Ensemble
2026-05-23,10,1,wk inc flu hosp,2026-05-30,quantile,0.65,4,Delaware,Ensemble
2026-05-23,10,1,wk inc flu hosp,2026-05-30,quantile,0.7,4,Delaware,Ensemble
2026-05-23,10,1,wk inc flu hosp,2026-05-30,quantile,0.75,5,Delaware,Ensemble
2026-05-23,10,1,wk inc flu hosp,2026-05-30,quantile,0.8,6,Delaware,Ensemble
2026-05-23,10,1,wk inc flu hosp,2026-05-30,quantile,0.85,7,Delaware,Ensemble
2026-05-23,10,1,wk inc flu hosp,2026-05-30,quantile,0.9,8,Delaware,Ensemble
2026-05-23,10,1,wk inc flu hosp,2026-05-30,quantile,0.95,12,Delaware,Ensemble
2026-05-23,10,1,wk inc flu hosp,2026-05-30,quantile,0.975,16,Delaware,Ensemble
2026-05-23,10,1,wk inc flu hosp,2026-05-30,quantile,0.99,24,Delaware,Ensemble
2026-05-23,10,2,wk inc flu hosp,2026-06-06,quantile,0.01,0,Delaware,Ensemble
2026-05-23,10,2,wk inc flu hosp,2026-06-06,quantile,0.025,0,Delaware,Ensemble
2026-05-23,10,2,wk inc flu hosp,2026-06-06,quantile,0.05,0,Delaware,Ensemble
2026-05-23,10,2,wk inc flu hosp,2026-06-06,quantile,0.1,0,Delaware,Ensemble
2026-05-23,10,2,wk inc flu hosp,2026-06-06,quantile,0.15,0,Delaware,Ensemble
2026-05-23,10,2,wk inc flu hosp,2026-06-06,quantile,0.2,0,Delaware,Ensemble
2026-05-23,10,2,wk inc flu hosp,2026-06-06,quantile,0.25,0,Delaware,Ensemble
2026-05-23,10,2,wk inc flu hosp,2026-06-06,quantile,0.3,1,Delaware,Ensemble
2026-05-23,10,2,wk inc flu hosp,2026-06-06,quantile,0.35,1,Delaware,Ensemble
2026-05-23,10,2,wk inc flu hosp,2026-06-06,quantile,0.4,1,Delaware,Ensemble
2026-05-23,10,2,wk inc flu hosp,2026-06-06,quantile,0.45,1,Delaware,Ensemble
2026-05-23,10,2,wk inc flu hosp,2026-06-06,quantile,0.5,3,Delaware,Ensemble
2026-05-23,10,2,wk inc flu hosp,2026-06-06,quantile,0.55,3,Delaware,Ensemble
2026-05-23,10,2,wk inc flu hosp,2026-06-06,quantile,0.6,4,Delaware,Ensemble
2026-05-23,10,2,wk inc flu hosp,2026-06-06,quantile,0.65,4,Delaware,Ensemble
2026-05-23,10,2,wk inc flu hosp,2026-06-06,quantile,0.7,5,Delaware,Ensemble
2026-05-23,10,2,wk inc flu hosp,2026-06-06,quantile,0.75,6,Delaware,Ensemble
2026-05-23,10,2,wk inc flu hosp,2026-06-06,quantile,0.8,6,Delaware,Ensemble
2026-05-23,10,2,wk inc flu hosp,2026-06-06,quantile,0.85,8,Delaware,Ensemble
2026-05-23,10,2,wk inc flu hosp,2026-06-06,quantile,0.9,10,Delaware,Ensemble
2026-05-23,10,2,wk inc flu hosp,2026-06-06,quantile,0.95,13,Delaware,Ensemble
2026-05-23,10,2,wk inc flu hosp,2026-06-06,quantile,0.975,18,Delaware,Ensemble
2026-05-23,10,2,wk inc flu hosp,2026-06-06,quantile,0.99,27,Delaware,Ensemble
2026-05-23,10,3,wk inc flu hosp,2026-06-13,quantile,0.01,0,Delaware,Ensemble
2026-05-23,10,3,wk inc flu hosp,2026-06-13,quantile,0.025,0,Delaware,Ensemble
2026-05-23,10,3,wk inc flu hosp,2026-06-13,quantile,0.05,0,Delaware,Ensemble
2026-05-23,10,3,wk inc flu hosp,2026-06-13,quantile,0.1,0,Delaware,Ensemble
2026-05-23,10,3,wk inc flu hosp,2026-06-13,quantile,0.15,0,Delaware,Ensemble
2026-05-23,10,3,wk inc flu hosp,2026-06-13,quantile,0.2,0,Delaware,Ensemble
2026-05-23,10,3,wk inc flu hosp,2026-06-13,quantile,0.25,0,Delaware,Ensemble
2026-05-23,10,3,wk inc flu hosp,2026-06-13,quantile,0.3,0,Delaware,Ensemble
2026-05-23,10,3,wk inc flu hosp,2026-06-13,quantile,0.35,1,Delaware,Ensemble
2026-05-23,10,3,wk inc flu hosp,2026-06-13,quantile,0.4,1,Delaware,Ensemble
2026-05-23,10,3,wk inc flu hosp,2026-06-13,quantile,0.45,1,Delaware,Ensemble
2026-05-23,10,3,wk inc flu hosp,2026-06-13,quantile,0.5,2,Delaware,Ensemble
2026-05-23,10,3,wk inc flu hosp,2026-06-13,quantile,0.55,3,Delaware,Ensemble
2026-05-23,10,3,wk inc flu hosp,2026-06-13,quantile,0.6,3,Delaware,Ensemble
2026-05-23,10,3,wk inc flu hosp,2026-06-13,quantile,0.65,4,Delaware,Ensemble
2026-05-23,10,3,wk inc flu hosp,2026-06-13,quantile,0.7,5,Delaware,Ensemble
2026-05-23,10,3,wk inc flu hosp,2026-06-13,quantile,0.75,6,Delaware,Ensemble
2026-05-23,10,3,wk inc flu hosp,2026-06-13,quantile,0.8,7,Delaware,Ensemble
2026-05-23,10,3,wk inc flu hosp,2026-06-13,quantile,0.85,8,Delaware,Ensemble
2026-05-23,10,3,wk inc flu hosp,2026-06-13,quantile,0.9,10,Delaware,Ensemble
2026-05-23,10,3,wk inc flu hosp,2026-06-13,quantile,0.95,15,Delaware,Ensemble
2026-05-23,10,3,wk inc flu hosp,2026-06-13,quantile,0.975,21,Delaware,Ensemble
2026-05-23,10,3,wk inc flu hosp,2026-06-13,quantile,0.99,33,Delaware,Ensemble
2026-05-23,11,0,wk inc flu hosp,2026-05-23,quantile,0.01,0,District of Columbia,Ensemble
2026-05-23,11,0,wk inc flu hosp,2026-05-23,quantile,0.025,0,District of Columbia,Ensemble
2026-05-23,11,0,wk inc flu hosp,2026-05-23,quantile,0.05,0,District of Columbia,Ensemble
2026-05-23,11,0,wk inc flu hosp,2026-05-23,quantile,0.1,0,District of Columbia,Ensemble
2026-05-23,11,0,wk inc flu hosp,2026-05-23,quantile,0.15,0,District of Columbia,Ensemble
2026-05-23,11,0,wk inc flu hosp,2026-05-23,quantile,0.2,0,District of Columbia,Ensemble
2026-05-23,11,0,wk inc flu hosp,2026-05-23,quantile,0.25,0,District of Columbia,Ensemble
2026-05-23,11,0,wk inc flu hosp,2026-05-23,quantile,0.3,0,District of Columbia,Ensemble
2026-05-23,11,0,wk inc flu hosp,2026-05-23,quantile,0.35,0,District of Columbia,Ensemble
2026-05-23,11,0,wk inc flu hosp,2026-05-23,quantile,0.4,0,District of Columbia,Ensemble
2026-05-23,11,0,wk inc flu hosp,2026-05-23,quantile,0.45,0,District of Columbia,Ensemble
2026-05-23,11,0,wk inc flu hosp,2026-05-23,quantile,0.5,1,District of Columbia,Ensemble
2026-05-23,11,0,wk inc flu hosp,2026-05-23,quantile,0.55,2,District of Columbia,Ensemble
2026-05-23,11,0,wk inc flu hosp,2026-05-23,quantile,0.6,2,District of Columbia,Ensemble
2026-05-23,11,0,wk inc flu hosp,2026-05-23,quantile,0.65,2,District of Columbia,Ensemble
2026-05-23,11,0,wk inc flu hosp,2026-05-23,quantile,0.7,2,District of Columbia,Ensemble
2026-05-23,11,0,wk inc flu hosp,2026-05-23,quantile,0.75,3,District of Columbia,Ensemble
2026-05-23,11,0,wk inc flu hosp,2026-05-23,quantile,0.8,3,District of Columbia,Ensemble
2026-05-23,11,0,wk inc flu hosp,2026-05-23,quantile,0.85,4,District of Columbia,Ensemble
2026-05-23,11,0,wk inc flu hosp,2026-05-23,quantile,0.9,4,District of Columbia,Ensemble
2026-05-23,11,0,wk inc flu hosp,2026-05-23,quantile,0.95,6,District of Columbia,Ensemble
2026-05-23,11,0,wk inc flu hosp,2026-05-23,quantile,0.975,8,District of Columbia,Ensemble
2026-05-23,11,0,wk inc flu hosp,2026-05-23,quantile,0.99,10,District of Columbia,Ensemble
2026-05-23,11,1,wk inc flu hosp,2026-05-30,quantile,0.01,0,District of Columbia,Ensemble
2026-05-23,11,1,wk inc flu hosp,2026-05-30,quantile,0.025,0,District of Columbia,Ensemble
2026-05-23,11,1,wk inc flu hosp,2026-05-30,quantile,0.05,0,District of Columbia,Ensemble
2026-05-23,11,1,wk inc flu hosp,2026-05-30,quantile,0.1,0,District of Columbia,Ensemble
2026-05-23,11,1,wk inc flu hosp,2026-05-30,quantile,0.15,0,District of Columbia,Ensemble
2026-05-23,11,1,wk inc flu hosp,2026-05-30,quantile,0.2,0,District of Columbia,Ensemble
2026-05-23,11,1,wk inc flu hosp,2026-05-30,quantile,0.25,0,District of Columbia,Ensemble
2026-05-23,11,1,wk inc flu hosp,2026-05-30,quantile,0.3,0,District of Columbia,Ensemble
2026-05-23,11,1,wk inc flu hosp,2026-05-30,quantile,0.35,0,District of Columbia,Ensemble
2026-05-23,11,1,wk inc flu hosp,2026-05-30,quantile,0.4,0,District of Columbia,Ensemble
2026-05-23,11,1,wk inc flu hosp,2026-05-30,quantile,0.45,0,District of Columbia,Ensemble
2026-05-23,11,1,wk inc flu hosp,2026-05-30,quantile,0.5,1,District of Columbia,Ensemble
2026-05-23,11,1,wk inc flu hosp,2026-05-30,quantile,0.55,2,District of Columbia,Ensemble
2026-05-23,11,1,wk inc flu hosp,2026-05-30,quantile,0.6,2,District of Columbia,Ensemble
2026-05-23,11,1,wk inc flu hosp,2026-05-30,quantile,0.65,2,District of Columbia,Ensemble
2026-05-23,11,1,wk inc flu hosp,2026-05-30,quantile,0.7,3,District of Columbia,Ensemble
2026-05-23,11,1,wk inc flu hosp,2026-05-30,quantile,0.75,3,District of Columbia,Ensemble
2026-05-23,11,1,wk inc flu hosp,2026-05-30,quantile,0.8,3,District of Columbia,Ensemble
2026-05-23,11,1,wk inc flu hosp,2026-05-30,quantile,0.85,4,District of Columbia,Ensemble
2026-05-23,11,1,wk inc flu hosp,2026-05-30,quantile,0.9,6,District of Columbia,Ensemble
2026-05-23,11,1,wk inc flu hosp,2026-05-30,quantile,0.95,8,District of Columbia,Ensemble
2026-05-23,11,1,wk inc flu hosp,2026-05-30,quantile,0.975,11,District of Columbia,Ensemble
2026-05-23,11,1,wk inc flu hosp,2026-05-30,quantile,0.99,15,District of Columbia,Ensemble
2026-05-23,11,2,wk inc flu hosp,2026-06-06,quantile,0.01,0,District of Columbia,Ensemble
2026-05-23,11,2,wk inc flu hosp,2026-06-06,quantile,0.025,0,District of Columbia,Ensemble
2026-05-23,11,2,wk inc flu hosp,2026-06-06,quantile,0.05,0,District of Columbia,Ensemble
2026-05-23,11,2,wk inc flu hosp,2026-06-06,quantile,0.1,0,District of Columbia,Ensemble
2026-05-23,11,2,wk inc flu hosp,2026-06-06,quantile,0.15,0,District of Columbia,Ensemble
2026-05-23,11,2,wk inc flu hosp,2026-06-06,quantile,0.2,0,District of Columbia,Ensemble
2026-05-23,11,2,wk inc flu hosp,2026-06-06,quantile,0.25,0,District of Columbia,Ensemble
2026-05-23,11,2,wk inc flu hosp,2026-06-06,quantile,0.3,0,District of Columbia,Ensemble
2026-05-23,11,2,wk inc flu hosp,2026-06-06,quantile,0.35,0,District of Columbia,Ensemble
2026-05-23,11,2,wk inc flu hosp,2026-06-06,quantile,0.4,0,District of Columbia,Ensemble
2026-05-23,11,2,wk inc flu hosp,2026-06-06,quantile,0.45,0,District of Columbia,Ensemble
2026-05-23,11,2,wk inc flu hosp,2026-06-06,quantile,0.5,1,District of Columbia,Ensemble
2026-05-23,11,2,wk inc flu hosp,2026-06-06,quantile,0.55,2,District of Columbia,Ensemble
2026-05-23,11,2,wk inc flu hosp,2026-06-06,quantile,0.6,2,District of Columbia,Ensemble
2026-05-23,11,2,wk inc flu hosp,2026-06-06,quantile,0.65,2,District of Columbia,Ensemble
2026-05-23,11,2,wk inc flu hosp,2026-06-06,quantile,0.7,2,District of Columbia,Ensemble
2026-05-23,11,2,wk inc flu hosp,2026-06-06,quantile,0.75,3,District of Columbia,Ensemble
2026-05-23,11,2,wk inc flu hosp,2026-06-06,quantile,0.8,3,District of Columbia,Ensemble
2026-05-23,11,2,wk inc flu hosp,2026-06-06,quantile,0.85,5,District of Columbia,Ensemble
2026-05-23,11,2,wk inc flu hosp,2026-06-06,quantile,0.9,6,District of Columbia,Ensemble
2026-05-23,11,2,wk inc flu hosp,2026-06-06,quantile,0.95,9,District of Columbia,Ensemble
2026-05-23,11,2,wk inc flu hosp,2026-06-06,quantile,0.975,13,District of Columbia,Ensemble
2026-05-23,11,2,wk inc flu hosp,2026-06-06,quantile,0.99,18,District of Columbia,Ensemble
2026-05-23,11,3,wk inc flu hosp,2026-06-13,quantile,0.01,0,District of Columbia,Ensemble
2026-05-23,11,3,wk inc flu hosp,2026-06-13,quantile,0.025,0,District of Columbia,Ensemble
2026-05-23,11,3,wk inc flu hosp,2026-06-13,quantile,0.05,0,District of Columbia,Ensemble
2026-05-23,11,3,wk inc flu hosp,2026-06-13,quantile,0.1,0,District of Columbia,Ensemble
2026-05-23,11,3,wk inc flu hosp,2026-06-13,quantile,0.15,0,District of Columbia,Ensemble
2026-05-23,11,3,wk inc flu hosp,2026-06-13,quantile,0.2,0,District of Columbia,Ensemble
2026-05-23,11,3,wk inc flu hosp,2026-06-13,quantile,0.25,0,District of Columbia,Ensemble
2026-05-23,11,3,wk inc flu hosp,2026-06-13,quantile,0.3,0,District of Columbia,Ensemble
2026-05-23,11,3,wk inc flu hosp,2026-06-13,quantile,0.35,0,District of Columbia,Ensemble
2026-05-23,11,3,wk inc flu hosp,2026-06-13,quantile,0.4,0,District of Columbia,Ensemble
2026-05-23,11,3,wk inc flu hosp,2026-06-13,quantile,0.45,0,District of Columbia,Ensemble
2026-05-23,11,3,wk inc flu hosp,2026-06-13,quantile,0.5,1,District of Columbia,Ensemble
2026-05-23,11,3,wk inc flu hosp,2026-06-13,quantile,0.55,1,District of Columbia,Ensemble
2026-05-23,11,3,wk inc flu hosp,2026-06-13,quantile,0.6,2,District of Columbia,Ensemble
2026-05-23,11,3,wk inc flu hosp,2026-06-13,quantile,0.65,2,District of Columbia,Ensemble
2026-05-23,11,3,wk inc flu hosp,2026-06-13,quantile,0.7,2,District of Columbia,Ensemble
2026-05-23,11,3,wk inc flu hosp,2026-06-13,quantile,0.75,3,District of Columbia,Ensemble
2026-05-23,11,3,wk inc flu hosp,2026-06-13,quantile,0.8,4,District of Columbia,Ensemble
2026-05-23,11,3,wk inc flu hosp,2026-06-13,quantile,0.85,5,District of Columbia,Ensemble
2026-05-23,11,3,wk inc flu hosp,2026-06-13,quantile,0.9,7,District of Columbia,Ensemble
2026-05-23,11,3,wk inc flu hosp,2026-06-13,quantile,0.95,10,District of Columbia,Ensemble
2026-05-23,11,3,wk inc flu hosp,2026-06-13,quantile,0.975,15,District of Columbia,Ensemble
2026-05-23,11,3,wk inc flu hosp,2026-06-13,quantile,0.99,22,District of Columbia,Ensemble
2026-05-23,12,0,wk inc flu hosp,2026-05-23,quantile,0.01,32,Florida,Ensemble
2026-05-23,12,0,wk inc flu hosp,2026-05-23,quantile,0.025,40,Florida,Ensemble
2026-05-23,12,0,wk inc flu hosp,2026-05-23,quantile,0.05,47,Florida,Ensemble
2026-05-23,12,0,wk inc flu hosp,2026-05-23,quantile,0.1,59,Florida,Ensemble
2026-05-23,12,0,wk inc flu hosp,2026-05-23,quantile,0.15,67,Florida,Ensemble
2026-05-23,12,0,wk inc flu hosp,2026-05-23,quantile,0.2,73,Florida,Ensemble
2026-05-23,12,0,wk inc flu hosp,2026-05-23,quantile,0.25,79,Florida,Ensemble
2026-05-23,12,0,wk inc flu hosp,2026-05-23,quantile,0.3,85,Florida,Ensemble
2026-05-23,12,0,wk inc flu hosp,2026-05-23,quantile,0.35,90,Florida,Ensemble
2026-05-23,12,0,wk inc flu hosp,2026-05-23,quantile,0.4,95,Florida,Ensemble
2026-05-23,12,0,wk inc flu hosp,2026-05-23,quantile,0.45,100,Florida,Ensemble
2026-05-23,12,0,wk inc flu hosp,2026-05-23,quantile,0.5,107,Florida,Ensemble
2026-05-23,12,0,wk inc flu hosp,2026-05-23,quantile,0.55,113,Florida,Ensemble
2026-05-23,12,0,wk inc flu hosp,2026-05-23,quantile,0.6,119,Florida,Ensemble
2026-05-23,12,0,wk inc flu hosp,2026-05-23,quantile,0.65,125,Florida,Ensemble
2026-05-23,12,0,wk inc flu hosp,2026-05-23,quantile,0.7,132,Florida,Ensemble
2026-05-23,12,0,wk inc flu hosp,2026-05-23,quantile,0.75,139,Florida,Ensemble
2026-05-23,12,0,wk inc flu hosp,2026-05-23,quantile,0.8,148,Florida,Ensemble
2026-05-23,12,0,wk inc flu hosp,2026-05-23,quantile,0.85,158,Florida,Ensemble
2026-05-23,12,0,wk inc flu hosp,2026-05-23,quantile,0.9,173,Florida,Ensemble
2026-05-23,12,0,wk inc flu hosp,2026-05-23,quantile,0.95,200,Florida,Ensemble
2026-05-23,12,0,wk inc flu hosp,2026-05-23,quantile,0.975,238,Florida,Ensemble
2026-05-23,12,0,wk inc flu hosp,2026-05-23,quantile,0.99,284,Florida,Ensemble
2026-05-23,12,1,wk inc flu hosp,2026-05-30,quantile,0.01,25,Florida,Ensemble
2026-05-23,12,1,wk inc flu hosp,2026-05-30,quantile,0.025,31,Florida,Ensemble
2026-05-23,12,1,wk inc flu hosp,2026-05-30,quantile,0.05,37,Florida,Ensemble
2026-05-23,12,1,wk inc flu hosp,2026-05-30,quantile,0.1,47,Florida,Ensemble
2026-05-23,12,1,wk inc flu hosp,2026-05-30,quantile,0.15,55,Florida,Ensemble
2026-05-23,12,1,wk inc flu hosp,2026-05-30,quantile,0.2,61,Florida,Ensemble
2026-05-23,12,1,wk inc flu hosp,2026-05-30,quantile,0.25,70,Florida,Ensemble
2026-05-23,12,1,wk inc flu hosp,2026-05-30,quantile,0.3,76,Florida,Ensemble
2026-05-23,12,1,wk inc flu hosp,2026-05-30,quantile,0.35,81,Florida,Ensemble
2026-05-23,12,1,wk inc flu hosp,2026-05-30,quantile,0.4,87,Florida,Ensemble
2026-05-23,12,1,wk inc flu hosp,2026-05-30,quantile,0.45,93,Florida,Ensemble
2026-05-23,12,1,wk inc flu hosp,2026-05-30,quantile,0.5,100,Florida,Ensemble
2026-05-23,12,1,wk inc flu hosp,2026-05-30,quantile,0.55,107,Florida,Ensemble
2026-05-23,12,1,wk inc flu hosp,2026-05-30,quantile,0.6,114,Florida,Ensemble
2026-05-23,12,1,wk inc flu hosp,2026-05-30,quantile,0.65,121,Florida,Ensemble
2026-05-23,12,1,wk inc flu hosp,2026-05-30,quantile,0.7,129,Florida,Ensemble
2026-05-23,12,1,wk inc flu hosp,2026-05-30,quantile,0.75,137,Florida,Ensemble
2026-05-23,12,1,wk inc flu hosp,2026-05-30,quantile,0.8,150,Florida,Ensemble
2026-05-23,12,1,wk inc flu hosp,2026-05-30,quantile,0.85,162,Florida,Ensemble
2026-05-23,12,1,wk inc flu hosp,2026-05-30,quantile,0.9,183,Florida,Ensemble
2026-05-23,12,1,wk inc flu hosp,2026-05-30,quantile,0.95,238,Florida,Ensemble
2026-05-23,12,1,wk inc flu hosp,2026-05-30,quantile,0.975,288,Florida,Ensemble
2026-05-23,12,1,wk inc flu hosp,2026-05-30,quantile,0.99,355,Florida,Ensemble
2026-05-23,12,2,wk inc flu hosp,2026-06-06,quantile,0.01,21,Florida,Ensemble
2026-05-23,12,2,wk inc flu hosp,2026-06-06,quantile,0.025,26,Florida,Ensemble
2026-05-23,12,2,wk inc flu hosp,2026-06-06,quantile,0.05,33,Florida,Ensemble
2026-05-23,12,2,wk inc flu hosp,2026-06-06,quantile,0.1,42,Florida,Ensemble
2026-05-23,12,2,wk inc flu hosp,2026-06-06,quantile,0.15,50,Florida,Ensemble
2026-05-23,12,2,wk inc flu hosp,2026-06-06,quantile,0.2,56,Florida,Ensemble
2026-05-23,12,2,wk inc flu hosp,2026-06-06,quantile,0.25,61,Florida,Ensemble
2026-05-23,12,2,wk inc flu hosp,2026-06-06,quantile,0.3,68,Florida,Ensemble
2026-05-23,12,2,wk inc flu hosp,2026-06-06,quantile,0.35,74,Florida,Ensemble
2026-05-23,12,2,wk inc flu hosp,2026-06-06,quantile,0.4,81,Florida,Ensemble
2026-05-23,12,2,wk inc flu hosp,2026-06-06,quantile,0.45,87,Florida,Ensemble
2026-05-23,12,2,wk inc flu hosp,2026-06-06,quantile,0.5,95,Florida,Ensemble
2026-05-23,12,2,wk inc flu hosp,2026-06-06,quantile,0.55,104,Florida,Ensemble
2026-05-23,12,2,wk inc flu hosp,2026-06-06,quantile,0.6,112,Florida,Ensemble
2026-05-23,12,2,wk inc flu hosp,2026-06-06,quantile,0.65,121,Florida,Ensemble
2026-05-23,12,2,wk inc flu hosp,2026-06-06,quantile,0.7,130,Florida,Ensemble
2026-05-23,12,2,wk inc flu hosp,2026-06-06,quantile,0.75,141,Florida,Ensemble
2026-05-23,12,2,wk inc flu hosp,2026-06-06,quantile,0.8,154,Florida,Ensemble
2026-05-23,12,2,wk inc flu hosp,2026-06-06,quantile,0.85,170,Florida,Ensemble
2026-05-23,12,2,wk inc flu hosp,2026-06-06,quantile,0.9,202,Florida,Ensemble
2026-05-23,12,2,wk inc flu hosp,2026-06-06,quantile,0.95,271,Florida,Ensemble
2026-05-23,12,2,wk inc flu hosp,2026-06-06,quantile,0.975,322,Florida,Ensemble
2026-05-23,12,2,wk inc flu hosp,2026-06-06,quantile,0.99,413,Florida,Ensemble
2026-05-23,12,3,wk inc flu hosp,2026-06-13,quantile,0.01,18,Florida,Ensemble
2026-05-23,12,3,wk inc flu hosp,2026-06-13,quantile,0.025,21,Florida,Ensemble
2026-05-23,12,3,wk inc flu hosp,2026-06-13,quantile,0.05,27,Florida,Ensemble
2026-05-23,12,3,wk inc flu hosp,2026-06-13,quantile,0.1,35,Florida,Ensemble
2026-05-23,12,3,wk inc flu hosp,2026-06-13,quantile,0.15,43,Florida,Ensemble
2026-05-23,12,3,wk inc flu hosp,2026-06-13,quantile,0.2,49,Florida,Ensemble
2026-05-23,12,3,wk inc flu hosp,2026-06-13,quantile,0.25,55,Florida,Ensemble
2026-05-23,12,3,wk inc flu hosp,2026-06-13,quantile,0.3,60,Florida,Ensemble
2026-05-23,12,3,wk inc flu hosp,2026-06-13,quantile,0.35,66,Florida,Ensemble
2026-05-23,12,3,wk inc flu hosp,2026-06-13,quantile,0.4,72,Florida,Ensemble
2026-05-23,12,3,wk inc flu hosp,2026-06-13,quantile,0.45,79,Florida,Ensemble
2026-05-23,12,3,wk inc flu hosp,2026-06-13,quantile,0.5,87,Florida,Ensemble
2026-05-23,12,3,wk inc flu hosp,2026-06-13,quantile,0.55,94,Florida,Ensemble
2026-05-23,12,3,wk inc flu hosp,2026-06-13,quantile,0.6,103,Florida,Ensemble
2026-05-23,12,3,wk inc flu hosp,2026-06-13,quantile,0.65,112,Florida,Ensemble
2026-05-23,12,3,wk inc flu hosp,2026-06-13,quantile,0.7,122,Florida,Ensemble
2026-05-23,12,3,wk inc flu hosp,2026-06-13,quantile,0.75,133,Florida,Ensemble
2026-05-23,12,3,wk inc flu hosp,2026-06-13,quantile,0.8,147,Florida,Ensemble
2026-05-23,12,3,wk inc flu hosp,2026-06-13,quantile,0.85,166,Florida,Ensemble
2026-05-23,12,3,wk inc flu hosp,2026-06-13,quantile,0.9,207,Florida,Ensemble
2026-05-23,12,3,wk inc flu hosp,2026-06-13,quantile,0.95,286,Florida,Ensemble
2026-05-23,12,3,wk inc flu hosp,2026-06-13,quantile,0.975,348,Florida,Ensemble
2026-05-23,12,3,wk inc flu hosp,2026-06-13,quantile,0.99,439,Florida,Ensemble
2026-05-23,13,0,wk inc flu hosp,2026-05-23,quantile,0.01,3,Georgia,Ensemble
2026-05-23,13,0,wk inc flu hosp,2026-05-23,quantile,0.025,4,Georgia,Ensemble
2026-05-23,13,0,wk inc flu hosp,2026-05-23,quantile,0.05,6,Georgia,Ensemble
2026-05-23,13,0,wk inc flu hosp,2026-05-23,quantile,0.1,8,Georgia,Ensemble
2026-05-23,13,0,wk inc flu hosp,2026-05-23,quantile,0.15,9,Georgia,Ensemble
2026-05-23,13,0,wk inc flu hosp,2026-05-23,quantile,0.2,11,Georgia,Ensemble
2026-05-23,13,0,wk inc flu hosp,2026-05-23,quantile,0.25,13,Georgia,Ensemble
2026-05-23,13,0,wk inc flu hosp,2026-05-23,quantile,0.3,14,Georgia,Ensemble
2026-05-23,13,0,wk inc flu hosp,2026-05-23,quantile,0.35,16,Georgia,Ensemble
2026-05-23,13,0,wk inc flu hosp,2026-05-23,quantile,0.4,17,Georgia,Ensemble
2026-05-23,13,0,wk inc flu hosp,2026-05-23,quantile,0.45,18,Georgia,Ensemble
2026-05-23,13,0,wk inc flu hosp,2026-05-23,quantile,0.5,21,Georgia,Ensemble
2026-05-23,13,0,wk inc flu hosp,2026-05-23,quantile,0.55,23,Georgia,Ensemble
2026-05-23,13,0,wk inc flu hosp,2026-05-23,quantile,0.6,24,Georgia,Ensemble
2026-05-23,13,0,wk inc flu hosp,2026-05-23,quantile,0.65,26,Georgia,Ensemble
2026-05-23,13,0,wk inc flu hosp,2026-05-23,quantile,0.7,28,Georgia,Ensemble
2026-05-23,13,0,wk inc flu hosp,2026-05-23,quantile,0.75,30,Georgia,Ensemble
2026-05-23,13,0,wk inc flu hosp,2026-05-23,quantile,0.8,33,Georgia,Ensemble
2026-05-23,13,0,wk inc flu hosp,2026-05-23,quantile,0.85,37,Georgia,Ensemble
2026-05-23,13,0,wk inc flu hosp,2026-05-23,quantile,0.9,41,Georgia,Ensemble
2026-05-23,13,0,wk inc flu hosp,2026-05-23,quantile,0.95,49,Georgia,Ensemble
2026-05-23,13,0,wk inc flu hosp,2026-05-23,quantile,0.975,61,Georgia,Ensemble
2026-05-23,13,0,wk inc flu hosp,2026-05-23,quantile,0.99,78,Georgia,Ensemble
2026-05-23,13,1,wk inc flu hosp,2026-05-30,quantile,0.01,2,Georgia,Ensemble
2026-05-23,13,1,wk inc flu hosp,2026-05-30,quantile,0.025,3,Georgia,Ensemble
2026-05-23,13,1,wk inc flu hosp,2026-05-30,quantile,0.05,4,Georgia,Ensemble
2026-05-23,13,1,wk inc flu hosp,2026-05-30,quantile,0.1,6,Georgia,Ensemble
2026-05-23,13,1,wk inc flu hosp,2026-05-30,quantile,0.15,8,Georgia,Ensemble
2026-05-23,13,1,wk inc flu hosp,2026-05-30,quantile,0.2,9,Georgia,Ensemble
2026-05-23,13,1,wk inc flu hosp,2026-05-30,quantile,0.25,10,Georgia,Ensemble
2026-05-23,13,1,wk inc flu hosp,2026-05-30,quantile,0.3,12,Georgia,Ensemble
2026-05-23,13,1,wk inc flu hosp,2026-05-30,quantile,0.35,14,Georgia,Ensemble
2026-05-23,13,1,wk inc flu hosp,2026-05-30,quantile,0.4,15,Georgia,Ensemble
2026-05-23,13,1,wk inc flu hosp,2026-05-30,quantile,0.45,16,Georgia,Ensemble
2026-05-23,13,1,wk inc flu hosp,2026-05-30,quantile,0.5,19,Georgia,Ensemble
2026-05-23,13,1,wk inc flu hosp,2026-05-30,quantile,0.55,22,Georgia,Ensemble
2026-05-23,13,1,wk inc flu hosp,2026-05-30,quantile,0.6,24,Georgia,Ensemble
2026-05-23,13,1,wk inc flu hosp,2026-05-30,quantile,0.65,26,Georgia,Ensemble
2026-05-23,13,1,wk inc flu hosp,2026-05-30,quantile,0.7,29,Georgia,Ensemble
2026-05-23,13,1,wk inc flu hosp,2026-05-30,quantile,0.75,32,Georgia,Ensemble
2026-05-23,13,1,wk inc flu hosp,2026-05-30,quantile,0.8,36,Georgia,Ensemble
2026-05-23,13,1,wk inc flu hosp,2026-05-30,quantile,0.85,41,Georgia,Ensemble
2026-05-23,13,1,wk inc flu hosp,2026-05-30,quantile,0.9,47,Georgia,Ensemble
2026-05-23,13,1,wk inc flu hosp,2026-05-30,quantile,0.95,65,Georgia,Ensemble
2026-05-23,13,1,wk inc flu hosp,2026-05-30,quantile,0.975,82,Georgia,Ensemble
2026-05-23,13,1,wk inc flu hosp,2026-05-30,quantile,0.99,119,Georgia,Ensemble
2026-05-23,13,2,wk inc flu hosp,2026-06-06,quantile,0.01,2,Georgia,Ensemble
2026-05-23,13,2,wk inc flu hosp,2026-06-06,quantile,0.025,3,Georgia,Ensemble
2026-05-23,13,2,wk inc flu hosp,2026-06-06,quantile,0.05,3,Georgia,Ensemble
2026-05-23,13,2,wk inc flu hosp,2026-06-06,quantile,0.1,5,Georgia,Ensemble
2026-05-23,13,2,wk inc flu hosp,2026-06-06,quantile,0.15,6,Georgia,Ensemble
2026-05-23,13,2,wk inc flu hosp,2026-06-06,quantile,0.2,7,Georgia,Ensemble
2026-05-23,13,2,wk inc flu hosp,2026-06-06,quantile,0.25,9,Georgia,Ensemble
2026-05-23,13,2,wk inc flu hosp,2026-06-06,quantile,0.3,10,Georgia,Ensemble
2026-05-23,13,2,wk inc flu hosp,2026-06-06,quantile,0.35,11,Georgia,Ensemble
2026-05-23,13,2,wk inc flu hosp,2026-06-06,quantile,0.4,13,Georgia,Ensemble
2026-05-23,13,2,wk inc flu hosp,2026-06-06,quantile,0.45,15,Georgia,Ensemble
2026-05-23,13,2,wk inc flu hosp,2026-06-06,quantile,0.5,18,Georgia,Ensemble
2026-05-23,13,2,wk inc flu hosp,2026-06-06,quantile,0.55,20,Georgia,Ensemble
2026-05-23,13,2,wk inc flu hosp,2026-06-06,quantile,0.6,23,Georgia,Ensemble
2026-05-23,13,2,wk inc flu hosp,2026-06-06,quantile,0.65,26,Georgia,Ensemble
2026-05-23,13,2,wk inc flu hosp,2026-06-06,quantile,0.7,29,Georgia,Ensemble
2026-05-23,13,2,wk inc flu hosp,2026-06-06,quantile,0.75,32,Georgia,Ensemble
2026-05-23,13,2,wk inc flu hosp,2026-06-06,quantile,0.8,37,Georgia,Ensemble
2026-05-23,13,2,wk inc flu hosp,2026-06-06,quantile,0.85,45,Georgia,Ensemble
2026-05-23,13,2,wk inc flu hosp,2026-06-06,quantile,0.9,54,Georgia,Ensemble
2026-05-23,13,2,wk inc flu hosp,2026-06-06,quantile,0.95,74,Georgia,Ensemble
2026-05-23,13,2,wk inc flu hosp,2026-06-06,quantile,0.975,95,Georgia,Ensemble
2026-05-23,13,2,wk inc flu hosp,2026-06-06,quantile,0.99,148,Georgia,Ensemble
2026-05-23,13,3,wk inc flu hosp,2026-06-13,quantile,0.01,1,Georgia,Ensemble
2026-05-23,13,3,wk inc flu hosp,2026-06-13,quantile,0.025,2,Georgia,Ensemble
2026-05-23,13,3,wk inc flu hosp,2026-06-13,quantile,0.05,3,Georgia,Ensemble
2026-05-23,13,3,wk inc flu hosp,2026-06-13,quantile,0.1,4,Georgia,Ensemble
2026-05-23,13,3,wk inc flu hosp,2026-06-13,quantile,0.15,5,Georgia,Ensemble
2026-05-23,13,3,wk inc flu hosp,2026-06-13,quantile,0.2,6,Georgia,Ensemble
2026-05-23,13,3,wk inc flu hosp,2026-06-13,quantile,0.25,7,Georgia,Ensemble
2026-05-23,13,3,wk inc flu hosp,2026-06-13,quantile,0.3,9,Georgia,Ensemble
2026-05-23,13,3,wk inc flu hosp,2026-06-13,quantile,0.35,10,Georgia,Ensemble
2026-05-23,13,3,wk inc flu hosp,2026-06-13,quantile,0.4,12,Georgia,Ensemble
2026-05-23,13,3,wk inc flu hosp,2026-06-13,quantile,0.45,13,Georgia,Ensemble
2026-05-23,13,3,wk inc flu hosp,2026-06-13,quantile,0.5,17,Georgia,Ensemble
2026-05-23,13,3,wk inc flu hosp,2026-06-13,quantile,0.55,20,Georgia,Ensemble
2026-05-23,13,3,wk inc flu hosp,2026-06-13,quantile,0.6,22,Georgia,Ensemble
2026-05-23,13,3,wk inc flu hosp,2026-06-13,quantile,0.65,26,Georgia,Ensemble
2026-05-23,13,3,wk inc flu hosp,2026-06-13,quantile,0.7,29,Georgia,Ensemble
2026-05-23,13,3,wk inc flu hosp,2026-06-13,quantile,0.75,33,Georgia,Ensemble
2026-05-23,13,3,wk inc flu hosp,2026-06-13,quantile,0.8,39,Georgia,Ensemble
2026-05-23,13,3,wk inc flu hosp,2026-06-13,quantile,0.85,49,Georgia,Ensemble
2026-05-23,13,3,wk inc flu hosp,2026-06-13,quantile,0.9,58,Georgia,Ensemble
2026-05-23,13,3,wk inc flu hosp,2026-06-13,quantile,0.95,83,Georgia,Ensemble
2026-05-23,13,3,wk inc flu hosp,2026-06-13,quantile,0.975,109,Georgia,Ensemble
2026-05-23,13,3,wk inc flu hosp,2026-06-13,quantile,0.99,167,Georgia,Ensemble
2026-05-23,15,0,wk inc flu hosp,2026-05-23,quantile,0.01,0,Hawaii,Ensemble
2026-05-23,15,0,wk inc flu hosp,2026-05-23,quantile,0.025,1,Hawaii,Ensemble
2026-05-23,15,0,wk inc flu hosp,2026-05-23,quantile,0.05,1,Hawaii,Ensemble
2026-05-23,15,0,wk inc flu hosp,2026-05-23,quantile,0.1,2,Hawaii,Ensemble
2026-05-23,15,0,wk inc flu hosp,2026-05-23,quantile,0.15,2,Hawaii,Ensemble
2026-05-23,15,0,wk inc flu hosp,2026-05-23,quantile,0.2,3,Hawaii,Ensemble
2026-05-23,15,0,wk inc flu hosp,2026-05-23,quantile,0.25,3,Hawaii,Ensemble
2026-05-23,15,0,wk inc flu hosp,2026-05-23,quantile,0.3,4,Hawaii,Ensemble
2026-05-23,15,0,wk inc flu hosp,2026-05-23,quantile,0.35,4,Hawaii,Ensemble
2026-05-23,15,0,wk inc flu hosp,2026-05-23,quantile,0.4,5,Hawaii,Ensemble
2026-05-23,15,0,wk inc flu hosp,2026-05-23,quantile,0.45,5,Hawaii,Ensemble
2026-05-23,15,0,wk inc flu hosp,2026-05-23,quantile,0.5,7,Hawaii,Ensemble
2026-05-23,15,0,wk inc flu hosp,2026-05-23,quantile,0.55,8,Hawaii,Ensemble
2026-05-23,15,0,wk inc flu hosp,2026-05-23,quantile,0.6,8,Hawaii,Ensemble
2026-05-23,15,0,wk inc flu hosp,2026-05-23,quantile,0.65,9,Hawaii,Ensemble
2026-05-23,15,0,wk inc flu hosp,2026-05-23,quantile,0.7,10,Hawaii,Ensemble
2026-05-23,15,0,wk inc flu hosp,2026-05-23,quantile,0.75,10,Hawaii,Ensemble
2026-05-23,15,0,wk inc flu hosp,2026-05-23,quantile,0.8,11,Hawaii,Ensemble
2026-05-23,15,0,wk inc flu hosp,2026-05-23,quantile,0.85,13,Hawaii,Ensemble
2026-05-23,15,0,wk inc flu hosp,2026-05-23,quantile,0.9,15,Hawaii,Ensemble
2026-05-23,15,0,wk inc flu hosp,2026-05-23,quantile,0.95,18,Hawaii,Ensemble
2026-05-23,15,0,wk inc flu hosp,2026-05-23,quantile,0.975,21,Hawaii,Ensemble
2026-05-23,15,0,wk inc flu hosp,2026-05-23,quantile,0.99,26,Hawaii,Ensemble
2026-05-23,15,1,wk inc flu hosp,2026-05-30,quantile,0.01,0,Hawaii,Ensemble
2026-05-23,15,1,wk inc flu hosp,2026-05-30,quantile,0.025,0,Hawaii,Ensemble
2026-05-23,15,1,wk inc flu hosp,2026-05-30,quantile,0.05,1,Hawaii,Ensemble
2026-05-23,15,1,wk inc flu hosp,2026-05-30,quantile,0.1,1,Hawaii,Ensemble
2026-05-23,15,1,wk inc flu hosp,2026-05-30,quantile,0.15,2,Hawaii,Ensemble
2026-05-23,15,1,wk inc flu hosp,2026-05-30,quantile,0.2,2,Hawaii,Ensemble
2026-05-23,15,1,wk inc flu hosp,2026-05-30,quantile,0.25,3,Hawaii,Ensemble
2026-05-23,15,1,wk inc flu hosp,2026-05-30,quantile,0.3,3,Hawaii,Ensemble
2026-05-23,15,1,wk inc flu hosp,2026-05-30,quantile,0.35,4,Hawaii,Ensemble
2026-05-23,15,1,wk inc flu hosp,2026-05-30,quantile,0.4,4,Hawaii,Ensemble
2026-05-23,15,1,wk inc flu hosp,2026-05-30,quantile,0.45,5,Hawaii,Ensemble
2026-05-23,15,1,wk inc flu hosp,2026-05-30,quantile,0.5,6,Hawaii,Ensemble
2026-05-23,15,1,wk inc flu hosp,2026-05-30,quantile,0.55,7,Hawaii,Ensemble
2026-05-23,15,1,wk inc flu hosp,2026-05-30,quantile,0.6,8,Hawaii,Ensemble
2026-05-23,15,1,wk inc flu hosp,2026-05-30,quantile,0.65,9,Hawaii,Ensemble
2026-05-23,15,1,wk inc flu hosp,2026-05-30,quantile,0.7,10,Hawaii,Ensemble
2026-05-23,15,1,wk inc flu hosp,2026-05-30,quantile,0.75,10,Hawaii,Ensemble
2026-05-23,15,1,wk inc flu hosp,2026-05-30,quantile,0.8,12,Hawaii,Ensemble
2026-05-23,15,1,wk inc flu hosp,2026-05-30,quantile,0.85,13,Hawaii,Ensemble
2026-05-23,15,1,wk inc flu hosp,2026-05-30,quantile,0.9,16,Hawaii,Ensemble
2026-05-23,15,1,wk inc flu hosp,2026-05-30,quantile,0.95,20,Hawaii,Ensemble
2026-05-23,15,1,wk inc flu hosp,2026-05-30,quantile,0.975,25,Hawaii,Ensemble
2026-05-23,15,1,wk inc flu hosp,2026-05-30,quantile,0.99,33,Hawaii,Ensemble
2026-05-23,15,2,wk inc flu hosp,2026-06-06,quantile,0.01,0,Hawaii,Ensemble
2026-05-23,15,2,wk inc flu hosp,2026-06-06,quantile,0.025,0,Hawaii,Ensemble
2026-05-23,15,2,wk inc flu hosp,2026-06-06,quantile,0.05,0,Hawaii,Ensemble
2026-05-23,15,2,wk inc flu hosp,2026-06-06,quantile,0.1,1,Hawaii,Ensemble
2026-05-23,15,2,wk inc flu hosp,2026-06-06,quantile,0.15,1,Hawaii,Ensemble
2026-05-23,15,2,wk inc flu hosp,2026-06-06,quantile,0.2,2,Hawaii,Ensemble
2026-05-23,15,2,wk inc flu hosp,2026-06-06,quantile,0.25,2,Hawaii,Ensemble
2026-05-23,15,2,wk inc flu hosp,2026-06-06,quantile,0.3,3,Hawaii,Ensemble
2026-05-23,15,2,wk inc flu hosp,2026-06-06,quantile,0.35,3,Hawaii,Ensemble
2026-05-23,15,2,wk inc flu hosp,2026-06-06,quantile,0.4,4,Hawaii,Ensemble
2026-05-23,15,2,wk inc flu hosp,2026-06-06,quantile,0.45,4,Hawaii,Ensemble
2026-05-23,15,2,wk inc flu hosp,2026-06-06,quantile,0.5,6,Hawaii,Ensemble
2026-05-23,15,2,wk inc flu hosp,2026-06-06,quantile,0.55,7,Hawaii,Ensemble
2026-05-23,15,2,wk inc flu hosp,2026-06-06,quantile,0.6,8,Hawaii,Ensemble
2026-05-23,15,2,wk inc flu hosp,2026-06-06,quantile,0.65,8,Hawaii,Ensemble
2026-05-23,15,2,wk inc flu hosp,2026-06-06,quantile,0.7,9,Hawaii,Ensemble
2026-05-23,15,2,wk inc flu hosp,2026-06-06,quantile,0.75,10,Hawaii,Ensemble
2026-05-23,15,2,wk inc flu hosp,2026-06-06,quantile,0.8,11,Hawaii,Ensemble
2026-05-23,15,2,wk inc flu hosp,2026-06-06,quantile,0.85,13,Hawaii,Ensemble
2026-05-23,15,2,wk inc flu hosp,2026-06-06,quantile,0.9,16,Hawaii,Ensemble
2026-05-23,15,2,wk inc flu hosp,2026-06-06,quantile,0.95,20,Hawaii,Ensemble
2026-05-23,15,2,wk inc flu hosp,2026-06-06,quantile,0.975,25,Hawaii,Ensemble
2026-05-23,15,2,wk inc flu hosp,2026-06-06,quantile,0.99,32,Hawaii,Ensemble
2026-05-23,15,3,wk inc flu hosp,2026-06-13,quantile,0.01,0,Hawaii,Ensemble
2026-05-23,15,3,wk inc flu hosp,2026-06-13,quantile,0.025,0,Hawaii,Ensemble
2026-05-23,15,3,wk inc flu hosp,2026-06-13,quantile,0.05,0,Hawaii,Ensemble
2026-05-23,15,3,wk inc flu hosp,2026-06-13,quantile,0.1,1,Hawaii,Ensemble
2026-05-23,15,3,wk inc flu hosp,2026-06-13,quantile,0.15,1,Hawaii,Ensemble
2026-05-23,15,3,wk inc flu hosp,2026-06-13,quantile,0.2,2,Hawaii,Ensemble
2026-05-23,15,3,wk inc flu hosp,2026-06-13,quantile,0.25,2,Hawaii,Ensemble
2026-05-23,15,3,wk inc flu hosp,2026-06-13,quantile,0.3,2,Hawaii,Ensemble
2026-05-23,15,3,wk inc flu hosp,2026-06-13,quantile,0.35,3,Hawaii,Ensemble
2026-05-23,15,3,wk inc flu hosp,2026-06-13,quantile,0.4,3,Hawaii,Ensemble
2026-05-23,15,3,wk inc flu hosp,2026-06-13,quantile,0.45,4,Hawaii,Ensemble
2026-05-23,15,3,wk inc flu hosp,2026-06-13,quantile,0.5,6,Hawaii,Ensemble
2026-05-23,15,3,wk inc flu hosp,2026-06-13,quantile,0.55,6,Hawaii,Ensemble
2026-05-23,15,3,wk inc flu hosp,2026-06-13,quantile,0.6,8,Hawaii,Ensemble
2026-05-23,15,3,wk inc flu hosp,2026-06-13,quantile,0.65,9,Hawaii,Ensemble
2026-05-23,15,3,wk inc flu hosp,2026-06-13,quantile,0.7,9,Hawaii,Ensemble
2026-05-23,15,3,wk inc flu hosp,2026-06-13,quantile,0.75,10,Hawaii,Ensemble
2026-05-23,15,3,wk inc flu hosp,2026-06-13,quantile,0.8,12,Hawaii,Ensemble
2026-05-23,15,3,wk inc flu hosp,2026-06-13,quantile,0.85,14,Hawaii,Ensemble
2026-05-23,15,3,wk inc flu hosp,2026-06-13,quantile,0.9,17,Hawaii,Ensemble
2026-05-23,15,3,wk inc flu hosp,2026-06-13,quantile,0.95,22,Hawaii,Ensemble
2026-05-23,15,3,wk inc flu hosp,2026-06-13,quantile,0.975,28,Hawaii,Ensemble
2026-05-23,15,3,wk inc flu hosp,2026-06-13,quantile,0.99,36,Hawaii,Ensemble
2026-05-23,16,0,wk inc flu hosp,2026-05-23,quantile,0.01,0,Idaho,Ensemble
2026-05-23,16,0,wk inc flu hosp,2026-05-23,quantile,0.025,1,Idaho,Ensemble
2026-05-23,16,0,wk inc flu hosp,2026-05-23,quantile,0.05,1,Idaho,Ensemble
2026-05-23,16,0,wk inc flu hosp,2026-05-23,quantile,0.1,1,Idaho,Ensemble
2026-05-23,16,0,wk inc flu hosp,2026-05-23,quantile,0.15,2,Idaho,Ensemble
2026-05-23,16,0,wk inc flu hosp,2026-05-23,quantile,0.2,3,Idaho,Ensemble
2026-05-23,16,0,wk inc flu hosp,2026-05-23,quantile,0.25,3,Idaho,Ensemble
2026-05-23,16,0,wk inc flu hosp,2026-05-23,quantile,0.3,3,Idaho,Ensemble
2026-05-23,16,0,wk inc flu hosp,2026-05-23,quantile,0.35,4,Idaho,Ensemble
2026-05-23,16,0,wk inc flu hosp,2026-05-23,quantile,0.4,4,Idaho,Ensemble
2026-05-23,16,0,wk inc flu hosp,2026-05-23,quantile,0.45,5,Idaho,Ensemble
2026-05-23,16,0,wk inc flu hosp,2026-05-23,quantile,0.5,6,Idaho,Ensemble
2026-05-23,16,0,wk inc flu hosp,2026-05-23,quantile,0.55,7,Idaho,Ensemble
2026-05-23,16,0,wk inc flu hosp,2026-05-23,quantile,0.6,8,Idaho,Ensemble
2026-05-23,16,0,wk inc flu hosp,2026-05-23,quantile,0.65,8,Idaho,Ensemble
2026-05-23,16,0,wk inc flu hosp,2026-05-23,quantile,0.7,9,Idaho,Ensemble
2026-05-23,16,0,wk inc flu hosp,2026-05-23,quantile,0.75,10,Idaho,Ensemble
2026-05-23,16,0,wk inc flu hosp,2026-05-23,quantile,0.8,11,Idaho,Ensemble
2026-05-23,16,0,wk inc flu hosp,2026-05-23,quantile,0.85,12,Idaho,Ensemble
2026-05-23,16,0,wk inc flu hosp,2026-05-23,quantile,0.9,14,Idaho,Ensemble
2026-05-23,16,0,wk inc flu hosp,2026-05-23,quantile,0.95,17,Idaho,Ensemble
2026-05-23,16,0,wk inc flu hosp,2026-05-23,quantile,0.975,20,Idaho,Ensemble
2026-05-23,16,0,wk inc flu hosp,2026-05-23,quantile,0.99,26,Idaho,Ensemble
2026-05-23,16,1,wk inc flu hosp,2026-05-30,quantile,0.01,0,Idaho,Ensemble
2026-05-23,16,1,wk inc flu hosp,2026-05-30,quantile,0.025,0,Idaho,Ensemble
2026-05-23,16,1,wk inc flu hosp,2026-05-30,quantile,0.05,0,Idaho,Ensemble
2026-05-23,16,1,wk inc flu hosp,2026-05-30,quantile,0.1,1,Idaho,Ensemble
2026-05-23,16,1,wk inc flu hosp,2026-05-30,quantile,0.15,1,Idaho,Ensemble
2026-05-23,16,1,wk inc flu hosp,2026-05-30,quantile,0.2,2,Idaho,Ensemble
2026-05-23,16,1,wk inc flu hosp,2026-05-30,quantile,0.25,2,Idaho,Ensemble
2026-05-23,16,1,wk inc flu hosp,2026-05-30,quantile,0.3,3,Idaho,Ensemble
2026-05-23,16,1,wk inc flu hosp,2026-05-30,quantile,0.35,3,Idaho,Ensemble
2026-05-23,16,1,wk inc flu hosp,2026-05-30,quantile,0.4,3,Idaho,Ensemble
2026-05-23,16,1,wk inc flu hosp,2026-05-30,quantile,0.45,4,Idaho,Ensemble
2026-05-23,16,1,wk inc flu hosp,2026-05-30,quantile,0.5,6,Idaho,Ensemble
2026-05-23,16,1,wk inc flu hosp,2026-05-30,quantile,0.55,7,Idaho,Ensemble
2026-05-23,16,1,wk inc flu hosp,2026-05-30,quantile,0.6,7,Idaho,Ensemble
2026-05-23,16,1,wk inc flu hosp,2026-05-30,quantile,0.65,8,Idaho,Ensemble
2026-05-23,16,1,wk inc flu hosp,2026-05-30,quantile,0.7,9,Idaho,Ensemble
2026-05-23,16,1,wk inc flu hosp,2026-05-30,quantile,0.75,10,Idaho,Ensemble
2026-05-23,16,1,wk inc flu hosp,2026-05-30,quantile,0.8,11,Idaho,Ensemble
2026-05-23,16,1,wk inc flu hosp,2026-05-30,quantile,0.85,12,Idaho,Ensemble
2026-05-23,16,1,wk inc flu hosp,2026-05-30,quantile,0.9,14,Idaho,Ensemble
2026-05-23,16,1,wk inc flu hosp,2026-05-30,quantile,0.95,19,Idaho,Ensemble
2026-05-23,16,1,wk inc flu hosp,2026-05-30,quantile,0.975,24,Idaho,Ensemble
2026-05-23,16,1,wk inc flu hosp,2026-05-30,quantile,0.99,33,Idaho,Ensemble
2026-05-23,16,2,wk inc flu hosp,2026-06-06,quantile,0.01,0,Idaho,Ensemble
2026-05-23,16,2,wk inc flu hosp,2026-06-06,quantile,0.025,0,Idaho,Ensemble
2026-05-23,16,2,wk inc flu hosp,2026-06-06,quantile,0.05,0,Idaho,Ensemble
2026-05-23,16,2,wk inc flu hosp,2026-06-06,quantile,0.1,0,Idaho,Ensemble
2026-05-23,16,2,wk inc flu hosp,2026-06-06,quantile,0.15,1,Idaho,Ensemble
2026-05-23,16,2,wk inc flu hosp,2026-06-06,quantile,0.2,1,Idaho,Ensemble
2026-05-23,16,2,wk inc flu hosp,2026-06-06,quantile,0.25,2,Idaho,Ensemble
2026-05-23,16,2,wk inc flu hosp,2026-06-06,quantile,0.3,2,Idaho,Ensemble
2026-05-23,16,2,wk inc flu hosp,2026-06-06,quantile,0.35,2,Idaho,Ensemble
2026-05-23,16,2,wk inc flu hosp,2026-06-06,quantile,0.4,3,Idaho,Ensemble
2026-05-23,16,2,wk inc flu hosp,2026-06-06,quantile,0.45,4,Idaho,Ensemble
2026-05-23,16,2,wk inc flu hosp,2026-06-06,quantile,0.5,5,Idaho,Ensemble
2026-05-23,16,2,wk inc flu hosp,2026-06-06,quantile,0.55,6,Idaho,Ensemble
2026-05-23,16,2,wk inc flu hosp,2026-06-06,quantile,0.6,7,Idaho,Ensemble
2026-05-23,16,2,wk inc flu hosp,2026-06-06,quantile,0.65,8,Idaho,Ensemble
2026-05-23,16,2,wk inc flu hosp,2026-06-06,quantile,0.7,8,Idaho,Ensemble
2026-05-23,16,2,wk inc flu hosp,2026-06-06,quantile,0.75,10,Idaho,Ensemble
2026-05-23,16,2,wk inc flu hosp,2026-06-06,quantile,0.8,11,Idaho,Ensemble
2026-05-23,16,2,wk inc flu hosp,2026-06-06,quantile,0.85,13,Idaho,Ensemble
2026-05-23,16,2,wk inc flu hosp,2026-06-06,quantile,0.9,15,Idaho,Ensemble
2026-05-23,16,2,wk inc flu hosp,2026-06-06,quantile,0.95,21,Idaho,Ensemble
2026-05-23,16,2,wk inc flu hosp,2026-06-06,quantile,0.975,27,Idaho,Ensemble
2026-05-23,16,2,wk inc flu hosp,2026-06-06,quantile,0.99,39,Idaho,Ensemble
2026-05-23,16,3,wk inc flu hosp,2026-06-13,quantile,0.01,0,Idaho,Ensemble
2026-05-23,16,3,wk inc flu hosp,2026-06-13,quantile,0.025,0,Idaho,Ensemble
2026-05-23,16,3,wk inc flu hosp,2026-06-13,quantile,0.05,0,Idaho,Ensemble
2026-05-23,16,3,wk inc flu hosp,2026-06-13,quantile,0.1,0,Idaho,Ensemble
2026-05-23,16,3,wk inc flu hosp,2026-06-13,quantile,0.15,0,Idaho,Ensemble
2026-05-23,16,3,wk inc flu hosp,2026-06-13,quantile,0.2,1,Idaho,Ensemble
2026-05-23,16,3,wk inc flu hosp,2026-06-13,quantile,0.25,1,Idaho,Ensemble
2026-05-23,16,3,wk inc flu hosp,2026-06-13,quantile,0.3,2,Idaho,Ensemble
2026-05-23,16,3,wk inc flu hosp,2026-06-13,quantile,0.35,2,Idaho,Ensemble
2026-05-23,16,3,wk inc flu hosp,2026-06-13,quantile,0.4,2,Idaho,Ensemble
2026-05-23,16,3,wk inc flu hosp,2026-06-13,quantile,0.45,3,Idaho,Ensemble
2026-05-23,16,3,wk inc flu hosp,2026-06-13,quantile,0.5,5,Idaho,Ensemble
2026-05-23,16,3,wk inc flu hosp,2026-06-13,quantile,0.55,5,Idaho,Ensemble
2026-05-23,16,3,wk inc flu hosp,2026-06-13,quantile,0.6,6,Idaho,Ensemble
2026-05-23,16,3,wk inc flu hosp,2026-06-13,quantile,0.65,7,Idaho,Ensemble
2026-05-23,16,3,wk inc flu hosp,2026-06-13,quantile,0.7,8,Idaho,Ensemble
2026-05-23,16,3,wk inc flu hosp,2026-06-13,quantile,0.75,9,Idaho,Ensemble
2026-05-23,16,3,wk inc flu hosp,2026-06-13,quantile,0.8,11,Idaho,Ensemble
2026-05-23,16,3,wk inc flu hosp,2026-06-13,quantile,0.85,13,Idaho,Ensemble
2026-05-23,16,3,wk inc flu hosp,2026-06-13,quantile,0.9,16,Idaho,Ensemble
2026-05-23,16,3,wk inc flu hosp,2026-06-13,quantile,0.95,22,Idaho,Ensemble
2026-05-23,16,3,wk inc flu hosp,2026-06-13,quantile,0.975,29,Idaho,Ensemble
2026-05-23,16,3,wk inc flu hosp,2026-06-13,quantile,0.99,45,Idaho,Ensemble
2026-05-23,17,0,wk inc flu hosp,2026-05-23,quantile,0.01,2,Illinois,Ensemble
2026-05-23,17,0,wk inc flu hosp,2026-05-23,quantile,0.025,3,Illinois,Ensemble
2026-05-23,17,0,wk inc flu hosp,2026-05-23,quantile,0.05,4,Illinois,Ensemble
2026-05-23,17,0,wk inc flu hosp,2026-05-23,quantile,0.1,5,Illinois,Ensemble
2026-05-23,17,0,wk inc flu hosp,2026-05-23,quantile,0.15,7,Illinois,Ensemble
2026-05-23,17,0,wk inc flu hosp,2026-05-23,quantile,0.2,8,Illinois,Ensemble
2026-05-23,17,0,wk inc flu hosp,2026-05-23,quantile,0.25,9,Illinois,Ensemble
2026-05-23,17,0,wk inc flu hosp,2026-05-23,quantile,0.3,10,Illinois,Ensemble
2026-05-23,17,0,wk inc flu hosp,2026-05-23,quantile,0.35,11,Illinois,Ensemble
2026-05-23,17,0,wk inc flu hosp,2026-05-23,quantile,0.4,13,Illinois,Ensemble
2026-05-23,17,0,wk inc flu hosp,2026-05-23,quantile,0.45,15,Illinois,Ensemble
2026-05-23,17,0,wk inc flu hosp,2026-05-23,quantile,0.5,18,Illinois,Ensemble
2026-05-23,17,0,wk inc flu hosp,2026-05-23,quantile,0.55,20,Illinois,Ensemble
2026-05-23,17,0,wk inc flu hosp,2026-05-23,quantile,0.6,22,Illinois,Ensemble
2026-05-23,17,0,wk inc flu hosp,2026-05-23,quantile,0.65,24,Illinois,Ensemble
2026-05-23,17,0,wk inc flu hosp,2026-05-23,quantile,0.7,27,Illinois,Ensemble
2026-05-23,17,0,wk inc flu hosp,2026-05-23,quantile,0.75,30,Illinois,Ensemble
2026-05-23,17,0,wk inc flu hosp,2026-05-23,quantile,0.8,33,Illinois,Ensemble
2026-05-23,17,0,wk inc flu hosp,2026-05-23,quantile,0.85,37,Illinois,Ensemble
2026-05-23,17,0,wk inc flu hosp,2026-05-23,quantile,0.9,44,Illinois,Ensemble
2026-05-23,17,0,wk inc flu hosp,2026-05-23,quantile,0.95,54,Illinois,Ensemble
2026-05-23,17,0,wk inc flu hosp,2026-05-23,quantile,0.975,69,Illinois,Ensemble
2026-05-23,17,0,wk inc flu hosp,2026-05-23,quantile,0.99,93,Illinois,Ensemble
2026-05-23,17,1,wk inc flu hosp,2026-05-30,quantile,0.01,1,Illinois,Ensemble
2026-05-23,17,1,wk inc flu hosp,2026-05-30,quantile,0.025,2,Illinois,Ensemble
2026-05-23,17,1,wk inc flu hosp,2026-05-30,quantile,0.05,2,Illinois,Ensemble
2026-05-23,17,1,wk inc flu hosp,2026-05-30,quantile,0.1,4,Illinois,Ensemble
2026-05-23,17,1,wk inc flu hosp,2026-05-30,quantile,0.15,5,Illinois,Ensemble
2026-05-23,17,1,wk inc flu hosp,2026-05-30,quantile,0.2,6,Illinois,Ensemble
2026-05-23,17,1,wk inc flu hosp,2026-05-30,quantile,0.25,7,Illinois,Ensemble
2026-05-23,17,1,wk inc flu hosp,2026-05-30,quantile,0.3,8,Illinois,Ensemble
2026-05-23,17,1,wk inc flu hosp,2026-05-30,quantile,0.35,9,Illinois,Ensemble
2026-05-23,17,1,wk inc flu hosp,2026-05-30,quantile,0.4,11,Illinois,Ensemble
2026-05-23,17,1,wk inc flu hosp,2026-05-30,quantile,0.45,12,Illinois,Ensemble
2026-05-23,17,1,wk inc flu hosp,2026-05-30,quantile,0.5,15,Illinois,Ensemble
2026-05-23,17,1,wk inc flu hosp,2026-05-30,quantile,0.55,18,Illinois,Ensemble
2026-05-23,17,1,wk inc flu hosp,2026-05-30,quantile,0.6,21,Illinois,Ensemble
2026-05-23,17,1,wk inc flu hosp,2026-05-30,quantile,0.65,23,Illinois,Ensemble
2026-05-23,17,1,wk inc flu hosp,2026-05-30,quantile,0.7,26,Illinois,Ensemble
2026-05-23,17,1,wk inc flu hosp,2026-05-30,quantile,0.75,30,Illinois,Ensemble
2026-05-23,17,1,wk inc flu hosp,2026-05-30,quantile,0.8,34,Illinois,Ensemble
2026-05-23,17,1,wk inc flu hosp,2026-05-30,quantile,0.85,39,Illinois,Ensemble
2026-05-23,17,1,wk inc flu hosp,2026-05-30,quantile,0.9,49,Illinois,Ensemble
2026-05-23,17,1,wk inc flu hosp,2026-05-30,quantile,0.95,68,Illinois,Ensemble
2026-05-23,17,1,wk inc flu hosp,2026-05-30,quantile,0.975,93,Illinois,Ensemble
2026-05-23,17,1,wk inc flu hosp,2026-05-30,quantile,0.99,147,Illinois,Ensemble
2026-05-23,17,2,wk inc flu hosp,2026-06-06,quantile,0.01,1,Illinois,Ensemble
2026-05-23,17,2,wk inc flu hosp,2026-06-06,quantile,0.025,1,Illinois,Ensemble
2026-05-23,17,2,wk inc flu hosp,2026-06-06,quantile,0.05,2,Illinois,Ensemble
2026-05-23,17,2,wk inc flu hosp,2026-06-06,quantile,0.1,3,Illinois,Ensemble
2026-05-23,17,2,wk inc flu hosp,2026-06-06,quantile,0.15,4,Illinois,Ensemble
2026-05-23,17,2,wk inc flu hosp,2026-06-06,quantile,0.2,5,Illinois,Ensemble
2026-05-23,17,2,wk inc flu hosp,2026-06-06,quantile,0.25,6,Illinois,Ensemble
2026-05-23,17,2,wk inc flu hosp,2026-06-06,quantile,0.3,7,Illinois,Ensemble
2026-05-23,17,2,wk inc flu hosp,2026-06-06,quantile,0.35,8,Illinois,Ensemble
2026-05-23,17,2,wk inc flu hosp,2026-06-06,quantile,0.4,9,Illinois,Ensemble
2026-05-23,17,2,wk inc flu hosp,2026-06-06,quantile,0.45,11,Illinois,Ensemble
2026-05-23,17,2,wk inc flu hosp,2026-06-06,quantile,0.5,14,Illinois,Ensemble
2026-05-23,17,2,wk inc flu hosp,2026-06-06,quantile,0.55,17,Illinois,Ensemble
2026-05-23,17,2,wk inc flu hosp,2026-06-06,quantile,0.6,20,Illinois,Ensemble
2026-05-23,17,2,wk inc flu hosp,2026-06-06,quantile,0.65,23,Illinois,Ensemble
2026-05-23,17,2,wk inc flu hosp,2026-06-06,quantile,0.7,27,Illinois,Ensemble
2026-05-23,17,2,wk inc flu hosp,2026-06-06,quantile,0.75,31,Illinois,Ensemble
2026-05-23,17,2,wk inc flu hosp,2026-06-06,quantile,0.8,36,Illinois,Ensemble
2026-05-23,17,2,wk inc flu hosp,2026-06-06,quantile,0.85,44,Illinois,Ensemble
2026-05-23,17,2,wk inc flu hosp,2026-06-06,quantile,0.9,58,Illinois,Ensemble
2026-05-23,17,2,wk inc flu hosp,2026-06-06,quantile,0.95,83,Illinois,Ensemble
2026-05-23,17,2,wk inc flu hosp,2026-06-06,quantile,0.975,112,Illinois,Ensemble
2026-05-23,17,2,wk inc flu hosp,2026-06-06,quantile,0.99,173,Illinois,Ensemble
2026-05-23,17,3,wk inc flu hosp,2026-06-13,quantile,0.01,1,Illinois,Ensemble
2026-05-23,17,3,wk inc flu hosp,2026-06-13,quantile,0.025,1,Illinois,Ensemble
2026-05-23,17,3,wk inc flu hosp,2026-06-13,quantile,0.05,2,Illinois,Ensemble
2026-05-23,17,3,wk inc flu hosp,2026-06-13,quantile,0.1,3,Illinois,Ensemble
2026-05-23,17,3,wk inc flu hosp,2026-06-13,quantile,0.15,4,Illinois,Ensemble
2026-05-23,17,3,wk inc flu hosp,2026-06-13,quantile,0.2,5,Illinois,Ensemble
2026-05-23,17,3,wk inc flu hosp,2026-06-13,quantile,0.25,6,Illinois,Ensemble
2026-05-23,17,3,wk inc flu hosp,2026-06-13,quantile,0.3,6,Illinois,Ensemble
2026-05-23,17,3,wk inc flu hosp,2026-06-13,quantile,0.35,7,Illinois,Ensemble
2026-05-23,17,3,wk inc flu hosp,2026-06-13,quantile,0.4,9,Illinois,Ensemble
2026-05-23,17,3,wk inc flu hosp,2026-06-13,quantile,0.45,10,Illinois,Ensemble
2026-05-23,17,3,wk inc flu hosp,2026-06-13,quantile,0.5,14,Illinois,Ensemble
2026-05-23,17,3,wk inc flu hosp,2026-06-13,quantile,0.55,17,Illinois,Ensemble
2026-05-23,17,3,wk inc flu hosp,2026-06-13,quantile,0.6,20,Illinois,Ensemble
2026-05-23,17,3,wk inc flu hosp,2026-06-13,quantile,0.65,25,Illinois,Ensemble
2026-05-23,17,3,wk inc flu hosp,2026-06-13,quantile,0.7,28,Illinois,Ensemble
2026-05-23,17,3,wk inc flu hosp,2026-06-13,quantile,0.75,33,Illinois,Ensemble
2026-05-23,17,3,wk inc flu hosp,2026-06-13,quantile,0.8,39,Illinois,Ensemble
2026-05-23,17,3,wk inc flu hosp,2026-06-13,quantile,0.85,49,Illinois,Ensemble
2026-05-23,17,3,wk inc flu hosp,2026-06-13,quantile,0.9,66,Illinois,Ensemble
2026-05-23,17,3,wk inc flu hosp,2026-06-13,quantile,0.95,98,Illinois,Ensemble
2026-05-23,17,3,wk inc flu hosp,2026-06-13,quantile,0.975,137,Illinois,Ensemble
2026-05-23,17,3,wk inc flu hosp,2026-06-13,quantile,0.99,222,Illinois,Ensemble
2026-05-23,18,0,wk inc flu hosp,2026-05-23,quantile,0.01,2,Indiana,Ensemble
2026-05-23,18,0,wk inc flu hosp,2026-05-23,quantile,0.025,3,Indiana,Ensemble
2026-05-23,18,0,wk inc flu hosp,2026-05-23,quantile,0.05,4,Indiana,Ensemble
2026-05-23,18,0,wk inc flu hosp,2026-05-23,quantile,0.1,6,Indiana,Ensemble
2026-05-23,18,0,wk inc flu hosp,2026-05-23,quantile,0.15,7,Indiana,Ensemble
2026-05-23,18,0,wk inc flu hosp,2026-05-23,quantile,0.2,9,Indiana,Ensemble
2026-05-23,18,0,wk inc flu hosp,2026-05-23,quantile,0.25,10,Indiana,Ensemble
2026-05-23,18,0,wk inc flu hosp,2026-05-23,quantile,0.3,11,Indiana,Ensemble
2026-05-23,18,0,wk inc flu hosp,2026-05-23,quantile,0.35,12,Indiana,Ensemble
2026-05-23,18,0,wk inc flu hosp,2026-05-23,quantile,0.4,14,Indiana,Ensemble
2026-05-23,18,0,wk inc flu hosp,2026-05-23,quantile,0.45,15,Indiana,Ensemble
2026-05-23,18,0,wk inc flu hosp,2026-05-23,quantile,0.5,17,Indiana,Ensemble
2026-05-23,18,0,wk inc flu hosp,2026-05-23,quantile,0.55,19,Indiana,Ensemble
2026-05-23,18,0,wk inc flu hosp,2026-05-23,quantile,0.6,20,Indiana,Ensemble
2026-05-23,18,0,wk inc flu hosp,2026-05-23,quantile,0.65,21,Indiana,Ensemble
2026-05-23,18,0,wk inc flu hosp,2026-05-23,quantile,0.7,23,Indiana,Ensemble
2026-05-23,18,0,wk inc flu hosp,2026-05-23,quantile,0.75,25,Indiana,Ensemble
2026-05-23,18,0,wk inc flu hosp,2026-05-23,quantile,0.8,28,Indiana,Ensemble
2026-05-23,18,0,wk inc flu hosp,2026-05-23,quantile,0.85,31,Indiana,Ensemble
2026-05-23,18,0,wk inc flu hosp,2026-05-23,quantile,0.9,36,Indiana,Ensemble
2026-05-23,18,0,wk inc flu hosp,2026-05-23,quantile,0.95,49,Indiana,Ensemble
2026-05-23,18,0,wk inc flu hosp,2026-05-23,quantile,0.975,85,Indiana,Ensemble
2026-05-23,18,0,wk inc flu hosp,2026-05-23,quantile,0.99,104,Indiana,Ensemble
2026-05-23,18,1,wk inc flu hosp,2026-05-30,quantile,0.01,1,Indiana,Ensemble
2026-05-23,18,1,wk inc flu hosp,2026-05-30,quantile,0.025,2,Indiana,Ensemble
2026-05-23,18,1,wk inc flu hosp,2026-05-30,quantile,0.05,3,Indiana,Ensemble
2026-05-23,18,1,wk inc flu hosp,2026-05-30,quantile,0.1,4,Indiana,Ensemble
2026-05-23,18,1,wk inc flu hosp,2026-05-30,quantile,0.15,5,Indiana,Ensemble
2026-05-23,18,1,wk inc flu hosp,2026-05-30,quantile,0.2,7,Indiana,Ensemble
2026-05-23,18,1,wk inc flu hosp,2026-05-30,quantile,0.25,8,Indiana,Ensemble
2026-05-23,18,1,wk inc flu hosp,2026-05-30,quantile,0.3,9,Indiana,Ensemble
2026-05-23,18,1,wk inc flu hosp,2026-05-30,quantile,0.35,10,Indiana,Ensemble
2026-05-23,18,1,wk inc flu hosp,2026-05-30,quantile,0.4,11,Indiana,Ensemble
2026-05-23,18,1,wk inc flu hosp,2026-05-30,quantile,0.45,13,Indiana,Ensemble
2026-05-23,18,1,wk inc flu hosp,2026-05-30,quantile,0.5,16,Indiana,Ensemble
2026-05-23,18,1,wk inc flu hosp,2026-05-30,quantile,0.55,18,Indiana,Ensemble
2026-05-23,18,1,wk inc flu hosp,2026-05-30,quantile,0.6,19,Indiana,Ensemble
2026-05-23,18,1,wk inc flu hosp,2026-05-30,quantile,0.65,21,Indiana,Ensemble
2026-05-23,18,1,wk inc flu hosp,2026-05-30,quantile,0.7,24,Indiana,Ensemble
2026-05-23,18,1,wk inc flu hosp,2026-05-30,quantile,0.75,26,Indiana,Ensemble
2026-05-23,18,1,wk inc flu hosp,2026-05-30,quantile,0.8,30,Indiana,Ensemble
2026-05-23,18,1,wk inc flu hosp,2026-05-30,quantile,0.85,36,Indiana,Ensemble
2026-05-23,18,1,wk inc flu hosp,2026-05-30,quantile,0.9,43,Indiana,Ensemble
2026-05-23,18,1,wk inc flu hosp,2026-05-30,quantile,0.95,66,Indiana,Ensemble
2026-05-23,18,1,wk inc flu hosp,2026-05-30,quantile,0.975,87,Indiana,Ensemble
2026-05-23,18,1,wk inc flu hosp,2026-05-30,quantile,0.99,140,Indiana,Ensemble
2026-05-23,18,2,wk inc flu hosp,2026-06-06,quantile,0.01,1,Indiana,Ensemble
2026-05-23,18,2,wk inc flu hosp,2026-06-06,quantile,0.025,2,Indiana,Ensemble
2026-05-23,18,2,wk inc flu hosp,2026-06-06,quantile,0.05,2,Indiana,Ensemble
2026-05-23,18,2,wk inc flu hosp,2026-06-06,quantile,0.1,4,Indiana,Ensemble
2026-05-23,18,2,wk inc flu hosp,2026-06-06,quantile,0.15,5,Indiana,Ensemble
2026-05-23,18,2,wk inc flu hosp,2026-06-06,quantile,0.2,6,Indiana,Ensemble
2026-05-23,18,2,wk inc flu hosp,2026-06-06,quantile,0.25,7,Indiana,Ensemble
2026-05-23,18,2,wk inc flu hosp,2026-06-06,quantile,0.3,8,Indiana,Ensemble
2026-05-23,18,2,wk inc flu hosp,2026-06-06,quantile,0.35,10,Indiana,Ensemble
2026-05-23,18,2,wk inc flu hosp,2026-06-06,quantile,0.4,11,Indiana,Ensemble
2026-05-23,18,2,wk inc flu hosp,2026-06-06,quantile,0.45,12,Indiana,Ensemble
2026-05-23,18,2,wk inc flu hosp,2026-06-06,quantile,0.5,15,Indiana,Ensemble
2026-05-23,18,2,wk inc flu hosp,2026-06-06,quantile,0.55,17,Indiana,Ensemble
2026-05-23,18,2,wk inc flu hosp,2026-06-06,quantile,0.6,19,Indiana,Ensemble
2026-05-23,18,2,wk inc flu hosp,2026-06-06,quantile,0.65,21,Indiana,Ensemble
2026-05-23,18,2,wk inc flu hosp,2026-06-06,quantile,0.7,24,Indiana,Ensemble
2026-05-23,18,2,wk inc flu hosp,2026-06-06,quantile,0.75,27,Indiana,Ensemble
2026-05-23,18,2,wk inc flu hosp,2026-06-06,quantile,0.8,31,Indiana,Ensemble
2026-05-23,18,2,wk inc flu hosp,2026-06-06,quantile,0.85,38,Indiana,Ensemble
2026-05-23,18,2,wk inc flu hosp,2026-06-06,quantile,0.9,47,Indiana,Ensemble
2026-05-23,18,2,wk inc flu hosp,2026-06-06,quantile,0.95,64,Indiana,Ensemble
2026-05-23,18,2,wk inc flu hosp,2026-06-06,quantile,0.975,86,Indiana,Ensemble
2026-05-23,18,2,wk inc flu hosp,2026-06-06,quantile,0.99,152,Indiana,Ensemble
2026-05-23,18,3,wk inc flu hosp,2026-06-13,quantile,0.01,1,Indiana,Ensemble
2026-05-23,18,3,wk inc flu hosp,2026-06-13,quantile,0.025,1,Indiana,Ensemble
2026-05-23,18,3,wk inc flu hosp,2026-06-13,quantile,0.05,2,Indiana,Ensemble
2026-05-23,18,3,wk inc flu hosp,2026-06-13,quantile,0.1,3,Indiana,Ensemble
2026-05-23,18,3,wk inc flu hosp,2026-06-13,quantile,0.15,4,Indiana,Ensemble
2026-05-23,18,3,wk inc flu hosp,2026-06-13,quantile,0.2,5,Indiana,Ensemble
2026-05-23,18,3,wk inc flu hosp,2026-06-13,quantile,0.25,6,Indiana,Ensemble
2026-05-23,18,3,wk inc flu hosp,2026-06-13,quantile,0.3,7,Indiana,Ensemble
2026-05-23,18,3,wk inc flu hosp,2026-06-13,quantile,0.35,8,Indiana,Ensemble
2026-05-23,18,3,wk inc flu hosp,2026-06-13,quantile,0.4,10,Indiana,Ensemble
2026-05-23,18,3,wk inc flu hosp,2026-06-13,quantile,0.45,11,Indiana,Ensemble
2026-05-23,18,3,wk inc flu hosp,2026-06-13,quantile,0.5,14,Indiana,Ensemble
2026-05-23,18,3,wk inc flu hosp,2026-06-13,quantile,0.55,17,Indiana,Ensemble
2026-05-23,18,3,wk inc flu hosp,2026-06-13,quantile,0.6,19,Indiana,Ensemble
2026-05-23,18,3,wk inc flu hosp,2026-06-13,quantile,0.65,22,Indiana,Ensemble
2026-05-23,18,3,wk inc flu hosp,2026-06-13,quantile,0.7,26,Indiana,Ensemble
2026-05-23,18,3,wk inc flu hosp,2026-06-13,quantile,0.75,30,Indiana,Ensemble
2026-05-23,18,3,wk inc flu hosp,2026-06-13,quantile,0.8,36,Indiana,Ensemble
2026-05-23,18,3,wk inc flu hosp,2026-06-13,quantile,0.85,42,Indiana,Ensemble
2026-05-23,18,3,wk inc flu hosp,2026-06-13,quantile,0.9,54,Indiana,Ensemble
2026-05-23,18,3,wk inc flu hosp,2026-06-13,quantile,0.95,74,Indiana,Ensemble
2026-05-23,18,3,wk inc flu hosp,2026-06-13,quantile,0.975,125,Indiana,Ensemble
2026-05-23,18,3,wk inc flu hosp,2026-06-13,quantile,0.99,198,Indiana,Ensemble
2026-05-23,19,0,wk inc flu hosp,2026-05-23,quantile,0.01,0,Iowa,Ensemble
2026-05-23,19,0,wk inc flu hosp,2026-05-23,quantile,0.025,0,Iowa,Ensemble
2026-05-23,19,0,wk inc flu hosp,2026-05-23,quantile,0.05,0,Iowa,Ensemble
2026-05-23,19,0,wk inc flu hosp,2026-05-23,quantile,0.1,0,Iowa,Ensemble
2026-05-23,19,0,wk inc flu hosp,2026-05-23,quantile,0.15,0,Iowa,Ensemble
2026-05-23,19,0,wk inc flu hosp,2026-05-23,quantile,0.2,1,Iowa,Ensemble
2026-05-23,19,0,wk inc flu hosp,2026-05-23,quantile,0.25,1,Iowa,Ensemble
2026-05-23,19,0,wk inc flu hosp,2026-05-23,quantile,0.3,1,Iowa,Ensemble
2026-05-23,19,0,wk inc flu hosp,2026-05-23,quantile,0.35,2,Iowa,Ensemble
2026-05-23,19,0,wk inc flu hosp,2026-05-23,quantile,0.4,2,Iowa,Ensemble
2026-05-23,19,0,wk inc flu hosp,2026-05-23,quantile,0.45,2,Iowa,Ensemble
2026-05-23,19,0,wk inc flu hosp,2026-05-23,quantile,0.5,4,Iowa,Ensemble
2026-05-23,19,0,wk inc flu hosp,2026-05-23,quantile,0.55,4,Iowa,Ensemble
2026-05-23,19,0,wk inc flu hosp,2026-05-23,quantile,0.6,5,Iowa,Ensemble
2026-05-23,19,0,wk inc flu hosp,2026-05-23,quantile,0.65,5,Iowa,Ensemble
2026-05-23,19,0,wk inc flu hosp,2026-05-23,quantile,0.7,6,Iowa,Ensemble
2026-05-23,19,0,wk inc flu hosp,2026-05-23,quantile,0.75,7,Iowa,Ensemble
2026-05-23,19,0,wk inc flu hosp,2026-05-23,quantile,0.8,8,Iowa,Ensemble
2026-05-23,19,0,wk inc flu hosp,2026-05-23,quantile,0.85,9,Iowa,Ensemble
2026-05-23,19,0,wk inc flu hosp,2026-05-23,quantile,0.9,11,Iowa,Ensemble
2026-05-23,19,0,wk inc flu hosp,2026-05-23,quantile,0.95,14,Iowa,Ensemble
2026-05-23,19,0,wk inc flu hosp,2026-05-23,quantile,0.975,19,Iowa,Ensemble
2026-05-23,19,0,wk inc flu hosp,2026-05-23,quantile,0.99,23,Iowa,Ensemble
2026-05-23,19,1,wk inc flu hosp,2026-05-30,quantile,0.01,0,Iowa,Ensemble
2026-05-23,19,1,wk inc flu hosp,2026-05-30,quantile,0.025,0,Iowa,Ensemble
2026-05-23,19,1,wk inc flu hosp,2026-05-30,quantile,0.05,0,Iowa,Ensemble
2026-05-23,19,1,wk inc flu hosp,2026-05-30,quantile,0.1,0,Iowa,Ensemble
2026-05-23,19,1,wk inc flu hosp,2026-05-30,quantile,0.15,0,Iowa,Ensemble
2026-05-23,19,1,wk inc flu hosp,2026-05-30,quantile,0.2,1,Iowa,Ensemble
2026-05-23,19,1,wk inc flu hosp,2026-05-30,quantile,0.25,1,Iowa,Ensemble
2026-05-23,19,1,wk inc flu hosp,2026-05-30,quantile,0.3,1,Iowa,Ensemble
2026-05-23,19,1,wk inc flu hosp,2026-05-30,quantile,0.35,1,Iowa,Ensemble
2026-05-23,19,1,wk inc flu hosp,2026-05-30,quantile,0.4,2,Iowa,Ensemble
2026-05-23,19,1,wk inc flu hosp,2026-05-30,quantile,0.45,2,Iowa,Ensemble
2026-05-23,19,1,wk inc flu hosp,2026-05-30,quantile,0.5,4,Iowa,Ensemble
2026-05-23,19,1,wk inc flu hosp,2026-05-30,quantile,0.55,4,Iowa,Ensemble
2026-05-23,19,1,wk inc flu hosp,2026-05-30,quantile,0.6,5,Iowa,Ensemble
2026-05-23,19,1,wk inc flu hosp,2026-05-30,quantile,0.65,5,Iowa,Ensemble
2026-05-23,19,1,wk inc flu hosp,2026-05-30,quantile,0.7,6,Iowa,Ensemble
2026-05-23,19,1,wk inc flu hosp,2026-05-30,quantile,0.75,8,Iowa,Ensemble
2026-05-23,19,1,wk inc flu hosp,2026-05-30,quantile,0.8,9,Iowa,Ensemble
2026-05-23,19,1,wk inc flu hosp,2026-05-30,quantile,0.85,11,Iowa,Ensemble
2026-05-23,19,1,wk inc flu hosp,2026-05-30,quantile,0.9,13,Iowa,Ensemble
2026-05-23,19,1,wk inc flu hosp,2026-05-30,quantile,0.95,18,Iowa,Ensemble
2026-05-23,19,1,wk inc flu hosp,2026-05-30,quantile,0.975,25,Iowa,Ensemble
2026-05-23,19,1,wk inc flu hosp,2026-05-30,quantile,0.99,35,Iowa,Ensemble
2026-05-23,19,2,wk inc flu hosp,2026-06-06,quantile,0.01,0,Iowa,Ensemble
2026-05-23,19,2,wk inc flu hosp,2026-06-06,quantile,0.025,0,Iowa,Ensemble
2026-05-23,19,2,wk inc flu hosp,2026-06-06,quantile,0.05,0,Iowa,Ensemble
2026-05-23,19,2,wk inc flu hosp,2026-06-06,quantile,0.1,0,Iowa,Ensemble
2026-05-23,19,2,wk inc flu hosp,2026-06-06,quantile,0.15,0,Iowa,Ensemble
2026-05-23,19,2,wk inc flu hosp,2026-06-06,quantile,0.2,0,Iowa,Ensemble
2026-05-23,19,2,wk inc flu hosp,2026-06-06,quantile,0.25,1,Iowa,Ensemble
2026-05-23,19,2,wk inc flu hosp,2026-06-06,quantile,0.3,1,Iowa,Ensemble
2026-05-23,19,2,wk inc flu hosp,2026-06-06,quantile,0.35,1,Iowa,Ensemble
2026-05-23,19,2,wk inc flu hosp,2026-06-06,quantile,0.4,1,Iowa,Ensemble
2026-05-23,19,2,wk inc flu hosp,2026-06-06,quantile,0.45,2,Iowa,Ensemble
2026-05-23,19,2,wk inc flu hosp,2026-06-06,quantile,0.5,3,Iowa,Ensemble
2026-05-23,19,2,wk inc flu hosp,2026-06-06,quantile,0.55,4,Iowa,Ensemble
2026-05-23,19,2,wk inc flu hosp,2026-06-06,quantile,0.6,5,Iowa,Ensemble
2026-05-23,19,2,wk inc flu hosp,2026-06-06,quantile,0.65,6,Iowa,Ensemble
2026-05-23,19,2,wk inc flu hosp,2026-06-06,quantile,0.7,7,Iowa,Ensemble
2026-05-23,19,2,wk inc flu hosp,2026-06-06,quantile,0.75,8,Iowa,Ensemble
2026-05-23,19,2,wk inc flu hosp,2026-06-06,quantile,0.8,9,Iowa,Ensemble
2026-05-23,19,2,wk inc flu hosp,2026-06-06,quantile,0.85,11,Iowa,Ensemble
2026-05-23,19,2,wk inc flu hosp,2026-06-06,quantile,0.9,14,Iowa,Ensemble
2026-05-23,19,2,wk inc flu hosp,2026-06-06,quantile,0.95,22,Iowa,Ensemble
2026-05-23,19,2,wk inc flu hosp,2026-06-06,quantile,0.975,31,Iowa,Ensemble
2026-05-23,19,2,wk inc flu hosp,2026-06-06,quantile,0.99,43,Iowa,Ensemble
2026-05-23,19,3,wk inc flu hosp,2026-06-13,quantile,0.01,0,Iowa,Ensemble
2026-05-23,19,3,wk inc flu hosp,2026-06-13,quantile,0.025,0,Iowa,Ensemble
2026-05-23,19,3,wk inc flu hosp,2026-06-13,quantile,0.05,0,Iowa,Ensemble
2026-05-23,19,3,wk inc flu hosp,2026-06-13,quantile,0.1,0,Iowa,Ensemble
2026-05-23,19,3,wk inc flu hosp,2026-06-13,quantile,0.15,0,Iowa,Ensemble
2026-05-23,19,3,wk inc flu hosp,2026-06-13,quantile,0.2,0,Iowa,Ensemble
2026-05-23,19,3,wk inc flu hosp,2026-06-13,quantile,0.25,0,Iowa,Ensemble
2026-05-23,19,3,wk inc flu hosp,2026-06-13,quantile,0.3,1,Iowa,Ensemble
2026-05-23,19,3,wk inc flu hosp,2026-06-13,quantile,0.35,1,Iowa,Ensemble
2026-05-23,19,3,wk inc flu hosp,2026-06-13,quantile,0.4,1,Iowa,Ensemble
2026-05-23,19,3,wk inc flu hosp,2026-06-13,quantile,0.45,2,Iowa,Ensemble
2026-05-23,19,3,wk inc flu hosp,2026-06-13,quantile,0.5,3,Iowa,Ensemble
2026-05-23,19,3,wk inc flu hosp,2026-06-13,quantile,0.55,4,Iowa,Ensemble
2026-05-23,19,3,wk inc flu hosp,2026-06-13,quantile,0.6,5,Iowa,Ensemble
2026-05-23,19,3,wk inc flu hosp,2026-06-13,quantile,0.65,6,Iowa,Ensemble
2026-05-23,19,3,wk inc flu hosp,2026-06-13,quantile,0.7,7,Iowa,Ensemble
2026-05-23,19,3,wk inc flu hosp,2026-06-13,quantile,0.75,8,Iowa,Ensemble
2026-05-23,19,3,wk inc flu hosp,2026-06-13,quantile,0.8,10,Iowa,Ensemble
2026-05-23,19,3,wk inc flu hosp,2026-06-13,quantile,0.85,12,Iowa,Ensemble
2026-05-23,19,3,wk inc flu hosp,2026-06-13,quantile,0.9,16,Iowa,Ensemble
2026-05-23,19,3,wk inc flu hosp,2026-06-13,quantile,0.95,26,Iowa,Ensemble
2026-05-23,19,3,wk inc flu hosp,2026-06-13,quantile,0.975,37,Iowa,Ensemble
2026-05-23,19,3,wk inc flu hosp,2026-06-13,quantile,0.99,53,Iowa,Ensemble
2026-05-23,20,0,wk inc flu hosp,2026-05-23,quantile,0.01,0,Kansas,Ensemble
2026-05-23,20,0,wk inc flu hosp,2026-05-23,quantile,0.025,0,Kansas,Ensemble
2026-05-23,20,0,wk inc flu hosp,2026-05-23,quantile,0.05,0,Kansas,Ensemble
2026-05-23,20,0,wk inc flu hosp,2026-05-23,quantile,0.1,0,Kansas,Ensemble
2026-05-23,20,0,wk inc flu hosp,2026-05-23,quantile,0.15,0,Kansas,Ensemble
2026-05-23,20,0,wk inc flu hosp,2026-05-23,quantile,0.2,0,Kansas,Ensemble
2026-05-23,20,0,wk inc flu hosp,2026-05-23,quantile,0.25,1,Kansas,Ensemble
2026-05-23,20,0,wk inc flu hosp,2026-05-23,quantile,0.3,1,Kansas,Ensemble
2026-05-23,20,0,wk inc flu hosp,2026-05-23,quantile,0.35,1,Kansas,Ensemble
2026-05-23,20,0,wk inc flu hosp,2026-05-23,quantile,0.4,2,Kansas,Ensemble
2026-05-23,20,0,wk inc flu hosp,2026-05-23,quantile,0.45,2,Kansas,Ensemble
2026-05-23,20,0,wk inc flu hosp,2026-05-23,quantile,0.5,3,Kansas,Ensemble
2026-05-23,20,0,wk inc flu hosp,2026-05-23,quantile,0.55,4,Kansas,Ensemble
2026-05-23,20,0,wk inc flu hosp,2026-05-23,quantile,0.6,4,Kansas,Ensemble
2026-05-23,20,0,wk inc flu hosp,2026-05-23,quantile,0.65,5,Kansas,Ensemble
2026-05-23,20,0,wk inc flu hosp,2026-05-23,quantile,0.7,5,Kansas,Ensemble
2026-05-23,20,0,wk inc flu hosp,2026-05-23,quantile,0.75,6,Kansas,Ensemble
2026-05-23,20,0,wk inc flu hosp,2026-05-23,quantile,0.8,6,Kansas,Ensemble
2026-05-23,20,0,wk inc flu hosp,2026-05-23,quantile,0.85,7,Kansas,Ensemble
2026-05-23,20,0,wk inc flu hosp,2026-05-23,quantile,0.9,9,Kansas,Ensemble
2026-05-23,20,0,wk inc flu hosp,2026-05-23,quantile,0.95,12,Kansas,Ensemble
2026-05-23,20,0,wk inc flu hosp,2026-05-23,quantile,0.975,16,Kansas,Ensemble
2026-05-23,20,0,wk inc flu hosp,2026-05-23,quantile,0.99,21,Kansas,Ensemble
2026-05-23,20,1,wk inc flu hosp,2026-05-30,quantile,0.01,0,Kansas,Ensemble
2026-05-23,20,1,wk inc flu hosp,2026-05-30,quantile,0.025,0,Kansas,Ensemble
2026-05-23,20,1,wk inc flu hosp,2026-05-30,quantile,0.05,0,Kansas,Ensemble
2026-05-23,20,1,wk inc flu hosp,2026-05-30,quantile,0.1,0,Kansas,Ensemble
2026-05-23,20,1,wk inc flu hosp,2026-05-30,quantile,0.15,0,Kansas,Ensemble
2026-05-23,20,1,wk inc flu hosp,2026-05-30,quantile,0.2,0,Kansas,Ensemble
2026-05-23,20,1,wk inc flu hosp,2026-05-30,quantile,0.25,1,Kansas,Ensemble
2026-05-23,20,1,wk inc flu hosp,2026-05-30,quantile,0.3,1,Kansas,Ensemble
2026-05-23,20,1,wk inc flu hosp,2026-05-30,quantile,0.35,1,Kansas,Ensemble
2026-05-23,20,1,wk inc flu hosp,2026-05-30,quantile,0.4,1,Kansas,Ensemble
2026-05-23,20,1,wk inc flu hosp,2026-05-30,quantile,0.45,2,Kansas,Ensemble
2026-05-23,20,1,wk inc flu hosp,2026-05-30,quantile,0.5,3,Kansas,Ensemble
2026-05-23,20,1,wk inc flu hosp,2026-05-30,quantile,0.55,4,Kansas,Ensemble
2026-05-23,20,1,wk inc flu hosp,2026-05-30,quantile,0.6,4,Kansas,Ensemble
2026-05-23,20,1,wk inc flu hosp,2026-05-30,quantile,0.65,5,Kansas,Ensemble
2026-05-23,20,1,wk inc flu hosp,2026-05-30,quantile,0.7,5,Kansas,Ensemble
2026-05-23,20,1,wk inc flu hosp,2026-05-30,quantile,0.75,6,Kansas,Ensemble
2026-05-23,20,1,wk inc flu hosp,2026-05-30,quantile,0.8,7,Kansas,Ensemble
2026-05-23,20,1,wk inc flu hosp,2026-05-30,quantile,0.85,9,Kansas,Ensemble
2026-05-23,20,1,wk inc flu hosp,2026-05-30,quantile,0.9,11,Kansas,Ensemble
2026-05-23,20,1,wk inc flu hosp,2026-05-30,quantile,0.95,15,Kansas,Ensemble
2026-05-23,20,1,wk inc flu hosp,2026-05-30,quantile,0.975,23,Kansas,Ensemble
2026-05-23,20,1,wk inc flu hosp,2026-05-30,quantile,0.99,32,Kansas,Ensemble
2026-05-23,20,2,wk inc flu hosp,2026-06-06,quantile,0.01,0,Kansas,Ensemble
2026-05-23,20,2,wk inc flu hosp,2026-06-06,quantile,0.025,0,Kansas,Ensemble
2026-05-23,20,2,wk inc flu hosp,2026-06-06,quantile,0.05,0,Kansas,Ensemble
2026-05-23,20,2,wk inc flu hosp,2026-06-06,quantile,0.1,0,Kansas,Ensemble
2026-05-23,20,2,wk inc flu hosp,2026-06-06,quantile,0.15,0,Kansas,Ensemble
2026-05-23,20,2,wk inc flu hosp,2026-06-06,quantile,0.2,0,Kansas,Ensemble
2026-05-23,20,2,wk inc flu hosp,2026-06-06,quantile,0.25,0,Kansas,Ensemble
2026-05-23,20,2,wk inc flu hosp,2026-06-06,quantile,0.3,1,Kansas,Ensemble
2026-05-23,20,2,wk inc flu hosp,2026-06-06,quantile,0.35,1,Kansas,Ensemble
2026-05-23,20,2,wk inc flu hosp,2026-06-06,quantile,0.4,1,Kansas,Ensemble
2026-05-23,20,2,wk inc flu hosp,2026-06-06,quantile,0.45,2,Kansas,Ensemble
2026-05-23,20,2,wk inc flu hosp,2026-06-06,quantile,0.5,3,Kansas,Ensemble
2026-05-23,20,2,wk inc flu hosp,2026-06-06,quantile,0.55,3,Kansas,Ensemble
2026-05-23,20,2,wk inc flu hosp,2026-06-06,quantile,0.6,4,Kansas,Ensemble
2026-05-23,20,2,wk inc flu hosp,2026-06-06,quantile,0.65,5,Kansas,Ensemble
2026-05-23,20,2,wk inc flu hosp,2026-06-06,quantile,0.7,6,Kansas,Ensemble
2026-05-23,20,2,wk inc flu hosp,2026-06-06,quantile,0.75,7,Kansas,Ensemble
2026-05-23,20,2,wk inc flu hosp,2026-06-06,quantile,0.8,8,Kansas,Ensemble
2026-05-23,20,2,wk inc flu hosp,2026-06-06,quantile,0.85,10,Kansas,Ensemble
2026-05-23,20,2,wk inc flu hosp,2026-06-06,quantile,0.9,13,Kansas,Ensemble
2026-05-23,20,2,wk inc flu hosp,2026-06-06,quantile,0.95,20,Kansas,Ensemble
2026-05-23,20,2,wk inc flu hosp,2026-06-06,quantile,0.975,28,Kansas,Ensemble
2026-05-23,20,2,wk inc flu hosp,2026-06-06,quantile,0.99,41,Kansas,Ensemble
2026-05-23,20,3,wk inc flu hosp,2026-06-13,quantile,0.01,0,Kansas,Ensemble
2026-05-23,20,3,wk inc flu hosp,2026-06-13,quantile,0.025,0,Kansas,Ensemble
2026-05-23,20,3,wk inc flu hosp,2026-06-13,quantile,0.05,0,Kansas,Ensemble
2026-05-23,20,3,wk inc flu hosp,2026-06-13,quantile,0.1,0,Kansas,Ensemble
2026-05-23,20,3,wk inc flu hosp,2026-06-13,quantile,0.15,0,Kansas,Ensemble
2026-05-23,20,3,wk inc flu hosp,2026-06-13,quantile,0.2,0,Kansas,Ensemble
2026-05-23,20,3,wk inc flu hosp,2026-06-13,quantile,0.25,0,Kansas,Ensemble
2026-05-23,20,3,wk inc flu hosp,2026-06-13,quantile,0.3,1,Kansas,Ensemble
2026-05-23,20,3,wk inc flu hosp,2026-06-13,quantile,0.35,1,Kansas,Ensemble
2026-05-23,20,3,wk inc flu hosp,2026-06-13,quantile,0.4,1,Kansas,Ensemble
2026-05-23,20,3,wk inc flu hosp,2026-06-13,quantile,0.45,2,Kansas,Ensemble
2026-05-23,20,3,wk inc flu hosp,2026-06-13,quantile,0.5,3,Kansas,Ensemble
2026-05-23,20,3,wk inc flu hosp,2026-06-13,quantile,0.55,3,Kansas,Ensemble
2026-05-23,20,3,wk inc flu hosp,2026-06-13,quantile,0.6,4,Kansas,Ensemble
2026-05-23,20,3,wk inc flu hosp,2026-06-13,quantile,0.65,5,Kansas,Ensemble
2026-05-23,20,3,wk inc flu hosp,2026-06-13,quantile,0.7,6,Kansas,Ensemble
2026-05-23,20,3,wk inc flu hosp,2026-06-13,quantile,0.75,8,Kansas,Ensemble
2026-05-23,20,3,wk inc flu hosp,2026-06-13,quantile,0.8,9,Kansas,Ensemble
2026-05-23,20,3,wk inc flu hosp,2026-06-13,quantile,0.85,12,Kansas,Ensemble
2026-05-23,20,3,wk inc flu hosp,2026-06-13,quantile,0.9,16,Kansas,Ensemble
2026-05-23,20,3,wk inc flu hosp,2026-06-13,quantile,0.95,24,Kansas,Ensemble
2026-05-23,20,3,wk inc flu hosp,2026-06-13,quantile,0.975,33,Kansas,Ensemble
2026-05-23,20,3,wk inc flu hosp,2026-06-13,quantile,0.99,51,Kansas,Ensemble
2026-05-23,21,0,wk inc flu hosp,2026-05-23,quantile,0.01,1,Kentucky,Ensemble
2026-05-23,21,0,wk inc flu hosp,2026-05-23,quantile,0.025,1,Kentucky,Ensemble
2026-05-23,21,0,wk inc flu hosp,2026-05-23,quantile,0.05,2,Kentucky,Ensemble
2026-05-23,21,0,wk inc flu hosp,2026-05-23,quantile,0.1,3,Kentucky,Ensemble
2026-05-23,21,0,wk inc flu hosp,2026-05-23,quantile,0.15,4,Kentucky,Ensemble
2026-05-23,21,0,wk inc flu hosp,2026-05-23,quantile,0.2,5,Kentucky,Ensemble
2026-05-23,21,0,wk inc flu hosp,2026-05-23,quantile,0.25,6,Kentucky,Ensemble
2026-05-23,21,0,wk inc flu hosp,2026-05-23,quantile,0.3,7,Kentucky,Ensemble
2026-05-23,21,0,wk inc flu hosp,2026-05-23,quantile,0.35,7,Kentucky,Ensemble
2026-05-23,21,0,wk inc flu hosp,2026-05-23,quantile,0.4,8,Kentucky,Ensemble
2026-05-23,21,0,wk inc flu hosp,2026-05-23,quantile,0.45,9,Kentucky,Ensemble
2026-05-23,21,0,wk inc flu hosp,2026-05-23,quantile,0.5,11,Kentucky,Ensemble
2026-05-23,21,0,wk inc flu hosp,2026-05-23,quantile,0.55,13,Kentucky,Ensemble
2026-05-23,21,0,wk inc flu hosp,2026-05-23,quantile,0.6,14,Kentucky,Ensemble
2026-05-23,21,0,wk inc flu hosp,2026-05-23,quantile,0.65,15,Kentucky,Ensemble
2026-05-23,21,0,wk inc flu hosp,2026-05-23,quantile,0.7,16,Kentucky,Ensemble
2026-05-23,21,0,wk inc flu hosp,2026-05-23,quantile,0.75,18,Kentucky,Ensemble
2026-05-23,21,0,wk inc flu hosp,2026-05-23,quantile,0.8,20,Kentucky,Ensemble
2026-05-23,21,0,wk inc flu hosp,2026-05-23,quantile,0.85,22,Kentucky,Ensemble
2026-05-23,21,0,wk inc flu hosp,2026-05-23,quantile,0.9,25,Kentucky,Ensemble
2026-05-23,21,0,wk inc flu hosp,2026-05-23,quantile,0.95,32,Kentucky,Ensemble
2026-05-23,21,0,wk inc flu hosp,2026-05-23,quantile,0.975,38,Kentucky,Ensemble
2026-05-23,21,0,wk inc flu hosp,2026-05-23,quantile,0.99,47,Kentucky,Ensemble
2026-05-23,21,1,wk inc flu hosp,2026-05-30,quantile,0.01,1,Kentucky,Ensemble
2026-05-23,21,1,wk inc flu hosp,2026-05-30,quantile,0.025,1,Kentucky,Ensemble
2026-05-23,21,1,wk inc flu hosp,2026-05-30,quantile,0.05,1,Kentucky,Ensemble
2026-05-23,21,1,wk inc flu hosp,2026-05-30,quantile,0.1,2,Kentucky,Ensemble
2026-05-23,21,1,wk inc flu hosp,2026-05-30,quantile,0.15,3,Kentucky,Ensemble
2026-05-23,21,1,wk inc flu hosp,2026-05-30,quantile,0.2,3,Kentucky,Ensemble
2026-05-23,21,1,wk inc flu hosp,2026-05-30,quantile,0.25,4,Kentucky,Ensemble
2026-05-23,21,1,wk inc flu hosp,2026-05-30,quantile,0.3,5,Kentucky,Ensemble
2026-05-23,21,1,wk inc flu hosp,2026-05-30,quantile,0.35,6,Kentucky,Ensemble
2026-05-23,21,1,wk inc flu hosp,2026-05-30,quantile,0.4,7,Kentucky,Ensemble
2026-05-23,21,1,wk inc flu hosp,2026-05-30,quantile,0.45,8,Kentucky,Ensemble
2026-05-23,21,1,wk inc flu hosp,2026-05-30,quantile,0.5,10,Kentucky,Ensemble
2026-05-23,21,1,wk inc flu hosp,2026-05-30,quantile,0.55,12,Kentucky,Ensemble
2026-05-23,21,1,wk inc flu hosp,2026-05-30,quantile,0.6,13,Kentucky,Ensemble
2026-05-23,21,1,wk inc flu hosp,2026-05-30,quantile,0.65,14,Kentucky,Ensemble
2026-05-23,21,1,wk inc flu hosp,2026-05-30,quantile,0.7,16,Kentucky,Ensemble
2026-05-23,21,1,wk inc flu hosp,2026-05-30,quantile,0.75,18,Kentucky,Ensemble
2026-05-23,21,1,wk inc flu hosp,2026-05-30,quantile,0.8,20,Kentucky,Ensemble
2026-05-23,21,1,wk inc flu hosp,2026-05-30,quantile,0.85,24,Kentucky,Ensemble
2026-05-23,21,1,wk inc flu hosp,2026-05-30,quantile,0.9,29,Kentucky,Ensemble
2026-05-23,21,1,wk inc flu hosp,2026-05-30,quantile,0.95,38,Kentucky,Ensemble
2026-05-23,21,1,wk inc flu hosp,2026-05-30,quantile,0.975,50,Kentucky,Ensemble
2026-05-23,21,1,wk inc flu hosp,2026-05-30,quantile,0.99,72,Kentucky,Ensemble
2026-05-23,21,2,wk inc flu hosp,2026-06-06,quantile,0.01,0,Kentucky,Ensemble
2026-05-23,21,2,wk inc flu hosp,2026-06-06,quantile,0.025,1,Kentucky,Ensemble
2026-05-23,21,2,wk inc flu hosp,2026-06-06,quantile,0.05,1,Kentucky,Ensemble
2026-05-23,21,2,wk inc flu hosp,2026-06-06,quantile,0.1,2,Kentucky,Ensemble
2026-05-23,21,2,wk inc flu hosp,2026-06-06,quantile,0.15,2,Kentucky,Ensemble
2026-05-23,21,2,wk inc flu hosp,2026-06-06,quantile,0.2,3,Kentucky,Ensemble
2026-05-23,21,2,wk inc flu hosp,2026-06-06,quantile,0.25,4,Kentucky,Ensemble
2026-05-23,21,2,wk inc flu hosp,2026-06-06,quantile,0.3,4,Kentucky,Ensemble
2026-05-23,21,2,wk inc flu hosp,2026-06-06,quantile,0.35,5,Kentucky,Ensemble
2026-05-23,21,2,wk inc flu hosp,2026-06-06,quantile,0.4,6,Kentucky,Ensemble
2026-05-23,21,2,wk inc flu hosp,2026-06-06,quantile,0.45,7,Kentucky,Ensemble
2026-05-23,21,2,wk inc flu hosp,2026-06-06,quantile,0.5,10,Kentucky,Ensemble
2026-05-23,21,2,wk inc flu hosp,2026-06-06,quantile,0.55,12,Kentucky,Ensemble
2026-05-23,21,2,wk inc flu hosp,2026-06-06,quantile,0.6,13,Kentucky,Ensemble
2026-05-23,21,2,wk inc flu hosp,2026-06-06,quantile,0.65,15,Kentucky,Ensemble
2026-05-23,21,2,wk inc flu hosp,2026-06-06,quantile,0.7,17,Kentucky,Ensemble
2026-05-23,21,2,wk inc flu hosp,2026-06-06,quantile,0.75,19,Kentucky,Ensemble
2026-05-23,21,2,wk inc flu hosp,2026-06-06,quantile,0.8,23,Kentucky,Ensemble
2026-05-23,21,2,wk inc flu hosp,2026-06-06,quantile,0.85,27,Kentucky,Ensemble
2026-05-23,21,2,wk inc flu hosp,2026-06-06,quantile,0.9,33,Kentucky,Ensemble
2026-05-23,21,2,wk inc flu hosp,2026-06-06,quantile,0.95,44,Kentucky,Ensemble
2026-05-23,21,2,wk inc flu hosp,2026-06-06,quantile,0.975,58,Kentucky,Ensemble
2026-05-23,21,2,wk inc flu hosp,2026-06-06,quantile,0.99,83,Kentucky,Ensemble
2026-05-23,21,3,wk inc flu hosp,2026-06-13,quantile,0.01,0,Kentucky,Ensemble
2026-05-23,21,3,wk inc flu hosp,2026-06-13,quantile,0.025,0,Kentucky,Ensemble
2026-05-23,21,3,wk inc flu hosp,2026-06-13,quantile,0.05,1,Kentucky,Ensemble
2026-05-23,21,3,wk inc flu hosp,2026-06-13,quantile,0.1,1,Kentucky,Ensemble
2026-05-23,21,3,wk inc flu hosp,2026-06-13,quantile,0.15,2,Kentucky,Ensemble
2026-05-23,21,3,wk inc flu hosp,2026-06-13,quantile,0.2,3,Kentucky,Ensemble
2026-05-23,21,3,wk inc flu hosp,2026-06-13,quantile,0.25,3,Kentucky,Ensemble
2026-05-23,21,3,wk inc flu hosp,2026-06-13,quantile,0.3,4,Kentucky,Ensemble
2026-05-23,21,3,wk inc flu hosp,2026-06-13,quantile,0.35,5,Kentucky,Ensemble
2026-05-23,21,3,wk inc flu hosp,2026-06-13,quantile,0.4,6,Kentucky,Ensemble
2026-05-23,21,3,wk inc flu hosp,2026-06-13,quantile,0.45,7,Kentucky,Ensemble
2026-05-23,21,3,wk inc flu hosp,2026-06-13,quantile,0.5,9,Kentucky,Ensemble
2026-05-23,21,3,wk inc flu hosp,2026-06-13,quantile,0.55,11,Kentucky,Ensemble
2026-05-23,21,3,wk inc flu hosp,2026-06-13,quantile,0.6,13,Kentucky,Ensemble
2026-05-23,21,3,wk inc flu hosp,2026-06-13,quantile,0.65,15,Kentucky,Ensemble
2026-05-23,21,3,wk inc flu hosp,2026-06-13,quantile,0.7,17,Kentucky,Ensemble
2026-05-23,21,3,wk inc flu hosp,2026-06-13,quantile,0.75,20,Kentucky,Ensemble
2026-05-23,21,3,wk inc flu hosp,2026-06-13,quantile,0.8,24,Kentucky,Ensemble
2026-05-23,21,3,wk inc flu hosp,2026-06-13,quantile,0.85,28,Kentucky,Ensemble
2026-05-23,21,3,wk inc flu hosp,2026-06-13,quantile,0.9,35,Kentucky,Ensemble
2026-05-23,21,3,wk inc flu hosp,2026-06-13,quantile,0.95,49,Kentucky,Ensemble
2026-05-23,21,3,wk inc flu hosp,2026-06-13,quantile,0.975,65,Kentucky,Ensemble
2026-05-23,21,3,wk inc flu hosp,2026-06-13,quantile,0.99,103,Kentucky,Ensemble
2026-05-23,22,0,wk inc flu hosp,2026-05-23,quantile,0.01,4,Louisiana,Ensemble
2026-05-23,22,0,wk inc flu hosp,2026-05-23,quantile,0.025,5,Louisiana,Ensemble
2026-05-23,22,0,wk inc flu hosp,2026-05-23,quantile,0.05,6,Louisiana,Ensemble
2026-05-23,22,0,wk inc flu hosp,2026-05-23,quantile,0.1,9,Louisiana,Ensemble
2026-05-23,22,0,wk inc flu hosp,2026-05-23,quantile,0.15,10,Louisiana,Ensemble
2026-05-23,22,0,wk inc flu hosp,2026-05-23,quantile,0.2,12,Louisiana,Ensemble
2026-05-23,22,0,wk inc flu hosp,2026-05-23,quantile,0.25,13,Louisiana,Ensemble
2026-05-23,22,0,wk inc flu hosp,2026-05-23,quantile,0.3,14,Louisiana,Ensemble
2026-05-23,22,0,wk inc flu hosp,2026-05-23,quantile,0.35,16,Louisiana,Ensemble
2026-05-23,22,0,wk inc flu hosp,2026-05-23,quantile,0.4,17,Louisiana,Ensemble
2026-05-23,22,0,wk inc flu hosp,2026-05-23,quantile,0.45,18,Louisiana,Ensemble
2026-05-23,22,0,wk inc flu hosp,2026-05-23,quantile,0.5,21,Louisiana,Ensemble
2026-05-23,22,0,wk inc flu hosp,2026-05-23,quantile,0.55,22,Louisiana,Ensemble
2026-05-23,22,0,wk inc flu hosp,2026-05-23,quantile,0.6,24,Louisiana,Ensemble
2026-05-23,22,0,wk inc flu hosp,2026-05-23,quantile,0.65,25,Louisiana,Ensemble
2026-05-23,22,0,wk inc flu hosp,2026-05-23,quantile,0.7,27,Louisiana,Ensemble
2026-05-23,22,0,wk inc flu hosp,2026-05-23,quantile,0.75,29,Louisiana,Ensemble
2026-05-23,22,0,wk inc flu hosp,2026-05-23,quantile,0.8,31,Louisiana,Ensemble
2026-05-23,22,0,wk inc flu hosp,2026-05-23,quantile,0.85,33,Louisiana,Ensemble
2026-05-23,22,0,wk inc flu hosp,2026-05-23,quantile,0.9,38,Louisiana,Ensemble
2026-05-23,22,0,wk inc flu hosp,2026-05-23,quantile,0.95,44,Louisiana,Ensemble
2026-05-23,22,0,wk inc flu hosp,2026-05-23,quantile,0.975,51,Louisiana,Ensemble
2026-05-23,22,0,wk inc flu hosp,2026-05-23,quantile,0.99,61,Louisiana,Ensemble
2026-05-23,22,1,wk inc flu hosp,2026-05-30,quantile,0.01,3,Louisiana,Ensemble
2026-05-23,22,1,wk inc flu hosp,2026-05-30,quantile,0.025,4,Louisiana,Ensemble
2026-05-23,22,1,wk inc flu hosp,2026-05-30,quantile,0.05,5,Louisiana,Ensemble
2026-05-23,22,1,wk inc flu hosp,2026-05-30,quantile,0.1,7,Louisiana,Ensemble
2026-05-23,22,1,wk inc flu hosp,2026-05-30,quantile,0.15,8,Louisiana,Ensemble
2026-05-23,22,1,wk inc flu hosp,2026-05-30,quantile,0.2,9,Louisiana,Ensemble
2026-05-23,22,1,wk inc flu hosp,2026-05-30,quantile,0.25,11,Louisiana,Ensemble
2026-05-23,22,1,wk inc flu hosp,2026-05-30,quantile,0.3,12,Louisiana,Ensemble
2026-05-23,22,1,wk inc flu hosp,2026-05-30,quantile,0.35,14,Louisiana,Ensemble
2026-05-23,22,1,wk inc flu hosp,2026-05-30,quantile,0.4,15,Louisiana,Ensemble
2026-05-23,22,1,wk inc flu hosp,2026-05-30,quantile,0.45,17,Louisiana,Ensemble
2026-05-23,22,1,wk inc flu hosp,2026-05-30,quantile,0.5,19,Louisiana,Ensemble
2026-05-23,22,1,wk inc flu hosp,2026-05-30,quantile,0.55,21,Louisiana,Ensemble
2026-05-23,22,1,wk inc flu hosp,2026-05-30,quantile,0.6,22,Louisiana,Ensemble
2026-05-23,22,1,wk inc flu hosp,2026-05-30,quantile,0.65,24,Louisiana,Ensemble
2026-05-23,22,1,wk inc flu hosp,2026-05-30,quantile,0.7,26,Louisiana,Ensemble
2026-05-23,22,1,wk inc flu hosp,2026-05-30,quantile,0.75,29,Louisiana,Ensemble
2026-05-23,22,1,wk inc flu hosp,2026-05-30,quantile,0.8,31,Louisiana,Ensemble
2026-05-23,22,1,wk inc flu hosp,2026-05-30,quantile,0.85,35,Louisiana,Ensemble
2026-05-23,22,1,wk inc flu hosp,2026-05-30,quantile,0.9,40,Louisiana,Ensemble
2026-05-23,22,1,wk inc flu hosp,2026-05-30,quantile,0.95,51,Louisiana,Ensemble
2026-05-23,22,1,wk inc flu hosp,2026-05-30,quantile,0.975,61,Louisiana,Ensemble
2026-05-23,22,1,wk inc flu hosp,2026-05-30,quantile,0.99,75,Louisiana,Ensemble
2026-05-23,22,2,wk inc flu hosp,2026-06-06,quantile,0.01,2,Louisiana,Ensemble
2026-05-23,22,2,wk inc flu hosp,2026-06-06,quantile,0.025,3,Louisiana,Ensemble
2026-05-23,22,2,wk inc flu hosp,2026-06-06,quantile,0.05,4,Louisiana,Ensemble
2026-05-23,22,2,wk inc flu hosp,2026-06-06,quantile,0.1,6,Louisiana,Ensemble
2026-05-23,22,2,wk inc flu hosp,2026-06-06,quantile,0.15,7,Louisiana,Ensemble
2026-05-23,22,2,wk inc flu hosp,2026-06-06,quantile,0.2,9,Louisiana,Ensemble
2026-05-23,22,2,wk inc flu hosp,2026-06-06,quantile,0.25,10,Louisiana,Ensemble
2026-05-23,22,2,wk inc flu hosp,2026-06-06,quantile,0.3,12,Louisiana,Ensemble
2026-05-23,22,2,wk inc flu hosp,2026-06-06,quantile,0.35,13,Louisiana,Ensemble
2026-05-23,22,2,wk inc flu hosp,2026-06-06,quantile,0.4,15,Louisiana,Ensemble
2026-05-23,22,2,wk inc flu hosp,2026-06-06,quantile,0.45,16,Louisiana,Ensemble
2026-05-23,22,2,wk inc flu hosp,2026-06-06,quantile,0.5,19,Louisiana,Ensemble
2026-05-23,22,2,wk inc flu hosp,2026-06-06,quantile,0.55,21,Louisiana,Ensemble
2026-05-23,22,2,wk inc flu hosp,2026-06-06,quantile,0.6,23,Louisiana,Ensemble
2026-05-23,22,2,wk inc flu hosp,2026-06-06,quantile,0.65,25,Louisiana,Ensemble
2026-05-23,22,2,wk inc flu hosp,2026-06-06,quantile,0.7,27,Louisiana,Ensemble
2026-05-23,22,2,wk inc flu hosp,2026-06-06,quantile,0.75,30,Louisiana,Ensemble
2026-05-23,22,2,wk inc flu hosp,2026-06-06,quantile,0.8,34,Louisiana,Ensemble
2026-05-23,22,2,wk inc flu hosp,2026-06-06,quantile,0.85,38,Louisiana,Ensemble
2026-05-23,22,2,wk inc flu hosp,2026-06-06,quantile,0.9,44,Louisiana,Ensemble
2026-05-23,22,2,wk inc flu hosp,2026-06-06,quantile,0.95,59,Louisiana,Ensemble
2026-05-23,22,2,wk inc flu hosp,2026-06-06,quantile,0.975,70,Louisiana,Ensemble
2026-05-23,22,2,wk inc flu hosp,2026-06-06,quantile,0.99,89,Louisiana,Ensemble
2026-05-23,22,3,wk inc flu hosp,2026-06-13,quantile,0.01,2,Louisiana,Ensemble
2026-05-23,22,3,wk inc flu hosp,2026-06-13,quantile,0.025,3,Louisiana,Ensemble
2026-05-23,22,3,wk inc flu hosp,2026-06-13,quantile,0.05,4,Louisiana,Ensemble
2026-05-23,22,3,wk inc flu hosp,2026-06-13,quantile,0.1,5,Louisiana,Ensemble
2026-05-23,22,3,wk inc flu hosp,2026-06-13,quantile,0.15,6,Louisiana,Ensemble
2026-05-23,22,3,wk inc flu hosp,2026-06-13,quantile,0.2,7,Louisiana,Ensemble
2026-05-23,22,3,wk inc flu hosp,2026-06-13,quantile,0.25,9,Louisiana,Ensemble
2026-05-23,22,3,wk inc flu hosp,2026-06-13,quantile,0.3,10,Louisiana,Ensemble
2026-05-23,22,3,wk inc flu hosp,2026-06-13,quantile,0.35,12,Louisiana,Ensemble
2026-05-23,22,3,wk inc flu hosp,2026-06-13,quantile,0.4,13,Louisiana,Ensemble
2026-05-23,22,3,wk inc flu hosp,2026-06-13,quantile,0.45,14,Louisiana,Ensemble
2026-05-23,22,3,wk inc flu hosp,2026-06-13,quantile,0.5,17,Louisiana,Ensemble
2026-05-23,22,3,wk inc flu hosp,2026-06-13,quantile,0.55,20,Louisiana,Ensemble
2026-05-23,22,3,wk inc flu hosp,2026-06-13,quantile,0.6,21,Louisiana,Ensemble
2026-05-23,22,3,wk inc flu hosp,2026-06-13,quantile,0.65,24,Louisiana,Ensemble
2026-05-23,22,3,wk inc flu hosp,2026-06-13,quantile,0.7,26,Louisiana,Ensemble
2026-05-23,22,3,wk inc flu hosp,2026-06-13,quantile,0.75,29,Louisiana,Ensemble
2026-05-23,22,3,wk inc flu hosp,2026-06-13,quantile,0.8,33,Louisiana,Ensemble
2026-05-23,22,3,wk inc flu hosp,2026-06-13,quantile,0.85,38,Louisiana,Ensemble
2026-05-23,22,3,wk inc flu hosp,2026-06-13,quantile,0.9,45,Louisiana,Ensemble
2026-05-23,22,3,wk inc flu hosp,2026-06-13,quantile,0.95,61,Louisiana,Ensemble
2026-05-23,22,3,wk inc flu hosp,2026-06-13,quantile,0.975,75,Louisiana,Ensemble
2026-05-23,22,3,wk inc flu hosp,2026-06-13,quantile,0.99,95,Louisiana,Ensemble
2026-05-23,23,0,wk inc flu hosp,2026-05-23,quantile,0.01,0,Maine,Ensemble
2026-05-23,23,0,wk inc flu hosp,2026-05-23,quantile,0.025,0,Maine,Ensemble
2026-05-23,23,0,wk inc flu hosp,2026-05-23,quantile,0.05,0,Maine,Ensemble
2026-05-23,23,0,wk inc flu hosp,2026-05-23,quantile,0.1,0,Maine,Ensemble
2026-05-23,23,0,wk inc flu hosp,2026-05-23,quantile,0.15,1,Maine,Ensemble
2026-05-23,23,0,wk inc flu hosp,2026-05-23,quantile,0.2,1,Maine,Ensemble
2026-05-23,23,0,wk inc flu hosp,2026-05-23,quantile,0.25,1,Maine,Ensemble
2026-05-23,23,0,wk inc flu hosp,2026-05-23,quantile,0.3,2,Maine,Ensemble
2026-05-23,23,0,wk inc flu hosp,2026-05-23,quantile,0.35,2,Maine,Ensemble
2026-05-23,23,0,wk inc flu hosp,2026-05-23,quantile,0.4,2,Maine,Ensemble
2026-05-23,23,0,wk inc flu hosp,2026-05-23,quantile,0.45,3,Maine,Ensemble
2026-05-23,23,0,wk inc flu hosp,2026-05-23,quantile,0.5,4,Maine,Ensemble
2026-05-23,23,0,wk inc flu hosp,2026-05-23,quantile,0.55,4,Maine,Ensemble
2026-05-23,23,0,wk inc flu hosp,2026-05-23,quantile,0.6,5,Maine,Ensemble
2026-05-23,23,0,wk inc flu hosp,2026-05-23,quantile,0.65,5,Maine,Ensemble
2026-05-23,23,0,wk inc flu hosp,2026-05-23,quantile,0.7,6,Maine,Ensemble
2026-05-23,23,0,wk inc flu hosp,2026-05-23,quantile,0.75,6,Maine,Ensemble
2026-05-23,23,0,wk inc flu hosp,2026-05-23,quantile,0.8,7,Maine,Ensemble
2026-05-23,23,0,wk inc flu hosp,2026-05-23,quantile,0.85,8,Maine,Ensemble
2026-05-23,23,0,wk inc flu hosp,2026-05-23,quantile,0.9,10,Maine,Ensemble
2026-05-23,23,0,wk inc flu hosp,2026-05-23,quantile,0.95,12,Maine,Ensemble
2026-05-23,23,0,wk inc flu hosp,2026-05-23,quantile,0.975,15,Maine,Ensemble
2026-05-23,23,0,wk inc flu hosp,2026-05-23,quantile,0.99,22,Maine,Ensemble
2026-05-23,23,1,wk inc flu hosp,2026-05-30,quantile,0.01,0,Maine,Ensemble
2026-05-23,23,1,wk inc flu hosp,2026-05-30,quantile,0.025,0,Maine,Ensemble
2026-05-23,23,1,wk inc flu hosp,2026-05-30,quantile,0.05,0,Maine,Ensemble
2026-05-23,23,1,wk inc flu hosp,2026-05-30,quantile,0.1,0,Maine,Ensemble
2026-05-23,23,1,wk inc flu hosp,2026-05-30,quantile,0.15,0,Maine,Ensemble
2026-05-23,23,1,wk inc flu hosp,2026-05-30,quantile,0.2,1,Maine,Ensemble
2026-05-23,23,1,wk inc flu hosp,2026-05-30,quantile,0.25,1,Maine,Ensemble
2026-05-23,23,1,wk inc flu hosp,2026-05-30,quantile,0.3,1,Maine,Ensemble
2026-05-23,23,1,wk inc flu hosp,2026-05-30,quantile,0.35,2,Maine,Ensemble
2026-05-23,23,1,wk inc flu hosp,2026-05-30,quantile,0.4,2,Maine,Ensemble
2026-05-23,23,1,wk inc flu hosp,2026-05-30,quantile,0.45,2,Maine,Ensemble
2026-05-23,23,1,wk inc flu hosp,2026-05-30,quantile,0.5,4,Maine,Ensemble
2026-05-23,23,1,wk inc flu hosp,2026-05-30,quantile,0.55,4,Maine,Ensemble
2026-05-23,23,1,wk inc flu hosp,2026-05-30,quantile,0.6,5,Maine,Ensemble
2026-05-23,23,1,wk inc flu hosp,2026-05-30,quantile,0.65,5,Maine,Ensemble
2026-05-23,23,1,wk inc flu hosp,2026-05-30,quantile,0.7,6,Maine,Ensemble
2026-05-23,23,1,wk inc flu hosp,2026-05-30,quantile,0.75,7,Maine,Ensemble
2026-05-23,23,1,wk inc flu hosp,2026-05-30,quantile,0.8,8,Maine,Ensemble
2026-05-23,23,1,wk inc flu hosp,2026-05-30,quantile,0.85,9,Maine,Ensemble
2026-05-23,23,1,wk inc flu hosp,2026-05-30,quantile,0.9,11,Maine,Ensemble
2026-05-23,23,1,wk inc flu hosp,2026-05-30,quantile,0.95,15,Maine,Ensemble
2026-05-23,23,1,wk inc flu hosp,2026-05-30,quantile,0.975,20,Maine,Ensemble
2026-05-23,23,1,wk inc flu hosp,2026-05-30,quantile,0.99,30,Maine,Ensemble
2026-05-23,23,2,wk inc flu hosp,2026-06-06,quantile,0.01,0,Maine,Ensemble
2026-05-23,23,2,wk inc flu hosp,2026-06-06,quantile,0.025,0,Maine,Ensemble
2026-05-23,23,2,wk inc flu hosp,2026-06-06,quantile,0.05,0,Maine,Ensemble
2026-05-23,23,2,wk inc flu hosp,2026-06-06,quantile,0.1,0,Maine,Ensemble
2026-05-23,23,2,wk inc flu hosp,2026-06-06,quantile,0.15,0,Maine,Ensemble
2026-05-23,23,2,wk inc flu hosp,2026-06-06,quantile,0.2,1,Maine,Ensemble
2026-05-23,23,2,wk inc flu hosp,2026-06-06,quantile,0.25,1,Maine,Ensemble
2026-05-23,23,2,wk inc flu hosp,2026-06-06,quantile,0.3,1,Maine,Ensemble
2026-05-23,23,2,wk inc flu hosp,2026-06-06,quantile,0.35,1,Maine,Ensemble
2026-05-23,23,2,wk inc flu hosp,2026-06-06,quantile,0.4,2,Maine,Ensemble
2026-05-23,23,2,wk inc flu hosp,2026-06-06,quantile,0.45,2,Maine,Ensemble
2026-05-23,23,2,wk inc flu hosp,2026-06-06,quantile,0.5,3,Maine,Ensemble
2026-05-23,23,2,wk inc flu hosp,2026-06-06,quantile,0.55,4,Maine,Ensemble
2026-05-23,23,2,wk inc flu hosp,2026-06-06,quantile,0.6,5,Maine,Ensemble
2026-05-23,23,2,wk inc flu hosp,2026-06-06,quantile,0.65,5,Maine,Ensemble
2026-05-23,23,2,wk inc flu hosp,2026-06-06,quantile,0.7,6,Maine,Ensemble
2026-05-23,23,2,wk inc flu hosp,2026-06-06,quantile,0.75,7,Maine,Ensemble
2026-05-23,23,2,wk inc flu hosp,2026-06-06,quantile,0.8,8,Maine,Ensemble
2026-05-23,23,2,wk inc flu hosp,2026-06-06,quantile,0.85,9,Maine,Ensemble
2026-05-23,23,2,wk inc flu hosp,2026-06-06,quantile,0.9,12,Maine,Ensemble
2026-05-23,23,2,wk inc flu hosp,2026-06-06,quantile,0.95,17,Maine,Ensemble
2026-05-23,23,2,wk inc flu hosp,2026-06-06,quantile,0.975,22,Maine,Ensemble
2026-05-23,23,2,wk inc flu hosp,2026-06-06,quantile,0.99,32,Maine,Ensemble
2026-05-23,23,3,wk inc flu hosp,2026-06-13,quantile,0.01,0,Maine,Ensemble
2026-05-23,23,3,wk inc flu hosp,2026-06-13,quantile,0.025,0,Maine,Ensemble
2026-05-23,23,3,wk inc flu hosp,2026-06-13,quantile,0.05,0,Maine,Ensemble
2026-05-23,23,3,wk inc flu hosp,2026-06-13,quantile,0.1,0,Maine,Ensemble
2026-05-23,23,3,wk inc flu hosp,2026-06-13,quantile,0.15,0,Maine,Ensemble
2026-05-23,23,3,wk inc flu hosp,2026-06-13,quantile,0.2,0,Maine,Ensemble
2026-05-23,23,3,wk inc flu hosp,2026-06-13,quantile,0.25,1,Maine,Ensemble
2026-05-23,23,3,wk inc flu hosp,2026-06-13,quantile,0.3,1,Maine,Ensemble
2026-05-23,23,3,wk inc flu hosp,2026-06-13,quantile,0.35,1,Maine,Ensemble
2026-05-23,23,3,wk inc flu hosp,2026-06-13,quantile,0.4,1,Maine,Ensemble
2026-05-23,23,3,wk inc flu hosp,2026-06-13,quantile,0.45,2,Maine,Ensemble
2026-05-23,23,3,wk inc flu hosp,2026-06-13,quantile,0.5,3,Maine,Ensemble
2026-05-23,23,3,wk inc flu hosp,2026-06-13,quantile,0.55,4,Maine,Ensemble
2026-05-23,23,3,wk inc flu hosp,2026-06-13,quantile,0.6,4,Maine,Ensemble
2026-05-23,23,3,wk inc flu hosp,2026-06-13,quantile,0.65,5,Maine,Ensemble
2026-05-23,23,3,wk inc flu hosp,2026-06-13,quantile,0.7,6,Maine,Ensemble
2026-05-23,23,3,wk inc flu hosp,2026-06-13,quantile,0.75,7,Maine,Ensemble
2026-05-23,23,3,wk inc flu hosp,2026-06-13,quantile,0.8,8,Maine,Ensemble
2026-05-23,23,3,wk inc flu hosp,2026-06-13,quantile,0.85,10,Maine,Ensemble
2026-05-23,23,3,wk inc flu hosp,2026-06-13,quantile,0.9,12,Maine,Ensemble
2026-05-23,23,3,wk inc flu hosp,2026-06-13,quantile,0.95,18,Maine,Ensemble
2026-05-23,23,3,wk inc flu hosp,2026-06-13,quantile,0.975,25,Maine,Ensemble
2026-05-23,23,3,wk inc flu hosp,2026-06-13,quantile,0.99,36,Maine,Ensemble
2026-05-23,24,0,wk inc flu hosp,2026-05-23,quantile,0.01,1,Maryland,Ensemble
2026-05-23,24,0,wk inc flu hosp,2026-05-23,quantile,0.025,2,Maryland,Ensemble
2026-05-23,24,0,wk inc flu hosp,2026-05-23,quantile,0.05,3,Maryland,Ensemble
2026-05-23,24,0,wk inc flu hosp,2026-05-23,quantile,0.1,4,Maryland,Ensemble
2026-05-23,24,0,wk inc flu hosp,2026-05-23,quantile,0.15,5,Maryland,Ensemble
2026-05-23,24,0,wk inc flu hosp,2026-05-23,quantile,0.2,6,Maryland,Ensemble
2026-05-23,24,0,wk inc flu hosp,2026-05-23,quantile,0.25,7,Maryland,Ensemble
2026-05-23,24,0,wk inc flu hosp,2026-05-23,quantile,0.3,8,Maryland,Ensemble
2026-05-23,24,0,wk inc flu hosp,2026-05-23,quantile,0.35,9,Maryland,Ensemble
2026-05-23,24,0,wk inc flu hosp,2026-05-23,quantile,0.4,10,Maryland,Ensemble
2026-05-23,24,0,wk inc flu hosp,2026-05-23,quantile,0.45,11,Maryland,Ensemble
2026-05-23,24,0,wk inc flu hosp,2026-05-23,quantile,0.5,13,Maryland,Ensemble
2026-05-23,24,0,wk inc flu hosp,2026-05-23,quantile,0.55,14,Maryland,Ensemble
2026-05-23,24,0,wk inc flu hosp,2026-05-23,quantile,0.6,15,Maryland,Ensemble
2026-05-23,24,0,wk inc flu hosp,2026-05-23,quantile,0.65,16,Maryland,Ensemble
2026-05-23,24,0,wk inc flu hosp,2026-05-23,quantile,0.7,18,Maryland,Ensemble
2026-05-23,24,0,wk inc flu hosp,2026-05-23,quantile,0.75,19,Maryland,Ensemble
2026-05-23,24,0,wk inc flu hosp,2026-05-23,quantile,0.8,21,Maryland,Ensemble
2026-05-23,24,0,wk inc flu hosp,2026-05-23,quantile,0.85,23,Maryland,Ensemble
2026-05-23,24,0,wk inc flu hosp,2026-05-23,quantile,0.9,27,Maryland,Ensemble
2026-05-23,24,0,wk inc flu hosp,2026-05-23,quantile,0.95,34,Maryland,Ensemble
2026-05-23,24,0,wk inc flu hosp,2026-05-23,quantile,0.975,41,Maryland,Ensemble
2026-05-23,24,0,wk inc flu hosp,2026-05-23,quantile,0.99,55,Maryland,Ensemble
2026-05-23,24,1,wk inc flu hosp,2026-05-30,quantile,0.01,1,Maryland,Ensemble
2026-05-23,24,1,wk inc flu hosp,2026-05-30,quantile,0.025,2,Maryland,Ensemble
2026-05-23,24,1,wk inc flu hosp,2026-05-30,quantile,0.05,2,Maryland,Ensemble
2026-05-23,24,1,wk inc flu hosp,2026-05-30,quantile,0.1,3,Maryland,Ensemble
2026-05-23,24,1,wk inc flu hosp,2026-05-30,quantile,0.15,4,Maryland,Ensemble
2026-05-23,24,1,wk inc flu hosp,2026-05-30,quantile,0.2,5,Maryland,Ensemble
2026-05-23,24,1,wk inc flu hosp,2026-05-30,quantile,0.25,6,Maryland,Ensemble
2026-05-23,24,1,wk inc flu hosp,2026-05-30,quantile,0.3,7,Maryland,Ensemble
2026-05-23,24,1,wk inc flu hosp,2026-05-30,quantile,0.35,8,Maryland,Ensemble
2026-05-23,24,1,wk inc flu hosp,2026-05-30,quantile,0.4,9,Maryland,Ensemble
2026-05-23,24,1,wk inc flu hosp,2026-05-30,quantile,0.45,10,Maryland,Ensemble
2026-05-23,24,1,wk inc flu hosp,2026-05-30,quantile,0.5,12,Maryland,Ensemble
2026-05-23,24,1,wk inc flu hosp,2026-05-30,quantile,0.55,14,Maryland,Ensemble
2026-05-23,24,1,wk inc flu hosp,2026-05-30,quantile,0.6,15,Maryland,Ensemble
2026-05-23,24,1,wk inc flu hosp,2026-05-30,quantile,0.65,17,Maryland,Ensemble
2026-05-23,24,1,wk inc flu hosp,2026-05-30,quantile,0.7,19,Maryland,Ensemble
2026-05-23,24,1,wk inc flu hosp,2026-05-30,quantile,0.75,21,Maryland,Ensemble
2026-05-23,24,1,wk inc flu hosp,2026-05-30,quantile,0.8,24,Maryland,Ensemble
2026-05-23,24,1,wk inc flu hosp,2026-05-30,quantile,0.85,27,Maryland,Ensemble
2026-05-23,24,1,wk inc flu hosp,2026-05-30,quantile,0.9,33,Maryland,Ensemble
2026-05-23,24,1,wk inc flu hosp,2026-05-30,quantile,0.95,43,Maryland,Ensemble
2026-05-23,24,1,wk inc flu hosp,2026-05-30,quantile,0.975,57,Maryland,Ensemble
2026-05-23,24,1,wk inc flu hosp,2026-05-30,quantile,0.99,87,Maryland,Ensemble
2026-05-23,24,2,wk inc flu hosp,2026-06-06,quantile,0.01,1,Maryland,Ensemble
2026-05-23,24,2,wk inc flu hosp,2026-06-06,quantile,0.025,1,Maryland,Ensemble
2026-05-23,24,2,wk inc flu hosp,2026-06-06,quantile,0.05,2,Maryland,Ensemble
2026-05-23,24,2,wk inc flu hosp,2026-06-06,quantile,0.1,3,Maryland,Ensemble
2026-05-23,24,2,wk inc flu hosp,2026-06-06,quantile,0.15,3,Maryland,Ensemble
2026-05-23,24,2,wk inc flu hosp,2026-06-06,quantile,0.2,4,Maryland,Ensemble
2026-05-23,24,2,wk inc flu hosp,2026-06-06,quantile,0.25,5,Maryland,Ensemble
2026-05-23,24,2,wk inc flu hosp,2026-06-06,quantile,0.3,6,Maryland,Ensemble
2026-05-23,24,2,wk inc flu hosp,2026-06-06,quantile,0.35,7,Maryland,Ensemble
2026-05-23,24,2,wk inc flu hosp,2026-06-06,quantile,0.4,8,Maryland,Ensemble
2026-05-23,24,2,wk inc flu hosp,2026-06-06,quantile,0.45,9,Maryland,Ensemble
2026-05-23,24,2,wk inc flu hosp,2026-06-06,quantile,0.5,12,Maryland,Ensemble
2026-05-23,24,2,wk inc flu hosp,2026-06-06,quantile,0.55,14,Maryland,Ensemble
2026-05-23,24,2,wk inc flu hosp,2026-06-06,quantile,0.6,15,Maryland,Ensemble
2026-05-23,24,2,wk inc flu hosp,2026-06-06,quantile,0.65,17,Maryland,Ensemble
2026-05-23,24,2,wk inc flu hosp,2026-06-06,quantile,0.7,19,Maryland,Ensemble
2026-05-23,24,2,wk inc flu hosp,2026-06-06,quantile,0.75,22,Maryland,Ensemble
2026-05-23,24,2,wk inc flu hosp,2026-06-06,quantile,0.8,26,Maryland,Ensemble
2026-05-23,24,2,wk inc flu hosp,2026-06-06,quantile,0.85,31,Maryland,Ensemble
2026-05-23,24,2,wk inc flu hosp,2026-06-06,quantile,0.9,38,Maryland,Ensemble
2026-05-23,24,2,wk inc flu hosp,2026-06-06,quantile,0.95,50,Maryland,Ensemble
2026-05-23,24,2,wk inc flu hosp,2026-06-06,quantile,0.975,66,Maryland,Ensemble
2026-05-23,24,2,wk inc flu hosp,2026-06-06,quantile,0.99,98,Maryland,Ensemble
2026-05-23,24,3,wk inc flu hosp,2026-06-13,quantile,0.01,1,Maryland,Ensemble
2026-05-23,24,3,wk inc flu hosp,2026-06-13,quantile,0.025,1,Maryland,Ensemble
2026-05-23,24,3,wk inc flu hosp,2026-06-13,quantile,0.05,2,Maryland,Ensemble
2026-05-23,24,3,wk inc flu hosp,2026-06-13,quantile,0.1,2,Maryland,Ensemble
2026-05-23,24,3,wk inc flu hosp,2026-06-13,quantile,0.15,3,Maryland,Ensemble
2026-05-23,24,3,wk inc flu hosp,2026-06-13,quantile,0.2,4,Maryland,Ensemble
2026-05-23,24,3,wk inc flu hosp,2026-06-13,quantile,0.25,5,Maryland,Ensemble
2026-05-23,24,3,wk inc flu hosp,2026-06-13,quantile,0.3,6,Maryland,Ensemble
2026-05-23,24,3,wk inc flu hosp,2026-06-13,quantile,0.35,7,Maryland,Ensemble
2026-05-23,24,3,wk inc flu hosp,2026-06-13,quantile,0.4,8,Maryland,Ensemble
2026-05-23,24,3,wk inc flu hosp,2026-06-13,quantile,0.45,9,Maryland,Ensemble
2026-05-23,24,3,wk inc flu hosp,2026-06-13,quantile,0.5,12,Maryland,Ensemble
2026-05-23,24,3,wk inc flu hosp,2026-06-13,quantile,0.55,13,Maryland,Ensemble
2026-05-23,24,3,wk inc flu hosp,2026-06-13,quantile,0.6,16,Maryland,Ensemble
2026-05-23,24,3,wk inc flu hosp,2026-06-13,quantile,0.65,18,Maryland,Ensemble
2026-05-23,24,3,wk inc flu hosp,2026-06-13,quantile,0.7,21,Maryland,Ensemble
2026-05-23,24,3,wk inc flu hosp,2026-06-13,quantile,0.75,24,Maryland,Ensemble
2026-05-23,24,3,wk inc flu hosp,2026-06-13,quantile,0.8,28,Maryland,Ensemble
2026-05-23,24,3,wk inc flu hosp,2026-06-13,quantile,0.85,34,Maryland,Ensemble
2026-05-23,24,3,wk inc flu hosp,2026-06-13,quantile,0.9,45,Maryland,Ensemble
2026-05-23,24,3,wk inc flu hosp,2026-06-13,quantile,0.95,61,Maryland,Ensemble
2026-05-23,24,3,wk inc flu hosp,2026-06-13,quantile,0.975,85,Maryland,Ensemble
2026-05-23,24,3,wk inc flu hosp,2026-06-13,quantile,0.99,119,Maryland,Ensemble
2026-05-23,25,0,wk inc flu hosp,2026-05-23,quantile,0.01,2,Massachusetts,Ensemble
2026-05-23,25,0,wk inc flu hosp,2026-05-23,quantile,0.025,2,Massachusetts,Ensemble
2026-05-23,25,0,wk inc flu hosp,2026-05-23,quantile,0.05,3,Massachusetts,Ensemble
2026-05-23,25,0,wk inc flu hosp,2026-05-23,quantile,0.1,5,Massachusetts,Ensemble
2026-05-23,25,0,wk inc flu hosp,2026-05-23,quantile,0.15,6,Massachusetts,Ensemble
2026-05-23,25,0,wk inc flu hosp,2026-05-23,quantile,0.2,7,Massachusetts,Ensemble
2026-05-23,25,0,wk inc flu hosp,2026-05-23,quantile,0.25,8,Massachusetts,Ensemble
2026-05-23,25,0,wk inc flu hosp,2026-05-23,quantile,0.3,10,Massachusetts,Ensemble
2026-05-23,25,0,wk inc flu hosp,2026-05-23,quantile,0.35,11,Massachusetts,Ensemble
2026-05-23,25,0,wk inc flu hosp,2026-05-23,quantile,0.4,12,Massachusetts,Ensemble
2026-05-23,25,0,wk inc flu hosp,2026-05-23,quantile,0.45,13,Massachusetts,Ensemble
2026-05-23,25,0,wk inc flu hosp,2026-05-23,quantile,0.5,16,Massachusetts,Ensemble
2026-05-23,25,0,wk inc flu hosp,2026-05-23,quantile,0.55,17,Massachusetts,Ensemble
2026-05-23,25,0,wk inc flu hosp,2026-05-23,quantile,0.6,19,Massachusetts,Ensemble
2026-05-23,25,0,wk inc flu hosp,2026-05-23,quantile,0.65,20,Massachusetts,Ensemble
2026-05-23,25,0,wk inc flu hosp,2026-05-23,quantile,0.7,22,Massachusetts,Ensemble
2026-05-23,25,0,wk inc flu hosp,2026-05-23,quantile,0.75,24,Massachusetts,Ensemble
2026-05-23,25,0,wk inc flu hosp,2026-05-23,quantile,0.8,26,Massachusetts,Ensemble
2026-05-23,25,0,wk inc flu hosp,2026-05-23,quantile,0.85,29,Massachusetts,Ensemble
2026-05-23,25,0,wk inc flu hosp,2026-05-23,quantile,0.9,35,Massachusetts,Ensemble
2026-05-23,25,0,wk inc flu hosp,2026-05-23,quantile,0.95,43,Massachusetts,Ensemble
2026-05-23,25,0,wk inc flu hosp,2026-05-23,quantile,0.975,51,Massachusetts,Ensemble
2026-05-23,25,0,wk inc flu hosp,2026-05-23,quantile,0.99,68,Massachusetts,Ensemble
2026-05-23,25,1,wk inc flu hosp,2026-05-30,quantile,0.01,1,Massachusetts,Ensemble
2026-05-23,25,1,wk inc flu hosp,2026-05-30,quantile,0.025,2,Massachusetts,Ensemble
2026-05-23,25,1,wk inc flu hosp,2026-05-30,quantile,0.05,2,Massachusetts,Ensemble
2026-05-23,25,1,wk inc flu hosp,2026-05-30,quantile,0.1,3,Massachusetts,Ensemble
2026-05-23,25,1,wk inc flu hosp,2026-05-30,quantile,0.15,4,Massachusetts,Ensemble
2026-05-23,25,1,wk inc flu hosp,2026-05-30,quantile,0.2,5,Massachusetts,Ensemble
2026-05-23,25,1,wk inc flu hosp,2026-05-30,quantile,0.25,6,Massachusetts,Ensemble
2026-05-23,25,1,wk inc flu hosp,2026-05-30,quantile,0.3,8,Massachusetts,Ensemble
2026-05-23,25,1,wk inc flu hosp,2026-05-30,quantile,0.35,9,Massachusetts,Ensemble
2026-05-23,25,1,wk inc flu hosp,2026-05-30,quantile,0.4,10,Massachusetts,Ensemble
2026-05-23,25,1,wk inc flu hosp,2026-05-30,quantile,0.45,11,Massachusetts,Ensemble
2026-05-23,25,1,wk inc flu hosp,2026-05-30,quantile,0.5,14,Massachusetts,Ensemble
2026-05-23,25,1,wk inc flu hosp,2026-05-30,quantile,0.55,16,Massachusetts,Ensemble
2026-05-23,25,1,wk inc flu hosp,2026-05-30,quantile,0.6,17,Massachusetts,Ensemble
2026-05-23,25,1,wk inc flu hosp,2026-05-30,quantile,0.65,19,Massachusetts,Ensemble
2026-05-23,25,1,wk inc flu hosp,2026-05-30,quantile,0.7,21,Massachusetts,Ensemble
2026-05-23,25,1,wk inc flu hosp,2026-05-30,quantile,0.75,24,Massachusetts,Ensemble
2026-05-23,25,1,wk inc flu hosp,2026-05-30,quantile,0.8,27,Massachusetts,Ensemble
2026-05-23,25,1,wk inc flu hosp,2026-05-30,quantile,0.85,30,Massachusetts,Ensemble
2026-05-23,25,1,wk inc flu hosp,2026-05-30,quantile,0.9,37,Massachusetts,Ensemble
2026-05-23,25,1,wk inc flu hosp,2026-05-30,quantile,0.95,49,Massachusetts,Ensemble
2026-05-23,25,1,wk inc flu hosp,2026-05-30,quantile,0.975,66,Massachusetts,Ensemble
2026-05-23,25,1,wk inc flu hosp,2026-05-30,quantile,0.99,103,Massachusetts,Ensemble
2026-05-23,25,2,wk inc flu hosp,2026-06-06,quantile,0.01,1,Massachusetts,Ensemble
2026-05-23,25,2,wk inc flu hosp,2026-06-06,quantile,0.025,1,Massachusetts,Ensemble
2026-05-23,25,2,wk inc flu hosp,2026-06-06,quantile,0.05,2,Massachusetts,Ensemble
2026-05-23,25,2,wk inc flu hosp,2026-06-06,quantile,0.1,3,Massachusetts,Ensemble
2026-05-23,25,2,wk inc flu hosp,2026-06-06,quantile,0.15,4,Massachusetts,Ensemble
2026-05-23,25,2,wk inc flu hosp,2026-06-06,quantile,0.2,4,Massachusetts,Ensemble
2026-05-23,25,2,wk inc flu hosp,2026-06-06,quantile,0.25,5,Massachusetts,Ensemble
2026-05-23,25,2,wk inc flu hosp,2026-06-06,quantile,0.3,6,Massachusetts,Ensemble
2026-05-23,25,2,wk inc flu hosp,2026-06-06,quantile,0.35,8,Massachusetts,Ensemble
2026-05-23,25,2,wk inc flu hosp,2026-06-06,quantile,0.4,9,Massachusetts,Ensemble
2026-05-23,25,2,wk inc flu hosp,2026-06-06,quantile,0.45,10,Massachusetts,Ensemble
2026-05-23,25,2,wk inc flu hosp,2026-06-06,quantile,0.5,13,Massachusetts,Ensemble
2026-05-23,25,2,wk inc flu hosp,2026-06-06,quantile,0.55,15,Massachusetts,Ensemble
2026-05-23,25,2,wk inc flu hosp,2026-06-06,quantile,0.6,17,Massachusetts,Ensemble
2026-05-23,25,2,wk inc flu hosp,2026-06-06,quantile,0.65,19,Massachusetts,Ensemble
2026-05-23,25,2,wk inc flu hosp,2026-06-06,quantile,0.7,22,Massachusetts,Ensemble
2026-05-23,25,2,wk inc flu hosp,2026-06-06,quantile,0.75,26,Massachusetts,Ensemble
2026-05-23,25,2,wk inc flu hosp,2026-06-06,quantile,0.8,30,Massachusetts,Ensemble
2026-05-23,25,2,wk inc flu hosp,2026-06-06,quantile,0.85,35,Massachusetts,Ensemble
2026-05-23,25,2,wk inc flu hosp,2026-06-06,quantile,0.9,45,Massachusetts,Ensemble
2026-05-23,25,2,wk inc flu hosp,2026-06-06,quantile,0.95,60,Massachusetts,Ensemble
2026-05-23,25,2,wk inc flu hosp,2026-06-06,quantile,0.975,79,Massachusetts,Ensemble
2026-05-23,25,2,wk inc flu hosp,2026-06-06,quantile,0.99,135,Massachusetts,Ensemble
2026-05-23,25,3,wk inc flu hosp,2026-06-13,quantile,0.01,0,Massachusetts,Ensemble
2026-05-23,25,3,wk inc flu hosp,2026-06-13,quantile,0.025,1,Massachusetts,Ensemble
2026-05-23,25,3,wk inc flu hosp,2026-06-13,quantile,0.05,1,Massachusetts,Ensemble
2026-05-23,25,3,wk inc flu hosp,2026-06-13,quantile,0.1,2,Massachusetts,Ensemble
2026-05-23,25,3,wk inc flu hosp,2026-06-13,quantile,0.15,3,Massachusetts,Ensemble
2026-05-23,25,3,wk inc flu hosp,2026-06-13,quantile,0.2,4,Massachusetts,Ensemble
2026-05-23,25,3,wk inc flu hosp,2026-06-13,quantile,0.25,5,Massachusetts,Ensemble
2026-05-23,25,3,wk inc flu hosp,2026-06-13,quantile,0.3,6,Massachusetts,Ensemble
2026-05-23,25,3,wk inc flu hosp,2026-06-13,quantile,0.35,7,Massachusetts,Ensemble
2026-05-23,25,3,wk inc flu hosp,2026-06-13,quantile,0.4,8,Massachusetts,Ensemble
2026-05-23,25,3,wk inc flu hosp,2026-06-13,quantile,0.45,9,Massachusetts,Ensemble
2026-05-23,25,3,wk inc flu hosp,2026-06-13,quantile,0.5,12,Massachusetts,Ensemble
2026-05-23,25,3,wk inc flu hosp,2026-06-13,quantile,0.55,14,Massachusetts,Ensemble
2026-05-23,25,3,wk inc flu hosp,2026-06-13,quantile,0.6,17,Massachusetts,Ensemble
2026-05-23,25,3,wk inc flu hosp,2026-06-13,quantile,0.65,20,Massachusetts,Ensemble
2026-05-23,25,3,wk inc flu hosp,2026-06-13,quantile,0.7,23,Massachusetts,Ensemble
2026-05-23,25,3,wk inc flu hosp,2026-06-13,quantile,0.75,26,Massachusetts,Ensemble
2026-05-23,25,3,wk inc flu hosp,2026-06-13,quantile,0.8,31,Massachusetts,Ensemble
2026-05-23,25,3,wk inc flu hosp,2026-06-13,quantile,0.85,38,Massachusetts,Ensemble
2026-05-23,25,3,wk inc flu hosp,2026-06-13,quantile,0.9,47,Massachusetts,Ensemble
2026-05-23,25,3,wk inc flu hosp,2026-06-13,quantile,0.95,69,Massachusetts,Ensemble
2026-05-23,25,3,wk inc flu hosp,2026-06-13,quantile,0.975,107,Massachusetts,Ensemble
2026-05-23,25,3,wk inc flu hosp,2026-06-13,quantile,0.99,164,Massachusetts,Ensemble
2026-05-23,26,0,wk inc flu hosp,2026-05-23,quantile,0.01,3,Michigan,Ensemble
2026-05-23,26,0,wk inc flu hosp,2026-05-23,quantile,0.025,4,Michigan,Ensemble
2026-05-23,26,0,wk inc flu hosp,2026-05-23,quantile,0.05,5,Michigan,Ensemble
2026-05-23,26,0,wk inc flu hosp,2026-05-23,quantile,0.1,8,Michigan,Ensemble
2026-05-23,26,0,wk inc flu hosp,2026-05-23,quantile,0.15,9,Michigan,Ensemble
2026-05-23,26,0,wk inc flu hosp,2026-05-23,quantile,0.2,11,Michigan,Ensemble
2026-05-23,26,0,wk inc flu hosp,2026-05-23,quantile,0.25,13,Michigan,Ensemble
2026-05-23,26,0,wk inc flu hosp,2026-05-23,quantile,0.3,14,Michigan,Ensemble
2026-05-23,26,0,wk inc flu hosp,2026-05-23,quantile,0.35,15,Michigan,Ensemble
2026-05-23,26,0,wk inc flu hosp,2026-05-23,quantile,0.4,17,Michigan,Ensemble
2026-05-23,26,0,wk inc flu hosp,2026-05-23,quantile,0.45,19,Michigan,Ensemble
2026-05-23,26,0,wk inc flu hosp,2026-05-23,quantile,0.5,22,Michigan,Ensemble
2026-05-23,26,0,wk inc flu hosp,2026-05-23,quantile,0.55,24,Michigan,Ensemble
2026-05-23,26,0,wk inc flu hosp,2026-05-23,quantile,0.6,26,Michigan,Ensemble
2026-05-23,26,0,wk inc flu hosp,2026-05-23,quantile,0.65,27,Michigan,Ensemble
2026-05-23,26,0,wk inc flu hosp,2026-05-23,quantile,0.7,30,Michigan,Ensemble
2026-05-23,26,0,wk inc flu hosp,2026-05-23,quantile,0.75,32,Michigan,Ensemble
2026-05-23,26,0,wk inc flu hosp,2026-05-23,quantile,0.8,35,Michigan,Ensemble
2026-05-23,26,0,wk inc flu hosp,2026-05-23,quantile,0.85,39,Michigan,Ensemble
2026-05-23,26,0,wk inc flu hosp,2026-05-23,quantile,0.9,44,Michigan,Ensemble
2026-05-23,26,0,wk inc flu hosp,2026-05-23,quantile,0.95,53,Michigan,Ensemble
2026-05-23,26,0,wk inc flu hosp,2026-05-23,quantile,0.975,62,Michigan,Ensemble
2026-05-23,26,0,wk inc flu hosp,2026-05-23,quantile,0.99,82,Michigan,Ensemble
2026-05-23,26,1,wk inc flu hosp,2026-05-30,quantile,0.01,2,Michigan,Ensemble
2026-05-23,26,1,wk inc flu hosp,2026-05-30,quantile,0.025,3,Michigan,Ensemble
2026-05-23,26,1,wk inc flu hosp,2026-05-30,quantile,0.05,4,Michigan,Ensemble
2026-05-23,26,1,wk inc flu hosp,2026-05-30,quantile,0.1,6,Michigan,Ensemble
2026-05-23,26,1,wk inc flu hosp,2026-05-30,quantile,0.15,8,Michigan,Ensemble
2026-05-23,26,1,wk inc flu hosp,2026-05-30,quantile,0.2,9,Michigan,Ensemble
2026-05-23,26,1,wk inc flu hosp,2026-05-30,quantile,0.25,11,Michigan,Ensemble
2026-05-23,26,1,wk inc flu hosp,2026-05-30,quantile,0.3,12,Michigan,Ensemble
2026-05-23,26,1,wk inc flu hosp,2026-05-30,quantile,0.35,14,Michigan,Ensemble
2026-05-23,26,1,wk inc flu hosp,2026-05-30,quantile,0.4,16,Michigan,Ensemble
2026-05-23,26,1,wk inc flu hosp,2026-05-30,quantile,0.45,17,Michigan,Ensemble
2026-05-23,26,1,wk inc flu hosp,2026-05-30,quantile,0.5,21,Michigan,Ensemble
2026-05-23,26,1,wk inc flu hosp,2026-05-30,quantile,0.55,23,Michigan,Ensemble
2026-05-23,26,1,wk inc flu hosp,2026-05-30,quantile,0.6,25,Michigan,Ensemble
2026-05-23,26,1,wk inc flu hosp,2026-05-30,quantile,0.65,28,Michigan,Ensemble
2026-05-23,26,1,wk inc flu hosp,2026-05-30,quantile,0.7,31,Michigan,Ensemble
2026-05-23,26,1,wk inc flu hosp,2026-05-30,quantile,0.75,34,Michigan,Ensemble
2026-05-23,26,1,wk inc flu hosp,2026-05-30,quantile,0.8,37,Michigan,Ensemble
2026-05-23,26,1,wk inc flu hosp,2026-05-30,quantile,0.85,43,Michigan,Ensemble
2026-05-23,26,1,wk inc flu hosp,2026-05-30,quantile,0.9,51,Michigan,Ensemble
2026-05-23,26,1,wk inc flu hosp,2026-05-30,quantile,0.95,64,Michigan,Ensemble
2026-05-23,26,1,wk inc flu hosp,2026-05-30,quantile,0.975,85,Michigan,Ensemble
2026-05-23,26,1,wk inc flu hosp,2026-05-30,quantile,0.99,128,Michigan,Ensemble
2026-05-23,26,2,wk inc flu hosp,2026-06-06,quantile,0.01,2,Michigan,Ensemble
2026-05-23,26,2,wk inc flu hosp,2026-06-06,quantile,0.025,2,Michigan,Ensemble
2026-05-23,26,2,wk inc flu hosp,2026-06-06,quantile,0.05,3,Michigan,Ensemble
2026-05-23,26,2,wk inc flu hosp,2026-06-06,quantile,0.1,5,Michigan,Ensemble
2026-05-23,26,2,wk inc flu hosp,2026-06-06,quantile,0.15,6,Michigan,Ensemble
2026-05-23,26,2,wk inc flu hosp,2026-06-06,quantile,0.2,8,Michigan,Ensemble
2026-05-23,26,2,wk inc flu hosp,2026-06-06,quantile,0.25,9,Michigan,Ensemble
2026-05-23,26,2,wk inc flu hosp,2026-06-06,quantile,0.3,11,Michigan,Ensemble
2026-05-23,26,2,wk inc flu hosp,2026-06-06,quantile,0.35,13,Michigan,Ensemble
2026-05-23,26,2,wk inc flu hosp,2026-06-06,quantile,0.4,14,Michigan,Ensemble
2026-05-23,26,2,wk inc flu hosp,2026-06-06,quantile,0.45,16,Michigan,Ensemble
2026-05-23,26,2,wk inc flu hosp,2026-06-06,quantile,0.5,20,Michigan,Ensemble
2026-05-23,26,2,wk inc flu hosp,2026-06-06,quantile,0.55,22,Michigan,Ensemble
2026-05-23,26,2,wk inc flu hosp,2026-06-06,quantile,0.6,25,Michigan,Ensemble
2026-05-23,26,2,wk inc flu hosp,2026-06-06,quantile,0.65,28,Michigan,Ensemble
2026-05-23,26,2,wk inc flu hosp,2026-06-06,quantile,0.7,32,Michigan,Ensemble
2026-05-23,26,2,wk inc flu hosp,2026-06-06,quantile,0.75,37,Michigan,Ensemble
2026-05-23,26,2,wk inc flu hosp,2026-06-06,quantile,0.8,42,Michigan,Ensemble
2026-05-23,26,2,wk inc flu hosp,2026-06-06,quantile,0.85,48,Michigan,Ensemble
2026-05-23,26,2,wk inc flu hosp,2026-06-06,quantile,0.9,58,Michigan,Ensemble
2026-05-23,26,2,wk inc flu hosp,2026-06-06,quantile,0.95,76,Michigan,Ensemble
2026-05-23,26,2,wk inc flu hosp,2026-06-06,quantile,0.975,98,Michigan,Ensemble
2026-05-23,26,2,wk inc flu hosp,2026-06-06,quantile,0.99,150,Michigan,Ensemble
2026-05-23,26,3,wk inc flu hosp,2026-06-13,quantile,0.01,1,Michigan,Ensemble
2026-05-23,26,3,wk inc flu hosp,2026-06-13,quantile,0.025,2,Michigan,Ensemble
2026-05-23,26,3,wk inc flu hosp,2026-06-13,quantile,0.05,3,Michigan,Ensemble
2026-05-23,26,3,wk inc flu hosp,2026-06-13,quantile,0.1,4,Michigan,Ensemble
2026-05-23,26,3,wk inc flu hosp,2026-06-13,quantile,0.15,6,Michigan,Ensemble
2026-05-23,26,3,wk inc flu hosp,2026-06-13,quantile,0.2,7,Michigan,Ensemble
2026-05-23,26,3,wk inc flu hosp,2026-06-13,quantile,0.25,8,Michigan,Ensemble
2026-05-23,26,3,wk inc flu hosp,2026-06-13,quantile,0.3,10,Michigan,Ensemble
2026-05-23,26,3,wk inc flu hosp,2026-06-13,quantile,0.35,11,Michigan,Ensemble
2026-05-23,26,3,wk inc flu hosp,2026-06-13,quantile,0.4,13,Michigan,Ensemble
2026-05-23,26,3,wk inc flu hosp,2026-06-13,quantile,0.45,15,Michigan,Ensemble
2026-05-23,26,3,wk inc flu hosp,2026-06-13,quantile,0.5,19,Michigan,Ensemble
2026-05-23,26,3,wk inc flu hosp,2026-06-13,quantile,0.55,22,Michigan,Ensemble
2026-05-23,26,3,wk inc flu hosp,2026-06-13,quantile,0.6,26,Michigan,Ensemble
2026-05-23,26,3,wk inc flu hosp,2026-06-13,quantile,0.65,30,Michigan,Ensemble
2026-05-23,26,3,wk inc flu hosp,2026-06-13,quantile,0.7,34,Michigan,Ensemble
2026-05-23,26,3,wk inc flu hosp,2026-06-13,quantile,0.75,38,Michigan,Ensemble
2026-05-23,26,3,wk inc flu hosp,2026-06-13,quantile,0.8,44,Michigan,Ensemble
2026-05-23,26,3,wk inc flu hosp,2026-06-13,quantile,0.85,52,Michigan,Ensemble
2026-05-23,26,3,wk inc flu hosp,2026-06-13,quantile,0.9,64,Michigan,Ensemble
2026-05-23,26,3,wk inc flu hosp,2026-06-13,quantile,0.95,85,Michigan,Ensemble
2026-05-23,26,3,wk inc flu hosp,2026-06-13,quantile,0.975,115,Michigan,Ensemble
2026-05-23,26,3,wk inc flu hosp,2026-06-13,quantile,0.99,189,Michigan,Ensemble
2026-05-23,27,0,wk inc flu hosp,2026-05-23,quantile,0.01,2,Minnesota,Ensemble
2026-05-23,27,0,wk inc flu hosp,2026-05-23,quantile,0.025,3,Minnesota,Ensemble
2026-05-23,27,0,wk inc flu hosp,2026-05-23,quantile,0.05,4,Minnesota,Ensemble
2026-05-23,27,0,wk inc flu hosp,2026-05-23,quantile,0.1,5,Minnesota,Ensemble
2026-05-23,27,0,wk inc flu hosp,2026-05-23,quantile,0.15,6,Minnesota,Ensemble
2026-05-23,27,0,wk inc flu hosp,2026-05-23,quantile,0.2,7,Minnesota,Ensemble
2026-05-23,27,0,wk inc flu hosp,2026-05-23,quantile,0.25,8,Minnesota,Ensemble
2026-05-23,27,0,wk inc flu hosp,2026-05-23,quantile,0.3,9,Minnesota,Ensemble
2026-05-23,27,0,wk inc flu hosp,2026-05-23,quantile,0.35,10,Minnesota,Ensemble
2026-05-23,27,0,wk inc flu hosp,2026-05-23,quantile,0.4,11,Minnesota,Ensemble
2026-05-23,27,0,wk inc flu hosp,2026-05-23,quantile,0.45,12,Minnesota,Ensemble
2026-05-23,27,0,wk inc flu hosp,2026-05-23,quantile,0.5,15,Minnesota,Ensemble
2026-05-23,27,0,wk inc flu hosp,2026-05-23,quantile,0.55,16,Minnesota,Ensemble
2026-05-23,27,0,wk inc flu hosp,2026-05-23,quantile,0.6,17,Minnesota,Ensemble
2026-05-23,27,0,wk inc flu hosp,2026-05-23,quantile,0.65,18,Minnesota,Ensemble
2026-05-23,27,0,wk inc flu hosp,2026-05-23,quantile,0.7,20,Minnesota,Ensemble
2026-05-23,27,0,wk inc flu hosp,2026-05-23,quantile,0.75,21,Minnesota,Ensemble
2026-05-23,27,0,wk inc flu hosp,2026-05-23,quantile,0.8,24,Minnesota,Ensemble
2026-05-23,27,0,wk inc flu hosp,2026-05-23,quantile,0.85,26,Minnesota,Ensemble
2026-05-23,27,0,wk inc flu hosp,2026-05-23,quantile,0.9,31,Minnesota,Ensemble
2026-05-23,27,0,wk inc flu hosp,2026-05-23,quantile,0.95,37,Minnesota,Ensemble
2026-05-23,27,0,wk inc flu hosp,2026-05-23,quantile,0.975,45,Minnesota,Ensemble
2026-05-23,27,0,wk inc flu hosp,2026-05-23,quantile,0.99,58,Minnesota,Ensemble
2026-05-23,27,1,wk inc flu hosp,2026-05-30,quantile,0.01,1,Minnesota,Ensemble
2026-05-23,27,1,wk inc flu hosp,2026-05-30,quantile,0.025,2,Minnesota,Ensemble
2026-05-23,27,1,wk inc flu hosp,2026-05-30,quantile,0.05,2,Minnesota,Ensemble
2026-05-23,27,1,wk inc flu hosp,2026-05-30,quantile,0.1,4,Minnesota,Ensemble
2026-05-23,27,1,wk inc flu hosp,2026-05-30,quantile,0.15,5,Minnesota,Ensemble
2026-05-23,27,1,wk inc flu hosp,2026-05-30,quantile,0.2,6,Minnesota,Ensemble
2026-05-23,27,1,wk inc flu hosp,2026-05-30,quantile,0.25,7,Minnesota,Ensemble
2026-05-23,27,1,wk inc flu hosp,2026-05-30,quantile,0.3,8,Minnesota,Ensemble
2026-05-23,27,1,wk inc flu hosp,2026-05-30,quantile,0.35,9,Minnesota,Ensemble
2026-05-23,27,1,wk inc flu hosp,2026-05-30,quantile,0.4,10,Minnesota,Ensemble
2026-05-23,27,1,wk inc flu hosp,2026-05-30,quantile,0.45,11,Minnesota,Ensemble
2026-05-23,27,1,wk inc flu hosp,2026-05-30,quantile,0.5,13,Minnesota,Ensemble
2026-05-23,27,1,wk inc flu hosp,2026-05-30,quantile,0.55,15,Minnesota,Ensemble
2026-05-23,27,1,wk inc flu hosp,2026-05-30,quantile,0.6,17,Minnesota,Ensemble
2026-05-23,27,1,wk inc flu hosp,2026-05-30,quantile,0.65,18,Minnesota,Ensemble
2026-05-23,27,1,wk inc flu hosp,2026-05-30,quantile,0.7,20,Minnesota,Ensemble
2026-05-23,27,1,wk inc flu hosp,2026-05-30,quantile,0.75,23,Minnesota,Ensemble
2026-05-23,27,1,wk inc flu hosp,2026-05-30,quantile,0.8,25,Minnesota,Ensemble
2026-05-23,27,1,wk inc flu hosp,2026-05-30,quantile,0.85,29,Minnesota,Ensemble
2026-05-23,27,1,wk inc flu hosp,2026-05-30,quantile,0.9,35,Minnesota,Ensemble
2026-05-23,27,1,wk inc flu hosp,2026-05-30,quantile,0.95,46,Minnesota,Ensemble
2026-05-23,27,1,wk inc flu hosp,2026-05-30,quantile,0.975,62,Minnesota,Ensemble
2026-05-23,27,1,wk inc flu hosp,2026-05-30,quantile,0.99,91,Minnesota,Ensemble
2026-05-23,27,2,wk inc flu hosp,2026-06-06,quantile,0.01,1,Minnesota,Ensemble
2026-05-23,27,2,wk inc flu hosp,2026-06-06,quantile,0.025,1,Minnesota,Ensemble
2026-05-23,27,2,wk inc flu hosp,2026-06-06,quantile,0.05,2,Minnesota,Ensemble
2026-05-23,27,2,wk inc flu hosp,2026-06-06,quantile,0.1,3,Minnesota,Ensemble
2026-05-23,27,2,wk inc flu hosp,2026-06-06,quantile,0.15,4,Minnesota,Ensemble
2026-05-23,27,2,wk inc flu hosp,2026-06-06,quantile,0.2,5,Minnesota,Ensemble
2026-05-23,27,2,wk inc flu hosp,2026-06-06,quantile,0.25,6,Minnesota,Ensemble
2026-05-23,27,2,wk inc flu hosp,2026-06-06,quantile,0.3,7,Minnesota,Ensemble
2026-05-23,27,2,wk inc flu hosp,2026-06-06,quantile,0.35,8,Minnesota,Ensemble
2026-05-23,27,2,wk inc flu hosp,2026-06-06,quantile,0.4,9,Minnesota,Ensemble
2026-05-23,27,2,wk inc flu hosp,2026-06-06,quantile,0.45,10,Minnesota,Ensemble
2026-05-23,27,2,wk inc flu hosp,2026-06-06,quantile,0.5,13,Minnesota,Ensemble
2026-05-23,27,2,wk inc flu hosp,2026-06-06,quantile,0.55,15,Minnesota,Ensemble
2026-05-23,27,2,wk inc flu hosp,2026-06-06,quantile,0.6,16,Minnesota,Ensemble
2026-05-23,27,2,wk inc flu hosp,2026-06-06,quantile,0.65,18,Minnesota,Ensemble
2026-05-23,27,2,wk inc flu hosp,2026-06-06,quantile,0.7,21,Minnesota,Ensemble
2026-05-23,27,2,wk inc flu hosp,2026-06-06,quantile,0.75,24,Minnesota,Ensemble
2026-05-23,27,2,wk inc flu hosp,2026-06-06,quantile,0.8,27,Minnesota,Ensemble
2026-05-23,27,2,wk inc flu hosp,2026-06-06,quantile,0.85,33,Minnesota,Ensemble
2026-05-23,27,2,wk inc flu hosp,2026-06-06,quantile,0.9,41,Minnesota,Ensemble
2026-05-23,27,2,wk inc flu hosp,2026-06-06,quantile,0.95,55,Minnesota,Ensemble
2026-05-23,27,2,wk inc flu hosp,2026-06-06,quantile,0.975,74,Minnesota,Ensemble
2026-05-23,27,2,wk inc flu hosp,2026-06-06,quantile,0.99,111,Minnesota,Ensemble
2026-05-23,27,3,wk inc flu hosp,2026-06-13,quantile,0.01,0,Minnesota,Ensemble
2026-05-23,27,3,wk inc flu hosp,2026-06-13,quantile,0.025,1,Minnesota,Ensemble
2026-05-23,27,3,wk inc flu hosp,2026-06-13,quantile,0.05,1,Minnesota,Ensemble
2026-05-23,27,3,wk inc flu hosp,2026-06-13,quantile,0.1,2,Minnesota,Ensemble
2026-05-23,27,3,wk inc flu hosp,2026-06-13,quantile,0.15,3,Minnesota,Ensemble
2026-05-23,27,3,wk inc flu hosp,2026-06-13,quantile,0.2,4,Minnesota,Ensemble
2026-05-23,27,3,wk inc flu hosp,2026-06-13,quantile,0.25,5,Minnesota,Ensemble
2026-05-23,27,3,wk inc flu hosp,2026-06-13,quantile,0.3,5,Minnesota,Ensemble
2026-05-23,27,3,wk inc flu hosp,2026-06-13,quantile,0.35,6,Minnesota,Ensemble
2026-05-23,27,3,wk inc flu hosp,2026-06-13,quantile,0.4,7,Minnesota,Ensemble
2026-05-23,27,3,wk inc flu hosp,2026-06-13,quantile,0.45,9,Minnesota,Ensemble
2026-05-23,27,3,wk inc flu hosp,2026-06-13,quantile,0.5,12,Minnesota,Ensemble
2026-05-23,27,3,wk inc flu hosp,2026-06-13,quantile,0.55,14,Minnesota,Ensemble
2026-05-23,27,3,wk inc flu hosp,2026-06-13,quantile,0.6,16,Minnesota,Ensemble
2026-05-23,27,3,wk inc flu hosp,2026-06-13,quantile,0.65,19,Minnesota,Ensemble
2026-05-23,27,3,wk inc flu hosp,2026-06-13,quantile,0.7,23,Minnesota,Ensemble
2026-05-23,27,3,wk inc flu hosp,2026-06-13,quantile,0.75,26,Minnesota,Ensemble
2026-05-23,27,3,wk inc flu hosp,2026-06-13,quantile,0.8,30,Minnesota,Ensemble
2026-05-23,27,3,wk inc flu hosp,2026-06-13,quantile,0.85,37,Minnesota,Ensemble
2026-05-23,27,3,wk inc flu hosp,2026-06-13,quantile,0.9,45,Minnesota,Ensemble
2026-05-23,27,3,wk inc flu hosp,2026-06-13,quantile,0.95,65,Minnesota,Ensemble
2026-05-23,27,3,wk inc flu hosp,2026-06-13,quantile,0.975,97,Minnesota,Ensemble
2026-05-23,27,3,wk inc flu hosp,2026-06-13,quantile,0.99,132,Minnesota,Ensemble
2026-05-23,28,0,wk inc flu hosp,2026-05-23,quantile,0.01,2,Mississippi,Ensemble
2026-05-23,28,0,wk inc flu hosp,2026-05-23,quantile,0.025,2,Mississippi,Ensemble
2026-05-23,28,0,wk inc flu hosp,2026-05-23,quantile,0.05,3,Mississippi,Ensemble
2026-05-23,28,0,wk inc flu hosp,2026-05-23,quantile,0.1,5,Mississippi,Ensemble
2026-05-23,28,0,wk inc flu hosp,2026-05-23,quantile,0.15,6,Mississippi,Ensemble
2026-05-23,28,0,wk inc flu hosp,2026-05-23,quantile,0.2,7,Mississippi,Ensemble
2026-05-23,28,0,wk inc flu hosp,2026-05-23,quantile,0.25,7,Mississippi,Ensemble
2026-05-23,28,0,wk inc flu hosp,2026-05-23,quantile,0.3,8,Mississippi,Ensemble
2026-05-23,28,0,wk inc flu hosp,2026-05-23,quantile,0.35,9,Mississippi,Ensemble
2026-05-23,28,0,wk inc flu hosp,2026-05-23,quantile,0.4,10,Mississippi,Ensemble
2026-05-23,28,0,wk inc flu hosp,2026-05-23,quantile,0.45,11,Mississippi,Ensemble
2026-05-23,28,0,wk inc flu hosp,2026-05-23,quantile,0.5,13,Mississippi,Ensemble
2026-05-23,28,0,wk inc flu hosp,2026-05-23,quantile,0.55,14,Mississippi,Ensemble
2026-05-23,28,0,wk inc flu hosp,2026-05-23,quantile,0.6,15,Mississippi,Ensemble
2026-05-23,28,0,wk inc flu hosp,2026-05-23,quantile,0.65,16,Mississippi,Ensemble
2026-05-23,28,0,wk inc flu hosp,2026-05-23,quantile,0.7,17,Mississippi,Ensemble
2026-05-23,28,0,wk inc flu hosp,2026-05-23,quantile,0.75,18,Mississippi,Ensemble
2026-05-23,28,0,wk inc flu hosp,2026-05-23,quantile,0.8,20,Mississippi,Ensemble
2026-05-23,28,0,wk inc flu hosp,2026-05-23,quantile,0.85,21,Mississippi,Ensemble
2026-05-23,28,0,wk inc flu hosp,2026-05-23,quantile,0.9,24,Mississippi,Ensemble
2026-05-23,28,0,wk inc flu hosp,2026-05-23,quantile,0.95,28,Mississippi,Ensemble
2026-05-23,28,0,wk inc flu hosp,2026-05-23,quantile,0.975,33,Mississippi,Ensemble
2026-05-23,28,0,wk inc flu hosp,2026-05-23,quantile,0.99,41,Mississippi,Ensemble
2026-05-23,28,1,wk inc flu hosp,2026-05-30,quantile,0.01,1,Mississippi,Ensemble
2026-05-23,28,1,wk inc flu hosp,2026-05-30,quantile,0.025,2,Mississippi,Ensemble
2026-05-23,28,1,wk inc flu hosp,2026-05-30,quantile,0.05,3,Mississippi,Ensemble
2026-05-23,28,1,wk inc flu hosp,2026-05-30,quantile,0.1,4,Mississippi,Ensemble
2026-05-23,28,1,wk inc flu hosp,2026-05-30,quantile,0.15,5,Mississippi,Ensemble
2026-05-23,28,1,wk inc flu hosp,2026-05-30,quantile,0.2,5,Mississippi,Ensemble
2026-05-23,28,1,wk inc flu hosp,2026-05-30,quantile,0.25,6,Mississippi,Ensemble
2026-05-23,28,1,wk inc flu hosp,2026-05-30,quantile,0.3,7,Mississippi,Ensemble
2026-05-23,28,1,wk inc flu hosp,2026-05-30,quantile,0.35,8,Mississippi,Ensemble
2026-05-23,28,1,wk inc flu hosp,2026-05-30,quantile,0.4,9,Mississippi,Ensemble
2026-05-23,28,1,wk inc flu hosp,2026-05-30,quantile,0.45,10,Mississippi,Ensemble
2026-05-23,28,1,wk inc flu hosp,2026-05-30,quantile,0.5,12,Mississippi,Ensemble
2026-05-23,28,1,wk inc flu hosp,2026-05-30,quantile,0.55,13,Mississippi,Ensemble
2026-05-23,28,1,wk inc flu hosp,2026-05-30,quantile,0.6,14,Mississippi,Ensemble
2026-05-23,28,1,wk inc flu hosp,2026-05-30,quantile,0.65,15,Mississippi,Ensemble
2026-05-23,28,1,wk inc flu hosp,2026-05-30,quantile,0.7,17,Mississippi,Ensemble
2026-05-23,28,1,wk inc flu hosp,2026-05-30,quantile,0.75,19,Mississippi,Ensemble
2026-05-23,28,1,wk inc flu hosp,2026-05-30,quantile,0.8,20,Mississippi,Ensemble
2026-05-23,28,1,wk inc flu hosp,2026-05-30,quantile,0.85,23,Mississippi,Ensemble
2026-05-23,28,1,wk inc flu hosp,2026-05-30,quantile,0.9,26,Mississippi,Ensemble
2026-05-23,28,1,wk inc flu hosp,2026-05-30,quantile,0.95,33,Mississippi,Ensemble
2026-05-23,28,1,wk inc flu hosp,2026-05-30,quantile,0.975,41,Mississippi,Ensemble
2026-05-23,28,1,wk inc flu hosp,2026-05-30,quantile,0.99,50,Mississippi,Ensemble
2026-05-23,28,2,wk inc flu hosp,2026-06-06,quantile,0.01,1,Mississippi,Ensemble
2026-05-23,28,2,wk inc flu hosp,2026-06-06,quantile,0.025,1,Mississippi,Ensemble
2026-05-23,28,2,wk inc flu hosp,2026-06-06,quantile,0.05,2,Mississippi,Ensemble
2026-05-23,28,2,wk inc flu hosp,2026-06-06,quantile,0.1,3,Mississippi,Ensemble
2026-05-23,28,2,wk inc flu hosp,2026-06-06,quantile,0.15,4,Mississippi,Ensemble
2026-05-23,28,2,wk inc flu hosp,2026-06-06,quantile,0.2,5,Mississippi,Ensemble
2026-05-23,28,2,wk inc flu hosp,2026-06-06,quantile,0.25,6,Mississippi,Ensemble
2026-05-23,28,2,wk inc flu hosp,2026-06-06,quantile,0.3,7,Mississippi,Ensemble
2026-05-23,28,2,wk inc flu hosp,2026-06-06,quantile,0.35,8,Mississippi,Ensemble
2026-05-23,28,2,wk inc flu hosp,2026-06-06,quantile,0.4,9,Mississippi,Ensemble
2026-05-23,28,2,wk inc flu hosp,2026-06-06,quantile,0.45,10,Mississippi,Ensemble
2026-05-23,28,2,wk inc flu hosp,2026-06-06,quantile,0.5,12,Mississippi,Ensemble
2026-05-23,28,2,wk inc flu hosp,2026-06-06,quantile,0.55,13,Mississippi,Ensemble
2026-05-23,28,2,wk inc flu hosp,2026-06-06,quantile,0.6,14,Mississippi,Ensemble
2026-05-23,28,2,wk inc flu hosp,2026-06-06,quantile,0.65,16,Mississippi,Ensemble
2026-05-23,28,2,wk inc flu hosp,2026-06-06,quantile,0.7,17,Mississippi,Ensemble
2026-05-23,28,2,wk inc flu hosp,2026-06-06,quantile,0.75,19,Mississippi,Ensemble
2026-05-23,28,2,wk inc flu hosp,2026-06-06,quantile,0.8,21,Mississippi,Ensemble
2026-05-23,28,2,wk inc flu hosp,2026-06-06,quantile,0.85,24,Mississippi,Ensemble
2026-05-23,28,2,wk inc flu hosp,2026-06-06,quantile,0.9,29,Mississippi,Ensemble
2026-05-23,28,2,wk inc flu hosp,2026-06-06,quantile,0.95,38,Mississippi,Ensemble
2026-05-23,28,2,wk inc flu hosp,2026-06-06,quantile,0.975,46,Mississippi,Ensemble
2026-05-23,28,2,wk inc flu hosp,2026-06-06,quantile,0.99,57,Mississippi,Ensemble
2026-05-23,28,3,wk inc flu hosp,2026-06-13,quantile,0.01,1,Mississippi,Ensemble
2026-05-23,28,3,wk inc flu hosp,2026-06-13,quantile,0.025,1,Mississippi,Ensemble
2026-05-23,28,3,wk inc flu hosp,2026-06-13,quantile,0.05,2,Mississippi,Ensemble
2026-05-23,28,3,wk inc flu hosp,2026-06-13,quantile,0.1,3,Mississippi,Ensemble
2026-05-23,28,3,wk inc flu hosp,2026-06-13,quantile,0.15,4,Mississippi,Ensemble
2026-05-23,28,3,wk inc flu hosp,2026-06-13,quantile,0.2,4,Mississippi,Ensemble
2026-05-23,28,3,wk inc flu hosp,2026-06-13,quantile,0.25,5,Mississippi,Ensemble
2026-05-23,28,3,wk inc flu hosp,2026-06-13,quantile,0.3,6,Mississippi,Ensemble
2026-05-23,28,3,wk inc flu hosp,2026-06-13,quantile,0.35,7,Mississippi,Ensemble
2026-05-23,28,3,wk inc flu hosp,2026-06-13,quantile,0.4,8,Mississippi,Ensemble
2026-05-23,28,3,wk inc flu hosp,2026-06-13,quantile,0.45,9,Mississippi,Ensemble
2026-05-23,28,3,wk inc flu hosp,2026-06-13,quantile,0.5,11,Mississippi,Ensemble
2026-05-23,28,3,wk inc flu hosp,2026-06-13,quantile,0.55,12,Mississippi,Ensemble
2026-05-23,28,3,wk inc flu hosp,2026-06-13,quantile,0.6,14,Mississippi,Ensemble
2026-05-23,28,3,wk inc flu hosp,2026-06-13,quantile,0.65,15,Mississippi,Ensemble
2026-05-23,28,3,wk inc flu hosp,2026-06-13,quantile,0.7,17,Mississippi,Ensemble
2026-05-23,28,3,wk inc flu hosp,2026-06-13,quantile,0.75,19,Mississippi,Ensemble
2026-05-23,28,3,wk inc flu hosp,2026-06-13,quantile,0.8,22,Mississippi,Ensemble
2026-05-23,28,3,wk inc flu hosp,2026-06-13,quantile,0.85,26,Mississippi,Ensemble
2026-05-23,28,3,wk inc flu hosp,2026-06-13,quantile,0.9,31,Mississippi,Ensemble
2026-05-23,28,3,wk inc flu hosp,2026-06-13,quantile,0.95,42,Mississippi,Ensemble
2026-05-23,28,3,wk inc flu hosp,2026-06-13,quantile,0.975,50,Mississippi,Ensemble
2026-05-23,28,3,wk inc flu hosp,2026-06-13,quantile,0.99,68,Mississippi,Ensemble
2026-05-23,29,0,wk inc flu hosp,2026-05-23,quantile,0.01,1,Missouri,Ensemble
2026-05-23,29,0,wk inc flu hosp,2026-05-23,quantile,0.025,1,Missouri,Ensemble
2026-05-23,29,0,wk inc flu hosp,2026-05-23,quantile,0.05,2,Missouri,Ensemble
2026-05-23,29,0,wk inc flu hosp,2026-05-23,quantile,0.1,3,Missouri,Ensemble
2026-05-23,29,0,wk inc flu hosp,2026-05-23,quantile,0.15,4,Missouri,Ensemble
2026-05-23,29,0,wk inc flu hosp,2026-05-23,quantile,0.2,5,Missouri,Ensemble
2026-05-23,29,0,wk inc flu hosp,2026-05-23,quantile,0.25,5,Missouri,Ensemble
2026-05-23,29,0,wk inc flu hosp,2026-05-23,quantile,0.3,6,Missouri,Ensemble
2026-05-23,29,0,wk inc flu hosp,2026-05-23,quantile,0.35,7,Missouri,Ensemble
2026-05-23,29,0,wk inc flu hosp,2026-05-23,quantile,0.4,8,Missouri,Ensemble
2026-05-23,29,0,wk inc flu hosp,2026-05-23,quantile,0.45,9,Missouri,Ensemble
2026-05-23,29,0,wk inc flu hosp,2026-05-23,quantile,0.5,11,Missouri,Ensemble
2026-05-23,29,0,wk inc flu hosp,2026-05-23,quantile,0.55,12,Missouri,Ensemble
2026-05-23,29,0,wk inc flu hosp,2026-05-23,quantile,0.6,13,Missouri,Ensemble
2026-05-23,29,0,wk inc flu hosp,2026-05-23,quantile,0.65,14,Missouri,Ensemble
2026-05-23,29,0,wk inc flu hosp,2026-05-23,quantile,0.7,16,Missouri,Ensemble
2026-05-23,29,0,wk inc flu hosp,2026-05-23,quantile,0.75,17,Missouri,Ensemble
2026-05-23,29,0,wk inc flu hosp,2026-05-23,quantile,0.8,19,Missouri,Ensemble
2026-05-23,29,0,wk inc flu hosp,2026-05-23,quantile,0.85,22,Missouri,Ensemble
2026-05-23,29,0,wk inc flu hosp,2026-05-23,quantile,0.9,25,Missouri,Ensemble
2026-05-23,29,0,wk inc flu hosp,2026-05-23,quantile,0.95,33,Missouri,Ensemble
2026-05-23,29,0,wk inc flu hosp,2026-05-23,quantile,0.975,41,Missouri,Ensemble
2026-05-23,29,0,wk inc flu hosp,2026-05-23,quantile,0.99,57,Missouri,Ensemble
2026-05-23,29,1,wk inc flu hosp,2026-05-30,quantile,0.01,1,Missouri,Ensemble
2026-05-23,29,1,wk inc flu hosp,2026-05-30,quantile,0.025,1,Missouri,Ensemble
2026-05-23,29,1,wk inc flu hosp,2026-05-30,quantile,0.05,1,Missouri,Ensemble
2026-05-23,29,1,wk inc flu hosp,2026-05-30,quantile,0.1,2,Missouri,Ensemble
2026-05-23,29,1,wk inc flu hosp,2026-05-30,quantile,0.15,3,Missouri,Ensemble
2026-05-23,29,1,wk inc flu hosp,2026-05-30,quantile,0.2,3,Missouri,Ensemble
2026-05-23,29,1,wk inc flu hosp,2026-05-30,quantile,0.25,4,Missouri,Ensemble
2026-05-23,29,1,wk inc flu hosp,2026-05-30,quantile,0.3,5,Missouri,Ensemble
2026-05-23,29,1,wk inc flu hosp,2026-05-30,quantile,0.35,6,Missouri,Ensemble
2026-05-23,29,1,wk inc flu hosp,2026-05-30,quantile,0.4,8,Missouri,Ensemble
2026-05-23,29,1,wk inc flu hosp,2026-05-30,quantile,0.45,8,Missouri,Ensemble
2026-05-23,29,1,wk inc flu hosp,2026-05-30,quantile,0.5,10,Missouri,Ensemble
2026-05-23,29,1,wk inc flu hosp,2026-05-30,quantile,0.55,12,Missouri,Ensemble
2026-05-23,29,1,wk inc flu hosp,2026-05-30,quantile,0.6,13,Missouri,Ensemble
2026-05-23,29,1,wk inc flu hosp,2026-05-30,quantile,0.65,15,Missouri,Ensemble
2026-05-23,29,1,wk inc flu hosp,2026-05-30,quantile,0.7,17,Missouri,Ensemble
2026-05-23,29,1,wk inc flu hosp,2026-05-30,quantile,0.75,20,Missouri,Ensemble
2026-05-23,29,1,wk inc flu hosp,2026-05-30,quantile,0.8,22,Missouri,Ensemble
2026-05-23,29,1,wk inc flu hosp,2026-05-30,quantile,0.85,26,Missouri,Ensemble
2026-05-23,29,1,wk inc flu hosp,2026-05-30,quantile,0.9,31,Missouri,Ensemble
2026-05-23,29,1,wk inc flu hosp,2026-05-30,quantile,0.95,41,Missouri,Ensemble
2026-05-23,29,1,wk inc flu hosp,2026-05-30,quantile,0.975,60,Missouri,Ensemble
2026-05-23,29,1,wk inc flu hosp,2026-05-30,quantile,0.99,87,Missouri,Ensemble
2026-05-23,29,2,wk inc flu hosp,2026-06-06,quantile,0.01,1,Missouri,Ensemble
2026-05-23,29,2,wk inc flu hosp,2026-06-06,quantile,0.025,1,Missouri,Ensemble
2026-05-23,29,2,wk inc flu hosp,2026-06-06,quantile,0.05,1,Missouri,Ensemble
2026-05-23,29,2,wk inc flu hosp,2026-06-06,quantile,0.1,2,Missouri,Ensemble
2026-05-23,29,2,wk inc flu hosp,2026-06-06,quantile,0.15,2,Missouri,Ensemble
2026-05-23,29,2,wk inc flu hosp,2026-06-06,quantile,0.2,3,Missouri,Ensemble
2026-05-23,29,2,wk inc flu hosp,2026-06-06,quantile,0.25,4,Missouri,Ensemble
2026-05-23,29,2,wk inc flu hosp,2026-06-06,quantile,0.3,5,Missouri,Ensemble
2026-05-23,29,2,wk inc flu hosp,2026-06-06,quantile,0.35,6,Missouri,Ensemble
2026-05-23,29,2,wk inc flu hosp,2026-06-06,quantile,0.4,7,Missouri,Ensemble
2026-05-23,29,2,wk inc flu hosp,2026-06-06,quantile,0.45,8,Missouri,Ensemble
2026-05-23,29,2,wk inc flu hosp,2026-06-06,quantile,0.5,10,Missouri,Ensemble
2026-05-23,29,2,wk inc flu hosp,2026-06-06,quantile,0.55,12,Missouri,Ensemble
2026-05-23,29,2,wk inc flu hosp,2026-06-06,quantile,0.6,14,Missouri,Ensemble
2026-05-23,29,2,wk inc flu hosp,2026-06-06,quantile,0.65,16,Missouri,Ensemble
2026-05-23,29,2,wk inc flu hosp,2026-06-06,quantile,0.7,18,Missouri,Ensemble
2026-05-23,29,2,wk inc flu hosp,2026-06-06,quantile,0.75,21,Missouri,Ensemble
2026-05-23,29,2,wk inc flu hosp,2026-06-06,quantile,0.8,25,Missouri,Ensemble
2026-05-23,29,2,wk inc flu hosp,2026-06-06,quantile,0.85,30,Missouri,Ensemble
2026-05-23,29,2,wk inc flu hosp,2026-06-06,quantile,0.9,36,Missouri,Ensemble
2026-05-23,29,2,wk inc flu hosp,2026-06-06,quantile,0.95,51,Missouri,Ensemble
2026-05-23,29,2,wk inc flu hosp,2026-06-06,quantile,0.975,72,Missouri,Ensemble
2026-05-23,29,2,wk inc flu hosp,2026-06-06,quantile,0.99,106,Missouri,Ensemble
2026-05-23,29,3,wk inc flu hosp,2026-06-13,quantile,0.01,0,Missouri,Ensemble
2026-05-23,29,3,wk inc flu hosp,2026-06-13,quantile,0.025,1,Missouri,Ensemble
2026-05-23,29,3,wk inc flu hosp,2026-06-13,quantile,0.05,1,Missouri,Ensemble
2026-05-23,29,3,wk inc flu hosp,2026-06-13,quantile,0.1,1,Missouri,Ensemble
2026-05-23,29,3,wk inc flu hosp,2026-06-13,quantile,0.15,2,Missouri,Ensemble
2026-05-23,29,3,wk inc flu hosp,2026-06-13,quantile,0.2,3,Missouri,Ensemble
2026-05-23,29,3,wk inc flu hosp,2026-06-13,quantile,0.25,3,Missouri,Ensemble
2026-05-23,29,3,wk inc flu hosp,2026-06-13,quantile,0.3,4,Missouri,Ensemble
2026-05-23,29,3,wk inc flu hosp,2026-06-13,quantile,0.35,5,Missouri,Ensemble
2026-05-23,29,3,wk inc flu hosp,2026-06-13,quantile,0.4,6,Missouri,Ensemble
2026-05-23,29,3,wk inc flu hosp,2026-06-13,quantile,0.45,8,Missouri,Ensemble
2026-05-23,29,3,wk inc flu hosp,2026-06-13,quantile,0.5,10,Missouri,Ensemble
2026-05-23,29,3,wk inc flu hosp,2026-06-13,quantile,0.55,12,Missouri,Ensemble
2026-05-23,29,3,wk inc flu hosp,2026-06-13,quantile,0.6,14,Missouri,Ensemble
2026-05-23,29,3,wk inc flu hosp,2026-06-13,quantile,0.65,17,Missouri,Ensemble
2026-05-23,29,3,wk inc flu hosp,2026-06-13,quantile,0.7,20,Missouri,Ensemble
2026-05-23,29,3,wk inc flu hosp,2026-06-13,quantile,0.75,23,Missouri,Ensemble
2026-05-23,29,3,wk inc flu hosp,2026-06-13,quantile,0.8,27,Missouri,Ensemble
2026-05-23,29,3,wk inc flu hosp,2026-06-13,quantile,0.85,33,Missouri,Ensemble
2026-05-23,29,3,wk inc flu hosp,2026-06-13,quantile,0.9,42,Missouri,Ensemble
2026-05-23,29,3,wk inc flu hosp,2026-06-13,quantile,0.95,58,Missouri,Ensemble
2026-05-23,29,3,wk inc flu hosp,2026-06-13,quantile,0.975,85,Missouri,Ensemble
2026-05-23,29,3,wk inc flu hosp,2026-06-13,quantile,0.99,131,Missouri,Ensemble
2026-05-23,30,0,wk inc flu hosp,2026-05-23,quantile,0.01,0,Montana,Ensemble
2026-05-23,30,0,wk inc flu hosp,2026-05-23,quantile,0.025,0,Montana,Ensemble
2026-05-23,30,0,wk inc flu hosp,2026-05-23,quantile,0.05,0,Montana,Ensemble
2026-05-23,30,0,wk inc flu hosp,2026-05-23,quantile,0.1,0,Montana,Ensemble
2026-05-23,30,0,wk inc flu hosp,2026-05-23,quantile,0.15,0,Montana,Ensemble
2026-05-23,30,0,wk inc flu hosp,2026-05-23,quantile,0.2,0,Montana,Ensemble
2026-05-23,30,0,wk inc flu hosp,2026-05-23,quantile,0.25,0,Montana,Ensemble
2026-05-23,30,0,wk inc flu hosp,2026-05-23,quantile,0.3,1,Montana,Ensemble
2026-05-23,30,0,wk inc flu hosp,2026-05-23,quantile,0.35,1,Montana,Ensemble
2026-05-23,30,0,wk inc flu hosp,2026-05-23,quantile,0.4,1,Montana,Ensemble
2026-05-23,30,0,wk inc flu hosp,2026-05-23,quantile,0.45,1,Montana,Ensemble
2026-05-23,30,0,wk inc flu hosp,2026-05-23,quantile,0.5,2,Montana,Ensemble
2026-05-23,30,0,wk inc flu hosp,2026-05-23,quantile,0.55,3,Montana,Ensemble
2026-05-23,30,0,wk inc flu hosp,2026-05-23,quantile,0.6,3,Montana,Ensemble
2026-05-23,30,0,wk inc flu hosp,2026-05-23,quantile,0.65,3,Montana,Ensemble
2026-05-23,30,0,wk inc flu hosp,2026-05-23,quantile,0.7,4,Montana,Ensemble
2026-05-23,30,0,wk inc flu hosp,2026-05-23,quantile,0.75,4,Montana,Ensemble
2026-05-23,30,0,wk inc flu hosp,2026-05-23,quantile,0.8,5,Montana,Ensemble
2026-05-23,30,0,wk inc flu hosp,2026-05-23,quantile,0.85,6,Montana,Ensemble
2026-05-23,30,0,wk inc flu hosp,2026-05-23,quantile,0.9,7,Montana,Ensemble
2026-05-23,30,0,wk inc flu hosp,2026-05-23,quantile,0.95,9,Montana,Ensemble
2026-05-23,30,0,wk inc flu hosp,2026-05-23,quantile,0.975,11,Montana,Ensemble
2026-05-23,30,0,wk inc flu hosp,2026-05-23,quantile,0.99,15,Montana,Ensemble
2026-05-23,30,1,wk inc flu hosp,2026-05-30,quantile,0.01,0,Montana,Ensemble
2026-05-23,30,1,wk inc flu hosp,2026-05-30,quantile,0.025,0,Montana,Ensemble
2026-05-23,30,1,wk inc flu hosp,2026-05-30,quantile,0.05,0,Montana,Ensemble
2026-05-23,30,1,wk inc flu hosp,2026-05-30,quantile,0.1,0,Montana,Ensemble
2026-05-23,30,1,wk inc flu hosp,2026-05-30,quantile,0.15,0,Montana,Ensemble
2026-05-23,30,1,wk inc flu hosp,2026-05-30,quantile,0.2,0,Montana,Ensemble
2026-05-23,30,1,wk inc flu hosp,2026-05-30,quantile,0.25,0,Montana,Ensemble
2026-05-23,30,1,wk inc flu hosp,2026-05-30,quantile,0.3,0,Montana,Ensemble
2026-05-23,30,1,wk inc flu hosp,2026-05-30,quantile,0.35,1,Montana,Ensemble
2026-05-23,30,1,wk inc flu hosp,2026-05-30,quantile,0.4,1,Montana,Ensemble
2026-05-23,30,1,wk inc flu hosp,2026-05-30,quantile,0.45,1,Montana,Ensemble
2026-05-23,30,1,wk inc flu hosp,2026-05-30,quantile,0.5,2,Montana,Ensemble
2026-05-23,30,1,wk inc flu hosp,2026-05-30,quantile,0.55,3,Montana,Ensemble
2026-05-23,30,1,wk inc flu hosp,2026-05-30,quantile,0.6,3,Montana,Ensemble
2026-05-23,30,1,wk inc flu hosp,2026-05-30,quantile,0.65,4,Montana,Ensemble
2026-05-23,30,1,wk inc flu hosp,2026-05-30,quantile,0.7,4,Montana,Ensemble
2026-05-23,30,1,wk inc flu hosp,2026-05-30,quantile,0.75,5,Montana,Ensemble
2026-05-23,30,1,wk inc flu hosp,2026-05-30,quantile,0.8,5,Montana,Ensemble
2026-05-23,30,1,wk inc flu hosp,2026-05-30,quantile,0.85,7,Montana,Ensemble
2026-05-23,30,1,wk inc flu hosp,2026-05-30,quantile,0.9,8,Montana,Ensemble
2026-05-23,30,1,wk inc flu hosp,2026-05-30,quantile,0.95,11,Montana,Ensemble
2026-05-23,30,1,wk inc flu hosp,2026-05-30,quantile,0.975,15,Montana,Ensemble
2026-05-23,30,1,wk inc flu hosp,2026-05-30,quantile,0.99,20,Montana,Ensemble
2026-05-23,30,2,wk inc flu hosp,2026-06-06,quantile,0.01,0,Montana,Ensemble
2026-05-23,30,2,wk inc flu hosp,2026-06-06,quantile,0.025,0,Montana,Ensemble
2026-05-23,30,2,wk inc flu hosp,2026-06-06,quantile,0.05,0,Montana,Ensemble
2026-05-23,30,2,wk inc flu hosp,2026-06-06,quantile,0.1,0,Montana,Ensemble
2026-05-23,30,2,wk inc flu hosp,2026-06-06,quantile,0.15,0,Montana,Ensemble
2026-05-23,30,2,wk inc flu hosp,2026-06-06,quantile,0.2,0,Montana,Ensemble
2026-05-23,30,2,wk inc flu hosp,2026-06-06,quantile,0.25,0,Montana,Ensemble
2026-05-23,30,2,wk inc flu hosp,2026-06-06,quantile,0.3,0,Montana,Ensemble
2026-05-23,30,2,wk inc flu hosp,2026-06-06,quantile,0.35,0,Montana,Ensemble
2026-05-23,30,2,wk inc flu hosp,2026-06-06,quantile,0.4,1,Montana,Ensemble
2026-05-23,30,2,wk inc flu hosp,2026-06-06,quantile,0.45,1,Montana,Ensemble
2026-05-23,30,2,wk inc flu hosp,2026-06-06,quantile,0.5,2,Montana,Ensemble
2026-05-23,30,2,wk inc flu hosp,2026-06-06,quantile,0.55,2,Montana,Ensemble
2026-05-23,30,2,wk inc flu hosp,2026-06-06,quantile,0.6,3,Montana,Ensemble
2026-05-23,30,2,wk inc flu hosp,2026-06-06,quantile,0.65,3,Montana,Ensemble
2026-05-23,30,2,wk inc flu hosp,2026-06-06,quantile,0.7,4,Montana,Ensemble
2026-05-23,30,2,wk inc flu hosp,2026-06-06,quantile,0.75,4,Montana,Ensemble
2026-05-23,30,2,wk inc flu hosp,2026-06-06,quantile,0.8,5,Montana,Ensemble
2026-05-23,30,2,wk inc flu hosp,2026-06-06,quantile,0.85,7,Montana,Ensemble
2026-05-23,30,2,wk inc flu hosp,2026-06-06,quantile,0.9,8,Montana,Ensemble
2026-05-23,30,2,wk inc flu hosp,2026-06-06,quantile,0.95,11,Montana,Ensemble
2026-05-23,30,2,wk inc flu hosp,2026-06-06,quantile,0.975,16,Montana,Ensemble
2026-05-23,30,2,wk inc flu hosp,2026-06-06,quantile,0.99,23,Montana,Ensemble
2026-05-23,30,3,wk inc flu hosp,2026-06-13,quantile,0.01,0,Montana,Ensemble
2026-05-23,30,3,wk inc flu hosp,2026-06-13,quantile,0.025,0,Montana,Ensemble
2026-05-23,30,3,wk inc flu hosp,2026-06-13,quantile,0.05,0,Montana,Ensemble
2026-05-23,30,3,wk inc flu hosp,2026-06-13,quantile,0.1,0,Montana,Ensemble
2026-05-23,30,3,wk inc flu hosp,2026-06-13,quantile,0.15,0,Montana,Ensemble
2026-05-23,30,3,wk inc flu hosp,2026-06-13,quantile,0.2,0,Montana,Ensemble
2026-05-23,30,3,wk inc flu hosp,2026-06-13,quantile,0.25,0,Montana,Ensemble
2026-05-23,30,3,wk inc flu hosp,2026-06-13,quantile,0.3,0,Montana,Ensemble
2026-05-23,30,3,wk inc flu hosp,2026-06-13,quantile,0.35,0,Montana,Ensemble
2026-05-23,30,3,wk inc flu hosp,2026-06-13,quantile,0.4,0,Montana,Ensemble
2026-05-23,30,3,wk inc flu hosp,2026-06-13,quantile,0.45,1,Montana,Ensemble
2026-05-23,30,3,wk inc flu hosp,2026-06-13,quantile,0.5,2,Montana,Ensemble
2026-05-23,30,3,wk inc flu hosp,2026-06-13,quantile,0.55,2,Montana,Ensemble
2026-05-23,30,3,wk inc flu hosp,2026-06-13,quantile,0.6,2,Montana,Ensemble
2026-05-23,30,3,wk inc flu hosp,2026-06-13,quantile,0.65,3,Montana,Ensemble
2026-05-23,30,3,wk inc flu hosp,2026-06-13,quantile,0.7,4,Montana,Ensemble
2026-05-23,30,3,wk inc flu hosp,2026-06-13,quantile,0.75,4,Montana,Ensemble
2026-05-23,30,3,wk inc flu hosp,2026-06-13,quantile,0.8,5,Montana,Ensemble
2026-05-23,30,3,wk inc flu hosp,2026-06-13,quantile,0.85,7,Montana,Ensemble
2026-05-23,30,3,wk inc flu hosp,2026-06-13,quantile,0.9,9,Montana,Ensemble
2026-05-23,30,3,wk inc flu hosp,2026-06-13,quantile,0.95,13,Montana,Ensemble
2026-05-23,30,3,wk inc flu hosp,2026-06-13,quantile,0.975,18,Montana,Ensemble
2026-05-23,30,3,wk inc flu hosp,2026-06-13,quantile,0.99,27,Montana,Ensemble
2026-05-23,31,0,wk inc flu hosp,2026-05-23,quantile,0.01,0,Nebraska,Ensemble
2026-05-23,31,0,wk inc flu hosp,2026-05-23,quantile,0.025,0,Nebraska,Ensemble
2026-05-23,31,0,wk inc flu hosp,2026-05-23,quantile,0.05,0,Nebraska,Ensemble
2026-05-23,31,0,wk inc flu hosp,2026-05-23,quantile,0.1,0,Nebraska,Ensemble
2026-05-23,31,0,wk inc flu hosp,2026-05-23,quantile,0.15,0,Nebraska,Ensemble
2026-05-23,31,0,wk inc flu hosp,2026-05-23,quantile,0.2,0,Nebraska,Ensemble
2026-05-23,31,0,wk inc flu hosp,2026-05-23,quantile,0.25,1,Nebraska,Ensemble
2026-05-23,31,0,wk inc flu hosp,2026-05-23,quantile,0.3,1,Nebraska,Ensemble
2026-05-23,31,0,wk inc flu hosp,2026-05-23,quantile,0.35,1,Nebraska,Ensemble
2026-05-23,31,0,wk inc flu hosp,2026-05-23,quantile,0.4,1,Nebraska,Ensemble
2026-05-23,31,0,wk inc flu hosp,2026-05-23,quantile,0.45,2,Nebraska,Ensemble
2026-05-23,31,0,wk inc flu hosp,2026-05-23,quantile,0.5,3,Nebraska,Ensemble
2026-05-23,31,0,wk inc flu hosp,2026-05-23,quantile,0.55,3,Nebraska,Ensemble
2026-05-23,31,0,wk inc flu hosp,2026-05-23,quantile,0.6,4,Nebraska,Ensemble
2026-05-23,31,0,wk inc flu hosp,2026-05-23,quantile,0.65,4,Nebraska,Ensemble
2026-05-23,31,0,wk inc flu hosp,2026-05-23,quantile,0.7,4,Nebraska,Ensemble
2026-05-23,31,0,wk inc flu hosp,2026-05-23,quantile,0.75,5,Nebraska,Ensemble
2026-05-23,31,0,wk inc flu hosp,2026-05-23,quantile,0.8,6,Nebraska,Ensemble
2026-05-23,31,0,wk inc flu hosp,2026-05-23,quantile,0.85,6,Nebraska,Ensemble
2026-05-23,31,0,wk inc flu hosp,2026-05-23,quantile,0.9,8,Nebraska,Ensemble
2026-05-23,31,0,wk inc flu hosp,2026-05-23,quantile,0.95,10,Nebraska,Ensemble
2026-05-23,31,0,wk inc flu hosp,2026-05-23,quantile,0.975,13,Nebraska,Ensemble
2026-05-23,31,0,wk inc flu hosp,2026-05-23,quantile,0.99,18,Nebraska,Ensemble
2026-05-23,31,1,wk inc flu hosp,2026-05-30,quantile,0.01,0,Nebraska,Ensemble
2026-05-23,31,1,wk inc flu hosp,2026-05-30,quantile,0.025,0,Nebraska,Ensemble
2026-05-23,31,1,wk inc flu hosp,2026-05-30,quantile,0.05,0,Nebraska,Ensemble
2026-05-23,31,1,wk inc flu hosp,2026-05-30,quantile,0.1,0,Nebraska,Ensemble
2026-05-23,31,1,wk inc flu hosp,2026-05-30,quantile,0.15,0,Nebraska,Ensemble
2026-05-23,31,1,wk inc flu hosp,2026-05-30,quantile,0.2,0,Nebraska,Ensemble
2026-05-23,31,1,wk inc flu hosp,2026-05-30,quantile,0.25,0,Nebraska,Ensemble
2026-05-23,31,1,wk inc flu hosp,2026-05-30,quantile,0.3,1,Nebraska,Ensemble
2026-05-23,31,1,wk inc flu hosp,2026-05-30,quantile,0.35,1,Nebraska,Ensemble
2026-05-23,31,1,wk inc flu hosp,2026-05-30,quantile,0.4,1,Nebraska,Ensemble
2026-05-23,31,1,wk inc flu hosp,2026-05-30,quantile,0.45,2,Nebraska,Ensemble
2026-05-23,31,1,wk inc flu hosp,2026-05-30,quantile,0.5,3,Nebraska,Ensemble
2026-05-23,31,1,wk inc flu hosp,2026-05-30,quantile,0.55,3,Nebraska,Ensemble
2026-05-23,31,1,wk inc flu hosp,2026-05-30,quantile,0.6,4,Nebraska,Ensemble
2026-05-23,31,1,wk inc flu hosp,2026-05-30,quantile,0.65,4,Nebraska,Ensemble
2026-05-23,31,1,wk inc flu hosp,2026-05-30,quantile,0.7,5,Nebraska,Ensemble
2026-05-23,31,1,wk inc flu hosp,2026-05-30,quantile,0.75,5,Nebraska,Ensemble
2026-05-23,31,1,wk inc flu hosp,2026-05-30,quantile,0.8,6,Nebraska,Ensemble
2026-05-23,31,1,wk inc flu hosp,2026-05-30,quantile,0.85,7,Nebraska,Ensemble
2026-05-23,31,1,wk inc flu hosp,2026-05-30,quantile,0.9,9,Nebraska,Ensemble
2026-05-23,31,1,wk inc flu hosp,2026-05-30,quantile,0.95,13,Nebraska,Ensemble
2026-05-23,31,1,wk inc flu hosp,2026-05-30,quantile,0.975,17,Nebraska,Ensemble
2026-05-23,31,1,wk inc flu hosp,2026-05-30,quantile,0.99,23,Nebraska,Ensemble
2026-05-23,31,2,wk inc flu hosp,2026-06-06,quantile,0.01,0,Nebraska,Ensemble
2026-05-23,31,2,wk inc flu hosp,2026-06-06,quantile,0.025,0,Nebraska,Ensemble
2026-05-23,31,2,wk inc flu hosp,2026-06-06,quantile,0.05,0,Nebraska,Ensemble
2026-05-23,31,2,wk inc flu hosp,2026-06-06,quantile,0.1,0,Nebraska,Ensemble
2026-05-23,31,2,wk inc flu hosp,2026-06-06,quantile,0.15,0,Nebraska,Ensemble
2026-05-23,31,2,wk inc flu hosp,2026-06-06,quantile,0.2,0,Nebraska,Ensemble
2026-05-23,31,2,wk inc flu hosp,2026-06-06,quantile,0.25,1,Nebraska,Ensemble
2026-05-23,31,2,wk inc flu hosp,2026-06-06,quantile,0.3,1,Nebraska,Ensemble
2026-05-23,31,2,wk inc flu hosp,2026-06-06,quantile,0.35,1,Nebraska,Ensemble
2026-05-23,31,2,wk inc flu hosp,2026-06-06,quantile,0.4,1,Nebraska,Ensemble
2026-05-23,31,2,wk inc flu hosp,2026-06-06,quantile,0.45,2,Nebraska,Ensemble
2026-05-23,31,2,wk inc flu hosp,2026-06-06,quantile,0.5,3,Nebraska,Ensemble
2026-05-23,31,2,wk inc flu hosp,2026-06-06,quantile,0.55,3,Nebraska,Ensemble
2026-05-23,31,2,wk inc flu hosp,2026-06-06,quantile,0.6,4,Nebraska,Ensemble
2026-05-23,31,2,wk inc flu hosp,2026-06-06,quantile,0.65,4,Nebraska,Ensemble
2026-05-23,31,2,wk inc flu hosp,2026-06-06,quantile,0.7,5,Nebraska,Ensemble
2026-05-23,31,2,wk inc flu hosp,2026-06-06,quantile,0.75,6,Nebraska,Ensemble
2026-05-23,31,2,wk inc flu hosp,2026-06-06,quantile,0.8,7,Nebraska,Ensemble
2026-05-23,31,2,wk inc flu hosp,2026-06-06,quantile,0.85,8,Nebraska,Ensemble
2026-05-23,31,2,wk inc flu hosp,2026-06-06,quantile,0.9,10,Nebraska,Ensemble
2026-05-23,31,2,wk inc flu hosp,2026-06-06,quantile,0.95,15,Nebraska,Ensemble
2026-05-23,31,2,wk inc flu hosp,2026-06-06,quantile,0.975,20,Nebraska,Ensemble
2026-05-23,31,2,wk inc flu hosp,2026-06-06,quantile,0.99,27,Nebraska,Ensemble
2026-05-23,31,3,wk inc flu hosp,2026-06-13,quantile,0.01,0,Nebraska,Ensemble
2026-05-23,31,3,wk inc flu hosp,2026-06-13,quantile,0.025,0,Nebraska,Ensemble
2026-05-23,31,3,wk inc flu hosp,2026-06-13,quantile,0.05,0,Nebraska,Ensemble
2026-05-23,31,3,wk inc flu hosp,2026-06-13,quantile,0.1,0,Nebraska,Ensemble
2026-05-23,31,3,wk inc flu hosp,2026-06-13,quantile,0.15,0,Nebraska,Ensemble
2026-05-23,31,3,wk inc flu hosp,2026-06-13,quantile,0.2,0,Nebraska,Ensemble
2026-05-23,31,3,wk inc flu hosp,2026-06-13,quantile,0.25,0,Nebraska,Ensemble
2026-05-23,31,3,wk inc flu hosp,2026-06-13,quantile,0.3,1,Nebraska,Ensemble
2026-05-23,31,3,wk inc flu hosp,2026-06-13,quantile,0.35,1,Nebraska,Ensemble
2026-05-23,31,3,wk inc flu hosp,2026-06-13,quantile,0.4,1,Nebraska,Ensemble
2026-05-23,31,3,wk inc flu hosp,2026-06-13,quantile,0.45,1,Nebraska,Ensemble
2026-05-23,31,3,wk inc flu hosp,2026-06-13,quantile,0.5,3,Nebraska,Ensemble
2026-05-23,31,3,wk inc flu hosp,2026-06-13,quantile,0.55,3,Nebraska,Ensemble
2026-05-23,31,3,wk inc flu hosp,2026-06-13,quantile,0.6,3,Nebraska,Ensemble
2026-05-23,31,3,wk inc flu hosp,2026-06-13,quantile,0.65,4,Nebraska,Ensemble
2026-05-23,31,3,wk inc flu hosp,2026-06-13,quantile,0.7,5,Nebraska,Ensemble
2026-05-23,31,3,wk inc flu hosp,2026-06-13,quantile,0.75,6,Nebraska,Ensemble
2026-05-23,31,3,wk inc flu hosp,2026-06-13,quantile,0.8,7,Nebraska,Ensemble
2026-05-23,31,3,wk inc flu hosp,2026-06-13,quantile,0.85,8,Nebraska,Ensemble
2026-05-23,31,3,wk inc flu hosp,2026-06-13,quantile,0.9,11,Nebraska,Ensemble
2026-05-23,31,3,wk inc flu hosp,2026-06-13,quantile,0.95,18,Nebraska,Ensemble
2026-05-23,31,3,wk inc flu hosp,2026-06-13,quantile,0.975,23,Nebraska,Ensemble
2026-05-23,31,3,wk inc flu hosp,2026-06-13,quantile,0.99,33,Nebraska,Ensemble
2026-05-23,32,0,wk inc flu hosp,2026-05-23,quantile,0.01,6,Nevada,Ensemble
2026-05-23,32,0,wk inc flu hosp,2026-05-23,quantile,0.025,8,Nevada,Ensemble
2026-05-23,32,0,wk inc flu hosp,2026-05-23,quantile,0.05,10,Nevada,Ensemble
2026-05-23,32,0,wk inc flu hosp,2026-05-23,quantile,0.1,12,Nevada,Ensemble
2026-05-23,32,0,wk inc flu hosp,2026-05-23,quantile,0.15,14,Nevada,Ensemble
2026-05-23,32,0,wk inc flu hosp,2026-05-23,quantile,0.2,16,Nevada,Ensemble
2026-05-23,32,0,wk inc flu hosp,2026-05-23,quantile,0.25,17,Nevada,Ensemble
2026-05-23,32,0,wk inc flu hosp,2026-05-23,quantile,0.3,19,Nevada,Ensemble
2026-05-23,32,0,wk inc flu hosp,2026-05-23,quantile,0.35,20,Nevada,Ensemble
2026-05-23,32,0,wk inc flu hosp,2026-05-23,quantile,0.4,22,Nevada,Ensemble
2026-05-23,32,0,wk inc flu hosp,2026-05-23,quantile,0.45,23,Nevada,Ensemble
2026-05-23,32,0,wk inc flu hosp,2026-05-23,quantile,0.5,25,Nevada,Ensemble
2026-05-23,32,0,wk inc flu hosp,2026-05-23,quantile,0.55,27,Nevada,Ensemble
2026-05-23,32,0,wk inc flu hosp,2026-05-23,quantile,0.6,28,Nevada,Ensemble
2026-05-23,32,0,wk inc flu hosp,2026-05-23,quantile,0.65,30,Nevada,Ensemble
2026-05-23,32,0,wk inc flu hosp,2026-05-23,quantile,0.7,31,Nevada,Ensemble
2026-05-23,32,0,wk inc flu hosp,2026-05-23,quantile,0.75,33,Nevada,Ensemble
2026-05-23,32,0,wk inc flu hosp,2026-05-23,quantile,0.8,35,Nevada,Ensemble
2026-05-23,32,0,wk inc flu hosp,2026-05-23,quantile,0.85,38,Nevada,Ensemble
2026-05-23,32,0,wk inc flu hosp,2026-05-23,quantile,0.9,42,Nevada,Ensemble
2026-05-23,32,0,wk inc flu hosp,2026-05-23,quantile,0.95,49,Nevada,Ensemble
2026-05-23,32,0,wk inc flu hosp,2026-05-23,quantile,0.975,56,Nevada,Ensemble
2026-05-23,32,0,wk inc flu hosp,2026-05-23,quantile,0.99,67,Nevada,Ensemble
2026-05-23,32,1,wk inc flu hosp,2026-05-30,quantile,0.01,3,Nevada,Ensemble
2026-05-23,32,1,wk inc flu hosp,2026-05-30,quantile,0.025,5,Nevada,Ensemble
2026-05-23,32,1,wk inc flu hosp,2026-05-30,quantile,0.05,6,Nevada,Ensemble
2026-05-23,32,1,wk inc flu hosp,2026-05-30,quantile,0.1,8,Nevada,Ensemble
2026-05-23,32,1,wk inc flu hosp,2026-05-30,quantile,0.15,10,Nevada,Ensemble
2026-05-23,32,1,wk inc flu hosp,2026-05-30,quantile,0.2,12,Nevada,Ensemble
2026-05-23,32,1,wk inc flu hosp,2026-05-30,quantile,0.25,14,Nevada,Ensemble
2026-05-23,32,1,wk inc flu hosp,2026-05-30,quantile,0.3,15,Nevada,Ensemble
2026-05-23,32,1,wk inc flu hosp,2026-05-30,quantile,0.35,16,Nevada,Ensemble
2026-05-23,32,1,wk inc flu hosp,2026-05-30,quantile,0.4,18,Nevada,Ensemble
2026-05-23,32,1,wk inc flu hosp,2026-05-30,quantile,0.45,19,Nevada,Ensemble
2026-05-23,32,1,wk inc flu hosp,2026-05-30,quantile,0.5,22,Nevada,Ensemble
2026-05-23,32,1,wk inc flu hosp,2026-05-30,quantile,0.55,24,Nevada,Ensemble
2026-05-23,32,1,wk inc flu hosp,2026-05-30,quantile,0.6,25,Nevada,Ensemble
2026-05-23,32,1,wk inc flu hosp,2026-05-30,quantile,0.65,27,Nevada,Ensemble
2026-05-23,32,1,wk inc flu hosp,2026-05-30,quantile,0.7,29,Nevada,Ensemble
2026-05-23,32,1,wk inc flu hosp,2026-05-30,quantile,0.75,31,Nevada,Ensemble
2026-05-23,32,1,wk inc flu hosp,2026-05-30,quantile,0.8,33,Nevada,Ensemble
2026-05-23,32,1,wk inc flu hosp,2026-05-30,quantile,0.85,38,Nevada,Ensemble
2026-05-23,32,1,wk inc flu hosp,2026-05-30,quantile,0.9,42,Nevada,Ensemble
2026-05-23,32,1,wk inc flu hosp,2026-05-30,quantile,0.95,51,Nevada,Ensemble
2026-05-23,32,1,wk inc flu hosp,2026-05-30,quantile,0.975,62,Nevada,Ensemble
2026-05-23,32,1,wk inc flu hosp,2026-05-30,quantile,0.99,76,Nevada,Ensemble
2026-05-23,32,2,wk inc flu hosp,2026-06-06,quantile,0.01,2,Nevada,Ensemble
2026-05-23,32,2,wk inc flu hosp,2026-06-06,quantile,0.025,3,Nevada,Ensemble
2026-05-23,32,2,wk inc flu hosp,2026-06-06,quantile,0.05,4,Nevada,Ensemble
2026-05-23,32,2,wk inc flu hosp,2026-06-06,quantile,0.1,6,Nevada,Ensemble
2026-05-23,32,2,wk inc flu hosp,2026-06-06,quantile,0.15,7,Nevada,Ensemble
2026-05-23,32,2,wk inc flu hosp,2026-06-06,quantile,0.2,9,Nevada,Ensemble
2026-05-23,32,2,wk inc flu hosp,2026-06-06,quantile,0.25,11,Nevada,Ensemble
2026-05-23,32,2,wk inc flu hosp,2026-06-06,quantile,0.3,12,Nevada,Ensemble
2026-05-23,32,2,wk inc flu hosp,2026-06-06,quantile,0.35,13,Nevada,Ensemble
2026-05-23,32,2,wk inc flu hosp,2026-06-06,quantile,0.4,15,Nevada,Ensemble
2026-05-23,32,2,wk inc flu hosp,2026-06-06,quantile,0.45,16,Nevada,Ensemble
2026-05-23,32,2,wk inc flu hosp,2026-06-06,quantile,0.5,19,Nevada,Ensemble
2026-05-23,32,2,wk inc flu hosp,2026-06-06,quantile,0.55,20,Nevada,Ensemble
2026-05-23,32,2,wk inc flu hosp,2026-06-06,quantile,0.6,22,Nevada,Ensemble
2026-05-23,32,2,wk inc flu hosp,2026-06-06,quantile,0.65,24,Nevada,Ensemble
2026-05-23,32,2,wk inc flu hosp,2026-06-06,quantile,0.7,26,Nevada,Ensemble
2026-05-23,32,2,wk inc flu hosp,2026-06-06,quantile,0.75,28,Nevada,Ensemble
2026-05-23,32,2,wk inc flu hosp,2026-06-06,quantile,0.8,31,Nevada,Ensemble
2026-05-23,32,2,wk inc flu hosp,2026-06-06,quantile,0.85,36,Nevada,Ensemble
2026-05-23,32,2,wk inc flu hosp,2026-06-06,quantile,0.9,41,Nevada,Ensemble
2026-05-23,32,2,wk inc flu hosp,2026-06-06,quantile,0.95,53,Nevada,Ensemble
2026-05-23,32,2,wk inc flu hosp,2026-06-06,quantile,0.975,64,Nevada,Ensemble
2026-05-23,32,2,wk inc flu hosp,2026-06-06,quantile,0.99,83,Nevada,Ensemble
2026-05-23,32,3,wk inc flu hosp,2026-06-13,quantile,0.01,2,Nevada,Ensemble
2026-05-23,32,3,wk inc flu hosp,2026-06-13,quantile,0.025,2,Nevada,Ensemble
2026-05-23,32,3,wk inc flu hosp,2026-06-13,quantile,0.05,3,Nevada,Ensemble
2026-05-23,32,3,wk inc flu hosp,2026-06-13,quantile,0.1,5,Nevada,Ensemble
2026-05-23,32,3,wk inc flu hosp,2026-06-13,quantile,0.15,6,Nevada,Ensemble
2026-05-23,32,3,wk inc flu hosp,2026-06-13,quantile,0.2,7,Nevada,Ensemble
2026-05-23,32,3,wk inc flu hosp,2026-06-13,quantile,0.25,9,Nevada,Ensemble
2026-05-23,32,3,wk inc flu hosp,2026-06-13,quantile,0.3,10,Nevada,Ensemble
2026-05-23,32,3,wk inc flu hosp,2026-06-13,quantile,0.35,12,Nevada,Ensemble
2026-05-23,32,3,wk inc flu hosp,2026-06-13,quantile,0.4,13,Nevada,Ensemble
2026-05-23,32,3,wk inc flu hosp,2026-06-13,quantile,0.45,14,Nevada,Ensemble
2026-05-23,32,3,wk inc flu hosp,2026-06-13,quantile,0.5,17,Nevada,Ensemble
2026-05-23,32,3,wk inc flu hosp,2026-06-13,quantile,0.55,19,Nevada,Ensemble
2026-05-23,32,3,wk inc flu hosp,2026-06-13,quantile,0.6,20,Nevada,Ensemble
2026-05-23,32,3,wk inc flu hosp,2026-06-13,quantile,0.65,22,Nevada,Ensemble
2026-05-23,32,3,wk inc flu hosp,2026-06-13,quantile,0.7,25,Nevada,Ensemble
2026-05-23,32,3,wk inc flu hosp,2026-06-13,quantile,0.75,27,Nevada,Ensemble
2026-05-23,32,3,wk inc flu hosp,2026-06-13,quantile,0.8,30,Nevada,Ensemble
2026-05-23,32,3,wk inc flu hosp,2026-06-13,quantile,0.85,34,Nevada,Ensemble
2026-05-23,32,3,wk inc flu hosp,2026-06-13,quantile,0.9,40,Nevada,Ensemble
2026-05-23,32,3,wk inc flu hosp,2026-06-13,quantile,0.95,53,Nevada,Ensemble
2026-05-23,32,3,wk inc flu hosp,2026-06-13,quantile,0.975,66,Nevada,Ensemble
2026-05-23,32,3,wk inc flu hosp,2026-06-13,quantile,0.99,92,Nevada,Ensemble
2026-05-23,33,0,wk inc flu hosp,2026-05-23,quantile,0.01,0,New Hampshire,Ensemble
2026-05-23,33,0,wk inc flu hosp,2026-05-23,quantile,0.025,0,New Hampshire,Ensemble
2026-05-23,33,0,wk inc flu hosp,2026-05-23,quantile,0.05,0,New Hampshire,Ensemble
2026-05-23,33,0,wk inc flu hosp,2026-05-23,quantile,0.1,0,New Hampshire,Ensemble
2026-05-23,33,0,wk inc flu hosp,2026-05-23,quantile,0.15,0,New Hampshire,Ensemble
2026-05-23,33,0,wk inc flu hosp,2026-05-23,quantile,0.2,1,New Hampshire,Ensemble
2026-05-23,33,0,wk inc flu hosp,2026-05-23,quantile,0.25,1,New Hampshire,Ensemble
2026-05-23,33,0,wk inc flu hosp,2026-05-23,quantile,0.3,1,New Hampshire,Ensemble
2026-05-23,33,0,wk inc flu hosp,2026-05-23,quantile,0.35,2,New Hampshire,Ensemble
2026-05-23,33,0,wk inc flu hosp,2026-05-23,quantile,0.4,2,New Hampshire,Ensemble
2026-05-23,33,0,wk inc flu hosp,2026-05-23,quantile,0.45,2,New Hampshire,Ensemble
2026-05-23,33,0,wk inc flu hosp,2026-05-23,quantile,0.5,4,New Hampshire,Ensemble
2026-05-23,33,0,wk inc flu hosp,2026-05-23,quantile,0.55,4,New Hampshire,Ensemble
2026-05-23,33,0,wk inc flu hosp,2026-05-23,quantile,0.6,4,New Hampshire,Ensemble
2026-05-23,33,0,wk inc flu hosp,2026-05-23,quantile,0.65,5,New Hampshire,Ensemble
2026-05-23,33,0,wk inc flu hosp,2026-05-23,quantile,0.7,5,New Hampshire,Ensemble
2026-05-23,33,0,wk inc flu hosp,2026-05-23,quantile,0.75,6,New Hampshire,Ensemble
2026-05-23,33,0,wk inc flu hosp,2026-05-23,quantile,0.8,6,New Hampshire,Ensemble
2026-05-23,33,0,wk inc flu hosp,2026-05-23,quantile,0.85,7,New Hampshire,Ensemble
2026-05-23,33,0,wk inc flu hosp,2026-05-23,quantile,0.9,9,New Hampshire,Ensemble
2026-05-23,33,0,wk inc flu hosp,2026-05-23,quantile,0.95,11,New Hampshire,Ensemble
2026-05-23,33,0,wk inc flu hosp,2026-05-23,quantile,0.975,13,New Hampshire,Ensemble
2026-05-23,33,0,wk inc flu hosp,2026-05-23,quantile,0.99,17,New Hampshire,Ensemble
2026-05-23,33,1,wk inc flu hosp,2026-05-30,quantile,0.01,0,New Hampshire,Ensemble
2026-05-23,33,1,wk inc flu hosp,2026-05-30,quantile,0.025,0,New Hampshire,Ensemble
2026-05-23,33,1,wk inc flu hosp,2026-05-30,quantile,0.05,0,New Hampshire,Ensemble
2026-05-23,33,1,wk inc flu hosp,2026-05-30,quantile,0.1,0,New Hampshire,Ensemble
2026-05-23,33,1,wk inc flu hosp,2026-05-30,quantile,0.15,0,New Hampshire,Ensemble
2026-05-23,33,1,wk inc flu hosp,2026-05-30,quantile,0.2,1,New Hampshire,Ensemble
2026-05-23,33,1,wk inc flu hosp,2026-05-30,quantile,0.25,1,New Hampshire,Ensemble
2026-05-23,33,1,wk inc flu hosp,2026-05-30,quantile,0.3,1,New Hampshire,Ensemble
2026-05-23,33,1,wk inc flu hosp,2026-05-30,quantile,0.35,1,New Hampshire,Ensemble
2026-05-23,33,1,wk inc flu hosp,2026-05-30,quantile,0.4,2,New Hampshire,Ensemble
2026-05-23,33,1,wk inc flu hosp,2026-05-30,quantile,0.45,2,New Hampshire,Ensemble
2026-05-23,33,1,wk inc flu hosp,2026-05-30,quantile,0.5,3,New Hampshire,Ensemble
2026-05-23,33,1,wk inc flu hosp,2026-05-30,quantile,0.55,4,New Hampshire,Ensemble
2026-05-23,33,1,wk inc flu hosp,2026-05-30,quantile,0.6,4,New Hampshire,Ensemble
2026-05-23,33,1,wk inc flu hosp,2026-05-30,quantile,0.65,5,New Hampshire,Ensemble
2026-05-23,33,1,wk inc flu hosp,2026-05-30,quantile,0.7,5,New Hampshire,Ensemble
2026-05-23,33,1,wk inc flu hosp,2026-05-30,quantile,0.75,6,New Hampshire,Ensemble
2026-05-23,33,1,wk inc flu hosp,2026-05-30,quantile,0.8,7,New Hampshire,Ensemble
2026-05-23,33,1,wk inc flu hosp,2026-05-30,quantile,0.85,8,New Hampshire,Ensemble
2026-05-23,33,1,wk inc flu hosp,2026-05-30,quantile,0.9,10,New Hampshire,Ensemble
2026-05-23,33,1,wk inc flu hosp,2026-05-30,quantile,0.95,14,New Hampshire,Ensemble
2026-05-23,33,1,wk inc flu hosp,2026-05-30,quantile,0.975,19,New Hampshire,Ensemble
2026-05-23,33,1,wk inc flu hosp,2026-05-30,quantile,0.99,26,New Hampshire,Ensemble
2026-05-23,33,2,wk inc flu hosp,2026-06-06,quantile,0.01,0,New Hampshire,Ensemble
2026-05-23,33,2,wk inc flu hosp,2026-06-06,quantile,0.025,0,New Hampshire,Ensemble
2026-05-23,33,2,wk inc flu hosp,2026-06-06,quantile,0.05,0,New Hampshire,Ensemble
2026-05-23,33,2,wk inc flu hosp,2026-06-06,quantile,0.1,0,New Hampshire,Ensemble
2026-05-23,33,2,wk inc flu hosp,2026-06-06,quantile,0.15,0,New Hampshire,Ensemble
2026-05-23,33,2,wk inc flu hosp,2026-06-06,quantile,0.2,0,New Hampshire,Ensemble
2026-05-23,33,2,wk inc flu hosp,2026-06-06,quantile,0.25,1,New Hampshire,Ensemble
2026-05-23,33,2,wk inc flu hosp,2026-06-06,quantile,0.3,1,New Hampshire,Ensemble
2026-05-23,33,2,wk inc flu hosp,2026-06-06,quantile,0.35,1,New Hampshire,Ensemble
2026-05-23,33,2,wk inc flu hosp,2026-06-06,quantile,0.4,1,New Hampshire,Ensemble
2026-05-23,33,2,wk inc flu hosp,2026-06-06,quantile,0.45,2,New Hampshire,Ensemble
2026-05-23,33,2,wk inc flu hosp,2026-06-06,quantile,0.5,3,New Hampshire,Ensemble
2026-05-23,33,2,wk inc flu hosp,2026-06-06,quantile,0.55,3,New Hampshire,Ensemble
2026-05-23,33,2,wk inc flu hosp,2026-06-06,quantile,0.6,4,New Hampshire,Ensemble
2026-05-23,33,2,wk inc flu hosp,2026-06-06,quantile,0.65,5,New Hampshire,Ensemble
2026-05-23,33,2,wk inc flu hosp,2026-06-06,quantile,0.7,5,New Hampshire,Ensemble
2026-05-23,33,2,wk inc flu hosp,2026-06-06,quantile,0.75,6,New Hampshire,Ensemble
2026-05-23,33,2,wk inc flu hosp,2026-06-06,quantile,0.8,7,New Hampshire,Ensemble
2026-05-23,33,2,wk inc flu hosp,2026-06-06,quantile,0.85,9,New Hampshire,Ensemble
2026-05-23,33,2,wk inc flu hosp,2026-06-06,quantile,0.9,11,New Hampshire,Ensemble
2026-05-23,33,2,wk inc flu hosp,2026-06-06,quantile,0.95,16,New Hampshire,Ensemble
2026-05-23,33,2,wk inc flu hosp,2026-06-06,quantile,0.975,21,New Hampshire,Ensemble
2026-05-23,33,2,wk inc flu hosp,2026-06-06,quantile,0.99,30,New Hampshire,Ensemble
2026-05-23,33,3,wk inc flu hosp,2026-06-13,quantile,0.01,0,New Hampshire,Ensemble
2026-05-23,33,3,wk inc flu hosp,2026-06-13,quantile,0.025,0,New Hampshire,Ensemble
2026-05-23,33,3,wk inc flu hosp,2026-06-13,quantile,0.05,0,New Hampshire,Ensemble
2026-05-23,33,3,wk inc flu hosp,2026-06-13,quantile,0.1,0,New Hampshire,Ensemble
2026-05-23,33,3,wk inc flu hosp,2026-06-13,quantile,0.15,0,New Hampshire,Ensemble
2026-05-23,33,3,wk inc flu hosp,2026-06-13,quantile,0.2,0,New Hampshire,Ensemble
2026-05-23,33,3,wk inc flu hosp,2026-06-13,quantile,0.25,0,New Hampshire,Ensemble
2026-05-23,33,3,wk inc flu hosp,2026-06-13,quantile,0.3,1,New Hampshire,Ensemble
2026-05-23,33,3,wk inc flu hosp,2026-06-13,quantile,0.35,1,New Hampshire,Ensemble
2026-05-23,33,3,wk inc flu hosp,2026-06-13,quantile,0.4,1,New Hampshire,Ensemble
2026-05-23,33,3,wk inc flu hosp,2026-06-13,quantile,0.45,2,New Hampshire,Ensemble
2026-05-23,33,3,wk inc flu hosp,2026-06-13,quantile,0.5,3,New Hampshire,Ensemble
2026-05-23,33,3,wk inc flu hosp,2026-06-13,quantile,0.55,3,New Hampshire,Ensemble
2026-05-23,33,3,wk inc flu hosp,2026-06-13,quantile,0.6,4,New Hampshire,Ensemble
2026-05-23,33,3,wk inc flu hosp,2026-06-13,quantile,0.65,5,New Hampshire,Ensemble
2026-05-23,33,3,wk inc flu hosp,2026-06-13,quantile,0.7,6,New Hampshire,Ensemble
2026-05-23,33,3,wk inc flu hosp,2026-06-13,quantile,0.75,7,New Hampshire,Ensemble
2026-05-23,33,3,wk inc flu hosp,2026-06-13,quantile,0.8,8,New Hampshire,Ensemble
2026-05-23,33,3,wk inc flu hosp,2026-06-13,quantile,0.85,10,New Hampshire,Ensemble
2026-05-23,33,3,wk inc flu hosp,2026-06-13,quantile,0.9,12,New Hampshire,Ensemble
2026-05-23,33,3,wk inc flu hosp,2026-06-13,quantile,0.95,18,New Hampshire,Ensemble
2026-05-23,33,3,wk inc flu hosp,2026-06-13,quantile,0.975,25,New Hampshire,Ensemble
2026-05-23,33,3,wk inc flu hosp,2026-06-13,quantile,0.99,36,New Hampshire,Ensemble
2026-05-23,34,0,wk inc flu hosp,2026-05-23,quantile,0.01,8,New Jersey,Ensemble
2026-05-23,34,0,wk inc flu hosp,2026-05-23,quantile,0.025,10,New Jersey,Ensemble
2026-05-23,34,0,wk inc flu hosp,2026-05-23,quantile,0.05,13,New Jersey,Ensemble
2026-05-23,34,0,wk inc flu hosp,2026-05-23,quantile,0.1,17,New Jersey,Ensemble
2026-05-23,34,0,wk inc flu hosp,2026-05-23,quantile,0.15,19,New Jersey,Ensemble
2026-05-23,34,0,wk inc flu hosp,2026-05-23,quantile,0.2,21,New Jersey,Ensemble
2026-05-23,34,0,wk inc flu hosp,2026-05-23,quantile,0.25,23,New Jersey,Ensemble
2026-05-23,34,0,wk inc flu hosp,2026-05-23,quantile,0.3,25,New Jersey,Ensemble
2026-05-23,34,0,wk inc flu hosp,2026-05-23,quantile,0.35,27,New Jersey,Ensemble
2026-05-23,34,0,wk inc flu hosp,2026-05-23,quantile,0.4,29,New Jersey,Ensemble
2026-05-23,34,0,wk inc flu hosp,2026-05-23,quantile,0.45,31,New Jersey,Ensemble
2026-05-23,34,0,wk inc flu hosp,2026-05-23,quantile,0.5,35,New Jersey,Ensemble
2026-05-23,34,0,wk inc flu hosp,2026-05-23,quantile,0.55,37,New Jersey,Ensemble
2026-05-23,34,0,wk inc flu hosp,2026-05-23,quantile,0.6,39,New Jersey,Ensemble
2026-05-23,34,0,wk inc flu hosp,2026-05-23,quantile,0.65,41,New Jersey,Ensemble
2026-05-23,34,0,wk inc flu hosp,2026-05-23,quantile,0.7,44,New Jersey,Ensemble
2026-05-23,34,0,wk inc flu hosp,2026-05-23,quantile,0.75,47,New Jersey,Ensemble
2026-05-23,34,0,wk inc flu hosp,2026-05-23,quantile,0.8,50,New Jersey,Ensemble
2026-05-23,34,0,wk inc flu hosp,2026-05-23,quantile,0.85,55,New Jersey,Ensemble
2026-05-23,34,0,wk inc flu hosp,2026-05-23,quantile,0.9,62,New Jersey,Ensemble
2026-05-23,34,0,wk inc flu hosp,2026-05-23,quantile,0.95,76,New Jersey,Ensemble
2026-05-23,34,0,wk inc flu hosp,2026-05-23,quantile,0.975,97,New Jersey,Ensemble
2026-05-23,34,0,wk inc flu hosp,2026-05-23,quantile,0.99,122,New Jersey,Ensemble
2026-05-23,34,1,wk inc flu hosp,2026-05-30,quantile,0.01,5,New Jersey,Ensemble
2026-05-23,34,1,wk inc flu hosp,2026-05-30,quantile,0.025,7,New Jersey,Ensemble
2026-05-23,34,1,wk inc flu hosp,2026-05-30,quantile,0.05,9,New Jersey,Ensemble
2026-05-23,34,1,wk inc flu hosp,2026-05-30,quantile,0.1,12,New Jersey,Ensemble
2026-05-23,34,1,wk inc flu hosp,2026-05-30,quantile,0.15,14,New Jersey,Ensemble
2026-05-23,34,1,wk inc flu hosp,2026-05-30,quantile,0.2,17,New Jersey,Ensemble
2026-05-23,34,1,wk inc flu hosp,2026-05-30,quantile,0.25,19,New Jersey,Ensemble
2026-05-23,34,1,wk inc flu hosp,2026-05-30,quantile,0.3,21,New Jersey,Ensemble
2026-05-23,34,1,wk inc flu hosp,2026-05-30,quantile,0.35,23,New Jersey,Ensemble
2026-05-23,34,1,wk inc flu hosp,2026-05-30,quantile,0.4,25,New Jersey,Ensemble
2026-05-23,34,1,wk inc flu hosp,2026-05-30,quantile,0.45,28,New Jersey,Ensemble
2026-05-23,34,1,wk inc flu hosp,2026-05-30,quantile,0.5,32,New Jersey,Ensemble
2026-05-23,34,1,wk inc flu hosp,2026-05-30,quantile,0.55,34,New Jersey,Ensemble
2026-05-23,34,1,wk inc flu hosp,2026-05-30,quantile,0.6,37,New Jersey,Ensemble
2026-05-23,34,1,wk inc flu hosp,2026-05-30,quantile,0.65,40,New Jersey,Ensemble
2026-05-23,34,1,wk inc flu hosp,2026-05-30,quantile,0.7,43,New Jersey,Ensemble
2026-05-23,34,1,wk inc flu hosp,2026-05-30,quantile,0.75,48,New Jersey,Ensemble
2026-05-23,34,1,wk inc flu hosp,2026-05-30,quantile,0.8,52,New Jersey,Ensemble
2026-05-23,34,1,wk inc flu hosp,2026-05-30,quantile,0.85,59,New Jersey,Ensemble
2026-05-23,34,1,wk inc flu hosp,2026-05-30,quantile,0.9,68,New Jersey,Ensemble
2026-05-23,34,1,wk inc flu hosp,2026-05-30,quantile,0.95,86,New Jersey,Ensemble
2026-05-23,34,1,wk inc flu hosp,2026-05-30,quantile,0.975,112,New Jersey,Ensemble
2026-05-23,34,1,wk inc flu hosp,2026-05-30,quantile,0.99,170,New Jersey,Ensemble
2026-05-23,34,2,wk inc flu hosp,2026-06-06,quantile,0.01,4,New Jersey,Ensemble
2026-05-23,34,2,wk inc flu hosp,2026-06-06,quantile,0.025,5,New Jersey,Ensemble
2026-05-23,34,2,wk inc flu hosp,2026-06-06,quantile,0.05,7,New Jersey,Ensemble
2026-05-23,34,2,wk inc flu hosp,2026-06-06,quantile,0.1,10,New Jersey,Ensemble
2026-05-23,34,2,wk inc flu hosp,2026-06-06,quantile,0.15,12,New Jersey,Ensemble
2026-05-23,34,2,wk inc flu hosp,2026-06-06,quantile,0.2,14,New Jersey,Ensemble
2026-05-23,34,2,wk inc flu hosp,2026-06-06,quantile,0.25,15,New Jersey,Ensemble
2026-05-23,34,2,wk inc flu hosp,2026-06-06,quantile,0.3,18,New Jersey,Ensemble
2026-05-23,34,2,wk inc flu hosp,2026-06-06,quantile,0.35,20,New Jersey,Ensemble
2026-05-23,34,2,wk inc flu hosp,2026-06-06,quantile,0.4,22,New Jersey,Ensemble
2026-05-23,34,2,wk inc flu hosp,2026-06-06,quantile,0.45,25,New Jersey,Ensemble
2026-05-23,34,2,wk inc flu hosp,2026-06-06,quantile,0.5,29,New Jersey,Ensemble
2026-05-23,34,2,wk inc flu hosp,2026-06-06,quantile,0.55,32,New Jersey,Ensemble
2026-05-23,34,2,wk inc flu hosp,2026-06-06,quantile,0.6,35,New Jersey,Ensemble
2026-05-23,34,2,wk inc flu hosp,2026-06-06,quantile,0.65,39,New Jersey,Ensemble
2026-05-23,34,2,wk inc flu hosp,2026-06-06,quantile,0.7,42,New Jersey,Ensemble
2026-05-23,34,2,wk inc flu hosp,2026-06-06,quantile,0.75,49,New Jersey,Ensemble
2026-05-23,34,2,wk inc flu hosp,2026-06-06,quantile,0.8,55,New Jersey,Ensemble
2026-05-23,34,2,wk inc flu hosp,2026-06-06,quantile,0.85,63,New Jersey,Ensemble
2026-05-23,34,2,wk inc flu hosp,2026-06-06,quantile,0.9,75,New Jersey,Ensemble
2026-05-23,34,2,wk inc flu hosp,2026-06-06,quantile,0.95,99,New Jersey,Ensemble
2026-05-23,34,2,wk inc flu hosp,2026-06-06,quantile,0.975,127,New Jersey,Ensemble
2026-05-23,34,2,wk inc flu hosp,2026-06-06,quantile,0.99,191,New Jersey,Ensemble
2026-05-23,34,3,wk inc flu hosp,2026-06-13,quantile,0.01,3,New Jersey,Ensemble
2026-05-23,34,3,wk inc flu hosp,2026-06-13,quantile,0.025,4,New Jersey,Ensemble
2026-05-23,34,3,wk inc flu hosp,2026-06-13,quantile,0.05,5,New Jersey,Ensemble
2026-05-23,34,3,wk inc flu hosp,2026-06-13,quantile,0.1,8,New Jersey,Ensemble
2026-05-23,34,3,wk inc flu hosp,2026-06-13,quantile,0.15,10,New Jersey,Ensemble
2026-05-23,34,3,wk inc flu hosp,2026-06-13,quantile,0.2,12,New Jersey,Ensemble
2026-05-23,34,3,wk inc flu hosp,2026-06-13,quantile,0.25,13,New Jersey,Ensemble
2026-05-23,34,3,wk inc flu hosp,2026-06-13,quantile,0.3,15,New Jersey,Ensemble
2026-05-23,34,3,wk inc flu hosp,2026-06-13,quantile,0.35,17,New Jersey,Ensemble
2026-05-23,34,3,wk inc flu hosp,2026-06-13,quantile,0.4,19,New Jersey,Ensemble
2026-05-23,34,3,wk inc flu hosp,2026-06-13,quantile,0.45,22,New Jersey,Ensemble
2026-05-23,34,3,wk inc flu hosp,2026-06-13,quantile,0.5,26,New Jersey,Ensemble
2026-05-23,34,3,wk inc flu hosp,2026-06-13,quantile,0.55,30,New Jersey,Ensemble
2026-05-23,34,3,wk inc flu hosp,2026-06-13,quantile,0.6,34,New Jersey,Ensemble
2026-05-23,34,3,wk inc flu hosp,2026-06-13,quantile,0.65,38,New Jersey,Ensemble
2026-05-23,34,3,wk inc flu hosp,2026-06-13,quantile,0.7,43,New Jersey,Ensemble
2026-05-23,34,3,wk inc flu hosp,2026-06-13,quantile,0.75,49,New Jersey,Ensemble
2026-05-23,34,3,wk inc flu hosp,2026-06-13,quantile,0.8,57,New Jersey,Ensemble
2026-05-23,34,3,wk inc flu hosp,2026-06-13,quantile,0.85,68,New Jersey,Ensemble
2026-05-23,34,3,wk inc flu hosp,2026-06-13,quantile,0.9,82,New Jersey,Ensemble
2026-05-23,34,3,wk inc flu hosp,2026-06-13,quantile,0.95,113,New Jersey,Ensemble
2026-05-23,34,3,wk inc flu hosp,2026-06-13,quantile,0.975,168,New Jersey,Ensemble
2026-05-23,34,3,wk inc flu hosp,2026-06-13,quantile,0.99,231,New Jersey,Ensemble
2026-05-23,35,0,wk inc flu hosp,2026-05-23,quantile,0.01,0,New Mexico,Ensemble
2026-05-23,35,0,wk inc flu hosp,2026-05-23,quantile,0.025,0,New Mexico,Ensemble
2026-05-23,35,0,wk inc flu hosp,2026-05-23,quantile,0.05,0,New Mexico,Ensemble
2026-05-23,35,0,wk inc flu hosp,2026-05-23,quantile,0.1,0,New Mexico,Ensemble
2026-05-23,35,0,wk inc flu hosp,2026-05-23,quantile,0.15,1,New Mexico,Ensemble
2026-05-23,35,0,wk inc flu hosp,2026-05-23,quantile,0.2,1,New Mexico,Ensemble
2026-05-23,35,0,wk inc flu hosp,2026-05-23,quantile,0.25,2,New Mexico,Ensemble
2026-05-23,35,0,wk inc flu hosp,2026-05-23,quantile,0.3,2,New Mexico,Ensemble
2026-05-23,35,0,wk inc flu hosp,2026-05-23,quantile,0.35,2,New Mexico,Ensemble
2026-05-23,35,0,wk inc flu hosp,2026-05-23,quantile,0.4,3,New Mexico,Ensemble
2026-05-23,35,0,wk inc flu hosp,2026-05-23,quantile,0.45,3,New Mexico,Ensemble
2026-05-23,35,0,wk inc flu hosp,2026-05-23,quantile,0.5,5,New Mexico,Ensemble
2026-05-23,35,0,wk inc flu hosp,2026-05-23,quantile,0.55,5,New Mexico,Ensemble
2026-05-23,35,0,wk inc flu hosp,2026-05-23,quantile,0.6,6,New Mexico,Ensemble
2026-05-23,35,0,wk inc flu hosp,2026-05-23,quantile,0.65,6,New Mexico,Ensemble
2026-05-23,35,0,wk inc flu hosp,2026-05-23,quantile,0.7,7,New Mexico,Ensemble
2026-05-23,35,0,wk inc flu hosp,2026-05-23,quantile,0.75,8,New Mexico,Ensemble
2026-05-23,35,0,wk inc flu hosp,2026-05-23,quantile,0.8,9,New Mexico,Ensemble
2026-05-23,35,0,wk inc flu hosp,2026-05-23,quantile,0.85,11,New Mexico,Ensemble
2026-05-23,35,0,wk inc flu hosp,2026-05-23,quantile,0.9,13,New Mexico,Ensemble
2026-05-23,35,0,wk inc flu hosp,2026-05-23,quantile,0.95,16,New Mexico,Ensemble
2026-05-23,35,0,wk inc flu hosp,2026-05-23,quantile,0.975,21,New Mexico,Ensemble
2026-05-23,35,0,wk inc flu hosp,2026-05-23,quantile,0.99,27,New Mexico,Ensemble
2026-05-23,35,1,wk inc flu hosp,2026-05-30,quantile,0.01,0,New Mexico,Ensemble
2026-05-23,35,1,wk inc flu hosp,2026-05-30,quantile,0.025,0,New Mexico,Ensemble
2026-05-23,35,1,wk inc flu hosp,2026-05-30,quantile,0.05,0,New Mexico,Ensemble
2026-05-23,35,1,wk inc flu hosp,2026-05-30,quantile,0.1,0,New Mexico,Ensemble
2026-05-23,35,1,wk inc flu hosp,2026-05-30,quantile,0.15,0,New Mexico,Ensemble
2026-05-23,35,1,wk inc flu hosp,2026-05-30,quantile,0.2,1,New Mexico,Ensemble
2026-05-23,35,1,wk inc flu hosp,2026-05-30,quantile,0.25,1,New Mexico,Ensemble
2026-05-23,35,1,wk inc flu hosp,2026-05-30,quantile,0.3,2,New Mexico,Ensemble
2026-05-23,35,1,wk inc flu hosp,2026-05-30,quantile,0.35,2,New Mexico,Ensemble
2026-05-23,35,1,wk inc flu hosp,2026-05-30,quantile,0.4,2,New Mexico,Ensemble
2026-05-23,35,1,wk inc flu hosp,2026-05-30,quantile,0.45,3,New Mexico,Ensemble
2026-05-23,35,1,wk inc flu hosp,2026-05-30,quantile,0.5,4,New Mexico,Ensemble
2026-05-23,35,1,wk inc flu hosp,2026-05-30,quantile,0.55,5,New Mexico,Ensemble
2026-05-23,35,1,wk inc flu hosp,2026-05-30,quantile,0.6,6,New Mexico,Ensemble
2026-05-23,35,1,wk inc flu hosp,2026-05-30,quantile,0.65,6,New Mexico,Ensemble
2026-05-23,35,1,wk inc flu hosp,2026-05-30,quantile,0.7,7,New Mexico,Ensemble
2026-05-23,35,1,wk inc flu hosp,2026-05-30,quantile,0.75,8,New Mexico,Ensemble
2026-05-23,35,1,wk inc flu hosp,2026-05-30,quantile,0.8,10,New Mexico,Ensemble
2026-05-23,35,1,wk inc flu hosp,2026-05-30,quantile,0.85,11,New Mexico,Ensemble
2026-05-23,35,1,wk inc flu hosp,2026-05-30,quantile,0.9,14,New Mexico,Ensemble
2026-05-23,35,1,wk inc flu hosp,2026-05-30,quantile,0.95,20,New Mexico,Ensemble
2026-05-23,35,1,wk inc flu hosp,2026-05-30,quantile,0.975,27,New Mexico,Ensemble
2026-05-23,35,1,wk inc flu hosp,2026-05-30,quantile,0.99,40,New Mexico,Ensemble
2026-05-23,35,2,wk inc flu hosp,2026-06-06,quantile,0.01,0,New Mexico,Ensemble
2026-05-23,35,2,wk inc flu hosp,2026-06-06,quantile,0.025,0,New Mexico,Ensemble
2026-05-23,35,2,wk inc flu hosp,2026-06-06,quantile,0.05,0,New Mexico,Ensemble
2026-05-23,35,2,wk inc flu hosp,2026-06-06,quantile,0.1,0,New Mexico,Ensemble
2026-05-23,35,2,wk inc flu hosp,2026-06-06,quantile,0.15,0,New Mexico,Ensemble
2026-05-23,35,2,wk inc flu hosp,2026-06-06,quantile,0.2,1,New Mexico,Ensemble
2026-05-23,35,2,wk inc flu hosp,2026-06-06,quantile,0.25,1,New Mexico,Ensemble
2026-05-23,35,2,wk inc flu hosp,2026-06-06,quantile,0.3,1,New Mexico,Ensemble
2026-05-23,35,2,wk inc flu hosp,2026-06-06,quantile,0.35,2,New Mexico,Ensemble
2026-05-23,35,2,wk inc flu hosp,2026-06-06,quantile,0.4,2,New Mexico,Ensemble
2026-05-23,35,2,wk inc flu hosp,2026-06-06,quantile,0.45,3,New Mexico,Ensemble
2026-05-23,35,2,wk inc flu hosp,2026-06-06,quantile,0.5,4,New Mexico,Ensemble
2026-05-23,35,2,wk inc flu hosp,2026-06-06,quantile,0.55,5,New Mexico,Ensemble
2026-05-23,35,2,wk inc flu hosp,2026-06-06,quantile,0.6,5,New Mexico,Ensemble
2026-05-23,35,2,wk inc flu hosp,2026-06-06,quantile,0.65,6,New Mexico,Ensemble
2026-05-23,35,2,wk inc flu hosp,2026-06-06,quantile,0.7,7,New Mexico,Ensemble
2026-05-23,35,2,wk inc flu hosp,2026-06-06,quantile,0.75,9,New Mexico,Ensemble
2026-05-23,35,2,wk inc flu hosp,2026-06-06,quantile,0.8,10,New Mexico,Ensemble
2026-05-23,35,2,wk inc flu hosp,2026-06-06,quantile,0.85,12,New Mexico,Ensemble
2026-05-23,35,2,wk inc flu hosp,2026-06-06,quantile,0.9,15,New Mexico,Ensemble
2026-05-23,35,2,wk inc flu hosp,2026-06-06,quantile,0.95,22,New Mexico,Ensemble
2026-05-23,35,2,wk inc flu hosp,2026-06-06,quantile,0.975,31,New Mexico,Ensemble
2026-05-23,35,2,wk inc flu hosp,2026-06-06,quantile,0.99,44,New Mexico,Ensemble
2026-05-23,35,3,wk inc flu hosp,2026-06-13,quantile,0.01,0,New Mexico,Ensemble
2026-05-23,35,3,wk inc flu hosp,2026-06-13,quantile,0.025,0,New Mexico,Ensemble
2026-05-23,35,3,wk inc flu hosp,2026-06-13,quantile,0.05,0,New Mexico,Ensemble
2026-05-23,35,3,wk inc flu hosp,2026-06-13,quantile,0.1,0,New Mexico,Ensemble
2026-05-23,35,3,wk inc flu hosp,2026-06-13,quantile,0.15,0,New Mexico,Ensemble
2026-05-23,35,3,wk inc flu hosp,2026-06-13,quantile,0.2,0,New Mexico,Ensemble
2026-05-23,35,3,wk inc flu hosp,2026-06-13,quantile,0.25,1,New Mexico,Ensemble
2026-05-23,35,3,wk inc flu hosp,2026-06-13,quantile,0.3,1,New Mexico,Ensemble
2026-05-23,35,3,wk inc flu hosp,2026-06-13,quantile,0.35,1,New Mexico,Ensemble
2026-05-23,35,3,wk inc flu hosp,2026-06-13,quantile,0.4,2,New Mexico,Ensemble
2026-05-23,35,3,wk inc flu hosp,2026-06-13,quantile,0.45,2,New Mexico,Ensemble
2026-05-23,35,3,wk inc flu hosp,2026-06-13,quantile,0.5,4,New Mexico,Ensemble
2026-05-23,35,3,wk inc flu hosp,2026-06-13,quantile,0.55,4,New Mexico,Ensemble
2026-05-23,35,3,wk inc flu hosp,2026-06-13,quantile,0.6,5,New Mexico,Ensemble
2026-05-23,35,3,wk inc flu hosp,2026-06-13,quantile,0.65,6,New Mexico,Ensemble
2026-05-23,35,3,wk inc flu hosp,2026-06-13,quantile,0.7,7,New Mexico,Ensemble
2026-05-23,35,3,wk inc flu hosp,2026-06-13,quantile,0.75,9,New Mexico,Ensemble
2026-05-23,35,3,wk inc flu hosp,2026-06-13,quantile,0.8,11,New Mexico,Ensemble
2026-05-23,35,3,wk inc flu hosp,2026-06-13,quantile,0.85,13,New Mexico,Ensemble
2026-05-23,35,3,wk inc flu hosp,2026-06-13,quantile,0.9,17,New Mexico,Ensemble
2026-05-23,35,3,wk inc flu hosp,2026-06-13,quantile,0.95,25,New Mexico,Ensemble
2026-05-23,35,3,wk inc flu hosp,2026-06-13,quantile,0.975,34,New Mexico,Ensemble
2026-05-23,35,3,wk inc flu hosp,2026-06-13,quantile,0.99,57,New Mexico,Ensemble
2026-05-23,36,0,wk inc flu hosp,2026-05-23,quantile,0.01,8,New York,Ensemble
2026-05-23,36,0,wk inc flu hosp,2026-05-23,quantile,0.025,10,New York,Ensemble
2026-05-23,36,0,wk inc flu hosp,2026-05-23,quantile,0.05,12,New York,Ensemble
2026-05-23,36,0,wk inc flu hosp,2026-05-23,quantile,0.1,15,New York,Ensemble
2026-05-23,36,0,wk inc flu hosp,2026-05-23,quantile,0.15,18,New York,Ensemble
2026-05-23,36,0,wk inc flu hosp,2026-05-23,quantile,0.2,21,New York,Ensemble
2026-05-23,36,0,wk inc flu hosp,2026-05-23,quantile,0.25,23,New York,Ensemble
2026-05-23,36,0,wk inc flu hosp,2026-05-23,quantile,0.3,26,New York,Ensemble
2026-05-23,36,0,wk inc flu hosp,2026-05-23,quantile,0.35,29,New York,Ensemble
2026-05-23,36,0,wk inc flu hosp,2026-05-23,quantile,0.4,31,New York,Ensemble
2026-05-23,36,0,wk inc flu hosp,2026-05-23,quantile,0.45,34,New York,Ensemble
2026-05-23,36,0,wk inc flu hosp,2026-05-23,quantile,0.5,38,New York,Ensemble
2026-05-23,36,0,wk inc flu hosp,2026-05-23,quantile,0.55,42,New York,Ensemble
2026-05-23,36,0,wk inc flu hosp,2026-05-23,quantile,0.6,45,New York,Ensemble
2026-05-23,36,0,wk inc flu hosp,2026-05-23,quantile,0.65,49,New York,Ensemble
2026-05-23,36,0,wk inc flu hosp,2026-05-23,quantile,0.7,53,New York,Ensemble
2026-05-23,36,0,wk inc flu hosp,2026-05-23,quantile,0.75,58,New York,Ensemble
2026-05-23,36,0,wk inc flu hosp,2026-05-23,quantile,0.8,64,New York,Ensemble
2026-05-23,36,0,wk inc flu hosp,2026-05-23,quantile,0.85,72,New York,Ensemble
2026-05-23,36,0,wk inc flu hosp,2026-05-23,quantile,0.9,84,New York,Ensemble
2026-05-23,36,0,wk inc flu hosp,2026-05-23,quantile,0.95,104,New York,Ensemble
2026-05-23,36,0,wk inc flu hosp,2026-05-23,quantile,0.975,128,New York,Ensemble
2026-05-23,36,0,wk inc flu hosp,2026-05-23,quantile,0.99,185,New York,Ensemble
2026-05-23,36,1,wk inc flu hosp,2026-05-30,quantile,0.01,6,New York,Ensemble
2026-05-23,36,1,wk inc flu hosp,2026-05-30,quantile,0.025,7,New York,Ensemble
2026-05-23,36,1,wk inc flu hosp,2026-05-30,quantile,0.05,9,New York,Ensemble
2026-05-23,36,1,wk inc flu hosp,2026-05-30,quantile,0.1,12,New York,Ensemble
2026-05-23,36,1,wk inc flu hosp,2026-05-30,quantile,0.15,15,New York,Ensemble
2026-05-23,36,1,wk inc flu hosp,2026-05-30,quantile,0.2,17,New York,Ensemble
2026-05-23,36,1,wk inc flu hosp,2026-05-30,quantile,0.25,19,New York,Ensemble
2026-05-23,36,1,wk inc flu hosp,2026-05-30,quantile,0.3,21,New York,Ensemble
2026-05-23,36,1,wk inc flu hosp,2026-05-30,quantile,0.35,24,New York,Ensemble
2026-05-23,36,1,wk inc flu hosp,2026-05-30,quantile,0.4,27,New York,Ensemble
2026-05-23,36,1,wk inc flu hosp,2026-05-30,quantile,0.45,30,New York,Ensemble
2026-05-23,36,1,wk inc flu hosp,2026-05-30,quantile,0.5,34,New York,Ensemble
2026-05-23,36,1,wk inc flu hosp,2026-05-30,quantile,0.55,39,New York,Ensemble
2026-05-23,36,1,wk inc flu hosp,2026-05-30,quantile,0.6,43,New York,Ensemble
2026-05-23,36,1,wk inc flu hosp,2026-05-30,quantile,0.65,48,New York,Ensemble
2026-05-23,36,1,wk inc flu hosp,2026-05-30,quantile,0.7,54,New York,Ensemble
2026-05-23,36,1,wk inc flu hosp,2026-05-30,quantile,0.75,59,New York,Ensemble
2026-05-23,36,1,wk inc flu hosp,2026-05-30,quantile,0.8,67,New York,Ensemble
2026-05-23,36,1,wk inc flu hosp,2026-05-30,quantile,0.85,77,New York,Ensemble
2026-05-23,36,1,wk inc flu hosp,2026-05-30,quantile,0.9,93,New York,Ensemble
2026-05-23,36,1,wk inc flu hosp,2026-05-30,quantile,0.95,125,New York,Ensemble
2026-05-23,36,1,wk inc flu hosp,2026-05-30,quantile,0.975,168,New York,Ensemble
2026-05-23,36,1,wk inc flu hosp,2026-05-30,quantile,0.99,267,New York,Ensemble
2026-05-23,36,2,wk inc flu hosp,2026-06-06,quantile,0.01,4,New York,Ensemble
2026-05-23,36,2,wk inc flu hosp,2026-06-06,quantile,0.025,6,New York,Ensemble
2026-05-23,36,2,wk inc flu hosp,2026-06-06,quantile,0.05,7,New York,Ensemble
2026-05-23,36,2,wk inc flu hosp,2026-06-06,quantile,0.1,9,New York,Ensemble
2026-05-23,36,2,wk inc flu hosp,2026-06-06,quantile,0.15,11,New York,Ensemble
2026-05-23,36,2,wk inc flu hosp,2026-06-06,quantile,0.2,13,New York,Ensemble
2026-05-23,36,2,wk inc flu hosp,2026-06-06,quantile,0.25,15,New York,Ensemble
2026-05-23,36,2,wk inc flu hosp,2026-06-06,quantile,0.3,17,New York,Ensemble
2026-05-23,36,2,wk inc flu hosp,2026-06-06,quantile,0.35,19,New York,Ensemble
2026-05-23,36,2,wk inc flu hosp,2026-06-06,quantile,0.4,22,New York,Ensemble
2026-05-23,36,2,wk inc flu hosp,2026-06-06,quantile,0.45,25,New York,Ensemble
2026-05-23,36,2,wk inc flu hosp,2026-06-06,quantile,0.5,31,New York,Ensemble
2026-05-23,36,2,wk inc flu hosp,2026-06-06,quantile,0.55,36,New York,Ensemble
2026-05-23,36,2,wk inc flu hosp,2026-06-06,quantile,0.6,42,New York,Ensemble
2026-05-23,36,2,wk inc flu hosp,2026-06-06,quantile,0.65,48,New York,Ensemble
2026-05-23,36,2,wk inc flu hosp,2026-06-06,quantile,0.7,55,New York,Ensemble
2026-05-23,36,2,wk inc flu hosp,2026-06-06,quantile,0.75,63,New York,Ensemble
2026-05-23,36,2,wk inc flu hosp,2026-06-06,quantile,0.8,73,New York,Ensemble
2026-05-23,36,2,wk inc flu hosp,2026-06-06,quantile,0.85,89,New York,Ensemble
2026-05-23,36,2,wk inc flu hosp,2026-06-06,quantile,0.9,112,New York,Ensemble
2026-05-23,36,2,wk inc flu hosp,2026-06-06,quantile,0.95,162,New York,Ensemble
2026-05-23,36,2,wk inc flu hosp,2026-06-06,quantile,0.975,221,New York,Ensemble
2026-05-23,36,2,wk inc flu hosp,2026-06-06,quantile,0.99,333,New York,Ensemble
2026-05-23,36,3,wk inc flu hosp,2026-06-13,quantile,0.01,3,New York,Ensemble
2026-05-23,36,3,wk inc flu hosp,2026-06-13,quantile,0.025,4,New York,Ensemble
2026-05-23,36,3,wk inc flu hosp,2026-06-13,quantile,0.05,6,New York,Ensemble
2026-05-23,36,3,wk inc flu hosp,2026-06-13,quantile,0.1,7,New York,Ensemble
2026-05-23,36,3,wk inc flu hosp,2026-06-13,quantile,0.15,9,New York,Ensemble
2026-05-23,36,3,wk inc flu hosp,2026-06-13,quantile,0.2,11,New York,Ensemble
2026-05-23,36,3,wk inc flu hosp,2026-06-13,quantile,0.25,13,New York,Ensemble
2026-05-23,36,3,wk inc flu hosp,2026-06-13,quantile,0.3,14,New York,Ensemble
2026-05-23,36,3,wk inc flu hosp,2026-06-13,quantile,0.35,16,New York,Ensemble
2026-05-23,36,3,wk inc flu hosp,2026-06-13,quantile,0.4,19,New York,Ensemble
2026-05-23,36,3,wk inc flu hosp,2026-06-13,quantile,0.45,21,New York,Ensemble
2026-05-23,36,3,wk inc flu hosp,2026-06-13,quantile,0.5,27,New York,Ensemble
2026-05-23,36,3,wk inc flu hosp,2026-06-13,quantile,0.55,32,New York,Ensemble
2026-05-23,36,3,wk inc flu hosp,2026-06-13,quantile,0.6,39,New York,Ensemble
2026-05-23,36,3,wk inc flu hosp,2026-06-13,quantile,0.65,47,New York,Ensemble
2026-05-23,36,3,wk inc flu hosp,2026-06-13,quantile,0.7,55,New York,Ensemble
2026-05-23,36,3,wk inc flu hosp,2026-06-13,quantile,0.75,65,New York,Ensemble
2026-05-23,36,3,wk inc flu hosp,2026-06-13,quantile,0.8,79,New York,Ensemble
2026-05-23,36,3,wk inc flu hosp,2026-06-13,quantile,0.85,97,New York,Ensemble
2026-05-23,36,3,wk inc flu hosp,2026-06-13,quantile,0.9,126,New York,Ensemble
2026-05-23,36,3,wk inc flu hosp,2026-06-13,quantile,0.95,185,New York,Ensemble
2026-05-23,36,3,wk inc flu hosp,2026-06-13,quantile,0.975,282,New York,Ensemble
2026-05-23,36,3,wk inc flu hosp,2026-06-13,quantile,0.99,410,New York,Ensemble
2026-05-23,37,0,wk inc flu hosp,2026-05-23,quantile,0.01,2,North Carolina,Ensemble
2026-05-23,37,0,wk inc flu hosp,2026-05-23,quantile,0.025,2,North Carolina,Ensemble
2026-05-23,37,0,wk inc flu hosp,2026-05-23,quantile,0.05,3,North Carolina,Ensemble
2026-05-23,37,0,wk inc flu hosp,2026-05-23,quantile,0.1,5,North Carolina,Ensemble
2026-05-23,37,0,wk inc flu hosp,2026-05-23,quantile,0.15,5,North Carolina,Ensemble
2026-05-23,37,0,wk inc flu hosp,2026-05-23,quantile,0.2,6,North Carolina,Ensemble
2026-05-23,37,0,wk inc flu hosp,2026-05-23,quantile,0.25,7,North Carolina,Ensemble
2026-05-23,37,0,wk inc flu hosp,2026-05-23,quantile,0.3,8,North Carolina,Ensemble
2026-05-23,37,0,wk inc flu hosp,2026-05-23,quantile,0.35,10,North Carolina,Ensemble
2026-05-23,37,0,wk inc flu hosp,2026-05-23,quantile,0.4,11,North Carolina,Ensemble
2026-05-23,37,0,wk inc flu hosp,2026-05-23,quantile,0.45,12,North Carolina,Ensemble
2026-05-23,37,0,wk inc flu hosp,2026-05-23,quantile,0.5,15,North Carolina,Ensemble
2026-05-23,37,0,wk inc flu hosp,2026-05-23,quantile,0.55,16,North Carolina,Ensemble
2026-05-23,37,0,wk inc flu hosp,2026-05-23,quantile,0.6,17,North Carolina,Ensemble
2026-05-23,37,0,wk inc flu hosp,2026-05-23,quantile,0.65,19,North Carolina,Ensemble
2026-05-23,37,0,wk inc flu hosp,2026-05-23,quantile,0.7,21,North Carolina,Ensemble
2026-05-23,37,0,wk inc flu hosp,2026-05-23,quantile,0.75,23,North Carolina,Ensemble
2026-05-23,37,0,wk inc flu hosp,2026-05-23,quantile,0.8,26,North Carolina,Ensemble
2026-05-23,37,0,wk inc flu hosp,2026-05-23,quantile,0.85,29,North Carolina,Ensemble
2026-05-23,37,0,wk inc flu hosp,2026-05-23,quantile,0.9,35,North Carolina,Ensemble
2026-05-23,37,0,wk inc flu hosp,2026-05-23,quantile,0.95,44,North Carolina,Ensemble
2026-05-23,37,0,wk inc flu hosp,2026-05-23,quantile,0.975,55,North Carolina,Ensemble
2026-05-23,37,0,wk inc flu hosp,2026-05-23,quantile,0.99,83,North Carolina,Ensemble
2026-05-23,37,1,wk inc flu hosp,2026-05-30,quantile,0.01,1,North Carolina,Ensemble
2026-05-23,37,1,wk inc flu hosp,2026-05-30,quantile,0.025,2,North Carolina,Ensemble
2026-05-23,37,1,wk inc flu hosp,2026-05-30,quantile,0.05,2,North Carolina,Ensemble
2026-05-23,37,1,wk inc flu hosp,2026-05-30,quantile,0.1,3,North Carolina,Ensemble
2026-05-23,37,1,wk inc flu hosp,2026-05-30,quantile,0.15,4,North Carolina,Ensemble
2026-05-23,37,1,wk inc flu hosp,2026-05-30,quantile,0.2,5,North Carolina,Ensemble
2026-05-23,37,1,wk inc flu hosp,2026-05-30,quantile,0.25,6,North Carolina,Ensemble
2026-05-23,37,1,wk inc flu hosp,2026-05-30,quantile,0.3,7,North Carolina,Ensemble
2026-05-23,37,1,wk inc flu hosp,2026-05-30,quantile,0.35,8,North Carolina,Ensemble
2026-05-23,37,1,wk inc flu hosp,2026-05-30,quantile,0.4,10,North Carolina,Ensemble
2026-05-23,37,1,wk inc flu hosp,2026-05-30,quantile,0.45,11,North Carolina,Ensemble
2026-05-23,37,1,wk inc flu hosp,2026-05-30,quantile,0.5,14,North Carolina,Ensemble
2026-05-23,37,1,wk inc flu hosp,2026-05-30,quantile,0.55,16,North Carolina,Ensemble
2026-05-23,37,1,wk inc flu hosp,2026-05-30,quantile,0.6,18,North Carolina,Ensemble
2026-05-23,37,1,wk inc flu hosp,2026-05-30,quantile,0.65,20,North Carolina,Ensemble
2026-05-23,37,1,wk inc flu hosp,2026-05-30,quantile,0.7,22,North Carolina,Ensemble
2026-05-23,37,1,wk inc flu hosp,2026-05-30,quantile,0.75,26,North Carolina,Ensemble
2026-05-23,37,1,wk inc flu hosp,2026-05-30,quantile,0.8,30,North Carolina,Ensemble
2026-05-23,37,1,wk inc flu hosp,2026-05-30,quantile,0.85,36,North Carolina,Ensemble
2026-05-23,37,1,wk inc flu hosp,2026-05-30,quantile,0.9,45,North Carolina,Ensemble
2026-05-23,37,1,wk inc flu hosp,2026-05-30,quantile,0.95,63,North Carolina,Ensemble
2026-05-23,37,1,wk inc flu hosp,2026-05-30,quantile,0.975,91,North Carolina,Ensemble
2026-05-23,37,1,wk inc flu hosp,2026-05-30,quantile,0.99,157,North Carolina,Ensemble
2026-05-23,37,2,wk inc flu hosp,2026-06-06,quantile,0.01,1,North Carolina,Ensemble
2026-05-23,37,2,wk inc flu hosp,2026-06-06,quantile,0.025,2,North Carolina,Ensemble
2026-05-23,37,2,wk inc flu hosp,2026-06-06,quantile,0.05,2,North Carolina,Ensemble
2026-05-23,37,2,wk inc flu hosp,2026-06-06,quantile,0.1,3,North Carolina,Ensemble
2026-05-23,37,2,wk inc flu hosp,2026-06-06,quantile,0.15,4,North Carolina,Ensemble
2026-05-23,37,2,wk inc flu hosp,2026-06-06,quantile,0.2,5,North Carolina,Ensemble
2026-05-23,37,2,wk inc flu hosp,2026-06-06,quantile,0.25,5,North Carolina,Ensemble
2026-05-23,37,2,wk inc flu hosp,2026-06-06,quantile,0.3,6,North Carolina,Ensemble
2026-05-23,37,2,wk inc flu hosp,2026-06-06,quantile,0.35,7,North Carolina,Ensemble
2026-05-23,37,2,wk inc flu hosp,2026-06-06,quantile,0.4,8,North Carolina,Ensemble
2026-05-23,37,2,wk inc flu hosp,2026-06-06,quantile,0.45,9,North Carolina,Ensemble
2026-05-23,37,2,wk inc flu hosp,2026-06-06,quantile,0.5,13,North Carolina,Ensemble
2026-05-23,37,2,wk inc flu hosp,2026-06-06,quantile,0.55,15,North Carolina,Ensemble
2026-05-23,37,2,wk inc flu hosp,2026-06-06,quantile,0.6,18,North Carolina,Ensemble
2026-05-23,37,2,wk inc flu hosp,2026-06-06,quantile,0.65,20,North Carolina,Ensemble
2026-05-23,37,2,wk inc flu hosp,2026-06-06,quantile,0.7,24,North Carolina,Ensemble
2026-05-23,37,2,wk inc flu hosp,2026-06-06,quantile,0.75,27,North Carolina,Ensemble
2026-05-23,37,2,wk inc flu hosp,2026-06-06,quantile,0.8,33,North Carolina,Ensemble
2026-05-23,37,2,wk inc flu hosp,2026-06-06,quantile,0.85,40,North Carolina,Ensemble
2026-05-23,37,2,wk inc flu hosp,2026-06-06,quantile,0.9,52,North Carolina,Ensemble
2026-05-23,37,2,wk inc flu hosp,2026-06-06,quantile,0.95,76,North Carolina,Ensemble
2026-05-23,37,2,wk inc flu hosp,2026-06-06,quantile,0.975,103,North Carolina,Ensemble
2026-05-23,37,2,wk inc flu hosp,2026-06-06,quantile,0.99,215,North Carolina,Ensemble
2026-05-23,37,3,wk inc flu hosp,2026-06-13,quantile,0.01,1,North Carolina,Ensemble
2026-05-23,37,3,wk inc flu hosp,2026-06-13,quantile,0.025,1,North Carolina,Ensemble
2026-05-23,37,3,wk inc flu hosp,2026-06-13,quantile,0.05,2,North Carolina,Ensemble
2026-05-23,37,3,wk inc flu hosp,2026-06-13,quantile,0.1,2,North Carolina,Ensemble
2026-05-23,37,3,wk inc flu hosp,2026-06-13,quantile,0.15,3,North Carolina,Ensemble
2026-05-23,37,3,wk inc flu hosp,2026-06-13,quantile,0.2,4,North Carolina,Ensemble
2026-05-23,37,3,wk inc flu hosp,2026-06-13,quantile,0.25,4,North Carolina,Ensemble
2026-05-23,37,3,wk inc flu hosp,2026-06-13,quantile,0.3,5,North Carolina,Ensemble
2026-05-23,37,3,wk inc flu hosp,2026-06-13,quantile,0.35,6,North Carolina,Ensemble
2026-05-23,37,3,wk inc flu hosp,2026-06-13,quantile,0.4,7,North Carolina,Ensemble
2026-05-23,37,3,wk inc flu hosp,2026-06-13,quantile,0.45,9,North Carolina,Ensemble
2026-05-23,37,3,wk inc flu hosp,2026-06-13,quantile,0.5,12,North Carolina,Ensemble
2026-05-23,37,3,wk inc flu hosp,2026-06-13,quantile,0.55,14,North Carolina,Ensemble
2026-05-23,37,3,wk inc flu hosp,2026-06-13,quantile,0.6,18,North Carolina,Ensemble
2026-05-23,37,3,wk inc flu hosp,2026-06-13,quantile,0.65,21,North Carolina,Ensemble
2026-05-23,37,3,wk inc flu hosp,2026-06-13,quantile,0.7,25,North Carolina,Ensemble
2026-05-23,37,3,wk inc flu hosp,2026-06-13,quantile,0.75,29,North Carolina,Ensemble
2026-05-23,37,3,wk inc flu hosp,2026-06-13,quantile,0.8,35,North Carolina,Ensemble
2026-05-23,37,3,wk inc flu hosp,2026-06-13,quantile,0.85,45,North Carolina,Ensemble
2026-05-23,37,3,wk inc flu hosp,2026-06-13,quantile,0.9,59,North Carolina,Ensemble
2026-05-23,37,3,wk inc flu hosp,2026-06-13,quantile,0.95,88,North Carolina,Ensemble
2026-05-23,37,3,wk inc flu hosp,2026-06-13,quantile,0.975,136,North Carolina,Ensemble
2026-05-23,37,3,wk inc flu hosp,2026-06-13,quantile,0.99,241,North Carolina,Ensemble
2026-05-23,38,0,wk inc flu hosp,2026-05-23,quantile,0.01,0,North Dakota,Ensemble
2026-05-23,38,0,wk inc flu hosp,2026-05-23,quantile,0.025,0,North Dakota,Ensemble
2026-05-23,38,0,wk inc flu hosp,2026-05-23,quantile,0.05,1,North Dakota,Ensemble
2026-05-23,38,0,wk inc flu hosp,2026-05-23,quantile,0.1,1,North Dakota,Ensemble
2026-05-23,38,0,wk inc flu hosp,2026-05-23,quantile,0.15,2,North Dakota,Ensemble
2026-05-23,38,0,wk inc flu hosp,2026-05-23,quantile,0.2,2,North Dakota,Ensemble
2026-05-23,38,0,wk inc flu hosp,2026-05-23,quantile,0.25,2,North Dakota,Ensemble
2026-05-23,38,0,wk inc flu hosp,2026-05-23,quantile,0.3,3,North Dakota,Ensemble
2026-05-23,38,0,wk inc flu hosp,2026-05-23,quantile,0.35,3,North Dakota,Ensemble
2026-05-23,38,0,wk inc flu hosp,2026-05-23,quantile,0.4,3,North Dakota,Ensemble
2026-05-23,38,0,wk inc flu hosp,2026-05-23,quantile,0.45,4,North Dakota,Ensemble
2026-05-23,38,0,wk inc flu hosp,2026-05-23,quantile,0.5,5,North Dakota,Ensemble
2026-05-23,38,0,wk inc flu hosp,2026-05-23,quantile,0.55,5,North Dakota,Ensemble
2026-05-23,38,0,wk inc flu hosp,2026-05-23,quantile,0.6,6,North Dakota,Ensemble
2026-05-23,38,0,wk inc flu hosp,2026-05-23,quantile,0.65,6,North Dakota,Ensemble
2026-05-23,38,0,wk inc flu hosp,2026-05-23,quantile,0.7,7,North Dakota,Ensemble
2026-05-23,38,0,wk inc flu hosp,2026-05-23,quantile,0.75,7,North Dakota,Ensemble
2026-05-23,38,0,wk inc flu hosp,2026-05-23,quantile,0.8,8,North Dakota,Ensemble
2026-05-23,38,0,wk inc flu hosp,2026-05-23,quantile,0.85,9,North Dakota,Ensemble
2026-05-23,38,0,wk inc flu hosp,2026-05-23,quantile,0.9,11,North Dakota,Ensemble
2026-05-23,38,0,wk inc flu hosp,2026-05-23,quantile,0.95,13,North Dakota,Ensemble
2026-05-23,38,0,wk inc flu hosp,2026-05-23,quantile,0.975,16,North Dakota,Ensemble
2026-05-23,38,0,wk inc flu hosp,2026-05-23,quantile,0.99,21,North Dakota,Ensemble
2026-05-23,38,1,wk inc flu hosp,2026-05-30,quantile,0.01,0,North Dakota,Ensemble
2026-05-23,38,1,wk inc flu hosp,2026-05-30,quantile,0.025,0,North Dakota,Ensemble
2026-05-23,38,1,wk inc flu hosp,2026-05-30,quantile,0.05,0,North Dakota,Ensemble
2026-05-23,38,1,wk inc flu hosp,2026-05-30,quantile,0.1,1,North Dakota,Ensemble
2026-05-23,38,1,wk inc flu hosp,2026-05-30,quantile,0.15,1,North Dakota,Ensemble
2026-05-23,38,1,wk inc flu hosp,2026-05-30,quantile,0.2,1,North Dakota,Ensemble
2026-05-23,38,1,wk inc flu hosp,2026-05-30,quantile,0.25,2,North Dakota,Ensemble
2026-05-23,38,1,wk inc flu hosp,2026-05-30,quantile,0.3,2,North Dakota,Ensemble
2026-05-23,38,1,wk inc flu hosp,2026-05-30,quantile,0.35,2,North Dakota,Ensemble
2026-05-23,38,1,wk inc flu hosp,2026-05-30,quantile,0.4,3,North Dakota,Ensemble
2026-05-23,38,1,wk inc flu hosp,2026-05-30,quantile,0.45,3,North Dakota,Ensemble
2026-05-23,38,1,wk inc flu hosp,2026-05-30,quantile,0.5,5,North Dakota,Ensemble
2026-05-23,38,1,wk inc flu hosp,2026-05-30,quantile,0.55,5,North Dakota,Ensemble
2026-05-23,38,1,wk inc flu hosp,2026-05-30,quantile,0.6,6,North Dakota,Ensemble
2026-05-23,38,1,wk inc flu hosp,2026-05-30,quantile,0.65,6,North Dakota,Ensemble
2026-05-23,38,1,wk inc flu hosp,2026-05-30,quantile,0.7,7,North Dakota,Ensemble
2026-05-23,38,1,wk inc flu hosp,2026-05-30,quantile,0.75,7,North Dakota,Ensemble
2026-05-23,38,1,wk inc flu hosp,2026-05-30,quantile,0.8,8,North Dakota,Ensemble
2026-05-23,38,1,wk inc flu hosp,2026-05-30,quantile,0.85,10,North Dakota,Ensemble
2026-05-23,38,1,wk inc flu hosp,2026-05-30,quantile,0.9,12,North Dakota,Ensemble
2026-05-23,38,1,wk inc flu hosp,2026-05-30,quantile,0.95,15,North Dakota,Ensemble
2026-05-23,38,1,wk inc flu hosp,2026-05-30,quantile,0.975,20,North Dakota,Ensemble
2026-05-23,38,1,wk inc flu hosp,2026-05-30,quantile,0.99,25,North Dakota,Ensemble
2026-05-23,38,2,wk inc flu hosp,2026-06-06,quantile,0.01,0,North Dakota,Ensemble
2026-05-23,38,2,wk inc flu hosp,2026-06-06,quantile,0.025,0,North Dakota,Ensemble
2026-05-23,38,2,wk inc flu hosp,2026-06-06,quantile,0.05,0,North Dakota,Ensemble
2026-05-23,38,2,wk inc flu hosp,2026-06-06,quantile,0.1,0,North Dakota,Ensemble
2026-05-23,38,2,wk inc flu hosp,2026-06-06,quantile,0.15,1,North Dakota,Ensemble
2026-05-23,38,2,wk inc flu hosp,2026-06-06,quantile,0.2,1,North Dakota,Ensemble
2026-05-23,38,2,wk inc flu hosp,2026-06-06,quantile,0.25,1,North Dakota,Ensemble
2026-05-23,38,2,wk inc flu hosp,2026-06-06,quantile,0.3,1,North Dakota,Ensemble
2026-05-23,38,2,wk inc flu hosp,2026-06-06,quantile,0.35,2,North Dakota,Ensemble
2026-05-23,38,2,wk inc flu hosp,2026-06-06,quantile,0.4,2,North Dakota,Ensemble
2026-05-23,38,2,wk inc flu hosp,2026-06-06,quantile,0.45,2,North Dakota,Ensemble
2026-05-23,38,2,wk inc flu hosp,2026-06-06,quantile,0.5,4,North Dakota,Ensemble
2026-05-23,38,2,wk inc flu hosp,2026-06-06,quantile,0.55,5,North Dakota,Ensemble
2026-05-23,38,2,wk inc flu hosp,2026-06-06,quantile,0.6,5,North Dakota,Ensemble
2026-05-23,38,2,wk inc flu hosp,2026-06-06,quantile,0.65,6,North Dakota,Ensemble
2026-05-23,38,2,wk inc flu hosp,2026-06-06,quantile,0.7,6,North Dakota,Ensemble
2026-05-23,38,2,wk inc flu hosp,2026-06-06,quantile,0.75,7,North Dakota,Ensemble
2026-05-23,38,2,wk inc flu hosp,2026-06-06,quantile,0.8,8,North Dakota,Ensemble
2026-05-23,38,2,wk inc flu hosp,2026-06-06,quantile,0.85,10,North Dakota,Ensemble
2026-05-23,38,2,wk inc flu hosp,2026-06-06,quantile,0.9,12,North Dakota,Ensemble
2026-05-23,38,2,wk inc flu hosp,2026-06-06,quantile,0.95,15,North Dakota,Ensemble
2026-05-23,38,2,wk inc flu hosp,2026-06-06,quantile,0.975,21,North Dakota,Ensemble
2026-05-23,38,2,wk inc flu hosp,2026-06-06,quantile,0.99,27,North Dakota,Ensemble
2026-05-23,38,3,wk inc flu hosp,2026-06-13,quantile,0.01,0,North Dakota,Ensemble
2026-05-23,38,3,wk inc flu hosp,2026-06-13,quantile,0.025,0,North Dakota,Ensemble
2026-05-23,38,3,wk inc flu hosp,2026-06-13,quantile,0.05,0,North Dakota,Ensemble
2026-05-23,38,3,wk inc flu hosp,2026-06-13,quantile,0.1,0,North Dakota,Ensemble
2026-05-23,38,3,wk inc flu hosp,2026-06-13,quantile,0.15,0,North Dakota,Ensemble
2026-05-23,38,3,wk inc flu hosp,2026-06-13,quantile,0.2,1,North Dakota,Ensemble
2026-05-23,38,3,wk inc flu hosp,2026-06-13,quantile,0.25,1,North Dakota,Ensemble
2026-05-23,38,3,wk inc flu hosp,2026-06-13,quantile,0.3,1,North Dakota,Ensemble
2026-05-23,38,3,wk inc flu hosp,2026-06-13,quantile,0.35,1,North Dakota,Ensemble
2026-05-23,38,3,wk inc flu hosp,2026-06-13,quantile,0.4,2,North Dakota,Ensemble
2026-05-23,38,3,wk inc flu hosp,2026-06-13,quantile,0.45,2,North Dakota,Ensemble
2026-05-23,38,3,wk inc flu hosp,2026-06-13,quantile,0.5,4,North Dakota,Ensemble
2026-05-23,38,3,wk inc flu hosp,2026-06-13,quantile,0.55,4,North Dakota,Ensemble
2026-05-23,38,3,wk inc flu hosp,2026-06-13,quantile,0.6,5,North Dakota,Ensemble
2026-05-23,38,3,wk inc flu hosp,2026-06-13,quantile,0.65,5,North Dakota,Ensemble
2026-05-23,38,3,wk inc flu hosp,2026-06-13,quantile,0.7,6,North Dakota,Ensemble
2026-05-23,38,3,wk inc flu hosp,2026-06-13,quantile,0.75,7,North Dakota,Ensemble
2026-05-23,38,3,wk inc flu hosp,2026-06-13,quantile,0.8,8,North Dakota,Ensemble
2026-05-23,38,3,wk inc flu hosp,2026-06-13,quantile,0.85,9,North Dakota,Ensemble
2026-05-23,38,3,wk inc flu hosp,2026-06-13,quantile,0.9,11,North Dakota,Ensemble
2026-05-23,38,3,wk inc flu hosp,2026-06-13,quantile,0.95,16,North Dakota,Ensemble
2026-05-23,38,3,wk inc flu hosp,2026-06-13,quantile,0.975,22,North Dakota,Ensemble
2026-05-23,38,3,wk inc flu hosp,2026-06-13,quantile,0.99,29,North Dakota,Ensemble
2026-05-23,39,0,wk inc flu hosp,2026-05-23,quantile,0.01,1,Ohio,Ensemble
2026-05-23,39,0,wk inc flu hosp,2026-05-23,quantile,0.025,2,Ohio,Ensemble
2026-05-23,39,0,wk inc flu hosp,2026-05-23,quantile,0.05,3,Ohio,Ensemble
2026-05-23,39,0,wk inc flu hosp,2026-05-23,quantile,0.1,4,Ohio,Ensemble
2026-05-23,39,0,wk inc flu hosp,2026-05-23,quantile,0.15,5,Ohio,Ensemble
2026-05-23,39,0,wk inc flu hosp,2026-05-23,quantile,0.2,6,Ohio,Ensemble
2026-05-23,39,0,wk inc flu hosp,2026-05-23,quantile,0.25,7,Ohio,Ensemble
2026-05-23,39,0,wk inc flu hosp,2026-05-23,quantile,0.3,8,Ohio,Ensemble
2026-05-23,39,0,wk inc flu hosp,2026-05-23,quantile,0.35,9,Ohio,Ensemble
2026-05-23,39,0,wk inc flu hosp,2026-05-23,quantile,0.4,10,Ohio,Ensemble
2026-05-23,39,0,wk inc flu hosp,2026-05-23,quantile,0.45,11,Ohio,Ensemble
2026-05-23,39,0,wk inc flu hosp,2026-05-23,quantile,0.5,14,Ohio,Ensemble
2026-05-23,39,0,wk inc flu hosp,2026-05-23,quantile,0.55,16,Ohio,Ensemble
2026-05-23,39,0,wk inc flu hosp,2026-05-23,quantile,0.6,18,Ohio,Ensemble
2026-05-23,39,0,wk inc flu hosp,2026-05-23,quantile,0.65,19,Ohio,Ensemble
2026-05-23,39,0,wk inc flu hosp,2026-05-23,quantile,0.7,22,Ohio,Ensemble
2026-05-23,39,0,wk inc flu hosp,2026-05-23,quantile,0.75,25,Ohio,Ensemble
2026-05-23,39,0,wk inc flu hosp,2026-05-23,quantile,0.8,28,Ohio,Ensemble
2026-05-23,39,0,wk inc flu hosp,2026-05-23,quantile,0.85,33,Ohio,Ensemble
2026-05-23,39,0,wk inc flu hosp,2026-05-23,quantile,0.9,40,Ohio,Ensemble
2026-05-23,39,0,wk inc flu hosp,2026-05-23,quantile,0.95,52,Ohio,Ensemble
2026-05-23,39,0,wk inc flu hosp,2026-05-23,quantile,0.975,67,Ohio,Ensemble
2026-05-23,39,0,wk inc flu hosp,2026-05-23,quantile,0.99,94,Ohio,Ensemble
2026-05-23,39,1,wk inc flu hosp,2026-05-30,quantile,0.01,1,Ohio,Ensemble
2026-05-23,39,1,wk inc flu hosp,2026-05-30,quantile,0.025,1,Ohio,Ensemble
2026-05-23,39,1,wk inc flu hosp,2026-05-30,quantile,0.05,2,Ohio,Ensemble
2026-05-23,39,1,wk inc flu hosp,2026-05-30,quantile,0.1,3,Ohio,Ensemble
2026-05-23,39,1,wk inc flu hosp,2026-05-30,quantile,0.15,4,Ohio,Ensemble
2026-05-23,39,1,wk inc flu hosp,2026-05-30,quantile,0.2,4,Ohio,Ensemble
2026-05-23,39,1,wk inc flu hosp,2026-05-30,quantile,0.25,5,Ohio,Ensemble
2026-05-23,39,1,wk inc flu hosp,2026-05-30,quantile,0.3,6,Ohio,Ensemble
2026-05-23,39,1,wk inc flu hosp,2026-05-30,quantile,0.35,7,Ohio,Ensemble
2026-05-23,39,1,wk inc flu hosp,2026-05-30,quantile,0.4,8,Ohio,Ensemble
2026-05-23,39,1,wk inc flu hosp,2026-05-30,quantile,0.45,10,Ohio,Ensemble
2026-05-23,39,1,wk inc flu hosp,2026-05-30,quantile,0.5,13,Ohio,Ensemble
2026-05-23,39,1,wk inc flu hosp,2026-05-30,quantile,0.55,16,Ohio,Ensemble
2026-05-23,39,1,wk inc flu hosp,2026-05-30,quantile,0.6,18,Ohio,Ensemble
2026-05-23,39,1,wk inc flu hosp,2026-05-30,quantile,0.65,21,Ohio,Ensemble
2026-05-23,39,1,wk inc flu hosp,2026-05-30,quantile,0.7,24,Ohio,Ensemble
2026-05-23,39,1,wk inc flu hosp,2026-05-30,quantile,0.75,27,Ohio,Ensemble
2026-05-23,39,1,wk inc flu hosp,2026-05-30,quantile,0.8,33,Ohio,Ensemble
2026-05-23,39,1,wk inc flu hosp,2026-05-30,quantile,0.85,40,Ohio,Ensemble
2026-05-23,39,1,wk inc flu hosp,2026-05-30,quantile,0.9,52,Ohio,Ensemble
2026-05-23,39,1,wk inc flu hosp,2026-05-30,quantile,0.95,73,Ohio,Ensemble
2026-05-23,39,1,wk inc flu hosp,2026-05-30,quantile,0.975,104,Ohio,Ensemble
2026-05-23,39,1,wk inc flu hosp,2026-05-30,quantile,0.99,163,Ohio,Ensemble
2026-05-23,39,2,wk inc flu hosp,2026-06-06,quantile,0.01,1,Ohio,Ensemble
2026-05-23,39,2,wk inc flu hosp,2026-06-06,quantile,0.025,1,Ohio,Ensemble
2026-05-23,39,2,wk inc flu hosp,2026-06-06,quantile,0.05,2,Ohio,Ensemble
2026-05-23,39,2,wk inc flu hosp,2026-06-06,quantile,0.1,2,Ohio,Ensemble
2026-05-23,39,2,wk inc flu hosp,2026-06-06,quantile,0.15,3,Ohio,Ensemble
2026-05-23,39,2,wk inc flu hosp,2026-06-06,quantile,0.2,4,Ohio,Ensemble
2026-05-23,39,2,wk inc flu hosp,2026-06-06,quantile,0.25,5,Ohio,Ensemble
2026-05-23,39,2,wk inc flu hosp,2026-06-06,quantile,0.3,5,Ohio,Ensemble
2026-05-23,39,2,wk inc flu hosp,2026-06-06,quantile,0.35,6,Ohio,Ensemble
2026-05-23,39,2,wk inc flu hosp,2026-06-06,quantile,0.4,8,Ohio,Ensemble
2026-05-23,39,2,wk inc flu hosp,2026-06-06,quantile,0.45,10,Ohio,Ensemble
2026-05-23,39,2,wk inc flu hosp,2026-06-06,quantile,0.5,12,Ohio,Ensemble
2026-05-23,39,2,wk inc flu hosp,2026-06-06,quantile,0.55,14,Ohio,Ensemble
2026-05-23,39,2,wk inc flu hosp,2026-06-06,quantile,0.6,18,Ohio,Ensemble
2026-05-23,39,2,wk inc flu hosp,2026-06-06,quantile,0.65,22,Ohio,Ensemble
2026-05-23,39,2,wk inc flu hosp,2026-06-06,quantile,0.7,26,Ohio,Ensemble
2026-05-23,39,2,wk inc flu hosp,2026-06-06,quantile,0.75,30,Ohio,Ensemble
2026-05-23,39,2,wk inc flu hosp,2026-06-06,quantile,0.8,36,Ohio,Ensemble
2026-05-23,39,2,wk inc flu hosp,2026-06-06,quantile,0.85,46,Ohio,Ensemble
2026-05-23,39,2,wk inc flu hosp,2026-06-06,quantile,0.9,61,Ohio,Ensemble
2026-05-23,39,2,wk inc flu hosp,2026-06-06,quantile,0.95,86,Ohio,Ensemble
2026-05-23,39,2,wk inc flu hosp,2026-06-06,quantile,0.975,118,Ohio,Ensemble
2026-05-23,39,2,wk inc flu hosp,2026-06-06,quantile,0.99,181,Ohio,Ensemble
2026-05-23,39,3,wk inc flu hosp,2026-06-13,quantile,0.01,0,Ohio,Ensemble
2026-05-23,39,3,wk inc flu hosp,2026-06-13,quantile,0.025,1,Ohio,Ensemble
2026-05-23,39,3,wk inc flu hosp,2026-06-13,quantile,0.05,1,Ohio,Ensemble
2026-05-23,39,3,wk inc flu hosp,2026-06-13,quantile,0.1,2,Ohio,Ensemble
2026-05-23,39,3,wk inc flu hosp,2026-06-13,quantile,0.15,3,Ohio,Ensemble
2026-05-23,39,3,wk inc flu hosp,2026-06-13,quantile,0.2,3,Ohio,Ensemble
2026-05-23,39,3,wk inc flu hosp,2026-06-13,quantile,0.25,4,Ohio,Ensemble
2026-05-23,39,3,wk inc flu hosp,2026-06-13,quantile,0.3,5,Ohio,Ensemble
2026-05-23,39,3,wk inc flu hosp,2026-06-13,quantile,0.35,6,Ohio,Ensemble
2026-05-23,39,3,wk inc flu hosp,2026-06-13,quantile,0.4,7,Ohio,Ensemble
2026-05-23,39,3,wk inc flu hosp,2026-06-13,quantile,0.45,10,Ohio,Ensemble
2026-05-23,39,3,wk inc flu hosp,2026-06-13,quantile,0.5,13,Ohio,Ensemble
2026-05-23,39,3,wk inc flu hosp,2026-06-13,quantile,0.55,15,Ohio,Ensemble
2026-05-23,39,3,wk inc flu hosp,2026-06-13,quantile,0.6,20,Ohio,Ensemble
2026-05-23,39,3,wk inc flu hosp,2026-06-13,quantile,0.65,25,Ohio,Ensemble
2026-05-23,39,3,wk inc flu hosp,2026-06-13,quantile,0.7,31,Ohio,Ensemble
2026-05-23,39,3,wk inc flu hosp,2026-06-13,quantile,0.75,38,Ohio,Ensemble
2026-05-23,39,3,wk inc flu hosp,2026-06-13,quantile,0.8,47,Ohio,Ensemble
2026-05-23,39,3,wk inc flu hosp,2026-06-13,quantile,0.85,58,Ohio,Ensemble
2026-05-23,39,3,wk inc flu hosp,2026-06-13,quantile,0.9,73,Ohio,Ensemble
2026-05-23,39,3,wk inc flu hosp,2026-06-13,quantile,0.95,110,Ohio,Ensemble
2026-05-23,39,3,wk inc flu hosp,2026-06-13,quantile,0.975,149,Ohio,Ensemble
2026-05-23,39,3,wk inc flu hosp,2026-06-13,quantile,0.99,258,Ohio,Ensemble
2026-05-23,40,0,wk inc flu hosp,2026-05-23,quantile,0.01,1,Oklahoma,Ensemble
2026-05-23,40,0,wk inc flu hosp,2026-05-23,quantile,0.025,1,Oklahoma,Ensemble
2026-05-23,40,0,wk inc flu hosp,2026-05-23,quantile,0.05,2,Oklahoma,Ensemble
2026-05-23,40,0,wk inc flu hosp,2026-05-23,quantile,0.1,3,Oklahoma,Ensemble
2026-05-23,40,0,wk inc flu hosp,2026-05-23,quantile,0.15,4,Oklahoma,Ensemble
2026-05-23,40,0,wk inc flu hosp,2026-05-23,quantile,0.2,5,Oklahoma,Ensemble
2026-05-23,40,0,wk inc flu hosp,2026-05-23,quantile,0.25,5,Oklahoma,Ensemble
2026-05-23,40,0,wk inc flu hosp,2026-05-23,quantile,0.3,6,Oklahoma,Ensemble
2026-05-23,40,0,wk inc flu hosp,2026-05-23,quantile,0.35,7,Oklahoma,Ensemble
2026-05-23,40,0,wk inc flu hosp,2026-05-23,quantile,0.4,8,Oklahoma,Ensemble
2026-05-23,40,0,wk inc flu hosp,2026-05-23,quantile,0.45,9,Oklahoma,Ensemble
2026-05-23,40,0,wk inc flu hosp,2026-05-23,quantile,0.5,11,Oklahoma,Ensemble
2026-05-23,40,0,wk inc flu hosp,2026-05-23,quantile,0.55,12,Oklahoma,Ensemble
2026-05-23,40,0,wk inc flu hosp,2026-05-23,quantile,0.6,13,Oklahoma,Ensemble
2026-05-23,40,0,wk inc flu hosp,2026-05-23,quantile,0.65,14,Oklahoma,Ensemble
2026-05-23,40,0,wk inc flu hosp,2026-05-23,quantile,0.7,15,Oklahoma,Ensemble
2026-05-23,40,0,wk inc flu hosp,2026-05-23,quantile,0.75,16,Oklahoma,Ensemble
2026-05-23,40,0,wk inc flu hosp,2026-05-23,quantile,0.8,18,Oklahoma,Ensemble
2026-05-23,40,0,wk inc flu hosp,2026-05-23,quantile,0.85,19,Oklahoma,Ensemble
2026-05-23,40,0,wk inc flu hosp,2026-05-23,quantile,0.9,22,Oklahoma,Ensemble
2026-05-23,40,0,wk inc flu hosp,2026-05-23,quantile,0.95,27,Oklahoma,Ensemble
2026-05-23,40,0,wk inc flu hosp,2026-05-23,quantile,0.975,34,Oklahoma,Ensemble
2026-05-23,40,0,wk inc flu hosp,2026-05-23,quantile,0.99,42,Oklahoma,Ensemble
2026-05-23,40,1,wk inc flu hosp,2026-05-30,quantile,0.01,0,Oklahoma,Ensemble
2026-05-23,40,1,wk inc flu hosp,2026-05-30,quantile,0.025,1,Oklahoma,Ensemble
2026-05-23,40,1,wk inc flu hosp,2026-05-30,quantile,0.05,1,Oklahoma,Ensemble
2026-05-23,40,1,wk inc flu hosp,2026-05-30,quantile,0.1,2,Oklahoma,Ensemble
2026-05-23,40,1,wk inc flu hosp,2026-05-30,quantile,0.15,3,Oklahoma,Ensemble
2026-05-23,40,1,wk inc flu hosp,2026-05-30,quantile,0.2,4,Oklahoma,Ensemble
2026-05-23,40,1,wk inc flu hosp,2026-05-30,quantile,0.25,5,Oklahoma,Ensemble
2026-05-23,40,1,wk inc flu hosp,2026-05-30,quantile,0.3,6,Oklahoma,Ensemble
2026-05-23,40,1,wk inc flu hosp,2026-05-30,quantile,0.35,6,Oklahoma,Ensemble
2026-05-23,40,1,wk inc flu hosp,2026-05-30,quantile,0.4,7,Oklahoma,Ensemble
2026-05-23,40,1,wk inc flu hosp,2026-05-30,quantile,0.45,8,Oklahoma,Ensemble
2026-05-23,40,1,wk inc flu hosp,2026-05-30,quantile,0.5,11,Oklahoma,Ensemble
2026-05-23,40,1,wk inc flu hosp,2026-05-30,quantile,0.55,12,Oklahoma,Ensemble
2026-05-23,40,1,wk inc flu hosp,2026-05-30,quantile,0.6,13,Oklahoma,Ensemble
2026-05-23,40,1,wk inc flu hosp,2026-05-30,quantile,0.65,15,Oklahoma,Ensemble
2026-05-23,40,1,wk inc flu hosp,2026-05-30,quantile,0.7,16,Oklahoma,Ensemble
2026-05-23,40,1,wk inc flu hosp,2026-05-30,quantile,0.75,18,Oklahoma,Ensemble
2026-05-23,40,1,wk inc flu hosp,2026-05-30,quantile,0.8,20,Oklahoma,Ensemble
2026-05-23,40,1,wk inc flu hosp,2026-05-30,quantile,0.85,23,Oklahoma,Ensemble
2026-05-23,40,1,wk inc flu hosp,2026-05-30,quantile,0.9,26,Oklahoma,Ensemble
2026-05-23,40,1,wk inc flu hosp,2026-05-30,quantile,0.95,35,Oklahoma,Ensemble
2026-05-23,40,1,wk inc flu hosp,2026-05-30,quantile,0.975,46,Oklahoma,Ensemble
2026-05-23,40,1,wk inc flu hosp,2026-05-30,quantile,0.99,57,Oklahoma,Ensemble
2026-05-23,40,2,wk inc flu hosp,2026-06-06,quantile,0.01,0,Oklahoma,Ensemble
2026-05-23,40,2,wk inc flu hosp,2026-06-06,quantile,0.025,1,Oklahoma,Ensemble
2026-05-23,40,2,wk inc flu hosp,2026-06-06,quantile,0.05,1,Oklahoma,Ensemble
2026-05-23,40,2,wk inc flu hosp,2026-06-06,quantile,0.1,2,Oklahoma,Ensemble
2026-05-23,40,2,wk inc flu hosp,2026-06-06,quantile,0.15,3,Oklahoma,Ensemble
2026-05-23,40,2,wk inc flu hosp,2026-06-06,quantile,0.2,4,Oklahoma,Ensemble
2026-05-23,40,2,wk inc flu hosp,2026-06-06,quantile,0.25,4,Oklahoma,Ensemble
2026-05-23,40,2,wk inc flu hosp,2026-06-06,quantile,0.3,5,Oklahoma,Ensemble
2026-05-23,40,2,wk inc flu hosp,2026-06-06,quantile,0.35,6,Oklahoma,Ensemble
2026-05-23,40,2,wk inc flu hosp,2026-06-06,quantile,0.4,7,Oklahoma,Ensemble
2026-05-23,40,2,wk inc flu hosp,2026-06-06,quantile,0.45,8,Oklahoma,Ensemble
2026-05-23,40,2,wk inc flu hosp,2026-06-06,quantile,0.5,10,Oklahoma,Ensemble
2026-05-23,40,2,wk inc flu hosp,2026-06-06,quantile,0.55,11,Oklahoma,Ensemble
2026-05-23,40,2,wk inc flu hosp,2026-06-06,quantile,0.6,13,Oklahoma,Ensemble
2026-05-23,40,2,wk inc flu hosp,2026-06-06,quantile,0.65,15,Oklahoma,Ensemble
2026-05-23,40,2,wk inc flu hosp,2026-06-06,quantile,0.7,17,Oklahoma,Ensemble
2026-05-23,40,2,wk inc flu hosp,2026-06-06,quantile,0.75,19,Oklahoma,Ensemble
2026-05-23,40,2,wk inc flu hosp,2026-06-06,quantile,0.8,21,Oklahoma,Ensemble
2026-05-23,40,2,wk inc flu hosp,2026-06-06,quantile,0.85,24,Oklahoma,Ensemble
2026-05-23,40,2,wk inc flu hosp,2026-06-06,quantile,0.9,30,Oklahoma,Ensemble
2026-05-23,40,2,wk inc flu hosp,2026-06-06,quantile,0.95,42,Oklahoma,Ensemble
2026-05-23,40,2,wk inc flu hosp,2026-06-06,quantile,0.975,52,Oklahoma,Ensemble
2026-05-23,40,2,wk inc flu hosp,2026-06-06,quantile,0.99,68,Oklahoma,Ensemble
2026-05-23,40,3,wk inc flu hosp,2026-06-13,quantile,0.01,0,Oklahoma,Ensemble
2026-05-23,40,3,wk inc flu hosp,2026-06-13,quantile,0.025,1,Oklahoma,Ensemble
2026-05-23,40,3,wk inc flu hosp,2026-06-13,quantile,0.05,1,Oklahoma,Ensemble
2026-05-23,40,3,wk inc flu hosp,2026-06-13,quantile,0.1,2,Oklahoma,Ensemble
2026-05-23,40,3,wk inc flu hosp,2026-06-13,quantile,0.15,3,Oklahoma,Ensemble
2026-05-23,40,3,wk inc flu hosp,2026-06-13,quantile,0.2,4,Oklahoma,Ensemble
2026-05-23,40,3,wk inc flu hosp,2026-06-13,quantile,0.25,4,Oklahoma,Ensemble
2026-05-23,40,3,wk inc flu hosp,2026-06-13,quantile,0.3,5,Oklahoma,Ensemble
2026-05-23,40,3,wk inc flu hosp,2026-06-13,quantile,0.35,6,Oklahoma,Ensemble
2026-05-23,40,3,wk inc flu hosp,2026-06-13,quantile,0.4,7,Oklahoma,Ensemble
2026-05-23,40,3,wk inc flu hosp,2026-06-13,quantile,0.45,8,Oklahoma,Ensemble
2026-05-23,40,3,wk inc flu hosp,2026-06-13,quantile,0.5,10,Oklahoma,Ensemble
2026-05-23,40,3,wk inc flu hosp,2026-06-13,quantile,0.55,12,Oklahoma,Ensemble
2026-05-23,40,3,wk inc flu hosp,2026-06-13,quantile,0.6,14,Oklahoma,Ensemble
2026-05-23,40,3,wk inc flu hosp,2026-06-13,quantile,0.65,15,Oklahoma,Ensemble
2026-05-23,40,3,wk inc flu hosp,2026-06-13,quantile,0.7,18,Oklahoma,Ensemble
2026-05-23,40,3,wk inc flu hosp,2026-06-13,quantile,0.75,20,Oklahoma,Ensemble
2026-05-23,40,3,wk inc flu hosp,2026-06-13,quantile,0.8,23,Oklahoma,Ensemble
2026-05-23,40,3,wk inc flu hosp,2026-06-13,quantile,0.85,27,Oklahoma,Ensemble
2026-05-23,40,3,wk inc flu hosp,2026-06-13,quantile,0.9,35,Oklahoma,Ensemble
2026-05-23,40,3,wk inc flu hosp,2026-06-13,quantile,0.95,48,Oklahoma,Ensemble
2026-05-23,40,3,wk inc flu hosp,2026-06-13,quantile,0.975,59,Oklahoma,Ensemble
2026-05-23,40,3,wk inc flu hosp,2026-06-13,quantile,0.99,92,Oklahoma,Ensemble
2026-05-23,41,0,wk inc flu hosp,2026-05-23,quantile,0.01,1,Oregon,Ensemble
2026-05-23,41,0,wk inc flu hosp,2026-05-23,quantile,0.025,1,Oregon,Ensemble
2026-05-23,41,0,wk inc flu hosp,2026-05-23,quantile,0.05,2,Oregon,Ensemble
2026-05-23,41,0,wk inc flu hosp,2026-05-23,quantile,0.1,3,Oregon,Ensemble
2026-05-23,41,0,wk inc flu hosp,2026-05-23,quantile,0.15,4,Oregon,Ensemble
2026-05-23,41,0,wk inc flu hosp,2026-05-23,quantile,0.2,4,Oregon,Ensemble
2026-05-23,41,0,wk inc flu hosp,2026-05-23,quantile,0.25,5,Oregon,Ensemble
2026-05-23,41,0,wk inc flu hosp,2026-05-23,quantile,0.3,6,Oregon,Ensemble
2026-05-23,41,0,wk inc flu hosp,2026-05-23,quantile,0.35,6,Oregon,Ensemble
2026-05-23,41,0,wk inc flu hosp,2026-05-23,quantile,0.4,7,Oregon,Ensemble
2026-05-23,41,0,wk inc flu hosp,2026-05-23,quantile,0.45,8,Oregon,Ensemble
2026-05-23,41,0,wk inc flu hosp,2026-05-23,quantile,0.5,10,Oregon,Ensemble
2026-05-23,41,0,wk inc flu hosp,2026-05-23,quantile,0.55,11,Oregon,Ensemble
2026-05-23,41,0,wk inc flu hosp,2026-05-23,quantile,0.6,12,Oregon,Ensemble
2026-05-23,41,0,wk inc flu hosp,2026-05-23,quantile,0.65,13,Oregon,Ensemble
2026-05-23,41,0,wk inc flu hosp,2026-05-23,quantile,0.7,14,Oregon,Ensemble
2026-05-23,41,0,wk inc flu hosp,2026-05-23,quantile,0.75,15,Oregon,Ensemble
2026-05-23,41,0,wk inc flu hosp,2026-05-23,quantile,0.8,17,Oregon,Ensemble
2026-05-23,41,0,wk inc flu hosp,2026-05-23,quantile,0.85,19,Oregon,Ensemble
2026-05-23,41,0,wk inc flu hosp,2026-05-23,quantile,0.9,21,Oregon,Ensemble
2026-05-23,41,0,wk inc flu hosp,2026-05-23,quantile,0.95,26,Oregon,Ensemble
2026-05-23,41,0,wk inc flu hosp,2026-05-23,quantile,0.975,33,Oregon,Ensemble
2026-05-23,41,0,wk inc flu hosp,2026-05-23,quantile,0.99,54,Oregon,Ensemble
2026-05-23,41,1,wk inc flu hosp,2026-05-30,quantile,0.01,0,Oregon,Ensemble
2026-05-23,41,1,wk inc flu hosp,2026-05-30,quantile,0.025,1,Oregon,Ensemble
2026-05-23,41,1,wk inc flu hosp,2026-05-30,quantile,0.05,1,Oregon,Ensemble
2026-05-23,41,1,wk inc flu hosp,2026-05-30,quantile,0.1,2,Oregon,Ensemble
2026-05-23,41,1,wk inc flu hosp,2026-05-30,quantile,0.15,3,Oregon,Ensemble
2026-05-23,41,1,wk inc flu hosp,2026-05-30,quantile,0.2,3,Oregon,Ensemble
2026-05-23,41,1,wk inc flu hosp,2026-05-30,quantile,0.25,4,Oregon,Ensemble
2026-05-23,41,1,wk inc flu hosp,2026-05-30,quantile,0.3,5,Oregon,Ensemble
2026-05-23,41,1,wk inc flu hosp,2026-05-30,quantile,0.35,6,Oregon,Ensemble
2026-05-23,41,1,wk inc flu hosp,2026-05-30,quantile,0.4,6,Oregon,Ensemble
2026-05-23,41,1,wk inc flu hosp,2026-05-30,quantile,0.45,7,Oregon,Ensemble
2026-05-23,41,1,wk inc flu hosp,2026-05-30,quantile,0.5,9,Oregon,Ensemble
2026-05-23,41,1,wk inc flu hosp,2026-05-30,quantile,0.55,10,Oregon,Ensemble
2026-05-23,41,1,wk inc flu hosp,2026-05-30,quantile,0.6,11,Oregon,Ensemble
2026-05-23,41,1,wk inc flu hosp,2026-05-30,quantile,0.65,12,Oregon,Ensemble
2026-05-23,41,1,wk inc flu hosp,2026-05-30,quantile,0.7,13,Oregon,Ensemble
2026-05-23,41,1,wk inc flu hosp,2026-05-30,quantile,0.75,15,Oregon,Ensemble
2026-05-23,41,1,wk inc flu hosp,2026-05-30,quantile,0.8,17,Oregon,Ensemble
2026-05-23,41,1,wk inc flu hosp,2026-05-30,quantile,0.85,20,Oregon,Ensemble
2026-05-23,41,1,wk inc flu hosp,2026-05-30,quantile,0.9,23,Oregon,Ensemble
2026-05-23,41,1,wk inc flu hosp,2026-05-30,quantile,0.95,32,Oregon,Ensemble
2026-05-23,41,1,wk inc flu hosp,2026-05-30,quantile,0.975,48,Oregon,Ensemble
2026-05-23,41,1,wk inc flu hosp,2026-05-30,quantile,0.99,65,Oregon,Ensemble
2026-05-23,41,2,wk inc flu hosp,2026-06-06,quantile,0.01,0,Oregon,Ensemble
2026-05-23,41,2,wk inc flu hosp,2026-06-06,quantile,0.025,1,Oregon,Ensemble
2026-05-23,41,2,wk inc flu hosp,2026-06-06,quantile,0.05,1,Oregon,Ensemble
2026-05-23,41,2,wk inc flu hosp,2026-06-06,quantile,0.1,2,Oregon,Ensemble
2026-05-23,41,2,wk inc flu hosp,2026-06-06,quantile,0.15,2,Oregon,Ensemble
2026-05-23,41,2,wk inc flu hosp,2026-06-06,quantile,0.2,3,Oregon,Ensemble
2026-05-23,41,2,wk inc flu hosp,2026-06-06,quantile,0.25,4,Oregon,Ensemble
2026-05-23,41,2,wk inc flu hosp,2026-06-06,quantile,0.3,4,Oregon,Ensemble
2026-05-23,41,2,wk inc flu hosp,2026-06-06,quantile,0.35,5,Oregon,Ensemble
2026-05-23,41,2,wk inc flu hosp,2026-06-06,quantile,0.4,6,Oregon,Ensemble
2026-05-23,41,2,wk inc flu hosp,2026-06-06,quantile,0.45,7,Oregon,Ensemble
2026-05-23,41,2,wk inc flu hosp,2026-06-06,quantile,0.5,9,Oregon,Ensemble
2026-05-23,41,2,wk inc flu hosp,2026-06-06,quantile,0.55,10,Oregon,Ensemble
2026-05-23,41,2,wk inc flu hosp,2026-06-06,quantile,0.6,11,Oregon,Ensemble
2026-05-23,41,2,wk inc flu hosp,2026-06-06,quantile,0.65,12,Oregon,Ensemble
2026-05-23,41,2,wk inc flu hosp,2026-06-06,quantile,0.7,14,Oregon,Ensemble
2026-05-23,41,2,wk inc flu hosp,2026-06-06,quantile,0.75,16,Oregon,Ensemble
2026-05-23,41,2,wk inc flu hosp,2026-06-06,quantile,0.8,18,Oregon,Ensemble
2026-05-23,41,2,wk inc flu hosp,2026-06-06,quantile,0.85,21,Oregon,Ensemble
2026-05-23,41,2,wk inc flu hosp,2026-06-06,quantile,0.9,25,Oregon,Ensemble
2026-05-23,41,2,wk inc flu hosp,2026-06-06,quantile,0.95,35,Oregon,Ensemble
2026-05-23,41,2,wk inc flu hosp,2026-06-06,quantile,0.975,53,Oregon,Ensemble
2026-05-23,41,2,wk inc flu hosp,2026-06-06,quantile,0.99,73,Oregon,Ensemble
2026-05-23,41,3,wk inc flu hosp,2026-06-13,quantile,0.01,0,Oregon,Ensemble
2026-05-23,41,3,wk inc flu hosp,2026-06-13,quantile,0.025,0,Oregon,Ensemble
2026-05-23,41,3,wk inc flu hosp,2026-06-13,quantile,0.05,0,Oregon,Ensemble
2026-05-23,41,3,wk inc flu hosp,2026-06-13,quantile,0.1,1,Oregon,Ensemble
2026-05-23,41,3,wk inc flu hosp,2026-06-13,quantile,0.15,2,Oregon,Ensemble
2026-05-23,41,3,wk inc flu hosp,2026-06-13,quantile,0.2,2,Oregon,Ensemble
2026-05-23,41,3,wk inc flu hosp,2026-06-13,quantile,0.25,3,Oregon,Ensemble
2026-05-23,41,3,wk inc flu hosp,2026-06-13,quantile,0.3,3,Oregon,Ensemble
2026-05-23,41,3,wk inc flu hosp,2026-06-13,quantile,0.35,4,Oregon,Ensemble
2026-05-23,41,3,wk inc flu hosp,2026-06-13,quantile,0.4,5,Oregon,Ensemble
2026-05-23,41,3,wk inc flu hosp,2026-06-13,quantile,0.45,5,Oregon,Ensemble
2026-05-23,41,3,wk inc flu hosp,2026-06-13,quantile,0.5,8,Oregon,Ensemble
2026-05-23,41,3,wk inc flu hosp,2026-06-13,quantile,0.55,9,Oregon,Ensemble
2026-05-23,41,3,wk inc flu hosp,2026-06-13,quantile,0.6,10,Oregon,Ensemble
2026-05-23,41,3,wk inc flu hosp,2026-06-13,quantile,0.65,12,Oregon,Ensemble
2026-05-23,41,3,wk inc flu hosp,2026-06-13,quantile,0.7,14,Oregon,Ensemble
2026-05-23,41,3,wk inc flu hosp,2026-06-13,quantile,0.75,16,Oregon,Ensemble
2026-05-23,41,3,wk inc flu hosp,2026-06-13,quantile,0.8,18,Oregon,Ensemble
2026-05-23,41,3,wk inc flu hosp,2026-06-13,quantile,0.85,22,Oregon,Ensemble
2026-05-23,41,3,wk inc flu hosp,2026-06-13,quantile,0.9,28,Oregon,Ensemble
2026-05-23,41,3,wk inc flu hosp,2026-06-13,quantile,0.95,40,Oregon,Ensemble
2026-05-23,41,3,wk inc flu hosp,2026-06-13,quantile,0.975,58,Oregon,Ensemble
2026-05-23,41,3,wk inc flu hosp,2026-06-13,quantile,0.99,80,Oregon,Ensemble
2026-05-23,42,0,wk inc flu hosp,2026-05-23,quantile,0.01,39,Pennsylvania,Ensemble
2026-05-23,42,0,wk inc flu hosp,2026-05-23,quantile,0.025,48,Pennsylvania,Ensemble
2026-05-23,42,0,wk inc flu hosp,2026-05-23,quantile,0.05,57,Pennsylvania,Ensemble
2026-05-23,42,0,wk inc flu hosp,2026-05-23,quantile,0.1,69,Pennsylvania,Ensemble
2026-05-23,42,0,wk inc flu hosp,2026-05-23,quantile,0.15,77,Pennsylvania,Ensemble
2026-05-23,42,0,wk inc flu hosp,2026-05-23,quantile,0.2,84,Pennsylvania,Ensemble
2026-05-23,42,0,wk inc flu hosp,2026-05-23,quantile,0.25,92,Pennsylvania,Ensemble
2026-05-23,42,0,wk inc flu hosp,2026-05-23,quantile,0.3,98,Pennsylvania,Ensemble
2026-05-23,42,0,wk inc flu hosp,2026-05-23,quantile,0.35,103,Pennsylvania,Ensemble
2026-05-23,42,0,wk inc flu hosp,2026-05-23,quantile,0.4,109,Pennsylvania,Ensemble
2026-05-23,42,0,wk inc flu hosp,2026-05-23,quantile,0.45,116,Pennsylvania,Ensemble
2026-05-23,42,0,wk inc flu hosp,2026-05-23,quantile,0.5,123,Pennsylvania,Ensemble
2026-05-23,42,0,wk inc flu hosp,2026-05-23,quantile,0.55,129,Pennsylvania,Ensemble
2026-05-23,42,0,wk inc flu hosp,2026-05-23,quantile,0.6,137,Pennsylvania,Ensemble
2026-05-23,42,0,wk inc flu hosp,2026-05-23,quantile,0.65,143,Pennsylvania,Ensemble
2026-05-23,42,0,wk inc flu hosp,2026-05-23,quantile,0.7,150,Pennsylvania,Ensemble
2026-05-23,42,0,wk inc flu hosp,2026-05-23,quantile,0.75,157,Pennsylvania,Ensemble
2026-05-23,42,0,wk inc flu hosp,2026-05-23,quantile,0.8,168,Pennsylvania,Ensemble
2026-05-23,42,0,wk inc flu hosp,2026-05-23,quantile,0.85,179,Pennsylvania,Ensemble
2026-05-23,42,0,wk inc flu hosp,2026-05-23,quantile,0.9,194,Pennsylvania,Ensemble
2026-05-23,42,0,wk inc flu hosp,2026-05-23,quantile,0.95,223,Pennsylvania,Ensemble
2026-05-23,42,0,wk inc flu hosp,2026-05-23,quantile,0.975,251,Pennsylvania,Ensemble
2026-05-23,42,0,wk inc flu hosp,2026-05-23,quantile,0.99,300,Pennsylvania,Ensemble
2026-05-23,42,1,wk inc flu hosp,2026-05-30,quantile,0.01,29,Pennsylvania,Ensemble
2026-05-23,42,1,wk inc flu hosp,2026-05-30,quantile,0.025,36,Pennsylvania,Ensemble
2026-05-23,42,1,wk inc flu hosp,2026-05-30,quantile,0.05,43,Pennsylvania,Ensemble
2026-05-23,42,1,wk inc flu hosp,2026-05-30,quantile,0.1,54,Pennsylvania,Ensemble
2026-05-23,42,1,wk inc flu hosp,2026-05-30,quantile,0.15,62,Pennsylvania,Ensemble
2026-05-23,42,1,wk inc flu hosp,2026-05-30,quantile,0.2,69,Pennsylvania,Ensemble
2026-05-23,42,1,wk inc flu hosp,2026-05-30,quantile,0.25,77,Pennsylvania,Ensemble
2026-05-23,42,1,wk inc flu hosp,2026-05-30,quantile,0.3,83,Pennsylvania,Ensemble
2026-05-23,42,1,wk inc flu hosp,2026-05-30,quantile,0.35,89,Pennsylvania,Ensemble
2026-05-23,42,1,wk inc flu hosp,2026-05-30,quantile,0.4,98,Pennsylvania,Ensemble
2026-05-23,42,1,wk inc flu hosp,2026-05-30,quantile,0.45,104,Pennsylvania,Ensemble
2026-05-23,42,1,wk inc flu hosp,2026-05-30,quantile,0.5,112,Pennsylvania,Ensemble
2026-05-23,42,1,wk inc flu hosp,2026-05-30,quantile,0.55,119,Pennsylvania,Ensemble
2026-05-23,42,1,wk inc flu hosp,2026-05-30,quantile,0.6,127,Pennsylvania,Ensemble
2026-05-23,42,1,wk inc flu hosp,2026-05-30,quantile,0.65,136,Pennsylvania,Ensemble
2026-05-23,42,1,wk inc flu hosp,2026-05-30,quantile,0.7,144,Pennsylvania,Ensemble
2026-05-23,42,1,wk inc flu hosp,2026-05-30,quantile,0.75,153,Pennsylvania,Ensemble
2026-05-23,42,1,wk inc flu hosp,2026-05-30,quantile,0.8,165,Pennsylvania,Ensemble
2026-05-23,42,1,wk inc flu hosp,2026-05-30,quantile,0.85,180,Pennsylvania,Ensemble
2026-05-23,42,1,wk inc flu hosp,2026-05-30,quantile,0.9,201,Pennsylvania,Ensemble
2026-05-23,42,1,wk inc flu hosp,2026-05-30,quantile,0.95,251,Pennsylvania,Ensemble
2026-05-23,42,1,wk inc flu hosp,2026-05-30,quantile,0.975,301,Pennsylvania,Ensemble
2026-05-23,42,1,wk inc flu hosp,2026-05-30,quantile,0.99,398,Pennsylvania,Ensemble
2026-05-23,42,2,wk inc flu hosp,2026-06-06,quantile,0.01,24,Pennsylvania,Ensemble
2026-05-23,42,2,wk inc flu hosp,2026-06-06,quantile,0.025,29,Pennsylvania,Ensemble
2026-05-23,42,2,wk inc flu hosp,2026-06-06,quantile,0.05,36,Pennsylvania,Ensemble
2026-05-23,42,2,wk inc flu hosp,2026-06-06,quantile,0.1,46,Pennsylvania,Ensemble
2026-05-23,42,2,wk inc flu hosp,2026-06-06,quantile,0.15,53,Pennsylvania,Ensemble
2026-05-23,42,2,wk inc flu hosp,2026-06-06,quantile,0.2,60,Pennsylvania,Ensemble
2026-05-23,42,2,wk inc flu hosp,2026-06-06,quantile,0.25,66,Pennsylvania,Ensemble
2026-05-23,42,2,wk inc flu hosp,2026-06-06,quantile,0.3,73,Pennsylvania,Ensemble
2026-05-23,42,2,wk inc flu hosp,2026-06-06,quantile,0.35,82,Pennsylvania,Ensemble
2026-05-23,42,2,wk inc flu hosp,2026-06-06,quantile,0.4,88,Pennsylvania,Ensemble
2026-05-23,42,2,wk inc flu hosp,2026-06-06,quantile,0.45,96,Pennsylvania,Ensemble
2026-05-23,42,2,wk inc flu hosp,2026-06-06,quantile,0.5,104,Pennsylvania,Ensemble
2026-05-23,42,2,wk inc flu hosp,2026-06-06,quantile,0.55,112,Pennsylvania,Ensemble
2026-05-23,42,2,wk inc flu hosp,2026-06-06,quantile,0.6,120,Pennsylvania,Ensemble
2026-05-23,42,2,wk inc flu hosp,2026-06-06,quantile,0.65,129,Pennsylvania,Ensemble
2026-05-23,42,2,wk inc flu hosp,2026-06-06,quantile,0.7,140,Pennsylvania,Ensemble
2026-05-23,42,2,wk inc flu hosp,2026-06-06,quantile,0.75,152,Pennsylvania,Ensemble
2026-05-23,42,2,wk inc flu hosp,2026-06-06,quantile,0.8,166,Pennsylvania,Ensemble
2026-05-23,42,2,wk inc flu hosp,2026-06-06,quantile,0.85,184,Pennsylvania,Ensemble
2026-05-23,42,2,wk inc flu hosp,2026-06-06,quantile,0.9,212,Pennsylvania,Ensemble
2026-05-23,42,2,wk inc flu hosp,2026-06-06,quantile,0.95,269,Pennsylvania,Ensemble
2026-05-23,42,2,wk inc flu hosp,2026-06-06,quantile,0.975,324,Pennsylvania,Ensemble
2026-05-23,42,2,wk inc flu hosp,2026-06-06,quantile,0.99,446,Pennsylvania,Ensemble
2026-05-23,42,3,wk inc flu hosp,2026-06-13,quantile,0.01,20,Pennsylvania,Ensemble
2026-05-23,42,3,wk inc flu hosp,2026-06-13,quantile,0.025,23,Pennsylvania,Ensemble
2026-05-23,42,3,wk inc flu hosp,2026-06-13,quantile,0.05,29,Pennsylvania,Ensemble
2026-05-23,42,3,wk inc flu hosp,2026-06-13,quantile,0.1,38,Pennsylvania,Ensemble
2026-05-23,42,3,wk inc flu hosp,2026-06-13,quantile,0.15,45,Pennsylvania,Ensemble
2026-05-23,42,3,wk inc flu hosp,2026-06-13,quantile,0.2,52,Pennsylvania,Ensemble
2026-05-23,42,3,wk inc flu hosp,2026-06-13,quantile,0.25,57,Pennsylvania,Ensemble
2026-05-23,42,3,wk inc flu hosp,2026-06-13,quantile,0.3,63,Pennsylvania,Ensemble
2026-05-23,42,3,wk inc flu hosp,2026-06-13,quantile,0.35,73,Pennsylvania,Ensemble
2026-05-23,42,3,wk inc flu hosp,2026-06-13,quantile,0.4,79,Pennsylvania,Ensemble
2026-05-23,42,3,wk inc flu hosp,2026-06-13,quantile,0.45,86,Pennsylvania,Ensemble
2026-05-23,42,3,wk inc flu hosp,2026-06-13,quantile,0.5,96,Pennsylvania,Ensemble
2026-05-23,42,3,wk inc flu hosp,2026-06-13,quantile,0.55,104,Pennsylvania,Ensemble
2026-05-23,42,3,wk inc flu hosp,2026-06-13,quantile,0.6,112,Pennsylvania,Ensemble
2026-05-23,42,3,wk inc flu hosp,2026-06-13,quantile,0.65,122,Pennsylvania,Ensemble
2026-05-23,42,3,wk inc flu hosp,2026-06-13,quantile,0.7,135,Pennsylvania,Ensemble
2026-05-23,42,3,wk inc flu hosp,2026-06-13,quantile,0.75,146,Pennsylvania,Ensemble
2026-05-23,42,3,wk inc flu hosp,2026-06-13,quantile,0.8,161,Pennsylvania,Ensemble
2026-05-23,42,3,wk inc flu hosp,2026-06-13,quantile,0.85,186,Pennsylvania,Ensemble
2026-05-23,42,3,wk inc flu hosp,2026-06-13,quantile,0.9,215,Pennsylvania,Ensemble
2026-05-23,42,3,wk inc flu hosp,2026-06-13,quantile,0.95,278,Pennsylvania,Ensemble
2026-05-23,42,3,wk inc flu hosp,2026-06-13,quantile,0.975,352,Pennsylvania,Ensemble
2026-05-23,42,3,wk inc flu hosp,2026-06-13,quantile,0.99,499,Pennsylvania,Ensemble
2026-05-23,44,0,wk inc flu hosp,2026-05-23,quantile,0.01,0,Rhode Island,Ensemble
2026-05-23,44,0,wk inc flu hosp,2026-05-23,quantile,0.025,1,Rhode Island,Ensemble
2026-05-23,44,0,wk inc flu hosp,2026-05-23,quantile,0.05,1,Rhode Island,Ensemble
2026-05-23,44,0,wk inc flu hosp,2026-05-23,quantile,0.1,1,Rhode Island,Ensemble
2026-05-23,44,0,wk inc flu hosp,2026-05-23,quantile,0.15,2,Rhode Island,Ensemble
2026-05-23,44,0,wk inc flu hosp,2026-05-23,quantile,0.2,2,Rhode Island,Ensemble
2026-05-23,44,0,wk inc flu hosp,2026-05-23,quantile,0.25,3,Rhode Island,Ensemble
2026-05-23,44,0,wk inc flu hosp,2026-05-23,quantile,0.3,3,Rhode Island,Ensemble
2026-05-23,44,0,wk inc flu hosp,2026-05-23,quantile,0.35,3,Rhode Island,Ensemble
2026-05-23,44,0,wk inc flu hosp,2026-05-23,quantile,0.4,4,Rhode Island,Ensemble
2026-05-23,44,0,wk inc flu hosp,2026-05-23,quantile,0.45,4,Rhode Island,Ensemble
2026-05-23,44,0,wk inc flu hosp,2026-05-23,quantile,0.5,6,Rhode Island,Ensemble
2026-05-23,44,0,wk inc flu hosp,2026-05-23,quantile,0.55,6,Rhode Island,Ensemble
2026-05-23,44,0,wk inc flu hosp,2026-05-23,quantile,0.6,7,Rhode Island,Ensemble
2026-05-23,44,0,wk inc flu hosp,2026-05-23,quantile,0.65,7,Rhode Island,Ensemble
2026-05-23,44,0,wk inc flu hosp,2026-05-23,quantile,0.7,8,Rhode Island,Ensemble
2026-05-23,44,0,wk inc flu hosp,2026-05-23,quantile,0.75,9,Rhode Island,Ensemble
2026-05-23,44,0,wk inc flu hosp,2026-05-23,quantile,0.8,9,Rhode Island,Ensemble
2026-05-23,44,0,wk inc flu hosp,2026-05-23,quantile,0.85,10,Rhode Island,Ensemble
2026-05-23,44,0,wk inc flu hosp,2026-05-23,quantile,0.9,12,Rhode Island,Ensemble
2026-05-23,44,0,wk inc flu hosp,2026-05-23,quantile,0.95,15,Rhode Island,Ensemble
2026-05-23,44,0,wk inc flu hosp,2026-05-23,quantile,0.975,18,Rhode Island,Ensemble
2026-05-23,44,0,wk inc flu hosp,2026-05-23,quantile,0.99,24,Rhode Island,Ensemble
2026-05-23,44,1,wk inc flu hosp,2026-05-30,quantile,0.01,0,Rhode Island,Ensemble
2026-05-23,44,1,wk inc flu hosp,2026-05-30,quantile,0.025,0,Rhode Island,Ensemble
2026-05-23,44,1,wk inc flu hosp,2026-05-30,quantile,0.05,1,Rhode Island,Ensemble
2026-05-23,44,1,wk inc flu hosp,2026-05-30,quantile,0.1,1,Rhode Island,Ensemble
2026-05-23,44,1,wk inc flu hosp,2026-05-30,quantile,0.15,1,Rhode Island,Ensemble
2026-05-23,44,1,wk inc flu hosp,2026-05-30,quantile,0.2,2,Rhode Island,Ensemble
2026-05-23,44,1,wk inc flu hosp,2026-05-30,quantile,0.25,2,Rhode Island,Ensemble
2026-05-23,44,1,wk inc flu hosp,2026-05-30,quantile,0.3,2,Rhode Island,Ensemble
2026-05-23,44,1,wk inc flu hosp,2026-05-30,quantile,0.35,3,Rhode Island,Ensemble
2026-05-23,44,1,wk inc flu hosp,2026-05-30,quantile,0.4,3,Rhode Island,Ensemble
2026-05-23,44,1,wk inc flu hosp,2026-05-30,quantile,0.45,4,Rhode Island,Ensemble
2026-05-23,44,1,wk inc flu hosp,2026-05-30,quantile,0.5,5,Rhode Island,Ensemble
2026-05-23,44,1,wk inc flu hosp,2026-05-30,quantile,0.55,6,Rhode Island,Ensemble
2026-05-23,44,1,wk inc flu hosp,2026-05-30,quantile,0.6,7,Rhode Island,Ensemble
2026-05-23,44,1,wk inc flu hosp,2026-05-30,quantile,0.65,7,Rhode Island,Ensemble
2026-05-23,44,1,wk inc flu hosp,2026-05-30,quantile,0.7,8,Rhode Island,Ensemble
2026-05-23,44,1,wk inc flu hosp,2026-05-30,quantile,0.75,9,Rhode Island,Ensemble
2026-05-23,44,1,wk inc flu hosp,2026-05-30,quantile,0.8,10,Rhode Island,Ensemble
2026-05-23,44,1,wk inc flu hosp,2026-05-30,quantile,0.85,11,Rhode Island,Ensemble
2026-05-23,44,1,wk inc flu hosp,2026-05-30,quantile,0.9,14,Rhode Island,Ensemble
2026-05-23,44,1,wk inc flu hosp,2026-05-30,quantile,0.95,19,Rhode Island,Ensemble
2026-05-23,44,1,wk inc flu hosp,2026-05-30,quantile,0.975,24,Rhode Island,Ensemble
2026-05-23,44,1,wk inc flu hosp,2026-05-30,quantile,0.99,36,Rhode Island,Ensemble
2026-05-23,44,2,wk inc flu hosp,2026-06-06,quantile,0.01,0,Rhode Island,Ensemble
2026-05-23,44,2,wk inc flu hosp,2026-06-06,quantile,0.025,0,Rhode Island,Ensemble
2026-05-23,44,2,wk inc flu hosp,2026-06-06,quantile,0.05,0,Rhode Island,Ensemble
2026-05-23,44,2,wk inc flu hosp,2026-06-06,quantile,0.1,1,Rhode Island,Ensemble
2026-05-23,44,2,wk inc flu hosp,2026-06-06,quantile,0.15,1,Rhode Island,Ensemble
2026-05-23,44,2,wk inc flu hosp,2026-06-06,quantile,0.2,1,Rhode Island,Ensemble
2026-05-23,44,2,wk inc flu hosp,2026-06-06,quantile,0.25,1,Rhode Island,Ensemble
2026-05-23,44,2,wk inc flu hosp,2026-06-06,quantile,0.3,2,Rhode Island,Ensemble
2026-05-23,44,2,wk inc flu hosp,2026-06-06,quantile,0.35,2,Rhode Island,Ensemble
2026-05-23,44,2,wk inc flu hosp,2026-06-06,quantile,0.4,3,Rhode Island,Ensemble
2026-05-23,44,2,wk inc flu hosp,2026-06-06,quantile,0.45,3,Rhode Island,Ensemble
2026-05-23,44,2,wk inc flu hosp,2026-06-06,quantile,0.5,5,Rhode Island,Ensemble
2026-05-23,44,2,wk inc flu hosp,2026-06-06,quantile,0.55,6,Rhode Island,Ensemble
2026-05-23,44,2,wk inc flu hosp,2026-06-06,quantile,0.6,6,Rhode Island,Ensemble
2026-05-23,44,2,wk inc flu hosp,2026-06-06,quantile,0.65,7,Rhode Island,Ensemble
2026-05-23,44,2,wk inc flu hosp,2026-06-06,quantile,0.7,8,Rhode Island,Ensemble
2026-05-23,44,2,wk inc flu hosp,2026-06-06,quantile,0.75,9,Rhode Island,Ensemble
2026-05-23,44,2,wk inc flu hosp,2026-06-06,quantile,0.8,10,Rhode Island,Ensemble
2026-05-23,44,2,wk inc flu hosp,2026-06-06,quantile,0.85,12,Rhode Island,Ensemble
2026-05-23,44,2,wk inc flu hosp,2026-06-06,quantile,0.9,15,Rhode Island,Ensemble
2026-05-23,44,2,wk inc flu hosp,2026-06-06,quantile,0.95,21,Rhode Island,Ensemble
2026-05-23,44,2,wk inc flu hosp,2026-06-06,quantile,0.975,27,Rhode Island,Ensemble
2026-05-23,44,2,wk inc flu hosp,2026-06-06,quantile,0.99,40,Rhode Island,Ensemble
2026-05-23,44,3,wk inc flu hosp,2026-06-13,quantile,0.01,0,Rhode Island,Ensemble
2026-05-23,44,3,wk inc flu hosp,2026-06-13,quantile,0.025,0,Rhode Island,Ensemble
2026-05-23,44,3,wk inc flu hosp,2026-06-13,quantile,0.05,0,Rhode Island,Ensemble
2026-05-23,44,3,wk inc flu hosp,2026-06-13,quantile,0.1,0,Rhode Island,Ensemble
2026-05-23,44,3,wk inc flu hosp,2026-06-13,quantile,0.15,1,Rhode Island,Ensemble
2026-05-23,44,3,wk inc flu hosp,2026-06-13,quantile,0.2,1,Rhode Island,Ensemble
2026-05-23,44,3,wk inc flu hosp,2026-06-13,quantile,0.25,1,Rhode Island,Ensemble
2026-05-23,44,3,wk inc flu hosp,2026-06-13,quantile,0.3,1,Rhode Island,Ensemble
2026-05-23,44,3,wk inc flu hosp,2026-06-13,quantile,0.35,2,Rhode Island,Ensemble
2026-05-23,44,3,wk inc flu hosp,2026-06-13,quantile,0.4,2,Rhode Island,Ensemble
2026-05-23,44,3,wk inc flu hosp,2026-06-13,quantile,0.45,2,Rhode Island,Ensemble
2026-05-23,44,3,wk inc flu hosp,2026-06-13,quantile,0.5,4,Rhode Island,Ensemble
2026-05-23,44,3,wk inc flu hosp,2026-06-13,quantile,0.55,5,Rhode Island,Ensemble
2026-05-23,44,3,wk inc flu hosp,2026-06-13,quantile,0.6,6,Rhode Island,Ensemble
2026-05-23,44,3,wk inc flu hosp,2026-06-13,quantile,0.65,7,Rhode Island,Ensemble
2026-05-23,44,3,wk inc flu hosp,2026-06-13,quantile,0.7,8,Rhode Island,Ensemble
2026-05-23,44,3,wk inc flu hosp,2026-06-13,quantile,0.75,9,Rhode Island,Ensemble
2026-05-23,44,3,wk inc flu hosp,2026-06-13,quantile,0.8,10,Rhode Island,Ensemble
2026-05-23,44,3,wk inc flu hosp,2026-06-13,quantile,0.85,13,Rhode Island,Ensemble
2026-05-23,44,3,wk inc flu hosp,2026-06-13,quantile,0.9,16,Rhode Island,Ensemble
2026-05-23,44,3,wk inc flu hosp,2026-06-13,quantile,0.95,22,Rhode Island,Ensemble
2026-05-23,44,3,wk inc flu hosp,2026-06-13,quantile,0.975,32,Rhode Island,Ensemble
2026-05-23,44,3,wk inc flu hosp,2026-06-13,quantile,0.99,44,Rhode Island,Ensemble
2026-05-23,45,0,wk inc flu hosp,2026-05-23,quantile,0.01,1,South Carolina,Ensemble
2026-05-23,45,0,wk inc flu hosp,2026-05-23,quantile,0.025,1,South Carolina,Ensemble
2026-05-23,45,0,wk inc flu hosp,2026-05-23,quantile,0.05,1,South Carolina,Ensemble
2026-05-23,45,0,wk inc flu hosp,2026-05-23,quantile,0.1,2,South Carolina,Ensemble
2026-05-23,45,0,wk inc flu hosp,2026-05-23,quantile,0.15,3,South Carolina,Ensemble
2026-05-23,45,0,wk inc flu hosp,2026-05-23,quantile,0.2,3,South Carolina,Ensemble
2026-05-23,45,0,wk inc flu hosp,2026-05-23,quantile,0.25,4,South Carolina,Ensemble
2026-05-23,45,0,wk inc flu hosp,2026-05-23,quantile,0.3,5,South Carolina,Ensemble
2026-05-23,45,0,wk inc flu hosp,2026-05-23,quantile,0.35,5,South Carolina,Ensemble
2026-05-23,45,0,wk inc flu hosp,2026-05-23,quantile,0.4,6,South Carolina,Ensemble
2026-05-23,45,0,wk inc flu hosp,2026-05-23,quantile,0.45,7,South Carolina,Ensemble
2026-05-23,45,0,wk inc flu hosp,2026-05-23,quantile,0.5,9,South Carolina,Ensemble
2026-05-23,45,0,wk inc flu hosp,2026-05-23,quantile,0.55,10,South Carolina,Ensemble
2026-05-23,45,0,wk inc flu hosp,2026-05-23,quantile,0.6,10,South Carolina,Ensemble
2026-05-23,45,0,wk inc flu hosp,2026-05-23,quantile,0.65,11,South Carolina,Ensemble
2026-05-23,45,0,wk inc flu hosp,2026-05-23,quantile,0.7,13,South Carolina,Ensemble
2026-05-23,45,0,wk inc flu hosp,2026-05-23,quantile,0.75,14,South Carolina,Ensemble
2026-05-23,45,0,wk inc flu hosp,2026-05-23,quantile,0.8,16,South Carolina,Ensemble
2026-05-23,45,0,wk inc flu hosp,2026-05-23,quantile,0.85,17,South Carolina,Ensemble
2026-05-23,45,0,wk inc flu hosp,2026-05-23,quantile,0.9,20,South Carolina,Ensemble
2026-05-23,45,0,wk inc flu hosp,2026-05-23,quantile,0.95,26,South Carolina,Ensemble
2026-05-23,45,0,wk inc flu hosp,2026-05-23,quantile,0.975,33,South Carolina,Ensemble
2026-05-23,45,0,wk inc flu hosp,2026-05-23,quantile,0.99,44,South Carolina,Ensemble
2026-05-23,45,1,wk inc flu hosp,2026-05-30,quantile,0.01,0,South Carolina,Ensemble
2026-05-23,45,1,wk inc flu hosp,2026-05-30,quantile,0.025,1,South Carolina,Ensemble
2026-05-23,45,1,wk inc flu hosp,2026-05-30,quantile,0.05,1,South Carolina,Ensemble
2026-05-23,45,1,wk inc flu hosp,2026-05-30,quantile,0.1,2,South Carolina,Ensemble
2026-05-23,45,1,wk inc flu hosp,2026-05-30,quantile,0.15,2,South Carolina,Ensemble
2026-05-23,45,1,wk inc flu hosp,2026-05-30,quantile,0.2,3,South Carolina,Ensemble
2026-05-23,45,1,wk inc flu hosp,2026-05-30,quantile,0.25,4,South Carolina,Ensemble
2026-05-23,45,1,wk inc flu hosp,2026-05-30,quantile,0.3,4,South Carolina,Ensemble
2026-05-23,45,1,wk inc flu hosp,2026-05-30,quantile,0.35,5,South Carolina,Ensemble
2026-05-23,45,1,wk inc flu hosp,2026-05-30,quantile,0.4,6,South Carolina,Ensemble
2026-05-23,45,1,wk inc flu hosp,2026-05-30,quantile,0.45,7,South Carolina,Ensemble
2026-05-23,45,1,wk inc flu hosp,2026-05-30,quantile,0.5,9,South Carolina,Ensemble
2026-05-23,45,1,wk inc flu hosp,2026-05-30,quantile,0.55,10,South Carolina,Ensemble
2026-05-23,45,1,wk inc flu hosp,2026-05-30,quantile,0.6,11,South Carolina,Ensemble
2026-05-23,45,1,wk inc flu hosp,2026-05-30,quantile,0.65,12,South Carolina,Ensemble
2026-05-23,45,1,wk inc flu hosp,2026-05-30,quantile,0.7,14,South Carolina,Ensemble
2026-05-23,45,1,wk inc flu hosp,2026-05-30,quantile,0.75,15,South Carolina,Ensemble
2026-05-23,45,1,wk inc flu hosp,2026-05-30,quantile,0.8,17,South Carolina,Ensemble
2026-05-23,45,1,wk inc flu hosp,2026-05-30,quantile,0.85,21,South Carolina,Ensemble
2026-05-23,45,1,wk inc flu hosp,2026-05-30,quantile,0.9,26,South Carolina,Ensemble
2026-05-23,45,1,wk inc flu hosp,2026-05-30,quantile,0.95,36,South Carolina,Ensemble
2026-05-23,45,1,wk inc flu hosp,2026-05-30,quantile,0.975,47,South Carolina,Ensemble
2026-05-23,45,1,wk inc flu hosp,2026-05-30,quantile,0.99,74,South Carolina,Ensemble
2026-05-23,45,2,wk inc flu hosp,2026-06-06,quantile,0.01,0,South Carolina,Ensemble
2026-05-23,45,2,wk inc flu hosp,2026-06-06,quantile,0.025,1,South Carolina,Ensemble
2026-05-23,45,2,wk inc flu hosp,2026-06-06,quantile,0.05,1,South Carolina,Ensemble
2026-05-23,45,2,wk inc flu hosp,2026-06-06,quantile,0.1,2,South Carolina,Ensemble
2026-05-23,45,2,wk inc flu hosp,2026-06-06,quantile,0.15,2,South Carolina,Ensemble
2026-05-23,45,2,wk inc flu hosp,2026-06-06,quantile,0.2,3,South Carolina,Ensemble
2026-05-23,45,2,wk inc flu hosp,2026-06-06,quantile,0.25,4,South Carolina,Ensemble
2026-05-23,45,2,wk inc flu hosp,2026-06-06,quantile,0.3,4,South Carolina,Ensemble
2026-05-23,45,2,wk inc flu hosp,2026-06-06,quantile,0.35,5,South Carolina,Ensemble
2026-05-23,45,2,wk inc flu hosp,2026-06-06,quantile,0.4,6,South Carolina,Ensemble
2026-05-23,45,2,wk inc flu hosp,2026-06-06,quantile,0.45,6,South Carolina,Ensemble
2026-05-23,45,2,wk inc flu hosp,2026-06-06,quantile,0.5,8,South Carolina,Ensemble
2026-05-23,45,2,wk inc flu hosp,2026-06-06,quantile,0.55,10,South Carolina,Ensemble
2026-05-23,45,2,wk inc flu hosp,2026-06-06,quantile,0.6,11,South Carolina,Ensemble
2026-05-23,45,2,wk inc flu hosp,2026-06-06,quantile,0.65,13,South Carolina,Ensemble
2026-05-23,45,2,wk inc flu hosp,2026-06-06,quantile,0.7,14,South Carolina,Ensemble
2026-05-23,45,2,wk inc flu hosp,2026-06-06,quantile,0.75,17,South Carolina,Ensemble
2026-05-23,45,2,wk inc flu hosp,2026-06-06,quantile,0.8,20,South Carolina,Ensemble
2026-05-23,45,2,wk inc flu hosp,2026-06-06,quantile,0.85,24,South Carolina,Ensemble
2026-05-23,45,2,wk inc flu hosp,2026-06-06,quantile,0.9,31,South Carolina,Ensemble
2026-05-23,45,2,wk inc flu hosp,2026-06-06,quantile,0.95,44,South Carolina,Ensemble
2026-05-23,45,2,wk inc flu hosp,2026-06-06,quantile,0.975,59,South Carolina,Ensemble
2026-05-23,45,2,wk inc flu hosp,2026-06-06,quantile,0.99,101,South Carolina,Ensemble
2026-05-23,45,3,wk inc flu hosp,2026-06-13,quantile,0.01,0,South Carolina,Ensemble
2026-05-23,45,3,wk inc flu hosp,2026-06-13,quantile,0.025,1,South Carolina,Ensemble
2026-05-23,45,3,wk inc flu hosp,2026-06-13,quantile,0.05,1,South Carolina,Ensemble
2026-05-23,45,3,wk inc flu hosp,2026-06-13,quantile,0.1,2,South Carolina,Ensemble
2026-05-23,45,3,wk inc flu hosp,2026-06-13,quantile,0.15,2,South Carolina,Ensemble
2026-05-23,45,3,wk inc flu hosp,2026-06-13,quantile,0.2,3,South Carolina,Ensemble
2026-05-23,45,3,wk inc flu hosp,2026-06-13,quantile,0.25,3,South Carolina,Ensemble
2026-05-23,45,3,wk inc flu hosp,2026-06-13,quantile,0.3,4,South Carolina,Ensemble
2026-05-23,45,3,wk inc flu hosp,2026-06-13,quantile,0.35,4,South Carolina,Ensemble
2026-05-23,45,3,wk inc flu hosp,2026-06-13,quantile,0.4,5,South Carolina,Ensemble
2026-05-23,45,3,wk inc flu hosp,2026-06-13,quantile,0.45,6,South Carolina,Ensemble
2026-05-23,45,3,wk inc flu hosp,2026-06-13,quantile,0.5,8,South Carolina,Ensemble
2026-05-23,45,3,wk inc flu hosp,2026-06-13,quantile,0.55,10,South Carolina,Ensemble
2026-05-23,45,3,wk inc flu hosp,2026-06-13,quantile,0.6,11,South Carolina,Ensemble
2026-05-23,45,3,wk inc flu hosp,2026-06-13,quantile,0.65,14,South Carolina,Ensemble
2026-05-23,45,3,wk inc flu hosp,2026-06-13,quantile,0.7,16,South Carolina,Ensemble
2026-05-23,45,3,wk inc flu hosp,2026-06-13,quantile,0.75,19,South Carolina,Ensemble
2026-05-23,45,3,wk inc flu hosp,2026-06-13,quantile,0.8,23,South Carolina,Ensemble
2026-05-23,45,3,wk inc flu hosp,2026-06-13,quantile,0.85,30,South Carolina,Ensemble
2026-05-23,45,3,wk inc flu hosp,2026-06-13,quantile,0.9,38,South Carolina,Ensemble
2026-05-23,45,3,wk inc flu hosp,2026-06-13,quantile,0.95,52,South Carolina,Ensemble
2026-05-23,45,3,wk inc flu hosp,2026-06-13,quantile,0.975,70,South Carolina,Ensemble
2026-05-23,45,3,wk inc flu hosp,2026-06-13,quantile,0.99,113,South Carolina,Ensemble
2026-05-23,46,0,wk inc flu hosp,2026-05-23,quantile,0.01,0,South Dakota,Ensemble
2026-05-23,46,0,wk inc flu hosp,2026-05-23,quantile,0.025,0,South Dakota,Ensemble
2026-05-23,46,0,wk inc flu hosp,2026-05-23,quantile,0.05,0,South Dakota,Ensemble
2026-05-23,46,0,wk inc flu hosp,2026-05-23,quantile,0.1,0,South Dakota,Ensemble
2026-05-23,46,0,wk inc flu hosp,2026-05-23,quantile,0.15,0,South Dakota,Ensemble
2026-05-23,46,0,wk inc flu hosp,2026-05-23,quantile,0.2,0,South Dakota,Ensemble
2026-05-23,46,0,wk inc flu hosp,2026-05-23,quantile,0.25,1,South Dakota,Ensemble
2026-05-23,46,0,wk inc flu hosp,2026-05-23,quantile,0.3,1,South Dakota,Ensemble
2026-05-23,46,0,wk inc flu hosp,2026-05-23,quantile,0.35,1,South Dakota,Ensemble
2026-05-23,46,0,wk inc flu hosp,2026-05-23,quantile,0.4,1,South Dakota,Ensemble
2026-05-23,46,0,wk inc flu hosp,2026-05-23,quantile,0.45,1,South Dakota,Ensemble
2026-05-23,46,0,wk inc flu hosp,2026-05-23,quantile,0.5,3,South Dakota,Ensemble
2026-05-23,46,0,wk inc flu hosp,2026-05-23,quantile,0.55,3,South Dakota,Ensemble
2026-05-23,46,0,wk inc flu hosp,2026-05-23,quantile,0.6,4,South Dakota,Ensemble
2026-05-23,46,0,wk inc flu hosp,2026-05-23,quantile,0.65,4,South Dakota,Ensemble
2026-05-23,46,0,wk inc flu hosp,2026-05-23,quantile,0.7,4,South Dakota,Ensemble
2026-05-23,46,0,wk inc flu hosp,2026-05-23,quantile,0.75,5,South Dakota,Ensemble
2026-05-23,46,0,wk inc flu hosp,2026-05-23,quantile,0.8,6,South Dakota,Ensemble
2026-05-23,46,0,wk inc flu hosp,2026-05-23,quantile,0.85,6,South Dakota,Ensemble
2026-05-23,46,0,wk inc flu hosp,2026-05-23,quantile,0.9,7,South Dakota,Ensemble
2026-05-23,46,0,wk inc flu hosp,2026-05-23,quantile,0.95,9,South Dakota,Ensemble
2026-05-23,46,0,wk inc flu hosp,2026-05-23,quantile,0.975,12,South Dakota,Ensemble
2026-05-23,46,0,wk inc flu hosp,2026-05-23,quantile,0.99,15,South Dakota,Ensemble
2026-05-23,46,1,wk inc flu hosp,2026-05-30,quantile,0.01,0,South Dakota,Ensemble
2026-05-23,46,1,wk inc flu hosp,2026-05-30,quantile,0.025,0,South Dakota,Ensemble
2026-05-23,46,1,wk inc flu hosp,2026-05-30,quantile,0.05,0,South Dakota,Ensemble
2026-05-23,46,1,wk inc flu hosp,2026-05-30,quantile,0.1,0,South Dakota,Ensemble
2026-05-23,46,1,wk inc flu hosp,2026-05-30,quantile,0.15,0,South Dakota,Ensemble
2026-05-23,46,1,wk inc flu hosp,2026-05-30,quantile,0.2,0,South Dakota,Ensemble
2026-05-23,46,1,wk inc flu hosp,2026-05-30,quantile,0.25,0,South Dakota,Ensemble
2026-05-23,46,1,wk inc flu hosp,2026-05-30,quantile,0.3,1,South Dakota,Ensemble
2026-05-23,46,1,wk inc flu hosp,2026-05-30,quantile,0.35,1,South Dakota,Ensemble
2026-05-23,46,1,wk inc flu hosp,2026-05-30,quantile,0.4,1,South Dakota,Ensemble
2026-05-23,46,1,wk inc flu hosp,2026-05-30,quantile,0.45,1,South Dakota,Ensemble
2026-05-23,46,1,wk inc flu hosp,2026-05-30,quantile,0.5,2,South Dakota,Ensemble
2026-05-23,46,1,wk inc flu hosp,2026-05-30,quantile,0.55,3,South Dakota,Ensemble
2026-05-23,46,1,wk inc flu hosp,2026-05-30,quantile,0.6,3,South Dakota,Ensemble
2026-05-23,46,1,wk inc flu hosp,2026-05-30,quantile,0.65,3,South Dakota,Ensemble
2026-05-23,46,1,wk inc flu hosp,2026-05-30,quantile,0.7,4,South Dakota,Ensemble
2026-05-23,46,1,wk inc flu hosp,2026-05-30,quantile,0.75,4,South Dakota,Ensemble
2026-05-23,46,1,wk inc flu hosp,2026-05-30,quantile,0.8,5,South Dakota,Ensemble
2026-05-23,46,1,wk inc flu hosp,2026-05-30,quantile,0.85,6,South Dakota,Ensemble
2026-05-23,46,1,wk inc flu hosp,2026-05-30,quantile,0.9,7,South Dakota,Ensemble
2026-05-23,46,1,wk inc flu hosp,2026-05-30,quantile,0.95,10,South Dakota,Ensemble
2026-05-23,46,1,wk inc flu hosp,2026-05-30,quantile,0.975,14,South Dakota,Ensemble
2026-05-23,46,1,wk inc flu hosp,2026-05-30,quantile,0.99,17,South Dakota,Ensemble
2026-05-23,46,2,wk inc flu hosp,2026-06-06,quantile,0.01,0,South Dakota,Ensemble
2026-05-23,46,2,wk inc flu hosp,2026-06-06,quantile,0.025,0,South Dakota,Ensemble
2026-05-23,46,2,wk inc flu hosp,2026-06-06,quantile,0.05,0,South Dakota,Ensemble
2026-05-23,46,2,wk inc flu hosp,2026-06-06,quantile,0.1,0,South Dakota,Ensemble
2026-05-23,46,2,wk inc flu hosp,2026-06-06,quantile,0.15,0,South Dakota,Ensemble
2026-05-23,46,2,wk inc flu hosp,2026-06-06,quantile,0.2,0,South Dakota,Ensemble
2026-05-23,46,2,wk inc flu hosp,2026-06-06,quantile,0.25,0,South Dakota,Ensemble
2026-05-23,46,2,wk inc flu hosp,2026-06-06,quantile,0.3,0,South Dakota,Ensemble
2026-05-23,46,2,wk inc flu hosp,2026-06-06,quantile,0.35,0,South Dakota,Ensemble
2026-05-23,46,2,wk inc flu hosp,2026-06-06,quantile,0.4,1,South Dakota,Ensemble
2026-05-23,46,2,wk inc flu hosp,2026-06-06,quantile,0.45,1,South Dakota,Ensemble
2026-05-23,46,2,wk inc flu hosp,2026-06-06,quantile,0.5,2,South Dakota,Ensemble
2026-05-23,46,2,wk inc flu hosp,2026-06-06,quantile,0.55,3,South Dakota,Ensemble
2026-05-23,46,2,wk inc flu hosp,2026-06-06,quantile,0.6,3,South Dakota,Ensemble
2026-05-23,46,2,wk inc flu hosp,2026-06-06,quantile,0.65,3,South Dakota,Ensemble
2026-05-23,46,2,wk inc flu hosp,2026-06-06,quantile,0.7,4,South Dakota,Ensemble
2026-05-23,46,2,wk inc flu hosp,2026-06-06,quantile,0.75,5,South Dakota,Ensemble
2026-05-23,46,2,wk inc flu hosp,2026-06-06,quantile,0.8,6,South Dakota,Ensemble
2026-05-23,46,2,wk inc flu hosp,2026-06-06,quantile,0.85,7,South Dakota,Ensemble
2026-05-23,46,2,wk inc flu hosp,2026-06-06,quantile,0.9,8,South Dakota,Ensemble
2026-05-23,46,2,wk inc flu hosp,2026-06-06,quantile,0.95,11,South Dakota,Ensemble
2026-05-23,46,2,wk inc flu hosp,2026-06-06,quantile,0.975,15,South Dakota,Ensemble
2026-05-23,46,2,wk inc flu hosp,2026-06-06,quantile,0.99,20,South Dakota,Ensemble
2026-05-23,46,3,wk inc flu hosp,2026-06-13,quantile,0.01,0,South Dakota,Ensemble
2026-05-23,46,3,wk inc flu hosp,2026-06-13,quantile,0.025,0,South Dakota,Ensemble
2026-05-23,46,3,wk inc flu hosp,2026-06-13,quantile,0.05,0,South Dakota,Ensemble
2026-05-23,46,3,wk inc flu hosp,2026-06-13,quantile,0.1,0,South Dakota,Ensemble
2026-05-23,46,3,wk inc flu hosp,2026-06-13,quantile,0.15,0,South Dakota,Ensemble
2026-05-23,46,3,wk inc flu hosp,2026-06-13,quantile,0.2,0,South Dakota,Ensemble
2026-05-23,46,3,wk inc flu hosp,2026-06-13,quantile,0.25,0,South Dakota,Ensemble
2026-05-23,46,3,wk inc flu hosp,2026-06-13,quantile,0.3,0,South Dakota,Ensemble
2026-05-23,46,3,wk inc flu hosp,2026-06-13,quantile,0.35,0,South Dakota,Ensemble
2026-05-23,46,3,wk inc flu hosp,2026-06-13,quantile,0.4,1,South Dakota,Ensemble
2026-05-23,46,3,wk inc flu hosp,2026-06-13,quantile,0.45,1,South Dakota,Ensemble
2026-05-23,46,3,wk inc flu hosp,2026-06-13,quantile,0.5,2,South Dakota,Ensemble
2026-05-23,46,3,wk inc flu hosp,2026-06-13,quantile,0.55,2,South Dakota,Ensemble
2026-05-23,46,3,wk inc flu hosp,2026-06-13,quantile,0.6,3,South Dakota,Ensemble
2026-05-23,46,3,wk inc flu hosp,2026-06-13,quantile,0.65,3,South Dakota,Ensemble
2026-05-23,46,3,wk inc flu hosp,2026-06-13,quantile,0.7,4,South Dakota,Ensemble
2026-05-23,46,3,wk inc flu hosp,2026-06-13,quantile,0.75,5,South Dakota,Ensemble
2026-05-23,46,3,wk inc flu hosp,2026-06-13,quantile,0.8,5,South Dakota,Ensemble
2026-05-23,46,3,wk inc flu hosp,2026-06-13,quantile,0.85,7,South Dakota,Ensemble
2026-05-23,46,3,wk inc flu hosp,2026-06-13,quantile,0.9,8,South Dakota,Ensemble
2026-05-23,46,3,wk inc flu hosp,2026-06-13,quantile,0.95,12,South Dakota,Ensemble
2026-05-23,46,3,wk inc flu hosp,2026-06-13,quantile,0.975,16,South Dakota,Ensemble
2026-05-23,46,3,wk inc flu hosp,2026-06-13,quantile,0.99,22,South Dakota,Ensemble
2026-05-23,47,0,wk inc flu hosp,2026-05-23,quantile,0.01,8,Tennessee,Ensemble
2026-05-23,47,0,wk inc flu hosp,2026-05-23,quantile,0.025,10,Tennessee,Ensemble
2026-05-23,47,0,wk inc flu hosp,2026-05-23,quantile,0.05,12,Tennessee,Ensemble
2026-05-23,47,0,wk inc flu hosp,2026-05-23,quantile,0.1,16,Tennessee,Ensemble
2026-05-23,47,0,wk inc flu hosp,2026-05-23,quantile,0.15,18,Tennessee,Ensemble
2026-05-23,47,0,wk inc flu hosp,2026-05-23,quantile,0.2,20,Tennessee,Ensemble
2026-05-23,47,0,wk inc flu hosp,2026-05-23,quantile,0.25,22,Tennessee,Ensemble
2026-05-23,47,0,wk inc flu hosp,2026-05-23,quantile,0.3,24,Tennessee,Ensemble
2026-05-23,47,0,wk inc flu hosp,2026-05-23,quantile,0.35,26,Tennessee,Ensemble
2026-05-23,47,0,wk inc flu hosp,2026-05-23,quantile,0.4,27,Tennessee,Ensemble
2026-05-23,47,0,wk inc flu hosp,2026-05-23,quantile,0.45,29,Tennessee,Ensemble
2026-05-23,47,0,wk inc flu hosp,2026-05-23,quantile,0.5,32,Tennessee,Ensemble
2026-05-23,47,0,wk inc flu hosp,2026-05-23,quantile,0.55,34,Tennessee,Ensemble
2026-05-23,47,0,wk inc flu hosp,2026-05-23,quantile,0.6,36,Tennessee,Ensemble
2026-05-23,47,0,wk inc flu hosp,2026-05-23,quantile,0.65,38,Tennessee,Ensemble
2026-05-23,47,0,wk inc flu hosp,2026-05-23,quantile,0.7,40,Tennessee,Ensemble
2026-05-23,47,0,wk inc flu hosp,2026-05-23,quantile,0.75,43,Tennessee,Ensemble
2026-05-23,47,0,wk inc flu hosp,2026-05-23,quantile,0.8,45,Tennessee,Ensemble
2026-05-23,47,0,wk inc flu hosp,2026-05-23,quantile,0.85,49,Tennessee,Ensemble
2026-05-23,47,0,wk inc flu hosp,2026-05-23,quantile,0.9,54,Tennessee,Ensemble
2026-05-23,47,0,wk inc flu hosp,2026-05-23,quantile,0.95,62,Tennessee,Ensemble
2026-05-23,47,0,wk inc flu hosp,2026-05-23,quantile,0.975,72,Tennessee,Ensemble
2026-05-23,47,0,wk inc flu hosp,2026-05-23,quantile,0.99,91,Tennessee,Ensemble
2026-05-23,47,1,wk inc flu hosp,2026-05-30,quantile,0.01,5,Tennessee,Ensemble
2026-05-23,47,1,wk inc flu hosp,2026-05-30,quantile,0.025,7,Tennessee,Ensemble
2026-05-23,47,1,wk inc flu hosp,2026-05-30,quantile,0.05,9,Tennessee,Ensemble
2026-05-23,47,1,wk inc flu hosp,2026-05-30,quantile,0.1,12,Tennessee,Ensemble
2026-05-23,47,1,wk inc flu hosp,2026-05-30,quantile,0.15,14,Tennessee,Ensemble
2026-05-23,47,1,wk inc flu hosp,2026-05-30,quantile,0.2,16,Tennessee,Ensemble
2026-05-23,47,1,wk inc flu hosp,2026-05-30,quantile,0.25,18,Tennessee,Ensemble
2026-05-23,47,1,wk inc flu hosp,2026-05-30,quantile,0.3,20,Tennessee,Ensemble
2026-05-23,47,1,wk inc flu hosp,2026-05-30,quantile,0.35,22,Tennessee,Ensemble
2026-05-23,47,1,wk inc flu hosp,2026-05-30,quantile,0.4,24,Tennessee,Ensemble
2026-05-23,47,1,wk inc flu hosp,2026-05-30,quantile,0.45,26,Tennessee,Ensemble
2026-05-23,47,1,wk inc flu hosp,2026-05-30,quantile,0.5,30,Tennessee,Ensemble
2026-05-23,47,1,wk inc flu hosp,2026-05-30,quantile,0.55,32,Tennessee,Ensemble
2026-05-23,47,1,wk inc flu hosp,2026-05-30,quantile,0.6,34,Tennessee,Ensemble
2026-05-23,47,1,wk inc flu hosp,2026-05-30,quantile,0.65,37,Tennessee,Ensemble
2026-05-23,47,1,wk inc flu hosp,2026-05-30,quantile,0.7,39,Tennessee,Ensemble
2026-05-23,47,1,wk inc flu hosp,2026-05-30,quantile,0.75,42,Tennessee,Ensemble
2026-05-23,47,1,wk inc flu hosp,2026-05-30,quantile,0.8,45,Tennessee,Ensemble
2026-05-23,47,1,wk inc flu hosp,2026-05-30,quantile,0.85,50,Tennessee,Ensemble
2026-05-23,47,1,wk inc flu hosp,2026-05-30,quantile,0.9,56,Tennessee,Ensemble
2026-05-23,47,1,wk inc flu hosp,2026-05-30,quantile,0.95,69,Tennessee,Ensemble
2026-05-23,47,1,wk inc flu hosp,2026-05-30,quantile,0.975,84,Tennessee,Ensemble
2026-05-23,47,1,wk inc flu hosp,2026-05-30,quantile,0.99,111,Tennessee,Ensemble
2026-05-23,47,2,wk inc flu hosp,2026-06-06,quantile,0.01,4,Tennessee,Ensemble
2026-05-23,47,2,wk inc flu hosp,2026-06-06,quantile,0.025,6,Tennessee,Ensemble
2026-05-23,47,2,wk inc flu hosp,2026-06-06,quantile,0.05,8,Tennessee,Ensemble
2026-05-23,47,2,wk inc flu hosp,2026-06-06,quantile,0.1,10,Tennessee,Ensemble
2026-05-23,47,2,wk inc flu hosp,2026-06-06,quantile,0.15,12,Tennessee,Ensemble
2026-05-23,47,2,wk inc flu hosp,2026-06-06,quantile,0.2,14,Tennessee,Ensemble
2026-05-23,47,2,wk inc flu hosp,2026-06-06,quantile,0.25,16,Tennessee,Ensemble
2026-05-23,47,2,wk inc flu hosp,2026-06-06,quantile,0.3,18,Tennessee,Ensemble
2026-05-23,47,2,wk inc flu hosp,2026-06-06,quantile,0.35,20,Tennessee,Ensemble
2026-05-23,47,2,wk inc flu hosp,2026-06-06,quantile,0.4,22,Tennessee,Ensemble
2026-05-23,47,2,wk inc flu hosp,2026-06-06,quantile,0.45,24,Tennessee,Ensemble
2026-05-23,47,2,wk inc flu hosp,2026-06-06,quantile,0.5,27,Tennessee,Ensemble
2026-05-23,47,2,wk inc flu hosp,2026-06-06,quantile,0.55,29,Tennessee,Ensemble
2026-05-23,47,2,wk inc flu hosp,2026-06-06,quantile,0.6,32,Tennessee,Ensemble
2026-05-23,47,2,wk inc flu hosp,2026-06-06,quantile,0.65,34,Tennessee,Ensemble
2026-05-23,47,2,wk inc flu hosp,2026-06-06,quantile,0.7,37,Tennessee,Ensemble
2026-05-23,47,2,wk inc flu hosp,2026-06-06,quantile,0.75,41,Tennessee,Ensemble
2026-05-23,47,2,wk inc flu hosp,2026-06-06,quantile,0.8,45,Tennessee,Ensemble
2026-05-23,47,2,wk inc flu hosp,2026-06-06,quantile,0.85,50,Tennessee,Ensemble
2026-05-23,47,2,wk inc flu hosp,2026-06-06,quantile,0.9,58,Tennessee,Ensemble
2026-05-23,47,2,wk inc flu hosp,2026-06-06,quantile,0.95,73,Tennessee,Ensemble
2026-05-23,47,2,wk inc flu hosp,2026-06-06,quantile,0.975,91,Tennessee,Ensemble
2026-05-23,47,2,wk inc flu hosp,2026-06-06,quantile,0.99,118,Tennessee,Ensemble
2026-05-23,47,3,wk inc flu hosp,2026-06-13,quantile,0.01,3,Tennessee,Ensemble
2026-05-23,47,3,wk inc flu hosp,2026-06-13,quantile,0.025,4,Tennessee,Ensemble
2026-05-23,47,3,wk inc flu hosp,2026-06-13,quantile,0.05,6,Tennessee,Ensemble
2026-05-23,47,3,wk inc flu hosp,2026-06-13,quantile,0.1,8,Tennessee,Ensemble
2026-05-23,47,3,wk inc flu hosp,2026-06-13,quantile,0.15,10,Tennessee,Ensemble
2026-05-23,47,3,wk inc flu hosp,2026-06-13,quantile,0.2,12,Tennessee,Ensemble
2026-05-23,47,3,wk inc flu hosp,2026-06-13,quantile,0.25,14,Tennessee,Ensemble
2026-05-23,47,3,wk inc flu hosp,2026-06-13,quantile,0.3,16,Tennessee,Ensemble
2026-05-23,47,3,wk inc flu hosp,2026-06-13,quantile,0.35,17,Tennessee,Ensemble
2026-05-23,47,3,wk inc flu hosp,2026-06-13,quantile,0.4,19,Tennessee,Ensemble
2026-05-23,47,3,wk inc flu hosp,2026-06-13,quantile,0.45,22,Tennessee,Ensemble
2026-05-23,47,3,wk inc flu hosp,2026-06-13,quantile,0.5,25,Tennessee,Ensemble
2026-05-23,47,3,wk inc flu hosp,2026-06-13,quantile,0.55,27,Tennessee,Ensemble
2026-05-23,47,3,wk inc flu hosp,2026-06-13,quantile,0.6,31,Tennessee,Ensemble
2026-05-23,47,3,wk inc flu hosp,2026-06-13,quantile,0.65,33,Tennessee,Ensemble
2026-05-23,47,3,wk inc flu hosp,2026-06-13,quantile,0.7,36,Tennessee,Ensemble
2026-05-23,47,3,wk inc flu hosp,2026-06-13,quantile,0.75,40,Tennessee,Ensemble
2026-05-23,47,3,wk inc flu hosp,2026-06-13,quantile,0.8,44,Tennessee,Ensemble
2026-05-23,47,3,wk inc flu hosp,2026-06-13,quantile,0.85,51,Tennessee,Ensemble
2026-05-23,47,3,wk inc flu hosp,2026-06-13,quantile,0.9,61,Tennessee,Ensemble
2026-05-23,47,3,wk inc flu hosp,2026-06-13,quantile,0.95,79,Tennessee,Ensemble
2026-05-23,47,3,wk inc flu hosp,2026-06-13,quantile,0.975,99,Tennessee,Ensemble
2026-05-23,47,3,wk inc flu hosp,2026-06-13,quantile,0.99,155,Tennessee,Ensemble
2026-05-23,48,0,wk inc flu hosp,2026-05-23,quantile,0.01,32,Texas,Ensemble
2026-05-23,48,0,wk inc flu hosp,2026-05-23,quantile,0.025,38,Texas,Ensemble
2026-05-23,48,0,wk inc flu hosp,2026-05-23,quantile,0.05,46,Texas,Ensemble
2026-05-23,48,0,wk inc flu hosp,2026-05-23,quantile,0.1,57,Texas,Ensemble
2026-05-23,48,0,wk inc flu hosp,2026-05-23,quantile,0.15,66,Texas,Ensemble
2026-05-23,48,0,wk inc flu hosp,2026-05-23,quantile,0.2,72,Texas,Ensemble
2026-05-23,48,0,wk inc flu hosp,2026-05-23,quantile,0.25,78,Texas,Ensemble
2026-05-23,48,0,wk inc flu hosp,2026-05-23,quantile,0.3,83,Texas,Ensemble
2026-05-23,48,0,wk inc flu hosp,2026-05-23,quantile,0.35,89,Texas,Ensemble
2026-05-23,48,0,wk inc flu hosp,2026-05-23,quantile,0.4,95,Texas,Ensemble
2026-05-23,48,0,wk inc flu hosp,2026-05-23,quantile,0.45,100,Texas,Ensemble
2026-05-23,48,0,wk inc flu hosp,2026-05-23,quantile,0.5,108,Texas,Ensemble
2026-05-23,48,0,wk inc flu hosp,2026-05-23,quantile,0.55,115,Texas,Ensemble
2026-05-23,48,0,wk inc flu hosp,2026-05-23,quantile,0.6,121,Texas,Ensemble
2026-05-23,48,0,wk inc flu hosp,2026-05-23,quantile,0.65,128,Texas,Ensemble
2026-05-23,48,0,wk inc flu hosp,2026-05-23,quantile,0.7,135,Texas,Ensemble
2026-05-23,48,0,wk inc flu hosp,2026-05-23,quantile,0.75,142,Texas,Ensemble
2026-05-23,48,0,wk inc flu hosp,2026-05-23,quantile,0.8,152,Texas,Ensemble
2026-05-23,48,0,wk inc flu hosp,2026-05-23,quantile,0.85,163,Texas,Ensemble
2026-05-23,48,0,wk inc flu hosp,2026-05-23,quantile,0.9,179,Texas,Ensemble
2026-05-23,48,0,wk inc flu hosp,2026-05-23,quantile,0.95,205,Texas,Ensemble
2026-05-23,48,0,wk inc flu hosp,2026-05-23,quantile,0.975,239,Texas,Ensemble
2026-05-23,48,0,wk inc flu hosp,2026-05-23,quantile,0.99,284,Texas,Ensemble
2026-05-23,48,1,wk inc flu hosp,2026-05-30,quantile,0.01,25,Texas,Ensemble
2026-05-23,48,1,wk inc flu hosp,2026-05-30,quantile,0.025,30,Texas,Ensemble
2026-05-23,48,1,wk inc flu hosp,2026-05-30,quantile,0.05,37,Texas,Ensemble
2026-05-23,48,1,wk inc flu hosp,2026-05-30,quantile,0.1,47,Texas,Ensemble
2026-05-23,48,1,wk inc flu hosp,2026-05-30,quantile,0.15,55,Texas,Ensemble
2026-05-23,48,1,wk inc flu hosp,2026-05-30,quantile,0.2,61,Texas,Ensemble
2026-05-23,48,1,wk inc flu hosp,2026-05-30,quantile,0.25,69,Texas,Ensemble
2026-05-23,48,1,wk inc flu hosp,2026-05-30,quantile,0.3,74,Texas,Ensemble
2026-05-23,48,1,wk inc flu hosp,2026-05-30,quantile,0.35,80,Texas,Ensemble
2026-05-23,48,1,wk inc flu hosp,2026-05-30,quantile,0.4,86,Texas,Ensemble
2026-05-23,48,1,wk inc flu hosp,2026-05-30,quantile,0.45,93,Texas,Ensemble
2026-05-23,48,1,wk inc flu hosp,2026-05-30,quantile,0.5,103,Texas,Ensemble
2026-05-23,48,1,wk inc flu hosp,2026-05-30,quantile,0.55,112,Texas,Ensemble
2026-05-23,48,1,wk inc flu hosp,2026-05-30,quantile,0.6,120,Texas,Ensemble
2026-05-23,48,1,wk inc flu hosp,2026-05-30,quantile,0.65,128,Texas,Ensemble
2026-05-23,48,1,wk inc flu hosp,2026-05-30,quantile,0.7,136,Texas,Ensemble
2026-05-23,48,1,wk inc flu hosp,2026-05-30,quantile,0.75,146,Texas,Ensemble
2026-05-23,48,1,wk inc flu hosp,2026-05-30,quantile,0.8,159,Texas,Ensemble
2026-05-23,48,1,wk inc flu hosp,2026-05-30,quantile,0.85,174,Texas,Ensemble
2026-05-23,48,1,wk inc flu hosp,2026-05-30,quantile,0.9,195,Texas,Ensemble
2026-05-23,48,1,wk inc flu hosp,2026-05-30,quantile,0.95,235,Texas,Ensemble
2026-05-23,48,1,wk inc flu hosp,2026-05-30,quantile,0.975,285,Texas,Ensemble
2026-05-23,48,1,wk inc flu hosp,2026-05-30,quantile,0.99,357,Texas,Ensemble
2026-05-23,48,2,wk inc flu hosp,2026-06-06,quantile,0.01,20,Texas,Ensemble
2026-05-23,48,2,wk inc flu hosp,2026-06-06,quantile,0.025,25,Texas,Ensemble
2026-05-23,48,2,wk inc flu hosp,2026-06-06,quantile,0.05,31,Texas,Ensemble
2026-05-23,48,2,wk inc flu hosp,2026-06-06,quantile,0.1,41,Texas,Ensemble
2026-05-23,48,2,wk inc flu hosp,2026-06-06,quantile,0.15,48,Texas,Ensemble
2026-05-23,48,2,wk inc flu hosp,2026-06-06,quantile,0.2,55,Texas,Ensemble
2026-05-23,48,2,wk inc flu hosp,2026-06-06,quantile,0.25,62,Texas,Ensemble
2026-05-23,48,2,wk inc flu hosp,2026-06-06,quantile,0.3,68,Texas,Ensemble
2026-05-23,48,2,wk inc flu hosp,2026-06-06,quantile,0.35,73,Texas,Ensemble
2026-05-23,48,2,wk inc flu hosp,2026-06-06,quantile,0.4,80,Texas,Ensemble
2026-05-23,48,2,wk inc flu hosp,2026-06-06,quantile,0.45,88,Texas,Ensemble
2026-05-23,48,2,wk inc flu hosp,2026-06-06,quantile,0.5,97,Texas,Ensemble
2026-05-23,48,2,wk inc flu hosp,2026-06-06,quantile,0.55,107,Texas,Ensemble
2026-05-23,48,2,wk inc flu hosp,2026-06-06,quantile,0.6,116,Texas,Ensemble
2026-05-23,48,2,wk inc flu hosp,2026-06-06,quantile,0.65,126,Texas,Ensemble
2026-05-23,48,2,wk inc flu hosp,2026-06-06,quantile,0.7,135,Texas,Ensemble
2026-05-23,48,2,wk inc flu hosp,2026-06-06,quantile,0.75,147,Texas,Ensemble
2026-05-23,48,2,wk inc flu hosp,2026-06-06,quantile,0.8,161,Texas,Ensemble
2026-05-23,48,2,wk inc flu hosp,2026-06-06,quantile,0.85,180,Texas,Ensemble
2026-05-23,48,2,wk inc flu hosp,2026-06-06,quantile,0.9,207,Texas,Ensemble
2026-05-23,48,2,wk inc flu hosp,2026-06-06,quantile,0.95,261,Texas,Ensemble
2026-05-23,48,2,wk inc flu hosp,2026-06-06,quantile,0.975,321,Texas,Ensemble
2026-05-23,48,2,wk inc flu hosp,2026-06-06,quantile,0.99,421,Texas,Ensemble
2026-05-23,48,3,wk inc flu hosp,2026-06-13,quantile,0.01,16,Texas,Ensemble
2026-05-23,48,3,wk inc flu hosp,2026-06-13,quantile,0.025,21,Texas,Ensemble
2026-05-23,48,3,wk inc flu hosp,2026-06-13,quantile,0.05,26,Texas,Ensemble
2026-05-23,48,3,wk inc flu hosp,2026-06-13,quantile,0.1,35,Texas,Ensemble
2026-05-23,48,3,wk inc flu hosp,2026-06-13,quantile,0.15,42,Texas,Ensemble
2026-05-23,48,3,wk inc flu hosp,2026-06-13,quantile,0.2,48,Texas,Ensemble
2026-05-23,48,3,wk inc flu hosp,2026-06-13,quantile,0.25,54,Texas,Ensemble
2026-05-23,48,3,wk inc flu hosp,2026-06-13,quantile,0.3,61,Texas,Ensemble
2026-05-23,48,3,wk inc flu hosp,2026-06-13,quantile,0.35,67,Texas,Ensemble
2026-05-23,48,3,wk inc flu hosp,2026-06-13,quantile,0.4,73,Texas,Ensemble
2026-05-23,48,3,wk inc flu hosp,2026-06-13,quantile,0.45,80,Texas,Ensemble
2026-05-23,48,3,wk inc flu hosp,2026-06-13,quantile,0.5,91,Texas,Ensemble
2026-05-23,48,3,wk inc flu hosp,2026-06-13,quantile,0.55,100,Texas,Ensemble
2026-05-23,48,3,wk inc flu hosp,2026-06-13,quantile,0.6,110,Texas,Ensemble
2026-05-23,48,3,wk inc flu hosp,2026-06-13,quantile,0.65,121,Texas,Ensemble
2026-05-23,48,3,wk inc flu hosp,2026-06-13,quantile,0.7,132,Texas,Ensemble
2026-05-23,48,3,wk inc flu hosp,2026-06-13,quantile,0.75,149,Texas,Ensemble
2026-05-23,48,3,wk inc flu hosp,2026-06-13,quantile,0.8,164,Texas,Ensemble
2026-05-23,48,3,wk inc flu hosp,2026-06-13,quantile,0.85,185,Texas,Ensemble
2026-05-23,48,3,wk inc flu hosp,2026-06-13,quantile,0.9,213,Texas,Ensemble
2026-05-23,48,3,wk inc flu hosp,2026-06-13,quantile,0.95,280,Texas,Ensemble
2026-05-23,48,3,wk inc flu hosp,2026-06-13,quantile,0.975,347,Texas,Ensemble
2026-05-23,48,3,wk inc flu hosp,2026-06-13,quantile,0.99,486,Texas,Ensemble
2026-05-23,49,0,wk inc flu hosp,2026-05-23,quantile,0.01,0,Utah,Ensemble
2026-05-23,49,0,wk inc flu hosp,2026-05-23,quantile,0.025,1,Utah,Ensemble
2026-05-23,49,0,wk inc flu hosp,2026-05-23,quantile,0.05,1,Utah,Ensemble
2026-05-23,49,0,wk inc flu hosp,2026-05-23,quantile,0.1,1,Utah,Ensemble
2026-05-23,49,0,wk inc flu hosp,2026-05-23,quantile,0.15,2,Utah,Ensemble
2026-05-23,49,0,wk inc flu hosp,2026-05-23,quantile,0.2,2,Utah,Ensemble
2026-05-23,49,0,wk inc flu hosp,2026-05-23,quantile,0.25,3,Utah,Ensemble
2026-05-23,49,0,wk inc flu hosp,2026-05-23,quantile,0.3,3,Utah,Ensemble
2026-05-23,49,0,wk inc flu hosp,2026-05-23,quantile,0.35,4,Utah,Ensemble
2026-05-23,49,0,wk inc flu hosp,2026-05-23,quantile,0.4,4,Utah,Ensemble
2026-05-23,49,0,wk inc flu hosp,2026-05-23,quantile,0.45,5,Utah,Ensemble
2026-05-23,49,0,wk inc flu hosp,2026-05-23,quantile,0.5,6,Utah,Ensemble
2026-05-23,49,0,wk inc flu hosp,2026-05-23,quantile,0.55,7,Utah,Ensemble
2026-05-23,49,0,wk inc flu hosp,2026-05-23,quantile,0.6,7,Utah,Ensemble
2026-05-23,49,0,wk inc flu hosp,2026-05-23,quantile,0.65,8,Utah,Ensemble
2026-05-23,49,0,wk inc flu hosp,2026-05-23,quantile,0.7,9,Utah,Ensemble
2026-05-23,49,0,wk inc flu hosp,2026-05-23,quantile,0.75,10,Utah,Ensemble
2026-05-23,49,0,wk inc flu hosp,2026-05-23,quantile,0.8,11,Utah,Ensemble
2026-05-23,49,0,wk inc flu hosp,2026-05-23,quantile,0.85,12,Utah,Ensemble
2026-05-23,49,0,wk inc flu hosp,2026-05-23,quantile,0.9,14,Utah,Ensemble
2026-05-23,49,0,wk inc flu hosp,2026-05-23,quantile,0.95,17,Utah,Ensemble
2026-05-23,49,0,wk inc flu hosp,2026-05-23,quantile,0.975,21,Utah,Ensemble
2026-05-23,49,0,wk inc flu hosp,2026-05-23,quantile,0.99,27,Utah,Ensemble
2026-05-23,49,1,wk inc flu hosp,2026-05-30,quantile,0.01,0,Utah,Ensemble
2026-05-23,49,1,wk inc flu hosp,2026-05-30,quantile,0.025,0,Utah,Ensemble
2026-05-23,49,1,wk inc flu hosp,2026-05-30,quantile,0.05,0,Utah,Ensemble
2026-05-23,49,1,wk inc flu hosp,2026-05-30,quantile,0.1,1,Utah,Ensemble
2026-05-23,49,1,wk inc flu hosp,2026-05-30,quantile,0.15,1,Utah,Ensemble
2026-05-23,49,1,wk inc flu hosp,2026-05-30,quantile,0.2,2,Utah,Ensemble
2026-05-23,49,1,wk inc flu hosp,2026-05-30,quantile,0.25,2,Utah,Ensemble
2026-05-23,49,1,wk inc flu hosp,2026-05-30,quantile,0.3,3,Utah,Ensemble
2026-05-23,49,1,wk inc flu hosp,2026-05-30,quantile,0.35,3,Utah,Ensemble
2026-05-23,49,1,wk inc flu hosp,2026-05-30,quantile,0.4,4,Utah,Ensemble
2026-05-23,49,1,wk inc flu hosp,2026-05-30,quantile,0.45,4,Utah,Ensemble
2026-05-23,49,1,wk inc flu hosp,2026-05-30,quantile,0.5,6,Utah,Ensemble
2026-05-23,49,1,wk inc flu hosp,2026-05-30,quantile,0.55,7,Utah,Ensemble
2026-05-23,49,1,wk inc flu hosp,2026-05-30,quantile,0.6,7,Utah,Ensemble
2026-05-23,49,1,wk inc flu hosp,2026-05-30,quantile,0.65,8,Utah,Ensemble
2026-05-23,49,1,wk inc flu hosp,2026-05-30,quantile,0.7,9,Utah,Ensemble
2026-05-23,49,1,wk inc flu hosp,2026-05-30,quantile,0.75,10,Utah,Ensemble
2026-05-23,49,1,wk inc flu hosp,2026-05-30,quantile,0.8,12,Utah,Ensemble
2026-05-23,49,1,wk inc flu hosp,2026-05-30,quantile,0.85,13,Utah,Ensemble
2026-05-23,49,1,wk inc flu hosp,2026-05-30,quantile,0.9,16,Utah,Ensemble
2026-05-23,49,1,wk inc flu hosp,2026-05-30,quantile,0.95,21,Utah,Ensemble
2026-05-23,49,1,wk inc flu hosp,2026-05-30,quantile,0.975,27,Utah,Ensemble
2026-05-23,49,1,wk inc flu hosp,2026-05-30,quantile,0.99,39,Utah,Ensemble
2026-05-23,49,2,wk inc flu hosp,2026-06-06,quantile,0.01,0,Utah,Ensemble
2026-05-23,49,2,wk inc flu hosp,2026-06-06,quantile,0.025,0,Utah,Ensemble
2026-05-23,49,2,wk inc flu hosp,2026-06-06,quantile,0.05,0,Utah,Ensemble
2026-05-23,49,2,wk inc flu hosp,2026-06-06,quantile,0.1,1,Utah,Ensemble
2026-05-23,49,2,wk inc flu hosp,2026-06-06,quantile,0.15,1,Utah,Ensemble
2026-05-23,49,2,wk inc flu hosp,2026-06-06,quantile,0.2,1,Utah,Ensemble
2026-05-23,49,2,wk inc flu hosp,2026-06-06,quantile,0.25,2,Utah,Ensemble
2026-05-23,49,2,wk inc flu hosp,2026-06-06,quantile,0.3,2,Utah,Ensemble
2026-05-23,49,2,wk inc flu hosp,2026-06-06,quantile,0.35,3,Utah,Ensemble
2026-05-23,49,2,wk inc flu hosp,2026-06-06,quantile,0.4,3,Utah,Ensemble
2026-05-23,49,2,wk inc flu hosp,2026-06-06,quantile,0.45,4,Utah,Ensemble
2026-05-23,49,2,wk inc flu hosp,2026-06-06,quantile,0.5,5,Utah,Ensemble
2026-05-23,49,2,wk inc flu hosp,2026-06-06,quantile,0.55,6,Utah,Ensemble
2026-05-23,49,2,wk inc flu hosp,2026-06-06,quantile,0.6,7,Utah,Ensemble
2026-05-23,49,2,wk inc flu hosp,2026-06-06,quantile,0.65,8,Utah,Ensemble
2026-05-23,49,2,wk inc flu hosp,2026-06-06,quantile,0.7,9,Utah,Ensemble
2026-05-23,49,2,wk inc flu hosp,2026-06-06,quantile,0.75,10,Utah,Ensemble
2026-05-23,49,2,wk inc flu hosp,2026-06-06,quantile,0.8,11,Utah,Ensemble
2026-05-23,49,2,wk inc flu hosp,2026-06-06,quantile,0.85,13,Utah,Ensemble
2026-05-23,49,2,wk inc flu hosp,2026-06-06,quantile,0.9,16,Utah,Ensemble
2026-05-23,49,2,wk inc flu hosp,2026-06-06,quantile,0.95,22,Utah,Ensemble
2026-05-23,49,2,wk inc flu hosp,2026-06-06,quantile,0.975,28,Utah,Ensemble
2026-05-23,49,2,wk inc flu hosp,2026-06-06,quantile,0.99,38,Utah,Ensemble
2026-05-23,49,3,wk inc flu hosp,2026-06-13,quantile,0.01,0,Utah,Ensemble
2026-05-23,49,3,wk inc flu hosp,2026-06-13,quantile,0.025,0,Utah,Ensemble
2026-05-23,49,3,wk inc flu hosp,2026-06-13,quantile,0.05,0,Utah,Ensemble
2026-05-23,49,3,wk inc flu hosp,2026-06-13,quantile,0.1,0,Utah,Ensemble
2026-05-23,49,3,wk inc flu hosp,2026-06-13,quantile,0.15,0,Utah,Ensemble
2026-05-23,49,3,wk inc flu hosp,2026-06-13,quantile,0.2,1,Utah,Ensemble
2026-05-23,49,3,wk inc flu hosp,2026-06-13,quantile,0.25,1,Utah,Ensemble
2026-05-23,49,3,wk inc flu hosp,2026-06-13,quantile,0.3,2,Utah,Ensemble
2026-05-23,49,3,wk inc flu hosp,2026-06-13,quantile,0.35,2,Utah,Ensemble
2026-05-23,49,3,wk inc flu hosp,2026-06-13,quantile,0.4,3,Utah,Ensemble
2026-05-23,49,3,wk inc flu hosp,2026-06-13,quantile,0.45,3,Utah,Ensemble
2026-05-23,49,3,wk inc flu hosp,2026-06-13,quantile,0.5,5,Utah,Ensemble
2026-05-23,49,3,wk inc flu hosp,2026-06-13,quantile,0.55,6,Utah,Ensemble
2026-05-23,49,3,wk inc flu hosp,2026-06-13,quantile,0.6,6,Utah,Ensemble
2026-05-23,49,3,wk inc flu hosp,2026-06-13,quantile,0.65,8,Utah,Ensemble
2026-05-23,49,3,wk inc flu hosp,2026-06-13,quantile,0.7,8,Utah,Ensemble
2026-05-23,49,3,wk inc flu hosp,2026-06-13,quantile,0.75,10,Utah,Ensemble
2026-05-23,49,3,wk inc flu hosp,2026-06-13,quantile,0.8,11,Utah,Ensemble
2026-05-23,49,3,wk inc flu hosp,2026-06-13,quantile,0.85,14,Utah,Ensemble
2026-05-23,49,3,wk inc flu hosp,2026-06-13,quantile,0.9,17,Utah,Ensemble
2026-05-23,49,3,wk inc flu hosp,2026-06-13,quantile,0.95,23,Utah,Ensemble
2026-05-23,49,3,wk inc flu hosp,2026-06-13,quantile,0.975,31,Utah,Ensemble
2026-05-23,49,3,wk inc flu hosp,2026-06-13,quantile,0.99,47,Utah,Ensemble
2026-05-23,50,0,wk inc flu hosp,2026-05-23,quantile,0.01,0,Vermont,Ensemble
2026-05-23,50,0,wk inc flu hosp,2026-05-23,quantile,0.025,0,Vermont,Ensemble
2026-05-23,50,0,wk inc flu hosp,2026-05-23,quantile,0.05,0,Vermont,Ensemble
2026-05-23,50,0,wk inc flu hosp,2026-05-23,quantile,0.1,0,Vermont,Ensemble
2026-05-23,50,0,wk inc flu hosp,2026-05-23,quantile,0.15,0,Vermont,Ensemble
2026-05-23,50,0,wk inc flu hosp,2026-05-23,quantile,0.2,0,Vermont,Ensemble
2026-05-23,50,0,wk inc flu hosp,2026-05-23,quantile,0.25,0,Vermont,Ensemble
2026-05-23,50,0,wk inc flu hosp,2026-05-23,quantile,0.3,0,Vermont,Ensemble
2026-05-23,50,0,wk inc flu hosp,2026-05-23,quantile,0.35,0,Vermont,Ensemble
2026-05-23,50,0,wk inc flu hosp,2026-05-23,quantile,0.4,0,Vermont,Ensemble
2026-05-23,50,0,wk inc flu hosp,2026-05-23,quantile,0.45,0,Vermont,Ensemble
2026-05-23,50,0,wk inc flu hosp,2026-05-23,quantile,0.5,1,Vermont,Ensemble
2026-05-23,50,0,wk inc flu hosp,2026-05-23,quantile,0.55,1,Vermont,Ensemble
2026-05-23,50,0,wk inc flu hosp,2026-05-23,quantile,0.6,1,Vermont,Ensemble
2026-05-23,50,0,wk inc flu hosp,2026-05-23,quantile,0.65,2,Vermont,Ensemble
2026-05-23,50,0,wk inc flu hosp,2026-05-23,quantile,0.7,2,Vermont,Ensemble
2026-05-23,50,0,wk inc flu hosp,2026-05-23,quantile,0.75,2,Vermont,Ensemble
2026-05-23,50,0,wk inc flu hosp,2026-05-23,quantile,0.8,3,Vermont,Ensemble
2026-05-23,50,0,wk inc flu hosp,2026-05-23,quantile,0.85,3,Vermont,Ensemble
2026-05-23,50,0,wk inc flu hosp,2026-05-23,quantile,0.9,4,Vermont,Ensemble
2026-05-23,50,0,wk inc flu hosp,2026-05-23,quantile,0.95,5,Vermont,Ensemble
2026-05-23,50,0,wk inc flu hosp,2026-05-23,quantile,0.975,7,Vermont,Ensemble
2026-05-23,50,0,wk inc flu hosp,2026-05-23,quantile,0.99,9,Vermont,Ensemble
2026-05-23,50,1,wk inc flu hosp,2026-05-30,quantile,0.01,0,Vermont,Ensemble
2026-05-23,50,1,wk inc flu hosp,2026-05-30,quantile,0.025,0,Vermont,Ensemble
2026-05-23,50,1,wk inc flu hosp,2026-05-30,quantile,0.05,0,Vermont,Ensemble
2026-05-23,50,1,wk inc flu hosp,2026-05-30,quantile,0.1,0,Vermont,Ensemble
2026-05-23,50,1,wk inc flu hosp,2026-05-30,quantile,0.15,0,Vermont,Ensemble
2026-05-23,50,1,wk inc flu hosp,2026-05-30,quantile,0.2,0,Vermont,Ensemble
2026-05-23,50,1,wk inc flu hosp,2026-05-30,quantile,0.25,0,Vermont,Ensemble
2026-05-23,50,1,wk inc flu hosp,2026-05-30,quantile,0.3,0,Vermont,Ensemble
2026-05-23,50,1,wk inc flu hosp,2026-05-30,quantile,0.35,0,Vermont,Ensemble
2026-05-23,50,1,wk inc flu hosp,2026-05-30,quantile,0.4,0,Vermont,Ensemble
2026-05-23,50,1,wk inc flu hosp,2026-05-30,quantile,0.45,0,Vermont,Ensemble
2026-05-23,50,1,wk inc flu hosp,2026-05-30,quantile,0.5,1,Vermont,Ensemble
2026-05-23,50,1,wk inc flu hosp,2026-05-30,quantile,0.55,1,Vermont,Ensemble
2026-05-23,50,1,wk inc flu hosp,2026-05-30,quantile,0.6,1,Vermont,Ensemble
2026-05-23,50,1,wk inc flu hosp,2026-05-30,quantile,0.65,2,Vermont,Ensemble
2026-05-23,50,1,wk inc flu hosp,2026-05-30,quantile,0.7,2,Vermont,Ensemble
2026-05-23,50,1,wk inc flu hosp,2026-05-30,quantile,0.75,2,Vermont,Ensemble
2026-05-23,50,1,wk inc flu hosp,2026-05-30,quantile,0.8,3,Vermont,Ensemble
2026-05-23,50,1,wk inc flu hosp,2026-05-30,quantile,0.85,3,Vermont,Ensemble
2026-05-23,50,1,wk inc flu hosp,2026-05-30,quantile,0.9,4,Vermont,Ensemble
2026-05-23,50,1,wk inc flu hosp,2026-05-30,quantile,0.95,6,Vermont,Ensemble
2026-05-23,50,1,wk inc flu hosp,2026-05-30,quantile,0.975,8,Vermont,Ensemble
2026-05-23,50,1,wk inc flu hosp,2026-05-30,quantile,0.99,11,Vermont,Ensemble
2026-05-23,50,2,wk inc flu hosp,2026-06-06,quantile,0.01,0,Vermont,Ensemble
2026-05-23,50,2,wk inc flu hosp,2026-06-06,quantile,0.025,0,Vermont,Ensemble
2026-05-23,50,2,wk inc flu hosp,2026-06-06,quantile,0.05,0,Vermont,Ensemble
2026-05-23,50,2,wk inc flu hosp,2026-06-06,quantile,0.1,0,Vermont,Ensemble
2026-05-23,50,2,wk inc flu hosp,2026-06-06,quantile,0.15,0,Vermont,Ensemble
2026-05-23,50,2,wk inc flu hosp,2026-06-06,quantile,0.2,0,Vermont,Ensemble
2026-05-23,50,2,wk inc flu hosp,2026-06-06,quantile,0.25,0,Vermont,Ensemble
2026-05-23,50,2,wk inc flu hosp,2026-06-06,quantile,0.3,0,Vermont,Ensemble
2026-05-23,50,2,wk inc flu hosp,2026-06-06,quantile,0.35,0,Vermont,Ensemble
2026-05-23,50,2,wk inc flu hosp,2026-06-06,quantile,0.4,0,Vermont,Ensemble
2026-05-23,50,2,wk inc flu hosp,2026-06-06,quantile,0.45,0,Vermont,Ensemble
2026-05-23,50,2,wk inc flu hosp,2026-06-06,quantile,0.5,1,Vermont,Ensemble
2026-05-23,50,2,wk inc flu hosp,2026-06-06,quantile,0.55,1,Vermont,Ensemble
2026-05-23,50,2,wk inc flu hosp,2026-06-06,quantile,0.6,2,Vermont,Ensemble
2026-05-23,50,2,wk inc flu hosp,2026-06-06,quantile,0.65,2,Vermont,Ensemble
2026-05-23,50,2,wk inc flu hosp,2026-06-06,quantile,0.7,2,Vermont,Ensemble
2026-05-23,50,2,wk inc flu hosp,2026-06-06,quantile,0.75,2,Vermont,Ensemble
2026-05-23,50,2,wk inc flu hosp,2026-06-06,quantile,0.8,3,Vermont,Ensemble
2026-05-23,50,2,wk inc flu hosp,2026-06-06,quantile,0.85,4,Vermont,Ensemble
2026-05-23,50,2,wk inc flu hosp,2026-06-06,quantile,0.9,5,Vermont,Ensemble
2026-05-23,50,2,wk inc flu hosp,2026-06-06,quantile,0.95,7,Vermont,Ensemble
2026-05-23,50,2,wk inc flu hosp,2026-06-06,quantile,0.975,9,Vermont,Ensemble
2026-05-23,50,2,wk inc flu hosp,2026-06-06,quantile,0.99,13,Vermont,Ensemble
2026-05-23,50,3,wk inc flu hosp,2026-06-13,quantile,0.01,0,Vermont,Ensemble
2026-05-23,50,3,wk inc flu hosp,2026-06-13,quantile,0.025,0,Vermont,Ensemble
2026-05-23,50,3,wk inc flu hosp,2026-06-13,quantile,0.05,0,Vermont,Ensemble
2026-05-23,50,3,wk inc flu hosp,2026-06-13,quantile,0.1,0,Vermont,Ensemble
2026-05-23,50,3,wk inc flu hosp,2026-06-13,quantile,0.15,0,Vermont,Ensemble
2026-05-23,50,3,wk inc flu hosp,2026-06-13,quantile,0.2,0,Vermont,Ensemble
2026-05-23,50,3,wk inc flu hosp,2026-06-13,quantile,0.25,0,Vermont,Ensemble
2026-05-23,50,3,wk inc flu hosp,2026-06-13,quantile,0.3,0,Vermont,Ensemble
2026-05-23,50,3,wk inc flu hosp,2026-06-13,quantile,0.35,0,Vermont,Ensemble
2026-05-23,50,3,wk inc flu hosp,2026-06-13,quantile,0.4,0,Vermont,Ensemble
2026-05-23,50,3,wk inc flu hosp,2026-06-13,quantile,0.45,0,Vermont,Ensemble
2026-05-23,50,3,wk inc flu hosp,2026-06-13,quantile,0.5,1,Vermont,Ensemble
2026-05-23,50,3,wk inc flu hosp,2026-06-13,quantile,0.55,1,Vermont,Ensemble
2026-05-23,50,3,wk inc flu hosp,2026-06-13,quantile,0.6,2,Vermont,Ensemble
2026-05-23,50,3,wk inc flu hosp,2026-06-13,quantile,0.65,2,Vermont,Ensemble
2026-05-23,50,3,wk inc flu hosp,2026-06-13,quantile,0.7,2,Vermont,Ensemble
2026-05-23,50,3,wk inc flu hosp,2026-06-13,quantile,0.75,2,Vermont,Ensemble
2026-05-23,50,3,wk inc flu hosp,2026-06-13,quantile,0.8,3,Vermont,Ensemble
2026-05-23,50,3,wk inc flu hosp,2026-06-13,quantile,0.85,4,Vermont,Ensemble
2026-05-23,50,3,wk inc flu hosp,2026-06-13,quantile,0.9,5,Vermont,Ensemble
2026-05-23,50,3,wk inc flu hosp,2026-06-13,quantile,0.95,7,Vermont,Ensemble
2026-05-23,50,3,wk inc flu hosp,2026-06-13,quantile,0.975,10,Vermont,Ensemble
2026-05-23,50,3,wk inc flu hosp,2026-06-13,quantile,0.99,15,Vermont,Ensemble
2026-05-23,51,0,wk inc flu hosp,2026-05-23,quantile,0.01,2,Virginia,Ensemble
2026-05-23,51,0,wk inc flu hosp,2026-05-23,quantile,0.025,3,Virginia,Ensemble
2026-05-23,51,0,wk inc flu hosp,2026-05-23,quantile,0.05,5,Virginia,Ensemble
2026-05-23,51,0,wk inc flu hosp,2026-05-23,quantile,0.1,7,Virginia,Ensemble
2026-05-23,51,0,wk inc flu hosp,2026-05-23,quantile,0.15,8,Virginia,Ensemble
2026-05-23,51,0,wk inc flu hosp,2026-05-23,quantile,0.2,10,Virginia,Ensemble
2026-05-23,51,0,wk inc flu hosp,2026-05-23,quantile,0.25,11,Virginia,Ensemble
2026-05-23,51,0,wk inc flu hosp,2026-05-23,quantile,0.3,12,Virginia,Ensemble
2026-05-23,51,0,wk inc flu hosp,2026-05-23,quantile,0.35,13,Virginia,Ensemble
2026-05-23,51,0,wk inc flu hosp,2026-05-23,quantile,0.4,15,Virginia,Ensemble
2026-05-23,51,0,wk inc flu hosp,2026-05-23,quantile,0.45,16,Virginia,Ensemble
2026-05-23,51,0,wk inc flu hosp,2026-05-23,quantile,0.5,18,Virginia,Ensemble
2026-05-23,51,0,wk inc flu hosp,2026-05-23,quantile,0.55,20,Virginia,Ensemble
2026-05-23,51,0,wk inc flu hosp,2026-05-23,quantile,0.6,21,Virginia,Ensemble
2026-05-23,51,0,wk inc flu hosp,2026-05-23,quantile,0.65,23,Virginia,Ensemble
2026-05-23,51,0,wk inc flu hosp,2026-05-23,quantile,0.7,25,Virginia,Ensemble
2026-05-23,51,0,wk inc flu hosp,2026-05-23,quantile,0.75,27,Virginia,Ensemble
2026-05-23,51,0,wk inc flu hosp,2026-05-23,quantile,0.8,29,Virginia,Ensemble
2026-05-23,51,0,wk inc flu hosp,2026-05-23,quantile,0.85,32,Virginia,Ensemble
2026-05-23,51,0,wk inc flu hosp,2026-05-23,quantile,0.9,37,Virginia,Ensemble
2026-05-23,51,0,wk inc flu hosp,2026-05-23,quantile,0.95,47,Virginia,Ensemble
2026-05-23,51,0,wk inc flu hosp,2026-05-23,quantile,0.975,58,Virginia,Ensemble
2026-05-23,51,0,wk inc flu hosp,2026-05-23,quantile,0.99,79,Virginia,Ensemble
2026-05-23,51,1,wk inc flu hosp,2026-05-30,quantile,0.01,2,Virginia,Ensemble
2026-05-23,51,1,wk inc flu hosp,2026-05-30,quantile,0.025,2,Virginia,Ensemble
2026-05-23,51,1,wk inc flu hosp,2026-05-30,quantile,0.05,4,Virginia,Ensemble
2026-05-23,51,1,wk inc flu hosp,2026-05-30,quantile,0.1,5,Virginia,Ensemble
2026-05-23,51,1,wk inc flu hosp,2026-05-30,quantile,0.15,6,Virginia,Ensemble
2026-05-23,51,1,wk inc flu hosp,2026-05-30,quantile,0.2,8,Virginia,Ensemble
2026-05-23,51,1,wk inc flu hosp,2026-05-30,quantile,0.25,9,Virginia,Ensemble
2026-05-23,51,1,wk inc flu hosp,2026-05-30,quantile,0.3,10,Virginia,Ensemble
2026-05-23,51,1,wk inc flu hosp,2026-05-30,quantile,0.35,12,Virginia,Ensemble
2026-05-23,51,1,wk inc flu hosp,2026-05-30,quantile,0.4,13,Virginia,Ensemble
2026-05-23,51,1,wk inc flu hosp,2026-05-30,quantile,0.45,15,Virginia,Ensemble
2026-05-23,51,1,wk inc flu hosp,2026-05-30,quantile,0.5,18,Virginia,Ensemble
2026-05-23,51,1,wk inc flu hosp,2026-05-30,quantile,0.55,20,Virginia,Ensemble
2026-05-23,51,1,wk inc flu hosp,2026-05-30,quantile,0.6,22,Virginia,Ensemble
2026-05-23,51,1,wk inc flu hosp,2026-05-30,quantile,0.65,24,Virginia,Ensemble
2026-05-23,51,1,wk inc flu hosp,2026-05-30,quantile,0.7,26,Virginia,Ensemble
2026-05-23,51,1,wk inc flu hosp,2026-05-30,quantile,0.75,29,Virginia,Ensemble
2026-05-23,51,1,wk inc flu hosp,2026-05-30,quantile,0.8,33,Virginia,Ensemble
2026-05-23,51,1,wk inc flu hosp,2026-05-30,quantile,0.85,39,Virginia,Ensemble
2026-05-23,51,1,wk inc flu hosp,2026-05-30,quantile,0.9,48,Virginia,Ensemble
2026-05-23,51,1,wk inc flu hosp,2026-05-30,quantile,0.95,68,Virginia,Ensemble
2026-05-23,51,1,wk inc flu hosp,2026-05-30,quantile,0.975,92,Virginia,Ensemble
2026-05-23,51,1,wk inc flu hosp,2026-05-30,quantile,0.99,136,Virginia,Ensemble
2026-05-23,51,2,wk inc flu hosp,2026-06-06,quantile,0.01,1,Virginia,Ensemble
2026-05-23,51,2,wk inc flu hosp,2026-06-06,quantile,0.025,2,Virginia,Ensemble
2026-05-23,51,2,wk inc flu hosp,2026-06-06,quantile,0.05,3,Virginia,Ensemble
2026-05-23,51,2,wk inc flu hosp,2026-06-06,quantile,0.1,4,Virginia,Ensemble
2026-05-23,51,2,wk inc flu hosp,2026-06-06,quantile,0.15,6,Virginia,Ensemble
2026-05-23,51,2,wk inc flu hosp,2026-06-06,quantile,0.2,7,Virginia,Ensemble
2026-05-23,51,2,wk inc flu hosp,2026-06-06,quantile,0.25,8,Virginia,Ensemble
2026-05-23,51,2,wk inc flu hosp,2026-06-06,quantile,0.3,10,Virginia,Ensemble
2026-05-23,51,2,wk inc flu hosp,2026-06-06,quantile,0.35,11,Virginia,Ensemble
2026-05-23,51,2,wk inc flu hosp,2026-06-06,quantile,0.4,12,Virginia,Ensemble
2026-05-23,51,2,wk inc flu hosp,2026-06-06,quantile,0.45,13,Virginia,Ensemble
2026-05-23,51,2,wk inc flu hosp,2026-06-06,quantile,0.5,17,Virginia,Ensemble
2026-05-23,51,2,wk inc flu hosp,2026-06-06,quantile,0.55,20,Virginia,Ensemble
2026-05-23,51,2,wk inc flu hosp,2026-06-06,quantile,0.6,22,Virginia,Ensemble
2026-05-23,51,2,wk inc flu hosp,2026-06-06,quantile,0.65,24,Virginia,Ensemble
2026-05-23,51,2,wk inc flu hosp,2026-06-06,quantile,0.7,26,Virginia,Ensemble
2026-05-23,51,2,wk inc flu hosp,2026-06-06,quantile,0.75,30,Virginia,Ensemble
2026-05-23,51,2,wk inc flu hosp,2026-06-06,quantile,0.8,35,Virginia,Ensemble
2026-05-23,51,2,wk inc flu hosp,2026-06-06,quantile,0.85,41,Virginia,Ensemble
2026-05-23,51,2,wk inc flu hosp,2026-06-06,quantile,0.9,52,Virginia,Ensemble
2026-05-23,51,2,wk inc flu hosp,2026-06-06,quantile,0.95,74,Virginia,Ensemble
2026-05-23,51,2,wk inc flu hosp,2026-06-06,quantile,0.975,97,Virginia,Ensemble
2026-05-23,51,2,wk inc flu hosp,2026-06-06,quantile,0.99,145,Virginia,Ensemble
2026-05-23,51,3,wk inc flu hosp,2026-06-13,quantile,0.01,1,Virginia,Ensemble
2026-05-23,51,3,wk inc flu hosp,2026-06-13,quantile,0.025,2,Virginia,Ensemble
2026-05-23,51,3,wk inc flu hosp,2026-06-13,quantile,0.05,2,Virginia,Ensemble
2026-05-23,51,3,wk inc flu hosp,2026-06-13,quantile,0.1,3,Virginia,Ensemble
2026-05-23,51,3,wk inc flu hosp,2026-06-13,quantile,0.15,4,Virginia,Ensemble
2026-05-23,51,3,wk inc flu hosp,2026-06-13,quantile,0.2,6,Virginia,Ensemble
2026-05-23,51,3,wk inc flu hosp,2026-06-13,quantile,0.25,7,Virginia,Ensemble
2026-05-23,51,3,wk inc flu hosp,2026-06-13,quantile,0.3,8,Virginia,Ensemble
2026-05-23,51,3,wk inc flu hosp,2026-06-13,quantile,0.35,10,Virginia,Ensemble
2026-05-23,51,3,wk inc flu hosp,2026-06-13,quantile,0.4,11,Virginia,Ensemble
2026-05-23,51,3,wk inc flu hosp,2026-06-13,quantile,0.45,13,Virginia,Ensemble
2026-05-23,51,3,wk inc flu hosp,2026-06-13,quantile,0.5,16,Virginia,Ensemble
2026-05-23,51,3,wk inc flu hosp,2026-06-13,quantile,0.55,18,Virginia,Ensemble
2026-05-23,51,3,wk inc flu hosp,2026-06-13,quantile,0.6,21,Virginia,Ensemble
2026-05-23,51,3,wk inc flu hosp,2026-06-13,quantile,0.65,24,Virginia,Ensemble
2026-05-23,51,3,wk inc flu hosp,2026-06-13,quantile,0.7,28,Virginia,Ensemble
2026-05-23,51,3,wk inc flu hosp,2026-06-13,quantile,0.75,32,Virginia,Ensemble
2026-05-23,51,3,wk inc flu hosp,2026-06-13,quantile,0.8,38,Virginia,Ensemble
2026-05-23,51,3,wk inc flu hosp,2026-06-13,quantile,0.85,46,Virginia,Ensemble
2026-05-23,51,3,wk inc flu hosp,2026-06-13,quantile,0.9,60,Virginia,Ensemble
2026-05-23,51,3,wk inc flu hosp,2026-06-13,quantile,0.95,84,Virginia,Ensemble
2026-05-23,51,3,wk inc flu hosp,2026-06-13,quantile,0.975,116,Virginia,Ensemble
2026-05-23,51,3,wk inc flu hosp,2026-06-13,quantile,0.99,165,Virginia,Ensemble
2026-05-23,53,0,wk inc flu hosp,2026-05-23,quantile,0.01,7,Washington,Ensemble
2026-05-23,53,0,wk inc flu hosp,2026-05-23,quantile,0.025,8,Washington,Ensemble
2026-05-23,53,0,wk inc flu hosp,2026-05-23,quantile,0.05,10,Washington,Ensemble
2026-05-23,53,0,wk inc flu hosp,2026-05-23,quantile,0.1,13,Washington,Ensemble
2026-05-23,53,0,wk inc flu hosp,2026-05-23,quantile,0.15,14,Washington,Ensemble
2026-05-23,53,0,wk inc flu hosp,2026-05-23,quantile,0.2,16,Washington,Ensemble
2026-05-23,53,0,wk inc flu hosp,2026-05-23,quantile,0.25,17,Washington,Ensemble
2026-05-23,53,0,wk inc flu hosp,2026-05-23,quantile,0.3,19,Washington,Ensemble
2026-05-23,53,0,wk inc flu hosp,2026-05-23,quantile,0.35,20,Washington,Ensemble
2026-05-23,53,0,wk inc flu hosp,2026-05-23,quantile,0.4,21,Washington,Ensemble
2026-05-23,53,0,wk inc flu hosp,2026-05-23,quantile,0.45,22,Washington,Ensemble
2026-05-23,53,0,wk inc flu hosp,2026-05-23,quantile,0.5,25,Washington,Ensemble
2026-05-23,53,0,wk inc flu hosp,2026-05-23,quantile,0.55,26,Washington,Ensemble
2026-05-23,53,0,wk inc flu hosp,2026-05-23,quantile,0.6,27,Washington,Ensemble
2026-05-23,53,0,wk inc flu hosp,2026-05-23,quantile,0.65,29,Washington,Ensemble
2026-05-23,53,0,wk inc flu hosp,2026-05-23,quantile,0.7,30,Washington,Ensemble
2026-05-23,53,0,wk inc flu hosp,2026-05-23,quantile,0.75,32,Washington,Ensemble
2026-05-23,53,0,wk inc flu hosp,2026-05-23,quantile,0.8,34,Washington,Ensemble
2026-05-23,53,0,wk inc flu hosp,2026-05-23,quantile,0.85,37,Washington,Ensemble
2026-05-23,53,0,wk inc flu hosp,2026-05-23,quantile,0.9,40,Washington,Ensemble
2026-05-23,53,0,wk inc flu hosp,2026-05-23,quantile,0.95,46,Washington,Ensemble
2026-05-23,53,0,wk inc flu hosp,2026-05-23,quantile,0.975,52,Washington,Ensemble
2026-05-23,53,0,wk inc flu hosp,2026-05-23,quantile,0.99,63,Washington,Ensemble
2026-05-23,53,1,wk inc flu hosp,2026-05-30,quantile,0.01,5,Washington,Ensemble
2026-05-23,53,1,wk inc flu hosp,2026-05-30,quantile,0.025,6,Washington,Ensemble
2026-05-23,53,1,wk inc flu hosp,2026-05-30,quantile,0.05,8,Washington,Ensemble
2026-05-23,53,1,wk inc flu hosp,2026-05-30,quantile,0.1,9,Washington,Ensemble
2026-05-23,53,1,wk inc flu hosp,2026-05-30,quantile,0.15,12,Washington,Ensemble
2026-05-23,53,1,wk inc flu hosp,2026-05-30,quantile,0.2,13,Washington,Ensemble
2026-05-23,53,1,wk inc flu hosp,2026-05-30,quantile,0.25,14,Washington,Ensemble
2026-05-23,53,1,wk inc flu hosp,2026-05-30,quantile,0.3,16,Washington,Ensemble
2026-05-23,53,1,wk inc flu hosp,2026-05-30,quantile,0.35,17,Washington,Ensemble
2026-05-23,53,1,wk inc flu hosp,2026-05-30,quantile,0.4,18,Washington,Ensemble
2026-05-23,53,1,wk inc flu hosp,2026-05-30,quantile,0.45,20,Washington,Ensemble
2026-05-23,53,1,wk inc flu hosp,2026-05-30,quantile,0.5,22,Washington,Ensemble
2026-05-23,53,1,wk inc flu hosp,2026-05-30,quantile,0.55,24,Washington,Ensemble
2026-05-23,53,1,wk inc flu hosp,2026-05-30,quantile,0.6,25,Washington,Ensemble
2026-05-23,53,1,wk inc flu hosp,2026-05-30,quantile,0.65,27,Washington,Ensemble
2026-05-23,53,1,wk inc flu hosp,2026-05-30,quantile,0.7,29,Washington,Ensemble
2026-05-23,53,1,wk inc flu hosp,2026-05-30,quantile,0.75,31,Washington,Ensemble
2026-05-23,53,1,wk inc flu hosp,2026-05-30,quantile,0.8,33,Washington,Ensemble
2026-05-23,53,1,wk inc flu hosp,2026-05-30,quantile,0.85,36,Washington,Ensemble
2026-05-23,53,1,wk inc flu hosp,2026-05-30,quantile,0.9,41,Washington,Ensemble
2026-05-23,53,1,wk inc flu hosp,2026-05-30,quantile,0.95,49,Washington,Ensemble
2026-05-23,53,1,wk inc flu hosp,2026-05-30,quantile,0.975,60,Washington,Ensemble
2026-05-23,53,1,wk inc flu hosp,2026-05-30,quantile,0.99,74,Washington,Ensemble
2026-05-23,53,2,wk inc flu hosp,2026-06-06,quantile,0.01,4,Washington,Ensemble
2026-05-23,53,2,wk inc flu hosp,2026-06-06,quantile,0.025,5,Washington,Ensemble
2026-05-23,53,2,wk inc flu hosp,2026-06-06,quantile,0.05,6,Washington,Ensemble
2026-05-23,53,2,wk inc flu hosp,2026-06-06,quantile,0.1,8,Washington,Ensemble
2026-05-23,53,2,wk inc flu hosp,2026-06-06,quantile,0.15,9,Washington,Ensemble
2026-05-23,53,2,wk inc flu hosp,2026-06-06,quantile,0.2,11,Washington,Ensemble
2026-05-23,53,2,wk inc flu hosp,2026-06-06,quantile,0.25,13,Washington,Ensemble
2026-05-23,53,2,wk inc flu hosp,2026-06-06,quantile,0.3,14,Washington,Ensemble
2026-05-23,53,2,wk inc flu hosp,2026-06-06,quantile,0.35,15,Washington,Ensemble
2026-05-23,53,2,wk inc flu hosp,2026-06-06,quantile,0.4,17,Washington,Ensemble
2026-05-23,53,2,wk inc flu hosp,2026-06-06,quantile,0.45,18,Washington,Ensemble
2026-05-23,53,2,wk inc flu hosp,2026-06-06,quantile,0.5,21,Washington,Ensemble
2026-05-23,53,2,wk inc flu hosp,2026-06-06,quantile,0.55,23,Washington,Ensemble
2026-05-23,53,2,wk inc flu hosp,2026-06-06,quantile,0.6,24,Washington,Ensemble
2026-05-23,53,2,wk inc flu hosp,2026-06-06,quantile,0.65,26,Washington,Ensemble
2026-05-23,53,2,wk inc flu hosp,2026-06-06,quantile,0.7,28,Washington,Ensemble
2026-05-23,53,2,wk inc flu hosp,2026-06-06,quantile,0.75,30,Washington,Ensemble
2026-05-23,53,2,wk inc flu hosp,2026-06-06,quantile,0.8,33,Washington,Ensemble
2026-05-23,53,2,wk inc flu hosp,2026-06-06,quantile,0.85,38,Washington,Ensemble
2026-05-23,53,2,wk inc flu hosp,2026-06-06,quantile,0.9,43,Washington,Ensemble
2026-05-23,53,2,wk inc flu hosp,2026-06-06,quantile,0.95,52,Washington,Ensemble
2026-05-23,53,2,wk inc flu hosp,2026-06-06,quantile,0.975,63,Washington,Ensemble
2026-05-23,53,2,wk inc flu hosp,2026-06-06,quantile,0.99,80,Washington,Ensemble
2026-05-23,53,3,wk inc flu hosp,2026-06-13,quantile,0.01,2,Washington,Ensemble
2026-05-23,53,3,wk inc flu hosp,2026-06-13,quantile,0.025,3,Washington,Ensemble
2026-05-23,53,3,wk inc flu hosp,2026-06-13,quantile,0.05,5,Washington,Ensemble
2026-05-23,53,3,wk inc flu hosp,2026-06-13,quantile,0.1,6,Washington,Ensemble
2026-05-23,53,3,wk inc flu hosp,2026-06-13,quantile,0.15,8,Washington,Ensemble
2026-05-23,53,3,wk inc flu hosp,2026-06-13,quantile,0.2,9,Washington,Ensemble
2026-05-23,53,3,wk inc flu hosp,2026-06-13,quantile,0.25,11,Washington,Ensemble
2026-05-23,53,3,wk inc flu hosp,2026-06-13,quantile,0.3,12,Washington,Ensemble
2026-05-23,53,3,wk inc flu hosp,2026-06-13,quantile,0.35,13,Washington,Ensemble
2026-05-23,53,3,wk inc flu hosp,2026-06-13,quantile,0.4,15,Washington,Ensemble
2026-05-23,53,3,wk inc flu hosp,2026-06-13,quantile,0.45,16,Washington,Ensemble
2026-05-23,53,3,wk inc flu hosp,2026-06-13,quantile,0.5,19,Washington,Ensemble
2026-05-23,53,3,wk inc flu hosp,2026-06-13,quantile,0.55,21,Washington,Ensemble
2026-05-23,53,3,wk inc flu hosp,2026-06-13,quantile,0.6,23,Washington,Ensemble
2026-05-23,53,3,wk inc flu hosp,2026-06-13,quantile,0.65,25,Washington,Ensemble
2026-05-23,53,3,wk inc flu hosp,2026-06-13,quantile,0.7,28,Washington,Ensemble
2026-05-23,53,3,wk inc flu hosp,2026-06-13,quantile,0.75,30,Washington,Ensemble
2026-05-23,53,3,wk inc flu hosp,2026-06-13,quantile,0.8,33,Washington,Ensemble
2026-05-23,53,3,wk inc flu hosp,2026-06-13,quantile,0.85,37,Washington,Ensemble
2026-05-23,53,3,wk inc flu hosp,2026-06-13,quantile,0.9,44,Washington,Ensemble
2026-05-23,53,3,wk inc flu hosp,2026-06-13,quantile,0.95,56,Washington,Ensemble
2026-05-23,53,3,wk inc flu hosp,2026-06-13,quantile,0.975,70,Washington,Ensemble
2026-05-23,53,3,wk inc flu hosp,2026-06-13,quantile,0.99,90,Washington,Ensemble
2026-05-23,54,0,wk inc flu hosp,2026-05-23,quantile,0.01,0,West Virginia,Ensemble
2026-05-23,54,0,wk inc flu hosp,2026-05-23,quantile,0.025,0,West Virginia,Ensemble
2026-05-23,54,0,wk inc flu hosp,2026-05-23,quantile,0.05,0,West Virginia,Ensemble
2026-05-23,54,0,wk inc flu hosp,2026-05-23,quantile,0.1,0,West Virginia,Ensemble
2026-05-23,54,0,wk inc flu hosp,2026-05-23,quantile,0.15,1,West Virginia,Ensemble
2026-05-23,54,0,wk inc flu hosp,2026-05-23,quantile,0.2,1,West Virginia,Ensemble
2026-05-23,54,0,wk inc flu hosp,2026-05-23,quantile,0.25,1,West Virginia,Ensemble
2026-05-23,54,0,wk inc flu hosp,2026-05-23,quantile,0.3,1,West Virginia,Ensemble
2026-05-23,54,0,wk inc flu hosp,2026-05-23,quantile,0.35,2,West Virginia,Ensemble
2026-05-23,54,0,wk inc flu hosp,2026-05-23,quantile,0.4,2,West Virginia,Ensemble
2026-05-23,54,0,wk inc flu hosp,2026-05-23,quantile,0.45,3,West Virginia,Ensemble
2026-05-23,54,0,wk inc flu hosp,2026-05-23,quantile,0.5,4,West Virginia,Ensemble
2026-05-23,54,0,wk inc flu hosp,2026-05-23,quantile,0.55,5,West Virginia,Ensemble
2026-05-23,54,0,wk inc flu hosp,2026-05-23,quantile,0.6,5,West Virginia,Ensemble
2026-05-23,54,0,wk inc flu hosp,2026-05-23,quantile,0.65,6,West Virginia,Ensemble
2026-05-23,54,0,wk inc flu hosp,2026-05-23,quantile,0.7,7,West Virginia,Ensemble
2026-05-23,54,0,wk inc flu hosp,2026-05-23,quantile,0.75,8,West Virginia,Ensemble
2026-05-23,54,0,wk inc flu hosp,2026-05-23,quantile,0.8,9,West Virginia,Ensemble
2026-05-23,54,0,wk inc flu hosp,2026-05-23,quantile,0.85,10,West Virginia,Ensemble
2026-05-23,54,0,wk inc flu hosp,2026-05-23,quantile,0.9,12,West Virginia,Ensemble
2026-05-23,54,0,wk inc flu hosp,2026-05-23,quantile,0.95,16,West Virginia,Ensemble
2026-05-23,54,0,wk inc flu hosp,2026-05-23,quantile,0.975,20,West Virginia,Ensemble
2026-05-23,54,0,wk inc flu hosp,2026-05-23,quantile,0.99,27,West Virginia,Ensemble
2026-05-23,54,1,wk inc flu hosp,2026-05-30,quantile,0.01,0,West Virginia,Ensemble
2026-05-23,54,1,wk inc flu hosp,2026-05-30,quantile,0.025,0,West Virginia,Ensemble
2026-05-23,54,1,wk inc flu hosp,2026-05-30,quantile,0.05,0,West Virginia,Ensemble
2026-05-23,54,1,wk inc flu hosp,2026-05-30,quantile,0.1,0,West Virginia,Ensemble
2026-05-23,54,1,wk inc flu hosp,2026-05-30,quantile,0.15,0,West Virginia,Ensemble
2026-05-23,54,1,wk inc flu hosp,2026-05-30,quantile,0.2,0,West Virginia,Ensemble
2026-05-23,54,1,wk inc flu hosp,2026-05-30,quantile,0.25,1,West Virginia,Ensemble
2026-05-23,54,1,wk inc flu hosp,2026-05-30,quantile,0.3,1,West Virginia,Ensemble
2026-05-23,54,1,wk inc flu hosp,2026-05-30,quantile,0.35,1,West Virginia,Ensemble
2026-05-23,54,1,wk inc flu hosp,2026-05-30,quantile,0.4,2,West Virginia,Ensemble
2026-05-23,54,1,wk inc flu hosp,2026-05-30,quantile,0.45,2,West Virginia,Ensemble
2026-05-23,54,1,wk inc flu hosp,2026-05-30,quantile,0.5,4,West Virginia,Ensemble
2026-05-23,54,1,wk inc flu hosp,2026-05-30,quantile,0.55,4,West Virginia,Ensemble
2026-05-23,54,1,wk inc flu hosp,2026-05-30,quantile,0.6,5,West Virginia,Ensemble
2026-05-23,54,1,wk inc flu hosp,2026-05-30,quantile,0.65,6,West Virginia,Ensemble
2026-05-23,54,1,wk inc flu hosp,2026-05-30,quantile,0.7,6,West Virginia,Ensemble
2026-05-23,54,1,wk inc flu hosp,2026-05-30,quantile,0.75,7,West Virginia,Ensemble
2026-05-23,54,1,wk inc flu hosp,2026-05-30,quantile,0.8,9,West Virginia,Ensemble
2026-05-23,54,1,wk inc flu hosp,2026-05-30,quantile,0.85,10,West Virginia,Ensemble
2026-05-23,54,1,wk inc flu hosp,2026-05-30,quantile,0.9,13,West Virginia,Ensemble
2026-05-23,54,1,wk inc flu hosp,2026-05-30,quantile,0.95,18,West Virginia,Ensemble
2026-05-23,54,1,wk inc flu hosp,2026-05-30,quantile,0.975,24,West Virginia,Ensemble
2026-05-23,54,1,wk inc flu hosp,2026-05-30,quantile,0.99,34,West Virginia,Ensemble
2026-05-23,54,2,wk inc flu hosp,2026-06-06,quantile,0.01,0,West Virginia,Ensemble
2026-05-23,54,2,wk inc flu hosp,2026-06-06,quantile,0.025,0,West Virginia,Ensemble
2026-05-23,54,2,wk inc flu hosp,2026-06-06,quantile,0.05,0,West Virginia,Ensemble
2026-05-23,54,2,wk inc flu hosp,2026-06-06,quantile,0.1,0,West Virginia,Ensemble
2026-05-23,54,2,wk inc flu hosp,2026-06-06,quantile,0.15,0,West Virginia,Ensemble
2026-05-23,54,2,wk inc flu hosp,2026-06-06,quantile,0.2,0,West Virginia,Ensemble
2026-05-23,54,2,wk inc flu hosp,2026-06-06,quantile,0.25,1,West Virginia,Ensemble
2026-05-23,54,2,wk inc flu hosp,2026-06-06,quantile,0.3,1,West Virginia,Ensemble
2026-05-23,54,2,wk inc flu hosp,2026-06-06,quantile,0.35,1,West Virginia,Ensemble
2026-05-23,54,2,wk inc flu hosp,2026-06-06,quantile,0.4,1,West Virginia,Ensemble
2026-05-23,54,2,wk inc flu hosp,2026-06-06,quantile,0.45,2,West Virginia,Ensemble
2026-05-23,54,2,wk inc flu hosp,2026-06-06,quantile,0.5,3,West Virginia,Ensemble
2026-05-23,54,2,wk inc flu hosp,2026-06-06,quantile,0.55,4,West Virginia,Ensemble
2026-05-23,54,2,wk inc flu hosp,2026-06-06,quantile,0.6,5,West Virginia,Ensemble
2026-05-23,54,2,wk inc flu hosp,2026-06-06,quantile,0.65,6,West Virginia,Ensemble
2026-05-23,54,2,wk inc flu hosp,2026-06-06,quantile,0.7,7,West Virginia,Ensemble
2026-05-23,54,2,wk inc flu hosp,2026-06-06,quantile,0.75,8,West Virginia,Ensemble
2026-05-23,54,2,wk inc flu hosp,2026-06-06,quantile,0.8,9,West Virginia,Ensemble
2026-05-23,54,2,wk inc flu hosp,2026-06-06,quantile,0.85,12,West Virginia,Ensemble
2026-05-23,54,2,wk inc flu hosp,2026-06-06,quantile,0.9,15,West Virginia,Ensemble
2026-05-23,54,2,wk inc flu hosp,2026-06-06,quantile,0.95,20,West Virginia,Ensemble
2026-05-23,54,2,wk inc flu hosp,2026-06-06,quantile,0.975,28,West Virginia,Ensemble
2026-05-23,54,2,wk inc flu hosp,2026-06-06,quantile,0.99,41,West Virginia,Ensemble
2026-05-23,54,3,wk inc flu hosp,2026-06-13,quantile,0.01,0,West Virginia,Ensemble
2026-05-23,54,3,wk inc flu hosp,2026-06-13,quantile,0.025,0,West Virginia,Ensemble
2026-05-23,54,3,wk inc flu hosp,2026-06-13,quantile,0.05,0,West Virginia,Ensemble
2026-05-23,54,3,wk inc flu hosp,2026-06-13,quantile,0.1,0,West Virginia,Ensemble
2026-05-23,54,3,wk inc flu hosp,2026-06-13,quantile,0.15,0,West Virginia,Ensemble
2026-05-23,54,3,wk inc flu hosp,2026-06-13,quantile,0.2,0,West Virginia,Ensemble
2026-05-23,54,3,wk inc flu hosp,2026-06-13,quantile,0.25,1,West Virginia,Ensemble
2026-05-23,54,3,wk inc flu hosp,2026-06-13,quantile,0.3,1,West Virginia,Ensemble
2026-05-23,54,3,wk inc flu hosp,2026-06-13,quantile,0.35,1,West Virginia,Ensemble
2026-05-23,54,3,wk inc flu hosp,2026-06-13,quantile,0.4,2,West Virginia,Ensemble
2026-05-23,54,3,wk inc flu hosp,2026-06-13,quantile,0.45,2,West Virginia,Ensemble
2026-05-23,54,3,wk inc flu hosp,2026-06-13,quantile,0.5,4,West Virginia,Ensemble
2026-05-23,54,3,wk inc flu hosp,2026-06-13,quantile,0.55,4,West Virginia,Ensemble
2026-05-23,54,3,wk inc flu hosp,2026-06-13,quantile,0.6,5,West Virginia,Ensemble
2026-05-23,54,3,wk inc flu hosp,2026-06-13,quantile,0.65,6,West Virginia,Ensemble
2026-05-23,54,3,wk inc flu hosp,2026-06-13,quantile,0.7,7,West Virginia,Ensemble
2026-05-23,54,3,wk inc flu hosp,2026-06-13,quantile,0.75,9,West Virginia,Ensemble
2026-05-23,54,3,wk inc flu hosp,2026-06-13,quantile,0.8,11,West Virginia,Ensemble
2026-05-23,54,3,wk inc flu hosp,2026-06-13,quantile,0.85,14,West Virginia,Ensemble
2026-05-23,54,3,wk inc flu hosp,2026-06-13,quantile,0.9,18,West Virginia,Ensemble
2026-05-23,54,3,wk inc flu hosp,2026-06-13,quantile,0.95,25,West Virginia,Ensemble
2026-05-23,54,3,wk inc flu hosp,2026-06-13,quantile,0.975,34,West Virginia,Ensemble
2026-05-23,54,3,wk inc flu hosp,2026-06-13,quantile,0.99,48,West Virginia,Ensemble
2026-05-23,55,0,wk inc flu hosp,2026-05-23,quantile,0.01,0,Wisconsin,Ensemble
2026-05-23,55,0,wk inc flu hosp,2026-05-23,quantile,0.025,0,Wisconsin,Ensemble
2026-05-23,55,0,wk inc flu hosp,2026-05-23,quantile,0.05,1,Wisconsin,Ensemble
2026-05-23,55,0,wk inc flu hosp,2026-05-23,quantile,0.1,1,Wisconsin,Ensemble
2026-05-23,55,0,wk inc flu hosp,2026-05-23,quantile,0.15,1,Wisconsin,Ensemble
2026-05-23,55,0,wk inc flu hosp,2026-05-23,quantile,0.2,2,Wisconsin,Ensemble
2026-05-23,55,0,wk inc flu hosp,2026-05-23,quantile,0.25,2,Wisconsin,Ensemble
2026-05-23,55,0,wk inc flu hosp,2026-05-23,quantile,0.3,3,Wisconsin,Ensemble
2026-05-23,55,0,wk inc flu hosp,2026-05-23,quantile,0.35,4,Wisconsin,Ensemble
2026-05-23,55,0,wk inc flu hosp,2026-05-23,quantile,0.4,4,Wisconsin,Ensemble
2026-05-23,55,0,wk inc flu hosp,2026-05-23,quantile,0.45,5,Wisconsin,Ensemble
2026-05-23,55,0,wk inc flu hosp,2026-05-23,quantile,0.5,7,Wisconsin,Ensemble
2026-05-23,55,0,wk inc flu hosp,2026-05-23,quantile,0.55,8,Wisconsin,Ensemble
2026-05-23,55,0,wk inc flu hosp,2026-05-23,quantile,0.6,9,Wisconsin,Ensemble
2026-05-23,55,0,wk inc flu hosp,2026-05-23,quantile,0.65,10,Wisconsin,Ensemble
2026-05-23,55,0,wk inc flu hosp,2026-05-23,quantile,0.7,11,Wisconsin,Ensemble
2026-05-23,55,0,wk inc flu hosp,2026-05-23,quantile,0.75,12,Wisconsin,Ensemble
2026-05-23,55,0,wk inc flu hosp,2026-05-23,quantile,0.8,14,Wisconsin,Ensemble
2026-05-23,55,0,wk inc flu hosp,2026-05-23,quantile,0.85,16,Wisconsin,Ensemble
2026-05-23,55,0,wk inc flu hosp,2026-05-23,quantile,0.9,19,Wisconsin,Ensemble
2026-05-23,55,0,wk inc flu hosp,2026-05-23,quantile,0.95,25,Wisconsin,Ensemble
2026-05-23,55,0,wk inc flu hosp,2026-05-23,quantile,0.975,31,Wisconsin,Ensemble
2026-05-23,55,0,wk inc flu hosp,2026-05-23,quantile,0.99,44,Wisconsin,Ensemble
2026-05-23,55,1,wk inc flu hosp,2026-05-30,quantile,0.01,0,Wisconsin,Ensemble
2026-05-23,55,1,wk inc flu hosp,2026-05-30,quantile,0.025,0,Wisconsin,Ensemble
2026-05-23,55,1,wk inc flu hosp,2026-05-30,quantile,0.05,0,Wisconsin,Ensemble
2026-05-23,55,1,wk inc flu hosp,2026-05-30,quantile,0.1,1,Wisconsin,Ensemble
2026-05-23,55,1,wk inc flu hosp,2026-05-30,quantile,0.15,1,Wisconsin,Ensemble
2026-05-23,55,1,wk inc flu hosp,2026-05-30,quantile,0.2,2,Wisconsin,Ensemble
2026-05-23,55,1,wk inc flu hosp,2026-05-30,quantile,0.25,2,Wisconsin,Ensemble
2026-05-23,55,1,wk inc flu hosp,2026-05-30,quantile,0.3,2,Wisconsin,Ensemble
2026-05-23,55,1,wk inc flu hosp,2026-05-30,quantile,0.35,3,Wisconsin,Ensemble
2026-05-23,55,1,wk inc flu hosp,2026-05-30,quantile,0.4,4,Wisconsin,Ensemble
2026-05-23,55,1,wk inc flu hosp,2026-05-30,quantile,0.45,5,Wisconsin,Ensemble
2026-05-23,55,1,wk inc flu hosp,2026-05-30,quantile,0.5,7,Wisconsin,Ensemble
2026-05-23,55,1,wk inc flu hosp,2026-05-30,quantile,0.55,8,Wisconsin,Ensemble
2026-05-23,55,1,wk inc flu hosp,2026-05-30,quantile,0.6,9,Wisconsin,Ensemble
2026-05-23,55,1,wk inc flu hosp,2026-05-30,quantile,0.65,11,Wisconsin,Ensemble
2026-05-23,55,1,wk inc flu hosp,2026-05-30,quantile,0.7,12,Wisconsin,Ensemble
2026-05-23,55,1,wk inc flu hosp,2026-05-30,quantile,0.75,14,Wisconsin,Ensemble
2026-05-23,55,1,wk inc flu hosp,2026-05-30,quantile,0.8,16,Wisconsin,Ensemble
2026-05-23,55,1,wk inc flu hosp,2026-05-30,quantile,0.85,19,Wisconsin,Ensemble
2026-05-23,55,1,wk inc flu hosp,2026-05-30,quantile,0.9,25,Wisconsin,Ensemble
2026-05-23,55,1,wk inc flu hosp,2026-05-30,quantile,0.95,35,Wisconsin,Ensemble
2026-05-23,55,1,wk inc flu hosp,2026-05-30,quantile,0.975,50,Wisconsin,Ensemble
2026-05-23,55,1,wk inc flu hosp,2026-05-30,quantile,0.99,84,Wisconsin,Ensemble
2026-05-23,55,2,wk inc flu hosp,2026-06-06,quantile,0.01,0,Wisconsin,Ensemble
2026-05-23,55,2,wk inc flu hosp,2026-06-06,quantile,0.025,0,Wisconsin,Ensemble
2026-05-23,55,2,wk inc flu hosp,2026-06-06,quantile,0.05,0,Wisconsin,Ensemble
2026-05-23,55,2,wk inc flu hosp,2026-06-06,quantile,0.1,1,Wisconsin,Ensemble
2026-05-23,55,2,wk inc flu hosp,2026-06-06,quantile,0.15,1,Wisconsin,Ensemble
2026-05-23,55,2,wk inc flu hosp,2026-06-06,quantile,0.2,1,Wisconsin,Ensemble
2026-05-23,55,2,wk inc flu hosp,2026-06-06,quantile,0.25,2,Wisconsin,Ensemble
2026-05-23,55,2,wk inc flu hosp,2026-06-06,quantile,0.3,2,Wisconsin,Ensemble
2026-05-23,55,2,wk inc flu hosp,2026-06-06,quantile,0.35,3,Wisconsin,Ensemble
2026-05-23,55,2,wk inc flu hosp,2026-06-06,quantile,0.4,3,Wisconsin,Ensemble
2026-05-23,55,2,wk inc flu hosp,2026-06-06,quantile,0.45,4,Wisconsin,Ensemble
2026-05-23,55,2,wk inc flu hosp,2026-06-06,quantile,0.5,6,Wisconsin,Ensemble
2026-05-23,55,2,wk inc flu hosp,2026-06-06,quantile,0.55,7,Wisconsin,Ensemble
2026-05-23,55,2,wk inc flu hosp,2026-06-06,quantile,0.6,9,Wisconsin,Ensemble
2026-05-23,55,2,wk inc flu hosp,2026-06-06,quantile,0.65,11,Wisconsin,Ensemble
2026-05-23,55,2,wk inc flu hosp,2026-06-06,quantile,0.7,13,Wisconsin,Ensemble
2026-05-23,55,2,wk inc flu hosp,2026-06-06,quantile,0.75,16,Wisconsin,Ensemble
2026-05-23,55,2,wk inc flu hosp,2026-06-06,quantile,0.8,19,Wisconsin,Ensemble
2026-05-23,55,2,wk inc flu hosp,2026-06-06,quantile,0.85,23,Wisconsin,Ensemble
2026-05-23,55,2,wk inc flu hosp,2026-06-06,quantile,0.9,29,Wisconsin,Ensemble
2026-05-23,55,2,wk inc flu hosp,2026-06-06,quantile,0.95,44,Wisconsin,Ensemble
2026-05-23,55,2,wk inc flu hosp,2026-06-06,quantile,0.975,63,Wisconsin,Ensemble
2026-05-23,55,2,wk inc flu hosp,2026-06-06,quantile,0.99,101,Wisconsin,Ensemble
2026-05-23,55,3,wk inc flu hosp,2026-06-13,quantile,0.01,0,Wisconsin,Ensemble
2026-05-23,55,3,wk inc flu hosp,2026-06-13,quantile,0.025,0,Wisconsin,Ensemble
2026-05-23,55,3,wk inc flu hosp,2026-06-13,quantile,0.05,0,Wisconsin,Ensemble
2026-05-23,55,3,wk inc flu hosp,2026-06-13,quantile,0.1,0,Wisconsin,Ensemble
2026-05-23,55,3,wk inc flu hosp,2026-06-13,quantile,0.15,1,Wisconsin,Ensemble
2026-05-23,55,3,wk inc flu hosp,2026-06-13,quantile,0.2,1,Wisconsin,Ensemble
2026-05-23,55,3,wk inc flu hosp,2026-06-13,quantile,0.25,1,Wisconsin,Ensemble
2026-05-23,55,3,wk inc flu hosp,2026-06-13,quantile,0.3,2,Wisconsin,Ensemble
2026-05-23,55,3,wk inc flu hosp,2026-06-13,quantile,0.35,2,Wisconsin,Ensemble
2026-05-23,55,3,wk inc flu hosp,2026-06-13,quantile,0.4,3,Wisconsin,Ensemble
2026-05-23,55,3,wk inc flu hosp,2026-06-13,quantile,0.45,4,Wisconsin,Ensemble
2026-05-23,55,3,wk inc flu hosp,2026-06-13,quantile,0.5,6,Wisconsin,Ensemble
2026-05-23,55,3,wk inc flu hosp,2026-06-13,quantile,0.55,8,Wisconsin,Ensemble
2026-05-23,55,3,wk inc flu hosp,2026-06-13,quantile,0.6,10,Wisconsin,Ensemble
2026-05-23,55,3,wk inc flu hosp,2026-06-13,quantile,0.65,12,Wisconsin,Ensemble
2026-05-23,55,3,wk inc flu hosp,2026-06-13,quantile,0.7,14,Wisconsin,Ensemble
2026-05-23,55,3,wk inc flu hosp,2026-06-13,quantile,0.75,17,Wisconsin,Ensemble
2026-05-23,55,3,wk inc flu hosp,2026-06-13,quantile,0.8,21,Wisconsin,Ensemble
2026-05-23,55,3,wk inc flu hosp,2026-06-13,quantile,0.85,27,Wisconsin,Ensemble
2026-05-23,55,3,wk inc flu hosp,2026-06-13,quantile,0.9,34,Wisconsin,Ensemble
2026-05-23,55,3,wk inc flu hosp,2026-06-13,quantile,0.95,52,Wisconsin,Ensemble
2026-05-23,55,3,wk inc flu hosp,2026-06-13,quantile,0.975,74,Wisconsin,Ensemble
2026-05-23,55,3,wk inc flu hosp,2026-06-13,quantile,0.99,118,Wisconsin,Ensemble
2026-05-23,56,0,wk inc flu hosp,2026-05-23,quantile,0.01,0,Wyoming,Ensemble
2026-05-23,56,0,wk inc flu hosp,2026-05-23,quantile,0.025,1,Wyoming,Ensemble
2026-05-23,56,0,wk inc flu hosp,2026-05-23,quantile,0.05,1,Wyoming,Ensemble
2026-05-23,56,0,wk inc flu hosp,2026-05-23,quantile,0.1,2,Wyoming,Ensemble
2026-05-23,56,0,wk inc flu hosp,2026-05-23,quantile,0.15,2,Wyoming,Ensemble
2026-05-23,56,0,wk inc flu hosp,2026-05-23,quantile,0.2,2,Wyoming,Ensemble
2026-05-23,56,0,wk inc flu hosp,2026-05-23,quantile,0.25,3,Wyoming,Ensemble
2026-05-23,56,0,wk inc flu hosp,2026-05-23,quantile,0.3,3,Wyoming,Ensemble
2026-05-23,56,0,wk inc flu hosp,2026-05-23,quantile,0.35,3,Wyoming,Ensemble
2026-05-23,56,0,wk inc flu hosp,2026-05-23,quantile,0.4,4,Wyoming,Ensemble
2026-05-23,56,0,wk inc flu hosp,2026-05-23,quantile,0.45,4,Wyoming,Ensemble
2026-05-23,56,0,wk inc flu hosp,2026-05-23,quantile,0.5,6,Wyoming,Ensemble
2026-05-23,56,0,wk inc flu hosp,2026-05-23,quantile,0.55,6,Wyoming,Ensemble
2026-05-23,56,0,wk inc flu hosp,2026-05-23,quantile,0.6,7,Wyoming,Ensemble
2026-05-23,56,0,wk inc flu hosp,2026-05-23,quantile,0.65,7,Wyoming,Ensemble
2026-05-23,56,0,wk inc flu hosp,2026-05-23,quantile,0.7,8,Wyoming,Ensemble
2026-05-23,56,0,wk inc flu hosp,2026-05-23,quantile,0.75,9,Wyoming,Ensemble
2026-05-23,56,0,wk inc flu hosp,2026-05-23,quantile,0.8,9,Wyoming,Ensemble
2026-05-23,56,0,wk inc flu hosp,2026-05-23,quantile,0.85,10,Wyoming,Ensemble
2026-05-23,56,0,wk inc flu hosp,2026-05-23,quantile,0.9,12,Wyoming,Ensemble
2026-05-23,56,0,wk inc flu hosp,2026-05-23,quantile,0.95,14,Wyoming,Ensemble
2026-05-23,56,0,wk inc flu hosp,2026-05-23,quantile,0.975,18,Wyoming,Ensemble
2026-05-23,56,0,wk inc flu hosp,2026-05-23,quantile,0.99,23,Wyoming,Ensemble
2026-05-23,56,1,wk inc flu hosp,2026-05-30,quantile,0.01,0,Wyoming,Ensemble
2026-05-23,56,1,wk inc flu hosp,2026-05-30,quantile,0.025,0,Wyoming,Ensemble
2026-05-23,56,1,wk inc flu hosp,2026-05-30,quantile,0.05,1,Wyoming,Ensemble
2026-05-23,56,1,wk inc flu hosp,2026-05-30,quantile,0.1,1,Wyoming,Ensemble
2026-05-23,56,1,wk inc flu hosp,2026-05-30,quantile,0.15,1,Wyoming,Ensemble
2026-05-23,56,1,wk inc flu hosp,2026-05-30,quantile,0.2,2,Wyoming,Ensemble
2026-05-23,56,1,wk inc flu hosp,2026-05-30,quantile,0.25,2,Wyoming,Ensemble
2026-05-23,56,1,wk inc flu hosp,2026-05-30,quantile,0.3,3,Wyoming,Ensemble
2026-05-23,56,1,wk inc flu hosp,2026-05-30,quantile,0.35,3,Wyoming,Ensemble
2026-05-23,56,1,wk inc flu hosp,2026-05-30,quantile,0.4,3,Wyoming,Ensemble
2026-05-23,56,1,wk inc flu hosp,2026-05-30,quantile,0.45,4,Wyoming,Ensemble
2026-05-23,56,1,wk inc flu hosp,2026-05-30,quantile,0.5,5,Wyoming,Ensemble
2026-05-23,56,1,wk inc flu hosp,2026-05-30,quantile,0.55,6,Wyoming,Ensemble
2026-05-23,56,1,wk inc flu hosp,2026-05-30,quantile,0.6,7,Wyoming,Ensemble
2026-05-23,56,1,wk inc flu hosp,2026-05-30,quantile,0.65,7,Wyoming,Ensemble
2026-05-23,56,1,wk inc flu hosp,2026-05-30,quantile,0.7,8,Wyoming,Ensemble
2026-05-23,56,1,wk inc flu hosp,2026-05-30,quantile,0.75,9,Wyoming,Ensemble
2026-05-23,56,1,wk inc flu hosp,2026-05-30,quantile,0.8,10,Wyoming,Ensemble
2026-05-23,56,1,wk inc flu hosp,2026-05-30,quantile,0.85,11,Wyoming,Ensemble
2026-05-23,56,1,wk inc flu hosp,2026-05-30,quantile,0.9,13,Wyoming,Ensemble
2026-05-23,56,1,wk inc flu hosp,2026-05-30,quantile,0.95,16,Wyoming,Ensemble
2026-05-23,56,1,wk inc flu hosp,2026-05-30,quantile,0.975,20,Wyoming,Ensemble
2026-05-23,56,1,wk inc flu hosp,2026-05-30,quantile,0.99,28,Wyoming,Ensemble
2026-05-23,56,2,wk inc flu hosp,2026-06-06,quantile,0.01,0,Wyoming,Ensemble
2026-05-23,56,2,wk inc flu hosp,2026-06-06,quantile,0.025,0,Wyoming,Ensemble
2026-05-23,56,2,wk inc flu hosp,2026-06-06,quantile,0.05,0,Wyoming,Ensemble
2026-05-23,56,2,wk inc flu hosp,2026-06-06,quantile,0.1,1,Wyoming,Ensemble
2026-05-23,56,2,wk inc flu hosp,2026-06-06,quantile,0.15,1,Wyoming,Ensemble
2026-05-23,56,2,wk inc flu hosp,2026-06-06,quantile,0.2,2,Wyoming,Ensemble
2026-05-23,56,2,wk inc flu hosp,2026-06-06,quantile,0.25,2,Wyoming,Ensemble
2026-05-23,56,2,wk inc flu hosp,2026-06-06,quantile,0.3,2,Wyoming,Ensemble
2026-05-23,56,2,wk inc flu hosp,2026-06-06,quantile,0.35,2,Wyoming,Ensemble
2026-05-23,56,2,wk inc flu hosp,2026-06-06,quantile,0.4,3,Wyoming,Ensemble
2026-05-23,56,2,wk inc flu hosp,2026-06-06,quantile,0.45,3,Wyoming,Ensemble
2026-05-23,56,2,wk inc flu hosp,2026-06-06,quantile,0.5,5,Wyoming,Ensemble
2026-05-23,56,2,wk inc flu hosp,2026-06-06,quantile,0.55,5,Wyoming,Ensemble
2026-05-23,56,2,wk inc flu hosp,2026-06-06,quantile,0.6,6,Wyoming,Ensemble
2026-05-23,56,2,wk inc flu hosp,2026-06-06,quantile,0.65,7,Wyoming,Ensemble
2026-05-23,56,2,wk inc flu hosp,2026-06-06,quantile,0.7,8,Wyoming,Ensemble
2026-05-23,56,2,wk inc flu hosp,2026-06-06,quantile,0.75,8,Wyoming,Ensemble
2026-05-23,56,2,wk inc flu hosp,2026-06-06,quantile,0.8,10,Wyoming,Ensemble
2026-05-23,56,2,wk inc flu hosp,2026-06-06,quantile,0.85,11,Wyoming,Ensemble
2026-05-23,56,2,wk inc flu hosp,2026-06-06,quantile,0.9,13,Wyoming,Ensemble
2026-05-23,56,2,wk inc flu hosp,2026-06-06,quantile,0.95,17,Wyoming,Ensemble
2026-05-23,56,2,wk inc flu hosp,2026-06-06,quantile,0.975,22,Wyoming,Ensemble
2026-05-23,56,2,wk inc flu hosp,2026-06-06,quantile,0.99,30,Wyoming,Ensemble
2026-05-23,56,3,wk inc flu hosp,2026-06-13,quantile,0.01,0,Wyoming,Ensemble
2026-05-23,56,3,wk inc flu hosp,2026-06-13,quantile,0.025,0,Wyoming,Ensemble
2026-05-23,56,3,wk inc flu hosp,2026-06-13,quantile,0.05,0,Wyoming,Ensemble
2026-05-23,56,3,wk inc flu hosp,2026-06-13,quantile,0.1,1,Wyoming,Ensemble
2026-05-23,56,3,wk inc flu hosp,2026-06-13,quantile,0.15,1,Wyoming,Ensemble
2026-05-23,56,3,wk inc flu hosp,2026-06-13,quantile,0.2,1,Wyoming,Ensemble
2026-05-23,56,3,wk inc flu hosp,2026-06-13,quantile,0.25,2,Wyoming,Ensemble
2026-05-23,56,3,wk inc flu hosp,2026-06-13,quantile,0.3,2,Wyoming,Ensemble
2026-05-23,56,3,wk inc flu hosp,2026-06-13,quantile,0.35,2,Wyoming,Ensemble
2026-05-23,56,3,wk inc flu hosp,2026-06-13,quantile,0.4,3,Wyoming,Ensemble
2026-05-23,56,3,wk inc flu hosp,2026-06-13,quantile,0.45,3,Wyoming,Ensemble
2026-05-23,56,3,wk inc flu hosp,2026-06-13,quantile,0.5,4,Wyoming,Ensemble
2026-05-23,56,3,wk inc flu hosp,2026-06-13,quantile,0.55,5,Wyoming,Ensemble
2026-05-23,56,3,wk inc flu hosp,2026-06-13,quantile,0.6,6,Wyoming,Ensemble
2026-05-23,56,3,wk inc flu hosp,2026-06-13,quantile,0.65,6,Wyoming,Ensemble
2026-05-23,56,3,wk inc flu hosp,2026-06-13,quantile,0.7,7,Wyoming,Ensemble
2026-05-23,56,3,wk inc flu hosp,2026-06-13,quantile,0.75,8,Wyoming,Ensemble
2026-05-23,56,3,wk inc flu hosp,2026-06-13,quantile,0.8,9,Wyoming,Ensemble
2026-05-23,56,3,wk inc flu hosp,2026-06-13,quantile,0.85,11,Wyoming,Ensemble
2026-05-23,56,3,wk inc flu hosp,2026-06-13,quantile,0.9,13,Wyoming,Ensemble
2026-05-23,56,3,wk inc flu hosp,2026-06-13,quantile,0.95,18,Wyoming,Ensemble
2026-05-23,56,3,wk inc flu hosp,2026-06-13,quantile,0.975,23,Wyoming,Ensemble
2026-05-23,56,3,wk inc flu hosp,2026-06-13,quantile,0.99,33,Wyoming,Ensemble
2026-05-23,72,0,wk inc flu hosp,2026-05-23,quantile,0.01,23,Puerto Rico,Ensemble
2026-05-23,72,0,wk inc flu hosp,2026-05-23,quantile,0.025,28,Puerto Rico,Ensemble
2026-05-23,72,0,wk inc flu hosp,2026-05-23,quantile,0.05,34,Puerto Rico,Ensemble
2026-05-23,72,0,wk inc flu hosp,2026-05-23,quantile,0.1,41,Puerto Rico,Ensemble
2026-05-23,72,0,wk inc flu hosp,2026-05-23,quantile,0.15,45,Puerto Rico,Ensemble
2026-05-23,72,0,wk inc flu hosp,2026-05-23,quantile,0.2,49,Puerto Rico,Ensemble
2026-05-23,72,0,wk inc flu hosp,2026-05-23,quantile,0.25,53,Puerto Rico,Ensemble
2026-05-23,72,0,wk inc flu hosp,2026-05-23,quantile,0.3,56,Puerto Rico,Ensemble
2026-05-23,72,0,wk inc flu hosp,2026-05-23,quantile,0.35,60,Puerto Rico,Ensemble
2026-05-23,72,0,wk inc flu hosp,2026-05-23,quantile,0.4,63,Puerto Rico,Ensemble
2026-05-23,72,0,wk inc flu hosp,2026-05-23,quantile,0.45,66,Puerto Rico,Ensemble
2026-05-23,72,0,wk inc flu hosp,2026-05-23,quantile,0.5,71,Puerto Rico,Ensemble
2026-05-23,72,0,wk inc flu hosp,2026-05-23,quantile,0.55,75,Puerto Rico,Ensemble
2026-05-23,72,0,wk inc flu hosp,2026-05-23,quantile,0.6,78,Puerto Rico,Ensemble
2026-05-23,72,0,wk inc flu hosp,2026-05-23,quantile,0.65,83,Puerto Rico,Ensemble
2026-05-23,72,0,wk inc flu hosp,2026-05-23,quantile,0.7,87,Puerto Rico,Ensemble
2026-05-23,72,0,wk inc flu hosp,2026-05-23,quantile,0.75,91,Puerto Rico,Ensemble
2026-05-23,72,0,wk inc flu hosp,2026-05-23,quantile,0.8,96,Puerto Rico,Ensemble
2026-05-23,72,0,wk inc flu hosp,2026-05-23,quantile,0.85,103,Puerto Rico,Ensemble
2026-05-23,72,0,wk inc flu hosp,2026-05-23,quantile,0.9,112,Puerto Rico,Ensemble
2026-05-23,72,0,wk inc flu hosp,2026-05-23,quantile,0.95,127,Puerto Rico,Ensemble
2026-05-23,72,0,wk inc flu hosp,2026-05-23,quantile,0.975,141,Puerto Rico,Ensemble
2026-05-23,72,0,wk inc flu hosp,2026-05-23,quantile,0.99,157,Puerto Rico,Ensemble
2026-05-23,72,1,wk inc flu hosp,2026-05-30,quantile,0.01,17,Puerto Rico,Ensemble
2026-05-23,72,1,wk inc flu hosp,2026-05-30,quantile,0.025,21,Puerto Rico,Ensemble
2026-05-23,72,1,wk inc flu hosp,2026-05-30,quantile,0.05,27,Puerto Rico,Ensemble
2026-05-23,72,1,wk inc flu hosp,2026-05-30,quantile,0.1,33,Puerto Rico,Ensemble
2026-05-23,72,1,wk inc flu hosp,2026-05-30,quantile,0.15,38,Puerto Rico,Ensemble
2026-05-23,72,1,wk inc flu hosp,2026-05-30,quantile,0.2,42,Puerto Rico,Ensemble
2026-05-23,72,1,wk inc flu hosp,2026-05-30,quantile,0.25,47,Puerto Rico,Ensemble
2026-05-23,72,1,wk inc flu hosp,2026-05-30,quantile,0.3,50,Puerto Rico,Ensemble
2026-05-23,72,1,wk inc flu hosp,2026-05-30,quantile,0.35,54,Puerto Rico,Ensemble
2026-05-23,72,1,wk inc flu hosp,2026-05-30,quantile,0.4,57,Puerto Rico,Ensemble
2026-05-23,72,1,wk inc flu hosp,2026-05-30,quantile,0.45,61,Puerto Rico,Ensemble
2026-05-23,72,1,wk inc flu hosp,2026-05-30,quantile,0.5,66,Puerto Rico,Ensemble
2026-05-23,72,1,wk inc flu hosp,2026-05-30,quantile,0.55,70,Puerto Rico,Ensemble
2026-05-23,72,1,wk inc flu hosp,2026-05-30,quantile,0.6,74,Puerto Rico,Ensemble
2026-05-23,72,1,wk inc flu hosp,2026-05-30,quantile,0.65,78,Puerto Rico,Ensemble
2026-05-23,72,1,wk inc flu hosp,2026-05-30,quantile,0.7,83,Puerto Rico,Ensemble
2026-05-23,72,1,wk inc flu hosp,2026-05-30,quantile,0.75,88,Puerto Rico,Ensemble
2026-05-23,72,1,wk inc flu hosp,2026-05-30,quantile,0.8,96,Puerto Rico,Ensemble
2026-05-23,72,1,wk inc flu hosp,2026-05-30,quantile,0.85,103,Puerto Rico,Ensemble
2026-05-23,72,1,wk inc flu hosp,2026-05-30,quantile,0.9,114,Puerto Rico,Ensemble
2026-05-23,72,1,wk inc flu hosp,2026-05-30,quantile,0.95,132,Puerto Rico,Ensemble
2026-05-23,72,1,wk inc flu hosp,2026-05-30,quantile,0.975,155,Puerto Rico,Ensemble
2026-05-23,72,1,wk inc flu hosp,2026-05-30,quantile,0.99,183,Puerto Rico,Ensemble
2026-05-23,72,2,wk inc flu hosp,2026-06-06,quantile,0.01,14,Puerto Rico,Ensemble
2026-05-23,72,2,wk inc flu hosp,2026-06-06,quantile,0.025,17,Puerto Rico,Ensemble
2026-05-23,72,2,wk inc flu hosp,2026-06-06,quantile,0.05,21,Puerto Rico,Ensemble
2026-05-23,72,2,wk inc flu hosp,2026-06-06,quantile,0.1,28,Puerto Rico,Ensemble
2026-05-23,72,2,wk inc flu hosp,2026-06-06,quantile,0.15,33,Puerto Rico,Ensemble
2026-05-23,72,2,wk inc flu hosp,2026-06-06,quantile,0.2,37,Puerto Rico,Ensemble
2026-05-23,72,2,wk inc flu hosp,2026-06-06,quantile,0.25,41,Puerto Rico,Ensemble
2026-05-23,72,2,wk inc flu hosp,2026-06-06,quantile,0.3,44,Puerto Rico,Ensemble
2026-05-23,72,2,wk inc flu hosp,2026-06-06,quantile,0.35,48,Puerto Rico,Ensemble
2026-05-23,72,2,wk inc flu hosp,2026-06-06,quantile,0.4,52,Puerto Rico,Ensemble
2026-05-23,72,2,wk inc flu hosp,2026-06-06,quantile,0.45,55,Puerto Rico,Ensemble
2026-05-23,72,2,wk inc flu hosp,2026-06-06,quantile,0.5,60,Puerto Rico,Ensemble
2026-05-23,72,2,wk inc flu hosp,2026-06-06,quantile,0.55,65,Puerto Rico,Ensemble
2026-05-23,72,2,wk inc flu hosp,2026-06-06,quantile,0.6,69,Puerto Rico,Ensemble
2026-05-23,72,2,wk inc flu hosp,2026-06-06,quantile,0.65,74,Puerto Rico,Ensemble
2026-05-23,72,2,wk inc flu hosp,2026-06-06,quantile,0.7,79,Puerto Rico,Ensemble
2026-05-23,72,2,wk inc flu hosp,2026-06-06,quantile,0.75,85,Puerto Rico,Ensemble
2026-05-23,72,2,wk inc flu hosp,2026-06-06,quantile,0.8,93,Puerto Rico,Ensemble
2026-05-23,72,2,wk inc flu hosp,2026-06-06,quantile,0.85,102,Puerto Rico,Ensemble
2026-05-23,72,2,wk inc flu hosp,2026-06-06,quantile,0.9,114,Puerto Rico,Ensemble
2026-05-23,72,2,wk inc flu hosp,2026-06-06,quantile,0.95,137,Puerto Rico,Ensemble
2026-05-23,72,2,wk inc flu hosp,2026-06-06,quantile,0.975,159,Puerto Rico,Ensemble
2026-05-23,72,2,wk inc flu hosp,2026-06-06,quantile,0.99,191,Puerto Rico,Ensemble
2026-05-23,72,3,wk inc flu hosp,2026-06-13,quantile,0.01,12,Puerto Rico,Ensemble
2026-05-23,72,3,wk inc flu hosp,2026-06-13,quantile,0.025,15,Puerto Rico,Ensemble
2026-05-23,72,3,wk inc flu hosp,2026-06-13,quantile,0.05,19,Puerto Rico,Ensemble
2026-05-23,72,3,wk inc flu hosp,2026-06-13,quantile,0.1,24,Puerto Rico,Ensemble
2026-05-23,72,3,wk inc flu hosp,2026-06-13,quantile,0.15,28,Puerto Rico,Ensemble
2026-05-23,72,3,wk inc flu hosp,2026-06-13,quantile,0.2,33,Puerto Rico,Ensemble
2026-05-23,72,3,wk inc flu hosp,2026-06-13,quantile,0.25,36,Puerto Rico,Ensemble
2026-05-23,72,3,wk inc flu hosp,2026-06-13,quantile,0.3,40,Puerto Rico,Ensemble
2026-05-23,72,3,wk inc flu hosp,2026-06-13,quantile,0.35,44,Puerto Rico,Ensemble
2026-05-23,72,3,wk inc flu hosp,2026-06-13,quantile,0.4,47,Puerto Rico,Ensemble
2026-05-23,72,3,wk inc flu hosp,2026-06-13,quantile,0.45,51,Puerto Rico,Ensemble
2026-05-23,72,3,wk inc flu hosp,2026-06-13,quantile,0.5,57,Puerto Rico,Ensemble
2026-05-23,72,3,wk inc flu hosp,2026-06-13,quantile,0.55,61,Puerto Rico,Ensemble
2026-05-23,72,3,wk inc flu hosp,2026-06-13,quantile,0.6,66,Puerto Rico,Ensemble
2026-05-23,72,3,wk inc flu hosp,2026-06-13,quantile,0.65,71,Puerto Rico,Ensemble
2026-05-23,72,3,wk inc flu hosp,2026-06-13,quantile,0.7,76,Puerto Rico,Ensemble
2026-05-23,72,3,wk inc flu hosp,2026-06-13,quantile,0.75,82,Puerto Rico,Ensemble
2026-05-23,72,3,wk inc flu hosp,2026-06-13,quantile,0.8,89,Puerto Rico,Ensemble
2026-05-23,72,3,wk inc flu hosp,2026-06-13,quantile,0.85,100,Puerto Rico,Ensemble
2026-05-23,72,3,wk inc flu hosp,2026-06-13,quantile,0.9,114,Puerto Rico,Ensemble
2026-05-23,72,3,wk inc flu hosp,2026-06-13,quantile,0.95,137,Puerto Rico,Ensemble
2026-05-23,72,3,wk inc flu hosp,2026-06-13,quantile,0.975,165,Puerto Rico,Ensemble
2026-05-23,72,3,wk inc flu hosp,2026-06-13,quantile,0.99,201,Puerto Rico,Ensemble
2026-05-23,US,0,wk inc flu hosp,2026-05-23,quantile,0.01,439,US,Ensemble
2026-05-23,US,0,wk inc flu hosp,2026-05-23,quantile,0.025,509,US,Ensemble
2026-05-23,US,0,wk inc flu hosp,2026-05-23,quantile,0.05,590,US,Ensemble
2026-05-23,US,0,wk inc flu hosp,2026-05-23,quantile,0.1,705,US,Ensemble
2026-05-23,US,0,wk inc flu hosp,2026-05-23,quantile,0.15,776,US,Ensemble
2026-05-23,US,0,wk inc flu hosp,2026-05-23,quantile,0.2,845,US,Ensemble
2026-05-23,US,0,wk inc flu hosp,2026-05-23,quantile,0.25,906,US,Ensemble
2026-05-23,US,0,wk inc flu hosp,2026-05-23,quantile,0.3,956,US,Ensemble
2026-05-23,US,0,wk inc flu hosp,2026-05-23,quantile,0.35,1006,US,Ensemble
2026-05-23,US,0,wk inc flu hosp,2026-05-23,quantile,0.4,1046,US,Ensemble
2026-05-23,US,0,wk inc flu hosp,2026-05-23,quantile,0.45,1086,US,Ensemble
2026-05-23,US,0,wk inc flu hosp,2026-05-23,quantile,0.5,1137,US,Ensemble
2026-05-23,US,0,wk inc flu hosp,2026-05-23,quantile,0.55,1185,US,Ensemble
2026-05-23,US,0,wk inc flu hosp,2026-05-23,quantile,0.6,1227,US,Ensemble
2026-05-23,US,0,wk inc flu hosp,2026-05-23,quantile,0.65,1273,US,Ensemble
2026-05-23,US,0,wk inc flu hosp,2026-05-23,quantile,0.7,1332,US,Ensemble
2026-05-23,US,0,wk inc flu hosp,2026-05-23,quantile,0.75,1391,US,Ensemble
2026-05-23,US,0,wk inc flu hosp,2026-05-23,quantile,0.8,1468,US,Ensemble
2026-05-23,US,0,wk inc flu hosp,2026-05-23,quantile,0.85,1565,US,Ensemble
2026-05-23,US,0,wk inc flu hosp,2026-05-23,quantile,0.9,1686,US,Ensemble
2026-05-23,US,0,wk inc flu hosp,2026-05-23,quantile,0.95,1918,US,Ensemble
2026-05-23,US,0,wk inc flu hosp,2026-05-23,quantile,0.975,2203,US,Ensemble
2026-05-23,US,0,wk inc flu hosp,2026-05-23,quantile,0.99,2638,US,Ensemble
2026-05-23,US,1,wk inc flu hosp,2026-05-30,quantile,0.01,345,US,Ensemble
2026-05-23,US,1,wk inc flu hosp,2026-05-30,quantile,0.025,405,US,Ensemble
2026-05-23,US,1,wk inc flu hosp,2026-05-30,quantile,0.05,468,US,Ensemble
2026-05-23,US,1,wk inc flu hosp,2026-05-30,quantile,0.1,557,US,Ensemble
2026-05-23,US,1,wk inc flu hosp,2026-05-30,quantile,0.15,636,US,Ensemble
2026-05-23,US,1,wk inc flu hosp,2026-05-30,quantile,0.2,716,US,Ensemble
2026-05-23,US,1,wk inc flu hosp,2026-05-30,quantile,0.25,771,US,Ensemble
2026-05-23,US,1,wk inc flu hosp,2026-05-30,quantile,0.3,823,US,Ensemble
2026-05-23,US,1,wk inc flu hosp,2026-05-30,quantile,0.35,881,US,Ensemble
2026-05-23,US,1,wk inc flu hosp,2026-05-30,quantile,0.4,937,US,Ensemble
2026-05-23,US,1,wk inc flu hosp,2026-05-30,quantile,0.45,991,US,Ensemble
2026-05-23,US,1,wk inc flu hosp,2026-05-30,quantile,0.5,1050,US,Ensemble
2026-05-23,US,1,wk inc flu hosp,2026-05-30,quantile,0.55,1111,US,Ensemble
2026-05-23,US,1,wk inc flu hosp,2026-05-30,quantile,0.6,1167,US,Ensemble
2026-05-23,US,1,wk inc flu hosp,2026-05-30,quantile,0.65,1230,US,Ensemble
2026-05-23,US,1,wk inc flu hosp,2026-05-30,quantile,0.7,1303,US,Ensemble
2026-05-23,US,1,wk inc flu hosp,2026-05-30,quantile,0.75,1390,US,Ensemble
2026-05-23,US,1,wk inc flu hosp,2026-05-30,quantile,0.8,1491,US,Ensemble
2026-05-23,US,1,wk inc flu hosp,2026-05-30,quantile,0.85,1662,US,Ensemble
2026-05-23,US,1,wk inc flu hosp,2026-05-30,quantile,0.9,1856,US,Ensemble
2026-05-23,US,1,wk inc flu hosp,2026-05-30,quantile,0.95,2213,US,Ensemble
2026-05-23,US,1,wk inc flu hosp,2026-05-30,quantile,0.975,2820,US,Ensemble
2026-05-23,US,1,wk inc flu hosp,2026-05-30,quantile,0.99,3651,US,Ensemble
2026-05-23,US,2,wk inc flu hosp,2026-06-06,quantile,0.01,295,US,Ensemble
2026-05-23,US,2,wk inc flu hosp,2026-06-06,quantile,0.025,347,US,Ensemble
2026-05-23,US,2,wk inc flu hosp,2026-06-06,quantile,0.05,399,US,Ensemble
2026-05-23,US,2,wk inc flu hosp,2026-06-06,quantile,0.1,494,US,Ensemble
2026-05-23,US,2,wk inc flu hosp,2026-06-06,quantile,0.15,564,US,Ensemble
2026-05-23,US,2,wk inc flu hosp,2026-06-06,quantile,0.2,617,US,Ensemble
2026-05-23,US,2,wk inc flu hosp,2026-06-06,quantile,0.25,663,US,Ensemble
2026-05-23,US,2,wk inc flu hosp,2026-06-06,quantile,0.3,708,US,Ensemble
2026-05-23,US,2,wk inc flu hosp,2026-06-06,quantile,0.35,759,US,Ensemble
2026-05-23,US,2,wk inc flu hosp,2026-06-06,quantile,0.4,820,US,Ensemble
2026-05-23,US,2,wk inc flu hosp,2026-06-06,quantile,0.45,899,US,Ensemble
2026-05-23,US,2,wk inc flu hosp,2026-06-06,quantile,0.5,967,US,Ensemble
2026-05-23,US,2,wk inc flu hosp,2026-06-06,quantile,0.55,1035,US,Ensemble
2026-05-23,US,2,wk inc flu hosp,2026-06-06,quantile,0.6,1127,US,Ensemble
2026-05-23,US,2,wk inc flu hosp,2026-06-06,quantile,0.65,1215,US,Ensemble
2026-05-23,US,2,wk inc flu hosp,2026-06-06,quantile,0.7,1299,US,Ensemble
2026-05-23,US,2,wk inc flu hosp,2026-06-06,quantile,0.75,1404,US,Ensemble
2026-05-23,US,2,wk inc flu hosp,2026-06-06,quantile,0.8,1535,US,Ensemble
2026-05-23,US,2,wk inc flu hosp,2026-06-06,quantile,0.85,1715,US,Ensemble
2026-05-23,US,2,wk inc flu hosp,2026-06-06,quantile,0.9,1978,US,Ensemble
2026-05-23,US,2,wk inc flu hosp,2026-06-06,quantile,0.95,2537,US,Ensemble
2026-05-23,US,2,wk inc flu hosp,2026-06-06,quantile,0.975,3327,US,Ensemble
2026-05-23,US,2,wk inc flu hosp,2026-06-06,quantile,0.99,4170,US,Ensemble
2026-05-23,US,3,wk inc flu hosp,2026-06-13,quantile,0.01,247,US,Ensemble
2026-05-23,US,3,wk inc flu hosp,2026-06-13,quantile,0.025,289,US,Ensemble
2026-05-23,US,3,wk inc flu hosp,2026-06-13,quantile,0.05,331,US,Ensemble
2026-05-23,US,3,wk inc flu hosp,2026-06-13,quantile,0.1,408,US,Ensemble
2026-05-23,US,3,wk inc flu hosp,2026-06-13,quantile,0.15,471,US,Ensemble
2026-05-23,US,3,wk inc flu hosp,2026-06-13,quantile,0.2,530,US,Ensemble
2026-05-23,US,3,wk inc flu hosp,2026-06-13,quantile,0.25,592,US,Ensemble
2026-05-23,US,3,wk inc flu hosp,2026-06-13,quantile,0.3,642,US,Ensemble
2026-05-23,US,3,wk inc flu hosp,2026-06-13,quantile,0.35,693,US,Ensemble
2026-05-23,US,3,wk inc flu hosp,2026-06-13,quantile,0.4,743,US,Ensemble
2026-05-23,US,3,wk inc flu hosp,2026-06-13,quantile,0.45,802,US,Ensemble
2026-05-23,US,3,wk inc flu hosp,2026-06-13,quantile,0.5,889,US,Ensemble
2026-05-23,US,3,wk inc flu hosp,2026-06-13,quantile,0.55,969,US,Ensemble
2026-05-23,US,3,wk inc flu hosp,2026-06-13,quantile,0.6,1046,US,Ensemble
2026-05-23,US,3,wk inc flu hosp,2026-06-13,quantile,0.65,1142,US,Ensemble
2026-05-23,US,3,wk inc flu hosp,2026-06-13,quantile,0.7,1236,US,Ensemble
2026-05-23,US,3,wk inc flu hosp,2026-06-13,quantile,0.75,1346,US,Ensemble
2026-05-23,US,3,wk inc flu hosp,2026-06-13,quantile,0.8,1507,US,Ensemble
2026-05-23,US,3,wk inc flu hosp,2026-06-13,quantile,0.85,1740,US,Ensemble
2026-05-23,US,3,wk inc flu hosp,2026-06-13,quantile,0.9,2139,US,Ensemble
2026-05-23,US,3,wk inc flu hosp,2026-06-13,quantile,0.95,2899,US,Ensemble
2026-05-23,US,3,wk inc flu hosp,2026-06-13,quantile,0.975,3682,US,Ensemble
2026-05-23,US,3,wk inc flu hosp,2026-06-13,quantile,0.99,5232,US,Ensemble
