reference_date,location,horizon,target,target_end_date,output_type,output_type_id,value,location_name,model_id
2026-05-16,01,0,wk inc flu hosp,2026-05-16,quantile,0.01,3,Alabama,Ensemble
2026-05-16,01,0,wk inc flu hosp,2026-05-16,quantile,0.025,4,Alabama,Ensemble
2026-05-16,01,0,wk inc flu hosp,2026-05-16,quantile,0.05,4,Alabama,Ensemble
2026-05-16,01,0,wk inc flu hosp,2026-05-16,quantile,0.1,6,Alabama,Ensemble
2026-05-16,01,0,wk inc flu hosp,2026-05-16,quantile,0.15,7,Alabama,Ensemble
2026-05-16,01,0,wk inc flu hosp,2026-05-16,quantile,0.2,8,Alabama,Ensemble
2026-05-16,01,0,wk inc flu hosp,2026-05-16,quantile,0.25,10,Alabama,Ensemble
2026-05-16,01,0,wk inc flu hosp,2026-05-16,quantile,0.3,11,Alabama,Ensemble
2026-05-16,01,0,wk inc flu hosp,2026-05-16,quantile,0.35,12,Alabama,Ensemble
2026-05-16,01,0,wk inc flu hosp,2026-05-16,quantile,0.4,13,Alabama,Ensemble
2026-05-16,01,0,wk inc flu hosp,2026-05-16,quantile,0.45,14,Alabama,Ensemble
2026-05-16,01,0,wk inc flu hosp,2026-05-16,quantile,0.5,16,Alabama,Ensemble
2026-05-16,01,0,wk inc flu hosp,2026-05-16,quantile,0.55,17,Alabama,Ensemble
2026-05-16,01,0,wk inc flu hosp,2026-05-16,quantile,0.6,19,Alabama,Ensemble
2026-05-16,01,0,wk inc flu hosp,2026-05-16,quantile,0.65,20,Alabama,Ensemble
2026-05-16,01,0,wk inc flu hosp,2026-05-16,quantile,0.7,21,Alabama,Ensemble
2026-05-16,01,0,wk inc flu hosp,2026-05-16,quantile,0.75,23,Alabama,Ensemble
2026-05-16,01,0,wk inc flu hosp,2026-05-16,quantile,0.8,25,Alabama,Ensemble
2026-05-16,01,0,wk inc flu hosp,2026-05-16,quantile,0.85,32,Alabama,Ensemble
2026-05-16,01,0,wk inc flu hosp,2026-05-16,quantile,0.9,36,Alabama,Ensemble
2026-05-16,01,0,wk inc flu hosp,2026-05-16,quantile,0.95,45,Alabama,Ensemble
2026-05-16,01,0,wk inc flu hosp,2026-05-16,quantile,0.975,49,Alabama,Ensemble
2026-05-16,01,0,wk inc flu hosp,2026-05-16,quantile,0.99,57,Alabama,Ensemble
2026-05-16,01,1,wk inc flu hosp,2026-05-23,quantile,0.01,2,Alabama,Ensemble
2026-05-16,01,1,wk inc flu hosp,2026-05-23,quantile,0.025,2,Alabama,Ensemble
2026-05-16,01,1,wk inc flu hosp,2026-05-23,quantile,0.05,3,Alabama,Ensemble
2026-05-16,01,1,wk inc flu hosp,2026-05-23,quantile,0.1,5,Alabama,Ensemble
2026-05-16,01,1,wk inc flu hosp,2026-05-23,quantile,0.15,6,Alabama,Ensemble
2026-05-16,01,1,wk inc flu hosp,2026-05-23,quantile,0.2,7,Alabama,Ensemble
2026-05-16,01,1,wk inc flu hosp,2026-05-23,quantile,0.25,8,Alabama,Ensemble
2026-05-16,01,1,wk inc flu hosp,2026-05-23,quantile,0.3,9,Alabama,Ensemble
2026-05-16,01,1,wk inc flu hosp,2026-05-23,quantile,0.35,10,Alabama,Ensemble
2026-05-16,01,1,wk inc flu hosp,2026-05-23,quantile,0.4,11,Alabama,Ensemble
2026-05-16,01,1,wk inc flu hosp,2026-05-23,quantile,0.45,13,Alabama,Ensemble
2026-05-16,01,1,wk inc flu hosp,2026-05-23,quantile,0.5,15,Alabama,Ensemble
2026-05-16,01,1,wk inc flu hosp,2026-05-23,quantile,0.55,17,Alabama,Ensemble
2026-05-16,01,1,wk inc flu hosp,2026-05-23,quantile,0.6,18,Alabama,Ensemble
2026-05-16,01,1,wk inc flu hosp,2026-05-23,quantile,0.65,19,Alabama,Ensemble
2026-05-16,01,1,wk inc flu hosp,2026-05-23,quantile,0.7,21,Alabama,Ensemble
2026-05-16,01,1,wk inc flu hosp,2026-05-23,quantile,0.75,23,Alabama,Ensemble
2026-05-16,01,1,wk inc flu hosp,2026-05-23,quantile,0.8,28,Alabama,Ensemble
2026-05-16,01,1,wk inc flu hosp,2026-05-23,quantile,0.85,34,Alabama,Ensemble
2026-05-16,01,1,wk inc flu hosp,2026-05-23,quantile,0.9,39,Alabama,Ensemble
2026-05-16,01,1,wk inc flu hosp,2026-05-23,quantile,0.95,53,Alabama,Ensemble
2026-05-16,01,1,wk inc flu hosp,2026-05-23,quantile,0.975,60,Alabama,Ensemble
2026-05-16,01,1,wk inc flu hosp,2026-05-23,quantile,0.99,69,Alabama,Ensemble
2026-05-16,01,2,wk inc flu hosp,2026-05-30,quantile,0.01,1,Alabama,Ensemble
2026-05-16,01,2,wk inc flu hosp,2026-05-30,quantile,0.025,2,Alabama,Ensemble
2026-05-16,01,2,wk inc flu hosp,2026-05-30,quantile,0.05,3,Alabama,Ensemble
2026-05-16,01,2,wk inc flu hosp,2026-05-30,quantile,0.1,4,Alabama,Ensemble
2026-05-16,01,2,wk inc flu hosp,2026-05-30,quantile,0.15,5,Alabama,Ensemble
2026-05-16,01,2,wk inc flu hosp,2026-05-30,quantile,0.2,6,Alabama,Ensemble
2026-05-16,01,2,wk inc flu hosp,2026-05-30,quantile,0.25,7,Alabama,Ensemble
2026-05-16,01,2,wk inc flu hosp,2026-05-30,quantile,0.3,8,Alabama,Ensemble
2026-05-16,01,2,wk inc flu hosp,2026-05-30,quantile,0.35,9,Alabama,Ensemble
2026-05-16,01,2,wk inc flu hosp,2026-05-30,quantile,0.4,10,Alabama,Ensemble
2026-05-16,01,2,wk inc flu hosp,2026-05-30,quantile,0.45,11,Alabama,Ensemble
2026-05-16,01,2,wk inc flu hosp,2026-05-30,quantile,0.5,14,Alabama,Ensemble
2026-05-16,01,2,wk inc flu hosp,2026-05-30,quantile,0.55,16,Alabama,Ensemble
2026-05-16,01,2,wk inc flu hosp,2026-05-30,quantile,0.6,17,Alabama,Ensemble
2026-05-16,01,2,wk inc flu hosp,2026-05-30,quantile,0.65,19,Alabama,Ensemble
2026-05-16,01,2,wk inc flu hosp,2026-05-30,quantile,0.7,20,Alabama,Ensemble
2026-05-16,01,2,wk inc flu hosp,2026-05-30,quantile,0.75,25,Alabama,Ensemble
2026-05-16,01,2,wk inc flu hosp,2026-05-30,quantile,0.8,31,Alabama,Ensemble
2026-05-16,01,2,wk inc flu hosp,2026-05-30,quantile,0.85,39,Alabama,Ensemble
2026-05-16,01,2,wk inc flu hosp,2026-05-30,quantile,0.9,47,Alabama,Ensemble
2026-05-16,01,2,wk inc flu hosp,2026-05-30,quantile,0.95,59,Alabama,Ensemble
2026-05-16,01,2,wk inc flu hosp,2026-05-30,quantile,0.975,69,Alabama,Ensemble
2026-05-16,01,2,wk inc flu hosp,2026-05-30,quantile,0.99,82,Alabama,Ensemble
2026-05-16,01,3,wk inc flu hosp,2026-06-06,quantile,0.01,1,Alabama,Ensemble
2026-05-16,01,3,wk inc flu hosp,2026-06-06,quantile,0.025,1,Alabama,Ensemble
2026-05-16,01,3,wk inc flu hosp,2026-06-06,quantile,0.05,2,Alabama,Ensemble
2026-05-16,01,3,wk inc flu hosp,2026-06-06,quantile,0.1,3,Alabama,Ensemble
2026-05-16,01,3,wk inc flu hosp,2026-06-06,quantile,0.15,4,Alabama,Ensemble
2026-05-16,01,3,wk inc flu hosp,2026-06-06,quantile,0.2,5,Alabama,Ensemble
2026-05-16,01,3,wk inc flu hosp,2026-06-06,quantile,0.25,6,Alabama,Ensemble
2026-05-16,01,3,wk inc flu hosp,2026-06-06,quantile,0.3,7,Alabama,Ensemble
2026-05-16,01,3,wk inc flu hosp,2026-06-06,quantile,0.35,8,Alabama,Ensemble
2026-05-16,01,3,wk inc flu hosp,2026-06-06,quantile,0.4,9,Alabama,Ensemble
2026-05-16,01,3,wk inc flu hosp,2026-06-06,quantile,0.45,10,Alabama,Ensemble
2026-05-16,01,3,wk inc flu hosp,2026-06-06,quantile,0.5,13,Alabama,Ensemble
2026-05-16,01,3,wk inc flu hosp,2026-06-06,quantile,0.55,15,Alabama,Ensemble
2026-05-16,01,3,wk inc flu hosp,2026-06-06,quantile,0.6,16,Alabama,Ensemble
2026-05-16,01,3,wk inc flu hosp,2026-06-06,quantile,0.65,18,Alabama,Ensemble
2026-05-16,01,3,wk inc flu hosp,2026-06-06,quantile,0.7,20,Alabama,Ensemble
2026-05-16,01,3,wk inc flu hosp,2026-06-06,quantile,0.75,23,Alabama,Ensemble
2026-05-16,01,3,wk inc flu hosp,2026-06-06,quantile,0.8,32,Alabama,Ensemble
2026-05-16,01,3,wk inc flu hosp,2026-06-06,quantile,0.85,36,Alabama,Ensemble
2026-05-16,01,3,wk inc flu hosp,2026-06-06,quantile,0.9,47,Alabama,Ensemble
2026-05-16,01,3,wk inc flu hosp,2026-06-06,quantile,0.95,56,Alabama,Ensemble
2026-05-16,01,3,wk inc flu hosp,2026-06-06,quantile,0.975,69,Alabama,Ensemble
2026-05-16,01,3,wk inc flu hosp,2026-06-06,quantile,0.99,83,Alabama,Ensemble
2026-05-16,02,0,wk inc flu hosp,2026-05-16,quantile,0.01,0,Alaska,Ensemble
2026-05-16,02,0,wk inc flu hosp,2026-05-16,quantile,0.025,0,Alaska,Ensemble
2026-05-16,02,0,wk inc flu hosp,2026-05-16,quantile,0.05,0,Alaska,Ensemble
2026-05-16,02,0,wk inc flu hosp,2026-05-16,quantile,0.1,1,Alaska,Ensemble
2026-05-16,02,0,wk inc flu hosp,2026-05-16,quantile,0.15,1,Alaska,Ensemble
2026-05-16,02,0,wk inc flu hosp,2026-05-16,quantile,0.2,1,Alaska,Ensemble
2026-05-16,02,0,wk inc flu hosp,2026-05-16,quantile,0.25,1,Alaska,Ensemble
2026-05-16,02,0,wk inc flu hosp,2026-05-16,quantile,0.3,2,Alaska,Ensemble
2026-05-16,02,0,wk inc flu hosp,2026-05-16,quantile,0.35,2,Alaska,Ensemble
2026-05-16,02,0,wk inc flu hosp,2026-05-16,quantile,0.4,2,Alaska,Ensemble
2026-05-16,02,0,wk inc flu hosp,2026-05-16,quantile,0.45,2,Alaska,Ensemble
2026-05-16,02,0,wk inc flu hosp,2026-05-16,quantile,0.5,4,Alaska,Ensemble
2026-05-16,02,0,wk inc flu hosp,2026-05-16,quantile,0.55,4,Alaska,Ensemble
2026-05-16,02,0,wk inc flu hosp,2026-05-16,quantile,0.6,4,Alaska,Ensemble
2026-05-16,02,0,wk inc flu hosp,2026-05-16,quantile,0.65,5,Alaska,Ensemble
2026-05-16,02,0,wk inc flu hosp,2026-05-16,quantile,0.7,5,Alaska,Ensemble
2026-05-16,02,0,wk inc flu hosp,2026-05-16,quantile,0.75,6,Alaska,Ensemble
2026-05-16,02,0,wk inc flu hosp,2026-05-16,quantile,0.8,6,Alaska,Ensemble
2026-05-16,02,0,wk inc flu hosp,2026-05-16,quantile,0.85,7,Alaska,Ensemble
2026-05-16,02,0,wk inc flu hosp,2026-05-16,quantile,0.9,8,Alaska,Ensemble
2026-05-16,02,0,wk inc flu hosp,2026-05-16,quantile,0.95,10,Alaska,Ensemble
2026-05-16,02,0,wk inc flu hosp,2026-05-16,quantile,0.975,12,Alaska,Ensemble
2026-05-16,02,0,wk inc flu hosp,2026-05-16,quantile,0.99,15,Alaska,Ensemble
2026-05-16,02,1,wk inc flu hosp,2026-05-23,quantile,0.01,0,Alaska,Ensemble
2026-05-16,02,1,wk inc flu hosp,2026-05-23,quantile,0.025,0,Alaska,Ensemble
2026-05-16,02,1,wk inc flu hosp,2026-05-23,quantile,0.05,0,Alaska,Ensemble
2026-05-16,02,1,wk inc flu hosp,2026-05-23,quantile,0.1,0,Alaska,Ensemble
2026-05-16,02,1,wk inc flu hosp,2026-05-23,quantile,0.15,1,Alaska,Ensemble
2026-05-16,02,1,wk inc flu hosp,2026-05-23,quantile,0.2,1,Alaska,Ensemble
2026-05-16,02,1,wk inc flu hosp,2026-05-23,quantile,0.25,1,Alaska,Ensemble
2026-05-16,02,1,wk inc flu hosp,2026-05-23,quantile,0.3,1,Alaska,Ensemble
2026-05-16,02,1,wk inc flu hosp,2026-05-23,quantile,0.35,2,Alaska,Ensemble
2026-05-16,02,1,wk inc flu hosp,2026-05-23,quantile,0.4,2,Alaska,Ensemble
2026-05-16,02,1,wk inc flu hosp,2026-05-23,quantile,0.45,2,Alaska,Ensemble
2026-05-16,02,1,wk inc flu hosp,2026-05-23,quantile,0.5,4,Alaska,Ensemble
2026-05-16,02,1,wk inc flu hosp,2026-05-23,quantile,0.55,4,Alaska,Ensemble
2026-05-16,02,1,wk inc flu hosp,2026-05-23,quantile,0.6,4,Alaska,Ensemble
2026-05-16,02,1,wk inc flu hosp,2026-05-23,quantile,0.65,5,Alaska,Ensemble
2026-05-16,02,1,wk inc flu hosp,2026-05-23,quantile,0.7,5,Alaska,Ensemble
2026-05-16,02,1,wk inc flu hosp,2026-05-23,quantile,0.75,6,Alaska,Ensemble
2026-05-16,02,1,wk inc flu hosp,2026-05-23,quantile,0.8,7,Alaska,Ensemble
2026-05-16,02,1,wk inc flu hosp,2026-05-23,quantile,0.85,8,Alaska,Ensemble
2026-05-16,02,1,wk inc flu hosp,2026-05-23,quantile,0.9,9,Alaska,Ensemble
2026-05-16,02,1,wk inc flu hosp,2026-05-23,quantile,0.95,12,Alaska,Ensemble
2026-05-16,02,1,wk inc flu hosp,2026-05-23,quantile,0.975,15,Alaska,Ensemble
2026-05-16,02,1,wk inc flu hosp,2026-05-23,quantile,0.99,18,Alaska,Ensemble
2026-05-16,02,2,wk inc flu hosp,2026-05-30,quantile,0.01,0,Alaska,Ensemble
2026-05-16,02,2,wk inc flu hosp,2026-05-30,quantile,0.025,0,Alaska,Ensemble
2026-05-16,02,2,wk inc flu hosp,2026-05-30,quantile,0.05,0,Alaska,Ensemble
2026-05-16,02,2,wk inc flu hosp,2026-05-30,quantile,0.1,0,Alaska,Ensemble
2026-05-16,02,2,wk inc flu hosp,2026-05-30,quantile,0.15,0,Alaska,Ensemble
2026-05-16,02,2,wk inc flu hosp,2026-05-30,quantile,0.2,1,Alaska,Ensemble
2026-05-16,02,2,wk inc flu hosp,2026-05-30,quantile,0.25,1,Alaska,Ensemble
2026-05-16,02,2,wk inc flu hosp,2026-05-30,quantile,0.3,1,Alaska,Ensemble
2026-05-16,02,2,wk inc flu hosp,2026-05-30,quantile,0.35,1,Alaska,Ensemble
2026-05-16,02,2,wk inc flu hosp,2026-05-30,quantile,0.4,2,Alaska,Ensemble
2026-05-16,02,2,wk inc flu hosp,2026-05-30,quantile,0.45,2,Alaska,Ensemble
2026-05-16,02,2,wk inc flu hosp,2026-05-30,quantile,0.5,3,Alaska,Ensemble
2026-05-16,02,2,wk inc flu hosp,2026-05-30,quantile,0.55,4,Alaska,Ensemble
2026-05-16,02,2,wk inc flu hosp,2026-05-30,quantile,0.6,4,Alaska,Ensemble
2026-05-16,02,2,wk inc flu hosp,2026-05-30,quantile,0.65,5,Alaska,Ensemble
2026-05-16,02,2,wk inc flu hosp,2026-05-30,quantile,0.7,5,Alaska,Ensemble
2026-05-16,02,2,wk inc flu hosp,2026-05-30,quantile,0.75,6,Alaska,Ensemble
2026-05-16,02,2,wk inc flu hosp,2026-05-30,quantile,0.8,7,Alaska,Ensemble
2026-05-16,02,2,wk inc flu hosp,2026-05-30,quantile,0.85,8,Alaska,Ensemble
2026-05-16,02,2,wk inc flu hosp,2026-05-30,quantile,0.9,9,Alaska,Ensemble
2026-05-16,02,2,wk inc flu hosp,2026-05-30,quantile,0.95,14,Alaska,Ensemble
2026-05-16,02,2,wk inc flu hosp,2026-05-30,quantile,0.975,17,Alaska,Ensemble
2026-05-16,02,2,wk inc flu hosp,2026-05-30,quantile,0.99,21,Alaska,Ensemble
2026-05-16,02,3,wk inc flu hosp,2026-06-06,quantile,0.01,0,Alaska,Ensemble
2026-05-16,02,3,wk inc flu hosp,2026-06-06,quantile,0.025,0,Alaska,Ensemble
2026-05-16,02,3,wk inc flu hosp,2026-06-06,quantile,0.05,0,Alaska,Ensemble
2026-05-16,02,3,wk inc flu hosp,2026-06-06,quantile,0.1,0,Alaska,Ensemble
2026-05-16,02,3,wk inc flu hosp,2026-06-06,quantile,0.15,0,Alaska,Ensemble
2026-05-16,02,3,wk inc flu hosp,2026-06-06,quantile,0.2,1,Alaska,Ensemble
2026-05-16,02,3,wk inc flu hosp,2026-06-06,quantile,0.25,1,Alaska,Ensemble
2026-05-16,02,3,wk inc flu hosp,2026-06-06,quantile,0.3,1,Alaska,Ensemble
2026-05-16,02,3,wk inc flu hosp,2026-06-06,quantile,0.35,1,Alaska,Ensemble
2026-05-16,02,3,wk inc flu hosp,2026-06-06,quantile,0.4,2,Alaska,Ensemble
2026-05-16,02,3,wk inc flu hosp,2026-06-06,quantile,0.45,2,Alaska,Ensemble
2026-05-16,02,3,wk inc flu hosp,2026-06-06,quantile,0.5,3,Alaska,Ensemble
2026-05-16,02,3,wk inc flu hosp,2026-06-06,quantile,0.55,4,Alaska,Ensemble
2026-05-16,02,3,wk inc flu hosp,2026-06-06,quantile,0.6,4,Alaska,Ensemble
2026-05-16,02,3,wk inc flu hosp,2026-06-06,quantile,0.65,5,Alaska,Ensemble
2026-05-16,02,3,wk inc flu hosp,2026-06-06,quantile,0.7,5,Alaska,Ensemble
2026-05-16,02,3,wk inc flu hosp,2026-06-06,quantile,0.75,6,Alaska,Ensemble
2026-05-16,02,3,wk inc flu hosp,2026-06-06,quantile,0.8,7,Alaska,Ensemble
2026-05-16,02,3,wk inc flu hosp,2026-06-06,quantile,0.85,9,Alaska,Ensemble
2026-05-16,02,3,wk inc flu hosp,2026-06-06,quantile,0.9,11,Alaska,Ensemble
2026-05-16,02,3,wk inc flu hosp,2026-06-06,quantile,0.95,15,Alaska,Ensemble
2026-05-16,02,3,wk inc flu hosp,2026-06-06,quantile,0.975,18,Alaska,Ensemble
2026-05-16,02,3,wk inc flu hosp,2026-06-06,quantile,0.99,23,Alaska,Ensemble
2026-05-16,04,0,wk inc flu hosp,2026-05-16,quantile,0.01,12,Arizona,Ensemble
2026-05-16,04,0,wk inc flu hosp,2026-05-16,quantile,0.025,15,Arizona,Ensemble
2026-05-16,04,0,wk inc flu hosp,2026-05-16,quantile,0.05,18,Arizona,Ensemble
2026-05-16,04,0,wk inc flu hosp,2026-05-16,quantile,0.1,22,Arizona,Ensemble
2026-05-16,04,0,wk inc flu hosp,2026-05-16,quantile,0.15,25,Arizona,Ensemble
2026-05-16,04,0,wk inc flu hosp,2026-05-16,quantile,0.2,28,Arizona,Ensemble
2026-05-16,04,0,wk inc flu hosp,2026-05-16,quantile,0.25,30,Arizona,Ensemble
2026-05-16,04,0,wk inc flu hosp,2026-05-16,quantile,0.3,33,Arizona,Ensemble
2026-05-16,04,0,wk inc flu hosp,2026-05-16,quantile,0.35,35,Arizona,Ensemble
2026-05-16,04,0,wk inc flu hosp,2026-05-16,quantile,0.4,38,Arizona,Ensemble
2026-05-16,04,0,wk inc flu hosp,2026-05-16,quantile,0.45,41,Arizona,Ensemble
2026-05-16,04,0,wk inc flu hosp,2026-05-16,quantile,0.5,44,Arizona,Ensemble
2026-05-16,04,0,wk inc flu hosp,2026-05-16,quantile,0.55,47,Arizona,Ensemble
2026-05-16,04,0,wk inc flu hosp,2026-05-16,quantile,0.6,50,Arizona,Ensemble
2026-05-16,04,0,wk inc flu hosp,2026-05-16,quantile,0.65,53,Arizona,Ensemble
2026-05-16,04,0,wk inc flu hosp,2026-05-16,quantile,0.7,57,Arizona,Ensemble
2026-05-16,04,0,wk inc flu hosp,2026-05-16,quantile,0.75,61,Arizona,Ensemble
2026-05-16,04,0,wk inc flu hosp,2026-05-16,quantile,0.8,65,Arizona,Ensemble
2026-05-16,04,0,wk inc flu hosp,2026-05-16,quantile,0.85,71,Arizona,Ensemble
2026-05-16,04,0,wk inc flu hosp,2026-05-16,quantile,0.9,78,Arizona,Ensemble
2026-05-16,04,0,wk inc flu hosp,2026-05-16,quantile,0.95,99,Arizona,Ensemble
2026-05-16,04,0,wk inc flu hosp,2026-05-16,quantile,0.975,111,Arizona,Ensemble
2026-05-16,04,0,wk inc flu hosp,2026-05-16,quantile,0.99,128,Arizona,Ensemble
2026-05-16,04,1,wk inc flu hosp,2026-05-23,quantile,0.01,8,Arizona,Ensemble
2026-05-16,04,1,wk inc flu hosp,2026-05-23,quantile,0.025,11,Arizona,Ensemble
2026-05-16,04,1,wk inc flu hosp,2026-05-23,quantile,0.05,14,Arizona,Ensemble
2026-05-16,04,1,wk inc flu hosp,2026-05-23,quantile,0.1,18,Arizona,Ensemble
2026-05-16,04,1,wk inc flu hosp,2026-05-23,quantile,0.15,20,Arizona,Ensemble
2026-05-16,04,1,wk inc flu hosp,2026-05-23,quantile,0.2,23,Arizona,Ensemble
2026-05-16,04,1,wk inc flu hosp,2026-05-23,quantile,0.25,25,Arizona,Ensemble
2026-05-16,04,1,wk inc flu hosp,2026-05-23,quantile,0.3,28,Arizona,Ensemble
2026-05-16,04,1,wk inc flu hosp,2026-05-23,quantile,0.35,30,Arizona,Ensemble
2026-05-16,04,1,wk inc flu hosp,2026-05-23,quantile,0.4,33,Arizona,Ensemble
2026-05-16,04,1,wk inc flu hosp,2026-05-23,quantile,0.45,36,Arizona,Ensemble
2026-05-16,04,1,wk inc flu hosp,2026-05-23,quantile,0.5,40,Arizona,Ensemble
2026-05-16,04,1,wk inc flu hosp,2026-05-23,quantile,0.55,43,Arizona,Ensemble
2026-05-16,04,1,wk inc flu hosp,2026-05-23,quantile,0.6,47,Arizona,Ensemble
2026-05-16,04,1,wk inc flu hosp,2026-05-23,quantile,0.65,50,Arizona,Ensemble
2026-05-16,04,1,wk inc flu hosp,2026-05-23,quantile,0.7,54,Arizona,Ensemble
2026-05-16,04,1,wk inc flu hosp,2026-05-23,quantile,0.75,60,Arizona,Ensemble
2026-05-16,04,1,wk inc flu hosp,2026-05-23,quantile,0.8,66,Arizona,Ensemble
2026-05-16,04,1,wk inc flu hosp,2026-05-23,quantile,0.85,74,Arizona,Ensemble
2026-05-16,04,1,wk inc flu hosp,2026-05-23,quantile,0.9,93,Arizona,Ensemble
2026-05-16,04,1,wk inc flu hosp,2026-05-23,quantile,0.95,115,Arizona,Ensemble
2026-05-16,04,1,wk inc flu hosp,2026-05-23,quantile,0.975,132,Arizona,Ensemble
2026-05-16,04,1,wk inc flu hosp,2026-05-23,quantile,0.99,156,Arizona,Ensemble
2026-05-16,04,2,wk inc flu hosp,2026-05-30,quantile,0.01,7,Arizona,Ensemble
2026-05-16,04,2,wk inc flu hosp,2026-05-30,quantile,0.025,9,Arizona,Ensemble
2026-05-16,04,2,wk inc flu hosp,2026-05-30,quantile,0.05,12,Arizona,Ensemble
2026-05-16,04,2,wk inc flu hosp,2026-05-30,quantile,0.1,16,Arizona,Ensemble
2026-05-16,04,2,wk inc flu hosp,2026-05-30,quantile,0.15,19,Arizona,Ensemble
2026-05-16,04,2,wk inc flu hosp,2026-05-30,quantile,0.2,21,Arizona,Ensemble
2026-05-16,04,2,wk inc flu hosp,2026-05-30,quantile,0.25,23,Arizona,Ensemble
2026-05-16,04,2,wk inc flu hosp,2026-05-30,quantile,0.3,26,Arizona,Ensemble
2026-05-16,04,2,wk inc flu hosp,2026-05-30,quantile,0.35,28,Arizona,Ensemble
2026-05-16,04,2,wk inc flu hosp,2026-05-30,quantile,0.4,31,Arizona,Ensemble
2026-05-16,04,2,wk inc flu hosp,2026-05-30,quantile,0.45,34,Arizona,Ensemble
2026-05-16,04,2,wk inc flu hosp,2026-05-30,quantile,0.5,38,Arizona,Ensemble
2026-05-16,04,2,wk inc flu hosp,2026-05-30,quantile,0.55,41,Arizona,Ensemble
2026-05-16,04,2,wk inc flu hosp,2026-05-30,quantile,0.6,45,Arizona,Ensemble
2026-05-16,04,2,wk inc flu hosp,2026-05-30,quantile,0.65,49,Arizona,Ensemble
2026-05-16,04,2,wk inc flu hosp,2026-05-30,quantile,0.7,53,Arizona,Ensemble
2026-05-16,04,2,wk inc flu hosp,2026-05-30,quantile,0.75,59,Arizona,Ensemble
2026-05-16,04,2,wk inc flu hosp,2026-05-30,quantile,0.8,69,Arizona,Ensemble
2026-05-16,04,2,wk inc flu hosp,2026-05-30,quantile,0.85,76,Arizona,Ensemble
2026-05-16,04,2,wk inc flu hosp,2026-05-30,quantile,0.9,88,Arizona,Ensemble
2026-05-16,04,2,wk inc flu hosp,2026-05-30,quantile,0.95,132,Arizona,Ensemble
2026-05-16,04,2,wk inc flu hosp,2026-05-30,quantile,0.975,153,Arizona,Ensemble
2026-05-16,04,2,wk inc flu hosp,2026-05-30,quantile,0.99,182,Arizona,Ensemble
2026-05-16,04,3,wk inc flu hosp,2026-06-06,quantile,0.01,6,Arizona,Ensemble
2026-05-16,04,3,wk inc flu hosp,2026-06-06,quantile,0.025,8,Arizona,Ensemble
2026-05-16,04,3,wk inc flu hosp,2026-06-06,quantile,0.05,10,Arizona,Ensemble
2026-05-16,04,3,wk inc flu hosp,2026-06-06,quantile,0.1,14,Arizona,Ensemble
2026-05-16,04,3,wk inc flu hosp,2026-06-06,quantile,0.15,16,Arizona,Ensemble
2026-05-16,04,3,wk inc flu hosp,2026-06-06,quantile,0.2,18,Arizona,Ensemble
2026-05-16,04,3,wk inc flu hosp,2026-06-06,quantile,0.25,20,Arizona,Ensemble
2026-05-16,04,3,wk inc flu hosp,2026-06-06,quantile,0.3,23,Arizona,Ensemble
2026-05-16,04,3,wk inc flu hosp,2026-06-06,quantile,0.35,25,Arizona,Ensemble
2026-05-16,04,3,wk inc flu hosp,2026-06-06,quantile,0.4,27,Arizona,Ensemble
2026-05-16,04,3,wk inc flu hosp,2026-06-06,quantile,0.45,30,Arizona,Ensemble
2026-05-16,04,3,wk inc flu hosp,2026-06-06,quantile,0.5,34,Arizona,Ensemble
2026-05-16,04,3,wk inc flu hosp,2026-06-06,quantile,0.55,38,Arizona,Ensemble
2026-05-16,04,3,wk inc flu hosp,2026-06-06,quantile,0.6,42,Arizona,Ensemble
2026-05-16,04,3,wk inc flu hosp,2026-06-06,quantile,0.65,46,Arizona,Ensemble
2026-05-16,04,3,wk inc flu hosp,2026-06-06,quantile,0.7,50,Arizona,Ensemble
2026-05-16,04,3,wk inc flu hosp,2026-06-06,quantile,0.75,56,Arizona,Ensemble
2026-05-16,04,3,wk inc flu hosp,2026-06-06,quantile,0.8,66,Arizona,Ensemble
2026-05-16,04,3,wk inc flu hosp,2026-06-06,quantile,0.85,75,Arizona,Ensemble
2026-05-16,04,3,wk inc flu hosp,2026-06-06,quantile,0.9,87,Arizona,Ensemble
2026-05-16,04,3,wk inc flu hosp,2026-06-06,quantile,0.95,139,Arizona,Ensemble
2026-05-16,04,3,wk inc flu hosp,2026-06-06,quantile,0.975,169,Arizona,Ensemble
2026-05-16,04,3,wk inc flu hosp,2026-06-06,quantile,0.99,200,Arizona,Ensemble
2026-05-16,05,0,wk inc flu hosp,2026-05-16,quantile,0.01,0,Arkansas,Ensemble
2026-05-16,05,0,wk inc flu hosp,2026-05-16,quantile,0.025,0,Arkansas,Ensemble
2026-05-16,05,0,wk inc flu hosp,2026-05-16,quantile,0.05,1,Arkansas,Ensemble
2026-05-16,05,0,wk inc flu hosp,2026-05-16,quantile,0.1,1,Arkansas,Ensemble
2026-05-16,05,0,wk inc flu hosp,2026-05-16,quantile,0.15,2,Arkansas,Ensemble
2026-05-16,05,0,wk inc flu hosp,2026-05-16,quantile,0.2,2,Arkansas,Ensemble
2026-05-16,05,0,wk inc flu hosp,2026-05-16,quantile,0.25,3,Arkansas,Ensemble
2026-05-16,05,0,wk inc flu hosp,2026-05-16,quantile,0.3,3,Arkansas,Ensemble
2026-05-16,05,0,wk inc flu hosp,2026-05-16,quantile,0.35,3,Arkansas,Ensemble
2026-05-16,05,0,wk inc flu hosp,2026-05-16,quantile,0.4,4,Arkansas,Ensemble
2026-05-16,05,0,wk inc flu hosp,2026-05-16,quantile,0.45,4,Arkansas,Ensemble
2026-05-16,05,0,wk inc flu hosp,2026-05-16,quantile,0.5,6,Arkansas,Ensemble
2026-05-16,05,0,wk inc flu hosp,2026-05-16,quantile,0.55,7,Arkansas,Ensemble
2026-05-16,05,0,wk inc flu hosp,2026-05-16,quantile,0.6,8,Arkansas,Ensemble
2026-05-16,05,0,wk inc flu hosp,2026-05-16,quantile,0.65,8,Arkansas,Ensemble
2026-05-16,05,0,wk inc flu hosp,2026-05-16,quantile,0.7,9,Arkansas,Ensemble
2026-05-16,05,0,wk inc flu hosp,2026-05-16,quantile,0.75,10,Arkansas,Ensemble
2026-05-16,05,0,wk inc flu hosp,2026-05-16,quantile,0.8,12,Arkansas,Ensemble
2026-05-16,05,0,wk inc flu hosp,2026-05-16,quantile,0.85,14,Arkansas,Ensemble
2026-05-16,05,0,wk inc flu hosp,2026-05-16,quantile,0.9,17,Arkansas,Ensemble
2026-05-16,05,0,wk inc flu hosp,2026-05-16,quantile,0.95,23,Arkansas,Ensemble
2026-05-16,05,0,wk inc flu hosp,2026-05-16,quantile,0.975,26,Arkansas,Ensemble
2026-05-16,05,0,wk inc flu hosp,2026-05-16,quantile,0.99,31,Arkansas,Ensemble
2026-05-16,05,1,wk inc flu hosp,2026-05-23,quantile,0.01,0,Arkansas,Ensemble
2026-05-16,05,1,wk inc flu hosp,2026-05-23,quantile,0.025,0,Arkansas,Ensemble
2026-05-16,05,1,wk inc flu hosp,2026-05-23,quantile,0.05,0,Arkansas,Ensemble
2026-05-16,05,1,wk inc flu hosp,2026-05-23,quantile,0.1,1,Arkansas,Ensemble
2026-05-16,05,1,wk inc flu hosp,2026-05-23,quantile,0.15,1,Arkansas,Ensemble
2026-05-16,05,1,wk inc flu hosp,2026-05-23,quantile,0.2,2,Arkansas,Ensemble
2026-05-16,05,1,wk inc flu hosp,2026-05-23,quantile,0.25,2,Arkansas,Ensemble
2026-05-16,05,1,wk inc flu hosp,2026-05-23,quantile,0.3,2,Arkansas,Ensemble
2026-05-16,05,1,wk inc flu hosp,2026-05-23,quantile,0.35,3,Arkansas,Ensemble
2026-05-16,05,1,wk inc flu hosp,2026-05-23,quantile,0.4,3,Arkansas,Ensemble
2026-05-16,05,1,wk inc flu hosp,2026-05-23,quantile,0.45,4,Arkansas,Ensemble
2026-05-16,05,1,wk inc flu hosp,2026-05-23,quantile,0.5,6,Arkansas,Ensemble
2026-05-16,05,1,wk inc flu hosp,2026-05-23,quantile,0.55,7,Arkansas,Ensemble
2026-05-16,05,1,wk inc flu hosp,2026-05-23,quantile,0.6,8,Arkansas,Ensemble
2026-05-16,05,1,wk inc flu hosp,2026-05-23,quantile,0.65,8,Arkansas,Ensemble
2026-05-16,05,1,wk inc flu hosp,2026-05-23,quantile,0.7,9,Arkansas,Ensemble
2026-05-16,05,1,wk inc flu hosp,2026-05-23,quantile,0.75,11,Arkansas,Ensemble
2026-05-16,05,1,wk inc flu hosp,2026-05-23,quantile,0.8,15,Arkansas,Ensemble
2026-05-16,05,1,wk inc flu hosp,2026-05-23,quantile,0.85,18,Arkansas,Ensemble
2026-05-16,05,1,wk inc flu hosp,2026-05-23,quantile,0.9,20,Arkansas,Ensemble
2026-05-16,05,1,wk inc flu hosp,2026-05-23,quantile,0.95,29,Arkansas,Ensemble
2026-05-16,05,1,wk inc flu hosp,2026-05-23,quantile,0.975,33,Arkansas,Ensemble
2026-05-16,05,1,wk inc flu hosp,2026-05-23,quantile,0.99,40,Arkansas,Ensemble
2026-05-16,05,2,wk inc flu hosp,2026-05-30,quantile,0.01,0,Arkansas,Ensemble
2026-05-16,05,2,wk inc flu hosp,2026-05-30,quantile,0.025,0,Arkansas,Ensemble
2026-05-16,05,2,wk inc flu hosp,2026-05-30,quantile,0.05,0,Arkansas,Ensemble
2026-05-16,05,2,wk inc flu hosp,2026-05-30,quantile,0.1,1,Arkansas,Ensemble
2026-05-16,05,2,wk inc flu hosp,2026-05-30,quantile,0.15,1,Arkansas,Ensemble
2026-05-16,05,2,wk inc flu hosp,2026-05-30,quantile,0.2,1,Arkansas,Ensemble
2026-05-16,05,2,wk inc flu hosp,2026-05-30,quantile,0.25,2,Arkansas,Ensemble
2026-05-16,05,2,wk inc flu hosp,2026-05-30,quantile,0.3,2,Arkansas,Ensemble
2026-05-16,05,2,wk inc flu hosp,2026-05-30,quantile,0.35,2,Arkansas,Ensemble
2026-05-16,05,2,wk inc flu hosp,2026-05-30,quantile,0.4,3,Arkansas,Ensemble
2026-05-16,05,2,wk inc flu hosp,2026-05-30,quantile,0.45,3,Arkansas,Ensemble
2026-05-16,05,2,wk inc flu hosp,2026-05-30,quantile,0.5,5,Arkansas,Ensemble
2026-05-16,05,2,wk inc flu hosp,2026-05-30,quantile,0.55,6,Arkansas,Ensemble
2026-05-16,05,2,wk inc flu hosp,2026-05-30,quantile,0.6,7,Arkansas,Ensemble
2026-05-16,05,2,wk inc flu hosp,2026-05-30,quantile,0.65,9,Arkansas,Ensemble
2026-05-16,05,2,wk inc flu hosp,2026-05-30,quantile,0.7,10,Arkansas,Ensemble
2026-05-16,05,2,wk inc flu hosp,2026-05-30,quantile,0.75,13,Arkansas,Ensemble
2026-05-16,05,2,wk inc flu hosp,2026-05-30,quantile,0.8,14,Arkansas,Ensemble
2026-05-16,05,2,wk inc flu hosp,2026-05-30,quantile,0.85,16,Arkansas,Ensemble
2026-05-16,05,2,wk inc flu hosp,2026-05-30,quantile,0.9,23,Arkansas,Ensemble
2026-05-16,05,2,wk inc flu hosp,2026-05-30,quantile,0.95,33,Arkansas,Ensemble
2026-05-16,05,2,wk inc flu hosp,2026-05-30,quantile,0.975,39,Arkansas,Ensemble
2026-05-16,05,2,wk inc flu hosp,2026-05-30,quantile,0.99,46,Arkansas,Ensemble
2026-05-16,05,3,wk inc flu hosp,2026-06-06,quantile,0.01,0,Arkansas,Ensemble
2026-05-16,05,3,wk inc flu hosp,2026-06-06,quantile,0.025,0,Arkansas,Ensemble
2026-05-16,05,3,wk inc flu hosp,2026-06-06,quantile,0.05,0,Arkansas,Ensemble
2026-05-16,05,3,wk inc flu hosp,2026-06-06,quantile,0.1,1,Arkansas,Ensemble
2026-05-16,05,3,wk inc flu hosp,2026-06-06,quantile,0.15,1,Arkansas,Ensemble
2026-05-16,05,3,wk inc flu hosp,2026-06-06,quantile,0.2,1,Arkansas,Ensemble
2026-05-16,05,3,wk inc flu hosp,2026-06-06,quantile,0.25,2,Arkansas,Ensemble
2026-05-16,05,3,wk inc flu hosp,2026-06-06,quantile,0.3,2,Arkansas,Ensemble
2026-05-16,05,3,wk inc flu hosp,2026-06-06,quantile,0.35,2,Arkansas,Ensemble
2026-05-16,05,3,wk inc flu hosp,2026-06-06,quantile,0.4,3,Arkansas,Ensemble
2026-05-16,05,3,wk inc flu hosp,2026-06-06,quantile,0.45,3,Arkansas,Ensemble
2026-05-16,05,3,wk inc flu hosp,2026-06-06,quantile,0.5,5,Arkansas,Ensemble
2026-05-16,05,3,wk inc flu hosp,2026-06-06,quantile,0.55,6,Arkansas,Ensemble
2026-05-16,05,3,wk inc flu hosp,2026-06-06,quantile,0.6,7,Arkansas,Ensemble
2026-05-16,05,3,wk inc flu hosp,2026-06-06,quantile,0.65,8,Arkansas,Ensemble
2026-05-16,05,3,wk inc flu hosp,2026-06-06,quantile,0.7,10,Arkansas,Ensemble
2026-05-16,05,3,wk inc flu hosp,2026-06-06,quantile,0.75,14,Arkansas,Ensemble
2026-05-16,05,3,wk inc flu hosp,2026-06-06,quantile,0.8,16,Arkansas,Ensemble
2026-05-16,05,3,wk inc flu hosp,2026-06-06,quantile,0.85,18,Arkansas,Ensemble
2026-05-16,05,3,wk inc flu hosp,2026-06-06,quantile,0.9,25,Arkansas,Ensemble
2026-05-16,05,3,wk inc flu hosp,2026-06-06,quantile,0.95,34,Arkansas,Ensemble
2026-05-16,05,3,wk inc flu hosp,2026-06-06,quantile,0.975,40,Arkansas,Ensemble
2026-05-16,05,3,wk inc flu hosp,2026-06-06,quantile,0.99,50,Arkansas,Ensemble
2026-05-16,06,0,wk inc flu hosp,2026-05-16,quantile,0.01,53,California,Ensemble
2026-05-16,06,0,wk inc flu hosp,2026-05-16,quantile,0.025,63,California,Ensemble
2026-05-16,06,0,wk inc flu hosp,2026-05-16,quantile,0.05,74,California,Ensemble
2026-05-16,06,0,wk inc flu hosp,2026-05-16,quantile,0.1,89,California,Ensemble
2026-05-16,06,0,wk inc flu hosp,2026-05-16,quantile,0.15,98,California,Ensemble
2026-05-16,06,0,wk inc flu hosp,2026-05-16,quantile,0.2,107,California,Ensemble
2026-05-16,06,0,wk inc flu hosp,2026-05-16,quantile,0.25,116,California,Ensemble
2026-05-16,06,0,wk inc flu hosp,2026-05-16,quantile,0.3,125,California,Ensemble
2026-05-16,06,0,wk inc flu hosp,2026-05-16,quantile,0.35,132,California,Ensemble
2026-05-16,06,0,wk inc flu hosp,2026-05-16,quantile,0.4,139,California,Ensemble
2026-05-16,06,0,wk inc flu hosp,2026-05-16,quantile,0.45,146,California,Ensemble
2026-05-16,06,0,wk inc flu hosp,2026-05-16,quantile,0.5,155,California,Ensemble
2026-05-16,06,0,wk inc flu hosp,2026-05-16,quantile,0.55,162,California,Ensemble
2026-05-16,06,0,wk inc flu hosp,2026-05-16,quantile,0.6,168,California,Ensemble
2026-05-16,06,0,wk inc flu hosp,2026-05-16,quantile,0.65,176,California,Ensemble
2026-05-16,06,0,wk inc flu hosp,2026-05-16,quantile,0.7,185,California,Ensemble
2026-05-16,06,0,wk inc flu hosp,2026-05-16,quantile,0.75,196,California,Ensemble
2026-05-16,06,0,wk inc flu hosp,2026-05-16,quantile,0.8,209,California,Ensemble
2026-05-16,06,0,wk inc flu hosp,2026-05-16,quantile,0.85,221,California,Ensemble
2026-05-16,06,0,wk inc flu hosp,2026-05-16,quantile,0.9,250,California,Ensemble
2026-05-16,06,0,wk inc flu hosp,2026-05-16,quantile,0.95,285,California,Ensemble
2026-05-16,06,0,wk inc flu hosp,2026-05-16,quantile,0.975,318,California,Ensemble
2026-05-16,06,0,wk inc flu hosp,2026-05-16,quantile,0.99,364,California,Ensemble
2026-05-16,06,1,wk inc flu hosp,2026-05-23,quantile,0.01,37,California,Ensemble
2026-05-16,06,1,wk inc flu hosp,2026-05-23,quantile,0.025,47,California,Ensemble
2026-05-16,06,1,wk inc flu hosp,2026-05-23,quantile,0.05,57,California,Ensemble
2026-05-16,06,1,wk inc flu hosp,2026-05-23,quantile,0.1,69,California,Ensemble
2026-05-16,06,1,wk inc flu hosp,2026-05-23,quantile,0.15,79,California,Ensemble
2026-05-16,06,1,wk inc flu hosp,2026-05-23,quantile,0.2,88,California,Ensemble
2026-05-16,06,1,wk inc flu hosp,2026-05-23,quantile,0.25,96,California,Ensemble
2026-05-16,06,1,wk inc flu hosp,2026-05-23,quantile,0.3,105,California,Ensemble
2026-05-16,06,1,wk inc flu hosp,2026-05-23,quantile,0.35,114,California,Ensemble
2026-05-16,06,1,wk inc flu hosp,2026-05-23,quantile,0.4,123,California,Ensemble
2026-05-16,06,1,wk inc flu hosp,2026-05-23,quantile,0.45,132,California,Ensemble
2026-05-16,06,1,wk inc flu hosp,2026-05-23,quantile,0.5,142,California,Ensemble
2026-05-16,06,1,wk inc flu hosp,2026-05-23,quantile,0.55,151,California,Ensemble
2026-05-16,06,1,wk inc flu hosp,2026-05-23,quantile,0.6,160,California,Ensemble
2026-05-16,06,1,wk inc flu hosp,2026-05-23,quantile,0.65,171,California,Ensemble
2026-05-16,06,1,wk inc flu hosp,2026-05-23,quantile,0.7,181,California,Ensemble
2026-05-16,06,1,wk inc flu hosp,2026-05-23,quantile,0.75,193,California,Ensemble
2026-05-16,06,1,wk inc flu hosp,2026-05-23,quantile,0.8,206,California,Ensemble
2026-05-16,06,1,wk inc flu hosp,2026-05-23,quantile,0.85,230,California,Ensemble
2026-05-16,06,1,wk inc flu hosp,2026-05-23,quantile,0.9,285,California,Ensemble
2026-05-16,06,1,wk inc flu hosp,2026-05-23,quantile,0.95,329,California,Ensemble
2026-05-16,06,1,wk inc flu hosp,2026-05-23,quantile,0.975,377,California,Ensemble
2026-05-16,06,1,wk inc flu hosp,2026-05-23,quantile,0.99,451,California,Ensemble
2026-05-16,06,2,wk inc flu hosp,2026-05-30,quantile,0.01,31,California,Ensemble
2026-05-16,06,2,wk inc flu hosp,2026-05-30,quantile,0.025,40,California,Ensemble
2026-05-16,06,2,wk inc flu hosp,2026-05-30,quantile,0.05,48,California,Ensemble
2026-05-16,06,2,wk inc flu hosp,2026-05-30,quantile,0.1,61,California,Ensemble
2026-05-16,06,2,wk inc flu hosp,2026-05-30,quantile,0.15,71,California,Ensemble
2026-05-16,06,2,wk inc flu hosp,2026-05-30,quantile,0.2,79,California,Ensemble
2026-05-16,06,2,wk inc flu hosp,2026-05-30,quantile,0.25,86,California,Ensemble
2026-05-16,06,2,wk inc flu hosp,2026-05-30,quantile,0.3,94,California,Ensemble
2026-05-16,06,2,wk inc flu hosp,2026-05-30,quantile,0.35,107,California,Ensemble
2026-05-16,06,2,wk inc flu hosp,2026-05-30,quantile,0.4,115,California,Ensemble
2026-05-16,06,2,wk inc flu hosp,2026-05-30,quantile,0.45,124,California,Ensemble
2026-05-16,06,2,wk inc flu hosp,2026-05-30,quantile,0.5,134,California,Ensemble
2026-05-16,06,2,wk inc flu hosp,2026-05-30,quantile,0.55,144,California,Ensemble
2026-05-16,06,2,wk inc flu hosp,2026-05-30,quantile,0.6,154,California,Ensemble
2026-05-16,06,2,wk inc flu hosp,2026-05-30,quantile,0.65,165,California,Ensemble
2026-05-16,06,2,wk inc flu hosp,2026-05-30,quantile,0.7,181,California,Ensemble
2026-05-16,06,2,wk inc flu hosp,2026-05-30,quantile,0.75,198,California,Ensemble
2026-05-16,06,2,wk inc flu hosp,2026-05-30,quantile,0.8,217,California,Ensemble
2026-05-16,06,2,wk inc flu hosp,2026-05-30,quantile,0.85,238,California,Ensemble
2026-05-16,06,2,wk inc flu hosp,2026-05-30,quantile,0.9,287,California,Ensemble
2026-05-16,06,2,wk inc flu hosp,2026-05-30,quantile,0.95,375,California,Ensemble
2026-05-16,06,2,wk inc flu hosp,2026-05-30,quantile,0.975,432,California,Ensemble
2026-05-16,06,2,wk inc flu hosp,2026-05-30,quantile,0.99,526,California,Ensemble
2026-05-16,06,3,wk inc flu hosp,2026-06-06,quantile,0.01,25,California,Ensemble
2026-05-16,06,3,wk inc flu hosp,2026-06-06,quantile,0.025,30,California,Ensemble
2026-05-16,06,3,wk inc flu hosp,2026-06-06,quantile,0.05,39,California,Ensemble
2026-05-16,06,3,wk inc flu hosp,2026-06-06,quantile,0.1,50,California,Ensemble
2026-05-16,06,3,wk inc flu hosp,2026-06-06,quantile,0.15,60,California,Ensemble
2026-05-16,06,3,wk inc flu hosp,2026-06-06,quantile,0.2,68,California,Ensemble
2026-05-16,06,3,wk inc flu hosp,2026-06-06,quantile,0.25,75,California,Ensemble
2026-05-16,06,3,wk inc flu hosp,2026-06-06,quantile,0.3,82,California,Ensemble
2026-05-16,06,3,wk inc flu hosp,2026-06-06,quantile,0.35,90,California,Ensemble
2026-05-16,06,3,wk inc flu hosp,2026-06-06,quantile,0.4,100,California,Ensemble
2026-05-16,06,3,wk inc flu hosp,2026-06-06,quantile,0.45,110,California,Ensemble
2026-05-16,06,3,wk inc flu hosp,2026-06-06,quantile,0.5,124,California,Ensemble
2026-05-16,06,3,wk inc flu hosp,2026-06-06,quantile,0.55,136,California,Ensemble
2026-05-16,06,3,wk inc flu hosp,2026-06-06,quantile,0.6,146,California,Ensemble
2026-05-16,06,3,wk inc flu hosp,2026-06-06,quantile,0.65,160,California,Ensemble
2026-05-16,06,3,wk inc flu hosp,2026-06-06,quantile,0.7,172,California,Ensemble
2026-05-16,06,3,wk inc flu hosp,2026-06-06,quantile,0.75,187,California,Ensemble
2026-05-16,06,3,wk inc flu hosp,2026-06-06,quantile,0.8,221,California,Ensemble
2026-05-16,06,3,wk inc flu hosp,2026-06-06,quantile,0.85,249,California,Ensemble
2026-05-16,06,3,wk inc flu hosp,2026-06-06,quantile,0.9,291,California,Ensemble
2026-05-16,06,3,wk inc flu hosp,2026-06-06,quantile,0.95,392,California,Ensemble
2026-05-16,06,3,wk inc flu hosp,2026-06-06,quantile,0.975,461,California,Ensemble
2026-05-16,06,3,wk inc flu hosp,2026-06-06,quantile,0.99,572,California,Ensemble
2026-05-16,08,0,wk inc flu hosp,2026-05-16,quantile,0.01,2,Colorado,Ensemble
2026-05-16,08,0,wk inc flu hosp,2026-05-16,quantile,0.025,3,Colorado,Ensemble
2026-05-16,08,0,wk inc flu hosp,2026-05-16,quantile,0.05,3,Colorado,Ensemble
2026-05-16,08,0,wk inc flu hosp,2026-05-16,quantile,0.1,5,Colorado,Ensemble
2026-05-16,08,0,wk inc flu hosp,2026-05-16,quantile,0.15,6,Colorado,Ensemble
2026-05-16,08,0,wk inc flu hosp,2026-05-16,quantile,0.2,7,Colorado,Ensemble
2026-05-16,08,0,wk inc flu hosp,2026-05-16,quantile,0.25,8,Colorado,Ensemble
2026-05-16,08,0,wk inc flu hosp,2026-05-16,quantile,0.3,9,Colorado,Ensemble
2026-05-16,08,0,wk inc flu hosp,2026-05-16,quantile,0.35,10,Colorado,Ensemble
2026-05-16,08,0,wk inc flu hosp,2026-05-16,quantile,0.4,12,Colorado,Ensemble
2026-05-16,08,0,wk inc flu hosp,2026-05-16,quantile,0.45,13,Colorado,Ensemble
2026-05-16,08,0,wk inc flu hosp,2026-05-16,quantile,0.5,15,Colorado,Ensemble
2026-05-16,08,0,wk inc flu hosp,2026-05-16,quantile,0.55,16,Colorado,Ensemble
2026-05-16,08,0,wk inc flu hosp,2026-05-16,quantile,0.6,18,Colorado,Ensemble
2026-05-16,08,0,wk inc flu hosp,2026-05-16,quantile,0.65,19,Colorado,Ensemble
2026-05-16,08,0,wk inc flu hosp,2026-05-16,quantile,0.7,21,Colorado,Ensemble
2026-05-16,08,0,wk inc flu hosp,2026-05-16,quantile,0.75,23,Colorado,Ensemble
2026-05-16,08,0,wk inc flu hosp,2026-05-16,quantile,0.8,25,Colorado,Ensemble
2026-05-16,08,0,wk inc flu hosp,2026-05-16,quantile,0.85,28,Colorado,Ensemble
2026-05-16,08,0,wk inc flu hosp,2026-05-16,quantile,0.9,32,Colorado,Ensemble
2026-05-16,08,0,wk inc flu hosp,2026-05-16,quantile,0.95,43,Colorado,Ensemble
2026-05-16,08,0,wk inc flu hosp,2026-05-16,quantile,0.975,53,Colorado,Ensemble
2026-05-16,08,0,wk inc flu hosp,2026-05-16,quantile,0.99,63,Colorado,Ensemble
2026-05-16,08,1,wk inc flu hosp,2026-05-23,quantile,0.01,1,Colorado,Ensemble
2026-05-16,08,1,wk inc flu hosp,2026-05-23,quantile,0.025,2,Colorado,Ensemble
2026-05-16,08,1,wk inc flu hosp,2026-05-23,quantile,0.05,2,Colorado,Ensemble
2026-05-16,08,1,wk inc flu hosp,2026-05-23,quantile,0.1,3,Colorado,Ensemble
2026-05-16,08,1,wk inc flu hosp,2026-05-23,quantile,0.15,4,Colorado,Ensemble
2026-05-16,08,1,wk inc flu hosp,2026-05-23,quantile,0.2,5,Colorado,Ensemble
2026-05-16,08,1,wk inc flu hosp,2026-05-23,quantile,0.25,6,Colorado,Ensemble
2026-05-16,08,1,wk inc flu hosp,2026-05-23,quantile,0.3,7,Colorado,Ensemble
2026-05-16,08,1,wk inc flu hosp,2026-05-23,quantile,0.35,8,Colorado,Ensemble
2026-05-16,08,1,wk inc flu hosp,2026-05-23,quantile,0.4,9,Colorado,Ensemble
2026-05-16,08,1,wk inc flu hosp,2026-05-23,quantile,0.45,11,Colorado,Ensemble
2026-05-16,08,1,wk inc flu hosp,2026-05-23,quantile,0.5,13,Colorado,Ensemble
2026-05-16,08,1,wk inc flu hosp,2026-05-23,quantile,0.55,15,Colorado,Ensemble
2026-05-16,08,1,wk inc flu hosp,2026-05-23,quantile,0.6,17,Colorado,Ensemble
2026-05-16,08,1,wk inc flu hosp,2026-05-23,quantile,0.65,18,Colorado,Ensemble
2026-05-16,08,1,wk inc flu hosp,2026-05-23,quantile,0.7,20,Colorado,Ensemble
2026-05-16,08,1,wk inc flu hosp,2026-05-23,quantile,0.75,22,Colorado,Ensemble
2026-05-16,08,1,wk inc flu hosp,2026-05-23,quantile,0.8,27,Colorado,Ensemble
2026-05-16,08,1,wk inc flu hosp,2026-05-23,quantile,0.85,30,Colorado,Ensemble
2026-05-16,08,1,wk inc flu hosp,2026-05-23,quantile,0.9,37,Colorado,Ensemble
2026-05-16,08,1,wk inc flu hosp,2026-05-23,quantile,0.95,52,Colorado,Ensemble
2026-05-16,08,1,wk inc flu hosp,2026-05-23,quantile,0.975,63,Colorado,Ensemble
2026-05-16,08,1,wk inc flu hosp,2026-05-23,quantile,0.99,78,Colorado,Ensemble
2026-05-16,08,2,wk inc flu hosp,2026-05-30,quantile,0.01,1,Colorado,Ensemble
2026-05-16,08,2,wk inc flu hosp,2026-05-30,quantile,0.025,1,Colorado,Ensemble
2026-05-16,08,2,wk inc flu hosp,2026-05-30,quantile,0.05,2,Colorado,Ensemble
2026-05-16,08,2,wk inc flu hosp,2026-05-30,quantile,0.1,3,Colorado,Ensemble
2026-05-16,08,2,wk inc flu hosp,2026-05-30,quantile,0.15,3,Colorado,Ensemble
2026-05-16,08,2,wk inc flu hosp,2026-05-30,quantile,0.2,4,Colorado,Ensemble
2026-05-16,08,2,wk inc flu hosp,2026-05-30,quantile,0.25,5,Colorado,Ensemble
2026-05-16,08,2,wk inc flu hosp,2026-05-30,quantile,0.3,6,Colorado,Ensemble
2026-05-16,08,2,wk inc flu hosp,2026-05-30,quantile,0.35,7,Colorado,Ensemble
2026-05-16,08,2,wk inc flu hosp,2026-05-30,quantile,0.4,8,Colorado,Ensemble
2026-05-16,08,2,wk inc flu hosp,2026-05-30,quantile,0.45,10,Colorado,Ensemble
2026-05-16,08,2,wk inc flu hosp,2026-05-30,quantile,0.5,12,Colorado,Ensemble
2026-05-16,08,2,wk inc flu hosp,2026-05-30,quantile,0.55,14,Colorado,Ensemble
2026-05-16,08,2,wk inc flu hosp,2026-05-30,quantile,0.6,16,Colorado,Ensemble
2026-05-16,08,2,wk inc flu hosp,2026-05-30,quantile,0.65,18,Colorado,Ensemble
2026-05-16,08,2,wk inc flu hosp,2026-05-30,quantile,0.7,20,Colorado,Ensemble
2026-05-16,08,2,wk inc flu hosp,2026-05-30,quantile,0.75,24,Colorado,Ensemble
2026-05-16,08,2,wk inc flu hosp,2026-05-30,quantile,0.8,27,Colorado,Ensemble
2026-05-16,08,2,wk inc flu hosp,2026-05-30,quantile,0.85,35,Colorado,Ensemble
2026-05-16,08,2,wk inc flu hosp,2026-05-30,quantile,0.9,45,Colorado,Ensemble
2026-05-16,08,2,wk inc flu hosp,2026-05-30,quantile,0.95,65,Colorado,Ensemble
2026-05-16,08,2,wk inc flu hosp,2026-05-30,quantile,0.975,79,Colorado,Ensemble
2026-05-16,08,2,wk inc flu hosp,2026-05-30,quantile,0.99,99,Colorado,Ensemble
2026-05-16,08,3,wk inc flu hosp,2026-06-06,quantile,0.01,0,Colorado,Ensemble
2026-05-16,08,3,wk inc flu hosp,2026-06-06,quantile,0.025,1,Colorado,Ensemble
2026-05-16,08,3,wk inc flu hosp,2026-06-06,quantile,0.05,1,Colorado,Ensemble
2026-05-16,08,3,wk inc flu hosp,2026-06-06,quantile,0.1,2,Colorado,Ensemble
2026-05-16,08,3,wk inc flu hosp,2026-06-06,quantile,0.15,3,Colorado,Ensemble
2026-05-16,08,3,wk inc flu hosp,2026-06-06,quantile,0.2,4,Colorado,Ensemble
2026-05-16,08,3,wk inc flu hosp,2026-06-06,quantile,0.25,4,Colorado,Ensemble
2026-05-16,08,3,wk inc flu hosp,2026-06-06,quantile,0.3,5,Colorado,Ensemble
2026-05-16,08,3,wk inc flu hosp,2026-06-06,quantile,0.35,6,Colorado,Ensemble
2026-05-16,08,3,wk inc flu hosp,2026-06-06,quantile,0.4,7,Colorado,Ensemble
2026-05-16,08,3,wk inc flu hosp,2026-06-06,quantile,0.45,8,Colorado,Ensemble
2026-05-16,08,3,wk inc flu hosp,2026-06-06,quantile,0.5,11,Colorado,Ensemble
2026-05-16,08,3,wk inc flu hosp,2026-06-06,quantile,0.55,14,Colorado,Ensemble
2026-05-16,08,3,wk inc flu hosp,2026-06-06,quantile,0.6,16,Colorado,Ensemble
2026-05-16,08,3,wk inc flu hosp,2026-06-06,quantile,0.65,18,Colorado,Ensemble
2026-05-16,08,3,wk inc flu hosp,2026-06-06,quantile,0.7,20,Colorado,Ensemble
2026-05-16,08,3,wk inc flu hosp,2026-06-06,quantile,0.75,24,Colorado,Ensemble
2026-05-16,08,3,wk inc flu hosp,2026-06-06,quantile,0.8,28,Colorado,Ensemble
2026-05-16,08,3,wk inc flu hosp,2026-06-06,quantile,0.85,33,Colorado,Ensemble
2026-05-16,08,3,wk inc flu hosp,2026-06-06,quantile,0.9,47,Colorado,Ensemble
2026-05-16,08,3,wk inc flu hosp,2026-06-06,quantile,0.95,67,Colorado,Ensemble
2026-05-16,08,3,wk inc flu hosp,2026-06-06,quantile,0.975,83,Colorado,Ensemble
2026-05-16,08,3,wk inc flu hosp,2026-06-06,quantile,0.99,106,Colorado,Ensemble
2026-05-16,09,0,wk inc flu hosp,2026-05-16,quantile,0.01,0,Connecticut,Ensemble
2026-05-16,09,0,wk inc flu hosp,2026-05-16,quantile,0.025,1,Connecticut,Ensemble
2026-05-16,09,0,wk inc flu hosp,2026-05-16,quantile,0.05,1,Connecticut,Ensemble
2026-05-16,09,0,wk inc flu hosp,2026-05-16,quantile,0.1,1,Connecticut,Ensemble
2026-05-16,09,0,wk inc flu hosp,2026-05-16,quantile,0.15,2,Connecticut,Ensemble
2026-05-16,09,0,wk inc flu hosp,2026-05-16,quantile,0.2,3,Connecticut,Ensemble
2026-05-16,09,0,wk inc flu hosp,2026-05-16,quantile,0.25,3,Connecticut,Ensemble
2026-05-16,09,0,wk inc flu hosp,2026-05-16,quantile,0.3,4,Connecticut,Ensemble
2026-05-16,09,0,wk inc flu hosp,2026-05-16,quantile,0.35,4,Connecticut,Ensemble
2026-05-16,09,0,wk inc flu hosp,2026-05-16,quantile,0.4,5,Connecticut,Ensemble
2026-05-16,09,0,wk inc flu hosp,2026-05-16,quantile,0.45,6,Connecticut,Ensemble
2026-05-16,09,0,wk inc flu hosp,2026-05-16,quantile,0.5,8,Connecticut,Ensemble
2026-05-16,09,0,wk inc flu hosp,2026-05-16,quantile,0.55,8,Connecticut,Ensemble
2026-05-16,09,0,wk inc flu hosp,2026-05-16,quantile,0.6,9,Connecticut,Ensemble
2026-05-16,09,0,wk inc flu hosp,2026-05-16,quantile,0.65,10,Connecticut,Ensemble
2026-05-16,09,0,wk inc flu hosp,2026-05-16,quantile,0.7,11,Connecticut,Ensemble
2026-05-16,09,0,wk inc flu hosp,2026-05-16,quantile,0.75,13,Connecticut,Ensemble
2026-05-16,09,0,wk inc flu hosp,2026-05-16,quantile,0.8,14,Connecticut,Ensemble
2026-05-16,09,0,wk inc flu hosp,2026-05-16,quantile,0.85,16,Connecticut,Ensemble
2026-05-16,09,0,wk inc flu hosp,2026-05-16,quantile,0.9,19,Connecticut,Ensemble
2026-05-16,09,0,wk inc flu hosp,2026-05-16,quantile,0.95,29,Connecticut,Ensemble
2026-05-16,09,0,wk inc flu hosp,2026-05-16,quantile,0.975,36,Connecticut,Ensemble
2026-05-16,09,0,wk inc flu hosp,2026-05-16,quantile,0.99,42,Connecticut,Ensemble
2026-05-16,09,1,wk inc flu hosp,2026-05-23,quantile,0.01,0,Connecticut,Ensemble
2026-05-16,09,1,wk inc flu hosp,2026-05-23,quantile,0.025,0,Connecticut,Ensemble
2026-05-16,09,1,wk inc flu hosp,2026-05-23,quantile,0.05,0,Connecticut,Ensemble
2026-05-16,09,1,wk inc flu hosp,2026-05-23,quantile,0.1,1,Connecticut,Ensemble
2026-05-16,09,1,wk inc flu hosp,2026-05-23,quantile,0.15,2,Connecticut,Ensemble
2026-05-16,09,1,wk inc flu hosp,2026-05-23,quantile,0.2,2,Connecticut,Ensemble
2026-05-16,09,1,wk inc flu hosp,2026-05-23,quantile,0.25,2,Connecticut,Ensemble
2026-05-16,09,1,wk inc flu hosp,2026-05-23,quantile,0.3,3,Connecticut,Ensemble
2026-05-16,09,1,wk inc flu hosp,2026-05-23,quantile,0.35,4,Connecticut,Ensemble
2026-05-16,09,1,wk inc flu hosp,2026-05-23,quantile,0.4,4,Connecticut,Ensemble
2026-05-16,09,1,wk inc flu hosp,2026-05-23,quantile,0.45,5,Connecticut,Ensemble
2026-05-16,09,1,wk inc flu hosp,2026-05-23,quantile,0.5,7,Connecticut,Ensemble
2026-05-16,09,1,wk inc flu hosp,2026-05-23,quantile,0.55,8,Connecticut,Ensemble
2026-05-16,09,1,wk inc flu hosp,2026-05-23,quantile,0.6,9,Connecticut,Ensemble
2026-05-16,09,1,wk inc flu hosp,2026-05-23,quantile,0.65,10,Connecticut,Ensemble
2026-05-16,09,1,wk inc flu hosp,2026-05-23,quantile,0.7,12,Connecticut,Ensemble
2026-05-16,09,1,wk inc flu hosp,2026-05-23,quantile,0.75,13,Connecticut,Ensemble
2026-05-16,09,1,wk inc flu hosp,2026-05-23,quantile,0.8,15,Connecticut,Ensemble
2026-05-16,09,1,wk inc flu hosp,2026-05-23,quantile,0.85,19,Connecticut,Ensemble
2026-05-16,09,1,wk inc flu hosp,2026-05-23,quantile,0.9,23,Connecticut,Ensemble
2026-05-16,09,1,wk inc flu hosp,2026-05-23,quantile,0.95,40,Connecticut,Ensemble
2026-05-16,09,1,wk inc flu hosp,2026-05-23,quantile,0.975,49,Connecticut,Ensemble
2026-05-16,09,1,wk inc flu hosp,2026-05-23,quantile,0.99,59,Connecticut,Ensemble
2026-05-16,09,2,wk inc flu hosp,2026-05-30,quantile,0.01,0,Connecticut,Ensemble
2026-05-16,09,2,wk inc flu hosp,2026-05-30,quantile,0.025,0,Connecticut,Ensemble
2026-05-16,09,2,wk inc flu hosp,2026-05-30,quantile,0.05,0,Connecticut,Ensemble
2026-05-16,09,2,wk inc flu hosp,2026-05-30,quantile,0.1,1,Connecticut,Ensemble
2026-05-16,09,2,wk inc flu hosp,2026-05-30,quantile,0.15,1,Connecticut,Ensemble
2026-05-16,09,2,wk inc flu hosp,2026-05-30,quantile,0.2,2,Connecticut,Ensemble
2026-05-16,09,2,wk inc flu hosp,2026-05-30,quantile,0.25,2,Connecticut,Ensemble
2026-05-16,09,2,wk inc flu hosp,2026-05-30,quantile,0.3,3,Connecticut,Ensemble
2026-05-16,09,2,wk inc flu hosp,2026-05-30,quantile,0.35,3,Connecticut,Ensemble
2026-05-16,09,2,wk inc flu hosp,2026-05-30,quantile,0.4,4,Connecticut,Ensemble
2026-05-16,09,2,wk inc flu hosp,2026-05-30,quantile,0.45,4,Connecticut,Ensemble
2026-05-16,09,2,wk inc flu hosp,2026-05-30,quantile,0.5,6,Connecticut,Ensemble
2026-05-16,09,2,wk inc flu hosp,2026-05-30,quantile,0.55,7,Connecticut,Ensemble
2026-05-16,09,2,wk inc flu hosp,2026-05-30,quantile,0.6,8,Connecticut,Ensemble
2026-05-16,09,2,wk inc flu hosp,2026-05-30,quantile,0.65,10,Connecticut,Ensemble
2026-05-16,09,2,wk inc flu hosp,2026-05-30,quantile,0.7,11,Connecticut,Ensemble
2026-05-16,09,2,wk inc flu hosp,2026-05-30,quantile,0.75,13,Connecticut,Ensemble
2026-05-16,09,2,wk inc flu hosp,2026-05-30,quantile,0.8,16,Connecticut,Ensemble
2026-05-16,09,2,wk inc flu hosp,2026-05-30,quantile,0.85,27,Connecticut,Ensemble
2026-05-16,09,2,wk inc flu hosp,2026-05-30,quantile,0.9,33,Connecticut,Ensemble
2026-05-16,09,2,wk inc flu hosp,2026-05-30,quantile,0.95,44,Connecticut,Ensemble
2026-05-16,09,2,wk inc flu hosp,2026-05-30,quantile,0.975,58,Connecticut,Ensemble
2026-05-16,09,2,wk inc flu hosp,2026-05-30,quantile,0.99,71,Connecticut,Ensemble
2026-05-16,09,3,wk inc flu hosp,2026-06-06,quantile,0.01,0,Connecticut,Ensemble
2026-05-16,09,3,wk inc flu hosp,2026-06-06,quantile,0.025,0,Connecticut,Ensemble
2026-05-16,09,3,wk inc flu hosp,2026-06-06,quantile,0.05,0,Connecticut,Ensemble
2026-05-16,09,3,wk inc flu hosp,2026-06-06,quantile,0.1,1,Connecticut,Ensemble
2026-05-16,09,3,wk inc flu hosp,2026-06-06,quantile,0.15,1,Connecticut,Ensemble
2026-05-16,09,3,wk inc flu hosp,2026-06-06,quantile,0.2,1,Connecticut,Ensemble
2026-05-16,09,3,wk inc flu hosp,2026-06-06,quantile,0.25,2,Connecticut,Ensemble
2026-05-16,09,3,wk inc flu hosp,2026-06-06,quantile,0.3,2,Connecticut,Ensemble
2026-05-16,09,3,wk inc flu hosp,2026-06-06,quantile,0.35,3,Connecticut,Ensemble
2026-05-16,09,3,wk inc flu hosp,2026-06-06,quantile,0.4,3,Connecticut,Ensemble
2026-05-16,09,3,wk inc flu hosp,2026-06-06,quantile,0.45,4,Connecticut,Ensemble
2026-05-16,09,3,wk inc flu hosp,2026-06-06,quantile,0.5,6,Connecticut,Ensemble
2026-05-16,09,3,wk inc flu hosp,2026-06-06,quantile,0.55,7,Connecticut,Ensemble
2026-05-16,09,3,wk inc flu hosp,2026-06-06,quantile,0.6,8,Connecticut,Ensemble
2026-05-16,09,3,wk inc flu hosp,2026-06-06,quantile,0.65,9,Connecticut,Ensemble
2026-05-16,09,3,wk inc flu hosp,2026-06-06,quantile,0.7,11,Connecticut,Ensemble
2026-05-16,09,3,wk inc flu hosp,2026-06-06,quantile,0.75,13,Connecticut,Ensemble
2026-05-16,09,3,wk inc flu hosp,2026-06-06,quantile,0.8,19,Connecticut,Ensemble
2026-05-16,09,3,wk inc flu hosp,2026-06-06,quantile,0.85,33,Connecticut,Ensemble
2026-05-16,09,3,wk inc flu hosp,2026-06-06,quantile,0.9,39,Connecticut,Ensemble
2026-05-16,09,3,wk inc flu hosp,2026-06-06,quantile,0.95,57,Connecticut,Ensemble
2026-05-16,09,3,wk inc flu hosp,2026-06-06,quantile,0.975,70,Connecticut,Ensemble
2026-05-16,09,3,wk inc flu hosp,2026-06-06,quantile,0.99,86,Connecticut,Ensemble
2026-05-16,10,0,wk inc flu hosp,2026-05-16,quantile,0.01,0,Delaware,Ensemble
2026-05-16,10,0,wk inc flu hosp,2026-05-16,quantile,0.025,0,Delaware,Ensemble
2026-05-16,10,0,wk inc flu hosp,2026-05-16,quantile,0.05,0,Delaware,Ensemble
2026-05-16,10,0,wk inc flu hosp,2026-05-16,quantile,0.1,0,Delaware,Ensemble
2026-05-16,10,0,wk inc flu hosp,2026-05-16,quantile,0.15,0,Delaware,Ensemble
2026-05-16,10,0,wk inc flu hosp,2026-05-16,quantile,0.2,0,Delaware,Ensemble
2026-05-16,10,0,wk inc flu hosp,2026-05-16,quantile,0.25,0,Delaware,Ensemble
2026-05-16,10,0,wk inc flu hosp,2026-05-16,quantile,0.3,1,Delaware,Ensemble
2026-05-16,10,0,wk inc flu hosp,2026-05-16,quantile,0.35,1,Delaware,Ensemble
2026-05-16,10,0,wk inc flu hosp,2026-05-16,quantile,0.4,1,Delaware,Ensemble
2026-05-16,10,0,wk inc flu hosp,2026-05-16,quantile,0.45,1,Delaware,Ensemble
2026-05-16,10,0,wk inc flu hosp,2026-05-16,quantile,0.5,3,Delaware,Ensemble
2026-05-16,10,0,wk inc flu hosp,2026-05-16,quantile,0.55,3,Delaware,Ensemble
2026-05-16,10,0,wk inc flu hosp,2026-05-16,quantile,0.6,3,Delaware,Ensemble
2026-05-16,10,0,wk inc flu hosp,2026-05-16,quantile,0.65,4,Delaware,Ensemble
2026-05-16,10,0,wk inc flu hosp,2026-05-16,quantile,0.7,4,Delaware,Ensemble
2026-05-16,10,0,wk inc flu hosp,2026-05-16,quantile,0.75,5,Delaware,Ensemble
2026-05-16,10,0,wk inc flu hosp,2026-05-16,quantile,0.8,5,Delaware,Ensemble
2026-05-16,10,0,wk inc flu hosp,2026-05-16,quantile,0.85,6,Delaware,Ensemble
2026-05-16,10,0,wk inc flu hosp,2026-05-16,quantile,0.9,8,Delaware,Ensemble
2026-05-16,10,0,wk inc flu hosp,2026-05-16,quantile,0.95,10,Delaware,Ensemble
2026-05-16,10,0,wk inc flu hosp,2026-05-16,quantile,0.975,12,Delaware,Ensemble
2026-05-16,10,0,wk inc flu hosp,2026-05-16,quantile,0.99,15,Delaware,Ensemble
2026-05-16,10,1,wk inc flu hosp,2026-05-23,quantile,0.01,0,Delaware,Ensemble
2026-05-16,10,1,wk inc flu hosp,2026-05-23,quantile,0.025,0,Delaware,Ensemble
2026-05-16,10,1,wk inc flu hosp,2026-05-23,quantile,0.05,0,Delaware,Ensemble
2026-05-16,10,1,wk inc flu hosp,2026-05-23,quantile,0.1,0,Delaware,Ensemble
2026-05-16,10,1,wk inc flu hosp,2026-05-23,quantile,0.15,0,Delaware,Ensemble
2026-05-16,10,1,wk inc flu hosp,2026-05-23,quantile,0.2,0,Delaware,Ensemble
2026-05-16,10,1,wk inc flu hosp,2026-05-23,quantile,0.25,0,Delaware,Ensemble
2026-05-16,10,1,wk inc flu hosp,2026-05-23,quantile,0.3,0,Delaware,Ensemble
2026-05-16,10,1,wk inc flu hosp,2026-05-23,quantile,0.35,1,Delaware,Ensemble
2026-05-16,10,1,wk inc flu hosp,2026-05-23,quantile,0.4,1,Delaware,Ensemble
2026-05-16,10,1,wk inc flu hosp,2026-05-23,quantile,0.45,1,Delaware,Ensemble
2026-05-16,10,1,wk inc flu hosp,2026-05-23,quantile,0.5,2,Delaware,Ensemble
2026-05-16,10,1,wk inc flu hosp,2026-05-23,quantile,0.55,3,Delaware,Ensemble
2026-05-16,10,1,wk inc flu hosp,2026-05-23,quantile,0.6,3,Delaware,Ensemble
2026-05-16,10,1,wk inc flu hosp,2026-05-23,quantile,0.65,3,Delaware,Ensemble
2026-05-16,10,1,wk inc flu hosp,2026-05-23,quantile,0.7,4,Delaware,Ensemble
2026-05-16,10,1,wk inc flu hosp,2026-05-23,quantile,0.75,5,Delaware,Ensemble
2026-05-16,10,1,wk inc flu hosp,2026-05-23,quantile,0.8,5,Delaware,Ensemble
2026-05-16,10,1,wk inc flu hosp,2026-05-23,quantile,0.85,6,Delaware,Ensemble
2026-05-16,10,1,wk inc flu hosp,2026-05-23,quantile,0.9,8,Delaware,Ensemble
2026-05-16,10,1,wk inc flu hosp,2026-05-23,quantile,0.95,10,Delaware,Ensemble
2026-05-16,10,1,wk inc flu hosp,2026-05-23,quantile,0.975,16,Delaware,Ensemble
2026-05-16,10,1,wk inc flu hosp,2026-05-23,quantile,0.99,20,Delaware,Ensemble
2026-05-16,10,2,wk inc flu hosp,2026-05-30,quantile,0.01,0,Delaware,Ensemble
2026-05-16,10,2,wk inc flu hosp,2026-05-30,quantile,0.025,0,Delaware,Ensemble
2026-05-16,10,2,wk inc flu hosp,2026-05-30,quantile,0.05,0,Delaware,Ensemble
2026-05-16,10,2,wk inc flu hosp,2026-05-30,quantile,0.1,0,Delaware,Ensemble
2026-05-16,10,2,wk inc flu hosp,2026-05-30,quantile,0.15,0,Delaware,Ensemble
2026-05-16,10,2,wk inc flu hosp,2026-05-30,quantile,0.2,0,Delaware,Ensemble
2026-05-16,10,2,wk inc flu hosp,2026-05-30,quantile,0.25,0,Delaware,Ensemble
2026-05-16,10,2,wk inc flu hosp,2026-05-30,quantile,0.3,0,Delaware,Ensemble
2026-05-16,10,2,wk inc flu hosp,2026-05-30,quantile,0.35,0,Delaware,Ensemble
2026-05-16,10,2,wk inc flu hosp,2026-05-30,quantile,0.4,1,Delaware,Ensemble
2026-05-16,10,2,wk inc flu hosp,2026-05-30,quantile,0.45,1,Delaware,Ensemble
2026-05-16,10,2,wk inc flu hosp,2026-05-30,quantile,0.5,2,Delaware,Ensemble
2026-05-16,10,2,wk inc flu hosp,2026-05-30,quantile,0.55,3,Delaware,Ensemble
2026-05-16,10,2,wk inc flu hosp,2026-05-30,quantile,0.6,3,Delaware,Ensemble
2026-05-16,10,2,wk inc flu hosp,2026-05-30,quantile,0.65,4,Delaware,Ensemble
2026-05-16,10,2,wk inc flu hosp,2026-05-30,quantile,0.7,4,Delaware,Ensemble
2026-05-16,10,2,wk inc flu hosp,2026-05-30,quantile,0.75,5,Delaware,Ensemble
2026-05-16,10,2,wk inc flu hosp,2026-05-30,quantile,0.8,5,Delaware,Ensemble
2026-05-16,10,2,wk inc flu hosp,2026-05-30,quantile,0.85,6,Delaware,Ensemble
2026-05-16,10,2,wk inc flu hosp,2026-05-30,quantile,0.9,8,Delaware,Ensemble
2026-05-16,10,2,wk inc flu hosp,2026-05-30,quantile,0.95,15,Delaware,Ensemble
2026-05-16,10,2,wk inc flu hosp,2026-05-30,quantile,0.975,19,Delaware,Ensemble
2026-05-16,10,2,wk inc flu hosp,2026-05-30,quantile,0.99,24,Delaware,Ensemble
2026-05-16,10,3,wk inc flu hosp,2026-06-06,quantile,0.01,0,Delaware,Ensemble
2026-05-16,10,3,wk inc flu hosp,2026-06-06,quantile,0.025,0,Delaware,Ensemble
2026-05-16,10,3,wk inc flu hosp,2026-06-06,quantile,0.05,0,Delaware,Ensemble
2026-05-16,10,3,wk inc flu hosp,2026-06-06,quantile,0.1,0,Delaware,Ensemble
2026-05-16,10,3,wk inc flu hosp,2026-06-06,quantile,0.15,0,Delaware,Ensemble
2026-05-16,10,3,wk inc flu hosp,2026-06-06,quantile,0.2,0,Delaware,Ensemble
2026-05-16,10,3,wk inc flu hosp,2026-06-06,quantile,0.25,0,Delaware,Ensemble
2026-05-16,10,3,wk inc flu hosp,2026-06-06,quantile,0.3,0,Delaware,Ensemble
2026-05-16,10,3,wk inc flu hosp,2026-06-06,quantile,0.35,0,Delaware,Ensemble
2026-05-16,10,3,wk inc flu hosp,2026-06-06,quantile,0.4,0,Delaware,Ensemble
2026-05-16,10,3,wk inc flu hosp,2026-06-06,quantile,0.45,1,Delaware,Ensemble
2026-05-16,10,3,wk inc flu hosp,2026-06-06,quantile,0.5,2,Delaware,Ensemble
2026-05-16,10,3,wk inc flu hosp,2026-06-06,quantile,0.55,2,Delaware,Ensemble
2026-05-16,10,3,wk inc flu hosp,2026-06-06,quantile,0.6,3,Delaware,Ensemble
2026-05-16,10,3,wk inc flu hosp,2026-06-06,quantile,0.65,3,Delaware,Ensemble
2026-05-16,10,3,wk inc flu hosp,2026-06-06,quantile,0.7,4,Delaware,Ensemble
2026-05-16,10,3,wk inc flu hosp,2026-06-06,quantile,0.75,5,Delaware,Ensemble
2026-05-16,10,3,wk inc flu hosp,2026-06-06,quantile,0.8,6,Delaware,Ensemble
2026-05-16,10,3,wk inc flu hosp,2026-06-06,quantile,0.85,9,Delaware,Ensemble
2026-05-16,10,3,wk inc flu hosp,2026-06-06,quantile,0.9,14,Delaware,Ensemble
2026-05-16,10,3,wk inc flu hosp,2026-06-06,quantile,0.95,17,Delaware,Ensemble
2026-05-16,10,3,wk inc flu hosp,2026-06-06,quantile,0.975,21,Delaware,Ensemble
2026-05-16,10,3,wk inc flu hosp,2026-06-06,quantile,0.99,27,Delaware,Ensemble
2026-05-16,11,0,wk inc flu hosp,2026-05-16,quantile,0.01,0,District of Columbia,Ensemble
2026-05-16,11,0,wk inc flu hosp,2026-05-16,quantile,0.025,0,District of Columbia,Ensemble
2026-05-16,11,0,wk inc flu hosp,2026-05-16,quantile,0.05,0,District of Columbia,Ensemble
2026-05-16,11,0,wk inc flu hosp,2026-05-16,quantile,0.1,0,District of Columbia,Ensemble
2026-05-16,11,0,wk inc flu hosp,2026-05-16,quantile,0.15,0,District of Columbia,Ensemble
2026-05-16,11,0,wk inc flu hosp,2026-05-16,quantile,0.2,0,District of Columbia,Ensemble
2026-05-16,11,0,wk inc flu hosp,2026-05-16,quantile,0.25,0,District of Columbia,Ensemble
2026-05-16,11,0,wk inc flu hosp,2026-05-16,quantile,0.3,0,District of Columbia,Ensemble
2026-05-16,11,0,wk inc flu hosp,2026-05-16,quantile,0.35,0,District of Columbia,Ensemble
2026-05-16,11,0,wk inc flu hosp,2026-05-16,quantile,0.4,0,District of Columbia,Ensemble
2026-05-16,11,0,wk inc flu hosp,2026-05-16,quantile,0.45,0,District of Columbia,Ensemble
2026-05-16,11,0,wk inc flu hosp,2026-05-16,quantile,0.5,1,District of Columbia,Ensemble
2026-05-16,11,0,wk inc flu hosp,2026-05-16,quantile,0.55,2,District of Columbia,Ensemble
2026-05-16,11,0,wk inc flu hosp,2026-05-16,quantile,0.6,2,District of Columbia,Ensemble
2026-05-16,11,0,wk inc flu hosp,2026-05-16,quantile,0.65,2,District of Columbia,Ensemble
2026-05-16,11,0,wk inc flu hosp,2026-05-16,quantile,0.7,2,District of Columbia,Ensemble
2026-05-16,11,0,wk inc flu hosp,2026-05-16,quantile,0.75,3,District of Columbia,Ensemble
2026-05-16,11,0,wk inc flu hosp,2026-05-16,quantile,0.8,3,District of Columbia,Ensemble
2026-05-16,11,0,wk inc flu hosp,2026-05-16,quantile,0.85,4,District of Columbia,Ensemble
2026-05-16,11,0,wk inc flu hosp,2026-05-16,quantile,0.9,5,District of Columbia,Ensemble
2026-05-16,11,0,wk inc flu hosp,2026-05-16,quantile,0.95,6,District of Columbia,Ensemble
2026-05-16,11,0,wk inc flu hosp,2026-05-16,quantile,0.975,8,District of Columbia,Ensemble
2026-05-16,11,0,wk inc flu hosp,2026-05-16,quantile,0.99,11,District of Columbia,Ensemble
2026-05-16,11,1,wk inc flu hosp,2026-05-23,quantile,0.01,0,District of Columbia,Ensemble
2026-05-16,11,1,wk inc flu hosp,2026-05-23,quantile,0.025,0,District of Columbia,Ensemble
2026-05-16,11,1,wk inc flu hosp,2026-05-23,quantile,0.05,0,District of Columbia,Ensemble
2026-05-16,11,1,wk inc flu hosp,2026-05-23,quantile,0.1,0,District of Columbia,Ensemble
2026-05-16,11,1,wk inc flu hosp,2026-05-23,quantile,0.15,0,District of Columbia,Ensemble
2026-05-16,11,1,wk inc flu hosp,2026-05-23,quantile,0.2,0,District of Columbia,Ensemble
2026-05-16,11,1,wk inc flu hosp,2026-05-23,quantile,0.25,0,District of Columbia,Ensemble
2026-05-16,11,1,wk inc flu hosp,2026-05-23,quantile,0.3,0,District of Columbia,Ensemble
2026-05-16,11,1,wk inc flu hosp,2026-05-23,quantile,0.35,0,District of Columbia,Ensemble
2026-05-16,11,1,wk inc flu hosp,2026-05-23,quantile,0.4,0,District of Columbia,Ensemble
2026-05-16,11,1,wk inc flu hosp,2026-05-23,quantile,0.45,0,District of Columbia,Ensemble
2026-05-16,11,1,wk inc flu hosp,2026-05-23,quantile,0.5,1,District of Columbia,Ensemble
2026-05-16,11,1,wk inc flu hosp,2026-05-23,quantile,0.55,2,District of Columbia,Ensemble
2026-05-16,11,1,wk inc flu hosp,2026-05-23,quantile,0.6,2,District of Columbia,Ensemble
2026-05-16,11,1,wk inc flu hosp,2026-05-23,quantile,0.65,2,District of Columbia,Ensemble
2026-05-16,11,1,wk inc flu hosp,2026-05-23,quantile,0.7,2,District of Columbia,Ensemble
2026-05-16,11,1,wk inc flu hosp,2026-05-23,quantile,0.75,3,District of Columbia,Ensemble
2026-05-16,11,1,wk inc flu hosp,2026-05-23,quantile,0.8,4,District of Columbia,Ensemble
2026-05-16,11,1,wk inc flu hosp,2026-05-23,quantile,0.85,4,District of Columbia,Ensemble
2026-05-16,11,1,wk inc flu hosp,2026-05-23,quantile,0.9,6,District of Columbia,Ensemble
2026-05-16,11,1,wk inc flu hosp,2026-05-23,quantile,0.95,9,District of Columbia,Ensemble
2026-05-16,11,1,wk inc flu hosp,2026-05-23,quantile,0.975,11,District of Columbia,Ensemble
2026-05-16,11,1,wk inc flu hosp,2026-05-23,quantile,0.99,15,District of Columbia,Ensemble
2026-05-16,11,2,wk inc flu hosp,2026-05-30,quantile,0.01,0,District of Columbia,Ensemble
2026-05-16,11,2,wk inc flu hosp,2026-05-30,quantile,0.025,0,District of Columbia,Ensemble
2026-05-16,11,2,wk inc flu hosp,2026-05-30,quantile,0.05,0,District of Columbia,Ensemble
2026-05-16,11,2,wk inc flu hosp,2026-05-30,quantile,0.1,0,District of Columbia,Ensemble
2026-05-16,11,2,wk inc flu hosp,2026-05-30,quantile,0.15,0,District of Columbia,Ensemble
2026-05-16,11,2,wk inc flu hosp,2026-05-30,quantile,0.2,0,District of Columbia,Ensemble
2026-05-16,11,2,wk inc flu hosp,2026-05-30,quantile,0.25,0,District of Columbia,Ensemble
2026-05-16,11,2,wk inc flu hosp,2026-05-30,quantile,0.3,0,District of Columbia,Ensemble
2026-05-16,11,2,wk inc flu hosp,2026-05-30,quantile,0.35,0,District of Columbia,Ensemble
2026-05-16,11,2,wk inc flu hosp,2026-05-30,quantile,0.4,0,District of Columbia,Ensemble
2026-05-16,11,2,wk inc flu hosp,2026-05-30,quantile,0.45,0,District of Columbia,Ensemble
2026-05-16,11,2,wk inc flu hosp,2026-05-30,quantile,0.5,1,District of Columbia,Ensemble
2026-05-16,11,2,wk inc flu hosp,2026-05-30,quantile,0.55,2,District of Columbia,Ensemble
2026-05-16,11,2,wk inc flu hosp,2026-05-30,quantile,0.6,2,District of Columbia,Ensemble
2026-05-16,11,2,wk inc flu hosp,2026-05-30,quantile,0.65,2,District of Columbia,Ensemble
2026-05-16,11,2,wk inc flu hosp,2026-05-30,quantile,0.7,2,District of Columbia,Ensemble
2026-05-16,11,2,wk inc flu hosp,2026-05-30,quantile,0.75,3,District of Columbia,Ensemble
2026-05-16,11,2,wk inc flu hosp,2026-05-30,quantile,0.8,4,District of Columbia,Ensemble
2026-05-16,11,2,wk inc flu hosp,2026-05-30,quantile,0.85,4,District of Columbia,Ensemble
2026-05-16,11,2,wk inc flu hosp,2026-05-30,quantile,0.9,6,District of Columbia,Ensemble
2026-05-16,11,2,wk inc flu hosp,2026-05-30,quantile,0.95,11,District of Columbia,Ensemble
2026-05-16,11,2,wk inc flu hosp,2026-05-30,quantile,0.975,14,District of Columbia,Ensemble
2026-05-16,11,2,wk inc flu hosp,2026-05-30,quantile,0.99,17,District of Columbia,Ensemble
2026-05-16,11,3,wk inc flu hosp,2026-06-06,quantile,0.01,0,District of Columbia,Ensemble
2026-05-16,11,3,wk inc flu hosp,2026-06-06,quantile,0.025,0,District of Columbia,Ensemble
2026-05-16,11,3,wk inc flu hosp,2026-06-06,quantile,0.05,0,District of Columbia,Ensemble
2026-05-16,11,3,wk inc flu hosp,2026-06-06,quantile,0.1,0,District of Columbia,Ensemble
2026-05-16,11,3,wk inc flu hosp,2026-06-06,quantile,0.15,0,District of Columbia,Ensemble
2026-05-16,11,3,wk inc flu hosp,2026-06-06,quantile,0.2,0,District of Columbia,Ensemble
2026-05-16,11,3,wk inc flu hosp,2026-06-06,quantile,0.25,0,District of Columbia,Ensemble
2026-05-16,11,3,wk inc flu hosp,2026-06-06,quantile,0.3,0,District of Columbia,Ensemble
2026-05-16,11,3,wk inc flu hosp,2026-06-06,quantile,0.35,0,District of Columbia,Ensemble
2026-05-16,11,3,wk inc flu hosp,2026-06-06,quantile,0.4,0,District of Columbia,Ensemble
2026-05-16,11,3,wk inc flu hosp,2026-06-06,quantile,0.45,0,District of Columbia,Ensemble
2026-05-16,11,3,wk inc flu hosp,2026-06-06,quantile,0.5,1,District of Columbia,Ensemble
2026-05-16,11,3,wk inc flu hosp,2026-06-06,quantile,0.55,2,District of Columbia,Ensemble
2026-05-16,11,3,wk inc flu hosp,2026-06-06,quantile,0.6,2,District of Columbia,Ensemble
2026-05-16,11,3,wk inc flu hosp,2026-06-06,quantile,0.65,2,District of Columbia,Ensemble
2026-05-16,11,3,wk inc flu hosp,2026-06-06,quantile,0.7,3,District of Columbia,Ensemble
2026-05-16,11,3,wk inc flu hosp,2026-06-06,quantile,0.75,3,District of Columbia,Ensemble
2026-05-16,11,3,wk inc flu hosp,2026-06-06,quantile,0.8,4,District of Columbia,Ensemble
2026-05-16,11,3,wk inc flu hosp,2026-06-06,quantile,0.85,5,District of Columbia,Ensemble
2026-05-16,11,3,wk inc flu hosp,2026-06-06,quantile,0.9,7,District of Columbia,Ensemble
2026-05-16,11,3,wk inc flu hosp,2026-06-06,quantile,0.95,10,District of Columbia,Ensemble
2026-05-16,11,3,wk inc flu hosp,2026-06-06,quantile,0.975,16,District of Columbia,Ensemble
2026-05-16,11,3,wk inc flu hosp,2026-06-06,quantile,0.99,21,District of Columbia,Ensemble
2026-05-16,12,0,wk inc flu hosp,2026-05-16,quantile,0.01,47,Florida,Ensemble
2026-05-16,12,0,wk inc flu hosp,2026-05-16,quantile,0.025,57,Florida,Ensemble
2026-05-16,12,0,wk inc flu hosp,2026-05-16,quantile,0.05,65,Florida,Ensemble
2026-05-16,12,0,wk inc flu hosp,2026-05-16,quantile,0.1,77,Florida,Ensemble
2026-05-16,12,0,wk inc flu hosp,2026-05-16,quantile,0.15,86,Florida,Ensemble
2026-05-16,12,0,wk inc flu hosp,2026-05-16,quantile,0.2,95,Florida,Ensemble
2026-05-16,12,0,wk inc flu hosp,2026-05-16,quantile,0.25,101,Florida,Ensemble
2026-05-16,12,0,wk inc flu hosp,2026-05-16,quantile,0.3,108,Florida,Ensemble
2026-05-16,12,0,wk inc flu hosp,2026-05-16,quantile,0.35,115,Florida,Ensemble
2026-05-16,12,0,wk inc flu hosp,2026-05-16,quantile,0.4,120,Florida,Ensemble
2026-05-16,12,0,wk inc flu hosp,2026-05-16,quantile,0.45,127,Florida,Ensemble
2026-05-16,12,0,wk inc flu hosp,2026-05-16,quantile,0.5,134,Florida,Ensemble
2026-05-16,12,0,wk inc flu hosp,2026-05-16,quantile,0.55,141,Florida,Ensemble
2026-05-16,12,0,wk inc flu hosp,2026-05-16,quantile,0.6,148,Florida,Ensemble
2026-05-16,12,0,wk inc flu hosp,2026-05-16,quantile,0.65,154,Florida,Ensemble
2026-05-16,12,0,wk inc flu hosp,2026-05-16,quantile,0.7,162,Florida,Ensemble
2026-05-16,12,0,wk inc flu hosp,2026-05-16,quantile,0.75,170,Florida,Ensemble
2026-05-16,12,0,wk inc flu hosp,2026-05-16,quantile,0.8,179,Florida,Ensemble
2026-05-16,12,0,wk inc flu hosp,2026-05-16,quantile,0.85,192,Florida,Ensemble
2026-05-16,12,0,wk inc flu hosp,2026-05-16,quantile,0.9,231,Florida,Ensemble
2026-05-16,12,0,wk inc flu hosp,2026-05-16,quantile,0.95,258,Florida,Ensemble
2026-05-16,12,0,wk inc flu hosp,2026-05-16,quantile,0.975,282,Florida,Ensemble
2026-05-16,12,0,wk inc flu hosp,2026-05-16,quantile,0.99,317,Florida,Ensemble
2026-05-16,12,1,wk inc flu hosp,2026-05-23,quantile,0.01,35,Florida,Ensemble
2026-05-16,12,1,wk inc flu hosp,2026-05-23,quantile,0.025,43,Florida,Ensemble
2026-05-16,12,1,wk inc flu hosp,2026-05-23,quantile,0.05,51,Florida,Ensemble
2026-05-16,12,1,wk inc flu hosp,2026-05-23,quantile,0.1,61,Florida,Ensemble
2026-05-16,12,1,wk inc flu hosp,2026-05-23,quantile,0.15,71,Florida,Ensemble
2026-05-16,12,1,wk inc flu hosp,2026-05-23,quantile,0.2,79,Florida,Ensemble
2026-05-16,12,1,wk inc flu hosp,2026-05-23,quantile,0.25,87,Florida,Ensemble
2026-05-16,12,1,wk inc flu hosp,2026-05-23,quantile,0.3,93,Florida,Ensemble
2026-05-16,12,1,wk inc flu hosp,2026-05-23,quantile,0.35,101,Florida,Ensemble
2026-05-16,12,1,wk inc flu hosp,2026-05-23,quantile,0.4,107,Florida,Ensemble
2026-05-16,12,1,wk inc flu hosp,2026-05-23,quantile,0.45,116,Florida,Ensemble
2026-05-16,12,1,wk inc flu hosp,2026-05-23,quantile,0.5,124,Florida,Ensemble
2026-05-16,12,1,wk inc flu hosp,2026-05-23,quantile,0.55,132,Florida,Ensemble
2026-05-16,12,1,wk inc flu hosp,2026-05-23,quantile,0.6,142,Florida,Ensemble
2026-05-16,12,1,wk inc flu hosp,2026-05-23,quantile,0.65,150,Florida,Ensemble
2026-05-16,12,1,wk inc flu hosp,2026-05-23,quantile,0.7,158,Florida,Ensemble
2026-05-16,12,1,wk inc flu hosp,2026-05-23,quantile,0.75,168,Florida,Ensemble
2026-05-16,12,1,wk inc flu hosp,2026-05-23,quantile,0.8,182,Florida,Ensemble
2026-05-16,12,1,wk inc flu hosp,2026-05-23,quantile,0.85,217,Florida,Ensemble
2026-05-16,12,1,wk inc flu hosp,2026-05-23,quantile,0.9,238,Florida,Ensemble
2026-05-16,12,1,wk inc flu hosp,2026-05-23,quantile,0.95,294,Florida,Ensemble
2026-05-16,12,1,wk inc flu hosp,2026-05-23,quantile,0.975,329,Florida,Ensemble
2026-05-16,12,1,wk inc flu hosp,2026-05-23,quantile,0.99,378,Florida,Ensemble
2026-05-16,12,2,wk inc flu hosp,2026-05-30,quantile,0.01,31,Florida,Ensemble
2026-05-16,12,2,wk inc flu hosp,2026-05-30,quantile,0.025,38,Florida,Ensemble
2026-05-16,12,2,wk inc flu hosp,2026-05-30,quantile,0.05,46,Florida,Ensemble
2026-05-16,12,2,wk inc flu hosp,2026-05-30,quantile,0.1,56,Florida,Ensemble
2026-05-16,12,2,wk inc flu hosp,2026-05-30,quantile,0.15,65,Florida,Ensemble
2026-05-16,12,2,wk inc flu hosp,2026-05-30,quantile,0.2,72,Florida,Ensemble
2026-05-16,12,2,wk inc flu hosp,2026-05-30,quantile,0.25,79,Florida,Ensemble
2026-05-16,12,2,wk inc flu hosp,2026-05-30,quantile,0.3,85,Florida,Ensemble
2026-05-16,12,2,wk inc flu hosp,2026-05-30,quantile,0.35,92,Florida,Ensemble
2026-05-16,12,2,wk inc flu hosp,2026-05-30,quantile,0.4,103,Florida,Ensemble
2026-05-16,12,2,wk inc flu hosp,2026-05-30,quantile,0.45,111,Florida,Ensemble
2026-05-16,12,2,wk inc flu hosp,2026-05-30,quantile,0.5,120,Florida,Ensemble
2026-05-16,12,2,wk inc flu hosp,2026-05-30,quantile,0.55,128,Florida,Ensemble
2026-05-16,12,2,wk inc flu hosp,2026-05-30,quantile,0.6,136,Florida,Ensemble
2026-05-16,12,2,wk inc flu hosp,2026-05-30,quantile,0.65,151,Florida,Ensemble
2026-05-16,12,2,wk inc flu hosp,2026-05-30,quantile,0.7,163,Florida,Ensemble
2026-05-16,12,2,wk inc flu hosp,2026-05-30,quantile,0.75,183,Florida,Ensemble
2026-05-16,12,2,wk inc flu hosp,2026-05-30,quantile,0.8,199,Florida,Ensemble
2026-05-16,12,2,wk inc flu hosp,2026-05-30,quantile,0.85,238,Florida,Ensemble
2026-05-16,12,2,wk inc flu hosp,2026-05-30,quantile,0.9,263,Florida,Ensemble
2026-05-16,12,2,wk inc flu hosp,2026-05-30,quantile,0.95,336,Florida,Ensemble
2026-05-16,12,2,wk inc flu hosp,2026-05-30,quantile,0.975,381,Florida,Ensemble
2026-05-16,12,2,wk inc flu hosp,2026-05-30,quantile,0.99,445,Florida,Ensemble
2026-05-16,12,3,wk inc flu hosp,2026-06-06,quantile,0.01,26,Florida,Ensemble
2026-05-16,12,3,wk inc flu hosp,2026-06-06,quantile,0.025,32,Florida,Ensemble
2026-05-16,12,3,wk inc flu hosp,2026-06-06,quantile,0.05,39,Florida,Ensemble
2026-05-16,12,3,wk inc flu hosp,2026-06-06,quantile,0.1,49,Florida,Ensemble
2026-05-16,12,3,wk inc flu hosp,2026-06-06,quantile,0.15,56,Florida,Ensemble
2026-05-16,12,3,wk inc flu hosp,2026-06-06,quantile,0.2,62,Florida,Ensemble
2026-05-16,12,3,wk inc flu hosp,2026-06-06,quantile,0.25,68,Florida,Ensemble
2026-05-16,12,3,wk inc flu hosp,2026-06-06,quantile,0.3,75,Florida,Ensemble
2026-05-16,12,3,wk inc flu hosp,2026-06-06,quantile,0.35,82,Florida,Ensemble
2026-05-16,12,3,wk inc flu hosp,2026-06-06,quantile,0.4,89,Florida,Ensemble
2026-05-16,12,3,wk inc flu hosp,2026-06-06,quantile,0.45,101,Florida,Ensemble
2026-05-16,12,3,wk inc flu hosp,2026-06-06,quantile,0.5,111,Florida,Ensemble
2026-05-16,12,3,wk inc flu hosp,2026-06-06,quantile,0.55,119,Florida,Ensemble
2026-05-16,12,3,wk inc flu hosp,2026-06-06,quantile,0.6,140,Florida,Ensemble
2026-05-16,12,3,wk inc flu hosp,2026-06-06,quantile,0.65,149,Florida,Ensemble
2026-05-16,12,3,wk inc flu hosp,2026-06-06,quantile,0.7,168,Florida,Ensemble
2026-05-16,12,3,wk inc flu hosp,2026-06-06,quantile,0.75,186,Florida,Ensemble
2026-05-16,12,3,wk inc flu hosp,2026-06-06,quantile,0.8,216,Florida,Ensemble
2026-05-16,12,3,wk inc flu hosp,2026-06-06,quantile,0.85,237,Florida,Ensemble
2026-05-16,12,3,wk inc flu hosp,2026-06-06,quantile,0.9,271,Florida,Ensemble
2026-05-16,12,3,wk inc flu hosp,2026-06-06,quantile,0.95,325,Florida,Ensemble
2026-05-16,12,3,wk inc flu hosp,2026-06-06,quantile,0.975,374,Florida,Ensemble
2026-05-16,12,3,wk inc flu hosp,2026-06-06,quantile,0.99,444,Florida,Ensemble
2026-05-16,13,0,wk inc flu hosp,2026-05-16,quantile,0.01,2,Georgia,Ensemble
2026-05-16,13,0,wk inc flu hosp,2026-05-16,quantile,0.025,3,Georgia,Ensemble
2026-05-16,13,0,wk inc flu hosp,2026-05-16,quantile,0.05,4,Georgia,Ensemble
2026-05-16,13,0,wk inc flu hosp,2026-05-16,quantile,0.1,5,Georgia,Ensemble
2026-05-16,13,0,wk inc flu hosp,2026-05-16,quantile,0.15,6,Georgia,Ensemble
2026-05-16,13,0,wk inc flu hosp,2026-05-16,quantile,0.2,8,Georgia,Ensemble
2026-05-16,13,0,wk inc flu hosp,2026-05-16,quantile,0.25,9,Georgia,Ensemble
2026-05-16,13,0,wk inc flu hosp,2026-05-16,quantile,0.3,10,Georgia,Ensemble
2026-05-16,13,0,wk inc flu hosp,2026-05-16,quantile,0.35,11,Georgia,Ensemble
2026-05-16,13,0,wk inc flu hosp,2026-05-16,quantile,0.4,12,Georgia,Ensemble
2026-05-16,13,0,wk inc flu hosp,2026-05-16,quantile,0.45,14,Georgia,Ensemble
2026-05-16,13,0,wk inc flu hosp,2026-05-16,quantile,0.5,17,Georgia,Ensemble
2026-05-16,13,0,wk inc flu hosp,2026-05-16,quantile,0.55,18,Georgia,Ensemble
2026-05-16,13,0,wk inc flu hosp,2026-05-16,quantile,0.6,20,Georgia,Ensemble
2026-05-16,13,0,wk inc flu hosp,2026-05-16,quantile,0.65,22,Georgia,Ensemble
2026-05-16,13,0,wk inc flu hosp,2026-05-16,quantile,0.7,23,Georgia,Ensemble
2026-05-16,13,0,wk inc flu hosp,2026-05-16,quantile,0.75,26,Georgia,Ensemble
2026-05-16,13,0,wk inc flu hosp,2026-05-16,quantile,0.8,28,Georgia,Ensemble
2026-05-16,13,0,wk inc flu hosp,2026-05-16,quantile,0.85,32,Georgia,Ensemble
2026-05-16,13,0,wk inc flu hosp,2026-05-16,quantile,0.9,38,Georgia,Ensemble
2026-05-16,13,0,wk inc flu hosp,2026-05-16,quantile,0.95,59,Georgia,Ensemble
2026-05-16,13,0,wk inc flu hosp,2026-05-16,quantile,0.975,66,Georgia,Ensemble
2026-05-16,13,0,wk inc flu hosp,2026-05-16,quantile,0.99,77,Georgia,Ensemble
2026-05-16,13,1,wk inc flu hosp,2026-05-23,quantile,0.01,2,Georgia,Ensemble
2026-05-16,13,1,wk inc flu hosp,2026-05-23,quantile,0.025,2,Georgia,Ensemble
2026-05-16,13,1,wk inc flu hosp,2026-05-23,quantile,0.05,3,Georgia,Ensemble
2026-05-16,13,1,wk inc flu hosp,2026-05-23,quantile,0.1,4,Georgia,Ensemble
2026-05-16,13,1,wk inc flu hosp,2026-05-23,quantile,0.15,5,Georgia,Ensemble
2026-05-16,13,1,wk inc flu hosp,2026-05-23,quantile,0.2,6,Georgia,Ensemble
2026-05-16,13,1,wk inc flu hosp,2026-05-23,quantile,0.25,7,Georgia,Ensemble
2026-05-16,13,1,wk inc flu hosp,2026-05-23,quantile,0.3,9,Georgia,Ensemble
2026-05-16,13,1,wk inc flu hosp,2026-05-23,quantile,0.35,10,Georgia,Ensemble
2026-05-16,13,1,wk inc flu hosp,2026-05-23,quantile,0.4,11,Georgia,Ensemble
2026-05-16,13,1,wk inc flu hosp,2026-05-23,quantile,0.45,13,Georgia,Ensemble
2026-05-16,13,1,wk inc flu hosp,2026-05-23,quantile,0.5,16,Georgia,Ensemble
2026-05-16,13,1,wk inc flu hosp,2026-05-23,quantile,0.55,18,Georgia,Ensemble
2026-05-16,13,1,wk inc flu hosp,2026-05-23,quantile,0.6,20,Georgia,Ensemble
2026-05-16,13,1,wk inc flu hosp,2026-05-23,quantile,0.65,22,Georgia,Ensemble
2026-05-16,13,1,wk inc flu hosp,2026-05-23,quantile,0.7,24,Georgia,Ensemble
2026-05-16,13,1,wk inc flu hosp,2026-05-23,quantile,0.75,27,Georgia,Ensemble
2026-05-16,13,1,wk inc flu hosp,2026-05-23,quantile,0.8,36,Georgia,Ensemble
2026-05-16,13,1,wk inc flu hosp,2026-05-23,quantile,0.85,42,Georgia,Ensemble
2026-05-16,13,1,wk inc flu hosp,2026-05-23,quantile,0.9,62,Georgia,Ensemble
2026-05-16,13,1,wk inc flu hosp,2026-05-23,quantile,0.95,77,Georgia,Ensemble
2026-05-16,13,1,wk inc flu hosp,2026-05-23,quantile,0.975,89,Georgia,Ensemble
2026-05-16,13,1,wk inc flu hosp,2026-05-23,quantile,0.99,105,Georgia,Ensemble
2026-05-16,13,2,wk inc flu hosp,2026-05-30,quantile,0.01,1,Georgia,Ensemble
2026-05-16,13,2,wk inc flu hosp,2026-05-30,quantile,0.025,2,Georgia,Ensemble
2026-05-16,13,2,wk inc flu hosp,2026-05-30,quantile,0.05,2,Georgia,Ensemble
2026-05-16,13,2,wk inc flu hosp,2026-05-30,quantile,0.1,3,Georgia,Ensemble
2026-05-16,13,2,wk inc flu hosp,2026-05-30,quantile,0.15,4,Georgia,Ensemble
2026-05-16,13,2,wk inc flu hosp,2026-05-30,quantile,0.2,5,Georgia,Ensemble
2026-05-16,13,2,wk inc flu hosp,2026-05-30,quantile,0.25,6,Georgia,Ensemble
2026-05-16,13,2,wk inc flu hosp,2026-05-30,quantile,0.3,7,Georgia,Ensemble
2026-05-16,13,2,wk inc flu hosp,2026-05-30,quantile,0.35,8,Georgia,Ensemble
2026-05-16,13,2,wk inc flu hosp,2026-05-30,quantile,0.4,10,Georgia,Ensemble
2026-05-16,13,2,wk inc flu hosp,2026-05-30,quantile,0.45,11,Georgia,Ensemble
2026-05-16,13,2,wk inc flu hosp,2026-05-30,quantile,0.5,14,Georgia,Ensemble
2026-05-16,13,2,wk inc flu hosp,2026-05-30,quantile,0.55,16,Georgia,Ensemble
2026-05-16,13,2,wk inc flu hosp,2026-05-30,quantile,0.6,18,Georgia,Ensemble
2026-05-16,13,2,wk inc flu hosp,2026-05-30,quantile,0.65,22,Georgia,Ensemble
2026-05-16,13,2,wk inc flu hosp,2026-05-30,quantile,0.7,25,Georgia,Ensemble
2026-05-16,13,2,wk inc flu hosp,2026-05-30,quantile,0.75,29,Georgia,Ensemble
2026-05-16,13,2,wk inc flu hosp,2026-05-30,quantile,0.8,36,Georgia,Ensemble
2026-05-16,13,2,wk inc flu hosp,2026-05-30,quantile,0.85,44,Georgia,Ensemble
2026-05-16,13,2,wk inc flu hosp,2026-05-30,quantile,0.9,52,Georgia,Ensemble
2026-05-16,13,2,wk inc flu hosp,2026-05-30,quantile,0.95,97,Georgia,Ensemble
2026-05-16,13,2,wk inc flu hosp,2026-05-30,quantile,0.975,114,Georgia,Ensemble
2026-05-16,13,2,wk inc flu hosp,2026-05-30,quantile,0.99,135,Georgia,Ensemble
2026-05-16,13,3,wk inc flu hosp,2026-06-06,quantile,0.01,1,Georgia,Ensemble
2026-05-16,13,3,wk inc flu hosp,2026-06-06,quantile,0.025,2,Georgia,Ensemble
2026-05-16,13,3,wk inc flu hosp,2026-06-06,quantile,0.05,2,Georgia,Ensemble
2026-05-16,13,3,wk inc flu hosp,2026-06-06,quantile,0.1,3,Georgia,Ensemble
2026-05-16,13,3,wk inc flu hosp,2026-06-06,quantile,0.15,4,Georgia,Ensemble
2026-05-16,13,3,wk inc flu hosp,2026-06-06,quantile,0.2,5,Georgia,Ensemble
2026-05-16,13,3,wk inc flu hosp,2026-06-06,quantile,0.25,6,Georgia,Ensemble
2026-05-16,13,3,wk inc flu hosp,2026-06-06,quantile,0.3,7,Georgia,Ensemble
2026-05-16,13,3,wk inc flu hosp,2026-06-06,quantile,0.35,8,Georgia,Ensemble
2026-05-16,13,3,wk inc flu hosp,2026-06-06,quantile,0.4,9,Georgia,Ensemble
2026-05-16,13,3,wk inc flu hosp,2026-06-06,quantile,0.45,10,Georgia,Ensemble
2026-05-16,13,3,wk inc flu hosp,2026-06-06,quantile,0.5,13,Georgia,Ensemble
2026-05-16,13,3,wk inc flu hosp,2026-06-06,quantile,0.55,15,Georgia,Ensemble
2026-05-16,13,3,wk inc flu hosp,2026-06-06,quantile,0.6,18,Georgia,Ensemble
2026-05-16,13,3,wk inc flu hosp,2026-06-06,quantile,0.65,23,Georgia,Ensemble
2026-05-16,13,3,wk inc flu hosp,2026-06-06,quantile,0.7,25,Georgia,Ensemble
2026-05-16,13,3,wk inc flu hosp,2026-06-06,quantile,0.75,30,Georgia,Ensemble
2026-05-16,13,3,wk inc flu hosp,2026-06-06,quantile,0.8,35,Georgia,Ensemble
2026-05-16,13,3,wk inc flu hosp,2026-06-06,quantile,0.85,53,Georgia,Ensemble
2026-05-16,13,3,wk inc flu hosp,2026-06-06,quantile,0.9,70,Georgia,Ensemble
2026-05-16,13,3,wk inc flu hosp,2026-06-06,quantile,0.95,87,Georgia,Ensemble
2026-05-16,13,3,wk inc flu hosp,2026-06-06,quantile,0.975,114,Georgia,Ensemble
2026-05-16,13,3,wk inc flu hosp,2026-06-06,quantile,0.99,137,Georgia,Ensemble
2026-05-16,15,0,wk inc flu hosp,2026-05-16,quantile,0.01,0,Hawaii,Ensemble
2026-05-16,15,0,wk inc flu hosp,2026-05-16,quantile,0.025,0,Hawaii,Ensemble
2026-05-16,15,0,wk inc flu hosp,2026-05-16,quantile,0.05,1,Hawaii,Ensemble
2026-05-16,15,0,wk inc flu hosp,2026-05-16,quantile,0.1,1,Hawaii,Ensemble
2026-05-16,15,0,wk inc flu hosp,2026-05-16,quantile,0.15,2,Hawaii,Ensemble
2026-05-16,15,0,wk inc flu hosp,2026-05-16,quantile,0.2,2,Hawaii,Ensemble
2026-05-16,15,0,wk inc flu hosp,2026-05-16,quantile,0.25,3,Hawaii,Ensemble
2026-05-16,15,0,wk inc flu hosp,2026-05-16,quantile,0.3,3,Hawaii,Ensemble
2026-05-16,15,0,wk inc flu hosp,2026-05-16,quantile,0.35,4,Hawaii,Ensemble
2026-05-16,15,0,wk inc flu hosp,2026-05-16,quantile,0.4,4,Hawaii,Ensemble
2026-05-16,15,0,wk inc flu hosp,2026-05-16,quantile,0.45,5,Hawaii,Ensemble
2026-05-16,15,0,wk inc flu hosp,2026-05-16,quantile,0.5,6,Hawaii,Ensemble
2026-05-16,15,0,wk inc flu hosp,2026-05-16,quantile,0.55,7,Hawaii,Ensemble
2026-05-16,15,0,wk inc flu hosp,2026-05-16,quantile,0.6,8,Hawaii,Ensemble
2026-05-16,15,0,wk inc flu hosp,2026-05-16,quantile,0.65,8,Hawaii,Ensemble
2026-05-16,15,0,wk inc flu hosp,2026-05-16,quantile,0.7,9,Hawaii,Ensemble
2026-05-16,15,0,wk inc flu hosp,2026-05-16,quantile,0.75,10,Hawaii,Ensemble
2026-05-16,15,0,wk inc flu hosp,2026-05-16,quantile,0.8,11,Hawaii,Ensemble
2026-05-16,15,0,wk inc flu hosp,2026-05-16,quantile,0.85,13,Hawaii,Ensemble
2026-05-16,15,0,wk inc flu hosp,2026-05-16,quantile,0.9,14,Hawaii,Ensemble
2026-05-16,15,0,wk inc flu hosp,2026-05-16,quantile,0.95,18,Hawaii,Ensemble
2026-05-16,15,0,wk inc flu hosp,2026-05-16,quantile,0.975,21,Hawaii,Ensemble
2026-05-16,15,0,wk inc flu hosp,2026-05-16,quantile,0.99,26,Hawaii,Ensemble
2026-05-16,15,1,wk inc flu hosp,2026-05-23,quantile,0.01,0,Hawaii,Ensemble
2026-05-16,15,1,wk inc flu hosp,2026-05-23,quantile,0.025,0,Hawaii,Ensemble
2026-05-16,15,1,wk inc flu hosp,2026-05-23,quantile,0.05,0,Hawaii,Ensemble
2026-05-16,15,1,wk inc flu hosp,2026-05-23,quantile,0.1,1,Hawaii,Ensemble
2026-05-16,15,1,wk inc flu hosp,2026-05-23,quantile,0.15,1,Hawaii,Ensemble
2026-05-16,15,1,wk inc flu hosp,2026-05-23,quantile,0.2,2,Hawaii,Ensemble
2026-05-16,15,1,wk inc flu hosp,2026-05-23,quantile,0.25,2,Hawaii,Ensemble
2026-05-16,15,1,wk inc flu hosp,2026-05-23,quantile,0.3,2,Hawaii,Ensemble
2026-05-16,15,1,wk inc flu hosp,2026-05-23,quantile,0.35,3,Hawaii,Ensemble
2026-05-16,15,1,wk inc flu hosp,2026-05-23,quantile,0.4,4,Hawaii,Ensemble
2026-05-16,15,1,wk inc flu hosp,2026-05-23,quantile,0.45,4,Hawaii,Ensemble
2026-05-16,15,1,wk inc flu hosp,2026-05-23,quantile,0.5,6,Hawaii,Ensemble
2026-05-16,15,1,wk inc flu hosp,2026-05-23,quantile,0.55,7,Hawaii,Ensemble
2026-05-16,15,1,wk inc flu hosp,2026-05-23,quantile,0.6,8,Hawaii,Ensemble
2026-05-16,15,1,wk inc flu hosp,2026-05-23,quantile,0.65,8,Hawaii,Ensemble
2026-05-16,15,1,wk inc flu hosp,2026-05-23,quantile,0.7,9,Hawaii,Ensemble
2026-05-16,15,1,wk inc flu hosp,2026-05-23,quantile,0.75,10,Hawaii,Ensemble
2026-05-16,15,1,wk inc flu hosp,2026-05-23,quantile,0.8,12,Hawaii,Ensemble
2026-05-16,15,1,wk inc flu hosp,2026-05-23,quantile,0.85,14,Hawaii,Ensemble
2026-05-16,15,1,wk inc flu hosp,2026-05-23,quantile,0.9,16,Hawaii,Ensemble
2026-05-16,15,1,wk inc flu hosp,2026-05-23,quantile,0.95,20,Hawaii,Ensemble
2026-05-16,15,1,wk inc flu hosp,2026-05-23,quantile,0.975,25,Hawaii,Ensemble
2026-05-16,15,1,wk inc flu hosp,2026-05-23,quantile,0.99,31,Hawaii,Ensemble
2026-05-16,15,2,wk inc flu hosp,2026-05-30,quantile,0.01,0,Hawaii,Ensemble
2026-05-16,15,2,wk inc flu hosp,2026-05-30,quantile,0.025,0,Hawaii,Ensemble
2026-05-16,15,2,wk inc flu hosp,2026-05-30,quantile,0.05,0,Hawaii,Ensemble
2026-05-16,15,2,wk inc flu hosp,2026-05-30,quantile,0.1,1,Hawaii,Ensemble
2026-05-16,15,2,wk inc flu hosp,2026-05-30,quantile,0.15,1,Hawaii,Ensemble
2026-05-16,15,2,wk inc flu hosp,2026-05-30,quantile,0.2,1,Hawaii,Ensemble
2026-05-16,15,2,wk inc flu hosp,2026-05-30,quantile,0.25,2,Hawaii,Ensemble
2026-05-16,15,2,wk inc flu hosp,2026-05-30,quantile,0.3,2,Hawaii,Ensemble
2026-05-16,15,2,wk inc flu hosp,2026-05-30,quantile,0.35,3,Hawaii,Ensemble
2026-05-16,15,2,wk inc flu hosp,2026-05-30,quantile,0.4,3,Hawaii,Ensemble
2026-05-16,15,2,wk inc flu hosp,2026-05-30,quantile,0.45,4,Hawaii,Ensemble
2026-05-16,15,2,wk inc flu hosp,2026-05-30,quantile,0.5,5,Hawaii,Ensemble
2026-05-16,15,2,wk inc flu hosp,2026-05-30,quantile,0.55,6,Hawaii,Ensemble
2026-05-16,15,2,wk inc flu hosp,2026-05-30,quantile,0.6,7,Hawaii,Ensemble
2026-05-16,15,2,wk inc flu hosp,2026-05-30,quantile,0.65,8,Hawaii,Ensemble
2026-05-16,15,2,wk inc flu hosp,2026-05-30,quantile,0.7,9,Hawaii,Ensemble
2026-05-16,15,2,wk inc flu hosp,2026-05-30,quantile,0.75,10,Hawaii,Ensemble
2026-05-16,15,2,wk inc flu hosp,2026-05-30,quantile,0.8,11,Hawaii,Ensemble
2026-05-16,15,2,wk inc flu hosp,2026-05-30,quantile,0.85,13,Hawaii,Ensemble
2026-05-16,15,2,wk inc flu hosp,2026-05-30,quantile,0.9,16,Hawaii,Ensemble
2026-05-16,15,2,wk inc flu hosp,2026-05-30,quantile,0.95,20,Hawaii,Ensemble
2026-05-16,15,2,wk inc flu hosp,2026-05-30,quantile,0.975,26,Hawaii,Ensemble
2026-05-16,15,2,wk inc flu hosp,2026-05-30,quantile,0.99,32,Hawaii,Ensemble
2026-05-16,15,3,wk inc flu hosp,2026-06-06,quantile,0.01,0,Hawaii,Ensemble
2026-05-16,15,3,wk inc flu hosp,2026-06-06,quantile,0.025,0,Hawaii,Ensemble
2026-05-16,15,3,wk inc flu hosp,2026-06-06,quantile,0.05,0,Hawaii,Ensemble
2026-05-16,15,3,wk inc flu hosp,2026-06-06,quantile,0.1,1,Hawaii,Ensemble
2026-05-16,15,3,wk inc flu hosp,2026-06-06,quantile,0.15,1,Hawaii,Ensemble
2026-05-16,15,3,wk inc flu hosp,2026-06-06,quantile,0.2,1,Hawaii,Ensemble
2026-05-16,15,3,wk inc flu hosp,2026-06-06,quantile,0.25,2,Hawaii,Ensemble
2026-05-16,15,3,wk inc flu hosp,2026-06-06,quantile,0.3,2,Hawaii,Ensemble
2026-05-16,15,3,wk inc flu hosp,2026-06-06,quantile,0.35,2,Hawaii,Ensemble
2026-05-16,15,3,wk inc flu hosp,2026-06-06,quantile,0.4,3,Hawaii,Ensemble
2026-05-16,15,3,wk inc flu hosp,2026-06-06,quantile,0.45,3,Hawaii,Ensemble
2026-05-16,15,3,wk inc flu hosp,2026-06-06,quantile,0.5,5,Hawaii,Ensemble
2026-05-16,15,3,wk inc flu hosp,2026-06-06,quantile,0.55,6,Hawaii,Ensemble
2026-05-16,15,3,wk inc flu hosp,2026-06-06,quantile,0.6,7,Hawaii,Ensemble
2026-05-16,15,3,wk inc flu hosp,2026-06-06,quantile,0.65,8,Hawaii,Ensemble
2026-05-16,15,3,wk inc flu hosp,2026-06-06,quantile,0.7,9,Hawaii,Ensemble
2026-05-16,15,3,wk inc flu hosp,2026-06-06,quantile,0.75,10,Hawaii,Ensemble
2026-05-16,15,3,wk inc flu hosp,2026-06-06,quantile,0.8,11,Hawaii,Ensemble
2026-05-16,15,3,wk inc flu hosp,2026-06-06,quantile,0.85,13,Hawaii,Ensemble
2026-05-16,15,3,wk inc flu hosp,2026-06-06,quantile,0.9,16,Hawaii,Ensemble
2026-05-16,15,3,wk inc flu hosp,2026-06-06,quantile,0.95,21,Hawaii,Ensemble
2026-05-16,15,3,wk inc flu hosp,2026-06-06,quantile,0.975,26,Hawaii,Ensemble
2026-05-16,15,3,wk inc flu hosp,2026-06-06,quantile,0.99,33,Hawaii,Ensemble
2026-05-16,16,0,wk inc flu hosp,2026-05-16,quantile,0.01,1,Idaho,Ensemble
2026-05-16,16,0,wk inc flu hosp,2026-05-16,quantile,0.025,1,Idaho,Ensemble
2026-05-16,16,0,wk inc flu hosp,2026-05-16,quantile,0.05,1,Idaho,Ensemble
2026-05-16,16,0,wk inc flu hosp,2026-05-16,quantile,0.1,2,Idaho,Ensemble
2026-05-16,16,0,wk inc flu hosp,2026-05-16,quantile,0.15,2,Idaho,Ensemble
2026-05-16,16,0,wk inc flu hosp,2026-05-16,quantile,0.2,3,Idaho,Ensemble
2026-05-16,16,0,wk inc flu hosp,2026-05-16,quantile,0.25,3,Idaho,Ensemble
2026-05-16,16,0,wk inc flu hosp,2026-05-16,quantile,0.3,4,Idaho,Ensemble
2026-05-16,16,0,wk inc flu hosp,2026-05-16,quantile,0.35,4,Idaho,Ensemble
2026-05-16,16,0,wk inc flu hosp,2026-05-16,quantile,0.4,5,Idaho,Ensemble
2026-05-16,16,0,wk inc flu hosp,2026-05-16,quantile,0.45,5,Idaho,Ensemble
2026-05-16,16,0,wk inc flu hosp,2026-05-16,quantile,0.5,7,Idaho,Ensemble
2026-05-16,16,0,wk inc flu hosp,2026-05-16,quantile,0.55,7,Idaho,Ensemble
2026-05-16,16,0,wk inc flu hosp,2026-05-16,quantile,0.6,8,Idaho,Ensemble
2026-05-16,16,0,wk inc flu hosp,2026-05-16,quantile,0.65,9,Idaho,Ensemble
2026-05-16,16,0,wk inc flu hosp,2026-05-16,quantile,0.7,9,Idaho,Ensemble
2026-05-16,16,0,wk inc flu hosp,2026-05-16,quantile,0.75,10,Idaho,Ensemble
2026-05-16,16,0,wk inc flu hosp,2026-05-16,quantile,0.8,12,Idaho,Ensemble
2026-05-16,16,0,wk inc flu hosp,2026-05-16,quantile,0.85,13,Idaho,Ensemble
2026-05-16,16,0,wk inc flu hosp,2026-05-16,quantile,0.9,15,Idaho,Ensemble
2026-05-16,16,0,wk inc flu hosp,2026-05-16,quantile,0.95,20,Idaho,Ensemble
2026-05-16,16,0,wk inc flu hosp,2026-05-16,quantile,0.975,24,Idaho,Ensemble
2026-05-16,16,0,wk inc flu hosp,2026-05-16,quantile,0.99,28,Idaho,Ensemble
2026-05-16,16,1,wk inc flu hosp,2026-05-23,quantile,0.01,0,Idaho,Ensemble
2026-05-16,16,1,wk inc flu hosp,2026-05-23,quantile,0.025,0,Idaho,Ensemble
2026-05-16,16,1,wk inc flu hosp,2026-05-23,quantile,0.05,1,Idaho,Ensemble
2026-05-16,16,1,wk inc flu hosp,2026-05-23,quantile,0.1,1,Idaho,Ensemble
2026-05-16,16,1,wk inc flu hosp,2026-05-23,quantile,0.15,1,Idaho,Ensemble
2026-05-16,16,1,wk inc flu hosp,2026-05-23,quantile,0.2,2,Idaho,Ensemble
2026-05-16,16,1,wk inc flu hosp,2026-05-23,quantile,0.25,2,Idaho,Ensemble
2026-05-16,16,1,wk inc flu hosp,2026-05-23,quantile,0.3,3,Idaho,Ensemble
2026-05-16,16,1,wk inc flu hosp,2026-05-23,quantile,0.35,3,Idaho,Ensemble
2026-05-16,16,1,wk inc flu hosp,2026-05-23,quantile,0.4,4,Idaho,Ensemble
2026-05-16,16,1,wk inc flu hosp,2026-05-23,quantile,0.45,4,Idaho,Ensemble
2026-05-16,16,1,wk inc flu hosp,2026-05-23,quantile,0.5,6,Idaho,Ensemble
2026-05-16,16,1,wk inc flu hosp,2026-05-23,quantile,0.55,7,Idaho,Ensemble
2026-05-16,16,1,wk inc flu hosp,2026-05-23,quantile,0.6,7,Idaho,Ensemble
2026-05-16,16,1,wk inc flu hosp,2026-05-23,quantile,0.65,8,Idaho,Ensemble
2026-05-16,16,1,wk inc flu hosp,2026-05-23,quantile,0.7,9,Idaho,Ensemble
2026-05-16,16,1,wk inc flu hosp,2026-05-23,quantile,0.75,10,Idaho,Ensemble
2026-05-16,16,1,wk inc flu hosp,2026-05-23,quantile,0.8,12,Idaho,Ensemble
2026-05-16,16,1,wk inc flu hosp,2026-05-23,quantile,0.85,14,Idaho,Ensemble
2026-05-16,16,1,wk inc flu hosp,2026-05-23,quantile,0.9,17,Idaho,Ensemble
2026-05-16,16,1,wk inc flu hosp,2026-05-23,quantile,0.95,24,Idaho,Ensemble
2026-05-16,16,1,wk inc flu hosp,2026-05-23,quantile,0.975,29,Idaho,Ensemble
2026-05-16,16,1,wk inc flu hosp,2026-05-23,quantile,0.99,34,Idaho,Ensemble
2026-05-16,16,2,wk inc flu hosp,2026-05-30,quantile,0.01,0,Idaho,Ensemble
2026-05-16,16,2,wk inc flu hosp,2026-05-30,quantile,0.025,0,Idaho,Ensemble
2026-05-16,16,2,wk inc flu hosp,2026-05-30,quantile,0.05,0,Idaho,Ensemble
2026-05-16,16,2,wk inc flu hosp,2026-05-30,quantile,0.1,1,Idaho,Ensemble
2026-05-16,16,2,wk inc flu hosp,2026-05-30,quantile,0.15,1,Idaho,Ensemble
2026-05-16,16,2,wk inc flu hosp,2026-05-30,quantile,0.2,2,Idaho,Ensemble
2026-05-16,16,2,wk inc flu hosp,2026-05-30,quantile,0.25,2,Idaho,Ensemble
2026-05-16,16,2,wk inc flu hosp,2026-05-30,quantile,0.3,2,Idaho,Ensemble
2026-05-16,16,2,wk inc flu hosp,2026-05-30,quantile,0.35,3,Idaho,Ensemble
2026-05-16,16,2,wk inc flu hosp,2026-05-30,quantile,0.4,3,Idaho,Ensemble
2026-05-16,16,2,wk inc flu hosp,2026-05-30,quantile,0.45,4,Idaho,Ensemble
2026-05-16,16,2,wk inc flu hosp,2026-05-30,quantile,0.5,6,Idaho,Ensemble
2026-05-16,16,2,wk inc flu hosp,2026-05-30,quantile,0.55,6,Idaho,Ensemble
2026-05-16,16,2,wk inc flu hosp,2026-05-30,quantile,0.6,7,Idaho,Ensemble
2026-05-16,16,2,wk inc flu hosp,2026-05-30,quantile,0.65,8,Idaho,Ensemble
2026-05-16,16,2,wk inc flu hosp,2026-05-30,quantile,0.7,9,Idaho,Ensemble
2026-05-16,16,2,wk inc flu hosp,2026-05-30,quantile,0.75,10,Idaho,Ensemble
2026-05-16,16,2,wk inc flu hosp,2026-05-30,quantile,0.8,12,Idaho,Ensemble
2026-05-16,16,2,wk inc flu hosp,2026-05-30,quantile,0.85,14,Idaho,Ensemble
2026-05-16,16,2,wk inc flu hosp,2026-05-30,quantile,0.9,18,Idaho,Ensemble
2026-05-16,16,2,wk inc flu hosp,2026-05-30,quantile,0.95,28,Idaho,Ensemble
2026-05-16,16,2,wk inc flu hosp,2026-05-30,quantile,0.975,34,Idaho,Ensemble
2026-05-16,16,2,wk inc flu hosp,2026-05-30,quantile,0.99,41,Idaho,Ensemble
2026-05-16,16,3,wk inc flu hosp,2026-06-06,quantile,0.01,0,Idaho,Ensemble
2026-05-16,16,3,wk inc flu hosp,2026-06-06,quantile,0.025,0,Idaho,Ensemble
2026-05-16,16,3,wk inc flu hosp,2026-06-06,quantile,0.05,0,Idaho,Ensemble
2026-05-16,16,3,wk inc flu hosp,2026-06-06,quantile,0.1,0,Idaho,Ensemble
2026-05-16,16,3,wk inc flu hosp,2026-06-06,quantile,0.15,1,Idaho,Ensemble
2026-05-16,16,3,wk inc flu hosp,2026-06-06,quantile,0.2,1,Idaho,Ensemble
2026-05-16,16,3,wk inc flu hosp,2026-06-06,quantile,0.25,2,Idaho,Ensemble
2026-05-16,16,3,wk inc flu hosp,2026-06-06,quantile,0.3,2,Idaho,Ensemble
2026-05-16,16,3,wk inc flu hosp,2026-06-06,quantile,0.35,2,Idaho,Ensemble
2026-05-16,16,3,wk inc flu hosp,2026-06-06,quantile,0.4,3,Idaho,Ensemble
2026-05-16,16,3,wk inc flu hosp,2026-06-06,quantile,0.45,3,Idaho,Ensemble
2026-05-16,16,3,wk inc flu hosp,2026-06-06,quantile,0.5,5,Idaho,Ensemble
2026-05-16,16,3,wk inc flu hosp,2026-06-06,quantile,0.55,6,Idaho,Ensemble
2026-05-16,16,3,wk inc flu hosp,2026-06-06,quantile,0.6,7,Idaho,Ensemble
2026-05-16,16,3,wk inc flu hosp,2026-06-06,quantile,0.65,7,Idaho,Ensemble
2026-05-16,16,3,wk inc flu hosp,2026-06-06,quantile,0.7,9,Idaho,Ensemble
2026-05-16,16,3,wk inc flu hosp,2026-06-06,quantile,0.75,10,Idaho,Ensemble
2026-05-16,16,3,wk inc flu hosp,2026-06-06,quantile,0.8,12,Idaho,Ensemble
2026-05-16,16,3,wk inc flu hosp,2026-06-06,quantile,0.85,15,Idaho,Ensemble
2026-05-16,16,3,wk inc flu hosp,2026-06-06,quantile,0.9,18,Idaho,Ensemble
2026-05-16,16,3,wk inc flu hosp,2026-06-06,quantile,0.95,29,Idaho,Ensemble
2026-05-16,16,3,wk inc flu hosp,2026-06-06,quantile,0.975,35,Idaho,Ensemble
2026-05-16,16,3,wk inc flu hosp,2026-06-06,quantile,0.99,44,Idaho,Ensemble
2026-05-16,17,0,wk inc flu hosp,2026-05-16,quantile,0.01,5,Illinois,Ensemble
2026-05-16,17,0,wk inc flu hosp,2026-05-16,quantile,0.025,7,Illinois,Ensemble
2026-05-16,17,0,wk inc flu hosp,2026-05-16,quantile,0.05,8,Illinois,Ensemble
2026-05-16,17,0,wk inc flu hosp,2026-05-16,quantile,0.1,11,Illinois,Ensemble
2026-05-16,17,0,wk inc flu hosp,2026-05-16,quantile,0.15,13,Illinois,Ensemble
2026-05-16,17,0,wk inc flu hosp,2026-05-16,quantile,0.2,16,Illinois,Ensemble
2026-05-16,17,0,wk inc flu hosp,2026-05-16,quantile,0.25,18,Illinois,Ensemble
2026-05-16,17,0,wk inc flu hosp,2026-05-16,quantile,0.3,20,Illinois,Ensemble
2026-05-16,17,0,wk inc flu hosp,2026-05-16,quantile,0.35,23,Illinois,Ensemble
2026-05-16,17,0,wk inc flu hosp,2026-05-16,quantile,0.4,25,Illinois,Ensemble
2026-05-16,17,0,wk inc flu hosp,2026-05-16,quantile,0.45,28,Illinois,Ensemble
2026-05-16,17,0,wk inc flu hosp,2026-05-16,quantile,0.5,31,Illinois,Ensemble
2026-05-16,17,0,wk inc flu hosp,2026-05-16,quantile,0.55,34,Illinois,Ensemble
2026-05-16,17,0,wk inc flu hosp,2026-05-16,quantile,0.6,37,Illinois,Ensemble
2026-05-16,17,0,wk inc flu hosp,2026-05-16,quantile,0.65,40,Illinois,Ensemble
2026-05-16,17,0,wk inc flu hosp,2026-05-16,quantile,0.7,43,Illinois,Ensemble
2026-05-16,17,0,wk inc flu hosp,2026-05-16,quantile,0.75,47,Illinois,Ensemble
2026-05-16,17,0,wk inc flu hosp,2026-05-16,quantile,0.8,51,Illinois,Ensemble
2026-05-16,17,0,wk inc flu hosp,2026-05-16,quantile,0.85,58,Illinois,Ensemble
2026-05-16,17,0,wk inc flu hosp,2026-05-16,quantile,0.9,66,Illinois,Ensemble
2026-05-16,17,0,wk inc flu hosp,2026-05-16,quantile,0.95,91,Illinois,Ensemble
2026-05-16,17,0,wk inc flu hosp,2026-05-16,quantile,0.975,103,Illinois,Ensemble
2026-05-16,17,0,wk inc flu hosp,2026-05-16,quantile,0.99,121,Illinois,Ensemble
2026-05-16,17,1,wk inc flu hosp,2026-05-23,quantile,0.01,3,Illinois,Ensemble
2026-05-16,17,1,wk inc flu hosp,2026-05-23,quantile,0.025,4,Illinois,Ensemble
2026-05-16,17,1,wk inc flu hosp,2026-05-23,quantile,0.05,5,Illinois,Ensemble
2026-05-16,17,1,wk inc flu hosp,2026-05-23,quantile,0.1,7,Illinois,Ensemble
2026-05-16,17,1,wk inc flu hosp,2026-05-23,quantile,0.15,9,Illinois,Ensemble
2026-05-16,17,1,wk inc flu hosp,2026-05-23,quantile,0.2,11,Illinois,Ensemble
2026-05-16,17,1,wk inc flu hosp,2026-05-23,quantile,0.25,13,Illinois,Ensemble
2026-05-16,17,1,wk inc flu hosp,2026-05-23,quantile,0.3,15,Illinois,Ensemble
2026-05-16,17,1,wk inc flu hosp,2026-05-23,quantile,0.35,18,Illinois,Ensemble
2026-05-16,17,1,wk inc flu hosp,2026-05-23,quantile,0.4,21,Illinois,Ensemble
2026-05-16,17,1,wk inc flu hosp,2026-05-23,quantile,0.45,23,Illinois,Ensemble
2026-05-16,17,1,wk inc flu hosp,2026-05-23,quantile,0.5,29,Illinois,Ensemble
2026-05-16,17,1,wk inc flu hosp,2026-05-23,quantile,0.55,32,Illinois,Ensemble
2026-05-16,17,1,wk inc flu hosp,2026-05-23,quantile,0.6,35,Illinois,Ensemble
2026-05-16,17,1,wk inc flu hosp,2026-05-23,quantile,0.65,39,Illinois,Ensemble
2026-05-16,17,1,wk inc flu hosp,2026-05-23,quantile,0.7,42,Illinois,Ensemble
2026-05-16,17,1,wk inc flu hosp,2026-05-23,quantile,0.75,47,Illinois,Ensemble
2026-05-16,17,1,wk inc flu hosp,2026-05-23,quantile,0.8,52,Illinois,Ensemble
2026-05-16,17,1,wk inc flu hosp,2026-05-23,quantile,0.85,61,Illinois,Ensemble
2026-05-16,17,1,wk inc flu hosp,2026-05-23,quantile,0.9,78,Illinois,Ensemble
2026-05-16,17,1,wk inc flu hosp,2026-05-23,quantile,0.95,121,Illinois,Ensemble
2026-05-16,17,1,wk inc flu hosp,2026-05-23,quantile,0.975,139,Illinois,Ensemble
2026-05-16,17,1,wk inc flu hosp,2026-05-23,quantile,0.99,174,Illinois,Ensemble
2026-05-16,17,2,wk inc flu hosp,2026-05-30,quantile,0.01,3,Illinois,Ensemble
2026-05-16,17,2,wk inc flu hosp,2026-05-30,quantile,0.025,4,Illinois,Ensemble
2026-05-16,17,2,wk inc flu hosp,2026-05-30,quantile,0.05,5,Illinois,Ensemble
2026-05-16,17,2,wk inc flu hosp,2026-05-30,quantile,0.1,6,Illinois,Ensemble
2026-05-16,17,2,wk inc flu hosp,2026-05-30,quantile,0.15,8,Illinois,Ensemble
2026-05-16,17,2,wk inc flu hosp,2026-05-30,quantile,0.2,10,Illinois,Ensemble
2026-05-16,17,2,wk inc flu hosp,2026-05-30,quantile,0.25,12,Illinois,Ensemble
2026-05-16,17,2,wk inc flu hosp,2026-05-30,quantile,0.3,14,Illinois,Ensemble
2026-05-16,17,2,wk inc flu hosp,2026-05-30,quantile,0.35,16,Illinois,Ensemble
2026-05-16,17,2,wk inc flu hosp,2026-05-30,quantile,0.4,19,Illinois,Ensemble
2026-05-16,17,2,wk inc flu hosp,2026-05-30,quantile,0.45,22,Illinois,Ensemble
2026-05-16,17,2,wk inc flu hosp,2026-05-30,quantile,0.5,27,Illinois,Ensemble
2026-05-16,17,2,wk inc flu hosp,2026-05-30,quantile,0.55,30,Illinois,Ensemble
2026-05-16,17,2,wk inc flu hosp,2026-05-30,quantile,0.6,35,Illinois,Ensemble
2026-05-16,17,2,wk inc flu hosp,2026-05-30,quantile,0.65,39,Illinois,Ensemble
2026-05-16,17,2,wk inc flu hosp,2026-05-30,quantile,0.7,43,Illinois,Ensemble
2026-05-16,17,2,wk inc flu hosp,2026-05-30,quantile,0.75,50,Illinois,Ensemble
2026-05-16,17,2,wk inc flu hosp,2026-05-30,quantile,0.8,58,Illinois,Ensemble
2026-05-16,17,2,wk inc flu hosp,2026-05-30,quantile,0.85,68,Illinois,Ensemble
2026-05-16,17,2,wk inc flu hosp,2026-05-30,quantile,0.9,85,Illinois,Ensemble
2026-05-16,17,2,wk inc flu hosp,2026-05-30,quantile,0.95,154,Illinois,Ensemble
2026-05-16,17,2,wk inc flu hosp,2026-05-30,quantile,0.975,181,Illinois,Ensemble
2026-05-16,17,2,wk inc flu hosp,2026-05-30,quantile,0.99,229,Illinois,Ensemble
2026-05-16,17,3,wk inc flu hosp,2026-06-06,quantile,0.01,2,Illinois,Ensemble
2026-05-16,17,3,wk inc flu hosp,2026-06-06,quantile,0.025,3,Illinois,Ensemble
2026-05-16,17,3,wk inc flu hosp,2026-06-06,quantile,0.05,4,Illinois,Ensemble
2026-05-16,17,3,wk inc flu hosp,2026-06-06,quantile,0.1,5,Illinois,Ensemble
2026-05-16,17,3,wk inc flu hosp,2026-06-06,quantile,0.15,7,Illinois,Ensemble
2026-05-16,17,3,wk inc flu hosp,2026-06-06,quantile,0.2,8,Illinois,Ensemble
2026-05-16,17,3,wk inc flu hosp,2026-06-06,quantile,0.25,10,Illinois,Ensemble
2026-05-16,17,3,wk inc flu hosp,2026-06-06,quantile,0.3,12,Illinois,Ensemble
2026-05-16,17,3,wk inc flu hosp,2026-06-06,quantile,0.35,14,Illinois,Ensemble
2026-05-16,17,3,wk inc flu hosp,2026-06-06,quantile,0.4,17,Illinois,Ensemble
2026-05-16,17,3,wk inc flu hosp,2026-06-06,quantile,0.45,20,Illinois,Ensemble
2026-05-16,17,3,wk inc flu hosp,2026-06-06,quantile,0.5,26,Illinois,Ensemble
2026-05-16,17,3,wk inc flu hosp,2026-06-06,quantile,0.55,30,Illinois,Ensemble
2026-05-16,17,3,wk inc flu hosp,2026-06-06,quantile,0.6,34,Illinois,Ensemble
2026-05-16,17,3,wk inc flu hosp,2026-06-06,quantile,0.65,43,Illinois,Ensemble
2026-05-16,17,3,wk inc flu hosp,2026-06-06,quantile,0.7,49,Illinois,Ensemble
2026-05-16,17,3,wk inc flu hosp,2026-06-06,quantile,0.75,55,Illinois,Ensemble
2026-05-16,17,3,wk inc flu hosp,2026-06-06,quantile,0.8,63,Illinois,Ensemble
2026-05-16,17,3,wk inc flu hosp,2026-06-06,quantile,0.85,76,Illinois,Ensemble
2026-05-16,17,3,wk inc flu hosp,2026-06-06,quantile,0.9,108,Illinois,Ensemble
2026-05-16,17,3,wk inc flu hosp,2026-06-06,quantile,0.95,163,Illinois,Ensemble
2026-05-16,17,3,wk inc flu hosp,2026-06-06,quantile,0.975,196,Illinois,Ensemble
2026-05-16,17,3,wk inc flu hosp,2026-06-06,quantile,0.99,246,Illinois,Ensemble
2026-05-16,18,0,wk inc flu hosp,2026-05-16,quantile,0.01,1,Indiana,Ensemble
2026-05-16,18,0,wk inc flu hosp,2026-05-16,quantile,0.025,2,Indiana,Ensemble
2026-05-16,18,0,wk inc flu hosp,2026-05-16,quantile,0.05,3,Indiana,Ensemble
2026-05-16,18,0,wk inc flu hosp,2026-05-16,quantile,0.1,5,Indiana,Ensemble
2026-05-16,18,0,wk inc flu hosp,2026-05-16,quantile,0.15,5,Indiana,Ensemble
2026-05-16,18,0,wk inc flu hosp,2026-05-16,quantile,0.2,6,Indiana,Ensemble
2026-05-16,18,0,wk inc flu hosp,2026-05-16,quantile,0.25,7,Indiana,Ensemble
2026-05-16,18,0,wk inc flu hosp,2026-05-16,quantile,0.3,9,Indiana,Ensemble
2026-05-16,18,0,wk inc flu hosp,2026-05-16,quantile,0.35,10,Indiana,Ensemble
2026-05-16,18,0,wk inc flu hosp,2026-05-16,quantile,0.4,11,Indiana,Ensemble
2026-05-16,18,0,wk inc flu hosp,2026-05-16,quantile,0.45,13,Indiana,Ensemble
2026-05-16,18,0,wk inc flu hosp,2026-05-16,quantile,0.5,15,Indiana,Ensemble
2026-05-16,18,0,wk inc flu hosp,2026-05-16,quantile,0.55,16,Indiana,Ensemble
2026-05-16,18,0,wk inc flu hosp,2026-05-16,quantile,0.6,18,Indiana,Ensemble
2026-05-16,18,0,wk inc flu hosp,2026-05-16,quantile,0.65,19,Indiana,Ensemble
2026-05-16,18,0,wk inc flu hosp,2026-05-16,quantile,0.7,21,Indiana,Ensemble
2026-05-16,18,0,wk inc flu hosp,2026-05-16,quantile,0.75,23,Indiana,Ensemble
2026-05-16,18,0,wk inc flu hosp,2026-05-16,quantile,0.8,25,Indiana,Ensemble
2026-05-16,18,0,wk inc flu hosp,2026-05-16,quantile,0.85,30,Indiana,Ensemble
2026-05-16,18,0,wk inc flu hosp,2026-05-16,quantile,0.9,34,Indiana,Ensemble
2026-05-16,18,0,wk inc flu hosp,2026-05-16,quantile,0.95,43,Indiana,Ensemble
2026-05-16,18,0,wk inc flu hosp,2026-05-16,quantile,0.975,49,Indiana,Ensemble
2026-05-16,18,0,wk inc flu hosp,2026-05-16,quantile,0.99,60,Indiana,Ensemble
2026-05-16,18,1,wk inc flu hosp,2026-05-23,quantile,0.01,1,Indiana,Ensemble
2026-05-16,18,1,wk inc flu hosp,2026-05-23,quantile,0.025,1,Indiana,Ensemble
2026-05-16,18,1,wk inc flu hosp,2026-05-23,quantile,0.05,2,Indiana,Ensemble
2026-05-16,18,1,wk inc flu hosp,2026-05-23,quantile,0.1,3,Indiana,Ensemble
2026-05-16,18,1,wk inc flu hosp,2026-05-23,quantile,0.15,4,Indiana,Ensemble
2026-05-16,18,1,wk inc flu hosp,2026-05-23,quantile,0.2,5,Indiana,Ensemble
2026-05-16,18,1,wk inc flu hosp,2026-05-23,quantile,0.25,6,Indiana,Ensemble
2026-05-16,18,1,wk inc flu hosp,2026-05-23,quantile,0.3,7,Indiana,Ensemble
2026-05-16,18,1,wk inc flu hosp,2026-05-23,quantile,0.35,8,Indiana,Ensemble
2026-05-16,18,1,wk inc flu hosp,2026-05-23,quantile,0.4,9,Indiana,Ensemble
2026-05-16,18,1,wk inc flu hosp,2026-05-23,quantile,0.45,11,Indiana,Ensemble
2026-05-16,18,1,wk inc flu hosp,2026-05-23,quantile,0.5,14,Indiana,Ensemble
2026-05-16,18,1,wk inc flu hosp,2026-05-23,quantile,0.55,16,Indiana,Ensemble
2026-05-16,18,1,wk inc flu hosp,2026-05-23,quantile,0.6,17,Indiana,Ensemble
2026-05-16,18,1,wk inc flu hosp,2026-05-23,quantile,0.65,20,Indiana,Ensemble
2026-05-16,18,1,wk inc flu hosp,2026-05-23,quantile,0.7,22,Indiana,Ensemble
2026-05-16,18,1,wk inc flu hosp,2026-05-23,quantile,0.75,26,Indiana,Ensemble
2026-05-16,18,1,wk inc flu hosp,2026-05-23,quantile,0.8,30,Indiana,Ensemble
2026-05-16,18,1,wk inc flu hosp,2026-05-23,quantile,0.85,34,Indiana,Ensemble
2026-05-16,18,1,wk inc flu hosp,2026-05-23,quantile,0.9,39,Indiana,Ensemble
2026-05-16,18,1,wk inc flu hosp,2026-05-23,quantile,0.95,58,Indiana,Ensemble
2026-05-16,18,1,wk inc flu hosp,2026-05-23,quantile,0.975,70,Indiana,Ensemble
2026-05-16,18,1,wk inc flu hosp,2026-05-23,quantile,0.99,83,Indiana,Ensemble
2026-05-16,18,2,wk inc flu hosp,2026-05-30,quantile,0.01,1,Indiana,Ensemble
2026-05-16,18,2,wk inc flu hosp,2026-05-30,quantile,0.025,1,Indiana,Ensemble
2026-05-16,18,2,wk inc flu hosp,2026-05-30,quantile,0.05,2,Indiana,Ensemble
2026-05-16,18,2,wk inc flu hosp,2026-05-30,quantile,0.1,3,Indiana,Ensemble
2026-05-16,18,2,wk inc flu hosp,2026-05-30,quantile,0.15,4,Indiana,Ensemble
2026-05-16,18,2,wk inc flu hosp,2026-05-30,quantile,0.2,5,Indiana,Ensemble
2026-05-16,18,2,wk inc flu hosp,2026-05-30,quantile,0.25,5,Indiana,Ensemble
2026-05-16,18,2,wk inc flu hosp,2026-05-30,quantile,0.3,6,Indiana,Ensemble
2026-05-16,18,2,wk inc flu hosp,2026-05-30,quantile,0.35,8,Indiana,Ensemble
2026-05-16,18,2,wk inc flu hosp,2026-05-30,quantile,0.4,9,Indiana,Ensemble
2026-05-16,18,2,wk inc flu hosp,2026-05-30,quantile,0.45,10,Indiana,Ensemble
2026-05-16,18,2,wk inc flu hosp,2026-05-30,quantile,0.5,13,Indiana,Ensemble
2026-05-16,18,2,wk inc flu hosp,2026-05-30,quantile,0.55,15,Indiana,Ensemble
2026-05-16,18,2,wk inc flu hosp,2026-05-30,quantile,0.6,17,Indiana,Ensemble
2026-05-16,18,2,wk inc flu hosp,2026-05-30,quantile,0.65,19,Indiana,Ensemble
2026-05-16,18,2,wk inc flu hosp,2026-05-30,quantile,0.7,23,Indiana,Ensemble
2026-05-16,18,2,wk inc flu hosp,2026-05-30,quantile,0.75,28,Indiana,Ensemble
2026-05-16,18,2,wk inc flu hosp,2026-05-30,quantile,0.8,32,Indiana,Ensemble
2026-05-16,18,2,wk inc flu hosp,2026-05-30,quantile,0.85,38,Indiana,Ensemble
2026-05-16,18,2,wk inc flu hosp,2026-05-30,quantile,0.9,57,Indiana,Ensemble
2026-05-16,18,2,wk inc flu hosp,2026-05-30,quantile,0.95,76,Indiana,Ensemble
2026-05-16,18,2,wk inc flu hosp,2026-05-30,quantile,0.975,93,Indiana,Ensemble
2026-05-16,18,2,wk inc flu hosp,2026-05-30,quantile,0.99,113,Indiana,Ensemble
2026-05-16,18,3,wk inc flu hosp,2026-06-06,quantile,0.01,1,Indiana,Ensemble
2026-05-16,18,3,wk inc flu hosp,2026-06-06,quantile,0.025,1,Indiana,Ensemble
2026-05-16,18,3,wk inc flu hosp,2026-06-06,quantile,0.05,2,Indiana,Ensemble
2026-05-16,18,3,wk inc flu hosp,2026-06-06,quantile,0.1,2,Indiana,Ensemble
2026-05-16,18,3,wk inc flu hosp,2026-06-06,quantile,0.15,3,Indiana,Ensemble
2026-05-16,18,3,wk inc flu hosp,2026-06-06,quantile,0.2,4,Indiana,Ensemble
2026-05-16,18,3,wk inc flu hosp,2026-06-06,quantile,0.25,5,Indiana,Ensemble
2026-05-16,18,3,wk inc flu hosp,2026-06-06,quantile,0.3,6,Indiana,Ensemble
2026-05-16,18,3,wk inc flu hosp,2026-06-06,quantile,0.35,7,Indiana,Ensemble
2026-05-16,18,3,wk inc flu hosp,2026-06-06,quantile,0.4,8,Indiana,Ensemble
2026-05-16,18,3,wk inc flu hosp,2026-06-06,quantile,0.45,9,Indiana,Ensemble
2026-05-16,18,3,wk inc flu hosp,2026-06-06,quantile,0.5,13,Indiana,Ensemble
2026-05-16,18,3,wk inc flu hosp,2026-06-06,quantile,0.55,15,Indiana,Ensemble
2026-05-16,18,3,wk inc flu hosp,2026-06-06,quantile,0.6,17,Indiana,Ensemble
2026-05-16,18,3,wk inc flu hosp,2026-06-06,quantile,0.65,20,Indiana,Ensemble
2026-05-16,18,3,wk inc flu hosp,2026-06-06,quantile,0.7,25,Indiana,Ensemble
2026-05-16,18,3,wk inc flu hosp,2026-06-06,quantile,0.75,29,Indiana,Ensemble
2026-05-16,18,3,wk inc flu hosp,2026-06-06,quantile,0.8,35,Indiana,Ensemble
2026-05-16,18,3,wk inc flu hosp,2026-06-06,quantile,0.85,42,Indiana,Ensemble
2026-05-16,18,3,wk inc flu hosp,2026-06-06,quantile,0.9,53,Indiana,Ensemble
2026-05-16,18,3,wk inc flu hosp,2026-06-06,quantile,0.95,82,Indiana,Ensemble
2026-05-16,18,3,wk inc flu hosp,2026-06-06,quantile,0.975,103,Indiana,Ensemble
2026-05-16,18,3,wk inc flu hosp,2026-06-06,quantile,0.99,129,Indiana,Ensemble
2026-05-16,19,0,wk inc flu hosp,2026-05-16,quantile,0.01,0,Iowa,Ensemble
2026-05-16,19,0,wk inc flu hosp,2026-05-16,quantile,0.025,0,Iowa,Ensemble
2026-05-16,19,0,wk inc flu hosp,2026-05-16,quantile,0.05,0,Iowa,Ensemble
2026-05-16,19,0,wk inc flu hosp,2026-05-16,quantile,0.1,0,Iowa,Ensemble
2026-05-16,19,0,wk inc flu hosp,2026-05-16,quantile,0.15,0,Iowa,Ensemble
2026-05-16,19,0,wk inc flu hosp,2026-05-16,quantile,0.2,0,Iowa,Ensemble
2026-05-16,19,0,wk inc flu hosp,2026-05-16,quantile,0.25,1,Iowa,Ensemble
2026-05-16,19,0,wk inc flu hosp,2026-05-16,quantile,0.3,1,Iowa,Ensemble
2026-05-16,19,0,wk inc flu hosp,2026-05-16,quantile,0.35,1,Iowa,Ensemble
2026-05-16,19,0,wk inc flu hosp,2026-05-16,quantile,0.4,1,Iowa,Ensemble
2026-05-16,19,0,wk inc flu hosp,2026-05-16,quantile,0.45,2,Iowa,Ensemble
2026-05-16,19,0,wk inc flu hosp,2026-05-16,quantile,0.5,3,Iowa,Ensemble
2026-05-16,19,0,wk inc flu hosp,2026-05-16,quantile,0.55,4,Iowa,Ensemble
2026-05-16,19,0,wk inc flu hosp,2026-05-16,quantile,0.6,4,Iowa,Ensemble
2026-05-16,19,0,wk inc flu hosp,2026-05-16,quantile,0.65,5,Iowa,Ensemble
2026-05-16,19,0,wk inc flu hosp,2026-05-16,quantile,0.7,5,Iowa,Ensemble
2026-05-16,19,0,wk inc flu hosp,2026-05-16,quantile,0.75,7,Iowa,Ensemble
2026-05-16,19,0,wk inc flu hosp,2026-05-16,quantile,0.8,8,Iowa,Ensemble
2026-05-16,19,0,wk inc flu hosp,2026-05-16,quantile,0.85,10,Iowa,Ensemble
2026-05-16,19,0,wk inc flu hosp,2026-05-16,quantile,0.9,12,Iowa,Ensemble
2026-05-16,19,0,wk inc flu hosp,2026-05-16,quantile,0.95,16,Iowa,Ensemble
2026-05-16,19,0,wk inc flu hosp,2026-05-16,quantile,0.975,20,Iowa,Ensemble
2026-05-16,19,0,wk inc flu hosp,2026-05-16,quantile,0.99,24,Iowa,Ensemble
2026-05-16,19,1,wk inc flu hosp,2026-05-23,quantile,0.01,0,Iowa,Ensemble
2026-05-16,19,1,wk inc flu hosp,2026-05-23,quantile,0.025,0,Iowa,Ensemble
2026-05-16,19,1,wk inc flu hosp,2026-05-23,quantile,0.05,0,Iowa,Ensemble
2026-05-16,19,1,wk inc flu hosp,2026-05-23,quantile,0.1,0,Iowa,Ensemble
2026-05-16,19,1,wk inc flu hosp,2026-05-23,quantile,0.15,0,Iowa,Ensemble
2026-05-16,19,1,wk inc flu hosp,2026-05-23,quantile,0.2,0,Iowa,Ensemble
2026-05-16,19,1,wk inc flu hosp,2026-05-23,quantile,0.25,0,Iowa,Ensemble
2026-05-16,19,1,wk inc flu hosp,2026-05-23,quantile,0.3,1,Iowa,Ensemble
2026-05-16,19,1,wk inc flu hosp,2026-05-23,quantile,0.35,1,Iowa,Ensemble
2026-05-16,19,1,wk inc flu hosp,2026-05-23,quantile,0.4,1,Iowa,Ensemble
2026-05-16,19,1,wk inc flu hosp,2026-05-23,quantile,0.45,1,Iowa,Ensemble
2026-05-16,19,1,wk inc flu hosp,2026-05-23,quantile,0.5,3,Iowa,Ensemble
2026-05-16,19,1,wk inc flu hosp,2026-05-23,quantile,0.55,3,Iowa,Ensemble
2026-05-16,19,1,wk inc flu hosp,2026-05-23,quantile,0.6,4,Iowa,Ensemble
2026-05-16,19,1,wk inc flu hosp,2026-05-23,quantile,0.65,4,Iowa,Ensemble
2026-05-16,19,1,wk inc flu hosp,2026-05-23,quantile,0.7,5,Iowa,Ensemble
2026-05-16,19,1,wk inc flu hosp,2026-05-23,quantile,0.75,7,Iowa,Ensemble
2026-05-16,19,1,wk inc flu hosp,2026-05-23,quantile,0.8,8,Iowa,Ensemble
2026-05-16,19,1,wk inc flu hosp,2026-05-23,quantile,0.85,10,Iowa,Ensemble
2026-05-16,19,1,wk inc flu hosp,2026-05-23,quantile,0.9,15,Iowa,Ensemble
2026-05-16,19,1,wk inc flu hosp,2026-05-23,quantile,0.95,20,Iowa,Ensemble
2026-05-16,19,1,wk inc flu hosp,2026-05-23,quantile,0.975,24,Iowa,Ensemble
2026-05-16,19,1,wk inc flu hosp,2026-05-23,quantile,0.99,29,Iowa,Ensemble
2026-05-16,19,2,wk inc flu hosp,2026-05-30,quantile,0.01,0,Iowa,Ensemble
2026-05-16,19,2,wk inc flu hosp,2026-05-30,quantile,0.025,0,Iowa,Ensemble
2026-05-16,19,2,wk inc flu hosp,2026-05-30,quantile,0.05,0,Iowa,Ensemble
2026-05-16,19,2,wk inc flu hosp,2026-05-30,quantile,0.1,0,Iowa,Ensemble
2026-05-16,19,2,wk inc flu hosp,2026-05-30,quantile,0.15,0,Iowa,Ensemble
2026-05-16,19,2,wk inc flu hosp,2026-05-30,quantile,0.2,0,Iowa,Ensemble
2026-05-16,19,2,wk inc flu hosp,2026-05-30,quantile,0.25,0,Iowa,Ensemble
2026-05-16,19,2,wk inc flu hosp,2026-05-30,quantile,0.3,0,Iowa,Ensemble
2026-05-16,19,2,wk inc flu hosp,2026-05-30,quantile,0.35,1,Iowa,Ensemble
2026-05-16,19,2,wk inc flu hosp,2026-05-30,quantile,0.4,1,Iowa,Ensemble
2026-05-16,19,2,wk inc flu hosp,2026-05-30,quantile,0.45,1,Iowa,Ensemble
2026-05-16,19,2,wk inc flu hosp,2026-05-30,quantile,0.5,3,Iowa,Ensemble
2026-05-16,19,2,wk inc flu hosp,2026-05-30,quantile,0.55,3,Iowa,Ensemble
2026-05-16,19,2,wk inc flu hosp,2026-05-30,quantile,0.6,4,Iowa,Ensemble
2026-05-16,19,2,wk inc flu hosp,2026-05-30,quantile,0.65,5,Iowa,Ensemble
2026-05-16,19,2,wk inc flu hosp,2026-05-30,quantile,0.7,5,Iowa,Ensemble
2026-05-16,19,2,wk inc flu hosp,2026-05-30,quantile,0.75,7,Iowa,Ensemble
2026-05-16,19,2,wk inc flu hosp,2026-05-30,quantile,0.8,8,Iowa,Ensemble
2026-05-16,19,2,wk inc flu hosp,2026-05-30,quantile,0.85,13,Iowa,Ensemble
2026-05-16,19,2,wk inc flu hosp,2026-05-30,quantile,0.9,16,Iowa,Ensemble
2026-05-16,19,2,wk inc flu hosp,2026-05-30,quantile,0.95,25,Iowa,Ensemble
2026-05-16,19,2,wk inc flu hosp,2026-05-30,quantile,0.975,30,Iowa,Ensemble
2026-05-16,19,2,wk inc flu hosp,2026-05-30,quantile,0.99,37,Iowa,Ensemble
2026-05-16,19,3,wk inc flu hosp,2026-06-06,quantile,0.01,0,Iowa,Ensemble
2026-05-16,19,3,wk inc flu hosp,2026-06-06,quantile,0.025,0,Iowa,Ensemble
2026-05-16,19,3,wk inc flu hosp,2026-06-06,quantile,0.05,0,Iowa,Ensemble
2026-05-16,19,3,wk inc flu hosp,2026-06-06,quantile,0.1,0,Iowa,Ensemble
2026-05-16,19,3,wk inc flu hosp,2026-06-06,quantile,0.15,0,Iowa,Ensemble
2026-05-16,19,3,wk inc flu hosp,2026-06-06,quantile,0.2,0,Iowa,Ensemble
2026-05-16,19,3,wk inc flu hosp,2026-06-06,quantile,0.25,0,Iowa,Ensemble
2026-05-16,19,3,wk inc flu hosp,2026-06-06,quantile,0.3,0,Iowa,Ensemble
2026-05-16,19,3,wk inc flu hosp,2026-06-06,quantile,0.35,0,Iowa,Ensemble
2026-05-16,19,3,wk inc flu hosp,2026-06-06,quantile,0.4,1,Iowa,Ensemble
2026-05-16,19,3,wk inc flu hosp,2026-06-06,quantile,0.45,1,Iowa,Ensemble
2026-05-16,19,3,wk inc flu hosp,2026-06-06,quantile,0.5,3,Iowa,Ensemble
2026-05-16,19,3,wk inc flu hosp,2026-06-06,quantile,0.55,3,Iowa,Ensemble
2026-05-16,19,3,wk inc flu hosp,2026-06-06,quantile,0.6,4,Iowa,Ensemble
2026-05-16,19,3,wk inc flu hosp,2026-06-06,quantile,0.65,4,Iowa,Ensemble
2026-05-16,19,3,wk inc flu hosp,2026-06-06,quantile,0.7,5,Iowa,Ensemble
2026-05-16,19,3,wk inc flu hosp,2026-06-06,quantile,0.75,6,Iowa,Ensemble
2026-05-16,19,3,wk inc flu hosp,2026-06-06,quantile,0.8,8,Iowa,Ensemble
2026-05-16,19,3,wk inc flu hosp,2026-06-06,quantile,0.85,12,Iowa,Ensemble
2026-05-16,19,3,wk inc flu hosp,2026-06-06,quantile,0.9,18,Iowa,Ensemble
2026-05-16,19,3,wk inc flu hosp,2026-06-06,quantile,0.95,28,Iowa,Ensemble
2026-05-16,19,3,wk inc flu hosp,2026-06-06,quantile,0.975,34,Iowa,Ensemble
2026-05-16,19,3,wk inc flu hosp,2026-06-06,quantile,0.99,42,Iowa,Ensemble
2026-05-16,20,0,wk inc flu hosp,2026-05-16,quantile,0.01,0,Kansas,Ensemble
2026-05-16,20,0,wk inc flu hosp,2026-05-16,quantile,0.025,0,Kansas,Ensemble
2026-05-16,20,0,wk inc flu hosp,2026-05-16,quantile,0.05,0,Kansas,Ensemble
2026-05-16,20,0,wk inc flu hosp,2026-05-16,quantile,0.1,0,Kansas,Ensemble
2026-05-16,20,0,wk inc flu hosp,2026-05-16,quantile,0.15,0,Kansas,Ensemble
2026-05-16,20,0,wk inc flu hosp,2026-05-16,quantile,0.2,0,Kansas,Ensemble
2026-05-16,20,0,wk inc flu hosp,2026-05-16,quantile,0.25,1,Kansas,Ensemble
2026-05-16,20,0,wk inc flu hosp,2026-05-16,quantile,0.3,1,Kansas,Ensemble
2026-05-16,20,0,wk inc flu hosp,2026-05-16,quantile,0.35,1,Kansas,Ensemble
2026-05-16,20,0,wk inc flu hosp,2026-05-16,quantile,0.4,1,Kansas,Ensemble
2026-05-16,20,0,wk inc flu hosp,2026-05-16,quantile,0.45,2,Kansas,Ensemble
2026-05-16,20,0,wk inc flu hosp,2026-05-16,quantile,0.5,3,Kansas,Ensemble
2026-05-16,20,0,wk inc flu hosp,2026-05-16,quantile,0.55,3,Kansas,Ensemble
2026-05-16,20,0,wk inc flu hosp,2026-05-16,quantile,0.6,4,Kansas,Ensemble
2026-05-16,20,0,wk inc flu hosp,2026-05-16,quantile,0.65,4,Kansas,Ensemble
2026-05-16,20,0,wk inc flu hosp,2026-05-16,quantile,0.7,5,Kansas,Ensemble
2026-05-16,20,0,wk inc flu hosp,2026-05-16,quantile,0.75,6,Kansas,Ensemble
2026-05-16,20,0,wk inc flu hosp,2026-05-16,quantile,0.8,7,Kansas,Ensemble
2026-05-16,20,0,wk inc flu hosp,2026-05-16,quantile,0.85,9,Kansas,Ensemble
2026-05-16,20,0,wk inc flu hosp,2026-05-16,quantile,0.9,10,Kansas,Ensemble
2026-05-16,20,0,wk inc flu hosp,2026-05-16,quantile,0.95,13,Kansas,Ensemble
2026-05-16,20,0,wk inc flu hosp,2026-05-16,quantile,0.975,16,Kansas,Ensemble
2026-05-16,20,0,wk inc flu hosp,2026-05-16,quantile,0.99,19,Kansas,Ensemble
2026-05-16,20,1,wk inc flu hosp,2026-05-23,quantile,0.01,0,Kansas,Ensemble
2026-05-16,20,1,wk inc flu hosp,2026-05-23,quantile,0.025,0,Kansas,Ensemble
2026-05-16,20,1,wk inc flu hosp,2026-05-23,quantile,0.05,0,Kansas,Ensemble
2026-05-16,20,1,wk inc flu hosp,2026-05-23,quantile,0.1,0,Kansas,Ensemble
2026-05-16,20,1,wk inc flu hosp,2026-05-23,quantile,0.15,0,Kansas,Ensemble
2026-05-16,20,1,wk inc flu hosp,2026-05-23,quantile,0.2,0,Kansas,Ensemble
2026-05-16,20,1,wk inc flu hosp,2026-05-23,quantile,0.25,0,Kansas,Ensemble
2026-05-16,20,1,wk inc flu hosp,2026-05-23,quantile,0.3,1,Kansas,Ensemble
2026-05-16,20,1,wk inc flu hosp,2026-05-23,quantile,0.35,1,Kansas,Ensemble
2026-05-16,20,1,wk inc flu hosp,2026-05-23,quantile,0.4,1,Kansas,Ensemble
2026-05-16,20,1,wk inc flu hosp,2026-05-23,quantile,0.45,2,Kansas,Ensemble
2026-05-16,20,1,wk inc flu hosp,2026-05-23,quantile,0.5,3,Kansas,Ensemble
2026-05-16,20,1,wk inc flu hosp,2026-05-23,quantile,0.55,3,Kansas,Ensemble
2026-05-16,20,1,wk inc flu hosp,2026-05-23,quantile,0.6,4,Kansas,Ensemble
2026-05-16,20,1,wk inc flu hosp,2026-05-23,quantile,0.65,4,Kansas,Ensemble
2026-05-16,20,1,wk inc flu hosp,2026-05-23,quantile,0.7,5,Kansas,Ensemble
2026-05-16,20,1,wk inc flu hosp,2026-05-23,quantile,0.75,6,Kansas,Ensemble
2026-05-16,20,1,wk inc flu hosp,2026-05-23,quantile,0.8,8,Kansas,Ensemble
2026-05-16,20,1,wk inc flu hosp,2026-05-23,quantile,0.85,11,Kansas,Ensemble
2026-05-16,20,1,wk inc flu hosp,2026-05-23,quantile,0.9,14,Kansas,Ensemble
2026-05-16,20,1,wk inc flu hosp,2026-05-23,quantile,0.95,19,Kansas,Ensemble
2026-05-16,20,1,wk inc flu hosp,2026-05-23,quantile,0.975,23,Kansas,Ensemble
2026-05-16,20,1,wk inc flu hosp,2026-05-23,quantile,0.99,28,Kansas,Ensemble
2026-05-16,20,2,wk inc flu hosp,2026-05-30,quantile,0.01,0,Kansas,Ensemble
2026-05-16,20,2,wk inc flu hosp,2026-05-30,quantile,0.025,0,Kansas,Ensemble
2026-05-16,20,2,wk inc flu hosp,2026-05-30,quantile,0.05,0,Kansas,Ensemble
2026-05-16,20,2,wk inc flu hosp,2026-05-30,quantile,0.1,0,Kansas,Ensemble
2026-05-16,20,2,wk inc flu hosp,2026-05-30,quantile,0.15,0,Kansas,Ensemble
2026-05-16,20,2,wk inc flu hosp,2026-05-30,quantile,0.2,0,Kansas,Ensemble
2026-05-16,20,2,wk inc flu hosp,2026-05-30,quantile,0.25,0,Kansas,Ensemble
2026-05-16,20,2,wk inc flu hosp,2026-05-30,quantile,0.3,1,Kansas,Ensemble
2026-05-16,20,2,wk inc flu hosp,2026-05-30,quantile,0.35,1,Kansas,Ensemble
2026-05-16,20,2,wk inc flu hosp,2026-05-30,quantile,0.4,1,Kansas,Ensemble
2026-05-16,20,2,wk inc flu hosp,2026-05-30,quantile,0.45,1,Kansas,Ensemble
2026-05-16,20,2,wk inc flu hosp,2026-05-30,quantile,0.5,3,Kansas,Ensemble
2026-05-16,20,2,wk inc flu hosp,2026-05-30,quantile,0.55,3,Kansas,Ensemble
2026-05-16,20,2,wk inc flu hosp,2026-05-30,quantile,0.6,4,Kansas,Ensemble
2026-05-16,20,2,wk inc flu hosp,2026-05-30,quantile,0.65,4,Kansas,Ensemble
2026-05-16,20,2,wk inc flu hosp,2026-05-30,quantile,0.7,5,Kansas,Ensemble
2026-05-16,20,2,wk inc flu hosp,2026-05-30,quantile,0.75,7,Kansas,Ensemble
2026-05-16,20,2,wk inc flu hosp,2026-05-30,quantile,0.8,8,Kansas,Ensemble
2026-05-16,20,2,wk inc flu hosp,2026-05-30,quantile,0.85,9,Kansas,Ensemble
2026-05-16,20,2,wk inc flu hosp,2026-05-30,quantile,0.9,18,Kansas,Ensemble
2026-05-16,20,2,wk inc flu hosp,2026-05-30,quantile,0.95,25,Kansas,Ensemble
2026-05-16,20,2,wk inc flu hosp,2026-05-30,quantile,0.975,29,Kansas,Ensemble
2026-05-16,20,2,wk inc flu hosp,2026-05-30,quantile,0.99,35,Kansas,Ensemble
2026-05-16,20,3,wk inc flu hosp,2026-06-06,quantile,0.01,0,Kansas,Ensemble
2026-05-16,20,3,wk inc flu hosp,2026-06-06,quantile,0.025,0,Kansas,Ensemble
2026-05-16,20,3,wk inc flu hosp,2026-06-06,quantile,0.05,0,Kansas,Ensemble
2026-05-16,20,3,wk inc flu hosp,2026-06-06,quantile,0.1,0,Kansas,Ensemble
2026-05-16,20,3,wk inc flu hosp,2026-06-06,quantile,0.15,0,Kansas,Ensemble
2026-05-16,20,3,wk inc flu hosp,2026-06-06,quantile,0.2,0,Kansas,Ensemble
2026-05-16,20,3,wk inc flu hosp,2026-06-06,quantile,0.25,0,Kansas,Ensemble
2026-05-16,20,3,wk inc flu hosp,2026-06-06,quantile,0.3,1,Kansas,Ensemble
2026-05-16,20,3,wk inc flu hosp,2026-06-06,quantile,0.35,1,Kansas,Ensemble
2026-05-16,20,3,wk inc flu hosp,2026-06-06,quantile,0.4,1,Kansas,Ensemble
2026-05-16,20,3,wk inc flu hosp,2026-06-06,quantile,0.45,1,Kansas,Ensemble
2026-05-16,20,3,wk inc flu hosp,2026-06-06,quantile,0.5,3,Kansas,Ensemble
2026-05-16,20,3,wk inc flu hosp,2026-06-06,quantile,0.55,4,Kansas,Ensemble
2026-05-16,20,3,wk inc flu hosp,2026-06-06,quantile,0.6,5,Kansas,Ensemble
2026-05-16,20,3,wk inc flu hosp,2026-06-06,quantile,0.65,6,Kansas,Ensemble
2026-05-16,20,3,wk inc flu hosp,2026-06-06,quantile,0.7,7,Kansas,Ensemble
2026-05-16,20,3,wk inc flu hosp,2026-06-06,quantile,0.75,8,Kansas,Ensemble
2026-05-16,20,3,wk inc flu hosp,2026-06-06,quantile,0.8,10,Kansas,Ensemble
2026-05-16,20,3,wk inc flu hosp,2026-06-06,quantile,0.85,12,Kansas,Ensemble
2026-05-16,20,3,wk inc flu hosp,2026-06-06,quantile,0.9,17,Kansas,Ensemble
2026-05-16,20,3,wk inc flu hosp,2026-06-06,quantile,0.95,25,Kansas,Ensemble
2026-05-16,20,3,wk inc flu hosp,2026-06-06,quantile,0.975,31,Kansas,Ensemble
2026-05-16,20,3,wk inc flu hosp,2026-06-06,quantile,0.99,39,Kansas,Ensemble
2026-05-16,21,0,wk inc flu hosp,2026-05-16,quantile,0.01,0,Kentucky,Ensemble
2026-05-16,21,0,wk inc flu hosp,2026-05-16,quantile,0.025,0,Kentucky,Ensemble
2026-05-16,21,0,wk inc flu hosp,2026-05-16,quantile,0.05,1,Kentucky,Ensemble
2026-05-16,21,0,wk inc flu hosp,2026-05-16,quantile,0.1,1,Kentucky,Ensemble
2026-05-16,21,0,wk inc flu hosp,2026-05-16,quantile,0.15,1,Kentucky,Ensemble
2026-05-16,21,0,wk inc flu hosp,2026-05-16,quantile,0.2,2,Kentucky,Ensemble
2026-05-16,21,0,wk inc flu hosp,2026-05-16,quantile,0.25,2,Kentucky,Ensemble
2026-05-16,21,0,wk inc flu hosp,2026-05-16,quantile,0.3,3,Kentucky,Ensemble
2026-05-16,21,0,wk inc flu hosp,2026-05-16,quantile,0.35,3,Kentucky,Ensemble
2026-05-16,21,0,wk inc flu hosp,2026-05-16,quantile,0.4,4,Kentucky,Ensemble
2026-05-16,21,0,wk inc flu hosp,2026-05-16,quantile,0.45,4,Kentucky,Ensemble
2026-05-16,21,0,wk inc flu hosp,2026-05-16,quantile,0.5,6,Kentucky,Ensemble
2026-05-16,21,0,wk inc flu hosp,2026-05-16,quantile,0.55,7,Kentucky,Ensemble
2026-05-16,21,0,wk inc flu hosp,2026-05-16,quantile,0.6,8,Kentucky,Ensemble
2026-05-16,21,0,wk inc flu hosp,2026-05-16,quantile,0.65,10,Kentucky,Ensemble
2026-05-16,21,0,wk inc flu hosp,2026-05-16,quantile,0.7,11,Kentucky,Ensemble
2026-05-16,21,0,wk inc flu hosp,2026-05-16,quantile,0.75,13,Kentucky,Ensemble
2026-05-16,21,0,wk inc flu hosp,2026-05-16,quantile,0.8,14,Kentucky,Ensemble
2026-05-16,21,0,wk inc flu hosp,2026-05-16,quantile,0.85,17,Kentucky,Ensemble
2026-05-16,21,0,wk inc flu hosp,2026-05-16,quantile,0.9,21,Kentucky,Ensemble
2026-05-16,21,0,wk inc flu hosp,2026-05-16,quantile,0.95,26,Kentucky,Ensemble
2026-05-16,21,0,wk inc flu hosp,2026-05-16,quantile,0.975,31,Kentucky,Ensemble
2026-05-16,21,0,wk inc flu hosp,2026-05-16,quantile,0.99,38,Kentucky,Ensemble
2026-05-16,21,1,wk inc flu hosp,2026-05-23,quantile,0.01,0,Kentucky,Ensemble
2026-05-16,21,1,wk inc flu hosp,2026-05-23,quantile,0.025,0,Kentucky,Ensemble
2026-05-16,21,1,wk inc flu hosp,2026-05-23,quantile,0.05,1,Kentucky,Ensemble
2026-05-16,21,1,wk inc flu hosp,2026-05-23,quantile,0.1,1,Kentucky,Ensemble
2026-05-16,21,1,wk inc flu hosp,2026-05-23,quantile,0.15,1,Kentucky,Ensemble
2026-05-16,21,1,wk inc flu hosp,2026-05-23,quantile,0.2,1,Kentucky,Ensemble
2026-05-16,21,1,wk inc flu hosp,2026-05-23,quantile,0.25,2,Kentucky,Ensemble
2026-05-16,21,1,wk inc flu hosp,2026-05-23,quantile,0.3,2,Kentucky,Ensemble
2026-05-16,21,1,wk inc flu hosp,2026-05-23,quantile,0.35,3,Kentucky,Ensemble
2026-05-16,21,1,wk inc flu hosp,2026-05-23,quantile,0.4,3,Kentucky,Ensemble
2026-05-16,21,1,wk inc flu hosp,2026-05-23,quantile,0.45,4,Kentucky,Ensemble
2026-05-16,21,1,wk inc flu hosp,2026-05-23,quantile,0.5,6,Kentucky,Ensemble
2026-05-16,21,1,wk inc flu hosp,2026-05-23,quantile,0.55,7,Kentucky,Ensemble
2026-05-16,21,1,wk inc flu hosp,2026-05-23,quantile,0.6,8,Kentucky,Ensemble
2026-05-16,21,1,wk inc flu hosp,2026-05-23,quantile,0.65,9,Kentucky,Ensemble
2026-05-16,21,1,wk inc flu hosp,2026-05-23,quantile,0.7,11,Kentucky,Ensemble
2026-05-16,21,1,wk inc flu hosp,2026-05-23,quantile,0.75,13,Kentucky,Ensemble
2026-05-16,21,1,wk inc flu hosp,2026-05-23,quantile,0.8,16,Kentucky,Ensemble
2026-05-16,21,1,wk inc flu hosp,2026-05-23,quantile,0.85,18,Kentucky,Ensemble
2026-05-16,21,1,wk inc flu hosp,2026-05-23,quantile,0.9,23,Kentucky,Ensemble
2026-05-16,21,1,wk inc flu hosp,2026-05-23,quantile,0.95,41,Kentucky,Ensemble
2026-05-16,21,1,wk inc flu hosp,2026-05-23,quantile,0.975,47,Kentucky,Ensemble
2026-05-16,21,1,wk inc flu hosp,2026-05-23,quantile,0.99,56,Kentucky,Ensemble
2026-05-16,21,2,wk inc flu hosp,2026-05-30,quantile,0.01,0,Kentucky,Ensemble
2026-05-16,21,2,wk inc flu hosp,2026-05-30,quantile,0.025,0,Kentucky,Ensemble
2026-05-16,21,2,wk inc flu hosp,2026-05-30,quantile,0.05,1,Kentucky,Ensemble
2026-05-16,21,2,wk inc flu hosp,2026-05-30,quantile,0.1,1,Kentucky,Ensemble
2026-05-16,21,2,wk inc flu hosp,2026-05-30,quantile,0.15,1,Kentucky,Ensemble
2026-05-16,21,2,wk inc flu hosp,2026-05-30,quantile,0.2,1,Kentucky,Ensemble
2026-05-16,21,2,wk inc flu hosp,2026-05-30,quantile,0.25,2,Kentucky,Ensemble
2026-05-16,21,2,wk inc flu hosp,2026-05-30,quantile,0.3,2,Kentucky,Ensemble
2026-05-16,21,2,wk inc flu hosp,2026-05-30,quantile,0.35,3,Kentucky,Ensemble
2026-05-16,21,2,wk inc flu hosp,2026-05-30,quantile,0.4,3,Kentucky,Ensemble
2026-05-16,21,2,wk inc flu hosp,2026-05-30,quantile,0.45,4,Kentucky,Ensemble
2026-05-16,21,2,wk inc flu hosp,2026-05-30,quantile,0.5,6,Kentucky,Ensemble
2026-05-16,21,2,wk inc flu hosp,2026-05-30,quantile,0.55,6,Kentucky,Ensemble
2026-05-16,21,2,wk inc flu hosp,2026-05-30,quantile,0.6,7,Kentucky,Ensemble
2026-05-16,21,2,wk inc flu hosp,2026-05-30,quantile,0.65,9,Kentucky,Ensemble
2026-05-16,21,2,wk inc flu hosp,2026-05-30,quantile,0.7,11,Kentucky,Ensemble
2026-05-16,21,2,wk inc flu hosp,2026-05-30,quantile,0.75,13,Kentucky,Ensemble
2026-05-16,21,2,wk inc flu hosp,2026-05-30,quantile,0.8,15,Kentucky,Ensemble
2026-05-16,21,2,wk inc flu hosp,2026-05-30,quantile,0.85,18,Kentucky,Ensemble
2026-05-16,21,2,wk inc flu hosp,2026-05-30,quantile,0.9,26,Kentucky,Ensemble
2026-05-16,21,2,wk inc flu hosp,2026-05-30,quantile,0.95,49,Kentucky,Ensemble
2026-05-16,21,2,wk inc flu hosp,2026-05-30,quantile,0.975,57,Kentucky,Ensemble
2026-05-16,21,2,wk inc flu hosp,2026-05-30,quantile,0.99,69,Kentucky,Ensemble
2026-05-16,21,3,wk inc flu hosp,2026-06-06,quantile,0.01,0,Kentucky,Ensemble
2026-05-16,21,3,wk inc flu hosp,2026-06-06,quantile,0.025,0,Kentucky,Ensemble
2026-05-16,21,3,wk inc flu hosp,2026-06-06,quantile,0.05,0,Kentucky,Ensemble
2026-05-16,21,3,wk inc flu hosp,2026-06-06,quantile,0.1,1,Kentucky,Ensemble
2026-05-16,21,3,wk inc flu hosp,2026-06-06,quantile,0.15,1,Kentucky,Ensemble
2026-05-16,21,3,wk inc flu hosp,2026-06-06,quantile,0.2,1,Kentucky,Ensemble
2026-05-16,21,3,wk inc flu hosp,2026-06-06,quantile,0.25,2,Kentucky,Ensemble
2026-05-16,21,3,wk inc flu hosp,2026-06-06,quantile,0.3,2,Kentucky,Ensemble
2026-05-16,21,3,wk inc flu hosp,2026-06-06,quantile,0.35,2,Kentucky,Ensemble
2026-05-16,21,3,wk inc flu hosp,2026-06-06,quantile,0.4,3,Kentucky,Ensemble
2026-05-16,21,3,wk inc flu hosp,2026-06-06,quantile,0.45,3,Kentucky,Ensemble
2026-05-16,21,3,wk inc flu hosp,2026-06-06,quantile,0.5,6,Kentucky,Ensemble
2026-05-16,21,3,wk inc flu hosp,2026-06-06,quantile,0.55,7,Kentucky,Ensemble
2026-05-16,21,3,wk inc flu hosp,2026-06-06,quantile,0.6,8,Kentucky,Ensemble
2026-05-16,21,3,wk inc flu hosp,2026-06-06,quantile,0.65,10,Kentucky,Ensemble
2026-05-16,21,3,wk inc flu hosp,2026-06-06,quantile,0.7,12,Kentucky,Ensemble
2026-05-16,21,3,wk inc flu hosp,2026-06-06,quantile,0.75,14,Kentucky,Ensemble
2026-05-16,21,3,wk inc flu hosp,2026-06-06,quantile,0.8,17,Kentucky,Ensemble
2026-05-16,21,3,wk inc flu hosp,2026-06-06,quantile,0.85,22,Kentucky,Ensemble
2026-05-16,21,3,wk inc flu hosp,2026-06-06,quantile,0.9,29,Kentucky,Ensemble
2026-05-16,21,3,wk inc flu hosp,2026-06-06,quantile,0.95,53,Kentucky,Ensemble
2026-05-16,21,3,wk inc flu hosp,2026-06-06,quantile,0.975,63,Kentucky,Ensemble
2026-05-16,21,3,wk inc flu hosp,2026-06-06,quantile,0.99,78,Kentucky,Ensemble
2026-05-16,22,0,wk inc flu hosp,2026-05-16,quantile,0.01,3,Louisiana,Ensemble
2026-05-16,22,0,wk inc flu hosp,2026-05-16,quantile,0.025,4,Louisiana,Ensemble
2026-05-16,22,0,wk inc flu hosp,2026-05-16,quantile,0.05,6,Louisiana,Ensemble
2026-05-16,22,0,wk inc flu hosp,2026-05-16,quantile,0.1,8,Louisiana,Ensemble
2026-05-16,22,0,wk inc flu hosp,2026-05-16,quantile,0.15,9,Louisiana,Ensemble
2026-05-16,22,0,wk inc flu hosp,2026-05-16,quantile,0.2,10,Louisiana,Ensemble
2026-05-16,22,0,wk inc flu hosp,2026-05-16,quantile,0.25,12,Louisiana,Ensemble
2026-05-16,22,0,wk inc flu hosp,2026-05-16,quantile,0.3,13,Louisiana,Ensemble
2026-05-16,22,0,wk inc flu hosp,2026-05-16,quantile,0.35,15,Louisiana,Ensemble
2026-05-16,22,0,wk inc flu hosp,2026-05-16,quantile,0.4,16,Louisiana,Ensemble
2026-05-16,22,0,wk inc flu hosp,2026-05-16,quantile,0.45,17,Louisiana,Ensemble
2026-05-16,22,0,wk inc flu hosp,2026-05-16,quantile,0.5,20,Louisiana,Ensemble
2026-05-16,22,0,wk inc flu hosp,2026-05-16,quantile,0.55,21,Louisiana,Ensemble
2026-05-16,22,0,wk inc flu hosp,2026-05-16,quantile,0.6,23,Louisiana,Ensemble
2026-05-16,22,0,wk inc flu hosp,2026-05-16,quantile,0.65,24,Louisiana,Ensemble
2026-05-16,22,0,wk inc flu hosp,2026-05-16,quantile,0.7,26,Louisiana,Ensemble
2026-05-16,22,0,wk inc flu hosp,2026-05-16,quantile,0.75,28,Louisiana,Ensemble
2026-05-16,22,0,wk inc flu hosp,2026-05-16,quantile,0.8,31,Louisiana,Ensemble
2026-05-16,22,0,wk inc flu hosp,2026-05-16,quantile,0.85,35,Louisiana,Ensemble
2026-05-16,22,0,wk inc flu hosp,2026-05-16,quantile,0.9,40,Louisiana,Ensemble
2026-05-16,22,0,wk inc flu hosp,2026-05-16,quantile,0.95,46,Louisiana,Ensemble
2026-05-16,22,0,wk inc flu hosp,2026-05-16,quantile,0.975,52,Louisiana,Ensemble
2026-05-16,22,0,wk inc flu hosp,2026-05-16,quantile,0.99,61,Louisiana,Ensemble
2026-05-16,22,1,wk inc flu hosp,2026-05-23,quantile,0.01,2,Louisiana,Ensemble
2026-05-16,22,1,wk inc flu hosp,2026-05-23,quantile,0.025,3,Louisiana,Ensemble
2026-05-16,22,1,wk inc flu hosp,2026-05-23,quantile,0.05,4,Louisiana,Ensemble
2026-05-16,22,1,wk inc flu hosp,2026-05-23,quantile,0.1,6,Louisiana,Ensemble
2026-05-16,22,1,wk inc flu hosp,2026-05-23,quantile,0.15,8,Louisiana,Ensemble
2026-05-16,22,1,wk inc flu hosp,2026-05-23,quantile,0.2,9,Louisiana,Ensemble
2026-05-16,22,1,wk inc flu hosp,2026-05-23,quantile,0.25,10,Louisiana,Ensemble
2026-05-16,22,1,wk inc flu hosp,2026-05-23,quantile,0.3,12,Louisiana,Ensemble
2026-05-16,22,1,wk inc flu hosp,2026-05-23,quantile,0.35,13,Louisiana,Ensemble
2026-05-16,22,1,wk inc flu hosp,2026-05-23,quantile,0.4,15,Louisiana,Ensemble
2026-05-16,22,1,wk inc flu hosp,2026-05-23,quantile,0.45,16,Louisiana,Ensemble
2026-05-16,22,1,wk inc flu hosp,2026-05-23,quantile,0.5,19,Louisiana,Ensemble
2026-05-16,22,1,wk inc flu hosp,2026-05-23,quantile,0.55,21,Louisiana,Ensemble
2026-05-16,22,1,wk inc flu hosp,2026-05-23,quantile,0.6,23,Louisiana,Ensemble
2026-05-16,22,1,wk inc flu hosp,2026-05-23,quantile,0.65,25,Louisiana,Ensemble
2026-05-16,22,1,wk inc flu hosp,2026-05-23,quantile,0.7,27,Louisiana,Ensemble
2026-05-16,22,1,wk inc flu hosp,2026-05-23,quantile,0.75,30,Louisiana,Ensemble
2026-05-16,22,1,wk inc flu hosp,2026-05-23,quantile,0.8,33,Louisiana,Ensemble
2026-05-16,22,1,wk inc flu hosp,2026-05-23,quantile,0.85,37,Louisiana,Ensemble
2026-05-16,22,1,wk inc flu hosp,2026-05-23,quantile,0.9,44,Louisiana,Ensemble
2026-05-16,22,1,wk inc flu hosp,2026-05-23,quantile,0.95,54,Louisiana,Ensemble
2026-05-16,22,1,wk inc flu hosp,2026-05-23,quantile,0.975,61,Louisiana,Ensemble
2026-05-16,22,1,wk inc flu hosp,2026-05-23,quantile,0.99,73,Louisiana,Ensemble
2026-05-16,22,2,wk inc flu hosp,2026-05-30,quantile,0.01,2,Louisiana,Ensemble
2026-05-16,22,2,wk inc flu hosp,2026-05-30,quantile,0.025,3,Louisiana,Ensemble
2026-05-16,22,2,wk inc flu hosp,2026-05-30,quantile,0.05,4,Louisiana,Ensemble
2026-05-16,22,2,wk inc flu hosp,2026-05-30,quantile,0.1,5,Louisiana,Ensemble
2026-05-16,22,2,wk inc flu hosp,2026-05-30,quantile,0.15,6,Louisiana,Ensemble
2026-05-16,22,2,wk inc flu hosp,2026-05-30,quantile,0.2,8,Louisiana,Ensemble
2026-05-16,22,2,wk inc flu hosp,2026-05-30,quantile,0.25,9,Louisiana,Ensemble
2026-05-16,22,2,wk inc flu hosp,2026-05-30,quantile,0.3,10,Louisiana,Ensemble
2026-05-16,22,2,wk inc flu hosp,2026-05-30,quantile,0.35,11,Louisiana,Ensemble
2026-05-16,22,2,wk inc flu hosp,2026-05-30,quantile,0.4,13,Louisiana,Ensemble
2026-05-16,22,2,wk inc flu hosp,2026-05-30,quantile,0.45,14,Louisiana,Ensemble
2026-05-16,22,2,wk inc flu hosp,2026-05-30,quantile,0.5,18,Louisiana,Ensemble
2026-05-16,22,2,wk inc flu hosp,2026-05-30,quantile,0.55,20,Louisiana,Ensemble
2026-05-16,22,2,wk inc flu hosp,2026-05-30,quantile,0.6,22,Louisiana,Ensemble
2026-05-16,22,2,wk inc flu hosp,2026-05-30,quantile,0.65,24,Louisiana,Ensemble
2026-05-16,22,2,wk inc flu hosp,2026-05-30,quantile,0.7,27,Louisiana,Ensemble
2026-05-16,22,2,wk inc flu hosp,2026-05-30,quantile,0.75,29,Louisiana,Ensemble
2026-05-16,22,2,wk inc flu hosp,2026-05-30,quantile,0.8,32,Louisiana,Ensemble
2026-05-16,22,2,wk inc flu hosp,2026-05-30,quantile,0.85,37,Louisiana,Ensemble
2026-05-16,22,2,wk inc flu hosp,2026-05-30,quantile,0.9,46,Louisiana,Ensemble
2026-05-16,22,2,wk inc flu hosp,2026-05-30,quantile,0.95,55,Louisiana,Ensemble
2026-05-16,22,2,wk inc flu hosp,2026-05-30,quantile,0.975,72,Louisiana,Ensemble
2026-05-16,22,2,wk inc flu hosp,2026-05-30,quantile,0.99,85,Louisiana,Ensemble
2026-05-16,22,3,wk inc flu hosp,2026-06-06,quantile,0.01,2,Louisiana,Ensemble
2026-05-16,22,3,wk inc flu hosp,2026-06-06,quantile,0.025,2,Louisiana,Ensemble
2026-05-16,22,3,wk inc flu hosp,2026-06-06,quantile,0.05,3,Louisiana,Ensemble
2026-05-16,22,3,wk inc flu hosp,2026-06-06,quantile,0.1,5,Louisiana,Ensemble
2026-05-16,22,3,wk inc flu hosp,2026-06-06,quantile,0.15,6,Louisiana,Ensemble
2026-05-16,22,3,wk inc flu hosp,2026-06-06,quantile,0.2,7,Louisiana,Ensemble
2026-05-16,22,3,wk inc flu hosp,2026-06-06,quantile,0.25,8,Louisiana,Ensemble
2026-05-16,22,3,wk inc flu hosp,2026-06-06,quantile,0.3,9,Louisiana,Ensemble
2026-05-16,22,3,wk inc flu hosp,2026-06-06,quantile,0.35,10,Louisiana,Ensemble
2026-05-16,22,3,wk inc flu hosp,2026-06-06,quantile,0.4,12,Louisiana,Ensemble
2026-05-16,22,3,wk inc flu hosp,2026-06-06,quantile,0.45,14,Louisiana,Ensemble
2026-05-16,22,3,wk inc flu hosp,2026-06-06,quantile,0.5,17,Louisiana,Ensemble
2026-05-16,22,3,wk inc flu hosp,2026-06-06,quantile,0.55,19,Louisiana,Ensemble
2026-05-16,22,3,wk inc flu hosp,2026-06-06,quantile,0.6,21,Louisiana,Ensemble
2026-05-16,22,3,wk inc flu hosp,2026-06-06,quantile,0.65,24,Louisiana,Ensemble
2026-05-16,22,3,wk inc flu hosp,2026-06-06,quantile,0.7,29,Louisiana,Ensemble
2026-05-16,22,3,wk inc flu hosp,2026-06-06,quantile,0.75,35,Louisiana,Ensemble
2026-05-16,22,3,wk inc flu hosp,2026-06-06,quantile,0.8,38,Louisiana,Ensemble
2026-05-16,22,3,wk inc flu hosp,2026-06-06,quantile,0.85,42,Louisiana,Ensemble
2026-05-16,22,3,wk inc flu hosp,2026-06-06,quantile,0.9,52,Louisiana,Ensemble
2026-05-16,22,3,wk inc flu hosp,2026-06-06,quantile,0.95,64,Louisiana,Ensemble
2026-05-16,22,3,wk inc flu hosp,2026-06-06,quantile,0.975,77,Louisiana,Ensemble
2026-05-16,22,3,wk inc flu hosp,2026-06-06,quantile,0.99,93,Louisiana,Ensemble
2026-05-16,23,0,wk inc flu hosp,2026-05-16,quantile,0.01,0,Maine,Ensemble
2026-05-16,23,0,wk inc flu hosp,2026-05-16,quantile,0.025,0,Maine,Ensemble
2026-05-16,23,0,wk inc flu hosp,2026-05-16,quantile,0.05,0,Maine,Ensemble
2026-05-16,23,0,wk inc flu hosp,2026-05-16,quantile,0.1,0,Maine,Ensemble
2026-05-16,23,0,wk inc flu hosp,2026-05-16,quantile,0.15,0,Maine,Ensemble
2026-05-16,23,0,wk inc flu hosp,2026-05-16,quantile,0.2,0,Maine,Ensemble
2026-05-16,23,0,wk inc flu hosp,2026-05-16,quantile,0.25,1,Maine,Ensemble
2026-05-16,23,0,wk inc flu hosp,2026-05-16,quantile,0.3,1,Maine,Ensemble
2026-05-16,23,0,wk inc flu hosp,2026-05-16,quantile,0.35,1,Maine,Ensemble
2026-05-16,23,0,wk inc flu hosp,2026-05-16,quantile,0.4,1,Maine,Ensemble
2026-05-16,23,0,wk inc flu hosp,2026-05-16,quantile,0.45,2,Maine,Ensemble
2026-05-16,23,0,wk inc flu hosp,2026-05-16,quantile,0.5,3,Maine,Ensemble
2026-05-16,23,0,wk inc flu hosp,2026-05-16,quantile,0.55,3,Maine,Ensemble
2026-05-16,23,0,wk inc flu hosp,2026-05-16,quantile,0.6,4,Maine,Ensemble
2026-05-16,23,0,wk inc flu hosp,2026-05-16,quantile,0.65,4,Maine,Ensemble
2026-05-16,23,0,wk inc flu hosp,2026-05-16,quantile,0.7,5,Maine,Ensemble
2026-05-16,23,0,wk inc flu hosp,2026-05-16,quantile,0.75,6,Maine,Ensemble
2026-05-16,23,0,wk inc flu hosp,2026-05-16,quantile,0.8,6,Maine,Ensemble
2026-05-16,23,0,wk inc flu hosp,2026-05-16,quantile,0.85,7,Maine,Ensemble
2026-05-16,23,0,wk inc flu hosp,2026-05-16,quantile,0.9,9,Maine,Ensemble
2026-05-16,23,0,wk inc flu hosp,2026-05-16,quantile,0.95,13,Maine,Ensemble
2026-05-16,23,0,wk inc flu hosp,2026-05-16,quantile,0.975,16,Maine,Ensemble
2026-05-16,23,0,wk inc flu hosp,2026-05-16,quantile,0.99,19,Maine,Ensemble
2026-05-16,23,1,wk inc flu hosp,2026-05-23,quantile,0.01,0,Maine,Ensemble
2026-05-16,23,1,wk inc flu hosp,2026-05-23,quantile,0.025,0,Maine,Ensemble
2026-05-16,23,1,wk inc flu hosp,2026-05-23,quantile,0.05,0,Maine,Ensemble
2026-05-16,23,1,wk inc flu hosp,2026-05-23,quantile,0.1,0,Maine,Ensemble
2026-05-16,23,1,wk inc flu hosp,2026-05-23,quantile,0.15,0,Maine,Ensemble
2026-05-16,23,1,wk inc flu hosp,2026-05-23,quantile,0.2,0,Maine,Ensemble
2026-05-16,23,1,wk inc flu hosp,2026-05-23,quantile,0.25,0,Maine,Ensemble
2026-05-16,23,1,wk inc flu hosp,2026-05-23,quantile,0.3,1,Maine,Ensemble
2026-05-16,23,1,wk inc flu hosp,2026-05-23,quantile,0.35,1,Maine,Ensemble
2026-05-16,23,1,wk inc flu hosp,2026-05-23,quantile,0.4,1,Maine,Ensemble
2026-05-16,23,1,wk inc flu hosp,2026-05-23,quantile,0.45,1,Maine,Ensemble
2026-05-16,23,1,wk inc flu hosp,2026-05-23,quantile,0.5,3,Maine,Ensemble
2026-05-16,23,1,wk inc flu hosp,2026-05-23,quantile,0.55,3,Maine,Ensemble
2026-05-16,23,1,wk inc flu hosp,2026-05-23,quantile,0.6,4,Maine,Ensemble
2026-05-16,23,1,wk inc flu hosp,2026-05-23,quantile,0.65,4,Maine,Ensemble
2026-05-16,23,1,wk inc flu hosp,2026-05-23,quantile,0.7,5,Maine,Ensemble
2026-05-16,23,1,wk inc flu hosp,2026-05-23,quantile,0.75,6,Maine,Ensemble
2026-05-16,23,1,wk inc flu hosp,2026-05-23,quantile,0.8,7,Maine,Ensemble
2026-05-16,23,1,wk inc flu hosp,2026-05-23,quantile,0.85,8,Maine,Ensemble
2026-05-16,23,1,wk inc flu hosp,2026-05-23,quantile,0.9,11,Maine,Ensemble
2026-05-16,23,1,wk inc flu hosp,2026-05-23,quantile,0.95,16,Maine,Ensemble
2026-05-16,23,1,wk inc flu hosp,2026-05-23,quantile,0.975,20,Maine,Ensemble
2026-05-16,23,1,wk inc flu hosp,2026-05-23,quantile,0.99,25,Maine,Ensemble
2026-05-16,23,2,wk inc flu hosp,2026-05-30,quantile,0.01,0,Maine,Ensemble
2026-05-16,23,2,wk inc flu hosp,2026-05-30,quantile,0.025,0,Maine,Ensemble
2026-05-16,23,2,wk inc flu hosp,2026-05-30,quantile,0.05,0,Maine,Ensemble
2026-05-16,23,2,wk inc flu hosp,2026-05-30,quantile,0.1,0,Maine,Ensemble
2026-05-16,23,2,wk inc flu hosp,2026-05-30,quantile,0.15,0,Maine,Ensemble
2026-05-16,23,2,wk inc flu hosp,2026-05-30,quantile,0.2,0,Maine,Ensemble
2026-05-16,23,2,wk inc flu hosp,2026-05-30,quantile,0.25,0,Maine,Ensemble
2026-05-16,23,2,wk inc flu hosp,2026-05-30,quantile,0.3,0,Maine,Ensemble
2026-05-16,23,2,wk inc flu hosp,2026-05-30,quantile,0.35,1,Maine,Ensemble
2026-05-16,23,2,wk inc flu hosp,2026-05-30,quantile,0.4,1,Maine,Ensemble
2026-05-16,23,2,wk inc flu hosp,2026-05-30,quantile,0.45,1,Maine,Ensemble
2026-05-16,23,2,wk inc flu hosp,2026-05-30,quantile,0.5,3,Maine,Ensemble
2026-05-16,23,2,wk inc flu hosp,2026-05-30,quantile,0.55,3,Maine,Ensemble
2026-05-16,23,2,wk inc flu hosp,2026-05-30,quantile,0.6,4,Maine,Ensemble
2026-05-16,23,2,wk inc flu hosp,2026-05-30,quantile,0.65,4,Maine,Ensemble
2026-05-16,23,2,wk inc flu hosp,2026-05-30,quantile,0.7,5,Maine,Ensemble
2026-05-16,23,2,wk inc flu hosp,2026-05-30,quantile,0.75,6,Maine,Ensemble
2026-05-16,23,2,wk inc flu hosp,2026-05-30,quantile,0.8,6,Maine,Ensemble
2026-05-16,23,2,wk inc flu hosp,2026-05-30,quantile,0.85,8,Maine,Ensemble
2026-05-16,23,2,wk inc flu hosp,2026-05-30,quantile,0.9,13,Maine,Ensemble
2026-05-16,23,2,wk inc flu hosp,2026-05-30,quantile,0.95,18,Maine,Ensemble
2026-05-16,23,2,wk inc flu hosp,2026-05-30,quantile,0.975,22,Maine,Ensemble
2026-05-16,23,2,wk inc flu hosp,2026-05-30,quantile,0.99,27,Maine,Ensemble
2026-05-16,23,3,wk inc flu hosp,2026-06-06,quantile,0.01,0,Maine,Ensemble
2026-05-16,23,3,wk inc flu hosp,2026-06-06,quantile,0.025,0,Maine,Ensemble
2026-05-16,23,3,wk inc flu hosp,2026-06-06,quantile,0.05,0,Maine,Ensemble
2026-05-16,23,3,wk inc flu hosp,2026-06-06,quantile,0.1,0,Maine,Ensemble
2026-05-16,23,3,wk inc flu hosp,2026-06-06,quantile,0.15,0,Maine,Ensemble
2026-05-16,23,3,wk inc flu hosp,2026-06-06,quantile,0.2,0,Maine,Ensemble
2026-05-16,23,3,wk inc flu hosp,2026-06-06,quantile,0.25,0,Maine,Ensemble
2026-05-16,23,3,wk inc flu hosp,2026-06-06,quantile,0.3,0,Maine,Ensemble
2026-05-16,23,3,wk inc flu hosp,2026-06-06,quantile,0.35,0,Maine,Ensemble
2026-05-16,23,3,wk inc flu hosp,2026-06-06,quantile,0.4,1,Maine,Ensemble
2026-05-16,23,3,wk inc flu hosp,2026-06-06,quantile,0.45,1,Maine,Ensemble
2026-05-16,23,3,wk inc flu hosp,2026-06-06,quantile,0.5,2,Maine,Ensemble
2026-05-16,23,3,wk inc flu hosp,2026-06-06,quantile,0.55,3,Maine,Ensemble
2026-05-16,23,3,wk inc flu hosp,2026-06-06,quantile,0.6,3,Maine,Ensemble
2026-05-16,23,3,wk inc flu hosp,2026-06-06,quantile,0.65,4,Maine,Ensemble
2026-05-16,23,3,wk inc flu hosp,2026-06-06,quantile,0.7,5,Maine,Ensemble
2026-05-16,23,3,wk inc flu hosp,2026-06-06,quantile,0.75,6,Maine,Ensemble
2026-05-16,23,3,wk inc flu hosp,2026-06-06,quantile,0.8,7,Maine,Ensemble
2026-05-16,23,3,wk inc flu hosp,2026-06-06,quantile,0.85,9,Maine,Ensemble
2026-05-16,23,3,wk inc flu hosp,2026-06-06,quantile,0.9,13,Maine,Ensemble
2026-05-16,23,3,wk inc flu hosp,2026-06-06,quantile,0.95,18,Maine,Ensemble
2026-05-16,23,3,wk inc flu hosp,2026-06-06,quantile,0.975,23,Maine,Ensemble
2026-05-16,23,3,wk inc flu hosp,2026-06-06,quantile,0.99,30,Maine,Ensemble
2026-05-16,24,0,wk inc flu hosp,2026-05-16,quantile,0.01,2,Maryland,Ensemble
2026-05-16,24,0,wk inc flu hosp,2026-05-16,quantile,0.025,3,Maryland,Ensemble
2026-05-16,24,0,wk inc flu hosp,2026-05-16,quantile,0.05,4,Maryland,Ensemble
2026-05-16,24,0,wk inc flu hosp,2026-05-16,quantile,0.1,5,Maryland,Ensemble
2026-05-16,24,0,wk inc flu hosp,2026-05-16,quantile,0.15,6,Maryland,Ensemble
2026-05-16,24,0,wk inc flu hosp,2026-05-16,quantile,0.2,7,Maryland,Ensemble
2026-05-16,24,0,wk inc flu hosp,2026-05-16,quantile,0.25,8,Maryland,Ensemble
2026-05-16,24,0,wk inc flu hosp,2026-05-16,quantile,0.3,9,Maryland,Ensemble
2026-05-16,24,0,wk inc flu hosp,2026-05-16,quantile,0.35,10,Maryland,Ensemble
2026-05-16,24,0,wk inc flu hosp,2026-05-16,quantile,0.4,11,Maryland,Ensemble
2026-05-16,24,0,wk inc flu hosp,2026-05-16,quantile,0.45,12,Maryland,Ensemble
2026-05-16,24,0,wk inc flu hosp,2026-05-16,quantile,0.5,15,Maryland,Ensemble
2026-05-16,24,0,wk inc flu hosp,2026-05-16,quantile,0.55,16,Maryland,Ensemble
2026-05-16,24,0,wk inc flu hosp,2026-05-16,quantile,0.6,17,Maryland,Ensemble
2026-05-16,24,0,wk inc flu hosp,2026-05-16,quantile,0.65,18,Maryland,Ensemble
2026-05-16,24,0,wk inc flu hosp,2026-05-16,quantile,0.7,20,Maryland,Ensemble
2026-05-16,24,0,wk inc flu hosp,2026-05-16,quantile,0.75,21,Maryland,Ensemble
2026-05-16,24,0,wk inc flu hosp,2026-05-16,quantile,0.8,23,Maryland,Ensemble
2026-05-16,24,0,wk inc flu hosp,2026-05-16,quantile,0.85,26,Maryland,Ensemble
2026-05-16,24,0,wk inc flu hosp,2026-05-16,quantile,0.9,31,Maryland,Ensemble
2026-05-16,24,0,wk inc flu hosp,2026-05-16,quantile,0.95,41,Maryland,Ensemble
2026-05-16,24,0,wk inc flu hosp,2026-05-16,quantile,0.975,50,Maryland,Ensemble
2026-05-16,24,0,wk inc flu hosp,2026-05-16,quantile,0.99,61,Maryland,Ensemble
2026-05-16,24,1,wk inc flu hosp,2026-05-23,quantile,0.01,1,Maryland,Ensemble
2026-05-16,24,1,wk inc flu hosp,2026-05-23,quantile,0.025,2,Maryland,Ensemble
2026-05-16,24,1,wk inc flu hosp,2026-05-23,quantile,0.05,3,Maryland,Ensemble
2026-05-16,24,1,wk inc flu hosp,2026-05-23,quantile,0.1,4,Maryland,Ensemble
2026-05-16,24,1,wk inc flu hosp,2026-05-23,quantile,0.15,5,Maryland,Ensemble
2026-05-16,24,1,wk inc flu hosp,2026-05-23,quantile,0.2,6,Maryland,Ensemble
2026-05-16,24,1,wk inc flu hosp,2026-05-23,quantile,0.25,7,Maryland,Ensemble
2026-05-16,24,1,wk inc flu hosp,2026-05-23,quantile,0.3,8,Maryland,Ensemble
2026-05-16,24,1,wk inc flu hosp,2026-05-23,quantile,0.35,9,Maryland,Ensemble
2026-05-16,24,1,wk inc flu hosp,2026-05-23,quantile,0.4,10,Maryland,Ensemble
2026-05-16,24,1,wk inc flu hosp,2026-05-23,quantile,0.45,12,Maryland,Ensemble
2026-05-16,24,1,wk inc flu hosp,2026-05-23,quantile,0.5,14,Maryland,Ensemble
2026-05-16,24,1,wk inc flu hosp,2026-05-23,quantile,0.55,16,Maryland,Ensemble
2026-05-16,24,1,wk inc flu hosp,2026-05-23,quantile,0.6,18,Maryland,Ensemble
2026-05-16,24,1,wk inc flu hosp,2026-05-23,quantile,0.65,19,Maryland,Ensemble
2026-05-16,24,1,wk inc flu hosp,2026-05-23,quantile,0.7,21,Maryland,Ensemble
2026-05-16,24,1,wk inc flu hosp,2026-05-23,quantile,0.75,24,Maryland,Ensemble
2026-05-16,24,1,wk inc flu hosp,2026-05-23,quantile,0.8,27,Maryland,Ensemble
2026-05-16,24,1,wk inc flu hosp,2026-05-23,quantile,0.85,31,Maryland,Ensemble
2026-05-16,24,1,wk inc flu hosp,2026-05-23,quantile,0.9,37,Maryland,Ensemble
2026-05-16,24,1,wk inc flu hosp,2026-05-23,quantile,0.95,56,Maryland,Ensemble
2026-05-16,24,1,wk inc flu hosp,2026-05-23,quantile,0.975,70,Maryland,Ensemble
2026-05-16,24,1,wk inc flu hosp,2026-05-23,quantile,0.99,88,Maryland,Ensemble
2026-05-16,24,2,wk inc flu hosp,2026-05-30,quantile,0.01,1,Maryland,Ensemble
2026-05-16,24,2,wk inc flu hosp,2026-05-30,quantile,0.025,2,Maryland,Ensemble
2026-05-16,24,2,wk inc flu hosp,2026-05-30,quantile,0.05,2,Maryland,Ensemble
2026-05-16,24,2,wk inc flu hosp,2026-05-30,quantile,0.1,3,Maryland,Ensemble
2026-05-16,24,2,wk inc flu hosp,2026-05-30,quantile,0.15,4,Maryland,Ensemble
2026-05-16,24,2,wk inc flu hosp,2026-05-30,quantile,0.2,5,Maryland,Ensemble
2026-05-16,24,2,wk inc flu hosp,2026-05-30,quantile,0.25,6,Maryland,Ensemble
2026-05-16,24,2,wk inc flu hosp,2026-05-30,quantile,0.3,7,Maryland,Ensemble
2026-05-16,24,2,wk inc flu hosp,2026-05-30,quantile,0.35,8,Maryland,Ensemble
2026-05-16,24,2,wk inc flu hosp,2026-05-30,quantile,0.4,9,Maryland,Ensemble
2026-05-16,24,2,wk inc flu hosp,2026-05-30,quantile,0.45,11,Maryland,Ensemble
2026-05-16,24,2,wk inc flu hosp,2026-05-30,quantile,0.5,14,Maryland,Ensemble
2026-05-16,24,2,wk inc flu hosp,2026-05-30,quantile,0.55,15,Maryland,Ensemble
2026-05-16,24,2,wk inc flu hosp,2026-05-30,quantile,0.6,17,Maryland,Ensemble
2026-05-16,24,2,wk inc flu hosp,2026-05-30,quantile,0.65,19,Maryland,Ensemble
2026-05-16,24,2,wk inc flu hosp,2026-05-30,quantile,0.7,22,Maryland,Ensemble
2026-05-16,24,2,wk inc flu hosp,2026-05-30,quantile,0.75,25,Maryland,Ensemble
2026-05-16,24,2,wk inc flu hosp,2026-05-30,quantile,0.8,29,Maryland,Ensemble
2026-05-16,24,2,wk inc flu hosp,2026-05-30,quantile,0.85,34,Maryland,Ensemble
2026-05-16,24,2,wk inc flu hosp,2026-05-30,quantile,0.9,44,Maryland,Ensemble
2026-05-16,24,2,wk inc flu hosp,2026-05-30,quantile,0.95,68,Maryland,Ensemble
2026-05-16,24,2,wk inc flu hosp,2026-05-30,quantile,0.975,83,Maryland,Ensemble
2026-05-16,24,2,wk inc flu hosp,2026-05-30,quantile,0.99,106,Maryland,Ensemble
2026-05-16,24,3,wk inc flu hosp,2026-06-06,quantile,0.01,1,Maryland,Ensemble
2026-05-16,24,3,wk inc flu hosp,2026-06-06,quantile,0.025,1,Maryland,Ensemble
2026-05-16,24,3,wk inc flu hosp,2026-06-06,quantile,0.05,2,Maryland,Ensemble
2026-05-16,24,3,wk inc flu hosp,2026-06-06,quantile,0.1,3,Maryland,Ensemble
2026-05-16,24,3,wk inc flu hosp,2026-06-06,quantile,0.15,4,Maryland,Ensemble
2026-05-16,24,3,wk inc flu hosp,2026-06-06,quantile,0.2,5,Maryland,Ensemble
2026-05-16,24,3,wk inc flu hosp,2026-06-06,quantile,0.25,6,Maryland,Ensemble
2026-05-16,24,3,wk inc flu hosp,2026-06-06,quantile,0.3,6,Maryland,Ensemble
2026-05-16,24,3,wk inc flu hosp,2026-06-06,quantile,0.35,7,Maryland,Ensemble
2026-05-16,24,3,wk inc flu hosp,2026-06-06,quantile,0.4,8,Maryland,Ensemble
2026-05-16,24,3,wk inc flu hosp,2026-06-06,quantile,0.45,10,Maryland,Ensemble
2026-05-16,24,3,wk inc flu hosp,2026-06-06,quantile,0.5,13,Maryland,Ensemble
2026-05-16,24,3,wk inc flu hosp,2026-06-06,quantile,0.55,15,Maryland,Ensemble
2026-05-16,24,3,wk inc flu hosp,2026-06-06,quantile,0.6,18,Maryland,Ensemble
2026-05-16,24,3,wk inc flu hosp,2026-06-06,quantile,0.65,20,Maryland,Ensemble
2026-05-16,24,3,wk inc flu hosp,2026-06-06,quantile,0.7,23,Maryland,Ensemble
2026-05-16,24,3,wk inc flu hosp,2026-06-06,quantile,0.75,26,Maryland,Ensemble
2026-05-16,24,3,wk inc flu hosp,2026-06-06,quantile,0.8,31,Maryland,Ensemble
2026-05-16,24,3,wk inc flu hosp,2026-06-06,quantile,0.85,37,Maryland,Ensemble
2026-05-16,24,3,wk inc flu hosp,2026-06-06,quantile,0.9,57,Maryland,Ensemble
2026-05-16,24,3,wk inc flu hosp,2026-06-06,quantile,0.95,78,Maryland,Ensemble
2026-05-16,24,3,wk inc flu hosp,2026-06-06,quantile,0.975,97,Maryland,Ensemble
2026-05-16,24,3,wk inc flu hosp,2026-06-06,quantile,0.99,124,Maryland,Ensemble
2026-05-16,25,0,wk inc flu hosp,2026-05-16,quantile,0.01,2,Massachusetts,Ensemble
2026-05-16,25,0,wk inc flu hosp,2026-05-16,quantile,0.025,3,Massachusetts,Ensemble
2026-05-16,25,0,wk inc flu hosp,2026-05-16,quantile,0.05,4,Massachusetts,Ensemble
2026-05-16,25,0,wk inc flu hosp,2026-05-16,quantile,0.1,6,Massachusetts,Ensemble
2026-05-16,25,0,wk inc flu hosp,2026-05-16,quantile,0.15,7,Massachusetts,Ensemble
2026-05-16,25,0,wk inc flu hosp,2026-05-16,quantile,0.2,9,Massachusetts,Ensemble
2026-05-16,25,0,wk inc flu hosp,2026-05-16,quantile,0.25,10,Massachusetts,Ensemble
2026-05-16,25,0,wk inc flu hosp,2026-05-16,quantile,0.3,11,Massachusetts,Ensemble
2026-05-16,25,0,wk inc flu hosp,2026-05-16,quantile,0.35,12,Massachusetts,Ensemble
2026-05-16,25,0,wk inc flu hosp,2026-05-16,quantile,0.4,13,Massachusetts,Ensemble
2026-05-16,25,0,wk inc flu hosp,2026-05-16,quantile,0.45,15,Massachusetts,Ensemble
2026-05-16,25,0,wk inc flu hosp,2026-05-16,quantile,0.5,17,Massachusetts,Ensemble
2026-05-16,25,0,wk inc flu hosp,2026-05-16,quantile,0.55,19,Massachusetts,Ensemble
2026-05-16,25,0,wk inc flu hosp,2026-05-16,quantile,0.6,20,Massachusetts,Ensemble
2026-05-16,25,0,wk inc flu hosp,2026-05-16,quantile,0.65,22,Massachusetts,Ensemble
2026-05-16,25,0,wk inc flu hosp,2026-05-16,quantile,0.7,24,Massachusetts,Ensemble
2026-05-16,25,0,wk inc flu hosp,2026-05-16,quantile,0.75,26,Massachusetts,Ensemble
2026-05-16,25,0,wk inc flu hosp,2026-05-16,quantile,0.8,28,Massachusetts,Ensemble
2026-05-16,25,0,wk inc flu hosp,2026-05-16,quantile,0.85,32,Massachusetts,Ensemble
2026-05-16,25,0,wk inc flu hosp,2026-05-16,quantile,0.9,37,Massachusetts,Ensemble
2026-05-16,25,0,wk inc flu hosp,2026-05-16,quantile,0.95,56,Massachusetts,Ensemble
2026-05-16,25,0,wk inc flu hosp,2026-05-16,quantile,0.975,66,Massachusetts,Ensemble
2026-05-16,25,0,wk inc flu hosp,2026-05-16,quantile,0.99,83,Massachusetts,Ensemble
2026-05-16,25,1,wk inc flu hosp,2026-05-23,quantile,0.01,1,Massachusetts,Ensemble
2026-05-16,25,1,wk inc flu hosp,2026-05-23,quantile,0.025,2,Massachusetts,Ensemble
2026-05-16,25,1,wk inc flu hosp,2026-05-23,quantile,0.05,3,Massachusetts,Ensemble
2026-05-16,25,1,wk inc flu hosp,2026-05-23,quantile,0.1,4,Massachusetts,Ensemble
2026-05-16,25,1,wk inc flu hosp,2026-05-23,quantile,0.15,5,Massachusetts,Ensemble
2026-05-16,25,1,wk inc flu hosp,2026-05-23,quantile,0.2,6,Massachusetts,Ensemble
2026-05-16,25,1,wk inc flu hosp,2026-05-23,quantile,0.25,8,Massachusetts,Ensemble
2026-05-16,25,1,wk inc flu hosp,2026-05-23,quantile,0.3,9,Massachusetts,Ensemble
2026-05-16,25,1,wk inc flu hosp,2026-05-23,quantile,0.35,10,Massachusetts,Ensemble
2026-05-16,25,1,wk inc flu hosp,2026-05-23,quantile,0.4,11,Massachusetts,Ensemble
2026-05-16,25,1,wk inc flu hosp,2026-05-23,quantile,0.45,13,Massachusetts,Ensemble
2026-05-16,25,1,wk inc flu hosp,2026-05-23,quantile,0.5,16,Massachusetts,Ensemble
2026-05-16,25,1,wk inc flu hosp,2026-05-23,quantile,0.55,18,Massachusetts,Ensemble
2026-05-16,25,1,wk inc flu hosp,2026-05-23,quantile,0.6,20,Massachusetts,Ensemble
2026-05-16,25,1,wk inc flu hosp,2026-05-23,quantile,0.65,22,Massachusetts,Ensemble
2026-05-16,25,1,wk inc flu hosp,2026-05-23,quantile,0.7,24,Massachusetts,Ensemble
2026-05-16,25,1,wk inc flu hosp,2026-05-23,quantile,0.75,27,Massachusetts,Ensemble
2026-05-16,25,1,wk inc flu hosp,2026-05-23,quantile,0.8,30,Massachusetts,Ensemble
2026-05-16,25,1,wk inc flu hosp,2026-05-23,quantile,0.85,35,Massachusetts,Ensemble
2026-05-16,25,1,wk inc flu hosp,2026-05-23,quantile,0.9,60,Massachusetts,Ensemble
2026-05-16,25,1,wk inc flu hosp,2026-05-23,quantile,0.95,74,Massachusetts,Ensemble
2026-05-16,25,1,wk inc flu hosp,2026-05-23,quantile,0.975,90,Massachusetts,Ensemble
2026-05-16,25,1,wk inc flu hosp,2026-05-23,quantile,0.99,110,Massachusetts,Ensemble
2026-05-16,25,2,wk inc flu hosp,2026-05-30,quantile,0.01,1,Massachusetts,Ensemble
2026-05-16,25,2,wk inc flu hosp,2026-05-30,quantile,0.025,1,Massachusetts,Ensemble
2026-05-16,25,2,wk inc flu hosp,2026-05-30,quantile,0.05,2,Massachusetts,Ensemble
2026-05-16,25,2,wk inc flu hosp,2026-05-30,quantile,0.1,3,Massachusetts,Ensemble
2026-05-16,25,2,wk inc flu hosp,2026-05-30,quantile,0.15,4,Massachusetts,Ensemble
2026-05-16,25,2,wk inc flu hosp,2026-05-30,quantile,0.2,5,Massachusetts,Ensemble
2026-05-16,25,2,wk inc flu hosp,2026-05-30,quantile,0.25,6,Massachusetts,Ensemble
2026-05-16,25,2,wk inc flu hosp,2026-05-30,quantile,0.3,7,Massachusetts,Ensemble
2026-05-16,25,2,wk inc flu hosp,2026-05-30,quantile,0.35,8,Massachusetts,Ensemble
2026-05-16,25,2,wk inc flu hosp,2026-05-30,quantile,0.4,10,Massachusetts,Ensemble
2026-05-16,25,2,wk inc flu hosp,2026-05-30,quantile,0.45,11,Massachusetts,Ensemble
2026-05-16,25,2,wk inc flu hosp,2026-05-30,quantile,0.5,14,Massachusetts,Ensemble
2026-05-16,25,2,wk inc flu hosp,2026-05-30,quantile,0.55,15,Massachusetts,Ensemble
2026-05-16,25,2,wk inc flu hosp,2026-05-30,quantile,0.6,17,Massachusetts,Ensemble
2026-05-16,25,2,wk inc flu hosp,2026-05-30,quantile,0.65,20,Massachusetts,Ensemble
2026-05-16,25,2,wk inc flu hosp,2026-05-30,quantile,0.7,22,Massachusetts,Ensemble
2026-05-16,25,2,wk inc flu hosp,2026-05-30,quantile,0.75,25,Massachusetts,Ensemble
2026-05-16,25,2,wk inc flu hosp,2026-05-30,quantile,0.8,29,Massachusetts,Ensemble
2026-05-16,25,2,wk inc flu hosp,2026-05-30,quantile,0.85,36,Massachusetts,Ensemble
2026-05-16,25,2,wk inc flu hosp,2026-05-30,quantile,0.9,48,Massachusetts,Ensemble
2026-05-16,25,2,wk inc flu hosp,2026-05-30,quantile,0.95,92,Massachusetts,Ensemble
2026-05-16,25,2,wk inc flu hosp,2026-05-30,quantile,0.975,115,Massachusetts,Ensemble
2026-05-16,25,2,wk inc flu hosp,2026-05-30,quantile,0.99,143,Massachusetts,Ensemble
2026-05-16,25,3,wk inc flu hosp,2026-06-06,quantile,0.01,1,Massachusetts,Ensemble
2026-05-16,25,3,wk inc flu hosp,2026-06-06,quantile,0.025,1,Massachusetts,Ensemble
2026-05-16,25,3,wk inc flu hosp,2026-06-06,quantile,0.05,2,Massachusetts,Ensemble
2026-05-16,25,3,wk inc flu hosp,2026-06-06,quantile,0.1,2,Massachusetts,Ensemble
2026-05-16,25,3,wk inc flu hosp,2026-06-06,quantile,0.15,3,Massachusetts,Ensemble
2026-05-16,25,3,wk inc flu hosp,2026-06-06,quantile,0.2,4,Massachusetts,Ensemble
2026-05-16,25,3,wk inc flu hosp,2026-06-06,quantile,0.25,5,Massachusetts,Ensemble
2026-05-16,25,3,wk inc flu hosp,2026-06-06,quantile,0.3,6,Massachusetts,Ensemble
2026-05-16,25,3,wk inc flu hosp,2026-06-06,quantile,0.35,7,Massachusetts,Ensemble
2026-05-16,25,3,wk inc flu hosp,2026-06-06,quantile,0.4,8,Massachusetts,Ensemble
2026-05-16,25,3,wk inc flu hosp,2026-06-06,quantile,0.45,10,Massachusetts,Ensemble
2026-05-16,25,3,wk inc flu hosp,2026-06-06,quantile,0.5,13,Massachusetts,Ensemble
2026-05-16,25,3,wk inc flu hosp,2026-06-06,quantile,0.55,15,Massachusetts,Ensemble
2026-05-16,25,3,wk inc flu hosp,2026-06-06,quantile,0.6,18,Massachusetts,Ensemble
2026-05-16,25,3,wk inc flu hosp,2026-06-06,quantile,0.65,20,Massachusetts,Ensemble
2026-05-16,25,3,wk inc flu hosp,2026-06-06,quantile,0.7,23,Massachusetts,Ensemble
2026-05-16,25,3,wk inc flu hosp,2026-06-06,quantile,0.75,27,Massachusetts,Ensemble
2026-05-16,25,3,wk inc flu hosp,2026-06-06,quantile,0.8,33,Massachusetts,Ensemble
2026-05-16,25,3,wk inc flu hosp,2026-06-06,quantile,0.85,43,Massachusetts,Ensemble
2026-05-16,25,3,wk inc flu hosp,2026-06-06,quantile,0.9,68,Massachusetts,Ensemble
2026-05-16,25,3,wk inc flu hosp,2026-06-06,quantile,0.95,110,Massachusetts,Ensemble
2026-05-16,25,3,wk inc flu hosp,2026-06-06,quantile,0.975,134,Massachusetts,Ensemble
2026-05-16,25,3,wk inc flu hosp,2026-06-06,quantile,0.99,165,Massachusetts,Ensemble
2026-05-16,26,0,wk inc flu hosp,2026-05-16,quantile,0.01,2,Michigan,Ensemble
2026-05-16,26,0,wk inc flu hosp,2026-05-16,quantile,0.025,3,Michigan,Ensemble
2026-05-16,26,0,wk inc flu hosp,2026-05-16,quantile,0.05,4,Michigan,Ensemble
2026-05-16,26,0,wk inc flu hosp,2026-05-16,quantile,0.1,6,Michigan,Ensemble
2026-05-16,26,0,wk inc flu hosp,2026-05-16,quantile,0.15,7,Michigan,Ensemble
2026-05-16,26,0,wk inc flu hosp,2026-05-16,quantile,0.2,9,Michigan,Ensemble
2026-05-16,26,0,wk inc flu hosp,2026-05-16,quantile,0.25,10,Michigan,Ensemble
2026-05-16,26,0,wk inc flu hosp,2026-05-16,quantile,0.3,11,Michigan,Ensemble
2026-05-16,26,0,wk inc flu hosp,2026-05-16,quantile,0.35,12,Michigan,Ensemble
2026-05-16,26,0,wk inc flu hosp,2026-05-16,quantile,0.4,14,Michigan,Ensemble
2026-05-16,26,0,wk inc flu hosp,2026-05-16,quantile,0.45,16,Michigan,Ensemble
2026-05-16,26,0,wk inc flu hosp,2026-05-16,quantile,0.5,19,Michigan,Ensemble
2026-05-16,26,0,wk inc flu hosp,2026-05-16,quantile,0.55,21,Michigan,Ensemble
2026-05-16,26,0,wk inc flu hosp,2026-05-16,quantile,0.6,23,Michigan,Ensemble
2026-05-16,26,0,wk inc flu hosp,2026-05-16,quantile,0.65,25,Michigan,Ensemble
2026-05-16,26,0,wk inc flu hosp,2026-05-16,quantile,0.7,27,Michigan,Ensemble
2026-05-16,26,0,wk inc flu hosp,2026-05-16,quantile,0.75,30,Michigan,Ensemble
2026-05-16,26,0,wk inc flu hosp,2026-05-16,quantile,0.8,32,Michigan,Ensemble
2026-05-16,26,0,wk inc flu hosp,2026-05-16,quantile,0.85,36,Michigan,Ensemble
2026-05-16,26,0,wk inc flu hosp,2026-05-16,quantile,0.9,41,Michigan,Ensemble
2026-05-16,26,0,wk inc flu hosp,2026-05-16,quantile,0.95,54,Michigan,Ensemble
2026-05-16,26,0,wk inc flu hosp,2026-05-16,quantile,0.975,66,Michigan,Ensemble
2026-05-16,26,0,wk inc flu hosp,2026-05-16,quantile,0.99,79,Michigan,Ensemble
2026-05-16,26,1,wk inc flu hosp,2026-05-23,quantile,0.01,1,Michigan,Ensemble
2026-05-16,26,1,wk inc flu hosp,2026-05-23,quantile,0.025,2,Michigan,Ensemble
2026-05-16,26,1,wk inc flu hosp,2026-05-23,quantile,0.05,3,Michigan,Ensemble
2026-05-16,26,1,wk inc flu hosp,2026-05-23,quantile,0.1,4,Michigan,Ensemble
2026-05-16,26,1,wk inc flu hosp,2026-05-23,quantile,0.15,5,Michigan,Ensemble
2026-05-16,26,1,wk inc flu hosp,2026-05-23,quantile,0.2,6,Michigan,Ensemble
2026-05-16,26,1,wk inc flu hosp,2026-05-23,quantile,0.25,8,Michigan,Ensemble
2026-05-16,26,1,wk inc flu hosp,2026-05-23,quantile,0.3,9,Michigan,Ensemble
2026-05-16,26,1,wk inc flu hosp,2026-05-23,quantile,0.35,11,Michigan,Ensemble
2026-05-16,26,1,wk inc flu hosp,2026-05-23,quantile,0.4,12,Michigan,Ensemble
2026-05-16,26,1,wk inc flu hosp,2026-05-23,quantile,0.45,14,Michigan,Ensemble
2026-05-16,26,1,wk inc flu hosp,2026-05-23,quantile,0.5,17,Michigan,Ensemble
2026-05-16,26,1,wk inc flu hosp,2026-05-23,quantile,0.55,19,Michigan,Ensemble
2026-05-16,26,1,wk inc flu hosp,2026-05-23,quantile,0.6,22,Michigan,Ensemble
2026-05-16,26,1,wk inc flu hosp,2026-05-23,quantile,0.65,25,Michigan,Ensemble
2026-05-16,26,1,wk inc flu hosp,2026-05-23,quantile,0.7,27,Michigan,Ensemble
2026-05-16,26,1,wk inc flu hosp,2026-05-23,quantile,0.75,31,Michigan,Ensemble
2026-05-16,26,1,wk inc flu hosp,2026-05-23,quantile,0.8,35,Michigan,Ensemble
2026-05-16,26,1,wk inc flu hosp,2026-05-23,quantile,0.85,40,Michigan,Ensemble
2026-05-16,26,1,wk inc flu hosp,2026-05-23,quantile,0.9,51,Michigan,Ensemble
2026-05-16,26,1,wk inc flu hosp,2026-05-23,quantile,0.95,78,Michigan,Ensemble
2026-05-16,26,1,wk inc flu hosp,2026-05-23,quantile,0.975,92,Michigan,Ensemble
2026-05-16,26,1,wk inc flu hosp,2026-05-23,quantile,0.99,110,Michigan,Ensemble
2026-05-16,26,2,wk inc flu hosp,2026-05-30,quantile,0.01,1,Michigan,Ensemble
2026-05-16,26,2,wk inc flu hosp,2026-05-30,quantile,0.025,2,Michigan,Ensemble
2026-05-16,26,2,wk inc flu hosp,2026-05-30,quantile,0.05,2,Michigan,Ensemble
2026-05-16,26,2,wk inc flu hosp,2026-05-30,quantile,0.1,3,Michigan,Ensemble
2026-05-16,26,2,wk inc flu hosp,2026-05-30,quantile,0.15,5,Michigan,Ensemble
2026-05-16,26,2,wk inc flu hosp,2026-05-30,quantile,0.2,6,Michigan,Ensemble
2026-05-16,26,2,wk inc flu hosp,2026-05-30,quantile,0.25,7,Michigan,Ensemble
2026-05-16,26,2,wk inc flu hosp,2026-05-30,quantile,0.3,8,Michigan,Ensemble
2026-05-16,26,2,wk inc flu hosp,2026-05-30,quantile,0.35,9,Michigan,Ensemble
2026-05-16,26,2,wk inc flu hosp,2026-05-30,quantile,0.4,11,Michigan,Ensemble
2026-05-16,26,2,wk inc flu hosp,2026-05-30,quantile,0.45,12,Michigan,Ensemble
2026-05-16,26,2,wk inc flu hosp,2026-05-30,quantile,0.5,17,Michigan,Ensemble
2026-05-16,26,2,wk inc flu hosp,2026-05-30,quantile,0.55,19,Michigan,Ensemble
2026-05-16,26,2,wk inc flu hosp,2026-05-30,quantile,0.6,22,Michigan,Ensemble
2026-05-16,26,2,wk inc flu hosp,2026-05-30,quantile,0.65,25,Michigan,Ensemble
2026-05-16,26,2,wk inc flu hosp,2026-05-30,quantile,0.7,29,Michigan,Ensemble
2026-05-16,26,2,wk inc flu hosp,2026-05-30,quantile,0.75,32,Michigan,Ensemble
2026-05-16,26,2,wk inc flu hosp,2026-05-30,quantile,0.8,37,Michigan,Ensemble
2026-05-16,26,2,wk inc flu hosp,2026-05-30,quantile,0.85,46,Michigan,Ensemble
2026-05-16,26,2,wk inc flu hosp,2026-05-30,quantile,0.9,62,Michigan,Ensemble
2026-05-16,26,2,wk inc flu hosp,2026-05-30,quantile,0.95,97,Michigan,Ensemble
2026-05-16,26,2,wk inc flu hosp,2026-05-30,quantile,0.975,118,Michigan,Ensemble
2026-05-16,26,2,wk inc flu hosp,2026-05-30,quantile,0.99,141,Michigan,Ensemble
2026-05-16,26,3,wk inc flu hosp,2026-06-06,quantile,0.01,1,Michigan,Ensemble
2026-05-16,26,3,wk inc flu hosp,2026-06-06,quantile,0.025,1,Michigan,Ensemble
2026-05-16,26,3,wk inc flu hosp,2026-06-06,quantile,0.05,2,Michigan,Ensemble
2026-05-16,26,3,wk inc flu hosp,2026-06-06,quantile,0.1,3,Michigan,Ensemble
2026-05-16,26,3,wk inc flu hosp,2026-06-06,quantile,0.15,4,Michigan,Ensemble
2026-05-16,26,3,wk inc flu hosp,2026-06-06,quantile,0.2,5,Michigan,Ensemble
2026-05-16,26,3,wk inc flu hosp,2026-06-06,quantile,0.25,6,Michigan,Ensemble
2026-05-16,26,3,wk inc flu hosp,2026-06-06,quantile,0.3,7,Michigan,Ensemble
2026-05-16,26,3,wk inc flu hosp,2026-06-06,quantile,0.35,9,Michigan,Ensemble
2026-05-16,26,3,wk inc flu hosp,2026-06-06,quantile,0.4,10,Michigan,Ensemble
2026-05-16,26,3,wk inc flu hosp,2026-06-06,quantile,0.45,11,Michigan,Ensemble
2026-05-16,26,3,wk inc flu hosp,2026-06-06,quantile,0.5,15,Michigan,Ensemble
2026-05-16,26,3,wk inc flu hosp,2026-06-06,quantile,0.55,17,Michigan,Ensemble
2026-05-16,26,3,wk inc flu hosp,2026-06-06,quantile,0.6,20,Michigan,Ensemble
2026-05-16,26,3,wk inc flu hosp,2026-06-06,quantile,0.65,24,Michigan,Ensemble
2026-05-16,26,3,wk inc flu hosp,2026-06-06,quantile,0.7,27,Michigan,Ensemble
2026-05-16,26,3,wk inc flu hosp,2026-06-06,quantile,0.75,32,Michigan,Ensemble
2026-05-16,26,3,wk inc flu hosp,2026-06-06,quantile,0.8,40,Michigan,Ensemble
2026-05-16,26,3,wk inc flu hosp,2026-06-06,quantile,0.85,50,Michigan,Ensemble
2026-05-16,26,3,wk inc flu hosp,2026-06-06,quantile,0.9,78,Michigan,Ensemble
2026-05-16,26,3,wk inc flu hosp,2026-06-06,quantile,0.95,110,Michigan,Ensemble
2026-05-16,26,3,wk inc flu hosp,2026-06-06,quantile,0.975,130,Michigan,Ensemble
2026-05-16,26,3,wk inc flu hosp,2026-06-06,quantile,0.99,160,Michigan,Ensemble
2026-05-16,27,0,wk inc flu hosp,2026-05-16,quantile,0.01,1,Minnesota,Ensemble
2026-05-16,27,0,wk inc flu hosp,2026-05-16,quantile,0.025,2,Minnesota,Ensemble
2026-05-16,27,0,wk inc flu hosp,2026-05-16,quantile,0.05,2,Minnesota,Ensemble
2026-05-16,27,0,wk inc flu hosp,2026-05-16,quantile,0.1,3,Minnesota,Ensemble
2026-05-16,27,0,wk inc flu hosp,2026-05-16,quantile,0.15,5,Minnesota,Ensemble
2026-05-16,27,0,wk inc flu hosp,2026-05-16,quantile,0.2,6,Minnesota,Ensemble
2026-05-16,27,0,wk inc flu hosp,2026-05-16,quantile,0.25,7,Minnesota,Ensemble
2026-05-16,27,0,wk inc flu hosp,2026-05-16,quantile,0.3,8,Minnesota,Ensemble
2026-05-16,27,0,wk inc flu hosp,2026-05-16,quantile,0.35,8,Minnesota,Ensemble
2026-05-16,27,0,wk inc flu hosp,2026-05-16,quantile,0.4,9,Minnesota,Ensemble
2026-05-16,27,0,wk inc flu hosp,2026-05-16,quantile,0.45,11,Minnesota,Ensemble
2026-05-16,27,0,wk inc flu hosp,2026-05-16,quantile,0.5,13,Minnesota,Ensemble
2026-05-16,27,0,wk inc flu hosp,2026-05-16,quantile,0.55,14,Minnesota,Ensemble
2026-05-16,27,0,wk inc flu hosp,2026-05-16,quantile,0.6,16,Minnesota,Ensemble
2026-05-16,27,0,wk inc flu hosp,2026-05-16,quantile,0.65,17,Minnesota,Ensemble
2026-05-16,27,0,wk inc flu hosp,2026-05-16,quantile,0.7,19,Minnesota,Ensemble
2026-05-16,27,0,wk inc flu hosp,2026-05-16,quantile,0.75,21,Minnesota,Ensemble
2026-05-16,27,0,wk inc flu hosp,2026-05-16,quantile,0.8,23,Minnesota,Ensemble
2026-05-16,27,0,wk inc flu hosp,2026-05-16,quantile,0.85,27,Minnesota,Ensemble
2026-05-16,27,0,wk inc flu hosp,2026-05-16,quantile,0.9,32,Minnesota,Ensemble
2026-05-16,27,0,wk inc flu hosp,2026-05-16,quantile,0.95,47,Minnesota,Ensemble
2026-05-16,27,0,wk inc flu hosp,2026-05-16,quantile,0.975,55,Minnesota,Ensemble
2026-05-16,27,0,wk inc flu hosp,2026-05-16,quantile,0.99,66,Minnesota,Ensemble
2026-05-16,27,1,wk inc flu hosp,2026-05-23,quantile,0.01,0,Minnesota,Ensemble
2026-05-16,27,1,wk inc flu hosp,2026-05-23,quantile,0.025,1,Minnesota,Ensemble
2026-05-16,27,1,wk inc flu hosp,2026-05-23,quantile,0.05,1,Minnesota,Ensemble
2026-05-16,27,1,wk inc flu hosp,2026-05-23,quantile,0.1,2,Minnesota,Ensemble
2026-05-16,27,1,wk inc flu hosp,2026-05-23,quantile,0.15,3,Minnesota,Ensemble
2026-05-16,27,1,wk inc flu hosp,2026-05-23,quantile,0.2,4,Minnesota,Ensemble
2026-05-16,27,1,wk inc flu hosp,2026-05-23,quantile,0.25,5,Minnesota,Ensemble
2026-05-16,27,1,wk inc flu hosp,2026-05-23,quantile,0.3,6,Minnesota,Ensemble
2026-05-16,27,1,wk inc flu hosp,2026-05-23,quantile,0.35,7,Minnesota,Ensemble
2026-05-16,27,1,wk inc flu hosp,2026-05-23,quantile,0.4,8,Minnesota,Ensemble
2026-05-16,27,1,wk inc flu hosp,2026-05-23,quantile,0.45,9,Minnesota,Ensemble
2026-05-16,27,1,wk inc flu hosp,2026-05-23,quantile,0.5,11,Minnesota,Ensemble
2026-05-16,27,1,wk inc flu hosp,2026-05-23,quantile,0.55,13,Minnesota,Ensemble
2026-05-16,27,1,wk inc flu hosp,2026-05-23,quantile,0.6,14,Minnesota,Ensemble
2026-05-16,27,1,wk inc flu hosp,2026-05-23,quantile,0.65,16,Minnesota,Ensemble
2026-05-16,27,1,wk inc flu hosp,2026-05-23,quantile,0.7,18,Minnesota,Ensemble
2026-05-16,27,1,wk inc flu hosp,2026-05-23,quantile,0.75,21,Minnesota,Ensemble
2026-05-16,27,1,wk inc flu hosp,2026-05-23,quantile,0.8,24,Minnesota,Ensemble
2026-05-16,27,1,wk inc flu hosp,2026-05-23,quantile,0.85,31,Minnesota,Ensemble
2026-05-16,27,1,wk inc flu hosp,2026-05-23,quantile,0.9,36,Minnesota,Ensemble
2026-05-16,27,1,wk inc flu hosp,2026-05-23,quantile,0.95,58,Minnesota,Ensemble
2026-05-16,27,1,wk inc flu hosp,2026-05-23,quantile,0.975,70,Minnesota,Ensemble
2026-05-16,27,1,wk inc flu hosp,2026-05-23,quantile,0.99,83,Minnesota,Ensemble
2026-05-16,27,2,wk inc flu hosp,2026-05-30,quantile,0.01,0,Minnesota,Ensemble
2026-05-16,27,2,wk inc flu hosp,2026-05-30,quantile,0.025,0,Minnesota,Ensemble
2026-05-16,27,2,wk inc flu hosp,2026-05-30,quantile,0.05,1,Minnesota,Ensemble
2026-05-16,27,2,wk inc flu hosp,2026-05-30,quantile,0.1,1,Minnesota,Ensemble
2026-05-16,27,2,wk inc flu hosp,2026-05-30,quantile,0.15,2,Minnesota,Ensemble
2026-05-16,27,2,wk inc flu hosp,2026-05-30,quantile,0.2,3,Minnesota,Ensemble
2026-05-16,27,2,wk inc flu hosp,2026-05-30,quantile,0.25,4,Minnesota,Ensemble
2026-05-16,27,2,wk inc flu hosp,2026-05-30,quantile,0.3,5,Minnesota,Ensemble
2026-05-16,27,2,wk inc flu hosp,2026-05-30,quantile,0.35,6,Minnesota,Ensemble
2026-05-16,27,2,wk inc flu hosp,2026-05-30,quantile,0.4,7,Minnesota,Ensemble
2026-05-16,27,2,wk inc flu hosp,2026-05-30,quantile,0.45,8,Minnesota,Ensemble
2026-05-16,27,2,wk inc flu hosp,2026-05-30,quantile,0.5,10,Minnesota,Ensemble
2026-05-16,27,2,wk inc flu hosp,2026-05-30,quantile,0.55,12,Minnesota,Ensemble
2026-05-16,27,2,wk inc flu hosp,2026-05-30,quantile,0.6,13,Minnesota,Ensemble
2026-05-16,27,2,wk inc flu hosp,2026-05-30,quantile,0.65,15,Minnesota,Ensemble
2026-05-16,27,2,wk inc flu hosp,2026-05-30,quantile,0.7,18,Minnesota,Ensemble
2026-05-16,27,2,wk inc flu hosp,2026-05-30,quantile,0.75,22,Minnesota,Ensemble
2026-05-16,27,2,wk inc flu hosp,2026-05-30,quantile,0.8,26,Minnesota,Ensemble
2026-05-16,27,2,wk inc flu hosp,2026-05-30,quantile,0.85,31,Minnesota,Ensemble
2026-05-16,27,2,wk inc flu hosp,2026-05-30,quantile,0.9,40,Minnesota,Ensemble
2026-05-16,27,2,wk inc flu hosp,2026-05-30,quantile,0.95,67,Minnesota,Ensemble
2026-05-16,27,2,wk inc flu hosp,2026-05-30,quantile,0.975,83,Minnesota,Ensemble
2026-05-16,27,2,wk inc flu hosp,2026-05-30,quantile,0.99,101,Minnesota,Ensemble
2026-05-16,27,3,wk inc flu hosp,2026-06-06,quantile,0.01,0,Minnesota,Ensemble
2026-05-16,27,3,wk inc flu hosp,2026-06-06,quantile,0.025,0,Minnesota,Ensemble
2026-05-16,27,3,wk inc flu hosp,2026-06-06,quantile,0.05,1,Minnesota,Ensemble
2026-05-16,27,3,wk inc flu hosp,2026-06-06,quantile,0.1,1,Minnesota,Ensemble
2026-05-16,27,3,wk inc flu hosp,2026-06-06,quantile,0.15,2,Minnesota,Ensemble
2026-05-16,27,3,wk inc flu hosp,2026-06-06,quantile,0.2,2,Minnesota,Ensemble
2026-05-16,27,3,wk inc flu hosp,2026-06-06,quantile,0.25,3,Minnesota,Ensemble
2026-05-16,27,3,wk inc flu hosp,2026-06-06,quantile,0.3,4,Minnesota,Ensemble
2026-05-16,27,3,wk inc flu hosp,2026-06-06,quantile,0.35,4,Minnesota,Ensemble
2026-05-16,27,3,wk inc flu hosp,2026-06-06,quantile,0.4,5,Minnesota,Ensemble
2026-05-16,27,3,wk inc flu hosp,2026-06-06,quantile,0.45,6,Minnesota,Ensemble
2026-05-16,27,3,wk inc flu hosp,2026-06-06,quantile,0.5,10,Minnesota,Ensemble
2026-05-16,27,3,wk inc flu hosp,2026-06-06,quantile,0.55,11,Minnesota,Ensemble
2026-05-16,27,3,wk inc flu hosp,2026-06-06,quantile,0.6,13,Minnesota,Ensemble
2026-05-16,27,3,wk inc flu hosp,2026-06-06,quantile,0.65,15,Minnesota,Ensemble
2026-05-16,27,3,wk inc flu hosp,2026-06-06,quantile,0.7,18,Minnesota,Ensemble
2026-05-16,27,3,wk inc flu hosp,2026-06-06,quantile,0.75,22,Minnesota,Ensemble
2026-05-16,27,3,wk inc flu hosp,2026-06-06,quantile,0.8,26,Minnesota,Ensemble
2026-05-16,27,3,wk inc flu hosp,2026-06-06,quantile,0.85,33,Minnesota,Ensemble
2026-05-16,27,3,wk inc flu hosp,2026-06-06,quantile,0.9,52,Minnesota,Ensemble
2026-05-16,27,3,wk inc flu hosp,2026-06-06,quantile,0.95,76,Minnesota,Ensemble
2026-05-16,27,3,wk inc flu hosp,2026-06-06,quantile,0.975,93,Minnesota,Ensemble
2026-05-16,27,3,wk inc flu hosp,2026-06-06,quantile,0.99,115,Minnesota,Ensemble
2026-05-16,28,0,wk inc flu hosp,2026-05-16,quantile,0.01,3,Mississippi,Ensemble
2026-05-16,28,0,wk inc flu hosp,2026-05-16,quantile,0.025,4,Mississippi,Ensemble
2026-05-16,28,0,wk inc flu hosp,2026-05-16,quantile,0.05,5,Mississippi,Ensemble
2026-05-16,28,0,wk inc flu hosp,2026-05-16,quantile,0.1,7,Mississippi,Ensemble
2026-05-16,28,0,wk inc flu hosp,2026-05-16,quantile,0.15,8,Mississippi,Ensemble
2026-05-16,28,0,wk inc flu hosp,2026-05-16,quantile,0.2,9,Mississippi,Ensemble
2026-05-16,28,0,wk inc flu hosp,2026-05-16,quantile,0.25,10,Mississippi,Ensemble
2026-05-16,28,0,wk inc flu hosp,2026-05-16,quantile,0.3,11,Mississippi,Ensemble
2026-05-16,28,0,wk inc flu hosp,2026-05-16,quantile,0.35,12,Mississippi,Ensemble
2026-05-16,28,0,wk inc flu hosp,2026-05-16,quantile,0.4,13,Mississippi,Ensemble
2026-05-16,28,0,wk inc flu hosp,2026-05-16,quantile,0.45,14,Mississippi,Ensemble
2026-05-16,28,0,wk inc flu hosp,2026-05-16,quantile,0.5,16,Mississippi,Ensemble
2026-05-16,28,0,wk inc flu hosp,2026-05-16,quantile,0.55,17,Mississippi,Ensemble
2026-05-16,28,0,wk inc flu hosp,2026-05-16,quantile,0.6,18,Mississippi,Ensemble
2026-05-16,28,0,wk inc flu hosp,2026-05-16,quantile,0.65,19,Mississippi,Ensemble
2026-05-16,28,0,wk inc flu hosp,2026-05-16,quantile,0.7,21,Mississippi,Ensemble
2026-05-16,28,0,wk inc flu hosp,2026-05-16,quantile,0.75,22,Mississippi,Ensemble
2026-05-16,28,0,wk inc flu hosp,2026-05-16,quantile,0.8,24,Mississippi,Ensemble
2026-05-16,28,0,wk inc flu hosp,2026-05-16,quantile,0.85,26,Mississippi,Ensemble
2026-05-16,28,0,wk inc flu hosp,2026-05-16,quantile,0.9,30,Mississippi,Ensemble
2026-05-16,28,0,wk inc flu hosp,2026-05-16,quantile,0.95,35,Mississippi,Ensemble
2026-05-16,28,0,wk inc flu hosp,2026-05-16,quantile,0.975,40,Mississippi,Ensemble
2026-05-16,28,0,wk inc flu hosp,2026-05-16,quantile,0.99,46,Mississippi,Ensemble
2026-05-16,28,1,wk inc flu hosp,2026-05-23,quantile,0.01,2,Mississippi,Ensemble
2026-05-16,28,1,wk inc flu hosp,2026-05-23,quantile,0.025,3,Mississippi,Ensemble
2026-05-16,28,1,wk inc flu hosp,2026-05-23,quantile,0.05,4,Mississippi,Ensemble
2026-05-16,28,1,wk inc flu hosp,2026-05-23,quantile,0.1,5,Mississippi,Ensemble
2026-05-16,28,1,wk inc flu hosp,2026-05-23,quantile,0.15,6,Mississippi,Ensemble
2026-05-16,28,1,wk inc flu hosp,2026-05-23,quantile,0.2,7,Mississippi,Ensemble
2026-05-16,28,1,wk inc flu hosp,2026-05-23,quantile,0.25,8,Mississippi,Ensemble
2026-05-16,28,1,wk inc flu hosp,2026-05-23,quantile,0.3,9,Mississippi,Ensemble
2026-05-16,28,1,wk inc flu hosp,2026-05-23,quantile,0.35,10,Mississippi,Ensemble
2026-05-16,28,1,wk inc flu hosp,2026-05-23,quantile,0.4,11,Mississippi,Ensemble
2026-05-16,28,1,wk inc flu hosp,2026-05-23,quantile,0.45,13,Mississippi,Ensemble
2026-05-16,28,1,wk inc flu hosp,2026-05-23,quantile,0.5,15,Mississippi,Ensemble
2026-05-16,28,1,wk inc flu hosp,2026-05-23,quantile,0.55,16,Mississippi,Ensemble
2026-05-16,28,1,wk inc flu hosp,2026-05-23,quantile,0.6,18,Mississippi,Ensemble
2026-05-16,28,1,wk inc flu hosp,2026-05-23,quantile,0.65,19,Mississippi,Ensemble
2026-05-16,28,1,wk inc flu hosp,2026-05-23,quantile,0.7,21,Mississippi,Ensemble
2026-05-16,28,1,wk inc flu hosp,2026-05-23,quantile,0.75,22,Mississippi,Ensemble
2026-05-16,28,1,wk inc flu hosp,2026-05-23,quantile,0.8,26,Mississippi,Ensemble
2026-05-16,28,1,wk inc flu hosp,2026-05-23,quantile,0.85,29,Mississippi,Ensemble
2026-05-16,28,1,wk inc flu hosp,2026-05-23,quantile,0.9,33,Mississippi,Ensemble
2026-05-16,28,1,wk inc flu hosp,2026-05-23,quantile,0.95,41,Mississippi,Ensemble
2026-05-16,28,1,wk inc flu hosp,2026-05-23,quantile,0.975,48,Mississippi,Ensemble
2026-05-16,28,1,wk inc flu hosp,2026-05-23,quantile,0.99,57,Mississippi,Ensemble
2026-05-16,28,2,wk inc flu hosp,2026-05-30,quantile,0.01,2,Mississippi,Ensemble
2026-05-16,28,2,wk inc flu hosp,2026-05-30,quantile,0.025,2,Mississippi,Ensemble
2026-05-16,28,2,wk inc flu hosp,2026-05-30,quantile,0.05,3,Mississippi,Ensemble
2026-05-16,28,2,wk inc flu hosp,2026-05-30,quantile,0.1,4,Mississippi,Ensemble
2026-05-16,28,2,wk inc flu hosp,2026-05-30,quantile,0.15,5,Mississippi,Ensemble
2026-05-16,28,2,wk inc flu hosp,2026-05-30,quantile,0.2,6,Mississippi,Ensemble
2026-05-16,28,2,wk inc flu hosp,2026-05-30,quantile,0.25,7,Mississippi,Ensemble
2026-05-16,28,2,wk inc flu hosp,2026-05-30,quantile,0.3,8,Mississippi,Ensemble
2026-05-16,28,2,wk inc flu hosp,2026-05-30,quantile,0.35,9,Mississippi,Ensemble
2026-05-16,28,2,wk inc flu hosp,2026-05-30,quantile,0.4,10,Mississippi,Ensemble
2026-05-16,28,2,wk inc flu hosp,2026-05-30,quantile,0.45,12,Mississippi,Ensemble
2026-05-16,28,2,wk inc flu hosp,2026-05-30,quantile,0.5,14,Mississippi,Ensemble
2026-05-16,28,2,wk inc flu hosp,2026-05-30,quantile,0.55,15,Mississippi,Ensemble
2026-05-16,28,2,wk inc flu hosp,2026-05-30,quantile,0.6,17,Mississippi,Ensemble
2026-05-16,28,2,wk inc flu hosp,2026-05-30,quantile,0.65,20,Mississippi,Ensemble
2026-05-16,28,2,wk inc flu hosp,2026-05-30,quantile,0.7,22,Mississippi,Ensemble
2026-05-16,28,2,wk inc flu hosp,2026-05-30,quantile,0.75,24,Mississippi,Ensemble
2026-05-16,28,2,wk inc flu hosp,2026-05-30,quantile,0.8,27,Mississippi,Ensemble
2026-05-16,28,2,wk inc flu hosp,2026-05-30,quantile,0.85,30,Mississippi,Ensemble
2026-05-16,28,2,wk inc flu hosp,2026-05-30,quantile,0.9,36,Mississippi,Ensemble
2026-05-16,28,2,wk inc flu hosp,2026-05-30,quantile,0.95,48,Mississippi,Ensemble
2026-05-16,28,2,wk inc flu hosp,2026-05-30,quantile,0.975,54,Mississippi,Ensemble
2026-05-16,28,2,wk inc flu hosp,2026-05-30,quantile,0.99,64,Mississippi,Ensemble
2026-05-16,28,3,wk inc flu hosp,2026-06-06,quantile,0.01,2,Mississippi,Ensemble
2026-05-16,28,3,wk inc flu hosp,2026-06-06,quantile,0.025,2,Mississippi,Ensemble
2026-05-16,28,3,wk inc flu hosp,2026-06-06,quantile,0.05,3,Mississippi,Ensemble
2026-05-16,28,3,wk inc flu hosp,2026-06-06,quantile,0.1,4,Mississippi,Ensemble
2026-05-16,28,3,wk inc flu hosp,2026-06-06,quantile,0.15,5,Mississippi,Ensemble
2026-05-16,28,3,wk inc flu hosp,2026-06-06,quantile,0.2,6,Mississippi,Ensemble
2026-05-16,28,3,wk inc flu hosp,2026-06-06,quantile,0.25,6,Mississippi,Ensemble
2026-05-16,28,3,wk inc flu hosp,2026-06-06,quantile,0.3,7,Mississippi,Ensemble
2026-05-16,28,3,wk inc flu hosp,2026-06-06,quantile,0.35,8,Mississippi,Ensemble
2026-05-16,28,3,wk inc flu hosp,2026-06-06,quantile,0.4,9,Mississippi,Ensemble
2026-05-16,28,3,wk inc flu hosp,2026-06-06,quantile,0.45,11,Mississippi,Ensemble
2026-05-16,28,3,wk inc flu hosp,2026-06-06,quantile,0.5,13,Mississippi,Ensemble
2026-05-16,28,3,wk inc flu hosp,2026-06-06,quantile,0.55,15,Mississippi,Ensemble
2026-05-16,28,3,wk inc flu hosp,2026-06-06,quantile,0.6,17,Mississippi,Ensemble
2026-05-16,28,3,wk inc flu hosp,2026-06-06,quantile,0.65,19,Mississippi,Ensemble
2026-05-16,28,3,wk inc flu hosp,2026-06-06,quantile,0.7,21,Mississippi,Ensemble
2026-05-16,28,3,wk inc flu hosp,2026-06-06,quantile,0.75,27,Mississippi,Ensemble
2026-05-16,28,3,wk inc flu hosp,2026-06-06,quantile,0.8,29,Mississippi,Ensemble
2026-05-16,28,3,wk inc flu hosp,2026-06-06,quantile,0.85,33,Mississippi,Ensemble
2026-05-16,28,3,wk inc flu hosp,2026-06-06,quantile,0.9,40,Mississippi,Ensemble
2026-05-16,28,3,wk inc flu hosp,2026-06-06,quantile,0.95,50,Mississippi,Ensemble
2026-05-16,28,3,wk inc flu hosp,2026-06-06,quantile,0.975,58,Mississippi,Ensemble
2026-05-16,28,3,wk inc flu hosp,2026-06-06,quantile,0.99,70,Mississippi,Ensemble
2026-05-16,29,0,wk inc flu hosp,2026-05-16,quantile,0.01,1,Missouri,Ensemble
2026-05-16,29,0,wk inc flu hosp,2026-05-16,quantile,0.025,1,Missouri,Ensemble
2026-05-16,29,0,wk inc flu hosp,2026-05-16,quantile,0.05,1,Missouri,Ensemble
2026-05-16,29,0,wk inc flu hosp,2026-05-16,quantile,0.1,2,Missouri,Ensemble
2026-05-16,29,0,wk inc flu hosp,2026-05-16,quantile,0.15,3,Missouri,Ensemble
2026-05-16,29,0,wk inc flu hosp,2026-05-16,quantile,0.2,3,Missouri,Ensemble
2026-05-16,29,0,wk inc flu hosp,2026-05-16,quantile,0.25,4,Missouri,Ensemble
2026-05-16,29,0,wk inc flu hosp,2026-05-16,quantile,0.3,5,Missouri,Ensemble
2026-05-16,29,0,wk inc flu hosp,2026-05-16,quantile,0.35,5,Missouri,Ensemble
2026-05-16,29,0,wk inc flu hosp,2026-05-16,quantile,0.4,6,Missouri,Ensemble
2026-05-16,29,0,wk inc flu hosp,2026-05-16,quantile,0.45,7,Missouri,Ensemble
2026-05-16,29,0,wk inc flu hosp,2026-05-16,quantile,0.5,10,Missouri,Ensemble
2026-05-16,29,0,wk inc flu hosp,2026-05-16,quantile,0.55,11,Missouri,Ensemble
2026-05-16,29,0,wk inc flu hosp,2026-05-16,quantile,0.6,12,Missouri,Ensemble
2026-05-16,29,0,wk inc flu hosp,2026-05-16,quantile,0.65,14,Missouri,Ensemble
2026-05-16,29,0,wk inc flu hosp,2026-05-16,quantile,0.7,15,Missouri,Ensemble
2026-05-16,29,0,wk inc flu hosp,2026-05-16,quantile,0.75,17,Missouri,Ensemble
2026-05-16,29,0,wk inc flu hosp,2026-05-16,quantile,0.8,19,Missouri,Ensemble
2026-05-16,29,0,wk inc flu hosp,2026-05-16,quantile,0.85,25,Missouri,Ensemble
2026-05-16,29,0,wk inc flu hosp,2026-05-16,quantile,0.9,28,Missouri,Ensemble
2026-05-16,29,0,wk inc flu hosp,2026-05-16,quantile,0.95,38,Missouri,Ensemble
2026-05-16,29,0,wk inc flu hosp,2026-05-16,quantile,0.975,44,Missouri,Ensemble
2026-05-16,29,0,wk inc flu hosp,2026-05-16,quantile,0.99,53,Missouri,Ensemble
2026-05-16,29,1,wk inc flu hosp,2026-05-23,quantile,0.01,0,Missouri,Ensemble
2026-05-16,29,1,wk inc flu hosp,2026-05-23,quantile,0.025,1,Missouri,Ensemble
2026-05-16,29,1,wk inc flu hosp,2026-05-23,quantile,0.05,1,Missouri,Ensemble
2026-05-16,29,1,wk inc flu hosp,2026-05-23,quantile,0.1,2,Missouri,Ensemble
2026-05-16,29,1,wk inc flu hosp,2026-05-23,quantile,0.15,2,Missouri,Ensemble
2026-05-16,29,1,wk inc flu hosp,2026-05-23,quantile,0.2,3,Missouri,Ensemble
2026-05-16,29,1,wk inc flu hosp,2026-05-23,quantile,0.25,3,Missouri,Ensemble
2026-05-16,29,1,wk inc flu hosp,2026-05-23,quantile,0.3,4,Missouri,Ensemble
2026-05-16,29,1,wk inc flu hosp,2026-05-23,quantile,0.35,5,Missouri,Ensemble
2026-05-16,29,1,wk inc flu hosp,2026-05-23,quantile,0.4,6,Missouri,Ensemble
2026-05-16,29,1,wk inc flu hosp,2026-05-23,quantile,0.45,7,Missouri,Ensemble
2026-05-16,29,1,wk inc flu hosp,2026-05-23,quantile,0.5,9,Missouri,Ensemble
2026-05-16,29,1,wk inc flu hosp,2026-05-23,quantile,0.55,10,Missouri,Ensemble
2026-05-16,29,1,wk inc flu hosp,2026-05-23,quantile,0.6,12,Missouri,Ensemble
2026-05-16,29,1,wk inc flu hosp,2026-05-23,quantile,0.65,14,Missouri,Ensemble
2026-05-16,29,1,wk inc flu hosp,2026-05-23,quantile,0.7,16,Missouri,Ensemble
2026-05-16,29,1,wk inc flu hosp,2026-05-23,quantile,0.75,19,Missouri,Ensemble
2026-05-16,29,1,wk inc flu hosp,2026-05-23,quantile,0.8,22,Missouri,Ensemble
2026-05-16,29,1,wk inc flu hosp,2026-05-23,quantile,0.85,25,Missouri,Ensemble
2026-05-16,29,1,wk inc flu hosp,2026-05-23,quantile,0.9,46,Missouri,Ensemble
2026-05-16,29,1,wk inc flu hosp,2026-05-23,quantile,0.95,57,Missouri,Ensemble
2026-05-16,29,1,wk inc flu hosp,2026-05-23,quantile,0.975,66,Missouri,Ensemble
2026-05-16,29,1,wk inc flu hosp,2026-05-23,quantile,0.99,79,Missouri,Ensemble
2026-05-16,29,2,wk inc flu hosp,2026-05-30,quantile,0.01,1,Missouri,Ensemble
2026-05-16,29,2,wk inc flu hosp,2026-05-30,quantile,0.025,1,Missouri,Ensemble
2026-05-16,29,2,wk inc flu hosp,2026-05-30,quantile,0.05,1,Missouri,Ensemble
2026-05-16,29,2,wk inc flu hosp,2026-05-30,quantile,0.1,2,Missouri,Ensemble
2026-05-16,29,2,wk inc flu hosp,2026-05-30,quantile,0.15,2,Missouri,Ensemble
2026-05-16,29,2,wk inc flu hosp,2026-05-30,quantile,0.2,3,Missouri,Ensemble
2026-05-16,29,2,wk inc flu hosp,2026-05-30,quantile,0.25,3,Missouri,Ensemble
2026-05-16,29,2,wk inc flu hosp,2026-05-30,quantile,0.3,4,Missouri,Ensemble
2026-05-16,29,2,wk inc flu hosp,2026-05-30,quantile,0.35,4,Missouri,Ensemble
2026-05-16,29,2,wk inc flu hosp,2026-05-30,quantile,0.4,5,Missouri,Ensemble
2026-05-16,29,2,wk inc flu hosp,2026-05-30,quantile,0.45,6,Missouri,Ensemble
2026-05-16,29,2,wk inc flu hosp,2026-05-30,quantile,0.5,8,Missouri,Ensemble
2026-05-16,29,2,wk inc flu hosp,2026-05-30,quantile,0.55,10,Missouri,Ensemble
2026-05-16,29,2,wk inc flu hosp,2026-05-30,quantile,0.6,12,Missouri,Ensemble
2026-05-16,29,2,wk inc flu hosp,2026-05-30,quantile,0.65,14,Missouri,Ensemble
2026-05-16,29,2,wk inc flu hosp,2026-05-30,quantile,0.7,16,Missouri,Ensemble
2026-05-16,29,2,wk inc flu hosp,2026-05-30,quantile,0.75,21,Missouri,Ensemble
2026-05-16,29,2,wk inc flu hosp,2026-05-30,quantile,0.8,24,Missouri,Ensemble
2026-05-16,29,2,wk inc flu hosp,2026-05-30,quantile,0.85,29,Missouri,Ensemble
2026-05-16,29,2,wk inc flu hosp,2026-05-30,quantile,0.9,36,Missouri,Ensemble
2026-05-16,29,2,wk inc flu hosp,2026-05-30,quantile,0.95,67,Missouri,Ensemble
2026-05-16,29,2,wk inc flu hosp,2026-05-30,quantile,0.975,78,Missouri,Ensemble
2026-05-16,29,2,wk inc flu hosp,2026-05-30,quantile,0.99,96,Missouri,Ensemble
2026-05-16,29,3,wk inc flu hosp,2026-06-06,quantile,0.01,0,Missouri,Ensemble
2026-05-16,29,3,wk inc flu hosp,2026-06-06,quantile,0.025,1,Missouri,Ensemble
2026-05-16,29,3,wk inc flu hosp,2026-06-06,quantile,0.05,1,Missouri,Ensemble
2026-05-16,29,3,wk inc flu hosp,2026-06-06,quantile,0.1,2,Missouri,Ensemble
2026-05-16,29,3,wk inc flu hosp,2026-06-06,quantile,0.15,2,Missouri,Ensemble
2026-05-16,29,3,wk inc flu hosp,2026-06-06,quantile,0.2,2,Missouri,Ensemble
2026-05-16,29,3,wk inc flu hosp,2026-06-06,quantile,0.25,3,Missouri,Ensemble
2026-05-16,29,3,wk inc flu hosp,2026-06-06,quantile,0.3,3,Missouri,Ensemble
2026-05-16,29,3,wk inc flu hosp,2026-06-06,quantile,0.35,4,Missouri,Ensemble
2026-05-16,29,3,wk inc flu hosp,2026-06-06,quantile,0.4,5,Missouri,Ensemble
2026-05-16,29,3,wk inc flu hosp,2026-06-06,quantile,0.45,6,Missouri,Ensemble
2026-05-16,29,3,wk inc flu hosp,2026-06-06,quantile,0.5,8,Missouri,Ensemble
2026-05-16,29,3,wk inc flu hosp,2026-06-06,quantile,0.55,10,Missouri,Ensemble
2026-05-16,29,3,wk inc flu hosp,2026-06-06,quantile,0.6,12,Missouri,Ensemble
2026-05-16,29,3,wk inc flu hosp,2026-06-06,quantile,0.65,15,Missouri,Ensemble
2026-05-16,29,3,wk inc flu hosp,2026-06-06,quantile,0.7,19,Missouri,Ensemble
2026-05-16,29,3,wk inc flu hosp,2026-06-06,quantile,0.75,22,Missouri,Ensemble
2026-05-16,29,3,wk inc flu hosp,2026-06-06,quantile,0.8,26,Missouri,Ensemble
2026-05-16,29,3,wk inc flu hosp,2026-06-06,quantile,0.85,32,Missouri,Ensemble
2026-05-16,29,3,wk inc flu hosp,2026-06-06,quantile,0.9,43,Missouri,Ensemble
2026-05-16,29,3,wk inc flu hosp,2026-06-06,quantile,0.95,75,Missouri,Ensemble
2026-05-16,29,3,wk inc flu hosp,2026-06-06,quantile,0.975,89,Missouri,Ensemble
2026-05-16,29,3,wk inc flu hosp,2026-06-06,quantile,0.99,109,Missouri,Ensemble
2026-05-16,30,0,wk inc flu hosp,2026-05-16,quantile,0.01,0,Montana,Ensemble
2026-05-16,30,0,wk inc flu hosp,2026-05-16,quantile,0.025,0,Montana,Ensemble
2026-05-16,30,0,wk inc flu hosp,2026-05-16,quantile,0.05,0,Montana,Ensemble
2026-05-16,30,0,wk inc flu hosp,2026-05-16,quantile,0.1,0,Montana,Ensemble
2026-05-16,30,0,wk inc flu hosp,2026-05-16,quantile,0.15,1,Montana,Ensemble
2026-05-16,30,0,wk inc flu hosp,2026-05-16,quantile,0.2,1,Montana,Ensemble
2026-05-16,30,0,wk inc flu hosp,2026-05-16,quantile,0.25,1,Montana,Ensemble
2026-05-16,30,0,wk inc flu hosp,2026-05-16,quantile,0.3,2,Montana,Ensemble
2026-05-16,30,0,wk inc flu hosp,2026-05-16,quantile,0.35,2,Montana,Ensemble
2026-05-16,30,0,wk inc flu hosp,2026-05-16,quantile,0.4,2,Montana,Ensemble
2026-05-16,30,0,wk inc flu hosp,2026-05-16,quantile,0.45,3,Montana,Ensemble
2026-05-16,30,0,wk inc flu hosp,2026-05-16,quantile,0.5,4,Montana,Ensemble
2026-05-16,30,0,wk inc flu hosp,2026-05-16,quantile,0.55,5,Montana,Ensemble
2026-05-16,30,0,wk inc flu hosp,2026-05-16,quantile,0.6,5,Montana,Ensemble
2026-05-16,30,0,wk inc flu hosp,2026-05-16,quantile,0.65,5,Montana,Ensemble
2026-05-16,30,0,wk inc flu hosp,2026-05-16,quantile,0.7,6,Montana,Ensemble
2026-05-16,30,0,wk inc flu hosp,2026-05-16,quantile,0.75,7,Montana,Ensemble
2026-05-16,30,0,wk inc flu hosp,2026-05-16,quantile,0.8,7,Montana,Ensemble
2026-05-16,30,0,wk inc flu hosp,2026-05-16,quantile,0.85,9,Montana,Ensemble
2026-05-16,30,0,wk inc flu hosp,2026-05-16,quantile,0.9,10,Montana,Ensemble
2026-05-16,30,0,wk inc flu hosp,2026-05-16,quantile,0.95,13,Montana,Ensemble
2026-05-16,30,0,wk inc flu hosp,2026-05-16,quantile,0.975,16,Montana,Ensemble
2026-05-16,30,0,wk inc flu hosp,2026-05-16,quantile,0.99,20,Montana,Ensemble
2026-05-16,30,1,wk inc flu hosp,2026-05-23,quantile,0.01,0,Montana,Ensemble
2026-05-16,30,1,wk inc flu hosp,2026-05-23,quantile,0.025,0,Montana,Ensemble
2026-05-16,30,1,wk inc flu hosp,2026-05-23,quantile,0.05,0,Montana,Ensemble
2026-05-16,30,1,wk inc flu hosp,2026-05-23,quantile,0.1,0,Montana,Ensemble
2026-05-16,30,1,wk inc flu hosp,2026-05-23,quantile,0.15,0,Montana,Ensemble
2026-05-16,30,1,wk inc flu hosp,2026-05-23,quantile,0.2,1,Montana,Ensemble
2026-05-16,30,1,wk inc flu hosp,2026-05-23,quantile,0.25,1,Montana,Ensemble
2026-05-16,30,1,wk inc flu hosp,2026-05-23,quantile,0.3,1,Montana,Ensemble
2026-05-16,30,1,wk inc flu hosp,2026-05-23,quantile,0.35,1,Montana,Ensemble
2026-05-16,30,1,wk inc flu hosp,2026-05-23,quantile,0.4,2,Montana,Ensemble
2026-05-16,30,1,wk inc flu hosp,2026-05-23,quantile,0.45,2,Montana,Ensemble
2026-05-16,30,1,wk inc flu hosp,2026-05-23,quantile,0.5,4,Montana,Ensemble
2026-05-16,30,1,wk inc flu hosp,2026-05-23,quantile,0.55,4,Montana,Ensemble
2026-05-16,30,1,wk inc flu hosp,2026-05-23,quantile,0.6,5,Montana,Ensemble
2026-05-16,30,1,wk inc flu hosp,2026-05-23,quantile,0.65,6,Montana,Ensemble
2026-05-16,30,1,wk inc flu hosp,2026-05-23,quantile,0.7,6,Montana,Ensemble
2026-05-16,30,1,wk inc flu hosp,2026-05-23,quantile,0.75,7,Montana,Ensemble
2026-05-16,30,1,wk inc flu hosp,2026-05-23,quantile,0.8,8,Montana,Ensemble
2026-05-16,30,1,wk inc flu hosp,2026-05-23,quantile,0.85,11,Montana,Ensemble
2026-05-16,30,1,wk inc flu hosp,2026-05-23,quantile,0.9,14,Montana,Ensemble
2026-05-16,30,1,wk inc flu hosp,2026-05-23,quantile,0.95,17,Montana,Ensemble
2026-05-16,30,1,wk inc flu hosp,2026-05-23,quantile,0.975,20,Montana,Ensemble
2026-05-16,30,1,wk inc flu hosp,2026-05-23,quantile,0.99,25,Montana,Ensemble
2026-05-16,30,2,wk inc flu hosp,2026-05-30,quantile,0.01,0,Montana,Ensemble
2026-05-16,30,2,wk inc flu hosp,2026-05-30,quantile,0.025,0,Montana,Ensemble
2026-05-16,30,2,wk inc flu hosp,2026-05-30,quantile,0.05,0,Montana,Ensemble
2026-05-16,30,2,wk inc flu hosp,2026-05-30,quantile,0.1,0,Montana,Ensemble
2026-05-16,30,2,wk inc flu hosp,2026-05-30,quantile,0.15,0,Montana,Ensemble
2026-05-16,30,2,wk inc flu hosp,2026-05-30,quantile,0.2,0,Montana,Ensemble
2026-05-16,30,2,wk inc flu hosp,2026-05-30,quantile,0.25,1,Montana,Ensemble
2026-05-16,30,2,wk inc flu hosp,2026-05-30,quantile,0.3,1,Montana,Ensemble
2026-05-16,30,2,wk inc flu hosp,2026-05-30,quantile,0.35,1,Montana,Ensemble
2026-05-16,30,2,wk inc flu hosp,2026-05-30,quantile,0.4,1,Montana,Ensemble
2026-05-16,30,2,wk inc flu hosp,2026-05-30,quantile,0.45,2,Montana,Ensemble
2026-05-16,30,2,wk inc flu hosp,2026-05-30,quantile,0.5,3,Montana,Ensemble
2026-05-16,30,2,wk inc flu hosp,2026-05-30,quantile,0.55,4,Montana,Ensemble
2026-05-16,30,2,wk inc flu hosp,2026-05-30,quantile,0.6,5,Montana,Ensemble
2026-05-16,30,2,wk inc flu hosp,2026-05-30,quantile,0.65,5,Montana,Ensemble
2026-05-16,30,2,wk inc flu hosp,2026-05-30,quantile,0.7,6,Montana,Ensemble
2026-05-16,30,2,wk inc flu hosp,2026-05-30,quantile,0.75,7,Montana,Ensemble
2026-05-16,30,2,wk inc flu hosp,2026-05-30,quantile,0.8,10,Montana,Ensemble
2026-05-16,30,2,wk inc flu hosp,2026-05-30,quantile,0.85,11,Montana,Ensemble
2026-05-16,30,2,wk inc flu hosp,2026-05-30,quantile,0.9,14,Montana,Ensemble
2026-05-16,30,2,wk inc flu hosp,2026-05-30,quantile,0.95,20,Montana,Ensemble
2026-05-16,30,2,wk inc flu hosp,2026-05-30,quantile,0.975,23,Montana,Ensemble
2026-05-16,30,2,wk inc flu hosp,2026-05-30,quantile,0.99,29,Montana,Ensemble
2026-05-16,30,3,wk inc flu hosp,2026-06-06,quantile,0.01,0,Montana,Ensemble
2026-05-16,30,3,wk inc flu hosp,2026-06-06,quantile,0.025,0,Montana,Ensemble
2026-05-16,30,3,wk inc flu hosp,2026-06-06,quantile,0.05,0,Montana,Ensemble
2026-05-16,30,3,wk inc flu hosp,2026-06-06,quantile,0.1,0,Montana,Ensemble
2026-05-16,30,3,wk inc flu hosp,2026-06-06,quantile,0.15,0,Montana,Ensemble
2026-05-16,30,3,wk inc flu hosp,2026-06-06,quantile,0.2,0,Montana,Ensemble
2026-05-16,30,3,wk inc flu hosp,2026-06-06,quantile,0.25,0,Montana,Ensemble
2026-05-16,30,3,wk inc flu hosp,2026-06-06,quantile,0.3,1,Montana,Ensemble
2026-05-16,30,3,wk inc flu hosp,2026-06-06,quantile,0.35,1,Montana,Ensemble
2026-05-16,30,3,wk inc flu hosp,2026-06-06,quantile,0.4,1,Montana,Ensemble
2026-05-16,30,3,wk inc flu hosp,2026-06-06,quantile,0.45,2,Montana,Ensemble
2026-05-16,30,3,wk inc flu hosp,2026-06-06,quantile,0.5,3,Montana,Ensemble
2026-05-16,30,3,wk inc flu hosp,2026-06-06,quantile,0.55,4,Montana,Ensemble
2026-05-16,30,3,wk inc flu hosp,2026-06-06,quantile,0.6,4,Montana,Ensemble
2026-05-16,30,3,wk inc flu hosp,2026-06-06,quantile,0.65,5,Montana,Ensemble
2026-05-16,30,3,wk inc flu hosp,2026-06-06,quantile,0.7,6,Montana,Ensemble
2026-05-16,30,3,wk inc flu hosp,2026-06-06,quantile,0.75,8,Montana,Ensemble
2026-05-16,30,3,wk inc flu hosp,2026-06-06,quantile,0.8,9,Montana,Ensemble
2026-05-16,30,3,wk inc flu hosp,2026-06-06,quantile,0.85,10,Montana,Ensemble
2026-05-16,30,3,wk inc flu hosp,2026-06-06,quantile,0.9,14,Montana,Ensemble
2026-05-16,30,3,wk inc flu hosp,2026-06-06,quantile,0.95,20,Montana,Ensemble
2026-05-16,30,3,wk inc flu hosp,2026-06-06,quantile,0.975,25,Montana,Ensemble
2026-05-16,30,3,wk inc flu hosp,2026-06-06,quantile,0.99,31,Montana,Ensemble
2026-05-16,31,0,wk inc flu hosp,2026-05-16,quantile,0.01,0,Nebraska,Ensemble
2026-05-16,31,0,wk inc flu hosp,2026-05-16,quantile,0.025,0,Nebraska,Ensemble
2026-05-16,31,0,wk inc flu hosp,2026-05-16,quantile,0.05,0,Nebraska,Ensemble
2026-05-16,31,0,wk inc flu hosp,2026-05-16,quantile,0.1,0,Nebraska,Ensemble
2026-05-16,31,0,wk inc flu hosp,2026-05-16,quantile,0.15,1,Nebraska,Ensemble
2026-05-16,31,0,wk inc flu hosp,2026-05-16,quantile,0.2,1,Nebraska,Ensemble
2026-05-16,31,0,wk inc flu hosp,2026-05-16,quantile,0.25,1,Nebraska,Ensemble
2026-05-16,31,0,wk inc flu hosp,2026-05-16,quantile,0.3,2,Nebraska,Ensemble
2026-05-16,31,0,wk inc flu hosp,2026-05-16,quantile,0.35,2,Nebraska,Ensemble
2026-05-16,31,0,wk inc flu hosp,2026-05-16,quantile,0.4,3,Nebraska,Ensemble
2026-05-16,31,0,wk inc flu hosp,2026-05-16,quantile,0.45,3,Nebraska,Ensemble
2026-05-16,31,0,wk inc flu hosp,2026-05-16,quantile,0.5,4,Nebraska,Ensemble
2026-05-16,31,0,wk inc flu hosp,2026-05-16,quantile,0.55,5,Nebraska,Ensemble
2026-05-16,31,0,wk inc flu hosp,2026-05-16,quantile,0.6,5,Nebraska,Ensemble
2026-05-16,31,0,wk inc flu hosp,2026-05-16,quantile,0.65,6,Nebraska,Ensemble
2026-05-16,31,0,wk inc flu hosp,2026-05-16,quantile,0.7,7,Nebraska,Ensemble
2026-05-16,31,0,wk inc flu hosp,2026-05-16,quantile,0.75,7,Nebraska,Ensemble
2026-05-16,31,0,wk inc flu hosp,2026-05-16,quantile,0.8,8,Nebraska,Ensemble
2026-05-16,31,0,wk inc flu hosp,2026-05-16,quantile,0.85,9,Nebraska,Ensemble
2026-05-16,31,0,wk inc flu hosp,2026-05-16,quantile,0.9,12,Nebraska,Ensemble
2026-05-16,31,0,wk inc flu hosp,2026-05-16,quantile,0.95,15,Nebraska,Ensemble
2026-05-16,31,0,wk inc flu hosp,2026-05-16,quantile,0.975,17,Nebraska,Ensemble
2026-05-16,31,0,wk inc flu hosp,2026-05-16,quantile,0.99,21,Nebraska,Ensemble
2026-05-16,31,1,wk inc flu hosp,2026-05-23,quantile,0.01,0,Nebraska,Ensemble
2026-05-16,31,1,wk inc flu hosp,2026-05-23,quantile,0.025,0,Nebraska,Ensemble
2026-05-16,31,1,wk inc flu hosp,2026-05-23,quantile,0.05,0,Nebraska,Ensemble
2026-05-16,31,1,wk inc flu hosp,2026-05-23,quantile,0.1,0,Nebraska,Ensemble
2026-05-16,31,1,wk inc flu hosp,2026-05-23,quantile,0.15,0,Nebraska,Ensemble
2026-05-16,31,1,wk inc flu hosp,2026-05-23,quantile,0.2,1,Nebraska,Ensemble
2026-05-16,31,1,wk inc flu hosp,2026-05-23,quantile,0.25,1,Nebraska,Ensemble
2026-05-16,31,1,wk inc flu hosp,2026-05-23,quantile,0.3,1,Nebraska,Ensemble
2026-05-16,31,1,wk inc flu hosp,2026-05-23,quantile,0.35,2,Nebraska,Ensemble
2026-05-16,31,1,wk inc flu hosp,2026-05-23,quantile,0.4,2,Nebraska,Ensemble
2026-05-16,31,1,wk inc flu hosp,2026-05-23,quantile,0.45,2,Nebraska,Ensemble
2026-05-16,31,1,wk inc flu hosp,2026-05-23,quantile,0.5,4,Nebraska,Ensemble
2026-05-16,31,1,wk inc flu hosp,2026-05-23,quantile,0.55,5,Nebraska,Ensemble
2026-05-16,31,1,wk inc flu hosp,2026-05-23,quantile,0.6,5,Nebraska,Ensemble
2026-05-16,31,1,wk inc flu hosp,2026-05-23,quantile,0.65,6,Nebraska,Ensemble
2026-05-16,31,1,wk inc flu hosp,2026-05-23,quantile,0.7,6,Nebraska,Ensemble
2026-05-16,31,1,wk inc flu hosp,2026-05-23,quantile,0.75,7,Nebraska,Ensemble
2026-05-16,31,1,wk inc flu hosp,2026-05-23,quantile,0.8,8,Nebraska,Ensemble
2026-05-16,31,1,wk inc flu hosp,2026-05-23,quantile,0.85,11,Nebraska,Ensemble
2026-05-16,31,1,wk inc flu hosp,2026-05-23,quantile,0.9,14,Nebraska,Ensemble
2026-05-16,31,1,wk inc flu hosp,2026-05-23,quantile,0.95,17,Nebraska,Ensemble
2026-05-16,31,1,wk inc flu hosp,2026-05-23,quantile,0.975,20,Nebraska,Ensemble
2026-05-16,31,1,wk inc flu hosp,2026-05-23,quantile,0.99,24,Nebraska,Ensemble
2026-05-16,31,2,wk inc flu hosp,2026-05-30,quantile,0.01,0,Nebraska,Ensemble
2026-05-16,31,2,wk inc flu hosp,2026-05-30,quantile,0.025,0,Nebraska,Ensemble
2026-05-16,31,2,wk inc flu hosp,2026-05-30,quantile,0.05,0,Nebraska,Ensemble
2026-05-16,31,2,wk inc flu hosp,2026-05-30,quantile,0.1,0,Nebraska,Ensemble
2026-05-16,31,2,wk inc flu hosp,2026-05-30,quantile,0.15,0,Nebraska,Ensemble
2026-05-16,31,2,wk inc flu hosp,2026-05-30,quantile,0.2,1,Nebraska,Ensemble
2026-05-16,31,2,wk inc flu hosp,2026-05-30,quantile,0.25,1,Nebraska,Ensemble
2026-05-16,31,2,wk inc flu hosp,2026-05-30,quantile,0.3,1,Nebraska,Ensemble
2026-05-16,31,2,wk inc flu hosp,2026-05-30,quantile,0.35,1,Nebraska,Ensemble
2026-05-16,31,2,wk inc flu hosp,2026-05-30,quantile,0.4,2,Nebraska,Ensemble
2026-05-16,31,2,wk inc flu hosp,2026-05-30,quantile,0.45,2,Nebraska,Ensemble
2026-05-16,31,2,wk inc flu hosp,2026-05-30,quantile,0.5,4,Nebraska,Ensemble
2026-05-16,31,2,wk inc flu hosp,2026-05-30,quantile,0.55,4,Nebraska,Ensemble
2026-05-16,31,2,wk inc flu hosp,2026-05-30,quantile,0.6,5,Nebraska,Ensemble
2026-05-16,31,2,wk inc flu hosp,2026-05-30,quantile,0.65,5,Nebraska,Ensemble
2026-05-16,31,2,wk inc flu hosp,2026-05-30,quantile,0.7,6,Nebraska,Ensemble
2026-05-16,31,2,wk inc flu hosp,2026-05-30,quantile,0.75,7,Nebraska,Ensemble
2026-05-16,31,2,wk inc flu hosp,2026-05-30,quantile,0.8,9,Nebraska,Ensemble
2026-05-16,31,2,wk inc flu hosp,2026-05-30,quantile,0.85,11,Nebraska,Ensemble
2026-05-16,31,2,wk inc flu hosp,2026-05-30,quantile,0.9,15,Nebraska,Ensemble
2026-05-16,31,2,wk inc flu hosp,2026-05-30,quantile,0.95,22,Nebraska,Ensemble
2026-05-16,31,2,wk inc flu hosp,2026-05-30,quantile,0.975,25,Nebraska,Ensemble
2026-05-16,31,2,wk inc flu hosp,2026-05-30,quantile,0.99,32,Nebraska,Ensemble
2026-05-16,31,3,wk inc flu hosp,2026-06-06,quantile,0.01,0,Nebraska,Ensemble
2026-05-16,31,3,wk inc flu hosp,2026-06-06,quantile,0.025,0,Nebraska,Ensemble
2026-05-16,31,3,wk inc flu hosp,2026-06-06,quantile,0.05,0,Nebraska,Ensemble
2026-05-16,31,3,wk inc flu hosp,2026-06-06,quantile,0.1,0,Nebraska,Ensemble
2026-05-16,31,3,wk inc flu hosp,2026-06-06,quantile,0.15,0,Nebraska,Ensemble
2026-05-16,31,3,wk inc flu hosp,2026-06-06,quantile,0.2,1,Nebraska,Ensemble
2026-05-16,31,3,wk inc flu hosp,2026-06-06,quantile,0.25,1,Nebraska,Ensemble
2026-05-16,31,3,wk inc flu hosp,2026-06-06,quantile,0.3,1,Nebraska,Ensemble
2026-05-16,31,3,wk inc flu hosp,2026-06-06,quantile,0.35,1,Nebraska,Ensemble
2026-05-16,31,3,wk inc flu hosp,2026-06-06,quantile,0.4,1,Nebraska,Ensemble
2026-05-16,31,3,wk inc flu hosp,2026-06-06,quantile,0.45,2,Nebraska,Ensemble
2026-05-16,31,3,wk inc flu hosp,2026-06-06,quantile,0.5,3,Nebraska,Ensemble
2026-05-16,31,3,wk inc flu hosp,2026-06-06,quantile,0.55,4,Nebraska,Ensemble
2026-05-16,31,3,wk inc flu hosp,2026-06-06,quantile,0.6,5,Nebraska,Ensemble
2026-05-16,31,3,wk inc flu hosp,2026-06-06,quantile,0.65,6,Nebraska,Ensemble
2026-05-16,31,3,wk inc flu hosp,2026-06-06,quantile,0.7,7,Nebraska,Ensemble
2026-05-16,31,3,wk inc flu hosp,2026-06-06,quantile,0.75,8,Nebraska,Ensemble
2026-05-16,31,3,wk inc flu hosp,2026-06-06,quantile,0.8,10,Nebraska,Ensemble
2026-05-16,31,3,wk inc flu hosp,2026-06-06,quantile,0.85,13,Nebraska,Ensemble
2026-05-16,31,3,wk inc flu hosp,2026-06-06,quantile,0.9,16,Nebraska,Ensemble
2026-05-16,31,3,wk inc flu hosp,2026-06-06,quantile,0.95,22,Nebraska,Ensemble
2026-05-16,31,3,wk inc flu hosp,2026-06-06,quantile,0.975,27,Nebraska,Ensemble
2026-05-16,31,3,wk inc flu hosp,2026-06-06,quantile,0.99,33,Nebraska,Ensemble
2026-05-16,32,0,wk inc flu hosp,2026-05-16,quantile,0.01,10,Nevada,Ensemble
2026-05-16,32,0,wk inc flu hosp,2026-05-16,quantile,0.025,12,Nevada,Ensemble
2026-05-16,32,0,wk inc flu hosp,2026-05-16,quantile,0.05,15,Nevada,Ensemble
2026-05-16,32,0,wk inc flu hosp,2026-05-16,quantile,0.1,19,Nevada,Ensemble
2026-05-16,32,0,wk inc flu hosp,2026-05-16,quantile,0.15,21,Nevada,Ensemble
2026-05-16,32,0,wk inc flu hosp,2026-05-16,quantile,0.2,23,Nevada,Ensemble
2026-05-16,32,0,wk inc flu hosp,2026-05-16,quantile,0.25,25,Nevada,Ensemble
2026-05-16,32,0,wk inc flu hosp,2026-05-16,quantile,0.3,27,Nevada,Ensemble
2026-05-16,32,0,wk inc flu hosp,2026-05-16,quantile,0.35,29,Nevada,Ensemble
2026-05-16,32,0,wk inc flu hosp,2026-05-16,quantile,0.4,31,Nevada,Ensemble
2026-05-16,32,0,wk inc flu hosp,2026-05-16,quantile,0.45,33,Nevada,Ensemble
2026-05-16,32,0,wk inc flu hosp,2026-05-16,quantile,0.5,36,Nevada,Ensemble
2026-05-16,32,0,wk inc flu hosp,2026-05-16,quantile,0.55,39,Nevada,Ensemble
2026-05-16,32,0,wk inc flu hosp,2026-05-16,quantile,0.6,40,Nevada,Ensemble
2026-05-16,32,0,wk inc flu hosp,2026-05-16,quantile,0.65,43,Nevada,Ensemble
2026-05-16,32,0,wk inc flu hosp,2026-05-16,quantile,0.7,45,Nevada,Ensemble
2026-05-16,32,0,wk inc flu hosp,2026-05-16,quantile,0.75,47,Nevada,Ensemble
2026-05-16,32,0,wk inc flu hosp,2026-05-16,quantile,0.8,50,Nevada,Ensemble
2026-05-16,32,0,wk inc flu hosp,2026-05-16,quantile,0.85,53,Nevada,Ensemble
2026-05-16,32,0,wk inc flu hosp,2026-05-16,quantile,0.9,59,Nevada,Ensemble
2026-05-16,32,0,wk inc flu hosp,2026-05-16,quantile,0.95,67,Nevada,Ensemble
2026-05-16,32,0,wk inc flu hosp,2026-05-16,quantile,0.975,76,Nevada,Ensemble
2026-05-16,32,0,wk inc flu hosp,2026-05-16,quantile,0.99,89,Nevada,Ensemble
2026-05-16,32,1,wk inc flu hosp,2026-05-23,quantile,0.01,6,Nevada,Ensemble
2026-05-16,32,1,wk inc flu hosp,2026-05-23,quantile,0.025,9,Nevada,Ensemble
2026-05-16,32,1,wk inc flu hosp,2026-05-23,quantile,0.05,11,Nevada,Ensemble
2026-05-16,32,1,wk inc flu hosp,2026-05-23,quantile,0.1,14,Nevada,Ensemble
2026-05-16,32,1,wk inc flu hosp,2026-05-23,quantile,0.15,16,Nevada,Ensemble
2026-05-16,32,1,wk inc flu hosp,2026-05-23,quantile,0.2,20,Nevada,Ensemble
2026-05-16,32,1,wk inc flu hosp,2026-05-23,quantile,0.25,21,Nevada,Ensemble
2026-05-16,32,1,wk inc flu hosp,2026-05-23,quantile,0.3,24,Nevada,Ensemble
2026-05-16,32,1,wk inc flu hosp,2026-05-23,quantile,0.35,25,Nevada,Ensemble
2026-05-16,32,1,wk inc flu hosp,2026-05-23,quantile,0.4,27,Nevada,Ensemble
2026-05-16,32,1,wk inc flu hosp,2026-05-23,quantile,0.45,30,Nevada,Ensemble
2026-05-16,32,1,wk inc flu hosp,2026-05-23,quantile,0.5,33,Nevada,Ensemble
2026-05-16,32,1,wk inc flu hosp,2026-05-23,quantile,0.55,36,Nevada,Ensemble
2026-05-16,32,1,wk inc flu hosp,2026-05-23,quantile,0.6,39,Nevada,Ensemble
2026-05-16,32,1,wk inc flu hosp,2026-05-23,quantile,0.65,42,Nevada,Ensemble
2026-05-16,32,1,wk inc flu hosp,2026-05-23,quantile,0.7,44,Nevada,Ensemble
2026-05-16,32,1,wk inc flu hosp,2026-05-23,quantile,0.75,47,Nevada,Ensemble
2026-05-16,32,1,wk inc flu hosp,2026-05-23,quantile,0.8,50,Nevada,Ensemble
2026-05-16,32,1,wk inc flu hosp,2026-05-23,quantile,0.85,56,Nevada,Ensemble
2026-05-16,32,1,wk inc flu hosp,2026-05-23,quantile,0.9,63,Nevada,Ensemble
2026-05-16,32,1,wk inc flu hosp,2026-05-23,quantile,0.95,80,Nevada,Ensemble
2026-05-16,32,1,wk inc flu hosp,2026-05-23,quantile,0.975,92,Nevada,Ensemble
2026-05-16,32,1,wk inc flu hosp,2026-05-23,quantile,0.99,109,Nevada,Ensemble
2026-05-16,32,2,wk inc flu hosp,2026-05-30,quantile,0.01,4,Nevada,Ensemble
2026-05-16,32,2,wk inc flu hosp,2026-05-30,quantile,0.025,6,Nevada,Ensemble
2026-05-16,32,2,wk inc flu hosp,2026-05-30,quantile,0.05,8,Nevada,Ensemble
2026-05-16,32,2,wk inc flu hosp,2026-05-30,quantile,0.1,10,Nevada,Ensemble
2026-05-16,32,2,wk inc flu hosp,2026-05-30,quantile,0.15,12,Nevada,Ensemble
2026-05-16,32,2,wk inc flu hosp,2026-05-30,quantile,0.2,15,Nevada,Ensemble
2026-05-16,32,2,wk inc flu hosp,2026-05-30,quantile,0.25,17,Nevada,Ensemble
2026-05-16,32,2,wk inc flu hosp,2026-05-30,quantile,0.3,20,Nevada,Ensemble
2026-05-16,32,2,wk inc flu hosp,2026-05-30,quantile,0.35,22,Nevada,Ensemble
2026-05-16,32,2,wk inc flu hosp,2026-05-30,quantile,0.4,24,Nevada,Ensemble
2026-05-16,32,2,wk inc flu hosp,2026-05-30,quantile,0.45,27,Nevada,Ensemble
2026-05-16,32,2,wk inc flu hosp,2026-05-30,quantile,0.5,30,Nevada,Ensemble
2026-05-16,32,2,wk inc flu hosp,2026-05-30,quantile,0.55,33,Nevada,Ensemble
2026-05-16,32,2,wk inc flu hosp,2026-05-30,quantile,0.6,36,Nevada,Ensemble
2026-05-16,32,2,wk inc flu hosp,2026-05-30,quantile,0.65,39,Nevada,Ensemble
2026-05-16,32,2,wk inc flu hosp,2026-05-30,quantile,0.7,43,Nevada,Ensemble
2026-05-16,32,2,wk inc flu hosp,2026-05-30,quantile,0.75,48,Nevada,Ensemble
2026-05-16,32,2,wk inc flu hosp,2026-05-30,quantile,0.8,52,Nevada,Ensemble
2026-05-16,32,2,wk inc flu hosp,2026-05-30,quantile,0.85,58,Nevada,Ensemble
2026-05-16,32,2,wk inc flu hosp,2026-05-30,quantile,0.9,67,Nevada,Ensemble
2026-05-16,32,2,wk inc flu hosp,2026-05-30,quantile,0.95,91,Nevada,Ensemble
2026-05-16,32,2,wk inc flu hosp,2026-05-30,quantile,0.975,106,Nevada,Ensemble
2026-05-16,32,2,wk inc flu hosp,2026-05-30,quantile,0.99,127,Nevada,Ensemble
2026-05-16,32,3,wk inc flu hosp,2026-06-06,quantile,0.01,3,Nevada,Ensemble
2026-05-16,32,3,wk inc flu hosp,2026-06-06,quantile,0.025,5,Nevada,Ensemble
2026-05-16,32,3,wk inc flu hosp,2026-06-06,quantile,0.05,6,Nevada,Ensemble
2026-05-16,32,3,wk inc flu hosp,2026-06-06,quantile,0.1,8,Nevada,Ensemble
2026-05-16,32,3,wk inc flu hosp,2026-06-06,quantile,0.15,10,Nevada,Ensemble
2026-05-16,32,3,wk inc flu hosp,2026-06-06,quantile,0.2,12,Nevada,Ensemble
2026-05-16,32,3,wk inc flu hosp,2026-06-06,quantile,0.25,15,Nevada,Ensemble
2026-05-16,32,3,wk inc flu hosp,2026-06-06,quantile,0.3,17,Nevada,Ensemble
2026-05-16,32,3,wk inc flu hosp,2026-06-06,quantile,0.35,19,Nevada,Ensemble
2026-05-16,32,3,wk inc flu hosp,2026-06-06,quantile,0.4,21,Nevada,Ensemble
2026-05-16,32,3,wk inc flu hosp,2026-06-06,quantile,0.45,23,Nevada,Ensemble
2026-05-16,32,3,wk inc flu hosp,2026-06-06,quantile,0.5,27,Nevada,Ensemble
2026-05-16,32,3,wk inc flu hosp,2026-06-06,quantile,0.55,30,Nevada,Ensemble
2026-05-16,32,3,wk inc flu hosp,2026-06-06,quantile,0.6,33,Nevada,Ensemble
2026-05-16,32,3,wk inc flu hosp,2026-06-06,quantile,0.65,36,Nevada,Ensemble
2026-05-16,32,3,wk inc flu hosp,2026-06-06,quantile,0.7,40,Nevada,Ensemble
2026-05-16,32,3,wk inc flu hosp,2026-06-06,quantile,0.75,44,Nevada,Ensemble
2026-05-16,32,3,wk inc flu hosp,2026-06-06,quantile,0.8,49,Nevada,Ensemble
2026-05-16,32,3,wk inc flu hosp,2026-06-06,quantile,0.85,56,Nevada,Ensemble
2026-05-16,32,3,wk inc flu hosp,2026-06-06,quantile,0.9,68,Nevada,Ensemble
2026-05-16,32,3,wk inc flu hosp,2026-06-06,quantile,0.95,89,Nevada,Ensemble
2026-05-16,32,3,wk inc flu hosp,2026-06-06,quantile,0.975,108,Nevada,Ensemble
2026-05-16,32,3,wk inc flu hosp,2026-06-06,quantile,0.99,131,Nevada,Ensemble
2026-05-16,33,0,wk inc flu hosp,2026-05-16,quantile,0.01,0,New Hampshire,Ensemble
2026-05-16,33,0,wk inc flu hosp,2026-05-16,quantile,0.025,0,New Hampshire,Ensemble
2026-05-16,33,0,wk inc flu hosp,2026-05-16,quantile,0.05,0,New Hampshire,Ensemble
2026-05-16,33,0,wk inc flu hosp,2026-05-16,quantile,0.1,0,New Hampshire,Ensemble
2026-05-16,33,0,wk inc flu hosp,2026-05-16,quantile,0.15,0,New Hampshire,Ensemble
2026-05-16,33,0,wk inc flu hosp,2026-05-16,quantile,0.2,0,New Hampshire,Ensemble
2026-05-16,33,0,wk inc flu hosp,2026-05-16,quantile,0.25,0,New Hampshire,Ensemble
2026-05-16,33,0,wk inc flu hosp,2026-05-16,quantile,0.3,0,New Hampshire,Ensemble
2026-05-16,33,0,wk inc flu hosp,2026-05-16,quantile,0.35,1,New Hampshire,Ensemble
2026-05-16,33,0,wk inc flu hosp,2026-05-16,quantile,0.4,1,New Hampshire,Ensemble
2026-05-16,33,0,wk inc flu hosp,2026-05-16,quantile,0.45,1,New Hampshire,Ensemble
2026-05-16,33,0,wk inc flu hosp,2026-05-16,quantile,0.5,2,New Hampshire,Ensemble
2026-05-16,33,0,wk inc flu hosp,2026-05-16,quantile,0.55,3,New Hampshire,Ensemble
2026-05-16,33,0,wk inc flu hosp,2026-05-16,quantile,0.6,3,New Hampshire,Ensemble
2026-05-16,33,0,wk inc flu hosp,2026-05-16,quantile,0.65,3,New Hampshire,Ensemble
2026-05-16,33,0,wk inc flu hosp,2026-05-16,quantile,0.7,4,New Hampshire,Ensemble
2026-05-16,33,0,wk inc flu hosp,2026-05-16,quantile,0.75,4,New Hampshire,Ensemble
2026-05-16,33,0,wk inc flu hosp,2026-05-16,quantile,0.8,5,New Hampshire,Ensemble
2026-05-16,33,0,wk inc flu hosp,2026-05-16,quantile,0.85,6,New Hampshire,Ensemble
2026-05-16,33,0,wk inc flu hosp,2026-05-16,quantile,0.9,7,New Hampshire,Ensemble
2026-05-16,33,0,wk inc flu hosp,2026-05-16,quantile,0.95,9,New Hampshire,Ensemble
2026-05-16,33,0,wk inc flu hosp,2026-05-16,quantile,0.975,12,New Hampshire,Ensemble
2026-05-16,33,0,wk inc flu hosp,2026-05-16,quantile,0.99,15,New Hampshire,Ensemble
2026-05-16,33,1,wk inc flu hosp,2026-05-23,quantile,0.01,0,New Hampshire,Ensemble
2026-05-16,33,1,wk inc flu hosp,2026-05-23,quantile,0.025,0,New Hampshire,Ensemble
2026-05-16,33,1,wk inc flu hosp,2026-05-23,quantile,0.05,0,New Hampshire,Ensemble
2026-05-16,33,1,wk inc flu hosp,2026-05-23,quantile,0.1,0,New Hampshire,Ensemble
2026-05-16,33,1,wk inc flu hosp,2026-05-23,quantile,0.15,0,New Hampshire,Ensemble
2026-05-16,33,1,wk inc flu hosp,2026-05-23,quantile,0.2,0,New Hampshire,Ensemble
2026-05-16,33,1,wk inc flu hosp,2026-05-23,quantile,0.25,0,New Hampshire,Ensemble
2026-05-16,33,1,wk inc flu hosp,2026-05-23,quantile,0.3,0,New Hampshire,Ensemble
2026-05-16,33,1,wk inc flu hosp,2026-05-23,quantile,0.35,0,New Hampshire,Ensemble
2026-05-16,33,1,wk inc flu hosp,2026-05-23,quantile,0.4,1,New Hampshire,Ensemble
2026-05-16,33,1,wk inc flu hosp,2026-05-23,quantile,0.45,1,New Hampshire,Ensemble
2026-05-16,33,1,wk inc flu hosp,2026-05-23,quantile,0.5,2,New Hampshire,Ensemble
2026-05-16,33,1,wk inc flu hosp,2026-05-23,quantile,0.55,3,New Hampshire,Ensemble
2026-05-16,33,1,wk inc flu hosp,2026-05-23,quantile,0.6,3,New Hampshire,Ensemble
2026-05-16,33,1,wk inc flu hosp,2026-05-23,quantile,0.65,3,New Hampshire,Ensemble
2026-05-16,33,1,wk inc flu hosp,2026-05-23,quantile,0.7,4,New Hampshire,Ensemble
2026-05-16,33,1,wk inc flu hosp,2026-05-23,quantile,0.75,5,New Hampshire,Ensemble
2026-05-16,33,1,wk inc flu hosp,2026-05-23,quantile,0.8,6,New Hampshire,Ensemble
2026-05-16,33,1,wk inc flu hosp,2026-05-23,quantile,0.85,7,New Hampshire,Ensemble
2026-05-16,33,1,wk inc flu hosp,2026-05-23,quantile,0.9,8,New Hampshire,Ensemble
2026-05-16,33,1,wk inc flu hosp,2026-05-23,quantile,0.95,14,New Hampshire,Ensemble
2026-05-16,33,1,wk inc flu hosp,2026-05-23,quantile,0.975,18,New Hampshire,Ensemble
2026-05-16,33,1,wk inc flu hosp,2026-05-23,quantile,0.99,23,New Hampshire,Ensemble
2026-05-16,33,2,wk inc flu hosp,2026-05-30,quantile,0.01,0,New Hampshire,Ensemble
2026-05-16,33,2,wk inc flu hosp,2026-05-30,quantile,0.025,0,New Hampshire,Ensemble
2026-05-16,33,2,wk inc flu hosp,2026-05-30,quantile,0.05,0,New Hampshire,Ensemble
2026-05-16,33,2,wk inc flu hosp,2026-05-30,quantile,0.1,0,New Hampshire,Ensemble
2026-05-16,33,2,wk inc flu hosp,2026-05-30,quantile,0.15,0,New Hampshire,Ensemble
2026-05-16,33,2,wk inc flu hosp,2026-05-30,quantile,0.2,0,New Hampshire,Ensemble
2026-05-16,33,2,wk inc flu hosp,2026-05-30,quantile,0.25,0,New Hampshire,Ensemble
2026-05-16,33,2,wk inc flu hosp,2026-05-30,quantile,0.3,0,New Hampshire,Ensemble
2026-05-16,33,2,wk inc flu hosp,2026-05-30,quantile,0.35,0,New Hampshire,Ensemble
2026-05-16,33,2,wk inc flu hosp,2026-05-30,quantile,0.4,1,New Hampshire,Ensemble
2026-05-16,33,2,wk inc flu hosp,2026-05-30,quantile,0.45,1,New Hampshire,Ensemble
2026-05-16,33,2,wk inc flu hosp,2026-05-30,quantile,0.5,2,New Hampshire,Ensemble
2026-05-16,33,2,wk inc flu hosp,2026-05-30,quantile,0.55,3,New Hampshire,Ensemble
2026-05-16,33,2,wk inc flu hosp,2026-05-30,quantile,0.6,3,New Hampshire,Ensemble
2026-05-16,33,2,wk inc flu hosp,2026-05-30,quantile,0.65,4,New Hampshire,Ensemble
2026-05-16,33,2,wk inc flu hosp,2026-05-30,quantile,0.7,4,New Hampshire,Ensemble
2026-05-16,33,2,wk inc flu hosp,2026-05-30,quantile,0.75,5,New Hampshire,Ensemble
2026-05-16,33,2,wk inc flu hosp,2026-05-30,quantile,0.8,6,New Hampshire,Ensemble
2026-05-16,33,2,wk inc flu hosp,2026-05-30,quantile,0.85,7,New Hampshire,Ensemble
2026-05-16,33,2,wk inc flu hosp,2026-05-30,quantile,0.9,12,New Hampshire,Ensemble
2026-05-16,33,2,wk inc flu hosp,2026-05-30,quantile,0.95,20,New Hampshire,Ensemble
2026-05-16,33,2,wk inc flu hosp,2026-05-30,quantile,0.975,24,New Hampshire,Ensemble
2026-05-16,33,2,wk inc flu hosp,2026-05-30,quantile,0.99,31,New Hampshire,Ensemble
2026-05-16,33,3,wk inc flu hosp,2026-06-06,quantile,0.01,0,New Hampshire,Ensemble
2026-05-16,33,3,wk inc flu hosp,2026-06-06,quantile,0.025,0,New Hampshire,Ensemble
2026-05-16,33,3,wk inc flu hosp,2026-06-06,quantile,0.05,0,New Hampshire,Ensemble
2026-05-16,33,3,wk inc flu hosp,2026-06-06,quantile,0.1,0,New Hampshire,Ensemble
2026-05-16,33,3,wk inc flu hosp,2026-06-06,quantile,0.15,0,New Hampshire,Ensemble
2026-05-16,33,3,wk inc flu hosp,2026-06-06,quantile,0.2,0,New Hampshire,Ensemble
2026-05-16,33,3,wk inc flu hosp,2026-06-06,quantile,0.25,0,New Hampshire,Ensemble
2026-05-16,33,3,wk inc flu hosp,2026-06-06,quantile,0.3,0,New Hampshire,Ensemble
2026-05-16,33,3,wk inc flu hosp,2026-06-06,quantile,0.35,0,New Hampshire,Ensemble
2026-05-16,33,3,wk inc flu hosp,2026-06-06,quantile,0.4,0,New Hampshire,Ensemble
2026-05-16,33,3,wk inc flu hosp,2026-06-06,quantile,0.45,1,New Hampshire,Ensemble
2026-05-16,33,3,wk inc flu hosp,2026-06-06,quantile,0.5,2,New Hampshire,Ensemble
2026-05-16,33,3,wk inc flu hosp,2026-06-06,quantile,0.55,2,New Hampshire,Ensemble
2026-05-16,33,3,wk inc flu hosp,2026-06-06,quantile,0.6,3,New Hampshire,Ensemble
2026-05-16,33,3,wk inc flu hosp,2026-06-06,quantile,0.65,4,New Hampshire,Ensemble
2026-05-16,33,3,wk inc flu hosp,2026-06-06,quantile,0.7,4,New Hampshire,Ensemble
2026-05-16,33,3,wk inc flu hosp,2026-06-06,quantile,0.75,5,New Hampshire,Ensemble
2026-05-16,33,3,wk inc flu hosp,2026-06-06,quantile,0.8,7,New Hampshire,Ensemble
2026-05-16,33,3,wk inc flu hosp,2026-06-06,quantile,0.85,9,New Hampshire,Ensemble
2026-05-16,33,3,wk inc flu hosp,2026-06-06,quantile,0.9,12,New Hampshire,Ensemble
2026-05-16,33,3,wk inc flu hosp,2026-06-06,quantile,0.95,22,New Hampshire,Ensemble
2026-05-16,33,3,wk inc flu hosp,2026-06-06,quantile,0.975,28,New Hampshire,Ensemble
2026-05-16,33,3,wk inc flu hosp,2026-06-06,quantile,0.99,36,New Hampshire,Ensemble
2026-05-16,34,0,wk inc flu hosp,2026-05-16,quantile,0.01,8,New Jersey,Ensemble
2026-05-16,34,0,wk inc flu hosp,2026-05-16,quantile,0.025,10,New Jersey,Ensemble
2026-05-16,34,0,wk inc flu hosp,2026-05-16,quantile,0.05,13,New Jersey,Ensemble
2026-05-16,34,0,wk inc flu hosp,2026-05-16,quantile,0.1,17,New Jersey,Ensemble
2026-05-16,34,0,wk inc flu hosp,2026-05-16,quantile,0.15,20,New Jersey,Ensemble
2026-05-16,34,0,wk inc flu hosp,2026-05-16,quantile,0.2,22,New Jersey,Ensemble
2026-05-16,34,0,wk inc flu hosp,2026-05-16,quantile,0.25,24,New Jersey,Ensemble
2026-05-16,34,0,wk inc flu hosp,2026-05-16,quantile,0.3,27,New Jersey,Ensemble
2026-05-16,34,0,wk inc flu hosp,2026-05-16,quantile,0.35,29,New Jersey,Ensemble
2026-05-16,34,0,wk inc flu hosp,2026-05-16,quantile,0.4,31,New Jersey,Ensemble
2026-05-16,34,0,wk inc flu hosp,2026-05-16,quantile,0.45,33,New Jersey,Ensemble
2026-05-16,34,0,wk inc flu hosp,2026-05-16,quantile,0.5,37,New Jersey,Ensemble
2026-05-16,34,0,wk inc flu hosp,2026-05-16,quantile,0.55,39,New Jersey,Ensemble
2026-05-16,34,0,wk inc flu hosp,2026-05-16,quantile,0.6,42,New Jersey,Ensemble
2026-05-16,34,0,wk inc flu hosp,2026-05-16,quantile,0.65,44,New Jersey,Ensemble
2026-05-16,34,0,wk inc flu hosp,2026-05-16,quantile,0.7,47,New Jersey,Ensemble
2026-05-16,34,0,wk inc flu hosp,2026-05-16,quantile,0.75,50,New Jersey,Ensemble
2026-05-16,34,0,wk inc flu hosp,2026-05-16,quantile,0.8,54,New Jersey,Ensemble
2026-05-16,34,0,wk inc flu hosp,2026-05-16,quantile,0.85,59,New Jersey,Ensemble
2026-05-16,34,0,wk inc flu hosp,2026-05-16,quantile,0.9,66,New Jersey,Ensemble
2026-05-16,34,0,wk inc flu hosp,2026-05-16,quantile,0.95,90,New Jersey,Ensemble
2026-05-16,34,0,wk inc flu hosp,2026-05-16,quantile,0.975,110,New Jersey,Ensemble
2026-05-16,34,0,wk inc flu hosp,2026-05-16,quantile,0.99,129,New Jersey,Ensemble
2026-05-16,34,1,wk inc flu hosp,2026-05-23,quantile,0.01,5,New Jersey,Ensemble
2026-05-16,34,1,wk inc flu hosp,2026-05-23,quantile,0.025,7,New Jersey,Ensemble
2026-05-16,34,1,wk inc flu hosp,2026-05-23,quantile,0.05,9,New Jersey,Ensemble
2026-05-16,34,1,wk inc flu hosp,2026-05-23,quantile,0.1,12,New Jersey,Ensemble
2026-05-16,34,1,wk inc flu hosp,2026-05-23,quantile,0.15,15,New Jersey,Ensemble
2026-05-16,34,1,wk inc flu hosp,2026-05-23,quantile,0.2,17,New Jersey,Ensemble
2026-05-16,34,1,wk inc flu hosp,2026-05-23,quantile,0.25,19,New Jersey,Ensemble
2026-05-16,34,1,wk inc flu hosp,2026-05-23,quantile,0.3,21,New Jersey,Ensemble
2026-05-16,34,1,wk inc flu hosp,2026-05-23,quantile,0.35,23,New Jersey,Ensemble
2026-05-16,34,1,wk inc flu hosp,2026-05-23,quantile,0.4,26,New Jersey,Ensemble
2026-05-16,34,1,wk inc flu hosp,2026-05-23,quantile,0.45,29,New Jersey,Ensemble
2026-05-16,34,1,wk inc flu hosp,2026-05-23,quantile,0.5,34,New Jersey,Ensemble
2026-05-16,34,1,wk inc flu hosp,2026-05-23,quantile,0.55,37,New Jersey,Ensemble
2026-05-16,34,1,wk inc flu hosp,2026-05-23,quantile,0.6,40,New Jersey,Ensemble
2026-05-16,34,1,wk inc flu hosp,2026-05-23,quantile,0.65,44,New Jersey,Ensemble
2026-05-16,34,1,wk inc flu hosp,2026-05-23,quantile,0.7,47,New Jersey,Ensemble
2026-05-16,34,1,wk inc flu hosp,2026-05-23,quantile,0.75,52,New Jersey,Ensemble
2026-05-16,34,1,wk inc flu hosp,2026-05-23,quantile,0.8,57,New Jersey,Ensemble
2026-05-16,34,1,wk inc flu hosp,2026-05-23,quantile,0.85,63,New Jersey,Ensemble
2026-05-16,34,1,wk inc flu hosp,2026-05-23,quantile,0.9,83,New Jersey,Ensemble
2026-05-16,34,1,wk inc flu hosp,2026-05-23,quantile,0.95,122,New Jersey,Ensemble
2026-05-16,34,1,wk inc flu hosp,2026-05-23,quantile,0.975,142,New Jersey,Ensemble
2026-05-16,34,1,wk inc flu hosp,2026-05-23,quantile,0.99,173,New Jersey,Ensemble
2026-05-16,34,2,wk inc flu hosp,2026-05-30,quantile,0.01,4,New Jersey,Ensemble
2026-05-16,34,2,wk inc flu hosp,2026-05-30,quantile,0.025,5,New Jersey,Ensemble
2026-05-16,34,2,wk inc flu hosp,2026-05-30,quantile,0.05,6,New Jersey,Ensemble
2026-05-16,34,2,wk inc flu hosp,2026-05-30,quantile,0.1,9,New Jersey,Ensemble
2026-05-16,34,2,wk inc flu hosp,2026-05-30,quantile,0.15,11,New Jersey,Ensemble
2026-05-16,34,2,wk inc flu hosp,2026-05-30,quantile,0.2,14,New Jersey,Ensemble
2026-05-16,34,2,wk inc flu hosp,2026-05-30,quantile,0.25,16,New Jersey,Ensemble
2026-05-16,34,2,wk inc flu hosp,2026-05-30,quantile,0.3,17,New Jersey,Ensemble
2026-05-16,34,2,wk inc flu hosp,2026-05-30,quantile,0.35,20,New Jersey,Ensemble
2026-05-16,34,2,wk inc flu hosp,2026-05-30,quantile,0.4,22,New Jersey,Ensemble
2026-05-16,34,2,wk inc flu hosp,2026-05-30,quantile,0.45,25,New Jersey,Ensemble
2026-05-16,34,2,wk inc flu hosp,2026-05-30,quantile,0.5,31,New Jersey,Ensemble
2026-05-16,34,2,wk inc flu hosp,2026-05-30,quantile,0.55,34,New Jersey,Ensemble
2026-05-16,34,2,wk inc flu hosp,2026-05-30,quantile,0.6,37,New Jersey,Ensemble
2026-05-16,34,2,wk inc flu hosp,2026-05-30,quantile,0.65,41,New Jersey,Ensemble
2026-05-16,34,2,wk inc flu hosp,2026-05-30,quantile,0.7,46,New Jersey,Ensemble
2026-05-16,34,2,wk inc flu hosp,2026-05-30,quantile,0.75,51,New Jersey,Ensemble
2026-05-16,34,2,wk inc flu hosp,2026-05-30,quantile,0.8,58,New Jersey,Ensemble
2026-05-16,34,2,wk inc flu hosp,2026-05-30,quantile,0.85,69,New Jersey,Ensemble
2026-05-16,34,2,wk inc flu hosp,2026-05-30,quantile,0.9,91,New Jersey,Ensemble
2026-05-16,34,2,wk inc flu hosp,2026-05-30,quantile,0.95,144,New Jersey,Ensemble
2026-05-16,34,2,wk inc flu hosp,2026-05-30,quantile,0.975,173,New Jersey,Ensemble
2026-05-16,34,2,wk inc flu hosp,2026-05-30,quantile,0.99,214,New Jersey,Ensemble
2026-05-16,34,3,wk inc flu hosp,2026-06-06,quantile,0.01,3,New Jersey,Ensemble
2026-05-16,34,3,wk inc flu hosp,2026-06-06,quantile,0.025,4,New Jersey,Ensemble
2026-05-16,34,3,wk inc flu hosp,2026-06-06,quantile,0.05,6,New Jersey,Ensemble
2026-05-16,34,3,wk inc flu hosp,2026-06-06,quantile,0.1,8,New Jersey,Ensemble
2026-05-16,34,3,wk inc flu hosp,2026-06-06,quantile,0.15,10,New Jersey,Ensemble
2026-05-16,34,3,wk inc flu hosp,2026-06-06,quantile,0.2,12,New Jersey,Ensemble
2026-05-16,34,3,wk inc flu hosp,2026-06-06,quantile,0.25,13,New Jersey,Ensemble
2026-05-16,34,3,wk inc flu hosp,2026-06-06,quantile,0.3,15,New Jersey,Ensemble
2026-05-16,34,3,wk inc flu hosp,2026-06-06,quantile,0.35,17,New Jersey,Ensemble
2026-05-16,34,3,wk inc flu hosp,2026-06-06,quantile,0.4,19,New Jersey,Ensemble
2026-05-16,34,3,wk inc flu hosp,2026-06-06,quantile,0.45,22,New Jersey,Ensemble
2026-05-16,34,3,wk inc flu hosp,2026-06-06,quantile,0.5,28,New Jersey,Ensemble
2026-05-16,34,3,wk inc flu hosp,2026-06-06,quantile,0.55,31,New Jersey,Ensemble
2026-05-16,34,3,wk inc flu hosp,2026-06-06,quantile,0.6,36,New Jersey,Ensemble
2026-05-16,34,3,wk inc flu hosp,2026-06-06,quantile,0.65,40,New Jersey,Ensemble
2026-05-16,34,3,wk inc flu hosp,2026-06-06,quantile,0.7,45,New Jersey,Ensemble
2026-05-16,34,3,wk inc flu hosp,2026-06-06,quantile,0.75,51,New Jersey,Ensemble
2026-05-16,34,3,wk inc flu hosp,2026-06-06,quantile,0.8,61,New Jersey,Ensemble
2026-05-16,34,3,wk inc flu hosp,2026-06-06,quantile,0.85,72,New Jersey,Ensemble
2026-05-16,34,3,wk inc flu hosp,2026-06-06,quantile,0.9,124,New Jersey,Ensemble
2026-05-16,34,3,wk inc flu hosp,2026-06-06,quantile,0.95,156,New Jersey,Ensemble
2026-05-16,34,3,wk inc flu hosp,2026-06-06,quantile,0.975,188,New Jersey,Ensemble
2026-05-16,34,3,wk inc flu hosp,2026-06-06,quantile,0.99,240,New Jersey,Ensemble
2026-05-16,35,0,wk inc flu hosp,2026-05-16,quantile,0.01,0,New Mexico,Ensemble
2026-05-16,35,0,wk inc flu hosp,2026-05-16,quantile,0.025,1,New Mexico,Ensemble
2026-05-16,35,0,wk inc flu hosp,2026-05-16,quantile,0.05,1,New Mexico,Ensemble
2026-05-16,35,0,wk inc flu hosp,2026-05-16,quantile,0.1,2,New Mexico,Ensemble
2026-05-16,35,0,wk inc flu hosp,2026-05-16,quantile,0.15,3,New Mexico,Ensemble
2026-05-16,35,0,wk inc flu hosp,2026-05-16,quantile,0.2,4,New Mexico,Ensemble
2026-05-16,35,0,wk inc flu hosp,2026-05-16,quantile,0.25,4,New Mexico,Ensemble
2026-05-16,35,0,wk inc flu hosp,2026-05-16,quantile,0.3,5,New Mexico,Ensemble
2026-05-16,35,0,wk inc flu hosp,2026-05-16,quantile,0.35,5,New Mexico,Ensemble
2026-05-16,35,0,wk inc flu hosp,2026-05-16,quantile,0.4,6,New Mexico,Ensemble
2026-05-16,35,0,wk inc flu hosp,2026-05-16,quantile,0.45,7,New Mexico,Ensemble
2026-05-16,35,0,wk inc flu hosp,2026-05-16,quantile,0.5,9,New Mexico,Ensemble
2026-05-16,35,0,wk inc flu hosp,2026-05-16,quantile,0.55,9,New Mexico,Ensemble
2026-05-16,35,0,wk inc flu hosp,2026-05-16,quantile,0.6,10,New Mexico,Ensemble
2026-05-16,35,0,wk inc flu hosp,2026-05-16,quantile,0.65,11,New Mexico,Ensemble
2026-05-16,35,0,wk inc flu hosp,2026-05-16,quantile,0.7,12,New Mexico,Ensemble
2026-05-16,35,0,wk inc flu hosp,2026-05-16,quantile,0.75,13,New Mexico,Ensemble
2026-05-16,35,0,wk inc flu hosp,2026-05-16,quantile,0.8,14,New Mexico,Ensemble
2026-05-16,35,0,wk inc flu hosp,2026-05-16,quantile,0.85,17,New Mexico,Ensemble
2026-05-16,35,0,wk inc flu hosp,2026-05-16,quantile,0.9,20,New Mexico,Ensemble
2026-05-16,35,0,wk inc flu hosp,2026-05-16,quantile,0.95,28,New Mexico,Ensemble
2026-05-16,35,0,wk inc flu hosp,2026-05-16,quantile,0.975,33,New Mexico,Ensemble
2026-05-16,35,0,wk inc flu hosp,2026-05-16,quantile,0.99,39,New Mexico,Ensemble
2026-05-16,35,1,wk inc flu hosp,2026-05-23,quantile,0.01,0,New Mexico,Ensemble
2026-05-16,35,1,wk inc flu hosp,2026-05-23,quantile,0.025,0,New Mexico,Ensemble
2026-05-16,35,1,wk inc flu hosp,2026-05-23,quantile,0.05,1,New Mexico,Ensemble
2026-05-16,35,1,wk inc flu hosp,2026-05-23,quantile,0.1,1,New Mexico,Ensemble
2026-05-16,35,1,wk inc flu hosp,2026-05-23,quantile,0.15,2,New Mexico,Ensemble
2026-05-16,35,1,wk inc flu hosp,2026-05-23,quantile,0.2,3,New Mexico,Ensemble
2026-05-16,35,1,wk inc flu hosp,2026-05-23,quantile,0.25,3,New Mexico,Ensemble
2026-05-16,35,1,wk inc flu hosp,2026-05-23,quantile,0.3,4,New Mexico,Ensemble
2026-05-16,35,1,wk inc flu hosp,2026-05-23,quantile,0.35,4,New Mexico,Ensemble
2026-05-16,35,1,wk inc flu hosp,2026-05-23,quantile,0.4,5,New Mexico,Ensemble
2026-05-16,35,1,wk inc flu hosp,2026-05-23,quantile,0.45,6,New Mexico,Ensemble
2026-05-16,35,1,wk inc flu hosp,2026-05-23,quantile,0.5,8,New Mexico,Ensemble
2026-05-16,35,1,wk inc flu hosp,2026-05-23,quantile,0.55,9,New Mexico,Ensemble
2026-05-16,35,1,wk inc flu hosp,2026-05-23,quantile,0.6,9,New Mexico,Ensemble
2026-05-16,35,1,wk inc flu hosp,2026-05-23,quantile,0.65,10,New Mexico,Ensemble
2026-05-16,35,1,wk inc flu hosp,2026-05-23,quantile,0.7,11,New Mexico,Ensemble
2026-05-16,35,1,wk inc flu hosp,2026-05-23,quantile,0.75,13,New Mexico,Ensemble
2026-05-16,35,1,wk inc flu hosp,2026-05-23,quantile,0.8,15,New Mexico,Ensemble
2026-05-16,35,1,wk inc flu hosp,2026-05-23,quantile,0.85,19,New Mexico,Ensemble
2026-05-16,35,1,wk inc flu hosp,2026-05-23,quantile,0.9,23,New Mexico,Ensemble
2026-05-16,35,1,wk inc flu hosp,2026-05-23,quantile,0.95,35,New Mexico,Ensemble
2026-05-16,35,1,wk inc flu hosp,2026-05-23,quantile,0.975,43,New Mexico,Ensemble
2026-05-16,35,1,wk inc flu hosp,2026-05-23,quantile,0.99,51,New Mexico,Ensemble
2026-05-16,35,2,wk inc flu hosp,2026-05-30,quantile,0.01,0,New Mexico,Ensemble
2026-05-16,35,2,wk inc flu hosp,2026-05-30,quantile,0.025,0,New Mexico,Ensemble
2026-05-16,35,2,wk inc flu hosp,2026-05-30,quantile,0.05,1,New Mexico,Ensemble
2026-05-16,35,2,wk inc flu hosp,2026-05-30,quantile,0.1,1,New Mexico,Ensemble
2026-05-16,35,2,wk inc flu hosp,2026-05-30,quantile,0.15,2,New Mexico,Ensemble
2026-05-16,35,2,wk inc flu hosp,2026-05-30,quantile,0.2,2,New Mexico,Ensemble
2026-05-16,35,2,wk inc flu hosp,2026-05-30,quantile,0.25,3,New Mexico,Ensemble
2026-05-16,35,2,wk inc flu hosp,2026-05-30,quantile,0.3,3,New Mexico,Ensemble
2026-05-16,35,2,wk inc flu hosp,2026-05-30,quantile,0.35,4,New Mexico,Ensemble
2026-05-16,35,2,wk inc flu hosp,2026-05-30,quantile,0.4,4,New Mexico,Ensemble
2026-05-16,35,2,wk inc flu hosp,2026-05-30,quantile,0.45,5,New Mexico,Ensemble
2026-05-16,35,2,wk inc flu hosp,2026-05-30,quantile,0.5,7,New Mexico,Ensemble
2026-05-16,35,2,wk inc flu hosp,2026-05-30,quantile,0.55,8,New Mexico,Ensemble
2026-05-16,35,2,wk inc flu hosp,2026-05-30,quantile,0.6,9,New Mexico,Ensemble
2026-05-16,35,2,wk inc flu hosp,2026-05-30,quantile,0.65,11,New Mexico,Ensemble
2026-05-16,35,2,wk inc flu hosp,2026-05-30,quantile,0.7,12,New Mexico,Ensemble
2026-05-16,35,2,wk inc flu hosp,2026-05-30,quantile,0.75,13,New Mexico,Ensemble
2026-05-16,35,2,wk inc flu hosp,2026-05-30,quantile,0.8,15,New Mexico,Ensemble
2026-05-16,35,2,wk inc flu hosp,2026-05-30,quantile,0.85,19,New Mexico,Ensemble
2026-05-16,35,2,wk inc flu hosp,2026-05-30,quantile,0.9,25,New Mexico,Ensemble
2026-05-16,35,2,wk inc flu hosp,2026-05-30,quantile,0.95,43,New Mexico,Ensemble
2026-05-16,35,2,wk inc flu hosp,2026-05-30,quantile,0.975,53,New Mexico,Ensemble
2026-05-16,35,2,wk inc flu hosp,2026-05-30,quantile,0.99,64,New Mexico,Ensemble
2026-05-16,35,3,wk inc flu hosp,2026-06-06,quantile,0.01,0,New Mexico,Ensemble
2026-05-16,35,3,wk inc flu hosp,2026-06-06,quantile,0.025,0,New Mexico,Ensemble
2026-05-16,35,3,wk inc flu hosp,2026-06-06,quantile,0.05,0,New Mexico,Ensemble
2026-05-16,35,3,wk inc flu hosp,2026-06-06,quantile,0.1,1,New Mexico,Ensemble
2026-05-16,35,3,wk inc flu hosp,2026-06-06,quantile,0.15,1,New Mexico,Ensemble
2026-05-16,35,3,wk inc flu hosp,2026-06-06,quantile,0.2,2,New Mexico,Ensemble
2026-05-16,35,3,wk inc flu hosp,2026-06-06,quantile,0.25,2,New Mexico,Ensemble
2026-05-16,35,3,wk inc flu hosp,2026-06-06,quantile,0.3,3,New Mexico,Ensemble
2026-05-16,35,3,wk inc flu hosp,2026-06-06,quantile,0.35,3,New Mexico,Ensemble
2026-05-16,35,3,wk inc flu hosp,2026-06-06,quantile,0.4,4,New Mexico,Ensemble
2026-05-16,35,3,wk inc flu hosp,2026-06-06,quantile,0.45,4,New Mexico,Ensemble
2026-05-16,35,3,wk inc flu hosp,2026-06-06,quantile,0.5,7,New Mexico,Ensemble
2026-05-16,35,3,wk inc flu hosp,2026-06-06,quantile,0.55,8,New Mexico,Ensemble
2026-05-16,35,3,wk inc flu hosp,2026-06-06,quantile,0.6,9,New Mexico,Ensemble
2026-05-16,35,3,wk inc flu hosp,2026-06-06,quantile,0.65,10,New Mexico,Ensemble
2026-05-16,35,3,wk inc flu hosp,2026-06-06,quantile,0.7,12,New Mexico,Ensemble
2026-05-16,35,3,wk inc flu hosp,2026-06-06,quantile,0.75,15,New Mexico,Ensemble
2026-05-16,35,3,wk inc flu hosp,2026-06-06,quantile,0.8,18,New Mexico,Ensemble
2026-05-16,35,3,wk inc flu hosp,2026-06-06,quantile,0.85,22,New Mexico,Ensemble
2026-05-16,35,3,wk inc flu hosp,2026-06-06,quantile,0.9,31,New Mexico,Ensemble
2026-05-16,35,3,wk inc flu hosp,2026-06-06,quantile,0.95,46,New Mexico,Ensemble
2026-05-16,35,3,wk inc flu hosp,2026-06-06,quantile,0.975,54,New Mexico,Ensemble
2026-05-16,35,3,wk inc flu hosp,2026-06-06,quantile,0.99,65,New Mexico,Ensemble
2026-05-16,36,0,wk inc flu hosp,2026-05-16,quantile,0.01,9,New York,Ensemble
2026-05-16,36,0,wk inc flu hosp,2026-05-16,quantile,0.025,12,New York,Ensemble
2026-05-16,36,0,wk inc flu hosp,2026-05-16,quantile,0.05,16,New York,Ensemble
2026-05-16,36,0,wk inc flu hosp,2026-05-16,quantile,0.1,22,New York,Ensemble
2026-05-16,36,0,wk inc flu hosp,2026-05-16,quantile,0.15,26,New York,Ensemble
2026-05-16,36,0,wk inc flu hosp,2026-05-16,quantile,0.2,30,New York,Ensemble
2026-05-16,36,0,wk inc flu hosp,2026-05-16,quantile,0.25,34,New York,Ensemble
2026-05-16,36,0,wk inc flu hosp,2026-05-16,quantile,0.3,38,New York,Ensemble
2026-05-16,36,0,wk inc flu hosp,2026-05-16,quantile,0.35,41,New York,Ensemble
2026-05-16,36,0,wk inc flu hosp,2026-05-16,quantile,0.4,46,New York,Ensemble
2026-05-16,36,0,wk inc flu hosp,2026-05-16,quantile,0.45,49,New York,Ensemble
2026-05-16,36,0,wk inc flu hosp,2026-05-16,quantile,0.5,54,New York,Ensemble
2026-05-16,36,0,wk inc flu hosp,2026-05-16,quantile,0.55,59,New York,Ensemble
2026-05-16,36,0,wk inc flu hosp,2026-05-16,quantile,0.6,64,New York,Ensemble
2026-05-16,36,0,wk inc flu hosp,2026-05-16,quantile,0.65,68,New York,Ensemble
2026-05-16,36,0,wk inc flu hosp,2026-05-16,quantile,0.7,73,New York,Ensemble
2026-05-16,36,0,wk inc flu hosp,2026-05-16,quantile,0.75,78,New York,Ensemble
2026-05-16,36,0,wk inc flu hosp,2026-05-16,quantile,0.8,84,New York,Ensemble
2026-05-16,36,0,wk inc flu hosp,2026-05-16,quantile,0.85,93,New York,Ensemble
2026-05-16,36,0,wk inc flu hosp,2026-05-16,quantile,0.9,109,New York,Ensemble
2026-05-16,36,0,wk inc flu hosp,2026-05-16,quantile,0.95,155,New York,Ensemble
2026-05-16,36,0,wk inc flu hosp,2026-05-16,quantile,0.975,178,New York,Ensemble
2026-05-16,36,0,wk inc flu hosp,2026-05-16,quantile,0.99,211,New York,Ensemble
2026-05-16,36,1,wk inc flu hosp,2026-05-23,quantile,0.01,6,New York,Ensemble
2026-05-16,36,1,wk inc flu hosp,2026-05-23,quantile,0.025,8,New York,Ensemble
2026-05-16,36,1,wk inc flu hosp,2026-05-23,quantile,0.05,10,New York,Ensemble
2026-05-16,36,1,wk inc flu hosp,2026-05-23,quantile,0.1,14,New York,Ensemble
2026-05-16,36,1,wk inc flu hosp,2026-05-23,quantile,0.15,18,New York,Ensemble
2026-05-16,36,1,wk inc flu hosp,2026-05-23,quantile,0.2,22,New York,Ensemble
2026-05-16,36,1,wk inc flu hosp,2026-05-23,quantile,0.25,26,New York,Ensemble
2026-05-16,36,1,wk inc flu hosp,2026-05-23,quantile,0.3,30,New York,Ensemble
2026-05-16,36,1,wk inc flu hosp,2026-05-23,quantile,0.35,33,New York,Ensemble
2026-05-16,36,1,wk inc flu hosp,2026-05-23,quantile,0.4,37,New York,Ensemble
2026-05-16,36,1,wk inc flu hosp,2026-05-23,quantile,0.45,41,New York,Ensemble
2026-05-16,36,1,wk inc flu hosp,2026-05-23,quantile,0.5,47,New York,Ensemble
2026-05-16,36,1,wk inc flu hosp,2026-05-23,quantile,0.55,53,New York,Ensemble
2026-05-16,36,1,wk inc flu hosp,2026-05-23,quantile,0.6,58,New York,Ensemble
2026-05-16,36,1,wk inc flu hosp,2026-05-23,quantile,0.65,65,New York,Ensemble
2026-05-16,36,1,wk inc flu hosp,2026-05-23,quantile,0.7,71,New York,Ensemble
2026-05-16,36,1,wk inc flu hosp,2026-05-23,quantile,0.75,79,New York,Ensemble
2026-05-16,36,1,wk inc flu hosp,2026-05-23,quantile,0.8,90,New York,Ensemble
2026-05-16,36,1,wk inc flu hosp,2026-05-23,quantile,0.85,104,New York,Ensemble
2026-05-16,36,1,wk inc flu hosp,2026-05-23,quantile,0.9,139,New York,Ensemble
2026-05-16,36,1,wk inc flu hosp,2026-05-23,quantile,0.95,193,New York,Ensemble
2026-05-16,36,1,wk inc flu hosp,2026-05-23,quantile,0.975,233,New York,Ensemble
2026-05-16,36,1,wk inc flu hosp,2026-05-23,quantile,0.99,286,New York,Ensemble
2026-05-16,36,2,wk inc flu hosp,2026-05-30,quantile,0.01,5,New York,Ensemble
2026-05-16,36,2,wk inc flu hosp,2026-05-30,quantile,0.025,7,New York,Ensemble
2026-05-16,36,2,wk inc flu hosp,2026-05-30,quantile,0.05,8,New York,Ensemble
2026-05-16,36,2,wk inc flu hosp,2026-05-30,quantile,0.1,11,New York,Ensemble
2026-05-16,36,2,wk inc flu hosp,2026-05-30,quantile,0.15,15,New York,Ensemble
2026-05-16,36,2,wk inc flu hosp,2026-05-30,quantile,0.2,19,New York,Ensemble
2026-05-16,36,2,wk inc flu hosp,2026-05-30,quantile,0.25,22,New York,Ensemble
2026-05-16,36,2,wk inc flu hosp,2026-05-30,quantile,0.3,26,New York,Ensemble
2026-05-16,36,2,wk inc flu hosp,2026-05-30,quantile,0.35,28,New York,Ensemble
2026-05-16,36,2,wk inc flu hosp,2026-05-30,quantile,0.4,32,New York,Ensemble
2026-05-16,36,2,wk inc flu hosp,2026-05-30,quantile,0.45,36,New York,Ensemble
2026-05-16,36,2,wk inc flu hosp,2026-05-30,quantile,0.5,44,New York,Ensemble
2026-05-16,36,2,wk inc flu hosp,2026-05-30,quantile,0.55,50,New York,Ensemble
2026-05-16,36,2,wk inc flu hosp,2026-05-30,quantile,0.6,56,New York,Ensemble
2026-05-16,36,2,wk inc flu hosp,2026-05-30,quantile,0.65,63,New York,Ensemble
2026-05-16,36,2,wk inc flu hosp,2026-05-30,quantile,0.7,72,New York,Ensemble
2026-05-16,36,2,wk inc flu hosp,2026-05-30,quantile,0.75,83,New York,Ensemble
2026-05-16,36,2,wk inc flu hosp,2026-05-30,quantile,0.8,96,New York,Ensemble
2026-05-16,36,2,wk inc flu hosp,2026-05-30,quantile,0.85,115,New York,Ensemble
2026-05-16,36,2,wk inc flu hosp,2026-05-30,quantile,0.9,188,New York,Ensemble
2026-05-16,36,2,wk inc flu hosp,2026-05-30,quantile,0.95,251,New York,Ensemble
2026-05-16,36,2,wk inc flu hosp,2026-05-30,quantile,0.975,303,New York,Ensemble
2026-05-16,36,2,wk inc flu hosp,2026-05-30,quantile,0.99,378,New York,Ensemble
2026-05-16,36,3,wk inc flu hosp,2026-06-06,quantile,0.01,4,New York,Ensemble
2026-05-16,36,3,wk inc flu hosp,2026-06-06,quantile,0.025,5,New York,Ensemble
2026-05-16,36,3,wk inc flu hosp,2026-06-06,quantile,0.05,7,New York,Ensemble
2026-05-16,36,3,wk inc flu hosp,2026-06-06,quantile,0.1,10,New York,Ensemble
2026-05-16,36,3,wk inc flu hosp,2026-06-06,quantile,0.15,13,New York,Ensemble
2026-05-16,36,3,wk inc flu hosp,2026-06-06,quantile,0.2,17,New York,Ensemble
2026-05-16,36,3,wk inc flu hosp,2026-06-06,quantile,0.25,20,New York,Ensemble
2026-05-16,36,3,wk inc flu hosp,2026-06-06,quantile,0.3,23,New York,Ensemble
2026-05-16,36,3,wk inc flu hosp,2026-06-06,quantile,0.35,25,New York,Ensemble
2026-05-16,36,3,wk inc flu hosp,2026-06-06,quantile,0.4,29,New York,Ensemble
2026-05-16,36,3,wk inc flu hosp,2026-06-06,quantile,0.45,32,New York,Ensemble
2026-05-16,36,3,wk inc flu hosp,2026-06-06,quantile,0.5,41,New York,Ensemble
2026-05-16,36,3,wk inc flu hosp,2026-06-06,quantile,0.55,49,New York,Ensemble
2026-05-16,36,3,wk inc flu hosp,2026-06-06,quantile,0.6,57,New York,Ensemble
2026-05-16,36,3,wk inc flu hosp,2026-06-06,quantile,0.65,65,New York,Ensemble
2026-05-16,36,3,wk inc flu hosp,2026-06-06,quantile,0.7,76,New York,Ensemble
2026-05-16,36,3,wk inc flu hosp,2026-06-06,quantile,0.75,88,New York,Ensemble
2026-05-16,36,3,wk inc flu hosp,2026-06-06,quantile,0.8,105,New York,Ensemble
2026-05-16,36,3,wk inc flu hosp,2026-06-06,quantile,0.85,161,New York,Ensemble
2026-05-16,36,3,wk inc flu hosp,2026-06-06,quantile,0.9,205,New York,Ensemble
2026-05-16,36,3,wk inc flu hosp,2026-06-06,quantile,0.95,268,New York,Ensemble
2026-05-16,36,3,wk inc flu hosp,2026-06-06,quantile,0.975,354,New York,Ensemble
2026-05-16,36,3,wk inc flu hosp,2026-06-06,quantile,0.99,443,New York,Ensemble
2026-05-16,37,0,wk inc flu hosp,2026-05-16,quantile,0.01,2,North Carolina,Ensemble
2026-05-16,37,0,wk inc flu hosp,2026-05-16,quantile,0.025,3,North Carolina,Ensemble
2026-05-16,37,0,wk inc flu hosp,2026-05-16,quantile,0.05,4,North Carolina,Ensemble
2026-05-16,37,0,wk inc flu hosp,2026-05-16,quantile,0.1,6,North Carolina,Ensemble
2026-05-16,37,0,wk inc flu hosp,2026-05-16,quantile,0.15,7,North Carolina,Ensemble
2026-05-16,37,0,wk inc flu hosp,2026-05-16,quantile,0.2,8,North Carolina,Ensemble
2026-05-16,37,0,wk inc flu hosp,2026-05-16,quantile,0.25,9,North Carolina,Ensemble
2026-05-16,37,0,wk inc flu hosp,2026-05-16,quantile,0.3,10,North Carolina,Ensemble
2026-05-16,37,0,wk inc flu hosp,2026-05-16,quantile,0.35,12,North Carolina,Ensemble
2026-05-16,37,0,wk inc flu hosp,2026-05-16,quantile,0.4,13,North Carolina,Ensemble
2026-05-16,37,0,wk inc flu hosp,2026-05-16,quantile,0.45,15,North Carolina,Ensemble
2026-05-16,37,0,wk inc flu hosp,2026-05-16,quantile,0.5,18,North Carolina,Ensemble
2026-05-16,37,0,wk inc flu hosp,2026-05-16,quantile,0.55,20,North Carolina,Ensemble
2026-05-16,37,0,wk inc flu hosp,2026-05-16,quantile,0.6,22,North Carolina,Ensemble
2026-05-16,37,0,wk inc flu hosp,2026-05-16,quantile,0.65,24,North Carolina,Ensemble
2026-05-16,37,0,wk inc flu hosp,2026-05-16,quantile,0.7,27,North Carolina,Ensemble
2026-05-16,37,0,wk inc flu hosp,2026-05-16,quantile,0.75,29,North Carolina,Ensemble
2026-05-16,37,0,wk inc flu hosp,2026-05-16,quantile,0.8,32,North Carolina,Ensemble
2026-05-16,37,0,wk inc flu hosp,2026-05-16,quantile,0.85,36,North Carolina,Ensemble
2026-05-16,37,0,wk inc flu hosp,2026-05-16,quantile,0.9,42,North Carolina,Ensemble
2026-05-16,37,0,wk inc flu hosp,2026-05-16,quantile,0.95,69,North Carolina,Ensemble
2026-05-16,37,0,wk inc flu hosp,2026-05-16,quantile,0.975,82,North Carolina,Ensemble
2026-05-16,37,0,wk inc flu hosp,2026-05-16,quantile,0.99,97,North Carolina,Ensemble
2026-05-16,37,1,wk inc flu hosp,2026-05-23,quantile,0.01,1,North Carolina,Ensemble
2026-05-16,37,1,wk inc flu hosp,2026-05-23,quantile,0.025,2,North Carolina,Ensemble
2026-05-16,37,1,wk inc flu hosp,2026-05-23,quantile,0.05,3,North Carolina,Ensemble
2026-05-16,37,1,wk inc flu hosp,2026-05-23,quantile,0.1,4,North Carolina,Ensemble
2026-05-16,37,1,wk inc flu hosp,2026-05-23,quantile,0.15,5,North Carolina,Ensemble
2026-05-16,37,1,wk inc flu hosp,2026-05-23,quantile,0.2,6,North Carolina,Ensemble
2026-05-16,37,1,wk inc flu hosp,2026-05-23,quantile,0.25,7,North Carolina,Ensemble
2026-05-16,37,1,wk inc flu hosp,2026-05-23,quantile,0.3,8,North Carolina,Ensemble
2026-05-16,37,1,wk inc flu hosp,2026-05-23,quantile,0.35,10,North Carolina,Ensemble
2026-05-16,37,1,wk inc flu hosp,2026-05-23,quantile,0.4,11,North Carolina,Ensemble
2026-05-16,37,1,wk inc flu hosp,2026-05-23,quantile,0.45,13,North Carolina,Ensemble
2026-05-16,37,1,wk inc flu hosp,2026-05-23,quantile,0.5,17,North Carolina,Ensemble
2026-05-16,37,1,wk inc flu hosp,2026-05-23,quantile,0.55,19,North Carolina,Ensemble
2026-05-16,37,1,wk inc flu hosp,2026-05-23,quantile,0.6,21,North Carolina,Ensemble
2026-05-16,37,1,wk inc flu hosp,2026-05-23,quantile,0.65,24,North Carolina,Ensemble
2026-05-16,37,1,wk inc flu hosp,2026-05-23,quantile,0.7,27,North Carolina,Ensemble
2026-05-16,37,1,wk inc flu hosp,2026-05-23,quantile,0.75,30,North Carolina,Ensemble
2026-05-16,37,1,wk inc flu hosp,2026-05-23,quantile,0.8,35,North Carolina,Ensemble
2026-05-16,37,1,wk inc flu hosp,2026-05-23,quantile,0.85,42,North Carolina,Ensemble
2026-05-16,37,1,wk inc flu hosp,2026-05-23,quantile,0.9,54,North Carolina,Ensemble
2026-05-16,37,1,wk inc flu hosp,2026-05-23,quantile,0.95,79,North Carolina,Ensemble
2026-05-16,37,1,wk inc flu hosp,2026-05-23,quantile,0.975,135,North Carolina,Ensemble
2026-05-16,37,1,wk inc flu hosp,2026-05-23,quantile,0.99,175,North Carolina,Ensemble
2026-05-16,37,2,wk inc flu hosp,2026-05-30,quantile,0.01,1,North Carolina,Ensemble
2026-05-16,37,2,wk inc flu hosp,2026-05-30,quantile,0.025,2,North Carolina,Ensemble
2026-05-16,37,2,wk inc flu hosp,2026-05-30,quantile,0.05,2,North Carolina,Ensemble
2026-05-16,37,2,wk inc flu hosp,2026-05-30,quantile,0.1,3,North Carolina,Ensemble
2026-05-16,37,2,wk inc flu hosp,2026-05-30,quantile,0.15,4,North Carolina,Ensemble
2026-05-16,37,2,wk inc flu hosp,2026-05-30,quantile,0.2,6,North Carolina,Ensemble
2026-05-16,37,2,wk inc flu hosp,2026-05-30,quantile,0.25,7,North Carolina,Ensemble
2026-05-16,37,2,wk inc flu hosp,2026-05-30,quantile,0.3,8,North Carolina,Ensemble
2026-05-16,37,2,wk inc flu hosp,2026-05-30,quantile,0.35,9,North Carolina,Ensemble
2026-05-16,37,2,wk inc flu hosp,2026-05-30,quantile,0.4,10,North Carolina,Ensemble
2026-05-16,37,2,wk inc flu hosp,2026-05-30,quantile,0.45,12,North Carolina,Ensemble
2026-05-16,37,2,wk inc flu hosp,2026-05-30,quantile,0.5,16,North Carolina,Ensemble
2026-05-16,37,2,wk inc flu hosp,2026-05-30,quantile,0.55,19,North Carolina,Ensemble
2026-05-16,37,2,wk inc flu hosp,2026-05-30,quantile,0.6,22,North Carolina,Ensemble
2026-05-16,37,2,wk inc flu hosp,2026-05-30,quantile,0.65,24,North Carolina,Ensemble
2026-05-16,37,2,wk inc flu hosp,2026-05-30,quantile,0.7,28,North Carolina,Ensemble
2026-05-16,37,2,wk inc flu hosp,2026-05-30,quantile,0.75,32,North Carolina,Ensemble
2026-05-16,37,2,wk inc flu hosp,2026-05-30,quantile,0.8,39,North Carolina,Ensemble
2026-05-16,37,2,wk inc flu hosp,2026-05-30,quantile,0.85,49,North Carolina,Ensemble
2026-05-16,37,2,wk inc flu hosp,2026-05-30,quantile,0.9,90,North Carolina,Ensemble
2026-05-16,37,2,wk inc flu hosp,2026-05-30,quantile,0.95,146,North Carolina,Ensemble
2026-05-16,37,2,wk inc flu hosp,2026-05-30,quantile,0.975,188,North Carolina,Ensemble
2026-05-16,37,2,wk inc flu hosp,2026-05-30,quantile,0.99,249,North Carolina,Ensemble
2026-05-16,37,3,wk inc flu hosp,2026-06-06,quantile,0.01,1,North Carolina,Ensemble
2026-05-16,37,3,wk inc flu hosp,2026-06-06,quantile,0.025,1,North Carolina,Ensemble
2026-05-16,37,3,wk inc flu hosp,2026-06-06,quantile,0.05,2,North Carolina,Ensemble
2026-05-16,37,3,wk inc flu hosp,2026-06-06,quantile,0.1,3,North Carolina,Ensemble
2026-05-16,37,3,wk inc flu hosp,2026-06-06,quantile,0.15,4,North Carolina,Ensemble
2026-05-16,37,3,wk inc flu hosp,2026-06-06,quantile,0.2,5,North Carolina,Ensemble
2026-05-16,37,3,wk inc flu hosp,2026-06-06,quantile,0.25,6,North Carolina,Ensemble
2026-05-16,37,3,wk inc flu hosp,2026-06-06,quantile,0.3,6,North Carolina,Ensemble
2026-05-16,37,3,wk inc flu hosp,2026-06-06,quantile,0.35,8,North Carolina,Ensemble
2026-05-16,37,3,wk inc flu hosp,2026-06-06,quantile,0.4,9,North Carolina,Ensemble
2026-05-16,37,3,wk inc flu hosp,2026-06-06,quantile,0.45,10,North Carolina,Ensemble
2026-05-16,37,3,wk inc flu hosp,2026-06-06,quantile,0.5,15,North Carolina,Ensemble
2026-05-16,37,3,wk inc flu hosp,2026-06-06,quantile,0.55,18,North Carolina,Ensemble
2026-05-16,37,3,wk inc flu hosp,2026-06-06,quantile,0.6,21,North Carolina,Ensemble
2026-05-16,37,3,wk inc flu hosp,2026-06-06,quantile,0.65,24,North Carolina,Ensemble
2026-05-16,37,3,wk inc flu hosp,2026-06-06,quantile,0.7,29,North Carolina,Ensemble
2026-05-16,37,3,wk inc flu hosp,2026-06-06,quantile,0.75,35,North Carolina,Ensemble
2026-05-16,37,3,wk inc flu hosp,2026-06-06,quantile,0.8,42,North Carolina,Ensemble
2026-05-16,37,3,wk inc flu hosp,2026-06-06,quantile,0.85,52,North Carolina,Ensemble
2026-05-16,37,3,wk inc flu hosp,2026-06-06,quantile,0.9,128,North Carolina,Ensemble
2026-05-16,37,3,wk inc flu hosp,2026-06-06,quantile,0.95,166,North Carolina,Ensemble
2026-05-16,37,3,wk inc flu hosp,2026-06-06,quantile,0.975,199,North Carolina,Ensemble
2026-05-16,37,3,wk inc flu hosp,2026-06-06,quantile,0.99,271,North Carolina,Ensemble
2026-05-16,38,0,wk inc flu hosp,2026-05-16,quantile,0.01,0,North Dakota,Ensemble
2026-05-16,38,0,wk inc flu hosp,2026-05-16,quantile,0.025,0,North Dakota,Ensemble
2026-05-16,38,0,wk inc flu hosp,2026-05-16,quantile,0.05,0,North Dakota,Ensemble
2026-05-16,38,0,wk inc flu hosp,2026-05-16,quantile,0.1,0,North Dakota,Ensemble
2026-05-16,38,0,wk inc flu hosp,2026-05-16,quantile,0.15,0,North Dakota,Ensemble
2026-05-16,38,0,wk inc flu hosp,2026-05-16,quantile,0.2,1,North Dakota,Ensemble
2026-05-16,38,0,wk inc flu hosp,2026-05-16,quantile,0.25,1,North Dakota,Ensemble
2026-05-16,38,0,wk inc flu hosp,2026-05-16,quantile,0.3,1,North Dakota,Ensemble
2026-05-16,38,0,wk inc flu hosp,2026-05-16,quantile,0.35,1,North Dakota,Ensemble
2026-05-16,38,0,wk inc flu hosp,2026-05-16,quantile,0.4,1,North Dakota,Ensemble
2026-05-16,38,0,wk inc flu hosp,2026-05-16,quantile,0.45,2,North Dakota,Ensemble
2026-05-16,38,0,wk inc flu hosp,2026-05-16,quantile,0.5,3,North Dakota,Ensemble
2026-05-16,38,0,wk inc flu hosp,2026-05-16,quantile,0.55,3,North Dakota,Ensemble
2026-05-16,38,0,wk inc flu hosp,2026-05-16,quantile,0.6,4,North Dakota,Ensemble
2026-05-16,38,0,wk inc flu hosp,2026-05-16,quantile,0.65,4,North Dakota,Ensemble
2026-05-16,38,0,wk inc flu hosp,2026-05-16,quantile,0.7,5,North Dakota,Ensemble
2026-05-16,38,0,wk inc flu hosp,2026-05-16,quantile,0.75,5,North Dakota,Ensemble
2026-05-16,38,0,wk inc flu hosp,2026-05-16,quantile,0.8,6,North Dakota,Ensemble
2026-05-16,38,0,wk inc flu hosp,2026-05-16,quantile,0.85,7,North Dakota,Ensemble
2026-05-16,38,0,wk inc flu hosp,2026-05-16,quantile,0.9,9,North Dakota,Ensemble
2026-05-16,38,0,wk inc flu hosp,2026-05-16,quantile,0.95,11,North Dakota,Ensemble
2026-05-16,38,0,wk inc flu hosp,2026-05-16,quantile,0.975,13,North Dakota,Ensemble
2026-05-16,38,0,wk inc flu hosp,2026-05-16,quantile,0.99,16,North Dakota,Ensemble
2026-05-16,38,1,wk inc flu hosp,2026-05-23,quantile,0.01,0,North Dakota,Ensemble
2026-05-16,38,1,wk inc flu hosp,2026-05-23,quantile,0.025,0,North Dakota,Ensemble
2026-05-16,38,1,wk inc flu hosp,2026-05-23,quantile,0.05,0,North Dakota,Ensemble
2026-05-16,38,1,wk inc flu hosp,2026-05-23,quantile,0.1,0,North Dakota,Ensemble
2026-05-16,38,1,wk inc flu hosp,2026-05-23,quantile,0.15,0,North Dakota,Ensemble
2026-05-16,38,1,wk inc flu hosp,2026-05-23,quantile,0.2,0,North Dakota,Ensemble
2026-05-16,38,1,wk inc flu hosp,2026-05-23,quantile,0.25,1,North Dakota,Ensemble
2026-05-16,38,1,wk inc flu hosp,2026-05-23,quantile,0.3,1,North Dakota,Ensemble
2026-05-16,38,1,wk inc flu hosp,2026-05-23,quantile,0.35,1,North Dakota,Ensemble
2026-05-16,38,1,wk inc flu hosp,2026-05-23,quantile,0.4,1,North Dakota,Ensemble
2026-05-16,38,1,wk inc flu hosp,2026-05-23,quantile,0.45,1,North Dakota,Ensemble
2026-05-16,38,1,wk inc flu hosp,2026-05-23,quantile,0.5,3,North Dakota,Ensemble
2026-05-16,38,1,wk inc flu hosp,2026-05-23,quantile,0.55,3,North Dakota,Ensemble
2026-05-16,38,1,wk inc flu hosp,2026-05-23,quantile,0.6,3,North Dakota,Ensemble
2026-05-16,38,1,wk inc flu hosp,2026-05-23,quantile,0.65,4,North Dakota,Ensemble
2026-05-16,38,1,wk inc flu hosp,2026-05-23,quantile,0.7,5,North Dakota,Ensemble
2026-05-16,38,1,wk inc flu hosp,2026-05-23,quantile,0.75,5,North Dakota,Ensemble
2026-05-16,38,1,wk inc flu hosp,2026-05-23,quantile,0.8,6,North Dakota,Ensemble
2026-05-16,38,1,wk inc flu hosp,2026-05-23,quantile,0.85,7,North Dakota,Ensemble
2026-05-16,38,1,wk inc flu hosp,2026-05-23,quantile,0.9,9,North Dakota,Ensemble
2026-05-16,38,1,wk inc flu hosp,2026-05-23,quantile,0.95,12,North Dakota,Ensemble
2026-05-16,38,1,wk inc flu hosp,2026-05-23,quantile,0.975,15,North Dakota,Ensemble
2026-05-16,38,1,wk inc flu hosp,2026-05-23,quantile,0.99,19,North Dakota,Ensemble
2026-05-16,38,2,wk inc flu hosp,2026-05-30,quantile,0.01,0,North Dakota,Ensemble
2026-05-16,38,2,wk inc flu hosp,2026-05-30,quantile,0.025,0,North Dakota,Ensemble
2026-05-16,38,2,wk inc flu hosp,2026-05-30,quantile,0.05,0,North Dakota,Ensemble
2026-05-16,38,2,wk inc flu hosp,2026-05-30,quantile,0.1,0,North Dakota,Ensemble
2026-05-16,38,2,wk inc flu hosp,2026-05-30,quantile,0.15,0,North Dakota,Ensemble
2026-05-16,38,2,wk inc flu hosp,2026-05-30,quantile,0.2,0,North Dakota,Ensemble
2026-05-16,38,2,wk inc flu hosp,2026-05-30,quantile,0.25,0,North Dakota,Ensemble
2026-05-16,38,2,wk inc flu hosp,2026-05-30,quantile,0.3,1,North Dakota,Ensemble
2026-05-16,38,2,wk inc flu hosp,2026-05-30,quantile,0.35,1,North Dakota,Ensemble
2026-05-16,38,2,wk inc flu hosp,2026-05-30,quantile,0.4,1,North Dakota,Ensemble
2026-05-16,38,2,wk inc flu hosp,2026-05-30,quantile,0.45,1,North Dakota,Ensemble
2026-05-16,38,2,wk inc flu hosp,2026-05-30,quantile,0.5,3,North Dakota,Ensemble
2026-05-16,38,2,wk inc flu hosp,2026-05-30,quantile,0.55,3,North Dakota,Ensemble
2026-05-16,38,2,wk inc flu hosp,2026-05-30,quantile,0.6,3,North Dakota,Ensemble
2026-05-16,38,2,wk inc flu hosp,2026-05-30,quantile,0.65,4,North Dakota,Ensemble
2026-05-16,38,2,wk inc flu hosp,2026-05-30,quantile,0.7,5,North Dakota,Ensemble
2026-05-16,38,2,wk inc flu hosp,2026-05-30,quantile,0.75,5,North Dakota,Ensemble
2026-05-16,38,2,wk inc flu hosp,2026-05-30,quantile,0.8,6,North Dakota,Ensemble
2026-05-16,38,2,wk inc flu hosp,2026-05-30,quantile,0.85,8,North Dakota,Ensemble
2026-05-16,38,2,wk inc flu hosp,2026-05-30,quantile,0.9,10,North Dakota,Ensemble
2026-05-16,38,2,wk inc flu hosp,2026-05-30,quantile,0.95,14,North Dakota,Ensemble
2026-05-16,38,2,wk inc flu hosp,2026-05-30,quantile,0.975,17,North Dakota,Ensemble
2026-05-16,38,2,wk inc flu hosp,2026-05-30,quantile,0.99,21,North Dakota,Ensemble
2026-05-16,38,3,wk inc flu hosp,2026-06-06,quantile,0.01,0,North Dakota,Ensemble
2026-05-16,38,3,wk inc flu hosp,2026-06-06,quantile,0.025,0,North Dakota,Ensemble
2026-05-16,38,3,wk inc flu hosp,2026-06-06,quantile,0.05,0,North Dakota,Ensemble
2026-05-16,38,3,wk inc flu hosp,2026-06-06,quantile,0.1,0,North Dakota,Ensemble
2026-05-16,38,3,wk inc flu hosp,2026-06-06,quantile,0.15,0,North Dakota,Ensemble
2026-05-16,38,3,wk inc flu hosp,2026-06-06,quantile,0.2,0,North Dakota,Ensemble
2026-05-16,38,3,wk inc flu hosp,2026-06-06,quantile,0.25,0,North Dakota,Ensemble
2026-05-16,38,3,wk inc flu hosp,2026-06-06,quantile,0.3,0,North Dakota,Ensemble
2026-05-16,38,3,wk inc flu hosp,2026-06-06,quantile,0.35,1,North Dakota,Ensemble
2026-05-16,38,3,wk inc flu hosp,2026-06-06,quantile,0.4,1,North Dakota,Ensemble
2026-05-16,38,3,wk inc flu hosp,2026-06-06,quantile,0.45,1,North Dakota,Ensemble
2026-05-16,38,3,wk inc flu hosp,2026-06-06,quantile,0.5,3,North Dakota,Ensemble
2026-05-16,38,3,wk inc flu hosp,2026-06-06,quantile,0.55,3,North Dakota,Ensemble
2026-05-16,38,3,wk inc flu hosp,2026-06-06,quantile,0.6,3,North Dakota,Ensemble
2026-05-16,38,3,wk inc flu hosp,2026-06-06,quantile,0.65,4,North Dakota,Ensemble
2026-05-16,38,3,wk inc flu hosp,2026-06-06,quantile,0.7,4,North Dakota,Ensemble
2026-05-16,38,3,wk inc flu hosp,2026-06-06,quantile,0.75,5,North Dakota,Ensemble
2026-05-16,38,3,wk inc flu hosp,2026-06-06,quantile,0.8,7,North Dakota,Ensemble
2026-05-16,38,3,wk inc flu hosp,2026-06-06,quantile,0.85,8,North Dakota,Ensemble
2026-05-16,38,3,wk inc flu hosp,2026-06-06,quantile,0.9,11,North Dakota,Ensemble
2026-05-16,38,3,wk inc flu hosp,2026-06-06,quantile,0.95,15,North Dakota,Ensemble
2026-05-16,38,3,wk inc flu hosp,2026-06-06,quantile,0.975,19,North Dakota,Ensemble
2026-05-16,38,3,wk inc flu hosp,2026-06-06,quantile,0.99,24,North Dakota,Ensemble
2026-05-16,39,0,wk inc flu hosp,2026-05-16,quantile,0.01,3,Ohio,Ensemble
2026-05-16,39,0,wk inc flu hosp,2026-05-16,quantile,0.025,4,Ohio,Ensemble
2026-05-16,39,0,wk inc flu hosp,2026-05-16,quantile,0.05,5,Ohio,Ensemble
2026-05-16,39,0,wk inc flu hosp,2026-05-16,quantile,0.1,7,Ohio,Ensemble
2026-05-16,39,0,wk inc flu hosp,2026-05-16,quantile,0.15,8,Ohio,Ensemble
2026-05-16,39,0,wk inc flu hosp,2026-05-16,quantile,0.2,9,Ohio,Ensemble
2026-05-16,39,0,wk inc flu hosp,2026-05-16,quantile,0.25,10,Ohio,Ensemble
2026-05-16,39,0,wk inc flu hosp,2026-05-16,quantile,0.3,11,Ohio,Ensemble
2026-05-16,39,0,wk inc flu hosp,2026-05-16,quantile,0.35,13,Ohio,Ensemble
2026-05-16,39,0,wk inc flu hosp,2026-05-16,quantile,0.4,15,Ohio,Ensemble
2026-05-16,39,0,wk inc flu hosp,2026-05-16,quantile,0.45,16,Ohio,Ensemble
2026-05-16,39,0,wk inc flu hosp,2026-05-16,quantile,0.5,19,Ohio,Ensemble
2026-05-16,39,0,wk inc flu hosp,2026-05-16,quantile,0.55,21,Ohio,Ensemble
2026-05-16,39,0,wk inc flu hosp,2026-05-16,quantile,0.6,24,Ohio,Ensemble
2026-05-16,39,0,wk inc flu hosp,2026-05-16,quantile,0.65,26,Ohio,Ensemble
2026-05-16,39,0,wk inc flu hosp,2026-05-16,quantile,0.7,29,Ohio,Ensemble
2026-05-16,39,0,wk inc flu hosp,2026-05-16,quantile,0.75,32,Ohio,Ensemble
2026-05-16,39,0,wk inc flu hosp,2026-05-16,quantile,0.8,36,Ohio,Ensemble
2026-05-16,39,0,wk inc flu hosp,2026-05-16,quantile,0.85,42,Ohio,Ensemble
2026-05-16,39,0,wk inc flu hosp,2026-05-16,quantile,0.9,48,Ohio,Ensemble
2026-05-16,39,0,wk inc flu hosp,2026-05-16,quantile,0.95,74,Ohio,Ensemble
2026-05-16,39,0,wk inc flu hosp,2026-05-16,quantile,0.975,93,Ohio,Ensemble
2026-05-16,39,0,wk inc flu hosp,2026-05-16,quantile,0.99,112,Ohio,Ensemble
2026-05-16,39,1,wk inc flu hosp,2026-05-23,quantile,0.01,2,Ohio,Ensemble
2026-05-16,39,1,wk inc flu hosp,2026-05-23,quantile,0.025,3,Ohio,Ensemble
2026-05-16,39,1,wk inc flu hosp,2026-05-23,quantile,0.05,4,Ohio,Ensemble
2026-05-16,39,1,wk inc flu hosp,2026-05-23,quantile,0.1,5,Ohio,Ensemble
2026-05-16,39,1,wk inc flu hosp,2026-05-23,quantile,0.15,6,Ohio,Ensemble
2026-05-16,39,1,wk inc flu hosp,2026-05-23,quantile,0.2,7,Ohio,Ensemble
2026-05-16,39,1,wk inc flu hosp,2026-05-23,quantile,0.25,8,Ohio,Ensemble
2026-05-16,39,1,wk inc flu hosp,2026-05-23,quantile,0.3,9,Ohio,Ensemble
2026-05-16,39,1,wk inc flu hosp,2026-05-23,quantile,0.35,10,Ohio,Ensemble
2026-05-16,39,1,wk inc flu hosp,2026-05-23,quantile,0.4,12,Ohio,Ensemble
2026-05-16,39,1,wk inc flu hosp,2026-05-23,quantile,0.45,13,Ohio,Ensemble
2026-05-16,39,1,wk inc flu hosp,2026-05-23,quantile,0.5,18,Ohio,Ensemble
2026-05-16,39,1,wk inc flu hosp,2026-05-23,quantile,0.55,21,Ohio,Ensemble
2026-05-16,39,1,wk inc flu hosp,2026-05-23,quantile,0.6,24,Ohio,Ensemble
2026-05-16,39,1,wk inc flu hosp,2026-05-23,quantile,0.65,28,Ohio,Ensemble
2026-05-16,39,1,wk inc flu hosp,2026-05-23,quantile,0.7,32,Ohio,Ensemble
2026-05-16,39,1,wk inc flu hosp,2026-05-23,quantile,0.75,36,Ohio,Ensemble
2026-05-16,39,1,wk inc flu hosp,2026-05-23,quantile,0.8,41,Ohio,Ensemble
2026-05-16,39,1,wk inc flu hosp,2026-05-23,quantile,0.85,48,Ohio,Ensemble
2026-05-16,39,1,wk inc flu hosp,2026-05-23,quantile,0.9,74,Ohio,Ensemble
2026-05-16,39,1,wk inc flu hosp,2026-05-23,quantile,0.95,114,Ohio,Ensemble
2026-05-16,39,1,wk inc flu hosp,2026-05-23,quantile,0.975,132,Ohio,Ensemble
2026-05-16,39,1,wk inc flu hosp,2026-05-23,quantile,0.99,158,Ohio,Ensemble
2026-05-16,39,2,wk inc flu hosp,2026-05-30,quantile,0.01,2,Ohio,Ensemble
2026-05-16,39,2,wk inc flu hosp,2026-05-30,quantile,0.025,2,Ohio,Ensemble
2026-05-16,39,2,wk inc flu hosp,2026-05-30,quantile,0.05,3,Ohio,Ensemble
2026-05-16,39,2,wk inc flu hosp,2026-05-30,quantile,0.1,5,Ohio,Ensemble
2026-05-16,39,2,wk inc flu hosp,2026-05-30,quantile,0.15,6,Ohio,Ensemble
2026-05-16,39,2,wk inc flu hosp,2026-05-30,quantile,0.2,7,Ohio,Ensemble
2026-05-16,39,2,wk inc flu hosp,2026-05-30,quantile,0.25,8,Ohio,Ensemble
2026-05-16,39,2,wk inc flu hosp,2026-05-30,quantile,0.3,8,Ohio,Ensemble
2026-05-16,39,2,wk inc flu hosp,2026-05-30,quantile,0.35,10,Ohio,Ensemble
2026-05-16,39,2,wk inc flu hosp,2026-05-30,quantile,0.4,11,Ohio,Ensemble
2026-05-16,39,2,wk inc flu hosp,2026-05-30,quantile,0.45,12,Ohio,Ensemble
2026-05-16,39,2,wk inc flu hosp,2026-05-30,quantile,0.5,19,Ohio,Ensemble
2026-05-16,39,2,wk inc flu hosp,2026-05-30,quantile,0.55,22,Ohio,Ensemble
2026-05-16,39,2,wk inc flu hosp,2026-05-30,quantile,0.6,25,Ohio,Ensemble
2026-05-16,39,2,wk inc flu hosp,2026-05-30,quantile,0.65,29,Ohio,Ensemble
2026-05-16,39,2,wk inc flu hosp,2026-05-30,quantile,0.7,36,Ohio,Ensemble
2026-05-16,39,2,wk inc flu hosp,2026-05-30,quantile,0.75,42,Ohio,Ensemble
2026-05-16,39,2,wk inc flu hosp,2026-05-30,quantile,0.8,48,Ohio,Ensemble
2026-05-16,39,2,wk inc flu hosp,2026-05-30,quantile,0.85,63,Ohio,Ensemble
2026-05-16,39,2,wk inc flu hosp,2026-05-30,quantile,0.9,86,Ohio,Ensemble
2026-05-16,39,2,wk inc flu hosp,2026-05-30,quantile,0.95,152,Ohio,Ensemble
2026-05-16,39,2,wk inc flu hosp,2026-05-30,quantile,0.975,178,Ohio,Ensemble
2026-05-16,39,2,wk inc flu hosp,2026-05-30,quantile,0.99,211,Ohio,Ensemble
2026-05-16,39,3,wk inc flu hosp,2026-06-06,quantile,0.01,1,Ohio,Ensemble
2026-05-16,39,3,wk inc flu hosp,2026-06-06,quantile,0.025,2,Ohio,Ensemble
2026-05-16,39,3,wk inc flu hosp,2026-06-06,quantile,0.05,3,Ohio,Ensemble
2026-05-16,39,3,wk inc flu hosp,2026-06-06,quantile,0.1,4,Ohio,Ensemble
2026-05-16,39,3,wk inc flu hosp,2026-06-06,quantile,0.15,5,Ohio,Ensemble
2026-05-16,39,3,wk inc flu hosp,2026-06-06,quantile,0.2,6,Ohio,Ensemble
2026-05-16,39,3,wk inc flu hosp,2026-06-06,quantile,0.25,7,Ohio,Ensemble
2026-05-16,39,3,wk inc flu hosp,2026-06-06,quantile,0.3,8,Ohio,Ensemble
2026-05-16,39,3,wk inc flu hosp,2026-06-06,quantile,0.35,9,Ohio,Ensemble
2026-05-16,39,3,wk inc flu hosp,2026-06-06,quantile,0.4,10,Ohio,Ensemble
2026-05-16,39,3,wk inc flu hosp,2026-06-06,quantile,0.45,11,Ohio,Ensemble
2026-05-16,39,3,wk inc flu hosp,2026-06-06,quantile,0.5,16,Ohio,Ensemble
2026-05-16,39,3,wk inc flu hosp,2026-06-06,quantile,0.55,21,Ohio,Ensemble
2026-05-16,39,3,wk inc flu hosp,2026-06-06,quantile,0.6,28,Ohio,Ensemble
2026-05-16,39,3,wk inc flu hosp,2026-06-06,quantile,0.65,32,Ohio,Ensemble
2026-05-16,39,3,wk inc flu hosp,2026-06-06,quantile,0.7,39,Ohio,Ensemble
2026-05-16,39,3,wk inc flu hosp,2026-06-06,quantile,0.75,46,Ohio,Ensemble
2026-05-16,39,3,wk inc flu hosp,2026-06-06,quantile,0.8,55,Ohio,Ensemble
2026-05-16,39,3,wk inc flu hosp,2026-06-06,quantile,0.85,65,Ohio,Ensemble
2026-05-16,39,3,wk inc flu hosp,2026-06-06,quantile,0.9,107,Ohio,Ensemble
2026-05-16,39,3,wk inc flu hosp,2026-06-06,quantile,0.95,165,Ohio,Ensemble
2026-05-16,39,3,wk inc flu hosp,2026-06-06,quantile,0.975,197,Ohio,Ensemble
2026-05-16,39,3,wk inc flu hosp,2026-06-06,quantile,0.99,239,Ohio,Ensemble
2026-05-16,40,0,wk inc flu hosp,2026-05-16,quantile,0.01,0,Oklahoma,Ensemble
2026-05-16,40,0,wk inc flu hosp,2026-05-16,quantile,0.025,1,Oklahoma,Ensemble
2026-05-16,40,0,wk inc flu hosp,2026-05-16,quantile,0.05,1,Oklahoma,Ensemble
2026-05-16,40,0,wk inc flu hosp,2026-05-16,quantile,0.1,2,Oklahoma,Ensemble
2026-05-16,40,0,wk inc flu hosp,2026-05-16,quantile,0.15,2,Oklahoma,Ensemble
2026-05-16,40,0,wk inc flu hosp,2026-05-16,quantile,0.2,2,Oklahoma,Ensemble
2026-05-16,40,0,wk inc flu hosp,2026-05-16,quantile,0.25,3,Oklahoma,Ensemble
2026-05-16,40,0,wk inc flu hosp,2026-05-16,quantile,0.3,4,Oklahoma,Ensemble
2026-05-16,40,0,wk inc flu hosp,2026-05-16,quantile,0.35,4,Oklahoma,Ensemble
2026-05-16,40,0,wk inc flu hosp,2026-05-16,quantile,0.4,5,Oklahoma,Ensemble
2026-05-16,40,0,wk inc flu hosp,2026-05-16,quantile,0.45,6,Oklahoma,Ensemble
2026-05-16,40,0,wk inc flu hosp,2026-05-16,quantile,0.5,8,Oklahoma,Ensemble
2026-05-16,40,0,wk inc flu hosp,2026-05-16,quantile,0.55,8,Oklahoma,Ensemble
2026-05-16,40,0,wk inc flu hosp,2026-05-16,quantile,0.6,9,Oklahoma,Ensemble
2026-05-16,40,0,wk inc flu hosp,2026-05-16,quantile,0.65,10,Oklahoma,Ensemble
2026-05-16,40,0,wk inc flu hosp,2026-05-16,quantile,0.7,12,Oklahoma,Ensemble
2026-05-16,40,0,wk inc flu hosp,2026-05-16,quantile,0.75,13,Oklahoma,Ensemble
2026-05-16,40,0,wk inc flu hosp,2026-05-16,quantile,0.8,16,Oklahoma,Ensemble
2026-05-16,40,0,wk inc flu hosp,2026-05-16,quantile,0.85,19,Oklahoma,Ensemble
2026-05-16,40,0,wk inc flu hosp,2026-05-16,quantile,0.9,23,Oklahoma,Ensemble
2026-05-16,40,0,wk inc flu hosp,2026-05-16,quantile,0.95,27,Oklahoma,Ensemble
2026-05-16,40,0,wk inc flu hosp,2026-05-16,quantile,0.975,33,Oklahoma,Ensemble
2026-05-16,40,0,wk inc flu hosp,2026-05-16,quantile,0.99,40,Oklahoma,Ensemble
2026-05-16,40,1,wk inc flu hosp,2026-05-23,quantile,0.01,0,Oklahoma,Ensemble
2026-05-16,40,1,wk inc flu hosp,2026-05-23,quantile,0.025,1,Oklahoma,Ensemble
2026-05-16,40,1,wk inc flu hosp,2026-05-23,quantile,0.05,1,Oklahoma,Ensemble
2026-05-16,40,1,wk inc flu hosp,2026-05-23,quantile,0.1,1,Oklahoma,Ensemble
2026-05-16,40,1,wk inc flu hosp,2026-05-23,quantile,0.15,2,Oklahoma,Ensemble
2026-05-16,40,1,wk inc flu hosp,2026-05-23,quantile,0.2,2,Oklahoma,Ensemble
2026-05-16,40,1,wk inc flu hosp,2026-05-23,quantile,0.25,2,Oklahoma,Ensemble
2026-05-16,40,1,wk inc flu hosp,2026-05-23,quantile,0.3,3,Oklahoma,Ensemble
2026-05-16,40,1,wk inc flu hosp,2026-05-23,quantile,0.35,3,Oklahoma,Ensemble
2026-05-16,40,1,wk inc flu hosp,2026-05-23,quantile,0.4,4,Oklahoma,Ensemble
2026-05-16,40,1,wk inc flu hosp,2026-05-23,quantile,0.45,5,Oklahoma,Ensemble
2026-05-16,40,1,wk inc flu hosp,2026-05-23,quantile,0.5,7,Oklahoma,Ensemble
2026-05-16,40,1,wk inc flu hosp,2026-05-23,quantile,0.55,9,Oklahoma,Ensemble
2026-05-16,40,1,wk inc flu hosp,2026-05-23,quantile,0.6,10,Oklahoma,Ensemble
2026-05-16,40,1,wk inc flu hosp,2026-05-23,quantile,0.65,11,Oklahoma,Ensemble
2026-05-16,40,1,wk inc flu hosp,2026-05-23,quantile,0.7,12,Oklahoma,Ensemble
2026-05-16,40,1,wk inc flu hosp,2026-05-23,quantile,0.75,14,Oklahoma,Ensemble
2026-05-16,40,1,wk inc flu hosp,2026-05-23,quantile,0.8,16,Oklahoma,Ensemble
2026-05-16,40,1,wk inc flu hosp,2026-05-23,quantile,0.85,24,Oklahoma,Ensemble
2026-05-16,40,1,wk inc flu hosp,2026-05-23,quantile,0.9,29,Oklahoma,Ensemble
2026-05-16,40,1,wk inc flu hosp,2026-05-23,quantile,0.95,35,Oklahoma,Ensemble
2026-05-16,40,1,wk inc flu hosp,2026-05-23,quantile,0.975,41,Oklahoma,Ensemble
2026-05-16,40,1,wk inc flu hosp,2026-05-23,quantile,0.99,52,Oklahoma,Ensemble
2026-05-16,40,2,wk inc flu hosp,2026-05-30,quantile,0.01,0,Oklahoma,Ensemble
2026-05-16,40,2,wk inc flu hosp,2026-05-30,quantile,0.025,0,Oklahoma,Ensemble
2026-05-16,40,2,wk inc flu hosp,2026-05-30,quantile,0.05,1,Oklahoma,Ensemble
2026-05-16,40,2,wk inc flu hosp,2026-05-30,quantile,0.1,1,Oklahoma,Ensemble
2026-05-16,40,2,wk inc flu hosp,2026-05-30,quantile,0.15,1,Oklahoma,Ensemble
2026-05-16,40,2,wk inc flu hosp,2026-05-30,quantile,0.2,2,Oklahoma,Ensemble
2026-05-16,40,2,wk inc flu hosp,2026-05-30,quantile,0.25,2,Oklahoma,Ensemble
2026-05-16,40,2,wk inc flu hosp,2026-05-30,quantile,0.3,3,Oklahoma,Ensemble
2026-05-16,40,2,wk inc flu hosp,2026-05-30,quantile,0.35,3,Oklahoma,Ensemble
2026-05-16,40,2,wk inc flu hosp,2026-05-30,quantile,0.4,4,Oklahoma,Ensemble
2026-05-16,40,2,wk inc flu hosp,2026-05-30,quantile,0.45,5,Oklahoma,Ensemble
2026-05-16,40,2,wk inc flu hosp,2026-05-30,quantile,0.5,7,Oklahoma,Ensemble
2026-05-16,40,2,wk inc flu hosp,2026-05-30,quantile,0.55,9,Oklahoma,Ensemble
2026-05-16,40,2,wk inc flu hosp,2026-05-30,quantile,0.6,10,Oklahoma,Ensemble
2026-05-16,40,2,wk inc flu hosp,2026-05-30,quantile,0.65,11,Oklahoma,Ensemble
2026-05-16,40,2,wk inc flu hosp,2026-05-30,quantile,0.7,13,Oklahoma,Ensemble
2026-05-16,40,2,wk inc flu hosp,2026-05-30,quantile,0.75,15,Oklahoma,Ensemble
2026-05-16,40,2,wk inc flu hosp,2026-05-30,quantile,0.8,19,Oklahoma,Ensemble
2026-05-16,40,2,wk inc flu hosp,2026-05-30,quantile,0.85,25,Oklahoma,Ensemble
2026-05-16,40,2,wk inc flu hosp,2026-05-30,quantile,0.9,31,Oklahoma,Ensemble
2026-05-16,40,2,wk inc flu hosp,2026-05-30,quantile,0.95,44,Oklahoma,Ensemble
2026-05-16,40,2,wk inc flu hosp,2026-05-30,quantile,0.975,55,Oklahoma,Ensemble
2026-05-16,40,2,wk inc flu hosp,2026-05-30,quantile,0.99,69,Oklahoma,Ensemble
2026-05-16,40,3,wk inc flu hosp,2026-06-06,quantile,0.01,0,Oklahoma,Ensemble
2026-05-16,40,3,wk inc flu hosp,2026-06-06,quantile,0.025,0,Oklahoma,Ensemble
2026-05-16,40,3,wk inc flu hosp,2026-06-06,quantile,0.05,0,Oklahoma,Ensemble
2026-05-16,40,3,wk inc flu hosp,2026-06-06,quantile,0.1,1,Oklahoma,Ensemble
2026-05-16,40,3,wk inc flu hosp,2026-06-06,quantile,0.15,1,Oklahoma,Ensemble
2026-05-16,40,3,wk inc flu hosp,2026-06-06,quantile,0.2,2,Oklahoma,Ensemble
2026-05-16,40,3,wk inc flu hosp,2026-06-06,quantile,0.25,2,Oklahoma,Ensemble
2026-05-16,40,3,wk inc flu hosp,2026-06-06,quantile,0.3,3,Oklahoma,Ensemble
2026-05-16,40,3,wk inc flu hosp,2026-06-06,quantile,0.35,3,Oklahoma,Ensemble
2026-05-16,40,3,wk inc flu hosp,2026-06-06,quantile,0.4,3,Oklahoma,Ensemble
2026-05-16,40,3,wk inc flu hosp,2026-06-06,quantile,0.45,4,Oklahoma,Ensemble
2026-05-16,40,3,wk inc flu hosp,2026-06-06,quantile,0.5,6,Oklahoma,Ensemble
2026-05-16,40,3,wk inc flu hosp,2026-06-06,quantile,0.55,8,Oklahoma,Ensemble
2026-05-16,40,3,wk inc flu hosp,2026-06-06,quantile,0.6,10,Oklahoma,Ensemble
2026-05-16,40,3,wk inc flu hosp,2026-06-06,quantile,0.65,12,Oklahoma,Ensemble
2026-05-16,40,3,wk inc flu hosp,2026-06-06,quantile,0.7,15,Oklahoma,Ensemble
2026-05-16,40,3,wk inc flu hosp,2026-06-06,quantile,0.75,18,Oklahoma,Ensemble
2026-05-16,40,3,wk inc flu hosp,2026-06-06,quantile,0.8,21,Oklahoma,Ensemble
2026-05-16,40,3,wk inc flu hosp,2026-06-06,quantile,0.85,26,Oklahoma,Ensemble
2026-05-16,40,3,wk inc flu hosp,2026-06-06,quantile,0.9,34,Oklahoma,Ensemble
2026-05-16,40,3,wk inc flu hosp,2026-06-06,quantile,0.95,48,Oklahoma,Ensemble
2026-05-16,40,3,wk inc flu hosp,2026-06-06,quantile,0.975,60,Oklahoma,Ensemble
2026-05-16,40,3,wk inc flu hosp,2026-06-06,quantile,0.99,76,Oklahoma,Ensemble
2026-05-16,41,0,wk inc flu hosp,2026-05-16,quantile,0.01,1,Oregon,Ensemble
2026-05-16,41,0,wk inc flu hosp,2026-05-16,quantile,0.025,2,Oregon,Ensemble
2026-05-16,41,0,wk inc flu hosp,2026-05-16,quantile,0.05,3,Oregon,Ensemble
2026-05-16,41,0,wk inc flu hosp,2026-05-16,quantile,0.1,4,Oregon,Ensemble
2026-05-16,41,0,wk inc flu hosp,2026-05-16,quantile,0.15,5,Oregon,Ensemble
2026-05-16,41,0,wk inc flu hosp,2026-05-16,quantile,0.2,5,Oregon,Ensemble
2026-05-16,41,0,wk inc flu hosp,2026-05-16,quantile,0.25,6,Oregon,Ensemble
2026-05-16,41,0,wk inc flu hosp,2026-05-16,quantile,0.3,7,Oregon,Ensemble
2026-05-16,41,0,wk inc flu hosp,2026-05-16,quantile,0.35,8,Oregon,Ensemble
2026-05-16,41,0,wk inc flu hosp,2026-05-16,quantile,0.4,9,Oregon,Ensemble
2026-05-16,41,0,wk inc flu hosp,2026-05-16,quantile,0.45,10,Oregon,Ensemble
2026-05-16,41,0,wk inc flu hosp,2026-05-16,quantile,0.5,12,Oregon,Ensemble
2026-05-16,41,0,wk inc flu hosp,2026-05-16,quantile,0.55,13,Oregon,Ensemble
2026-05-16,41,0,wk inc flu hosp,2026-05-16,quantile,0.6,14,Oregon,Ensemble
2026-05-16,41,0,wk inc flu hosp,2026-05-16,quantile,0.65,15,Oregon,Ensemble
2026-05-16,41,0,wk inc flu hosp,2026-05-16,quantile,0.7,17,Oregon,Ensemble
2026-05-16,41,0,wk inc flu hosp,2026-05-16,quantile,0.75,19,Oregon,Ensemble
2026-05-16,41,0,wk inc flu hosp,2026-05-16,quantile,0.8,20,Oregon,Ensemble
2026-05-16,41,0,wk inc flu hosp,2026-05-16,quantile,0.85,23,Oregon,Ensemble
2026-05-16,41,0,wk inc flu hosp,2026-05-16,quantile,0.9,36,Oregon,Ensemble
2026-05-16,41,0,wk inc flu hosp,2026-05-16,quantile,0.95,44,Oregon,Ensemble
2026-05-16,41,0,wk inc flu hosp,2026-05-16,quantile,0.975,50,Oregon,Ensemble
2026-05-16,41,0,wk inc flu hosp,2026-05-16,quantile,0.99,61,Oregon,Ensemble
2026-05-16,41,1,wk inc flu hosp,2026-05-23,quantile,0.01,1,Oregon,Ensemble
2026-05-16,41,1,wk inc flu hosp,2026-05-23,quantile,0.025,1,Oregon,Ensemble
2026-05-16,41,1,wk inc flu hosp,2026-05-23,quantile,0.05,2,Oregon,Ensemble
2026-05-16,41,1,wk inc flu hosp,2026-05-23,quantile,0.1,3,Oregon,Ensemble
2026-05-16,41,1,wk inc flu hosp,2026-05-23,quantile,0.15,3,Oregon,Ensemble
2026-05-16,41,1,wk inc flu hosp,2026-05-23,quantile,0.2,4,Oregon,Ensemble
2026-05-16,41,1,wk inc flu hosp,2026-05-23,quantile,0.25,5,Oregon,Ensemble
2026-05-16,41,1,wk inc flu hosp,2026-05-23,quantile,0.3,6,Oregon,Ensemble
2026-05-16,41,1,wk inc flu hosp,2026-05-23,quantile,0.35,7,Oregon,Ensemble
2026-05-16,41,1,wk inc flu hosp,2026-05-23,quantile,0.4,8,Oregon,Ensemble
2026-05-16,41,1,wk inc flu hosp,2026-05-23,quantile,0.45,9,Oregon,Ensemble
2026-05-16,41,1,wk inc flu hosp,2026-05-23,quantile,0.5,11,Oregon,Ensemble
2026-05-16,41,1,wk inc flu hosp,2026-05-23,quantile,0.55,13,Oregon,Ensemble
2026-05-16,41,1,wk inc flu hosp,2026-05-23,quantile,0.6,14,Oregon,Ensemble
2026-05-16,41,1,wk inc flu hosp,2026-05-23,quantile,0.65,15,Oregon,Ensemble
2026-05-16,41,1,wk inc flu hosp,2026-05-23,quantile,0.7,17,Oregon,Ensemble
2026-05-16,41,1,wk inc flu hosp,2026-05-23,quantile,0.75,19,Oregon,Ensemble
2026-05-16,41,1,wk inc flu hosp,2026-05-23,quantile,0.8,21,Oregon,Ensemble
2026-05-16,41,1,wk inc flu hosp,2026-05-23,quantile,0.85,28,Oregon,Ensemble
2026-05-16,41,1,wk inc flu hosp,2026-05-23,quantile,0.9,33,Oregon,Ensemble
2026-05-16,41,1,wk inc flu hosp,2026-05-23,quantile,0.95,50,Oregon,Ensemble
2026-05-16,41,1,wk inc flu hosp,2026-05-23,quantile,0.975,59,Oregon,Ensemble
2026-05-16,41,1,wk inc flu hosp,2026-05-23,quantile,0.99,73,Oregon,Ensemble
2026-05-16,41,2,wk inc flu hosp,2026-05-30,quantile,0.01,0,Oregon,Ensemble
2026-05-16,41,2,wk inc flu hosp,2026-05-30,quantile,0.025,1,Oregon,Ensemble
2026-05-16,41,2,wk inc flu hosp,2026-05-30,quantile,0.05,1,Oregon,Ensemble
2026-05-16,41,2,wk inc flu hosp,2026-05-30,quantile,0.1,2,Oregon,Ensemble
2026-05-16,41,2,wk inc flu hosp,2026-05-30,quantile,0.15,3,Oregon,Ensemble
2026-05-16,41,2,wk inc flu hosp,2026-05-30,quantile,0.2,4,Oregon,Ensemble
2026-05-16,41,2,wk inc flu hosp,2026-05-30,quantile,0.25,5,Oregon,Ensemble
2026-05-16,41,2,wk inc flu hosp,2026-05-30,quantile,0.3,5,Oregon,Ensemble
2026-05-16,41,2,wk inc flu hosp,2026-05-30,quantile,0.35,6,Oregon,Ensemble
2026-05-16,41,2,wk inc flu hosp,2026-05-30,quantile,0.4,7,Oregon,Ensemble
2026-05-16,41,2,wk inc flu hosp,2026-05-30,quantile,0.45,8,Oregon,Ensemble
2026-05-16,41,2,wk inc flu hosp,2026-05-30,quantile,0.5,11,Oregon,Ensemble
2026-05-16,41,2,wk inc flu hosp,2026-05-30,quantile,0.55,12,Oregon,Ensemble
2026-05-16,41,2,wk inc flu hosp,2026-05-30,quantile,0.6,14,Oregon,Ensemble
2026-05-16,41,2,wk inc flu hosp,2026-05-30,quantile,0.65,15,Oregon,Ensemble
2026-05-16,41,2,wk inc flu hosp,2026-05-30,quantile,0.7,17,Oregon,Ensemble
2026-05-16,41,2,wk inc flu hosp,2026-05-30,quantile,0.75,19,Oregon,Ensemble
2026-05-16,41,2,wk inc flu hosp,2026-05-30,quantile,0.8,22,Oregon,Ensemble
2026-05-16,41,2,wk inc flu hosp,2026-05-30,quantile,0.85,26,Oregon,Ensemble
2026-05-16,41,2,wk inc flu hosp,2026-05-30,quantile,0.9,38,Oregon,Ensemble
2026-05-16,41,2,wk inc flu hosp,2026-05-30,quantile,0.95,57,Oregon,Ensemble
2026-05-16,41,2,wk inc flu hosp,2026-05-30,quantile,0.975,69,Oregon,Ensemble
2026-05-16,41,2,wk inc flu hosp,2026-05-30,quantile,0.99,84,Oregon,Ensemble
2026-05-16,41,3,wk inc flu hosp,2026-06-06,quantile,0.01,0,Oregon,Ensemble
2026-05-16,41,3,wk inc flu hosp,2026-06-06,quantile,0.025,1,Oregon,Ensemble
2026-05-16,41,3,wk inc flu hosp,2026-06-06,quantile,0.05,1,Oregon,Ensemble
2026-05-16,41,3,wk inc flu hosp,2026-06-06,quantile,0.1,2,Oregon,Ensemble
2026-05-16,41,3,wk inc flu hosp,2026-06-06,quantile,0.15,2,Oregon,Ensemble
2026-05-16,41,3,wk inc flu hosp,2026-06-06,quantile,0.2,3,Oregon,Ensemble
2026-05-16,41,3,wk inc flu hosp,2026-06-06,quantile,0.25,4,Oregon,Ensemble
2026-05-16,41,3,wk inc flu hosp,2026-06-06,quantile,0.3,5,Oregon,Ensemble
2026-05-16,41,3,wk inc flu hosp,2026-06-06,quantile,0.35,5,Oregon,Ensemble
2026-05-16,41,3,wk inc flu hosp,2026-06-06,quantile,0.4,6,Oregon,Ensemble
2026-05-16,41,3,wk inc flu hosp,2026-06-06,quantile,0.45,7,Oregon,Ensemble
2026-05-16,41,3,wk inc flu hosp,2026-06-06,quantile,0.5,10,Oregon,Ensemble
2026-05-16,41,3,wk inc flu hosp,2026-06-06,quantile,0.55,12,Oregon,Ensemble
2026-05-16,41,3,wk inc flu hosp,2026-06-06,quantile,0.6,14,Oregon,Ensemble
2026-05-16,41,3,wk inc flu hosp,2026-06-06,quantile,0.65,15,Oregon,Ensemble
2026-05-16,41,3,wk inc flu hosp,2026-06-06,quantile,0.7,17,Oregon,Ensemble
2026-05-16,41,3,wk inc flu hosp,2026-06-06,quantile,0.75,20,Oregon,Ensemble
2026-05-16,41,3,wk inc flu hosp,2026-06-06,quantile,0.8,24,Oregon,Ensemble
2026-05-16,41,3,wk inc flu hosp,2026-06-06,quantile,0.85,29,Oregon,Ensemble
2026-05-16,41,3,wk inc flu hosp,2026-06-06,quantile,0.9,41,Oregon,Ensemble
2026-05-16,41,3,wk inc flu hosp,2026-06-06,quantile,0.95,59,Oregon,Ensemble
2026-05-16,41,3,wk inc flu hosp,2026-06-06,quantile,0.975,73,Oregon,Ensemble
2026-05-16,41,3,wk inc flu hosp,2026-06-06,quantile,0.99,90,Oregon,Ensemble
2026-05-16,42,0,wk inc flu hosp,2026-05-16,quantile,0.01,53,Pennsylvania,Ensemble
2026-05-16,42,0,wk inc flu hosp,2026-05-16,quantile,0.025,63,Pennsylvania,Ensemble
2026-05-16,42,0,wk inc flu hosp,2026-05-16,quantile,0.05,74,Pennsylvania,Ensemble
2026-05-16,42,0,wk inc flu hosp,2026-05-16,quantile,0.1,87,Pennsylvania,Ensemble
2026-05-16,42,0,wk inc flu hosp,2026-05-16,quantile,0.15,97,Pennsylvania,Ensemble
2026-05-16,42,0,wk inc flu hosp,2026-05-16,quantile,0.2,106,Pennsylvania,Ensemble
2026-05-16,42,0,wk inc flu hosp,2026-05-16,quantile,0.25,115,Pennsylvania,Ensemble
2026-05-16,42,0,wk inc flu hosp,2026-05-16,quantile,0.3,123,Pennsylvania,Ensemble
2026-05-16,42,0,wk inc flu hosp,2026-05-16,quantile,0.35,131,Pennsylvania,Ensemble
2026-05-16,42,0,wk inc flu hosp,2026-05-16,quantile,0.4,138,Pennsylvania,Ensemble
2026-05-16,42,0,wk inc flu hosp,2026-05-16,quantile,0.45,145,Pennsylvania,Ensemble
2026-05-16,42,0,wk inc flu hosp,2026-05-16,quantile,0.5,156,Pennsylvania,Ensemble
2026-05-16,42,0,wk inc flu hosp,2026-05-16,quantile,0.55,163,Pennsylvania,Ensemble
2026-05-16,42,0,wk inc flu hosp,2026-05-16,quantile,0.6,170,Pennsylvania,Ensemble
2026-05-16,42,0,wk inc flu hosp,2026-05-16,quantile,0.65,178,Pennsylvania,Ensemble
2026-05-16,42,0,wk inc flu hosp,2026-05-16,quantile,0.7,186,Pennsylvania,Ensemble
2026-05-16,42,0,wk inc flu hosp,2026-05-16,quantile,0.75,196,Pennsylvania,Ensemble
2026-05-16,42,0,wk inc flu hosp,2026-05-16,quantile,0.8,207,Pennsylvania,Ensemble
2026-05-16,42,0,wk inc flu hosp,2026-05-16,quantile,0.85,220,Pennsylvania,Ensemble
2026-05-16,42,0,wk inc flu hosp,2026-05-16,quantile,0.9,239,Pennsylvania,Ensemble
2026-05-16,42,0,wk inc flu hosp,2026-05-16,quantile,0.95,295,Pennsylvania,Ensemble
2026-05-16,42,0,wk inc flu hosp,2026-05-16,quantile,0.975,331,Pennsylvania,Ensemble
2026-05-16,42,0,wk inc flu hosp,2026-05-16,quantile,0.99,371,Pennsylvania,Ensemble
2026-05-16,42,1,wk inc flu hosp,2026-05-23,quantile,0.01,34,Pennsylvania,Ensemble
2026-05-16,42,1,wk inc flu hosp,2026-05-23,quantile,0.025,44,Pennsylvania,Ensemble
2026-05-16,42,1,wk inc flu hosp,2026-05-23,quantile,0.05,53,Pennsylvania,Ensemble
2026-05-16,42,1,wk inc flu hosp,2026-05-23,quantile,0.1,66,Pennsylvania,Ensemble
2026-05-16,42,1,wk inc flu hosp,2026-05-23,quantile,0.15,77,Pennsylvania,Ensemble
2026-05-16,42,1,wk inc flu hosp,2026-05-23,quantile,0.2,86,Pennsylvania,Ensemble
2026-05-16,42,1,wk inc flu hosp,2026-05-23,quantile,0.25,94,Pennsylvania,Ensemble
2026-05-16,42,1,wk inc flu hosp,2026-05-23,quantile,0.3,102,Pennsylvania,Ensemble
2026-05-16,42,1,wk inc flu hosp,2026-05-23,quantile,0.35,110,Pennsylvania,Ensemble
2026-05-16,42,1,wk inc flu hosp,2026-05-23,quantile,0.4,119,Pennsylvania,Ensemble
2026-05-16,42,1,wk inc flu hosp,2026-05-23,quantile,0.45,127,Pennsylvania,Ensemble
2026-05-16,42,1,wk inc flu hosp,2026-05-23,quantile,0.5,140,Pennsylvania,Ensemble
2026-05-16,42,1,wk inc flu hosp,2026-05-23,quantile,0.55,149,Pennsylvania,Ensemble
2026-05-16,42,1,wk inc flu hosp,2026-05-23,quantile,0.6,158,Pennsylvania,Ensemble
2026-05-16,42,1,wk inc flu hosp,2026-05-23,quantile,0.65,167,Pennsylvania,Ensemble
2026-05-16,42,1,wk inc flu hosp,2026-05-23,quantile,0.7,177,Pennsylvania,Ensemble
2026-05-16,42,1,wk inc flu hosp,2026-05-23,quantile,0.75,188,Pennsylvania,Ensemble
2026-05-16,42,1,wk inc flu hosp,2026-05-23,quantile,0.8,203,Pennsylvania,Ensemble
2026-05-16,42,1,wk inc flu hosp,2026-05-23,quantile,0.85,219,Pennsylvania,Ensemble
2026-05-16,42,1,wk inc flu hosp,2026-05-23,quantile,0.9,264,Pennsylvania,Ensemble
2026-05-16,42,1,wk inc flu hosp,2026-05-23,quantile,0.95,326,Pennsylvania,Ensemble
2026-05-16,42,1,wk inc flu hosp,2026-05-23,quantile,0.975,368,Pennsylvania,Ensemble
2026-05-16,42,1,wk inc flu hosp,2026-05-23,quantile,0.99,422,Pennsylvania,Ensemble
2026-05-16,42,2,wk inc flu hosp,2026-05-30,quantile,0.01,29,Pennsylvania,Ensemble
2026-05-16,42,2,wk inc flu hosp,2026-05-30,quantile,0.025,36,Pennsylvania,Ensemble
2026-05-16,42,2,wk inc flu hosp,2026-05-30,quantile,0.05,45,Pennsylvania,Ensemble
2026-05-16,42,2,wk inc flu hosp,2026-05-30,quantile,0.1,57,Pennsylvania,Ensemble
2026-05-16,42,2,wk inc flu hosp,2026-05-30,quantile,0.15,67,Pennsylvania,Ensemble
2026-05-16,42,2,wk inc flu hosp,2026-05-30,quantile,0.2,76,Pennsylvania,Ensemble
2026-05-16,42,2,wk inc flu hosp,2026-05-30,quantile,0.25,84,Pennsylvania,Ensemble
2026-05-16,42,2,wk inc flu hosp,2026-05-30,quantile,0.3,91,Pennsylvania,Ensemble
2026-05-16,42,2,wk inc flu hosp,2026-05-30,quantile,0.35,98,Pennsylvania,Ensemble
2026-05-16,42,2,wk inc flu hosp,2026-05-30,quantile,0.4,107,Pennsylvania,Ensemble
2026-05-16,42,2,wk inc flu hosp,2026-05-30,quantile,0.45,116,Pennsylvania,Ensemble
2026-05-16,42,2,wk inc flu hosp,2026-05-30,quantile,0.5,127,Pennsylvania,Ensemble
2026-05-16,42,2,wk inc flu hosp,2026-05-30,quantile,0.55,136,Pennsylvania,Ensemble
2026-05-16,42,2,wk inc flu hosp,2026-05-30,quantile,0.6,145,Pennsylvania,Ensemble
2026-05-16,42,2,wk inc flu hosp,2026-05-30,quantile,0.65,158,Pennsylvania,Ensemble
2026-05-16,42,2,wk inc flu hosp,2026-05-30,quantile,0.7,169,Pennsylvania,Ensemble
2026-05-16,42,2,wk inc flu hosp,2026-05-30,quantile,0.75,182,Pennsylvania,Ensemble
2026-05-16,42,2,wk inc flu hosp,2026-05-30,quantile,0.8,197,Pennsylvania,Ensemble
2026-05-16,42,2,wk inc flu hosp,2026-05-30,quantile,0.85,218,Pennsylvania,Ensemble
2026-05-16,42,2,wk inc flu hosp,2026-05-30,quantile,0.9,261,Pennsylvania,Ensemble
2026-05-16,42,2,wk inc flu hosp,2026-05-30,quantile,0.95,351,Pennsylvania,Ensemble
2026-05-16,42,2,wk inc flu hosp,2026-05-30,quantile,0.975,405,Pennsylvania,Ensemble
2026-05-16,42,2,wk inc flu hosp,2026-05-30,quantile,0.99,479,Pennsylvania,Ensemble
2026-05-16,42,3,wk inc flu hosp,2026-06-06,quantile,0.01,25,Pennsylvania,Ensemble
2026-05-16,42,3,wk inc flu hosp,2026-06-06,quantile,0.025,29,Pennsylvania,Ensemble
2026-05-16,42,3,wk inc flu hosp,2026-06-06,quantile,0.05,36,Pennsylvania,Ensemble
2026-05-16,42,3,wk inc flu hosp,2026-06-06,quantile,0.1,47,Pennsylvania,Ensemble
2026-05-16,42,3,wk inc flu hosp,2026-06-06,quantile,0.15,55,Pennsylvania,Ensemble
2026-05-16,42,3,wk inc flu hosp,2026-06-06,quantile,0.2,64,Pennsylvania,Ensemble
2026-05-16,42,3,wk inc flu hosp,2026-06-06,quantile,0.25,72,Pennsylvania,Ensemble
2026-05-16,42,3,wk inc flu hosp,2026-06-06,quantile,0.3,79,Pennsylvania,Ensemble
2026-05-16,42,3,wk inc flu hosp,2026-06-06,quantile,0.35,87,Pennsylvania,Ensemble
2026-05-16,42,3,wk inc flu hosp,2026-06-06,quantile,0.4,96,Pennsylvania,Ensemble
2026-05-16,42,3,wk inc flu hosp,2026-06-06,quantile,0.45,105,Pennsylvania,Ensemble
2026-05-16,42,3,wk inc flu hosp,2026-06-06,quantile,0.5,115,Pennsylvania,Ensemble
2026-05-16,42,3,wk inc flu hosp,2026-06-06,quantile,0.55,124,Pennsylvania,Ensemble
2026-05-16,42,3,wk inc flu hosp,2026-06-06,quantile,0.6,134,Pennsylvania,Ensemble
2026-05-16,42,3,wk inc flu hosp,2026-06-06,quantile,0.65,146,Pennsylvania,Ensemble
2026-05-16,42,3,wk inc flu hosp,2026-06-06,quantile,0.7,164,Pennsylvania,Ensemble
2026-05-16,42,3,wk inc flu hosp,2026-06-06,quantile,0.75,178,Pennsylvania,Ensemble
2026-05-16,42,3,wk inc flu hosp,2026-06-06,quantile,0.8,195,Pennsylvania,Ensemble
2026-05-16,42,3,wk inc flu hosp,2026-06-06,quantile,0.85,216,Pennsylvania,Ensemble
2026-05-16,42,3,wk inc flu hosp,2026-06-06,quantile,0.9,252,Pennsylvania,Ensemble
2026-05-16,42,3,wk inc flu hosp,2026-06-06,quantile,0.95,362,Pennsylvania,Ensemble
2026-05-16,42,3,wk inc flu hosp,2026-06-06,quantile,0.975,423,Pennsylvania,Ensemble
2026-05-16,42,3,wk inc flu hosp,2026-06-06,quantile,0.99,510,Pennsylvania,Ensemble
2026-05-16,44,0,wk inc flu hosp,2026-05-16,quantile,0.01,0,Rhode Island,Ensemble
2026-05-16,44,0,wk inc flu hosp,2026-05-16,quantile,0.025,0,Rhode Island,Ensemble
2026-05-16,44,0,wk inc flu hosp,2026-05-16,quantile,0.05,0,Rhode Island,Ensemble
2026-05-16,44,0,wk inc flu hosp,2026-05-16,quantile,0.1,1,Rhode Island,Ensemble
2026-05-16,44,0,wk inc flu hosp,2026-05-16,quantile,0.15,1,Rhode Island,Ensemble
2026-05-16,44,0,wk inc flu hosp,2026-05-16,quantile,0.2,1,Rhode Island,Ensemble
2026-05-16,44,0,wk inc flu hosp,2026-05-16,quantile,0.25,1,Rhode Island,Ensemble
2026-05-16,44,0,wk inc flu hosp,2026-05-16,quantile,0.3,2,Rhode Island,Ensemble
2026-05-16,44,0,wk inc flu hosp,2026-05-16,quantile,0.35,2,Rhode Island,Ensemble
2026-05-16,44,0,wk inc flu hosp,2026-05-16,quantile,0.4,2,Rhode Island,Ensemble
2026-05-16,44,0,wk inc flu hosp,2026-05-16,quantile,0.45,3,Rhode Island,Ensemble
2026-05-16,44,0,wk inc flu hosp,2026-05-16,quantile,0.5,4,Rhode Island,Ensemble
2026-05-16,44,0,wk inc flu hosp,2026-05-16,quantile,0.55,5,Rhode Island,Ensemble
2026-05-16,44,0,wk inc flu hosp,2026-05-16,quantile,0.6,5,Rhode Island,Ensemble
2026-05-16,44,0,wk inc flu hosp,2026-05-16,quantile,0.65,6,Rhode Island,Ensemble
2026-05-16,44,0,wk inc flu hosp,2026-05-16,quantile,0.7,6,Rhode Island,Ensemble
2026-05-16,44,0,wk inc flu hosp,2026-05-16,quantile,0.75,7,Rhode Island,Ensemble
2026-05-16,44,0,wk inc flu hosp,2026-05-16,quantile,0.8,7,Rhode Island,Ensemble
2026-05-16,44,0,wk inc flu hosp,2026-05-16,quantile,0.85,8,Rhode Island,Ensemble
2026-05-16,44,0,wk inc flu hosp,2026-05-16,quantile,0.9,10,Rhode Island,Ensemble
2026-05-16,44,0,wk inc flu hosp,2026-05-16,quantile,0.95,16,Rhode Island,Ensemble
2026-05-16,44,0,wk inc flu hosp,2026-05-16,quantile,0.975,19,Rhode Island,Ensemble
2026-05-16,44,0,wk inc flu hosp,2026-05-16,quantile,0.99,22,Rhode Island,Ensemble
2026-05-16,44,1,wk inc flu hosp,2026-05-23,quantile,0.01,0,Rhode Island,Ensemble
2026-05-16,44,1,wk inc flu hosp,2026-05-23,quantile,0.025,0,Rhode Island,Ensemble
2026-05-16,44,1,wk inc flu hosp,2026-05-23,quantile,0.05,0,Rhode Island,Ensemble
2026-05-16,44,1,wk inc flu hosp,2026-05-23,quantile,0.1,0,Rhode Island,Ensemble
2026-05-16,44,1,wk inc flu hosp,2026-05-23,quantile,0.15,0,Rhode Island,Ensemble
2026-05-16,44,1,wk inc flu hosp,2026-05-23,quantile,0.2,1,Rhode Island,Ensemble
2026-05-16,44,1,wk inc flu hosp,2026-05-23,quantile,0.25,1,Rhode Island,Ensemble
2026-05-16,44,1,wk inc flu hosp,2026-05-23,quantile,0.3,1,Rhode Island,Ensemble
2026-05-16,44,1,wk inc flu hosp,2026-05-23,quantile,0.35,2,Rhode Island,Ensemble
2026-05-16,44,1,wk inc flu hosp,2026-05-23,quantile,0.4,2,Rhode Island,Ensemble
2026-05-16,44,1,wk inc flu hosp,2026-05-23,quantile,0.45,2,Rhode Island,Ensemble
2026-05-16,44,1,wk inc flu hosp,2026-05-23,quantile,0.5,4,Rhode Island,Ensemble
2026-05-16,44,1,wk inc flu hosp,2026-05-23,quantile,0.55,4,Rhode Island,Ensemble
2026-05-16,44,1,wk inc flu hosp,2026-05-23,quantile,0.6,5,Rhode Island,Ensemble
2026-05-16,44,1,wk inc flu hosp,2026-05-23,quantile,0.65,5,Rhode Island,Ensemble
2026-05-16,44,1,wk inc flu hosp,2026-05-23,quantile,0.7,6,Rhode Island,Ensemble
2026-05-16,44,1,wk inc flu hosp,2026-05-23,quantile,0.75,7,Rhode Island,Ensemble
2026-05-16,44,1,wk inc flu hosp,2026-05-23,quantile,0.8,8,Rhode Island,Ensemble
2026-05-16,44,1,wk inc flu hosp,2026-05-23,quantile,0.85,9,Rhode Island,Ensemble
2026-05-16,44,1,wk inc flu hosp,2026-05-23,quantile,0.9,11,Rhode Island,Ensemble
2026-05-16,44,1,wk inc flu hosp,2026-05-23,quantile,0.95,20,Rhode Island,Ensemble
2026-05-16,44,1,wk inc flu hosp,2026-05-23,quantile,0.975,24,Rhode Island,Ensemble
2026-05-16,44,1,wk inc flu hosp,2026-05-23,quantile,0.99,28,Rhode Island,Ensemble
2026-05-16,44,2,wk inc flu hosp,2026-05-30,quantile,0.01,0,Rhode Island,Ensemble
2026-05-16,44,2,wk inc flu hosp,2026-05-30,quantile,0.025,0,Rhode Island,Ensemble
2026-05-16,44,2,wk inc flu hosp,2026-05-30,quantile,0.05,0,Rhode Island,Ensemble
2026-05-16,44,2,wk inc flu hosp,2026-05-30,quantile,0.1,0,Rhode Island,Ensemble
2026-05-16,44,2,wk inc flu hosp,2026-05-30,quantile,0.15,0,Rhode Island,Ensemble
2026-05-16,44,2,wk inc flu hosp,2026-05-30,quantile,0.2,1,Rhode Island,Ensemble
2026-05-16,44,2,wk inc flu hosp,2026-05-30,quantile,0.25,1,Rhode Island,Ensemble
2026-05-16,44,2,wk inc flu hosp,2026-05-30,quantile,0.3,1,Rhode Island,Ensemble
2026-05-16,44,2,wk inc flu hosp,2026-05-30,quantile,0.35,1,Rhode Island,Ensemble
2026-05-16,44,2,wk inc flu hosp,2026-05-30,quantile,0.4,2,Rhode Island,Ensemble
2026-05-16,44,2,wk inc flu hosp,2026-05-30,quantile,0.45,2,Rhode Island,Ensemble
2026-05-16,44,2,wk inc flu hosp,2026-05-30,quantile,0.5,3,Rhode Island,Ensemble
2026-05-16,44,2,wk inc flu hosp,2026-05-30,quantile,0.55,4,Rhode Island,Ensemble
2026-05-16,44,2,wk inc flu hosp,2026-05-30,quantile,0.6,5,Rhode Island,Ensemble
2026-05-16,44,2,wk inc flu hosp,2026-05-30,quantile,0.65,5,Rhode Island,Ensemble
2026-05-16,44,2,wk inc flu hosp,2026-05-30,quantile,0.7,6,Rhode Island,Ensemble
2026-05-16,44,2,wk inc flu hosp,2026-05-30,quantile,0.75,7,Rhode Island,Ensemble
2026-05-16,44,2,wk inc flu hosp,2026-05-30,quantile,0.8,8,Rhode Island,Ensemble
2026-05-16,44,2,wk inc flu hosp,2026-05-30,quantile,0.85,10,Rhode Island,Ensemble
2026-05-16,44,2,wk inc flu hosp,2026-05-30,quantile,0.9,14,Rhode Island,Ensemble
2026-05-16,44,2,wk inc flu hosp,2026-05-30,quantile,0.95,23,Rhode Island,Ensemble
2026-05-16,44,2,wk inc flu hosp,2026-05-30,quantile,0.975,28,Rhode Island,Ensemble
2026-05-16,44,2,wk inc flu hosp,2026-05-30,quantile,0.99,35,Rhode Island,Ensemble
2026-05-16,44,3,wk inc flu hosp,2026-06-06,quantile,0.01,0,Rhode Island,Ensemble
2026-05-16,44,3,wk inc flu hosp,2026-06-06,quantile,0.025,0,Rhode Island,Ensemble
2026-05-16,44,3,wk inc flu hosp,2026-06-06,quantile,0.05,0,Rhode Island,Ensemble
2026-05-16,44,3,wk inc flu hosp,2026-06-06,quantile,0.1,0,Rhode Island,Ensemble
2026-05-16,44,3,wk inc flu hosp,2026-06-06,quantile,0.15,0,Rhode Island,Ensemble
2026-05-16,44,3,wk inc flu hosp,2026-06-06,quantile,0.2,0,Rhode Island,Ensemble
2026-05-16,44,3,wk inc flu hosp,2026-06-06,quantile,0.25,1,Rhode Island,Ensemble
2026-05-16,44,3,wk inc flu hosp,2026-06-06,quantile,0.3,1,Rhode Island,Ensemble
2026-05-16,44,3,wk inc flu hosp,2026-06-06,quantile,0.35,1,Rhode Island,Ensemble
2026-05-16,44,3,wk inc flu hosp,2026-06-06,quantile,0.4,1,Rhode Island,Ensemble
2026-05-16,44,3,wk inc flu hosp,2026-06-06,quantile,0.45,2,Rhode Island,Ensemble
2026-05-16,44,3,wk inc flu hosp,2026-06-06,quantile,0.5,3,Rhode Island,Ensemble
2026-05-16,44,3,wk inc flu hosp,2026-06-06,quantile,0.55,4,Rhode Island,Ensemble
2026-05-16,44,3,wk inc flu hosp,2026-06-06,quantile,0.6,4,Rhode Island,Ensemble
2026-05-16,44,3,wk inc flu hosp,2026-06-06,quantile,0.65,5,Rhode Island,Ensemble
2026-05-16,44,3,wk inc flu hosp,2026-06-06,quantile,0.7,6,Rhode Island,Ensemble
2026-05-16,44,3,wk inc flu hosp,2026-06-06,quantile,0.75,7,Rhode Island,Ensemble
2026-05-16,44,3,wk inc flu hosp,2026-06-06,quantile,0.8,8,Rhode Island,Ensemble
2026-05-16,44,3,wk inc flu hosp,2026-06-06,quantile,0.85,14,Rhode Island,Ensemble
2026-05-16,44,3,wk inc flu hosp,2026-06-06,quantile,0.9,18,Rhode Island,Ensemble
2026-05-16,44,3,wk inc flu hosp,2026-06-06,quantile,0.95,25,Rhode Island,Ensemble
2026-05-16,44,3,wk inc flu hosp,2026-06-06,quantile,0.975,30,Rhode Island,Ensemble
2026-05-16,44,3,wk inc flu hosp,2026-06-06,quantile,0.99,37,Rhode Island,Ensemble
2026-05-16,45,0,wk inc flu hosp,2026-05-16,quantile,0.01,0,South Carolina,Ensemble
2026-05-16,45,0,wk inc flu hosp,2026-05-16,quantile,0.025,1,South Carolina,Ensemble
2026-05-16,45,0,wk inc flu hosp,2026-05-16,quantile,0.05,1,South Carolina,Ensemble
2026-05-16,45,0,wk inc flu hosp,2026-05-16,quantile,0.1,2,South Carolina,Ensemble
2026-05-16,45,0,wk inc flu hosp,2026-05-16,quantile,0.15,2,South Carolina,Ensemble
2026-05-16,45,0,wk inc flu hosp,2026-05-16,quantile,0.2,3,South Carolina,Ensemble
2026-05-16,45,0,wk inc flu hosp,2026-05-16,quantile,0.25,4,South Carolina,Ensemble
2026-05-16,45,0,wk inc flu hosp,2026-05-16,quantile,0.3,4,South Carolina,Ensemble
2026-05-16,45,0,wk inc flu hosp,2026-05-16,quantile,0.35,5,South Carolina,Ensemble
2026-05-16,45,0,wk inc flu hosp,2026-05-16,quantile,0.4,5,South Carolina,Ensemble
2026-05-16,45,0,wk inc flu hosp,2026-05-16,quantile,0.45,6,South Carolina,Ensemble
2026-05-16,45,0,wk inc flu hosp,2026-05-16,quantile,0.5,8,South Carolina,Ensemble
2026-05-16,45,0,wk inc flu hosp,2026-05-16,quantile,0.55,9,South Carolina,Ensemble
2026-05-16,45,0,wk inc flu hosp,2026-05-16,quantile,0.6,10,South Carolina,Ensemble
2026-05-16,45,0,wk inc flu hosp,2026-05-16,quantile,0.65,11,South Carolina,Ensemble
2026-05-16,45,0,wk inc flu hosp,2026-05-16,quantile,0.7,12,South Carolina,Ensemble
2026-05-16,45,0,wk inc flu hosp,2026-05-16,quantile,0.75,14,South Carolina,Ensemble
2026-05-16,45,0,wk inc flu hosp,2026-05-16,quantile,0.8,17,South Carolina,Ensemble
2026-05-16,45,0,wk inc flu hosp,2026-05-16,quantile,0.85,19,South Carolina,Ensemble
2026-05-16,45,0,wk inc flu hosp,2026-05-16,quantile,0.9,22,South Carolina,Ensemble
2026-05-16,45,0,wk inc flu hosp,2026-05-16,quantile,0.95,35,South Carolina,Ensemble
2026-05-16,45,0,wk inc flu hosp,2026-05-16,quantile,0.975,43,South Carolina,Ensemble
2026-05-16,45,0,wk inc flu hosp,2026-05-16,quantile,0.99,52,South Carolina,Ensemble
2026-05-16,45,1,wk inc flu hosp,2026-05-23,quantile,0.01,0,South Carolina,Ensemble
2026-05-16,45,1,wk inc flu hosp,2026-05-23,quantile,0.025,1,South Carolina,Ensemble
2026-05-16,45,1,wk inc flu hosp,2026-05-23,quantile,0.05,1,South Carolina,Ensemble
2026-05-16,45,1,wk inc flu hosp,2026-05-23,quantile,0.1,2,South Carolina,Ensemble
2026-05-16,45,1,wk inc flu hosp,2026-05-23,quantile,0.15,2,South Carolina,Ensemble
2026-05-16,45,1,wk inc flu hosp,2026-05-23,quantile,0.2,2,South Carolina,Ensemble
2026-05-16,45,1,wk inc flu hosp,2026-05-23,quantile,0.25,3,South Carolina,Ensemble
2026-05-16,45,1,wk inc flu hosp,2026-05-23,quantile,0.3,4,South Carolina,Ensemble
2026-05-16,45,1,wk inc flu hosp,2026-05-23,quantile,0.35,4,South Carolina,Ensemble
2026-05-16,45,1,wk inc flu hosp,2026-05-23,quantile,0.4,5,South Carolina,Ensemble
2026-05-16,45,1,wk inc flu hosp,2026-05-23,quantile,0.45,6,South Carolina,Ensemble
2026-05-16,45,1,wk inc flu hosp,2026-05-23,quantile,0.5,8,South Carolina,Ensemble
2026-05-16,45,1,wk inc flu hosp,2026-05-23,quantile,0.55,9,South Carolina,Ensemble
2026-05-16,45,1,wk inc flu hosp,2026-05-23,quantile,0.6,10,South Carolina,Ensemble
2026-05-16,45,1,wk inc flu hosp,2026-05-23,quantile,0.65,12,South Carolina,Ensemble
2026-05-16,45,1,wk inc flu hosp,2026-05-23,quantile,0.7,13,South Carolina,Ensemble
2026-05-16,45,1,wk inc flu hosp,2026-05-23,quantile,0.75,15,South Carolina,Ensemble
2026-05-16,45,1,wk inc flu hosp,2026-05-23,quantile,0.8,18,South Carolina,Ensemble
2026-05-16,45,1,wk inc flu hosp,2026-05-23,quantile,0.85,23,South Carolina,Ensemble
2026-05-16,45,1,wk inc flu hosp,2026-05-23,quantile,0.9,29,South Carolina,Ensemble
2026-05-16,45,1,wk inc flu hosp,2026-05-23,quantile,0.95,53,South Carolina,Ensemble
2026-05-16,45,1,wk inc flu hosp,2026-05-23,quantile,0.975,63,South Carolina,Ensemble
2026-05-16,45,1,wk inc flu hosp,2026-05-23,quantile,0.99,75,South Carolina,Ensemble
2026-05-16,45,2,wk inc flu hosp,2026-05-30,quantile,0.01,0,South Carolina,Ensemble
2026-05-16,45,2,wk inc flu hosp,2026-05-30,quantile,0.025,1,South Carolina,Ensemble
2026-05-16,45,2,wk inc flu hosp,2026-05-30,quantile,0.05,1,South Carolina,Ensemble
2026-05-16,45,2,wk inc flu hosp,2026-05-30,quantile,0.1,1,South Carolina,Ensemble
2026-05-16,45,2,wk inc flu hosp,2026-05-30,quantile,0.15,2,South Carolina,Ensemble
2026-05-16,45,2,wk inc flu hosp,2026-05-30,quantile,0.2,2,South Carolina,Ensemble
2026-05-16,45,2,wk inc flu hosp,2026-05-30,quantile,0.25,3,South Carolina,Ensemble
2026-05-16,45,2,wk inc flu hosp,2026-05-30,quantile,0.3,3,South Carolina,Ensemble
2026-05-16,45,2,wk inc flu hosp,2026-05-30,quantile,0.35,4,South Carolina,Ensemble
2026-05-16,45,2,wk inc flu hosp,2026-05-30,quantile,0.4,5,South Carolina,Ensemble
2026-05-16,45,2,wk inc flu hosp,2026-05-30,quantile,0.45,6,South Carolina,Ensemble
2026-05-16,45,2,wk inc flu hosp,2026-05-30,quantile,0.5,8,South Carolina,Ensemble
2026-05-16,45,2,wk inc flu hosp,2026-05-30,quantile,0.55,9,South Carolina,Ensemble
2026-05-16,45,2,wk inc flu hosp,2026-05-30,quantile,0.6,10,South Carolina,Ensemble
2026-05-16,45,2,wk inc flu hosp,2026-05-30,quantile,0.65,12,South Carolina,Ensemble
2026-05-16,45,2,wk inc flu hosp,2026-05-30,quantile,0.7,13,South Carolina,Ensemble
2026-05-16,45,2,wk inc flu hosp,2026-05-30,quantile,0.75,16,South Carolina,Ensemble
2026-05-16,45,2,wk inc flu hosp,2026-05-30,quantile,0.8,20,South Carolina,Ensemble
2026-05-16,45,2,wk inc flu hosp,2026-05-30,quantile,0.85,24,South Carolina,Ensemble
2026-05-16,45,2,wk inc flu hosp,2026-05-30,quantile,0.9,40,South Carolina,Ensemble
2026-05-16,45,2,wk inc flu hosp,2026-05-30,quantile,0.95,64,South Carolina,Ensemble
2026-05-16,45,2,wk inc flu hosp,2026-05-30,quantile,0.975,82,South Carolina,Ensemble
2026-05-16,45,2,wk inc flu hosp,2026-05-30,quantile,0.99,100,South Carolina,Ensemble
2026-05-16,45,3,wk inc flu hosp,2026-06-06,quantile,0.01,0,South Carolina,Ensemble
2026-05-16,45,3,wk inc flu hosp,2026-06-06,quantile,0.025,1,South Carolina,Ensemble
2026-05-16,45,3,wk inc flu hosp,2026-06-06,quantile,0.05,1,South Carolina,Ensemble
2026-05-16,45,3,wk inc flu hosp,2026-06-06,quantile,0.1,2,South Carolina,Ensemble
2026-05-16,45,3,wk inc flu hosp,2026-06-06,quantile,0.15,2,South Carolina,Ensemble
2026-05-16,45,3,wk inc flu hosp,2026-06-06,quantile,0.2,2,South Carolina,Ensemble
2026-05-16,45,3,wk inc flu hosp,2026-06-06,quantile,0.25,3,South Carolina,Ensemble
2026-05-16,45,3,wk inc flu hosp,2026-06-06,quantile,0.3,3,South Carolina,Ensemble
2026-05-16,45,3,wk inc flu hosp,2026-06-06,quantile,0.35,4,South Carolina,Ensemble
2026-05-16,45,3,wk inc flu hosp,2026-06-06,quantile,0.4,4,South Carolina,Ensemble
2026-05-16,45,3,wk inc flu hosp,2026-06-06,quantile,0.45,5,South Carolina,Ensemble
2026-05-16,45,3,wk inc flu hosp,2026-06-06,quantile,0.5,7,South Carolina,Ensemble
2026-05-16,45,3,wk inc flu hosp,2026-06-06,quantile,0.55,9,South Carolina,Ensemble
2026-05-16,45,3,wk inc flu hosp,2026-06-06,quantile,0.6,10,South Carolina,Ensemble
2026-05-16,45,3,wk inc flu hosp,2026-06-06,quantile,0.65,12,South Carolina,Ensemble
2026-05-16,45,3,wk inc flu hosp,2026-06-06,quantile,0.7,15,South Carolina,Ensemble
2026-05-16,45,3,wk inc flu hosp,2026-06-06,quantile,0.75,21,South Carolina,Ensemble
2026-05-16,45,3,wk inc flu hosp,2026-06-06,quantile,0.8,25,South Carolina,Ensemble
2026-05-16,45,3,wk inc flu hosp,2026-06-06,quantile,0.85,30,South Carolina,Ensemble
2026-05-16,45,3,wk inc flu hosp,2026-06-06,quantile,0.9,39,South Carolina,Ensemble
2026-05-16,45,3,wk inc flu hosp,2026-06-06,quantile,0.95,62,South Carolina,Ensemble
2026-05-16,45,3,wk inc flu hosp,2026-06-06,quantile,0.975,90,South Carolina,Ensemble
2026-05-16,45,3,wk inc flu hosp,2026-06-06,quantile,0.99,111,South Carolina,Ensemble
2026-05-16,46,0,wk inc flu hosp,2026-05-16,quantile,0.01,0,South Dakota,Ensemble
2026-05-16,46,0,wk inc flu hosp,2026-05-16,quantile,0.025,0,South Dakota,Ensemble
2026-05-16,46,0,wk inc flu hosp,2026-05-16,quantile,0.05,0,South Dakota,Ensemble
2026-05-16,46,0,wk inc flu hosp,2026-05-16,quantile,0.1,1,South Dakota,Ensemble
2026-05-16,46,0,wk inc flu hosp,2026-05-16,quantile,0.15,1,South Dakota,Ensemble
2026-05-16,46,0,wk inc flu hosp,2026-05-16,quantile,0.2,2,South Dakota,Ensemble
2026-05-16,46,0,wk inc flu hosp,2026-05-16,quantile,0.25,2,South Dakota,Ensemble
2026-05-16,46,0,wk inc flu hosp,2026-05-16,quantile,0.3,2,South Dakota,Ensemble
2026-05-16,46,0,wk inc flu hosp,2026-05-16,quantile,0.35,3,South Dakota,Ensemble
2026-05-16,46,0,wk inc flu hosp,2026-05-16,quantile,0.4,3,South Dakota,Ensemble
2026-05-16,46,0,wk inc flu hosp,2026-05-16,quantile,0.45,3,South Dakota,Ensemble
2026-05-16,46,0,wk inc flu hosp,2026-05-16,quantile,0.5,5,South Dakota,Ensemble
2026-05-16,46,0,wk inc flu hosp,2026-05-16,quantile,0.55,5,South Dakota,Ensemble
2026-05-16,46,0,wk inc flu hosp,2026-05-16,quantile,0.6,6,South Dakota,Ensemble
2026-05-16,46,0,wk inc flu hosp,2026-05-16,quantile,0.65,7,South Dakota,Ensemble
2026-05-16,46,0,wk inc flu hosp,2026-05-16,quantile,0.7,7,South Dakota,Ensemble
2026-05-16,46,0,wk inc flu hosp,2026-05-16,quantile,0.75,8,South Dakota,Ensemble
2026-05-16,46,0,wk inc flu hosp,2026-05-16,quantile,0.8,9,South Dakota,Ensemble
2026-05-16,46,0,wk inc flu hosp,2026-05-16,quantile,0.85,10,South Dakota,Ensemble
2026-05-16,46,0,wk inc flu hosp,2026-05-16,quantile,0.9,11,South Dakota,Ensemble
2026-05-16,46,0,wk inc flu hosp,2026-05-16,quantile,0.95,14,South Dakota,Ensemble
2026-05-16,46,0,wk inc flu hosp,2026-05-16,quantile,0.975,16,South Dakota,Ensemble
2026-05-16,46,0,wk inc flu hosp,2026-05-16,quantile,0.99,20,South Dakota,Ensemble
2026-05-16,46,1,wk inc flu hosp,2026-05-23,quantile,0.01,0,South Dakota,Ensemble
2026-05-16,46,1,wk inc flu hosp,2026-05-23,quantile,0.025,0,South Dakota,Ensemble
2026-05-16,46,1,wk inc flu hosp,2026-05-23,quantile,0.05,0,South Dakota,Ensemble
2026-05-16,46,1,wk inc flu hosp,2026-05-23,quantile,0.1,0,South Dakota,Ensemble
2026-05-16,46,1,wk inc flu hosp,2026-05-23,quantile,0.15,1,South Dakota,Ensemble
2026-05-16,46,1,wk inc flu hosp,2026-05-23,quantile,0.2,1,South Dakota,Ensemble
2026-05-16,46,1,wk inc flu hosp,2026-05-23,quantile,0.25,1,South Dakota,Ensemble
2026-05-16,46,1,wk inc flu hosp,2026-05-23,quantile,0.3,2,South Dakota,Ensemble
2026-05-16,46,1,wk inc flu hosp,2026-05-23,quantile,0.35,2,South Dakota,Ensemble
2026-05-16,46,1,wk inc flu hosp,2026-05-23,quantile,0.4,2,South Dakota,Ensemble
2026-05-16,46,1,wk inc flu hosp,2026-05-23,quantile,0.45,3,South Dakota,Ensemble
2026-05-16,46,1,wk inc flu hosp,2026-05-23,quantile,0.5,4,South Dakota,Ensemble
2026-05-16,46,1,wk inc flu hosp,2026-05-23,quantile,0.55,5,South Dakota,Ensemble
2026-05-16,46,1,wk inc flu hosp,2026-05-23,quantile,0.6,5,South Dakota,Ensemble
2026-05-16,46,1,wk inc flu hosp,2026-05-23,quantile,0.65,6,South Dakota,Ensemble
2026-05-16,46,1,wk inc flu hosp,2026-05-23,quantile,0.7,6,South Dakota,Ensemble
2026-05-16,46,1,wk inc flu hosp,2026-05-23,quantile,0.75,7,South Dakota,Ensemble
2026-05-16,46,1,wk inc flu hosp,2026-05-23,quantile,0.8,8,South Dakota,Ensemble
2026-05-16,46,1,wk inc flu hosp,2026-05-23,quantile,0.85,10,South Dakota,Ensemble
2026-05-16,46,1,wk inc flu hosp,2026-05-23,quantile,0.9,12,South Dakota,Ensemble
2026-05-16,46,1,wk inc flu hosp,2026-05-23,quantile,0.95,14,South Dakota,Ensemble
2026-05-16,46,1,wk inc flu hosp,2026-05-23,quantile,0.975,17,South Dakota,Ensemble
2026-05-16,46,1,wk inc flu hosp,2026-05-23,quantile,0.99,21,South Dakota,Ensemble
2026-05-16,46,2,wk inc flu hosp,2026-05-30,quantile,0.01,0,South Dakota,Ensemble
2026-05-16,46,2,wk inc flu hosp,2026-05-30,quantile,0.025,0,South Dakota,Ensemble
2026-05-16,46,2,wk inc flu hosp,2026-05-30,quantile,0.05,0,South Dakota,Ensemble
2026-05-16,46,2,wk inc flu hosp,2026-05-30,quantile,0.1,0,South Dakota,Ensemble
2026-05-16,46,2,wk inc flu hosp,2026-05-30,quantile,0.15,0,South Dakota,Ensemble
2026-05-16,46,2,wk inc flu hosp,2026-05-30,quantile,0.2,1,South Dakota,Ensemble
2026-05-16,46,2,wk inc flu hosp,2026-05-30,quantile,0.25,1,South Dakota,Ensemble
2026-05-16,46,2,wk inc flu hosp,2026-05-30,quantile,0.3,1,South Dakota,Ensemble
2026-05-16,46,2,wk inc flu hosp,2026-05-30,quantile,0.35,2,South Dakota,Ensemble
2026-05-16,46,2,wk inc flu hosp,2026-05-30,quantile,0.4,2,South Dakota,Ensemble
2026-05-16,46,2,wk inc flu hosp,2026-05-30,quantile,0.45,2,South Dakota,Ensemble
2026-05-16,46,2,wk inc flu hosp,2026-05-30,quantile,0.5,4,South Dakota,Ensemble
2026-05-16,46,2,wk inc flu hosp,2026-05-30,quantile,0.55,4,South Dakota,Ensemble
2026-05-16,46,2,wk inc flu hosp,2026-05-30,quantile,0.6,5,South Dakota,Ensemble
2026-05-16,46,2,wk inc flu hosp,2026-05-30,quantile,0.65,5,South Dakota,Ensemble
2026-05-16,46,2,wk inc flu hosp,2026-05-30,quantile,0.7,6,South Dakota,Ensemble
2026-05-16,46,2,wk inc flu hosp,2026-05-30,quantile,0.75,7,South Dakota,Ensemble
2026-05-16,46,2,wk inc flu hosp,2026-05-30,quantile,0.8,8,South Dakota,Ensemble
2026-05-16,46,2,wk inc flu hosp,2026-05-30,quantile,0.85,10,South Dakota,Ensemble
2026-05-16,46,2,wk inc flu hosp,2026-05-30,quantile,0.9,12,South Dakota,Ensemble
2026-05-16,46,2,wk inc flu hosp,2026-05-30,quantile,0.95,16,South Dakota,Ensemble
2026-05-16,46,2,wk inc flu hosp,2026-05-30,quantile,0.975,19,South Dakota,Ensemble
2026-05-16,46,2,wk inc flu hosp,2026-05-30,quantile,0.99,25,South Dakota,Ensemble
2026-05-16,46,3,wk inc flu hosp,2026-06-06,quantile,0.01,0,South Dakota,Ensemble
2026-05-16,46,3,wk inc flu hosp,2026-06-06,quantile,0.025,0,South Dakota,Ensemble
2026-05-16,46,3,wk inc flu hosp,2026-06-06,quantile,0.05,0,South Dakota,Ensemble
2026-05-16,46,3,wk inc flu hosp,2026-06-06,quantile,0.1,0,South Dakota,Ensemble
2026-05-16,46,3,wk inc flu hosp,2026-06-06,quantile,0.15,0,South Dakota,Ensemble
2026-05-16,46,3,wk inc flu hosp,2026-06-06,quantile,0.2,1,South Dakota,Ensemble
2026-05-16,46,3,wk inc flu hosp,2026-06-06,quantile,0.25,1,South Dakota,Ensemble
2026-05-16,46,3,wk inc flu hosp,2026-06-06,quantile,0.3,1,South Dakota,Ensemble
2026-05-16,46,3,wk inc flu hosp,2026-06-06,quantile,0.35,1,South Dakota,Ensemble
2026-05-16,46,3,wk inc flu hosp,2026-06-06,quantile,0.4,2,South Dakota,Ensemble
2026-05-16,46,3,wk inc flu hosp,2026-06-06,quantile,0.45,2,South Dakota,Ensemble
2026-05-16,46,3,wk inc flu hosp,2026-06-06,quantile,0.5,4,South Dakota,Ensemble
2026-05-16,46,3,wk inc flu hosp,2026-06-06,quantile,0.55,4,South Dakota,Ensemble
2026-05-16,46,3,wk inc flu hosp,2026-06-06,quantile,0.6,5,South Dakota,Ensemble
2026-05-16,46,3,wk inc flu hosp,2026-06-06,quantile,0.65,6,South Dakota,Ensemble
2026-05-16,46,3,wk inc flu hosp,2026-06-06,quantile,0.7,6,South Dakota,Ensemble
2026-05-16,46,3,wk inc flu hosp,2026-06-06,quantile,0.75,7,South Dakota,Ensemble
2026-05-16,46,3,wk inc flu hosp,2026-06-06,quantile,0.8,8,South Dakota,Ensemble
2026-05-16,46,3,wk inc flu hosp,2026-06-06,quantile,0.85,9,South Dakota,Ensemble
2026-05-16,46,3,wk inc flu hosp,2026-06-06,quantile,0.9,12,South Dakota,Ensemble
2026-05-16,46,3,wk inc flu hosp,2026-06-06,quantile,0.95,16,South Dakota,Ensemble
2026-05-16,46,3,wk inc flu hosp,2026-06-06,quantile,0.975,20,South Dakota,Ensemble
2026-05-16,46,3,wk inc flu hosp,2026-06-06,quantile,0.99,26,South Dakota,Ensemble
2026-05-16,47,0,wk inc flu hosp,2026-05-16,quantile,0.01,10,Tennessee,Ensemble
2026-05-16,47,0,wk inc flu hosp,2026-05-16,quantile,0.025,13,Tennessee,Ensemble
2026-05-16,47,0,wk inc flu hosp,2026-05-16,quantile,0.05,15,Tennessee,Ensemble
2026-05-16,47,0,wk inc flu hosp,2026-05-16,quantile,0.1,18,Tennessee,Ensemble
2026-05-16,47,0,wk inc flu hosp,2026-05-16,quantile,0.15,21,Tennessee,Ensemble
2026-05-16,47,0,wk inc flu hosp,2026-05-16,quantile,0.2,23,Tennessee,Ensemble
2026-05-16,47,0,wk inc flu hosp,2026-05-16,quantile,0.25,26,Tennessee,Ensemble
2026-05-16,47,0,wk inc flu hosp,2026-05-16,quantile,0.3,28,Tennessee,Ensemble
2026-05-16,47,0,wk inc flu hosp,2026-05-16,quantile,0.35,30,Tennessee,Ensemble
2026-05-16,47,0,wk inc flu hosp,2026-05-16,quantile,0.4,31,Tennessee,Ensemble
2026-05-16,47,0,wk inc flu hosp,2026-05-16,quantile,0.45,33,Tennessee,Ensemble
2026-05-16,47,0,wk inc flu hosp,2026-05-16,quantile,0.5,36,Tennessee,Ensemble
2026-05-16,47,0,wk inc flu hosp,2026-05-16,quantile,0.55,38,Tennessee,Ensemble
2026-05-16,47,0,wk inc flu hosp,2026-05-16,quantile,0.6,40,Tennessee,Ensemble
2026-05-16,47,0,wk inc flu hosp,2026-05-16,quantile,0.65,42,Tennessee,Ensemble
2026-05-16,47,0,wk inc flu hosp,2026-05-16,quantile,0.7,44,Tennessee,Ensemble
2026-05-16,47,0,wk inc flu hosp,2026-05-16,quantile,0.75,47,Tennessee,Ensemble
2026-05-16,47,0,wk inc flu hosp,2026-05-16,quantile,0.8,50,Tennessee,Ensemble
2026-05-16,47,0,wk inc flu hosp,2026-05-16,quantile,0.85,55,Tennessee,Ensemble
2026-05-16,47,0,wk inc flu hosp,2026-05-16,quantile,0.9,62,Tennessee,Ensemble
2026-05-16,47,0,wk inc flu hosp,2026-05-16,quantile,0.95,75,Tennessee,Ensemble
2026-05-16,47,0,wk inc flu hosp,2026-05-16,quantile,0.975,86,Tennessee,Ensemble
2026-05-16,47,0,wk inc flu hosp,2026-05-16,quantile,0.99,101,Tennessee,Ensemble
2026-05-16,47,1,wk inc flu hosp,2026-05-23,quantile,0.01,7,Tennessee,Ensemble
2026-05-16,47,1,wk inc flu hosp,2026-05-23,quantile,0.025,9,Tennessee,Ensemble
2026-05-16,47,1,wk inc flu hosp,2026-05-23,quantile,0.05,12,Tennessee,Ensemble
2026-05-16,47,1,wk inc flu hosp,2026-05-23,quantile,0.1,14,Tennessee,Ensemble
2026-05-16,47,1,wk inc flu hosp,2026-05-23,quantile,0.15,17,Tennessee,Ensemble
2026-05-16,47,1,wk inc flu hosp,2026-05-23,quantile,0.2,19,Tennessee,Ensemble
2026-05-16,47,1,wk inc flu hosp,2026-05-23,quantile,0.25,22,Tennessee,Ensemble
2026-05-16,47,1,wk inc flu hosp,2026-05-23,quantile,0.3,24,Tennessee,Ensemble
2026-05-16,47,1,wk inc flu hosp,2026-05-23,quantile,0.35,26,Tennessee,Ensemble
2026-05-16,47,1,wk inc flu hosp,2026-05-23,quantile,0.4,28,Tennessee,Ensemble
2026-05-16,47,1,wk inc flu hosp,2026-05-23,quantile,0.45,30,Tennessee,Ensemble
2026-05-16,47,1,wk inc flu hosp,2026-05-23,quantile,0.5,34,Tennessee,Ensemble
2026-05-16,47,1,wk inc flu hosp,2026-05-23,quantile,0.55,37,Tennessee,Ensemble
2026-05-16,47,1,wk inc flu hosp,2026-05-23,quantile,0.6,39,Tennessee,Ensemble
2026-05-16,47,1,wk inc flu hosp,2026-05-23,quantile,0.65,41,Tennessee,Ensemble
2026-05-16,47,1,wk inc flu hosp,2026-05-23,quantile,0.7,44,Tennessee,Ensemble
2026-05-16,47,1,wk inc flu hosp,2026-05-23,quantile,0.75,48,Tennessee,Ensemble
2026-05-16,47,1,wk inc flu hosp,2026-05-23,quantile,0.8,52,Tennessee,Ensemble
2026-05-16,47,1,wk inc flu hosp,2026-05-23,quantile,0.85,57,Tennessee,Ensemble
2026-05-16,47,1,wk inc flu hosp,2026-05-23,quantile,0.9,66,Tennessee,Ensemble
2026-05-16,47,1,wk inc flu hosp,2026-05-23,quantile,0.95,101,Tennessee,Ensemble
2026-05-16,47,1,wk inc flu hosp,2026-05-23,quantile,0.975,118,Tennessee,Ensemble
2026-05-16,47,1,wk inc flu hosp,2026-05-23,quantile,0.99,136,Tennessee,Ensemble
2026-05-16,47,2,wk inc flu hosp,2026-05-30,quantile,0.01,6,Tennessee,Ensemble
2026-05-16,47,2,wk inc flu hosp,2026-05-30,quantile,0.025,8,Tennessee,Ensemble
2026-05-16,47,2,wk inc flu hosp,2026-05-30,quantile,0.05,10,Tennessee,Ensemble
2026-05-16,47,2,wk inc flu hosp,2026-05-30,quantile,0.1,13,Tennessee,Ensemble
2026-05-16,47,2,wk inc flu hosp,2026-05-30,quantile,0.15,15,Tennessee,Ensemble
2026-05-16,47,2,wk inc flu hosp,2026-05-30,quantile,0.2,17,Tennessee,Ensemble
2026-05-16,47,2,wk inc flu hosp,2026-05-30,quantile,0.25,19,Tennessee,Ensemble
2026-05-16,47,2,wk inc flu hosp,2026-05-30,quantile,0.3,21,Tennessee,Ensemble
2026-05-16,47,2,wk inc flu hosp,2026-05-30,quantile,0.35,23,Tennessee,Ensemble
2026-05-16,47,2,wk inc flu hosp,2026-05-30,quantile,0.4,26,Tennessee,Ensemble
2026-05-16,47,2,wk inc flu hosp,2026-05-30,quantile,0.45,28,Tennessee,Ensemble
2026-05-16,47,2,wk inc flu hosp,2026-05-30,quantile,0.5,32,Tennessee,Ensemble
2026-05-16,47,2,wk inc flu hosp,2026-05-30,quantile,0.55,34,Tennessee,Ensemble
2026-05-16,47,2,wk inc flu hosp,2026-05-30,quantile,0.6,37,Tennessee,Ensemble
2026-05-16,47,2,wk inc flu hosp,2026-05-30,quantile,0.65,39,Tennessee,Ensemble
2026-05-16,47,2,wk inc flu hosp,2026-05-30,quantile,0.7,42,Tennessee,Ensemble
2026-05-16,47,2,wk inc flu hosp,2026-05-30,quantile,0.75,46,Tennessee,Ensemble
2026-05-16,47,2,wk inc flu hosp,2026-05-30,quantile,0.8,51,Tennessee,Ensemble
2026-05-16,47,2,wk inc flu hosp,2026-05-30,quantile,0.85,59,Tennessee,Ensemble
2026-05-16,47,2,wk inc flu hosp,2026-05-30,quantile,0.9,76,Tennessee,Ensemble
2026-05-16,47,2,wk inc flu hosp,2026-05-30,quantile,0.95,120,Tennessee,Ensemble
2026-05-16,47,2,wk inc flu hosp,2026-05-30,quantile,0.975,137,Tennessee,Ensemble
2026-05-16,47,2,wk inc flu hosp,2026-05-30,quantile,0.99,158,Tennessee,Ensemble
2026-05-16,47,3,wk inc flu hosp,2026-06-06,quantile,0.01,5,Tennessee,Ensemble
2026-05-16,47,3,wk inc flu hosp,2026-06-06,quantile,0.025,6,Tennessee,Ensemble
2026-05-16,47,3,wk inc flu hosp,2026-06-06,quantile,0.05,8,Tennessee,Ensemble
2026-05-16,47,3,wk inc flu hosp,2026-06-06,quantile,0.1,11,Tennessee,Ensemble
2026-05-16,47,3,wk inc flu hosp,2026-06-06,quantile,0.15,12,Tennessee,Ensemble
2026-05-16,47,3,wk inc flu hosp,2026-06-06,quantile,0.2,14,Tennessee,Ensemble
2026-05-16,47,3,wk inc flu hosp,2026-06-06,quantile,0.25,16,Tennessee,Ensemble
2026-05-16,47,3,wk inc flu hosp,2026-06-06,quantile,0.3,18,Tennessee,Ensemble
2026-05-16,47,3,wk inc flu hosp,2026-06-06,quantile,0.35,20,Tennessee,Ensemble
2026-05-16,47,3,wk inc flu hosp,2026-06-06,quantile,0.4,22,Tennessee,Ensemble
2026-05-16,47,3,wk inc flu hosp,2026-06-06,quantile,0.45,25,Tennessee,Ensemble
2026-05-16,47,3,wk inc flu hosp,2026-06-06,quantile,0.5,29,Tennessee,Ensemble
2026-05-16,47,3,wk inc flu hosp,2026-06-06,quantile,0.55,31,Tennessee,Ensemble
2026-05-16,47,3,wk inc flu hosp,2026-06-06,quantile,0.6,35,Tennessee,Ensemble
2026-05-16,47,3,wk inc flu hosp,2026-06-06,quantile,0.65,39,Tennessee,Ensemble
2026-05-16,47,3,wk inc flu hosp,2026-06-06,quantile,0.7,44,Tennessee,Ensemble
2026-05-16,47,3,wk inc flu hosp,2026-06-06,quantile,0.75,48,Tennessee,Ensemble
2026-05-16,47,3,wk inc flu hosp,2026-06-06,quantile,0.8,54,Tennessee,Ensemble
2026-05-16,47,3,wk inc flu hosp,2026-06-06,quantile,0.85,62,Tennessee,Ensemble
2026-05-16,47,3,wk inc flu hosp,2026-06-06,quantile,0.9,82,Tennessee,Ensemble
2026-05-16,47,3,wk inc flu hosp,2026-06-06,quantile,0.95,122,Tennessee,Ensemble
2026-05-16,47,3,wk inc flu hosp,2026-06-06,quantile,0.975,141,Tennessee,Ensemble
2026-05-16,47,3,wk inc flu hosp,2026-06-06,quantile,0.99,166,Tennessee,Ensemble
2026-05-16,48,0,wk inc flu hosp,2026-05-16,quantile,0.01,39,Texas,Ensemble
2026-05-16,48,0,wk inc flu hosp,2026-05-16,quantile,0.025,47,Texas,Ensemble
2026-05-16,48,0,wk inc flu hosp,2026-05-16,quantile,0.05,54,Texas,Ensemble
2026-05-16,48,0,wk inc flu hosp,2026-05-16,quantile,0.1,64,Texas,Ensemble
2026-05-16,48,0,wk inc flu hosp,2026-05-16,quantile,0.15,71,Texas,Ensemble
2026-05-16,48,0,wk inc flu hosp,2026-05-16,quantile,0.2,78,Texas,Ensemble
2026-05-16,48,0,wk inc flu hosp,2026-05-16,quantile,0.25,85,Texas,Ensemble
2026-05-16,48,0,wk inc flu hosp,2026-05-16,quantile,0.3,91,Texas,Ensemble
2026-05-16,48,0,wk inc flu hosp,2026-05-16,quantile,0.35,98,Texas,Ensemble
2026-05-16,48,0,wk inc flu hosp,2026-05-16,quantile,0.4,104,Texas,Ensemble
2026-05-16,48,0,wk inc flu hosp,2026-05-16,quantile,0.45,110,Texas,Ensemble
2026-05-16,48,0,wk inc flu hosp,2026-05-16,quantile,0.5,120,Texas,Ensemble
2026-05-16,48,0,wk inc flu hosp,2026-05-16,quantile,0.55,126,Texas,Ensemble
2026-05-16,48,0,wk inc flu hosp,2026-05-16,quantile,0.6,133,Texas,Ensemble
2026-05-16,48,0,wk inc flu hosp,2026-05-16,quantile,0.65,140,Texas,Ensemble
2026-05-16,48,0,wk inc flu hosp,2026-05-16,quantile,0.7,148,Texas,Ensemble
2026-05-16,48,0,wk inc flu hosp,2026-05-16,quantile,0.75,156,Texas,Ensemble
2026-05-16,48,0,wk inc flu hosp,2026-05-16,quantile,0.8,167,Texas,Ensemble
2026-05-16,48,0,wk inc flu hosp,2026-05-16,quantile,0.85,179,Texas,Ensemble
2026-05-16,48,0,wk inc flu hosp,2026-05-16,quantile,0.9,200,Texas,Ensemble
2026-05-16,48,0,wk inc flu hosp,2026-05-16,quantile,0.95,235,Texas,Ensemble
2026-05-16,48,0,wk inc flu hosp,2026-05-16,quantile,0.975,264,Texas,Ensemble
2026-05-16,48,0,wk inc flu hosp,2026-05-16,quantile,0.99,301,Texas,Ensemble
2026-05-16,48,1,wk inc flu hosp,2026-05-23,quantile,0.01,30,Texas,Ensemble
2026-05-16,48,1,wk inc flu hosp,2026-05-23,quantile,0.025,36,Texas,Ensemble
2026-05-16,48,1,wk inc flu hosp,2026-05-23,quantile,0.05,44,Texas,Ensemble
2026-05-16,48,1,wk inc flu hosp,2026-05-23,quantile,0.1,54,Texas,Ensemble
2026-05-16,48,1,wk inc flu hosp,2026-05-23,quantile,0.15,61,Texas,Ensemble
2026-05-16,48,1,wk inc flu hosp,2026-05-23,quantile,0.2,69,Texas,Ensemble
2026-05-16,48,1,wk inc flu hosp,2026-05-23,quantile,0.25,75,Texas,Ensemble
2026-05-16,48,1,wk inc flu hosp,2026-05-23,quantile,0.3,81,Texas,Ensemble
2026-05-16,48,1,wk inc flu hosp,2026-05-23,quantile,0.35,88,Texas,Ensemble
2026-05-16,48,1,wk inc flu hosp,2026-05-23,quantile,0.4,96,Texas,Ensemble
2026-05-16,48,1,wk inc flu hosp,2026-05-23,quantile,0.45,103,Texas,Ensemble
2026-05-16,48,1,wk inc flu hosp,2026-05-23,quantile,0.5,115,Texas,Ensemble
2026-05-16,48,1,wk inc flu hosp,2026-05-23,quantile,0.55,123,Texas,Ensemble
2026-05-16,48,1,wk inc flu hosp,2026-05-23,quantile,0.6,131,Texas,Ensemble
2026-05-16,48,1,wk inc flu hosp,2026-05-23,quantile,0.65,140,Texas,Ensemble
2026-05-16,48,1,wk inc flu hosp,2026-05-23,quantile,0.7,149,Texas,Ensemble
2026-05-16,48,1,wk inc flu hosp,2026-05-23,quantile,0.75,160,Texas,Ensemble
2026-05-16,48,1,wk inc flu hosp,2026-05-23,quantile,0.8,172,Texas,Ensemble
2026-05-16,48,1,wk inc flu hosp,2026-05-23,quantile,0.85,190,Texas,Ensemble
2026-05-16,48,1,wk inc flu hosp,2026-05-23,quantile,0.9,228,Texas,Ensemble
2026-05-16,48,1,wk inc flu hosp,2026-05-23,quantile,0.95,290,Texas,Ensemble
2026-05-16,48,1,wk inc flu hosp,2026-05-23,quantile,0.975,327,Texas,Ensemble
2026-05-16,48,1,wk inc flu hosp,2026-05-23,quantile,0.99,382,Texas,Ensemble
2026-05-16,48,2,wk inc flu hosp,2026-05-30,quantile,0.01,25,Texas,Ensemble
2026-05-16,48,2,wk inc flu hosp,2026-05-30,quantile,0.025,30,Texas,Ensemble
2026-05-16,48,2,wk inc flu hosp,2026-05-30,quantile,0.05,36,Texas,Ensemble
2026-05-16,48,2,wk inc flu hosp,2026-05-30,quantile,0.1,46,Texas,Ensemble
2026-05-16,48,2,wk inc flu hosp,2026-05-30,quantile,0.15,53,Texas,Ensemble
2026-05-16,48,2,wk inc flu hosp,2026-05-30,quantile,0.2,61,Texas,Ensemble
2026-05-16,48,2,wk inc flu hosp,2026-05-30,quantile,0.25,68,Texas,Ensemble
2026-05-16,48,2,wk inc flu hosp,2026-05-30,quantile,0.3,75,Texas,Ensemble
2026-05-16,48,2,wk inc flu hosp,2026-05-30,quantile,0.35,81,Texas,Ensemble
2026-05-16,48,2,wk inc flu hosp,2026-05-30,quantile,0.4,88,Texas,Ensemble
2026-05-16,48,2,wk inc flu hosp,2026-05-30,quantile,0.45,96,Texas,Ensemble
2026-05-16,48,2,wk inc flu hosp,2026-05-30,quantile,0.5,108,Texas,Ensemble
2026-05-16,48,2,wk inc flu hosp,2026-05-30,quantile,0.55,117,Texas,Ensemble
2026-05-16,48,2,wk inc flu hosp,2026-05-30,quantile,0.6,127,Texas,Ensemble
2026-05-16,48,2,wk inc flu hosp,2026-05-30,quantile,0.65,137,Texas,Ensemble
2026-05-16,48,2,wk inc flu hosp,2026-05-30,quantile,0.7,148,Texas,Ensemble
2026-05-16,48,2,wk inc flu hosp,2026-05-30,quantile,0.75,160,Texas,Ensemble
2026-05-16,48,2,wk inc flu hosp,2026-05-30,quantile,0.8,176,Texas,Ensemble
2026-05-16,48,2,wk inc flu hosp,2026-05-30,quantile,0.85,205,Texas,Ensemble
2026-05-16,48,2,wk inc flu hosp,2026-05-30,quantile,0.9,260,Texas,Ensemble
2026-05-16,48,2,wk inc flu hosp,2026-05-30,quantile,0.95,336,Texas,Ensemble
2026-05-16,48,2,wk inc flu hosp,2026-05-30,quantile,0.975,385,Texas,Ensemble
2026-05-16,48,2,wk inc flu hosp,2026-05-30,quantile,0.99,456,Texas,Ensemble
2026-05-16,48,3,wk inc flu hosp,2026-06-06,quantile,0.01,21,Texas,Ensemble
2026-05-16,48,3,wk inc flu hosp,2026-06-06,quantile,0.025,27,Texas,Ensemble
2026-05-16,48,3,wk inc flu hosp,2026-06-06,quantile,0.05,32,Texas,Ensemble
2026-05-16,48,3,wk inc flu hosp,2026-06-06,quantile,0.1,41,Texas,Ensemble
2026-05-16,48,3,wk inc flu hosp,2026-06-06,quantile,0.15,48,Texas,Ensemble
2026-05-16,48,3,wk inc flu hosp,2026-06-06,quantile,0.2,55,Texas,Ensemble
2026-05-16,48,3,wk inc flu hosp,2026-06-06,quantile,0.25,64,Texas,Ensemble
2026-05-16,48,3,wk inc flu hosp,2026-06-06,quantile,0.3,70,Texas,Ensemble
2026-05-16,48,3,wk inc flu hosp,2026-06-06,quantile,0.35,76,Texas,Ensemble
2026-05-16,48,3,wk inc flu hosp,2026-06-06,quantile,0.4,82,Texas,Ensemble
2026-05-16,48,3,wk inc flu hosp,2026-06-06,quantile,0.45,91,Texas,Ensemble
2026-05-16,48,3,wk inc flu hosp,2026-06-06,quantile,0.5,104,Texas,Ensemble
2026-05-16,48,3,wk inc flu hosp,2026-06-06,quantile,0.55,113,Texas,Ensemble
2026-05-16,48,3,wk inc flu hosp,2026-06-06,quantile,0.6,123,Texas,Ensemble
2026-05-16,48,3,wk inc flu hosp,2026-06-06,quantile,0.65,134,Texas,Ensemble
2026-05-16,48,3,wk inc flu hosp,2026-06-06,quantile,0.7,145,Texas,Ensemble
2026-05-16,48,3,wk inc flu hosp,2026-06-06,quantile,0.75,159,Texas,Ensemble
2026-05-16,48,3,wk inc flu hosp,2026-06-06,quantile,0.8,183,Texas,Ensemble
2026-05-16,48,3,wk inc flu hosp,2026-06-06,quantile,0.85,207,Texas,Ensemble
2026-05-16,48,3,wk inc flu hosp,2026-06-06,quantile,0.9,261,Texas,Ensemble
2026-05-16,48,3,wk inc flu hosp,2026-06-06,quantile,0.95,345,Texas,Ensemble
2026-05-16,48,3,wk inc flu hosp,2026-06-06,quantile,0.975,407,Texas,Ensemble
2026-05-16,48,3,wk inc flu hosp,2026-06-06,quantile,0.99,496,Texas,Ensemble
2026-05-16,49,0,wk inc flu hosp,2026-05-16,quantile,0.01,1,Utah,Ensemble
2026-05-16,49,0,wk inc flu hosp,2026-05-16,quantile,0.025,1,Utah,Ensemble
2026-05-16,49,0,wk inc flu hosp,2026-05-16,quantile,0.05,1,Utah,Ensemble
2026-05-16,49,0,wk inc flu hosp,2026-05-16,quantile,0.1,2,Utah,Ensemble
2026-05-16,49,0,wk inc flu hosp,2026-05-16,quantile,0.15,3,Utah,Ensemble
2026-05-16,49,0,wk inc flu hosp,2026-05-16,quantile,0.2,3,Utah,Ensemble
2026-05-16,49,0,wk inc flu hosp,2026-05-16,quantile,0.25,4,Utah,Ensemble
2026-05-16,49,0,wk inc flu hosp,2026-05-16,quantile,0.3,5,Utah,Ensemble
2026-05-16,49,0,wk inc flu hosp,2026-05-16,quantile,0.35,5,Utah,Ensemble
2026-05-16,49,0,wk inc flu hosp,2026-05-16,quantile,0.4,6,Utah,Ensemble
2026-05-16,49,0,wk inc flu hosp,2026-05-16,quantile,0.45,6,Utah,Ensemble
2026-05-16,49,0,wk inc flu hosp,2026-05-16,quantile,0.5,8,Utah,Ensemble
2026-05-16,49,0,wk inc flu hosp,2026-05-16,quantile,0.55,9,Utah,Ensemble
2026-05-16,49,0,wk inc flu hosp,2026-05-16,quantile,0.6,9,Utah,Ensemble
2026-05-16,49,0,wk inc flu hosp,2026-05-16,quantile,0.65,10,Utah,Ensemble
2026-05-16,49,0,wk inc flu hosp,2026-05-16,quantile,0.7,11,Utah,Ensemble
2026-05-16,49,0,wk inc flu hosp,2026-05-16,quantile,0.75,12,Utah,Ensemble
2026-05-16,49,0,wk inc flu hosp,2026-05-16,quantile,0.8,13,Utah,Ensemble
2026-05-16,49,0,wk inc flu hosp,2026-05-16,quantile,0.85,14,Utah,Ensemble
2026-05-16,49,0,wk inc flu hosp,2026-05-16,quantile,0.9,17,Utah,Ensemble
2026-05-16,49,0,wk inc flu hosp,2026-05-16,quantile,0.95,23,Utah,Ensemble
2026-05-16,49,0,wk inc flu hosp,2026-05-16,quantile,0.975,27,Utah,Ensemble
2026-05-16,49,0,wk inc flu hosp,2026-05-16,quantile,0.99,32,Utah,Ensemble
2026-05-16,49,1,wk inc flu hosp,2026-05-23,quantile,0.01,0,Utah,Ensemble
2026-05-16,49,1,wk inc flu hosp,2026-05-23,quantile,0.025,0,Utah,Ensemble
2026-05-16,49,1,wk inc flu hosp,2026-05-23,quantile,0.05,1,Utah,Ensemble
2026-05-16,49,1,wk inc flu hosp,2026-05-23,quantile,0.1,1,Utah,Ensemble
2026-05-16,49,1,wk inc flu hosp,2026-05-23,quantile,0.15,2,Utah,Ensemble
2026-05-16,49,1,wk inc flu hosp,2026-05-23,quantile,0.2,3,Utah,Ensemble
2026-05-16,49,1,wk inc flu hosp,2026-05-23,quantile,0.25,3,Utah,Ensemble
2026-05-16,49,1,wk inc flu hosp,2026-05-23,quantile,0.3,4,Utah,Ensemble
2026-05-16,49,1,wk inc flu hosp,2026-05-23,quantile,0.35,4,Utah,Ensemble
2026-05-16,49,1,wk inc flu hosp,2026-05-23,quantile,0.4,5,Utah,Ensemble
2026-05-16,49,1,wk inc flu hosp,2026-05-23,quantile,0.45,6,Utah,Ensemble
2026-05-16,49,1,wk inc flu hosp,2026-05-23,quantile,0.5,7,Utah,Ensemble
2026-05-16,49,1,wk inc flu hosp,2026-05-23,quantile,0.55,8,Utah,Ensemble
2026-05-16,49,1,wk inc flu hosp,2026-05-23,quantile,0.6,9,Utah,Ensemble
2026-05-16,49,1,wk inc flu hosp,2026-05-23,quantile,0.65,10,Utah,Ensemble
2026-05-16,49,1,wk inc flu hosp,2026-05-23,quantile,0.7,11,Utah,Ensemble
2026-05-16,49,1,wk inc flu hosp,2026-05-23,quantile,0.75,12,Utah,Ensemble
2026-05-16,49,1,wk inc flu hosp,2026-05-23,quantile,0.8,14,Utah,Ensemble
2026-05-16,49,1,wk inc flu hosp,2026-05-23,quantile,0.85,16,Utah,Ensemble
2026-05-16,49,1,wk inc flu hosp,2026-05-23,quantile,0.9,19,Utah,Ensemble
2026-05-16,49,1,wk inc flu hosp,2026-05-23,quantile,0.95,29,Utah,Ensemble
2026-05-16,49,1,wk inc flu hosp,2026-05-23,quantile,0.975,33,Utah,Ensemble
2026-05-16,49,1,wk inc flu hosp,2026-05-23,quantile,0.99,39,Utah,Ensemble
2026-05-16,49,2,wk inc flu hosp,2026-05-30,quantile,0.01,0,Utah,Ensemble
2026-05-16,49,2,wk inc flu hosp,2026-05-30,quantile,0.025,0,Utah,Ensemble
2026-05-16,49,2,wk inc flu hosp,2026-05-30,quantile,0.05,0,Utah,Ensemble
2026-05-16,49,2,wk inc flu hosp,2026-05-30,quantile,0.1,1,Utah,Ensemble
2026-05-16,49,2,wk inc flu hosp,2026-05-30,quantile,0.15,2,Utah,Ensemble
2026-05-16,49,2,wk inc flu hosp,2026-05-30,quantile,0.2,2,Utah,Ensemble
2026-05-16,49,2,wk inc flu hosp,2026-05-30,quantile,0.25,3,Utah,Ensemble
2026-05-16,49,2,wk inc flu hosp,2026-05-30,quantile,0.3,3,Utah,Ensemble
2026-05-16,49,2,wk inc flu hosp,2026-05-30,quantile,0.35,4,Utah,Ensemble
2026-05-16,49,2,wk inc flu hosp,2026-05-30,quantile,0.4,4,Utah,Ensemble
2026-05-16,49,2,wk inc flu hosp,2026-05-30,quantile,0.45,5,Utah,Ensemble
2026-05-16,49,2,wk inc flu hosp,2026-05-30,quantile,0.5,7,Utah,Ensemble
2026-05-16,49,2,wk inc flu hosp,2026-05-30,quantile,0.55,8,Utah,Ensemble
2026-05-16,49,2,wk inc flu hosp,2026-05-30,quantile,0.6,9,Utah,Ensemble
2026-05-16,49,2,wk inc flu hosp,2026-05-30,quantile,0.65,10,Utah,Ensemble
2026-05-16,49,2,wk inc flu hosp,2026-05-30,quantile,0.7,11,Utah,Ensemble
2026-05-16,49,2,wk inc flu hosp,2026-05-30,quantile,0.75,13,Utah,Ensemble
2026-05-16,49,2,wk inc flu hosp,2026-05-30,quantile,0.8,14,Utah,Ensemble
2026-05-16,49,2,wk inc flu hosp,2026-05-30,quantile,0.85,19,Utah,Ensemble
2026-05-16,49,2,wk inc flu hosp,2026-05-30,quantile,0.9,23,Utah,Ensemble
2026-05-16,49,2,wk inc flu hosp,2026-05-30,quantile,0.95,34,Utah,Ensemble
2026-05-16,49,2,wk inc flu hosp,2026-05-30,quantile,0.975,40,Utah,Ensemble
2026-05-16,49,2,wk inc flu hosp,2026-05-30,quantile,0.99,49,Utah,Ensemble
2026-05-16,49,3,wk inc flu hosp,2026-06-06,quantile,0.01,0,Utah,Ensemble
2026-05-16,49,3,wk inc flu hosp,2026-06-06,quantile,0.025,0,Utah,Ensemble
2026-05-16,49,3,wk inc flu hosp,2026-06-06,quantile,0.05,0,Utah,Ensemble
2026-05-16,49,3,wk inc flu hosp,2026-06-06,quantile,0.1,1,Utah,Ensemble
2026-05-16,49,3,wk inc flu hosp,2026-06-06,quantile,0.15,1,Utah,Ensemble
2026-05-16,49,3,wk inc flu hosp,2026-06-06,quantile,0.2,1,Utah,Ensemble
2026-05-16,49,3,wk inc flu hosp,2026-06-06,quantile,0.25,2,Utah,Ensemble
2026-05-16,49,3,wk inc flu hosp,2026-06-06,quantile,0.3,2,Utah,Ensemble
2026-05-16,49,3,wk inc flu hosp,2026-06-06,quantile,0.35,3,Utah,Ensemble
2026-05-16,49,3,wk inc flu hosp,2026-06-06,quantile,0.4,4,Utah,Ensemble
2026-05-16,49,3,wk inc flu hosp,2026-06-06,quantile,0.45,4,Utah,Ensemble
2026-05-16,49,3,wk inc flu hosp,2026-06-06,quantile,0.5,6,Utah,Ensemble
2026-05-16,49,3,wk inc flu hosp,2026-06-06,quantile,0.55,7,Utah,Ensemble
2026-05-16,49,3,wk inc flu hosp,2026-06-06,quantile,0.6,8,Utah,Ensemble
2026-05-16,49,3,wk inc flu hosp,2026-06-06,quantile,0.65,9,Utah,Ensemble
2026-05-16,49,3,wk inc flu hosp,2026-06-06,quantile,0.7,10,Utah,Ensemble
2026-05-16,49,3,wk inc flu hosp,2026-06-06,quantile,0.75,13,Utah,Ensemble
2026-05-16,49,3,wk inc flu hosp,2026-06-06,quantile,0.8,15,Utah,Ensemble
2026-05-16,49,3,wk inc flu hosp,2026-06-06,quantile,0.85,19,Utah,Ensemble
2026-05-16,49,3,wk inc flu hosp,2026-06-06,quantile,0.9,24,Utah,Ensemble
2026-05-16,49,3,wk inc flu hosp,2026-06-06,quantile,0.95,34,Utah,Ensemble
2026-05-16,49,3,wk inc flu hosp,2026-06-06,quantile,0.975,41,Utah,Ensemble
2026-05-16,49,3,wk inc flu hosp,2026-06-06,quantile,0.99,50,Utah,Ensemble
2026-05-16,50,0,wk inc flu hosp,2026-05-16,quantile,0.01,0,Vermont,Ensemble
2026-05-16,50,0,wk inc flu hosp,2026-05-16,quantile,0.025,0,Vermont,Ensemble
2026-05-16,50,0,wk inc flu hosp,2026-05-16,quantile,0.05,0,Vermont,Ensemble
2026-05-16,50,0,wk inc flu hosp,2026-05-16,quantile,0.1,0,Vermont,Ensemble
2026-05-16,50,0,wk inc flu hosp,2026-05-16,quantile,0.15,0,Vermont,Ensemble
2026-05-16,50,0,wk inc flu hosp,2026-05-16,quantile,0.2,0,Vermont,Ensemble
2026-05-16,50,0,wk inc flu hosp,2026-05-16,quantile,0.25,0,Vermont,Ensemble
2026-05-16,50,0,wk inc flu hosp,2026-05-16,quantile,0.3,0,Vermont,Ensemble
2026-05-16,50,0,wk inc flu hosp,2026-05-16,quantile,0.35,0,Vermont,Ensemble
2026-05-16,50,0,wk inc flu hosp,2026-05-16,quantile,0.4,0,Vermont,Ensemble
2026-05-16,50,0,wk inc flu hosp,2026-05-16,quantile,0.45,0,Vermont,Ensemble
2026-05-16,50,0,wk inc flu hosp,2026-05-16,quantile,0.5,2,Vermont,Ensemble
2026-05-16,50,0,wk inc flu hosp,2026-05-16,quantile,0.55,2,Vermont,Ensemble
2026-05-16,50,0,wk inc flu hosp,2026-05-16,quantile,0.6,2,Vermont,Ensemble
2026-05-16,50,0,wk inc flu hosp,2026-05-16,quantile,0.65,2,Vermont,Ensemble
2026-05-16,50,0,wk inc flu hosp,2026-05-16,quantile,0.7,3,Vermont,Ensemble
2026-05-16,50,0,wk inc flu hosp,2026-05-16,quantile,0.75,3,Vermont,Ensemble
2026-05-16,50,0,wk inc flu hosp,2026-05-16,quantile,0.8,3,Vermont,Ensemble
2026-05-16,50,0,wk inc flu hosp,2026-05-16,quantile,0.85,4,Vermont,Ensemble
2026-05-16,50,0,wk inc flu hosp,2026-05-16,quantile,0.9,5,Vermont,Ensemble
2026-05-16,50,0,wk inc flu hosp,2026-05-16,quantile,0.95,6,Vermont,Ensemble
2026-05-16,50,0,wk inc flu hosp,2026-05-16,quantile,0.975,7,Vermont,Ensemble
2026-05-16,50,0,wk inc flu hosp,2026-05-16,quantile,0.99,9,Vermont,Ensemble
2026-05-16,50,1,wk inc flu hosp,2026-05-23,quantile,0.01,0,Vermont,Ensemble
2026-05-16,50,1,wk inc flu hosp,2026-05-23,quantile,0.025,0,Vermont,Ensemble
2026-05-16,50,1,wk inc flu hosp,2026-05-23,quantile,0.05,0,Vermont,Ensemble
2026-05-16,50,1,wk inc flu hosp,2026-05-23,quantile,0.1,0,Vermont,Ensemble
2026-05-16,50,1,wk inc flu hosp,2026-05-23,quantile,0.15,0,Vermont,Ensemble
2026-05-16,50,1,wk inc flu hosp,2026-05-23,quantile,0.2,0,Vermont,Ensemble
2026-05-16,50,1,wk inc flu hosp,2026-05-23,quantile,0.25,0,Vermont,Ensemble
2026-05-16,50,1,wk inc flu hosp,2026-05-23,quantile,0.3,0,Vermont,Ensemble
2026-05-16,50,1,wk inc flu hosp,2026-05-23,quantile,0.35,0,Vermont,Ensemble
2026-05-16,50,1,wk inc flu hosp,2026-05-23,quantile,0.4,0,Vermont,Ensemble
2026-05-16,50,1,wk inc flu hosp,2026-05-23,quantile,0.45,0,Vermont,Ensemble
2026-05-16,50,1,wk inc flu hosp,2026-05-23,quantile,0.5,1,Vermont,Ensemble
2026-05-16,50,1,wk inc flu hosp,2026-05-23,quantile,0.55,2,Vermont,Ensemble
2026-05-16,50,1,wk inc flu hosp,2026-05-23,quantile,0.6,2,Vermont,Ensemble
2026-05-16,50,1,wk inc flu hosp,2026-05-23,quantile,0.65,2,Vermont,Ensemble
2026-05-16,50,1,wk inc flu hosp,2026-05-23,quantile,0.7,3,Vermont,Ensemble
2026-05-16,50,1,wk inc flu hosp,2026-05-23,quantile,0.75,3,Vermont,Ensemble
2026-05-16,50,1,wk inc flu hosp,2026-05-23,quantile,0.8,4,Vermont,Ensemble
2026-05-16,50,1,wk inc flu hosp,2026-05-23,quantile,0.85,4,Vermont,Ensemble
2026-05-16,50,1,wk inc flu hosp,2026-05-23,quantile,0.9,5,Vermont,Ensemble
2026-05-16,50,1,wk inc flu hosp,2026-05-23,quantile,0.95,8,Vermont,Ensemble
2026-05-16,50,1,wk inc flu hosp,2026-05-23,quantile,0.975,9,Vermont,Ensemble
2026-05-16,50,1,wk inc flu hosp,2026-05-23,quantile,0.99,12,Vermont,Ensemble
2026-05-16,50,2,wk inc flu hosp,2026-05-30,quantile,0.01,0,Vermont,Ensemble
2026-05-16,50,2,wk inc flu hosp,2026-05-30,quantile,0.025,0,Vermont,Ensemble
2026-05-16,50,2,wk inc flu hosp,2026-05-30,quantile,0.05,0,Vermont,Ensemble
2026-05-16,50,2,wk inc flu hosp,2026-05-30,quantile,0.1,0,Vermont,Ensemble
2026-05-16,50,2,wk inc flu hosp,2026-05-30,quantile,0.15,0,Vermont,Ensemble
2026-05-16,50,2,wk inc flu hosp,2026-05-30,quantile,0.2,0,Vermont,Ensemble
2026-05-16,50,2,wk inc flu hosp,2026-05-30,quantile,0.25,0,Vermont,Ensemble
2026-05-16,50,2,wk inc flu hosp,2026-05-30,quantile,0.3,0,Vermont,Ensemble
2026-05-16,50,2,wk inc flu hosp,2026-05-30,quantile,0.35,0,Vermont,Ensemble
2026-05-16,50,2,wk inc flu hosp,2026-05-30,quantile,0.4,0,Vermont,Ensemble
2026-05-16,50,2,wk inc flu hosp,2026-05-30,quantile,0.45,0,Vermont,Ensemble
2026-05-16,50,2,wk inc flu hosp,2026-05-30,quantile,0.5,1,Vermont,Ensemble
2026-05-16,50,2,wk inc flu hosp,2026-05-30,quantile,0.55,2,Vermont,Ensemble
2026-05-16,50,2,wk inc flu hosp,2026-05-30,quantile,0.6,2,Vermont,Ensemble
2026-05-16,50,2,wk inc flu hosp,2026-05-30,quantile,0.65,2,Vermont,Ensemble
2026-05-16,50,2,wk inc flu hosp,2026-05-30,quantile,0.7,2,Vermont,Ensemble
2026-05-16,50,2,wk inc flu hosp,2026-05-30,quantile,0.75,3,Vermont,Ensemble
2026-05-16,50,2,wk inc flu hosp,2026-05-30,quantile,0.8,4,Vermont,Ensemble
2026-05-16,50,2,wk inc flu hosp,2026-05-30,quantile,0.85,4,Vermont,Ensemble
2026-05-16,50,2,wk inc flu hosp,2026-05-30,quantile,0.9,6,Vermont,Ensemble
2026-05-16,50,2,wk inc flu hosp,2026-05-30,quantile,0.95,8,Vermont,Ensemble
2026-05-16,50,2,wk inc flu hosp,2026-05-30,quantile,0.975,10,Vermont,Ensemble
2026-05-16,50,2,wk inc flu hosp,2026-05-30,quantile,0.99,13,Vermont,Ensemble
2026-05-16,50,3,wk inc flu hosp,2026-06-06,quantile,0.01,0,Vermont,Ensemble
2026-05-16,50,3,wk inc flu hosp,2026-06-06,quantile,0.025,0,Vermont,Ensemble
2026-05-16,50,3,wk inc flu hosp,2026-06-06,quantile,0.05,0,Vermont,Ensemble
2026-05-16,50,3,wk inc flu hosp,2026-06-06,quantile,0.1,0,Vermont,Ensemble
2026-05-16,50,3,wk inc flu hosp,2026-06-06,quantile,0.15,0,Vermont,Ensemble
2026-05-16,50,3,wk inc flu hosp,2026-06-06,quantile,0.2,0,Vermont,Ensemble
2026-05-16,50,3,wk inc flu hosp,2026-06-06,quantile,0.25,0,Vermont,Ensemble
2026-05-16,50,3,wk inc flu hosp,2026-06-06,quantile,0.3,0,Vermont,Ensemble
2026-05-16,50,3,wk inc flu hosp,2026-06-06,quantile,0.35,0,Vermont,Ensemble
2026-05-16,50,3,wk inc flu hosp,2026-06-06,quantile,0.4,0,Vermont,Ensemble
2026-05-16,50,3,wk inc flu hosp,2026-06-06,quantile,0.45,0,Vermont,Ensemble
2026-05-16,50,3,wk inc flu hosp,2026-06-06,quantile,0.5,1,Vermont,Ensemble
2026-05-16,50,3,wk inc flu hosp,2026-06-06,quantile,0.55,2,Vermont,Ensemble
2026-05-16,50,3,wk inc flu hosp,2026-06-06,quantile,0.6,2,Vermont,Ensemble
2026-05-16,50,3,wk inc flu hosp,2026-06-06,quantile,0.65,2,Vermont,Ensemble
2026-05-16,50,3,wk inc flu hosp,2026-06-06,quantile,0.7,3,Vermont,Ensemble
2026-05-16,50,3,wk inc flu hosp,2026-06-06,quantile,0.75,3,Vermont,Ensemble
2026-05-16,50,3,wk inc flu hosp,2026-06-06,quantile,0.8,4,Vermont,Ensemble
2026-05-16,50,3,wk inc flu hosp,2026-06-06,quantile,0.85,5,Vermont,Ensemble
2026-05-16,50,3,wk inc flu hosp,2026-06-06,quantile,0.9,6,Vermont,Ensemble
2026-05-16,50,3,wk inc flu hosp,2026-06-06,quantile,0.95,10,Vermont,Ensemble
2026-05-16,50,3,wk inc flu hosp,2026-06-06,quantile,0.975,12,Vermont,Ensemble
2026-05-16,50,3,wk inc flu hosp,2026-06-06,quantile,0.99,15,Vermont,Ensemble
2026-05-16,51,0,wk inc flu hosp,2026-05-16,quantile,0.01,2,Virginia,Ensemble
2026-05-16,51,0,wk inc flu hosp,2026-05-16,quantile,0.025,3,Virginia,Ensemble
2026-05-16,51,0,wk inc flu hosp,2026-05-16,quantile,0.05,5,Virginia,Ensemble
2026-05-16,51,0,wk inc flu hosp,2026-05-16,quantile,0.1,6,Virginia,Ensemble
2026-05-16,51,0,wk inc flu hosp,2026-05-16,quantile,0.15,7,Virginia,Ensemble
2026-05-16,51,0,wk inc flu hosp,2026-05-16,quantile,0.2,8,Virginia,Ensemble
2026-05-16,51,0,wk inc flu hosp,2026-05-16,quantile,0.25,9,Virginia,Ensemble
2026-05-16,51,0,wk inc flu hosp,2026-05-16,quantile,0.3,10,Virginia,Ensemble
2026-05-16,51,0,wk inc flu hosp,2026-05-16,quantile,0.35,11,Virginia,Ensemble
2026-05-16,51,0,wk inc flu hosp,2026-05-16,quantile,0.4,12,Virginia,Ensemble
2026-05-16,51,0,wk inc flu hosp,2026-05-16,quantile,0.45,14,Virginia,Ensemble
2026-05-16,51,0,wk inc flu hosp,2026-05-16,quantile,0.5,16,Virginia,Ensemble
2026-05-16,51,0,wk inc flu hosp,2026-05-16,quantile,0.55,17,Virginia,Ensemble
2026-05-16,51,0,wk inc flu hosp,2026-05-16,quantile,0.6,19,Virginia,Ensemble
2026-05-16,51,0,wk inc flu hosp,2026-05-16,quantile,0.65,21,Virginia,Ensemble
2026-05-16,51,0,wk inc flu hosp,2026-05-16,quantile,0.7,22,Virginia,Ensemble
2026-05-16,51,0,wk inc flu hosp,2026-05-16,quantile,0.75,24,Virginia,Ensemble
2026-05-16,51,0,wk inc flu hosp,2026-05-16,quantile,0.8,27,Virginia,Ensemble
2026-05-16,51,0,wk inc flu hosp,2026-05-16,quantile,0.85,30,Virginia,Ensemble
2026-05-16,51,0,wk inc flu hosp,2026-05-16,quantile,0.9,38,Virginia,Ensemble
2026-05-16,51,0,wk inc flu hosp,2026-05-16,quantile,0.95,46,Virginia,Ensemble
2026-05-16,51,0,wk inc flu hosp,2026-05-16,quantile,0.975,54,Virginia,Ensemble
2026-05-16,51,0,wk inc flu hosp,2026-05-16,quantile,0.99,64,Virginia,Ensemble
2026-05-16,51,1,wk inc flu hosp,2026-05-23,quantile,0.01,2,Virginia,Ensemble
2026-05-16,51,1,wk inc flu hosp,2026-05-23,quantile,0.025,2,Virginia,Ensemble
2026-05-16,51,1,wk inc flu hosp,2026-05-23,quantile,0.05,3,Virginia,Ensemble
2026-05-16,51,1,wk inc flu hosp,2026-05-23,quantile,0.1,5,Virginia,Ensemble
2026-05-16,51,1,wk inc flu hosp,2026-05-23,quantile,0.15,6,Virginia,Ensemble
2026-05-16,51,1,wk inc flu hosp,2026-05-23,quantile,0.2,7,Virginia,Ensemble
2026-05-16,51,1,wk inc flu hosp,2026-05-23,quantile,0.25,7,Virginia,Ensemble
2026-05-16,51,1,wk inc flu hosp,2026-05-23,quantile,0.3,8,Virginia,Ensemble
2026-05-16,51,1,wk inc flu hosp,2026-05-23,quantile,0.35,9,Virginia,Ensemble
2026-05-16,51,1,wk inc flu hosp,2026-05-23,quantile,0.4,10,Virginia,Ensemble
2026-05-16,51,1,wk inc flu hosp,2026-05-23,quantile,0.45,12,Virginia,Ensemble
2026-05-16,51,1,wk inc flu hosp,2026-05-23,quantile,0.5,16,Virginia,Ensemble
2026-05-16,51,1,wk inc flu hosp,2026-05-23,quantile,0.55,17,Virginia,Ensemble
2026-05-16,51,1,wk inc flu hosp,2026-05-23,quantile,0.6,19,Virginia,Ensemble
2026-05-16,51,1,wk inc flu hosp,2026-05-23,quantile,0.65,21,Virginia,Ensemble
2026-05-16,51,1,wk inc flu hosp,2026-05-23,quantile,0.7,23,Virginia,Ensemble
2026-05-16,51,1,wk inc flu hosp,2026-05-23,quantile,0.75,26,Virginia,Ensemble
2026-05-16,51,1,wk inc flu hosp,2026-05-23,quantile,0.8,30,Virginia,Ensemble
2026-05-16,51,1,wk inc flu hosp,2026-05-23,quantile,0.85,38,Virginia,Ensemble
2026-05-16,51,1,wk inc flu hosp,2026-05-23,quantile,0.9,50,Virginia,Ensemble
2026-05-16,51,1,wk inc flu hosp,2026-05-23,quantile,0.95,65,Virginia,Ensemble
2026-05-16,51,1,wk inc flu hosp,2026-05-23,quantile,0.975,74,Virginia,Ensemble
2026-05-16,51,1,wk inc flu hosp,2026-05-23,quantile,0.99,88,Virginia,Ensemble
2026-05-16,51,2,wk inc flu hosp,2026-05-30,quantile,0.01,2,Virginia,Ensemble
2026-05-16,51,2,wk inc flu hosp,2026-05-30,quantile,0.025,2,Virginia,Ensemble
2026-05-16,51,2,wk inc flu hosp,2026-05-30,quantile,0.05,3,Virginia,Ensemble
2026-05-16,51,2,wk inc flu hosp,2026-05-30,quantile,0.1,4,Virginia,Ensemble
2026-05-16,51,2,wk inc flu hosp,2026-05-30,quantile,0.15,5,Virginia,Ensemble
2026-05-16,51,2,wk inc flu hosp,2026-05-30,quantile,0.2,6,Virginia,Ensemble
2026-05-16,51,2,wk inc flu hosp,2026-05-30,quantile,0.25,7,Virginia,Ensemble
2026-05-16,51,2,wk inc flu hosp,2026-05-30,quantile,0.3,8,Virginia,Ensemble
2026-05-16,51,2,wk inc flu hosp,2026-05-30,quantile,0.35,9,Virginia,Ensemble
2026-05-16,51,2,wk inc flu hosp,2026-05-30,quantile,0.4,10,Virginia,Ensemble
2026-05-16,51,2,wk inc flu hosp,2026-05-30,quantile,0.45,11,Virginia,Ensemble
2026-05-16,51,2,wk inc flu hosp,2026-05-30,quantile,0.5,15,Virginia,Ensemble
2026-05-16,51,2,wk inc flu hosp,2026-05-30,quantile,0.55,17,Virginia,Ensemble
2026-05-16,51,2,wk inc flu hosp,2026-05-30,quantile,0.6,19,Virginia,Ensemble
2026-05-16,51,2,wk inc flu hosp,2026-05-30,quantile,0.65,21,Virginia,Ensemble
2026-05-16,51,2,wk inc flu hosp,2026-05-30,quantile,0.7,24,Virginia,Ensemble
2026-05-16,51,2,wk inc flu hosp,2026-05-30,quantile,0.75,27,Virginia,Ensemble
2026-05-16,51,2,wk inc flu hosp,2026-05-30,quantile,0.8,30,Virginia,Ensemble
2026-05-16,51,2,wk inc flu hosp,2026-05-30,quantile,0.85,35,Virginia,Ensemble
2026-05-16,51,2,wk inc flu hosp,2026-05-30,quantile,0.9,58,Virginia,Ensemble
2026-05-16,51,2,wk inc flu hosp,2026-05-30,quantile,0.95,82,Virginia,Ensemble
2026-05-16,51,2,wk inc flu hosp,2026-05-30,quantile,0.975,96,Virginia,Ensemble
2026-05-16,51,2,wk inc flu hosp,2026-05-30,quantile,0.99,115,Virginia,Ensemble
2026-05-16,51,3,wk inc flu hosp,2026-06-06,quantile,0.01,1,Virginia,Ensemble
2026-05-16,51,3,wk inc flu hosp,2026-06-06,quantile,0.025,2,Virginia,Ensemble
2026-05-16,51,3,wk inc flu hosp,2026-06-06,quantile,0.05,3,Virginia,Ensemble
2026-05-16,51,3,wk inc flu hosp,2026-06-06,quantile,0.1,4,Virginia,Ensemble
2026-05-16,51,3,wk inc flu hosp,2026-06-06,quantile,0.15,5,Virginia,Ensemble
2026-05-16,51,3,wk inc flu hosp,2026-06-06,quantile,0.2,6,Virginia,Ensemble
2026-05-16,51,3,wk inc flu hosp,2026-06-06,quantile,0.25,7,Virginia,Ensemble
2026-05-16,51,3,wk inc flu hosp,2026-06-06,quantile,0.3,8,Virginia,Ensemble
2026-05-16,51,3,wk inc flu hosp,2026-06-06,quantile,0.35,8,Virginia,Ensemble
2026-05-16,51,3,wk inc flu hosp,2026-06-06,quantile,0.4,9,Virginia,Ensemble
2026-05-16,51,3,wk inc flu hosp,2026-06-06,quantile,0.45,10,Virginia,Ensemble
2026-05-16,51,3,wk inc flu hosp,2026-06-06,quantile,0.5,15,Virginia,Ensemble
2026-05-16,51,3,wk inc flu hosp,2026-06-06,quantile,0.55,17,Virginia,Ensemble
2026-05-16,51,3,wk inc flu hosp,2026-06-06,quantile,0.6,19,Virginia,Ensemble
2026-05-16,51,3,wk inc flu hosp,2026-06-06,quantile,0.65,21,Virginia,Ensemble
2026-05-16,51,3,wk inc flu hosp,2026-06-06,quantile,0.7,26,Virginia,Ensemble
2026-05-16,51,3,wk inc flu hosp,2026-06-06,quantile,0.75,31,Virginia,Ensemble
2026-05-16,51,3,wk inc flu hosp,2026-06-06,quantile,0.8,36,Virginia,Ensemble
2026-05-16,51,3,wk inc flu hosp,2026-06-06,quantile,0.85,42,Virginia,Ensemble
2026-05-16,51,3,wk inc flu hosp,2026-06-06,quantile,0.9,61,Virginia,Ensemble
2026-05-16,51,3,wk inc flu hosp,2026-06-06,quantile,0.95,86,Virginia,Ensemble
2026-05-16,51,3,wk inc flu hosp,2026-06-06,quantile,0.975,106,Virginia,Ensemble
2026-05-16,51,3,wk inc flu hosp,2026-06-06,quantile,0.99,132,Virginia,Ensemble
2026-05-16,53,0,wk inc flu hosp,2026-05-16,quantile,0.01,7,Washington,Ensemble
2026-05-16,53,0,wk inc flu hosp,2026-05-16,quantile,0.025,9,Washington,Ensemble
2026-05-16,53,0,wk inc flu hosp,2026-05-16,quantile,0.05,10,Washington,Ensemble
2026-05-16,53,0,wk inc flu hosp,2026-05-16,quantile,0.1,13,Washington,Ensemble
2026-05-16,53,0,wk inc flu hosp,2026-05-16,quantile,0.15,14,Washington,Ensemble
2026-05-16,53,0,wk inc flu hosp,2026-05-16,quantile,0.2,16,Washington,Ensemble
2026-05-16,53,0,wk inc flu hosp,2026-05-16,quantile,0.25,18,Washington,Ensemble
2026-05-16,53,0,wk inc flu hosp,2026-05-16,quantile,0.3,19,Washington,Ensemble
2026-05-16,53,0,wk inc flu hosp,2026-05-16,quantile,0.35,21,Washington,Ensemble
2026-05-16,53,0,wk inc flu hosp,2026-05-16,quantile,0.4,22,Washington,Ensemble
2026-05-16,53,0,wk inc flu hosp,2026-05-16,quantile,0.45,23,Washington,Ensemble
2026-05-16,53,0,wk inc flu hosp,2026-05-16,quantile,0.5,26,Washington,Ensemble
2026-05-16,53,0,wk inc flu hosp,2026-05-16,quantile,0.55,28,Washington,Ensemble
2026-05-16,53,0,wk inc flu hosp,2026-05-16,quantile,0.6,29,Washington,Ensemble
2026-05-16,53,0,wk inc flu hosp,2026-05-16,quantile,0.65,31,Washington,Ensemble
2026-05-16,53,0,wk inc flu hosp,2026-05-16,quantile,0.7,32,Washington,Ensemble
2026-05-16,53,0,wk inc flu hosp,2026-05-16,quantile,0.75,34,Washington,Ensemble
2026-05-16,53,0,wk inc flu hosp,2026-05-16,quantile,0.8,37,Washington,Ensemble
2026-05-16,53,0,wk inc flu hosp,2026-05-16,quantile,0.85,41,Washington,Ensemble
2026-05-16,53,0,wk inc flu hosp,2026-05-16,quantile,0.9,46,Washington,Ensemble
2026-05-16,53,0,wk inc flu hosp,2026-05-16,quantile,0.95,53,Washington,Ensemble
2026-05-16,53,0,wk inc flu hosp,2026-05-16,quantile,0.975,59,Washington,Ensemble
2026-05-16,53,0,wk inc flu hosp,2026-05-16,quantile,0.99,68,Washington,Ensemble
2026-05-16,53,1,wk inc flu hosp,2026-05-23,quantile,0.01,5,Washington,Ensemble
2026-05-16,53,1,wk inc flu hosp,2026-05-23,quantile,0.025,6,Washington,Ensemble
2026-05-16,53,1,wk inc flu hosp,2026-05-23,quantile,0.05,8,Washington,Ensemble
2026-05-16,53,1,wk inc flu hosp,2026-05-23,quantile,0.1,10,Washington,Ensemble
2026-05-16,53,1,wk inc flu hosp,2026-05-23,quantile,0.15,12,Washington,Ensemble
2026-05-16,53,1,wk inc flu hosp,2026-05-23,quantile,0.2,13,Washington,Ensemble
2026-05-16,53,1,wk inc flu hosp,2026-05-23,quantile,0.25,14,Washington,Ensemble
2026-05-16,53,1,wk inc flu hosp,2026-05-23,quantile,0.3,16,Washington,Ensemble
2026-05-16,53,1,wk inc flu hosp,2026-05-23,quantile,0.35,18,Washington,Ensemble
2026-05-16,53,1,wk inc flu hosp,2026-05-23,quantile,0.4,19,Washington,Ensemble
2026-05-16,53,1,wk inc flu hosp,2026-05-23,quantile,0.45,21,Washington,Ensemble
2026-05-16,53,1,wk inc flu hosp,2026-05-23,quantile,0.5,23,Washington,Ensemble
2026-05-16,53,1,wk inc flu hosp,2026-05-23,quantile,0.55,25,Washington,Ensemble
2026-05-16,53,1,wk inc flu hosp,2026-05-23,quantile,0.6,27,Washington,Ensemble
2026-05-16,53,1,wk inc flu hosp,2026-05-23,quantile,0.65,28,Washington,Ensemble
2026-05-16,53,1,wk inc flu hosp,2026-05-23,quantile,0.7,31,Washington,Ensemble
2026-05-16,53,1,wk inc flu hosp,2026-05-23,quantile,0.75,33,Washington,Ensemble
2026-05-16,53,1,wk inc flu hosp,2026-05-23,quantile,0.8,36,Washington,Ensemble
2026-05-16,53,1,wk inc flu hosp,2026-05-23,quantile,0.85,39,Washington,Ensemble
2026-05-16,53,1,wk inc flu hosp,2026-05-23,quantile,0.9,44,Washington,Ensemble
2026-05-16,53,1,wk inc flu hosp,2026-05-23,quantile,0.95,57,Washington,Ensemble
2026-05-16,53,1,wk inc flu hosp,2026-05-23,quantile,0.975,65,Washington,Ensemble
2026-05-16,53,1,wk inc flu hosp,2026-05-23,quantile,0.99,76,Washington,Ensemble
2026-05-16,53,2,wk inc flu hosp,2026-05-30,quantile,0.01,4,Washington,Ensemble
2026-05-16,53,2,wk inc flu hosp,2026-05-30,quantile,0.025,5,Washington,Ensemble
2026-05-16,53,2,wk inc flu hosp,2026-05-30,quantile,0.05,7,Washington,Ensemble
2026-05-16,53,2,wk inc flu hosp,2026-05-30,quantile,0.1,9,Washington,Ensemble
2026-05-16,53,2,wk inc flu hosp,2026-05-30,quantile,0.15,10,Washington,Ensemble
2026-05-16,53,2,wk inc flu hosp,2026-05-30,quantile,0.2,12,Washington,Ensemble
2026-05-16,53,2,wk inc flu hosp,2026-05-30,quantile,0.25,13,Washington,Ensemble
2026-05-16,53,2,wk inc flu hosp,2026-05-30,quantile,0.3,14,Washington,Ensemble
2026-05-16,53,2,wk inc flu hosp,2026-05-30,quantile,0.35,16,Washington,Ensemble
2026-05-16,53,2,wk inc flu hosp,2026-05-30,quantile,0.4,18,Washington,Ensemble
2026-05-16,53,2,wk inc flu hosp,2026-05-30,quantile,0.45,19,Washington,Ensemble
2026-05-16,53,2,wk inc flu hosp,2026-05-30,quantile,0.5,22,Washington,Ensemble
2026-05-16,53,2,wk inc flu hosp,2026-05-30,quantile,0.55,24,Washington,Ensemble
2026-05-16,53,2,wk inc flu hosp,2026-05-30,quantile,0.6,25,Washington,Ensemble
2026-05-16,53,2,wk inc flu hosp,2026-05-30,quantile,0.65,27,Washington,Ensemble
2026-05-16,53,2,wk inc flu hosp,2026-05-30,quantile,0.7,29,Washington,Ensemble
2026-05-16,53,2,wk inc flu hosp,2026-05-30,quantile,0.75,32,Washington,Ensemble
2026-05-16,53,2,wk inc flu hosp,2026-05-30,quantile,0.8,35,Washington,Ensemble
2026-05-16,53,2,wk inc flu hosp,2026-05-30,quantile,0.85,39,Washington,Ensemble
2026-05-16,53,2,wk inc flu hosp,2026-05-30,quantile,0.9,52,Washington,Ensemble
2026-05-16,53,2,wk inc flu hosp,2026-05-30,quantile,0.95,62,Washington,Ensemble
2026-05-16,53,2,wk inc flu hosp,2026-05-30,quantile,0.975,71,Washington,Ensemble
2026-05-16,53,2,wk inc flu hosp,2026-05-30,quantile,0.99,85,Washington,Ensemble
2026-05-16,53,3,wk inc flu hosp,2026-06-06,quantile,0.01,3,Washington,Ensemble
2026-05-16,53,3,wk inc flu hosp,2026-06-06,quantile,0.025,4,Washington,Ensemble
2026-05-16,53,3,wk inc flu hosp,2026-06-06,quantile,0.05,5,Washington,Ensemble
2026-05-16,53,3,wk inc flu hosp,2026-06-06,quantile,0.1,7,Washington,Ensemble
2026-05-16,53,3,wk inc flu hosp,2026-06-06,quantile,0.15,9,Washington,Ensemble
2026-05-16,53,3,wk inc flu hosp,2026-06-06,quantile,0.2,10,Washington,Ensemble
2026-05-16,53,3,wk inc flu hosp,2026-06-06,quantile,0.25,11,Washington,Ensemble
2026-05-16,53,3,wk inc flu hosp,2026-06-06,quantile,0.3,13,Washington,Ensemble
2026-05-16,53,3,wk inc flu hosp,2026-06-06,quantile,0.35,14,Washington,Ensemble
2026-05-16,53,3,wk inc flu hosp,2026-06-06,quantile,0.4,16,Washington,Ensemble
2026-05-16,53,3,wk inc flu hosp,2026-06-06,quantile,0.45,17,Washington,Ensemble
2026-05-16,53,3,wk inc flu hosp,2026-06-06,quantile,0.5,21,Washington,Ensemble
2026-05-16,53,3,wk inc flu hosp,2026-06-06,quantile,0.55,23,Washington,Ensemble
2026-05-16,53,3,wk inc flu hosp,2026-06-06,quantile,0.6,24,Washington,Ensemble
2026-05-16,53,3,wk inc flu hosp,2026-06-06,quantile,0.65,26,Washington,Ensemble
2026-05-16,53,3,wk inc flu hosp,2026-06-06,quantile,0.7,29,Washington,Ensemble
2026-05-16,53,3,wk inc flu hosp,2026-06-06,quantile,0.75,32,Washington,Ensemble
2026-05-16,53,3,wk inc flu hosp,2026-06-06,quantile,0.8,36,Washington,Ensemble
2026-05-16,53,3,wk inc flu hosp,2026-06-06,quantile,0.85,41,Washington,Ensemble
2026-05-16,53,3,wk inc flu hosp,2026-06-06,quantile,0.9,50,Washington,Ensemble
2026-05-16,53,3,wk inc flu hosp,2026-06-06,quantile,0.95,63,Washington,Ensemble
2026-05-16,53,3,wk inc flu hosp,2026-06-06,quantile,0.975,75,Washington,Ensemble
2026-05-16,53,3,wk inc flu hosp,2026-06-06,quantile,0.99,90,Washington,Ensemble
2026-05-16,54,0,wk inc flu hosp,2026-05-16,quantile,0.01,0,West Virginia,Ensemble
2026-05-16,54,0,wk inc flu hosp,2026-05-16,quantile,0.025,0,West Virginia,Ensemble
2026-05-16,54,0,wk inc flu hosp,2026-05-16,quantile,0.05,0,West Virginia,Ensemble
2026-05-16,54,0,wk inc flu hosp,2026-05-16,quantile,0.1,0,West Virginia,Ensemble
2026-05-16,54,0,wk inc flu hosp,2026-05-16,quantile,0.15,0,West Virginia,Ensemble
2026-05-16,54,0,wk inc flu hosp,2026-05-16,quantile,0.2,1,West Virginia,Ensemble
2026-05-16,54,0,wk inc flu hosp,2026-05-16,quantile,0.25,1,West Virginia,Ensemble
2026-05-16,54,0,wk inc flu hosp,2026-05-16,quantile,0.3,1,West Virginia,Ensemble
2026-05-16,54,0,wk inc flu hosp,2026-05-16,quantile,0.35,1,West Virginia,Ensemble
2026-05-16,54,0,wk inc flu hosp,2026-05-16,quantile,0.4,2,West Virginia,Ensemble
2026-05-16,54,0,wk inc flu hosp,2026-05-16,quantile,0.45,2,West Virginia,Ensemble
2026-05-16,54,0,wk inc flu hosp,2026-05-16,quantile,0.5,3,West Virginia,Ensemble
2026-05-16,54,0,wk inc flu hosp,2026-05-16,quantile,0.55,4,West Virginia,Ensemble
2026-05-16,54,0,wk inc flu hosp,2026-05-16,quantile,0.6,5,West Virginia,Ensemble
2026-05-16,54,0,wk inc flu hosp,2026-05-16,quantile,0.65,6,West Virginia,Ensemble
2026-05-16,54,0,wk inc flu hosp,2026-05-16,quantile,0.7,6,West Virginia,Ensemble
2026-05-16,54,0,wk inc flu hosp,2026-05-16,quantile,0.75,7,West Virginia,Ensemble
2026-05-16,54,0,wk inc flu hosp,2026-05-16,quantile,0.8,9,West Virginia,Ensemble
2026-05-16,54,0,wk inc flu hosp,2026-05-16,quantile,0.85,10,West Virginia,Ensemble
2026-05-16,54,0,wk inc flu hosp,2026-05-16,quantile,0.9,12,West Virginia,Ensemble
2026-05-16,54,0,wk inc flu hosp,2026-05-16,quantile,0.95,18,West Virginia,Ensemble
2026-05-16,54,0,wk inc flu hosp,2026-05-16,quantile,0.975,21,West Virginia,Ensemble
2026-05-16,54,0,wk inc flu hosp,2026-05-16,quantile,0.99,26,West Virginia,Ensemble
2026-05-16,54,1,wk inc flu hosp,2026-05-23,quantile,0.01,0,West Virginia,Ensemble
2026-05-16,54,1,wk inc flu hosp,2026-05-23,quantile,0.025,0,West Virginia,Ensemble
2026-05-16,54,1,wk inc flu hosp,2026-05-23,quantile,0.05,0,West Virginia,Ensemble
2026-05-16,54,1,wk inc flu hosp,2026-05-23,quantile,0.1,0,West Virginia,Ensemble
2026-05-16,54,1,wk inc flu hosp,2026-05-23,quantile,0.15,0,West Virginia,Ensemble
2026-05-16,54,1,wk inc flu hosp,2026-05-23,quantile,0.2,0,West Virginia,Ensemble
2026-05-16,54,1,wk inc flu hosp,2026-05-23,quantile,0.25,1,West Virginia,Ensemble
2026-05-16,54,1,wk inc flu hosp,2026-05-23,quantile,0.3,1,West Virginia,Ensemble
2026-05-16,54,1,wk inc flu hosp,2026-05-23,quantile,0.35,1,West Virginia,Ensemble
2026-05-16,54,1,wk inc flu hosp,2026-05-23,quantile,0.4,1,West Virginia,Ensemble
2026-05-16,54,1,wk inc flu hosp,2026-05-23,quantile,0.45,1,West Virginia,Ensemble
2026-05-16,54,1,wk inc flu hosp,2026-05-23,quantile,0.5,3,West Virginia,Ensemble
2026-05-16,54,1,wk inc flu hosp,2026-05-23,quantile,0.55,4,West Virginia,Ensemble
2026-05-16,54,1,wk inc flu hosp,2026-05-23,quantile,0.6,5,West Virginia,Ensemble
2026-05-16,54,1,wk inc flu hosp,2026-05-23,quantile,0.65,6,West Virginia,Ensemble
2026-05-16,54,1,wk inc flu hosp,2026-05-23,quantile,0.7,7,West Virginia,Ensemble
2026-05-16,54,1,wk inc flu hosp,2026-05-23,quantile,0.75,8,West Virginia,Ensemble
2026-05-16,54,1,wk inc flu hosp,2026-05-23,quantile,0.8,10,West Virginia,Ensemble
2026-05-16,54,1,wk inc flu hosp,2026-05-23,quantile,0.85,13,West Virginia,Ensemble
2026-05-16,54,1,wk inc flu hosp,2026-05-23,quantile,0.9,15,West Virginia,Ensemble
2026-05-16,54,1,wk inc flu hosp,2026-05-23,quantile,0.95,23,West Virginia,Ensemble
2026-05-16,54,1,wk inc flu hosp,2026-05-23,quantile,0.975,28,West Virginia,Ensemble
2026-05-16,54,1,wk inc flu hosp,2026-05-23,quantile,0.99,34,West Virginia,Ensemble
2026-05-16,54,2,wk inc flu hosp,2026-05-30,quantile,0.01,0,West Virginia,Ensemble
2026-05-16,54,2,wk inc flu hosp,2026-05-30,quantile,0.025,0,West Virginia,Ensemble
2026-05-16,54,2,wk inc flu hosp,2026-05-30,quantile,0.05,0,West Virginia,Ensemble
2026-05-16,54,2,wk inc flu hosp,2026-05-30,quantile,0.1,0,West Virginia,Ensemble
2026-05-16,54,2,wk inc flu hosp,2026-05-30,quantile,0.15,0,West Virginia,Ensemble
2026-05-16,54,2,wk inc flu hosp,2026-05-30,quantile,0.2,0,West Virginia,Ensemble
2026-05-16,54,2,wk inc flu hosp,2026-05-30,quantile,0.25,0,West Virginia,Ensemble
2026-05-16,54,2,wk inc flu hosp,2026-05-30,quantile,0.3,1,West Virginia,Ensemble
2026-05-16,54,2,wk inc flu hosp,2026-05-30,quantile,0.35,1,West Virginia,Ensemble
2026-05-16,54,2,wk inc flu hosp,2026-05-30,quantile,0.4,1,West Virginia,Ensemble
2026-05-16,54,2,wk inc flu hosp,2026-05-30,quantile,0.45,1,West Virginia,Ensemble
2026-05-16,54,2,wk inc flu hosp,2026-05-30,quantile,0.5,3,West Virginia,Ensemble
2026-05-16,54,2,wk inc flu hosp,2026-05-30,quantile,0.55,3,West Virginia,Ensemble
2026-05-16,54,2,wk inc flu hosp,2026-05-30,quantile,0.6,4,West Virginia,Ensemble
2026-05-16,54,2,wk inc flu hosp,2026-05-30,quantile,0.65,5,West Virginia,Ensemble
2026-05-16,54,2,wk inc flu hosp,2026-05-30,quantile,0.7,6,West Virginia,Ensemble
2026-05-16,54,2,wk inc flu hosp,2026-05-30,quantile,0.75,7,West Virginia,Ensemble
2026-05-16,54,2,wk inc flu hosp,2026-05-30,quantile,0.8,9,West Virginia,Ensemble
2026-05-16,54,2,wk inc flu hosp,2026-05-30,quantile,0.85,11,West Virginia,Ensemble
2026-05-16,54,2,wk inc flu hosp,2026-05-30,quantile,0.9,17,West Virginia,Ensemble
2026-05-16,54,2,wk inc flu hosp,2026-05-30,quantile,0.95,22,West Virginia,Ensemble
2026-05-16,54,2,wk inc flu hosp,2026-05-30,quantile,0.975,32,West Virginia,Ensemble
2026-05-16,54,2,wk inc flu hosp,2026-05-30,quantile,0.99,40,West Virginia,Ensemble
2026-05-16,54,3,wk inc flu hosp,2026-06-06,quantile,0.01,0,West Virginia,Ensemble
2026-05-16,54,3,wk inc flu hosp,2026-06-06,quantile,0.025,0,West Virginia,Ensemble
2026-05-16,54,3,wk inc flu hosp,2026-06-06,quantile,0.05,0,West Virginia,Ensemble
2026-05-16,54,3,wk inc flu hosp,2026-06-06,quantile,0.1,0,West Virginia,Ensemble
2026-05-16,54,3,wk inc flu hosp,2026-06-06,quantile,0.15,0,West Virginia,Ensemble
2026-05-16,54,3,wk inc flu hosp,2026-06-06,quantile,0.2,0,West Virginia,Ensemble
2026-05-16,54,3,wk inc flu hosp,2026-06-06,quantile,0.25,0,West Virginia,Ensemble
2026-05-16,54,3,wk inc flu hosp,2026-06-06,quantile,0.3,0,West Virginia,Ensemble
2026-05-16,54,3,wk inc flu hosp,2026-06-06,quantile,0.35,0,West Virginia,Ensemble
2026-05-16,54,3,wk inc flu hosp,2026-06-06,quantile,0.4,1,West Virginia,Ensemble
2026-05-16,54,3,wk inc flu hosp,2026-06-06,quantile,0.45,1,West Virginia,Ensemble
2026-05-16,54,3,wk inc flu hosp,2026-06-06,quantile,0.5,3,West Virginia,Ensemble
2026-05-16,54,3,wk inc flu hosp,2026-06-06,quantile,0.55,3,West Virginia,Ensemble
2026-05-16,54,3,wk inc flu hosp,2026-06-06,quantile,0.6,4,West Virginia,Ensemble
2026-05-16,54,3,wk inc flu hosp,2026-06-06,quantile,0.65,5,West Virginia,Ensemble
2026-05-16,54,3,wk inc flu hosp,2026-06-06,quantile,0.7,6,West Virginia,Ensemble
2026-05-16,54,3,wk inc flu hosp,2026-06-06,quantile,0.75,7,West Virginia,Ensemble
2026-05-16,54,3,wk inc flu hosp,2026-06-06,quantile,0.8,9,West Virginia,Ensemble
2026-05-16,54,3,wk inc flu hosp,2026-06-06,quantile,0.85,12,West Virginia,Ensemble
2026-05-16,54,3,wk inc flu hosp,2026-06-06,quantile,0.9,16,West Virginia,Ensemble
2026-05-16,54,3,wk inc flu hosp,2026-06-06,quantile,0.95,26,West Virginia,Ensemble
2026-05-16,54,3,wk inc flu hosp,2026-06-06,quantile,0.975,33,West Virginia,Ensemble
2026-05-16,54,3,wk inc flu hosp,2026-06-06,quantile,0.99,42,West Virginia,Ensemble
2026-05-16,55,0,wk inc flu hosp,2026-05-16,quantile,0.01,0,Wisconsin,Ensemble
2026-05-16,55,0,wk inc flu hosp,2026-05-16,quantile,0.025,0,Wisconsin,Ensemble
2026-05-16,55,0,wk inc flu hosp,2026-05-16,quantile,0.05,0,Wisconsin,Ensemble
2026-05-16,55,0,wk inc flu hosp,2026-05-16,quantile,0.1,0,Wisconsin,Ensemble
2026-05-16,55,0,wk inc flu hosp,2026-05-16,quantile,0.15,1,Wisconsin,Ensemble
2026-05-16,55,0,wk inc flu hosp,2026-05-16,quantile,0.2,1,Wisconsin,Ensemble
2026-05-16,55,0,wk inc flu hosp,2026-05-16,quantile,0.25,1,Wisconsin,Ensemble
2026-05-16,55,0,wk inc flu hosp,2026-05-16,quantile,0.3,2,Wisconsin,Ensemble
2026-05-16,55,0,wk inc flu hosp,2026-05-16,quantile,0.35,2,Wisconsin,Ensemble
2026-05-16,55,0,wk inc flu hosp,2026-05-16,quantile,0.4,3,Wisconsin,Ensemble
2026-05-16,55,0,wk inc flu hosp,2026-05-16,quantile,0.45,3,Wisconsin,Ensemble
2026-05-16,55,0,wk inc flu hosp,2026-05-16,quantile,0.5,5,Wisconsin,Ensemble
2026-05-16,55,0,wk inc flu hosp,2026-05-16,quantile,0.55,6,Wisconsin,Ensemble
2026-05-16,55,0,wk inc flu hosp,2026-05-16,quantile,0.6,7,Wisconsin,Ensemble
2026-05-16,55,0,wk inc flu hosp,2026-05-16,quantile,0.65,8,Wisconsin,Ensemble
2026-05-16,55,0,wk inc flu hosp,2026-05-16,quantile,0.7,9,Wisconsin,Ensemble
2026-05-16,55,0,wk inc flu hosp,2026-05-16,quantile,0.75,10,Wisconsin,Ensemble
2026-05-16,55,0,wk inc flu hosp,2026-05-16,quantile,0.8,12,Wisconsin,Ensemble
2026-05-16,55,0,wk inc flu hosp,2026-05-16,quantile,0.85,14,Wisconsin,Ensemble
2026-05-16,55,0,wk inc flu hosp,2026-05-16,quantile,0.9,19,Wisconsin,Ensemble
2026-05-16,55,0,wk inc flu hosp,2026-05-16,quantile,0.95,37,Wisconsin,Ensemble
2026-05-16,55,0,wk inc flu hosp,2026-05-16,quantile,0.975,42,Wisconsin,Ensemble
2026-05-16,55,0,wk inc flu hosp,2026-05-16,quantile,0.99,50,Wisconsin,Ensemble
2026-05-16,55,1,wk inc flu hosp,2026-05-23,quantile,0.01,0,Wisconsin,Ensemble
2026-05-16,55,1,wk inc flu hosp,2026-05-23,quantile,0.025,0,Wisconsin,Ensemble
2026-05-16,55,1,wk inc flu hosp,2026-05-23,quantile,0.05,0,Wisconsin,Ensemble
2026-05-16,55,1,wk inc flu hosp,2026-05-23,quantile,0.1,0,Wisconsin,Ensemble
2026-05-16,55,1,wk inc flu hosp,2026-05-23,quantile,0.15,0,Wisconsin,Ensemble
2026-05-16,55,1,wk inc flu hosp,2026-05-23,quantile,0.2,1,Wisconsin,Ensemble
2026-05-16,55,1,wk inc flu hosp,2026-05-23,quantile,0.25,1,Wisconsin,Ensemble
2026-05-16,55,1,wk inc flu hosp,2026-05-23,quantile,0.3,1,Wisconsin,Ensemble
2026-05-16,55,1,wk inc flu hosp,2026-05-23,quantile,0.35,2,Wisconsin,Ensemble
2026-05-16,55,1,wk inc flu hosp,2026-05-23,quantile,0.4,2,Wisconsin,Ensemble
2026-05-16,55,1,wk inc flu hosp,2026-05-23,quantile,0.45,2,Wisconsin,Ensemble
2026-05-16,55,1,wk inc flu hosp,2026-05-23,quantile,0.5,4,Wisconsin,Ensemble
2026-05-16,55,1,wk inc flu hosp,2026-05-23,quantile,0.55,5,Wisconsin,Ensemble
2026-05-16,55,1,wk inc flu hosp,2026-05-23,quantile,0.6,6,Wisconsin,Ensemble
2026-05-16,55,1,wk inc flu hosp,2026-05-23,quantile,0.65,7,Wisconsin,Ensemble
2026-05-16,55,1,wk inc flu hosp,2026-05-23,quantile,0.7,9,Wisconsin,Ensemble
2026-05-16,55,1,wk inc flu hosp,2026-05-23,quantile,0.75,10,Wisconsin,Ensemble
2026-05-16,55,1,wk inc flu hosp,2026-05-23,quantile,0.8,12,Wisconsin,Ensemble
2026-05-16,55,1,wk inc flu hosp,2026-05-23,quantile,0.85,17,Wisconsin,Ensemble
2026-05-16,55,1,wk inc flu hosp,2026-05-23,quantile,0.9,24,Wisconsin,Ensemble
2026-05-16,55,1,wk inc flu hosp,2026-05-23,quantile,0.95,50,Wisconsin,Ensemble
2026-05-16,55,1,wk inc flu hosp,2026-05-23,quantile,0.975,57,Wisconsin,Ensemble
2026-05-16,55,1,wk inc flu hosp,2026-05-23,quantile,0.99,68,Wisconsin,Ensemble
2026-05-16,55,2,wk inc flu hosp,2026-05-30,quantile,0.01,0,Wisconsin,Ensemble
2026-05-16,55,2,wk inc flu hosp,2026-05-30,quantile,0.025,0,Wisconsin,Ensemble
2026-05-16,55,2,wk inc flu hosp,2026-05-30,quantile,0.05,0,Wisconsin,Ensemble
2026-05-16,55,2,wk inc flu hosp,2026-05-30,quantile,0.1,0,Wisconsin,Ensemble
2026-05-16,55,2,wk inc flu hosp,2026-05-30,quantile,0.15,0,Wisconsin,Ensemble
2026-05-16,55,2,wk inc flu hosp,2026-05-30,quantile,0.2,1,Wisconsin,Ensemble
2026-05-16,55,2,wk inc flu hosp,2026-05-30,quantile,0.25,1,Wisconsin,Ensemble
2026-05-16,55,2,wk inc flu hosp,2026-05-30,quantile,0.3,1,Wisconsin,Ensemble
2026-05-16,55,2,wk inc flu hosp,2026-05-30,quantile,0.35,2,Wisconsin,Ensemble
2026-05-16,55,2,wk inc flu hosp,2026-05-30,quantile,0.4,2,Wisconsin,Ensemble
2026-05-16,55,2,wk inc flu hosp,2026-05-30,quantile,0.45,2,Wisconsin,Ensemble
2026-05-16,55,2,wk inc flu hosp,2026-05-30,quantile,0.5,4,Wisconsin,Ensemble
2026-05-16,55,2,wk inc flu hosp,2026-05-30,quantile,0.55,4,Wisconsin,Ensemble
2026-05-16,55,2,wk inc flu hosp,2026-05-30,quantile,0.6,6,Wisconsin,Ensemble
2026-05-16,55,2,wk inc flu hosp,2026-05-30,quantile,0.65,7,Wisconsin,Ensemble
2026-05-16,55,2,wk inc flu hosp,2026-05-30,quantile,0.7,8,Wisconsin,Ensemble
2026-05-16,55,2,wk inc flu hosp,2026-05-30,quantile,0.75,11,Wisconsin,Ensemble
2026-05-16,55,2,wk inc flu hosp,2026-05-30,quantile,0.8,14,Wisconsin,Ensemble
2026-05-16,55,2,wk inc flu hosp,2026-05-30,quantile,0.85,24,Wisconsin,Ensemble
2026-05-16,55,2,wk inc flu hosp,2026-05-30,quantile,0.9,30,Wisconsin,Ensemble
2026-05-16,55,2,wk inc flu hosp,2026-05-30,quantile,0.95,61,Wisconsin,Ensemble
2026-05-16,55,2,wk inc flu hosp,2026-05-30,quantile,0.975,74,Wisconsin,Ensemble
2026-05-16,55,2,wk inc flu hosp,2026-05-30,quantile,0.99,92,Wisconsin,Ensemble
2026-05-16,55,3,wk inc flu hosp,2026-06-06,quantile,0.01,0,Wisconsin,Ensemble
2026-05-16,55,3,wk inc flu hosp,2026-06-06,quantile,0.025,0,Wisconsin,Ensemble
2026-05-16,55,3,wk inc flu hosp,2026-06-06,quantile,0.05,0,Wisconsin,Ensemble
2026-05-16,55,3,wk inc flu hosp,2026-06-06,quantile,0.1,0,Wisconsin,Ensemble
2026-05-16,55,3,wk inc flu hosp,2026-06-06,quantile,0.15,0,Wisconsin,Ensemble
2026-05-16,55,3,wk inc flu hosp,2026-06-06,quantile,0.2,1,Wisconsin,Ensemble
2026-05-16,55,3,wk inc flu hosp,2026-06-06,quantile,0.25,1,Wisconsin,Ensemble
2026-05-16,55,3,wk inc flu hosp,2026-06-06,quantile,0.3,1,Wisconsin,Ensemble
2026-05-16,55,3,wk inc flu hosp,2026-06-06,quantile,0.35,2,Wisconsin,Ensemble
2026-05-16,55,3,wk inc flu hosp,2026-06-06,quantile,0.4,2,Wisconsin,Ensemble
2026-05-16,55,3,wk inc flu hosp,2026-06-06,quantile,0.45,2,Wisconsin,Ensemble
2026-05-16,55,3,wk inc flu hosp,2026-06-06,quantile,0.5,4,Wisconsin,Ensemble
2026-05-16,55,3,wk inc flu hosp,2026-06-06,quantile,0.55,5,Wisconsin,Ensemble
2026-05-16,55,3,wk inc flu hosp,2026-06-06,quantile,0.6,6,Wisconsin,Ensemble
2026-05-16,55,3,wk inc flu hosp,2026-06-06,quantile,0.65,7,Wisconsin,Ensemble
2026-05-16,55,3,wk inc flu hosp,2026-06-06,quantile,0.7,9,Wisconsin,Ensemble
2026-05-16,55,3,wk inc flu hosp,2026-06-06,quantile,0.75,12,Wisconsin,Ensemble
2026-05-16,55,3,wk inc flu hosp,2026-06-06,quantile,0.8,16,Wisconsin,Ensemble
2026-05-16,55,3,wk inc flu hosp,2026-06-06,quantile,0.85,24,Wisconsin,Ensemble
2026-05-16,55,3,wk inc flu hosp,2026-06-06,quantile,0.9,44,Wisconsin,Ensemble
2026-05-16,55,3,wk inc flu hosp,2026-06-06,quantile,0.95,66,Wisconsin,Ensemble
2026-05-16,55,3,wk inc flu hosp,2026-06-06,quantile,0.975,79,Wisconsin,Ensemble
2026-05-16,55,3,wk inc flu hosp,2026-06-06,quantile,0.99,99,Wisconsin,Ensemble
2026-05-16,56,0,wk inc flu hosp,2026-05-16,quantile,0.01,0,Wyoming,Ensemble
2026-05-16,56,0,wk inc flu hosp,2026-05-16,quantile,0.025,0,Wyoming,Ensemble
2026-05-16,56,0,wk inc flu hosp,2026-05-16,quantile,0.05,0,Wyoming,Ensemble
2026-05-16,56,0,wk inc flu hosp,2026-05-16,quantile,0.1,1,Wyoming,Ensemble
2026-05-16,56,0,wk inc flu hosp,2026-05-16,quantile,0.15,1,Wyoming,Ensemble
2026-05-16,56,0,wk inc flu hosp,2026-05-16,quantile,0.2,1,Wyoming,Ensemble
2026-05-16,56,0,wk inc flu hosp,2026-05-16,quantile,0.25,1,Wyoming,Ensemble
2026-05-16,56,0,wk inc flu hosp,2026-05-16,quantile,0.3,2,Wyoming,Ensemble
2026-05-16,56,0,wk inc flu hosp,2026-05-16,quantile,0.35,2,Wyoming,Ensemble
2026-05-16,56,0,wk inc flu hosp,2026-05-16,quantile,0.4,2,Wyoming,Ensemble
2026-05-16,56,0,wk inc flu hosp,2026-05-16,quantile,0.45,2,Wyoming,Ensemble
2026-05-16,56,0,wk inc flu hosp,2026-05-16,quantile,0.5,4,Wyoming,Ensemble
2026-05-16,56,0,wk inc flu hosp,2026-05-16,quantile,0.55,4,Wyoming,Ensemble
2026-05-16,56,0,wk inc flu hosp,2026-05-16,quantile,0.6,5,Wyoming,Ensemble
2026-05-16,56,0,wk inc flu hosp,2026-05-16,quantile,0.65,5,Wyoming,Ensemble
2026-05-16,56,0,wk inc flu hosp,2026-05-16,quantile,0.7,6,Wyoming,Ensemble
2026-05-16,56,0,wk inc flu hosp,2026-05-16,quantile,0.75,6,Wyoming,Ensemble
2026-05-16,56,0,wk inc flu hosp,2026-05-16,quantile,0.8,7,Wyoming,Ensemble
2026-05-16,56,0,wk inc flu hosp,2026-05-16,quantile,0.85,8,Wyoming,Ensemble
2026-05-16,56,0,wk inc flu hosp,2026-05-16,quantile,0.9,9,Wyoming,Ensemble
2026-05-16,56,0,wk inc flu hosp,2026-05-16,quantile,0.95,12,Wyoming,Ensemble
2026-05-16,56,0,wk inc flu hosp,2026-05-16,quantile,0.975,14,Wyoming,Ensemble
2026-05-16,56,0,wk inc flu hosp,2026-05-16,quantile,0.99,17,Wyoming,Ensemble
2026-05-16,56,1,wk inc flu hosp,2026-05-23,quantile,0.01,0,Wyoming,Ensemble
2026-05-16,56,1,wk inc flu hosp,2026-05-23,quantile,0.025,0,Wyoming,Ensemble
2026-05-16,56,1,wk inc flu hosp,2026-05-23,quantile,0.05,0,Wyoming,Ensemble
2026-05-16,56,1,wk inc flu hosp,2026-05-23,quantile,0.1,0,Wyoming,Ensemble
2026-05-16,56,1,wk inc flu hosp,2026-05-23,quantile,0.15,1,Wyoming,Ensemble
2026-05-16,56,1,wk inc flu hosp,2026-05-23,quantile,0.2,1,Wyoming,Ensemble
2026-05-16,56,1,wk inc flu hosp,2026-05-23,quantile,0.25,1,Wyoming,Ensemble
2026-05-16,56,1,wk inc flu hosp,2026-05-23,quantile,0.3,1,Wyoming,Ensemble
2026-05-16,56,1,wk inc flu hosp,2026-05-23,quantile,0.35,2,Wyoming,Ensemble
2026-05-16,56,1,wk inc flu hosp,2026-05-23,quantile,0.4,2,Wyoming,Ensemble
2026-05-16,56,1,wk inc flu hosp,2026-05-23,quantile,0.45,2,Wyoming,Ensemble
2026-05-16,56,1,wk inc flu hosp,2026-05-23,quantile,0.5,4,Wyoming,Ensemble
2026-05-16,56,1,wk inc flu hosp,2026-05-23,quantile,0.55,4,Wyoming,Ensemble
2026-05-16,56,1,wk inc flu hosp,2026-05-23,quantile,0.6,5,Wyoming,Ensemble
2026-05-16,56,1,wk inc flu hosp,2026-05-23,quantile,0.65,5,Wyoming,Ensemble
2026-05-16,56,1,wk inc flu hosp,2026-05-23,quantile,0.7,6,Wyoming,Ensemble
2026-05-16,56,1,wk inc flu hosp,2026-05-23,quantile,0.75,6,Wyoming,Ensemble
2026-05-16,56,1,wk inc flu hosp,2026-05-23,quantile,0.8,7,Wyoming,Ensemble
2026-05-16,56,1,wk inc flu hosp,2026-05-23,quantile,0.85,8,Wyoming,Ensemble
2026-05-16,56,1,wk inc flu hosp,2026-05-23,quantile,0.9,10,Wyoming,Ensemble
2026-05-16,56,1,wk inc flu hosp,2026-05-23,quantile,0.95,13,Wyoming,Ensemble
2026-05-16,56,1,wk inc flu hosp,2026-05-23,quantile,0.975,16,Wyoming,Ensemble
2026-05-16,56,1,wk inc flu hosp,2026-05-23,quantile,0.99,20,Wyoming,Ensemble
2026-05-16,56,2,wk inc flu hosp,2026-05-30,quantile,0.01,0,Wyoming,Ensemble
2026-05-16,56,2,wk inc flu hosp,2026-05-30,quantile,0.025,0,Wyoming,Ensemble
2026-05-16,56,2,wk inc flu hosp,2026-05-30,quantile,0.05,0,Wyoming,Ensemble
2026-05-16,56,2,wk inc flu hosp,2026-05-30,quantile,0.1,0,Wyoming,Ensemble
2026-05-16,56,2,wk inc flu hosp,2026-05-30,quantile,0.15,0,Wyoming,Ensemble
2026-05-16,56,2,wk inc flu hosp,2026-05-30,quantile,0.2,1,Wyoming,Ensemble
2026-05-16,56,2,wk inc flu hosp,2026-05-30,quantile,0.25,1,Wyoming,Ensemble
2026-05-16,56,2,wk inc flu hosp,2026-05-30,quantile,0.3,1,Wyoming,Ensemble
2026-05-16,56,2,wk inc flu hosp,2026-05-30,quantile,0.35,1,Wyoming,Ensemble
2026-05-16,56,2,wk inc flu hosp,2026-05-30,quantile,0.4,2,Wyoming,Ensemble
2026-05-16,56,2,wk inc flu hosp,2026-05-30,quantile,0.45,2,Wyoming,Ensemble
2026-05-16,56,2,wk inc flu hosp,2026-05-30,quantile,0.5,3,Wyoming,Ensemble
2026-05-16,56,2,wk inc flu hosp,2026-05-30,quantile,0.55,4,Wyoming,Ensemble
2026-05-16,56,2,wk inc flu hosp,2026-05-30,quantile,0.6,4,Wyoming,Ensemble
2026-05-16,56,2,wk inc flu hosp,2026-05-30,quantile,0.65,5,Wyoming,Ensemble
2026-05-16,56,2,wk inc flu hosp,2026-05-30,quantile,0.7,6,Wyoming,Ensemble
2026-05-16,56,2,wk inc flu hosp,2026-05-30,quantile,0.75,6,Wyoming,Ensemble
2026-05-16,56,2,wk inc flu hosp,2026-05-30,quantile,0.8,7,Wyoming,Ensemble
2026-05-16,56,2,wk inc flu hosp,2026-05-30,quantile,0.85,9,Wyoming,Ensemble
2026-05-16,56,2,wk inc flu hosp,2026-05-30,quantile,0.9,11,Wyoming,Ensemble
2026-05-16,56,2,wk inc flu hosp,2026-05-30,quantile,0.95,16,Wyoming,Ensemble
2026-05-16,56,2,wk inc flu hosp,2026-05-30,quantile,0.975,19,Wyoming,Ensemble
2026-05-16,56,2,wk inc flu hosp,2026-05-30,quantile,0.99,24,Wyoming,Ensemble
2026-05-16,56,3,wk inc flu hosp,2026-06-06,quantile,0.01,0,Wyoming,Ensemble
2026-05-16,56,3,wk inc flu hosp,2026-06-06,quantile,0.025,0,Wyoming,Ensemble
2026-05-16,56,3,wk inc flu hosp,2026-06-06,quantile,0.05,0,Wyoming,Ensemble
2026-05-16,56,3,wk inc flu hosp,2026-06-06,quantile,0.1,0,Wyoming,Ensemble
2026-05-16,56,3,wk inc flu hosp,2026-06-06,quantile,0.15,0,Wyoming,Ensemble
2026-05-16,56,3,wk inc flu hosp,2026-06-06,quantile,0.2,1,Wyoming,Ensemble
2026-05-16,56,3,wk inc flu hosp,2026-06-06,quantile,0.25,1,Wyoming,Ensemble
2026-05-16,56,3,wk inc flu hosp,2026-06-06,quantile,0.3,1,Wyoming,Ensemble
2026-05-16,56,3,wk inc flu hosp,2026-06-06,quantile,0.35,1,Wyoming,Ensemble
2026-05-16,56,3,wk inc flu hosp,2026-06-06,quantile,0.4,1,Wyoming,Ensemble
2026-05-16,56,3,wk inc flu hosp,2026-06-06,quantile,0.45,2,Wyoming,Ensemble
2026-05-16,56,3,wk inc flu hosp,2026-06-06,quantile,0.5,3,Wyoming,Ensemble
2026-05-16,56,3,wk inc flu hosp,2026-06-06,quantile,0.55,4,Wyoming,Ensemble
2026-05-16,56,3,wk inc flu hosp,2026-06-06,quantile,0.6,4,Wyoming,Ensemble
2026-05-16,56,3,wk inc flu hosp,2026-06-06,quantile,0.65,5,Wyoming,Ensemble
2026-05-16,56,3,wk inc flu hosp,2026-06-06,quantile,0.7,5,Wyoming,Ensemble
2026-05-16,56,3,wk inc flu hosp,2026-06-06,quantile,0.75,6,Wyoming,Ensemble
2026-05-16,56,3,wk inc flu hosp,2026-06-06,quantile,0.8,8,Wyoming,Ensemble
2026-05-16,56,3,wk inc flu hosp,2026-06-06,quantile,0.85,9,Wyoming,Ensemble
2026-05-16,56,3,wk inc flu hosp,2026-06-06,quantile,0.9,12,Wyoming,Ensemble
2026-05-16,56,3,wk inc flu hosp,2026-06-06,quantile,0.95,16,Wyoming,Ensemble
2026-05-16,56,3,wk inc flu hosp,2026-06-06,quantile,0.975,20,Wyoming,Ensemble
2026-05-16,56,3,wk inc flu hosp,2026-06-06,quantile,0.99,25,Wyoming,Ensemble
2026-05-16,72,0,wk inc flu hosp,2026-05-16,quantile,0.01,22,Puerto Rico,Ensemble
2026-05-16,72,0,wk inc flu hosp,2026-05-16,quantile,0.025,27,Puerto Rico,Ensemble
2026-05-16,72,0,wk inc flu hosp,2026-05-16,quantile,0.05,33,Puerto Rico,Ensemble
2026-05-16,72,0,wk inc flu hosp,2026-05-16,quantile,0.1,40,Puerto Rico,Ensemble
2026-05-16,72,0,wk inc flu hosp,2026-05-16,quantile,0.15,45,Puerto Rico,Ensemble
2026-05-16,72,0,wk inc flu hosp,2026-05-16,quantile,0.2,49,Puerto Rico,Ensemble
2026-05-16,72,0,wk inc flu hosp,2026-05-16,quantile,0.25,52,Puerto Rico,Ensemble
2026-05-16,72,0,wk inc flu hosp,2026-05-16,quantile,0.3,56,Puerto Rico,Ensemble
2026-05-16,72,0,wk inc flu hosp,2026-05-16,quantile,0.35,59,Puerto Rico,Ensemble
2026-05-16,72,0,wk inc flu hosp,2026-05-16,quantile,0.4,63,Puerto Rico,Ensemble
2026-05-16,72,0,wk inc flu hosp,2026-05-16,quantile,0.45,66,Puerto Rico,Ensemble
2026-05-16,72,0,wk inc flu hosp,2026-05-16,quantile,0.5,70,Puerto Rico,Ensemble
2026-05-16,72,0,wk inc flu hosp,2026-05-16,quantile,0.55,74,Puerto Rico,Ensemble
2026-05-16,72,0,wk inc flu hosp,2026-05-16,quantile,0.6,78,Puerto Rico,Ensemble
2026-05-16,72,0,wk inc flu hosp,2026-05-16,quantile,0.65,82,Puerto Rico,Ensemble
2026-05-16,72,0,wk inc flu hosp,2026-05-16,quantile,0.7,86,Puerto Rico,Ensemble
2026-05-16,72,0,wk inc flu hosp,2026-05-16,quantile,0.75,91,Puerto Rico,Ensemble
2026-05-16,72,0,wk inc flu hosp,2026-05-16,quantile,0.8,96,Puerto Rico,Ensemble
2026-05-16,72,0,wk inc flu hosp,2026-05-16,quantile,0.85,103,Puerto Rico,Ensemble
2026-05-16,72,0,wk inc flu hosp,2026-05-16,quantile,0.9,112,Puerto Rico,Ensemble
2026-05-16,72,0,wk inc flu hosp,2026-05-16,quantile,0.95,126,Puerto Rico,Ensemble
2026-05-16,72,0,wk inc flu hosp,2026-05-16,quantile,0.975,140,Puerto Rico,Ensemble
2026-05-16,72,0,wk inc flu hosp,2026-05-16,quantile,0.99,157,Puerto Rico,Ensemble
2026-05-16,72,1,wk inc flu hosp,2026-05-23,quantile,0.01,16,Puerto Rico,Ensemble
2026-05-16,72,1,wk inc flu hosp,2026-05-23,quantile,0.025,20,Puerto Rico,Ensemble
2026-05-16,72,1,wk inc flu hosp,2026-05-23,quantile,0.05,25,Puerto Rico,Ensemble
2026-05-16,72,1,wk inc flu hosp,2026-05-23,quantile,0.1,33,Puerto Rico,Ensemble
2026-05-16,72,1,wk inc flu hosp,2026-05-23,quantile,0.15,38,Puerto Rico,Ensemble
2026-05-16,72,1,wk inc flu hosp,2026-05-23,quantile,0.2,42,Puerto Rico,Ensemble
2026-05-16,72,1,wk inc flu hosp,2026-05-23,quantile,0.25,47,Puerto Rico,Ensemble
2026-05-16,72,1,wk inc flu hosp,2026-05-23,quantile,0.3,50,Puerto Rico,Ensemble
2026-05-16,72,1,wk inc flu hosp,2026-05-23,quantile,0.35,54,Puerto Rico,Ensemble
2026-05-16,72,1,wk inc flu hosp,2026-05-23,quantile,0.4,57,Puerto Rico,Ensemble
2026-05-16,72,1,wk inc flu hosp,2026-05-23,quantile,0.45,61,Puerto Rico,Ensemble
2026-05-16,72,1,wk inc flu hosp,2026-05-23,quantile,0.5,65,Puerto Rico,Ensemble
2026-05-16,72,1,wk inc flu hosp,2026-05-23,quantile,0.55,69,Puerto Rico,Ensemble
2026-05-16,72,1,wk inc flu hosp,2026-05-23,quantile,0.6,74,Puerto Rico,Ensemble
2026-05-16,72,1,wk inc flu hosp,2026-05-23,quantile,0.65,78,Puerto Rico,Ensemble
2026-05-16,72,1,wk inc flu hosp,2026-05-23,quantile,0.7,83,Puerto Rico,Ensemble
2026-05-16,72,1,wk inc flu hosp,2026-05-23,quantile,0.75,89,Puerto Rico,Ensemble
2026-05-16,72,1,wk inc flu hosp,2026-05-23,quantile,0.8,96,Puerto Rico,Ensemble
2026-05-16,72,1,wk inc flu hosp,2026-05-23,quantile,0.85,104,Puerto Rico,Ensemble
2026-05-16,72,1,wk inc flu hosp,2026-05-23,quantile,0.9,114,Puerto Rico,Ensemble
2026-05-16,72,1,wk inc flu hosp,2026-05-23,quantile,0.95,137,Puerto Rico,Ensemble
2026-05-16,72,1,wk inc flu hosp,2026-05-23,quantile,0.975,154,Puerto Rico,Ensemble
2026-05-16,72,1,wk inc flu hosp,2026-05-23,quantile,0.99,176,Puerto Rico,Ensemble
2026-05-16,72,2,wk inc flu hosp,2026-05-30,quantile,0.01,13,Puerto Rico,Ensemble
2026-05-16,72,2,wk inc flu hosp,2026-05-30,quantile,0.025,16,Puerto Rico,Ensemble
2026-05-16,72,2,wk inc flu hosp,2026-05-30,quantile,0.05,20,Puerto Rico,Ensemble
2026-05-16,72,2,wk inc flu hosp,2026-05-30,quantile,0.1,26,Puerto Rico,Ensemble
2026-05-16,72,2,wk inc flu hosp,2026-05-30,quantile,0.15,31,Puerto Rico,Ensemble
2026-05-16,72,2,wk inc flu hosp,2026-05-30,quantile,0.2,36,Puerto Rico,Ensemble
2026-05-16,72,2,wk inc flu hosp,2026-05-30,quantile,0.25,40,Puerto Rico,Ensemble
2026-05-16,72,2,wk inc flu hosp,2026-05-30,quantile,0.3,43,Puerto Rico,Ensemble
2026-05-16,72,2,wk inc flu hosp,2026-05-30,quantile,0.35,47,Puerto Rico,Ensemble
2026-05-16,72,2,wk inc flu hosp,2026-05-30,quantile,0.4,51,Puerto Rico,Ensemble
2026-05-16,72,2,wk inc flu hosp,2026-05-30,quantile,0.45,54,Puerto Rico,Ensemble
2026-05-16,72,2,wk inc flu hosp,2026-05-30,quantile,0.5,61,Puerto Rico,Ensemble
2026-05-16,72,2,wk inc flu hosp,2026-05-30,quantile,0.55,65,Puerto Rico,Ensemble
2026-05-16,72,2,wk inc flu hosp,2026-05-30,quantile,0.6,70,Puerto Rico,Ensemble
2026-05-16,72,2,wk inc flu hosp,2026-05-30,quantile,0.65,75,Puerto Rico,Ensemble
2026-05-16,72,2,wk inc flu hosp,2026-05-30,quantile,0.7,80,Puerto Rico,Ensemble
2026-05-16,72,2,wk inc flu hosp,2026-05-30,quantile,0.75,87,Puerto Rico,Ensemble
2026-05-16,72,2,wk inc flu hosp,2026-05-30,quantile,0.8,94,Puerto Rico,Ensemble
2026-05-16,72,2,wk inc flu hosp,2026-05-30,quantile,0.85,105,Puerto Rico,Ensemble
2026-05-16,72,2,wk inc flu hosp,2026-05-30,quantile,0.9,119,Puerto Rico,Ensemble
2026-05-16,72,2,wk inc flu hosp,2026-05-30,quantile,0.95,143,Puerto Rico,Ensemble
2026-05-16,72,2,wk inc flu hosp,2026-05-30,quantile,0.975,165,Puerto Rico,Ensemble
2026-05-16,72,2,wk inc flu hosp,2026-05-30,quantile,0.99,194,Puerto Rico,Ensemble
2026-05-16,72,3,wk inc flu hosp,2026-06-06,quantile,0.01,11,Puerto Rico,Ensemble
2026-05-16,72,3,wk inc flu hosp,2026-06-06,quantile,0.025,13,Puerto Rico,Ensemble
2026-05-16,72,3,wk inc flu hosp,2026-06-06,quantile,0.05,17,Puerto Rico,Ensemble
2026-05-16,72,3,wk inc flu hosp,2026-06-06,quantile,0.1,22,Puerto Rico,Ensemble
2026-05-16,72,3,wk inc flu hosp,2026-06-06,quantile,0.15,27,Puerto Rico,Ensemble
2026-05-16,72,3,wk inc flu hosp,2026-06-06,quantile,0.2,32,Puerto Rico,Ensemble
2026-05-16,72,3,wk inc flu hosp,2026-06-06,quantile,0.25,36,Puerto Rico,Ensemble
2026-05-16,72,3,wk inc flu hosp,2026-06-06,quantile,0.3,39,Puerto Rico,Ensemble
2026-05-16,72,3,wk inc flu hosp,2026-06-06,quantile,0.35,43,Puerto Rico,Ensemble
2026-05-16,72,3,wk inc flu hosp,2026-06-06,quantile,0.4,46,Puerto Rico,Ensemble
2026-05-16,72,3,wk inc flu hosp,2026-06-06,quantile,0.45,50,Puerto Rico,Ensemble
2026-05-16,72,3,wk inc flu hosp,2026-06-06,quantile,0.5,57,Puerto Rico,Ensemble
2026-05-16,72,3,wk inc flu hosp,2026-06-06,quantile,0.55,61,Puerto Rico,Ensemble
2026-05-16,72,3,wk inc flu hosp,2026-06-06,quantile,0.6,66,Puerto Rico,Ensemble
2026-05-16,72,3,wk inc flu hosp,2026-06-06,quantile,0.65,71,Puerto Rico,Ensemble
2026-05-16,72,3,wk inc flu hosp,2026-06-06,quantile,0.7,77,Puerto Rico,Ensemble
2026-05-16,72,3,wk inc flu hosp,2026-06-06,quantile,0.75,84,Puerto Rico,Ensemble
2026-05-16,72,3,wk inc flu hosp,2026-06-06,quantile,0.8,91,Puerto Rico,Ensemble
2026-05-16,72,3,wk inc flu hosp,2026-06-06,quantile,0.85,105,Puerto Rico,Ensemble
2026-05-16,72,3,wk inc flu hosp,2026-06-06,quantile,0.9,120,Puerto Rico,Ensemble
2026-05-16,72,3,wk inc flu hosp,2026-06-06,quantile,0.95,144,Puerto Rico,Ensemble
2026-05-16,72,3,wk inc flu hosp,2026-06-06,quantile,0.975,171,Puerto Rico,Ensemble
2026-05-16,72,3,wk inc flu hosp,2026-06-06,quantile,0.99,204,Puerto Rico,Ensemble
2026-05-16,US,0,wk inc flu hosp,2026-05-16,quantile,0.01,510,US,Ensemble
2026-05-16,US,0,wk inc flu hosp,2026-05-16,quantile,0.025,594,US,Ensemble
2026-05-16,US,0,wk inc flu hosp,2026-05-16,quantile,0.05,689,US,Ensemble
2026-05-16,US,0,wk inc flu hosp,2026-05-16,quantile,0.1,795,US,Ensemble
2026-05-16,US,0,wk inc flu hosp,2026-05-16,quantile,0.15,885,US,Ensemble
2026-05-16,US,0,wk inc flu hosp,2026-05-16,quantile,0.2,944,US,Ensemble
2026-05-16,US,0,wk inc flu hosp,2026-05-16,quantile,0.25,1001,US,Ensemble
2026-05-16,US,0,wk inc flu hosp,2026-05-16,quantile,0.3,1059,US,Ensemble
2026-05-16,US,0,wk inc flu hosp,2026-05-16,quantile,0.35,1121,US,Ensemble
2026-05-16,US,0,wk inc flu hosp,2026-05-16,quantile,0.4,1172,US,Ensemble
2026-05-16,US,0,wk inc flu hosp,2026-05-16,quantile,0.45,1221,US,Ensemble
2026-05-16,US,0,wk inc flu hosp,2026-05-16,quantile,0.5,1280,US,Ensemble
2026-05-16,US,0,wk inc flu hosp,2026-05-16,quantile,0.55,1338,US,Ensemble
2026-05-16,US,0,wk inc flu hosp,2026-05-16,quantile,0.6,1390,US,Ensemble
2026-05-16,US,0,wk inc flu hosp,2026-05-16,quantile,0.65,1447,US,Ensemble
2026-05-16,US,0,wk inc flu hosp,2026-05-16,quantile,0.7,1514,US,Ensemble
2026-05-16,US,0,wk inc flu hosp,2026-05-16,quantile,0.75,1585,US,Ensemble
2026-05-16,US,0,wk inc flu hosp,2026-05-16,quantile,0.8,1667,US,Ensemble
2026-05-16,US,0,wk inc flu hosp,2026-05-16,quantile,0.85,1764,US,Ensemble
2026-05-16,US,0,wk inc flu hosp,2026-05-16,quantile,0.9,1944,US,Ensemble
2026-05-16,US,0,wk inc flu hosp,2026-05-16,quantile,0.95,2342,US,Ensemble
2026-05-16,US,0,wk inc flu hosp,2026-05-16,quantile,0.975,2673,US,Ensemble
2026-05-16,US,0,wk inc flu hosp,2026-05-16,quantile,0.99,2985,US,Ensemble
2026-05-16,US,1,wk inc flu hosp,2026-05-23,quantile,0.01,379,US,Ensemble
2026-05-16,US,1,wk inc flu hosp,2026-05-23,quantile,0.025,457,US,Ensemble
2026-05-16,US,1,wk inc flu hosp,2026-05-23,quantile,0.05,532,US,Ensemble
2026-05-16,US,1,wk inc flu hosp,2026-05-23,quantile,0.1,626,US,Ensemble
2026-05-16,US,1,wk inc flu hosp,2026-05-23,quantile,0.15,697,US,Ensemble
2026-05-16,US,1,wk inc flu hosp,2026-05-23,quantile,0.2,767,US,Ensemble
2026-05-16,US,1,wk inc flu hosp,2026-05-23,quantile,0.25,855,US,Ensemble
2026-05-16,US,1,wk inc flu hosp,2026-05-23,quantile,0.3,919,US,Ensemble
2026-05-16,US,1,wk inc flu hosp,2026-05-23,quantile,0.35,985,US,Ensemble
2026-05-16,US,1,wk inc flu hosp,2026-05-23,quantile,0.4,1051,US,Ensemble
2026-05-16,US,1,wk inc flu hosp,2026-05-23,quantile,0.45,1114,US,Ensemble
2026-05-16,US,1,wk inc flu hosp,2026-05-23,quantile,0.5,1186,US,Ensemble
2026-05-16,US,1,wk inc flu hosp,2026-05-23,quantile,0.55,1255,US,Ensemble
2026-05-16,US,1,wk inc flu hosp,2026-05-23,quantile,0.6,1322,US,Ensemble
2026-05-16,US,1,wk inc flu hosp,2026-05-23,quantile,0.65,1395,US,Ensemble
2026-05-16,US,1,wk inc flu hosp,2026-05-23,quantile,0.7,1478,US,Ensemble
2026-05-16,US,1,wk inc flu hosp,2026-05-23,quantile,0.75,1571,US,Ensemble
2026-05-16,US,1,wk inc flu hosp,2026-05-23,quantile,0.8,1711,US,Ensemble
2026-05-16,US,1,wk inc flu hosp,2026-05-23,quantile,0.85,1893,US,Ensemble
2026-05-16,US,1,wk inc flu hosp,2026-05-23,quantile,0.9,2127,US,Ensemble
2026-05-16,US,1,wk inc flu hosp,2026-05-23,quantile,0.95,3005,US,Ensemble
2026-05-16,US,1,wk inc flu hosp,2026-05-23,quantile,0.975,3345,US,Ensemble
2026-05-16,US,1,wk inc flu hosp,2026-05-23,quantile,0.99,3796,US,Ensemble
2026-05-16,US,2,wk inc flu hosp,2026-05-30,quantile,0.01,321,US,Ensemble
2026-05-16,US,2,wk inc flu hosp,2026-05-30,quantile,0.025,389,US,Ensemble
2026-05-16,US,2,wk inc flu hosp,2026-05-30,quantile,0.05,459,US,Ensemble
2026-05-16,US,2,wk inc flu hosp,2026-05-30,quantile,0.1,565,US,Ensemble
2026-05-16,US,2,wk inc flu hosp,2026-05-30,quantile,0.15,637,US,Ensemble
2026-05-16,US,2,wk inc flu hosp,2026-05-30,quantile,0.2,701,US,Ensemble
2026-05-16,US,2,wk inc flu hosp,2026-05-30,quantile,0.25,751,US,Ensemble
2026-05-16,US,2,wk inc flu hosp,2026-05-30,quantile,0.3,814,US,Ensemble
2026-05-16,US,2,wk inc flu hosp,2026-05-30,quantile,0.35,881,US,Ensemble
2026-05-16,US,2,wk inc flu hosp,2026-05-30,quantile,0.4,948,US,Ensemble
2026-05-16,US,2,wk inc flu hosp,2026-05-30,quantile,0.45,1013,US,Ensemble
2026-05-16,US,2,wk inc flu hosp,2026-05-30,quantile,0.5,1094,US,Ensemble
2026-05-16,US,2,wk inc flu hosp,2026-05-30,quantile,0.55,1171,US,Ensemble
2026-05-16,US,2,wk inc flu hosp,2026-05-30,quantile,0.6,1243,US,Ensemble
2026-05-16,US,2,wk inc flu hosp,2026-05-30,quantile,0.65,1329,US,Ensemble
2026-05-16,US,2,wk inc flu hosp,2026-05-30,quantile,0.7,1425,US,Ensemble
2026-05-16,US,2,wk inc flu hosp,2026-05-30,quantile,0.75,1570,US,Ensemble
2026-05-16,US,2,wk inc flu hosp,2026-05-30,quantile,0.8,1737,US,Ensemble
2026-05-16,US,2,wk inc flu hosp,2026-05-30,quantile,0.85,1984,US,Ensemble
2026-05-16,US,2,wk inc flu hosp,2026-05-30,quantile,0.9,2504,US,Ensemble
2026-05-16,US,2,wk inc flu hosp,2026-05-30,quantile,0.95,3621,US,Ensemble
2026-05-16,US,2,wk inc flu hosp,2026-05-30,quantile,0.975,4099,US,Ensemble
2026-05-16,US,2,wk inc flu hosp,2026-05-30,quantile,0.99,4744,US,Ensemble
2026-05-16,US,3,wk inc flu hosp,2026-06-06,quantile,0.01,277,US,Ensemble
2026-05-16,US,3,wk inc flu hosp,2026-06-06,quantile,0.025,328,US,Ensemble
2026-05-16,US,3,wk inc flu hosp,2026-06-06,quantile,0.05,399,US,Ensemble
2026-05-16,US,3,wk inc flu hosp,2026-06-06,quantile,0.1,499,US,Ensemble
2026-05-16,US,3,wk inc flu hosp,2026-06-06,quantile,0.15,569,US,Ensemble
2026-05-16,US,3,wk inc flu hosp,2026-06-06,quantile,0.2,626,US,Ensemble
2026-05-16,US,3,wk inc flu hosp,2026-06-06,quantile,0.25,675,US,Ensemble
2026-05-16,US,3,wk inc flu hosp,2026-06-06,quantile,0.3,737,US,Ensemble
2026-05-16,US,3,wk inc flu hosp,2026-06-06,quantile,0.35,792,US,Ensemble
2026-05-16,US,3,wk inc flu hosp,2026-06-06,quantile,0.4,861,US,Ensemble
2026-05-16,US,3,wk inc flu hosp,2026-06-06,quantile,0.45,927,US,Ensemble
2026-05-16,US,3,wk inc flu hosp,2026-06-06,quantile,0.5,1027,US,Ensemble
2026-05-16,US,3,wk inc flu hosp,2026-06-06,quantile,0.55,1102,US,Ensemble
2026-05-16,US,3,wk inc flu hosp,2026-06-06,quantile,0.6,1179,US,Ensemble
2026-05-16,US,3,wk inc flu hosp,2026-06-06,quantile,0.65,1275,US,Ensemble
2026-05-16,US,3,wk inc flu hosp,2026-06-06,quantile,0.7,1375,US,Ensemble
2026-05-16,US,3,wk inc flu hosp,2026-06-06,quantile,0.75,1519,US,Ensemble
2026-05-16,US,3,wk inc flu hosp,2026-06-06,quantile,0.8,1697,US,Ensemble
2026-05-16,US,3,wk inc flu hosp,2026-06-06,quantile,0.85,1958,US,Ensemble
2026-05-16,US,3,wk inc flu hosp,2026-06-06,quantile,0.9,2903,US,Ensemble
2026-05-16,US,3,wk inc flu hosp,2026-06-06,quantile,0.95,3650,US,Ensemble
2026-05-16,US,3,wk inc flu hosp,2026-06-06,quantile,0.975,4303,US,Ensemble
2026-05-16,US,3,wk inc flu hosp,2026-06-06,quantile,0.99,5045,US,Ensemble
