reference_date,location,horizon,target,target_end_date,output_type,output_type_id,value,location_name,model_id
2026-05-02,01,0,wk inc flu hosp,2026-05-02,quantile,0.01,4,Alabama,Ensemble
2026-05-02,01,0,wk inc flu hosp,2026-05-02,quantile,0.025,6,Alabama,Ensemble
2026-05-02,01,0,wk inc flu hosp,2026-05-02,quantile,0.05,8,Alabama,Ensemble
2026-05-02,01,0,wk inc flu hosp,2026-05-02,quantile,0.1,10,Alabama,Ensemble
2026-05-02,01,0,wk inc flu hosp,2026-05-02,quantile,0.15,11,Alabama,Ensemble
2026-05-02,01,0,wk inc flu hosp,2026-05-02,quantile,0.2,13,Alabama,Ensemble
2026-05-02,01,0,wk inc flu hosp,2026-05-02,quantile,0.25,14,Alabama,Ensemble
2026-05-02,01,0,wk inc flu hosp,2026-05-02,quantile,0.3,15,Alabama,Ensemble
2026-05-02,01,0,wk inc flu hosp,2026-05-02,quantile,0.35,17,Alabama,Ensemble
2026-05-02,01,0,wk inc flu hosp,2026-05-02,quantile,0.4,18,Alabama,Ensemble
2026-05-02,01,0,wk inc flu hosp,2026-05-02,quantile,0.45,20,Alabama,Ensemble
2026-05-02,01,0,wk inc flu hosp,2026-05-02,quantile,0.5,22,Alabama,Ensemble
2026-05-02,01,0,wk inc flu hosp,2026-05-02,quantile,0.55,23,Alabama,Ensemble
2026-05-02,01,0,wk inc flu hosp,2026-05-02,quantile,0.6,25,Alabama,Ensemble
2026-05-02,01,0,wk inc flu hosp,2026-05-02,quantile,0.65,26,Alabama,Ensemble
2026-05-02,01,0,wk inc flu hosp,2026-05-02,quantile,0.7,28,Alabama,Ensemble
2026-05-02,01,0,wk inc flu hosp,2026-05-02,quantile,0.75,30,Alabama,Ensemble
2026-05-02,01,0,wk inc flu hosp,2026-05-02,quantile,0.8,32,Alabama,Ensemble
2026-05-02,01,0,wk inc flu hosp,2026-05-02,quantile,0.85,35,Alabama,Ensemble
2026-05-02,01,0,wk inc flu hosp,2026-05-02,quantile,0.9,39,Alabama,Ensemble
2026-05-02,01,0,wk inc flu hosp,2026-05-02,quantile,0.95,44,Alabama,Ensemble
2026-05-02,01,0,wk inc flu hosp,2026-05-02,quantile,0.975,51,Alabama,Ensemble
2026-05-02,01,0,wk inc flu hosp,2026-05-02,quantile,0.99,59,Alabama,Ensemble
2026-05-02,01,1,wk inc flu hosp,2026-05-09,quantile,0.01,3,Alabama,Ensemble
2026-05-02,01,1,wk inc flu hosp,2026-05-09,quantile,0.025,4,Alabama,Ensemble
2026-05-02,01,1,wk inc flu hosp,2026-05-09,quantile,0.05,5,Alabama,Ensemble
2026-05-02,01,1,wk inc flu hosp,2026-05-09,quantile,0.1,7,Alabama,Ensemble
2026-05-02,01,1,wk inc flu hosp,2026-05-09,quantile,0.15,9,Alabama,Ensemble
2026-05-02,01,1,wk inc flu hosp,2026-05-09,quantile,0.2,10,Alabama,Ensemble
2026-05-02,01,1,wk inc flu hosp,2026-05-09,quantile,0.25,11,Alabama,Ensemble
2026-05-02,01,1,wk inc flu hosp,2026-05-09,quantile,0.3,13,Alabama,Ensemble
2026-05-02,01,1,wk inc flu hosp,2026-05-09,quantile,0.35,14,Alabama,Ensemble
2026-05-02,01,1,wk inc flu hosp,2026-05-09,quantile,0.4,15,Alabama,Ensemble
2026-05-02,01,1,wk inc flu hosp,2026-05-09,quantile,0.45,17,Alabama,Ensemble
2026-05-02,01,1,wk inc flu hosp,2026-05-09,quantile,0.5,19,Alabama,Ensemble
2026-05-02,01,1,wk inc flu hosp,2026-05-09,quantile,0.55,21,Alabama,Ensemble
2026-05-02,01,1,wk inc flu hosp,2026-05-09,quantile,0.6,23,Alabama,Ensemble
2026-05-02,01,1,wk inc flu hosp,2026-05-09,quantile,0.65,25,Alabama,Ensemble
2026-05-02,01,1,wk inc flu hosp,2026-05-09,quantile,0.7,27,Alabama,Ensemble
2026-05-02,01,1,wk inc flu hosp,2026-05-09,quantile,0.75,29,Alabama,Ensemble
2026-05-02,01,1,wk inc flu hosp,2026-05-09,quantile,0.8,31,Alabama,Ensemble
2026-05-02,01,1,wk inc flu hosp,2026-05-09,quantile,0.85,35,Alabama,Ensemble
2026-05-02,01,1,wk inc flu hosp,2026-05-09,quantile,0.9,39,Alabama,Ensemble
2026-05-02,01,1,wk inc flu hosp,2026-05-09,quantile,0.95,47,Alabama,Ensemble
2026-05-02,01,1,wk inc flu hosp,2026-05-09,quantile,0.975,55,Alabama,Ensemble
2026-05-02,01,1,wk inc flu hosp,2026-05-09,quantile,0.99,66,Alabama,Ensemble
2026-05-02,01,2,wk inc flu hosp,2026-05-16,quantile,0.01,2,Alabama,Ensemble
2026-05-02,01,2,wk inc flu hosp,2026-05-16,quantile,0.025,3,Alabama,Ensemble
2026-05-02,01,2,wk inc flu hosp,2026-05-16,quantile,0.05,4,Alabama,Ensemble
2026-05-02,01,2,wk inc flu hosp,2026-05-16,quantile,0.1,6,Alabama,Ensemble
2026-05-02,01,2,wk inc flu hosp,2026-05-16,quantile,0.15,7,Alabama,Ensemble
2026-05-02,01,2,wk inc flu hosp,2026-05-16,quantile,0.2,9,Alabama,Ensemble
2026-05-02,01,2,wk inc flu hosp,2026-05-16,quantile,0.25,10,Alabama,Ensemble
2026-05-02,01,2,wk inc flu hosp,2026-05-16,quantile,0.3,11,Alabama,Ensemble
2026-05-02,01,2,wk inc flu hosp,2026-05-16,quantile,0.35,12,Alabama,Ensemble
2026-05-02,01,2,wk inc flu hosp,2026-05-16,quantile,0.4,14,Alabama,Ensemble
2026-05-02,01,2,wk inc flu hosp,2026-05-16,quantile,0.45,15,Alabama,Ensemble
2026-05-02,01,2,wk inc flu hosp,2026-05-16,quantile,0.5,18,Alabama,Ensemble
2026-05-02,01,2,wk inc flu hosp,2026-05-16,quantile,0.55,20,Alabama,Ensemble
2026-05-02,01,2,wk inc flu hosp,2026-05-16,quantile,0.6,21,Alabama,Ensemble
2026-05-02,01,2,wk inc flu hosp,2026-05-16,quantile,0.65,23,Alabama,Ensemble
2026-05-02,01,2,wk inc flu hosp,2026-05-16,quantile,0.7,26,Alabama,Ensemble
2026-05-02,01,2,wk inc flu hosp,2026-05-16,quantile,0.75,28,Alabama,Ensemble
2026-05-02,01,2,wk inc flu hosp,2026-05-16,quantile,0.8,31,Alabama,Ensemble
2026-05-02,01,2,wk inc flu hosp,2026-05-16,quantile,0.85,35,Alabama,Ensemble
2026-05-02,01,2,wk inc flu hosp,2026-05-16,quantile,0.9,40,Alabama,Ensemble
2026-05-02,01,2,wk inc flu hosp,2026-05-16,quantile,0.95,50,Alabama,Ensemble
2026-05-02,01,2,wk inc flu hosp,2026-05-16,quantile,0.975,59,Alabama,Ensemble
2026-05-02,01,2,wk inc flu hosp,2026-05-16,quantile,0.99,73,Alabama,Ensemble
2026-05-02,01,3,wk inc flu hosp,2026-05-23,quantile,0.01,2,Alabama,Ensemble
2026-05-02,01,3,wk inc flu hosp,2026-05-23,quantile,0.025,3,Alabama,Ensemble
2026-05-02,01,3,wk inc flu hosp,2026-05-23,quantile,0.05,3,Alabama,Ensemble
2026-05-02,01,3,wk inc flu hosp,2026-05-23,quantile,0.1,5,Alabama,Ensemble
2026-05-02,01,3,wk inc flu hosp,2026-05-23,quantile,0.15,6,Alabama,Ensemble
2026-05-02,01,3,wk inc flu hosp,2026-05-23,quantile,0.2,7,Alabama,Ensemble
2026-05-02,01,3,wk inc flu hosp,2026-05-23,quantile,0.25,9,Alabama,Ensemble
2026-05-02,01,3,wk inc flu hosp,2026-05-23,quantile,0.3,10,Alabama,Ensemble
2026-05-02,01,3,wk inc flu hosp,2026-05-23,quantile,0.35,11,Alabama,Ensemble
2026-05-02,01,3,wk inc flu hosp,2026-05-23,quantile,0.4,12,Alabama,Ensemble
2026-05-02,01,3,wk inc flu hosp,2026-05-23,quantile,0.45,14,Alabama,Ensemble
2026-05-02,01,3,wk inc flu hosp,2026-05-23,quantile,0.5,16,Alabama,Ensemble
2026-05-02,01,3,wk inc flu hosp,2026-05-23,quantile,0.55,18,Alabama,Ensemble
2026-05-02,01,3,wk inc flu hosp,2026-05-23,quantile,0.6,20,Alabama,Ensemble
2026-05-02,01,3,wk inc flu hosp,2026-05-23,quantile,0.65,22,Alabama,Ensemble
2026-05-02,01,3,wk inc flu hosp,2026-05-23,quantile,0.7,25,Alabama,Ensemble
2026-05-02,01,3,wk inc flu hosp,2026-05-23,quantile,0.75,28,Alabama,Ensemble
2026-05-02,01,3,wk inc flu hosp,2026-05-23,quantile,0.8,31,Alabama,Ensemble
2026-05-02,01,3,wk inc flu hosp,2026-05-23,quantile,0.85,35,Alabama,Ensemble
2026-05-02,01,3,wk inc flu hosp,2026-05-23,quantile,0.9,41,Alabama,Ensemble
2026-05-02,01,3,wk inc flu hosp,2026-05-23,quantile,0.95,52,Alabama,Ensemble
2026-05-02,01,3,wk inc flu hosp,2026-05-23,quantile,0.975,63,Alabama,Ensemble
2026-05-02,01,3,wk inc flu hosp,2026-05-23,quantile,0.99,81,Alabama,Ensemble
2026-05-02,02,0,wk inc flu hosp,2026-05-02,quantile,0.01,0,Alaska,Ensemble
2026-05-02,02,0,wk inc flu hosp,2026-05-02,quantile,0.025,0,Alaska,Ensemble
2026-05-02,02,0,wk inc flu hosp,2026-05-02,quantile,0.05,0,Alaska,Ensemble
2026-05-02,02,0,wk inc flu hosp,2026-05-02,quantile,0.1,1,Alaska,Ensemble
2026-05-02,02,0,wk inc flu hosp,2026-05-02,quantile,0.15,1,Alaska,Ensemble
2026-05-02,02,0,wk inc flu hosp,2026-05-02,quantile,0.2,1,Alaska,Ensemble
2026-05-02,02,0,wk inc flu hosp,2026-05-02,quantile,0.25,2,Alaska,Ensemble
2026-05-02,02,0,wk inc flu hosp,2026-05-02,quantile,0.3,2,Alaska,Ensemble
2026-05-02,02,0,wk inc flu hosp,2026-05-02,quantile,0.35,3,Alaska,Ensemble
2026-05-02,02,0,wk inc flu hosp,2026-05-02,quantile,0.4,3,Alaska,Ensemble
2026-05-02,02,0,wk inc flu hosp,2026-05-02,quantile,0.45,3,Alaska,Ensemble
2026-05-02,02,0,wk inc flu hosp,2026-05-02,quantile,0.5,4,Alaska,Ensemble
2026-05-02,02,0,wk inc flu hosp,2026-05-02,quantile,0.55,5,Alaska,Ensemble
2026-05-02,02,0,wk inc flu hosp,2026-05-02,quantile,0.6,5,Alaska,Ensemble
2026-05-02,02,0,wk inc flu hosp,2026-05-02,quantile,0.65,6,Alaska,Ensemble
2026-05-02,02,0,wk inc flu hosp,2026-05-02,quantile,0.7,6,Alaska,Ensemble
2026-05-02,02,0,wk inc flu hosp,2026-05-02,quantile,0.75,7,Alaska,Ensemble
2026-05-02,02,0,wk inc flu hosp,2026-05-02,quantile,0.8,8,Alaska,Ensemble
2026-05-02,02,0,wk inc flu hosp,2026-05-02,quantile,0.85,8,Alaska,Ensemble
2026-05-02,02,0,wk inc flu hosp,2026-05-02,quantile,0.9,10,Alaska,Ensemble
2026-05-02,02,0,wk inc flu hosp,2026-05-02,quantile,0.95,12,Alaska,Ensemble
2026-05-02,02,0,wk inc flu hosp,2026-05-02,quantile,0.975,14,Alaska,Ensemble
2026-05-02,02,0,wk inc flu hosp,2026-05-02,quantile,0.99,17,Alaska,Ensemble
2026-05-02,02,1,wk inc flu hosp,2026-05-09,quantile,0.01,0,Alaska,Ensemble
2026-05-02,02,1,wk inc flu hosp,2026-05-09,quantile,0.025,0,Alaska,Ensemble
2026-05-02,02,1,wk inc flu hosp,2026-05-09,quantile,0.05,0,Alaska,Ensemble
2026-05-02,02,1,wk inc flu hosp,2026-05-09,quantile,0.1,0,Alaska,Ensemble
2026-05-02,02,1,wk inc flu hosp,2026-05-09,quantile,0.15,1,Alaska,Ensemble
2026-05-02,02,1,wk inc flu hosp,2026-05-09,quantile,0.2,1,Alaska,Ensemble
2026-05-02,02,1,wk inc flu hosp,2026-05-09,quantile,0.25,1,Alaska,Ensemble
2026-05-02,02,1,wk inc flu hosp,2026-05-09,quantile,0.3,2,Alaska,Ensemble
2026-05-02,02,1,wk inc flu hosp,2026-05-09,quantile,0.35,2,Alaska,Ensemble
2026-05-02,02,1,wk inc flu hosp,2026-05-09,quantile,0.4,2,Alaska,Ensemble
2026-05-02,02,1,wk inc flu hosp,2026-05-09,quantile,0.45,3,Alaska,Ensemble
2026-05-02,02,1,wk inc flu hosp,2026-05-09,quantile,0.5,4,Alaska,Ensemble
2026-05-02,02,1,wk inc flu hosp,2026-05-09,quantile,0.55,4,Alaska,Ensemble
2026-05-02,02,1,wk inc flu hosp,2026-05-09,quantile,0.6,5,Alaska,Ensemble
2026-05-02,02,1,wk inc flu hosp,2026-05-09,quantile,0.65,6,Alaska,Ensemble
2026-05-02,02,1,wk inc flu hosp,2026-05-09,quantile,0.7,6,Alaska,Ensemble
2026-05-02,02,1,wk inc flu hosp,2026-05-09,quantile,0.75,7,Alaska,Ensemble
2026-05-02,02,1,wk inc flu hosp,2026-05-09,quantile,0.8,7,Alaska,Ensemble
2026-05-02,02,1,wk inc flu hosp,2026-05-09,quantile,0.85,8,Alaska,Ensemble
2026-05-02,02,1,wk inc flu hosp,2026-05-09,quantile,0.9,10,Alaska,Ensemble
2026-05-02,02,1,wk inc flu hosp,2026-05-09,quantile,0.95,12,Alaska,Ensemble
2026-05-02,02,1,wk inc flu hosp,2026-05-09,quantile,0.975,15,Alaska,Ensemble
2026-05-02,02,1,wk inc flu hosp,2026-05-09,quantile,0.99,18,Alaska,Ensemble
2026-05-02,02,2,wk inc flu hosp,2026-05-16,quantile,0.01,0,Alaska,Ensemble
2026-05-02,02,2,wk inc flu hosp,2026-05-16,quantile,0.025,0,Alaska,Ensemble
2026-05-02,02,2,wk inc flu hosp,2026-05-16,quantile,0.05,0,Alaska,Ensemble
2026-05-02,02,2,wk inc flu hosp,2026-05-16,quantile,0.1,0,Alaska,Ensemble
2026-05-02,02,2,wk inc flu hosp,2026-05-16,quantile,0.15,1,Alaska,Ensemble
2026-05-02,02,2,wk inc flu hosp,2026-05-16,quantile,0.2,1,Alaska,Ensemble
2026-05-02,02,2,wk inc flu hosp,2026-05-16,quantile,0.25,1,Alaska,Ensemble
2026-05-02,02,2,wk inc flu hosp,2026-05-16,quantile,0.3,1,Alaska,Ensemble
2026-05-02,02,2,wk inc flu hosp,2026-05-16,quantile,0.35,2,Alaska,Ensemble
2026-05-02,02,2,wk inc flu hosp,2026-05-16,quantile,0.4,2,Alaska,Ensemble
2026-05-02,02,2,wk inc flu hosp,2026-05-16,quantile,0.45,2,Alaska,Ensemble
2026-05-02,02,2,wk inc flu hosp,2026-05-16,quantile,0.5,4,Alaska,Ensemble
2026-05-02,02,2,wk inc flu hosp,2026-05-16,quantile,0.55,4,Alaska,Ensemble
2026-05-02,02,2,wk inc flu hosp,2026-05-16,quantile,0.6,5,Alaska,Ensemble
2026-05-02,02,2,wk inc flu hosp,2026-05-16,quantile,0.65,5,Alaska,Ensemble
2026-05-02,02,2,wk inc flu hosp,2026-05-16,quantile,0.7,6,Alaska,Ensemble
2026-05-02,02,2,wk inc flu hosp,2026-05-16,quantile,0.75,7,Alaska,Ensemble
2026-05-02,02,2,wk inc flu hosp,2026-05-16,quantile,0.8,8,Alaska,Ensemble
2026-05-02,02,2,wk inc flu hosp,2026-05-16,quantile,0.85,9,Alaska,Ensemble
2026-05-02,02,2,wk inc flu hosp,2026-05-16,quantile,0.9,10,Alaska,Ensemble
2026-05-02,02,2,wk inc flu hosp,2026-05-16,quantile,0.95,13,Alaska,Ensemble
2026-05-02,02,2,wk inc flu hosp,2026-05-16,quantile,0.975,16,Alaska,Ensemble
2026-05-02,02,2,wk inc flu hosp,2026-05-16,quantile,0.99,20,Alaska,Ensemble
2026-05-02,02,3,wk inc flu hosp,2026-05-23,quantile,0.01,0,Alaska,Ensemble
2026-05-02,02,3,wk inc flu hosp,2026-05-23,quantile,0.025,0,Alaska,Ensemble
2026-05-02,02,3,wk inc flu hosp,2026-05-23,quantile,0.05,0,Alaska,Ensemble
2026-05-02,02,3,wk inc flu hosp,2026-05-23,quantile,0.1,0,Alaska,Ensemble
2026-05-02,02,3,wk inc flu hosp,2026-05-23,quantile,0.15,0,Alaska,Ensemble
2026-05-02,02,3,wk inc flu hosp,2026-05-23,quantile,0.2,1,Alaska,Ensemble
2026-05-02,02,3,wk inc flu hosp,2026-05-23,quantile,0.25,1,Alaska,Ensemble
2026-05-02,02,3,wk inc flu hosp,2026-05-23,quantile,0.3,1,Alaska,Ensemble
2026-05-02,02,3,wk inc flu hosp,2026-05-23,quantile,0.35,1,Alaska,Ensemble
2026-05-02,02,3,wk inc flu hosp,2026-05-23,quantile,0.4,2,Alaska,Ensemble
2026-05-02,02,3,wk inc flu hosp,2026-05-23,quantile,0.45,2,Alaska,Ensemble
2026-05-02,02,3,wk inc flu hosp,2026-05-23,quantile,0.5,4,Alaska,Ensemble
2026-05-02,02,3,wk inc flu hosp,2026-05-23,quantile,0.55,4,Alaska,Ensemble
2026-05-02,02,3,wk inc flu hosp,2026-05-23,quantile,0.6,5,Alaska,Ensemble
2026-05-02,02,3,wk inc flu hosp,2026-05-23,quantile,0.65,5,Alaska,Ensemble
2026-05-02,02,3,wk inc flu hosp,2026-05-23,quantile,0.7,6,Alaska,Ensemble
2026-05-02,02,3,wk inc flu hosp,2026-05-23,quantile,0.75,7,Alaska,Ensemble
2026-05-02,02,3,wk inc flu hosp,2026-05-23,quantile,0.8,8,Alaska,Ensemble
2026-05-02,02,3,wk inc flu hosp,2026-05-23,quantile,0.85,9,Alaska,Ensemble
2026-05-02,02,3,wk inc flu hosp,2026-05-23,quantile,0.9,10,Alaska,Ensemble
2026-05-02,02,3,wk inc flu hosp,2026-05-23,quantile,0.95,14,Alaska,Ensemble
2026-05-02,02,3,wk inc flu hosp,2026-05-23,quantile,0.975,17,Alaska,Ensemble
2026-05-02,02,3,wk inc flu hosp,2026-05-23,quantile,0.99,23,Alaska,Ensemble
2026-05-02,04,0,wk inc flu hosp,2026-05-02,quantile,0.01,17,Arizona,Ensemble
2026-05-02,04,0,wk inc flu hosp,2026-05-02,quantile,0.025,22,Arizona,Ensemble
2026-05-02,04,0,wk inc flu hosp,2026-05-02,quantile,0.05,26,Arizona,Ensemble
2026-05-02,04,0,wk inc flu hosp,2026-05-02,quantile,0.1,30,Arizona,Ensemble
2026-05-02,04,0,wk inc flu hosp,2026-05-02,quantile,0.15,34,Arizona,Ensemble
2026-05-02,04,0,wk inc flu hosp,2026-05-02,quantile,0.2,37,Arizona,Ensemble
2026-05-02,04,0,wk inc flu hosp,2026-05-02,quantile,0.25,40,Arizona,Ensemble
2026-05-02,04,0,wk inc flu hosp,2026-05-02,quantile,0.3,43,Arizona,Ensemble
2026-05-02,04,0,wk inc flu hosp,2026-05-02,quantile,0.35,46,Arizona,Ensemble
2026-05-02,04,0,wk inc flu hosp,2026-05-02,quantile,0.4,49,Arizona,Ensemble
2026-05-02,04,0,wk inc flu hosp,2026-05-02,quantile,0.45,52,Arizona,Ensemble
2026-05-02,04,0,wk inc flu hosp,2026-05-02,quantile,0.5,56,Arizona,Ensemble
2026-05-02,04,0,wk inc flu hosp,2026-05-02,quantile,0.55,60,Arizona,Ensemble
2026-05-02,04,0,wk inc flu hosp,2026-05-02,quantile,0.6,63,Arizona,Ensemble
2026-05-02,04,0,wk inc flu hosp,2026-05-02,quantile,0.65,67,Arizona,Ensemble
2026-05-02,04,0,wk inc flu hosp,2026-05-02,quantile,0.7,70,Arizona,Ensemble
2026-05-02,04,0,wk inc flu hosp,2026-05-02,quantile,0.75,75,Arizona,Ensemble
2026-05-02,04,0,wk inc flu hosp,2026-05-02,quantile,0.8,80,Arizona,Ensemble
2026-05-02,04,0,wk inc flu hosp,2026-05-02,quantile,0.85,86,Arizona,Ensemble
2026-05-02,04,0,wk inc flu hosp,2026-05-02,quantile,0.9,95,Arizona,Ensemble
2026-05-02,04,0,wk inc flu hosp,2026-05-02,quantile,0.95,110,Arizona,Ensemble
2026-05-02,04,0,wk inc flu hosp,2026-05-02,quantile,0.975,125,Arizona,Ensemble
2026-05-02,04,0,wk inc flu hosp,2026-05-02,quantile,0.99,146,Arizona,Ensemble
2026-05-02,04,1,wk inc flu hosp,2026-05-09,quantile,0.01,11,Arizona,Ensemble
2026-05-02,04,1,wk inc flu hosp,2026-05-09,quantile,0.025,14,Arizona,Ensemble
2026-05-02,04,1,wk inc flu hosp,2026-05-09,quantile,0.05,18,Arizona,Ensemble
2026-05-02,04,1,wk inc flu hosp,2026-05-09,quantile,0.1,23,Arizona,Ensemble
2026-05-02,04,1,wk inc flu hosp,2026-05-09,quantile,0.15,27,Arizona,Ensemble
2026-05-02,04,1,wk inc flu hosp,2026-05-09,quantile,0.2,30,Arizona,Ensemble
2026-05-02,04,1,wk inc flu hosp,2026-05-09,quantile,0.25,33,Arizona,Ensemble
2026-05-02,04,1,wk inc flu hosp,2026-05-09,quantile,0.3,36,Arizona,Ensemble
2026-05-02,04,1,wk inc flu hosp,2026-05-09,quantile,0.35,38,Arizona,Ensemble
2026-05-02,04,1,wk inc flu hosp,2026-05-09,quantile,0.4,42,Arizona,Ensemble
2026-05-02,04,1,wk inc flu hosp,2026-05-09,quantile,0.45,45,Arizona,Ensemble
2026-05-02,04,1,wk inc flu hosp,2026-05-09,quantile,0.5,50,Arizona,Ensemble
2026-05-02,04,1,wk inc flu hosp,2026-05-09,quantile,0.55,54,Arizona,Ensemble
2026-05-02,04,1,wk inc flu hosp,2026-05-09,quantile,0.6,57,Arizona,Ensemble
2026-05-02,04,1,wk inc flu hosp,2026-05-09,quantile,0.65,61,Arizona,Ensemble
2026-05-02,04,1,wk inc flu hosp,2026-05-09,quantile,0.7,66,Arizona,Ensemble
2026-05-02,04,1,wk inc flu hosp,2026-05-09,quantile,0.75,72,Arizona,Ensemble
2026-05-02,04,1,wk inc flu hosp,2026-05-09,quantile,0.8,78,Arizona,Ensemble
2026-05-02,04,1,wk inc flu hosp,2026-05-09,quantile,0.85,86,Arizona,Ensemble
2026-05-02,04,1,wk inc flu hosp,2026-05-09,quantile,0.9,97,Arizona,Ensemble
2026-05-02,04,1,wk inc flu hosp,2026-05-09,quantile,0.95,116,Arizona,Ensemble
2026-05-02,04,1,wk inc flu hosp,2026-05-09,quantile,0.975,134,Arizona,Ensemble
2026-05-02,04,1,wk inc flu hosp,2026-05-09,quantile,0.99,161,Arizona,Ensemble
2026-05-02,04,2,wk inc flu hosp,2026-05-16,quantile,0.01,8,Arizona,Ensemble
2026-05-02,04,2,wk inc flu hosp,2026-05-16,quantile,0.025,11,Arizona,Ensemble
2026-05-02,04,2,wk inc flu hosp,2026-05-16,quantile,0.05,14,Arizona,Ensemble
2026-05-02,04,2,wk inc flu hosp,2026-05-16,quantile,0.1,19,Arizona,Ensemble
2026-05-02,04,2,wk inc flu hosp,2026-05-16,quantile,0.15,22,Arizona,Ensemble
2026-05-02,04,2,wk inc flu hosp,2026-05-16,quantile,0.2,25,Arizona,Ensemble
2026-05-02,04,2,wk inc flu hosp,2026-05-16,quantile,0.25,28,Arizona,Ensemble
2026-05-02,04,2,wk inc flu hosp,2026-05-16,quantile,0.3,30,Arizona,Ensemble
2026-05-02,04,2,wk inc flu hosp,2026-05-16,quantile,0.35,33,Arizona,Ensemble
2026-05-02,04,2,wk inc flu hosp,2026-05-16,quantile,0.4,36,Arizona,Ensemble
2026-05-02,04,2,wk inc flu hosp,2026-05-16,quantile,0.45,40,Arizona,Ensemble
2026-05-02,04,2,wk inc flu hosp,2026-05-16,quantile,0.5,44,Arizona,Ensemble
2026-05-02,04,2,wk inc flu hosp,2026-05-16,quantile,0.55,48,Arizona,Ensemble
2026-05-02,04,2,wk inc flu hosp,2026-05-16,quantile,0.6,53,Arizona,Ensemble
2026-05-02,04,2,wk inc flu hosp,2026-05-16,quantile,0.65,57,Arizona,Ensemble
2026-05-02,04,2,wk inc flu hosp,2026-05-16,quantile,0.7,62,Arizona,Ensemble
2026-05-02,04,2,wk inc flu hosp,2026-05-16,quantile,0.75,68,Arizona,Ensemble
2026-05-02,04,2,wk inc flu hosp,2026-05-16,quantile,0.8,75,Arizona,Ensemble
2026-05-02,04,2,wk inc flu hosp,2026-05-16,quantile,0.85,84,Arizona,Ensemble
2026-05-02,04,2,wk inc flu hosp,2026-05-16,quantile,0.9,97,Arizona,Ensemble
2026-05-02,04,2,wk inc flu hosp,2026-05-16,quantile,0.95,118,Arizona,Ensemble
2026-05-02,04,2,wk inc flu hosp,2026-05-16,quantile,0.975,140,Arizona,Ensemble
2026-05-02,04,2,wk inc flu hosp,2026-05-16,quantile,0.99,172,Arizona,Ensemble
2026-05-02,04,3,wk inc flu hosp,2026-05-23,quantile,0.01,7,Arizona,Ensemble
2026-05-02,04,3,wk inc flu hosp,2026-05-23,quantile,0.025,10,Arizona,Ensemble
2026-05-02,04,3,wk inc flu hosp,2026-05-23,quantile,0.05,12,Arizona,Ensemble
2026-05-02,04,3,wk inc flu hosp,2026-05-23,quantile,0.1,17,Arizona,Ensemble
2026-05-02,04,3,wk inc flu hosp,2026-05-23,quantile,0.15,20,Arizona,Ensemble
2026-05-02,04,3,wk inc flu hosp,2026-05-23,quantile,0.2,23,Arizona,Ensemble
2026-05-02,04,3,wk inc flu hosp,2026-05-23,quantile,0.25,25,Arizona,Ensemble
2026-05-02,04,3,wk inc flu hosp,2026-05-23,quantile,0.3,28,Arizona,Ensemble
2026-05-02,04,3,wk inc flu hosp,2026-05-23,quantile,0.35,31,Arizona,Ensemble
2026-05-02,04,3,wk inc flu hosp,2026-05-23,quantile,0.4,33,Arizona,Ensemble
2026-05-02,04,3,wk inc flu hosp,2026-05-23,quantile,0.45,37,Arizona,Ensemble
2026-05-02,04,3,wk inc flu hosp,2026-05-23,quantile,0.5,42,Arizona,Ensemble
2026-05-02,04,3,wk inc flu hosp,2026-05-23,quantile,0.55,46,Arizona,Ensemble
2026-05-02,04,3,wk inc flu hosp,2026-05-23,quantile,0.6,51,Arizona,Ensemble
2026-05-02,04,3,wk inc flu hosp,2026-05-23,quantile,0.65,56,Arizona,Ensemble
2026-05-02,04,3,wk inc flu hosp,2026-05-23,quantile,0.7,62,Arizona,Ensemble
2026-05-02,04,3,wk inc flu hosp,2026-05-23,quantile,0.75,68,Arizona,Ensemble
2026-05-02,04,3,wk inc flu hosp,2026-05-23,quantile,0.8,76,Arizona,Ensemble
2026-05-02,04,3,wk inc flu hosp,2026-05-23,quantile,0.85,86,Arizona,Ensemble
2026-05-02,04,3,wk inc flu hosp,2026-05-23,quantile,0.9,101,Arizona,Ensemble
2026-05-02,04,3,wk inc flu hosp,2026-05-23,quantile,0.95,126,Arizona,Ensemble
2026-05-02,04,3,wk inc flu hosp,2026-05-23,quantile,0.975,153,Arizona,Ensemble
2026-05-02,04,3,wk inc flu hosp,2026-05-23,quantile,0.99,192,Arizona,Ensemble
2026-05-02,05,0,wk inc flu hosp,2026-05-02,quantile,0.01,0,Arkansas,Ensemble
2026-05-02,05,0,wk inc flu hosp,2026-05-02,quantile,0.025,0,Arkansas,Ensemble
2026-05-02,05,0,wk inc flu hosp,2026-05-02,quantile,0.05,0,Arkansas,Ensemble
2026-05-02,05,0,wk inc flu hosp,2026-05-02,quantile,0.1,0,Arkansas,Ensemble
2026-05-02,05,0,wk inc flu hosp,2026-05-02,quantile,0.15,1,Arkansas,Ensemble
2026-05-02,05,0,wk inc flu hosp,2026-05-02,quantile,0.2,1,Arkansas,Ensemble
2026-05-02,05,0,wk inc flu hosp,2026-05-02,quantile,0.25,1,Arkansas,Ensemble
2026-05-02,05,0,wk inc flu hosp,2026-05-02,quantile,0.3,1,Arkansas,Ensemble
2026-05-02,05,0,wk inc flu hosp,2026-05-02,quantile,0.35,1,Arkansas,Ensemble
2026-05-02,05,0,wk inc flu hosp,2026-05-02,quantile,0.4,2,Arkansas,Ensemble
2026-05-02,05,0,wk inc flu hosp,2026-05-02,quantile,0.45,2,Arkansas,Ensemble
2026-05-02,05,0,wk inc flu hosp,2026-05-02,quantile,0.5,3,Arkansas,Ensemble
2026-05-02,05,0,wk inc flu hosp,2026-05-02,quantile,0.55,4,Arkansas,Ensemble
2026-05-02,05,0,wk inc flu hosp,2026-05-02,quantile,0.6,5,Arkansas,Ensemble
2026-05-02,05,0,wk inc flu hosp,2026-05-02,quantile,0.65,6,Arkansas,Ensemble
2026-05-02,05,0,wk inc flu hosp,2026-05-02,quantile,0.7,6,Arkansas,Ensemble
2026-05-02,05,0,wk inc flu hosp,2026-05-02,quantile,0.75,7,Arkansas,Ensemble
2026-05-02,05,0,wk inc flu hosp,2026-05-02,quantile,0.8,9,Arkansas,Ensemble
2026-05-02,05,0,wk inc flu hosp,2026-05-02,quantile,0.85,10,Arkansas,Ensemble
2026-05-02,05,0,wk inc flu hosp,2026-05-02,quantile,0.9,12,Arkansas,Ensemble
2026-05-02,05,0,wk inc flu hosp,2026-05-02,quantile,0.95,15,Arkansas,Ensemble
2026-05-02,05,0,wk inc flu hosp,2026-05-02,quantile,0.975,19,Arkansas,Ensemble
2026-05-02,05,0,wk inc flu hosp,2026-05-02,quantile,0.99,23,Arkansas,Ensemble
2026-05-02,05,1,wk inc flu hosp,2026-05-09,quantile,0.01,0,Arkansas,Ensemble
2026-05-02,05,1,wk inc flu hosp,2026-05-09,quantile,0.025,0,Arkansas,Ensemble
2026-05-02,05,1,wk inc flu hosp,2026-05-09,quantile,0.05,0,Arkansas,Ensemble
2026-05-02,05,1,wk inc flu hosp,2026-05-09,quantile,0.1,0,Arkansas,Ensemble
2026-05-02,05,1,wk inc flu hosp,2026-05-09,quantile,0.15,0,Arkansas,Ensemble
2026-05-02,05,1,wk inc flu hosp,2026-05-09,quantile,0.2,0,Arkansas,Ensemble
2026-05-02,05,1,wk inc flu hosp,2026-05-09,quantile,0.25,1,Arkansas,Ensemble
2026-05-02,05,1,wk inc flu hosp,2026-05-09,quantile,0.3,1,Arkansas,Ensemble
2026-05-02,05,1,wk inc flu hosp,2026-05-09,quantile,0.35,1,Arkansas,Ensemble
2026-05-02,05,1,wk inc flu hosp,2026-05-09,quantile,0.4,1,Arkansas,Ensemble
2026-05-02,05,1,wk inc flu hosp,2026-05-09,quantile,0.45,2,Arkansas,Ensemble
2026-05-02,05,1,wk inc flu hosp,2026-05-09,quantile,0.5,3,Arkansas,Ensemble
2026-05-02,05,1,wk inc flu hosp,2026-05-09,quantile,0.55,3,Arkansas,Ensemble
2026-05-02,05,1,wk inc flu hosp,2026-05-09,quantile,0.6,4,Arkansas,Ensemble
2026-05-02,05,1,wk inc flu hosp,2026-05-09,quantile,0.65,5,Arkansas,Ensemble
2026-05-02,05,1,wk inc flu hosp,2026-05-09,quantile,0.7,6,Arkansas,Ensemble
2026-05-02,05,1,wk inc flu hosp,2026-05-09,quantile,0.75,7,Arkansas,Ensemble
2026-05-02,05,1,wk inc flu hosp,2026-05-09,quantile,0.8,8,Arkansas,Ensemble
2026-05-02,05,1,wk inc flu hosp,2026-05-09,quantile,0.85,10,Arkansas,Ensemble
2026-05-02,05,1,wk inc flu hosp,2026-05-09,quantile,0.9,12,Arkansas,Ensemble
2026-05-02,05,1,wk inc flu hosp,2026-05-09,quantile,0.95,16,Arkansas,Ensemble
2026-05-02,05,1,wk inc flu hosp,2026-05-09,quantile,0.975,20,Arkansas,Ensemble
2026-05-02,05,1,wk inc flu hosp,2026-05-09,quantile,0.99,26,Arkansas,Ensemble
2026-05-02,05,2,wk inc flu hosp,2026-05-16,quantile,0.01,0,Arkansas,Ensemble
2026-05-02,05,2,wk inc flu hosp,2026-05-16,quantile,0.025,0,Arkansas,Ensemble
2026-05-02,05,2,wk inc flu hosp,2026-05-16,quantile,0.05,0,Arkansas,Ensemble
2026-05-02,05,2,wk inc flu hosp,2026-05-16,quantile,0.1,0,Arkansas,Ensemble
2026-05-02,05,2,wk inc flu hosp,2026-05-16,quantile,0.15,0,Arkansas,Ensemble
2026-05-02,05,2,wk inc flu hosp,2026-05-16,quantile,0.2,0,Arkansas,Ensemble
2026-05-02,05,2,wk inc flu hosp,2026-05-16,quantile,0.25,1,Arkansas,Ensemble
2026-05-02,05,2,wk inc flu hosp,2026-05-16,quantile,0.3,1,Arkansas,Ensemble
2026-05-02,05,2,wk inc flu hosp,2026-05-16,quantile,0.35,1,Arkansas,Ensemble
2026-05-02,05,2,wk inc flu hosp,2026-05-16,quantile,0.4,1,Arkansas,Ensemble
2026-05-02,05,2,wk inc flu hosp,2026-05-16,quantile,0.45,1,Arkansas,Ensemble
2026-05-02,05,2,wk inc flu hosp,2026-05-16,quantile,0.5,3,Arkansas,Ensemble
2026-05-02,05,2,wk inc flu hosp,2026-05-16,quantile,0.55,3,Arkansas,Ensemble
2026-05-02,05,2,wk inc flu hosp,2026-05-16,quantile,0.6,4,Arkansas,Ensemble
2026-05-02,05,2,wk inc flu hosp,2026-05-16,quantile,0.65,5,Arkansas,Ensemble
2026-05-02,05,2,wk inc flu hosp,2026-05-16,quantile,0.7,6,Arkansas,Ensemble
2026-05-02,05,2,wk inc flu hosp,2026-05-16,quantile,0.75,7,Arkansas,Ensemble
2026-05-02,05,2,wk inc flu hosp,2026-05-16,quantile,0.8,9,Arkansas,Ensemble
2026-05-02,05,2,wk inc flu hosp,2026-05-16,quantile,0.85,11,Arkansas,Ensemble
2026-05-02,05,2,wk inc flu hosp,2026-05-16,quantile,0.9,14,Arkansas,Ensemble
2026-05-02,05,2,wk inc flu hosp,2026-05-16,quantile,0.95,19,Arkansas,Ensemble
2026-05-02,05,2,wk inc flu hosp,2026-05-16,quantile,0.975,25,Arkansas,Ensemble
2026-05-02,05,2,wk inc flu hosp,2026-05-16,quantile,0.99,32,Arkansas,Ensemble
2026-05-02,05,3,wk inc flu hosp,2026-05-23,quantile,0.01,0,Arkansas,Ensemble
2026-05-02,05,3,wk inc flu hosp,2026-05-23,quantile,0.025,0,Arkansas,Ensemble
2026-05-02,05,3,wk inc flu hosp,2026-05-23,quantile,0.05,0,Arkansas,Ensemble
2026-05-02,05,3,wk inc flu hosp,2026-05-23,quantile,0.1,0,Arkansas,Ensemble
2026-05-02,05,3,wk inc flu hosp,2026-05-23,quantile,0.15,0,Arkansas,Ensemble
2026-05-02,05,3,wk inc flu hosp,2026-05-23,quantile,0.2,0,Arkansas,Ensemble
2026-05-02,05,3,wk inc flu hosp,2026-05-23,quantile,0.25,1,Arkansas,Ensemble
2026-05-02,05,3,wk inc flu hosp,2026-05-23,quantile,0.3,1,Arkansas,Ensemble
2026-05-02,05,3,wk inc flu hosp,2026-05-23,quantile,0.35,1,Arkansas,Ensemble
2026-05-02,05,3,wk inc flu hosp,2026-05-23,quantile,0.4,1,Arkansas,Ensemble
2026-05-02,05,3,wk inc flu hosp,2026-05-23,quantile,0.45,1,Arkansas,Ensemble
2026-05-02,05,3,wk inc flu hosp,2026-05-23,quantile,0.5,3,Arkansas,Ensemble
2026-05-02,05,3,wk inc flu hosp,2026-05-23,quantile,0.55,3,Arkansas,Ensemble
2026-05-02,05,3,wk inc flu hosp,2026-05-23,quantile,0.6,4,Arkansas,Ensemble
2026-05-02,05,3,wk inc flu hosp,2026-05-23,quantile,0.65,5,Arkansas,Ensemble
2026-05-02,05,3,wk inc flu hosp,2026-05-23,quantile,0.7,6,Arkansas,Ensemble
2026-05-02,05,3,wk inc flu hosp,2026-05-23,quantile,0.75,7,Arkansas,Ensemble
2026-05-02,05,3,wk inc flu hosp,2026-05-23,quantile,0.8,9,Arkansas,Ensemble
2026-05-02,05,3,wk inc flu hosp,2026-05-23,quantile,0.85,11,Arkansas,Ensemble
2026-05-02,05,3,wk inc flu hosp,2026-05-23,quantile,0.9,14,Arkansas,Ensemble
2026-05-02,05,3,wk inc flu hosp,2026-05-23,quantile,0.95,20,Arkansas,Ensemble
2026-05-02,05,3,wk inc flu hosp,2026-05-23,quantile,0.975,26,Arkansas,Ensemble
2026-05-02,05,3,wk inc flu hosp,2026-05-23,quantile,0.99,37,Arkansas,Ensemble
2026-05-02,06,0,wk inc flu hosp,2026-05-02,quantile,0.01,66,California,Ensemble
2026-05-02,06,0,wk inc flu hosp,2026-05-02,quantile,0.025,78,California,Ensemble
2026-05-02,06,0,wk inc flu hosp,2026-05-02,quantile,0.05,96,California,Ensemble
2026-05-02,06,0,wk inc flu hosp,2026-05-02,quantile,0.1,117,California,Ensemble
2026-05-02,06,0,wk inc flu hosp,2026-05-02,quantile,0.15,130,California,Ensemble
2026-05-02,06,0,wk inc flu hosp,2026-05-02,quantile,0.2,140,California,Ensemble
2026-05-02,06,0,wk inc flu hosp,2026-05-02,quantile,0.25,149,California,Ensemble
2026-05-02,06,0,wk inc flu hosp,2026-05-02,quantile,0.3,158,California,Ensemble
2026-05-02,06,0,wk inc flu hosp,2026-05-02,quantile,0.35,167,California,Ensemble
2026-05-02,06,0,wk inc flu hosp,2026-05-02,quantile,0.4,175,California,Ensemble
2026-05-02,06,0,wk inc flu hosp,2026-05-02,quantile,0.45,183,California,Ensemble
2026-05-02,06,0,wk inc flu hosp,2026-05-02,quantile,0.5,193,California,Ensemble
2026-05-02,06,0,wk inc flu hosp,2026-05-02,quantile,0.55,202,California,Ensemble
2026-05-02,06,0,wk inc flu hosp,2026-05-02,quantile,0.6,211,California,Ensemble
2026-05-02,06,0,wk inc flu hosp,2026-05-02,quantile,0.65,220,California,Ensemble
2026-05-02,06,0,wk inc flu hosp,2026-05-02,quantile,0.7,229,California,Ensemble
2026-05-02,06,0,wk inc flu hosp,2026-05-02,quantile,0.75,240,California,Ensemble
2026-05-02,06,0,wk inc flu hosp,2026-05-02,quantile,0.8,252,California,Ensemble
2026-05-02,06,0,wk inc flu hosp,2026-05-02,quantile,0.85,267,California,Ensemble
2026-05-02,06,0,wk inc flu hosp,2026-05-02,quantile,0.9,290,California,Ensemble
2026-05-02,06,0,wk inc flu hosp,2026-05-02,quantile,0.95,332,California,Ensemble
2026-05-02,06,0,wk inc flu hosp,2026-05-02,quantile,0.975,378,California,Ensemble
2026-05-02,06,0,wk inc flu hosp,2026-05-02,quantile,0.99,443,California,Ensemble
2026-05-02,06,1,wk inc flu hosp,2026-05-09,quantile,0.01,44,California,Ensemble
2026-05-02,06,1,wk inc flu hosp,2026-05-09,quantile,0.025,54,California,Ensemble
2026-05-02,06,1,wk inc flu hosp,2026-05-09,quantile,0.05,67,California,Ensemble
2026-05-02,06,1,wk inc flu hosp,2026-05-09,quantile,0.1,86,California,Ensemble
2026-05-02,06,1,wk inc flu hosp,2026-05-09,quantile,0.15,99,California,Ensemble
2026-05-02,06,1,wk inc flu hosp,2026-05-09,quantile,0.2,109,California,Ensemble
2026-05-02,06,1,wk inc flu hosp,2026-05-09,quantile,0.25,120,California,Ensemble
2026-05-02,06,1,wk inc flu hosp,2026-05-09,quantile,0.3,130,California,Ensemble
2026-05-02,06,1,wk inc flu hosp,2026-05-09,quantile,0.35,140,California,Ensemble
2026-05-02,06,1,wk inc flu hosp,2026-05-09,quantile,0.4,150,California,Ensemble
2026-05-02,06,1,wk inc flu hosp,2026-05-09,quantile,0.45,160,California,Ensemble
2026-05-02,06,1,wk inc flu hosp,2026-05-09,quantile,0.5,171,California,Ensemble
2026-05-02,06,1,wk inc flu hosp,2026-05-09,quantile,0.55,183,California,Ensemble
2026-05-02,06,1,wk inc flu hosp,2026-05-09,quantile,0.6,194,California,Ensemble
2026-05-02,06,1,wk inc flu hosp,2026-05-09,quantile,0.65,206,California,Ensemble
2026-05-02,06,1,wk inc flu hosp,2026-05-09,quantile,0.7,218,California,Ensemble
2026-05-02,06,1,wk inc flu hosp,2026-05-09,quantile,0.75,232,California,Ensemble
2026-05-02,06,1,wk inc flu hosp,2026-05-09,quantile,0.8,249,California,Ensemble
2026-05-02,06,1,wk inc flu hosp,2026-05-09,quantile,0.85,270,California,Ensemble
2026-05-02,06,1,wk inc flu hosp,2026-05-09,quantile,0.9,302,California,Ensemble
2026-05-02,06,1,wk inc flu hosp,2026-05-09,quantile,0.95,362,California,Ensemble
2026-05-02,06,1,wk inc flu hosp,2026-05-09,quantile,0.975,429,California,Ensemble
2026-05-02,06,1,wk inc flu hosp,2026-05-09,quantile,0.99,518,California,Ensemble
2026-05-02,06,2,wk inc flu hosp,2026-05-16,quantile,0.01,30,California,Ensemble
2026-05-02,06,2,wk inc flu hosp,2026-05-16,quantile,0.025,38,California,Ensemble
2026-05-02,06,2,wk inc flu hosp,2026-05-16,quantile,0.05,48,California,Ensemble
2026-05-02,06,2,wk inc flu hosp,2026-05-16,quantile,0.1,62,California,Ensemble
2026-05-02,06,2,wk inc flu hosp,2026-05-16,quantile,0.15,77,California,Ensemble
2026-05-02,06,2,wk inc flu hosp,2026-05-16,quantile,0.2,86,California,Ensemble
2026-05-02,06,2,wk inc flu hosp,2026-05-16,quantile,0.25,95,California,Ensemble
2026-05-02,06,2,wk inc flu hosp,2026-05-16,quantile,0.3,106,California,Ensemble
2026-05-02,06,2,wk inc flu hosp,2026-05-16,quantile,0.35,116,California,Ensemble
2026-05-02,06,2,wk inc flu hosp,2026-05-16,quantile,0.4,126,California,Ensemble
2026-05-02,06,2,wk inc flu hosp,2026-05-16,quantile,0.45,136,California,Ensemble
2026-05-02,06,2,wk inc flu hosp,2026-05-16,quantile,0.5,148,California,Ensemble
2026-05-02,06,2,wk inc flu hosp,2026-05-16,quantile,0.55,160,California,Ensemble
2026-05-02,06,2,wk inc flu hosp,2026-05-16,quantile,0.6,172,California,Ensemble
2026-05-02,06,2,wk inc flu hosp,2026-05-16,quantile,0.65,185,California,Ensemble
2026-05-02,06,2,wk inc flu hosp,2026-05-16,quantile,0.7,200,California,Ensemble
2026-05-02,06,2,wk inc flu hosp,2026-05-16,quantile,0.75,216,California,Ensemble
2026-05-02,06,2,wk inc flu hosp,2026-05-16,quantile,0.8,236,California,Ensemble
2026-05-02,06,2,wk inc flu hosp,2026-05-16,quantile,0.85,262,California,Ensemble
2026-05-02,06,2,wk inc flu hosp,2026-05-16,quantile,0.9,301,California,Ensemble
2026-05-02,06,2,wk inc flu hosp,2026-05-16,quantile,0.95,374,California,Ensemble
2026-05-02,06,2,wk inc flu hosp,2026-05-16,quantile,0.975,446,California,Ensemble
2026-05-02,06,2,wk inc flu hosp,2026-05-16,quantile,0.99,546,California,Ensemble
2026-05-02,06,3,wk inc flu hosp,2026-05-23,quantile,0.01,23,California,Ensemble
2026-05-02,06,3,wk inc flu hosp,2026-05-23,quantile,0.025,30,California,Ensemble
2026-05-02,06,3,wk inc flu hosp,2026-05-23,quantile,0.05,38,California,Ensemble
2026-05-02,06,3,wk inc flu hosp,2026-05-23,quantile,0.1,48,California,Ensemble
2026-05-02,06,3,wk inc flu hosp,2026-05-23,quantile,0.15,61,California,Ensemble
2026-05-02,06,3,wk inc flu hosp,2026-05-23,quantile,0.2,71,California,Ensemble
2026-05-02,06,3,wk inc flu hosp,2026-05-23,quantile,0.25,80,California,Ensemble
2026-05-02,06,3,wk inc flu hosp,2026-05-23,quantile,0.3,89,California,Ensemble
2026-05-02,06,3,wk inc flu hosp,2026-05-23,quantile,0.35,100,California,Ensemble
2026-05-02,06,3,wk inc flu hosp,2026-05-23,quantile,0.4,110,California,Ensemble
2026-05-02,06,3,wk inc flu hosp,2026-05-23,quantile,0.45,121,California,Ensemble
2026-05-02,06,3,wk inc flu hosp,2026-05-23,quantile,0.5,134,California,Ensemble
2026-05-02,06,3,wk inc flu hosp,2026-05-23,quantile,0.55,147,California,Ensemble
2026-05-02,06,3,wk inc flu hosp,2026-05-23,quantile,0.6,160,California,Ensemble
2026-05-02,06,3,wk inc flu hosp,2026-05-23,quantile,0.65,174,California,Ensemble
2026-05-02,06,3,wk inc flu hosp,2026-05-23,quantile,0.7,191,California,Ensemble
2026-05-02,06,3,wk inc flu hosp,2026-05-23,quantile,0.75,210,California,Ensemble
2026-05-02,06,3,wk inc flu hosp,2026-05-23,quantile,0.8,234,California,Ensemble
2026-05-02,06,3,wk inc flu hosp,2026-05-23,quantile,0.85,265,California,Ensemble
2026-05-02,06,3,wk inc flu hosp,2026-05-23,quantile,0.9,315,California,Ensemble
2026-05-02,06,3,wk inc flu hosp,2026-05-23,quantile,0.95,399,California,Ensemble
2026-05-02,06,3,wk inc flu hosp,2026-05-23,quantile,0.975,480,California,Ensemble
2026-05-02,06,3,wk inc flu hosp,2026-05-23,quantile,0.99,611,California,Ensemble
2026-05-02,08,0,wk inc flu hosp,2026-05-02,quantile,0.01,6,Colorado,Ensemble
2026-05-02,08,0,wk inc flu hosp,2026-05-02,quantile,0.025,7,Colorado,Ensemble
2026-05-02,08,0,wk inc flu hosp,2026-05-02,quantile,0.05,9,Colorado,Ensemble
2026-05-02,08,0,wk inc flu hosp,2026-05-02,quantile,0.1,12,Colorado,Ensemble
2026-05-02,08,0,wk inc flu hosp,2026-05-02,quantile,0.15,15,Colorado,Ensemble
2026-05-02,08,0,wk inc flu hosp,2026-05-02,quantile,0.2,17,Colorado,Ensemble
2026-05-02,08,0,wk inc flu hosp,2026-05-02,quantile,0.25,19,Colorado,Ensemble
2026-05-02,08,0,wk inc flu hosp,2026-05-02,quantile,0.3,20,Colorado,Ensemble
2026-05-02,08,0,wk inc flu hosp,2026-05-02,quantile,0.35,22,Colorado,Ensemble
2026-05-02,08,0,wk inc flu hosp,2026-05-02,quantile,0.4,24,Colorado,Ensemble
2026-05-02,08,0,wk inc flu hosp,2026-05-02,quantile,0.45,26,Colorado,Ensemble
2026-05-02,08,0,wk inc flu hosp,2026-05-02,quantile,0.5,29,Colorado,Ensemble
2026-05-02,08,0,wk inc flu hosp,2026-05-02,quantile,0.55,32,Colorado,Ensemble
2026-05-02,08,0,wk inc flu hosp,2026-05-02,quantile,0.6,34,Colorado,Ensemble
2026-05-02,08,0,wk inc flu hosp,2026-05-02,quantile,0.65,36,Colorado,Ensemble
2026-05-02,08,0,wk inc flu hosp,2026-05-02,quantile,0.7,39,Colorado,Ensemble
2026-05-02,08,0,wk inc flu hosp,2026-05-02,quantile,0.75,41,Colorado,Ensemble
2026-05-02,08,0,wk inc flu hosp,2026-05-02,quantile,0.8,44,Colorado,Ensemble
2026-05-02,08,0,wk inc flu hosp,2026-05-02,quantile,0.85,48,Colorado,Ensemble
2026-05-02,08,0,wk inc flu hosp,2026-05-02,quantile,0.9,53,Colorado,Ensemble
2026-05-02,08,0,wk inc flu hosp,2026-05-02,quantile,0.95,64,Colorado,Ensemble
2026-05-02,08,0,wk inc flu hosp,2026-05-02,quantile,0.975,73,Colorado,Ensemble
2026-05-02,08,0,wk inc flu hosp,2026-05-02,quantile,0.99,86,Colorado,Ensemble
2026-05-02,08,1,wk inc flu hosp,2026-05-09,quantile,0.01,3,Colorado,Ensemble
2026-05-02,08,1,wk inc flu hosp,2026-05-09,quantile,0.025,5,Colorado,Ensemble
2026-05-02,08,1,wk inc flu hosp,2026-05-09,quantile,0.05,6,Colorado,Ensemble
2026-05-02,08,1,wk inc flu hosp,2026-05-09,quantile,0.1,9,Colorado,Ensemble
2026-05-02,08,1,wk inc flu hosp,2026-05-09,quantile,0.15,10,Colorado,Ensemble
2026-05-02,08,1,wk inc flu hosp,2026-05-09,quantile,0.2,12,Colorado,Ensemble
2026-05-02,08,1,wk inc flu hosp,2026-05-09,quantile,0.25,14,Colorado,Ensemble
2026-05-02,08,1,wk inc flu hosp,2026-05-09,quantile,0.3,16,Colorado,Ensemble
2026-05-02,08,1,wk inc flu hosp,2026-05-09,quantile,0.35,18,Colorado,Ensemble
2026-05-02,08,1,wk inc flu hosp,2026-05-09,quantile,0.4,20,Colorado,Ensemble
2026-05-02,08,1,wk inc flu hosp,2026-05-09,quantile,0.45,22,Colorado,Ensemble
2026-05-02,08,1,wk inc flu hosp,2026-05-09,quantile,0.5,26,Colorado,Ensemble
2026-05-02,08,1,wk inc flu hosp,2026-05-09,quantile,0.55,28,Colorado,Ensemble
2026-05-02,08,1,wk inc flu hosp,2026-05-09,quantile,0.6,31,Colorado,Ensemble
2026-05-02,08,1,wk inc flu hosp,2026-05-09,quantile,0.65,34,Colorado,Ensemble
2026-05-02,08,1,wk inc flu hosp,2026-05-09,quantile,0.7,37,Colorado,Ensemble
2026-05-02,08,1,wk inc flu hosp,2026-05-09,quantile,0.75,40,Colorado,Ensemble
2026-05-02,08,1,wk inc flu hosp,2026-05-09,quantile,0.8,44,Colorado,Ensemble
2026-05-02,08,1,wk inc flu hosp,2026-05-09,quantile,0.85,49,Colorado,Ensemble
2026-05-02,08,1,wk inc flu hosp,2026-05-09,quantile,0.9,57,Colorado,Ensemble
2026-05-02,08,1,wk inc flu hosp,2026-05-09,quantile,0.95,72,Colorado,Ensemble
2026-05-02,08,1,wk inc flu hosp,2026-05-09,quantile,0.975,85,Colorado,Ensemble
2026-05-02,08,1,wk inc flu hosp,2026-05-09,quantile,0.99,108,Colorado,Ensemble
2026-05-02,08,2,wk inc flu hosp,2026-05-16,quantile,0.01,2,Colorado,Ensemble
2026-05-02,08,2,wk inc flu hosp,2026-05-16,quantile,0.025,3,Colorado,Ensemble
2026-05-02,08,2,wk inc flu hosp,2026-05-16,quantile,0.05,4,Colorado,Ensemble
2026-05-02,08,2,wk inc flu hosp,2026-05-16,quantile,0.1,6,Colorado,Ensemble
2026-05-02,08,2,wk inc flu hosp,2026-05-16,quantile,0.15,7,Colorado,Ensemble
2026-05-02,08,2,wk inc flu hosp,2026-05-16,quantile,0.2,9,Colorado,Ensemble
2026-05-02,08,2,wk inc flu hosp,2026-05-16,quantile,0.25,10,Colorado,Ensemble
2026-05-02,08,2,wk inc flu hosp,2026-05-16,quantile,0.3,12,Colorado,Ensemble
2026-05-02,08,2,wk inc flu hosp,2026-05-16,quantile,0.35,15,Colorado,Ensemble
2026-05-02,08,2,wk inc flu hosp,2026-05-16,quantile,0.4,17,Colorado,Ensemble
2026-05-02,08,2,wk inc flu hosp,2026-05-16,quantile,0.45,19,Colorado,Ensemble
2026-05-02,08,2,wk inc flu hosp,2026-05-16,quantile,0.5,23,Colorado,Ensemble
2026-05-02,08,2,wk inc flu hosp,2026-05-16,quantile,0.55,26,Colorado,Ensemble
2026-05-02,08,2,wk inc flu hosp,2026-05-16,quantile,0.6,29,Colorado,Ensemble
2026-05-02,08,2,wk inc flu hosp,2026-05-16,quantile,0.65,32,Colorado,Ensemble
2026-05-02,08,2,wk inc flu hosp,2026-05-16,quantile,0.7,35,Colorado,Ensemble
2026-05-02,08,2,wk inc flu hosp,2026-05-16,quantile,0.75,39,Colorado,Ensemble
2026-05-02,08,2,wk inc flu hosp,2026-05-16,quantile,0.8,44,Colorado,Ensemble
2026-05-02,08,2,wk inc flu hosp,2026-05-16,quantile,0.85,51,Colorado,Ensemble
2026-05-02,08,2,wk inc flu hosp,2026-05-16,quantile,0.9,61,Colorado,Ensemble
2026-05-02,08,2,wk inc flu hosp,2026-05-16,quantile,0.95,78,Colorado,Ensemble
2026-05-02,08,2,wk inc flu hosp,2026-05-16,quantile,0.975,97,Colorado,Ensemble
2026-05-02,08,2,wk inc flu hosp,2026-05-16,quantile,0.99,129,Colorado,Ensemble
2026-05-02,08,3,wk inc flu hosp,2026-05-23,quantile,0.01,2,Colorado,Ensemble
2026-05-02,08,3,wk inc flu hosp,2026-05-23,quantile,0.025,2,Colorado,Ensemble
2026-05-02,08,3,wk inc flu hosp,2026-05-23,quantile,0.05,3,Colorado,Ensemble
2026-05-02,08,3,wk inc flu hosp,2026-05-23,quantile,0.1,5,Colorado,Ensemble
2026-05-02,08,3,wk inc flu hosp,2026-05-23,quantile,0.15,6,Colorado,Ensemble
2026-05-02,08,3,wk inc flu hosp,2026-05-23,quantile,0.2,7,Colorado,Ensemble
2026-05-02,08,3,wk inc flu hosp,2026-05-23,quantile,0.25,8,Colorado,Ensemble
2026-05-02,08,3,wk inc flu hosp,2026-05-23,quantile,0.3,10,Colorado,Ensemble
2026-05-02,08,3,wk inc flu hosp,2026-05-23,quantile,0.35,12,Colorado,Ensemble
2026-05-02,08,3,wk inc flu hosp,2026-05-23,quantile,0.4,14,Colorado,Ensemble
2026-05-02,08,3,wk inc flu hosp,2026-05-23,quantile,0.45,17,Colorado,Ensemble
2026-05-02,08,3,wk inc flu hosp,2026-05-23,quantile,0.5,20,Colorado,Ensemble
2026-05-02,08,3,wk inc flu hosp,2026-05-23,quantile,0.55,23,Colorado,Ensemble
2026-05-02,08,3,wk inc flu hosp,2026-05-23,quantile,0.6,27,Colorado,Ensemble
2026-05-02,08,3,wk inc flu hosp,2026-05-23,quantile,0.65,30,Colorado,Ensemble
2026-05-02,08,3,wk inc flu hosp,2026-05-23,quantile,0.7,34,Colorado,Ensemble
2026-05-02,08,3,wk inc flu hosp,2026-05-23,quantile,0.75,39,Colorado,Ensemble
2026-05-02,08,3,wk inc flu hosp,2026-05-23,quantile,0.8,45,Colorado,Ensemble
2026-05-02,08,3,wk inc flu hosp,2026-05-23,quantile,0.85,52,Colorado,Ensemble
2026-05-02,08,3,wk inc flu hosp,2026-05-23,quantile,0.9,64,Colorado,Ensemble
2026-05-02,08,3,wk inc flu hosp,2026-05-23,quantile,0.95,86,Colorado,Ensemble
2026-05-02,08,3,wk inc flu hosp,2026-05-23,quantile,0.975,107,Colorado,Ensemble
2026-05-02,08,3,wk inc flu hosp,2026-05-23,quantile,0.99,147,Colorado,Ensemble
2026-05-02,09,0,wk inc flu hosp,2026-05-02,quantile,0.01,2,Connecticut,Ensemble
2026-05-02,09,0,wk inc flu hosp,2026-05-02,quantile,0.025,3,Connecticut,Ensemble
2026-05-02,09,0,wk inc flu hosp,2026-05-02,quantile,0.05,4,Connecticut,Ensemble
2026-05-02,09,0,wk inc flu hosp,2026-05-02,quantile,0.1,5,Connecticut,Ensemble
2026-05-02,09,0,wk inc flu hosp,2026-05-02,quantile,0.15,7,Connecticut,Ensemble
2026-05-02,09,0,wk inc flu hosp,2026-05-02,quantile,0.2,7,Connecticut,Ensemble
2026-05-02,09,0,wk inc flu hosp,2026-05-02,quantile,0.25,8,Connecticut,Ensemble
2026-05-02,09,0,wk inc flu hosp,2026-05-02,quantile,0.3,9,Connecticut,Ensemble
2026-05-02,09,0,wk inc flu hosp,2026-05-02,quantile,0.35,10,Connecticut,Ensemble
2026-05-02,09,0,wk inc flu hosp,2026-05-02,quantile,0.4,11,Connecticut,Ensemble
2026-05-02,09,0,wk inc flu hosp,2026-05-02,quantile,0.45,13,Connecticut,Ensemble
2026-05-02,09,0,wk inc flu hosp,2026-05-02,quantile,0.5,15,Connecticut,Ensemble
2026-05-02,09,0,wk inc flu hosp,2026-05-02,quantile,0.55,16,Connecticut,Ensemble
2026-05-02,09,0,wk inc flu hosp,2026-05-02,quantile,0.6,17,Connecticut,Ensemble
2026-05-02,09,0,wk inc flu hosp,2026-05-02,quantile,0.65,18,Connecticut,Ensemble
2026-05-02,09,0,wk inc flu hosp,2026-05-02,quantile,0.7,20,Connecticut,Ensemble
2026-05-02,09,0,wk inc flu hosp,2026-05-02,quantile,0.75,22,Connecticut,Ensemble
2026-05-02,09,0,wk inc flu hosp,2026-05-02,quantile,0.8,23,Connecticut,Ensemble
2026-05-02,09,0,wk inc flu hosp,2026-05-02,quantile,0.85,26,Connecticut,Ensemble
2026-05-02,09,0,wk inc flu hosp,2026-05-02,quantile,0.9,29,Connecticut,Ensemble
2026-05-02,09,0,wk inc flu hosp,2026-05-02,quantile,0.95,36,Connecticut,Ensemble
2026-05-02,09,0,wk inc flu hosp,2026-05-02,quantile,0.975,43,Connecticut,Ensemble
2026-05-02,09,0,wk inc flu hosp,2026-05-02,quantile,0.99,53,Connecticut,Ensemble
2026-05-02,09,1,wk inc flu hosp,2026-05-09,quantile,0.01,1,Connecticut,Ensemble
2026-05-02,09,1,wk inc flu hosp,2026-05-09,quantile,0.025,2,Connecticut,Ensemble
2026-05-02,09,1,wk inc flu hosp,2026-05-09,quantile,0.05,2,Connecticut,Ensemble
2026-05-02,09,1,wk inc flu hosp,2026-05-09,quantile,0.1,3,Connecticut,Ensemble
2026-05-02,09,1,wk inc flu hosp,2026-05-09,quantile,0.15,4,Connecticut,Ensemble
2026-05-02,09,1,wk inc flu hosp,2026-05-09,quantile,0.2,5,Connecticut,Ensemble
2026-05-02,09,1,wk inc flu hosp,2026-05-09,quantile,0.25,6,Connecticut,Ensemble
2026-05-02,09,1,wk inc flu hosp,2026-05-09,quantile,0.3,7,Connecticut,Ensemble
2026-05-02,09,1,wk inc flu hosp,2026-05-09,quantile,0.35,8,Connecticut,Ensemble
2026-05-02,09,1,wk inc flu hosp,2026-05-09,quantile,0.4,9,Connecticut,Ensemble
2026-05-02,09,1,wk inc flu hosp,2026-05-09,quantile,0.45,10,Connecticut,Ensemble
2026-05-02,09,1,wk inc flu hosp,2026-05-09,quantile,0.5,12,Connecticut,Ensemble
2026-05-02,09,1,wk inc flu hosp,2026-05-09,quantile,0.55,14,Connecticut,Ensemble
2026-05-02,09,1,wk inc flu hosp,2026-05-09,quantile,0.6,15,Connecticut,Ensemble
2026-05-02,09,1,wk inc flu hosp,2026-05-09,quantile,0.65,17,Connecticut,Ensemble
2026-05-02,09,1,wk inc flu hosp,2026-05-09,quantile,0.7,18,Connecticut,Ensemble
2026-05-02,09,1,wk inc flu hosp,2026-05-09,quantile,0.75,20,Connecticut,Ensemble
2026-05-02,09,1,wk inc flu hosp,2026-05-09,quantile,0.8,23,Connecticut,Ensemble
2026-05-02,09,1,wk inc flu hosp,2026-05-09,quantile,0.85,27,Connecticut,Ensemble
2026-05-02,09,1,wk inc flu hosp,2026-05-09,quantile,0.9,32,Connecticut,Ensemble
2026-05-02,09,1,wk inc flu hosp,2026-05-09,quantile,0.95,41,Connecticut,Ensemble
2026-05-02,09,1,wk inc flu hosp,2026-05-09,quantile,0.975,52,Connecticut,Ensemble
2026-05-02,09,1,wk inc flu hosp,2026-05-09,quantile,0.99,65,Connecticut,Ensemble
2026-05-02,09,2,wk inc flu hosp,2026-05-16,quantile,0.01,1,Connecticut,Ensemble
2026-05-02,09,2,wk inc flu hosp,2026-05-16,quantile,0.025,1,Connecticut,Ensemble
2026-05-02,09,2,wk inc flu hosp,2026-05-16,quantile,0.05,2,Connecticut,Ensemble
2026-05-02,09,2,wk inc flu hosp,2026-05-16,quantile,0.1,2,Connecticut,Ensemble
2026-05-02,09,2,wk inc flu hosp,2026-05-16,quantile,0.15,3,Connecticut,Ensemble
2026-05-02,09,2,wk inc flu hosp,2026-05-16,quantile,0.2,4,Connecticut,Ensemble
2026-05-02,09,2,wk inc flu hosp,2026-05-16,quantile,0.25,5,Connecticut,Ensemble
2026-05-02,09,2,wk inc flu hosp,2026-05-16,quantile,0.3,6,Connecticut,Ensemble
2026-05-02,09,2,wk inc flu hosp,2026-05-16,quantile,0.35,7,Connecticut,Ensemble
2026-05-02,09,2,wk inc flu hosp,2026-05-16,quantile,0.4,7,Connecticut,Ensemble
2026-05-02,09,2,wk inc flu hosp,2026-05-16,quantile,0.45,8,Connecticut,Ensemble
2026-05-02,09,2,wk inc flu hosp,2026-05-16,quantile,0.5,10,Connecticut,Ensemble
2026-05-02,09,2,wk inc flu hosp,2026-05-16,quantile,0.55,12,Connecticut,Ensemble
2026-05-02,09,2,wk inc flu hosp,2026-05-16,quantile,0.6,14,Connecticut,Ensemble
2026-05-02,09,2,wk inc flu hosp,2026-05-16,quantile,0.65,16,Connecticut,Ensemble
2026-05-02,09,2,wk inc flu hosp,2026-05-16,quantile,0.7,18,Connecticut,Ensemble
2026-05-02,09,2,wk inc flu hosp,2026-05-16,quantile,0.75,20,Connecticut,Ensemble
2026-05-02,09,2,wk inc flu hosp,2026-05-16,quantile,0.8,24,Connecticut,Ensemble
2026-05-02,09,2,wk inc flu hosp,2026-05-16,quantile,0.85,28,Connecticut,Ensemble
2026-05-02,09,2,wk inc flu hosp,2026-05-16,quantile,0.9,35,Connecticut,Ensemble
2026-05-02,09,2,wk inc flu hosp,2026-05-16,quantile,0.95,47,Connecticut,Ensemble
2026-05-02,09,2,wk inc flu hosp,2026-05-16,quantile,0.975,60,Connecticut,Ensemble
2026-05-02,09,2,wk inc flu hosp,2026-05-16,quantile,0.99,76,Connecticut,Ensemble
2026-05-02,09,3,wk inc flu hosp,2026-05-23,quantile,0.01,0,Connecticut,Ensemble
2026-05-02,09,3,wk inc flu hosp,2026-05-23,quantile,0.025,1,Connecticut,Ensemble
2026-05-02,09,3,wk inc flu hosp,2026-05-23,quantile,0.05,1,Connecticut,Ensemble
2026-05-02,09,3,wk inc flu hosp,2026-05-23,quantile,0.1,2,Connecticut,Ensemble
2026-05-02,09,3,wk inc flu hosp,2026-05-23,quantile,0.15,2,Connecticut,Ensemble
2026-05-02,09,3,wk inc flu hosp,2026-05-23,quantile,0.2,3,Connecticut,Ensemble
2026-05-02,09,3,wk inc flu hosp,2026-05-23,quantile,0.25,4,Connecticut,Ensemble
2026-05-02,09,3,wk inc flu hosp,2026-05-23,quantile,0.3,5,Connecticut,Ensemble
2026-05-02,09,3,wk inc flu hosp,2026-05-23,quantile,0.35,5,Connecticut,Ensemble
2026-05-02,09,3,wk inc flu hosp,2026-05-23,quantile,0.4,6,Connecticut,Ensemble
2026-05-02,09,3,wk inc flu hosp,2026-05-23,quantile,0.45,7,Connecticut,Ensemble
2026-05-02,09,3,wk inc flu hosp,2026-05-23,quantile,0.5,9,Connecticut,Ensemble
2026-05-02,09,3,wk inc flu hosp,2026-05-23,quantile,0.55,11,Connecticut,Ensemble
2026-05-02,09,3,wk inc flu hosp,2026-05-23,quantile,0.6,12,Connecticut,Ensemble
2026-05-02,09,3,wk inc flu hosp,2026-05-23,quantile,0.65,14,Connecticut,Ensemble
2026-05-02,09,3,wk inc flu hosp,2026-05-23,quantile,0.7,17,Connecticut,Ensemble
2026-05-02,09,3,wk inc flu hosp,2026-05-23,quantile,0.75,20,Connecticut,Ensemble
2026-05-02,09,3,wk inc flu hosp,2026-05-23,quantile,0.8,23,Connecticut,Ensemble
2026-05-02,09,3,wk inc flu hosp,2026-05-23,quantile,0.85,29,Connecticut,Ensemble
2026-05-02,09,3,wk inc flu hosp,2026-05-23,quantile,0.9,37,Connecticut,Ensemble
2026-05-02,09,3,wk inc flu hosp,2026-05-23,quantile,0.95,52,Connecticut,Ensemble
2026-05-02,09,3,wk inc flu hosp,2026-05-23,quantile,0.975,67,Connecticut,Ensemble
2026-05-02,09,3,wk inc flu hosp,2026-05-23,quantile,0.99,88,Connecticut,Ensemble
2026-05-02,10,0,wk inc flu hosp,2026-05-02,quantile,0.01,0,Delaware,Ensemble
2026-05-02,10,0,wk inc flu hosp,2026-05-02,quantile,0.025,0,Delaware,Ensemble
2026-05-02,10,0,wk inc flu hosp,2026-05-02,quantile,0.05,0,Delaware,Ensemble
2026-05-02,10,0,wk inc flu hosp,2026-05-02,quantile,0.1,0,Delaware,Ensemble
2026-05-02,10,0,wk inc flu hosp,2026-05-02,quantile,0.15,1,Delaware,Ensemble
2026-05-02,10,0,wk inc flu hosp,2026-05-02,quantile,0.2,1,Delaware,Ensemble
2026-05-02,10,0,wk inc flu hosp,2026-05-02,quantile,0.25,1,Delaware,Ensemble
2026-05-02,10,0,wk inc flu hosp,2026-05-02,quantile,0.3,1,Delaware,Ensemble
2026-05-02,10,0,wk inc flu hosp,2026-05-02,quantile,0.35,1,Delaware,Ensemble
2026-05-02,10,0,wk inc flu hosp,2026-05-02,quantile,0.4,2,Delaware,Ensemble
2026-05-02,10,0,wk inc flu hosp,2026-05-02,quantile,0.45,2,Delaware,Ensemble
2026-05-02,10,0,wk inc flu hosp,2026-05-02,quantile,0.5,3,Delaware,Ensemble
2026-05-02,10,0,wk inc flu hosp,2026-05-02,quantile,0.55,4,Delaware,Ensemble
2026-05-02,10,0,wk inc flu hosp,2026-05-02,quantile,0.6,4,Delaware,Ensemble
2026-05-02,10,0,wk inc flu hosp,2026-05-02,quantile,0.65,4,Delaware,Ensemble
2026-05-02,10,0,wk inc flu hosp,2026-05-02,quantile,0.7,5,Delaware,Ensemble
2026-05-02,10,0,wk inc flu hosp,2026-05-02,quantile,0.75,6,Delaware,Ensemble
2026-05-02,10,0,wk inc flu hosp,2026-05-02,quantile,0.8,6,Delaware,Ensemble
2026-05-02,10,0,wk inc flu hosp,2026-05-02,quantile,0.85,7,Delaware,Ensemble
2026-05-02,10,0,wk inc flu hosp,2026-05-02,quantile,0.9,8,Delaware,Ensemble
2026-05-02,10,0,wk inc flu hosp,2026-05-02,quantile,0.95,11,Delaware,Ensemble
2026-05-02,10,0,wk inc flu hosp,2026-05-02,quantile,0.975,13,Delaware,Ensemble
2026-05-02,10,0,wk inc flu hosp,2026-05-02,quantile,0.99,16,Delaware,Ensemble
2026-05-02,10,1,wk inc flu hosp,2026-05-09,quantile,0.01,0,Delaware,Ensemble
2026-05-02,10,1,wk inc flu hosp,2026-05-09,quantile,0.025,0,Delaware,Ensemble
2026-05-02,10,1,wk inc flu hosp,2026-05-09,quantile,0.05,0,Delaware,Ensemble
2026-05-02,10,1,wk inc flu hosp,2026-05-09,quantile,0.1,0,Delaware,Ensemble
2026-05-02,10,1,wk inc flu hosp,2026-05-09,quantile,0.15,0,Delaware,Ensemble
2026-05-02,10,1,wk inc flu hosp,2026-05-09,quantile,0.2,0,Delaware,Ensemble
2026-05-02,10,1,wk inc flu hosp,2026-05-09,quantile,0.25,0,Delaware,Ensemble
2026-05-02,10,1,wk inc flu hosp,2026-05-09,quantile,0.3,1,Delaware,Ensemble
2026-05-02,10,1,wk inc flu hosp,2026-05-09,quantile,0.35,1,Delaware,Ensemble
2026-05-02,10,1,wk inc flu hosp,2026-05-09,quantile,0.4,1,Delaware,Ensemble
2026-05-02,10,1,wk inc flu hosp,2026-05-09,quantile,0.45,1,Delaware,Ensemble
2026-05-02,10,1,wk inc flu hosp,2026-05-09,quantile,0.5,3,Delaware,Ensemble
2026-05-02,10,1,wk inc flu hosp,2026-05-09,quantile,0.55,3,Delaware,Ensemble
2026-05-02,10,1,wk inc flu hosp,2026-05-09,quantile,0.6,4,Delaware,Ensemble
2026-05-02,10,1,wk inc flu hosp,2026-05-09,quantile,0.65,4,Delaware,Ensemble
2026-05-02,10,1,wk inc flu hosp,2026-05-09,quantile,0.7,5,Delaware,Ensemble
2026-05-02,10,1,wk inc flu hosp,2026-05-09,quantile,0.75,5,Delaware,Ensemble
2026-05-02,10,1,wk inc flu hosp,2026-05-09,quantile,0.8,6,Delaware,Ensemble
2026-05-02,10,1,wk inc flu hosp,2026-05-09,quantile,0.85,7,Delaware,Ensemble
2026-05-02,10,1,wk inc flu hosp,2026-05-09,quantile,0.9,9,Delaware,Ensemble
2026-05-02,10,1,wk inc flu hosp,2026-05-09,quantile,0.95,11,Delaware,Ensemble
2026-05-02,10,1,wk inc flu hosp,2026-05-09,quantile,0.975,15,Delaware,Ensemble
2026-05-02,10,1,wk inc flu hosp,2026-05-09,quantile,0.99,19,Delaware,Ensemble
2026-05-02,10,2,wk inc flu hosp,2026-05-16,quantile,0.01,0,Delaware,Ensemble
2026-05-02,10,2,wk inc flu hosp,2026-05-16,quantile,0.025,0,Delaware,Ensemble
2026-05-02,10,2,wk inc flu hosp,2026-05-16,quantile,0.05,0,Delaware,Ensemble
2026-05-02,10,2,wk inc flu hosp,2026-05-16,quantile,0.1,0,Delaware,Ensemble
2026-05-02,10,2,wk inc flu hosp,2026-05-16,quantile,0.15,0,Delaware,Ensemble
2026-05-02,10,2,wk inc flu hosp,2026-05-16,quantile,0.2,0,Delaware,Ensemble
2026-05-02,10,2,wk inc flu hosp,2026-05-16,quantile,0.25,0,Delaware,Ensemble
2026-05-02,10,2,wk inc flu hosp,2026-05-16,quantile,0.3,1,Delaware,Ensemble
2026-05-02,10,2,wk inc flu hosp,2026-05-16,quantile,0.35,1,Delaware,Ensemble
2026-05-02,10,2,wk inc flu hosp,2026-05-16,quantile,0.4,1,Delaware,Ensemble
2026-05-02,10,2,wk inc flu hosp,2026-05-16,quantile,0.45,1,Delaware,Ensemble
2026-05-02,10,2,wk inc flu hosp,2026-05-16,quantile,0.5,3,Delaware,Ensemble
2026-05-02,10,2,wk inc flu hosp,2026-05-16,quantile,0.55,3,Delaware,Ensemble
2026-05-02,10,2,wk inc flu hosp,2026-05-16,quantile,0.6,4,Delaware,Ensemble
2026-05-02,10,2,wk inc flu hosp,2026-05-16,quantile,0.65,4,Delaware,Ensemble
2026-05-02,10,2,wk inc flu hosp,2026-05-16,quantile,0.7,5,Delaware,Ensemble
2026-05-02,10,2,wk inc flu hosp,2026-05-16,quantile,0.75,6,Delaware,Ensemble
2026-05-02,10,2,wk inc flu hosp,2026-05-16,quantile,0.8,7,Delaware,Ensemble
2026-05-02,10,2,wk inc flu hosp,2026-05-16,quantile,0.85,8,Delaware,Ensemble
2026-05-02,10,2,wk inc flu hosp,2026-05-16,quantile,0.9,10,Delaware,Ensemble
2026-05-02,10,2,wk inc flu hosp,2026-05-16,quantile,0.95,14,Delaware,Ensemble
2026-05-02,10,2,wk inc flu hosp,2026-05-16,quantile,0.975,17,Delaware,Ensemble
2026-05-02,10,2,wk inc flu hosp,2026-05-16,quantile,0.99,23,Delaware,Ensemble
2026-05-02,10,3,wk inc flu hosp,2026-05-23,quantile,0.01,0,Delaware,Ensemble
2026-05-02,10,3,wk inc flu hosp,2026-05-23,quantile,0.025,0,Delaware,Ensemble
2026-05-02,10,3,wk inc flu hosp,2026-05-23,quantile,0.05,0,Delaware,Ensemble
2026-05-02,10,3,wk inc flu hosp,2026-05-23,quantile,0.1,0,Delaware,Ensemble
2026-05-02,10,3,wk inc flu hosp,2026-05-23,quantile,0.15,0,Delaware,Ensemble
2026-05-02,10,3,wk inc flu hosp,2026-05-23,quantile,0.2,0,Delaware,Ensemble
2026-05-02,10,3,wk inc flu hosp,2026-05-23,quantile,0.25,0,Delaware,Ensemble
2026-05-02,10,3,wk inc flu hosp,2026-05-23,quantile,0.3,0,Delaware,Ensemble
2026-05-02,10,3,wk inc flu hosp,2026-05-23,quantile,0.35,1,Delaware,Ensemble
2026-05-02,10,3,wk inc flu hosp,2026-05-23,quantile,0.4,1,Delaware,Ensemble
2026-05-02,10,3,wk inc flu hosp,2026-05-23,quantile,0.45,1,Delaware,Ensemble
2026-05-02,10,3,wk inc flu hosp,2026-05-23,quantile,0.5,2,Delaware,Ensemble
2026-05-02,10,3,wk inc flu hosp,2026-05-23,quantile,0.55,3,Delaware,Ensemble
2026-05-02,10,3,wk inc flu hosp,2026-05-23,quantile,0.6,3,Delaware,Ensemble
2026-05-02,10,3,wk inc flu hosp,2026-05-23,quantile,0.65,4,Delaware,Ensemble
2026-05-02,10,3,wk inc flu hosp,2026-05-23,quantile,0.7,5,Delaware,Ensemble
2026-05-02,10,3,wk inc flu hosp,2026-05-23,quantile,0.75,6,Delaware,Ensemble
2026-05-02,10,3,wk inc flu hosp,2026-05-23,quantile,0.8,7,Delaware,Ensemble
2026-05-02,10,3,wk inc flu hosp,2026-05-23,quantile,0.85,8,Delaware,Ensemble
2026-05-02,10,3,wk inc flu hosp,2026-05-23,quantile,0.9,11,Delaware,Ensemble
2026-05-02,10,3,wk inc flu hosp,2026-05-23,quantile,0.95,15,Delaware,Ensemble
2026-05-02,10,3,wk inc flu hosp,2026-05-23,quantile,0.975,19,Delaware,Ensemble
2026-05-02,10,3,wk inc flu hosp,2026-05-23,quantile,0.99,26,Delaware,Ensemble
2026-05-02,11,0,wk inc flu hosp,2026-05-02,quantile,0.01,0,District of Columbia,Ensemble
2026-05-02,11,0,wk inc flu hosp,2026-05-02,quantile,0.025,0,District of Columbia,Ensemble
2026-05-02,11,0,wk inc flu hosp,2026-05-02,quantile,0.05,0,District of Columbia,Ensemble
2026-05-02,11,0,wk inc flu hosp,2026-05-02,quantile,0.1,0,District of Columbia,Ensemble
2026-05-02,11,0,wk inc flu hosp,2026-05-02,quantile,0.15,0,District of Columbia,Ensemble
2026-05-02,11,0,wk inc flu hosp,2026-05-02,quantile,0.2,0,District of Columbia,Ensemble
2026-05-02,11,0,wk inc flu hosp,2026-05-02,quantile,0.25,0,District of Columbia,Ensemble
2026-05-02,11,0,wk inc flu hosp,2026-05-02,quantile,0.3,0,District of Columbia,Ensemble
2026-05-02,11,0,wk inc flu hosp,2026-05-02,quantile,0.35,0,District of Columbia,Ensemble
2026-05-02,11,0,wk inc flu hosp,2026-05-02,quantile,0.4,0,District of Columbia,Ensemble
2026-05-02,11,0,wk inc flu hosp,2026-05-02,quantile,0.45,1,District of Columbia,Ensemble
2026-05-02,11,0,wk inc flu hosp,2026-05-02,quantile,0.5,2,District of Columbia,Ensemble
2026-05-02,11,0,wk inc flu hosp,2026-05-02,quantile,0.55,2,District of Columbia,Ensemble
2026-05-02,11,0,wk inc flu hosp,2026-05-02,quantile,0.6,2,District of Columbia,Ensemble
2026-05-02,11,0,wk inc flu hosp,2026-05-02,quantile,0.65,3,District of Columbia,Ensemble
2026-05-02,11,0,wk inc flu hosp,2026-05-02,quantile,0.7,3,District of Columbia,Ensemble
2026-05-02,11,0,wk inc flu hosp,2026-05-02,quantile,0.75,4,District of Columbia,Ensemble
2026-05-02,11,0,wk inc flu hosp,2026-05-02,quantile,0.8,4,District of Columbia,Ensemble
2026-05-02,11,0,wk inc flu hosp,2026-05-02,quantile,0.85,5,District of Columbia,Ensemble
2026-05-02,11,0,wk inc flu hosp,2026-05-02,quantile,0.9,6,District of Columbia,Ensemble
2026-05-02,11,0,wk inc flu hosp,2026-05-02,quantile,0.95,8,District of Columbia,Ensemble
2026-05-02,11,0,wk inc flu hosp,2026-05-02,quantile,0.975,10,District of Columbia,Ensemble
2026-05-02,11,0,wk inc flu hosp,2026-05-02,quantile,0.99,13,District of Columbia,Ensemble
2026-05-02,11,1,wk inc flu hosp,2026-05-09,quantile,0.01,0,District of Columbia,Ensemble
2026-05-02,11,1,wk inc flu hosp,2026-05-09,quantile,0.025,0,District of Columbia,Ensemble
2026-05-02,11,1,wk inc flu hosp,2026-05-09,quantile,0.05,0,District of Columbia,Ensemble
2026-05-02,11,1,wk inc flu hosp,2026-05-09,quantile,0.1,0,District of Columbia,Ensemble
2026-05-02,11,1,wk inc flu hosp,2026-05-09,quantile,0.15,0,District of Columbia,Ensemble
2026-05-02,11,1,wk inc flu hosp,2026-05-09,quantile,0.2,0,District of Columbia,Ensemble
2026-05-02,11,1,wk inc flu hosp,2026-05-09,quantile,0.25,0,District of Columbia,Ensemble
2026-05-02,11,1,wk inc flu hosp,2026-05-09,quantile,0.3,0,District of Columbia,Ensemble
2026-05-02,11,1,wk inc flu hosp,2026-05-09,quantile,0.35,0,District of Columbia,Ensemble
2026-05-02,11,1,wk inc flu hosp,2026-05-09,quantile,0.4,0,District of Columbia,Ensemble
2026-05-02,11,1,wk inc flu hosp,2026-05-09,quantile,0.45,1,District of Columbia,Ensemble
2026-05-02,11,1,wk inc flu hosp,2026-05-09,quantile,0.5,2,District of Columbia,Ensemble
2026-05-02,11,1,wk inc flu hosp,2026-05-09,quantile,0.55,2,District of Columbia,Ensemble
2026-05-02,11,1,wk inc flu hosp,2026-05-09,quantile,0.6,2,District of Columbia,Ensemble
2026-05-02,11,1,wk inc flu hosp,2026-05-09,quantile,0.65,3,District of Columbia,Ensemble
2026-05-02,11,1,wk inc flu hosp,2026-05-09,quantile,0.7,3,District of Columbia,Ensemble
2026-05-02,11,1,wk inc flu hosp,2026-05-09,quantile,0.75,4,District of Columbia,Ensemble
2026-05-02,11,1,wk inc flu hosp,2026-05-09,quantile,0.8,4,District of Columbia,Ensemble
2026-05-02,11,1,wk inc flu hosp,2026-05-09,quantile,0.85,5,District of Columbia,Ensemble
2026-05-02,11,1,wk inc flu hosp,2026-05-09,quantile,0.9,6,District of Columbia,Ensemble
2026-05-02,11,1,wk inc flu hosp,2026-05-09,quantile,0.95,8,District of Columbia,Ensemble
2026-05-02,11,1,wk inc flu hosp,2026-05-09,quantile,0.975,11,District of Columbia,Ensemble
2026-05-02,11,1,wk inc flu hosp,2026-05-09,quantile,0.99,15,District of Columbia,Ensemble
2026-05-02,11,2,wk inc flu hosp,2026-05-16,quantile,0.01,0,District of Columbia,Ensemble
2026-05-02,11,2,wk inc flu hosp,2026-05-16,quantile,0.025,0,District of Columbia,Ensemble
2026-05-02,11,2,wk inc flu hosp,2026-05-16,quantile,0.05,0,District of Columbia,Ensemble
2026-05-02,11,2,wk inc flu hosp,2026-05-16,quantile,0.1,0,District of Columbia,Ensemble
2026-05-02,11,2,wk inc flu hosp,2026-05-16,quantile,0.15,0,District of Columbia,Ensemble
2026-05-02,11,2,wk inc flu hosp,2026-05-16,quantile,0.2,0,District of Columbia,Ensemble
2026-05-02,11,2,wk inc flu hosp,2026-05-16,quantile,0.25,0,District of Columbia,Ensemble
2026-05-02,11,2,wk inc flu hosp,2026-05-16,quantile,0.3,0,District of Columbia,Ensemble
2026-05-02,11,2,wk inc flu hosp,2026-05-16,quantile,0.35,0,District of Columbia,Ensemble
2026-05-02,11,2,wk inc flu hosp,2026-05-16,quantile,0.4,0,District of Columbia,Ensemble
2026-05-02,11,2,wk inc flu hosp,2026-05-16,quantile,0.45,0,District of Columbia,Ensemble
2026-05-02,11,2,wk inc flu hosp,2026-05-16,quantile,0.5,2,District of Columbia,Ensemble
2026-05-02,11,2,wk inc flu hosp,2026-05-16,quantile,0.55,2,District of Columbia,Ensemble
2026-05-02,11,2,wk inc flu hosp,2026-05-16,quantile,0.6,2,District of Columbia,Ensemble
2026-05-02,11,2,wk inc flu hosp,2026-05-16,quantile,0.65,2,District of Columbia,Ensemble
2026-05-02,11,2,wk inc flu hosp,2026-05-16,quantile,0.7,3,District of Columbia,Ensemble
2026-05-02,11,2,wk inc flu hosp,2026-05-16,quantile,0.75,4,District of Columbia,Ensemble
2026-05-02,11,2,wk inc flu hosp,2026-05-16,quantile,0.8,4,District of Columbia,Ensemble
2026-05-02,11,2,wk inc flu hosp,2026-05-16,quantile,0.85,5,District of Columbia,Ensemble
2026-05-02,11,2,wk inc flu hosp,2026-05-16,quantile,0.9,7,District of Columbia,Ensemble
2026-05-02,11,2,wk inc flu hosp,2026-05-16,quantile,0.95,9,District of Columbia,Ensemble
2026-05-02,11,2,wk inc flu hosp,2026-05-16,quantile,0.975,12,District of Columbia,Ensemble
2026-05-02,11,2,wk inc flu hosp,2026-05-16,quantile,0.99,18,District of Columbia,Ensemble
2026-05-02,11,3,wk inc flu hosp,2026-05-23,quantile,0.01,0,District of Columbia,Ensemble
2026-05-02,11,3,wk inc flu hosp,2026-05-23,quantile,0.025,0,District of Columbia,Ensemble
2026-05-02,11,3,wk inc flu hosp,2026-05-23,quantile,0.05,0,District of Columbia,Ensemble
2026-05-02,11,3,wk inc flu hosp,2026-05-23,quantile,0.1,0,District of Columbia,Ensemble
2026-05-02,11,3,wk inc flu hosp,2026-05-23,quantile,0.15,0,District of Columbia,Ensemble
2026-05-02,11,3,wk inc flu hosp,2026-05-23,quantile,0.2,0,District of Columbia,Ensemble
2026-05-02,11,3,wk inc flu hosp,2026-05-23,quantile,0.25,0,District of Columbia,Ensemble
2026-05-02,11,3,wk inc flu hosp,2026-05-23,quantile,0.3,0,District of Columbia,Ensemble
2026-05-02,11,3,wk inc flu hosp,2026-05-23,quantile,0.35,0,District of Columbia,Ensemble
2026-05-02,11,3,wk inc flu hosp,2026-05-23,quantile,0.4,0,District of Columbia,Ensemble
2026-05-02,11,3,wk inc flu hosp,2026-05-23,quantile,0.45,0,District of Columbia,Ensemble
2026-05-02,11,3,wk inc flu hosp,2026-05-23,quantile,0.5,2,District of Columbia,Ensemble
2026-05-02,11,3,wk inc flu hosp,2026-05-23,quantile,0.55,2,District of Columbia,Ensemble
2026-05-02,11,3,wk inc flu hosp,2026-05-23,quantile,0.6,2,District of Columbia,Ensemble
2026-05-02,11,3,wk inc flu hosp,2026-05-23,quantile,0.65,3,District of Columbia,Ensemble
2026-05-02,11,3,wk inc flu hosp,2026-05-23,quantile,0.7,3,District of Columbia,Ensemble
2026-05-02,11,3,wk inc flu hosp,2026-05-23,quantile,0.75,4,District of Columbia,Ensemble
2026-05-02,11,3,wk inc flu hosp,2026-05-23,quantile,0.8,5,District of Columbia,Ensemble
2026-05-02,11,3,wk inc flu hosp,2026-05-23,quantile,0.85,6,District of Columbia,Ensemble
2026-05-02,11,3,wk inc flu hosp,2026-05-23,quantile,0.9,8,District of Columbia,Ensemble
2026-05-02,11,3,wk inc flu hosp,2026-05-23,quantile,0.95,11,District of Columbia,Ensemble
2026-05-02,11,3,wk inc flu hosp,2026-05-23,quantile,0.975,15,District of Columbia,Ensemble
2026-05-02,11,3,wk inc flu hosp,2026-05-23,quantile,0.99,22,District of Columbia,Ensemble
2026-05-02,12,0,wk inc flu hosp,2026-05-02,quantile,0.01,53,Florida,Ensemble
2026-05-02,12,0,wk inc flu hosp,2026-05-02,quantile,0.025,64,Florida,Ensemble
2026-05-02,12,0,wk inc flu hosp,2026-05-02,quantile,0.05,75,Florida,Ensemble
2026-05-02,12,0,wk inc flu hosp,2026-05-02,quantile,0.1,88,Florida,Ensemble
2026-05-02,12,0,wk inc flu hosp,2026-05-02,quantile,0.15,100,Florida,Ensemble
2026-05-02,12,0,wk inc flu hosp,2026-05-02,quantile,0.2,110,Florida,Ensemble
2026-05-02,12,0,wk inc flu hosp,2026-05-02,quantile,0.25,118,Florida,Ensemble
2026-05-02,12,0,wk inc flu hosp,2026-05-02,quantile,0.3,125,Florida,Ensemble
2026-05-02,12,0,wk inc flu hosp,2026-05-02,quantile,0.35,133,Florida,Ensemble
2026-05-02,12,0,wk inc flu hosp,2026-05-02,quantile,0.4,139,Florida,Ensemble
2026-05-02,12,0,wk inc flu hosp,2026-05-02,quantile,0.45,147,Florida,Ensemble
2026-05-02,12,0,wk inc flu hosp,2026-05-02,quantile,0.5,155,Florida,Ensemble
2026-05-02,12,0,wk inc flu hosp,2026-05-02,quantile,0.55,163,Florida,Ensemble
2026-05-02,12,0,wk inc flu hosp,2026-05-02,quantile,0.6,171,Florida,Ensemble
2026-05-02,12,0,wk inc flu hosp,2026-05-02,quantile,0.65,179,Florida,Ensemble
2026-05-02,12,0,wk inc flu hosp,2026-05-02,quantile,0.7,187,Florida,Ensemble
2026-05-02,12,0,wk inc flu hosp,2026-05-02,quantile,0.75,197,Florida,Ensemble
2026-05-02,12,0,wk inc flu hosp,2026-05-02,quantile,0.8,208,Florida,Ensemble
2026-05-02,12,0,wk inc flu hosp,2026-05-02,quantile,0.85,222,Florida,Ensemble
2026-05-02,12,0,wk inc flu hosp,2026-05-02,quantile,0.9,242,Florida,Ensemble
2026-05-02,12,0,wk inc flu hosp,2026-05-02,quantile,0.95,276,Florida,Ensemble
2026-05-02,12,0,wk inc flu hosp,2026-05-02,quantile,0.975,310,Florida,Ensemble
2026-05-02,12,0,wk inc flu hosp,2026-05-02,quantile,0.99,357,Florida,Ensemble
2026-05-02,12,1,wk inc flu hosp,2026-05-09,quantile,0.01,38,Florida,Ensemble
2026-05-02,12,1,wk inc flu hosp,2026-05-09,quantile,0.025,45,Florida,Ensemble
2026-05-02,12,1,wk inc flu hosp,2026-05-09,quantile,0.05,53,Florida,Ensemble
2026-05-02,12,1,wk inc flu hosp,2026-05-09,quantile,0.1,66,Florida,Ensemble
2026-05-02,12,1,wk inc flu hosp,2026-05-09,quantile,0.15,78,Florida,Ensemble
2026-05-02,12,1,wk inc flu hosp,2026-05-09,quantile,0.2,88,Florida,Ensemble
2026-05-02,12,1,wk inc flu hosp,2026-05-09,quantile,0.25,97,Florida,Ensemble
2026-05-02,12,1,wk inc flu hosp,2026-05-09,quantile,0.3,106,Florida,Ensemble
2026-05-02,12,1,wk inc flu hosp,2026-05-09,quantile,0.35,114,Florida,Ensemble
2026-05-02,12,1,wk inc flu hosp,2026-05-09,quantile,0.4,122,Florida,Ensemble
2026-05-02,12,1,wk inc flu hosp,2026-05-09,quantile,0.45,130,Florida,Ensemble
2026-05-02,12,1,wk inc flu hosp,2026-05-09,quantile,0.5,139,Florida,Ensemble
2026-05-02,12,1,wk inc flu hosp,2026-05-09,quantile,0.55,149,Florida,Ensemble
2026-05-02,12,1,wk inc flu hosp,2026-05-09,quantile,0.6,158,Florida,Ensemble
2026-05-02,12,1,wk inc flu hosp,2026-05-09,quantile,0.65,167,Florida,Ensemble
2026-05-02,12,1,wk inc flu hosp,2026-05-09,quantile,0.7,178,Florida,Ensemble
2026-05-02,12,1,wk inc flu hosp,2026-05-09,quantile,0.75,189,Florida,Ensemble
2026-05-02,12,1,wk inc flu hosp,2026-05-09,quantile,0.8,203,Florida,Ensemble
2026-05-02,12,1,wk inc flu hosp,2026-05-09,quantile,0.85,220,Florida,Ensemble
2026-05-02,12,1,wk inc flu hosp,2026-05-09,quantile,0.9,244,Florida,Ensemble
2026-05-02,12,1,wk inc flu hosp,2026-05-09,quantile,0.95,284,Florida,Ensemble
2026-05-02,12,1,wk inc flu hosp,2026-05-09,quantile,0.975,328,Florida,Ensemble
2026-05-02,12,1,wk inc flu hosp,2026-05-09,quantile,0.99,392,Florida,Ensemble
2026-05-02,12,2,wk inc flu hosp,2026-05-16,quantile,0.01,31,Florida,Ensemble
2026-05-02,12,2,wk inc flu hosp,2026-05-16,quantile,0.025,36,Florida,Ensemble
2026-05-02,12,2,wk inc flu hosp,2026-05-16,quantile,0.05,44,Florida,Ensemble
2026-05-02,12,2,wk inc flu hosp,2026-05-16,quantile,0.1,54,Florida,Ensemble
2026-05-02,12,2,wk inc flu hosp,2026-05-16,quantile,0.15,65,Florida,Ensemble
2026-05-02,12,2,wk inc flu hosp,2026-05-16,quantile,0.2,72,Florida,Ensemble
2026-05-02,12,2,wk inc flu hosp,2026-05-16,quantile,0.25,82,Florida,Ensemble
2026-05-02,12,2,wk inc flu hosp,2026-05-16,quantile,0.3,90,Florida,Ensemble
2026-05-02,12,2,wk inc flu hosp,2026-05-16,quantile,0.35,99,Florida,Ensemble
2026-05-02,12,2,wk inc flu hosp,2026-05-16,quantile,0.4,108,Florida,Ensemble
2026-05-02,12,2,wk inc flu hosp,2026-05-16,quantile,0.45,116,Florida,Ensemble
2026-05-02,12,2,wk inc flu hosp,2026-05-16,quantile,0.5,126,Florida,Ensemble
2026-05-02,12,2,wk inc flu hosp,2026-05-16,quantile,0.55,136,Florida,Ensemble
2026-05-02,12,2,wk inc flu hosp,2026-05-16,quantile,0.6,146,Florida,Ensemble
2026-05-02,12,2,wk inc flu hosp,2026-05-16,quantile,0.65,157,Florida,Ensemble
2026-05-02,12,2,wk inc flu hosp,2026-05-16,quantile,0.7,170,Florida,Ensemble
2026-05-02,12,2,wk inc flu hosp,2026-05-16,quantile,0.75,183,Florida,Ensemble
2026-05-02,12,2,wk inc flu hosp,2026-05-16,quantile,0.8,200,Florida,Ensemble
2026-05-02,12,2,wk inc flu hosp,2026-05-16,quantile,0.85,220,Florida,Ensemble
2026-05-02,12,2,wk inc flu hosp,2026-05-16,quantile,0.9,249,Florida,Ensemble
2026-05-02,12,2,wk inc flu hosp,2026-05-16,quantile,0.95,299,Florida,Ensemble
2026-05-02,12,2,wk inc flu hosp,2026-05-16,quantile,0.975,351,Florida,Ensemble
2026-05-02,12,2,wk inc flu hosp,2026-05-16,quantile,0.99,431,Florida,Ensemble
2026-05-02,12,3,wk inc flu hosp,2026-05-23,quantile,0.01,26,Florida,Ensemble
2026-05-02,12,3,wk inc flu hosp,2026-05-23,quantile,0.025,31,Florida,Ensemble
2026-05-02,12,3,wk inc flu hosp,2026-05-23,quantile,0.05,37,Florida,Ensemble
2026-05-02,12,3,wk inc flu hosp,2026-05-23,quantile,0.1,46,Florida,Ensemble
2026-05-02,12,3,wk inc flu hosp,2026-05-23,quantile,0.15,55,Florida,Ensemble
2026-05-02,12,3,wk inc flu hosp,2026-05-23,quantile,0.2,63,Florida,Ensemble
2026-05-02,12,3,wk inc flu hosp,2026-05-23,quantile,0.25,71,Florida,Ensemble
2026-05-02,12,3,wk inc flu hosp,2026-05-23,quantile,0.3,79,Florida,Ensemble
2026-05-02,12,3,wk inc flu hosp,2026-05-23,quantile,0.35,89,Florida,Ensemble
2026-05-02,12,3,wk inc flu hosp,2026-05-23,quantile,0.4,98,Florida,Ensemble
2026-05-02,12,3,wk inc flu hosp,2026-05-23,quantile,0.45,106,Florida,Ensemble
2026-05-02,12,3,wk inc flu hosp,2026-05-23,quantile,0.5,117,Florida,Ensemble
2026-05-02,12,3,wk inc flu hosp,2026-05-23,quantile,0.55,126,Florida,Ensemble
2026-05-02,12,3,wk inc flu hosp,2026-05-23,quantile,0.6,138,Florida,Ensemble
2026-05-02,12,3,wk inc flu hosp,2026-05-23,quantile,0.65,149,Florida,Ensemble
2026-05-02,12,3,wk inc flu hosp,2026-05-23,quantile,0.7,162,Florida,Ensemble
2026-05-02,12,3,wk inc flu hosp,2026-05-23,quantile,0.75,177,Florida,Ensemble
2026-05-02,12,3,wk inc flu hosp,2026-05-23,quantile,0.8,196,Florida,Ensemble
2026-05-02,12,3,wk inc flu hosp,2026-05-23,quantile,0.85,219,Florida,Ensemble
2026-05-02,12,3,wk inc flu hosp,2026-05-23,quantile,0.9,255,Florida,Ensemble
2026-05-02,12,3,wk inc flu hosp,2026-05-23,quantile,0.95,313,Florida,Ensemble
2026-05-02,12,3,wk inc flu hosp,2026-05-23,quantile,0.975,378,Florida,Ensemble
2026-05-02,12,3,wk inc flu hosp,2026-05-23,quantile,0.99,473,Florida,Ensemble
2026-05-02,13,0,wk inc flu hosp,2026-05-02,quantile,0.01,5,Georgia,Ensemble
2026-05-02,13,0,wk inc flu hosp,2026-05-02,quantile,0.025,6,Georgia,Ensemble
2026-05-02,13,0,wk inc flu hosp,2026-05-02,quantile,0.05,8,Georgia,Ensemble
2026-05-02,13,0,wk inc flu hosp,2026-05-02,quantile,0.1,10,Georgia,Ensemble
2026-05-02,13,0,wk inc flu hosp,2026-05-02,quantile,0.15,12,Georgia,Ensemble
2026-05-02,13,0,wk inc flu hosp,2026-05-02,quantile,0.2,13,Georgia,Ensemble
2026-05-02,13,0,wk inc flu hosp,2026-05-02,quantile,0.25,15,Georgia,Ensemble
2026-05-02,13,0,wk inc flu hosp,2026-05-02,quantile,0.3,16,Georgia,Ensemble
2026-05-02,13,0,wk inc flu hosp,2026-05-02,quantile,0.35,18,Georgia,Ensemble
2026-05-02,13,0,wk inc flu hosp,2026-05-02,quantile,0.4,20,Georgia,Ensemble
2026-05-02,13,0,wk inc flu hosp,2026-05-02,quantile,0.45,22,Georgia,Ensemble
2026-05-02,13,0,wk inc flu hosp,2026-05-02,quantile,0.5,25,Georgia,Ensemble
2026-05-02,13,0,wk inc flu hosp,2026-05-02,quantile,0.55,27,Georgia,Ensemble
2026-05-02,13,0,wk inc flu hosp,2026-05-02,quantile,0.6,29,Georgia,Ensemble
2026-05-02,13,0,wk inc flu hosp,2026-05-02,quantile,0.65,31,Georgia,Ensemble
2026-05-02,13,0,wk inc flu hosp,2026-05-02,quantile,0.7,33,Georgia,Ensemble
2026-05-02,13,0,wk inc flu hosp,2026-05-02,quantile,0.75,36,Georgia,Ensemble
2026-05-02,13,0,wk inc flu hosp,2026-05-02,quantile,0.8,39,Georgia,Ensemble
2026-05-02,13,0,wk inc flu hosp,2026-05-02,quantile,0.85,43,Georgia,Ensemble
2026-05-02,13,0,wk inc flu hosp,2026-05-02,quantile,0.9,49,Georgia,Ensemble
2026-05-02,13,0,wk inc flu hosp,2026-05-02,quantile,0.95,58,Georgia,Ensemble
2026-05-02,13,0,wk inc flu hosp,2026-05-02,quantile,0.975,68,Georgia,Ensemble
2026-05-02,13,0,wk inc flu hosp,2026-05-02,quantile,0.99,82,Georgia,Ensemble
2026-05-02,13,1,wk inc flu hosp,2026-05-09,quantile,0.01,3,Georgia,Ensemble
2026-05-02,13,1,wk inc flu hosp,2026-05-09,quantile,0.025,4,Georgia,Ensemble
2026-05-02,13,1,wk inc flu hosp,2026-05-09,quantile,0.05,5,Georgia,Ensemble
2026-05-02,13,1,wk inc flu hosp,2026-05-09,quantile,0.1,7,Georgia,Ensemble
2026-05-02,13,1,wk inc flu hosp,2026-05-09,quantile,0.15,8,Georgia,Ensemble
2026-05-02,13,1,wk inc flu hosp,2026-05-09,quantile,0.2,10,Georgia,Ensemble
2026-05-02,13,1,wk inc flu hosp,2026-05-09,quantile,0.25,11,Georgia,Ensemble
2026-05-02,13,1,wk inc flu hosp,2026-05-09,quantile,0.3,13,Georgia,Ensemble
2026-05-02,13,1,wk inc flu hosp,2026-05-09,quantile,0.35,14,Georgia,Ensemble
2026-05-02,13,1,wk inc flu hosp,2026-05-09,quantile,0.4,16,Georgia,Ensemble
2026-05-02,13,1,wk inc flu hosp,2026-05-09,quantile,0.45,18,Georgia,Ensemble
2026-05-02,13,1,wk inc flu hosp,2026-05-09,quantile,0.5,21,Georgia,Ensemble
2026-05-02,13,1,wk inc flu hosp,2026-05-09,quantile,0.55,23,Georgia,Ensemble
2026-05-02,13,1,wk inc flu hosp,2026-05-09,quantile,0.6,25,Georgia,Ensemble
2026-05-02,13,1,wk inc flu hosp,2026-05-09,quantile,0.65,28,Georgia,Ensemble
2026-05-02,13,1,wk inc flu hosp,2026-05-09,quantile,0.7,31,Georgia,Ensemble
2026-05-02,13,1,wk inc flu hosp,2026-05-09,quantile,0.75,34,Georgia,Ensemble
2026-05-02,13,1,wk inc flu hosp,2026-05-09,quantile,0.8,38,Georgia,Ensemble
2026-05-02,13,1,wk inc flu hosp,2026-05-09,quantile,0.85,44,Georgia,Ensemble
2026-05-02,13,1,wk inc flu hosp,2026-05-09,quantile,0.9,51,Georgia,Ensemble
2026-05-02,13,1,wk inc flu hosp,2026-05-09,quantile,0.95,64,Georgia,Ensemble
2026-05-02,13,1,wk inc flu hosp,2026-05-09,quantile,0.975,78,Georgia,Ensemble
2026-05-02,13,1,wk inc flu hosp,2026-05-09,quantile,0.99,98,Georgia,Ensemble
2026-05-02,13,2,wk inc flu hosp,2026-05-16,quantile,0.01,2,Georgia,Ensemble
2026-05-02,13,2,wk inc flu hosp,2026-05-16,quantile,0.025,3,Georgia,Ensemble
2026-05-02,13,2,wk inc flu hosp,2026-05-16,quantile,0.05,4,Georgia,Ensemble
2026-05-02,13,2,wk inc flu hosp,2026-05-16,quantile,0.1,5,Georgia,Ensemble
2026-05-02,13,2,wk inc flu hosp,2026-05-16,quantile,0.15,7,Georgia,Ensemble
2026-05-02,13,2,wk inc flu hosp,2026-05-16,quantile,0.2,8,Georgia,Ensemble
2026-05-02,13,2,wk inc flu hosp,2026-05-16,quantile,0.25,9,Georgia,Ensemble
2026-05-02,13,2,wk inc flu hosp,2026-05-16,quantile,0.3,10,Georgia,Ensemble
2026-05-02,13,2,wk inc flu hosp,2026-05-16,quantile,0.35,12,Georgia,Ensemble
2026-05-02,13,2,wk inc flu hosp,2026-05-16,quantile,0.4,13,Georgia,Ensemble
2026-05-02,13,2,wk inc flu hosp,2026-05-16,quantile,0.45,15,Georgia,Ensemble
2026-05-02,13,2,wk inc flu hosp,2026-05-16,quantile,0.5,18,Georgia,Ensemble
2026-05-02,13,2,wk inc flu hosp,2026-05-16,quantile,0.55,20,Georgia,Ensemble
2026-05-02,13,2,wk inc flu hosp,2026-05-16,quantile,0.6,22,Georgia,Ensemble
2026-05-02,13,2,wk inc flu hosp,2026-05-16,quantile,0.65,26,Georgia,Ensemble
2026-05-02,13,2,wk inc flu hosp,2026-05-16,quantile,0.7,29,Georgia,Ensemble
2026-05-02,13,2,wk inc flu hosp,2026-05-16,quantile,0.75,33,Georgia,Ensemble
2026-05-02,13,2,wk inc flu hosp,2026-05-16,quantile,0.8,37,Georgia,Ensemble
2026-05-02,13,2,wk inc flu hosp,2026-05-16,quantile,0.85,44,Georgia,Ensemble
2026-05-02,13,2,wk inc flu hosp,2026-05-16,quantile,0.9,53,Georgia,Ensemble
2026-05-02,13,2,wk inc flu hosp,2026-05-16,quantile,0.95,69,Georgia,Ensemble
2026-05-02,13,2,wk inc flu hosp,2026-05-16,quantile,0.975,87,Georgia,Ensemble
2026-05-02,13,2,wk inc flu hosp,2026-05-16,quantile,0.99,112,Georgia,Ensemble
2026-05-02,13,3,wk inc flu hosp,2026-05-23,quantile,0.01,2,Georgia,Ensemble
2026-05-02,13,3,wk inc flu hosp,2026-05-23,quantile,0.025,3,Georgia,Ensemble
2026-05-02,13,3,wk inc flu hosp,2026-05-23,quantile,0.05,3,Georgia,Ensemble
2026-05-02,13,3,wk inc flu hosp,2026-05-23,quantile,0.1,5,Georgia,Ensemble
2026-05-02,13,3,wk inc flu hosp,2026-05-23,quantile,0.15,6,Georgia,Ensemble
2026-05-02,13,3,wk inc flu hosp,2026-05-23,quantile,0.2,7,Georgia,Ensemble
2026-05-02,13,3,wk inc flu hosp,2026-05-23,quantile,0.25,8,Georgia,Ensemble
2026-05-02,13,3,wk inc flu hosp,2026-05-23,quantile,0.3,9,Georgia,Ensemble
2026-05-02,13,3,wk inc flu hosp,2026-05-23,quantile,0.35,10,Georgia,Ensemble
2026-05-02,13,3,wk inc flu hosp,2026-05-23,quantile,0.4,12,Georgia,Ensemble
2026-05-02,13,3,wk inc flu hosp,2026-05-23,quantile,0.45,13,Georgia,Ensemble
2026-05-02,13,3,wk inc flu hosp,2026-05-23,quantile,0.5,16,Georgia,Ensemble
2026-05-02,13,3,wk inc flu hosp,2026-05-23,quantile,0.55,18,Georgia,Ensemble
2026-05-02,13,3,wk inc flu hosp,2026-05-23,quantile,0.6,21,Georgia,Ensemble
2026-05-02,13,3,wk inc flu hosp,2026-05-23,quantile,0.65,24,Georgia,Ensemble
2026-05-02,13,3,wk inc flu hosp,2026-05-23,quantile,0.7,28,Georgia,Ensemble
2026-05-02,13,3,wk inc flu hosp,2026-05-23,quantile,0.75,32,Georgia,Ensemble
2026-05-02,13,3,wk inc flu hosp,2026-05-23,quantile,0.8,38,Georgia,Ensemble
2026-05-02,13,3,wk inc flu hosp,2026-05-23,quantile,0.85,45,Georgia,Ensemble
2026-05-02,13,3,wk inc flu hosp,2026-05-23,quantile,0.9,56,Georgia,Ensemble
2026-05-02,13,3,wk inc flu hosp,2026-05-23,quantile,0.95,74,Georgia,Ensemble
2026-05-02,13,3,wk inc flu hosp,2026-05-23,quantile,0.975,97,Georgia,Ensemble
2026-05-02,13,3,wk inc flu hosp,2026-05-23,quantile,0.99,127,Georgia,Ensemble
2026-05-02,15,0,wk inc flu hosp,2026-05-02,quantile,0.01,2,Hawaii,Ensemble
2026-05-02,15,0,wk inc flu hosp,2026-05-02,quantile,0.025,2,Hawaii,Ensemble
2026-05-02,15,0,wk inc flu hosp,2026-05-02,quantile,0.05,3,Hawaii,Ensemble
2026-05-02,15,0,wk inc flu hosp,2026-05-02,quantile,0.1,4,Hawaii,Ensemble
2026-05-02,15,0,wk inc flu hosp,2026-05-02,quantile,0.15,5,Hawaii,Ensemble
2026-05-02,15,0,wk inc flu hosp,2026-05-02,quantile,0.2,5,Hawaii,Ensemble
2026-05-02,15,0,wk inc flu hosp,2026-05-02,quantile,0.25,6,Hawaii,Ensemble
2026-05-02,15,0,wk inc flu hosp,2026-05-02,quantile,0.3,7,Hawaii,Ensemble
2026-05-02,15,0,wk inc flu hosp,2026-05-02,quantile,0.35,8,Hawaii,Ensemble
2026-05-02,15,0,wk inc flu hosp,2026-05-02,quantile,0.4,9,Hawaii,Ensemble
2026-05-02,15,0,wk inc flu hosp,2026-05-02,quantile,0.45,10,Hawaii,Ensemble
2026-05-02,15,0,wk inc flu hosp,2026-05-02,quantile,0.5,12,Hawaii,Ensemble
2026-05-02,15,0,wk inc flu hosp,2026-05-02,quantile,0.55,13,Hawaii,Ensemble
2026-05-02,15,0,wk inc flu hosp,2026-05-02,quantile,0.6,14,Hawaii,Ensemble
2026-05-02,15,0,wk inc flu hosp,2026-05-02,quantile,0.65,14,Hawaii,Ensemble
2026-05-02,15,0,wk inc flu hosp,2026-05-02,quantile,0.7,15,Hawaii,Ensemble
2026-05-02,15,0,wk inc flu hosp,2026-05-02,quantile,0.75,17,Hawaii,Ensemble
2026-05-02,15,0,wk inc flu hosp,2026-05-02,quantile,0.8,18,Hawaii,Ensemble
2026-05-02,15,0,wk inc flu hosp,2026-05-02,quantile,0.85,20,Hawaii,Ensemble
2026-05-02,15,0,wk inc flu hosp,2026-05-02,quantile,0.9,23,Hawaii,Ensemble
2026-05-02,15,0,wk inc flu hosp,2026-05-02,quantile,0.95,27,Hawaii,Ensemble
2026-05-02,15,0,wk inc flu hosp,2026-05-02,quantile,0.975,32,Hawaii,Ensemble
2026-05-02,15,0,wk inc flu hosp,2026-05-02,quantile,0.99,38,Hawaii,Ensemble
2026-05-02,15,1,wk inc flu hosp,2026-05-09,quantile,0.01,1,Hawaii,Ensemble
2026-05-02,15,1,wk inc flu hosp,2026-05-09,quantile,0.025,1,Hawaii,Ensemble
2026-05-02,15,1,wk inc flu hosp,2026-05-09,quantile,0.05,2,Hawaii,Ensemble
2026-05-02,15,1,wk inc flu hosp,2026-05-09,quantile,0.1,3,Hawaii,Ensemble
2026-05-02,15,1,wk inc flu hosp,2026-05-09,quantile,0.15,4,Hawaii,Ensemble
2026-05-02,15,1,wk inc flu hosp,2026-05-09,quantile,0.2,5,Hawaii,Ensemble
2026-05-02,15,1,wk inc flu hosp,2026-05-09,quantile,0.25,5,Hawaii,Ensemble
2026-05-02,15,1,wk inc flu hosp,2026-05-09,quantile,0.3,6,Hawaii,Ensemble
2026-05-02,15,1,wk inc flu hosp,2026-05-09,quantile,0.35,7,Hawaii,Ensemble
2026-05-02,15,1,wk inc flu hosp,2026-05-09,quantile,0.4,8,Hawaii,Ensemble
2026-05-02,15,1,wk inc flu hosp,2026-05-09,quantile,0.45,9,Hawaii,Ensemble
2026-05-02,15,1,wk inc flu hosp,2026-05-09,quantile,0.5,11,Hawaii,Ensemble
2026-05-02,15,1,wk inc flu hosp,2026-05-09,quantile,0.55,12,Hawaii,Ensemble
2026-05-02,15,1,wk inc flu hosp,2026-05-09,quantile,0.6,13,Hawaii,Ensemble
2026-05-02,15,1,wk inc flu hosp,2026-05-09,quantile,0.65,14,Hawaii,Ensemble
2026-05-02,15,1,wk inc flu hosp,2026-05-09,quantile,0.7,16,Hawaii,Ensemble
2026-05-02,15,1,wk inc flu hosp,2026-05-09,quantile,0.75,17,Hawaii,Ensemble
2026-05-02,15,1,wk inc flu hosp,2026-05-09,quantile,0.8,19,Hawaii,Ensemble
2026-05-02,15,1,wk inc flu hosp,2026-05-09,quantile,0.85,21,Hawaii,Ensemble
2026-05-02,15,1,wk inc flu hosp,2026-05-09,quantile,0.9,24,Hawaii,Ensemble
2026-05-02,15,1,wk inc flu hosp,2026-05-09,quantile,0.95,30,Hawaii,Ensemble
2026-05-02,15,1,wk inc flu hosp,2026-05-09,quantile,0.975,36,Hawaii,Ensemble
2026-05-02,15,1,wk inc flu hosp,2026-05-09,quantile,0.99,46,Hawaii,Ensemble
2026-05-02,15,2,wk inc flu hosp,2026-05-16,quantile,0.01,1,Hawaii,Ensemble
2026-05-02,15,2,wk inc flu hosp,2026-05-16,quantile,0.025,1,Hawaii,Ensemble
2026-05-02,15,2,wk inc flu hosp,2026-05-16,quantile,0.05,1,Hawaii,Ensemble
2026-05-02,15,2,wk inc flu hosp,2026-05-16,quantile,0.1,2,Hawaii,Ensemble
2026-05-02,15,2,wk inc flu hosp,2026-05-16,quantile,0.15,3,Hawaii,Ensemble
2026-05-02,15,2,wk inc flu hosp,2026-05-16,quantile,0.2,4,Hawaii,Ensemble
2026-05-02,15,2,wk inc flu hosp,2026-05-16,quantile,0.25,4,Hawaii,Ensemble
2026-05-02,15,2,wk inc flu hosp,2026-05-16,quantile,0.3,5,Hawaii,Ensemble
2026-05-02,15,2,wk inc flu hosp,2026-05-16,quantile,0.35,6,Hawaii,Ensemble
2026-05-02,15,2,wk inc flu hosp,2026-05-16,quantile,0.4,6,Hawaii,Ensemble
2026-05-02,15,2,wk inc flu hosp,2026-05-16,quantile,0.45,7,Hawaii,Ensemble
2026-05-02,15,2,wk inc flu hosp,2026-05-16,quantile,0.5,9,Hawaii,Ensemble
2026-05-02,15,2,wk inc flu hosp,2026-05-16,quantile,0.55,11,Hawaii,Ensemble
2026-05-02,15,2,wk inc flu hosp,2026-05-16,quantile,0.6,12,Hawaii,Ensemble
2026-05-02,15,2,wk inc flu hosp,2026-05-16,quantile,0.65,13,Hawaii,Ensemble
2026-05-02,15,2,wk inc flu hosp,2026-05-16,quantile,0.7,14,Hawaii,Ensemble
2026-05-02,15,2,wk inc flu hosp,2026-05-16,quantile,0.75,16,Hawaii,Ensemble
2026-05-02,15,2,wk inc flu hosp,2026-05-16,quantile,0.8,18,Hawaii,Ensemble
2026-05-02,15,2,wk inc flu hosp,2026-05-16,quantile,0.85,20,Hawaii,Ensemble
2026-05-02,15,2,wk inc flu hosp,2026-05-16,quantile,0.9,24,Hawaii,Ensemble
2026-05-02,15,2,wk inc flu hosp,2026-05-16,quantile,0.95,30,Hawaii,Ensemble
2026-05-02,15,2,wk inc flu hosp,2026-05-16,quantile,0.975,37,Hawaii,Ensemble
2026-05-02,15,2,wk inc flu hosp,2026-05-16,quantile,0.99,47,Hawaii,Ensemble
2026-05-02,15,3,wk inc flu hosp,2026-05-23,quantile,0.01,0,Hawaii,Ensemble
2026-05-02,15,3,wk inc flu hosp,2026-05-23,quantile,0.025,1,Hawaii,Ensemble
2026-05-02,15,3,wk inc flu hosp,2026-05-23,quantile,0.05,1,Hawaii,Ensemble
2026-05-02,15,3,wk inc flu hosp,2026-05-23,quantile,0.1,2,Hawaii,Ensemble
2026-05-02,15,3,wk inc flu hosp,2026-05-23,quantile,0.15,3,Hawaii,Ensemble
2026-05-02,15,3,wk inc flu hosp,2026-05-23,quantile,0.2,3,Hawaii,Ensemble
2026-05-02,15,3,wk inc flu hosp,2026-05-23,quantile,0.25,4,Hawaii,Ensemble
2026-05-02,15,3,wk inc flu hosp,2026-05-23,quantile,0.3,5,Hawaii,Ensemble
2026-05-02,15,3,wk inc flu hosp,2026-05-23,quantile,0.35,6,Hawaii,Ensemble
2026-05-02,15,3,wk inc flu hosp,2026-05-23,quantile,0.4,7,Hawaii,Ensemble
2026-05-02,15,3,wk inc flu hosp,2026-05-23,quantile,0.45,8,Hawaii,Ensemble
2026-05-02,15,3,wk inc flu hosp,2026-05-23,quantile,0.5,10,Hawaii,Ensemble
2026-05-02,15,3,wk inc flu hosp,2026-05-23,quantile,0.55,11,Hawaii,Ensemble
2026-05-02,15,3,wk inc flu hosp,2026-05-23,quantile,0.6,12,Hawaii,Ensemble
2026-05-02,15,3,wk inc flu hosp,2026-05-23,quantile,0.65,14,Hawaii,Ensemble
2026-05-02,15,3,wk inc flu hosp,2026-05-23,quantile,0.7,15,Hawaii,Ensemble
2026-05-02,15,3,wk inc flu hosp,2026-05-23,quantile,0.75,17,Hawaii,Ensemble
2026-05-02,15,3,wk inc flu hosp,2026-05-23,quantile,0.8,19,Hawaii,Ensemble
2026-05-02,15,3,wk inc flu hosp,2026-05-23,quantile,0.85,22,Hawaii,Ensemble
2026-05-02,15,3,wk inc flu hosp,2026-05-23,quantile,0.9,27,Hawaii,Ensemble
2026-05-02,15,3,wk inc flu hosp,2026-05-23,quantile,0.95,35,Hawaii,Ensemble
2026-05-02,15,3,wk inc flu hosp,2026-05-23,quantile,0.975,43,Hawaii,Ensemble
2026-05-02,15,3,wk inc flu hosp,2026-05-23,quantile,0.99,56,Hawaii,Ensemble
2026-05-02,16,0,wk inc flu hosp,2026-05-02,quantile,0.01,0,Idaho,Ensemble
2026-05-02,16,0,wk inc flu hosp,2026-05-02,quantile,0.025,0,Idaho,Ensemble
2026-05-02,16,0,wk inc flu hosp,2026-05-02,quantile,0.05,1,Idaho,Ensemble
2026-05-02,16,0,wk inc flu hosp,2026-05-02,quantile,0.1,1,Idaho,Ensemble
2026-05-02,16,0,wk inc flu hosp,2026-05-02,quantile,0.15,2,Idaho,Ensemble
2026-05-02,16,0,wk inc flu hosp,2026-05-02,quantile,0.2,2,Idaho,Ensemble
2026-05-02,16,0,wk inc flu hosp,2026-05-02,quantile,0.25,2,Idaho,Ensemble
2026-05-02,16,0,wk inc flu hosp,2026-05-02,quantile,0.3,3,Idaho,Ensemble
2026-05-02,16,0,wk inc flu hosp,2026-05-02,quantile,0.35,3,Idaho,Ensemble
2026-05-02,16,0,wk inc flu hosp,2026-05-02,quantile,0.4,4,Idaho,Ensemble
2026-05-02,16,0,wk inc flu hosp,2026-05-02,quantile,0.45,4,Idaho,Ensemble
2026-05-02,16,0,wk inc flu hosp,2026-05-02,quantile,0.5,6,Idaho,Ensemble
2026-05-02,16,0,wk inc flu hosp,2026-05-02,quantile,0.55,7,Idaho,Ensemble
2026-05-02,16,0,wk inc flu hosp,2026-05-02,quantile,0.6,7,Idaho,Ensemble
2026-05-02,16,0,wk inc flu hosp,2026-05-02,quantile,0.65,8,Idaho,Ensemble
2026-05-02,16,0,wk inc flu hosp,2026-05-02,quantile,0.7,9,Idaho,Ensemble
2026-05-02,16,0,wk inc flu hosp,2026-05-02,quantile,0.75,10,Idaho,Ensemble
2026-05-02,16,0,wk inc flu hosp,2026-05-02,quantile,0.8,11,Idaho,Ensemble
2026-05-02,16,0,wk inc flu hosp,2026-05-02,quantile,0.85,13,Idaho,Ensemble
2026-05-02,16,0,wk inc flu hosp,2026-05-02,quantile,0.9,15,Idaho,Ensemble
2026-05-02,16,0,wk inc flu hosp,2026-05-02,quantile,0.95,18,Idaho,Ensemble
2026-05-02,16,0,wk inc flu hosp,2026-05-02,quantile,0.975,22,Idaho,Ensemble
2026-05-02,16,0,wk inc flu hosp,2026-05-02,quantile,0.99,26,Idaho,Ensemble
2026-05-02,16,1,wk inc flu hosp,2026-05-09,quantile,0.01,0,Idaho,Ensemble
2026-05-02,16,1,wk inc flu hosp,2026-05-09,quantile,0.025,0,Idaho,Ensemble
2026-05-02,16,1,wk inc flu hosp,2026-05-09,quantile,0.05,0,Idaho,Ensemble
2026-05-02,16,1,wk inc flu hosp,2026-05-09,quantile,0.1,1,Idaho,Ensemble
2026-05-02,16,1,wk inc flu hosp,2026-05-09,quantile,0.15,1,Idaho,Ensemble
2026-05-02,16,1,wk inc flu hosp,2026-05-09,quantile,0.2,1,Idaho,Ensemble
2026-05-02,16,1,wk inc flu hosp,2026-05-09,quantile,0.25,2,Idaho,Ensemble
2026-05-02,16,1,wk inc flu hosp,2026-05-09,quantile,0.3,2,Idaho,Ensemble
2026-05-02,16,1,wk inc flu hosp,2026-05-09,quantile,0.35,3,Idaho,Ensemble
2026-05-02,16,1,wk inc flu hosp,2026-05-09,quantile,0.4,3,Idaho,Ensemble
2026-05-02,16,1,wk inc flu hosp,2026-05-09,quantile,0.45,4,Idaho,Ensemble
2026-05-02,16,1,wk inc flu hosp,2026-05-09,quantile,0.5,5,Idaho,Ensemble
2026-05-02,16,1,wk inc flu hosp,2026-05-09,quantile,0.55,6,Idaho,Ensemble
2026-05-02,16,1,wk inc flu hosp,2026-05-09,quantile,0.6,7,Idaho,Ensemble
2026-05-02,16,1,wk inc flu hosp,2026-05-09,quantile,0.65,8,Idaho,Ensemble
2026-05-02,16,1,wk inc flu hosp,2026-05-09,quantile,0.7,9,Idaho,Ensemble
2026-05-02,16,1,wk inc flu hosp,2026-05-09,quantile,0.75,10,Idaho,Ensemble
2026-05-02,16,1,wk inc flu hosp,2026-05-09,quantile,0.8,11,Idaho,Ensemble
2026-05-02,16,1,wk inc flu hosp,2026-05-09,quantile,0.85,13,Idaho,Ensemble
2026-05-02,16,1,wk inc flu hosp,2026-05-09,quantile,0.9,16,Idaho,Ensemble
2026-05-02,16,1,wk inc flu hosp,2026-05-09,quantile,0.95,21,Idaho,Ensemble
2026-05-02,16,1,wk inc flu hosp,2026-05-09,quantile,0.975,26,Idaho,Ensemble
2026-05-02,16,1,wk inc flu hosp,2026-05-09,quantile,0.99,32,Idaho,Ensemble
2026-05-02,16,2,wk inc flu hosp,2026-05-16,quantile,0.01,0,Idaho,Ensemble
2026-05-02,16,2,wk inc flu hosp,2026-05-16,quantile,0.025,0,Idaho,Ensemble
2026-05-02,16,2,wk inc flu hosp,2026-05-16,quantile,0.05,0,Idaho,Ensemble
2026-05-02,16,2,wk inc flu hosp,2026-05-16,quantile,0.1,0,Idaho,Ensemble
2026-05-02,16,2,wk inc flu hosp,2026-05-16,quantile,0.15,0,Idaho,Ensemble
2026-05-02,16,2,wk inc flu hosp,2026-05-16,quantile,0.2,1,Idaho,Ensemble
2026-05-02,16,2,wk inc flu hosp,2026-05-16,quantile,0.25,1,Idaho,Ensemble
2026-05-02,16,2,wk inc flu hosp,2026-05-16,quantile,0.3,1,Idaho,Ensemble
2026-05-02,16,2,wk inc flu hosp,2026-05-16,quantile,0.35,2,Idaho,Ensemble
2026-05-02,16,2,wk inc flu hosp,2026-05-16,quantile,0.4,2,Idaho,Ensemble
2026-05-02,16,2,wk inc flu hosp,2026-05-16,quantile,0.45,2,Idaho,Ensemble
2026-05-02,16,2,wk inc flu hosp,2026-05-16,quantile,0.5,4,Idaho,Ensemble
2026-05-02,16,2,wk inc flu hosp,2026-05-16,quantile,0.55,5,Idaho,Ensemble
2026-05-02,16,2,wk inc flu hosp,2026-05-16,quantile,0.6,5,Idaho,Ensemble
2026-05-02,16,2,wk inc flu hosp,2026-05-16,quantile,0.65,6,Idaho,Ensemble
2026-05-02,16,2,wk inc flu hosp,2026-05-16,quantile,0.7,7,Idaho,Ensemble
2026-05-02,16,2,wk inc flu hosp,2026-05-16,quantile,0.75,9,Idaho,Ensemble
2026-05-02,16,2,wk inc flu hosp,2026-05-16,quantile,0.8,10,Idaho,Ensemble
2026-05-02,16,2,wk inc flu hosp,2026-05-16,quantile,0.85,12,Idaho,Ensemble
2026-05-02,16,2,wk inc flu hosp,2026-05-16,quantile,0.9,15,Idaho,Ensemble
2026-05-02,16,2,wk inc flu hosp,2026-05-16,quantile,0.95,20,Idaho,Ensemble
2026-05-02,16,2,wk inc flu hosp,2026-05-16,quantile,0.975,25,Idaho,Ensemble
2026-05-02,16,2,wk inc flu hosp,2026-05-16,quantile,0.99,34,Idaho,Ensemble
2026-05-02,16,3,wk inc flu hosp,2026-05-23,quantile,0.01,0,Idaho,Ensemble
2026-05-02,16,3,wk inc flu hosp,2026-05-23,quantile,0.025,0,Idaho,Ensemble
2026-05-02,16,3,wk inc flu hosp,2026-05-23,quantile,0.05,0,Idaho,Ensemble
2026-05-02,16,3,wk inc flu hosp,2026-05-23,quantile,0.1,0,Idaho,Ensemble
2026-05-02,16,3,wk inc flu hosp,2026-05-23,quantile,0.15,0,Idaho,Ensemble
2026-05-02,16,3,wk inc flu hosp,2026-05-23,quantile,0.2,0,Idaho,Ensemble
2026-05-02,16,3,wk inc flu hosp,2026-05-23,quantile,0.25,1,Idaho,Ensemble
2026-05-02,16,3,wk inc flu hosp,2026-05-23,quantile,0.3,1,Idaho,Ensemble
2026-05-02,16,3,wk inc flu hosp,2026-05-23,quantile,0.35,1,Idaho,Ensemble
2026-05-02,16,3,wk inc flu hosp,2026-05-23,quantile,0.4,2,Idaho,Ensemble
2026-05-02,16,3,wk inc flu hosp,2026-05-23,quantile,0.45,2,Idaho,Ensemble
2026-05-02,16,3,wk inc flu hosp,2026-05-23,quantile,0.5,3,Idaho,Ensemble
2026-05-02,16,3,wk inc flu hosp,2026-05-23,quantile,0.55,4,Idaho,Ensemble
2026-05-02,16,3,wk inc flu hosp,2026-05-23,quantile,0.6,4,Idaho,Ensemble
2026-05-02,16,3,wk inc flu hosp,2026-05-23,quantile,0.65,6,Idaho,Ensemble
2026-05-02,16,3,wk inc flu hosp,2026-05-23,quantile,0.7,7,Idaho,Ensemble
2026-05-02,16,3,wk inc flu hosp,2026-05-23,quantile,0.75,8,Idaho,Ensemble
2026-05-02,16,3,wk inc flu hosp,2026-05-23,quantile,0.8,10,Idaho,Ensemble
2026-05-02,16,3,wk inc flu hosp,2026-05-23,quantile,0.85,12,Idaho,Ensemble
2026-05-02,16,3,wk inc flu hosp,2026-05-23,quantile,0.9,15,Idaho,Ensemble
2026-05-02,16,3,wk inc flu hosp,2026-05-23,quantile,0.95,20,Idaho,Ensemble
2026-05-02,16,3,wk inc flu hosp,2026-05-23,quantile,0.975,27,Idaho,Ensemble
2026-05-02,16,3,wk inc flu hosp,2026-05-23,quantile,0.99,37,Idaho,Ensemble
2026-05-02,17,0,wk inc flu hosp,2026-05-02,quantile,0.01,11,Illinois,Ensemble
2026-05-02,17,0,wk inc flu hosp,2026-05-02,quantile,0.025,14,Illinois,Ensemble
2026-05-02,17,0,wk inc flu hosp,2026-05-02,quantile,0.05,18,Illinois,Ensemble
2026-05-02,17,0,wk inc flu hosp,2026-05-02,quantile,0.1,22,Illinois,Ensemble
2026-05-02,17,0,wk inc flu hosp,2026-05-02,quantile,0.15,27,Illinois,Ensemble
2026-05-02,17,0,wk inc flu hosp,2026-05-02,quantile,0.2,31,Illinois,Ensemble
2026-05-02,17,0,wk inc flu hosp,2026-05-02,quantile,0.25,34,Illinois,Ensemble
2026-05-02,17,0,wk inc flu hosp,2026-05-02,quantile,0.3,37,Illinois,Ensemble
2026-05-02,17,0,wk inc flu hosp,2026-05-02,quantile,0.35,41,Illinois,Ensemble
2026-05-02,17,0,wk inc flu hosp,2026-05-02,quantile,0.4,44,Illinois,Ensemble
2026-05-02,17,0,wk inc flu hosp,2026-05-02,quantile,0.45,48,Illinois,Ensemble
2026-05-02,17,0,wk inc flu hosp,2026-05-02,quantile,0.5,53,Illinois,Ensemble
2026-05-02,17,0,wk inc flu hosp,2026-05-02,quantile,0.55,57,Illinois,Ensemble
2026-05-02,17,0,wk inc flu hosp,2026-05-02,quantile,0.6,61,Illinois,Ensemble
2026-05-02,17,0,wk inc flu hosp,2026-05-02,quantile,0.65,64,Illinois,Ensemble
2026-05-02,17,0,wk inc flu hosp,2026-05-02,quantile,0.7,69,Illinois,Ensemble
2026-05-02,17,0,wk inc flu hosp,2026-05-02,quantile,0.75,73,Illinois,Ensemble
2026-05-02,17,0,wk inc flu hosp,2026-05-02,quantile,0.8,78,Illinois,Ensemble
2026-05-02,17,0,wk inc flu hosp,2026-05-02,quantile,0.85,86,Illinois,Ensemble
2026-05-02,17,0,wk inc flu hosp,2026-05-02,quantile,0.9,96,Illinois,Ensemble
2026-05-02,17,0,wk inc flu hosp,2026-05-02,quantile,0.95,116,Illinois,Ensemble
2026-05-02,17,0,wk inc flu hosp,2026-05-02,quantile,0.975,137,Illinois,Ensemble
2026-05-02,17,0,wk inc flu hosp,2026-05-02,quantile,0.99,166,Illinois,Ensemble
2026-05-02,17,1,wk inc flu hosp,2026-05-09,quantile,0.01,7,Illinois,Ensemble
2026-05-02,17,1,wk inc flu hosp,2026-05-09,quantile,0.025,8,Illinois,Ensemble
2026-05-02,17,1,wk inc flu hosp,2026-05-09,quantile,0.05,11,Illinois,Ensemble
2026-05-02,17,1,wk inc flu hosp,2026-05-09,quantile,0.1,14,Illinois,Ensemble
2026-05-02,17,1,wk inc flu hosp,2026-05-09,quantile,0.15,18,Illinois,Ensemble
2026-05-02,17,1,wk inc flu hosp,2026-05-09,quantile,0.2,21,Illinois,Ensemble
2026-05-02,17,1,wk inc flu hosp,2026-05-09,quantile,0.25,25,Illinois,Ensemble
2026-05-02,17,1,wk inc flu hosp,2026-05-09,quantile,0.3,28,Illinois,Ensemble
2026-05-02,17,1,wk inc flu hosp,2026-05-09,quantile,0.35,32,Illinois,Ensemble
2026-05-02,17,1,wk inc flu hosp,2026-05-09,quantile,0.4,35,Illinois,Ensemble
2026-05-02,17,1,wk inc flu hosp,2026-05-09,quantile,0.45,39,Illinois,Ensemble
2026-05-02,17,1,wk inc flu hosp,2026-05-09,quantile,0.5,45,Illinois,Ensemble
2026-05-02,17,1,wk inc flu hosp,2026-05-09,quantile,0.55,50,Illinois,Ensemble
2026-05-02,17,1,wk inc flu hosp,2026-05-09,quantile,0.6,54,Illinois,Ensemble
2026-05-02,17,1,wk inc flu hosp,2026-05-09,quantile,0.65,59,Illinois,Ensemble
2026-05-02,17,1,wk inc flu hosp,2026-05-09,quantile,0.7,65,Illinois,Ensemble
2026-05-02,17,1,wk inc flu hosp,2026-05-09,quantile,0.75,71,Illinois,Ensemble
2026-05-02,17,1,wk inc flu hosp,2026-05-09,quantile,0.8,78,Illinois,Ensemble
2026-05-02,17,1,wk inc flu hosp,2026-05-09,quantile,0.85,88,Illinois,Ensemble
2026-05-02,17,1,wk inc flu hosp,2026-05-09,quantile,0.9,103,Illinois,Ensemble
2026-05-02,17,1,wk inc flu hosp,2026-05-09,quantile,0.95,132,Illinois,Ensemble
2026-05-02,17,1,wk inc flu hosp,2026-05-09,quantile,0.975,161,Illinois,Ensemble
2026-05-02,17,1,wk inc flu hosp,2026-05-09,quantile,0.99,200,Illinois,Ensemble
2026-05-02,17,2,wk inc flu hosp,2026-05-16,quantile,0.01,5,Illinois,Ensemble
2026-05-02,17,2,wk inc flu hosp,2026-05-16,quantile,0.025,7,Illinois,Ensemble
2026-05-02,17,2,wk inc flu hosp,2026-05-16,quantile,0.05,8,Illinois,Ensemble
2026-05-02,17,2,wk inc flu hosp,2026-05-16,quantile,0.1,11,Illinois,Ensemble
2026-05-02,17,2,wk inc flu hosp,2026-05-16,quantile,0.15,14,Illinois,Ensemble
2026-05-02,17,2,wk inc flu hosp,2026-05-16,quantile,0.2,17,Illinois,Ensemble
2026-05-02,17,2,wk inc flu hosp,2026-05-16,quantile,0.25,20,Illinois,Ensemble
2026-05-02,17,2,wk inc flu hosp,2026-05-16,quantile,0.3,23,Illinois,Ensemble
2026-05-02,17,2,wk inc flu hosp,2026-05-16,quantile,0.35,26,Illinois,Ensemble
2026-05-02,17,2,wk inc flu hosp,2026-05-16,quantile,0.4,30,Illinois,Ensemble
2026-05-02,17,2,wk inc flu hosp,2026-05-16,quantile,0.45,34,Illinois,Ensemble
2026-05-02,17,2,wk inc flu hosp,2026-05-16,quantile,0.5,40,Illinois,Ensemble
2026-05-02,17,2,wk inc flu hosp,2026-05-16,quantile,0.55,45,Illinois,Ensemble
2026-05-02,17,2,wk inc flu hosp,2026-05-16,quantile,0.6,51,Illinois,Ensemble
2026-05-02,17,2,wk inc flu hosp,2026-05-16,quantile,0.65,56,Illinois,Ensemble
2026-05-02,17,2,wk inc flu hosp,2026-05-16,quantile,0.7,63,Illinois,Ensemble
2026-05-02,17,2,wk inc flu hosp,2026-05-16,quantile,0.75,71,Illinois,Ensemble
2026-05-02,17,2,wk inc flu hosp,2026-05-16,quantile,0.8,80,Illinois,Ensemble
2026-05-02,17,2,wk inc flu hosp,2026-05-16,quantile,0.85,93,Illinois,Ensemble
2026-05-02,17,2,wk inc flu hosp,2026-05-16,quantile,0.9,114,Illinois,Ensemble
2026-05-02,17,2,wk inc flu hosp,2026-05-16,quantile,0.95,150,Illinois,Ensemble
2026-05-02,17,2,wk inc flu hosp,2026-05-16,quantile,0.975,187,Illinois,Ensemble
2026-05-02,17,2,wk inc flu hosp,2026-05-16,quantile,0.99,242,Illinois,Ensemble
2026-05-02,17,3,wk inc flu hosp,2026-05-23,quantile,0.01,4,Illinois,Ensemble
2026-05-02,17,3,wk inc flu hosp,2026-05-23,quantile,0.025,6,Illinois,Ensemble
2026-05-02,17,3,wk inc flu hosp,2026-05-23,quantile,0.05,7,Illinois,Ensemble
2026-05-02,17,3,wk inc flu hosp,2026-05-23,quantile,0.1,9,Illinois,Ensemble
2026-05-02,17,3,wk inc flu hosp,2026-05-23,quantile,0.15,12,Illinois,Ensemble
2026-05-02,17,3,wk inc flu hosp,2026-05-23,quantile,0.2,15,Illinois,Ensemble
2026-05-02,17,3,wk inc flu hosp,2026-05-23,quantile,0.25,18,Illinois,Ensemble
2026-05-02,17,3,wk inc flu hosp,2026-05-23,quantile,0.3,21,Illinois,Ensemble
2026-05-02,17,3,wk inc flu hosp,2026-05-23,quantile,0.35,24,Illinois,Ensemble
2026-05-02,17,3,wk inc flu hosp,2026-05-23,quantile,0.4,29,Illinois,Ensemble
2026-05-02,17,3,wk inc flu hosp,2026-05-23,quantile,0.45,33,Illinois,Ensemble
2026-05-02,17,3,wk inc flu hosp,2026-05-23,quantile,0.5,39,Illinois,Ensemble
2026-05-02,17,3,wk inc flu hosp,2026-05-23,quantile,0.55,45,Illinois,Ensemble
2026-05-02,17,3,wk inc flu hosp,2026-05-23,quantile,0.6,51,Illinois,Ensemble
2026-05-02,17,3,wk inc flu hosp,2026-05-23,quantile,0.65,57,Illinois,Ensemble
2026-05-02,17,3,wk inc flu hosp,2026-05-23,quantile,0.7,65,Illinois,Ensemble
2026-05-02,17,3,wk inc flu hosp,2026-05-23,quantile,0.75,75,Illinois,Ensemble
2026-05-02,17,3,wk inc flu hosp,2026-05-23,quantile,0.8,86,Illinois,Ensemble
2026-05-02,17,3,wk inc flu hosp,2026-05-23,quantile,0.85,102,Illinois,Ensemble
2026-05-02,17,3,wk inc flu hosp,2026-05-23,quantile,0.9,126,Illinois,Ensemble
2026-05-02,17,3,wk inc flu hosp,2026-05-23,quantile,0.95,167,Illinois,Ensemble
2026-05-02,17,3,wk inc flu hosp,2026-05-23,quantile,0.975,212,Illinois,Ensemble
2026-05-02,17,3,wk inc flu hosp,2026-05-23,quantile,0.99,277,Illinois,Ensemble
2026-05-02,18,0,wk inc flu hosp,2026-05-02,quantile,0.01,2,Indiana,Ensemble
2026-05-02,18,0,wk inc flu hosp,2026-05-02,quantile,0.025,3,Indiana,Ensemble
2026-05-02,18,0,wk inc flu hosp,2026-05-02,quantile,0.05,4,Indiana,Ensemble
2026-05-02,18,0,wk inc flu hosp,2026-05-02,quantile,0.1,5,Indiana,Ensemble
2026-05-02,18,0,wk inc flu hosp,2026-05-02,quantile,0.15,6,Indiana,Ensemble
2026-05-02,18,0,wk inc flu hosp,2026-05-02,quantile,0.2,7,Indiana,Ensemble
2026-05-02,18,0,wk inc flu hosp,2026-05-02,quantile,0.25,8,Indiana,Ensemble
2026-05-02,18,0,wk inc flu hosp,2026-05-02,quantile,0.3,10,Indiana,Ensemble
2026-05-02,18,0,wk inc flu hosp,2026-05-02,quantile,0.35,11,Indiana,Ensemble
2026-05-02,18,0,wk inc flu hosp,2026-05-02,quantile,0.4,12,Indiana,Ensemble
2026-05-02,18,0,wk inc flu hosp,2026-05-02,quantile,0.45,14,Indiana,Ensemble
2026-05-02,18,0,wk inc flu hosp,2026-05-02,quantile,0.5,16,Indiana,Ensemble
2026-05-02,18,0,wk inc flu hosp,2026-05-02,quantile,0.55,18,Indiana,Ensemble
2026-05-02,18,0,wk inc flu hosp,2026-05-02,quantile,0.6,20,Indiana,Ensemble
2026-05-02,18,0,wk inc flu hosp,2026-05-02,quantile,0.65,21,Indiana,Ensemble
2026-05-02,18,0,wk inc flu hosp,2026-05-02,quantile,0.7,23,Indiana,Ensemble
2026-05-02,18,0,wk inc flu hosp,2026-05-02,quantile,0.75,26,Indiana,Ensemble
2026-05-02,18,0,wk inc flu hosp,2026-05-02,quantile,0.8,28,Indiana,Ensemble
2026-05-02,18,0,wk inc flu hosp,2026-05-02,quantile,0.85,32,Indiana,Ensemble
2026-05-02,18,0,wk inc flu hosp,2026-05-02,quantile,0.9,36,Indiana,Ensemble
2026-05-02,18,0,wk inc flu hosp,2026-05-02,quantile,0.95,44,Indiana,Ensemble
2026-05-02,18,0,wk inc flu hosp,2026-05-02,quantile,0.975,52,Indiana,Ensemble
2026-05-02,18,0,wk inc flu hosp,2026-05-02,quantile,0.99,63,Indiana,Ensemble
2026-05-02,18,1,wk inc flu hosp,2026-05-09,quantile,0.01,1,Indiana,Ensemble
2026-05-02,18,1,wk inc flu hosp,2026-05-09,quantile,0.025,2,Indiana,Ensemble
2026-05-02,18,1,wk inc flu hosp,2026-05-09,quantile,0.05,2,Indiana,Ensemble
2026-05-02,18,1,wk inc flu hosp,2026-05-09,quantile,0.1,3,Indiana,Ensemble
2026-05-02,18,1,wk inc flu hosp,2026-05-09,quantile,0.15,4,Indiana,Ensemble
2026-05-02,18,1,wk inc flu hosp,2026-05-09,quantile,0.2,5,Indiana,Ensemble
2026-05-02,18,1,wk inc flu hosp,2026-05-09,quantile,0.25,6,Indiana,Ensemble
2026-05-02,18,1,wk inc flu hosp,2026-05-09,quantile,0.3,7,Indiana,Ensemble
2026-05-02,18,1,wk inc flu hosp,2026-05-09,quantile,0.35,8,Indiana,Ensemble
2026-05-02,18,1,wk inc flu hosp,2026-05-09,quantile,0.4,9,Indiana,Ensemble
2026-05-02,18,1,wk inc flu hosp,2026-05-09,quantile,0.45,11,Indiana,Ensemble
2026-05-02,18,1,wk inc flu hosp,2026-05-09,quantile,0.5,13,Indiana,Ensemble
2026-05-02,18,1,wk inc flu hosp,2026-05-09,quantile,0.55,15,Indiana,Ensemble
2026-05-02,18,1,wk inc flu hosp,2026-05-09,quantile,0.6,17,Indiana,Ensemble
2026-05-02,18,1,wk inc flu hosp,2026-05-09,quantile,0.65,19,Indiana,Ensemble
2026-05-02,18,1,wk inc flu hosp,2026-05-09,quantile,0.7,21,Indiana,Ensemble
2026-05-02,18,1,wk inc flu hosp,2026-05-09,quantile,0.75,24,Indiana,Ensemble
2026-05-02,18,1,wk inc flu hosp,2026-05-09,quantile,0.8,27,Indiana,Ensemble
2026-05-02,18,1,wk inc flu hosp,2026-05-09,quantile,0.85,32,Indiana,Ensemble
2026-05-02,18,1,wk inc flu hosp,2026-05-09,quantile,0.9,38,Indiana,Ensemble
2026-05-02,18,1,wk inc flu hosp,2026-05-09,quantile,0.95,49,Indiana,Ensemble
2026-05-02,18,1,wk inc flu hosp,2026-05-09,quantile,0.975,59,Indiana,Ensemble
2026-05-02,18,1,wk inc flu hosp,2026-05-09,quantile,0.99,76,Indiana,Ensemble
2026-05-02,18,2,wk inc flu hosp,2026-05-16,quantile,0.01,1,Indiana,Ensemble
2026-05-02,18,2,wk inc flu hosp,2026-05-16,quantile,0.025,1,Indiana,Ensemble
2026-05-02,18,2,wk inc flu hosp,2026-05-16,quantile,0.05,2,Indiana,Ensemble
2026-05-02,18,2,wk inc flu hosp,2026-05-16,quantile,0.1,2,Indiana,Ensemble
2026-05-02,18,2,wk inc flu hosp,2026-05-16,quantile,0.15,3,Indiana,Ensemble
2026-05-02,18,2,wk inc flu hosp,2026-05-16,quantile,0.2,4,Indiana,Ensemble
2026-05-02,18,2,wk inc flu hosp,2026-05-16,quantile,0.25,5,Indiana,Ensemble
2026-05-02,18,2,wk inc flu hosp,2026-05-16,quantile,0.3,5,Indiana,Ensemble
2026-05-02,18,2,wk inc flu hosp,2026-05-16,quantile,0.35,7,Indiana,Ensemble
2026-05-02,18,2,wk inc flu hosp,2026-05-16,quantile,0.4,7,Indiana,Ensemble
2026-05-02,18,2,wk inc flu hosp,2026-05-16,quantile,0.45,9,Indiana,Ensemble
2026-05-02,18,2,wk inc flu hosp,2026-05-16,quantile,0.5,11,Indiana,Ensemble
2026-05-02,18,2,wk inc flu hosp,2026-05-16,quantile,0.55,13,Indiana,Ensemble
2026-05-02,18,2,wk inc flu hosp,2026-05-16,quantile,0.6,15,Indiana,Ensemble
2026-05-02,18,2,wk inc flu hosp,2026-05-16,quantile,0.65,17,Indiana,Ensemble
2026-05-02,18,2,wk inc flu hosp,2026-05-16,quantile,0.7,20,Indiana,Ensemble
2026-05-02,18,2,wk inc flu hosp,2026-05-16,quantile,0.75,24,Indiana,Ensemble
2026-05-02,18,2,wk inc flu hosp,2026-05-16,quantile,0.8,27,Indiana,Ensemble
2026-05-02,18,2,wk inc flu hosp,2026-05-16,quantile,0.85,32,Indiana,Ensemble
2026-05-02,18,2,wk inc flu hosp,2026-05-16,quantile,0.9,40,Indiana,Ensemble
2026-05-02,18,2,wk inc flu hosp,2026-05-16,quantile,0.95,53,Indiana,Ensemble
2026-05-02,18,2,wk inc flu hosp,2026-05-16,quantile,0.975,68,Indiana,Ensemble
2026-05-02,18,2,wk inc flu hosp,2026-05-16,quantile,0.99,90,Indiana,Ensemble
2026-05-02,18,3,wk inc flu hosp,2026-05-23,quantile,0.01,1,Indiana,Ensemble
2026-05-02,18,3,wk inc flu hosp,2026-05-23,quantile,0.025,1,Indiana,Ensemble
2026-05-02,18,3,wk inc flu hosp,2026-05-23,quantile,0.05,1,Indiana,Ensemble
2026-05-02,18,3,wk inc flu hosp,2026-05-23,quantile,0.1,2,Indiana,Ensemble
2026-05-02,18,3,wk inc flu hosp,2026-05-23,quantile,0.15,2,Indiana,Ensemble
2026-05-02,18,3,wk inc flu hosp,2026-05-23,quantile,0.2,3,Indiana,Ensemble
2026-05-02,18,3,wk inc flu hosp,2026-05-23,quantile,0.25,4,Indiana,Ensemble
2026-05-02,18,3,wk inc flu hosp,2026-05-23,quantile,0.3,5,Indiana,Ensemble
2026-05-02,18,3,wk inc flu hosp,2026-05-23,quantile,0.35,5,Indiana,Ensemble
2026-05-02,18,3,wk inc flu hosp,2026-05-23,quantile,0.4,6,Indiana,Ensemble
2026-05-02,18,3,wk inc flu hosp,2026-05-23,quantile,0.45,8,Indiana,Ensemble
2026-05-02,18,3,wk inc flu hosp,2026-05-23,quantile,0.5,10,Indiana,Ensemble
2026-05-02,18,3,wk inc flu hosp,2026-05-23,quantile,0.55,12,Indiana,Ensemble
2026-05-02,18,3,wk inc flu hosp,2026-05-23,quantile,0.6,14,Indiana,Ensemble
2026-05-02,18,3,wk inc flu hosp,2026-05-23,quantile,0.65,17,Indiana,Ensemble
2026-05-02,18,3,wk inc flu hosp,2026-05-23,quantile,0.7,20,Indiana,Ensemble
2026-05-02,18,3,wk inc flu hosp,2026-05-23,quantile,0.75,24,Indiana,Ensemble
2026-05-02,18,3,wk inc flu hosp,2026-05-23,quantile,0.8,29,Indiana,Ensemble
2026-05-02,18,3,wk inc flu hosp,2026-05-23,quantile,0.85,35,Indiana,Ensemble
2026-05-02,18,3,wk inc flu hosp,2026-05-23,quantile,0.9,44,Indiana,Ensemble
2026-05-02,18,3,wk inc flu hosp,2026-05-23,quantile,0.95,61,Indiana,Ensemble
2026-05-02,18,3,wk inc flu hosp,2026-05-23,quantile,0.975,79,Indiana,Ensemble
2026-05-02,18,3,wk inc flu hosp,2026-05-23,quantile,0.99,107,Indiana,Ensemble
2026-05-02,19,0,wk inc flu hosp,2026-05-02,quantile,0.01,1,Iowa,Ensemble
2026-05-02,19,0,wk inc flu hosp,2026-05-02,quantile,0.025,2,Iowa,Ensemble
2026-05-02,19,0,wk inc flu hosp,2026-05-02,quantile,0.05,3,Iowa,Ensemble
2026-05-02,19,0,wk inc flu hosp,2026-05-02,quantile,0.1,4,Iowa,Ensemble
2026-05-02,19,0,wk inc flu hosp,2026-05-02,quantile,0.15,5,Iowa,Ensemble
2026-05-02,19,0,wk inc flu hosp,2026-05-02,quantile,0.2,6,Iowa,Ensemble
2026-05-02,19,0,wk inc flu hosp,2026-05-02,quantile,0.25,6,Iowa,Ensemble
2026-05-02,19,0,wk inc flu hosp,2026-05-02,quantile,0.3,7,Iowa,Ensemble
2026-05-02,19,0,wk inc flu hosp,2026-05-02,quantile,0.35,8,Iowa,Ensemble
2026-05-02,19,0,wk inc flu hosp,2026-05-02,quantile,0.4,9,Iowa,Ensemble
2026-05-02,19,0,wk inc flu hosp,2026-05-02,quantile,0.45,10,Iowa,Ensemble
2026-05-02,19,0,wk inc flu hosp,2026-05-02,quantile,0.5,12,Iowa,Ensemble
2026-05-02,19,0,wk inc flu hosp,2026-05-02,quantile,0.55,13,Iowa,Ensemble
2026-05-02,19,0,wk inc flu hosp,2026-05-02,quantile,0.6,14,Iowa,Ensemble
2026-05-02,19,0,wk inc flu hosp,2026-05-02,quantile,0.65,15,Iowa,Ensemble
2026-05-02,19,0,wk inc flu hosp,2026-05-02,quantile,0.7,16,Iowa,Ensemble
2026-05-02,19,0,wk inc flu hosp,2026-05-02,quantile,0.75,18,Iowa,Ensemble
2026-05-02,19,0,wk inc flu hosp,2026-05-02,quantile,0.8,19,Iowa,Ensemble
2026-05-02,19,0,wk inc flu hosp,2026-05-02,quantile,0.85,21,Iowa,Ensemble
2026-05-02,19,0,wk inc flu hosp,2026-05-02,quantile,0.9,24,Iowa,Ensemble
2026-05-02,19,0,wk inc flu hosp,2026-05-02,quantile,0.95,29,Iowa,Ensemble
2026-05-02,19,0,wk inc flu hosp,2026-05-02,quantile,0.975,35,Iowa,Ensemble
2026-05-02,19,0,wk inc flu hosp,2026-05-02,quantile,0.99,43,Iowa,Ensemble
2026-05-02,19,1,wk inc flu hosp,2026-05-09,quantile,0.01,0,Iowa,Ensemble
2026-05-02,19,1,wk inc flu hosp,2026-05-09,quantile,0.025,1,Iowa,Ensemble
2026-05-02,19,1,wk inc flu hosp,2026-05-09,quantile,0.05,1,Iowa,Ensemble
2026-05-02,19,1,wk inc flu hosp,2026-05-09,quantile,0.1,2,Iowa,Ensemble
2026-05-02,19,1,wk inc flu hosp,2026-05-09,quantile,0.15,3,Iowa,Ensemble
2026-05-02,19,1,wk inc flu hosp,2026-05-09,quantile,0.2,4,Iowa,Ensemble
2026-05-02,19,1,wk inc flu hosp,2026-05-09,quantile,0.25,4,Iowa,Ensemble
2026-05-02,19,1,wk inc flu hosp,2026-05-09,quantile,0.3,5,Iowa,Ensemble
2026-05-02,19,1,wk inc flu hosp,2026-05-09,quantile,0.35,6,Iowa,Ensemble
2026-05-02,19,1,wk inc flu hosp,2026-05-09,quantile,0.4,7,Iowa,Ensemble
2026-05-02,19,1,wk inc flu hosp,2026-05-09,quantile,0.45,7,Iowa,Ensemble
2026-05-02,19,1,wk inc flu hosp,2026-05-09,quantile,0.5,9,Iowa,Ensemble
2026-05-02,19,1,wk inc flu hosp,2026-05-09,quantile,0.55,11,Iowa,Ensemble
2026-05-02,19,1,wk inc flu hosp,2026-05-09,quantile,0.6,12,Iowa,Ensemble
2026-05-02,19,1,wk inc flu hosp,2026-05-09,quantile,0.65,13,Iowa,Ensemble
2026-05-02,19,1,wk inc flu hosp,2026-05-09,quantile,0.7,15,Iowa,Ensemble
2026-05-02,19,1,wk inc flu hosp,2026-05-09,quantile,0.75,16,Iowa,Ensemble
2026-05-02,19,1,wk inc flu hosp,2026-05-09,quantile,0.8,18,Iowa,Ensemble
2026-05-02,19,1,wk inc flu hosp,2026-05-09,quantile,0.85,20,Iowa,Ensemble
2026-05-02,19,1,wk inc flu hosp,2026-05-09,quantile,0.9,24,Iowa,Ensemble
2026-05-02,19,1,wk inc flu hosp,2026-05-09,quantile,0.95,31,Iowa,Ensemble
2026-05-02,19,1,wk inc flu hosp,2026-05-09,quantile,0.975,39,Iowa,Ensemble
2026-05-02,19,1,wk inc flu hosp,2026-05-09,quantile,0.99,48,Iowa,Ensemble
2026-05-02,19,2,wk inc flu hosp,2026-05-16,quantile,0.01,0,Iowa,Ensemble
2026-05-02,19,2,wk inc flu hosp,2026-05-16,quantile,0.025,0,Iowa,Ensemble
2026-05-02,19,2,wk inc flu hosp,2026-05-16,quantile,0.05,1,Iowa,Ensemble
2026-05-02,19,2,wk inc flu hosp,2026-05-16,quantile,0.1,1,Iowa,Ensemble
2026-05-02,19,2,wk inc flu hosp,2026-05-16,quantile,0.15,2,Iowa,Ensemble
2026-05-02,19,2,wk inc flu hosp,2026-05-16,quantile,0.2,3,Iowa,Ensemble
2026-05-02,19,2,wk inc flu hosp,2026-05-16,quantile,0.25,3,Iowa,Ensemble
2026-05-02,19,2,wk inc flu hosp,2026-05-16,quantile,0.3,4,Iowa,Ensemble
2026-05-02,19,2,wk inc flu hosp,2026-05-16,quantile,0.35,4,Iowa,Ensemble
2026-05-02,19,2,wk inc flu hosp,2026-05-16,quantile,0.4,5,Iowa,Ensemble
2026-05-02,19,2,wk inc flu hosp,2026-05-16,quantile,0.45,6,Iowa,Ensemble
2026-05-02,19,2,wk inc flu hosp,2026-05-16,quantile,0.5,8,Iowa,Ensemble
2026-05-02,19,2,wk inc flu hosp,2026-05-16,quantile,0.55,9,Iowa,Ensemble
2026-05-02,19,2,wk inc flu hosp,2026-05-16,quantile,0.6,10,Iowa,Ensemble
2026-05-02,19,2,wk inc flu hosp,2026-05-16,quantile,0.65,11,Iowa,Ensemble
2026-05-02,19,2,wk inc flu hosp,2026-05-16,quantile,0.7,13,Iowa,Ensemble
2026-05-02,19,2,wk inc flu hosp,2026-05-16,quantile,0.75,15,Iowa,Ensemble
2026-05-02,19,2,wk inc flu hosp,2026-05-16,quantile,0.8,17,Iowa,Ensemble
2026-05-02,19,2,wk inc flu hosp,2026-05-16,quantile,0.85,20,Iowa,Ensemble
2026-05-02,19,2,wk inc flu hosp,2026-05-16,quantile,0.9,24,Iowa,Ensemble
2026-05-02,19,2,wk inc flu hosp,2026-05-16,quantile,0.95,33,Iowa,Ensemble
2026-05-02,19,2,wk inc flu hosp,2026-05-16,quantile,0.975,42,Iowa,Ensemble
2026-05-02,19,2,wk inc flu hosp,2026-05-16,quantile,0.99,53,Iowa,Ensemble
2026-05-02,19,3,wk inc flu hosp,2026-05-23,quantile,0.01,0,Iowa,Ensemble
2026-05-02,19,3,wk inc flu hosp,2026-05-23,quantile,0.025,0,Iowa,Ensemble
2026-05-02,19,3,wk inc flu hosp,2026-05-23,quantile,0.05,0,Iowa,Ensemble
2026-05-02,19,3,wk inc flu hosp,2026-05-23,quantile,0.1,1,Iowa,Ensemble
2026-05-02,19,3,wk inc flu hosp,2026-05-23,quantile,0.15,1,Iowa,Ensemble
2026-05-02,19,3,wk inc flu hosp,2026-05-23,quantile,0.2,2,Iowa,Ensemble
2026-05-02,19,3,wk inc flu hosp,2026-05-23,quantile,0.25,2,Iowa,Ensemble
2026-05-02,19,3,wk inc flu hosp,2026-05-23,quantile,0.3,3,Iowa,Ensemble
2026-05-02,19,3,wk inc flu hosp,2026-05-23,quantile,0.35,3,Iowa,Ensemble
2026-05-02,19,3,wk inc flu hosp,2026-05-23,quantile,0.4,4,Iowa,Ensemble
2026-05-02,19,3,wk inc flu hosp,2026-05-23,quantile,0.45,5,Iowa,Ensemble
2026-05-02,19,3,wk inc flu hosp,2026-05-23,quantile,0.5,7,Iowa,Ensemble
2026-05-02,19,3,wk inc flu hosp,2026-05-23,quantile,0.55,8,Iowa,Ensemble
2026-05-02,19,3,wk inc flu hosp,2026-05-23,quantile,0.6,9,Iowa,Ensemble
2026-05-02,19,3,wk inc flu hosp,2026-05-23,quantile,0.65,10,Iowa,Ensemble
2026-05-02,19,3,wk inc flu hosp,2026-05-23,quantile,0.7,12,Iowa,Ensemble
2026-05-02,19,3,wk inc flu hosp,2026-05-23,quantile,0.75,14,Iowa,Ensemble
2026-05-02,19,3,wk inc flu hosp,2026-05-23,quantile,0.8,16,Iowa,Ensemble
2026-05-02,19,3,wk inc flu hosp,2026-05-23,quantile,0.85,20,Iowa,Ensemble
2026-05-02,19,3,wk inc flu hosp,2026-05-23,quantile,0.9,25,Iowa,Ensemble
2026-05-02,19,3,wk inc flu hosp,2026-05-23,quantile,0.95,35,Iowa,Ensemble
2026-05-02,19,3,wk inc flu hosp,2026-05-23,quantile,0.975,44,Iowa,Ensemble
2026-05-02,19,3,wk inc flu hosp,2026-05-23,quantile,0.99,58,Iowa,Ensemble
2026-05-02,20,0,wk inc flu hosp,2026-05-02,quantile,0.01,0,Kansas,Ensemble
2026-05-02,20,0,wk inc flu hosp,2026-05-02,quantile,0.025,1,Kansas,Ensemble
2026-05-02,20,0,wk inc flu hosp,2026-05-02,quantile,0.05,1,Kansas,Ensemble
2026-05-02,20,0,wk inc flu hosp,2026-05-02,quantile,0.1,2,Kansas,Ensemble
2026-05-02,20,0,wk inc flu hosp,2026-05-02,quantile,0.15,2,Kansas,Ensemble
2026-05-02,20,0,wk inc flu hosp,2026-05-02,quantile,0.2,3,Kansas,Ensemble
2026-05-02,20,0,wk inc flu hosp,2026-05-02,quantile,0.25,3,Kansas,Ensemble
2026-05-02,20,0,wk inc flu hosp,2026-05-02,quantile,0.3,4,Kansas,Ensemble
2026-05-02,20,0,wk inc flu hosp,2026-05-02,quantile,0.35,4,Kansas,Ensemble
2026-05-02,20,0,wk inc flu hosp,2026-05-02,quantile,0.4,4,Kansas,Ensemble
2026-05-02,20,0,wk inc flu hosp,2026-05-02,quantile,0.45,5,Kansas,Ensemble
2026-05-02,20,0,wk inc flu hosp,2026-05-02,quantile,0.5,7,Kansas,Ensemble
2026-05-02,20,0,wk inc flu hosp,2026-05-02,quantile,0.55,7,Kansas,Ensemble
2026-05-02,20,0,wk inc flu hosp,2026-05-02,quantile,0.6,8,Kansas,Ensemble
2026-05-02,20,0,wk inc flu hosp,2026-05-02,quantile,0.65,9,Kansas,Ensemble
2026-05-02,20,0,wk inc flu hosp,2026-05-02,quantile,0.7,10,Kansas,Ensemble
2026-05-02,20,0,wk inc flu hosp,2026-05-02,quantile,0.75,11,Kansas,Ensemble
2026-05-02,20,0,wk inc flu hosp,2026-05-02,quantile,0.8,12,Kansas,Ensemble
2026-05-02,20,0,wk inc flu hosp,2026-05-02,quantile,0.85,13,Kansas,Ensemble
2026-05-02,20,0,wk inc flu hosp,2026-05-02,quantile,0.9,15,Kansas,Ensemble
2026-05-02,20,0,wk inc flu hosp,2026-05-02,quantile,0.95,18,Kansas,Ensemble
2026-05-02,20,0,wk inc flu hosp,2026-05-02,quantile,0.975,22,Kansas,Ensemble
2026-05-02,20,0,wk inc flu hosp,2026-05-02,quantile,0.99,27,Kansas,Ensemble
2026-05-02,20,1,wk inc flu hosp,2026-05-09,quantile,0.01,0,Kansas,Ensemble
2026-05-02,20,1,wk inc flu hosp,2026-05-09,quantile,0.025,0,Kansas,Ensemble
2026-05-02,20,1,wk inc flu hosp,2026-05-09,quantile,0.05,0,Kansas,Ensemble
2026-05-02,20,1,wk inc flu hosp,2026-05-09,quantile,0.1,1,Kansas,Ensemble
2026-05-02,20,1,wk inc flu hosp,2026-05-09,quantile,0.15,1,Kansas,Ensemble
2026-05-02,20,1,wk inc flu hosp,2026-05-09,quantile,0.2,2,Kansas,Ensemble
2026-05-02,20,1,wk inc flu hosp,2026-05-09,quantile,0.25,2,Kansas,Ensemble
2026-05-02,20,1,wk inc flu hosp,2026-05-09,quantile,0.3,3,Kansas,Ensemble
2026-05-02,20,1,wk inc flu hosp,2026-05-09,quantile,0.35,3,Kansas,Ensemble
2026-05-02,20,1,wk inc flu hosp,2026-05-09,quantile,0.4,3,Kansas,Ensemble
2026-05-02,20,1,wk inc flu hosp,2026-05-09,quantile,0.45,4,Kansas,Ensemble
2026-05-02,20,1,wk inc flu hosp,2026-05-09,quantile,0.5,5,Kansas,Ensemble
2026-05-02,20,1,wk inc flu hosp,2026-05-09,quantile,0.55,6,Kansas,Ensemble
2026-05-02,20,1,wk inc flu hosp,2026-05-09,quantile,0.6,7,Kansas,Ensemble
2026-05-02,20,1,wk inc flu hosp,2026-05-09,quantile,0.65,8,Kansas,Ensemble
2026-05-02,20,1,wk inc flu hosp,2026-05-09,quantile,0.7,9,Kansas,Ensemble
2026-05-02,20,1,wk inc flu hosp,2026-05-09,quantile,0.75,10,Kansas,Ensemble
2026-05-02,20,1,wk inc flu hosp,2026-05-09,quantile,0.8,11,Kansas,Ensemble
2026-05-02,20,1,wk inc flu hosp,2026-05-09,quantile,0.85,13,Kansas,Ensemble
2026-05-02,20,1,wk inc flu hosp,2026-05-09,quantile,0.9,15,Kansas,Ensemble
2026-05-02,20,1,wk inc flu hosp,2026-05-09,quantile,0.95,20,Kansas,Ensemble
2026-05-02,20,1,wk inc flu hosp,2026-05-09,quantile,0.975,24,Kansas,Ensemble
2026-05-02,20,1,wk inc flu hosp,2026-05-09,quantile,0.99,31,Kansas,Ensemble
2026-05-02,20,2,wk inc flu hosp,2026-05-16,quantile,0.01,0,Kansas,Ensemble
2026-05-02,20,2,wk inc flu hosp,2026-05-16,quantile,0.025,0,Kansas,Ensemble
2026-05-02,20,2,wk inc flu hosp,2026-05-16,quantile,0.05,0,Kansas,Ensemble
2026-05-02,20,2,wk inc flu hosp,2026-05-16,quantile,0.1,1,Kansas,Ensemble
2026-05-02,20,2,wk inc flu hosp,2026-05-16,quantile,0.15,1,Kansas,Ensemble
2026-05-02,20,2,wk inc flu hosp,2026-05-16,quantile,0.2,1,Kansas,Ensemble
2026-05-02,20,2,wk inc flu hosp,2026-05-16,quantile,0.25,2,Kansas,Ensemble
2026-05-02,20,2,wk inc flu hosp,2026-05-16,quantile,0.3,2,Kansas,Ensemble
2026-05-02,20,2,wk inc flu hosp,2026-05-16,quantile,0.35,3,Kansas,Ensemble
2026-05-02,20,2,wk inc flu hosp,2026-05-16,quantile,0.4,3,Kansas,Ensemble
2026-05-02,20,2,wk inc flu hosp,2026-05-16,quantile,0.45,3,Kansas,Ensemble
2026-05-02,20,2,wk inc flu hosp,2026-05-16,quantile,0.5,5,Kansas,Ensemble
2026-05-02,20,2,wk inc flu hosp,2026-05-16,quantile,0.55,6,Kansas,Ensemble
2026-05-02,20,2,wk inc flu hosp,2026-05-16,quantile,0.6,6,Kansas,Ensemble
2026-05-02,20,2,wk inc flu hosp,2026-05-16,quantile,0.65,7,Kansas,Ensemble
2026-05-02,20,2,wk inc flu hosp,2026-05-16,quantile,0.7,8,Kansas,Ensemble
2026-05-02,20,2,wk inc flu hosp,2026-05-16,quantile,0.75,9,Kansas,Ensemble
2026-05-02,20,2,wk inc flu hosp,2026-05-16,quantile,0.8,11,Kansas,Ensemble
2026-05-02,20,2,wk inc flu hosp,2026-05-16,quantile,0.85,13,Kansas,Ensemble
2026-05-02,20,2,wk inc flu hosp,2026-05-16,quantile,0.9,16,Kansas,Ensemble
2026-05-02,20,2,wk inc flu hosp,2026-05-16,quantile,0.95,21,Kansas,Ensemble
2026-05-02,20,2,wk inc flu hosp,2026-05-16,quantile,0.975,27,Kansas,Ensemble
2026-05-02,20,2,wk inc flu hosp,2026-05-16,quantile,0.99,34,Kansas,Ensemble
2026-05-02,20,3,wk inc flu hosp,2026-05-23,quantile,0.01,0,Kansas,Ensemble
2026-05-02,20,3,wk inc flu hosp,2026-05-23,quantile,0.025,0,Kansas,Ensemble
2026-05-02,20,3,wk inc flu hosp,2026-05-23,quantile,0.05,0,Kansas,Ensemble
2026-05-02,20,3,wk inc flu hosp,2026-05-23,quantile,0.1,0,Kansas,Ensemble
2026-05-02,20,3,wk inc flu hosp,2026-05-23,quantile,0.15,1,Kansas,Ensemble
2026-05-02,20,3,wk inc flu hosp,2026-05-23,quantile,0.2,1,Kansas,Ensemble
2026-05-02,20,3,wk inc flu hosp,2026-05-23,quantile,0.25,2,Kansas,Ensemble
2026-05-02,20,3,wk inc flu hosp,2026-05-23,quantile,0.3,2,Kansas,Ensemble
2026-05-02,20,3,wk inc flu hosp,2026-05-23,quantile,0.35,2,Kansas,Ensemble
2026-05-02,20,3,wk inc flu hosp,2026-05-23,quantile,0.4,3,Kansas,Ensemble
2026-05-02,20,3,wk inc flu hosp,2026-05-23,quantile,0.45,3,Kansas,Ensemble
2026-05-02,20,3,wk inc flu hosp,2026-05-23,quantile,0.5,4,Kansas,Ensemble
2026-05-02,20,3,wk inc flu hosp,2026-05-23,quantile,0.55,5,Kansas,Ensemble
2026-05-02,20,3,wk inc flu hosp,2026-05-23,quantile,0.6,6,Kansas,Ensemble
2026-05-02,20,3,wk inc flu hosp,2026-05-23,quantile,0.65,7,Kansas,Ensemble
2026-05-02,20,3,wk inc flu hosp,2026-05-23,quantile,0.7,8,Kansas,Ensemble
2026-05-02,20,3,wk inc flu hosp,2026-05-23,quantile,0.75,9,Kansas,Ensemble
2026-05-02,20,3,wk inc flu hosp,2026-05-23,quantile,0.8,11,Kansas,Ensemble
2026-05-02,20,3,wk inc flu hosp,2026-05-23,quantile,0.85,13,Kansas,Ensemble
2026-05-02,20,3,wk inc flu hosp,2026-05-23,quantile,0.9,17,Kansas,Ensemble
2026-05-02,20,3,wk inc flu hosp,2026-05-23,quantile,0.95,23,Kansas,Ensemble
2026-05-02,20,3,wk inc flu hosp,2026-05-23,quantile,0.975,30,Kansas,Ensemble
2026-05-02,20,3,wk inc flu hosp,2026-05-23,quantile,0.99,41,Kansas,Ensemble
2026-05-02,21,0,wk inc flu hosp,2026-05-02,quantile,0.01,2,Kentucky,Ensemble
2026-05-02,21,0,wk inc flu hosp,2026-05-02,quantile,0.025,3,Kentucky,Ensemble
2026-05-02,21,0,wk inc flu hosp,2026-05-02,quantile,0.05,4,Kentucky,Ensemble
2026-05-02,21,0,wk inc flu hosp,2026-05-02,quantile,0.1,5,Kentucky,Ensemble
2026-05-02,21,0,wk inc flu hosp,2026-05-02,quantile,0.15,6,Kentucky,Ensemble
2026-05-02,21,0,wk inc flu hosp,2026-05-02,quantile,0.2,8,Kentucky,Ensemble
2026-05-02,21,0,wk inc flu hosp,2026-05-02,quantile,0.25,9,Kentucky,Ensemble
2026-05-02,21,0,wk inc flu hosp,2026-05-02,quantile,0.3,10,Kentucky,Ensemble
2026-05-02,21,0,wk inc flu hosp,2026-05-02,quantile,0.35,11,Kentucky,Ensemble
2026-05-02,21,0,wk inc flu hosp,2026-05-02,quantile,0.4,12,Kentucky,Ensemble
2026-05-02,21,0,wk inc flu hosp,2026-05-02,quantile,0.45,13,Kentucky,Ensemble
2026-05-02,21,0,wk inc flu hosp,2026-05-02,quantile,0.5,16,Kentucky,Ensemble
2026-05-02,21,0,wk inc flu hosp,2026-05-02,quantile,0.55,17,Kentucky,Ensemble
2026-05-02,21,0,wk inc flu hosp,2026-05-02,quantile,0.6,19,Kentucky,Ensemble
2026-05-02,21,0,wk inc flu hosp,2026-05-02,quantile,0.65,21,Kentucky,Ensemble
2026-05-02,21,0,wk inc flu hosp,2026-05-02,quantile,0.7,22,Kentucky,Ensemble
2026-05-02,21,0,wk inc flu hosp,2026-05-02,quantile,0.75,25,Kentucky,Ensemble
2026-05-02,21,0,wk inc flu hosp,2026-05-02,quantile,0.8,27,Kentucky,Ensemble
2026-05-02,21,0,wk inc flu hosp,2026-05-02,quantile,0.85,30,Kentucky,Ensemble
2026-05-02,21,0,wk inc flu hosp,2026-05-02,quantile,0.9,34,Kentucky,Ensemble
2026-05-02,21,0,wk inc flu hosp,2026-05-02,quantile,0.95,41,Kentucky,Ensemble
2026-05-02,21,0,wk inc flu hosp,2026-05-02,quantile,0.975,48,Kentucky,Ensemble
2026-05-02,21,0,wk inc flu hosp,2026-05-02,quantile,0.99,58,Kentucky,Ensemble
2026-05-02,21,1,wk inc flu hosp,2026-05-09,quantile,0.01,1,Kentucky,Ensemble
2026-05-02,21,1,wk inc flu hosp,2026-05-09,quantile,0.025,2,Kentucky,Ensemble
2026-05-02,21,1,wk inc flu hosp,2026-05-09,quantile,0.05,2,Kentucky,Ensemble
2026-05-02,21,1,wk inc flu hosp,2026-05-09,quantile,0.1,3,Kentucky,Ensemble
2026-05-02,21,1,wk inc flu hosp,2026-05-09,quantile,0.15,4,Kentucky,Ensemble
2026-05-02,21,1,wk inc flu hosp,2026-05-09,quantile,0.2,5,Kentucky,Ensemble
2026-05-02,21,1,wk inc flu hosp,2026-05-09,quantile,0.25,6,Kentucky,Ensemble
2026-05-02,21,1,wk inc flu hosp,2026-05-09,quantile,0.3,7,Kentucky,Ensemble
2026-05-02,21,1,wk inc flu hosp,2026-05-09,quantile,0.35,8,Kentucky,Ensemble
2026-05-02,21,1,wk inc flu hosp,2026-05-09,quantile,0.4,9,Kentucky,Ensemble
2026-05-02,21,1,wk inc flu hosp,2026-05-09,quantile,0.45,10,Kentucky,Ensemble
2026-05-02,21,1,wk inc flu hosp,2026-05-09,quantile,0.5,13,Kentucky,Ensemble
2026-05-02,21,1,wk inc flu hosp,2026-05-09,quantile,0.55,15,Kentucky,Ensemble
2026-05-02,21,1,wk inc flu hosp,2026-05-09,quantile,0.6,16,Kentucky,Ensemble
2026-05-02,21,1,wk inc flu hosp,2026-05-09,quantile,0.65,18,Kentucky,Ensemble
2026-05-02,21,1,wk inc flu hosp,2026-05-09,quantile,0.7,20,Kentucky,Ensemble
2026-05-02,21,1,wk inc flu hosp,2026-05-09,quantile,0.75,22,Kentucky,Ensemble
2026-05-02,21,1,wk inc flu hosp,2026-05-09,quantile,0.8,25,Kentucky,Ensemble
2026-05-02,21,1,wk inc flu hosp,2026-05-09,quantile,0.85,29,Kentucky,Ensemble
2026-05-02,21,1,wk inc flu hosp,2026-05-09,quantile,0.9,34,Kentucky,Ensemble
2026-05-02,21,1,wk inc flu hosp,2026-05-09,quantile,0.95,42,Kentucky,Ensemble
2026-05-02,21,1,wk inc flu hosp,2026-05-09,quantile,0.975,51,Kentucky,Ensemble
2026-05-02,21,1,wk inc flu hosp,2026-05-09,quantile,0.99,67,Kentucky,Ensemble
2026-05-02,21,2,wk inc flu hosp,2026-05-16,quantile,0.01,1,Kentucky,Ensemble
2026-05-02,21,2,wk inc flu hosp,2026-05-16,quantile,0.025,1,Kentucky,Ensemble
2026-05-02,21,2,wk inc flu hosp,2026-05-16,quantile,0.05,2,Kentucky,Ensemble
2026-05-02,21,2,wk inc flu hosp,2026-05-16,quantile,0.1,3,Kentucky,Ensemble
2026-05-02,21,2,wk inc flu hosp,2026-05-16,quantile,0.15,3,Kentucky,Ensemble
2026-05-02,21,2,wk inc flu hosp,2026-05-16,quantile,0.2,4,Kentucky,Ensemble
2026-05-02,21,2,wk inc flu hosp,2026-05-16,quantile,0.25,5,Kentucky,Ensemble
2026-05-02,21,2,wk inc flu hosp,2026-05-16,quantile,0.3,6,Kentucky,Ensemble
2026-05-02,21,2,wk inc flu hosp,2026-05-16,quantile,0.35,7,Kentucky,Ensemble
2026-05-02,21,2,wk inc flu hosp,2026-05-16,quantile,0.4,8,Kentucky,Ensemble
2026-05-02,21,2,wk inc flu hosp,2026-05-16,quantile,0.45,9,Kentucky,Ensemble
2026-05-02,21,2,wk inc flu hosp,2026-05-16,quantile,0.5,11,Kentucky,Ensemble
2026-05-02,21,2,wk inc flu hosp,2026-05-16,quantile,0.55,13,Kentucky,Ensemble
2026-05-02,21,2,wk inc flu hosp,2026-05-16,quantile,0.6,15,Kentucky,Ensemble
2026-05-02,21,2,wk inc flu hosp,2026-05-16,quantile,0.65,17,Kentucky,Ensemble
2026-05-02,21,2,wk inc flu hosp,2026-05-16,quantile,0.7,20,Kentucky,Ensemble
2026-05-02,21,2,wk inc flu hosp,2026-05-16,quantile,0.75,22,Kentucky,Ensemble
2026-05-02,21,2,wk inc flu hosp,2026-05-16,quantile,0.8,26,Kentucky,Ensemble
2026-05-02,21,2,wk inc flu hosp,2026-05-16,quantile,0.85,30,Kentucky,Ensemble
2026-05-02,21,2,wk inc flu hosp,2026-05-16,quantile,0.9,36,Kentucky,Ensemble
2026-05-02,21,2,wk inc flu hosp,2026-05-16,quantile,0.95,47,Kentucky,Ensemble
2026-05-02,21,2,wk inc flu hosp,2026-05-16,quantile,0.975,60,Kentucky,Ensemble
2026-05-02,21,2,wk inc flu hosp,2026-05-16,quantile,0.99,78,Kentucky,Ensemble
2026-05-02,21,3,wk inc flu hosp,2026-05-23,quantile,0.01,1,Kentucky,Ensemble
2026-05-02,21,3,wk inc flu hosp,2026-05-23,quantile,0.025,1,Kentucky,Ensemble
2026-05-02,21,3,wk inc flu hosp,2026-05-23,quantile,0.05,1,Kentucky,Ensemble
2026-05-02,21,3,wk inc flu hosp,2026-05-23,quantile,0.1,2,Kentucky,Ensemble
2026-05-02,21,3,wk inc flu hosp,2026-05-23,quantile,0.15,3,Kentucky,Ensemble
2026-05-02,21,3,wk inc flu hosp,2026-05-23,quantile,0.2,3,Kentucky,Ensemble
2026-05-02,21,3,wk inc flu hosp,2026-05-23,quantile,0.25,4,Kentucky,Ensemble
2026-05-02,21,3,wk inc flu hosp,2026-05-23,quantile,0.3,5,Kentucky,Ensemble
2026-05-02,21,3,wk inc flu hosp,2026-05-23,quantile,0.35,5,Kentucky,Ensemble
2026-05-02,21,3,wk inc flu hosp,2026-05-23,quantile,0.4,6,Kentucky,Ensemble
2026-05-02,21,3,wk inc flu hosp,2026-05-23,quantile,0.45,7,Kentucky,Ensemble
2026-05-02,21,3,wk inc flu hosp,2026-05-23,quantile,0.5,10,Kentucky,Ensemble
2026-05-02,21,3,wk inc flu hosp,2026-05-23,quantile,0.55,12,Kentucky,Ensemble
2026-05-02,21,3,wk inc flu hosp,2026-05-23,quantile,0.6,14,Kentucky,Ensemble
2026-05-02,21,3,wk inc flu hosp,2026-05-23,quantile,0.65,16,Kentucky,Ensemble
2026-05-02,21,3,wk inc flu hosp,2026-05-23,quantile,0.7,19,Kentucky,Ensemble
2026-05-02,21,3,wk inc flu hosp,2026-05-23,quantile,0.75,22,Kentucky,Ensemble
2026-05-02,21,3,wk inc flu hosp,2026-05-23,quantile,0.8,25,Kentucky,Ensemble
2026-05-02,21,3,wk inc flu hosp,2026-05-23,quantile,0.85,30,Kentucky,Ensemble
2026-05-02,21,3,wk inc flu hosp,2026-05-23,quantile,0.9,37,Kentucky,Ensemble
2026-05-02,21,3,wk inc flu hosp,2026-05-23,quantile,0.95,49,Kentucky,Ensemble
2026-05-02,21,3,wk inc flu hosp,2026-05-23,quantile,0.975,63,Kentucky,Ensemble
2026-05-02,21,3,wk inc flu hosp,2026-05-23,quantile,0.99,82,Kentucky,Ensemble
2026-05-02,22,0,wk inc flu hosp,2026-05-02,quantile,0.01,7,Louisiana,Ensemble
2026-05-02,22,0,wk inc flu hosp,2026-05-02,quantile,0.025,9,Louisiana,Ensemble
2026-05-02,22,0,wk inc flu hosp,2026-05-02,quantile,0.05,10,Louisiana,Ensemble
2026-05-02,22,0,wk inc flu hosp,2026-05-02,quantile,0.1,13,Louisiana,Ensemble
2026-05-02,22,0,wk inc flu hosp,2026-05-02,quantile,0.15,15,Louisiana,Ensemble
2026-05-02,22,0,wk inc flu hosp,2026-05-02,quantile,0.2,17,Louisiana,Ensemble
2026-05-02,22,0,wk inc flu hosp,2026-05-02,quantile,0.25,18,Louisiana,Ensemble
2026-05-02,22,0,wk inc flu hosp,2026-05-02,quantile,0.3,20,Louisiana,Ensemble
2026-05-02,22,0,wk inc flu hosp,2026-05-02,quantile,0.35,22,Louisiana,Ensemble
2026-05-02,22,0,wk inc flu hosp,2026-05-02,quantile,0.4,24,Louisiana,Ensemble
2026-05-02,22,0,wk inc flu hosp,2026-05-02,quantile,0.45,25,Louisiana,Ensemble
2026-05-02,22,0,wk inc flu hosp,2026-05-02,quantile,0.5,28,Louisiana,Ensemble
2026-05-02,22,0,wk inc flu hosp,2026-05-02,quantile,0.55,30,Louisiana,Ensemble
2026-05-02,22,0,wk inc flu hosp,2026-05-02,quantile,0.6,32,Louisiana,Ensemble
2026-05-02,22,0,wk inc flu hosp,2026-05-02,quantile,0.65,34,Louisiana,Ensemble
2026-05-02,22,0,wk inc flu hosp,2026-05-02,quantile,0.7,36,Louisiana,Ensemble
2026-05-02,22,0,wk inc flu hosp,2026-05-02,quantile,0.75,38,Louisiana,Ensemble
2026-05-02,22,0,wk inc flu hosp,2026-05-02,quantile,0.8,41,Louisiana,Ensemble
2026-05-02,22,0,wk inc flu hosp,2026-05-02,quantile,0.85,44,Louisiana,Ensemble
2026-05-02,22,0,wk inc flu hosp,2026-05-02,quantile,0.9,49,Louisiana,Ensemble
2026-05-02,22,0,wk inc flu hosp,2026-05-02,quantile,0.95,57,Louisiana,Ensemble
2026-05-02,22,0,wk inc flu hosp,2026-05-02,quantile,0.975,66,Louisiana,Ensemble
2026-05-02,22,0,wk inc flu hosp,2026-05-02,quantile,0.99,78,Louisiana,Ensemble
2026-05-02,22,1,wk inc flu hosp,2026-05-09,quantile,0.01,5,Louisiana,Ensemble
2026-05-02,22,1,wk inc flu hosp,2026-05-09,quantile,0.025,6,Louisiana,Ensemble
2026-05-02,22,1,wk inc flu hosp,2026-05-09,quantile,0.05,7,Louisiana,Ensemble
2026-05-02,22,1,wk inc flu hosp,2026-05-09,quantile,0.1,10,Louisiana,Ensemble
2026-05-02,22,1,wk inc flu hosp,2026-05-09,quantile,0.15,12,Louisiana,Ensemble
2026-05-02,22,1,wk inc flu hosp,2026-05-09,quantile,0.2,14,Louisiana,Ensemble
2026-05-02,22,1,wk inc flu hosp,2026-05-09,quantile,0.25,15,Louisiana,Ensemble
2026-05-02,22,1,wk inc flu hosp,2026-05-09,quantile,0.3,17,Louisiana,Ensemble
2026-05-02,22,1,wk inc flu hosp,2026-05-09,quantile,0.35,19,Louisiana,Ensemble
2026-05-02,22,1,wk inc flu hosp,2026-05-09,quantile,0.4,20,Louisiana,Ensemble
2026-05-02,22,1,wk inc flu hosp,2026-05-09,quantile,0.45,22,Louisiana,Ensemble
2026-05-02,22,1,wk inc flu hosp,2026-05-09,quantile,0.5,25,Louisiana,Ensemble
2026-05-02,22,1,wk inc flu hosp,2026-05-09,quantile,0.55,28,Louisiana,Ensemble
2026-05-02,22,1,wk inc flu hosp,2026-05-09,quantile,0.6,30,Louisiana,Ensemble
2026-05-02,22,1,wk inc flu hosp,2026-05-09,quantile,0.65,32,Louisiana,Ensemble
2026-05-02,22,1,wk inc flu hosp,2026-05-09,quantile,0.7,35,Louisiana,Ensemble
2026-05-02,22,1,wk inc flu hosp,2026-05-09,quantile,0.75,38,Louisiana,Ensemble
2026-05-02,22,1,wk inc flu hosp,2026-05-09,quantile,0.8,41,Louisiana,Ensemble
2026-05-02,22,1,wk inc flu hosp,2026-05-09,quantile,0.85,46,Louisiana,Ensemble
2026-05-02,22,1,wk inc flu hosp,2026-05-09,quantile,0.9,52,Louisiana,Ensemble
2026-05-02,22,1,wk inc flu hosp,2026-05-09,quantile,0.95,64,Louisiana,Ensemble
2026-05-02,22,1,wk inc flu hosp,2026-05-09,quantile,0.975,75,Louisiana,Ensemble
2026-05-02,22,1,wk inc flu hosp,2026-05-09,quantile,0.99,90,Louisiana,Ensemble
2026-05-02,22,2,wk inc flu hosp,2026-05-16,quantile,0.01,3,Louisiana,Ensemble
2026-05-02,22,2,wk inc flu hosp,2026-05-16,quantile,0.025,4,Louisiana,Ensemble
2026-05-02,22,2,wk inc flu hosp,2026-05-16,quantile,0.05,6,Louisiana,Ensemble
2026-05-02,22,2,wk inc flu hosp,2026-05-16,quantile,0.1,8,Louisiana,Ensemble
2026-05-02,22,2,wk inc flu hosp,2026-05-16,quantile,0.15,9,Louisiana,Ensemble
2026-05-02,22,2,wk inc flu hosp,2026-05-16,quantile,0.2,11,Louisiana,Ensemble
2026-05-02,22,2,wk inc flu hosp,2026-05-16,quantile,0.25,13,Louisiana,Ensemble
2026-05-02,22,2,wk inc flu hosp,2026-05-16,quantile,0.3,14,Louisiana,Ensemble
2026-05-02,22,2,wk inc flu hosp,2026-05-16,quantile,0.35,16,Louisiana,Ensemble
2026-05-02,22,2,wk inc flu hosp,2026-05-16,quantile,0.4,18,Louisiana,Ensemble
2026-05-02,22,2,wk inc flu hosp,2026-05-16,quantile,0.45,20,Louisiana,Ensemble
2026-05-02,22,2,wk inc flu hosp,2026-05-16,quantile,0.5,23,Louisiana,Ensemble
2026-05-02,22,2,wk inc flu hosp,2026-05-16,quantile,0.55,25,Louisiana,Ensemble
2026-05-02,22,2,wk inc flu hosp,2026-05-16,quantile,0.6,27,Louisiana,Ensemble
2026-05-02,22,2,wk inc flu hosp,2026-05-16,quantile,0.65,30,Louisiana,Ensemble
2026-05-02,22,2,wk inc flu hosp,2026-05-16,quantile,0.7,33,Louisiana,Ensemble
2026-05-02,22,2,wk inc flu hosp,2026-05-16,quantile,0.75,36,Louisiana,Ensemble
2026-05-02,22,2,wk inc flu hosp,2026-05-16,quantile,0.8,40,Louisiana,Ensemble
2026-05-02,22,2,wk inc flu hosp,2026-05-16,quantile,0.85,45,Louisiana,Ensemble
2026-05-02,22,2,wk inc flu hosp,2026-05-16,quantile,0.9,53,Louisiana,Ensemble
2026-05-02,22,2,wk inc flu hosp,2026-05-16,quantile,0.95,66,Louisiana,Ensemble
2026-05-02,22,2,wk inc flu hosp,2026-05-16,quantile,0.975,81,Louisiana,Ensemble
2026-05-02,22,2,wk inc flu hosp,2026-05-16,quantile,0.99,98,Louisiana,Ensemble
2026-05-02,22,3,wk inc flu hosp,2026-05-23,quantile,0.01,3,Louisiana,Ensemble
2026-05-02,22,3,wk inc flu hosp,2026-05-23,quantile,0.025,4,Louisiana,Ensemble
2026-05-02,22,3,wk inc flu hosp,2026-05-23,quantile,0.05,5,Louisiana,Ensemble
2026-05-02,22,3,wk inc flu hosp,2026-05-23,quantile,0.1,7,Louisiana,Ensemble
2026-05-02,22,3,wk inc flu hosp,2026-05-23,quantile,0.15,8,Louisiana,Ensemble
2026-05-02,22,3,wk inc flu hosp,2026-05-23,quantile,0.2,10,Louisiana,Ensemble
2026-05-02,22,3,wk inc flu hosp,2026-05-23,quantile,0.25,11,Louisiana,Ensemble
2026-05-02,22,3,wk inc flu hosp,2026-05-23,quantile,0.3,13,Louisiana,Ensemble
2026-05-02,22,3,wk inc flu hosp,2026-05-23,quantile,0.35,15,Louisiana,Ensemble
2026-05-02,22,3,wk inc flu hosp,2026-05-23,quantile,0.4,16,Louisiana,Ensemble
2026-05-02,22,3,wk inc flu hosp,2026-05-23,quantile,0.45,18,Louisiana,Ensemble
2026-05-02,22,3,wk inc flu hosp,2026-05-23,quantile,0.5,21,Louisiana,Ensemble
2026-05-02,22,3,wk inc flu hosp,2026-05-23,quantile,0.55,24,Louisiana,Ensemble
2026-05-02,22,3,wk inc flu hosp,2026-05-23,quantile,0.6,26,Louisiana,Ensemble
2026-05-02,22,3,wk inc flu hosp,2026-05-23,quantile,0.65,29,Louisiana,Ensemble
2026-05-02,22,3,wk inc flu hosp,2026-05-23,quantile,0.7,33,Louisiana,Ensemble
2026-05-02,22,3,wk inc flu hosp,2026-05-23,quantile,0.75,36,Louisiana,Ensemble
2026-05-02,22,3,wk inc flu hosp,2026-05-23,quantile,0.8,41,Louisiana,Ensemble
2026-05-02,22,3,wk inc flu hosp,2026-05-23,quantile,0.85,46,Louisiana,Ensemble
2026-05-02,22,3,wk inc flu hosp,2026-05-23,quantile,0.9,56,Louisiana,Ensemble
2026-05-02,22,3,wk inc flu hosp,2026-05-23,quantile,0.95,71,Louisiana,Ensemble
2026-05-02,22,3,wk inc flu hosp,2026-05-23,quantile,0.975,88,Louisiana,Ensemble
2026-05-02,22,3,wk inc flu hosp,2026-05-23,quantile,0.99,111,Louisiana,Ensemble
2026-05-02,23,0,wk inc flu hosp,2026-05-02,quantile,0.01,0,Maine,Ensemble
2026-05-02,23,0,wk inc flu hosp,2026-05-02,quantile,0.025,1,Maine,Ensemble
2026-05-02,23,0,wk inc flu hosp,2026-05-02,quantile,0.05,1,Maine,Ensemble
2026-05-02,23,0,wk inc flu hosp,2026-05-02,quantile,0.1,1,Maine,Ensemble
2026-05-02,23,0,wk inc flu hosp,2026-05-02,quantile,0.15,2,Maine,Ensemble
2026-05-02,23,0,wk inc flu hosp,2026-05-02,quantile,0.2,3,Maine,Ensemble
2026-05-02,23,0,wk inc flu hosp,2026-05-02,quantile,0.25,3,Maine,Ensemble
2026-05-02,23,0,wk inc flu hosp,2026-05-02,quantile,0.3,3,Maine,Ensemble
2026-05-02,23,0,wk inc flu hosp,2026-05-02,quantile,0.35,4,Maine,Ensemble
2026-05-02,23,0,wk inc flu hosp,2026-05-02,quantile,0.4,4,Maine,Ensemble
2026-05-02,23,0,wk inc flu hosp,2026-05-02,quantile,0.45,5,Maine,Ensemble
2026-05-02,23,0,wk inc flu hosp,2026-05-02,quantile,0.5,7,Maine,Ensemble
2026-05-02,23,0,wk inc flu hosp,2026-05-02,quantile,0.55,7,Maine,Ensemble
2026-05-02,23,0,wk inc flu hosp,2026-05-02,quantile,0.6,8,Maine,Ensemble
2026-05-02,23,0,wk inc flu hosp,2026-05-02,quantile,0.65,9,Maine,Ensemble
2026-05-02,23,0,wk inc flu hosp,2026-05-02,quantile,0.7,9,Maine,Ensemble
2026-05-02,23,0,wk inc flu hosp,2026-05-02,quantile,0.75,10,Maine,Ensemble
2026-05-02,23,0,wk inc flu hosp,2026-05-02,quantile,0.8,11,Maine,Ensemble
2026-05-02,23,0,wk inc flu hosp,2026-05-02,quantile,0.85,12,Maine,Ensemble
2026-05-02,23,0,wk inc flu hosp,2026-05-02,quantile,0.9,14,Maine,Ensemble
2026-05-02,23,0,wk inc flu hosp,2026-05-02,quantile,0.95,18,Maine,Ensemble
2026-05-02,23,0,wk inc flu hosp,2026-05-02,quantile,0.975,21,Maine,Ensemble
2026-05-02,23,0,wk inc flu hosp,2026-05-02,quantile,0.99,26,Maine,Ensemble
2026-05-02,23,1,wk inc flu hosp,2026-05-09,quantile,0.01,0,Maine,Ensemble
2026-05-02,23,1,wk inc flu hosp,2026-05-09,quantile,0.025,0,Maine,Ensemble
2026-05-02,23,1,wk inc flu hosp,2026-05-09,quantile,0.05,0,Maine,Ensemble
2026-05-02,23,1,wk inc flu hosp,2026-05-09,quantile,0.1,1,Maine,Ensemble
2026-05-02,23,1,wk inc flu hosp,2026-05-09,quantile,0.15,1,Maine,Ensemble
2026-05-02,23,1,wk inc flu hosp,2026-05-09,quantile,0.2,2,Maine,Ensemble
2026-05-02,23,1,wk inc flu hosp,2026-05-09,quantile,0.25,2,Maine,Ensemble
2026-05-02,23,1,wk inc flu hosp,2026-05-09,quantile,0.3,3,Maine,Ensemble
2026-05-02,23,1,wk inc flu hosp,2026-05-09,quantile,0.35,3,Maine,Ensemble
2026-05-02,23,1,wk inc flu hosp,2026-05-09,quantile,0.4,4,Maine,Ensemble
2026-05-02,23,1,wk inc flu hosp,2026-05-09,quantile,0.45,4,Maine,Ensemble
2026-05-02,23,1,wk inc flu hosp,2026-05-09,quantile,0.5,6,Maine,Ensemble
2026-05-02,23,1,wk inc flu hosp,2026-05-09,quantile,0.55,7,Maine,Ensemble
2026-05-02,23,1,wk inc flu hosp,2026-05-09,quantile,0.6,8,Maine,Ensemble
2026-05-02,23,1,wk inc flu hosp,2026-05-09,quantile,0.65,8,Maine,Ensemble
2026-05-02,23,1,wk inc flu hosp,2026-05-09,quantile,0.7,9,Maine,Ensemble
2026-05-02,23,1,wk inc flu hosp,2026-05-09,quantile,0.75,11,Maine,Ensemble
2026-05-02,23,1,wk inc flu hosp,2026-05-09,quantile,0.8,12,Maine,Ensemble
2026-05-02,23,1,wk inc flu hosp,2026-05-09,quantile,0.85,14,Maine,Ensemble
2026-05-02,23,1,wk inc flu hosp,2026-05-09,quantile,0.9,16,Maine,Ensemble
2026-05-02,23,1,wk inc flu hosp,2026-05-09,quantile,0.95,21,Maine,Ensemble
2026-05-02,23,1,wk inc flu hosp,2026-05-09,quantile,0.975,27,Maine,Ensemble
2026-05-02,23,1,wk inc flu hosp,2026-05-09,quantile,0.99,33,Maine,Ensemble
2026-05-02,23,2,wk inc flu hosp,2026-05-16,quantile,0.01,0,Maine,Ensemble
2026-05-02,23,2,wk inc flu hosp,2026-05-16,quantile,0.025,0,Maine,Ensemble
2026-05-02,23,2,wk inc flu hosp,2026-05-16,quantile,0.05,0,Maine,Ensemble
2026-05-02,23,2,wk inc flu hosp,2026-05-16,quantile,0.1,1,Maine,Ensemble
2026-05-02,23,2,wk inc flu hosp,2026-05-16,quantile,0.15,1,Maine,Ensemble
2026-05-02,23,2,wk inc flu hosp,2026-05-16,quantile,0.2,1,Maine,Ensemble
2026-05-02,23,2,wk inc flu hosp,2026-05-16,quantile,0.25,2,Maine,Ensemble
2026-05-02,23,2,wk inc flu hosp,2026-05-16,quantile,0.3,2,Maine,Ensemble
2026-05-02,23,2,wk inc flu hosp,2026-05-16,quantile,0.35,3,Maine,Ensemble
2026-05-02,23,2,wk inc flu hosp,2026-05-16,quantile,0.4,3,Maine,Ensemble
2026-05-02,23,2,wk inc flu hosp,2026-05-16,quantile,0.45,4,Maine,Ensemble
2026-05-02,23,2,wk inc flu hosp,2026-05-16,quantile,0.5,5,Maine,Ensemble
2026-05-02,23,2,wk inc flu hosp,2026-05-16,quantile,0.55,6,Maine,Ensemble
2026-05-02,23,2,wk inc flu hosp,2026-05-16,quantile,0.6,7,Maine,Ensemble
2026-05-02,23,2,wk inc flu hosp,2026-05-16,quantile,0.65,8,Maine,Ensemble
2026-05-02,23,2,wk inc flu hosp,2026-05-16,quantile,0.7,9,Maine,Ensemble
2026-05-02,23,2,wk inc flu hosp,2026-05-16,quantile,0.75,10,Maine,Ensemble
2026-05-02,23,2,wk inc flu hosp,2026-05-16,quantile,0.8,11,Maine,Ensemble
2026-05-02,23,2,wk inc flu hosp,2026-05-16,quantile,0.85,13,Maine,Ensemble
2026-05-02,23,2,wk inc flu hosp,2026-05-16,quantile,0.9,17,Maine,Ensemble
2026-05-02,23,2,wk inc flu hosp,2026-05-16,quantile,0.95,22,Maine,Ensemble
2026-05-02,23,2,wk inc flu hosp,2026-05-16,quantile,0.975,29,Maine,Ensemble
2026-05-02,23,2,wk inc flu hosp,2026-05-16,quantile,0.99,36,Maine,Ensemble
2026-05-02,23,3,wk inc flu hosp,2026-05-23,quantile,0.01,0,Maine,Ensemble
2026-05-02,23,3,wk inc flu hosp,2026-05-23,quantile,0.025,0,Maine,Ensemble
2026-05-02,23,3,wk inc flu hosp,2026-05-23,quantile,0.05,0,Maine,Ensemble
2026-05-02,23,3,wk inc flu hosp,2026-05-23,quantile,0.1,0,Maine,Ensemble
2026-05-02,23,3,wk inc flu hosp,2026-05-23,quantile,0.15,1,Maine,Ensemble
2026-05-02,23,3,wk inc flu hosp,2026-05-23,quantile,0.2,1,Maine,Ensemble
2026-05-02,23,3,wk inc flu hosp,2026-05-23,quantile,0.25,1,Maine,Ensemble
2026-05-02,23,3,wk inc flu hosp,2026-05-23,quantile,0.3,2,Maine,Ensemble
2026-05-02,23,3,wk inc flu hosp,2026-05-23,quantile,0.35,2,Maine,Ensemble
2026-05-02,23,3,wk inc flu hosp,2026-05-23,quantile,0.4,2,Maine,Ensemble
2026-05-02,23,3,wk inc flu hosp,2026-05-23,quantile,0.45,3,Maine,Ensemble
2026-05-02,23,3,wk inc flu hosp,2026-05-23,quantile,0.5,5,Maine,Ensemble
2026-05-02,23,3,wk inc flu hosp,2026-05-23,quantile,0.55,5,Maine,Ensemble
2026-05-02,23,3,wk inc flu hosp,2026-05-23,quantile,0.6,6,Maine,Ensemble
2026-05-02,23,3,wk inc flu hosp,2026-05-23,quantile,0.65,7,Maine,Ensemble
2026-05-02,23,3,wk inc flu hosp,2026-05-23,quantile,0.7,9,Maine,Ensemble
2026-05-02,23,3,wk inc flu hosp,2026-05-23,quantile,0.75,10,Maine,Ensemble
2026-05-02,23,3,wk inc flu hosp,2026-05-23,quantile,0.8,12,Maine,Ensemble
2026-05-02,23,3,wk inc flu hosp,2026-05-23,quantile,0.85,14,Maine,Ensemble
2026-05-02,23,3,wk inc flu hosp,2026-05-23,quantile,0.9,18,Maine,Ensemble
2026-05-02,23,3,wk inc flu hosp,2026-05-23,quantile,0.95,26,Maine,Ensemble
2026-05-02,23,3,wk inc flu hosp,2026-05-23,quantile,0.975,33,Maine,Ensemble
2026-05-02,23,3,wk inc flu hosp,2026-05-23,quantile,0.99,42,Maine,Ensemble
2026-05-02,24,0,wk inc flu hosp,2026-05-02,quantile,0.01,1,Maryland,Ensemble
2026-05-02,24,0,wk inc flu hosp,2026-05-02,quantile,0.025,1,Maryland,Ensemble
2026-05-02,24,0,wk inc flu hosp,2026-05-02,quantile,0.05,2,Maryland,Ensemble
2026-05-02,24,0,wk inc flu hosp,2026-05-02,quantile,0.1,3,Maryland,Ensemble
2026-05-02,24,0,wk inc flu hosp,2026-05-02,quantile,0.15,3,Maryland,Ensemble
2026-05-02,24,0,wk inc flu hosp,2026-05-02,quantile,0.2,4,Maryland,Ensemble
2026-05-02,24,0,wk inc flu hosp,2026-05-02,quantile,0.25,4,Maryland,Ensemble
2026-05-02,24,0,wk inc flu hosp,2026-05-02,quantile,0.3,5,Maryland,Ensemble
2026-05-02,24,0,wk inc flu hosp,2026-05-02,quantile,0.35,6,Maryland,Ensemble
2026-05-02,24,0,wk inc flu hosp,2026-05-02,quantile,0.4,7,Maryland,Ensemble
2026-05-02,24,0,wk inc flu hosp,2026-05-02,quantile,0.45,8,Maryland,Ensemble
2026-05-02,24,0,wk inc flu hosp,2026-05-02,quantile,0.5,10,Maryland,Ensemble
2026-05-02,24,0,wk inc flu hosp,2026-05-02,quantile,0.55,11,Maryland,Ensemble
2026-05-02,24,0,wk inc flu hosp,2026-05-02,quantile,0.6,12,Maryland,Ensemble
2026-05-02,24,0,wk inc flu hosp,2026-05-02,quantile,0.65,13,Maryland,Ensemble
2026-05-02,24,0,wk inc flu hosp,2026-05-02,quantile,0.7,15,Maryland,Ensemble
2026-05-02,24,0,wk inc flu hosp,2026-05-02,quantile,0.75,16,Maryland,Ensemble
2026-05-02,24,0,wk inc flu hosp,2026-05-02,quantile,0.8,18,Maryland,Ensemble
2026-05-02,24,0,wk inc flu hosp,2026-05-02,quantile,0.85,20,Maryland,Ensemble
2026-05-02,24,0,wk inc flu hosp,2026-05-02,quantile,0.9,24,Maryland,Ensemble
2026-05-02,24,0,wk inc flu hosp,2026-05-02,quantile,0.95,31,Maryland,Ensemble
2026-05-02,24,0,wk inc flu hosp,2026-05-02,quantile,0.975,38,Maryland,Ensemble
2026-05-02,24,0,wk inc flu hosp,2026-05-02,quantile,0.99,48,Maryland,Ensemble
2026-05-02,24,1,wk inc flu hosp,2026-05-09,quantile,0.01,0,Maryland,Ensemble
2026-05-02,24,1,wk inc flu hosp,2026-05-09,quantile,0.025,1,Maryland,Ensemble
2026-05-02,24,1,wk inc flu hosp,2026-05-09,quantile,0.05,1,Maryland,Ensemble
2026-05-02,24,1,wk inc flu hosp,2026-05-09,quantile,0.1,2,Maryland,Ensemble
2026-05-02,24,1,wk inc flu hosp,2026-05-09,quantile,0.15,2,Maryland,Ensemble
2026-05-02,24,1,wk inc flu hosp,2026-05-09,quantile,0.2,3,Maryland,Ensemble
2026-05-02,24,1,wk inc flu hosp,2026-05-09,quantile,0.25,4,Maryland,Ensemble
2026-05-02,24,1,wk inc flu hosp,2026-05-09,quantile,0.3,4,Maryland,Ensemble
2026-05-02,24,1,wk inc flu hosp,2026-05-09,quantile,0.35,5,Maryland,Ensemble
2026-05-02,24,1,wk inc flu hosp,2026-05-09,quantile,0.4,6,Maryland,Ensemble
2026-05-02,24,1,wk inc flu hosp,2026-05-09,quantile,0.45,7,Maryland,Ensemble
2026-05-02,24,1,wk inc flu hosp,2026-05-09,quantile,0.5,9,Maryland,Ensemble
2026-05-02,24,1,wk inc flu hosp,2026-05-09,quantile,0.55,11,Maryland,Ensemble
2026-05-02,24,1,wk inc flu hosp,2026-05-09,quantile,0.6,12,Maryland,Ensemble
2026-05-02,24,1,wk inc flu hosp,2026-05-09,quantile,0.65,13,Maryland,Ensemble
2026-05-02,24,1,wk inc flu hosp,2026-05-09,quantile,0.7,15,Maryland,Ensemble
2026-05-02,24,1,wk inc flu hosp,2026-05-09,quantile,0.75,18,Maryland,Ensemble
2026-05-02,24,1,wk inc flu hosp,2026-05-09,quantile,0.8,20,Maryland,Ensemble
2026-05-02,24,1,wk inc flu hosp,2026-05-09,quantile,0.85,24,Maryland,Ensemble
2026-05-02,24,1,wk inc flu hosp,2026-05-09,quantile,0.9,31,Maryland,Ensemble
2026-05-02,24,1,wk inc flu hosp,2026-05-09,quantile,0.95,41,Maryland,Ensemble
2026-05-02,24,1,wk inc flu hosp,2026-05-09,quantile,0.975,53,Maryland,Ensemble
2026-05-02,24,1,wk inc flu hosp,2026-05-09,quantile,0.99,72,Maryland,Ensemble
2026-05-02,24,2,wk inc flu hosp,2026-05-16,quantile,0.01,0,Maryland,Ensemble
2026-05-02,24,2,wk inc flu hosp,2026-05-16,quantile,0.025,0,Maryland,Ensemble
2026-05-02,24,2,wk inc flu hosp,2026-05-16,quantile,0.05,1,Maryland,Ensemble
2026-05-02,24,2,wk inc flu hosp,2026-05-16,quantile,0.1,1,Maryland,Ensemble
2026-05-02,24,2,wk inc flu hosp,2026-05-16,quantile,0.15,2,Maryland,Ensemble
2026-05-02,24,2,wk inc flu hosp,2026-05-16,quantile,0.2,2,Maryland,Ensemble
2026-05-02,24,2,wk inc flu hosp,2026-05-16,quantile,0.25,3,Maryland,Ensemble
2026-05-02,24,2,wk inc flu hosp,2026-05-16,quantile,0.3,4,Maryland,Ensemble
2026-05-02,24,2,wk inc flu hosp,2026-05-16,quantile,0.35,4,Maryland,Ensemble
2026-05-02,24,2,wk inc flu hosp,2026-05-16,quantile,0.4,5,Maryland,Ensemble
2026-05-02,24,2,wk inc flu hosp,2026-05-16,quantile,0.45,6,Maryland,Ensemble
2026-05-02,24,2,wk inc flu hosp,2026-05-16,quantile,0.5,8,Maryland,Ensemble
2026-05-02,24,2,wk inc flu hosp,2026-05-16,quantile,0.55,10,Maryland,Ensemble
2026-05-02,24,2,wk inc flu hosp,2026-05-16,quantile,0.6,12,Maryland,Ensemble
2026-05-02,24,2,wk inc flu hosp,2026-05-16,quantile,0.65,14,Maryland,Ensemble
2026-05-02,24,2,wk inc flu hosp,2026-05-16,quantile,0.7,16,Maryland,Ensemble
2026-05-02,24,2,wk inc flu hosp,2026-05-16,quantile,0.75,18,Maryland,Ensemble
2026-05-02,24,2,wk inc flu hosp,2026-05-16,quantile,0.8,22,Maryland,Ensemble
2026-05-02,24,2,wk inc flu hosp,2026-05-16,quantile,0.85,27,Maryland,Ensemble
2026-05-02,24,2,wk inc flu hosp,2026-05-16,quantile,0.9,35,Maryland,Ensemble
2026-05-02,24,2,wk inc flu hosp,2026-05-16,quantile,0.95,48,Maryland,Ensemble
2026-05-02,24,2,wk inc flu hosp,2026-05-16,quantile,0.975,63,Maryland,Ensemble
2026-05-02,24,2,wk inc flu hosp,2026-05-16,quantile,0.99,87,Maryland,Ensemble
2026-05-02,24,3,wk inc flu hosp,2026-05-23,quantile,0.01,0,Maryland,Ensemble
2026-05-02,24,3,wk inc flu hosp,2026-05-23,quantile,0.025,0,Maryland,Ensemble
2026-05-02,24,3,wk inc flu hosp,2026-05-23,quantile,0.05,1,Maryland,Ensemble
2026-05-02,24,3,wk inc flu hosp,2026-05-23,quantile,0.1,1,Maryland,Ensemble
2026-05-02,24,3,wk inc flu hosp,2026-05-23,quantile,0.15,2,Maryland,Ensemble
2026-05-02,24,3,wk inc flu hosp,2026-05-23,quantile,0.2,2,Maryland,Ensemble
2026-05-02,24,3,wk inc flu hosp,2026-05-23,quantile,0.25,3,Maryland,Ensemble
2026-05-02,24,3,wk inc flu hosp,2026-05-23,quantile,0.3,3,Maryland,Ensemble
2026-05-02,24,3,wk inc flu hosp,2026-05-23,quantile,0.35,4,Maryland,Ensemble
2026-05-02,24,3,wk inc flu hosp,2026-05-23,quantile,0.4,5,Maryland,Ensemble
2026-05-02,24,3,wk inc flu hosp,2026-05-23,quantile,0.45,6,Maryland,Ensemble
2026-05-02,24,3,wk inc flu hosp,2026-05-23,quantile,0.5,8,Maryland,Ensemble
2026-05-02,24,3,wk inc flu hosp,2026-05-23,quantile,0.55,10,Maryland,Ensemble
2026-05-02,24,3,wk inc flu hosp,2026-05-23,quantile,0.6,12,Maryland,Ensemble
2026-05-02,24,3,wk inc flu hosp,2026-05-23,quantile,0.65,14,Maryland,Ensemble
2026-05-02,24,3,wk inc flu hosp,2026-05-23,quantile,0.7,16,Maryland,Ensemble
2026-05-02,24,3,wk inc flu hosp,2026-05-23,quantile,0.75,19,Maryland,Ensemble
2026-05-02,24,3,wk inc flu hosp,2026-05-23,quantile,0.8,24,Maryland,Ensemble
2026-05-02,24,3,wk inc flu hosp,2026-05-23,quantile,0.85,30,Maryland,Ensemble
2026-05-02,24,3,wk inc flu hosp,2026-05-23,quantile,0.9,39,Maryland,Ensemble
2026-05-02,24,3,wk inc flu hosp,2026-05-23,quantile,0.95,55,Maryland,Ensemble
2026-05-02,24,3,wk inc flu hosp,2026-05-23,quantile,0.975,75,Maryland,Ensemble
2026-05-02,24,3,wk inc flu hosp,2026-05-23,quantile,0.99,104,Maryland,Ensemble
2026-05-02,25,0,wk inc flu hosp,2026-05-02,quantile,0.01,3,Massachusetts,Ensemble
2026-05-02,25,0,wk inc flu hosp,2026-05-02,quantile,0.025,4,Massachusetts,Ensemble
2026-05-02,25,0,wk inc flu hosp,2026-05-02,quantile,0.05,5,Massachusetts,Ensemble
2026-05-02,25,0,wk inc flu hosp,2026-05-02,quantile,0.1,8,Massachusetts,Ensemble
2026-05-02,25,0,wk inc flu hosp,2026-05-02,quantile,0.15,10,Massachusetts,Ensemble
2026-05-02,25,0,wk inc flu hosp,2026-05-02,quantile,0.2,12,Massachusetts,Ensemble
2026-05-02,25,0,wk inc flu hosp,2026-05-02,quantile,0.25,13,Massachusetts,Ensemble
2026-05-02,25,0,wk inc flu hosp,2026-05-02,quantile,0.3,15,Massachusetts,Ensemble
2026-05-02,25,0,wk inc flu hosp,2026-05-02,quantile,0.35,16,Massachusetts,Ensemble
2026-05-02,25,0,wk inc flu hosp,2026-05-02,quantile,0.4,18,Massachusetts,Ensemble
2026-05-02,25,0,wk inc flu hosp,2026-05-02,quantile,0.45,20,Massachusetts,Ensemble
2026-05-02,25,0,wk inc flu hosp,2026-05-02,quantile,0.5,23,Massachusetts,Ensemble
2026-05-02,25,0,wk inc flu hosp,2026-05-02,quantile,0.55,25,Massachusetts,Ensemble
2026-05-02,25,0,wk inc flu hosp,2026-05-02,quantile,0.6,27,Massachusetts,Ensemble
2026-05-02,25,0,wk inc flu hosp,2026-05-02,quantile,0.65,29,Massachusetts,Ensemble
2026-05-02,25,0,wk inc flu hosp,2026-05-02,quantile,0.7,31,Massachusetts,Ensemble
2026-05-02,25,0,wk inc flu hosp,2026-05-02,quantile,0.75,34,Massachusetts,Ensemble
2026-05-02,25,0,wk inc flu hosp,2026-05-02,quantile,0.8,37,Massachusetts,Ensemble
2026-05-02,25,0,wk inc flu hosp,2026-05-02,quantile,0.85,40,Massachusetts,Ensemble
2026-05-02,25,0,wk inc flu hosp,2026-05-02,quantile,0.9,46,Massachusetts,Ensemble
2026-05-02,25,0,wk inc flu hosp,2026-05-02,quantile,0.95,59,Massachusetts,Ensemble
2026-05-02,25,0,wk inc flu hosp,2026-05-02,quantile,0.975,71,Massachusetts,Ensemble
2026-05-02,25,0,wk inc flu hosp,2026-05-02,quantile,0.99,90,Massachusetts,Ensemble
2026-05-02,25,1,wk inc flu hosp,2026-05-09,quantile,0.01,2,Massachusetts,Ensemble
2026-05-02,25,1,wk inc flu hosp,2026-05-09,quantile,0.025,3,Massachusetts,Ensemble
2026-05-02,25,1,wk inc flu hosp,2026-05-09,quantile,0.05,4,Massachusetts,Ensemble
2026-05-02,25,1,wk inc flu hosp,2026-05-09,quantile,0.1,6,Massachusetts,Ensemble
2026-05-02,25,1,wk inc flu hosp,2026-05-09,quantile,0.15,8,Massachusetts,Ensemble
2026-05-02,25,1,wk inc flu hosp,2026-05-09,quantile,0.2,9,Massachusetts,Ensemble
2026-05-02,25,1,wk inc flu hosp,2026-05-09,quantile,0.25,11,Massachusetts,Ensemble
2026-05-02,25,1,wk inc flu hosp,2026-05-09,quantile,0.3,12,Massachusetts,Ensemble
2026-05-02,25,1,wk inc flu hosp,2026-05-09,quantile,0.35,14,Massachusetts,Ensemble
2026-05-02,25,1,wk inc flu hosp,2026-05-09,quantile,0.4,16,Massachusetts,Ensemble
2026-05-02,25,1,wk inc flu hosp,2026-05-09,quantile,0.45,17,Massachusetts,Ensemble
2026-05-02,25,1,wk inc flu hosp,2026-05-09,quantile,0.5,20,Massachusetts,Ensemble
2026-05-02,25,1,wk inc flu hosp,2026-05-09,quantile,0.55,22,Massachusetts,Ensemble
2026-05-02,25,1,wk inc flu hosp,2026-05-09,quantile,0.6,25,Massachusetts,Ensemble
2026-05-02,25,1,wk inc flu hosp,2026-05-09,quantile,0.65,27,Massachusetts,Ensemble
2026-05-02,25,1,wk inc flu hosp,2026-05-09,quantile,0.7,30,Massachusetts,Ensemble
2026-05-02,25,1,wk inc flu hosp,2026-05-09,quantile,0.75,34,Massachusetts,Ensemble
2026-05-02,25,1,wk inc flu hosp,2026-05-09,quantile,0.8,38,Massachusetts,Ensemble
2026-05-02,25,1,wk inc flu hosp,2026-05-09,quantile,0.85,43,Massachusetts,Ensemble
2026-05-02,25,1,wk inc flu hosp,2026-05-09,quantile,0.9,53,Massachusetts,Ensemble
2026-05-02,25,1,wk inc flu hosp,2026-05-09,quantile,0.95,69,Massachusetts,Ensemble
2026-05-02,25,1,wk inc flu hosp,2026-05-09,quantile,0.975,88,Massachusetts,Ensemble
2026-05-02,25,1,wk inc flu hosp,2026-05-09,quantile,0.99,110,Massachusetts,Ensemble
2026-05-02,25,2,wk inc flu hosp,2026-05-16,quantile,0.01,1,Massachusetts,Ensemble
2026-05-02,25,2,wk inc flu hosp,2026-05-16,quantile,0.025,2,Massachusetts,Ensemble
2026-05-02,25,2,wk inc flu hosp,2026-05-16,quantile,0.05,3,Massachusetts,Ensemble
2026-05-02,25,2,wk inc flu hosp,2026-05-16,quantile,0.1,4,Massachusetts,Ensemble
2026-05-02,25,2,wk inc flu hosp,2026-05-16,quantile,0.15,5,Massachusetts,Ensemble
2026-05-02,25,2,wk inc flu hosp,2026-05-16,quantile,0.2,7,Massachusetts,Ensemble
2026-05-02,25,2,wk inc flu hosp,2026-05-16,quantile,0.25,8,Massachusetts,Ensemble
2026-05-02,25,2,wk inc flu hosp,2026-05-16,quantile,0.3,10,Massachusetts,Ensemble
2026-05-02,25,2,wk inc flu hosp,2026-05-16,quantile,0.35,11,Massachusetts,Ensemble
2026-05-02,25,2,wk inc flu hosp,2026-05-16,quantile,0.4,13,Massachusetts,Ensemble
2026-05-02,25,2,wk inc flu hosp,2026-05-16,quantile,0.45,14,Massachusetts,Ensemble
2026-05-02,25,2,wk inc flu hosp,2026-05-16,quantile,0.5,17,Massachusetts,Ensemble
2026-05-02,25,2,wk inc flu hosp,2026-05-16,quantile,0.55,20,Massachusetts,Ensemble
2026-05-02,25,2,wk inc flu hosp,2026-05-16,quantile,0.6,22,Massachusetts,Ensemble
2026-05-02,25,2,wk inc flu hosp,2026-05-16,quantile,0.65,25,Massachusetts,Ensemble
2026-05-02,25,2,wk inc flu hosp,2026-05-16,quantile,0.7,28,Massachusetts,Ensemble
2026-05-02,25,2,wk inc flu hosp,2026-05-16,quantile,0.75,32,Massachusetts,Ensemble
2026-05-02,25,2,wk inc flu hosp,2026-05-16,quantile,0.8,38,Massachusetts,Ensemble
2026-05-02,25,2,wk inc flu hosp,2026-05-16,quantile,0.85,45,Massachusetts,Ensemble
2026-05-02,25,2,wk inc flu hosp,2026-05-16,quantile,0.9,58,Massachusetts,Ensemble
2026-05-02,25,2,wk inc flu hosp,2026-05-16,quantile,0.95,80,Massachusetts,Ensemble
2026-05-02,25,2,wk inc flu hosp,2026-05-16,quantile,0.975,100,Massachusetts,Ensemble
2026-05-02,25,2,wk inc flu hosp,2026-05-16,quantile,0.99,130,Massachusetts,Ensemble
2026-05-02,25,3,wk inc flu hosp,2026-05-23,quantile,0.01,1,Massachusetts,Ensemble
2026-05-02,25,3,wk inc flu hosp,2026-05-23,quantile,0.025,1,Massachusetts,Ensemble
2026-05-02,25,3,wk inc flu hosp,2026-05-23,quantile,0.05,2,Massachusetts,Ensemble
2026-05-02,25,3,wk inc flu hosp,2026-05-23,quantile,0.1,3,Massachusetts,Ensemble
2026-05-02,25,3,wk inc flu hosp,2026-05-23,quantile,0.15,4,Massachusetts,Ensemble
2026-05-02,25,3,wk inc flu hosp,2026-05-23,quantile,0.2,6,Massachusetts,Ensemble
2026-05-02,25,3,wk inc flu hosp,2026-05-23,quantile,0.25,8,Massachusetts,Ensemble
2026-05-02,25,3,wk inc flu hosp,2026-05-23,quantile,0.3,9,Massachusetts,Ensemble
2026-05-02,25,3,wk inc flu hosp,2026-05-23,quantile,0.35,11,Massachusetts,Ensemble
2026-05-02,25,3,wk inc flu hosp,2026-05-23,quantile,0.4,12,Massachusetts,Ensemble
2026-05-02,25,3,wk inc flu hosp,2026-05-23,quantile,0.45,14,Massachusetts,Ensemble
2026-05-02,25,3,wk inc flu hosp,2026-05-23,quantile,0.5,16,Massachusetts,Ensemble
2026-05-02,25,3,wk inc flu hosp,2026-05-23,quantile,0.55,18,Massachusetts,Ensemble
2026-05-02,25,3,wk inc flu hosp,2026-05-23,quantile,0.6,22,Massachusetts,Ensemble
2026-05-02,25,3,wk inc flu hosp,2026-05-23,quantile,0.65,25,Massachusetts,Ensemble
2026-05-02,25,3,wk inc flu hosp,2026-05-23,quantile,0.7,28,Massachusetts,Ensemble
2026-05-02,25,3,wk inc flu hosp,2026-05-23,quantile,0.75,33,Massachusetts,Ensemble
2026-05-02,25,3,wk inc flu hosp,2026-05-23,quantile,0.8,39,Massachusetts,Ensemble
2026-05-02,25,3,wk inc flu hosp,2026-05-23,quantile,0.85,49,Massachusetts,Ensemble
2026-05-02,25,3,wk inc flu hosp,2026-05-23,quantile,0.9,63,Massachusetts,Ensemble
2026-05-02,25,3,wk inc flu hosp,2026-05-23,quantile,0.95,89,Massachusetts,Ensemble
2026-05-02,25,3,wk inc flu hosp,2026-05-23,quantile,0.975,113,Massachusetts,Ensemble
2026-05-02,25,3,wk inc flu hosp,2026-05-23,quantile,0.99,150,Massachusetts,Ensemble
2026-05-02,26,0,wk inc flu hosp,2026-05-02,quantile,0.01,5,Michigan,Ensemble
2026-05-02,26,0,wk inc flu hosp,2026-05-02,quantile,0.025,6,Michigan,Ensemble
2026-05-02,26,0,wk inc flu hosp,2026-05-02,quantile,0.05,7,Michigan,Ensemble
2026-05-02,26,0,wk inc flu hosp,2026-05-02,quantile,0.1,9,Michigan,Ensemble
2026-05-02,26,0,wk inc flu hosp,2026-05-02,quantile,0.15,11,Michigan,Ensemble
2026-05-02,26,0,wk inc flu hosp,2026-05-02,quantile,0.2,13,Michigan,Ensemble
2026-05-02,26,0,wk inc flu hosp,2026-05-02,quantile,0.25,15,Michigan,Ensemble
2026-05-02,26,0,wk inc flu hosp,2026-05-02,quantile,0.3,16,Michigan,Ensemble
2026-05-02,26,0,wk inc flu hosp,2026-05-02,quantile,0.35,18,Michigan,Ensemble
2026-05-02,26,0,wk inc flu hosp,2026-05-02,quantile,0.4,20,Michigan,Ensemble
2026-05-02,26,0,wk inc flu hosp,2026-05-02,quantile,0.45,22,Michigan,Ensemble
2026-05-02,26,0,wk inc flu hosp,2026-05-02,quantile,0.5,25,Michigan,Ensemble
2026-05-02,26,0,wk inc flu hosp,2026-05-02,quantile,0.55,28,Michigan,Ensemble
2026-05-02,26,0,wk inc flu hosp,2026-05-02,quantile,0.6,30,Michigan,Ensemble
2026-05-02,26,0,wk inc flu hosp,2026-05-02,quantile,0.65,32,Michigan,Ensemble
2026-05-02,26,0,wk inc flu hosp,2026-05-02,quantile,0.7,35,Michigan,Ensemble
2026-05-02,26,0,wk inc flu hosp,2026-05-02,quantile,0.75,38,Michigan,Ensemble
2026-05-02,26,0,wk inc flu hosp,2026-05-02,quantile,0.8,41,Michigan,Ensemble
2026-05-02,26,0,wk inc flu hosp,2026-05-02,quantile,0.85,46,Michigan,Ensemble
2026-05-02,26,0,wk inc flu hosp,2026-05-02,quantile,0.9,52,Michigan,Ensemble
2026-05-02,26,0,wk inc flu hosp,2026-05-02,quantile,0.95,62,Michigan,Ensemble
2026-05-02,26,0,wk inc flu hosp,2026-05-02,quantile,0.975,73,Michigan,Ensemble
2026-05-02,26,0,wk inc flu hosp,2026-05-02,quantile,0.99,88,Michigan,Ensemble
2026-05-02,26,1,wk inc flu hosp,2026-05-09,quantile,0.01,3,Michigan,Ensemble
2026-05-02,26,1,wk inc flu hosp,2026-05-09,quantile,0.025,4,Michigan,Ensemble
2026-05-02,26,1,wk inc flu hosp,2026-05-09,quantile,0.05,5,Michigan,Ensemble
2026-05-02,26,1,wk inc flu hosp,2026-05-09,quantile,0.1,7,Michigan,Ensemble
2026-05-02,26,1,wk inc flu hosp,2026-05-09,quantile,0.15,8,Michigan,Ensemble
2026-05-02,26,1,wk inc flu hosp,2026-05-09,quantile,0.2,10,Michigan,Ensemble
2026-05-02,26,1,wk inc flu hosp,2026-05-09,quantile,0.25,11,Michigan,Ensemble
2026-05-02,26,1,wk inc flu hosp,2026-05-09,quantile,0.3,13,Michigan,Ensemble
2026-05-02,26,1,wk inc flu hosp,2026-05-09,quantile,0.35,15,Michigan,Ensemble
2026-05-02,26,1,wk inc flu hosp,2026-05-09,quantile,0.4,17,Michigan,Ensemble
2026-05-02,26,1,wk inc flu hosp,2026-05-09,quantile,0.45,19,Michigan,Ensemble
2026-05-02,26,1,wk inc flu hosp,2026-05-09,quantile,0.5,22,Michigan,Ensemble
2026-05-02,26,1,wk inc flu hosp,2026-05-09,quantile,0.55,25,Michigan,Ensemble
2026-05-02,26,1,wk inc flu hosp,2026-05-09,quantile,0.6,27,Michigan,Ensemble
2026-05-02,26,1,wk inc flu hosp,2026-05-09,quantile,0.65,30,Michigan,Ensemble
2026-05-02,26,1,wk inc flu hosp,2026-05-09,quantile,0.7,33,Michigan,Ensemble
2026-05-02,26,1,wk inc flu hosp,2026-05-09,quantile,0.75,37,Michigan,Ensemble
2026-05-02,26,1,wk inc flu hosp,2026-05-09,quantile,0.8,41,Michigan,Ensemble
2026-05-02,26,1,wk inc flu hosp,2026-05-09,quantile,0.85,47,Michigan,Ensemble
2026-05-02,26,1,wk inc flu hosp,2026-05-09,quantile,0.9,55,Michigan,Ensemble
2026-05-02,26,1,wk inc flu hosp,2026-05-09,quantile,0.95,69,Michigan,Ensemble
2026-05-02,26,1,wk inc flu hosp,2026-05-09,quantile,0.975,84,Michigan,Ensemble
2026-05-02,26,1,wk inc flu hosp,2026-05-09,quantile,0.99,104,Michigan,Ensemble
2026-05-02,26,2,wk inc flu hosp,2026-05-16,quantile,0.01,3,Michigan,Ensemble
2026-05-02,26,2,wk inc flu hosp,2026-05-16,quantile,0.025,3,Michigan,Ensemble
2026-05-02,26,2,wk inc flu hosp,2026-05-16,quantile,0.05,4,Michigan,Ensemble
2026-05-02,26,2,wk inc flu hosp,2026-05-16,quantile,0.1,5,Michigan,Ensemble
2026-05-02,26,2,wk inc flu hosp,2026-05-16,quantile,0.15,6,Michigan,Ensemble
2026-05-02,26,2,wk inc flu hosp,2026-05-16,quantile,0.2,8,Michigan,Ensemble
2026-05-02,26,2,wk inc flu hosp,2026-05-16,quantile,0.25,9,Michigan,Ensemble
2026-05-02,26,2,wk inc flu hosp,2026-05-16,quantile,0.3,11,Michigan,Ensemble
2026-05-02,26,2,wk inc flu hosp,2026-05-16,quantile,0.35,12,Michigan,Ensemble
2026-05-02,26,2,wk inc flu hosp,2026-05-16,quantile,0.4,14,Michigan,Ensemble
2026-05-02,26,2,wk inc flu hosp,2026-05-16,quantile,0.45,16,Michigan,Ensemble
2026-05-02,26,2,wk inc flu hosp,2026-05-16,quantile,0.5,19,Michigan,Ensemble
2026-05-02,26,2,wk inc flu hosp,2026-05-16,quantile,0.55,21,Michigan,Ensemble
2026-05-02,26,2,wk inc flu hosp,2026-05-16,quantile,0.6,24,Michigan,Ensemble
2026-05-02,26,2,wk inc flu hosp,2026-05-16,quantile,0.65,27,Michigan,Ensemble
2026-05-02,26,2,wk inc flu hosp,2026-05-16,quantile,0.7,31,Michigan,Ensemble
2026-05-02,26,2,wk inc flu hosp,2026-05-16,quantile,0.75,36,Michigan,Ensemble
2026-05-02,26,2,wk inc flu hosp,2026-05-16,quantile,0.8,41,Michigan,Ensemble
2026-05-02,26,2,wk inc flu hosp,2026-05-16,quantile,0.85,48,Michigan,Ensemble
2026-05-02,26,2,wk inc flu hosp,2026-05-16,quantile,0.9,58,Michigan,Ensemble
2026-05-02,26,2,wk inc flu hosp,2026-05-16,quantile,0.95,75,Michigan,Ensemble
2026-05-02,26,2,wk inc flu hosp,2026-05-16,quantile,0.975,93,Michigan,Ensemble
2026-05-02,26,2,wk inc flu hosp,2026-05-16,quantile,0.99,118,Michigan,Ensemble
2026-05-02,26,3,wk inc flu hosp,2026-05-23,quantile,0.01,2,Michigan,Ensemble
2026-05-02,26,3,wk inc flu hosp,2026-05-23,quantile,0.025,3,Michigan,Ensemble
2026-05-02,26,3,wk inc flu hosp,2026-05-23,quantile,0.05,3,Michigan,Ensemble
2026-05-02,26,3,wk inc flu hosp,2026-05-23,quantile,0.1,4,Michigan,Ensemble
2026-05-02,26,3,wk inc flu hosp,2026-05-23,quantile,0.15,5,Michigan,Ensemble
2026-05-02,26,3,wk inc flu hosp,2026-05-23,quantile,0.2,6,Michigan,Ensemble
2026-05-02,26,3,wk inc flu hosp,2026-05-23,quantile,0.25,7,Michigan,Ensemble
2026-05-02,26,3,wk inc flu hosp,2026-05-23,quantile,0.3,9,Michigan,Ensemble
2026-05-02,26,3,wk inc flu hosp,2026-05-23,quantile,0.35,11,Michigan,Ensemble
2026-05-02,26,3,wk inc flu hosp,2026-05-23,quantile,0.4,12,Michigan,Ensemble
2026-05-02,26,3,wk inc flu hosp,2026-05-23,quantile,0.45,13,Michigan,Ensemble
2026-05-02,26,3,wk inc flu hosp,2026-05-23,quantile,0.5,16,Michigan,Ensemble
2026-05-02,26,3,wk inc flu hosp,2026-05-23,quantile,0.55,19,Michigan,Ensemble
2026-05-02,26,3,wk inc flu hosp,2026-05-23,quantile,0.6,22,Michigan,Ensemble
2026-05-02,26,3,wk inc flu hosp,2026-05-23,quantile,0.65,26,Michigan,Ensemble
2026-05-02,26,3,wk inc flu hosp,2026-05-23,quantile,0.7,30,Michigan,Ensemble
2026-05-02,26,3,wk inc flu hosp,2026-05-23,quantile,0.75,35,Michigan,Ensemble
2026-05-02,26,3,wk inc flu hosp,2026-05-23,quantile,0.8,41,Michigan,Ensemble
2026-05-02,26,3,wk inc flu hosp,2026-05-23,quantile,0.85,49,Michigan,Ensemble
2026-05-02,26,3,wk inc flu hosp,2026-05-23,quantile,0.9,61,Michigan,Ensemble
2026-05-02,26,3,wk inc flu hosp,2026-05-23,quantile,0.95,81,Michigan,Ensemble
2026-05-02,26,3,wk inc flu hosp,2026-05-23,quantile,0.975,102,Michigan,Ensemble
2026-05-02,26,3,wk inc flu hosp,2026-05-23,quantile,0.99,133,Michigan,Ensemble
2026-05-02,27,0,wk inc flu hosp,2026-05-02,quantile,0.01,3,Minnesota,Ensemble
2026-05-02,27,0,wk inc flu hosp,2026-05-02,quantile,0.025,3,Minnesota,Ensemble
2026-05-02,27,0,wk inc flu hosp,2026-05-02,quantile,0.05,4,Minnesota,Ensemble
2026-05-02,27,0,wk inc flu hosp,2026-05-02,quantile,0.1,6,Minnesota,Ensemble
2026-05-02,27,0,wk inc flu hosp,2026-05-02,quantile,0.15,7,Minnesota,Ensemble
2026-05-02,27,0,wk inc flu hosp,2026-05-02,quantile,0.2,8,Minnesota,Ensemble
2026-05-02,27,0,wk inc flu hosp,2026-05-02,quantile,0.25,10,Minnesota,Ensemble
2026-05-02,27,0,wk inc flu hosp,2026-05-02,quantile,0.3,11,Minnesota,Ensemble
2026-05-02,27,0,wk inc flu hosp,2026-05-02,quantile,0.35,12,Minnesota,Ensemble
2026-05-02,27,0,wk inc flu hosp,2026-05-02,quantile,0.4,14,Minnesota,Ensemble
2026-05-02,27,0,wk inc flu hosp,2026-05-02,quantile,0.45,15,Minnesota,Ensemble
2026-05-02,27,0,wk inc flu hosp,2026-05-02,quantile,0.5,18,Minnesota,Ensemble
2026-05-02,27,0,wk inc flu hosp,2026-05-02,quantile,0.55,19,Minnesota,Ensemble
2026-05-02,27,0,wk inc flu hosp,2026-05-02,quantile,0.6,21,Minnesota,Ensemble
2026-05-02,27,0,wk inc flu hosp,2026-05-02,quantile,0.65,23,Minnesota,Ensemble
2026-05-02,27,0,wk inc flu hosp,2026-05-02,quantile,0.7,25,Minnesota,Ensemble
2026-05-02,27,0,wk inc flu hosp,2026-05-02,quantile,0.75,27,Minnesota,Ensemble
2026-05-02,27,0,wk inc flu hosp,2026-05-02,quantile,0.8,30,Minnesota,Ensemble
2026-05-02,27,0,wk inc flu hosp,2026-05-02,quantile,0.85,33,Minnesota,Ensemble
2026-05-02,27,0,wk inc flu hosp,2026-05-02,quantile,0.9,37,Minnesota,Ensemble
2026-05-02,27,0,wk inc flu hosp,2026-05-02,quantile,0.95,45,Minnesota,Ensemble
2026-05-02,27,0,wk inc flu hosp,2026-05-02,quantile,0.975,54,Minnesota,Ensemble
2026-05-02,27,0,wk inc flu hosp,2026-05-02,quantile,0.99,67,Minnesota,Ensemble
2026-05-02,27,1,wk inc flu hosp,2026-05-09,quantile,0.01,2,Minnesota,Ensemble
2026-05-02,27,1,wk inc flu hosp,2026-05-09,quantile,0.025,2,Minnesota,Ensemble
2026-05-02,27,1,wk inc flu hosp,2026-05-09,quantile,0.05,3,Minnesota,Ensemble
2026-05-02,27,1,wk inc flu hosp,2026-05-09,quantile,0.1,4,Minnesota,Ensemble
2026-05-02,27,1,wk inc flu hosp,2026-05-09,quantile,0.15,5,Minnesota,Ensemble
2026-05-02,27,1,wk inc flu hosp,2026-05-09,quantile,0.2,6,Minnesota,Ensemble
2026-05-02,27,1,wk inc flu hosp,2026-05-09,quantile,0.25,7,Minnesota,Ensemble
2026-05-02,27,1,wk inc flu hosp,2026-05-09,quantile,0.3,8,Minnesota,Ensemble
2026-05-02,27,1,wk inc flu hosp,2026-05-09,quantile,0.35,9,Minnesota,Ensemble
2026-05-02,27,1,wk inc flu hosp,2026-05-09,quantile,0.4,10,Minnesota,Ensemble
2026-05-02,27,1,wk inc flu hosp,2026-05-09,quantile,0.45,12,Minnesota,Ensemble
2026-05-02,27,1,wk inc flu hosp,2026-05-09,quantile,0.5,14,Minnesota,Ensemble
2026-05-02,27,1,wk inc flu hosp,2026-05-09,quantile,0.55,16,Minnesota,Ensemble
2026-05-02,27,1,wk inc flu hosp,2026-05-09,quantile,0.6,18,Minnesota,Ensemble
2026-05-02,27,1,wk inc flu hosp,2026-05-09,quantile,0.65,20,Minnesota,Ensemble
2026-05-02,27,1,wk inc flu hosp,2026-05-09,quantile,0.7,23,Minnesota,Ensemble
2026-05-02,27,1,wk inc flu hosp,2026-05-09,quantile,0.75,26,Minnesota,Ensemble
2026-05-02,27,1,wk inc flu hosp,2026-05-09,quantile,0.8,29,Minnesota,Ensemble
2026-05-02,27,1,wk inc flu hosp,2026-05-09,quantile,0.85,33,Minnesota,Ensemble
2026-05-02,27,1,wk inc flu hosp,2026-05-09,quantile,0.9,40,Minnesota,Ensemble
2026-05-02,27,1,wk inc flu hosp,2026-05-09,quantile,0.95,51,Minnesota,Ensemble
2026-05-02,27,1,wk inc flu hosp,2026-05-09,quantile,0.975,64,Minnesota,Ensemble
2026-05-02,27,1,wk inc flu hosp,2026-05-09,quantile,0.99,81,Minnesota,Ensemble
2026-05-02,27,2,wk inc flu hosp,2026-05-16,quantile,0.01,1,Minnesota,Ensemble
2026-05-02,27,2,wk inc flu hosp,2026-05-16,quantile,0.025,1,Minnesota,Ensemble
2026-05-02,27,2,wk inc flu hosp,2026-05-16,quantile,0.05,2,Minnesota,Ensemble
2026-05-02,27,2,wk inc flu hosp,2026-05-16,quantile,0.1,3,Minnesota,Ensemble
2026-05-02,27,2,wk inc flu hosp,2026-05-16,quantile,0.15,3,Minnesota,Ensemble
2026-05-02,27,2,wk inc flu hosp,2026-05-16,quantile,0.2,4,Minnesota,Ensemble
2026-05-02,27,2,wk inc flu hosp,2026-05-16,quantile,0.25,5,Minnesota,Ensemble
2026-05-02,27,2,wk inc flu hosp,2026-05-16,quantile,0.3,6,Minnesota,Ensemble
2026-05-02,27,2,wk inc flu hosp,2026-05-16,quantile,0.35,7,Minnesota,Ensemble
2026-05-02,27,2,wk inc flu hosp,2026-05-16,quantile,0.4,8,Minnesota,Ensemble
2026-05-02,27,2,wk inc flu hosp,2026-05-16,quantile,0.45,10,Minnesota,Ensemble
2026-05-02,27,2,wk inc flu hosp,2026-05-16,quantile,0.5,13,Minnesota,Ensemble
2026-05-02,27,2,wk inc flu hosp,2026-05-16,quantile,0.55,15,Minnesota,Ensemble
2026-05-02,27,2,wk inc flu hosp,2026-05-16,quantile,0.6,17,Minnesota,Ensemble
2026-05-02,27,2,wk inc flu hosp,2026-05-16,quantile,0.65,20,Minnesota,Ensemble
2026-05-02,27,2,wk inc flu hosp,2026-05-16,quantile,0.7,23,Minnesota,Ensemble
2026-05-02,27,2,wk inc flu hosp,2026-05-16,quantile,0.75,26,Minnesota,Ensemble
2026-05-02,27,2,wk inc flu hosp,2026-05-16,quantile,0.8,30,Minnesota,Ensemble
2026-05-02,27,2,wk inc flu hosp,2026-05-16,quantile,0.85,36,Minnesota,Ensemble
2026-05-02,27,2,wk inc flu hosp,2026-05-16,quantile,0.9,44,Minnesota,Ensemble
2026-05-02,27,2,wk inc flu hosp,2026-05-16,quantile,0.95,60,Minnesota,Ensemble
2026-05-02,27,2,wk inc flu hosp,2026-05-16,quantile,0.975,77,Minnesota,Ensemble
2026-05-02,27,2,wk inc flu hosp,2026-05-16,quantile,0.99,98,Minnesota,Ensemble
2026-05-02,27,3,wk inc flu hosp,2026-05-23,quantile,0.01,1,Minnesota,Ensemble
2026-05-02,27,3,wk inc flu hosp,2026-05-23,quantile,0.025,1,Minnesota,Ensemble
2026-05-02,27,3,wk inc flu hosp,2026-05-23,quantile,0.05,1,Minnesota,Ensemble
2026-05-02,27,3,wk inc flu hosp,2026-05-23,quantile,0.1,2,Minnesota,Ensemble
2026-05-02,27,3,wk inc flu hosp,2026-05-23,quantile,0.15,2,Minnesota,Ensemble
2026-05-02,27,3,wk inc flu hosp,2026-05-23,quantile,0.2,3,Minnesota,Ensemble
2026-05-02,27,3,wk inc flu hosp,2026-05-23,quantile,0.25,4,Minnesota,Ensemble
2026-05-02,27,3,wk inc flu hosp,2026-05-23,quantile,0.3,4,Minnesota,Ensemble
2026-05-02,27,3,wk inc flu hosp,2026-05-23,quantile,0.35,5,Minnesota,Ensemble
2026-05-02,27,3,wk inc flu hosp,2026-05-23,quantile,0.4,6,Minnesota,Ensemble
2026-05-02,27,3,wk inc flu hosp,2026-05-23,quantile,0.45,8,Minnesota,Ensemble
2026-05-02,27,3,wk inc flu hosp,2026-05-23,quantile,0.5,11,Minnesota,Ensemble
2026-05-02,27,3,wk inc flu hosp,2026-05-23,quantile,0.55,13,Minnesota,Ensemble
2026-05-02,27,3,wk inc flu hosp,2026-05-23,quantile,0.6,16,Minnesota,Ensemble
2026-05-02,27,3,wk inc flu hosp,2026-05-23,quantile,0.65,19,Minnesota,Ensemble
2026-05-02,27,3,wk inc flu hosp,2026-05-23,quantile,0.7,22,Minnesota,Ensemble
2026-05-02,27,3,wk inc flu hosp,2026-05-23,quantile,0.75,26,Minnesota,Ensemble
2026-05-02,27,3,wk inc flu hosp,2026-05-23,quantile,0.8,31,Minnesota,Ensemble
2026-05-02,27,3,wk inc flu hosp,2026-05-23,quantile,0.85,37,Minnesota,Ensemble
2026-05-02,27,3,wk inc flu hosp,2026-05-23,quantile,0.9,48,Minnesota,Ensemble
2026-05-02,27,3,wk inc flu hosp,2026-05-23,quantile,0.95,66,Minnesota,Ensemble
2026-05-02,27,3,wk inc flu hosp,2026-05-23,quantile,0.975,88,Minnesota,Ensemble
2026-05-02,27,3,wk inc flu hosp,2026-05-23,quantile,0.99,116,Minnesota,Ensemble
2026-05-02,28,0,wk inc flu hosp,2026-05-02,quantile,0.01,2,Mississippi,Ensemble
2026-05-02,28,0,wk inc flu hosp,2026-05-02,quantile,0.025,3,Mississippi,Ensemble
2026-05-02,28,0,wk inc flu hosp,2026-05-02,quantile,0.05,4,Mississippi,Ensemble
2026-05-02,28,0,wk inc flu hosp,2026-05-02,quantile,0.1,5,Mississippi,Ensemble
2026-05-02,28,0,wk inc flu hosp,2026-05-02,quantile,0.15,6,Mississippi,Ensemble
2026-05-02,28,0,wk inc flu hosp,2026-05-02,quantile,0.2,7,Mississippi,Ensemble
2026-05-02,28,0,wk inc flu hosp,2026-05-02,quantile,0.25,8,Mississippi,Ensemble
2026-05-02,28,0,wk inc flu hosp,2026-05-02,quantile,0.3,9,Mississippi,Ensemble
2026-05-02,28,0,wk inc flu hosp,2026-05-02,quantile,0.35,10,Mississippi,Ensemble
2026-05-02,28,0,wk inc flu hosp,2026-05-02,quantile,0.4,11,Mississippi,Ensemble
2026-05-02,28,0,wk inc flu hosp,2026-05-02,quantile,0.45,12,Mississippi,Ensemble
2026-05-02,28,0,wk inc flu hosp,2026-05-02,quantile,0.5,14,Mississippi,Ensemble
2026-05-02,28,0,wk inc flu hosp,2026-05-02,quantile,0.55,15,Mississippi,Ensemble
2026-05-02,28,0,wk inc flu hosp,2026-05-02,quantile,0.6,16,Mississippi,Ensemble
2026-05-02,28,0,wk inc flu hosp,2026-05-02,quantile,0.65,17,Mississippi,Ensemble
2026-05-02,28,0,wk inc flu hosp,2026-05-02,quantile,0.7,18,Mississippi,Ensemble
2026-05-02,28,0,wk inc flu hosp,2026-05-02,quantile,0.75,20,Mississippi,Ensemble
2026-05-02,28,0,wk inc flu hosp,2026-05-02,quantile,0.8,22,Mississippi,Ensemble
2026-05-02,28,0,wk inc flu hosp,2026-05-02,quantile,0.85,23,Mississippi,Ensemble
2026-05-02,28,0,wk inc flu hosp,2026-05-02,quantile,0.9,27,Mississippi,Ensemble
2026-05-02,28,0,wk inc flu hosp,2026-05-02,quantile,0.95,31,Mississippi,Ensemble
2026-05-02,28,0,wk inc flu hosp,2026-05-02,quantile,0.975,36,Mississippi,Ensemble
2026-05-02,28,0,wk inc flu hosp,2026-05-02,quantile,0.99,42,Mississippi,Ensemble
2026-05-02,28,1,wk inc flu hosp,2026-05-09,quantile,0.01,1,Mississippi,Ensemble
2026-05-02,28,1,wk inc flu hosp,2026-05-09,quantile,0.025,2,Mississippi,Ensemble
2026-05-02,28,1,wk inc flu hosp,2026-05-09,quantile,0.05,3,Mississippi,Ensemble
2026-05-02,28,1,wk inc flu hosp,2026-05-09,quantile,0.1,4,Mississippi,Ensemble
2026-05-02,28,1,wk inc flu hosp,2026-05-09,quantile,0.15,5,Mississippi,Ensemble
2026-05-02,28,1,wk inc flu hosp,2026-05-09,quantile,0.2,6,Mississippi,Ensemble
2026-05-02,28,1,wk inc flu hosp,2026-05-09,quantile,0.25,7,Mississippi,Ensemble
2026-05-02,28,1,wk inc flu hosp,2026-05-09,quantile,0.3,8,Mississippi,Ensemble
2026-05-02,28,1,wk inc flu hosp,2026-05-09,quantile,0.35,8,Mississippi,Ensemble
2026-05-02,28,1,wk inc flu hosp,2026-05-09,quantile,0.4,9,Mississippi,Ensemble
2026-05-02,28,1,wk inc flu hosp,2026-05-09,quantile,0.45,10,Mississippi,Ensemble
2026-05-02,28,1,wk inc flu hosp,2026-05-09,quantile,0.5,12,Mississippi,Ensemble
2026-05-02,28,1,wk inc flu hosp,2026-05-09,quantile,0.55,14,Mississippi,Ensemble
2026-05-02,28,1,wk inc flu hosp,2026-05-09,quantile,0.6,15,Mississippi,Ensemble
2026-05-02,28,1,wk inc flu hosp,2026-05-09,quantile,0.65,16,Mississippi,Ensemble
2026-05-02,28,1,wk inc flu hosp,2026-05-09,quantile,0.7,17,Mississippi,Ensemble
2026-05-02,28,1,wk inc flu hosp,2026-05-09,quantile,0.75,19,Mississippi,Ensemble
2026-05-02,28,1,wk inc flu hosp,2026-05-09,quantile,0.8,21,Mississippi,Ensemble
2026-05-02,28,1,wk inc flu hosp,2026-05-09,quantile,0.85,23,Mississippi,Ensemble
2026-05-02,28,1,wk inc flu hosp,2026-05-09,quantile,0.9,27,Mississippi,Ensemble
2026-05-02,28,1,wk inc flu hosp,2026-05-09,quantile,0.95,32,Mississippi,Ensemble
2026-05-02,28,1,wk inc flu hosp,2026-05-09,quantile,0.975,39,Mississippi,Ensemble
2026-05-02,28,1,wk inc flu hosp,2026-05-09,quantile,0.99,46,Mississippi,Ensemble
2026-05-02,28,2,wk inc flu hosp,2026-05-16,quantile,0.01,1,Mississippi,Ensemble
2026-05-02,28,2,wk inc flu hosp,2026-05-16,quantile,0.025,1,Mississippi,Ensemble
2026-05-02,28,2,wk inc flu hosp,2026-05-16,quantile,0.05,2,Mississippi,Ensemble
2026-05-02,28,2,wk inc flu hosp,2026-05-16,quantile,0.1,3,Mississippi,Ensemble
2026-05-02,28,2,wk inc flu hosp,2026-05-16,quantile,0.15,4,Mississippi,Ensemble
2026-05-02,28,2,wk inc flu hosp,2026-05-16,quantile,0.2,5,Mississippi,Ensemble
2026-05-02,28,2,wk inc flu hosp,2026-05-16,quantile,0.25,6,Mississippi,Ensemble
2026-05-02,28,2,wk inc flu hosp,2026-05-16,quantile,0.3,7,Mississippi,Ensemble
2026-05-02,28,2,wk inc flu hosp,2026-05-16,quantile,0.35,7,Mississippi,Ensemble
2026-05-02,28,2,wk inc flu hosp,2026-05-16,quantile,0.4,8,Mississippi,Ensemble
2026-05-02,28,2,wk inc flu hosp,2026-05-16,quantile,0.45,9,Mississippi,Ensemble
2026-05-02,28,2,wk inc flu hosp,2026-05-16,quantile,0.5,11,Mississippi,Ensemble
2026-05-02,28,2,wk inc flu hosp,2026-05-16,quantile,0.55,13,Mississippi,Ensemble
2026-05-02,28,2,wk inc flu hosp,2026-05-16,quantile,0.6,14,Mississippi,Ensemble
2026-05-02,28,2,wk inc flu hosp,2026-05-16,quantile,0.65,15,Mississippi,Ensemble
2026-05-02,28,2,wk inc flu hosp,2026-05-16,quantile,0.7,17,Mississippi,Ensemble
2026-05-02,28,2,wk inc flu hosp,2026-05-16,quantile,0.75,18,Mississippi,Ensemble
2026-05-02,28,2,wk inc flu hosp,2026-05-16,quantile,0.8,21,Mississippi,Ensemble
2026-05-02,28,2,wk inc flu hosp,2026-05-16,quantile,0.85,23,Mississippi,Ensemble
2026-05-02,28,2,wk inc flu hosp,2026-05-16,quantile,0.9,28,Mississippi,Ensemble
2026-05-02,28,2,wk inc flu hosp,2026-05-16,quantile,0.95,34,Mississippi,Ensemble
2026-05-02,28,2,wk inc flu hosp,2026-05-16,quantile,0.975,42,Mississippi,Ensemble
2026-05-02,28,2,wk inc flu hosp,2026-05-16,quantile,0.99,51,Mississippi,Ensemble
2026-05-02,28,3,wk inc flu hosp,2026-05-23,quantile,0.01,1,Mississippi,Ensemble
2026-05-02,28,3,wk inc flu hosp,2026-05-23,quantile,0.025,1,Mississippi,Ensemble
2026-05-02,28,3,wk inc flu hosp,2026-05-23,quantile,0.05,2,Mississippi,Ensemble
2026-05-02,28,3,wk inc flu hosp,2026-05-23,quantile,0.1,3,Mississippi,Ensemble
2026-05-02,28,3,wk inc flu hosp,2026-05-23,quantile,0.15,3,Mississippi,Ensemble
2026-05-02,28,3,wk inc flu hosp,2026-05-23,quantile,0.2,4,Mississippi,Ensemble
2026-05-02,28,3,wk inc flu hosp,2026-05-23,quantile,0.25,5,Mississippi,Ensemble
2026-05-02,28,3,wk inc flu hosp,2026-05-23,quantile,0.3,6,Mississippi,Ensemble
2026-05-02,28,3,wk inc flu hosp,2026-05-23,quantile,0.35,6,Mississippi,Ensemble
2026-05-02,28,3,wk inc flu hosp,2026-05-23,quantile,0.4,7,Mississippi,Ensemble
2026-05-02,28,3,wk inc flu hosp,2026-05-23,quantile,0.45,8,Mississippi,Ensemble
2026-05-02,28,3,wk inc flu hosp,2026-05-23,quantile,0.5,10,Mississippi,Ensemble
2026-05-02,28,3,wk inc flu hosp,2026-05-23,quantile,0.55,11,Mississippi,Ensemble
2026-05-02,28,3,wk inc flu hosp,2026-05-23,quantile,0.6,13,Mississippi,Ensemble
2026-05-02,28,3,wk inc flu hosp,2026-05-23,quantile,0.65,14,Mississippi,Ensemble
2026-05-02,28,3,wk inc flu hosp,2026-05-23,quantile,0.7,16,Mississippi,Ensemble
2026-05-02,28,3,wk inc flu hosp,2026-05-23,quantile,0.75,18,Mississippi,Ensemble
2026-05-02,28,3,wk inc flu hosp,2026-05-23,quantile,0.8,20,Mississippi,Ensemble
2026-05-02,28,3,wk inc flu hosp,2026-05-23,quantile,0.85,23,Mississippi,Ensemble
2026-05-02,28,3,wk inc flu hosp,2026-05-23,quantile,0.9,28,Mississippi,Ensemble
2026-05-02,28,3,wk inc flu hosp,2026-05-23,quantile,0.95,35,Mississippi,Ensemble
2026-05-02,28,3,wk inc flu hosp,2026-05-23,quantile,0.975,44,Mississippi,Ensemble
2026-05-02,28,3,wk inc flu hosp,2026-05-23,quantile,0.99,56,Mississippi,Ensemble
2026-05-02,29,0,wk inc flu hosp,2026-05-02,quantile,0.01,1,Missouri,Ensemble
2026-05-02,29,0,wk inc flu hosp,2026-05-02,quantile,0.025,2,Missouri,Ensemble
2026-05-02,29,0,wk inc flu hosp,2026-05-02,quantile,0.05,2,Missouri,Ensemble
2026-05-02,29,0,wk inc flu hosp,2026-05-02,quantile,0.1,3,Missouri,Ensemble
2026-05-02,29,0,wk inc flu hosp,2026-05-02,quantile,0.15,4,Missouri,Ensemble
2026-05-02,29,0,wk inc flu hosp,2026-05-02,quantile,0.2,5,Missouri,Ensemble
2026-05-02,29,0,wk inc flu hosp,2026-05-02,quantile,0.25,6,Missouri,Ensemble
2026-05-02,29,0,wk inc flu hosp,2026-05-02,quantile,0.3,7,Missouri,Ensemble
2026-05-02,29,0,wk inc flu hosp,2026-05-02,quantile,0.35,8,Missouri,Ensemble
2026-05-02,29,0,wk inc flu hosp,2026-05-02,quantile,0.4,9,Missouri,Ensemble
2026-05-02,29,0,wk inc flu hosp,2026-05-02,quantile,0.45,10,Missouri,Ensemble
2026-05-02,29,0,wk inc flu hosp,2026-05-02,quantile,0.5,13,Missouri,Ensemble
2026-05-02,29,0,wk inc flu hosp,2026-05-02,quantile,0.55,15,Missouri,Ensemble
2026-05-02,29,0,wk inc flu hosp,2026-05-02,quantile,0.6,16,Missouri,Ensemble
2026-05-02,29,0,wk inc flu hosp,2026-05-02,quantile,0.65,18,Missouri,Ensemble
2026-05-02,29,0,wk inc flu hosp,2026-05-02,quantile,0.7,20,Missouri,Ensemble
2026-05-02,29,0,wk inc flu hosp,2026-05-02,quantile,0.75,22,Missouri,Ensemble
2026-05-02,29,0,wk inc flu hosp,2026-05-02,quantile,0.8,24,Missouri,Ensemble
2026-05-02,29,0,wk inc flu hosp,2026-05-02,quantile,0.85,28,Missouri,Ensemble
2026-05-02,29,0,wk inc flu hosp,2026-05-02,quantile,0.9,32,Missouri,Ensemble
2026-05-02,29,0,wk inc flu hosp,2026-05-02,quantile,0.95,39,Missouri,Ensemble
2026-05-02,29,0,wk inc flu hosp,2026-05-02,quantile,0.975,47,Missouri,Ensemble
2026-05-02,29,0,wk inc flu hosp,2026-05-02,quantile,0.99,56,Missouri,Ensemble
2026-05-02,29,1,wk inc flu hosp,2026-05-09,quantile,0.01,1,Missouri,Ensemble
2026-05-02,29,1,wk inc flu hosp,2026-05-09,quantile,0.025,1,Missouri,Ensemble
2026-05-02,29,1,wk inc flu hosp,2026-05-09,quantile,0.05,2,Missouri,Ensemble
2026-05-02,29,1,wk inc flu hosp,2026-05-09,quantile,0.1,2,Missouri,Ensemble
2026-05-02,29,1,wk inc flu hosp,2026-05-09,quantile,0.15,3,Missouri,Ensemble
2026-05-02,29,1,wk inc flu hosp,2026-05-09,quantile,0.2,4,Missouri,Ensemble
2026-05-02,29,1,wk inc flu hosp,2026-05-09,quantile,0.25,5,Missouri,Ensemble
2026-05-02,29,1,wk inc flu hosp,2026-05-09,quantile,0.3,6,Missouri,Ensemble
2026-05-02,29,1,wk inc flu hosp,2026-05-09,quantile,0.35,6,Missouri,Ensemble
2026-05-02,29,1,wk inc flu hosp,2026-05-09,quantile,0.4,7,Missouri,Ensemble
2026-05-02,29,1,wk inc flu hosp,2026-05-09,quantile,0.45,8,Missouri,Ensemble
2026-05-02,29,1,wk inc flu hosp,2026-05-09,quantile,0.5,10,Missouri,Ensemble
2026-05-02,29,1,wk inc flu hosp,2026-05-09,quantile,0.55,12,Missouri,Ensemble
2026-05-02,29,1,wk inc flu hosp,2026-05-09,quantile,0.6,13,Missouri,Ensemble
2026-05-02,29,1,wk inc flu hosp,2026-05-09,quantile,0.65,15,Missouri,Ensemble
2026-05-02,29,1,wk inc flu hosp,2026-05-09,quantile,0.7,17,Missouri,Ensemble
2026-05-02,29,1,wk inc flu hosp,2026-05-09,quantile,0.75,20,Missouri,Ensemble
2026-05-02,29,1,wk inc flu hosp,2026-05-09,quantile,0.8,22,Missouri,Ensemble
2026-05-02,29,1,wk inc flu hosp,2026-05-09,quantile,0.85,26,Missouri,Ensemble
2026-05-02,29,1,wk inc flu hosp,2026-05-09,quantile,0.9,31,Missouri,Ensemble
2026-05-02,29,1,wk inc flu hosp,2026-05-09,quantile,0.95,41,Missouri,Ensemble
2026-05-02,29,1,wk inc flu hosp,2026-05-09,quantile,0.975,50,Missouri,Ensemble
2026-05-02,29,1,wk inc flu hosp,2026-05-09,quantile,0.99,64,Missouri,Ensemble
2026-05-02,29,2,wk inc flu hosp,2026-05-16,quantile,0.01,1,Missouri,Ensemble
2026-05-02,29,2,wk inc flu hosp,2026-05-16,quantile,0.025,1,Missouri,Ensemble
2026-05-02,29,2,wk inc flu hosp,2026-05-16,quantile,0.05,1,Missouri,Ensemble
2026-05-02,29,2,wk inc flu hosp,2026-05-16,quantile,0.1,2,Missouri,Ensemble
2026-05-02,29,2,wk inc flu hosp,2026-05-16,quantile,0.15,3,Missouri,Ensemble
2026-05-02,29,2,wk inc flu hosp,2026-05-16,quantile,0.2,3,Missouri,Ensemble
2026-05-02,29,2,wk inc flu hosp,2026-05-16,quantile,0.25,4,Missouri,Ensemble
2026-05-02,29,2,wk inc flu hosp,2026-05-16,quantile,0.3,5,Missouri,Ensemble
2026-05-02,29,2,wk inc flu hosp,2026-05-16,quantile,0.35,5,Missouri,Ensemble
2026-05-02,29,2,wk inc flu hosp,2026-05-16,quantile,0.4,6,Missouri,Ensemble
2026-05-02,29,2,wk inc flu hosp,2026-05-16,quantile,0.45,7,Missouri,Ensemble
2026-05-02,29,2,wk inc flu hosp,2026-05-16,quantile,0.5,10,Missouri,Ensemble
2026-05-02,29,2,wk inc flu hosp,2026-05-16,quantile,0.55,11,Missouri,Ensemble
2026-05-02,29,2,wk inc flu hosp,2026-05-16,quantile,0.6,13,Missouri,Ensemble
2026-05-02,29,2,wk inc flu hosp,2026-05-16,quantile,0.65,15,Missouri,Ensemble
2026-05-02,29,2,wk inc flu hosp,2026-05-16,quantile,0.7,17,Missouri,Ensemble
2026-05-02,29,2,wk inc flu hosp,2026-05-16,quantile,0.75,20,Missouri,Ensemble
2026-05-02,29,2,wk inc flu hosp,2026-05-16,quantile,0.8,24,Missouri,Ensemble
2026-05-02,29,2,wk inc flu hosp,2026-05-16,quantile,0.85,28,Missouri,Ensemble
2026-05-02,29,2,wk inc flu hosp,2026-05-16,quantile,0.9,34,Missouri,Ensemble
2026-05-02,29,2,wk inc flu hosp,2026-05-16,quantile,0.95,46,Missouri,Ensemble
2026-05-02,29,2,wk inc flu hosp,2026-05-16,quantile,0.975,59,Missouri,Ensemble
2026-05-02,29,2,wk inc flu hosp,2026-05-16,quantile,0.99,77,Missouri,Ensemble
2026-05-02,29,3,wk inc flu hosp,2026-05-23,quantile,0.01,0,Missouri,Ensemble
2026-05-02,29,3,wk inc flu hosp,2026-05-23,quantile,0.025,1,Missouri,Ensemble
2026-05-02,29,3,wk inc flu hosp,2026-05-23,quantile,0.05,1,Missouri,Ensemble
2026-05-02,29,3,wk inc flu hosp,2026-05-23,quantile,0.1,1,Missouri,Ensemble
2026-05-02,29,3,wk inc flu hosp,2026-05-23,quantile,0.15,2,Missouri,Ensemble
2026-05-02,29,3,wk inc flu hosp,2026-05-23,quantile,0.2,2,Missouri,Ensemble
2026-05-02,29,3,wk inc flu hosp,2026-05-23,quantile,0.25,3,Missouri,Ensemble
2026-05-02,29,3,wk inc flu hosp,2026-05-23,quantile,0.3,4,Missouri,Ensemble
2026-05-02,29,3,wk inc flu hosp,2026-05-23,quantile,0.35,4,Missouri,Ensemble
2026-05-02,29,3,wk inc flu hosp,2026-05-23,quantile,0.4,5,Missouri,Ensemble
2026-05-02,29,3,wk inc flu hosp,2026-05-23,quantile,0.45,6,Missouri,Ensemble
2026-05-02,29,3,wk inc flu hosp,2026-05-23,quantile,0.5,8,Missouri,Ensemble
2026-05-02,29,3,wk inc flu hosp,2026-05-23,quantile,0.55,10,Missouri,Ensemble
2026-05-02,29,3,wk inc flu hosp,2026-05-23,quantile,0.6,11,Missouri,Ensemble
2026-05-02,29,3,wk inc flu hosp,2026-05-23,quantile,0.65,14,Missouri,Ensemble
2026-05-02,29,3,wk inc flu hosp,2026-05-23,quantile,0.7,16,Missouri,Ensemble
2026-05-02,29,3,wk inc flu hosp,2026-05-23,quantile,0.75,20,Missouri,Ensemble
2026-05-02,29,3,wk inc flu hosp,2026-05-23,quantile,0.8,24,Missouri,Ensemble
2026-05-02,29,3,wk inc flu hosp,2026-05-23,quantile,0.85,29,Missouri,Ensemble
2026-05-02,29,3,wk inc flu hosp,2026-05-23,quantile,0.9,37,Missouri,Ensemble
2026-05-02,29,3,wk inc flu hosp,2026-05-23,quantile,0.95,50,Missouri,Ensemble
2026-05-02,29,3,wk inc flu hosp,2026-05-23,quantile,0.975,66,Missouri,Ensemble
2026-05-02,29,3,wk inc flu hosp,2026-05-23,quantile,0.99,88,Missouri,Ensemble
2026-05-02,30,0,wk inc flu hosp,2026-05-02,quantile,0.01,0,Montana,Ensemble
2026-05-02,30,0,wk inc flu hosp,2026-05-02,quantile,0.025,0,Montana,Ensemble
2026-05-02,30,0,wk inc flu hosp,2026-05-02,quantile,0.05,0,Montana,Ensemble
2026-05-02,30,0,wk inc flu hosp,2026-05-02,quantile,0.1,0,Montana,Ensemble
2026-05-02,30,0,wk inc flu hosp,2026-05-02,quantile,0.15,0,Montana,Ensemble
2026-05-02,30,0,wk inc flu hosp,2026-05-02,quantile,0.2,0,Montana,Ensemble
2026-05-02,30,0,wk inc flu hosp,2026-05-02,quantile,0.25,1,Montana,Ensemble
2026-05-02,30,0,wk inc flu hosp,2026-05-02,quantile,0.3,1,Montana,Ensemble
2026-05-02,30,0,wk inc flu hosp,2026-05-02,quantile,0.35,1,Montana,Ensemble
2026-05-02,30,0,wk inc flu hosp,2026-05-02,quantile,0.4,2,Montana,Ensemble
2026-05-02,30,0,wk inc flu hosp,2026-05-02,quantile,0.45,2,Montana,Ensemble
2026-05-02,30,0,wk inc flu hosp,2026-05-02,quantile,0.5,3,Montana,Ensemble
2026-05-02,30,0,wk inc flu hosp,2026-05-02,quantile,0.55,4,Montana,Ensemble
2026-05-02,30,0,wk inc flu hosp,2026-05-02,quantile,0.6,4,Montana,Ensemble
2026-05-02,30,0,wk inc flu hosp,2026-05-02,quantile,0.65,5,Montana,Ensemble
2026-05-02,30,0,wk inc flu hosp,2026-05-02,quantile,0.7,5,Montana,Ensemble
2026-05-02,30,0,wk inc flu hosp,2026-05-02,quantile,0.75,6,Montana,Ensemble
2026-05-02,30,0,wk inc flu hosp,2026-05-02,quantile,0.8,7,Montana,Ensemble
2026-05-02,30,0,wk inc flu hosp,2026-05-02,quantile,0.85,8,Montana,Ensemble
2026-05-02,30,0,wk inc flu hosp,2026-05-02,quantile,0.9,9,Montana,Ensemble
2026-05-02,30,0,wk inc flu hosp,2026-05-02,quantile,0.95,12,Montana,Ensemble
2026-05-02,30,0,wk inc flu hosp,2026-05-02,quantile,0.975,15,Montana,Ensemble
2026-05-02,30,0,wk inc flu hosp,2026-05-02,quantile,0.99,18,Montana,Ensemble
2026-05-02,30,1,wk inc flu hosp,2026-05-09,quantile,0.01,0,Montana,Ensemble
2026-05-02,30,1,wk inc flu hosp,2026-05-09,quantile,0.025,0,Montana,Ensemble
2026-05-02,30,1,wk inc flu hosp,2026-05-09,quantile,0.05,0,Montana,Ensemble
2026-05-02,30,1,wk inc flu hosp,2026-05-09,quantile,0.1,0,Montana,Ensemble
2026-05-02,30,1,wk inc flu hosp,2026-05-09,quantile,0.15,0,Montana,Ensemble
2026-05-02,30,1,wk inc flu hosp,2026-05-09,quantile,0.2,0,Montana,Ensemble
2026-05-02,30,1,wk inc flu hosp,2026-05-09,quantile,0.25,0,Montana,Ensemble
2026-05-02,30,1,wk inc flu hosp,2026-05-09,quantile,0.3,0,Montana,Ensemble
2026-05-02,30,1,wk inc flu hosp,2026-05-09,quantile,0.35,1,Montana,Ensemble
2026-05-02,30,1,wk inc flu hosp,2026-05-09,quantile,0.4,1,Montana,Ensemble
2026-05-02,30,1,wk inc flu hosp,2026-05-09,quantile,0.45,1,Montana,Ensemble
2026-05-02,30,1,wk inc flu hosp,2026-05-09,quantile,0.5,3,Montana,Ensemble
2026-05-02,30,1,wk inc flu hosp,2026-05-09,quantile,0.55,3,Montana,Ensemble
2026-05-02,30,1,wk inc flu hosp,2026-05-09,quantile,0.6,3,Montana,Ensemble
2026-05-02,30,1,wk inc flu hosp,2026-05-09,quantile,0.65,4,Montana,Ensemble
2026-05-02,30,1,wk inc flu hosp,2026-05-09,quantile,0.7,5,Montana,Ensemble
2026-05-02,30,1,wk inc flu hosp,2026-05-09,quantile,0.75,5,Montana,Ensemble
2026-05-02,30,1,wk inc flu hosp,2026-05-09,quantile,0.8,6,Montana,Ensemble
2026-05-02,30,1,wk inc flu hosp,2026-05-09,quantile,0.85,7,Montana,Ensemble
2026-05-02,30,1,wk inc flu hosp,2026-05-09,quantile,0.9,8,Montana,Ensemble
2026-05-02,30,1,wk inc flu hosp,2026-05-09,quantile,0.95,12,Montana,Ensemble
2026-05-02,30,1,wk inc flu hosp,2026-05-09,quantile,0.975,15,Montana,Ensemble
2026-05-02,30,1,wk inc flu hosp,2026-05-09,quantile,0.99,19,Montana,Ensemble
2026-05-02,30,2,wk inc flu hosp,2026-05-16,quantile,0.01,0,Montana,Ensemble
2026-05-02,30,2,wk inc flu hosp,2026-05-16,quantile,0.025,0,Montana,Ensemble
2026-05-02,30,2,wk inc flu hosp,2026-05-16,quantile,0.05,0,Montana,Ensemble
2026-05-02,30,2,wk inc flu hosp,2026-05-16,quantile,0.1,0,Montana,Ensemble
2026-05-02,30,2,wk inc flu hosp,2026-05-16,quantile,0.15,0,Montana,Ensemble
2026-05-02,30,2,wk inc flu hosp,2026-05-16,quantile,0.2,0,Montana,Ensemble
2026-05-02,30,2,wk inc flu hosp,2026-05-16,quantile,0.25,0,Montana,Ensemble
2026-05-02,30,2,wk inc flu hosp,2026-05-16,quantile,0.3,0,Montana,Ensemble
2026-05-02,30,2,wk inc flu hosp,2026-05-16,quantile,0.35,0,Montana,Ensemble
2026-05-02,30,2,wk inc flu hosp,2026-05-16,quantile,0.4,1,Montana,Ensemble
2026-05-02,30,2,wk inc flu hosp,2026-05-16,quantile,0.45,1,Montana,Ensemble
2026-05-02,30,2,wk inc flu hosp,2026-05-16,quantile,0.5,2,Montana,Ensemble
2026-05-02,30,2,wk inc flu hosp,2026-05-16,quantile,0.55,3,Montana,Ensemble
2026-05-02,30,2,wk inc flu hosp,2026-05-16,quantile,0.6,3,Montana,Ensemble
2026-05-02,30,2,wk inc flu hosp,2026-05-16,quantile,0.65,4,Montana,Ensemble
2026-05-02,30,2,wk inc flu hosp,2026-05-16,quantile,0.7,4,Montana,Ensemble
2026-05-02,30,2,wk inc flu hosp,2026-05-16,quantile,0.75,5,Montana,Ensemble
2026-05-02,30,2,wk inc flu hosp,2026-05-16,quantile,0.8,6,Montana,Ensemble
2026-05-02,30,2,wk inc flu hosp,2026-05-16,quantile,0.85,7,Montana,Ensemble
2026-05-02,30,2,wk inc flu hosp,2026-05-16,quantile,0.9,9,Montana,Ensemble
2026-05-02,30,2,wk inc flu hosp,2026-05-16,quantile,0.95,13,Montana,Ensemble
2026-05-02,30,2,wk inc flu hosp,2026-05-16,quantile,0.975,16,Montana,Ensemble
2026-05-02,30,2,wk inc flu hosp,2026-05-16,quantile,0.99,21,Montana,Ensemble
2026-05-02,30,3,wk inc flu hosp,2026-05-23,quantile,0.01,0,Montana,Ensemble
2026-05-02,30,3,wk inc flu hosp,2026-05-23,quantile,0.025,0,Montana,Ensemble
2026-05-02,30,3,wk inc flu hosp,2026-05-23,quantile,0.05,0,Montana,Ensemble
2026-05-02,30,3,wk inc flu hosp,2026-05-23,quantile,0.1,0,Montana,Ensemble
2026-05-02,30,3,wk inc flu hosp,2026-05-23,quantile,0.15,0,Montana,Ensemble
2026-05-02,30,3,wk inc flu hosp,2026-05-23,quantile,0.2,0,Montana,Ensemble
2026-05-02,30,3,wk inc flu hosp,2026-05-23,quantile,0.25,0,Montana,Ensemble
2026-05-02,30,3,wk inc flu hosp,2026-05-23,quantile,0.3,0,Montana,Ensemble
2026-05-02,30,3,wk inc flu hosp,2026-05-23,quantile,0.35,0,Montana,Ensemble
2026-05-02,30,3,wk inc flu hosp,2026-05-23,quantile,0.4,1,Montana,Ensemble
2026-05-02,30,3,wk inc flu hosp,2026-05-23,quantile,0.45,1,Montana,Ensemble
2026-05-02,30,3,wk inc flu hosp,2026-05-23,quantile,0.5,2,Montana,Ensemble
2026-05-02,30,3,wk inc flu hosp,2026-05-23,quantile,0.55,2,Montana,Ensemble
2026-05-02,30,3,wk inc flu hosp,2026-05-23,quantile,0.6,3,Montana,Ensemble
2026-05-02,30,3,wk inc flu hosp,2026-05-23,quantile,0.65,3,Montana,Ensemble
2026-05-02,30,3,wk inc flu hosp,2026-05-23,quantile,0.7,4,Montana,Ensemble
2026-05-02,30,3,wk inc flu hosp,2026-05-23,quantile,0.75,5,Montana,Ensemble
2026-05-02,30,3,wk inc flu hosp,2026-05-23,quantile,0.8,6,Montana,Ensemble
2026-05-02,30,3,wk inc flu hosp,2026-05-23,quantile,0.85,7,Montana,Ensemble
2026-05-02,30,3,wk inc flu hosp,2026-05-23,quantile,0.9,9,Montana,Ensemble
2026-05-02,30,3,wk inc flu hosp,2026-05-23,quantile,0.95,13,Montana,Ensemble
2026-05-02,30,3,wk inc flu hosp,2026-05-23,quantile,0.975,17,Montana,Ensemble
2026-05-02,30,3,wk inc flu hosp,2026-05-23,quantile,0.99,23,Montana,Ensemble
2026-05-02,31,0,wk inc flu hosp,2026-05-02,quantile,0.01,1,Nebraska,Ensemble
2026-05-02,31,0,wk inc flu hosp,2026-05-02,quantile,0.025,1,Nebraska,Ensemble
2026-05-02,31,0,wk inc flu hosp,2026-05-02,quantile,0.05,1,Nebraska,Ensemble
2026-05-02,31,0,wk inc flu hosp,2026-05-02,quantile,0.1,2,Nebraska,Ensemble
2026-05-02,31,0,wk inc flu hosp,2026-05-02,quantile,0.15,3,Nebraska,Ensemble
2026-05-02,31,0,wk inc flu hosp,2026-05-02,quantile,0.2,3,Nebraska,Ensemble
2026-05-02,31,0,wk inc flu hosp,2026-05-02,quantile,0.25,4,Nebraska,Ensemble
2026-05-02,31,0,wk inc flu hosp,2026-05-02,quantile,0.3,4,Nebraska,Ensemble
2026-05-02,31,0,wk inc flu hosp,2026-05-02,quantile,0.35,5,Nebraska,Ensemble
2026-05-02,31,0,wk inc flu hosp,2026-05-02,quantile,0.4,5,Nebraska,Ensemble
2026-05-02,31,0,wk inc flu hosp,2026-05-02,quantile,0.45,6,Nebraska,Ensemble
2026-05-02,31,0,wk inc flu hosp,2026-05-02,quantile,0.5,7,Nebraska,Ensemble
2026-05-02,31,0,wk inc flu hosp,2026-05-02,quantile,0.55,8,Nebraska,Ensemble
2026-05-02,31,0,wk inc flu hosp,2026-05-02,quantile,0.6,9,Nebraska,Ensemble
2026-05-02,31,0,wk inc flu hosp,2026-05-02,quantile,0.65,10,Nebraska,Ensemble
2026-05-02,31,0,wk inc flu hosp,2026-05-02,quantile,0.7,10,Nebraska,Ensemble
2026-05-02,31,0,wk inc flu hosp,2026-05-02,quantile,0.75,11,Nebraska,Ensemble
2026-05-02,31,0,wk inc flu hosp,2026-05-02,quantile,0.8,12,Nebraska,Ensemble
2026-05-02,31,0,wk inc flu hosp,2026-05-02,quantile,0.85,14,Nebraska,Ensemble
2026-05-02,31,0,wk inc flu hosp,2026-05-02,quantile,0.9,16,Nebraska,Ensemble
2026-05-02,31,0,wk inc flu hosp,2026-05-02,quantile,0.95,20,Nebraska,Ensemble
2026-05-02,31,0,wk inc flu hosp,2026-05-02,quantile,0.975,23,Nebraska,Ensemble
2026-05-02,31,0,wk inc flu hosp,2026-05-02,quantile,0.99,29,Nebraska,Ensemble
2026-05-02,31,1,wk inc flu hosp,2026-05-09,quantile,0.01,0,Nebraska,Ensemble
2026-05-02,31,1,wk inc flu hosp,2026-05-09,quantile,0.025,0,Nebraska,Ensemble
2026-05-02,31,1,wk inc flu hosp,2026-05-09,quantile,0.05,1,Nebraska,Ensemble
2026-05-02,31,1,wk inc flu hosp,2026-05-09,quantile,0.1,1,Nebraska,Ensemble
2026-05-02,31,1,wk inc flu hosp,2026-05-09,quantile,0.15,2,Nebraska,Ensemble
2026-05-02,31,1,wk inc flu hosp,2026-05-09,quantile,0.2,2,Nebraska,Ensemble
2026-05-02,31,1,wk inc flu hosp,2026-05-09,quantile,0.25,2,Nebraska,Ensemble
2026-05-02,31,1,wk inc flu hosp,2026-05-09,quantile,0.3,3,Nebraska,Ensemble
2026-05-02,31,1,wk inc flu hosp,2026-05-09,quantile,0.35,3,Nebraska,Ensemble
2026-05-02,31,1,wk inc flu hosp,2026-05-09,quantile,0.4,4,Nebraska,Ensemble
2026-05-02,31,1,wk inc flu hosp,2026-05-09,quantile,0.45,4,Nebraska,Ensemble
2026-05-02,31,1,wk inc flu hosp,2026-05-09,quantile,0.5,6,Nebraska,Ensemble
2026-05-02,31,1,wk inc flu hosp,2026-05-09,quantile,0.55,7,Nebraska,Ensemble
2026-05-02,31,1,wk inc flu hosp,2026-05-09,quantile,0.6,7,Nebraska,Ensemble
2026-05-02,31,1,wk inc flu hosp,2026-05-09,quantile,0.65,8,Nebraska,Ensemble
2026-05-02,31,1,wk inc flu hosp,2026-05-09,quantile,0.7,9,Nebraska,Ensemble
2026-05-02,31,1,wk inc flu hosp,2026-05-09,quantile,0.75,10,Nebraska,Ensemble
2026-05-02,31,1,wk inc flu hosp,2026-05-09,quantile,0.8,12,Nebraska,Ensemble
2026-05-02,31,1,wk inc flu hosp,2026-05-09,quantile,0.85,14,Nebraska,Ensemble
2026-05-02,31,1,wk inc flu hosp,2026-05-09,quantile,0.9,16,Nebraska,Ensemble
2026-05-02,31,1,wk inc flu hosp,2026-05-09,quantile,0.95,21,Nebraska,Ensemble
2026-05-02,31,1,wk inc flu hosp,2026-05-09,quantile,0.975,26,Nebraska,Ensemble
2026-05-02,31,1,wk inc flu hosp,2026-05-09,quantile,0.99,32,Nebraska,Ensemble
2026-05-02,31,2,wk inc flu hosp,2026-05-16,quantile,0.01,0,Nebraska,Ensemble
2026-05-02,31,2,wk inc flu hosp,2026-05-16,quantile,0.025,0,Nebraska,Ensemble
2026-05-02,31,2,wk inc flu hosp,2026-05-16,quantile,0.05,0,Nebraska,Ensemble
2026-05-02,31,2,wk inc flu hosp,2026-05-16,quantile,0.1,1,Nebraska,Ensemble
2026-05-02,31,2,wk inc flu hosp,2026-05-16,quantile,0.15,1,Nebraska,Ensemble
2026-05-02,31,2,wk inc flu hosp,2026-05-16,quantile,0.2,1,Nebraska,Ensemble
2026-05-02,31,2,wk inc flu hosp,2026-05-16,quantile,0.25,2,Nebraska,Ensemble
2026-05-02,31,2,wk inc flu hosp,2026-05-16,quantile,0.3,2,Nebraska,Ensemble
2026-05-02,31,2,wk inc flu hosp,2026-05-16,quantile,0.35,3,Nebraska,Ensemble
2026-05-02,31,2,wk inc flu hosp,2026-05-16,quantile,0.4,3,Nebraska,Ensemble
2026-05-02,31,2,wk inc flu hosp,2026-05-16,quantile,0.45,3,Nebraska,Ensemble
2026-05-02,31,2,wk inc flu hosp,2026-05-16,quantile,0.5,5,Nebraska,Ensemble
2026-05-02,31,2,wk inc flu hosp,2026-05-16,quantile,0.55,6,Nebraska,Ensemble
2026-05-02,31,2,wk inc flu hosp,2026-05-16,quantile,0.6,7,Nebraska,Ensemble
2026-05-02,31,2,wk inc flu hosp,2026-05-16,quantile,0.65,8,Nebraska,Ensemble
2026-05-02,31,2,wk inc flu hosp,2026-05-16,quantile,0.7,9,Nebraska,Ensemble
2026-05-02,31,2,wk inc flu hosp,2026-05-16,quantile,0.75,10,Nebraska,Ensemble
2026-05-02,31,2,wk inc flu hosp,2026-05-16,quantile,0.8,11,Nebraska,Ensemble
2026-05-02,31,2,wk inc flu hosp,2026-05-16,quantile,0.85,14,Nebraska,Ensemble
2026-05-02,31,2,wk inc flu hosp,2026-05-16,quantile,0.9,16,Nebraska,Ensemble
2026-05-02,31,2,wk inc flu hosp,2026-05-16,quantile,0.95,21,Nebraska,Ensemble
2026-05-02,31,2,wk inc flu hosp,2026-05-16,quantile,0.975,27,Nebraska,Ensemble
2026-05-02,31,2,wk inc flu hosp,2026-05-16,quantile,0.99,34,Nebraska,Ensemble
2026-05-02,31,3,wk inc flu hosp,2026-05-23,quantile,0.01,0,Nebraska,Ensemble
2026-05-02,31,3,wk inc flu hosp,2026-05-23,quantile,0.025,0,Nebraska,Ensemble
2026-05-02,31,3,wk inc flu hosp,2026-05-23,quantile,0.05,0,Nebraska,Ensemble
2026-05-02,31,3,wk inc flu hosp,2026-05-23,quantile,0.1,0,Nebraska,Ensemble
2026-05-02,31,3,wk inc flu hosp,2026-05-23,quantile,0.15,1,Nebraska,Ensemble
2026-05-02,31,3,wk inc flu hosp,2026-05-23,quantile,0.2,1,Nebraska,Ensemble
2026-05-02,31,3,wk inc flu hosp,2026-05-23,quantile,0.25,1,Nebraska,Ensemble
2026-05-02,31,3,wk inc flu hosp,2026-05-23,quantile,0.3,2,Nebraska,Ensemble
2026-05-02,31,3,wk inc flu hosp,2026-05-23,quantile,0.35,2,Nebraska,Ensemble
2026-05-02,31,3,wk inc flu hosp,2026-05-23,quantile,0.4,2,Nebraska,Ensemble
2026-05-02,31,3,wk inc flu hosp,2026-05-23,quantile,0.45,3,Nebraska,Ensemble
2026-05-02,31,3,wk inc flu hosp,2026-05-23,quantile,0.5,5,Nebraska,Ensemble
2026-05-02,31,3,wk inc flu hosp,2026-05-23,quantile,0.55,5,Nebraska,Ensemble
2026-05-02,31,3,wk inc flu hosp,2026-05-23,quantile,0.6,6,Nebraska,Ensemble
2026-05-02,31,3,wk inc flu hosp,2026-05-23,quantile,0.65,7,Nebraska,Ensemble
2026-05-02,31,3,wk inc flu hosp,2026-05-23,quantile,0.7,8,Nebraska,Ensemble
2026-05-02,31,3,wk inc flu hosp,2026-05-23,quantile,0.75,9,Nebraska,Ensemble
2026-05-02,31,3,wk inc flu hosp,2026-05-23,quantile,0.8,11,Nebraska,Ensemble
2026-05-02,31,3,wk inc flu hosp,2026-05-23,quantile,0.85,13,Nebraska,Ensemble
2026-05-02,31,3,wk inc flu hosp,2026-05-23,quantile,0.9,17,Nebraska,Ensemble
2026-05-02,31,3,wk inc flu hosp,2026-05-23,quantile,0.95,22,Nebraska,Ensemble
2026-05-02,31,3,wk inc flu hosp,2026-05-23,quantile,0.975,28,Nebraska,Ensemble
2026-05-02,31,3,wk inc flu hosp,2026-05-23,quantile,0.99,38,Nebraska,Ensemble
2026-05-02,32,0,wk inc flu hosp,2026-05-02,quantile,0.01,4,Nevada,Ensemble
2026-05-02,32,0,wk inc flu hosp,2026-05-02,quantile,0.025,5,Nevada,Ensemble
2026-05-02,32,0,wk inc flu hosp,2026-05-02,quantile,0.05,6,Nevada,Ensemble
2026-05-02,32,0,wk inc flu hosp,2026-05-02,quantile,0.1,8,Nevada,Ensemble
2026-05-02,32,0,wk inc flu hosp,2026-05-02,quantile,0.15,10,Nevada,Ensemble
2026-05-02,32,0,wk inc flu hosp,2026-05-02,quantile,0.2,11,Nevada,Ensemble
2026-05-02,32,0,wk inc flu hosp,2026-05-02,quantile,0.25,12,Nevada,Ensemble
2026-05-02,32,0,wk inc flu hosp,2026-05-02,quantile,0.3,13,Nevada,Ensemble
2026-05-02,32,0,wk inc flu hosp,2026-05-02,quantile,0.35,14,Nevada,Ensemble
2026-05-02,32,0,wk inc flu hosp,2026-05-02,quantile,0.4,15,Nevada,Ensemble
2026-05-02,32,0,wk inc flu hosp,2026-05-02,quantile,0.45,16,Nevada,Ensemble
2026-05-02,32,0,wk inc flu hosp,2026-05-02,quantile,0.5,19,Nevada,Ensemble
2026-05-02,32,0,wk inc flu hosp,2026-05-02,quantile,0.55,20,Nevada,Ensemble
2026-05-02,32,0,wk inc flu hosp,2026-05-02,quantile,0.6,21,Nevada,Ensemble
2026-05-02,32,0,wk inc flu hosp,2026-05-02,quantile,0.65,22,Nevada,Ensemble
2026-05-02,32,0,wk inc flu hosp,2026-05-02,quantile,0.7,23,Nevada,Ensemble
2026-05-02,32,0,wk inc flu hosp,2026-05-02,quantile,0.75,25,Nevada,Ensemble
2026-05-02,32,0,wk inc flu hosp,2026-05-02,quantile,0.8,27,Nevada,Ensemble
2026-05-02,32,0,wk inc flu hosp,2026-05-02,quantile,0.85,29,Nevada,Ensemble
2026-05-02,32,0,wk inc flu hosp,2026-05-02,quantile,0.9,32,Nevada,Ensemble
2026-05-02,32,0,wk inc flu hosp,2026-05-02,quantile,0.95,37,Nevada,Ensemble
2026-05-02,32,0,wk inc flu hosp,2026-05-02,quantile,0.975,43,Nevada,Ensemble
2026-05-02,32,0,wk inc flu hosp,2026-05-02,quantile,0.99,52,Nevada,Ensemble
2026-05-02,32,1,wk inc flu hosp,2026-05-09,quantile,0.01,2,Nevada,Ensemble
2026-05-02,32,1,wk inc flu hosp,2026-05-09,quantile,0.025,3,Nevada,Ensemble
2026-05-02,32,1,wk inc flu hosp,2026-05-09,quantile,0.05,4,Nevada,Ensemble
2026-05-02,32,1,wk inc flu hosp,2026-05-09,quantile,0.1,6,Nevada,Ensemble
2026-05-02,32,1,wk inc flu hosp,2026-05-09,quantile,0.15,7,Nevada,Ensemble
2026-05-02,32,1,wk inc flu hosp,2026-05-09,quantile,0.2,8,Nevada,Ensemble
2026-05-02,32,1,wk inc flu hosp,2026-05-09,quantile,0.25,9,Nevada,Ensemble
2026-05-02,32,1,wk inc flu hosp,2026-05-09,quantile,0.3,10,Nevada,Ensemble
2026-05-02,32,1,wk inc flu hosp,2026-05-09,quantile,0.35,11,Nevada,Ensemble
2026-05-02,32,1,wk inc flu hosp,2026-05-09,quantile,0.4,13,Nevada,Ensemble
2026-05-02,32,1,wk inc flu hosp,2026-05-09,quantile,0.45,14,Nevada,Ensemble
2026-05-02,32,1,wk inc flu hosp,2026-05-09,quantile,0.5,16,Nevada,Ensemble
2026-05-02,32,1,wk inc flu hosp,2026-05-09,quantile,0.55,18,Nevada,Ensemble
2026-05-02,32,1,wk inc flu hosp,2026-05-09,quantile,0.6,19,Nevada,Ensemble
2026-05-02,32,1,wk inc flu hosp,2026-05-09,quantile,0.65,21,Nevada,Ensemble
2026-05-02,32,1,wk inc flu hosp,2026-05-09,quantile,0.7,22,Nevada,Ensemble
2026-05-02,32,1,wk inc flu hosp,2026-05-09,quantile,0.75,24,Nevada,Ensemble
2026-05-02,32,1,wk inc flu hosp,2026-05-09,quantile,0.8,26,Nevada,Ensemble
2026-05-02,32,1,wk inc flu hosp,2026-05-09,quantile,0.85,29,Nevada,Ensemble
2026-05-02,32,1,wk inc flu hosp,2026-05-09,quantile,0.9,33,Nevada,Ensemble
2026-05-02,32,1,wk inc flu hosp,2026-05-09,quantile,0.95,41,Nevada,Ensemble
2026-05-02,32,1,wk inc flu hosp,2026-05-09,quantile,0.975,49,Nevada,Ensemble
2026-05-02,32,1,wk inc flu hosp,2026-05-09,quantile,0.99,60,Nevada,Ensemble
2026-05-02,32,2,wk inc flu hosp,2026-05-16,quantile,0.01,1,Nevada,Ensemble
2026-05-02,32,2,wk inc flu hosp,2026-05-16,quantile,0.025,2,Nevada,Ensemble
2026-05-02,32,2,wk inc flu hosp,2026-05-16,quantile,0.05,3,Nevada,Ensemble
2026-05-02,32,2,wk inc flu hosp,2026-05-16,quantile,0.1,4,Nevada,Ensemble
2026-05-02,32,2,wk inc flu hosp,2026-05-16,quantile,0.15,5,Nevada,Ensemble
2026-05-02,32,2,wk inc flu hosp,2026-05-16,quantile,0.2,6,Nevada,Ensemble
2026-05-02,32,2,wk inc flu hosp,2026-05-16,quantile,0.25,7,Nevada,Ensemble
2026-05-02,32,2,wk inc flu hosp,2026-05-16,quantile,0.3,8,Nevada,Ensemble
2026-05-02,32,2,wk inc flu hosp,2026-05-16,quantile,0.35,9,Nevada,Ensemble
2026-05-02,32,2,wk inc flu hosp,2026-05-16,quantile,0.4,10,Nevada,Ensemble
2026-05-02,32,2,wk inc flu hosp,2026-05-16,quantile,0.45,12,Nevada,Ensemble
2026-05-02,32,2,wk inc flu hosp,2026-05-16,quantile,0.5,14,Nevada,Ensemble
2026-05-02,32,2,wk inc flu hosp,2026-05-16,quantile,0.55,16,Nevada,Ensemble
2026-05-02,32,2,wk inc flu hosp,2026-05-16,quantile,0.6,17,Nevada,Ensemble
2026-05-02,32,2,wk inc flu hosp,2026-05-16,quantile,0.65,19,Nevada,Ensemble
2026-05-02,32,2,wk inc flu hosp,2026-05-16,quantile,0.7,21,Nevada,Ensemble
2026-05-02,32,2,wk inc flu hosp,2026-05-16,quantile,0.75,23,Nevada,Ensemble
2026-05-02,32,2,wk inc flu hosp,2026-05-16,quantile,0.8,26,Nevada,Ensemble
2026-05-02,32,2,wk inc flu hosp,2026-05-16,quantile,0.85,29,Nevada,Ensemble
2026-05-02,32,2,wk inc flu hosp,2026-05-16,quantile,0.9,34,Nevada,Ensemble
2026-05-02,32,2,wk inc flu hosp,2026-05-16,quantile,0.95,44,Nevada,Ensemble
2026-05-02,32,2,wk inc flu hosp,2026-05-16,quantile,0.975,54,Nevada,Ensemble
2026-05-02,32,2,wk inc flu hosp,2026-05-16,quantile,0.99,67,Nevada,Ensemble
2026-05-02,32,3,wk inc flu hosp,2026-05-23,quantile,0.01,1,Nevada,Ensemble
2026-05-02,32,3,wk inc flu hosp,2026-05-23,quantile,0.025,1,Nevada,Ensemble
2026-05-02,32,3,wk inc flu hosp,2026-05-23,quantile,0.05,2,Nevada,Ensemble
2026-05-02,32,3,wk inc flu hosp,2026-05-23,quantile,0.1,3,Nevada,Ensemble
2026-05-02,32,3,wk inc flu hosp,2026-05-23,quantile,0.15,4,Nevada,Ensemble
2026-05-02,32,3,wk inc flu hosp,2026-05-23,quantile,0.2,5,Nevada,Ensemble
2026-05-02,32,3,wk inc flu hosp,2026-05-23,quantile,0.25,6,Nevada,Ensemble
2026-05-02,32,3,wk inc flu hosp,2026-05-23,quantile,0.3,7,Nevada,Ensemble
2026-05-02,32,3,wk inc flu hosp,2026-05-23,quantile,0.35,8,Nevada,Ensemble
2026-05-02,32,3,wk inc flu hosp,2026-05-23,quantile,0.4,10,Nevada,Ensemble
2026-05-02,32,3,wk inc flu hosp,2026-05-23,quantile,0.45,11,Nevada,Ensemble
2026-05-02,32,3,wk inc flu hosp,2026-05-23,quantile,0.5,13,Nevada,Ensemble
2026-05-02,32,3,wk inc flu hosp,2026-05-23,quantile,0.55,15,Nevada,Ensemble
2026-05-02,32,3,wk inc flu hosp,2026-05-23,quantile,0.6,17,Nevada,Ensemble
2026-05-02,32,3,wk inc flu hosp,2026-05-23,quantile,0.65,19,Nevada,Ensemble
2026-05-02,32,3,wk inc flu hosp,2026-05-23,quantile,0.7,21,Nevada,Ensemble
2026-05-02,32,3,wk inc flu hosp,2026-05-23,quantile,0.75,23,Nevada,Ensemble
2026-05-02,32,3,wk inc flu hosp,2026-05-23,quantile,0.8,27,Nevada,Ensemble
2026-05-02,32,3,wk inc flu hosp,2026-05-23,quantile,0.85,31,Nevada,Ensemble
2026-05-02,32,3,wk inc flu hosp,2026-05-23,quantile,0.9,37,Nevada,Ensemble
2026-05-02,32,3,wk inc flu hosp,2026-05-23,quantile,0.95,48,Nevada,Ensemble
2026-05-02,32,3,wk inc flu hosp,2026-05-23,quantile,0.975,59,Nevada,Ensemble
2026-05-02,32,3,wk inc flu hosp,2026-05-23,quantile,0.99,75,Nevada,Ensemble
2026-05-02,33,0,wk inc flu hosp,2026-05-02,quantile,0.01,0,New Hampshire,Ensemble
2026-05-02,33,0,wk inc flu hosp,2026-05-02,quantile,0.025,0,New Hampshire,Ensemble
2026-05-02,33,0,wk inc flu hosp,2026-05-02,quantile,0.05,0,New Hampshire,Ensemble
2026-05-02,33,0,wk inc flu hosp,2026-05-02,quantile,0.1,0,New Hampshire,Ensemble
2026-05-02,33,0,wk inc flu hosp,2026-05-02,quantile,0.15,0,New Hampshire,Ensemble
2026-05-02,33,0,wk inc flu hosp,2026-05-02,quantile,0.2,1,New Hampshire,Ensemble
2026-05-02,33,0,wk inc flu hosp,2026-05-02,quantile,0.25,1,New Hampshire,Ensemble
2026-05-02,33,0,wk inc flu hosp,2026-05-02,quantile,0.3,1,New Hampshire,Ensemble
2026-05-02,33,0,wk inc flu hosp,2026-05-02,quantile,0.35,1,New Hampshire,Ensemble
2026-05-02,33,0,wk inc flu hosp,2026-05-02,quantile,0.4,2,New Hampshire,Ensemble
2026-05-02,33,0,wk inc flu hosp,2026-05-02,quantile,0.45,2,New Hampshire,Ensemble
2026-05-02,33,0,wk inc flu hosp,2026-05-02,quantile,0.5,3,New Hampshire,Ensemble
2026-05-02,33,0,wk inc flu hosp,2026-05-02,quantile,0.55,4,New Hampshire,Ensemble
2026-05-02,33,0,wk inc flu hosp,2026-05-02,quantile,0.6,4,New Hampshire,Ensemble
2026-05-02,33,0,wk inc flu hosp,2026-05-02,quantile,0.65,5,New Hampshire,Ensemble
2026-05-02,33,0,wk inc flu hosp,2026-05-02,quantile,0.7,5,New Hampshire,Ensemble
2026-05-02,33,0,wk inc flu hosp,2026-05-02,quantile,0.75,6,New Hampshire,Ensemble
2026-05-02,33,0,wk inc flu hosp,2026-05-02,quantile,0.8,7,New Hampshire,Ensemble
2026-05-02,33,0,wk inc flu hosp,2026-05-02,quantile,0.85,8,New Hampshire,Ensemble
2026-05-02,33,0,wk inc flu hosp,2026-05-02,quantile,0.9,9,New Hampshire,Ensemble
2026-05-02,33,0,wk inc flu hosp,2026-05-02,quantile,0.95,11,New Hampshire,Ensemble
2026-05-02,33,0,wk inc flu hosp,2026-05-02,quantile,0.975,14,New Hampshire,Ensemble
2026-05-02,33,0,wk inc flu hosp,2026-05-02,quantile,0.99,18,New Hampshire,Ensemble
2026-05-02,33,1,wk inc flu hosp,2026-05-09,quantile,0.01,0,New Hampshire,Ensemble
2026-05-02,33,1,wk inc flu hosp,2026-05-09,quantile,0.025,0,New Hampshire,Ensemble
2026-05-02,33,1,wk inc flu hosp,2026-05-09,quantile,0.05,0,New Hampshire,Ensemble
2026-05-02,33,1,wk inc flu hosp,2026-05-09,quantile,0.1,0,New Hampshire,Ensemble
2026-05-02,33,1,wk inc flu hosp,2026-05-09,quantile,0.15,0,New Hampshire,Ensemble
2026-05-02,33,1,wk inc flu hosp,2026-05-09,quantile,0.2,0,New Hampshire,Ensemble
2026-05-02,33,1,wk inc flu hosp,2026-05-09,quantile,0.25,0,New Hampshire,Ensemble
2026-05-02,33,1,wk inc flu hosp,2026-05-09,quantile,0.3,1,New Hampshire,Ensemble
2026-05-02,33,1,wk inc flu hosp,2026-05-09,quantile,0.35,1,New Hampshire,Ensemble
2026-05-02,33,1,wk inc flu hosp,2026-05-09,quantile,0.4,1,New Hampshire,Ensemble
2026-05-02,33,1,wk inc flu hosp,2026-05-09,quantile,0.45,1,New Hampshire,Ensemble
2026-05-02,33,1,wk inc flu hosp,2026-05-09,quantile,0.5,3,New Hampshire,Ensemble
2026-05-02,33,1,wk inc flu hosp,2026-05-09,quantile,0.55,3,New Hampshire,Ensemble
2026-05-02,33,1,wk inc flu hosp,2026-05-09,quantile,0.6,3,New Hampshire,Ensemble
2026-05-02,33,1,wk inc flu hosp,2026-05-09,quantile,0.65,4,New Hampshire,Ensemble
2026-05-02,33,1,wk inc flu hosp,2026-05-09,quantile,0.7,5,New Hampshire,Ensemble
2026-05-02,33,1,wk inc flu hosp,2026-05-09,quantile,0.75,5,New Hampshire,Ensemble
2026-05-02,33,1,wk inc flu hosp,2026-05-09,quantile,0.8,6,New Hampshire,Ensemble
2026-05-02,33,1,wk inc flu hosp,2026-05-09,quantile,0.85,7,New Hampshire,Ensemble
2026-05-02,33,1,wk inc flu hosp,2026-05-09,quantile,0.9,9,New Hampshire,Ensemble
2026-05-02,33,1,wk inc flu hosp,2026-05-09,quantile,0.95,12,New Hampshire,Ensemble
2026-05-02,33,1,wk inc flu hosp,2026-05-09,quantile,0.975,15,New Hampshire,Ensemble
2026-05-02,33,1,wk inc flu hosp,2026-05-09,quantile,0.99,20,New Hampshire,Ensemble
2026-05-02,33,2,wk inc flu hosp,2026-05-16,quantile,0.01,0,New Hampshire,Ensemble
2026-05-02,33,2,wk inc flu hosp,2026-05-16,quantile,0.025,0,New Hampshire,Ensemble
2026-05-02,33,2,wk inc flu hosp,2026-05-16,quantile,0.05,0,New Hampshire,Ensemble
2026-05-02,33,2,wk inc flu hosp,2026-05-16,quantile,0.1,0,New Hampshire,Ensemble
2026-05-02,33,2,wk inc flu hosp,2026-05-16,quantile,0.15,0,New Hampshire,Ensemble
2026-05-02,33,2,wk inc flu hosp,2026-05-16,quantile,0.2,0,New Hampshire,Ensemble
2026-05-02,33,2,wk inc flu hosp,2026-05-16,quantile,0.25,0,New Hampshire,Ensemble
2026-05-02,33,2,wk inc flu hosp,2026-05-16,quantile,0.3,0,New Hampshire,Ensemble
2026-05-02,33,2,wk inc flu hosp,2026-05-16,quantile,0.35,1,New Hampshire,Ensemble
2026-05-02,33,2,wk inc flu hosp,2026-05-16,quantile,0.4,1,New Hampshire,Ensemble
2026-05-02,33,2,wk inc flu hosp,2026-05-16,quantile,0.45,1,New Hampshire,Ensemble
2026-05-02,33,2,wk inc flu hosp,2026-05-16,quantile,0.5,2,New Hampshire,Ensemble
2026-05-02,33,2,wk inc flu hosp,2026-05-16,quantile,0.55,3,New Hampshire,Ensemble
2026-05-02,33,2,wk inc flu hosp,2026-05-16,quantile,0.6,3,New Hampshire,Ensemble
2026-05-02,33,2,wk inc flu hosp,2026-05-16,quantile,0.65,4,New Hampshire,Ensemble
2026-05-02,33,2,wk inc flu hosp,2026-05-16,quantile,0.7,4,New Hampshire,Ensemble
2026-05-02,33,2,wk inc flu hosp,2026-05-16,quantile,0.75,5,New Hampshire,Ensemble
2026-05-02,33,2,wk inc flu hosp,2026-05-16,quantile,0.8,6,New Hampshire,Ensemble
2026-05-02,33,2,wk inc flu hosp,2026-05-16,quantile,0.85,7,New Hampshire,Ensemble
2026-05-02,33,2,wk inc flu hosp,2026-05-16,quantile,0.9,9,New Hampshire,Ensemble
2026-05-02,33,2,wk inc flu hosp,2026-05-16,quantile,0.95,13,New Hampshire,Ensemble
2026-05-02,33,2,wk inc flu hosp,2026-05-16,quantile,0.975,17,New Hampshire,Ensemble
2026-05-02,33,2,wk inc flu hosp,2026-05-16,quantile,0.99,23,New Hampshire,Ensemble
2026-05-02,33,3,wk inc flu hosp,2026-05-23,quantile,0.01,0,New Hampshire,Ensemble
2026-05-02,33,3,wk inc flu hosp,2026-05-23,quantile,0.025,0,New Hampshire,Ensemble
2026-05-02,33,3,wk inc flu hosp,2026-05-23,quantile,0.05,0,New Hampshire,Ensemble
2026-05-02,33,3,wk inc flu hosp,2026-05-23,quantile,0.1,0,New Hampshire,Ensemble
2026-05-02,33,3,wk inc flu hosp,2026-05-23,quantile,0.15,0,New Hampshire,Ensemble
2026-05-02,33,3,wk inc flu hosp,2026-05-23,quantile,0.2,0,New Hampshire,Ensemble
2026-05-02,33,3,wk inc flu hosp,2026-05-23,quantile,0.25,0,New Hampshire,Ensemble
2026-05-02,33,3,wk inc flu hosp,2026-05-23,quantile,0.3,0,New Hampshire,Ensemble
2026-05-02,33,3,wk inc flu hosp,2026-05-23,quantile,0.35,1,New Hampshire,Ensemble
2026-05-02,33,3,wk inc flu hosp,2026-05-23,quantile,0.4,1,New Hampshire,Ensemble
2026-05-02,33,3,wk inc flu hosp,2026-05-23,quantile,0.45,1,New Hampshire,Ensemble
2026-05-02,33,3,wk inc flu hosp,2026-05-23,quantile,0.5,2,New Hampshire,Ensemble
2026-05-02,33,3,wk inc flu hosp,2026-05-23,quantile,0.55,3,New Hampshire,Ensemble
2026-05-02,33,3,wk inc flu hosp,2026-05-23,quantile,0.6,3,New Hampshire,Ensemble
2026-05-02,33,3,wk inc flu hosp,2026-05-23,quantile,0.65,3,New Hampshire,Ensemble
2026-05-02,33,3,wk inc flu hosp,2026-05-23,quantile,0.7,4,New Hampshire,Ensemble
2026-05-02,33,3,wk inc flu hosp,2026-05-23,quantile,0.75,5,New Hampshire,Ensemble
2026-05-02,33,3,wk inc flu hosp,2026-05-23,quantile,0.8,7,New Hampshire,Ensemble
2026-05-02,33,3,wk inc flu hosp,2026-05-23,quantile,0.85,8,New Hampshire,Ensemble
2026-05-02,33,3,wk inc flu hosp,2026-05-23,quantile,0.9,11,New Hampshire,Ensemble
2026-05-02,33,3,wk inc flu hosp,2026-05-23,quantile,0.95,15,New Hampshire,Ensemble
2026-05-02,33,3,wk inc flu hosp,2026-05-23,quantile,0.975,21,New Hampshire,Ensemble
2026-05-02,33,3,wk inc flu hosp,2026-05-23,quantile,0.99,28,New Hampshire,Ensemble
2026-05-02,34,0,wk inc flu hosp,2026-05-02,quantile,0.01,6,New Jersey,Ensemble
2026-05-02,34,0,wk inc flu hosp,2026-05-02,quantile,0.025,8,New Jersey,Ensemble
2026-05-02,34,0,wk inc flu hosp,2026-05-02,quantile,0.05,10,New Jersey,Ensemble
2026-05-02,34,0,wk inc flu hosp,2026-05-02,quantile,0.1,14,New Jersey,Ensemble
2026-05-02,34,0,wk inc flu hosp,2026-05-02,quantile,0.15,16,New Jersey,Ensemble
2026-05-02,34,0,wk inc flu hosp,2026-05-02,quantile,0.2,19,New Jersey,Ensemble
2026-05-02,34,0,wk inc flu hosp,2026-05-02,quantile,0.25,21,New Jersey,Ensemble
2026-05-02,34,0,wk inc flu hosp,2026-05-02,quantile,0.3,23,New Jersey,Ensemble
2026-05-02,34,0,wk inc flu hosp,2026-05-02,quantile,0.35,25,New Jersey,Ensemble
2026-05-02,34,0,wk inc flu hosp,2026-05-02,quantile,0.4,28,New Jersey,Ensemble
2026-05-02,34,0,wk inc flu hosp,2026-05-02,quantile,0.45,30,New Jersey,Ensemble
2026-05-02,34,0,wk inc flu hosp,2026-05-02,quantile,0.5,34,New Jersey,Ensemble
2026-05-02,34,0,wk inc flu hosp,2026-05-02,quantile,0.55,37,New Jersey,Ensemble
2026-05-02,34,0,wk inc flu hosp,2026-05-02,quantile,0.6,40,New Jersey,Ensemble
2026-05-02,34,0,wk inc flu hosp,2026-05-02,quantile,0.65,43,New Jersey,Ensemble
2026-05-02,34,0,wk inc flu hosp,2026-05-02,quantile,0.7,46,New Jersey,Ensemble
2026-05-02,34,0,wk inc flu hosp,2026-05-02,quantile,0.75,49,New Jersey,Ensemble
2026-05-02,34,0,wk inc flu hosp,2026-05-02,quantile,0.8,53,New Jersey,Ensemble
2026-05-02,34,0,wk inc flu hosp,2026-05-02,quantile,0.85,58,New Jersey,Ensemble
2026-05-02,34,0,wk inc flu hosp,2026-05-02,quantile,0.9,66,New Jersey,Ensemble
2026-05-02,34,0,wk inc flu hosp,2026-05-02,quantile,0.95,81,New Jersey,Ensemble
2026-05-02,34,0,wk inc flu hosp,2026-05-02,quantile,0.975,97,New Jersey,Ensemble
2026-05-02,34,0,wk inc flu hosp,2026-05-02,quantile,0.99,119,New Jersey,Ensemble
2026-05-02,34,1,wk inc flu hosp,2026-05-09,quantile,0.01,4,New Jersey,Ensemble
2026-05-02,34,1,wk inc flu hosp,2026-05-09,quantile,0.025,5,New Jersey,Ensemble
2026-05-02,34,1,wk inc flu hosp,2026-05-09,quantile,0.05,7,New Jersey,Ensemble
2026-05-02,34,1,wk inc flu hosp,2026-05-09,quantile,0.1,9,New Jersey,Ensemble
2026-05-02,34,1,wk inc flu hosp,2026-05-09,quantile,0.15,11,New Jersey,Ensemble
2026-05-02,34,1,wk inc flu hosp,2026-05-09,quantile,0.2,13,New Jersey,Ensemble
2026-05-02,34,1,wk inc flu hosp,2026-05-09,quantile,0.25,15,New Jersey,Ensemble
2026-05-02,34,1,wk inc flu hosp,2026-05-09,quantile,0.3,17,New Jersey,Ensemble
2026-05-02,34,1,wk inc flu hosp,2026-05-09,quantile,0.35,19,New Jersey,Ensemble
2026-05-02,34,1,wk inc flu hosp,2026-05-09,quantile,0.4,22,New Jersey,Ensemble
2026-05-02,34,1,wk inc flu hosp,2026-05-09,quantile,0.45,24,New Jersey,Ensemble
2026-05-02,34,1,wk inc flu hosp,2026-05-09,quantile,0.5,28,New Jersey,Ensemble
2026-05-02,34,1,wk inc flu hosp,2026-05-09,quantile,0.55,32,New Jersey,Ensemble
2026-05-02,34,1,wk inc flu hosp,2026-05-09,quantile,0.6,35,New Jersey,Ensemble
2026-05-02,34,1,wk inc flu hosp,2026-05-09,quantile,0.65,39,New Jersey,Ensemble
2026-05-02,34,1,wk inc flu hosp,2026-05-09,quantile,0.7,43,New Jersey,Ensemble
2026-05-02,34,1,wk inc flu hosp,2026-05-09,quantile,0.75,48,New Jersey,Ensemble
2026-05-02,34,1,wk inc flu hosp,2026-05-09,quantile,0.8,53,New Jersey,Ensemble
2026-05-02,34,1,wk inc flu hosp,2026-05-09,quantile,0.85,61,New Jersey,Ensemble
2026-05-02,34,1,wk inc flu hosp,2026-05-09,quantile,0.9,72,New Jersey,Ensemble
2026-05-02,34,1,wk inc flu hosp,2026-05-09,quantile,0.95,94,New Jersey,Ensemble
2026-05-02,34,1,wk inc flu hosp,2026-05-09,quantile,0.975,117,New Jersey,Ensemble
2026-05-02,34,1,wk inc flu hosp,2026-05-09,quantile,0.99,149,New Jersey,Ensemble
2026-05-02,34,2,wk inc flu hosp,2026-05-16,quantile,0.01,3,New Jersey,Ensemble
2026-05-02,34,2,wk inc flu hosp,2026-05-16,quantile,0.025,4,New Jersey,Ensemble
2026-05-02,34,2,wk inc flu hosp,2026-05-16,quantile,0.05,5,New Jersey,Ensemble
2026-05-02,34,2,wk inc flu hosp,2026-05-16,quantile,0.1,7,New Jersey,Ensemble
2026-05-02,34,2,wk inc flu hosp,2026-05-16,quantile,0.15,9,New Jersey,Ensemble
2026-05-02,34,2,wk inc flu hosp,2026-05-16,quantile,0.2,10,New Jersey,Ensemble
2026-05-02,34,2,wk inc flu hosp,2026-05-16,quantile,0.25,12,New Jersey,Ensemble
2026-05-02,34,2,wk inc flu hosp,2026-05-16,quantile,0.3,14,New Jersey,Ensemble
2026-05-02,34,2,wk inc flu hosp,2026-05-16,quantile,0.35,16,New Jersey,Ensemble
2026-05-02,34,2,wk inc flu hosp,2026-05-16,quantile,0.4,19,New Jersey,Ensemble
2026-05-02,34,2,wk inc flu hosp,2026-05-16,quantile,0.45,21,New Jersey,Ensemble
2026-05-02,34,2,wk inc flu hosp,2026-05-16,quantile,0.5,26,New Jersey,Ensemble
2026-05-02,34,2,wk inc flu hosp,2026-05-16,quantile,0.55,29,New Jersey,Ensemble
2026-05-02,34,2,wk inc flu hosp,2026-05-16,quantile,0.6,33,New Jersey,Ensemble
2026-05-02,34,2,wk inc flu hosp,2026-05-16,quantile,0.65,38,New Jersey,Ensemble
2026-05-02,34,2,wk inc flu hosp,2026-05-16,quantile,0.7,43,New Jersey,Ensemble
2026-05-02,34,2,wk inc flu hosp,2026-05-16,quantile,0.75,49,New Jersey,Ensemble
2026-05-02,34,2,wk inc flu hosp,2026-05-16,quantile,0.8,56,New Jersey,Ensemble
2026-05-02,34,2,wk inc flu hosp,2026-05-16,quantile,0.85,67,New Jersey,Ensemble
2026-05-02,34,2,wk inc flu hosp,2026-05-16,quantile,0.9,83,New Jersey,Ensemble
2026-05-02,34,2,wk inc flu hosp,2026-05-16,quantile,0.95,111,New Jersey,Ensemble
2026-05-02,34,2,wk inc flu hosp,2026-05-16,quantile,0.975,140,New Jersey,Ensemble
2026-05-02,34,2,wk inc flu hosp,2026-05-16,quantile,0.99,180,New Jersey,Ensemble
2026-05-02,34,3,wk inc flu hosp,2026-05-23,quantile,0.01,2,New Jersey,Ensemble
2026-05-02,34,3,wk inc flu hosp,2026-05-23,quantile,0.025,3,New Jersey,Ensemble
2026-05-02,34,3,wk inc flu hosp,2026-05-23,quantile,0.05,4,New Jersey,Ensemble
2026-05-02,34,3,wk inc flu hosp,2026-05-23,quantile,0.1,5,New Jersey,Ensemble
2026-05-02,34,3,wk inc flu hosp,2026-05-23,quantile,0.15,7,New Jersey,Ensemble
2026-05-02,34,3,wk inc flu hosp,2026-05-23,quantile,0.2,9,New Jersey,Ensemble
2026-05-02,34,3,wk inc flu hosp,2026-05-23,quantile,0.25,10,New Jersey,Ensemble
2026-05-02,34,3,wk inc flu hosp,2026-05-23,quantile,0.3,12,New Jersey,Ensemble
2026-05-02,34,3,wk inc flu hosp,2026-05-23,quantile,0.35,14,New Jersey,Ensemble
2026-05-02,34,3,wk inc flu hosp,2026-05-23,quantile,0.4,16,New Jersey,Ensemble
2026-05-02,34,3,wk inc flu hosp,2026-05-23,quantile,0.45,19,New Jersey,Ensemble
2026-05-02,34,3,wk inc flu hosp,2026-05-23,quantile,0.5,23,New Jersey,Ensemble
2026-05-02,34,3,wk inc flu hosp,2026-05-23,quantile,0.55,28,New Jersey,Ensemble
2026-05-02,34,3,wk inc flu hosp,2026-05-23,quantile,0.6,32,New Jersey,Ensemble
2026-05-02,34,3,wk inc flu hosp,2026-05-23,quantile,0.65,37,New Jersey,Ensemble
2026-05-02,34,3,wk inc flu hosp,2026-05-23,quantile,0.7,42,New Jersey,Ensemble
2026-05-02,34,3,wk inc flu hosp,2026-05-23,quantile,0.75,50,New Jersey,Ensemble
2026-05-02,34,3,wk inc flu hosp,2026-05-23,quantile,0.8,59,New Jersey,Ensemble
2026-05-02,34,3,wk inc flu hosp,2026-05-23,quantile,0.85,72,New Jersey,Ensemble
2026-05-02,34,3,wk inc flu hosp,2026-05-23,quantile,0.9,92,New Jersey,Ensemble
2026-05-02,34,3,wk inc flu hosp,2026-05-23,quantile,0.95,126,New Jersey,Ensemble
2026-05-02,34,3,wk inc flu hosp,2026-05-23,quantile,0.975,161,New Jersey,Ensemble
2026-05-02,34,3,wk inc flu hosp,2026-05-23,quantile,0.99,214,New Jersey,Ensemble
2026-05-02,35,0,wk inc flu hosp,2026-05-02,quantile,0.01,0,New Mexico,Ensemble
2026-05-02,35,0,wk inc flu hosp,2026-05-02,quantile,0.025,1,New Mexico,Ensemble
2026-05-02,35,0,wk inc flu hosp,2026-05-02,quantile,0.05,1,New Mexico,Ensemble
2026-05-02,35,0,wk inc flu hosp,2026-05-02,quantile,0.1,1,New Mexico,Ensemble
2026-05-02,35,0,wk inc flu hosp,2026-05-02,quantile,0.15,2,New Mexico,Ensemble
2026-05-02,35,0,wk inc flu hosp,2026-05-02,quantile,0.2,2,New Mexico,Ensemble
2026-05-02,35,0,wk inc flu hosp,2026-05-02,quantile,0.25,3,New Mexico,Ensemble
2026-05-02,35,0,wk inc flu hosp,2026-05-02,quantile,0.3,3,New Mexico,Ensemble
2026-05-02,35,0,wk inc flu hosp,2026-05-02,quantile,0.35,4,New Mexico,Ensemble
2026-05-02,35,0,wk inc flu hosp,2026-05-02,quantile,0.4,4,New Mexico,Ensemble
2026-05-02,35,0,wk inc flu hosp,2026-05-02,quantile,0.45,5,New Mexico,Ensemble
2026-05-02,35,0,wk inc flu hosp,2026-05-02,quantile,0.5,7,New Mexico,Ensemble
2026-05-02,35,0,wk inc flu hosp,2026-05-02,quantile,0.55,8,New Mexico,Ensemble
2026-05-02,35,0,wk inc flu hosp,2026-05-02,quantile,0.6,8,New Mexico,Ensemble
2026-05-02,35,0,wk inc flu hosp,2026-05-02,quantile,0.65,9,New Mexico,Ensemble
2026-05-02,35,0,wk inc flu hosp,2026-05-02,quantile,0.7,10,New Mexico,Ensemble
2026-05-02,35,0,wk inc flu hosp,2026-05-02,quantile,0.75,11,New Mexico,Ensemble
2026-05-02,35,0,wk inc flu hosp,2026-05-02,quantile,0.8,12,New Mexico,Ensemble
2026-05-02,35,0,wk inc flu hosp,2026-05-02,quantile,0.85,14,New Mexico,Ensemble
2026-05-02,35,0,wk inc flu hosp,2026-05-02,quantile,0.9,17,New Mexico,Ensemble
2026-05-02,35,0,wk inc flu hosp,2026-05-02,quantile,0.95,20,New Mexico,Ensemble
2026-05-02,35,0,wk inc flu hosp,2026-05-02,quantile,0.975,25,New Mexico,Ensemble
2026-05-02,35,0,wk inc flu hosp,2026-05-02,quantile,0.99,31,New Mexico,Ensemble
2026-05-02,35,1,wk inc flu hosp,2026-05-09,quantile,0.01,0,New Mexico,Ensemble
2026-05-02,35,1,wk inc flu hosp,2026-05-09,quantile,0.025,0,New Mexico,Ensemble
2026-05-02,35,1,wk inc flu hosp,2026-05-09,quantile,0.05,0,New Mexico,Ensemble
2026-05-02,35,1,wk inc flu hosp,2026-05-09,quantile,0.1,1,New Mexico,Ensemble
2026-05-02,35,1,wk inc flu hosp,2026-05-09,quantile,0.15,1,New Mexico,Ensemble
2026-05-02,35,1,wk inc flu hosp,2026-05-09,quantile,0.2,2,New Mexico,Ensemble
2026-05-02,35,1,wk inc flu hosp,2026-05-09,quantile,0.25,2,New Mexico,Ensemble
2026-05-02,35,1,wk inc flu hosp,2026-05-09,quantile,0.3,2,New Mexico,Ensemble
2026-05-02,35,1,wk inc flu hosp,2026-05-09,quantile,0.35,3,New Mexico,Ensemble
2026-05-02,35,1,wk inc flu hosp,2026-05-09,quantile,0.4,3,New Mexico,Ensemble
2026-05-02,35,1,wk inc flu hosp,2026-05-09,quantile,0.45,4,New Mexico,Ensemble
2026-05-02,35,1,wk inc flu hosp,2026-05-09,quantile,0.5,6,New Mexico,Ensemble
2026-05-02,35,1,wk inc flu hosp,2026-05-09,quantile,0.55,6,New Mexico,Ensemble
2026-05-02,35,1,wk inc flu hosp,2026-05-09,quantile,0.6,7,New Mexico,Ensemble
2026-05-02,35,1,wk inc flu hosp,2026-05-09,quantile,0.65,8,New Mexico,Ensemble
2026-05-02,35,1,wk inc flu hosp,2026-05-09,quantile,0.7,9,New Mexico,Ensemble
2026-05-02,35,1,wk inc flu hosp,2026-05-09,quantile,0.75,11,New Mexico,Ensemble
2026-05-02,35,1,wk inc flu hosp,2026-05-09,quantile,0.8,12,New Mexico,Ensemble
2026-05-02,35,1,wk inc flu hosp,2026-05-09,quantile,0.85,14,New Mexico,Ensemble
2026-05-02,35,1,wk inc flu hosp,2026-05-09,quantile,0.9,17,New Mexico,Ensemble
2026-05-02,35,1,wk inc flu hosp,2026-05-09,quantile,0.95,22,New Mexico,Ensemble
2026-05-02,35,1,wk inc flu hosp,2026-05-09,quantile,0.975,28,New Mexico,Ensemble
2026-05-02,35,1,wk inc flu hosp,2026-05-09,quantile,0.99,36,New Mexico,Ensemble
2026-05-02,35,2,wk inc flu hosp,2026-05-16,quantile,0.01,0,New Mexico,Ensemble
2026-05-02,35,2,wk inc flu hosp,2026-05-16,quantile,0.025,0,New Mexico,Ensemble
2026-05-02,35,2,wk inc flu hosp,2026-05-16,quantile,0.05,0,New Mexico,Ensemble
2026-05-02,35,2,wk inc flu hosp,2026-05-16,quantile,0.1,1,New Mexico,Ensemble
2026-05-02,35,2,wk inc flu hosp,2026-05-16,quantile,0.15,1,New Mexico,Ensemble
2026-05-02,35,2,wk inc flu hosp,2026-05-16,quantile,0.2,1,New Mexico,Ensemble
2026-05-02,35,2,wk inc flu hosp,2026-05-16,quantile,0.25,2,New Mexico,Ensemble
2026-05-02,35,2,wk inc flu hosp,2026-05-16,quantile,0.3,2,New Mexico,Ensemble
2026-05-02,35,2,wk inc flu hosp,2026-05-16,quantile,0.35,2,New Mexico,Ensemble
2026-05-02,35,2,wk inc flu hosp,2026-05-16,quantile,0.4,3,New Mexico,Ensemble
2026-05-02,35,2,wk inc flu hosp,2026-05-16,quantile,0.45,3,New Mexico,Ensemble
2026-05-02,35,2,wk inc flu hosp,2026-05-16,quantile,0.5,5,New Mexico,Ensemble
2026-05-02,35,2,wk inc flu hosp,2026-05-16,quantile,0.55,6,New Mexico,Ensemble
2026-05-02,35,2,wk inc flu hosp,2026-05-16,quantile,0.6,7,New Mexico,Ensemble
2026-05-02,35,2,wk inc flu hosp,2026-05-16,quantile,0.65,8,New Mexico,Ensemble
2026-05-02,35,2,wk inc flu hosp,2026-05-16,quantile,0.7,9,New Mexico,Ensemble
2026-05-02,35,2,wk inc flu hosp,2026-05-16,quantile,0.75,10,New Mexico,Ensemble
2026-05-02,35,2,wk inc flu hosp,2026-05-16,quantile,0.8,12,New Mexico,Ensemble
2026-05-02,35,2,wk inc flu hosp,2026-05-16,quantile,0.85,15,New Mexico,Ensemble
2026-05-02,35,2,wk inc flu hosp,2026-05-16,quantile,0.9,19,New Mexico,Ensemble
2026-05-02,35,2,wk inc flu hosp,2026-05-16,quantile,0.95,25,New Mexico,Ensemble
2026-05-02,35,2,wk inc flu hosp,2026-05-16,quantile,0.975,32,New Mexico,Ensemble
2026-05-02,35,2,wk inc flu hosp,2026-05-16,quantile,0.99,42,New Mexico,Ensemble
2026-05-02,35,3,wk inc flu hosp,2026-05-23,quantile,0.01,0,New Mexico,Ensemble
2026-05-02,35,3,wk inc flu hosp,2026-05-23,quantile,0.025,0,New Mexico,Ensemble
2026-05-02,35,3,wk inc flu hosp,2026-05-23,quantile,0.05,0,New Mexico,Ensemble
2026-05-02,35,3,wk inc flu hosp,2026-05-23,quantile,0.1,0,New Mexico,Ensemble
2026-05-02,35,3,wk inc flu hosp,2026-05-23,quantile,0.15,1,New Mexico,Ensemble
2026-05-02,35,3,wk inc flu hosp,2026-05-23,quantile,0.2,1,New Mexico,Ensemble
2026-05-02,35,3,wk inc flu hosp,2026-05-23,quantile,0.25,1,New Mexico,Ensemble
2026-05-02,35,3,wk inc flu hosp,2026-05-23,quantile,0.3,2,New Mexico,Ensemble
2026-05-02,35,3,wk inc flu hosp,2026-05-23,quantile,0.35,2,New Mexico,Ensemble
2026-05-02,35,3,wk inc flu hosp,2026-05-23,quantile,0.4,3,New Mexico,Ensemble
2026-05-02,35,3,wk inc flu hosp,2026-05-23,quantile,0.45,3,New Mexico,Ensemble
2026-05-02,35,3,wk inc flu hosp,2026-05-23,quantile,0.5,5,New Mexico,Ensemble
2026-05-02,35,3,wk inc flu hosp,2026-05-23,quantile,0.55,6,New Mexico,Ensemble
2026-05-02,35,3,wk inc flu hosp,2026-05-23,quantile,0.6,7,New Mexico,Ensemble
2026-05-02,35,3,wk inc flu hosp,2026-05-23,quantile,0.65,8,New Mexico,Ensemble
2026-05-02,35,3,wk inc flu hosp,2026-05-23,quantile,0.7,9,New Mexico,Ensemble
2026-05-02,35,3,wk inc flu hosp,2026-05-23,quantile,0.75,11,New Mexico,Ensemble
2026-05-02,35,3,wk inc flu hosp,2026-05-23,quantile,0.8,13,New Mexico,Ensemble
2026-05-02,35,3,wk inc flu hosp,2026-05-23,quantile,0.85,16,New Mexico,Ensemble
2026-05-02,35,3,wk inc flu hosp,2026-05-23,quantile,0.9,20,New Mexico,Ensemble
2026-05-02,35,3,wk inc flu hosp,2026-05-23,quantile,0.95,27,New Mexico,Ensemble
2026-05-02,35,3,wk inc flu hosp,2026-05-23,quantile,0.975,36,New Mexico,Ensemble
2026-05-02,35,3,wk inc flu hosp,2026-05-23,quantile,0.99,47,New Mexico,Ensemble
2026-05-02,36,0,wk inc flu hosp,2026-05-02,quantile,0.01,10,New York,Ensemble
2026-05-02,36,0,wk inc flu hosp,2026-05-02,quantile,0.025,13,New York,Ensemble
2026-05-02,36,0,wk inc flu hosp,2026-05-02,quantile,0.05,16,New York,Ensemble
2026-05-02,36,0,wk inc flu hosp,2026-05-02,quantile,0.1,21,New York,Ensemble
2026-05-02,36,0,wk inc flu hosp,2026-05-02,quantile,0.15,26,New York,Ensemble
2026-05-02,36,0,wk inc flu hosp,2026-05-02,quantile,0.2,30,New York,Ensemble
2026-05-02,36,0,wk inc flu hosp,2026-05-02,quantile,0.25,34,New York,Ensemble
2026-05-02,36,0,wk inc flu hosp,2026-05-02,quantile,0.3,37,New York,Ensemble
2026-05-02,36,0,wk inc flu hosp,2026-05-02,quantile,0.35,41,New York,Ensemble
2026-05-02,36,0,wk inc flu hosp,2026-05-02,quantile,0.4,44,New York,Ensemble
2026-05-02,36,0,wk inc flu hosp,2026-05-02,quantile,0.45,48,New York,Ensemble
2026-05-02,36,0,wk inc flu hosp,2026-05-02,quantile,0.5,53,New York,Ensemble
2026-05-02,36,0,wk inc flu hosp,2026-05-02,quantile,0.55,58,New York,Ensemble
2026-05-02,36,0,wk inc flu hosp,2026-05-02,quantile,0.6,63,New York,Ensemble
2026-05-02,36,0,wk inc flu hosp,2026-05-02,quantile,0.65,68,New York,Ensemble
2026-05-02,36,0,wk inc flu hosp,2026-05-02,quantile,0.7,74,New York,Ensemble
2026-05-02,36,0,wk inc flu hosp,2026-05-02,quantile,0.75,79,New York,Ensemble
2026-05-02,36,0,wk inc flu hosp,2026-05-02,quantile,0.8,86,New York,Ensemble
2026-05-02,36,0,wk inc flu hosp,2026-05-02,quantile,0.85,96,New York,Ensemble
2026-05-02,36,0,wk inc flu hosp,2026-05-02,quantile,0.9,111,New York,Ensemble
2026-05-02,36,0,wk inc flu hosp,2026-05-02,quantile,0.95,137,New York,Ensemble
2026-05-02,36,0,wk inc flu hosp,2026-05-02,quantile,0.975,163,New York,Ensemble
2026-05-02,36,0,wk inc flu hosp,2026-05-02,quantile,0.99,197,New York,Ensemble
2026-05-02,36,1,wk inc flu hosp,2026-05-09,quantile,0.01,6,New York,Ensemble
2026-05-02,36,1,wk inc flu hosp,2026-05-09,quantile,0.025,8,New York,Ensemble
2026-05-02,36,1,wk inc flu hosp,2026-05-09,quantile,0.05,10,New York,Ensemble
2026-05-02,36,1,wk inc flu hosp,2026-05-09,quantile,0.1,13,New York,Ensemble
2026-05-02,36,1,wk inc flu hosp,2026-05-09,quantile,0.15,17,New York,Ensemble
2026-05-02,36,1,wk inc flu hosp,2026-05-09,quantile,0.2,21,New York,Ensemble
2026-05-02,36,1,wk inc flu hosp,2026-05-09,quantile,0.25,24,New York,Ensemble
2026-05-02,36,1,wk inc flu hosp,2026-05-09,quantile,0.3,28,New York,Ensemble
2026-05-02,36,1,wk inc flu hosp,2026-05-09,quantile,0.35,32,New York,Ensemble
2026-05-02,36,1,wk inc flu hosp,2026-05-09,quantile,0.4,35,New York,Ensemble
2026-05-02,36,1,wk inc flu hosp,2026-05-09,quantile,0.45,40,New York,Ensemble
2026-05-02,36,1,wk inc flu hosp,2026-05-09,quantile,0.5,45,New York,Ensemble
2026-05-02,36,1,wk inc flu hosp,2026-05-09,quantile,0.55,49,New York,Ensemble
2026-05-02,36,1,wk inc flu hosp,2026-05-09,quantile,0.6,55,New York,Ensemble
2026-05-02,36,1,wk inc flu hosp,2026-05-09,quantile,0.65,61,New York,Ensemble
2026-05-02,36,1,wk inc flu hosp,2026-05-09,quantile,0.7,69,New York,Ensemble
2026-05-02,36,1,wk inc flu hosp,2026-05-09,quantile,0.75,77,New York,Ensemble
2026-05-02,36,1,wk inc flu hosp,2026-05-09,quantile,0.8,87,New York,Ensemble
2026-05-02,36,1,wk inc flu hosp,2026-05-09,quantile,0.85,102,New York,Ensemble
2026-05-02,36,1,wk inc flu hosp,2026-05-09,quantile,0.9,124,New York,Ensemble
2026-05-02,36,1,wk inc flu hosp,2026-05-09,quantile,0.95,161,New York,Ensemble
2026-05-02,36,1,wk inc flu hosp,2026-05-09,quantile,0.975,201,New York,Ensemble
2026-05-02,36,1,wk inc flu hosp,2026-05-09,quantile,0.99,260,New York,Ensemble
2026-05-02,36,2,wk inc flu hosp,2026-05-16,quantile,0.01,5,New York,Ensemble
2026-05-02,36,2,wk inc flu hosp,2026-05-16,quantile,0.025,6,New York,Ensemble
2026-05-02,36,2,wk inc flu hosp,2026-05-16,quantile,0.05,8,New York,Ensemble
2026-05-02,36,2,wk inc flu hosp,2026-05-16,quantile,0.1,10,New York,Ensemble
2026-05-02,36,2,wk inc flu hosp,2026-05-16,quantile,0.15,13,New York,Ensemble
2026-05-02,36,2,wk inc flu hosp,2026-05-16,quantile,0.2,17,New York,Ensemble
2026-05-02,36,2,wk inc flu hosp,2026-05-16,quantile,0.25,20,New York,Ensemble
2026-05-02,36,2,wk inc flu hosp,2026-05-16,quantile,0.3,23,New York,Ensemble
2026-05-02,36,2,wk inc flu hosp,2026-05-16,quantile,0.35,26,New York,Ensemble
2026-05-02,36,2,wk inc flu hosp,2026-05-16,quantile,0.4,29,New York,Ensemble
2026-05-02,36,2,wk inc flu hosp,2026-05-16,quantile,0.45,33,New York,Ensemble
2026-05-02,36,2,wk inc flu hosp,2026-05-16,quantile,0.5,39,New York,Ensemble
2026-05-02,36,2,wk inc flu hosp,2026-05-16,quantile,0.55,44,New York,Ensemble
2026-05-02,36,2,wk inc flu hosp,2026-05-16,quantile,0.6,50,New York,Ensemble
2026-05-02,36,2,wk inc flu hosp,2026-05-16,quantile,0.65,57,New York,Ensemble
2026-05-02,36,2,wk inc flu hosp,2026-05-16,quantile,0.7,66,New York,Ensemble
2026-05-02,36,2,wk inc flu hosp,2026-05-16,quantile,0.75,76,New York,Ensemble
2026-05-02,36,2,wk inc flu hosp,2026-05-16,quantile,0.8,89,New York,Ensemble
2026-05-02,36,2,wk inc flu hosp,2026-05-16,quantile,0.85,108,New York,Ensemble
2026-05-02,36,2,wk inc flu hosp,2026-05-16,quantile,0.9,137,New York,Ensemble
2026-05-02,36,2,wk inc flu hosp,2026-05-16,quantile,0.95,188,New York,Ensemble
2026-05-02,36,2,wk inc flu hosp,2026-05-16,quantile,0.975,240,New York,Ensemble
2026-05-02,36,2,wk inc flu hosp,2026-05-16,quantile,0.99,321,New York,Ensemble
2026-05-02,36,3,wk inc flu hosp,2026-05-23,quantile,0.01,4,New York,Ensemble
2026-05-02,36,3,wk inc flu hosp,2026-05-23,quantile,0.025,5,New York,Ensemble
2026-05-02,36,3,wk inc flu hosp,2026-05-23,quantile,0.05,6,New York,Ensemble
2026-05-02,36,3,wk inc flu hosp,2026-05-23,quantile,0.1,8,New York,Ensemble
2026-05-02,36,3,wk inc flu hosp,2026-05-23,quantile,0.15,10,New York,Ensemble
2026-05-02,36,3,wk inc flu hosp,2026-05-23,quantile,0.2,14,New York,Ensemble
2026-05-02,36,3,wk inc flu hosp,2026-05-23,quantile,0.25,16,New York,Ensemble
2026-05-02,36,3,wk inc flu hosp,2026-05-23,quantile,0.3,19,New York,Ensemble
2026-05-02,36,3,wk inc flu hosp,2026-05-23,quantile,0.35,21,New York,Ensemble
2026-05-02,36,3,wk inc flu hosp,2026-05-23,quantile,0.4,24,New York,Ensemble
2026-05-02,36,3,wk inc flu hosp,2026-05-23,quantile,0.45,28,New York,Ensemble
2026-05-02,36,3,wk inc flu hosp,2026-05-23,quantile,0.5,33,New York,Ensemble
2026-05-02,36,3,wk inc flu hosp,2026-05-23,quantile,0.55,38,New York,Ensemble
2026-05-02,36,3,wk inc flu hosp,2026-05-23,quantile,0.6,45,New York,Ensemble
2026-05-02,36,3,wk inc flu hosp,2026-05-23,quantile,0.65,53,New York,Ensemble
2026-05-02,36,3,wk inc flu hosp,2026-05-23,quantile,0.7,62,New York,Ensemble
2026-05-02,36,3,wk inc flu hosp,2026-05-23,quantile,0.75,75,New York,Ensemble
2026-05-02,36,3,wk inc flu hosp,2026-05-23,quantile,0.8,90,New York,Ensemble
2026-05-02,36,3,wk inc flu hosp,2026-05-23,quantile,0.85,115,New York,Ensemble
2026-05-02,36,3,wk inc flu hosp,2026-05-23,quantile,0.9,151,New York,Ensemble
2026-05-02,36,3,wk inc flu hosp,2026-05-23,quantile,0.95,212,New York,Ensemble
2026-05-02,36,3,wk inc flu hosp,2026-05-23,quantile,0.975,279,New York,Ensemble
2026-05-02,36,3,wk inc flu hosp,2026-05-23,quantile,0.99,373,New York,Ensemble
2026-05-02,37,0,wk inc flu hosp,2026-05-02,quantile,0.01,2,North Carolina,Ensemble
2026-05-02,37,0,wk inc flu hosp,2026-05-02,quantile,0.025,2,North Carolina,Ensemble
2026-05-02,37,0,wk inc flu hosp,2026-05-02,quantile,0.05,3,North Carolina,Ensemble
2026-05-02,37,0,wk inc flu hosp,2026-05-02,quantile,0.1,5,North Carolina,Ensemble
2026-05-02,37,0,wk inc flu hosp,2026-05-02,quantile,0.15,6,North Carolina,Ensemble
2026-05-02,37,0,wk inc flu hosp,2026-05-02,quantile,0.2,7,North Carolina,Ensemble
2026-05-02,37,0,wk inc flu hosp,2026-05-02,quantile,0.25,8,North Carolina,Ensemble
2026-05-02,37,0,wk inc flu hosp,2026-05-02,quantile,0.3,9,North Carolina,Ensemble
2026-05-02,37,0,wk inc flu hosp,2026-05-02,quantile,0.35,11,North Carolina,Ensemble
2026-05-02,37,0,wk inc flu hosp,2026-05-02,quantile,0.4,12,North Carolina,Ensemble
2026-05-02,37,0,wk inc flu hosp,2026-05-02,quantile,0.45,13,North Carolina,Ensemble
2026-05-02,37,0,wk inc flu hosp,2026-05-02,quantile,0.5,16,North Carolina,Ensemble
2026-05-02,37,0,wk inc flu hosp,2026-05-02,quantile,0.55,18,North Carolina,Ensemble
2026-05-02,37,0,wk inc flu hosp,2026-05-02,quantile,0.6,20,North Carolina,Ensemble
2026-05-02,37,0,wk inc flu hosp,2026-05-02,quantile,0.65,23,North Carolina,Ensemble
2026-05-02,37,0,wk inc flu hosp,2026-05-02,quantile,0.7,25,North Carolina,Ensemble
2026-05-02,37,0,wk inc flu hosp,2026-05-02,quantile,0.75,27,North Carolina,Ensemble
2026-05-02,37,0,wk inc flu hosp,2026-05-02,quantile,0.8,31,North Carolina,Ensemble
2026-05-02,37,0,wk inc flu hosp,2026-05-02,quantile,0.85,35,North Carolina,Ensemble
2026-05-02,37,0,wk inc flu hosp,2026-05-02,quantile,0.9,41,North Carolina,Ensemble
2026-05-02,37,0,wk inc flu hosp,2026-05-02,quantile,0.95,55,North Carolina,Ensemble
2026-05-02,37,0,wk inc flu hosp,2026-05-02,quantile,0.975,72,North Carolina,Ensemble
2026-05-02,37,0,wk inc flu hosp,2026-05-02,quantile,0.99,95,North Carolina,Ensemble
2026-05-02,37,1,wk inc flu hosp,2026-05-09,quantile,0.01,1,North Carolina,Ensemble
2026-05-02,37,1,wk inc flu hosp,2026-05-09,quantile,0.025,1,North Carolina,Ensemble
2026-05-02,37,1,wk inc flu hosp,2026-05-09,quantile,0.05,2,North Carolina,Ensemble
2026-05-02,37,1,wk inc flu hosp,2026-05-09,quantile,0.1,3,North Carolina,Ensemble
2026-05-02,37,1,wk inc flu hosp,2026-05-09,quantile,0.15,4,North Carolina,Ensemble
2026-05-02,37,1,wk inc flu hosp,2026-05-09,quantile,0.2,5,North Carolina,Ensemble
2026-05-02,37,1,wk inc flu hosp,2026-05-09,quantile,0.25,6,North Carolina,Ensemble
2026-05-02,37,1,wk inc flu hosp,2026-05-09,quantile,0.3,7,North Carolina,Ensemble
2026-05-02,37,1,wk inc flu hosp,2026-05-09,quantile,0.35,8,North Carolina,Ensemble
2026-05-02,37,1,wk inc flu hosp,2026-05-09,quantile,0.4,9,North Carolina,Ensemble
2026-05-02,37,1,wk inc flu hosp,2026-05-09,quantile,0.45,11,North Carolina,Ensemble
2026-05-02,37,1,wk inc flu hosp,2026-05-09,quantile,0.5,13,North Carolina,Ensemble
2026-05-02,37,1,wk inc flu hosp,2026-05-09,quantile,0.55,16,North Carolina,Ensemble
2026-05-02,37,1,wk inc flu hosp,2026-05-09,quantile,0.6,18,North Carolina,Ensemble
2026-05-02,37,1,wk inc flu hosp,2026-05-09,quantile,0.65,21,North Carolina,Ensemble
2026-05-02,37,1,wk inc flu hosp,2026-05-09,quantile,0.7,24,North Carolina,Ensemble
2026-05-02,37,1,wk inc flu hosp,2026-05-09,quantile,0.75,27,North Carolina,Ensemble
2026-05-02,37,1,wk inc flu hosp,2026-05-09,quantile,0.8,33,North Carolina,Ensemble
2026-05-02,37,1,wk inc flu hosp,2026-05-09,quantile,0.85,39,North Carolina,Ensemble
2026-05-02,37,1,wk inc flu hosp,2026-05-09,quantile,0.9,49,North Carolina,Ensemble
2026-05-02,37,1,wk inc flu hosp,2026-05-09,quantile,0.95,71,North Carolina,Ensemble
2026-05-02,37,1,wk inc flu hosp,2026-05-09,quantile,0.975,95,North Carolina,Ensemble
2026-05-02,37,1,wk inc flu hosp,2026-05-09,quantile,0.99,126,North Carolina,Ensemble
2026-05-02,37,2,wk inc flu hosp,2026-05-16,quantile,0.01,1,North Carolina,Ensemble
2026-05-02,37,2,wk inc flu hosp,2026-05-16,quantile,0.025,1,North Carolina,Ensemble
2026-05-02,37,2,wk inc flu hosp,2026-05-16,quantile,0.05,1,North Carolina,Ensemble
2026-05-02,37,2,wk inc flu hosp,2026-05-16,quantile,0.1,2,North Carolina,Ensemble
2026-05-02,37,2,wk inc flu hosp,2026-05-16,quantile,0.15,3,North Carolina,Ensemble
2026-05-02,37,2,wk inc flu hosp,2026-05-16,quantile,0.2,4,North Carolina,Ensemble
2026-05-02,37,2,wk inc flu hosp,2026-05-16,quantile,0.25,5,North Carolina,Ensemble
2026-05-02,37,2,wk inc flu hosp,2026-05-16,quantile,0.3,6,North Carolina,Ensemble
2026-05-02,37,2,wk inc flu hosp,2026-05-16,quantile,0.35,7,North Carolina,Ensemble
2026-05-02,37,2,wk inc flu hosp,2026-05-16,quantile,0.4,8,North Carolina,Ensemble
2026-05-02,37,2,wk inc flu hosp,2026-05-16,quantile,0.45,9,North Carolina,Ensemble
2026-05-02,37,2,wk inc flu hosp,2026-05-16,quantile,0.5,12,North Carolina,Ensemble
2026-05-02,37,2,wk inc flu hosp,2026-05-16,quantile,0.55,14,North Carolina,Ensemble
2026-05-02,37,2,wk inc flu hosp,2026-05-16,quantile,0.6,17,North Carolina,Ensemble
2026-05-02,37,2,wk inc flu hosp,2026-05-16,quantile,0.65,20,North Carolina,Ensemble
2026-05-02,37,2,wk inc flu hosp,2026-05-16,quantile,0.7,23,North Carolina,Ensemble
2026-05-02,37,2,wk inc flu hosp,2026-05-16,quantile,0.75,27,North Carolina,Ensemble
2026-05-02,37,2,wk inc flu hosp,2026-05-16,quantile,0.8,34,North Carolina,Ensemble
2026-05-02,37,2,wk inc flu hosp,2026-05-16,quantile,0.85,43,North Carolina,Ensemble
2026-05-02,37,2,wk inc flu hosp,2026-05-16,quantile,0.9,58,North Carolina,Ensemble
2026-05-02,37,2,wk inc flu hosp,2026-05-16,quantile,0.95,88,North Carolina,Ensemble
2026-05-02,37,2,wk inc flu hosp,2026-05-16,quantile,0.975,119,North Carolina,Ensemble
2026-05-02,37,2,wk inc flu hosp,2026-05-16,quantile,0.99,162,North Carolina,Ensemble
2026-05-02,37,3,wk inc flu hosp,2026-05-23,quantile,0.01,1,North Carolina,Ensemble
2026-05-02,37,3,wk inc flu hosp,2026-05-23,quantile,0.025,1,North Carolina,Ensemble
2026-05-02,37,3,wk inc flu hosp,2026-05-23,quantile,0.05,1,North Carolina,Ensemble
2026-05-02,37,3,wk inc flu hosp,2026-05-23,quantile,0.1,2,North Carolina,Ensemble
2026-05-02,37,3,wk inc flu hosp,2026-05-23,quantile,0.15,2,North Carolina,Ensemble
2026-05-02,37,3,wk inc flu hosp,2026-05-23,quantile,0.2,3,North Carolina,Ensemble
2026-05-02,37,3,wk inc flu hosp,2026-05-23,quantile,0.25,4,North Carolina,Ensemble
2026-05-02,37,3,wk inc flu hosp,2026-05-23,quantile,0.3,5,North Carolina,Ensemble
2026-05-02,37,3,wk inc flu hosp,2026-05-23,quantile,0.35,6,North Carolina,Ensemble
2026-05-02,37,3,wk inc flu hosp,2026-05-23,quantile,0.4,7,North Carolina,Ensemble
2026-05-02,37,3,wk inc flu hosp,2026-05-23,quantile,0.45,8,North Carolina,Ensemble
2026-05-02,37,3,wk inc flu hosp,2026-05-23,quantile,0.5,10,North Carolina,Ensemble
2026-05-02,37,3,wk inc flu hosp,2026-05-23,quantile,0.55,12,North Carolina,Ensemble
2026-05-02,37,3,wk inc flu hosp,2026-05-23,quantile,0.6,15,North Carolina,Ensemble
2026-05-02,37,3,wk inc flu hosp,2026-05-23,quantile,0.65,18,North Carolina,Ensemble
2026-05-02,37,3,wk inc flu hosp,2026-05-23,quantile,0.7,22,North Carolina,Ensemble
2026-05-02,37,3,wk inc flu hosp,2026-05-23,quantile,0.75,27,North Carolina,Ensemble
2026-05-02,37,3,wk inc flu hosp,2026-05-23,quantile,0.8,34,North Carolina,Ensemble
2026-05-02,37,3,wk inc flu hosp,2026-05-23,quantile,0.85,46,North Carolina,Ensemble
2026-05-02,37,3,wk inc flu hosp,2026-05-23,quantile,0.9,64,North Carolina,Ensemble
2026-05-02,37,3,wk inc flu hosp,2026-05-23,quantile,0.95,99,North Carolina,Ensemble
2026-05-02,37,3,wk inc flu hosp,2026-05-23,quantile,0.975,136,North Carolina,Ensemble
2026-05-02,37,3,wk inc flu hosp,2026-05-23,quantile,0.99,189,North Carolina,Ensemble
2026-05-02,38,0,wk inc flu hosp,2026-05-02,quantile,0.01,0,North Dakota,Ensemble
2026-05-02,38,0,wk inc flu hosp,2026-05-02,quantile,0.025,0,North Dakota,Ensemble
2026-05-02,38,0,wk inc flu hosp,2026-05-02,quantile,0.05,0,North Dakota,Ensemble
2026-05-02,38,0,wk inc flu hosp,2026-05-02,quantile,0.1,0,North Dakota,Ensemble
2026-05-02,38,0,wk inc flu hosp,2026-05-02,quantile,0.15,0,North Dakota,Ensemble
2026-05-02,38,0,wk inc flu hosp,2026-05-02,quantile,0.2,1,North Dakota,Ensemble
2026-05-02,38,0,wk inc flu hosp,2026-05-02,quantile,0.25,1,North Dakota,Ensemble
2026-05-02,38,0,wk inc flu hosp,2026-05-02,quantile,0.3,1,North Dakota,Ensemble
2026-05-02,38,0,wk inc flu hosp,2026-05-02,quantile,0.35,1,North Dakota,Ensemble
2026-05-02,38,0,wk inc flu hosp,2026-05-02,quantile,0.4,2,North Dakota,Ensemble
2026-05-02,38,0,wk inc flu hosp,2026-05-02,quantile,0.45,2,North Dakota,Ensemble
2026-05-02,38,0,wk inc flu hosp,2026-05-02,quantile,0.5,3,North Dakota,Ensemble
2026-05-02,38,0,wk inc flu hosp,2026-05-02,quantile,0.55,4,North Dakota,Ensemble
2026-05-02,38,0,wk inc flu hosp,2026-05-02,quantile,0.6,4,North Dakota,Ensemble
2026-05-02,38,0,wk inc flu hosp,2026-05-02,quantile,0.65,5,North Dakota,Ensemble
2026-05-02,38,0,wk inc flu hosp,2026-05-02,quantile,0.7,5,North Dakota,Ensemble
2026-05-02,38,0,wk inc flu hosp,2026-05-02,quantile,0.75,6,North Dakota,Ensemble
2026-05-02,38,0,wk inc flu hosp,2026-05-02,quantile,0.8,6,North Dakota,Ensemble
2026-05-02,38,0,wk inc flu hosp,2026-05-02,quantile,0.85,7,North Dakota,Ensemble
2026-05-02,38,0,wk inc flu hosp,2026-05-02,quantile,0.9,9,North Dakota,Ensemble
2026-05-02,38,0,wk inc flu hosp,2026-05-02,quantile,0.95,11,North Dakota,Ensemble
2026-05-02,38,0,wk inc flu hosp,2026-05-02,quantile,0.975,13,North Dakota,Ensemble
2026-05-02,38,0,wk inc flu hosp,2026-05-02,quantile,0.99,17,North Dakota,Ensemble
2026-05-02,38,1,wk inc flu hosp,2026-05-09,quantile,0.01,0,North Dakota,Ensemble
2026-05-02,38,1,wk inc flu hosp,2026-05-09,quantile,0.025,0,North Dakota,Ensemble
2026-05-02,38,1,wk inc flu hosp,2026-05-09,quantile,0.05,0,North Dakota,Ensemble
2026-05-02,38,1,wk inc flu hosp,2026-05-09,quantile,0.1,0,North Dakota,Ensemble
2026-05-02,38,1,wk inc flu hosp,2026-05-09,quantile,0.15,0,North Dakota,Ensemble
2026-05-02,38,1,wk inc flu hosp,2026-05-09,quantile,0.2,0,North Dakota,Ensemble
2026-05-02,38,1,wk inc flu hosp,2026-05-09,quantile,0.25,1,North Dakota,Ensemble
2026-05-02,38,1,wk inc flu hosp,2026-05-09,quantile,0.3,1,North Dakota,Ensemble
2026-05-02,38,1,wk inc flu hosp,2026-05-09,quantile,0.35,1,North Dakota,Ensemble
2026-05-02,38,1,wk inc flu hosp,2026-05-09,quantile,0.4,1,North Dakota,Ensemble
2026-05-02,38,1,wk inc flu hosp,2026-05-09,quantile,0.45,1,North Dakota,Ensemble
2026-05-02,38,1,wk inc flu hosp,2026-05-09,quantile,0.5,3,North Dakota,Ensemble
2026-05-02,38,1,wk inc flu hosp,2026-05-09,quantile,0.55,3,North Dakota,Ensemble
2026-05-02,38,1,wk inc flu hosp,2026-05-09,quantile,0.6,4,North Dakota,Ensemble
2026-05-02,38,1,wk inc flu hosp,2026-05-09,quantile,0.65,4,North Dakota,Ensemble
2026-05-02,38,1,wk inc flu hosp,2026-05-09,quantile,0.7,5,North Dakota,Ensemble
2026-05-02,38,1,wk inc flu hosp,2026-05-09,quantile,0.75,5,North Dakota,Ensemble
2026-05-02,38,1,wk inc flu hosp,2026-05-09,quantile,0.8,6,North Dakota,Ensemble
2026-05-02,38,1,wk inc flu hosp,2026-05-09,quantile,0.85,7,North Dakota,Ensemble
2026-05-02,38,1,wk inc flu hosp,2026-05-09,quantile,0.9,8,North Dakota,Ensemble
2026-05-02,38,1,wk inc flu hosp,2026-05-09,quantile,0.95,11,North Dakota,Ensemble
2026-05-02,38,1,wk inc flu hosp,2026-05-09,quantile,0.975,14,North Dakota,Ensemble
2026-05-02,38,1,wk inc flu hosp,2026-05-09,quantile,0.99,17,North Dakota,Ensemble
2026-05-02,38,2,wk inc flu hosp,2026-05-16,quantile,0.01,0,North Dakota,Ensemble
2026-05-02,38,2,wk inc flu hosp,2026-05-16,quantile,0.025,0,North Dakota,Ensemble
2026-05-02,38,2,wk inc flu hosp,2026-05-16,quantile,0.05,0,North Dakota,Ensemble
2026-05-02,38,2,wk inc flu hosp,2026-05-16,quantile,0.1,0,North Dakota,Ensemble
2026-05-02,38,2,wk inc flu hosp,2026-05-16,quantile,0.15,0,North Dakota,Ensemble
2026-05-02,38,2,wk inc flu hosp,2026-05-16,quantile,0.2,0,North Dakota,Ensemble
2026-05-02,38,2,wk inc flu hosp,2026-05-16,quantile,0.25,0,North Dakota,Ensemble
2026-05-02,38,2,wk inc flu hosp,2026-05-16,quantile,0.3,0,North Dakota,Ensemble
2026-05-02,38,2,wk inc flu hosp,2026-05-16,quantile,0.35,1,North Dakota,Ensemble
2026-05-02,38,2,wk inc flu hosp,2026-05-16,quantile,0.4,1,North Dakota,Ensemble
2026-05-02,38,2,wk inc flu hosp,2026-05-16,quantile,0.45,1,North Dakota,Ensemble
2026-05-02,38,2,wk inc flu hosp,2026-05-16,quantile,0.5,2,North Dakota,Ensemble
2026-05-02,38,2,wk inc flu hosp,2026-05-16,quantile,0.55,3,North Dakota,Ensemble
2026-05-02,38,2,wk inc flu hosp,2026-05-16,quantile,0.6,3,North Dakota,Ensemble
2026-05-02,38,2,wk inc flu hosp,2026-05-16,quantile,0.65,4,North Dakota,Ensemble
2026-05-02,38,2,wk inc flu hosp,2026-05-16,quantile,0.7,4,North Dakota,Ensemble
2026-05-02,38,2,wk inc flu hosp,2026-05-16,quantile,0.75,5,North Dakota,Ensemble
2026-05-02,38,2,wk inc flu hosp,2026-05-16,quantile,0.8,6,North Dakota,Ensemble
2026-05-02,38,2,wk inc flu hosp,2026-05-16,quantile,0.85,7,North Dakota,Ensemble
2026-05-02,38,2,wk inc flu hosp,2026-05-16,quantile,0.9,9,North Dakota,Ensemble
2026-05-02,38,2,wk inc flu hosp,2026-05-16,quantile,0.95,11,North Dakota,Ensemble
2026-05-02,38,2,wk inc flu hosp,2026-05-16,quantile,0.975,14,North Dakota,Ensemble
2026-05-02,38,2,wk inc flu hosp,2026-05-16,quantile,0.99,19,North Dakota,Ensemble
2026-05-02,38,3,wk inc flu hosp,2026-05-23,quantile,0.01,0,North Dakota,Ensemble
2026-05-02,38,3,wk inc flu hosp,2026-05-23,quantile,0.025,0,North Dakota,Ensemble
2026-05-02,38,3,wk inc flu hosp,2026-05-23,quantile,0.05,0,North Dakota,Ensemble
2026-05-02,38,3,wk inc flu hosp,2026-05-23,quantile,0.1,0,North Dakota,Ensemble
2026-05-02,38,3,wk inc flu hosp,2026-05-23,quantile,0.15,0,North Dakota,Ensemble
2026-05-02,38,3,wk inc flu hosp,2026-05-23,quantile,0.2,0,North Dakota,Ensemble
2026-05-02,38,3,wk inc flu hosp,2026-05-23,quantile,0.25,0,North Dakota,Ensemble
2026-05-02,38,3,wk inc flu hosp,2026-05-23,quantile,0.3,0,North Dakota,Ensemble
2026-05-02,38,3,wk inc flu hosp,2026-05-23,quantile,0.35,0,North Dakota,Ensemble
2026-05-02,38,3,wk inc flu hosp,2026-05-23,quantile,0.4,1,North Dakota,Ensemble
2026-05-02,38,3,wk inc flu hosp,2026-05-23,quantile,0.45,1,North Dakota,Ensemble
2026-05-02,38,3,wk inc flu hosp,2026-05-23,quantile,0.5,2,North Dakota,Ensemble
2026-05-02,38,3,wk inc flu hosp,2026-05-23,quantile,0.55,3,North Dakota,Ensemble
2026-05-02,38,3,wk inc flu hosp,2026-05-23,quantile,0.6,3,North Dakota,Ensemble
2026-05-02,38,3,wk inc flu hosp,2026-05-23,quantile,0.65,4,North Dakota,Ensemble
2026-05-02,38,3,wk inc flu hosp,2026-05-23,quantile,0.7,4,North Dakota,Ensemble
2026-05-02,38,3,wk inc flu hosp,2026-05-23,quantile,0.75,5,North Dakota,Ensemble
2026-05-02,38,3,wk inc flu hosp,2026-05-23,quantile,0.8,6,North Dakota,Ensemble
2026-05-02,38,3,wk inc flu hosp,2026-05-23,quantile,0.85,7,North Dakota,Ensemble
2026-05-02,38,3,wk inc flu hosp,2026-05-23,quantile,0.9,9,North Dakota,Ensemble
2026-05-02,38,3,wk inc flu hosp,2026-05-23,quantile,0.95,12,North Dakota,Ensemble
2026-05-02,38,3,wk inc flu hosp,2026-05-23,quantile,0.975,15,North Dakota,Ensemble
2026-05-02,38,3,wk inc flu hosp,2026-05-23,quantile,0.99,21,North Dakota,Ensemble
2026-05-02,39,0,wk inc flu hosp,2026-05-02,quantile,0.01,5,Ohio,Ensemble
2026-05-02,39,0,wk inc flu hosp,2026-05-02,quantile,0.025,6,Ohio,Ensemble
2026-05-02,39,0,wk inc flu hosp,2026-05-02,quantile,0.05,8,Ohio,Ensemble
2026-05-02,39,0,wk inc flu hosp,2026-05-02,quantile,0.1,10,Ohio,Ensemble
2026-05-02,39,0,wk inc flu hosp,2026-05-02,quantile,0.15,12,Ohio,Ensemble
2026-05-02,39,0,wk inc flu hosp,2026-05-02,quantile,0.2,13,Ohio,Ensemble
2026-05-02,39,0,wk inc flu hosp,2026-05-02,quantile,0.25,15,Ohio,Ensemble
2026-05-02,39,0,wk inc flu hosp,2026-05-02,quantile,0.3,17,Ohio,Ensemble
2026-05-02,39,0,wk inc flu hosp,2026-05-02,quantile,0.35,19,Ohio,Ensemble
2026-05-02,39,0,wk inc flu hosp,2026-05-02,quantile,0.4,22,Ohio,Ensemble
2026-05-02,39,0,wk inc flu hosp,2026-05-02,quantile,0.45,24,Ohio,Ensemble
2026-05-02,39,0,wk inc flu hosp,2026-05-02,quantile,0.5,27,Ohio,Ensemble
2026-05-02,39,0,wk inc flu hosp,2026-05-02,quantile,0.55,30,Ohio,Ensemble
2026-05-02,39,0,wk inc flu hosp,2026-05-02,quantile,0.6,33,Ohio,Ensemble
2026-05-02,39,0,wk inc flu hosp,2026-05-02,quantile,0.65,36,Ohio,Ensemble
2026-05-02,39,0,wk inc flu hosp,2026-05-02,quantile,0.7,39,Ohio,Ensemble
2026-05-02,39,0,wk inc flu hosp,2026-05-02,quantile,0.75,43,Ohio,Ensemble
2026-05-02,39,0,wk inc flu hosp,2026-05-02,quantile,0.8,47,Ohio,Ensemble
2026-05-02,39,0,wk inc flu hosp,2026-05-02,quantile,0.85,54,Ohio,Ensemble
2026-05-02,39,0,wk inc flu hosp,2026-05-02,quantile,0.9,62,Ohio,Ensemble
2026-05-02,39,0,wk inc flu hosp,2026-05-02,quantile,0.95,77,Ohio,Ensemble
2026-05-02,39,0,wk inc flu hosp,2026-05-02,quantile,0.975,93,Ohio,Ensemble
2026-05-02,39,0,wk inc flu hosp,2026-05-02,quantile,0.99,119,Ohio,Ensemble
2026-05-02,39,1,wk inc flu hosp,2026-05-09,quantile,0.01,3,Ohio,Ensemble
2026-05-02,39,1,wk inc flu hosp,2026-05-09,quantile,0.025,4,Ohio,Ensemble
2026-05-02,39,1,wk inc flu hosp,2026-05-09,quantile,0.05,5,Ohio,Ensemble
2026-05-02,39,1,wk inc flu hosp,2026-05-09,quantile,0.1,7,Ohio,Ensemble
2026-05-02,39,1,wk inc flu hosp,2026-05-09,quantile,0.15,8,Ohio,Ensemble
2026-05-02,39,1,wk inc flu hosp,2026-05-09,quantile,0.2,10,Ohio,Ensemble
2026-05-02,39,1,wk inc flu hosp,2026-05-09,quantile,0.25,11,Ohio,Ensemble
2026-05-02,39,1,wk inc flu hosp,2026-05-09,quantile,0.3,12,Ohio,Ensemble
2026-05-02,39,1,wk inc flu hosp,2026-05-09,quantile,0.35,14,Ohio,Ensemble
2026-05-02,39,1,wk inc flu hosp,2026-05-09,quantile,0.4,16,Ohio,Ensemble
2026-05-02,39,1,wk inc flu hosp,2026-05-09,quantile,0.45,18,Ohio,Ensemble
2026-05-02,39,1,wk inc flu hosp,2026-05-09,quantile,0.5,22,Ohio,Ensemble
2026-05-02,39,1,wk inc flu hosp,2026-05-09,quantile,0.55,25,Ohio,Ensemble
2026-05-02,39,1,wk inc flu hosp,2026-05-09,quantile,0.6,29,Ohio,Ensemble
2026-05-02,39,1,wk inc flu hosp,2026-05-09,quantile,0.65,32,Ohio,Ensemble
2026-05-02,39,1,wk inc flu hosp,2026-05-09,quantile,0.7,36,Ohio,Ensemble
2026-05-02,39,1,wk inc flu hosp,2026-05-09,quantile,0.75,41,Ohio,Ensemble
2026-05-02,39,1,wk inc flu hosp,2026-05-09,quantile,0.8,47,Ohio,Ensemble
2026-05-02,39,1,wk inc flu hosp,2026-05-09,quantile,0.85,55,Ohio,Ensemble
2026-05-02,39,1,wk inc flu hosp,2026-05-09,quantile,0.9,66,Ohio,Ensemble
2026-05-02,39,1,wk inc flu hosp,2026-05-09,quantile,0.95,87,Ohio,Ensemble
2026-05-02,39,1,wk inc flu hosp,2026-05-09,quantile,0.975,110,Ohio,Ensemble
2026-05-02,39,1,wk inc flu hosp,2026-05-09,quantile,0.99,145,Ohio,Ensemble
2026-05-02,39,2,wk inc flu hosp,2026-05-16,quantile,0.01,2,Ohio,Ensemble
2026-05-02,39,2,wk inc flu hosp,2026-05-16,quantile,0.025,3,Ohio,Ensemble
2026-05-02,39,2,wk inc flu hosp,2026-05-16,quantile,0.05,4,Ohio,Ensemble
2026-05-02,39,2,wk inc flu hosp,2026-05-16,quantile,0.1,5,Ohio,Ensemble
2026-05-02,39,2,wk inc flu hosp,2026-05-16,quantile,0.15,7,Ohio,Ensemble
2026-05-02,39,2,wk inc flu hosp,2026-05-16,quantile,0.2,8,Ohio,Ensemble
2026-05-02,39,2,wk inc flu hosp,2026-05-16,quantile,0.25,9,Ohio,Ensemble
2026-05-02,39,2,wk inc flu hosp,2026-05-16,quantile,0.3,10,Ohio,Ensemble
2026-05-02,39,2,wk inc flu hosp,2026-05-16,quantile,0.35,12,Ohio,Ensemble
2026-05-02,39,2,wk inc flu hosp,2026-05-16,quantile,0.4,13,Ohio,Ensemble
2026-05-02,39,2,wk inc flu hosp,2026-05-16,quantile,0.45,15,Ohio,Ensemble
2026-05-02,39,2,wk inc flu hosp,2026-05-16,quantile,0.5,19,Ohio,Ensemble
2026-05-02,39,2,wk inc flu hosp,2026-05-16,quantile,0.55,23,Ohio,Ensemble
2026-05-02,39,2,wk inc flu hosp,2026-05-16,quantile,0.6,27,Ohio,Ensemble
2026-05-02,39,2,wk inc flu hosp,2026-05-16,quantile,0.65,32,Ohio,Ensemble
2026-05-02,39,2,wk inc flu hosp,2026-05-16,quantile,0.7,37,Ohio,Ensemble
2026-05-02,39,2,wk inc flu hosp,2026-05-16,quantile,0.75,43,Ohio,Ensemble
2026-05-02,39,2,wk inc flu hosp,2026-05-16,quantile,0.8,51,Ohio,Ensemble
2026-05-02,39,2,wk inc flu hosp,2026-05-16,quantile,0.85,61,Ohio,Ensemble
2026-05-02,39,2,wk inc flu hosp,2026-05-16,quantile,0.9,76,Ohio,Ensemble
2026-05-02,39,2,wk inc flu hosp,2026-05-16,quantile,0.95,105,Ohio,Ensemble
2026-05-02,39,2,wk inc flu hosp,2026-05-16,quantile,0.975,135,Ohio,Ensemble
2026-05-02,39,2,wk inc flu hosp,2026-05-16,quantile,0.99,181,Ohio,Ensemble
2026-05-02,39,3,wk inc flu hosp,2026-05-23,quantile,0.01,2,Ohio,Ensemble
2026-05-02,39,3,wk inc flu hosp,2026-05-23,quantile,0.025,2,Ohio,Ensemble
2026-05-02,39,3,wk inc flu hosp,2026-05-23,quantile,0.05,3,Ohio,Ensemble
2026-05-02,39,3,wk inc flu hosp,2026-05-23,quantile,0.1,4,Ohio,Ensemble
2026-05-02,39,3,wk inc flu hosp,2026-05-23,quantile,0.15,5,Ohio,Ensemble
2026-05-02,39,3,wk inc flu hosp,2026-05-23,quantile,0.2,6,Ohio,Ensemble
2026-05-02,39,3,wk inc flu hosp,2026-05-23,quantile,0.25,7,Ohio,Ensemble
2026-05-02,39,3,wk inc flu hosp,2026-05-23,quantile,0.3,8,Ohio,Ensemble
2026-05-02,39,3,wk inc flu hosp,2026-05-23,quantile,0.35,10,Ohio,Ensemble
2026-05-02,39,3,wk inc flu hosp,2026-05-23,quantile,0.4,11,Ohio,Ensemble
2026-05-02,39,3,wk inc flu hosp,2026-05-23,quantile,0.45,13,Ohio,Ensemble
2026-05-02,39,3,wk inc flu hosp,2026-05-23,quantile,0.5,16,Ohio,Ensemble
2026-05-02,39,3,wk inc flu hosp,2026-05-23,quantile,0.55,20,Ohio,Ensemble
2026-05-02,39,3,wk inc flu hosp,2026-05-23,quantile,0.6,25,Ohio,Ensemble
2026-05-02,39,3,wk inc flu hosp,2026-05-23,quantile,0.65,31,Ohio,Ensemble
2026-05-02,39,3,wk inc flu hosp,2026-05-23,quantile,0.7,37,Ohio,Ensemble
2026-05-02,39,3,wk inc flu hosp,2026-05-23,quantile,0.75,44,Ohio,Ensemble
2026-05-02,39,3,wk inc flu hosp,2026-05-23,quantile,0.8,54,Ohio,Ensemble
2026-05-02,39,3,wk inc flu hosp,2026-05-23,quantile,0.85,65,Ohio,Ensemble
2026-05-02,39,3,wk inc flu hosp,2026-05-23,quantile,0.9,84,Ohio,Ensemble
2026-05-02,39,3,wk inc flu hosp,2026-05-23,quantile,0.95,118,Ohio,Ensemble
2026-05-02,39,3,wk inc flu hosp,2026-05-23,quantile,0.975,158,Ohio,Ensemble
2026-05-02,39,3,wk inc flu hosp,2026-05-23,quantile,0.99,215,Ohio,Ensemble
2026-05-02,40,0,wk inc flu hosp,2026-05-02,quantile,0.01,1,Oklahoma,Ensemble
2026-05-02,40,0,wk inc flu hosp,2026-05-02,quantile,0.025,1,Oklahoma,Ensemble
2026-05-02,40,0,wk inc flu hosp,2026-05-02,quantile,0.05,2,Oklahoma,Ensemble
2026-05-02,40,0,wk inc flu hosp,2026-05-02,quantile,0.1,2,Oklahoma,Ensemble
2026-05-02,40,0,wk inc flu hosp,2026-05-02,quantile,0.15,3,Oklahoma,Ensemble
2026-05-02,40,0,wk inc flu hosp,2026-05-02,quantile,0.2,4,Oklahoma,Ensemble
2026-05-02,40,0,wk inc flu hosp,2026-05-02,quantile,0.25,4,Oklahoma,Ensemble
2026-05-02,40,0,wk inc flu hosp,2026-05-02,quantile,0.3,5,Oklahoma,Ensemble
2026-05-02,40,0,wk inc flu hosp,2026-05-02,quantile,0.35,5,Oklahoma,Ensemble
2026-05-02,40,0,wk inc flu hosp,2026-05-02,quantile,0.4,6,Oklahoma,Ensemble
2026-05-02,40,0,wk inc flu hosp,2026-05-02,quantile,0.45,7,Oklahoma,Ensemble
2026-05-02,40,0,wk inc flu hosp,2026-05-02,quantile,0.5,9,Oklahoma,Ensemble
2026-05-02,40,0,wk inc flu hosp,2026-05-02,quantile,0.55,10,Oklahoma,Ensemble
2026-05-02,40,0,wk inc flu hosp,2026-05-02,quantile,0.6,11,Oklahoma,Ensemble
2026-05-02,40,0,wk inc flu hosp,2026-05-02,quantile,0.65,12,Oklahoma,Ensemble
2026-05-02,40,0,wk inc flu hosp,2026-05-02,quantile,0.7,13,Oklahoma,Ensemble
2026-05-02,40,0,wk inc flu hosp,2026-05-02,quantile,0.75,15,Oklahoma,Ensemble
2026-05-02,40,0,wk inc flu hosp,2026-05-02,quantile,0.8,16,Oklahoma,Ensemble
2026-05-02,40,0,wk inc flu hosp,2026-05-02,quantile,0.85,19,Oklahoma,Ensemble
2026-05-02,40,0,wk inc flu hosp,2026-05-02,quantile,0.9,22,Oklahoma,Ensemble
2026-05-02,40,0,wk inc flu hosp,2026-05-02,quantile,0.95,27,Oklahoma,Ensemble
2026-05-02,40,0,wk inc flu hosp,2026-05-02,quantile,0.975,32,Oklahoma,Ensemble
2026-05-02,40,0,wk inc flu hosp,2026-05-02,quantile,0.99,40,Oklahoma,Ensemble
2026-05-02,40,1,wk inc flu hosp,2026-05-09,quantile,0.01,0,Oklahoma,Ensemble
2026-05-02,40,1,wk inc flu hosp,2026-05-09,quantile,0.025,1,Oklahoma,Ensemble
2026-05-02,40,1,wk inc flu hosp,2026-05-09,quantile,0.05,1,Oklahoma,Ensemble
2026-05-02,40,1,wk inc flu hosp,2026-05-09,quantile,0.1,1,Oklahoma,Ensemble
2026-05-02,40,1,wk inc flu hosp,2026-05-09,quantile,0.15,2,Oklahoma,Ensemble
2026-05-02,40,1,wk inc flu hosp,2026-05-09,quantile,0.2,2,Oklahoma,Ensemble
2026-05-02,40,1,wk inc flu hosp,2026-05-09,quantile,0.25,3,Oklahoma,Ensemble
2026-05-02,40,1,wk inc flu hosp,2026-05-09,quantile,0.3,4,Oklahoma,Ensemble
2026-05-02,40,1,wk inc flu hosp,2026-05-09,quantile,0.35,4,Oklahoma,Ensemble
2026-05-02,40,1,wk inc flu hosp,2026-05-09,quantile,0.4,5,Oklahoma,Ensemble
2026-05-02,40,1,wk inc flu hosp,2026-05-09,quantile,0.45,6,Oklahoma,Ensemble
2026-05-02,40,1,wk inc flu hosp,2026-05-09,quantile,0.5,7,Oklahoma,Ensemble
2026-05-02,40,1,wk inc flu hosp,2026-05-09,quantile,0.55,8,Oklahoma,Ensemble
2026-05-02,40,1,wk inc flu hosp,2026-05-09,quantile,0.6,10,Oklahoma,Ensemble
2026-05-02,40,1,wk inc flu hosp,2026-05-09,quantile,0.65,11,Oklahoma,Ensemble
2026-05-02,40,1,wk inc flu hosp,2026-05-09,quantile,0.7,13,Oklahoma,Ensemble
2026-05-02,40,1,wk inc flu hosp,2026-05-09,quantile,0.75,14,Oklahoma,Ensemble
2026-05-02,40,1,wk inc flu hosp,2026-05-09,quantile,0.8,17,Oklahoma,Ensemble
2026-05-02,40,1,wk inc flu hosp,2026-05-09,quantile,0.85,19,Oklahoma,Ensemble
2026-05-02,40,1,wk inc flu hosp,2026-05-09,quantile,0.9,23,Oklahoma,Ensemble
2026-05-02,40,1,wk inc flu hosp,2026-05-09,quantile,0.95,30,Oklahoma,Ensemble
2026-05-02,40,1,wk inc flu hosp,2026-05-09,quantile,0.975,38,Oklahoma,Ensemble
2026-05-02,40,1,wk inc flu hosp,2026-05-09,quantile,0.99,49,Oklahoma,Ensemble
2026-05-02,40,2,wk inc flu hosp,2026-05-16,quantile,0.01,0,Oklahoma,Ensemble
2026-05-02,40,2,wk inc flu hosp,2026-05-16,quantile,0.025,0,Oklahoma,Ensemble
2026-05-02,40,2,wk inc flu hosp,2026-05-16,quantile,0.05,1,Oklahoma,Ensemble
2026-05-02,40,2,wk inc flu hosp,2026-05-16,quantile,0.1,1,Oklahoma,Ensemble
2026-05-02,40,2,wk inc flu hosp,2026-05-16,quantile,0.15,1,Oklahoma,Ensemble
2026-05-02,40,2,wk inc flu hosp,2026-05-16,quantile,0.2,2,Oklahoma,Ensemble
2026-05-02,40,2,wk inc flu hosp,2026-05-16,quantile,0.25,2,Oklahoma,Ensemble
2026-05-02,40,2,wk inc flu hosp,2026-05-16,quantile,0.3,3,Oklahoma,Ensemble
2026-05-02,40,2,wk inc flu hosp,2026-05-16,quantile,0.35,4,Oklahoma,Ensemble
2026-05-02,40,2,wk inc flu hosp,2026-05-16,quantile,0.4,4,Oklahoma,Ensemble
2026-05-02,40,2,wk inc flu hosp,2026-05-16,quantile,0.45,5,Oklahoma,Ensemble
2026-05-02,40,2,wk inc flu hosp,2026-05-16,quantile,0.5,7,Oklahoma,Ensemble
2026-05-02,40,2,wk inc flu hosp,2026-05-16,quantile,0.55,8,Oklahoma,Ensemble
2026-05-02,40,2,wk inc flu hosp,2026-05-16,quantile,0.6,9,Oklahoma,Ensemble
2026-05-02,40,2,wk inc flu hosp,2026-05-16,quantile,0.65,11,Oklahoma,Ensemble
2026-05-02,40,2,wk inc flu hosp,2026-05-16,quantile,0.7,12,Oklahoma,Ensemble
2026-05-02,40,2,wk inc flu hosp,2026-05-16,quantile,0.75,14,Oklahoma,Ensemble
2026-05-02,40,2,wk inc flu hosp,2026-05-16,quantile,0.8,17,Oklahoma,Ensemble
2026-05-02,40,2,wk inc flu hosp,2026-05-16,quantile,0.85,20,Oklahoma,Ensemble
2026-05-02,40,2,wk inc flu hosp,2026-05-16,quantile,0.9,25,Oklahoma,Ensemble
2026-05-02,40,2,wk inc flu hosp,2026-05-16,quantile,0.95,33,Oklahoma,Ensemble
2026-05-02,40,2,wk inc flu hosp,2026-05-16,quantile,0.975,42,Oklahoma,Ensemble
2026-05-02,40,2,wk inc flu hosp,2026-05-16,quantile,0.99,56,Oklahoma,Ensemble
2026-05-02,40,3,wk inc flu hosp,2026-05-23,quantile,0.01,0,Oklahoma,Ensemble
2026-05-02,40,3,wk inc flu hosp,2026-05-23,quantile,0.025,0,Oklahoma,Ensemble
2026-05-02,40,3,wk inc flu hosp,2026-05-23,quantile,0.05,0,Oklahoma,Ensemble
2026-05-02,40,3,wk inc flu hosp,2026-05-23,quantile,0.1,1,Oklahoma,Ensemble
2026-05-02,40,3,wk inc flu hosp,2026-05-23,quantile,0.15,1,Oklahoma,Ensemble
2026-05-02,40,3,wk inc flu hosp,2026-05-23,quantile,0.2,1,Oklahoma,Ensemble
2026-05-02,40,3,wk inc flu hosp,2026-05-23,quantile,0.25,2,Oklahoma,Ensemble
2026-05-02,40,3,wk inc flu hosp,2026-05-23,quantile,0.3,2,Oklahoma,Ensemble
2026-05-02,40,3,wk inc flu hosp,2026-05-23,quantile,0.35,3,Oklahoma,Ensemble
2026-05-02,40,3,wk inc flu hosp,2026-05-23,quantile,0.4,3,Oklahoma,Ensemble
2026-05-02,40,3,wk inc flu hosp,2026-05-23,quantile,0.45,4,Oklahoma,Ensemble
2026-05-02,40,3,wk inc flu hosp,2026-05-23,quantile,0.5,6,Oklahoma,Ensemble
2026-05-02,40,3,wk inc flu hosp,2026-05-23,quantile,0.55,7,Oklahoma,Ensemble
2026-05-02,40,3,wk inc flu hosp,2026-05-23,quantile,0.6,8,Oklahoma,Ensemble
2026-05-02,40,3,wk inc flu hosp,2026-05-23,quantile,0.65,10,Oklahoma,Ensemble
2026-05-02,40,3,wk inc flu hosp,2026-05-23,quantile,0.7,12,Oklahoma,Ensemble
2026-05-02,40,3,wk inc flu hosp,2026-05-23,quantile,0.75,14,Oklahoma,Ensemble
2026-05-02,40,3,wk inc flu hosp,2026-05-23,quantile,0.8,17,Oklahoma,Ensemble
2026-05-02,40,3,wk inc flu hosp,2026-05-23,quantile,0.85,20,Oklahoma,Ensemble
2026-05-02,40,3,wk inc flu hosp,2026-05-23,quantile,0.9,26,Oklahoma,Ensemble
2026-05-02,40,3,wk inc flu hosp,2026-05-23,quantile,0.95,35,Oklahoma,Ensemble
2026-05-02,40,3,wk inc flu hosp,2026-05-23,quantile,0.975,46,Oklahoma,Ensemble
2026-05-02,40,3,wk inc flu hosp,2026-05-23,quantile,0.99,63,Oklahoma,Ensemble
2026-05-02,41,0,wk inc flu hosp,2026-05-02,quantile,0.01,0,Oregon,Ensemble
2026-05-02,41,0,wk inc flu hosp,2026-05-02,quantile,0.025,1,Oregon,Ensemble
2026-05-02,41,0,wk inc flu hosp,2026-05-02,quantile,0.05,1,Oregon,Ensemble
2026-05-02,41,0,wk inc flu hosp,2026-05-02,quantile,0.1,2,Oregon,Ensemble
2026-05-02,41,0,wk inc flu hosp,2026-05-02,quantile,0.15,2,Oregon,Ensemble
2026-05-02,41,0,wk inc flu hosp,2026-05-02,quantile,0.2,3,Oregon,Ensemble
2026-05-02,41,0,wk inc flu hosp,2026-05-02,quantile,0.25,3,Oregon,Ensemble
2026-05-02,41,0,wk inc flu hosp,2026-05-02,quantile,0.3,4,Oregon,Ensemble
2026-05-02,41,0,wk inc flu hosp,2026-05-02,quantile,0.35,4,Oregon,Ensemble
2026-05-02,41,0,wk inc flu hosp,2026-05-02,quantile,0.4,5,Oregon,Ensemble
2026-05-02,41,0,wk inc flu hosp,2026-05-02,quantile,0.45,6,Oregon,Ensemble
2026-05-02,41,0,wk inc flu hosp,2026-05-02,quantile,0.5,7,Oregon,Ensemble
2026-05-02,41,0,wk inc flu hosp,2026-05-02,quantile,0.55,9,Oregon,Ensemble
2026-05-02,41,0,wk inc flu hosp,2026-05-02,quantile,0.6,10,Oregon,Ensemble
2026-05-02,41,0,wk inc flu hosp,2026-05-02,quantile,0.65,11,Oregon,Ensemble
2026-05-02,41,0,wk inc flu hosp,2026-05-02,quantile,0.7,12,Oregon,Ensemble
2026-05-02,41,0,wk inc flu hosp,2026-05-02,quantile,0.75,13,Oregon,Ensemble
2026-05-02,41,0,wk inc flu hosp,2026-05-02,quantile,0.8,15,Oregon,Ensemble
2026-05-02,41,0,wk inc flu hosp,2026-05-02,quantile,0.85,17,Oregon,Ensemble
2026-05-02,41,0,wk inc flu hosp,2026-05-02,quantile,0.9,19,Oregon,Ensemble
2026-05-02,41,0,wk inc flu hosp,2026-05-02,quantile,0.95,24,Oregon,Ensemble
2026-05-02,41,0,wk inc flu hosp,2026-05-02,quantile,0.975,29,Oregon,Ensemble
2026-05-02,41,0,wk inc flu hosp,2026-05-02,quantile,0.99,35,Oregon,Ensemble
2026-05-02,41,1,wk inc flu hosp,2026-05-09,quantile,0.01,0,Oregon,Ensemble
2026-05-02,41,1,wk inc flu hosp,2026-05-09,quantile,0.025,0,Oregon,Ensemble
2026-05-02,41,1,wk inc flu hosp,2026-05-09,quantile,0.05,1,Oregon,Ensemble
2026-05-02,41,1,wk inc flu hosp,2026-05-09,quantile,0.1,1,Oregon,Ensemble
2026-05-02,41,1,wk inc flu hosp,2026-05-09,quantile,0.15,1,Oregon,Ensemble
2026-05-02,41,1,wk inc flu hosp,2026-05-09,quantile,0.2,2,Oregon,Ensemble
2026-05-02,41,1,wk inc flu hosp,2026-05-09,quantile,0.25,2,Oregon,Ensemble
2026-05-02,41,1,wk inc flu hosp,2026-05-09,quantile,0.3,3,Oregon,Ensemble
2026-05-02,41,1,wk inc flu hosp,2026-05-09,quantile,0.35,3,Oregon,Ensemble
2026-05-02,41,1,wk inc flu hosp,2026-05-09,quantile,0.4,4,Oregon,Ensemble
2026-05-02,41,1,wk inc flu hosp,2026-05-09,quantile,0.45,4,Oregon,Ensemble
2026-05-02,41,1,wk inc flu hosp,2026-05-09,quantile,0.5,6,Oregon,Ensemble
2026-05-02,41,1,wk inc flu hosp,2026-05-09,quantile,0.55,7,Oregon,Ensemble
2026-05-02,41,1,wk inc flu hosp,2026-05-09,quantile,0.6,8,Oregon,Ensemble
2026-05-02,41,1,wk inc flu hosp,2026-05-09,quantile,0.65,10,Oregon,Ensemble
2026-05-02,41,1,wk inc flu hosp,2026-05-09,quantile,0.7,11,Oregon,Ensemble
2026-05-02,41,1,wk inc flu hosp,2026-05-09,quantile,0.75,13,Oregon,Ensemble
2026-05-02,41,1,wk inc flu hosp,2026-05-09,quantile,0.8,15,Oregon,Ensemble
2026-05-02,41,1,wk inc flu hosp,2026-05-09,quantile,0.85,18,Oregon,Ensemble
2026-05-02,41,1,wk inc flu hosp,2026-05-09,quantile,0.9,21,Oregon,Ensemble
2026-05-02,41,1,wk inc flu hosp,2026-05-09,quantile,0.95,28,Oregon,Ensemble
2026-05-02,41,1,wk inc flu hosp,2026-05-09,quantile,0.975,35,Oregon,Ensemble
2026-05-02,41,1,wk inc flu hosp,2026-05-09,quantile,0.99,45,Oregon,Ensemble
2026-05-02,41,2,wk inc flu hosp,2026-05-16,quantile,0.01,0,Oregon,Ensemble
2026-05-02,41,2,wk inc flu hosp,2026-05-16,quantile,0.025,0,Oregon,Ensemble
2026-05-02,41,2,wk inc flu hosp,2026-05-16,quantile,0.05,0,Oregon,Ensemble
2026-05-02,41,2,wk inc flu hosp,2026-05-16,quantile,0.1,1,Oregon,Ensemble
2026-05-02,41,2,wk inc flu hosp,2026-05-16,quantile,0.15,1,Oregon,Ensemble
2026-05-02,41,2,wk inc flu hosp,2026-05-16,quantile,0.2,1,Oregon,Ensemble
2026-05-02,41,2,wk inc flu hosp,2026-05-16,quantile,0.25,2,Oregon,Ensemble
2026-05-02,41,2,wk inc flu hosp,2026-05-16,quantile,0.3,2,Oregon,Ensemble
2026-05-02,41,2,wk inc flu hosp,2026-05-16,quantile,0.35,3,Oregon,Ensemble
2026-05-02,41,2,wk inc flu hosp,2026-05-16,quantile,0.4,3,Oregon,Ensemble
2026-05-02,41,2,wk inc flu hosp,2026-05-16,quantile,0.45,4,Oregon,Ensemble
2026-05-02,41,2,wk inc flu hosp,2026-05-16,quantile,0.5,6,Oregon,Ensemble
2026-05-02,41,2,wk inc flu hosp,2026-05-16,quantile,0.55,7,Oregon,Ensemble
2026-05-02,41,2,wk inc flu hosp,2026-05-16,quantile,0.6,8,Oregon,Ensemble
2026-05-02,41,2,wk inc flu hosp,2026-05-16,quantile,0.65,9,Oregon,Ensemble
2026-05-02,41,2,wk inc flu hosp,2026-05-16,quantile,0.7,11,Oregon,Ensemble
2026-05-02,41,2,wk inc flu hosp,2026-05-16,quantile,0.75,12,Oregon,Ensemble
2026-05-02,41,2,wk inc flu hosp,2026-05-16,quantile,0.8,15,Oregon,Ensemble
2026-05-02,41,2,wk inc flu hosp,2026-05-16,quantile,0.85,18,Oregon,Ensemble
2026-05-02,41,2,wk inc flu hosp,2026-05-16,quantile,0.9,22,Oregon,Ensemble
2026-05-02,41,2,wk inc flu hosp,2026-05-16,quantile,0.95,28,Oregon,Ensemble
2026-05-02,41,2,wk inc flu hosp,2026-05-16,quantile,0.975,36,Oregon,Ensemble
2026-05-02,41,2,wk inc flu hosp,2026-05-16,quantile,0.99,47,Oregon,Ensemble
2026-05-02,41,3,wk inc flu hosp,2026-05-23,quantile,0.01,0,Oregon,Ensemble
2026-05-02,41,3,wk inc flu hosp,2026-05-23,quantile,0.025,0,Oregon,Ensemble
2026-05-02,41,3,wk inc flu hosp,2026-05-23,quantile,0.05,0,Oregon,Ensemble
2026-05-02,41,3,wk inc flu hosp,2026-05-23,quantile,0.1,0,Oregon,Ensemble
2026-05-02,41,3,wk inc flu hosp,2026-05-23,quantile,0.15,1,Oregon,Ensemble
2026-05-02,41,3,wk inc flu hosp,2026-05-23,quantile,0.2,1,Oregon,Ensemble
2026-05-02,41,3,wk inc flu hosp,2026-05-23,quantile,0.25,1,Oregon,Ensemble
2026-05-02,41,3,wk inc flu hosp,2026-05-23,quantile,0.3,2,Oregon,Ensemble
2026-05-02,41,3,wk inc flu hosp,2026-05-23,quantile,0.35,3,Oregon,Ensemble
2026-05-02,41,3,wk inc flu hosp,2026-05-23,quantile,0.4,3,Oregon,Ensemble
2026-05-02,41,3,wk inc flu hosp,2026-05-23,quantile,0.45,4,Oregon,Ensemble
2026-05-02,41,3,wk inc flu hosp,2026-05-23,quantile,0.5,5,Oregon,Ensemble
2026-05-02,41,3,wk inc flu hosp,2026-05-23,quantile,0.55,6,Oregon,Ensemble
2026-05-02,41,3,wk inc flu hosp,2026-05-23,quantile,0.6,8,Oregon,Ensemble
2026-05-02,41,3,wk inc flu hosp,2026-05-23,quantile,0.65,9,Oregon,Ensemble
2026-05-02,41,3,wk inc flu hosp,2026-05-23,quantile,0.7,11,Oregon,Ensemble
2026-05-02,41,3,wk inc flu hosp,2026-05-23,quantile,0.75,13,Oregon,Ensemble
2026-05-02,41,3,wk inc flu hosp,2026-05-23,quantile,0.8,16,Oregon,Ensemble
2026-05-02,41,3,wk inc flu hosp,2026-05-23,quantile,0.85,19,Oregon,Ensemble
2026-05-02,41,3,wk inc flu hosp,2026-05-23,quantile,0.9,24,Oregon,Ensemble
2026-05-02,41,3,wk inc flu hosp,2026-05-23,quantile,0.95,33,Oregon,Ensemble
2026-05-02,41,3,wk inc flu hosp,2026-05-23,quantile,0.975,43,Oregon,Ensemble
2026-05-02,41,3,wk inc flu hosp,2026-05-23,quantile,0.99,57,Oregon,Ensemble
2026-05-02,42,0,wk inc flu hosp,2026-05-02,quantile,0.01,21,Pennsylvania,Ensemble
2026-05-02,42,0,wk inc flu hosp,2026-05-02,quantile,0.025,25,Pennsylvania,Ensemble
2026-05-02,42,0,wk inc flu hosp,2026-05-02,quantile,0.05,29,Pennsylvania,Ensemble
2026-05-02,42,0,wk inc flu hosp,2026-05-02,quantile,0.1,35,Pennsylvania,Ensemble
2026-05-02,42,0,wk inc flu hosp,2026-05-02,quantile,0.15,41,Pennsylvania,Ensemble
2026-05-02,42,0,wk inc flu hosp,2026-05-02,quantile,0.2,47,Pennsylvania,Ensemble
2026-05-02,42,0,wk inc flu hosp,2026-05-02,quantile,0.25,52,Pennsylvania,Ensemble
2026-05-02,42,0,wk inc flu hosp,2026-05-02,quantile,0.3,58,Pennsylvania,Ensemble
2026-05-02,42,0,wk inc flu hosp,2026-05-02,quantile,0.35,63,Pennsylvania,Ensemble
2026-05-02,42,0,wk inc flu hosp,2026-05-02,quantile,0.4,68,Pennsylvania,Ensemble
2026-05-02,42,0,wk inc flu hosp,2026-05-02,quantile,0.45,74,Pennsylvania,Ensemble
2026-05-02,42,0,wk inc flu hosp,2026-05-02,quantile,0.5,81,Pennsylvania,Ensemble
2026-05-02,42,0,wk inc flu hosp,2026-05-02,quantile,0.55,87,Pennsylvania,Ensemble
2026-05-02,42,0,wk inc flu hosp,2026-05-02,quantile,0.6,93,Pennsylvania,Ensemble
2026-05-02,42,0,wk inc flu hosp,2026-05-02,quantile,0.65,100,Pennsylvania,Ensemble
2026-05-02,42,0,wk inc flu hosp,2026-05-02,quantile,0.7,107,Pennsylvania,Ensemble
2026-05-02,42,0,wk inc flu hosp,2026-05-02,quantile,0.75,115,Pennsylvania,Ensemble
2026-05-02,42,0,wk inc flu hosp,2026-05-02,quantile,0.8,124,Pennsylvania,Ensemble
2026-05-02,42,0,wk inc flu hosp,2026-05-02,quantile,0.85,135,Pennsylvania,Ensemble
2026-05-02,42,0,wk inc flu hosp,2026-05-02,quantile,0.9,152,Pennsylvania,Ensemble
2026-05-02,42,0,wk inc flu hosp,2026-05-02,quantile,0.95,177,Pennsylvania,Ensemble
2026-05-02,42,0,wk inc flu hosp,2026-05-02,quantile,0.975,205,Pennsylvania,Ensemble
2026-05-02,42,0,wk inc flu hosp,2026-05-02,quantile,0.99,242,Pennsylvania,Ensemble
2026-05-02,42,1,wk inc flu hosp,2026-05-09,quantile,0.01,14,Pennsylvania,Ensemble
2026-05-02,42,1,wk inc flu hosp,2026-05-09,quantile,0.025,17,Pennsylvania,Ensemble
2026-05-02,42,1,wk inc flu hosp,2026-05-09,quantile,0.05,21,Pennsylvania,Ensemble
2026-05-02,42,1,wk inc flu hosp,2026-05-09,quantile,0.1,25,Pennsylvania,Ensemble
2026-05-02,42,1,wk inc flu hosp,2026-05-09,quantile,0.15,29,Pennsylvania,Ensemble
2026-05-02,42,1,wk inc flu hosp,2026-05-09,quantile,0.2,34,Pennsylvania,Ensemble
2026-05-02,42,1,wk inc flu hosp,2026-05-09,quantile,0.25,38,Pennsylvania,Ensemble
2026-05-02,42,1,wk inc flu hosp,2026-05-09,quantile,0.3,43,Pennsylvania,Ensemble
2026-05-02,42,1,wk inc flu hosp,2026-05-09,quantile,0.35,47,Pennsylvania,Ensemble
2026-05-02,42,1,wk inc flu hosp,2026-05-09,quantile,0.4,51,Pennsylvania,Ensemble
2026-05-02,42,1,wk inc flu hosp,2026-05-09,quantile,0.45,57,Pennsylvania,Ensemble
2026-05-02,42,1,wk inc flu hosp,2026-05-09,quantile,0.5,63,Pennsylvania,Ensemble
2026-05-02,42,1,wk inc flu hosp,2026-05-09,quantile,0.55,71,Pennsylvania,Ensemble
2026-05-02,42,1,wk inc flu hosp,2026-05-09,quantile,0.6,78,Pennsylvania,Ensemble
2026-05-02,42,1,wk inc flu hosp,2026-05-09,quantile,0.65,85,Pennsylvania,Ensemble
2026-05-02,42,1,wk inc flu hosp,2026-05-09,quantile,0.7,93,Pennsylvania,Ensemble
2026-05-02,42,1,wk inc flu hosp,2026-05-09,quantile,0.75,103,Pennsylvania,Ensemble
2026-05-02,42,1,wk inc flu hosp,2026-05-09,quantile,0.8,114,Pennsylvania,Ensemble
2026-05-02,42,1,wk inc flu hosp,2026-05-09,quantile,0.85,128,Pennsylvania,Ensemble
2026-05-02,42,1,wk inc flu hosp,2026-05-09,quantile,0.9,148,Pennsylvania,Ensemble
2026-05-02,42,1,wk inc flu hosp,2026-05-09,quantile,0.95,181,Pennsylvania,Ensemble
2026-05-02,42,1,wk inc flu hosp,2026-05-09,quantile,0.975,216,Pennsylvania,Ensemble
2026-05-02,42,1,wk inc flu hosp,2026-05-09,quantile,0.99,267,Pennsylvania,Ensemble
2026-05-02,42,2,wk inc flu hosp,2026-05-16,quantile,0.01,12,Pennsylvania,Ensemble
2026-05-02,42,2,wk inc flu hosp,2026-05-16,quantile,0.025,15,Pennsylvania,Ensemble
2026-05-02,42,2,wk inc flu hosp,2026-05-16,quantile,0.05,18,Pennsylvania,Ensemble
2026-05-02,42,2,wk inc flu hosp,2026-05-16,quantile,0.1,22,Pennsylvania,Ensemble
2026-05-02,42,2,wk inc flu hosp,2026-05-16,quantile,0.15,26,Pennsylvania,Ensemble
2026-05-02,42,2,wk inc flu hosp,2026-05-16,quantile,0.2,30,Pennsylvania,Ensemble
2026-05-02,42,2,wk inc flu hosp,2026-05-16,quantile,0.25,34,Pennsylvania,Ensemble
2026-05-02,42,2,wk inc flu hosp,2026-05-16,quantile,0.3,38,Pennsylvania,Ensemble
2026-05-02,42,2,wk inc flu hosp,2026-05-16,quantile,0.35,43,Pennsylvania,Ensemble
2026-05-02,42,2,wk inc flu hosp,2026-05-16,quantile,0.4,48,Pennsylvania,Ensemble
2026-05-02,42,2,wk inc flu hosp,2026-05-16,quantile,0.45,53,Pennsylvania,Ensemble
2026-05-02,42,2,wk inc flu hosp,2026-05-16,quantile,0.5,60,Pennsylvania,Ensemble
2026-05-02,42,2,wk inc flu hosp,2026-05-16,quantile,0.55,67,Pennsylvania,Ensemble
2026-05-02,42,2,wk inc flu hosp,2026-05-16,quantile,0.6,75,Pennsylvania,Ensemble
2026-05-02,42,2,wk inc flu hosp,2026-05-16,quantile,0.65,85,Pennsylvania,Ensemble
2026-05-02,42,2,wk inc flu hosp,2026-05-16,quantile,0.7,94,Pennsylvania,Ensemble
2026-05-02,42,2,wk inc flu hosp,2026-05-16,quantile,0.75,104,Pennsylvania,Ensemble
2026-05-02,42,2,wk inc flu hosp,2026-05-16,quantile,0.8,116,Pennsylvania,Ensemble
2026-05-02,42,2,wk inc flu hosp,2026-05-16,quantile,0.85,133,Pennsylvania,Ensemble
2026-05-02,42,2,wk inc flu hosp,2026-05-16,quantile,0.9,157,Pennsylvania,Ensemble
2026-05-02,42,2,wk inc flu hosp,2026-05-16,quantile,0.95,202,Pennsylvania,Ensemble
2026-05-02,42,2,wk inc flu hosp,2026-05-16,quantile,0.975,247,Pennsylvania,Ensemble
2026-05-02,42,2,wk inc flu hosp,2026-05-16,quantile,0.99,311,Pennsylvania,Ensemble
2026-05-02,42,3,wk inc flu hosp,2026-05-23,quantile,0.01,10,Pennsylvania,Ensemble
2026-05-02,42,3,wk inc flu hosp,2026-05-23,quantile,0.025,12,Pennsylvania,Ensemble
2026-05-02,42,3,wk inc flu hosp,2026-05-23,quantile,0.05,14,Pennsylvania,Ensemble
2026-05-02,42,3,wk inc flu hosp,2026-05-23,quantile,0.1,17,Pennsylvania,Ensemble
2026-05-02,42,3,wk inc flu hosp,2026-05-23,quantile,0.15,20,Pennsylvania,Ensemble
2026-05-02,42,3,wk inc flu hosp,2026-05-23,quantile,0.2,24,Pennsylvania,Ensemble
2026-05-02,42,3,wk inc flu hosp,2026-05-23,quantile,0.25,27,Pennsylvania,Ensemble
2026-05-02,42,3,wk inc flu hosp,2026-05-23,quantile,0.3,31,Pennsylvania,Ensemble
2026-05-02,42,3,wk inc flu hosp,2026-05-23,quantile,0.35,35,Pennsylvania,Ensemble
2026-05-02,42,3,wk inc flu hosp,2026-05-23,quantile,0.4,40,Pennsylvania,Ensemble
2026-05-02,42,3,wk inc flu hosp,2026-05-23,quantile,0.45,45,Pennsylvania,Ensemble
2026-05-02,42,3,wk inc flu hosp,2026-05-23,quantile,0.5,52,Pennsylvania,Ensemble
2026-05-02,42,3,wk inc flu hosp,2026-05-23,quantile,0.55,59,Pennsylvania,Ensemble
2026-05-02,42,3,wk inc flu hosp,2026-05-23,quantile,0.6,68,Pennsylvania,Ensemble
2026-05-02,42,3,wk inc flu hosp,2026-05-23,quantile,0.65,79,Pennsylvania,Ensemble
2026-05-02,42,3,wk inc flu hosp,2026-05-23,quantile,0.7,90,Pennsylvania,Ensemble
2026-05-02,42,3,wk inc flu hosp,2026-05-23,quantile,0.75,102,Pennsylvania,Ensemble
2026-05-02,42,3,wk inc flu hosp,2026-05-23,quantile,0.8,116,Pennsylvania,Ensemble
2026-05-02,42,3,wk inc flu hosp,2026-05-23,quantile,0.85,137,Pennsylvania,Ensemble
2026-05-02,42,3,wk inc flu hosp,2026-05-23,quantile,0.9,165,Pennsylvania,Ensemble
2026-05-02,42,3,wk inc flu hosp,2026-05-23,quantile,0.95,215,Pennsylvania,Ensemble
2026-05-02,42,3,wk inc flu hosp,2026-05-23,quantile,0.975,268,Pennsylvania,Ensemble
2026-05-02,42,3,wk inc flu hosp,2026-05-23,quantile,0.99,346,Pennsylvania,Ensemble
2026-05-02,44,0,wk inc flu hosp,2026-05-02,quantile,0.01,0,Rhode Island,Ensemble
2026-05-02,44,0,wk inc flu hosp,2026-05-02,quantile,0.025,0,Rhode Island,Ensemble
2026-05-02,44,0,wk inc flu hosp,2026-05-02,quantile,0.05,0,Rhode Island,Ensemble
2026-05-02,44,0,wk inc flu hosp,2026-05-02,quantile,0.1,1,Rhode Island,Ensemble
2026-05-02,44,0,wk inc flu hosp,2026-05-02,quantile,0.15,1,Rhode Island,Ensemble
2026-05-02,44,0,wk inc flu hosp,2026-05-02,quantile,0.2,1,Rhode Island,Ensemble
2026-05-02,44,0,wk inc flu hosp,2026-05-02,quantile,0.25,1,Rhode Island,Ensemble
2026-05-02,44,0,wk inc flu hosp,2026-05-02,quantile,0.3,2,Rhode Island,Ensemble
2026-05-02,44,0,wk inc flu hosp,2026-05-02,quantile,0.35,2,Rhode Island,Ensemble
2026-05-02,44,0,wk inc flu hosp,2026-05-02,quantile,0.4,2,Rhode Island,Ensemble
2026-05-02,44,0,wk inc flu hosp,2026-05-02,quantile,0.45,3,Rhode Island,Ensemble
2026-05-02,44,0,wk inc flu hosp,2026-05-02,quantile,0.5,4,Rhode Island,Ensemble
2026-05-02,44,0,wk inc flu hosp,2026-05-02,quantile,0.55,4,Rhode Island,Ensemble
2026-05-02,44,0,wk inc flu hosp,2026-05-02,quantile,0.6,5,Rhode Island,Ensemble
2026-05-02,44,0,wk inc flu hosp,2026-05-02,quantile,0.65,5,Rhode Island,Ensemble
2026-05-02,44,0,wk inc flu hosp,2026-05-02,quantile,0.7,6,Rhode Island,Ensemble
2026-05-02,44,0,wk inc flu hosp,2026-05-02,quantile,0.75,7,Rhode Island,Ensemble
2026-05-02,44,0,wk inc flu hosp,2026-05-02,quantile,0.8,7,Rhode Island,Ensemble
2026-05-02,44,0,wk inc flu hosp,2026-05-02,quantile,0.85,8,Rhode Island,Ensemble
2026-05-02,44,0,wk inc flu hosp,2026-05-02,quantile,0.9,10,Rhode Island,Ensemble
2026-05-02,44,0,wk inc flu hosp,2026-05-02,quantile,0.95,13,Rhode Island,Ensemble
2026-05-02,44,0,wk inc flu hosp,2026-05-02,quantile,0.975,16,Rhode Island,Ensemble
2026-05-02,44,0,wk inc flu hosp,2026-05-02,quantile,0.99,19,Rhode Island,Ensemble
2026-05-02,44,1,wk inc flu hosp,2026-05-09,quantile,0.01,0,Rhode Island,Ensemble
2026-05-02,44,1,wk inc flu hosp,2026-05-09,quantile,0.025,0,Rhode Island,Ensemble
2026-05-02,44,1,wk inc flu hosp,2026-05-09,quantile,0.05,0,Rhode Island,Ensemble
2026-05-02,44,1,wk inc flu hosp,2026-05-09,quantile,0.1,0,Rhode Island,Ensemble
2026-05-02,44,1,wk inc flu hosp,2026-05-09,quantile,0.15,1,Rhode Island,Ensemble
2026-05-02,44,1,wk inc flu hosp,2026-05-09,quantile,0.2,1,Rhode Island,Ensemble
2026-05-02,44,1,wk inc flu hosp,2026-05-09,quantile,0.25,1,Rhode Island,Ensemble
2026-05-02,44,1,wk inc flu hosp,2026-05-09,quantile,0.3,1,Rhode Island,Ensemble
2026-05-02,44,1,wk inc flu hosp,2026-05-09,quantile,0.35,1,Rhode Island,Ensemble
2026-05-02,44,1,wk inc flu hosp,2026-05-09,quantile,0.4,2,Rhode Island,Ensemble
2026-05-02,44,1,wk inc flu hosp,2026-05-09,quantile,0.45,2,Rhode Island,Ensemble
2026-05-02,44,1,wk inc flu hosp,2026-05-09,quantile,0.5,3,Rhode Island,Ensemble
2026-05-02,44,1,wk inc flu hosp,2026-05-09,quantile,0.55,4,Rhode Island,Ensemble
2026-05-02,44,1,wk inc flu hosp,2026-05-09,quantile,0.6,4,Rhode Island,Ensemble
2026-05-02,44,1,wk inc flu hosp,2026-05-09,quantile,0.65,5,Rhode Island,Ensemble
2026-05-02,44,1,wk inc flu hosp,2026-05-09,quantile,0.7,5,Rhode Island,Ensemble
2026-05-02,44,1,wk inc flu hosp,2026-05-09,quantile,0.75,6,Rhode Island,Ensemble
2026-05-02,44,1,wk inc flu hosp,2026-05-09,quantile,0.8,7,Rhode Island,Ensemble
2026-05-02,44,1,wk inc flu hosp,2026-05-09,quantile,0.85,8,Rhode Island,Ensemble
2026-05-02,44,1,wk inc flu hosp,2026-05-09,quantile,0.9,10,Rhode Island,Ensemble
2026-05-02,44,1,wk inc flu hosp,2026-05-09,quantile,0.95,14,Rhode Island,Ensemble
2026-05-02,44,1,wk inc flu hosp,2026-05-09,quantile,0.975,18,Rhode Island,Ensemble
2026-05-02,44,1,wk inc flu hosp,2026-05-09,quantile,0.99,23,Rhode Island,Ensemble
2026-05-02,44,2,wk inc flu hosp,2026-05-16,quantile,0.01,0,Rhode Island,Ensemble
2026-05-02,44,2,wk inc flu hosp,2026-05-16,quantile,0.025,0,Rhode Island,Ensemble
2026-05-02,44,2,wk inc flu hosp,2026-05-16,quantile,0.05,0,Rhode Island,Ensemble
2026-05-02,44,2,wk inc flu hosp,2026-05-16,quantile,0.1,0,Rhode Island,Ensemble
2026-05-02,44,2,wk inc flu hosp,2026-05-16,quantile,0.15,0,Rhode Island,Ensemble
2026-05-02,44,2,wk inc flu hosp,2026-05-16,quantile,0.2,0,Rhode Island,Ensemble
2026-05-02,44,2,wk inc flu hosp,2026-05-16,quantile,0.25,1,Rhode Island,Ensemble
2026-05-02,44,2,wk inc flu hosp,2026-05-16,quantile,0.3,1,Rhode Island,Ensemble
2026-05-02,44,2,wk inc flu hosp,2026-05-16,quantile,0.35,1,Rhode Island,Ensemble
2026-05-02,44,2,wk inc flu hosp,2026-05-16,quantile,0.4,1,Rhode Island,Ensemble
2026-05-02,44,2,wk inc flu hosp,2026-05-16,quantile,0.45,2,Rhode Island,Ensemble
2026-05-02,44,2,wk inc flu hosp,2026-05-16,quantile,0.5,3,Rhode Island,Ensemble
2026-05-02,44,2,wk inc flu hosp,2026-05-16,quantile,0.55,3,Rhode Island,Ensemble
2026-05-02,44,2,wk inc flu hosp,2026-05-16,quantile,0.6,4,Rhode Island,Ensemble
2026-05-02,44,2,wk inc flu hosp,2026-05-16,quantile,0.65,5,Rhode Island,Ensemble
2026-05-02,44,2,wk inc flu hosp,2026-05-16,quantile,0.7,5,Rhode Island,Ensemble
2026-05-02,44,2,wk inc flu hosp,2026-05-16,quantile,0.75,6,Rhode Island,Ensemble
2026-05-02,44,2,wk inc flu hosp,2026-05-16,quantile,0.8,7,Rhode Island,Ensemble
2026-05-02,44,2,wk inc flu hosp,2026-05-16,quantile,0.85,9,Rhode Island,Ensemble
2026-05-02,44,2,wk inc flu hosp,2026-05-16,quantile,0.9,11,Rhode Island,Ensemble
2026-05-02,44,2,wk inc flu hosp,2026-05-16,quantile,0.95,15,Rhode Island,Ensemble
2026-05-02,44,2,wk inc flu hosp,2026-05-16,quantile,0.975,20,Rhode Island,Ensemble
2026-05-02,44,2,wk inc flu hosp,2026-05-16,quantile,0.99,26,Rhode Island,Ensemble
2026-05-02,44,3,wk inc flu hosp,2026-05-23,quantile,0.01,0,Rhode Island,Ensemble
2026-05-02,44,3,wk inc flu hosp,2026-05-23,quantile,0.025,0,Rhode Island,Ensemble
2026-05-02,44,3,wk inc flu hosp,2026-05-23,quantile,0.05,0,Rhode Island,Ensemble
2026-05-02,44,3,wk inc flu hosp,2026-05-23,quantile,0.1,0,Rhode Island,Ensemble
2026-05-02,44,3,wk inc flu hosp,2026-05-23,quantile,0.15,0,Rhode Island,Ensemble
2026-05-02,44,3,wk inc flu hosp,2026-05-23,quantile,0.2,0,Rhode Island,Ensemble
2026-05-02,44,3,wk inc flu hosp,2026-05-23,quantile,0.25,1,Rhode Island,Ensemble
2026-05-02,44,3,wk inc flu hosp,2026-05-23,quantile,0.3,1,Rhode Island,Ensemble
2026-05-02,44,3,wk inc flu hosp,2026-05-23,quantile,0.35,1,Rhode Island,Ensemble
2026-05-02,44,3,wk inc flu hosp,2026-05-23,quantile,0.4,1,Rhode Island,Ensemble
2026-05-02,44,3,wk inc flu hosp,2026-05-23,quantile,0.45,1,Rhode Island,Ensemble
2026-05-02,44,3,wk inc flu hosp,2026-05-23,quantile,0.5,3,Rhode Island,Ensemble
2026-05-02,44,3,wk inc flu hosp,2026-05-23,quantile,0.55,3,Rhode Island,Ensemble
2026-05-02,44,3,wk inc flu hosp,2026-05-23,quantile,0.6,4,Rhode Island,Ensemble
2026-05-02,44,3,wk inc flu hosp,2026-05-23,quantile,0.65,4,Rhode Island,Ensemble
2026-05-02,44,3,wk inc flu hosp,2026-05-23,quantile,0.7,5,Rhode Island,Ensemble
2026-05-02,44,3,wk inc flu hosp,2026-05-23,quantile,0.75,6,Rhode Island,Ensemble
2026-05-02,44,3,wk inc flu hosp,2026-05-23,quantile,0.8,7,Rhode Island,Ensemble
2026-05-02,44,3,wk inc flu hosp,2026-05-23,quantile,0.85,9,Rhode Island,Ensemble
2026-05-02,44,3,wk inc flu hosp,2026-05-23,quantile,0.9,12,Rhode Island,Ensemble
2026-05-02,44,3,wk inc flu hosp,2026-05-23,quantile,0.95,16,Rhode Island,Ensemble
2026-05-02,44,3,wk inc flu hosp,2026-05-23,quantile,0.975,21,Rhode Island,Ensemble
2026-05-02,44,3,wk inc flu hosp,2026-05-23,quantile,0.99,29,Rhode Island,Ensemble
2026-05-02,45,0,wk inc flu hosp,2026-05-02,quantile,0.01,1,South Carolina,Ensemble
2026-05-02,45,0,wk inc flu hosp,2026-05-02,quantile,0.025,2,South Carolina,Ensemble
2026-05-02,45,0,wk inc flu hosp,2026-05-02,quantile,0.05,2,South Carolina,Ensemble
2026-05-02,45,0,wk inc flu hosp,2026-05-02,quantile,0.1,3,South Carolina,Ensemble
2026-05-02,45,0,wk inc flu hosp,2026-05-02,quantile,0.15,4,South Carolina,Ensemble
2026-05-02,45,0,wk inc flu hosp,2026-05-02,quantile,0.2,4,South Carolina,Ensemble
2026-05-02,45,0,wk inc flu hosp,2026-05-02,quantile,0.25,5,South Carolina,Ensemble
2026-05-02,45,0,wk inc flu hosp,2026-05-02,quantile,0.3,6,South Carolina,Ensemble
2026-05-02,45,0,wk inc flu hosp,2026-05-02,quantile,0.35,7,South Carolina,Ensemble
2026-05-02,45,0,wk inc flu hosp,2026-05-02,quantile,0.4,7,South Carolina,Ensemble
2026-05-02,45,0,wk inc flu hosp,2026-05-02,quantile,0.45,8,South Carolina,Ensemble
2026-05-02,45,0,wk inc flu hosp,2026-05-02,quantile,0.5,11,South Carolina,Ensemble
2026-05-02,45,0,wk inc flu hosp,2026-05-02,quantile,0.55,12,South Carolina,Ensemble
2026-05-02,45,0,wk inc flu hosp,2026-05-02,quantile,0.6,13,South Carolina,Ensemble
2026-05-02,45,0,wk inc flu hosp,2026-05-02,quantile,0.65,14,South Carolina,Ensemble
2026-05-02,45,0,wk inc flu hosp,2026-05-02,quantile,0.7,16,South Carolina,Ensemble
2026-05-02,45,0,wk inc flu hosp,2026-05-02,quantile,0.75,17,South Carolina,Ensemble
2026-05-02,45,0,wk inc flu hosp,2026-05-02,quantile,0.8,19,South Carolina,Ensemble
2026-05-02,45,0,wk inc flu hosp,2026-05-02,quantile,0.85,21,South Carolina,Ensemble
2026-05-02,45,0,wk inc flu hosp,2026-05-02,quantile,0.9,25,South Carolina,Ensemble
2026-05-02,45,0,wk inc flu hosp,2026-05-02,quantile,0.95,30,South Carolina,Ensemble
2026-05-02,45,0,wk inc flu hosp,2026-05-02,quantile,0.975,37,South Carolina,Ensemble
2026-05-02,45,0,wk inc flu hosp,2026-05-02,quantile,0.99,48,South Carolina,Ensemble
2026-05-02,45,1,wk inc flu hosp,2026-05-09,quantile,0.01,1,South Carolina,Ensemble
2026-05-02,45,1,wk inc flu hosp,2026-05-09,quantile,0.025,1,South Carolina,Ensemble
2026-05-02,45,1,wk inc flu hosp,2026-05-09,quantile,0.05,2,South Carolina,Ensemble
2026-05-02,45,1,wk inc flu hosp,2026-05-09,quantile,0.1,2,South Carolina,Ensemble
2026-05-02,45,1,wk inc flu hosp,2026-05-09,quantile,0.15,3,South Carolina,Ensemble
2026-05-02,45,1,wk inc flu hosp,2026-05-09,quantile,0.2,4,South Carolina,Ensemble
2026-05-02,45,1,wk inc flu hosp,2026-05-09,quantile,0.25,4,South Carolina,Ensemble
2026-05-02,45,1,wk inc flu hosp,2026-05-09,quantile,0.3,5,South Carolina,Ensemble
2026-05-02,45,1,wk inc flu hosp,2026-05-09,quantile,0.35,6,South Carolina,Ensemble
2026-05-02,45,1,wk inc flu hosp,2026-05-09,quantile,0.4,6,South Carolina,Ensemble
2026-05-02,45,1,wk inc flu hosp,2026-05-09,quantile,0.45,7,South Carolina,Ensemble
2026-05-02,45,1,wk inc flu hosp,2026-05-09,quantile,0.5,9,South Carolina,Ensemble
2026-05-02,45,1,wk inc flu hosp,2026-05-09,quantile,0.55,11,South Carolina,Ensemble
2026-05-02,45,1,wk inc flu hosp,2026-05-09,quantile,0.6,12,South Carolina,Ensemble
2026-05-02,45,1,wk inc flu hosp,2026-05-09,quantile,0.65,14,South Carolina,Ensemble
2026-05-02,45,1,wk inc flu hosp,2026-05-09,quantile,0.7,15,South Carolina,Ensemble
2026-05-02,45,1,wk inc flu hosp,2026-05-09,quantile,0.75,18,South Carolina,Ensemble
2026-05-02,45,1,wk inc flu hosp,2026-05-09,quantile,0.8,20,South Carolina,Ensemble
2026-05-02,45,1,wk inc flu hosp,2026-05-09,quantile,0.85,23,South Carolina,Ensemble
2026-05-02,45,1,wk inc flu hosp,2026-05-09,quantile,0.9,28,South Carolina,Ensemble
2026-05-02,45,1,wk inc flu hosp,2026-05-09,quantile,0.95,38,South Carolina,Ensemble
2026-05-02,45,1,wk inc flu hosp,2026-05-09,quantile,0.975,49,South Carolina,Ensemble
2026-05-02,45,1,wk inc flu hosp,2026-05-09,quantile,0.99,64,South Carolina,Ensemble
2026-05-02,45,2,wk inc flu hosp,2026-05-16,quantile,0.01,1,South Carolina,Ensemble
2026-05-02,45,2,wk inc flu hosp,2026-05-16,quantile,0.025,1,South Carolina,Ensemble
2026-05-02,45,2,wk inc flu hosp,2026-05-16,quantile,0.05,2,South Carolina,Ensemble
2026-05-02,45,2,wk inc flu hosp,2026-05-16,quantile,0.1,2,South Carolina,Ensemble
2026-05-02,45,2,wk inc flu hosp,2026-05-16,quantile,0.15,3,South Carolina,Ensemble
2026-05-02,45,2,wk inc flu hosp,2026-05-16,quantile,0.2,3,South Carolina,Ensemble
2026-05-02,45,2,wk inc flu hosp,2026-05-16,quantile,0.25,4,South Carolina,Ensemble
2026-05-02,45,2,wk inc flu hosp,2026-05-16,quantile,0.3,4,South Carolina,Ensemble
2026-05-02,45,2,wk inc flu hosp,2026-05-16,quantile,0.35,5,South Carolina,Ensemble
2026-05-02,45,2,wk inc flu hosp,2026-05-16,quantile,0.4,6,South Carolina,Ensemble
2026-05-02,45,2,wk inc flu hosp,2026-05-16,quantile,0.45,7,South Carolina,Ensemble
2026-05-02,45,2,wk inc flu hosp,2026-05-16,quantile,0.5,9,South Carolina,Ensemble
2026-05-02,45,2,wk inc flu hosp,2026-05-16,quantile,0.55,10,South Carolina,Ensemble
2026-05-02,45,2,wk inc flu hosp,2026-05-16,quantile,0.6,12,South Carolina,Ensemble
2026-05-02,45,2,wk inc flu hosp,2026-05-16,quantile,0.65,13,South Carolina,Ensemble
2026-05-02,45,2,wk inc flu hosp,2026-05-16,quantile,0.7,16,South Carolina,Ensemble
2026-05-02,45,2,wk inc flu hosp,2026-05-16,quantile,0.75,18,South Carolina,Ensemble
2026-05-02,45,2,wk inc flu hosp,2026-05-16,quantile,0.8,21,South Carolina,Ensemble
2026-05-02,45,2,wk inc flu hosp,2026-05-16,quantile,0.85,26,South Carolina,Ensemble
2026-05-02,45,2,wk inc flu hosp,2026-05-16,quantile,0.9,33,South Carolina,Ensemble
2026-05-02,45,2,wk inc flu hosp,2026-05-16,quantile,0.95,45,South Carolina,Ensemble
2026-05-02,45,2,wk inc flu hosp,2026-05-16,quantile,0.975,58,South Carolina,Ensemble
2026-05-02,45,2,wk inc flu hosp,2026-05-16,quantile,0.99,77,South Carolina,Ensemble
2026-05-02,45,3,wk inc flu hosp,2026-05-23,quantile,0.01,1,South Carolina,Ensemble
2026-05-02,45,3,wk inc flu hosp,2026-05-23,quantile,0.025,1,South Carolina,Ensemble
2026-05-02,45,3,wk inc flu hosp,2026-05-23,quantile,0.05,1,South Carolina,Ensemble
2026-05-02,45,3,wk inc flu hosp,2026-05-23,quantile,0.1,2,South Carolina,Ensemble
2026-05-02,45,3,wk inc flu hosp,2026-05-23,quantile,0.15,2,South Carolina,Ensemble
2026-05-02,45,3,wk inc flu hosp,2026-05-23,quantile,0.2,3,South Carolina,Ensemble
2026-05-02,45,3,wk inc flu hosp,2026-05-23,quantile,0.25,3,South Carolina,Ensemble
2026-05-02,45,3,wk inc flu hosp,2026-05-23,quantile,0.3,4,South Carolina,Ensemble
2026-05-02,45,3,wk inc flu hosp,2026-05-23,quantile,0.35,5,South Carolina,Ensemble
2026-05-02,45,3,wk inc flu hosp,2026-05-23,quantile,0.4,5,South Carolina,Ensemble
2026-05-02,45,3,wk inc flu hosp,2026-05-23,quantile,0.45,6,South Carolina,Ensemble
2026-05-02,45,3,wk inc flu hosp,2026-05-23,quantile,0.5,8,South Carolina,Ensemble
2026-05-02,45,3,wk inc flu hosp,2026-05-23,quantile,0.55,9,South Carolina,Ensemble
2026-05-02,45,3,wk inc flu hosp,2026-05-23,quantile,0.6,11,South Carolina,Ensemble
2026-05-02,45,3,wk inc flu hosp,2026-05-23,quantile,0.65,13,South Carolina,Ensemble
2026-05-02,45,3,wk inc flu hosp,2026-05-23,quantile,0.7,16,South Carolina,Ensemble
2026-05-02,45,3,wk inc flu hosp,2026-05-23,quantile,0.75,19,South Carolina,Ensemble
2026-05-02,45,3,wk inc flu hosp,2026-05-23,quantile,0.8,23,South Carolina,Ensemble
2026-05-02,45,3,wk inc flu hosp,2026-05-23,quantile,0.85,28,South Carolina,Ensemble
2026-05-02,45,3,wk inc flu hosp,2026-05-23,quantile,0.9,37,South Carolina,Ensemble
2026-05-02,45,3,wk inc flu hosp,2026-05-23,quantile,0.95,52,South Carolina,Ensemble
2026-05-02,45,3,wk inc flu hosp,2026-05-23,quantile,0.975,67,South Carolina,Ensemble
2026-05-02,45,3,wk inc flu hosp,2026-05-23,quantile,0.99,90,South Carolina,Ensemble
2026-05-02,46,0,wk inc flu hosp,2026-05-02,quantile,0.01,0,South Dakota,Ensemble
2026-05-02,46,0,wk inc flu hosp,2026-05-02,quantile,0.025,1,South Dakota,Ensemble
2026-05-02,46,0,wk inc flu hosp,2026-05-02,quantile,0.05,1,South Dakota,Ensemble
2026-05-02,46,0,wk inc flu hosp,2026-05-02,quantile,0.1,2,South Dakota,Ensemble
2026-05-02,46,0,wk inc flu hosp,2026-05-02,quantile,0.15,2,South Dakota,Ensemble
2026-05-02,46,0,wk inc flu hosp,2026-05-02,quantile,0.2,2,South Dakota,Ensemble
2026-05-02,46,0,wk inc flu hosp,2026-05-02,quantile,0.25,3,South Dakota,Ensemble
2026-05-02,46,0,wk inc flu hosp,2026-05-02,quantile,0.3,3,South Dakota,Ensemble
2026-05-02,46,0,wk inc flu hosp,2026-05-02,quantile,0.35,4,South Dakota,Ensemble
2026-05-02,46,0,wk inc flu hosp,2026-05-02,quantile,0.4,4,South Dakota,Ensemble
2026-05-02,46,0,wk inc flu hosp,2026-05-02,quantile,0.45,4,South Dakota,Ensemble
2026-05-02,46,0,wk inc flu hosp,2026-05-02,quantile,0.5,6,South Dakota,Ensemble
2026-05-02,46,0,wk inc flu hosp,2026-05-02,quantile,0.55,6,South Dakota,Ensemble
2026-05-02,46,0,wk inc flu hosp,2026-05-02,quantile,0.6,7,South Dakota,Ensemble
2026-05-02,46,0,wk inc flu hosp,2026-05-02,quantile,0.65,8,South Dakota,Ensemble
2026-05-02,46,0,wk inc flu hosp,2026-05-02,quantile,0.7,8,South Dakota,Ensemble
2026-05-02,46,0,wk inc flu hosp,2026-05-02,quantile,0.75,9,South Dakota,Ensemble
2026-05-02,46,0,wk inc flu hosp,2026-05-02,quantile,0.8,10,South Dakota,Ensemble
2026-05-02,46,0,wk inc flu hosp,2026-05-02,quantile,0.85,11,South Dakota,Ensemble
2026-05-02,46,0,wk inc flu hosp,2026-05-02,quantile,0.9,12,South Dakota,Ensemble
2026-05-02,46,0,wk inc flu hosp,2026-05-02,quantile,0.95,15,South Dakota,Ensemble
2026-05-02,46,0,wk inc flu hosp,2026-05-02,quantile,0.975,17,South Dakota,Ensemble
2026-05-02,46,0,wk inc flu hosp,2026-05-02,quantile,0.99,21,South Dakota,Ensemble
2026-05-02,46,1,wk inc flu hosp,2026-05-09,quantile,0.01,0,South Dakota,Ensemble
2026-05-02,46,1,wk inc flu hosp,2026-05-09,quantile,0.025,0,South Dakota,Ensemble
2026-05-02,46,1,wk inc flu hosp,2026-05-09,quantile,0.05,0,South Dakota,Ensemble
2026-05-02,46,1,wk inc flu hosp,2026-05-09,quantile,0.1,1,South Dakota,Ensemble
2026-05-02,46,1,wk inc flu hosp,2026-05-09,quantile,0.15,1,South Dakota,Ensemble
2026-05-02,46,1,wk inc flu hosp,2026-05-09,quantile,0.2,2,South Dakota,Ensemble
2026-05-02,46,1,wk inc flu hosp,2026-05-09,quantile,0.25,2,South Dakota,Ensemble
2026-05-02,46,1,wk inc flu hosp,2026-05-09,quantile,0.3,2,South Dakota,Ensemble
2026-05-02,46,1,wk inc flu hosp,2026-05-09,quantile,0.35,3,South Dakota,Ensemble
2026-05-02,46,1,wk inc flu hosp,2026-05-09,quantile,0.4,3,South Dakota,Ensemble
2026-05-02,46,1,wk inc flu hosp,2026-05-09,quantile,0.45,3,South Dakota,Ensemble
2026-05-02,46,1,wk inc flu hosp,2026-05-09,quantile,0.5,5,South Dakota,Ensemble
2026-05-02,46,1,wk inc flu hosp,2026-05-09,quantile,0.55,5,South Dakota,Ensemble
2026-05-02,46,1,wk inc flu hosp,2026-05-09,quantile,0.6,6,South Dakota,Ensemble
2026-05-02,46,1,wk inc flu hosp,2026-05-09,quantile,0.65,7,South Dakota,Ensemble
2026-05-02,46,1,wk inc flu hosp,2026-05-09,quantile,0.7,7,South Dakota,Ensemble
2026-05-02,46,1,wk inc flu hosp,2026-05-09,quantile,0.75,8,South Dakota,Ensemble
2026-05-02,46,1,wk inc flu hosp,2026-05-09,quantile,0.8,9,South Dakota,Ensemble
2026-05-02,46,1,wk inc flu hosp,2026-05-09,quantile,0.85,10,South Dakota,Ensemble
2026-05-02,46,1,wk inc flu hosp,2026-05-09,quantile,0.9,12,South Dakota,Ensemble
2026-05-02,46,1,wk inc flu hosp,2026-05-09,quantile,0.95,15,South Dakota,Ensemble
2026-05-02,46,1,wk inc flu hosp,2026-05-09,quantile,0.975,18,South Dakota,Ensemble
2026-05-02,46,1,wk inc flu hosp,2026-05-09,quantile,0.99,22,South Dakota,Ensemble
2026-05-02,46,2,wk inc flu hosp,2026-05-16,quantile,0.01,0,South Dakota,Ensemble
2026-05-02,46,2,wk inc flu hosp,2026-05-16,quantile,0.025,0,South Dakota,Ensemble
2026-05-02,46,2,wk inc flu hosp,2026-05-16,quantile,0.05,0,South Dakota,Ensemble
2026-05-02,46,2,wk inc flu hosp,2026-05-16,quantile,0.1,0,South Dakota,Ensemble
2026-05-02,46,2,wk inc flu hosp,2026-05-16,quantile,0.15,1,South Dakota,Ensemble
2026-05-02,46,2,wk inc flu hosp,2026-05-16,quantile,0.2,1,South Dakota,Ensemble
2026-05-02,46,2,wk inc flu hosp,2026-05-16,quantile,0.25,1,South Dakota,Ensemble
2026-05-02,46,2,wk inc flu hosp,2026-05-16,quantile,0.3,2,South Dakota,Ensemble
2026-05-02,46,2,wk inc flu hosp,2026-05-16,quantile,0.35,2,South Dakota,Ensemble
2026-05-02,46,2,wk inc flu hosp,2026-05-16,quantile,0.4,2,South Dakota,Ensemble
2026-05-02,46,2,wk inc flu hosp,2026-05-16,quantile,0.45,3,South Dakota,Ensemble
2026-05-02,46,2,wk inc flu hosp,2026-05-16,quantile,0.5,4,South Dakota,Ensemble
2026-05-02,46,2,wk inc flu hosp,2026-05-16,quantile,0.55,5,South Dakota,Ensemble
2026-05-02,46,2,wk inc flu hosp,2026-05-16,quantile,0.6,6,South Dakota,Ensemble
2026-05-02,46,2,wk inc flu hosp,2026-05-16,quantile,0.65,6,South Dakota,Ensemble
2026-05-02,46,2,wk inc flu hosp,2026-05-16,quantile,0.7,7,South Dakota,Ensemble
2026-05-02,46,2,wk inc flu hosp,2026-05-16,quantile,0.75,8,South Dakota,Ensemble
2026-05-02,46,2,wk inc flu hosp,2026-05-16,quantile,0.8,9,South Dakota,Ensemble
2026-05-02,46,2,wk inc flu hosp,2026-05-16,quantile,0.85,11,South Dakota,Ensemble
2026-05-02,46,2,wk inc flu hosp,2026-05-16,quantile,0.9,12,South Dakota,Ensemble
2026-05-02,46,2,wk inc flu hosp,2026-05-16,quantile,0.95,16,South Dakota,Ensemble
2026-05-02,46,2,wk inc flu hosp,2026-05-16,quantile,0.975,19,South Dakota,Ensemble
2026-05-02,46,2,wk inc flu hosp,2026-05-16,quantile,0.99,25,South Dakota,Ensemble
2026-05-02,46,3,wk inc flu hosp,2026-05-23,quantile,0.01,0,South Dakota,Ensemble
2026-05-02,46,3,wk inc flu hosp,2026-05-23,quantile,0.025,0,South Dakota,Ensemble
2026-05-02,46,3,wk inc flu hosp,2026-05-23,quantile,0.05,0,South Dakota,Ensemble
2026-05-02,46,3,wk inc flu hosp,2026-05-23,quantile,0.1,0,South Dakota,Ensemble
2026-05-02,46,3,wk inc flu hosp,2026-05-23,quantile,0.15,1,South Dakota,Ensemble
2026-05-02,46,3,wk inc flu hosp,2026-05-23,quantile,0.2,1,South Dakota,Ensemble
2026-05-02,46,3,wk inc flu hosp,2026-05-23,quantile,0.25,1,South Dakota,Ensemble
2026-05-02,46,3,wk inc flu hosp,2026-05-23,quantile,0.3,1,South Dakota,Ensemble
2026-05-02,46,3,wk inc flu hosp,2026-05-23,quantile,0.35,2,South Dakota,Ensemble
2026-05-02,46,3,wk inc flu hosp,2026-05-23,quantile,0.4,2,South Dakota,Ensemble
2026-05-02,46,3,wk inc flu hosp,2026-05-23,quantile,0.45,3,South Dakota,Ensemble
2026-05-02,46,3,wk inc flu hosp,2026-05-23,quantile,0.5,4,South Dakota,Ensemble
2026-05-02,46,3,wk inc flu hosp,2026-05-23,quantile,0.55,5,South Dakota,Ensemble
2026-05-02,46,3,wk inc flu hosp,2026-05-23,quantile,0.6,5,South Dakota,Ensemble
2026-05-02,46,3,wk inc flu hosp,2026-05-23,quantile,0.65,6,South Dakota,Ensemble
2026-05-02,46,3,wk inc flu hosp,2026-05-23,quantile,0.7,7,South Dakota,Ensemble
2026-05-02,46,3,wk inc flu hosp,2026-05-23,quantile,0.75,8,South Dakota,Ensemble
2026-05-02,46,3,wk inc flu hosp,2026-05-23,quantile,0.8,9,South Dakota,Ensemble
2026-05-02,46,3,wk inc flu hosp,2026-05-23,quantile,0.85,10,South Dakota,Ensemble
2026-05-02,46,3,wk inc flu hosp,2026-05-23,quantile,0.9,12,South Dakota,Ensemble
2026-05-02,46,3,wk inc flu hosp,2026-05-23,quantile,0.95,16,South Dakota,Ensemble
2026-05-02,46,3,wk inc flu hosp,2026-05-23,quantile,0.975,20,South Dakota,Ensemble
2026-05-02,46,3,wk inc flu hosp,2026-05-23,quantile,0.99,26,South Dakota,Ensemble
2026-05-02,47,0,wk inc flu hosp,2026-05-02,quantile,0.01,8,Tennessee,Ensemble
2026-05-02,47,0,wk inc flu hosp,2026-05-02,quantile,0.025,10,Tennessee,Ensemble
2026-05-02,47,0,wk inc flu hosp,2026-05-02,quantile,0.05,12,Tennessee,Ensemble
2026-05-02,47,0,wk inc flu hosp,2026-05-02,quantile,0.1,15,Tennessee,Ensemble
2026-05-02,47,0,wk inc flu hosp,2026-05-02,quantile,0.15,18,Tennessee,Ensemble
2026-05-02,47,0,wk inc flu hosp,2026-05-02,quantile,0.2,20,Tennessee,Ensemble
2026-05-02,47,0,wk inc flu hosp,2026-05-02,quantile,0.25,22,Tennessee,Ensemble
2026-05-02,47,0,wk inc flu hosp,2026-05-02,quantile,0.3,24,Tennessee,Ensemble
2026-05-02,47,0,wk inc flu hosp,2026-05-02,quantile,0.35,25,Tennessee,Ensemble
2026-05-02,47,0,wk inc flu hosp,2026-05-02,quantile,0.4,27,Tennessee,Ensemble
2026-05-02,47,0,wk inc flu hosp,2026-05-02,quantile,0.45,29,Tennessee,Ensemble
2026-05-02,47,0,wk inc flu hosp,2026-05-02,quantile,0.5,32,Tennessee,Ensemble
2026-05-02,47,0,wk inc flu hosp,2026-05-02,quantile,0.55,34,Tennessee,Ensemble
2026-05-02,47,0,wk inc flu hosp,2026-05-02,quantile,0.6,36,Tennessee,Ensemble
2026-05-02,47,0,wk inc flu hosp,2026-05-02,quantile,0.65,38,Tennessee,Ensemble
2026-05-02,47,0,wk inc flu hosp,2026-05-02,quantile,0.7,40,Tennessee,Ensemble
2026-05-02,47,0,wk inc flu hosp,2026-05-02,quantile,0.75,43,Tennessee,Ensemble
2026-05-02,47,0,wk inc flu hosp,2026-05-02,quantile,0.8,46,Tennessee,Ensemble
2026-05-02,47,0,wk inc flu hosp,2026-05-02,quantile,0.85,49,Tennessee,Ensemble
2026-05-02,47,0,wk inc flu hosp,2026-05-02,quantile,0.9,55,Tennessee,Ensemble
2026-05-02,47,0,wk inc flu hosp,2026-05-02,quantile,0.95,63,Tennessee,Ensemble
2026-05-02,47,0,wk inc flu hosp,2026-05-02,quantile,0.975,71,Tennessee,Ensemble
2026-05-02,47,0,wk inc flu hosp,2026-05-02,quantile,0.99,83,Tennessee,Ensemble
2026-05-02,47,1,wk inc flu hosp,2026-05-09,quantile,0.01,5,Tennessee,Ensemble
2026-05-02,47,1,wk inc flu hosp,2026-05-09,quantile,0.025,6,Tennessee,Ensemble
2026-05-02,47,1,wk inc flu hosp,2026-05-09,quantile,0.05,8,Tennessee,Ensemble
2026-05-02,47,1,wk inc flu hosp,2026-05-09,quantile,0.1,11,Tennessee,Ensemble
2026-05-02,47,1,wk inc flu hosp,2026-05-09,quantile,0.15,13,Tennessee,Ensemble
2026-05-02,47,1,wk inc flu hosp,2026-05-09,quantile,0.2,15,Tennessee,Ensemble
2026-05-02,47,1,wk inc flu hosp,2026-05-09,quantile,0.25,17,Tennessee,Ensemble
2026-05-02,47,1,wk inc flu hosp,2026-05-09,quantile,0.3,19,Tennessee,Ensemble
2026-05-02,47,1,wk inc flu hosp,2026-05-09,quantile,0.35,21,Tennessee,Ensemble
2026-05-02,47,1,wk inc flu hosp,2026-05-09,quantile,0.4,23,Tennessee,Ensemble
2026-05-02,47,1,wk inc flu hosp,2026-05-09,quantile,0.45,25,Tennessee,Ensemble
2026-05-02,47,1,wk inc flu hosp,2026-05-09,quantile,0.5,28,Tennessee,Ensemble
2026-05-02,47,1,wk inc flu hosp,2026-05-09,quantile,0.55,30,Tennessee,Ensemble
2026-05-02,47,1,wk inc flu hosp,2026-05-09,quantile,0.6,32,Tennessee,Ensemble
2026-05-02,47,1,wk inc flu hosp,2026-05-09,quantile,0.65,35,Tennessee,Ensemble
2026-05-02,47,1,wk inc flu hosp,2026-05-09,quantile,0.7,37,Tennessee,Ensemble
2026-05-02,47,1,wk inc flu hosp,2026-05-09,quantile,0.75,40,Tennessee,Ensemble
2026-05-02,47,1,wk inc flu hosp,2026-05-09,quantile,0.8,44,Tennessee,Ensemble
2026-05-02,47,1,wk inc flu hosp,2026-05-09,quantile,0.85,48,Tennessee,Ensemble
2026-05-02,47,1,wk inc flu hosp,2026-05-09,quantile,0.9,55,Tennessee,Ensemble
2026-05-02,47,1,wk inc flu hosp,2026-05-09,quantile,0.95,65,Tennessee,Ensemble
2026-05-02,47,1,wk inc flu hosp,2026-05-09,quantile,0.975,76,Tennessee,Ensemble
2026-05-02,47,1,wk inc flu hosp,2026-05-09,quantile,0.99,92,Tennessee,Ensemble
2026-05-02,47,2,wk inc flu hosp,2026-05-16,quantile,0.01,4,Tennessee,Ensemble
2026-05-02,47,2,wk inc flu hosp,2026-05-16,quantile,0.025,5,Tennessee,Ensemble
2026-05-02,47,2,wk inc flu hosp,2026-05-16,quantile,0.05,6,Tennessee,Ensemble
2026-05-02,47,2,wk inc flu hosp,2026-05-16,quantile,0.1,9,Tennessee,Ensemble
2026-05-02,47,2,wk inc flu hosp,2026-05-16,quantile,0.15,11,Tennessee,Ensemble
2026-05-02,47,2,wk inc flu hosp,2026-05-16,quantile,0.2,13,Tennessee,Ensemble
2026-05-02,47,2,wk inc flu hosp,2026-05-16,quantile,0.25,14,Tennessee,Ensemble
2026-05-02,47,2,wk inc flu hosp,2026-05-16,quantile,0.3,16,Tennessee,Ensemble
2026-05-02,47,2,wk inc flu hosp,2026-05-16,quantile,0.35,18,Tennessee,Ensemble
2026-05-02,47,2,wk inc flu hosp,2026-05-16,quantile,0.4,20,Tennessee,Ensemble
2026-05-02,47,2,wk inc flu hosp,2026-05-16,quantile,0.45,22,Tennessee,Ensemble
2026-05-02,47,2,wk inc flu hosp,2026-05-16,quantile,0.5,25,Tennessee,Ensemble
2026-05-02,47,2,wk inc flu hosp,2026-05-16,quantile,0.55,27,Tennessee,Ensemble
2026-05-02,47,2,wk inc flu hosp,2026-05-16,quantile,0.6,30,Tennessee,Ensemble
2026-05-02,47,2,wk inc flu hosp,2026-05-16,quantile,0.65,32,Tennessee,Ensemble
2026-05-02,47,2,wk inc flu hosp,2026-05-16,quantile,0.7,35,Tennessee,Ensemble
2026-05-02,47,2,wk inc flu hosp,2026-05-16,quantile,0.75,38,Tennessee,Ensemble
2026-05-02,47,2,wk inc flu hosp,2026-05-16,quantile,0.8,42,Tennessee,Ensemble
2026-05-02,47,2,wk inc flu hosp,2026-05-16,quantile,0.85,47,Tennessee,Ensemble
2026-05-02,47,2,wk inc flu hosp,2026-05-16,quantile,0.9,54,Tennessee,Ensemble
2026-05-02,47,2,wk inc flu hosp,2026-05-16,quantile,0.95,67,Tennessee,Ensemble
2026-05-02,47,2,wk inc flu hosp,2026-05-16,quantile,0.975,80,Tennessee,Ensemble
2026-05-02,47,2,wk inc flu hosp,2026-05-16,quantile,0.99,98,Tennessee,Ensemble
2026-05-02,47,3,wk inc flu hosp,2026-05-23,quantile,0.01,3,Tennessee,Ensemble
2026-05-02,47,3,wk inc flu hosp,2026-05-23,quantile,0.025,4,Tennessee,Ensemble
2026-05-02,47,3,wk inc flu hosp,2026-05-23,quantile,0.05,5,Tennessee,Ensemble
2026-05-02,47,3,wk inc flu hosp,2026-05-23,quantile,0.1,7,Tennessee,Ensemble
2026-05-02,47,3,wk inc flu hosp,2026-05-23,quantile,0.15,9,Tennessee,Ensemble
2026-05-02,47,3,wk inc flu hosp,2026-05-23,quantile,0.2,11,Tennessee,Ensemble
2026-05-02,47,3,wk inc flu hosp,2026-05-23,quantile,0.25,12,Tennessee,Ensemble
2026-05-02,47,3,wk inc flu hosp,2026-05-23,quantile,0.3,14,Tennessee,Ensemble
2026-05-02,47,3,wk inc flu hosp,2026-05-23,quantile,0.35,15,Tennessee,Ensemble
2026-05-02,47,3,wk inc flu hosp,2026-05-23,quantile,0.4,17,Tennessee,Ensemble
2026-05-02,47,3,wk inc flu hosp,2026-05-23,quantile,0.45,19,Tennessee,Ensemble
2026-05-02,47,3,wk inc flu hosp,2026-05-23,quantile,0.5,22,Tennessee,Ensemble
2026-05-02,47,3,wk inc flu hosp,2026-05-23,quantile,0.55,25,Tennessee,Ensemble
2026-05-02,47,3,wk inc flu hosp,2026-05-23,quantile,0.6,27,Tennessee,Ensemble
2026-05-02,47,3,wk inc flu hosp,2026-05-23,quantile,0.65,30,Tennessee,Ensemble
2026-05-02,47,3,wk inc flu hosp,2026-05-23,quantile,0.7,33,Tennessee,Ensemble
2026-05-02,47,3,wk inc flu hosp,2026-05-23,quantile,0.75,36,Tennessee,Ensemble
2026-05-02,47,3,wk inc flu hosp,2026-05-23,quantile,0.8,40,Tennessee,Ensemble
2026-05-02,47,3,wk inc flu hosp,2026-05-23,quantile,0.85,46,Tennessee,Ensemble
2026-05-02,47,3,wk inc flu hosp,2026-05-23,quantile,0.9,54,Tennessee,Ensemble
2026-05-02,47,3,wk inc flu hosp,2026-05-23,quantile,0.95,68,Tennessee,Ensemble
2026-05-02,47,3,wk inc flu hosp,2026-05-23,quantile,0.975,83,Tennessee,Ensemble
2026-05-02,47,3,wk inc flu hosp,2026-05-23,quantile,0.99,105,Tennessee,Ensemble
2026-05-02,48,0,wk inc flu hosp,2026-05-02,quantile,0.01,30,Texas,Ensemble
2026-05-02,48,0,wk inc flu hosp,2026-05-02,quantile,0.025,37,Texas,Ensemble
2026-05-02,48,0,wk inc flu hosp,2026-05-02,quantile,0.05,45,Texas,Ensemble
2026-05-02,48,0,wk inc flu hosp,2026-05-02,quantile,0.1,56,Texas,Ensemble
2026-05-02,48,0,wk inc flu hosp,2026-05-02,quantile,0.15,64,Texas,Ensemble
2026-05-02,48,0,wk inc flu hosp,2026-05-02,quantile,0.2,71,Texas,Ensemble
2026-05-02,48,0,wk inc flu hosp,2026-05-02,quantile,0.25,77,Texas,Ensemble
2026-05-02,48,0,wk inc flu hosp,2026-05-02,quantile,0.3,82,Texas,Ensemble
2026-05-02,48,0,wk inc flu hosp,2026-05-02,quantile,0.35,88,Texas,Ensemble
2026-05-02,48,0,wk inc flu hosp,2026-05-02,quantile,0.4,95,Texas,Ensemble
2026-05-02,48,0,wk inc flu hosp,2026-05-02,quantile,0.45,102,Texas,Ensemble
2026-05-02,48,0,wk inc flu hosp,2026-05-02,quantile,0.5,110,Texas,Ensemble
2026-05-02,48,0,wk inc flu hosp,2026-05-02,quantile,0.55,117,Texas,Ensemble
2026-05-02,48,0,wk inc flu hosp,2026-05-02,quantile,0.6,124,Texas,Ensemble
2026-05-02,48,0,wk inc flu hosp,2026-05-02,quantile,0.65,131,Texas,Ensemble
2026-05-02,48,0,wk inc flu hosp,2026-05-02,quantile,0.7,139,Texas,Ensemble
2026-05-02,48,0,wk inc flu hosp,2026-05-02,quantile,0.75,147,Texas,Ensemble
2026-05-02,48,0,wk inc flu hosp,2026-05-02,quantile,0.8,157,Texas,Ensemble
2026-05-02,48,0,wk inc flu hosp,2026-05-02,quantile,0.85,170,Texas,Ensemble
2026-05-02,48,0,wk inc flu hosp,2026-05-02,quantile,0.9,187,Texas,Ensemble
2026-05-02,48,0,wk inc flu hosp,2026-05-02,quantile,0.95,214,Texas,Ensemble
2026-05-02,48,0,wk inc flu hosp,2026-05-02,quantile,0.975,243,Texas,Ensemble
2026-05-02,48,0,wk inc flu hosp,2026-05-02,quantile,0.99,281,Texas,Ensemble
2026-05-02,48,1,wk inc flu hosp,2026-05-09,quantile,0.01,21,Texas,Ensemble
2026-05-02,48,1,wk inc flu hosp,2026-05-09,quantile,0.025,25,Texas,Ensemble
2026-05-02,48,1,wk inc flu hosp,2026-05-09,quantile,0.05,31,Texas,Ensemble
2026-05-02,48,1,wk inc flu hosp,2026-05-09,quantile,0.1,40,Texas,Ensemble
2026-05-02,48,1,wk inc flu hosp,2026-05-09,quantile,0.15,49,Texas,Ensemble
2026-05-02,48,1,wk inc flu hosp,2026-05-09,quantile,0.2,56,Texas,Ensemble
2026-05-02,48,1,wk inc flu hosp,2026-05-09,quantile,0.25,62,Texas,Ensemble
2026-05-02,48,1,wk inc flu hosp,2026-05-09,quantile,0.3,68,Texas,Ensemble
2026-05-02,48,1,wk inc flu hosp,2026-05-09,quantile,0.35,75,Texas,Ensemble
2026-05-02,48,1,wk inc flu hosp,2026-05-09,quantile,0.4,81,Texas,Ensemble
2026-05-02,48,1,wk inc flu hosp,2026-05-09,quantile,0.45,87,Texas,Ensemble
2026-05-02,48,1,wk inc flu hosp,2026-05-09,quantile,0.5,97,Texas,Ensemble
2026-05-02,48,1,wk inc flu hosp,2026-05-09,quantile,0.55,105,Texas,Ensemble
2026-05-02,48,1,wk inc flu hosp,2026-05-09,quantile,0.6,113,Texas,Ensemble
2026-05-02,48,1,wk inc flu hosp,2026-05-09,quantile,0.65,122,Texas,Ensemble
2026-05-02,48,1,wk inc flu hosp,2026-05-09,quantile,0.7,131,Texas,Ensemble
2026-05-02,48,1,wk inc flu hosp,2026-05-09,quantile,0.75,142,Texas,Ensemble
2026-05-02,48,1,wk inc flu hosp,2026-05-09,quantile,0.8,155,Texas,Ensemble
2026-05-02,48,1,wk inc flu hosp,2026-05-09,quantile,0.85,171,Texas,Ensemble
2026-05-02,48,1,wk inc flu hosp,2026-05-09,quantile,0.9,193,Texas,Ensemble
2026-05-02,48,1,wk inc flu hosp,2026-05-09,quantile,0.95,230,Texas,Ensemble
2026-05-02,48,1,wk inc flu hosp,2026-05-09,quantile,0.975,269,Texas,Ensemble
2026-05-02,48,1,wk inc flu hosp,2026-05-09,quantile,0.99,325,Texas,Ensemble
2026-05-02,48,2,wk inc flu hosp,2026-05-16,quantile,0.01,16,Texas,Ensemble
2026-05-02,48,2,wk inc flu hosp,2026-05-16,quantile,0.025,20,Texas,Ensemble
2026-05-02,48,2,wk inc flu hosp,2026-05-16,quantile,0.05,24,Texas,Ensemble
2026-05-02,48,2,wk inc flu hosp,2026-05-16,quantile,0.1,30,Texas,Ensemble
2026-05-02,48,2,wk inc flu hosp,2026-05-16,quantile,0.15,38,Texas,Ensemble
2026-05-02,48,2,wk inc flu hosp,2026-05-16,quantile,0.2,46,Texas,Ensemble
2026-05-02,48,2,wk inc flu hosp,2026-05-16,quantile,0.25,53,Texas,Ensemble
2026-05-02,48,2,wk inc flu hosp,2026-05-16,quantile,0.3,59,Texas,Ensemble
2026-05-02,48,2,wk inc flu hosp,2026-05-16,quantile,0.35,66,Texas,Ensemble
2026-05-02,48,2,wk inc flu hosp,2026-05-16,quantile,0.4,72,Texas,Ensemble
2026-05-02,48,2,wk inc flu hosp,2026-05-16,quantile,0.45,79,Texas,Ensemble
2026-05-02,48,2,wk inc flu hosp,2026-05-16,quantile,0.5,88,Texas,Ensemble
2026-05-02,48,2,wk inc flu hosp,2026-05-16,quantile,0.55,97,Texas,Ensemble
2026-05-02,48,2,wk inc flu hosp,2026-05-16,quantile,0.6,106,Texas,Ensemble
2026-05-02,48,2,wk inc flu hosp,2026-05-16,quantile,0.65,116,Texas,Ensemble
2026-05-02,48,2,wk inc flu hosp,2026-05-16,quantile,0.7,127,Texas,Ensemble
2026-05-02,48,2,wk inc flu hosp,2026-05-16,quantile,0.75,139,Texas,Ensemble
2026-05-02,48,2,wk inc flu hosp,2026-05-16,quantile,0.8,153,Texas,Ensemble
2026-05-02,48,2,wk inc flu hosp,2026-05-16,quantile,0.85,172,Texas,Ensemble
2026-05-02,48,2,wk inc flu hosp,2026-05-16,quantile,0.9,199,Texas,Ensemble
2026-05-02,48,2,wk inc flu hosp,2026-05-16,quantile,0.95,244,Texas,Ensemble
2026-05-02,48,2,wk inc flu hosp,2026-05-16,quantile,0.975,293,Texas,Ensemble
2026-05-02,48,2,wk inc flu hosp,2026-05-16,quantile,0.99,357,Texas,Ensemble
2026-05-02,48,3,wk inc flu hosp,2026-05-23,quantile,0.01,13,Texas,Ensemble
2026-05-02,48,3,wk inc flu hosp,2026-05-23,quantile,0.025,16,Texas,Ensemble
2026-05-02,48,3,wk inc flu hosp,2026-05-23,quantile,0.05,20,Texas,Ensemble
2026-05-02,48,3,wk inc flu hosp,2026-05-23,quantile,0.1,25,Texas,Ensemble
2026-05-02,48,3,wk inc flu hosp,2026-05-23,quantile,0.15,31,Texas,Ensemble
2026-05-02,48,3,wk inc flu hosp,2026-05-23,quantile,0.2,38,Texas,Ensemble
2026-05-02,48,3,wk inc flu hosp,2026-05-23,quantile,0.25,45,Texas,Ensemble
2026-05-02,48,3,wk inc flu hosp,2026-05-23,quantile,0.3,51,Texas,Ensemble
2026-05-02,48,3,wk inc flu hosp,2026-05-23,quantile,0.35,58,Texas,Ensemble
2026-05-02,48,3,wk inc flu hosp,2026-05-23,quantile,0.4,64,Texas,Ensemble
2026-05-02,48,3,wk inc flu hosp,2026-05-23,quantile,0.45,70,Texas,Ensemble
2026-05-02,48,3,wk inc flu hosp,2026-05-23,quantile,0.5,80,Texas,Ensemble
2026-05-02,48,3,wk inc flu hosp,2026-05-23,quantile,0.55,89,Texas,Ensemble
2026-05-02,48,3,wk inc flu hosp,2026-05-23,quantile,0.6,99,Texas,Ensemble
2026-05-02,48,3,wk inc flu hosp,2026-05-23,quantile,0.65,110,Texas,Ensemble
2026-05-02,48,3,wk inc flu hosp,2026-05-23,quantile,0.7,121,Texas,Ensemble
2026-05-02,48,3,wk inc flu hosp,2026-05-23,quantile,0.75,134,Texas,Ensemble
2026-05-02,48,3,wk inc flu hosp,2026-05-23,quantile,0.8,151,Texas,Ensemble
2026-05-02,48,3,wk inc flu hosp,2026-05-23,quantile,0.85,172,Texas,Ensemble
2026-05-02,48,3,wk inc flu hosp,2026-05-23,quantile,0.9,201,Texas,Ensemble
2026-05-02,48,3,wk inc flu hosp,2026-05-23,quantile,0.95,253,Texas,Ensemble
2026-05-02,48,3,wk inc flu hosp,2026-05-23,quantile,0.975,310,Texas,Ensemble
2026-05-02,48,3,wk inc flu hosp,2026-05-23,quantile,0.99,392,Texas,Ensemble
2026-05-02,49,0,wk inc flu hosp,2026-05-02,quantile,0.01,1,Utah,Ensemble
2026-05-02,49,0,wk inc flu hosp,2026-05-02,quantile,0.025,1,Utah,Ensemble
2026-05-02,49,0,wk inc flu hosp,2026-05-02,quantile,0.05,2,Utah,Ensemble
2026-05-02,49,0,wk inc flu hosp,2026-05-02,quantile,0.1,3,Utah,Ensemble
2026-05-02,49,0,wk inc flu hosp,2026-05-02,quantile,0.15,3,Utah,Ensemble
2026-05-02,49,0,wk inc flu hosp,2026-05-02,quantile,0.2,4,Utah,Ensemble
2026-05-02,49,0,wk inc flu hosp,2026-05-02,quantile,0.25,4,Utah,Ensemble
2026-05-02,49,0,wk inc flu hosp,2026-05-02,quantile,0.3,5,Utah,Ensemble
2026-05-02,49,0,wk inc flu hosp,2026-05-02,quantile,0.35,6,Utah,Ensemble
2026-05-02,49,0,wk inc flu hosp,2026-05-02,quantile,0.4,6,Utah,Ensemble
2026-05-02,49,0,wk inc flu hosp,2026-05-02,quantile,0.45,7,Utah,Ensemble
2026-05-02,49,0,wk inc flu hosp,2026-05-02,quantile,0.5,9,Utah,Ensemble
2026-05-02,49,0,wk inc flu hosp,2026-05-02,quantile,0.55,10,Utah,Ensemble
2026-05-02,49,0,wk inc flu hosp,2026-05-02,quantile,0.6,11,Utah,Ensemble
2026-05-02,49,0,wk inc flu hosp,2026-05-02,quantile,0.65,12,Utah,Ensemble
2026-05-02,49,0,wk inc flu hosp,2026-05-02,quantile,0.7,12,Utah,Ensemble
2026-05-02,49,0,wk inc flu hosp,2026-05-02,quantile,0.75,13,Utah,Ensemble
2026-05-02,49,0,wk inc flu hosp,2026-05-02,quantile,0.8,15,Utah,Ensemble
2026-05-02,49,0,wk inc flu hosp,2026-05-02,quantile,0.85,16,Utah,Ensemble
2026-05-02,49,0,wk inc flu hosp,2026-05-02,quantile,0.9,19,Utah,Ensemble
2026-05-02,49,0,wk inc flu hosp,2026-05-02,quantile,0.95,23,Utah,Ensemble
2026-05-02,49,0,wk inc flu hosp,2026-05-02,quantile,0.975,27,Utah,Ensemble
2026-05-02,49,0,wk inc flu hosp,2026-05-02,quantile,0.99,33,Utah,Ensemble
2026-05-02,49,1,wk inc flu hosp,2026-05-09,quantile,0.01,0,Utah,Ensemble
2026-05-02,49,1,wk inc flu hosp,2026-05-09,quantile,0.025,1,Utah,Ensemble
2026-05-02,49,1,wk inc flu hosp,2026-05-09,quantile,0.05,1,Utah,Ensemble
2026-05-02,49,1,wk inc flu hosp,2026-05-09,quantile,0.1,2,Utah,Ensemble
2026-05-02,49,1,wk inc flu hosp,2026-05-09,quantile,0.15,2,Utah,Ensemble
2026-05-02,49,1,wk inc flu hosp,2026-05-09,quantile,0.2,3,Utah,Ensemble
2026-05-02,49,1,wk inc flu hosp,2026-05-09,quantile,0.25,4,Utah,Ensemble
2026-05-02,49,1,wk inc flu hosp,2026-05-09,quantile,0.3,4,Utah,Ensemble
2026-05-02,49,1,wk inc flu hosp,2026-05-09,quantile,0.35,5,Utah,Ensemble
2026-05-02,49,1,wk inc flu hosp,2026-05-09,quantile,0.4,6,Utah,Ensemble
2026-05-02,49,1,wk inc flu hosp,2026-05-09,quantile,0.45,7,Utah,Ensemble
2026-05-02,49,1,wk inc flu hosp,2026-05-09,quantile,0.5,8,Utah,Ensemble
2026-05-02,49,1,wk inc flu hosp,2026-05-09,quantile,0.55,9,Utah,Ensemble
2026-05-02,49,1,wk inc flu hosp,2026-05-09,quantile,0.6,11,Utah,Ensemble
2026-05-02,49,1,wk inc flu hosp,2026-05-09,quantile,0.65,12,Utah,Ensemble
2026-05-02,49,1,wk inc flu hosp,2026-05-09,quantile,0.7,13,Utah,Ensemble
2026-05-02,49,1,wk inc flu hosp,2026-05-09,quantile,0.75,14,Utah,Ensemble
2026-05-02,49,1,wk inc flu hosp,2026-05-09,quantile,0.8,16,Utah,Ensemble
2026-05-02,49,1,wk inc flu hosp,2026-05-09,quantile,0.85,18,Utah,Ensemble
2026-05-02,49,1,wk inc flu hosp,2026-05-09,quantile,0.9,21,Utah,Ensemble
2026-05-02,49,1,wk inc flu hosp,2026-05-09,quantile,0.95,27,Utah,Ensemble
2026-05-02,49,1,wk inc flu hosp,2026-05-09,quantile,0.975,33,Utah,Ensemble
2026-05-02,49,1,wk inc flu hosp,2026-05-09,quantile,0.99,43,Utah,Ensemble
2026-05-02,49,2,wk inc flu hosp,2026-05-16,quantile,0.01,0,Utah,Ensemble
2026-05-02,49,2,wk inc flu hosp,2026-05-16,quantile,0.025,0,Utah,Ensemble
2026-05-02,49,2,wk inc flu hosp,2026-05-16,quantile,0.05,1,Utah,Ensemble
2026-05-02,49,2,wk inc flu hosp,2026-05-16,quantile,0.1,1,Utah,Ensemble
2026-05-02,49,2,wk inc flu hosp,2026-05-16,quantile,0.15,2,Utah,Ensemble
2026-05-02,49,2,wk inc flu hosp,2026-05-16,quantile,0.2,2,Utah,Ensemble
2026-05-02,49,2,wk inc flu hosp,2026-05-16,quantile,0.25,3,Utah,Ensemble
2026-05-02,49,2,wk inc flu hosp,2026-05-16,quantile,0.3,3,Utah,Ensemble
2026-05-02,49,2,wk inc flu hosp,2026-05-16,quantile,0.35,4,Utah,Ensemble
2026-05-02,49,2,wk inc flu hosp,2026-05-16,quantile,0.4,5,Utah,Ensemble
2026-05-02,49,2,wk inc flu hosp,2026-05-16,quantile,0.45,5,Utah,Ensemble
2026-05-02,49,2,wk inc flu hosp,2026-05-16,quantile,0.5,7,Utah,Ensemble
2026-05-02,49,2,wk inc flu hosp,2026-05-16,quantile,0.55,8,Utah,Ensemble
2026-05-02,49,2,wk inc flu hosp,2026-05-16,quantile,0.6,9,Utah,Ensemble
2026-05-02,49,2,wk inc flu hosp,2026-05-16,quantile,0.65,11,Utah,Ensemble
2026-05-02,49,2,wk inc flu hosp,2026-05-16,quantile,0.7,12,Utah,Ensemble
2026-05-02,49,2,wk inc flu hosp,2026-05-16,quantile,0.75,14,Utah,Ensemble
2026-05-02,49,2,wk inc flu hosp,2026-05-16,quantile,0.8,16,Utah,Ensemble
2026-05-02,49,2,wk inc flu hosp,2026-05-16,quantile,0.85,18,Utah,Ensemble
2026-05-02,49,2,wk inc flu hosp,2026-05-16,quantile,0.9,22,Utah,Ensemble
2026-05-02,49,2,wk inc flu hosp,2026-05-16,quantile,0.95,29,Utah,Ensemble
2026-05-02,49,2,wk inc flu hosp,2026-05-16,quantile,0.975,36,Utah,Ensemble
2026-05-02,49,2,wk inc flu hosp,2026-05-16,quantile,0.99,48,Utah,Ensemble
2026-05-02,49,3,wk inc flu hosp,2026-05-23,quantile,0.01,0,Utah,Ensemble
2026-05-02,49,3,wk inc flu hosp,2026-05-23,quantile,0.025,0,Utah,Ensemble
2026-05-02,49,3,wk inc flu hosp,2026-05-23,quantile,0.05,0,Utah,Ensemble
2026-05-02,49,3,wk inc flu hosp,2026-05-23,quantile,0.1,1,Utah,Ensemble
2026-05-02,49,3,wk inc flu hosp,2026-05-23,quantile,0.15,1,Utah,Ensemble
2026-05-02,49,3,wk inc flu hosp,2026-05-23,quantile,0.2,2,Utah,Ensemble
2026-05-02,49,3,wk inc flu hosp,2026-05-23,quantile,0.25,2,Utah,Ensemble
2026-05-02,49,3,wk inc flu hosp,2026-05-23,quantile,0.3,3,Utah,Ensemble
2026-05-02,49,3,wk inc flu hosp,2026-05-23,quantile,0.35,3,Utah,Ensemble
2026-05-02,49,3,wk inc flu hosp,2026-05-23,quantile,0.4,4,Utah,Ensemble
2026-05-02,49,3,wk inc flu hosp,2026-05-23,quantile,0.45,5,Utah,Ensemble
2026-05-02,49,3,wk inc flu hosp,2026-05-23,quantile,0.5,7,Utah,Ensemble
2026-05-02,49,3,wk inc flu hosp,2026-05-23,quantile,0.55,8,Utah,Ensemble
2026-05-02,49,3,wk inc flu hosp,2026-05-23,quantile,0.6,9,Utah,Ensemble
2026-05-02,49,3,wk inc flu hosp,2026-05-23,quantile,0.65,10,Utah,Ensemble
2026-05-02,49,3,wk inc flu hosp,2026-05-23,quantile,0.7,12,Utah,Ensemble
2026-05-02,49,3,wk inc flu hosp,2026-05-23,quantile,0.75,13,Utah,Ensemble
2026-05-02,49,3,wk inc flu hosp,2026-05-23,quantile,0.8,16,Utah,Ensemble
2026-05-02,49,3,wk inc flu hosp,2026-05-23,quantile,0.85,18,Utah,Ensemble
2026-05-02,49,3,wk inc flu hosp,2026-05-23,quantile,0.9,23,Utah,Ensemble
2026-05-02,49,3,wk inc flu hosp,2026-05-23,quantile,0.95,30,Utah,Ensemble
2026-05-02,49,3,wk inc flu hosp,2026-05-23,quantile,0.975,40,Utah,Ensemble
2026-05-02,49,3,wk inc flu hosp,2026-05-23,quantile,0.99,54,Utah,Ensemble
2026-05-02,50,0,wk inc flu hosp,2026-05-02,quantile,0.01,0,Vermont,Ensemble
2026-05-02,50,0,wk inc flu hosp,2026-05-02,quantile,0.025,0,Vermont,Ensemble
2026-05-02,50,0,wk inc flu hosp,2026-05-02,quantile,0.05,0,Vermont,Ensemble
2026-05-02,50,0,wk inc flu hosp,2026-05-02,quantile,0.1,0,Vermont,Ensemble
2026-05-02,50,0,wk inc flu hosp,2026-05-02,quantile,0.15,0,Vermont,Ensemble
2026-05-02,50,0,wk inc flu hosp,2026-05-02,quantile,0.2,0,Vermont,Ensemble
2026-05-02,50,0,wk inc flu hosp,2026-05-02,quantile,0.25,0,Vermont,Ensemble
2026-05-02,50,0,wk inc flu hosp,2026-05-02,quantile,0.3,0,Vermont,Ensemble
2026-05-02,50,0,wk inc flu hosp,2026-05-02,quantile,0.35,0,Vermont,Ensemble
2026-05-02,50,0,wk inc flu hosp,2026-05-02,quantile,0.4,0,Vermont,Ensemble
2026-05-02,50,0,wk inc flu hosp,2026-05-02,quantile,0.45,1,Vermont,Ensemble
2026-05-02,50,0,wk inc flu hosp,2026-05-02,quantile,0.5,2,Vermont,Ensemble
2026-05-02,50,0,wk inc flu hosp,2026-05-02,quantile,0.55,2,Vermont,Ensemble
2026-05-02,50,0,wk inc flu hosp,2026-05-02,quantile,0.6,2,Vermont,Ensemble
2026-05-02,50,0,wk inc flu hosp,2026-05-02,quantile,0.65,3,Vermont,Ensemble
2026-05-02,50,0,wk inc flu hosp,2026-05-02,quantile,0.7,3,Vermont,Ensemble
2026-05-02,50,0,wk inc flu hosp,2026-05-02,quantile,0.75,3,Vermont,Ensemble
2026-05-02,50,0,wk inc flu hosp,2026-05-02,quantile,0.8,4,Vermont,Ensemble
2026-05-02,50,0,wk inc flu hosp,2026-05-02,quantile,0.85,5,Vermont,Ensemble
2026-05-02,50,0,wk inc flu hosp,2026-05-02,quantile,0.9,6,Vermont,Ensemble
2026-05-02,50,0,wk inc flu hosp,2026-05-02,quantile,0.95,7,Vermont,Ensemble
2026-05-02,50,0,wk inc flu hosp,2026-05-02,quantile,0.975,9,Vermont,Ensemble
2026-05-02,50,0,wk inc flu hosp,2026-05-02,quantile,0.99,11,Vermont,Ensemble
2026-05-02,50,1,wk inc flu hosp,2026-05-09,quantile,0.01,0,Vermont,Ensemble
2026-05-02,50,1,wk inc flu hosp,2026-05-09,quantile,0.025,0,Vermont,Ensemble
2026-05-02,50,1,wk inc flu hosp,2026-05-09,quantile,0.05,0,Vermont,Ensemble
2026-05-02,50,1,wk inc flu hosp,2026-05-09,quantile,0.1,0,Vermont,Ensemble
2026-05-02,50,1,wk inc flu hosp,2026-05-09,quantile,0.15,0,Vermont,Ensemble
2026-05-02,50,1,wk inc flu hosp,2026-05-09,quantile,0.2,0,Vermont,Ensemble
2026-05-02,50,1,wk inc flu hosp,2026-05-09,quantile,0.25,0,Vermont,Ensemble
2026-05-02,50,1,wk inc flu hosp,2026-05-09,quantile,0.3,0,Vermont,Ensemble
2026-05-02,50,1,wk inc flu hosp,2026-05-09,quantile,0.35,0,Vermont,Ensemble
2026-05-02,50,1,wk inc flu hosp,2026-05-09,quantile,0.4,0,Vermont,Ensemble
2026-05-02,50,1,wk inc flu hosp,2026-05-09,quantile,0.45,0,Vermont,Ensemble
2026-05-02,50,1,wk inc flu hosp,2026-05-09,quantile,0.5,1,Vermont,Ensemble
2026-05-02,50,1,wk inc flu hosp,2026-05-09,quantile,0.55,2,Vermont,Ensemble
2026-05-02,50,1,wk inc flu hosp,2026-05-09,quantile,0.6,2,Vermont,Ensemble
2026-05-02,50,1,wk inc flu hosp,2026-05-09,quantile,0.65,3,Vermont,Ensemble
2026-05-02,50,1,wk inc flu hosp,2026-05-09,quantile,0.7,3,Vermont,Ensemble
2026-05-02,50,1,wk inc flu hosp,2026-05-09,quantile,0.75,3,Vermont,Ensemble
2026-05-02,50,1,wk inc flu hosp,2026-05-09,quantile,0.8,4,Vermont,Ensemble
2026-05-02,50,1,wk inc flu hosp,2026-05-09,quantile,0.85,4,Vermont,Ensemble
2026-05-02,50,1,wk inc flu hosp,2026-05-09,quantile,0.9,6,Vermont,Ensemble
2026-05-02,50,1,wk inc flu hosp,2026-05-09,quantile,0.95,7,Vermont,Ensemble
2026-05-02,50,1,wk inc flu hosp,2026-05-09,quantile,0.975,9,Vermont,Ensemble
2026-05-02,50,1,wk inc flu hosp,2026-05-09,quantile,0.99,12,Vermont,Ensemble
2026-05-02,50,2,wk inc flu hosp,2026-05-16,quantile,0.01,0,Vermont,Ensemble
2026-05-02,50,2,wk inc flu hosp,2026-05-16,quantile,0.025,0,Vermont,Ensemble
2026-05-02,50,2,wk inc flu hosp,2026-05-16,quantile,0.05,0,Vermont,Ensemble
2026-05-02,50,2,wk inc flu hosp,2026-05-16,quantile,0.1,0,Vermont,Ensemble
2026-05-02,50,2,wk inc flu hosp,2026-05-16,quantile,0.15,0,Vermont,Ensemble
2026-05-02,50,2,wk inc flu hosp,2026-05-16,quantile,0.2,0,Vermont,Ensemble
2026-05-02,50,2,wk inc flu hosp,2026-05-16,quantile,0.25,0,Vermont,Ensemble
2026-05-02,50,2,wk inc flu hosp,2026-05-16,quantile,0.3,0,Vermont,Ensemble
2026-05-02,50,2,wk inc flu hosp,2026-05-16,quantile,0.35,0,Vermont,Ensemble
2026-05-02,50,2,wk inc flu hosp,2026-05-16,quantile,0.4,0,Vermont,Ensemble
2026-05-02,50,2,wk inc flu hosp,2026-05-16,quantile,0.45,0,Vermont,Ensemble
2026-05-02,50,2,wk inc flu hosp,2026-05-16,quantile,0.5,1,Vermont,Ensemble
2026-05-02,50,2,wk inc flu hosp,2026-05-16,quantile,0.55,2,Vermont,Ensemble
2026-05-02,50,2,wk inc flu hosp,2026-05-16,quantile,0.6,2,Vermont,Ensemble
2026-05-02,50,2,wk inc flu hosp,2026-05-16,quantile,0.65,3,Vermont,Ensemble
2026-05-02,50,2,wk inc flu hosp,2026-05-16,quantile,0.7,3,Vermont,Ensemble
2026-05-02,50,2,wk inc flu hosp,2026-05-16,quantile,0.75,3,Vermont,Ensemble
2026-05-02,50,2,wk inc flu hosp,2026-05-16,quantile,0.8,4,Vermont,Ensemble
2026-05-02,50,2,wk inc flu hosp,2026-05-16,quantile,0.85,5,Vermont,Ensemble
2026-05-02,50,2,wk inc flu hosp,2026-05-16,quantile,0.9,6,Vermont,Ensemble
2026-05-02,50,2,wk inc flu hosp,2026-05-16,quantile,0.95,8,Vermont,Ensemble
2026-05-02,50,2,wk inc flu hosp,2026-05-16,quantile,0.975,10,Vermont,Ensemble
2026-05-02,50,2,wk inc flu hosp,2026-05-16,quantile,0.99,14,Vermont,Ensemble
2026-05-02,50,3,wk inc flu hosp,2026-05-23,quantile,0.01,0,Vermont,Ensemble
2026-05-02,50,3,wk inc flu hosp,2026-05-23,quantile,0.025,0,Vermont,Ensemble
2026-05-02,50,3,wk inc flu hosp,2026-05-23,quantile,0.05,0,Vermont,Ensemble
2026-05-02,50,3,wk inc flu hosp,2026-05-23,quantile,0.1,0,Vermont,Ensemble
2026-05-02,50,3,wk inc flu hosp,2026-05-23,quantile,0.15,0,Vermont,Ensemble
2026-05-02,50,3,wk inc flu hosp,2026-05-23,quantile,0.2,0,Vermont,Ensemble
2026-05-02,50,3,wk inc flu hosp,2026-05-23,quantile,0.25,0,Vermont,Ensemble
2026-05-02,50,3,wk inc flu hosp,2026-05-23,quantile,0.3,0,Vermont,Ensemble
2026-05-02,50,3,wk inc flu hosp,2026-05-23,quantile,0.35,0,Vermont,Ensemble
2026-05-02,50,3,wk inc flu hosp,2026-05-23,quantile,0.4,0,Vermont,Ensemble
2026-05-02,50,3,wk inc flu hosp,2026-05-23,quantile,0.45,0,Vermont,Ensemble
2026-05-02,50,3,wk inc flu hosp,2026-05-23,quantile,0.5,1,Vermont,Ensemble
2026-05-02,50,3,wk inc flu hosp,2026-05-23,quantile,0.55,2,Vermont,Ensemble
2026-05-02,50,3,wk inc flu hosp,2026-05-23,quantile,0.6,2,Vermont,Ensemble
2026-05-02,50,3,wk inc flu hosp,2026-05-23,quantile,0.65,2,Vermont,Ensemble
2026-05-02,50,3,wk inc flu hosp,2026-05-23,quantile,0.7,3,Vermont,Ensemble
2026-05-02,50,3,wk inc flu hosp,2026-05-23,quantile,0.75,3,Vermont,Ensemble
2026-05-02,50,3,wk inc flu hosp,2026-05-23,quantile,0.8,4,Vermont,Ensemble
2026-05-02,50,3,wk inc flu hosp,2026-05-23,quantile,0.85,5,Vermont,Ensemble
2026-05-02,50,3,wk inc flu hosp,2026-05-23,quantile,0.9,6,Vermont,Ensemble
2026-05-02,50,3,wk inc flu hosp,2026-05-23,quantile,0.95,8,Vermont,Ensemble
2026-05-02,50,3,wk inc flu hosp,2026-05-23,quantile,0.975,11,Vermont,Ensemble
2026-05-02,50,3,wk inc flu hosp,2026-05-23,quantile,0.99,15,Vermont,Ensemble
2026-05-02,51,0,wk inc flu hosp,2026-05-02,quantile,0.01,3,Virginia,Ensemble
2026-05-02,51,0,wk inc flu hosp,2026-05-02,quantile,0.025,4,Virginia,Ensemble
2026-05-02,51,0,wk inc flu hosp,2026-05-02,quantile,0.05,4,Virginia,Ensemble
2026-05-02,51,0,wk inc flu hosp,2026-05-02,quantile,0.1,6,Virginia,Ensemble
2026-05-02,51,0,wk inc flu hosp,2026-05-02,quantile,0.15,7,Virginia,Ensemble
2026-05-02,51,0,wk inc flu hosp,2026-05-02,quantile,0.2,8,Virginia,Ensemble
2026-05-02,51,0,wk inc flu hosp,2026-05-02,quantile,0.25,9,Virginia,Ensemble
2026-05-02,51,0,wk inc flu hosp,2026-05-02,quantile,0.3,10,Virginia,Ensemble
2026-05-02,51,0,wk inc flu hosp,2026-05-02,quantile,0.35,11,Virginia,Ensemble
2026-05-02,51,0,wk inc flu hosp,2026-05-02,quantile,0.4,12,Virginia,Ensemble
2026-05-02,51,0,wk inc flu hosp,2026-05-02,quantile,0.45,14,Virginia,Ensemble
2026-05-02,51,0,wk inc flu hosp,2026-05-02,quantile,0.5,16,Virginia,Ensemble
2026-05-02,51,0,wk inc flu hosp,2026-05-02,quantile,0.55,18,Virginia,Ensemble
2026-05-02,51,0,wk inc flu hosp,2026-05-02,quantile,0.6,20,Virginia,Ensemble
2026-05-02,51,0,wk inc flu hosp,2026-05-02,quantile,0.65,21,Virginia,Ensemble
2026-05-02,51,0,wk inc flu hosp,2026-05-02,quantile,0.7,23,Virginia,Ensemble
2026-05-02,51,0,wk inc flu hosp,2026-05-02,quantile,0.75,25,Virginia,Ensemble
2026-05-02,51,0,wk inc flu hosp,2026-05-02,quantile,0.8,28,Virginia,Ensemble
2026-05-02,51,0,wk inc flu hosp,2026-05-02,quantile,0.85,31,Virginia,Ensemble
2026-05-02,51,0,wk inc flu hosp,2026-05-02,quantile,0.9,35,Virginia,Ensemble
2026-05-02,51,0,wk inc flu hosp,2026-05-02,quantile,0.95,43,Virginia,Ensemble
2026-05-02,51,0,wk inc flu hosp,2026-05-02,quantile,0.975,51,Virginia,Ensemble
2026-05-02,51,0,wk inc flu hosp,2026-05-02,quantile,0.99,62,Virginia,Ensemble
2026-05-02,51,1,wk inc flu hosp,2026-05-09,quantile,0.01,2,Virginia,Ensemble
2026-05-02,51,1,wk inc flu hosp,2026-05-09,quantile,0.025,2,Virginia,Ensemble
2026-05-02,51,1,wk inc flu hosp,2026-05-09,quantile,0.05,3,Virginia,Ensemble
2026-05-02,51,1,wk inc flu hosp,2026-05-09,quantile,0.1,4,Virginia,Ensemble
2026-05-02,51,1,wk inc flu hosp,2026-05-09,quantile,0.15,6,Virginia,Ensemble
2026-05-02,51,1,wk inc flu hosp,2026-05-09,quantile,0.2,7,Virginia,Ensemble
2026-05-02,51,1,wk inc flu hosp,2026-05-09,quantile,0.25,8,Virginia,Ensemble
2026-05-02,51,1,wk inc flu hosp,2026-05-09,quantile,0.3,9,Virginia,Ensemble
2026-05-02,51,1,wk inc flu hosp,2026-05-09,quantile,0.35,10,Virginia,Ensemble
2026-05-02,51,1,wk inc flu hosp,2026-05-09,quantile,0.4,11,Virginia,Ensemble
2026-05-02,51,1,wk inc flu hosp,2026-05-09,quantile,0.45,12,Virginia,Ensemble
2026-05-02,51,1,wk inc flu hosp,2026-05-09,quantile,0.5,15,Virginia,Ensemble
2026-05-02,51,1,wk inc flu hosp,2026-05-09,quantile,0.55,17,Virginia,Ensemble
2026-05-02,51,1,wk inc flu hosp,2026-05-09,quantile,0.6,19,Virginia,Ensemble
2026-05-02,51,1,wk inc flu hosp,2026-05-09,quantile,0.65,21,Virginia,Ensemble
2026-05-02,51,1,wk inc flu hosp,2026-05-09,quantile,0.7,23,Virginia,Ensemble
2026-05-02,51,1,wk inc flu hosp,2026-05-09,quantile,0.75,26,Virginia,Ensemble
2026-05-02,51,1,wk inc flu hosp,2026-05-09,quantile,0.8,29,Virginia,Ensemble
2026-05-02,51,1,wk inc flu hosp,2026-05-09,quantile,0.85,33,Virginia,Ensemble
2026-05-02,51,1,wk inc flu hosp,2026-05-09,quantile,0.9,39,Virginia,Ensemble
2026-05-02,51,1,wk inc flu hosp,2026-05-09,quantile,0.95,50,Virginia,Ensemble
2026-05-02,51,1,wk inc flu hosp,2026-05-09,quantile,0.975,61,Virginia,Ensemble
2026-05-02,51,1,wk inc flu hosp,2026-05-09,quantile,0.99,79,Virginia,Ensemble
2026-05-02,51,2,wk inc flu hosp,2026-05-16,quantile,0.01,1,Virginia,Ensemble
2026-05-02,51,2,wk inc flu hosp,2026-05-16,quantile,0.025,2,Virginia,Ensemble
2026-05-02,51,2,wk inc flu hosp,2026-05-16,quantile,0.05,3,Virginia,Ensemble
2026-05-02,51,2,wk inc flu hosp,2026-05-16,quantile,0.1,4,Virginia,Ensemble
2026-05-02,51,2,wk inc flu hosp,2026-05-16,quantile,0.15,5,Virginia,Ensemble
2026-05-02,51,2,wk inc flu hosp,2026-05-16,quantile,0.2,6,Virginia,Ensemble
2026-05-02,51,2,wk inc flu hosp,2026-05-16,quantile,0.25,7,Virginia,Ensemble
2026-05-02,51,2,wk inc flu hosp,2026-05-16,quantile,0.3,8,Virginia,Ensemble
2026-05-02,51,2,wk inc flu hosp,2026-05-16,quantile,0.35,9,Virginia,Ensemble
2026-05-02,51,2,wk inc flu hosp,2026-05-16,quantile,0.4,9,Virginia,Ensemble
2026-05-02,51,2,wk inc flu hosp,2026-05-16,quantile,0.45,11,Virginia,Ensemble
2026-05-02,51,2,wk inc flu hosp,2026-05-16,quantile,0.5,13,Virginia,Ensemble
2026-05-02,51,2,wk inc flu hosp,2026-05-16,quantile,0.55,15,Virginia,Ensemble
2026-05-02,51,2,wk inc flu hosp,2026-05-16,quantile,0.6,17,Virginia,Ensemble
2026-05-02,51,2,wk inc flu hosp,2026-05-16,quantile,0.65,19,Virginia,Ensemble
2026-05-02,51,2,wk inc flu hosp,2026-05-16,quantile,0.7,22,Virginia,Ensemble
2026-05-02,51,2,wk inc flu hosp,2026-05-16,quantile,0.75,25,Virginia,Ensemble
2026-05-02,51,2,wk inc flu hosp,2026-05-16,quantile,0.8,29,Virginia,Ensemble
2026-05-02,51,2,wk inc flu hosp,2026-05-16,quantile,0.85,34,Virginia,Ensemble
2026-05-02,51,2,wk inc flu hosp,2026-05-16,quantile,0.9,41,Virginia,Ensemble
2026-05-02,51,2,wk inc flu hosp,2026-05-16,quantile,0.95,54,Virginia,Ensemble
2026-05-02,51,2,wk inc flu hosp,2026-05-16,quantile,0.975,70,Virginia,Ensemble
2026-05-02,51,2,wk inc flu hosp,2026-05-16,quantile,0.99,92,Virginia,Ensemble
2026-05-02,51,3,wk inc flu hosp,2026-05-23,quantile,0.01,1,Virginia,Ensemble
2026-05-02,51,3,wk inc flu hosp,2026-05-23,quantile,0.025,2,Virginia,Ensemble
2026-05-02,51,3,wk inc flu hosp,2026-05-23,quantile,0.05,2,Virginia,Ensemble
2026-05-02,51,3,wk inc flu hosp,2026-05-23,quantile,0.1,3,Virginia,Ensemble
2026-05-02,51,3,wk inc flu hosp,2026-05-23,quantile,0.15,4,Virginia,Ensemble
2026-05-02,51,3,wk inc flu hosp,2026-05-23,quantile,0.2,5,Virginia,Ensemble
2026-05-02,51,3,wk inc flu hosp,2026-05-23,quantile,0.25,6,Virginia,Ensemble
2026-05-02,51,3,wk inc flu hosp,2026-05-23,quantile,0.3,6,Virginia,Ensemble
2026-05-02,51,3,wk inc flu hosp,2026-05-23,quantile,0.35,8,Virginia,Ensemble
2026-05-02,51,3,wk inc flu hosp,2026-05-23,quantile,0.4,8,Virginia,Ensemble
2026-05-02,51,3,wk inc flu hosp,2026-05-23,quantile,0.45,9,Virginia,Ensemble
2026-05-02,51,3,wk inc flu hosp,2026-05-23,quantile,0.5,12,Virginia,Ensemble
2026-05-02,51,3,wk inc flu hosp,2026-05-23,quantile,0.55,13,Virginia,Ensemble
2026-05-02,51,3,wk inc flu hosp,2026-05-23,quantile,0.6,16,Virginia,Ensemble
2026-05-02,51,3,wk inc flu hosp,2026-05-23,quantile,0.65,18,Virginia,Ensemble
2026-05-02,51,3,wk inc flu hosp,2026-05-23,quantile,0.7,21,Virginia,Ensemble
2026-05-02,51,3,wk inc flu hosp,2026-05-23,quantile,0.75,25,Virginia,Ensemble
2026-05-02,51,3,wk inc flu hosp,2026-05-23,quantile,0.8,29,Virginia,Ensemble
2026-05-02,51,3,wk inc flu hosp,2026-05-23,quantile,0.85,35,Virginia,Ensemble
2026-05-02,51,3,wk inc flu hosp,2026-05-23,quantile,0.9,44,Virginia,Ensemble
2026-05-02,51,3,wk inc flu hosp,2026-05-23,quantile,0.95,59,Virginia,Ensemble
2026-05-02,51,3,wk inc flu hosp,2026-05-23,quantile,0.975,79,Virginia,Ensemble
2026-05-02,51,3,wk inc flu hosp,2026-05-23,quantile,0.99,107,Virginia,Ensemble
2026-05-02,53,0,wk inc flu hosp,2026-05-02,quantile,0.01,9,Washington,Ensemble
2026-05-02,53,0,wk inc flu hosp,2026-05-02,quantile,0.025,11,Washington,Ensemble
2026-05-02,53,0,wk inc flu hosp,2026-05-02,quantile,0.05,13,Washington,Ensemble
2026-05-02,53,0,wk inc flu hosp,2026-05-02,quantile,0.1,16,Washington,Ensemble
2026-05-02,53,0,wk inc flu hosp,2026-05-02,quantile,0.15,19,Washington,Ensemble
2026-05-02,53,0,wk inc flu hosp,2026-05-02,quantile,0.2,21,Washington,Ensemble
2026-05-02,53,0,wk inc flu hosp,2026-05-02,quantile,0.25,22,Washington,Ensemble
2026-05-02,53,0,wk inc flu hosp,2026-05-02,quantile,0.3,24,Washington,Ensemble
2026-05-02,53,0,wk inc flu hosp,2026-05-02,quantile,0.35,26,Washington,Ensemble
2026-05-02,53,0,wk inc flu hosp,2026-05-02,quantile,0.4,27,Washington,Ensemble
2026-05-02,53,0,wk inc flu hosp,2026-05-02,quantile,0.45,29,Washington,Ensemble
2026-05-02,53,0,wk inc flu hosp,2026-05-02,quantile,0.5,32,Washington,Ensemble
2026-05-02,53,0,wk inc flu hosp,2026-05-02,quantile,0.55,33,Washington,Ensemble
2026-05-02,53,0,wk inc flu hosp,2026-05-02,quantile,0.6,35,Washington,Ensemble
2026-05-02,53,0,wk inc flu hosp,2026-05-02,quantile,0.65,37,Washington,Ensemble
2026-05-02,53,0,wk inc flu hosp,2026-05-02,quantile,0.7,39,Washington,Ensemble
2026-05-02,53,0,wk inc flu hosp,2026-05-02,quantile,0.75,41,Washington,Ensemble
2026-05-02,53,0,wk inc flu hosp,2026-05-02,quantile,0.8,44,Washington,Ensemble
2026-05-02,53,0,wk inc flu hosp,2026-05-02,quantile,0.85,47,Washington,Ensemble
2026-05-02,53,0,wk inc flu hosp,2026-05-02,quantile,0.9,52,Washington,Ensemble
2026-05-02,53,0,wk inc flu hosp,2026-05-02,quantile,0.95,59,Washington,Ensemble
2026-05-02,53,0,wk inc flu hosp,2026-05-02,quantile,0.975,69,Washington,Ensemble
2026-05-02,53,0,wk inc flu hosp,2026-05-02,quantile,0.99,85,Washington,Ensemble
2026-05-02,53,1,wk inc flu hosp,2026-05-09,quantile,0.01,5,Washington,Ensemble
2026-05-02,53,1,wk inc flu hosp,2026-05-09,quantile,0.025,7,Washington,Ensemble
2026-05-02,53,1,wk inc flu hosp,2026-05-09,quantile,0.05,9,Washington,Ensemble
2026-05-02,53,1,wk inc flu hosp,2026-05-09,quantile,0.1,12,Washington,Ensemble
2026-05-02,53,1,wk inc flu hosp,2026-05-09,quantile,0.15,14,Washington,Ensemble
2026-05-02,53,1,wk inc flu hosp,2026-05-09,quantile,0.2,16,Washington,Ensemble
2026-05-02,53,1,wk inc flu hosp,2026-05-09,quantile,0.25,18,Washington,Ensemble
2026-05-02,53,1,wk inc flu hosp,2026-05-09,quantile,0.3,19,Washington,Ensemble
2026-05-02,53,1,wk inc flu hosp,2026-05-09,quantile,0.35,21,Washington,Ensemble
2026-05-02,53,1,wk inc flu hosp,2026-05-09,quantile,0.4,23,Washington,Ensemble
2026-05-02,53,1,wk inc flu hosp,2026-05-09,quantile,0.45,25,Washington,Ensemble
2026-05-02,53,1,wk inc flu hosp,2026-05-09,quantile,0.5,28,Washington,Ensemble
2026-05-02,53,1,wk inc flu hosp,2026-05-09,quantile,0.55,29,Washington,Ensemble
2026-05-02,53,1,wk inc flu hosp,2026-05-09,quantile,0.6,32,Washington,Ensemble
2026-05-02,53,1,wk inc flu hosp,2026-05-09,quantile,0.65,34,Washington,Ensemble
2026-05-02,53,1,wk inc flu hosp,2026-05-09,quantile,0.7,36,Washington,Ensemble
2026-05-02,53,1,wk inc flu hosp,2026-05-09,quantile,0.75,39,Washington,Ensemble
2026-05-02,53,1,wk inc flu hosp,2026-05-09,quantile,0.8,42,Washington,Ensemble
2026-05-02,53,1,wk inc flu hosp,2026-05-09,quantile,0.85,46,Washington,Ensemble
2026-05-02,53,1,wk inc flu hosp,2026-05-09,quantile,0.9,52,Washington,Ensemble
2026-05-02,53,1,wk inc flu hosp,2026-05-09,quantile,0.95,63,Washington,Ensemble
2026-05-02,53,1,wk inc flu hosp,2026-05-09,quantile,0.975,77,Washington,Ensemble
2026-05-02,53,1,wk inc flu hosp,2026-05-09,quantile,0.99,93,Washington,Ensemble
2026-05-02,53,2,wk inc flu hosp,2026-05-16,quantile,0.01,4,Washington,Ensemble
2026-05-02,53,2,wk inc flu hosp,2026-05-16,quantile,0.025,5,Washington,Ensemble
2026-05-02,53,2,wk inc flu hosp,2026-05-16,quantile,0.05,7,Washington,Ensemble
2026-05-02,53,2,wk inc flu hosp,2026-05-16,quantile,0.1,9,Washington,Ensemble
2026-05-02,53,2,wk inc flu hosp,2026-05-16,quantile,0.15,11,Washington,Ensemble
2026-05-02,53,2,wk inc flu hosp,2026-05-16,quantile,0.2,13,Washington,Ensemble
2026-05-02,53,2,wk inc flu hosp,2026-05-16,quantile,0.25,15,Washington,Ensemble
2026-05-02,53,2,wk inc flu hosp,2026-05-16,quantile,0.3,16,Washington,Ensemble
2026-05-02,53,2,wk inc flu hosp,2026-05-16,quantile,0.35,18,Washington,Ensemble
2026-05-02,53,2,wk inc flu hosp,2026-05-16,quantile,0.4,20,Washington,Ensemble
2026-05-02,53,2,wk inc flu hosp,2026-05-16,quantile,0.45,22,Washington,Ensemble
2026-05-02,53,2,wk inc flu hosp,2026-05-16,quantile,0.5,25,Washington,Ensemble
2026-05-02,53,2,wk inc flu hosp,2026-05-16,quantile,0.55,27,Washington,Ensemble
2026-05-02,53,2,wk inc flu hosp,2026-05-16,quantile,0.6,29,Washington,Ensemble
2026-05-02,53,2,wk inc flu hosp,2026-05-16,quantile,0.65,31,Washington,Ensemble
2026-05-02,53,2,wk inc flu hosp,2026-05-16,quantile,0.7,34,Washington,Ensemble
2026-05-02,53,2,wk inc flu hosp,2026-05-16,quantile,0.75,37,Washington,Ensemble
2026-05-02,53,2,wk inc flu hosp,2026-05-16,quantile,0.8,41,Washington,Ensemble
2026-05-02,53,2,wk inc flu hosp,2026-05-16,quantile,0.85,46,Washington,Ensemble
2026-05-02,53,2,wk inc flu hosp,2026-05-16,quantile,0.9,53,Washington,Ensemble
2026-05-02,53,2,wk inc flu hosp,2026-05-16,quantile,0.95,68,Washington,Ensemble
2026-05-02,53,2,wk inc flu hosp,2026-05-16,quantile,0.975,83,Washington,Ensemble
2026-05-02,53,2,wk inc flu hosp,2026-05-16,quantile,0.99,102,Washington,Ensemble
2026-05-02,53,3,wk inc flu hosp,2026-05-23,quantile,0.01,3,Washington,Ensemble
2026-05-02,53,3,wk inc flu hosp,2026-05-23,quantile,0.025,4,Washington,Ensemble
2026-05-02,53,3,wk inc flu hosp,2026-05-23,quantile,0.05,5,Washington,Ensemble
2026-05-02,53,3,wk inc flu hosp,2026-05-23,quantile,0.1,8,Washington,Ensemble
2026-05-02,53,3,wk inc flu hosp,2026-05-23,quantile,0.15,10,Washington,Ensemble
2026-05-02,53,3,wk inc flu hosp,2026-05-23,quantile,0.2,11,Washington,Ensemble
2026-05-02,53,3,wk inc flu hosp,2026-05-23,quantile,0.25,13,Washington,Ensemble
2026-05-02,53,3,wk inc flu hosp,2026-05-23,quantile,0.3,14,Washington,Ensemble
2026-05-02,53,3,wk inc flu hosp,2026-05-23,quantile,0.35,16,Washington,Ensemble
2026-05-02,53,3,wk inc flu hosp,2026-05-23,quantile,0.4,18,Washington,Ensemble
2026-05-02,53,3,wk inc flu hosp,2026-05-23,quantile,0.45,20,Washington,Ensemble
2026-05-02,53,3,wk inc flu hosp,2026-05-23,quantile,0.5,23,Washington,Ensemble
2026-05-02,53,3,wk inc flu hosp,2026-05-23,quantile,0.55,25,Washington,Ensemble
2026-05-02,53,3,wk inc flu hosp,2026-05-23,quantile,0.6,27,Washington,Ensemble
2026-05-02,53,3,wk inc flu hosp,2026-05-23,quantile,0.65,30,Washington,Ensemble
2026-05-02,53,3,wk inc flu hosp,2026-05-23,quantile,0.7,33,Washington,Ensemble
2026-05-02,53,3,wk inc flu hosp,2026-05-23,quantile,0.75,37,Washington,Ensemble
2026-05-02,53,3,wk inc flu hosp,2026-05-23,quantile,0.8,41,Washington,Ensemble
2026-05-02,53,3,wk inc flu hosp,2026-05-23,quantile,0.85,47,Washington,Ensemble
2026-05-02,53,3,wk inc flu hosp,2026-05-23,quantile,0.9,56,Washington,Ensemble
2026-05-02,53,3,wk inc flu hosp,2026-05-23,quantile,0.95,73,Washington,Ensemble
2026-05-02,53,3,wk inc flu hosp,2026-05-23,quantile,0.975,90,Washington,Ensemble
2026-05-02,53,3,wk inc flu hosp,2026-05-23,quantile,0.99,113,Washington,Ensemble
2026-05-02,54,0,wk inc flu hosp,2026-05-02,quantile,0.01,1,West Virginia,Ensemble
2026-05-02,54,0,wk inc flu hosp,2026-05-02,quantile,0.025,1,West Virginia,Ensemble
2026-05-02,54,0,wk inc flu hosp,2026-05-02,quantile,0.05,2,West Virginia,Ensemble
2026-05-02,54,0,wk inc flu hosp,2026-05-02,quantile,0.1,3,West Virginia,Ensemble
2026-05-02,54,0,wk inc flu hosp,2026-05-02,quantile,0.15,4,West Virginia,Ensemble
2026-05-02,54,0,wk inc flu hosp,2026-05-02,quantile,0.2,4,West Virginia,Ensemble
2026-05-02,54,0,wk inc flu hosp,2026-05-02,quantile,0.25,5,West Virginia,Ensemble
2026-05-02,54,0,wk inc flu hosp,2026-05-02,quantile,0.3,6,West Virginia,Ensemble
2026-05-02,54,0,wk inc flu hosp,2026-05-02,quantile,0.35,7,West Virginia,Ensemble
2026-05-02,54,0,wk inc flu hosp,2026-05-02,quantile,0.4,8,West Virginia,Ensemble
2026-05-02,54,0,wk inc flu hosp,2026-05-02,quantile,0.45,9,West Virginia,Ensemble
2026-05-02,54,0,wk inc flu hosp,2026-05-02,quantile,0.5,11,West Virginia,Ensemble
2026-05-02,54,0,wk inc flu hosp,2026-05-02,quantile,0.55,12,West Virginia,Ensemble
2026-05-02,54,0,wk inc flu hosp,2026-05-02,quantile,0.6,13,West Virginia,Ensemble
2026-05-02,54,0,wk inc flu hosp,2026-05-02,quantile,0.65,14,West Virginia,Ensemble
2026-05-02,54,0,wk inc flu hosp,2026-05-02,quantile,0.7,15,West Virginia,Ensemble
2026-05-02,54,0,wk inc flu hosp,2026-05-02,quantile,0.75,17,West Virginia,Ensemble
2026-05-02,54,0,wk inc flu hosp,2026-05-02,quantile,0.8,19,West Virginia,Ensemble
2026-05-02,54,0,wk inc flu hosp,2026-05-02,quantile,0.85,21,West Virginia,Ensemble
2026-05-02,54,0,wk inc flu hosp,2026-05-02,quantile,0.9,24,West Virginia,Ensemble
2026-05-02,54,0,wk inc flu hosp,2026-05-02,quantile,0.95,29,West Virginia,Ensemble
2026-05-02,54,0,wk inc flu hosp,2026-05-02,quantile,0.975,35,West Virginia,Ensemble
2026-05-02,54,0,wk inc flu hosp,2026-05-02,quantile,0.99,44,West Virginia,Ensemble
2026-05-02,54,1,wk inc flu hosp,2026-05-09,quantile,0.01,0,West Virginia,Ensemble
2026-05-02,54,1,wk inc flu hosp,2026-05-09,quantile,0.025,0,West Virginia,Ensemble
2026-05-02,54,1,wk inc flu hosp,2026-05-09,quantile,0.05,1,West Virginia,Ensemble
2026-05-02,54,1,wk inc flu hosp,2026-05-09,quantile,0.1,1,West Virginia,Ensemble
2026-05-02,54,1,wk inc flu hosp,2026-05-09,quantile,0.15,2,West Virginia,Ensemble
2026-05-02,54,1,wk inc flu hosp,2026-05-09,quantile,0.2,2,West Virginia,Ensemble
2026-05-02,54,1,wk inc flu hosp,2026-05-09,quantile,0.25,3,West Virginia,Ensemble
2026-05-02,54,1,wk inc flu hosp,2026-05-09,quantile,0.3,4,West Virginia,Ensemble
2026-05-02,54,1,wk inc flu hosp,2026-05-09,quantile,0.35,4,West Virginia,Ensemble
2026-05-02,54,1,wk inc flu hosp,2026-05-09,quantile,0.4,5,West Virginia,Ensemble
2026-05-02,54,1,wk inc flu hosp,2026-05-09,quantile,0.45,6,West Virginia,Ensemble
2026-05-02,54,1,wk inc flu hosp,2026-05-09,quantile,0.5,8,West Virginia,Ensemble
2026-05-02,54,1,wk inc flu hosp,2026-05-09,quantile,0.55,9,West Virginia,Ensemble
2026-05-02,54,1,wk inc flu hosp,2026-05-09,quantile,0.6,10,West Virginia,Ensemble
2026-05-02,54,1,wk inc flu hosp,2026-05-09,quantile,0.65,12,West Virginia,Ensemble
2026-05-02,54,1,wk inc flu hosp,2026-05-09,quantile,0.7,13,West Virginia,Ensemble
2026-05-02,54,1,wk inc flu hosp,2026-05-09,quantile,0.75,15,West Virginia,Ensemble
2026-05-02,54,1,wk inc flu hosp,2026-05-09,quantile,0.8,17,West Virginia,Ensemble
2026-05-02,54,1,wk inc flu hosp,2026-05-09,quantile,0.85,20,West Virginia,Ensemble
2026-05-02,54,1,wk inc flu hosp,2026-05-09,quantile,0.9,23,West Virginia,Ensemble
2026-05-02,54,1,wk inc flu hosp,2026-05-09,quantile,0.95,29,West Virginia,Ensemble
2026-05-02,54,1,wk inc flu hosp,2026-05-09,quantile,0.975,36,West Virginia,Ensemble
2026-05-02,54,1,wk inc flu hosp,2026-05-09,quantile,0.99,46,West Virginia,Ensemble
2026-05-02,54,2,wk inc flu hosp,2026-05-16,quantile,0.01,0,West Virginia,Ensemble
2026-05-02,54,2,wk inc flu hosp,2026-05-16,quantile,0.025,0,West Virginia,Ensemble
2026-05-02,54,2,wk inc flu hosp,2026-05-16,quantile,0.05,0,West Virginia,Ensemble
2026-05-02,54,2,wk inc flu hosp,2026-05-16,quantile,0.1,1,West Virginia,Ensemble
2026-05-02,54,2,wk inc flu hosp,2026-05-16,quantile,0.15,1,West Virginia,Ensemble
2026-05-02,54,2,wk inc flu hosp,2026-05-16,quantile,0.2,1,West Virginia,Ensemble
2026-05-02,54,2,wk inc flu hosp,2026-05-16,quantile,0.25,2,West Virginia,Ensemble
2026-05-02,54,2,wk inc flu hosp,2026-05-16,quantile,0.3,2,West Virginia,Ensemble
2026-05-02,54,2,wk inc flu hosp,2026-05-16,quantile,0.35,3,West Virginia,Ensemble
2026-05-02,54,2,wk inc flu hosp,2026-05-16,quantile,0.4,4,West Virginia,Ensemble
2026-05-02,54,2,wk inc flu hosp,2026-05-16,quantile,0.45,4,West Virginia,Ensemble
2026-05-02,54,2,wk inc flu hosp,2026-05-16,quantile,0.5,6,West Virginia,Ensemble
2026-05-02,54,2,wk inc flu hosp,2026-05-16,quantile,0.55,7,West Virginia,Ensemble
2026-05-02,54,2,wk inc flu hosp,2026-05-16,quantile,0.6,8,West Virginia,Ensemble
2026-05-02,54,2,wk inc flu hosp,2026-05-16,quantile,0.65,10,West Virginia,Ensemble
2026-05-02,54,2,wk inc flu hosp,2026-05-16,quantile,0.7,11,West Virginia,Ensemble
2026-05-02,54,2,wk inc flu hosp,2026-05-16,quantile,0.75,13,West Virginia,Ensemble
2026-05-02,54,2,wk inc flu hosp,2026-05-16,quantile,0.8,15,West Virginia,Ensemble
2026-05-02,54,2,wk inc flu hosp,2026-05-16,quantile,0.85,18,West Virginia,Ensemble
2026-05-02,54,2,wk inc flu hosp,2026-05-16,quantile,0.9,22,West Virginia,Ensemble
2026-05-02,54,2,wk inc flu hosp,2026-05-16,quantile,0.95,29,West Virginia,Ensemble
2026-05-02,54,2,wk inc flu hosp,2026-05-16,quantile,0.975,37,West Virginia,Ensemble
2026-05-02,54,2,wk inc flu hosp,2026-05-16,quantile,0.99,48,West Virginia,Ensemble
2026-05-02,54,3,wk inc flu hosp,2026-05-23,quantile,0.01,0,West Virginia,Ensemble
2026-05-02,54,3,wk inc flu hosp,2026-05-23,quantile,0.025,0,West Virginia,Ensemble
2026-05-02,54,3,wk inc flu hosp,2026-05-23,quantile,0.05,0,West Virginia,Ensemble
2026-05-02,54,3,wk inc flu hosp,2026-05-23,quantile,0.1,0,West Virginia,Ensemble
2026-05-02,54,3,wk inc flu hosp,2026-05-23,quantile,0.15,1,West Virginia,Ensemble
2026-05-02,54,3,wk inc flu hosp,2026-05-23,quantile,0.2,1,West Virginia,Ensemble
2026-05-02,54,3,wk inc flu hosp,2026-05-23,quantile,0.25,1,West Virginia,Ensemble
2026-05-02,54,3,wk inc flu hosp,2026-05-23,quantile,0.3,2,West Virginia,Ensemble
2026-05-02,54,3,wk inc flu hosp,2026-05-23,quantile,0.35,2,West Virginia,Ensemble
2026-05-02,54,3,wk inc flu hosp,2026-05-23,quantile,0.4,3,West Virginia,Ensemble
2026-05-02,54,3,wk inc flu hosp,2026-05-23,quantile,0.45,3,West Virginia,Ensemble
2026-05-02,54,3,wk inc flu hosp,2026-05-23,quantile,0.5,5,West Virginia,Ensemble
2026-05-02,54,3,wk inc flu hosp,2026-05-23,quantile,0.55,6,West Virginia,Ensemble
2026-05-02,54,3,wk inc flu hosp,2026-05-23,quantile,0.6,7,West Virginia,Ensemble
2026-05-02,54,3,wk inc flu hosp,2026-05-23,quantile,0.65,9,West Virginia,Ensemble
2026-05-02,54,3,wk inc flu hosp,2026-05-23,quantile,0.7,10,West Virginia,Ensemble
2026-05-02,54,3,wk inc flu hosp,2026-05-23,quantile,0.75,12,West Virginia,Ensemble
2026-05-02,54,3,wk inc flu hosp,2026-05-23,quantile,0.8,14,West Virginia,Ensemble
2026-05-02,54,3,wk inc flu hosp,2026-05-23,quantile,0.85,17,West Virginia,Ensemble
2026-05-02,54,3,wk inc flu hosp,2026-05-23,quantile,0.9,21,West Virginia,Ensemble
2026-05-02,54,3,wk inc flu hosp,2026-05-23,quantile,0.95,29,West Virginia,Ensemble
2026-05-02,54,3,wk inc flu hosp,2026-05-23,quantile,0.975,38,West Virginia,Ensemble
2026-05-02,54,3,wk inc flu hosp,2026-05-23,quantile,0.99,50,West Virginia,Ensemble
2026-05-02,55,0,wk inc flu hosp,2026-05-02,quantile,0.01,2,Wisconsin,Ensemble
2026-05-02,55,0,wk inc flu hosp,2026-05-02,quantile,0.025,3,Wisconsin,Ensemble
2026-05-02,55,0,wk inc flu hosp,2026-05-02,quantile,0.05,4,Wisconsin,Ensemble
2026-05-02,55,0,wk inc flu hosp,2026-05-02,quantile,0.1,6,Wisconsin,Ensemble
2026-05-02,55,0,wk inc flu hosp,2026-05-02,quantile,0.15,7,Wisconsin,Ensemble
2026-05-02,55,0,wk inc flu hosp,2026-05-02,quantile,0.2,8,Wisconsin,Ensemble
2026-05-02,55,0,wk inc flu hosp,2026-05-02,quantile,0.25,10,Wisconsin,Ensemble
2026-05-02,55,0,wk inc flu hosp,2026-05-02,quantile,0.3,11,Wisconsin,Ensemble
2026-05-02,55,0,wk inc flu hosp,2026-05-02,quantile,0.35,13,Wisconsin,Ensemble
2026-05-02,55,0,wk inc flu hosp,2026-05-02,quantile,0.4,14,Wisconsin,Ensemble
2026-05-02,55,0,wk inc flu hosp,2026-05-02,quantile,0.45,16,Wisconsin,Ensemble
2026-05-02,55,0,wk inc flu hosp,2026-05-02,quantile,0.5,18,Wisconsin,Ensemble
2026-05-02,55,0,wk inc flu hosp,2026-05-02,quantile,0.55,20,Wisconsin,Ensemble
2026-05-02,55,0,wk inc flu hosp,2026-05-02,quantile,0.6,22,Wisconsin,Ensemble
2026-05-02,55,0,wk inc flu hosp,2026-05-02,quantile,0.65,23,Wisconsin,Ensemble
2026-05-02,55,0,wk inc flu hosp,2026-05-02,quantile,0.7,26,Wisconsin,Ensemble
2026-05-02,55,0,wk inc flu hosp,2026-05-02,quantile,0.75,28,Wisconsin,Ensemble
2026-05-02,55,0,wk inc flu hosp,2026-05-02,quantile,0.8,31,Wisconsin,Ensemble
2026-05-02,55,0,wk inc flu hosp,2026-05-02,quantile,0.85,35,Wisconsin,Ensemble
2026-05-02,55,0,wk inc flu hosp,2026-05-02,quantile,0.9,39,Wisconsin,Ensemble
2026-05-02,55,0,wk inc flu hosp,2026-05-02,quantile,0.95,48,Wisconsin,Ensemble
2026-05-02,55,0,wk inc flu hosp,2026-05-02,quantile,0.975,56,Wisconsin,Ensemble
2026-05-02,55,0,wk inc flu hosp,2026-05-02,quantile,0.99,68,Wisconsin,Ensemble
2026-05-02,55,1,wk inc flu hosp,2026-05-09,quantile,0.01,1,Wisconsin,Ensemble
2026-05-02,55,1,wk inc flu hosp,2026-05-09,quantile,0.025,1,Wisconsin,Ensemble
2026-05-02,55,1,wk inc flu hosp,2026-05-09,quantile,0.05,2,Wisconsin,Ensemble
2026-05-02,55,1,wk inc flu hosp,2026-05-09,quantile,0.1,3,Wisconsin,Ensemble
2026-05-02,55,1,wk inc flu hosp,2026-05-09,quantile,0.15,4,Wisconsin,Ensemble
2026-05-02,55,1,wk inc flu hosp,2026-05-09,quantile,0.2,5,Wisconsin,Ensemble
2026-05-02,55,1,wk inc flu hosp,2026-05-09,quantile,0.25,6,Wisconsin,Ensemble
2026-05-02,55,1,wk inc flu hosp,2026-05-09,quantile,0.3,7,Wisconsin,Ensemble
2026-05-02,55,1,wk inc flu hosp,2026-05-09,quantile,0.35,8,Wisconsin,Ensemble
2026-05-02,55,1,wk inc flu hosp,2026-05-09,quantile,0.4,9,Wisconsin,Ensemble
2026-05-02,55,1,wk inc flu hosp,2026-05-09,quantile,0.45,11,Wisconsin,Ensemble
2026-05-02,55,1,wk inc flu hosp,2026-05-09,quantile,0.5,13,Wisconsin,Ensemble
2026-05-02,55,1,wk inc flu hosp,2026-05-09,quantile,0.55,15,Wisconsin,Ensemble
2026-05-02,55,1,wk inc flu hosp,2026-05-09,quantile,0.6,17,Wisconsin,Ensemble
2026-05-02,55,1,wk inc flu hosp,2026-05-09,quantile,0.65,19,Wisconsin,Ensemble
2026-05-02,55,1,wk inc flu hosp,2026-05-09,quantile,0.7,21,Wisconsin,Ensemble
2026-05-02,55,1,wk inc flu hosp,2026-05-09,quantile,0.75,24,Wisconsin,Ensemble
2026-05-02,55,1,wk inc flu hosp,2026-05-09,quantile,0.8,27,Wisconsin,Ensemble
2026-05-02,55,1,wk inc flu hosp,2026-05-09,quantile,0.85,31,Wisconsin,Ensemble
2026-05-02,55,1,wk inc flu hosp,2026-05-09,quantile,0.9,38,Wisconsin,Ensemble
2026-05-02,55,1,wk inc flu hosp,2026-05-09,quantile,0.95,48,Wisconsin,Ensemble
2026-05-02,55,1,wk inc flu hosp,2026-05-09,quantile,0.975,59,Wisconsin,Ensemble
2026-05-02,55,1,wk inc flu hosp,2026-05-09,quantile,0.99,74,Wisconsin,Ensemble
2026-05-02,55,2,wk inc flu hosp,2026-05-16,quantile,0.01,1,Wisconsin,Ensemble
2026-05-02,55,2,wk inc flu hosp,2026-05-16,quantile,0.025,1,Wisconsin,Ensemble
2026-05-02,55,2,wk inc flu hosp,2026-05-16,quantile,0.05,1,Wisconsin,Ensemble
2026-05-02,55,2,wk inc flu hosp,2026-05-16,quantile,0.1,2,Wisconsin,Ensemble
2026-05-02,55,2,wk inc flu hosp,2026-05-16,quantile,0.15,3,Wisconsin,Ensemble
2026-05-02,55,2,wk inc flu hosp,2026-05-16,quantile,0.2,4,Wisconsin,Ensemble
2026-05-02,55,2,wk inc flu hosp,2026-05-16,quantile,0.25,4,Wisconsin,Ensemble
2026-05-02,55,2,wk inc flu hosp,2026-05-16,quantile,0.3,6,Wisconsin,Ensemble
2026-05-02,55,2,wk inc flu hosp,2026-05-16,quantile,0.35,6,Wisconsin,Ensemble
2026-05-02,55,2,wk inc flu hosp,2026-05-16,quantile,0.4,8,Wisconsin,Ensemble
2026-05-02,55,2,wk inc flu hosp,2026-05-16,quantile,0.45,9,Wisconsin,Ensemble
2026-05-02,55,2,wk inc flu hosp,2026-05-16,quantile,0.5,11,Wisconsin,Ensemble
2026-05-02,55,2,wk inc flu hosp,2026-05-16,quantile,0.55,13,Wisconsin,Ensemble
2026-05-02,55,2,wk inc flu hosp,2026-05-16,quantile,0.6,15,Wisconsin,Ensemble
2026-05-02,55,2,wk inc flu hosp,2026-05-16,quantile,0.65,18,Wisconsin,Ensemble
2026-05-02,55,2,wk inc flu hosp,2026-05-16,quantile,0.7,20,Wisconsin,Ensemble
2026-05-02,55,2,wk inc flu hosp,2026-05-16,quantile,0.75,23,Wisconsin,Ensemble
2026-05-02,55,2,wk inc flu hosp,2026-05-16,quantile,0.8,27,Wisconsin,Ensemble
2026-05-02,55,2,wk inc flu hosp,2026-05-16,quantile,0.85,32,Wisconsin,Ensemble
2026-05-02,55,2,wk inc flu hosp,2026-05-16,quantile,0.9,39,Wisconsin,Ensemble
2026-05-02,55,2,wk inc flu hosp,2026-05-16,quantile,0.95,52,Wisconsin,Ensemble
2026-05-02,55,2,wk inc flu hosp,2026-05-16,quantile,0.975,67,Wisconsin,Ensemble
2026-05-02,55,2,wk inc flu hosp,2026-05-16,quantile,0.99,88,Wisconsin,Ensemble
2026-05-02,55,3,wk inc flu hosp,2026-05-23,quantile,0.01,0,Wisconsin,Ensemble
2026-05-02,55,3,wk inc flu hosp,2026-05-23,quantile,0.025,1,Wisconsin,Ensemble
2026-05-02,55,3,wk inc flu hosp,2026-05-23,quantile,0.05,1,Wisconsin,Ensemble
2026-05-02,55,3,wk inc flu hosp,2026-05-23,quantile,0.1,2,Wisconsin,Ensemble
2026-05-02,55,3,wk inc flu hosp,2026-05-23,quantile,0.15,2,Wisconsin,Ensemble
2026-05-02,55,3,wk inc flu hosp,2026-05-23,quantile,0.2,3,Wisconsin,Ensemble
2026-05-02,55,3,wk inc flu hosp,2026-05-23,quantile,0.25,3,Wisconsin,Ensemble
2026-05-02,55,3,wk inc flu hosp,2026-05-23,quantile,0.3,4,Wisconsin,Ensemble
2026-05-02,55,3,wk inc flu hosp,2026-05-23,quantile,0.35,5,Wisconsin,Ensemble
2026-05-02,55,3,wk inc flu hosp,2026-05-23,quantile,0.4,6,Wisconsin,Ensemble
2026-05-02,55,3,wk inc flu hosp,2026-05-23,quantile,0.45,7,Wisconsin,Ensemble
2026-05-02,55,3,wk inc flu hosp,2026-05-23,quantile,0.5,9,Wisconsin,Ensemble
2026-05-02,55,3,wk inc flu hosp,2026-05-23,quantile,0.55,11,Wisconsin,Ensemble
2026-05-02,55,3,wk inc flu hosp,2026-05-23,quantile,0.6,13,Wisconsin,Ensemble
2026-05-02,55,3,wk inc flu hosp,2026-05-23,quantile,0.65,15,Wisconsin,Ensemble
2026-05-02,55,3,wk inc flu hosp,2026-05-23,quantile,0.7,18,Wisconsin,Ensemble
2026-05-02,55,3,wk inc flu hosp,2026-05-23,quantile,0.75,22,Wisconsin,Ensemble
2026-05-02,55,3,wk inc flu hosp,2026-05-23,quantile,0.8,26,Wisconsin,Ensemble
2026-05-02,55,3,wk inc flu hosp,2026-05-23,quantile,0.85,32,Wisconsin,Ensemble
2026-05-02,55,3,wk inc flu hosp,2026-05-23,quantile,0.9,40,Wisconsin,Ensemble
2026-05-02,55,3,wk inc flu hosp,2026-05-23,quantile,0.95,56,Wisconsin,Ensemble
2026-05-02,55,3,wk inc flu hosp,2026-05-23,quantile,0.975,73,Wisconsin,Ensemble
2026-05-02,55,3,wk inc flu hosp,2026-05-23,quantile,0.99,97,Wisconsin,Ensemble
2026-05-02,56,0,wk inc flu hosp,2026-05-02,quantile,0.01,0,Wyoming,Ensemble
2026-05-02,56,0,wk inc flu hosp,2026-05-02,quantile,0.025,0,Wyoming,Ensemble
2026-05-02,56,0,wk inc flu hosp,2026-05-02,quantile,0.05,0,Wyoming,Ensemble
2026-05-02,56,0,wk inc flu hosp,2026-05-02,quantile,0.1,0,Wyoming,Ensemble
2026-05-02,56,0,wk inc flu hosp,2026-05-02,quantile,0.15,0,Wyoming,Ensemble
2026-05-02,56,0,wk inc flu hosp,2026-05-02,quantile,0.2,0,Wyoming,Ensemble
2026-05-02,56,0,wk inc flu hosp,2026-05-02,quantile,0.25,0,Wyoming,Ensemble
2026-05-02,56,0,wk inc flu hosp,2026-05-02,quantile,0.3,0,Wyoming,Ensemble
2026-05-02,56,0,wk inc flu hosp,2026-05-02,quantile,0.35,0,Wyoming,Ensemble
2026-05-02,56,0,wk inc flu hosp,2026-05-02,quantile,0.4,0,Wyoming,Ensemble
2026-05-02,56,0,wk inc flu hosp,2026-05-02,quantile,0.45,1,Wyoming,Ensemble
2026-05-02,56,0,wk inc flu hosp,2026-05-02,quantile,0.5,2,Wyoming,Ensemble
2026-05-02,56,0,wk inc flu hosp,2026-05-02,quantile,0.55,2,Wyoming,Ensemble
2026-05-02,56,0,wk inc flu hosp,2026-05-02,quantile,0.6,3,Wyoming,Ensemble
2026-05-02,56,0,wk inc flu hosp,2026-05-02,quantile,0.65,3,Wyoming,Ensemble
2026-05-02,56,0,wk inc flu hosp,2026-05-02,quantile,0.7,3,Wyoming,Ensemble
2026-05-02,56,0,wk inc flu hosp,2026-05-02,quantile,0.75,4,Wyoming,Ensemble
2026-05-02,56,0,wk inc flu hosp,2026-05-02,quantile,0.8,4,Wyoming,Ensemble
2026-05-02,56,0,wk inc flu hosp,2026-05-02,quantile,0.85,5,Wyoming,Ensemble
2026-05-02,56,0,wk inc flu hosp,2026-05-02,quantile,0.9,6,Wyoming,Ensemble
2026-05-02,56,0,wk inc flu hosp,2026-05-02,quantile,0.95,8,Wyoming,Ensemble
2026-05-02,56,0,wk inc flu hosp,2026-05-02,quantile,0.975,10,Wyoming,Ensemble
2026-05-02,56,0,wk inc flu hosp,2026-05-02,quantile,0.99,13,Wyoming,Ensemble
2026-05-02,56,1,wk inc flu hosp,2026-05-09,quantile,0.01,0,Wyoming,Ensemble
2026-05-02,56,1,wk inc flu hosp,2026-05-09,quantile,0.025,0,Wyoming,Ensemble
2026-05-02,56,1,wk inc flu hosp,2026-05-09,quantile,0.05,0,Wyoming,Ensemble
2026-05-02,56,1,wk inc flu hosp,2026-05-09,quantile,0.1,0,Wyoming,Ensemble
2026-05-02,56,1,wk inc flu hosp,2026-05-09,quantile,0.15,0,Wyoming,Ensemble
2026-05-02,56,1,wk inc flu hosp,2026-05-09,quantile,0.2,0,Wyoming,Ensemble
2026-05-02,56,1,wk inc flu hosp,2026-05-09,quantile,0.25,0,Wyoming,Ensemble
2026-05-02,56,1,wk inc flu hosp,2026-05-09,quantile,0.3,0,Wyoming,Ensemble
2026-05-02,56,1,wk inc flu hosp,2026-05-09,quantile,0.35,0,Wyoming,Ensemble
2026-05-02,56,1,wk inc flu hosp,2026-05-09,quantile,0.4,0,Wyoming,Ensemble
2026-05-02,56,1,wk inc flu hosp,2026-05-09,quantile,0.45,0,Wyoming,Ensemble
2026-05-02,56,1,wk inc flu hosp,2026-05-09,quantile,0.5,2,Wyoming,Ensemble
2026-05-02,56,1,wk inc flu hosp,2026-05-09,quantile,0.55,2,Wyoming,Ensemble
2026-05-02,56,1,wk inc flu hosp,2026-05-09,quantile,0.6,3,Wyoming,Ensemble
2026-05-02,56,1,wk inc flu hosp,2026-05-09,quantile,0.65,3,Wyoming,Ensemble
2026-05-02,56,1,wk inc flu hosp,2026-05-09,quantile,0.7,3,Wyoming,Ensemble
2026-05-02,56,1,wk inc flu hosp,2026-05-09,quantile,0.75,4,Wyoming,Ensemble
2026-05-02,56,1,wk inc flu hosp,2026-05-09,quantile,0.8,5,Wyoming,Ensemble
2026-05-02,56,1,wk inc flu hosp,2026-05-09,quantile,0.85,6,Wyoming,Ensemble
2026-05-02,56,1,wk inc flu hosp,2026-05-09,quantile,0.9,7,Wyoming,Ensemble
2026-05-02,56,1,wk inc flu hosp,2026-05-09,quantile,0.95,9,Wyoming,Ensemble
2026-05-02,56,1,wk inc flu hosp,2026-05-09,quantile,0.975,11,Wyoming,Ensemble
2026-05-02,56,1,wk inc flu hosp,2026-05-09,quantile,0.99,15,Wyoming,Ensemble
2026-05-02,56,2,wk inc flu hosp,2026-05-16,quantile,0.01,0,Wyoming,Ensemble
2026-05-02,56,2,wk inc flu hosp,2026-05-16,quantile,0.025,0,Wyoming,Ensemble
2026-05-02,56,2,wk inc flu hosp,2026-05-16,quantile,0.05,0,Wyoming,Ensemble
2026-05-02,56,2,wk inc flu hosp,2026-05-16,quantile,0.1,0,Wyoming,Ensemble
2026-05-02,56,2,wk inc flu hosp,2026-05-16,quantile,0.15,0,Wyoming,Ensemble
2026-05-02,56,2,wk inc flu hosp,2026-05-16,quantile,0.2,0,Wyoming,Ensemble
2026-05-02,56,2,wk inc flu hosp,2026-05-16,quantile,0.25,0,Wyoming,Ensemble
2026-05-02,56,2,wk inc flu hosp,2026-05-16,quantile,0.3,0,Wyoming,Ensemble
2026-05-02,56,2,wk inc flu hosp,2026-05-16,quantile,0.35,0,Wyoming,Ensemble
2026-05-02,56,2,wk inc flu hosp,2026-05-16,quantile,0.4,0,Wyoming,Ensemble
2026-05-02,56,2,wk inc flu hosp,2026-05-16,quantile,0.45,0,Wyoming,Ensemble
2026-05-02,56,2,wk inc flu hosp,2026-05-16,quantile,0.5,2,Wyoming,Ensemble
2026-05-02,56,2,wk inc flu hosp,2026-05-16,quantile,0.55,2,Wyoming,Ensemble
2026-05-02,56,2,wk inc flu hosp,2026-05-16,quantile,0.6,3,Wyoming,Ensemble
2026-05-02,56,2,wk inc flu hosp,2026-05-16,quantile,0.65,3,Wyoming,Ensemble
2026-05-02,56,2,wk inc flu hosp,2026-05-16,quantile,0.7,3,Wyoming,Ensemble
2026-05-02,56,2,wk inc flu hosp,2026-05-16,quantile,0.75,4,Wyoming,Ensemble
2026-05-02,56,2,wk inc flu hosp,2026-05-16,quantile,0.8,5,Wyoming,Ensemble
2026-05-02,56,2,wk inc flu hosp,2026-05-16,quantile,0.85,6,Wyoming,Ensemble
2026-05-02,56,2,wk inc flu hosp,2026-05-16,quantile,0.9,7,Wyoming,Ensemble
2026-05-02,56,2,wk inc flu hosp,2026-05-16,quantile,0.95,9,Wyoming,Ensemble
2026-05-02,56,2,wk inc flu hosp,2026-05-16,quantile,0.975,12,Wyoming,Ensemble
2026-05-02,56,2,wk inc flu hosp,2026-05-16,quantile,0.99,16,Wyoming,Ensemble
2026-05-02,56,3,wk inc flu hosp,2026-05-23,quantile,0.01,0,Wyoming,Ensemble
2026-05-02,56,3,wk inc flu hosp,2026-05-23,quantile,0.025,0,Wyoming,Ensemble
2026-05-02,56,3,wk inc flu hosp,2026-05-23,quantile,0.05,0,Wyoming,Ensemble
2026-05-02,56,3,wk inc flu hosp,2026-05-23,quantile,0.1,0,Wyoming,Ensemble
2026-05-02,56,3,wk inc flu hosp,2026-05-23,quantile,0.15,0,Wyoming,Ensemble
2026-05-02,56,3,wk inc flu hosp,2026-05-23,quantile,0.2,0,Wyoming,Ensemble
2026-05-02,56,3,wk inc flu hosp,2026-05-23,quantile,0.25,0,Wyoming,Ensemble
2026-05-02,56,3,wk inc flu hosp,2026-05-23,quantile,0.3,0,Wyoming,Ensemble
2026-05-02,56,3,wk inc flu hosp,2026-05-23,quantile,0.35,0,Wyoming,Ensemble
2026-05-02,56,3,wk inc flu hosp,2026-05-23,quantile,0.4,0,Wyoming,Ensemble
2026-05-02,56,3,wk inc flu hosp,2026-05-23,quantile,0.45,0,Wyoming,Ensemble
2026-05-02,56,3,wk inc flu hosp,2026-05-23,quantile,0.5,2,Wyoming,Ensemble
2026-05-02,56,3,wk inc flu hosp,2026-05-23,quantile,0.55,2,Wyoming,Ensemble
2026-05-02,56,3,wk inc flu hosp,2026-05-23,quantile,0.6,2,Wyoming,Ensemble
2026-05-02,56,3,wk inc flu hosp,2026-05-23,quantile,0.65,3,Wyoming,Ensemble
2026-05-02,56,3,wk inc flu hosp,2026-05-23,quantile,0.7,3,Wyoming,Ensemble
2026-05-02,56,3,wk inc flu hosp,2026-05-23,quantile,0.75,4,Wyoming,Ensemble
2026-05-02,56,3,wk inc flu hosp,2026-05-23,quantile,0.8,5,Wyoming,Ensemble
2026-05-02,56,3,wk inc flu hosp,2026-05-23,quantile,0.85,5,Wyoming,Ensemble
2026-05-02,56,3,wk inc flu hosp,2026-05-23,quantile,0.9,7,Wyoming,Ensemble
2026-05-02,56,3,wk inc flu hosp,2026-05-23,quantile,0.95,9,Wyoming,Ensemble
2026-05-02,56,3,wk inc flu hosp,2026-05-23,quantile,0.975,13,Wyoming,Ensemble
2026-05-02,56,3,wk inc flu hosp,2026-05-23,quantile,0.99,18,Wyoming,Ensemble
2026-05-02,72,0,wk inc flu hosp,2026-05-02,quantile,0.01,22,Puerto Rico,Ensemble
2026-05-02,72,0,wk inc flu hosp,2026-05-02,quantile,0.025,27,Puerto Rico,Ensemble
2026-05-02,72,0,wk inc flu hosp,2026-05-02,quantile,0.05,32,Puerto Rico,Ensemble
2026-05-02,72,0,wk inc flu hosp,2026-05-02,quantile,0.1,38,Puerto Rico,Ensemble
2026-05-02,72,0,wk inc flu hosp,2026-05-02,quantile,0.15,44,Puerto Rico,Ensemble
2026-05-02,72,0,wk inc flu hosp,2026-05-02,quantile,0.2,47,Puerto Rico,Ensemble
2026-05-02,72,0,wk inc flu hosp,2026-05-02,quantile,0.25,51,Puerto Rico,Ensemble
2026-05-02,72,0,wk inc flu hosp,2026-05-02,quantile,0.3,54,Puerto Rico,Ensemble
2026-05-02,72,0,wk inc flu hosp,2026-05-02,quantile,0.35,58,Puerto Rico,Ensemble
2026-05-02,72,0,wk inc flu hosp,2026-05-02,quantile,0.4,61,Puerto Rico,Ensemble
2026-05-02,72,0,wk inc flu hosp,2026-05-02,quantile,0.45,64,Puerto Rico,Ensemble
2026-05-02,72,0,wk inc flu hosp,2026-05-02,quantile,0.5,69,Puerto Rico,Ensemble
2026-05-02,72,0,wk inc flu hosp,2026-05-02,quantile,0.55,73,Puerto Rico,Ensemble
2026-05-02,72,0,wk inc flu hosp,2026-05-02,quantile,0.6,76,Puerto Rico,Ensemble
2026-05-02,72,0,wk inc flu hosp,2026-05-02,quantile,0.65,80,Puerto Rico,Ensemble
2026-05-02,72,0,wk inc flu hosp,2026-05-02,quantile,0.7,85,Puerto Rico,Ensemble
2026-05-02,72,0,wk inc flu hosp,2026-05-02,quantile,0.75,89,Puerto Rico,Ensemble
2026-05-02,72,0,wk inc flu hosp,2026-05-02,quantile,0.8,95,Puerto Rico,Ensemble
2026-05-02,72,0,wk inc flu hosp,2026-05-02,quantile,0.85,102,Puerto Rico,Ensemble
2026-05-02,72,0,wk inc flu hosp,2026-05-02,quantile,0.9,111,Puerto Rico,Ensemble
2026-05-02,72,0,wk inc flu hosp,2026-05-02,quantile,0.95,125,Puerto Rico,Ensemble
2026-05-02,72,0,wk inc flu hosp,2026-05-02,quantile,0.975,139,Puerto Rico,Ensemble
2026-05-02,72,0,wk inc flu hosp,2026-05-02,quantile,0.99,159,Puerto Rico,Ensemble
2026-05-02,72,1,wk inc flu hosp,2026-05-09,quantile,0.01,17,Puerto Rico,Ensemble
2026-05-02,72,1,wk inc flu hosp,2026-05-09,quantile,0.025,21,Puerto Rico,Ensemble
2026-05-02,72,1,wk inc flu hosp,2026-05-09,quantile,0.05,26,Puerto Rico,Ensemble
2026-05-02,72,1,wk inc flu hosp,2026-05-09,quantile,0.1,31,Puerto Rico,Ensemble
2026-05-02,72,1,wk inc flu hosp,2026-05-09,quantile,0.15,36,Puerto Rico,Ensemble
2026-05-02,72,1,wk inc flu hosp,2026-05-09,quantile,0.2,41,Puerto Rico,Ensemble
2026-05-02,72,1,wk inc flu hosp,2026-05-09,quantile,0.25,45,Puerto Rico,Ensemble
2026-05-02,72,1,wk inc flu hosp,2026-05-09,quantile,0.3,49,Puerto Rico,Ensemble
2026-05-02,72,1,wk inc flu hosp,2026-05-09,quantile,0.35,52,Puerto Rico,Ensemble
2026-05-02,72,1,wk inc flu hosp,2026-05-09,quantile,0.4,56,Puerto Rico,Ensemble
2026-05-02,72,1,wk inc flu hosp,2026-05-09,quantile,0.45,60,Puerto Rico,Ensemble
2026-05-02,72,1,wk inc flu hosp,2026-05-09,quantile,0.5,65,Puerto Rico,Ensemble
2026-05-02,72,1,wk inc flu hosp,2026-05-09,quantile,0.55,69,Puerto Rico,Ensemble
2026-05-02,72,1,wk inc flu hosp,2026-05-09,quantile,0.6,74,Puerto Rico,Ensemble
2026-05-02,72,1,wk inc flu hosp,2026-05-09,quantile,0.65,78,Puerto Rico,Ensemble
2026-05-02,72,1,wk inc flu hosp,2026-05-09,quantile,0.7,83,Puerto Rico,Ensemble
2026-05-02,72,1,wk inc flu hosp,2026-05-09,quantile,0.75,89,Puerto Rico,Ensemble
2026-05-02,72,1,wk inc flu hosp,2026-05-09,quantile,0.8,96,Puerto Rico,Ensemble
2026-05-02,72,1,wk inc flu hosp,2026-05-09,quantile,0.85,104,Puerto Rico,Ensemble
2026-05-02,72,1,wk inc flu hosp,2026-05-09,quantile,0.9,116,Puerto Rico,Ensemble
2026-05-02,72,1,wk inc flu hosp,2026-05-09,quantile,0.95,135,Puerto Rico,Ensemble
2026-05-02,72,1,wk inc flu hosp,2026-05-09,quantile,0.975,154,Puerto Rico,Ensemble
2026-05-02,72,1,wk inc flu hosp,2026-05-09,quantile,0.99,180,Puerto Rico,Ensemble
2026-05-02,72,2,wk inc flu hosp,2026-05-16,quantile,0.01,14,Puerto Rico,Ensemble
2026-05-02,72,2,wk inc flu hosp,2026-05-16,quantile,0.025,17,Puerto Rico,Ensemble
2026-05-02,72,2,wk inc flu hosp,2026-05-16,quantile,0.05,21,Puerto Rico,Ensemble
2026-05-02,72,2,wk inc flu hosp,2026-05-16,quantile,0.1,27,Puerto Rico,Ensemble
2026-05-02,72,2,wk inc flu hosp,2026-05-16,quantile,0.15,31,Puerto Rico,Ensemble
2026-05-02,72,2,wk inc flu hosp,2026-05-16,quantile,0.2,35,Puerto Rico,Ensemble
2026-05-02,72,2,wk inc flu hosp,2026-05-16,quantile,0.25,39,Puerto Rico,Ensemble
2026-05-02,72,2,wk inc flu hosp,2026-05-16,quantile,0.3,43,Puerto Rico,Ensemble
2026-05-02,72,2,wk inc flu hosp,2026-05-16,quantile,0.35,47,Puerto Rico,Ensemble
2026-05-02,72,2,wk inc flu hosp,2026-05-16,quantile,0.4,51,Puerto Rico,Ensemble
2026-05-02,72,2,wk inc flu hosp,2026-05-16,quantile,0.45,55,Puerto Rico,Ensemble
2026-05-02,72,2,wk inc flu hosp,2026-05-16,quantile,0.5,60,Puerto Rico,Ensemble
2026-05-02,72,2,wk inc flu hosp,2026-05-16,quantile,0.55,65,Puerto Rico,Ensemble
2026-05-02,72,2,wk inc flu hosp,2026-05-16,quantile,0.6,70,Puerto Rico,Ensemble
2026-05-02,72,2,wk inc flu hosp,2026-05-16,quantile,0.65,75,Puerto Rico,Ensemble
2026-05-02,72,2,wk inc flu hosp,2026-05-16,quantile,0.7,81,Puerto Rico,Ensemble
2026-05-02,72,2,wk inc flu hosp,2026-05-16,quantile,0.75,88,Puerto Rico,Ensemble
2026-05-02,72,2,wk inc flu hosp,2026-05-16,quantile,0.8,95,Puerto Rico,Ensemble
2026-05-02,72,2,wk inc flu hosp,2026-05-16,quantile,0.85,105,Puerto Rico,Ensemble
2026-05-02,72,2,wk inc flu hosp,2026-05-16,quantile,0.9,118,Puerto Rico,Ensemble
2026-05-02,72,2,wk inc flu hosp,2026-05-16,quantile,0.95,142,Puerto Rico,Ensemble
2026-05-02,72,2,wk inc flu hosp,2026-05-16,quantile,0.975,165,Puerto Rico,Ensemble
2026-05-02,72,2,wk inc flu hosp,2026-05-16,quantile,0.99,199,Puerto Rico,Ensemble
2026-05-02,72,3,wk inc flu hosp,2026-05-23,quantile,0.01,12,Puerto Rico,Ensemble
2026-05-02,72,3,wk inc flu hosp,2026-05-23,quantile,0.025,15,Puerto Rico,Ensemble
2026-05-02,72,3,wk inc flu hosp,2026-05-23,quantile,0.05,18,Puerto Rico,Ensemble
2026-05-02,72,3,wk inc flu hosp,2026-05-23,quantile,0.1,23,Puerto Rico,Ensemble
2026-05-02,72,3,wk inc flu hosp,2026-05-23,quantile,0.15,27,Puerto Rico,Ensemble
2026-05-02,72,3,wk inc flu hosp,2026-05-23,quantile,0.2,31,Puerto Rico,Ensemble
2026-05-02,72,3,wk inc flu hosp,2026-05-23,quantile,0.25,35,Puerto Rico,Ensemble
2026-05-02,72,3,wk inc flu hosp,2026-05-23,quantile,0.3,39,Puerto Rico,Ensemble
2026-05-02,72,3,wk inc flu hosp,2026-05-23,quantile,0.35,43,Puerto Rico,Ensemble
2026-05-02,72,3,wk inc flu hosp,2026-05-23,quantile,0.4,47,Puerto Rico,Ensemble
2026-05-02,72,3,wk inc flu hosp,2026-05-23,quantile,0.45,51,Puerto Rico,Ensemble
2026-05-02,72,3,wk inc flu hosp,2026-05-23,quantile,0.5,56,Puerto Rico,Ensemble
2026-05-02,72,3,wk inc flu hosp,2026-05-23,quantile,0.55,61,Puerto Rico,Ensemble
2026-05-02,72,3,wk inc flu hosp,2026-05-23,quantile,0.6,66,Puerto Rico,Ensemble
2026-05-02,72,3,wk inc flu hosp,2026-05-23,quantile,0.65,71,Puerto Rico,Ensemble
2026-05-02,72,3,wk inc flu hosp,2026-05-23,quantile,0.7,77,Puerto Rico,Ensemble
2026-05-02,72,3,wk inc flu hosp,2026-05-23,quantile,0.75,84,Puerto Rico,Ensemble
2026-05-02,72,3,wk inc flu hosp,2026-05-23,quantile,0.8,93,Puerto Rico,Ensemble
2026-05-02,72,3,wk inc flu hosp,2026-05-23,quantile,0.85,103,Puerto Rico,Ensemble
2026-05-02,72,3,wk inc flu hosp,2026-05-23,quantile,0.9,118,Puerto Rico,Ensemble
2026-05-02,72,3,wk inc flu hosp,2026-05-23,quantile,0.95,147,Puerto Rico,Ensemble
2026-05-02,72,3,wk inc flu hosp,2026-05-23,quantile,0.975,178,Puerto Rico,Ensemble
2026-05-02,72,3,wk inc flu hosp,2026-05-23,quantile,0.99,219,Puerto Rico,Ensemble
2026-05-02,US,0,wk inc flu hosp,2026-05-02,quantile,0.01,506,US,Ensemble
2026-05-02,US,0,wk inc flu hosp,2026-05-02,quantile,0.025,584,US,Ensemble
2026-05-02,US,0,wk inc flu hosp,2026-05-02,quantile,0.05,691,US,Ensemble
2026-05-02,US,0,wk inc flu hosp,2026-05-02,quantile,0.1,830,US,Ensemble
2026-05-02,US,0,wk inc flu hosp,2026-05-02,quantile,0.15,924,US,Ensemble
2026-05-02,US,0,wk inc flu hosp,2026-05-02,quantile,0.2,1003,US,Ensemble
2026-05-02,US,0,wk inc flu hosp,2026-05-02,quantile,0.25,1072,US,Ensemble
2026-05-02,US,0,wk inc flu hosp,2026-05-02,quantile,0.3,1141,US,Ensemble
2026-05-02,US,0,wk inc flu hosp,2026-05-02,quantile,0.35,1208,US,Ensemble
2026-05-02,US,0,wk inc flu hosp,2026-05-02,quantile,0.4,1271,US,Ensemble
2026-05-02,US,0,wk inc flu hosp,2026-05-02,quantile,0.45,1331,US,Ensemble
2026-05-02,US,0,wk inc flu hosp,2026-05-02,quantile,0.5,1397,US,Ensemble
2026-05-02,US,0,wk inc flu hosp,2026-05-02,quantile,0.55,1459,US,Ensemble
2026-05-02,US,0,wk inc flu hosp,2026-05-02,quantile,0.6,1525,US,Ensemble
2026-05-02,US,0,wk inc flu hosp,2026-05-02,quantile,0.65,1590,US,Ensemble
2026-05-02,US,0,wk inc flu hosp,2026-05-02,quantile,0.7,1660,US,Ensemble
2026-05-02,US,0,wk inc flu hosp,2026-05-02,quantile,0.75,1739,US,Ensemble
2026-05-02,US,0,wk inc flu hosp,2026-05-02,quantile,0.8,1842,US,Ensemble
2026-05-02,US,0,wk inc flu hosp,2026-05-02,quantile,0.85,1960,US,Ensemble
2026-05-02,US,0,wk inc flu hosp,2026-05-02,quantile,0.9,2119,US,Ensemble
2026-05-02,US,0,wk inc flu hosp,2026-05-02,quantile,0.95,2379,US,Ensemble
2026-05-02,US,0,wk inc flu hosp,2026-05-02,quantile,0.975,2640,US,Ensemble
2026-05-02,US,0,wk inc flu hosp,2026-05-02,quantile,0.99,2981,US,Ensemble
2026-05-02,US,1,wk inc flu hosp,2026-05-09,quantile,0.01,348,US,Ensemble
2026-05-02,US,1,wk inc flu hosp,2026-05-09,quantile,0.025,424,US,Ensemble
2026-05-02,US,1,wk inc flu hosp,2026-05-09,quantile,0.05,506,US,Ensemble
2026-05-02,US,1,wk inc flu hosp,2026-05-09,quantile,0.1,621,US,Ensemble
2026-05-02,US,1,wk inc flu hosp,2026-05-09,quantile,0.15,714,US,Ensemble
2026-05-02,US,1,wk inc flu hosp,2026-05-09,quantile,0.2,794,US,Ensemble
2026-05-02,US,1,wk inc flu hosp,2026-05-09,quantile,0.25,868,US,Ensemble
2026-05-02,US,1,wk inc flu hosp,2026-05-09,quantile,0.3,939,US,Ensemble
2026-05-02,US,1,wk inc flu hosp,2026-05-09,quantile,0.35,1013,US,Ensemble
2026-05-02,US,1,wk inc flu hosp,2026-05-09,quantile,0.4,1084,US,Ensemble
2026-05-02,US,1,wk inc flu hosp,2026-05-09,quantile,0.45,1159,US,Ensemble
2026-05-02,US,1,wk inc flu hosp,2026-05-09,quantile,0.5,1232,US,Ensemble
2026-05-02,US,1,wk inc flu hosp,2026-05-09,quantile,0.55,1312,US,Ensemble
2026-05-02,US,1,wk inc flu hosp,2026-05-09,quantile,0.6,1391,US,Ensemble
2026-05-02,US,1,wk inc flu hosp,2026-05-09,quantile,0.65,1474,US,Ensemble
2026-05-02,US,1,wk inc flu hosp,2026-05-09,quantile,0.7,1568,US,Ensemble
2026-05-02,US,1,wk inc flu hosp,2026-05-09,quantile,0.75,1669,US,Ensemble
2026-05-02,US,1,wk inc flu hosp,2026-05-09,quantile,0.8,1793,US,Ensemble
2026-05-02,US,1,wk inc flu hosp,2026-05-09,quantile,0.85,1948,US,Ensemble
2026-05-02,US,1,wk inc flu hosp,2026-05-09,quantile,0.9,2154,US,Ensemble
2026-05-02,US,1,wk inc flu hosp,2026-05-09,quantile,0.95,2513,US,Ensemble
2026-05-02,US,1,wk inc flu hosp,2026-05-09,quantile,0.975,2897,US,Ensemble
2026-05-02,US,1,wk inc flu hosp,2026-05-09,quantile,0.99,3405,US,Ensemble
2026-05-02,US,2,wk inc flu hosp,2026-05-16,quantile,0.01,262,US,Ensemble
2026-05-02,US,2,wk inc flu hosp,2026-05-16,quantile,0.025,322,US,Ensemble
2026-05-02,US,2,wk inc flu hosp,2026-05-16,quantile,0.05,384,US,Ensemble
2026-05-02,US,2,wk inc flu hosp,2026-05-16,quantile,0.1,486,US,Ensemble
2026-05-02,US,2,wk inc flu hosp,2026-05-16,quantile,0.15,578,US,Ensemble
2026-05-02,US,2,wk inc flu hosp,2026-05-16,quantile,0.2,648,US,Ensemble
2026-05-02,US,2,wk inc flu hosp,2026-05-16,quantile,0.25,713,US,Ensemble
2026-05-02,US,2,wk inc flu hosp,2026-05-16,quantile,0.3,775,US,Ensemble
2026-05-02,US,2,wk inc flu hosp,2026-05-16,quantile,0.35,842,US,Ensemble
2026-05-02,US,2,wk inc flu hosp,2026-05-16,quantile,0.4,906,US,Ensemble
2026-05-02,US,2,wk inc flu hosp,2026-05-16,quantile,0.45,980,US,Ensemble
2026-05-02,US,2,wk inc flu hosp,2026-05-16,quantile,0.5,1061,US,Ensemble
2026-05-02,US,2,wk inc flu hosp,2026-05-16,quantile,0.55,1140,US,Ensemble
2026-05-02,US,2,wk inc flu hosp,2026-05-16,quantile,0.6,1221,US,Ensemble
2026-05-02,US,2,wk inc flu hosp,2026-05-16,quantile,0.65,1321,US,Ensemble
2026-05-02,US,2,wk inc flu hosp,2026-05-16,quantile,0.7,1425,US,Ensemble
2026-05-02,US,2,wk inc flu hosp,2026-05-16,quantile,0.75,1545,US,Ensemble
2026-05-02,US,2,wk inc flu hosp,2026-05-16,quantile,0.8,1694,US,Ensemble
2026-05-02,US,2,wk inc flu hosp,2026-05-16,quantile,0.85,1881,US,Ensemble
2026-05-02,US,2,wk inc flu hosp,2026-05-16,quantile,0.9,2143,US,Ensemble
2026-05-02,US,2,wk inc flu hosp,2026-05-16,quantile,0.95,2621,US,Ensemble
2026-05-02,US,2,wk inc flu hosp,2026-05-16,quantile,0.975,3109,US,Ensemble
2026-05-02,US,2,wk inc flu hosp,2026-05-16,quantile,0.99,3799,US,Ensemble
2026-05-02,US,3,wk inc flu hosp,2026-05-23,quantile,0.01,217,US,Ensemble
2026-05-02,US,3,wk inc flu hosp,2026-05-23,quantile,0.025,259,US,Ensemble
2026-05-02,US,3,wk inc flu hosp,2026-05-23,quantile,0.05,305,US,Ensemble
2026-05-02,US,3,wk inc flu hosp,2026-05-23,quantile,0.1,403,US,Ensemble
2026-05-02,US,3,wk inc flu hosp,2026-05-23,quantile,0.15,479,US,Ensemble
2026-05-02,US,3,wk inc flu hosp,2026-05-23,quantile,0.2,551,US,Ensemble
2026-05-02,US,3,wk inc flu hosp,2026-05-23,quantile,0.25,615,US,Ensemble
2026-05-02,US,3,wk inc flu hosp,2026-05-23,quantile,0.3,680,US,Ensemble
2026-05-02,US,3,wk inc flu hosp,2026-05-23,quantile,0.35,746,US,Ensemble
2026-05-02,US,3,wk inc flu hosp,2026-05-23,quantile,0.4,805,US,Ensemble
2026-05-02,US,3,wk inc flu hosp,2026-05-23,quantile,0.45,875,US,Ensemble
2026-05-02,US,3,wk inc flu hosp,2026-05-23,quantile,0.5,955,US,Ensemble
2026-05-02,US,3,wk inc flu hosp,2026-05-23,quantile,0.55,1037,US,Ensemble
2026-05-02,US,3,wk inc flu hosp,2026-05-23,quantile,0.6,1130,US,Ensemble
2026-05-02,US,3,wk inc flu hosp,2026-05-23,quantile,0.65,1233,US,Ensemble
2026-05-02,US,3,wk inc flu hosp,2026-05-23,quantile,0.7,1347,US,Ensemble
2026-05-02,US,3,wk inc flu hosp,2026-05-23,quantile,0.75,1479,US,Ensemble
2026-05-02,US,3,wk inc flu hosp,2026-05-23,quantile,0.8,1646,US,Ensemble
2026-05-02,US,3,wk inc flu hosp,2026-05-23,quantile,0.85,1867,US,Ensemble
2026-05-02,US,3,wk inc flu hosp,2026-05-23,quantile,0.9,2195,US,Ensemble
2026-05-02,US,3,wk inc flu hosp,2026-05-23,quantile,0.95,2765,US,Ensemble
2026-05-02,US,3,wk inc flu hosp,2026-05-23,quantile,0.975,3362,US,Ensemble
2026-05-02,US,3,wk inc flu hosp,2026-05-23,quantile,0.99,4160,US,Ensemble
