reference_date,location,horizon,target,target_end_date,output_type,output_type_id,value,location_name,model_id
2026-04-25,01,0,wk inc flu hosp,2026-04-25,quantile,0.01,3,Alabama,Ensemble
2026-04-25,01,0,wk inc flu hosp,2026-04-25,quantile,0.025,4,Alabama,Ensemble
2026-04-25,01,0,wk inc flu hosp,2026-04-25,quantile,0.05,5,Alabama,Ensemble
2026-04-25,01,0,wk inc flu hosp,2026-04-25,quantile,0.1,7,Alabama,Ensemble
2026-04-25,01,0,wk inc flu hosp,2026-04-25,quantile,0.15,9,Alabama,Ensemble
2026-04-25,01,0,wk inc flu hosp,2026-04-25,quantile,0.2,10,Alabama,Ensemble
2026-04-25,01,0,wk inc flu hosp,2026-04-25,quantile,0.25,11,Alabama,Ensemble
2026-04-25,01,0,wk inc flu hosp,2026-04-25,quantile,0.3,13,Alabama,Ensemble
2026-04-25,01,0,wk inc flu hosp,2026-04-25,quantile,0.35,14,Alabama,Ensemble
2026-04-25,01,0,wk inc flu hosp,2026-04-25,quantile,0.4,16,Alabama,Ensemble
2026-04-25,01,0,wk inc flu hosp,2026-04-25,quantile,0.45,17,Alabama,Ensemble
2026-04-25,01,0,wk inc flu hosp,2026-04-25,quantile,0.5,20,Alabama,Ensemble
2026-04-25,01,0,wk inc flu hosp,2026-04-25,quantile,0.55,21,Alabama,Ensemble
2026-04-25,01,0,wk inc flu hosp,2026-04-25,quantile,0.6,23,Alabama,Ensemble
2026-04-25,01,0,wk inc flu hosp,2026-04-25,quantile,0.65,25,Alabama,Ensemble
2026-04-25,01,0,wk inc flu hosp,2026-04-25,quantile,0.7,27,Alabama,Ensemble
2026-04-25,01,0,wk inc flu hosp,2026-04-25,quantile,0.75,29,Alabama,Ensemble
2026-04-25,01,0,wk inc flu hosp,2026-04-25,quantile,0.8,34,Alabama,Ensemble
2026-04-25,01,0,wk inc flu hosp,2026-04-25,quantile,0.85,38,Alabama,Ensemble
2026-04-25,01,0,wk inc flu hosp,2026-04-25,quantile,0.9,44,Alabama,Ensemble
2026-04-25,01,0,wk inc flu hosp,2026-04-25,quantile,0.95,53,Alabama,Ensemble
2026-04-25,01,0,wk inc flu hosp,2026-04-25,quantile,0.975,60,Alabama,Ensemble
2026-04-25,01,0,wk inc flu hosp,2026-04-25,quantile,0.99,68,Alabama,Ensemble
2026-04-25,01,1,wk inc flu hosp,2026-05-02,quantile,0.01,2,Alabama,Ensemble
2026-04-25,01,1,wk inc flu hosp,2026-05-02,quantile,0.025,2,Alabama,Ensemble
2026-04-25,01,1,wk inc flu hosp,2026-05-02,quantile,0.05,3,Alabama,Ensemble
2026-04-25,01,1,wk inc flu hosp,2026-05-02,quantile,0.1,5,Alabama,Ensemble
2026-04-25,01,1,wk inc flu hosp,2026-05-02,quantile,0.15,6,Alabama,Ensemble
2026-04-25,01,1,wk inc flu hosp,2026-05-02,quantile,0.2,7,Alabama,Ensemble
2026-04-25,01,1,wk inc flu hosp,2026-05-02,quantile,0.25,8,Alabama,Ensemble
2026-04-25,01,1,wk inc flu hosp,2026-05-02,quantile,0.3,9,Alabama,Ensemble
2026-04-25,01,1,wk inc flu hosp,2026-05-02,quantile,0.35,11,Alabama,Ensemble
2026-04-25,01,1,wk inc flu hosp,2026-05-02,quantile,0.4,13,Alabama,Ensemble
2026-04-25,01,1,wk inc flu hosp,2026-05-02,quantile,0.45,14,Alabama,Ensemble
2026-04-25,01,1,wk inc flu hosp,2026-05-02,quantile,0.5,17,Alabama,Ensemble
2026-04-25,01,1,wk inc flu hosp,2026-05-02,quantile,0.55,19,Alabama,Ensemble
2026-04-25,01,1,wk inc flu hosp,2026-05-02,quantile,0.6,21,Alabama,Ensemble
2026-04-25,01,1,wk inc flu hosp,2026-05-02,quantile,0.65,23,Alabama,Ensemble
2026-04-25,01,1,wk inc flu hosp,2026-05-02,quantile,0.7,27,Alabama,Ensemble
2026-04-25,01,1,wk inc flu hosp,2026-05-02,quantile,0.75,30,Alabama,Ensemble
2026-04-25,01,1,wk inc flu hosp,2026-05-02,quantile,0.8,36,Alabama,Ensemble
2026-04-25,01,1,wk inc flu hosp,2026-05-02,quantile,0.85,42,Alabama,Ensemble
2026-04-25,01,1,wk inc flu hosp,2026-05-02,quantile,0.9,50,Alabama,Ensemble
2026-04-25,01,1,wk inc flu hosp,2026-05-02,quantile,0.95,60,Alabama,Ensemble
2026-04-25,01,1,wk inc flu hosp,2026-05-02,quantile,0.975,68,Alabama,Ensemble
2026-04-25,01,1,wk inc flu hosp,2026-05-02,quantile,0.99,79,Alabama,Ensemble
2026-04-25,01,2,wk inc flu hosp,2026-05-09,quantile,0.01,1,Alabama,Ensemble
2026-04-25,01,2,wk inc flu hosp,2026-05-09,quantile,0.025,2,Alabama,Ensemble
2026-04-25,01,2,wk inc flu hosp,2026-05-09,quantile,0.05,2,Alabama,Ensemble
2026-04-25,01,2,wk inc flu hosp,2026-05-09,quantile,0.1,4,Alabama,Ensemble
2026-04-25,01,2,wk inc flu hosp,2026-05-09,quantile,0.15,4,Alabama,Ensemble
2026-04-25,01,2,wk inc flu hosp,2026-05-09,quantile,0.2,6,Alabama,Ensemble
2026-04-25,01,2,wk inc flu hosp,2026-05-09,quantile,0.25,7,Alabama,Ensemble
2026-04-25,01,2,wk inc flu hosp,2026-05-09,quantile,0.3,8,Alabama,Ensemble
2026-04-25,01,2,wk inc flu hosp,2026-05-09,quantile,0.35,10,Alabama,Ensemble
2026-04-25,01,2,wk inc flu hosp,2026-05-09,quantile,0.4,11,Alabama,Ensemble
2026-04-25,01,2,wk inc flu hosp,2026-05-09,quantile,0.45,12,Alabama,Ensemble
2026-04-25,01,2,wk inc flu hosp,2026-05-09,quantile,0.5,15,Alabama,Ensemble
2026-04-25,01,2,wk inc flu hosp,2026-05-09,quantile,0.55,17,Alabama,Ensemble
2026-04-25,01,2,wk inc flu hosp,2026-05-09,quantile,0.6,19,Alabama,Ensemble
2026-04-25,01,2,wk inc flu hosp,2026-05-09,quantile,0.65,22,Alabama,Ensemble
2026-04-25,01,2,wk inc flu hosp,2026-05-09,quantile,0.7,24,Alabama,Ensemble
2026-04-25,01,2,wk inc flu hosp,2026-05-09,quantile,0.75,33,Alabama,Ensemble
2026-04-25,01,2,wk inc flu hosp,2026-05-09,quantile,0.8,36,Alabama,Ensemble
2026-04-25,01,2,wk inc flu hosp,2026-05-09,quantile,0.85,43,Alabama,Ensemble
2026-04-25,01,2,wk inc flu hosp,2026-05-09,quantile,0.9,53,Alabama,Ensemble
2026-04-25,01,2,wk inc flu hosp,2026-05-09,quantile,0.95,65,Alabama,Ensemble
2026-04-25,01,2,wk inc flu hosp,2026-05-09,quantile,0.975,76,Alabama,Ensemble
2026-04-25,01,2,wk inc flu hosp,2026-05-09,quantile,0.99,90,Alabama,Ensemble
2026-04-25,01,3,wk inc flu hosp,2026-05-16,quantile,0.01,1,Alabama,Ensemble
2026-04-25,01,3,wk inc flu hosp,2026-05-16,quantile,0.025,2,Alabama,Ensemble
2026-04-25,01,3,wk inc flu hosp,2026-05-16,quantile,0.05,2,Alabama,Ensemble
2026-04-25,01,3,wk inc flu hosp,2026-05-16,quantile,0.1,3,Alabama,Ensemble
2026-04-25,01,3,wk inc flu hosp,2026-05-16,quantile,0.15,4,Alabama,Ensemble
2026-04-25,01,3,wk inc flu hosp,2026-05-16,quantile,0.2,5,Alabama,Ensemble
2026-04-25,01,3,wk inc flu hosp,2026-05-16,quantile,0.25,6,Alabama,Ensemble
2026-04-25,01,3,wk inc flu hosp,2026-05-16,quantile,0.3,7,Alabama,Ensemble
2026-04-25,01,3,wk inc flu hosp,2026-05-16,quantile,0.35,8,Alabama,Ensemble
2026-04-25,01,3,wk inc flu hosp,2026-05-16,quantile,0.4,10,Alabama,Ensemble
2026-04-25,01,3,wk inc flu hosp,2026-05-16,quantile,0.45,11,Alabama,Ensemble
2026-04-25,01,3,wk inc flu hosp,2026-05-16,quantile,0.5,14,Alabama,Ensemble
2026-04-25,01,3,wk inc flu hosp,2026-05-16,quantile,0.55,16,Alabama,Ensemble
2026-04-25,01,3,wk inc flu hosp,2026-05-16,quantile,0.6,18,Alabama,Ensemble
2026-04-25,01,3,wk inc flu hosp,2026-05-16,quantile,0.65,21,Alabama,Ensemble
2026-04-25,01,3,wk inc flu hosp,2026-05-16,quantile,0.7,25,Alabama,Ensemble
2026-04-25,01,3,wk inc flu hosp,2026-05-16,quantile,0.75,30,Alabama,Ensemble
2026-04-25,01,3,wk inc flu hosp,2026-05-16,quantile,0.8,35,Alabama,Ensemble
2026-04-25,01,3,wk inc flu hosp,2026-05-16,quantile,0.85,42,Alabama,Ensemble
2026-04-25,01,3,wk inc flu hosp,2026-05-16,quantile,0.9,52,Alabama,Ensemble
2026-04-25,01,3,wk inc flu hosp,2026-05-16,quantile,0.95,65,Alabama,Ensemble
2026-04-25,01,3,wk inc flu hosp,2026-05-16,quantile,0.975,76,Alabama,Ensemble
2026-04-25,01,3,wk inc flu hosp,2026-05-16,quantile,0.99,92,Alabama,Ensemble
2026-04-25,02,0,wk inc flu hosp,2026-04-25,quantile,0.01,0,Alaska,Ensemble
2026-04-25,02,0,wk inc flu hosp,2026-04-25,quantile,0.025,0,Alaska,Ensemble
2026-04-25,02,0,wk inc flu hosp,2026-04-25,quantile,0.05,0,Alaska,Ensemble
2026-04-25,02,0,wk inc flu hosp,2026-04-25,quantile,0.1,0,Alaska,Ensemble
2026-04-25,02,0,wk inc flu hosp,2026-04-25,quantile,0.15,0,Alaska,Ensemble
2026-04-25,02,0,wk inc flu hosp,2026-04-25,quantile,0.2,0,Alaska,Ensemble
2026-04-25,02,0,wk inc flu hosp,2026-04-25,quantile,0.25,1,Alaska,Ensemble
2026-04-25,02,0,wk inc flu hosp,2026-04-25,quantile,0.3,1,Alaska,Ensemble
2026-04-25,02,0,wk inc flu hosp,2026-04-25,quantile,0.35,1,Alaska,Ensemble
2026-04-25,02,0,wk inc flu hosp,2026-04-25,quantile,0.4,1,Alaska,Ensemble
2026-04-25,02,0,wk inc flu hosp,2026-04-25,quantile,0.45,1,Alaska,Ensemble
2026-04-25,02,0,wk inc flu hosp,2026-04-25,quantile,0.5,3,Alaska,Ensemble
2026-04-25,02,0,wk inc flu hosp,2026-04-25,quantile,0.55,3,Alaska,Ensemble
2026-04-25,02,0,wk inc flu hosp,2026-04-25,quantile,0.6,4,Alaska,Ensemble
2026-04-25,02,0,wk inc flu hosp,2026-04-25,quantile,0.65,4,Alaska,Ensemble
2026-04-25,02,0,wk inc flu hosp,2026-04-25,quantile,0.7,4,Alaska,Ensemble
2026-04-25,02,0,wk inc flu hosp,2026-04-25,quantile,0.75,5,Alaska,Ensemble
2026-04-25,02,0,wk inc flu hosp,2026-04-25,quantile,0.8,5,Alaska,Ensemble
2026-04-25,02,0,wk inc flu hosp,2026-04-25,quantile,0.85,6,Alaska,Ensemble
2026-04-25,02,0,wk inc flu hosp,2026-04-25,quantile,0.9,8,Alaska,Ensemble
2026-04-25,02,0,wk inc flu hosp,2026-04-25,quantile,0.95,10,Alaska,Ensemble
2026-04-25,02,0,wk inc flu hosp,2026-04-25,quantile,0.975,12,Alaska,Ensemble
2026-04-25,02,0,wk inc flu hosp,2026-04-25,quantile,0.99,15,Alaska,Ensemble
2026-04-25,02,1,wk inc flu hosp,2026-05-02,quantile,0.01,0,Alaska,Ensemble
2026-04-25,02,1,wk inc flu hosp,2026-05-02,quantile,0.025,0,Alaska,Ensemble
2026-04-25,02,1,wk inc flu hosp,2026-05-02,quantile,0.05,0,Alaska,Ensemble
2026-04-25,02,1,wk inc flu hosp,2026-05-02,quantile,0.1,0,Alaska,Ensemble
2026-04-25,02,1,wk inc flu hosp,2026-05-02,quantile,0.15,0,Alaska,Ensemble
2026-04-25,02,1,wk inc flu hosp,2026-05-02,quantile,0.2,0,Alaska,Ensemble
2026-04-25,02,1,wk inc flu hosp,2026-05-02,quantile,0.25,0,Alaska,Ensemble
2026-04-25,02,1,wk inc flu hosp,2026-05-02,quantile,0.3,0,Alaska,Ensemble
2026-04-25,02,1,wk inc flu hosp,2026-05-02,quantile,0.35,1,Alaska,Ensemble
2026-04-25,02,1,wk inc flu hosp,2026-05-02,quantile,0.4,1,Alaska,Ensemble
2026-04-25,02,1,wk inc flu hosp,2026-05-02,quantile,0.45,1,Alaska,Ensemble
2026-04-25,02,1,wk inc flu hosp,2026-05-02,quantile,0.5,2,Alaska,Ensemble
2026-04-25,02,1,wk inc flu hosp,2026-05-02,quantile,0.55,3,Alaska,Ensemble
2026-04-25,02,1,wk inc flu hosp,2026-05-02,quantile,0.6,3,Alaska,Ensemble
2026-04-25,02,1,wk inc flu hosp,2026-05-02,quantile,0.65,4,Alaska,Ensemble
2026-04-25,02,1,wk inc flu hosp,2026-05-02,quantile,0.7,4,Alaska,Ensemble
2026-04-25,02,1,wk inc flu hosp,2026-05-02,quantile,0.75,5,Alaska,Ensemble
2026-04-25,02,1,wk inc flu hosp,2026-05-02,quantile,0.8,6,Alaska,Ensemble
2026-04-25,02,1,wk inc flu hosp,2026-05-02,quantile,0.85,6,Alaska,Ensemble
2026-04-25,02,1,wk inc flu hosp,2026-05-02,quantile,0.9,8,Alaska,Ensemble
2026-04-25,02,1,wk inc flu hosp,2026-05-02,quantile,0.95,11,Alaska,Ensemble
2026-04-25,02,1,wk inc flu hosp,2026-05-02,quantile,0.975,13,Alaska,Ensemble
2026-04-25,02,1,wk inc flu hosp,2026-05-02,quantile,0.99,16,Alaska,Ensemble
2026-04-25,02,2,wk inc flu hosp,2026-05-09,quantile,0.01,0,Alaska,Ensemble
2026-04-25,02,2,wk inc flu hosp,2026-05-09,quantile,0.025,0,Alaska,Ensemble
2026-04-25,02,2,wk inc flu hosp,2026-05-09,quantile,0.05,0,Alaska,Ensemble
2026-04-25,02,2,wk inc flu hosp,2026-05-09,quantile,0.1,0,Alaska,Ensemble
2026-04-25,02,2,wk inc flu hosp,2026-05-09,quantile,0.15,0,Alaska,Ensemble
2026-04-25,02,2,wk inc flu hosp,2026-05-09,quantile,0.2,0,Alaska,Ensemble
2026-04-25,02,2,wk inc flu hosp,2026-05-09,quantile,0.25,0,Alaska,Ensemble
2026-04-25,02,2,wk inc flu hosp,2026-05-09,quantile,0.3,0,Alaska,Ensemble
2026-04-25,02,2,wk inc flu hosp,2026-05-09,quantile,0.35,0,Alaska,Ensemble
2026-04-25,02,2,wk inc flu hosp,2026-05-09,quantile,0.4,1,Alaska,Ensemble
2026-04-25,02,2,wk inc flu hosp,2026-05-09,quantile,0.45,1,Alaska,Ensemble
2026-04-25,02,2,wk inc flu hosp,2026-05-09,quantile,0.5,2,Alaska,Ensemble
2026-04-25,02,2,wk inc flu hosp,2026-05-09,quantile,0.55,3,Alaska,Ensemble
2026-04-25,02,2,wk inc flu hosp,2026-05-09,quantile,0.6,3,Alaska,Ensemble
2026-04-25,02,2,wk inc flu hosp,2026-05-09,quantile,0.65,4,Alaska,Ensemble
2026-04-25,02,2,wk inc flu hosp,2026-05-09,quantile,0.7,4,Alaska,Ensemble
2026-04-25,02,2,wk inc flu hosp,2026-05-09,quantile,0.75,5,Alaska,Ensemble
2026-04-25,02,2,wk inc flu hosp,2026-05-09,quantile,0.8,6,Alaska,Ensemble
2026-04-25,02,2,wk inc flu hosp,2026-05-09,quantile,0.85,7,Alaska,Ensemble
2026-04-25,02,2,wk inc flu hosp,2026-05-09,quantile,0.9,8,Alaska,Ensemble
2026-04-25,02,2,wk inc flu hosp,2026-05-09,quantile,0.95,12,Alaska,Ensemble
2026-04-25,02,2,wk inc flu hosp,2026-05-09,quantile,0.975,14,Alaska,Ensemble
2026-04-25,02,2,wk inc flu hosp,2026-05-09,quantile,0.99,18,Alaska,Ensemble
2026-04-25,02,3,wk inc flu hosp,2026-05-16,quantile,0.01,0,Alaska,Ensemble
2026-04-25,02,3,wk inc flu hosp,2026-05-16,quantile,0.025,0,Alaska,Ensemble
2026-04-25,02,3,wk inc flu hosp,2026-05-16,quantile,0.05,0,Alaska,Ensemble
2026-04-25,02,3,wk inc flu hosp,2026-05-16,quantile,0.1,0,Alaska,Ensemble
2026-04-25,02,3,wk inc flu hosp,2026-05-16,quantile,0.15,0,Alaska,Ensemble
2026-04-25,02,3,wk inc flu hosp,2026-05-16,quantile,0.2,0,Alaska,Ensemble
2026-04-25,02,3,wk inc flu hosp,2026-05-16,quantile,0.25,0,Alaska,Ensemble
2026-04-25,02,3,wk inc flu hosp,2026-05-16,quantile,0.3,0,Alaska,Ensemble
2026-04-25,02,3,wk inc flu hosp,2026-05-16,quantile,0.35,0,Alaska,Ensemble
2026-04-25,02,3,wk inc flu hosp,2026-05-16,quantile,0.4,0,Alaska,Ensemble
2026-04-25,02,3,wk inc flu hosp,2026-05-16,quantile,0.45,1,Alaska,Ensemble
2026-04-25,02,3,wk inc flu hosp,2026-05-16,quantile,0.5,2,Alaska,Ensemble
2026-04-25,02,3,wk inc flu hosp,2026-05-16,quantile,0.55,3,Alaska,Ensemble
2026-04-25,02,3,wk inc flu hosp,2026-05-16,quantile,0.6,3,Alaska,Ensemble
2026-04-25,02,3,wk inc flu hosp,2026-05-16,quantile,0.65,3,Alaska,Ensemble
2026-04-25,02,3,wk inc flu hosp,2026-05-16,quantile,0.7,4,Alaska,Ensemble
2026-04-25,02,3,wk inc flu hosp,2026-05-16,quantile,0.75,5,Alaska,Ensemble
2026-04-25,02,3,wk inc flu hosp,2026-05-16,quantile,0.8,5,Alaska,Ensemble
2026-04-25,02,3,wk inc flu hosp,2026-05-16,quantile,0.85,6,Alaska,Ensemble
2026-04-25,02,3,wk inc flu hosp,2026-05-16,quantile,0.9,9,Alaska,Ensemble
2026-04-25,02,3,wk inc flu hosp,2026-05-16,quantile,0.95,13,Alaska,Ensemble
2026-04-25,02,3,wk inc flu hosp,2026-05-16,quantile,0.975,15,Alaska,Ensemble
2026-04-25,02,3,wk inc flu hosp,2026-05-16,quantile,0.99,19,Alaska,Ensemble
2026-04-25,04,0,wk inc flu hosp,2026-04-25,quantile,0.01,13,Arizona,Ensemble
2026-04-25,04,0,wk inc flu hosp,2026-04-25,quantile,0.025,16,Arizona,Ensemble
2026-04-25,04,0,wk inc flu hosp,2026-04-25,quantile,0.05,20,Arizona,Ensemble
2026-04-25,04,0,wk inc flu hosp,2026-04-25,quantile,0.1,25,Arizona,Ensemble
2026-04-25,04,0,wk inc flu hosp,2026-04-25,quantile,0.15,28,Arizona,Ensemble
2026-04-25,04,0,wk inc flu hosp,2026-04-25,quantile,0.2,31,Arizona,Ensemble
2026-04-25,04,0,wk inc flu hosp,2026-04-25,quantile,0.25,35,Arizona,Ensemble
2026-04-25,04,0,wk inc flu hosp,2026-04-25,quantile,0.3,39,Arizona,Ensemble
2026-04-25,04,0,wk inc flu hosp,2026-04-25,quantile,0.35,42,Arizona,Ensemble
2026-04-25,04,0,wk inc flu hosp,2026-04-25,quantile,0.4,45,Arizona,Ensemble
2026-04-25,04,0,wk inc flu hosp,2026-04-25,quantile,0.45,48,Arizona,Ensemble
2026-04-25,04,0,wk inc flu hosp,2026-04-25,quantile,0.5,53,Arizona,Ensemble
2026-04-25,04,0,wk inc flu hosp,2026-04-25,quantile,0.55,56,Arizona,Ensemble
2026-04-25,04,0,wk inc flu hosp,2026-04-25,quantile,0.6,60,Arizona,Ensemble
2026-04-25,04,0,wk inc flu hosp,2026-04-25,quantile,0.65,64,Arizona,Ensemble
2026-04-25,04,0,wk inc flu hosp,2026-04-25,quantile,0.7,68,Arizona,Ensemble
2026-04-25,04,0,wk inc flu hosp,2026-04-25,quantile,0.75,72,Arizona,Ensemble
2026-04-25,04,0,wk inc flu hosp,2026-04-25,quantile,0.8,79,Arizona,Ensemble
2026-04-25,04,0,wk inc flu hosp,2026-04-25,quantile,0.85,86,Arizona,Ensemble
2026-04-25,04,0,wk inc flu hosp,2026-04-25,quantile,0.9,95,Arizona,Ensemble
2026-04-25,04,0,wk inc flu hosp,2026-04-25,quantile,0.95,115,Arizona,Ensemble
2026-04-25,04,0,wk inc flu hosp,2026-04-25,quantile,0.975,129,Arizona,Ensemble
2026-04-25,04,0,wk inc flu hosp,2026-04-25,quantile,0.99,148,Arizona,Ensemble
2026-04-25,04,1,wk inc flu hosp,2026-05-02,quantile,0.01,8,Arizona,Ensemble
2026-04-25,04,1,wk inc flu hosp,2026-05-02,quantile,0.025,11,Arizona,Ensemble
2026-04-25,04,1,wk inc flu hosp,2026-05-02,quantile,0.05,14,Arizona,Ensemble
2026-04-25,04,1,wk inc flu hosp,2026-05-02,quantile,0.1,18,Arizona,Ensemble
2026-04-25,04,1,wk inc flu hosp,2026-05-02,quantile,0.15,21,Arizona,Ensemble
2026-04-25,04,1,wk inc flu hosp,2026-05-02,quantile,0.2,24,Arizona,Ensemble
2026-04-25,04,1,wk inc flu hosp,2026-05-02,quantile,0.25,27,Arizona,Ensemble
2026-04-25,04,1,wk inc flu hosp,2026-05-02,quantile,0.3,30,Arizona,Ensemble
2026-04-25,04,1,wk inc flu hosp,2026-05-02,quantile,0.35,34,Arizona,Ensemble
2026-04-25,04,1,wk inc flu hosp,2026-05-02,quantile,0.4,38,Arizona,Ensemble
2026-04-25,04,1,wk inc flu hosp,2026-05-02,quantile,0.45,41,Arizona,Ensemble
2026-04-25,04,1,wk inc flu hosp,2026-05-02,quantile,0.5,46,Arizona,Ensemble
2026-04-25,04,1,wk inc flu hosp,2026-05-02,quantile,0.55,50,Arizona,Ensemble
2026-04-25,04,1,wk inc flu hosp,2026-05-02,quantile,0.6,54,Arizona,Ensemble
2026-04-25,04,1,wk inc flu hosp,2026-05-02,quantile,0.65,59,Arizona,Ensemble
2026-04-25,04,1,wk inc flu hosp,2026-05-02,quantile,0.7,64,Arizona,Ensemble
2026-04-25,04,1,wk inc flu hosp,2026-05-02,quantile,0.75,71,Arizona,Ensemble
2026-04-25,04,1,wk inc flu hosp,2026-05-02,quantile,0.8,79,Arizona,Ensemble
2026-04-25,04,1,wk inc flu hosp,2026-05-02,quantile,0.85,88,Arizona,Ensemble
2026-04-25,04,1,wk inc flu hosp,2026-05-02,quantile,0.9,102,Arizona,Ensemble
2026-04-25,04,1,wk inc flu hosp,2026-05-02,quantile,0.95,130,Arizona,Ensemble
2026-04-25,04,1,wk inc flu hosp,2026-05-02,quantile,0.975,150,Arizona,Ensemble
2026-04-25,04,1,wk inc flu hosp,2026-05-02,quantile,0.99,175,Arizona,Ensemble
2026-04-25,04,2,wk inc flu hosp,2026-05-09,quantile,0.01,6,Arizona,Ensemble
2026-04-25,04,2,wk inc flu hosp,2026-05-09,quantile,0.025,7,Arizona,Ensemble
2026-04-25,04,2,wk inc flu hosp,2026-05-09,quantile,0.05,10,Arizona,Ensemble
2026-04-25,04,2,wk inc flu hosp,2026-05-09,quantile,0.1,13,Arizona,Ensemble
2026-04-25,04,2,wk inc flu hosp,2026-05-09,quantile,0.15,17,Arizona,Ensemble
2026-04-25,04,2,wk inc flu hosp,2026-05-09,quantile,0.2,20,Arizona,Ensemble
2026-04-25,04,2,wk inc flu hosp,2026-05-09,quantile,0.25,23,Arizona,Ensemble
2026-04-25,04,2,wk inc flu hosp,2026-05-09,quantile,0.3,26,Arizona,Ensemble
2026-04-25,04,2,wk inc flu hosp,2026-05-09,quantile,0.35,29,Arizona,Ensemble
2026-04-25,04,2,wk inc flu hosp,2026-05-09,quantile,0.4,31,Arizona,Ensemble
2026-04-25,04,2,wk inc flu hosp,2026-05-09,quantile,0.45,35,Arizona,Ensemble
2026-04-25,04,2,wk inc flu hosp,2026-05-09,quantile,0.5,41,Arizona,Ensemble
2026-04-25,04,2,wk inc flu hosp,2026-05-09,quantile,0.55,46,Arizona,Ensemble
2026-04-25,04,2,wk inc flu hosp,2026-05-09,quantile,0.6,51,Arizona,Ensemble
2026-04-25,04,2,wk inc flu hosp,2026-05-09,quantile,0.65,56,Arizona,Ensemble
2026-04-25,04,2,wk inc flu hosp,2026-05-09,quantile,0.7,63,Arizona,Ensemble
2026-04-25,04,2,wk inc flu hosp,2026-05-09,quantile,0.75,71,Arizona,Ensemble
2026-04-25,04,2,wk inc flu hosp,2026-05-09,quantile,0.8,79,Arizona,Ensemble
2026-04-25,04,2,wk inc flu hosp,2026-05-09,quantile,0.85,88,Arizona,Ensemble
2026-04-25,04,2,wk inc flu hosp,2026-05-09,quantile,0.9,104,Arizona,Ensemble
2026-04-25,04,2,wk inc flu hosp,2026-05-09,quantile,0.95,148,Arizona,Ensemble
2026-04-25,04,2,wk inc flu hosp,2026-05-09,quantile,0.975,170,Arizona,Ensemble
2026-04-25,04,2,wk inc flu hosp,2026-05-09,quantile,0.99,199,Arizona,Ensemble
2026-04-25,04,3,wk inc flu hosp,2026-05-16,quantile,0.01,4,Arizona,Ensemble
2026-04-25,04,3,wk inc flu hosp,2026-05-16,quantile,0.025,6,Arizona,Ensemble
2026-04-25,04,3,wk inc flu hosp,2026-05-16,quantile,0.05,8,Arizona,Ensemble
2026-04-25,04,3,wk inc flu hosp,2026-05-16,quantile,0.1,11,Arizona,Ensemble
2026-04-25,04,3,wk inc flu hosp,2026-05-16,quantile,0.15,14,Arizona,Ensemble
2026-04-25,04,3,wk inc flu hosp,2026-05-16,quantile,0.2,17,Arizona,Ensemble
2026-04-25,04,3,wk inc flu hosp,2026-05-16,quantile,0.25,20,Arizona,Ensemble
2026-04-25,04,3,wk inc flu hosp,2026-05-16,quantile,0.3,23,Arizona,Ensemble
2026-04-25,04,3,wk inc flu hosp,2026-05-16,quantile,0.35,26,Arizona,Ensemble
2026-04-25,04,3,wk inc flu hosp,2026-05-16,quantile,0.4,29,Arizona,Ensemble
2026-04-25,04,3,wk inc flu hosp,2026-05-16,quantile,0.45,33,Arizona,Ensemble
2026-04-25,04,3,wk inc flu hosp,2026-05-16,quantile,0.5,39,Arizona,Ensemble
2026-04-25,04,3,wk inc flu hosp,2026-05-16,quantile,0.55,44,Arizona,Ensemble
2026-04-25,04,3,wk inc flu hosp,2026-05-16,quantile,0.6,49,Arizona,Ensemble
2026-04-25,04,3,wk inc flu hosp,2026-05-16,quantile,0.65,54,Arizona,Ensemble
2026-04-25,04,3,wk inc flu hosp,2026-05-16,quantile,0.7,61,Arizona,Ensemble
2026-04-25,04,3,wk inc flu hosp,2026-05-16,quantile,0.75,71,Arizona,Ensemble
2026-04-25,04,3,wk inc flu hosp,2026-05-16,quantile,0.8,79,Arizona,Ensemble
2026-04-25,04,3,wk inc flu hosp,2026-05-16,quantile,0.85,92,Arizona,Ensemble
2026-04-25,04,3,wk inc flu hosp,2026-05-16,quantile,0.9,112,Arizona,Ensemble
2026-04-25,04,3,wk inc flu hosp,2026-05-16,quantile,0.95,163,Arizona,Ensemble
2026-04-25,04,3,wk inc flu hosp,2026-05-16,quantile,0.975,188,Arizona,Ensemble
2026-04-25,04,3,wk inc flu hosp,2026-05-16,quantile,0.99,224,Arizona,Ensemble
2026-04-25,05,0,wk inc flu hosp,2026-04-25,quantile,0.01,0,Arkansas,Ensemble
2026-04-25,05,0,wk inc flu hosp,2026-04-25,quantile,0.025,0,Arkansas,Ensemble
2026-04-25,05,0,wk inc flu hosp,2026-04-25,quantile,0.05,0,Arkansas,Ensemble
2026-04-25,05,0,wk inc flu hosp,2026-04-25,quantile,0.1,1,Arkansas,Ensemble
2026-04-25,05,0,wk inc flu hosp,2026-04-25,quantile,0.15,1,Arkansas,Ensemble
2026-04-25,05,0,wk inc flu hosp,2026-04-25,quantile,0.2,1,Arkansas,Ensemble
2026-04-25,05,0,wk inc flu hosp,2026-04-25,quantile,0.25,2,Arkansas,Ensemble
2026-04-25,05,0,wk inc flu hosp,2026-04-25,quantile,0.3,2,Arkansas,Ensemble
2026-04-25,05,0,wk inc flu hosp,2026-04-25,quantile,0.35,2,Arkansas,Ensemble
2026-04-25,05,0,wk inc flu hosp,2026-04-25,quantile,0.4,3,Arkansas,Ensemble
2026-04-25,05,0,wk inc flu hosp,2026-04-25,quantile,0.45,3,Arkansas,Ensemble
2026-04-25,05,0,wk inc flu hosp,2026-04-25,quantile,0.5,5,Arkansas,Ensemble
2026-04-25,05,0,wk inc flu hosp,2026-04-25,quantile,0.55,6,Arkansas,Ensemble
2026-04-25,05,0,wk inc flu hosp,2026-04-25,quantile,0.6,6,Arkansas,Ensemble
2026-04-25,05,0,wk inc flu hosp,2026-04-25,quantile,0.65,7,Arkansas,Ensemble
2026-04-25,05,0,wk inc flu hosp,2026-04-25,quantile,0.7,9,Arkansas,Ensemble
2026-04-25,05,0,wk inc flu hosp,2026-04-25,quantile,0.75,10,Arkansas,Ensemble
2026-04-25,05,0,wk inc flu hosp,2026-04-25,quantile,0.8,11,Arkansas,Ensemble
2026-04-25,05,0,wk inc flu hosp,2026-04-25,quantile,0.85,15,Arkansas,Ensemble
2026-04-25,05,0,wk inc flu hosp,2026-04-25,quantile,0.9,17,Arkansas,Ensemble
2026-04-25,05,0,wk inc flu hosp,2026-04-25,quantile,0.95,23,Arkansas,Ensemble
2026-04-25,05,0,wk inc flu hosp,2026-04-25,quantile,0.975,27,Arkansas,Ensemble
2026-04-25,05,0,wk inc flu hosp,2026-04-25,quantile,0.99,33,Arkansas,Ensemble
2026-04-25,05,1,wk inc flu hosp,2026-05-02,quantile,0.01,0,Arkansas,Ensemble
2026-04-25,05,1,wk inc flu hosp,2026-05-02,quantile,0.025,0,Arkansas,Ensemble
2026-04-25,05,1,wk inc flu hosp,2026-05-02,quantile,0.05,0,Arkansas,Ensemble
2026-04-25,05,1,wk inc flu hosp,2026-05-02,quantile,0.1,1,Arkansas,Ensemble
2026-04-25,05,1,wk inc flu hosp,2026-05-02,quantile,0.15,1,Arkansas,Ensemble
2026-04-25,05,1,wk inc flu hosp,2026-05-02,quantile,0.2,1,Arkansas,Ensemble
2026-04-25,05,1,wk inc flu hosp,2026-05-02,quantile,0.25,1,Arkansas,Ensemble
2026-04-25,05,1,wk inc flu hosp,2026-05-02,quantile,0.3,2,Arkansas,Ensemble
2026-04-25,05,1,wk inc flu hosp,2026-05-02,quantile,0.35,2,Arkansas,Ensemble
2026-04-25,05,1,wk inc flu hosp,2026-05-02,quantile,0.4,2,Arkansas,Ensemble
2026-04-25,05,1,wk inc flu hosp,2026-05-02,quantile,0.45,2,Arkansas,Ensemble
2026-04-25,05,1,wk inc flu hosp,2026-05-02,quantile,0.5,4,Arkansas,Ensemble
2026-04-25,05,1,wk inc flu hosp,2026-05-02,quantile,0.55,5,Arkansas,Ensemble
2026-04-25,05,1,wk inc flu hosp,2026-05-02,quantile,0.6,6,Arkansas,Ensemble
2026-04-25,05,1,wk inc flu hosp,2026-05-02,quantile,0.65,7,Arkansas,Ensemble
2026-04-25,05,1,wk inc flu hosp,2026-05-02,quantile,0.7,8,Arkansas,Ensemble
2026-04-25,05,1,wk inc flu hosp,2026-05-02,quantile,0.75,12,Arkansas,Ensemble
2026-04-25,05,1,wk inc flu hosp,2026-05-02,quantile,0.8,14,Arkansas,Ensemble
2026-04-25,05,1,wk inc flu hosp,2026-05-02,quantile,0.85,16,Arkansas,Ensemble
2026-04-25,05,1,wk inc flu hosp,2026-05-02,quantile,0.9,22,Arkansas,Ensemble
2026-04-25,05,1,wk inc flu hosp,2026-05-02,quantile,0.95,29,Arkansas,Ensemble
2026-04-25,05,1,wk inc flu hosp,2026-05-02,quantile,0.975,33,Arkansas,Ensemble
2026-04-25,05,1,wk inc flu hosp,2026-05-02,quantile,0.99,40,Arkansas,Ensemble
2026-04-25,05,2,wk inc flu hosp,2026-05-09,quantile,0.01,0,Arkansas,Ensemble
2026-04-25,05,2,wk inc flu hosp,2026-05-09,quantile,0.025,0,Arkansas,Ensemble
2026-04-25,05,2,wk inc flu hosp,2026-05-09,quantile,0.05,0,Arkansas,Ensemble
2026-04-25,05,2,wk inc flu hosp,2026-05-09,quantile,0.1,0,Arkansas,Ensemble
2026-04-25,05,2,wk inc flu hosp,2026-05-09,quantile,0.15,1,Arkansas,Ensemble
2026-04-25,05,2,wk inc flu hosp,2026-05-09,quantile,0.2,1,Arkansas,Ensemble
2026-04-25,05,2,wk inc flu hosp,2026-05-09,quantile,0.25,1,Arkansas,Ensemble
2026-04-25,05,2,wk inc flu hosp,2026-05-09,quantile,0.3,1,Arkansas,Ensemble
2026-04-25,05,2,wk inc flu hosp,2026-05-09,quantile,0.35,2,Arkansas,Ensemble
2026-04-25,05,2,wk inc flu hosp,2026-05-09,quantile,0.4,2,Arkansas,Ensemble
2026-04-25,05,2,wk inc flu hosp,2026-05-09,quantile,0.45,2,Arkansas,Ensemble
2026-04-25,05,2,wk inc flu hosp,2026-05-09,quantile,0.5,4,Arkansas,Ensemble
2026-04-25,05,2,wk inc flu hosp,2026-05-09,quantile,0.55,5,Arkansas,Ensemble
2026-04-25,05,2,wk inc flu hosp,2026-05-09,quantile,0.6,6,Arkansas,Ensemble
2026-04-25,05,2,wk inc flu hosp,2026-05-09,quantile,0.65,8,Arkansas,Ensemble
2026-04-25,05,2,wk inc flu hosp,2026-05-09,quantile,0.7,9,Arkansas,Ensemble
2026-04-25,05,2,wk inc flu hosp,2026-05-09,quantile,0.75,12,Arkansas,Ensemble
2026-04-25,05,2,wk inc flu hosp,2026-05-09,quantile,0.8,15,Arkansas,Ensemble
2026-04-25,05,2,wk inc flu hosp,2026-05-09,quantile,0.85,18,Arkansas,Ensemble
2026-04-25,05,2,wk inc flu hosp,2026-05-09,quantile,0.9,22,Arkansas,Ensemble
2026-04-25,05,2,wk inc flu hosp,2026-05-09,quantile,0.95,33,Arkansas,Ensemble
2026-04-25,05,2,wk inc flu hosp,2026-05-09,quantile,0.975,39,Arkansas,Ensemble
2026-04-25,05,2,wk inc flu hosp,2026-05-09,quantile,0.99,47,Arkansas,Ensemble
2026-04-25,05,3,wk inc flu hosp,2026-05-16,quantile,0.01,0,Arkansas,Ensemble
2026-04-25,05,3,wk inc flu hosp,2026-05-16,quantile,0.025,0,Arkansas,Ensemble
2026-04-25,05,3,wk inc flu hosp,2026-05-16,quantile,0.05,0,Arkansas,Ensemble
2026-04-25,05,3,wk inc flu hosp,2026-05-16,quantile,0.1,0,Arkansas,Ensemble
2026-04-25,05,3,wk inc flu hosp,2026-05-16,quantile,0.15,1,Arkansas,Ensemble
2026-04-25,05,3,wk inc flu hosp,2026-05-16,quantile,0.2,1,Arkansas,Ensemble
2026-04-25,05,3,wk inc flu hosp,2026-05-16,quantile,0.25,1,Arkansas,Ensemble
2026-04-25,05,3,wk inc flu hosp,2026-05-16,quantile,0.3,1,Arkansas,Ensemble
2026-04-25,05,3,wk inc flu hosp,2026-05-16,quantile,0.35,2,Arkansas,Ensemble
2026-04-25,05,3,wk inc flu hosp,2026-05-16,quantile,0.4,2,Arkansas,Ensemble
2026-04-25,05,3,wk inc flu hosp,2026-05-16,quantile,0.45,3,Arkansas,Ensemble
2026-04-25,05,3,wk inc flu hosp,2026-05-16,quantile,0.5,5,Arkansas,Ensemble
2026-04-25,05,3,wk inc flu hosp,2026-05-16,quantile,0.55,5,Arkansas,Ensemble
2026-04-25,05,3,wk inc flu hosp,2026-05-16,quantile,0.6,6,Arkansas,Ensemble
2026-04-25,05,3,wk inc flu hosp,2026-05-16,quantile,0.65,8,Arkansas,Ensemble
2026-04-25,05,3,wk inc flu hosp,2026-05-16,quantile,0.7,9,Arkansas,Ensemble
2026-04-25,05,3,wk inc flu hosp,2026-05-16,quantile,0.75,13,Arkansas,Ensemble
2026-04-25,05,3,wk inc flu hosp,2026-05-16,quantile,0.8,15,Arkansas,Ensemble
2026-04-25,05,3,wk inc flu hosp,2026-05-16,quantile,0.85,18,Arkansas,Ensemble
2026-04-25,05,3,wk inc flu hosp,2026-05-16,quantile,0.9,24,Arkansas,Ensemble
2026-04-25,05,3,wk inc flu hosp,2026-05-16,quantile,0.95,32,Arkansas,Ensemble
2026-04-25,05,3,wk inc flu hosp,2026-05-16,quantile,0.975,40,Arkansas,Ensemble
2026-04-25,05,3,wk inc flu hosp,2026-05-16,quantile,0.99,50,Arkansas,Ensemble
2026-04-25,06,0,wk inc flu hosp,2026-04-25,quantile,0.01,50,California,Ensemble
2026-04-25,06,0,wk inc flu hosp,2026-04-25,quantile,0.025,58,California,Ensemble
2026-04-25,06,0,wk inc flu hosp,2026-04-25,quantile,0.05,68,California,Ensemble
2026-04-25,06,0,wk inc flu hosp,2026-04-25,quantile,0.1,81,California,Ensemble
2026-04-25,06,0,wk inc flu hosp,2026-04-25,quantile,0.15,94,California,Ensemble
2026-04-25,06,0,wk inc flu hosp,2026-04-25,quantile,0.2,105,California,Ensemble
2026-04-25,06,0,wk inc flu hosp,2026-04-25,quantile,0.25,114,California,Ensemble
2026-04-25,06,0,wk inc flu hosp,2026-04-25,quantile,0.3,123,California,Ensemble
2026-04-25,06,0,wk inc flu hosp,2026-04-25,quantile,0.35,132,California,Ensemble
2026-04-25,06,0,wk inc flu hosp,2026-04-25,quantile,0.4,142,California,Ensemble
2026-04-25,06,0,wk inc flu hosp,2026-04-25,quantile,0.45,151,California,Ensemble
2026-04-25,06,0,wk inc flu hosp,2026-04-25,quantile,0.5,161,California,Ensemble
2026-04-25,06,0,wk inc flu hosp,2026-04-25,quantile,0.55,170,California,Ensemble
2026-04-25,06,0,wk inc flu hosp,2026-04-25,quantile,0.6,178,California,Ensemble
2026-04-25,06,0,wk inc flu hosp,2026-04-25,quantile,0.65,190,California,Ensemble
2026-04-25,06,0,wk inc flu hosp,2026-04-25,quantile,0.7,199,California,Ensemble
2026-04-25,06,0,wk inc flu hosp,2026-04-25,quantile,0.75,211,California,Ensemble
2026-04-25,06,0,wk inc flu hosp,2026-04-25,quantile,0.8,226,California,Ensemble
2026-04-25,06,0,wk inc flu hosp,2026-04-25,quantile,0.85,245,California,Ensemble
2026-04-25,06,0,wk inc flu hosp,2026-04-25,quantile,0.9,273,California,Ensemble
2026-04-25,06,0,wk inc flu hosp,2026-04-25,quantile,0.95,312,California,Ensemble
2026-04-25,06,0,wk inc flu hosp,2026-04-25,quantile,0.975,344,California,Ensemble
2026-04-25,06,0,wk inc flu hosp,2026-04-25,quantile,0.99,388,California,Ensemble
2026-04-25,06,1,wk inc flu hosp,2026-05-02,quantile,0.01,31,California,Ensemble
2026-04-25,06,1,wk inc flu hosp,2026-05-02,quantile,0.025,39,California,Ensemble
2026-04-25,06,1,wk inc flu hosp,2026-05-02,quantile,0.05,46,California,Ensemble
2026-04-25,06,1,wk inc flu hosp,2026-05-02,quantile,0.1,58,California,Ensemble
2026-04-25,06,1,wk inc flu hosp,2026-05-02,quantile,0.15,67,California,Ensemble
2026-04-25,06,1,wk inc flu hosp,2026-05-02,quantile,0.2,77,California,Ensemble
2026-04-25,06,1,wk inc flu hosp,2026-05-02,quantile,0.25,86,California,Ensemble
2026-04-25,06,1,wk inc flu hosp,2026-05-02,quantile,0.3,95,California,Ensemble
2026-04-25,06,1,wk inc flu hosp,2026-05-02,quantile,0.35,105,California,Ensemble
2026-04-25,06,1,wk inc flu hosp,2026-05-02,quantile,0.4,115,California,Ensemble
2026-04-25,06,1,wk inc flu hosp,2026-05-02,quantile,0.45,124,California,Ensemble
2026-04-25,06,1,wk inc flu hosp,2026-05-02,quantile,0.5,137,California,Ensemble
2026-04-25,06,1,wk inc flu hosp,2026-05-02,quantile,0.55,150,California,Ensemble
2026-04-25,06,1,wk inc flu hosp,2026-05-02,quantile,0.6,160,California,Ensemble
2026-04-25,06,1,wk inc flu hosp,2026-05-02,quantile,0.65,170,California,Ensemble
2026-04-25,06,1,wk inc flu hosp,2026-05-02,quantile,0.7,184,California,Ensemble
2026-04-25,06,1,wk inc flu hosp,2026-05-02,quantile,0.75,202,California,Ensemble
2026-04-25,06,1,wk inc flu hosp,2026-05-02,quantile,0.8,229,California,Ensemble
2026-04-25,06,1,wk inc flu hosp,2026-05-02,quantile,0.85,248,California,Ensemble
2026-04-25,06,1,wk inc flu hosp,2026-05-02,quantile,0.9,286,California,Ensemble
2026-04-25,06,1,wk inc flu hosp,2026-05-02,quantile,0.95,337,California,Ensemble
2026-04-25,06,1,wk inc flu hosp,2026-05-02,quantile,0.975,386,California,Ensemble
2026-04-25,06,1,wk inc flu hosp,2026-05-02,quantile,0.99,445,California,Ensemble
2026-04-25,06,2,wk inc flu hosp,2026-05-09,quantile,0.01,21,California,Ensemble
2026-04-25,06,2,wk inc flu hosp,2026-05-09,quantile,0.025,26,California,Ensemble
2026-04-25,06,2,wk inc flu hosp,2026-05-09,quantile,0.05,32,California,Ensemble
2026-04-25,06,2,wk inc flu hosp,2026-05-09,quantile,0.1,42,California,Ensemble
2026-04-25,06,2,wk inc flu hosp,2026-05-09,quantile,0.15,51,California,Ensemble
2026-04-25,06,2,wk inc flu hosp,2026-05-09,quantile,0.2,58,California,Ensemble
2026-04-25,06,2,wk inc flu hosp,2026-05-09,quantile,0.25,67,California,Ensemble
2026-04-25,06,2,wk inc flu hosp,2026-05-09,quantile,0.3,76,California,Ensemble
2026-04-25,06,2,wk inc flu hosp,2026-05-09,quantile,0.35,84,California,Ensemble
2026-04-25,06,2,wk inc flu hosp,2026-05-09,quantile,0.4,96,California,Ensemble
2026-04-25,06,2,wk inc flu hosp,2026-05-09,quantile,0.45,107,California,Ensemble
2026-04-25,06,2,wk inc flu hosp,2026-05-09,quantile,0.5,118,California,Ensemble
2026-04-25,06,2,wk inc flu hosp,2026-05-09,quantile,0.55,129,California,Ensemble
2026-04-25,06,2,wk inc flu hosp,2026-05-09,quantile,0.6,142,California,Ensemble
2026-04-25,06,2,wk inc flu hosp,2026-05-09,quantile,0.65,160,California,Ensemble
2026-04-25,06,2,wk inc flu hosp,2026-05-09,quantile,0.7,174,California,Ensemble
2026-04-25,06,2,wk inc flu hosp,2026-05-09,quantile,0.75,193,California,Ensemble
2026-04-25,06,2,wk inc flu hosp,2026-05-09,quantile,0.8,219,California,Ensemble
2026-04-25,06,2,wk inc flu hosp,2026-05-09,quantile,0.85,241,California,Ensemble
2026-04-25,06,2,wk inc flu hosp,2026-05-09,quantile,0.9,296,California,Ensemble
2026-04-25,06,2,wk inc flu hosp,2026-05-09,quantile,0.95,365,California,Ensemble
2026-04-25,06,2,wk inc flu hosp,2026-05-09,quantile,0.975,415,California,Ensemble
2026-04-25,06,2,wk inc flu hosp,2026-05-09,quantile,0.99,488,California,Ensemble
2026-04-25,06,3,wk inc flu hosp,2026-05-16,quantile,0.01,16,California,Ensemble
2026-04-25,06,3,wk inc flu hosp,2026-05-16,quantile,0.025,21,California,Ensemble
2026-04-25,06,3,wk inc flu hosp,2026-05-16,quantile,0.05,25,California,Ensemble
2026-04-25,06,3,wk inc flu hosp,2026-05-16,quantile,0.1,33,California,Ensemble
2026-04-25,06,3,wk inc flu hosp,2026-05-16,quantile,0.15,41,California,Ensemble
2026-04-25,06,3,wk inc flu hosp,2026-05-16,quantile,0.2,47,California,Ensemble
2026-04-25,06,3,wk inc flu hosp,2026-05-16,quantile,0.25,54,California,Ensemble
2026-04-25,06,3,wk inc flu hosp,2026-05-16,quantile,0.3,62,California,Ensemble
2026-04-25,06,3,wk inc flu hosp,2026-05-16,quantile,0.35,71,California,Ensemble
2026-04-25,06,3,wk inc flu hosp,2026-05-16,quantile,0.4,80,California,Ensemble
2026-04-25,06,3,wk inc flu hosp,2026-05-16,quantile,0.45,90,California,Ensemble
2026-04-25,06,3,wk inc flu hosp,2026-05-16,quantile,0.5,106,California,Ensemble
2026-04-25,06,3,wk inc flu hosp,2026-05-16,quantile,0.55,118,California,Ensemble
2026-04-25,06,3,wk inc flu hosp,2026-05-16,quantile,0.6,131,California,Ensemble
2026-04-25,06,3,wk inc flu hosp,2026-05-16,quantile,0.65,146,California,Ensemble
2026-04-25,06,3,wk inc flu hosp,2026-05-16,quantile,0.7,161,California,Ensemble
2026-04-25,06,3,wk inc flu hosp,2026-05-16,quantile,0.75,187,California,Ensemble
2026-04-25,06,3,wk inc flu hosp,2026-05-16,quantile,0.8,219,California,Ensemble
2026-04-25,06,3,wk inc flu hosp,2026-05-16,quantile,0.85,243,California,Ensemble
2026-04-25,06,3,wk inc flu hosp,2026-05-16,quantile,0.9,290,California,Ensemble
2026-04-25,06,3,wk inc flu hosp,2026-05-16,quantile,0.95,374,California,Ensemble
2026-04-25,06,3,wk inc flu hosp,2026-05-16,quantile,0.975,434,California,Ensemble
2026-04-25,06,3,wk inc flu hosp,2026-05-16,quantile,0.99,533,California,Ensemble
2026-04-25,08,0,wk inc flu hosp,2026-04-25,quantile,0.01,2,Colorado,Ensemble
2026-04-25,08,0,wk inc flu hosp,2026-04-25,quantile,0.025,2,Colorado,Ensemble
2026-04-25,08,0,wk inc flu hosp,2026-04-25,quantile,0.05,3,Colorado,Ensemble
2026-04-25,08,0,wk inc flu hosp,2026-04-25,quantile,0.1,4,Colorado,Ensemble
2026-04-25,08,0,wk inc flu hosp,2026-04-25,quantile,0.15,6,Colorado,Ensemble
2026-04-25,08,0,wk inc flu hosp,2026-04-25,quantile,0.2,7,Colorado,Ensemble
2026-04-25,08,0,wk inc flu hosp,2026-04-25,quantile,0.25,8,Colorado,Ensemble
2026-04-25,08,0,wk inc flu hosp,2026-04-25,quantile,0.3,9,Colorado,Ensemble
2026-04-25,08,0,wk inc flu hosp,2026-04-25,quantile,0.35,11,Colorado,Ensemble
2026-04-25,08,0,wk inc flu hosp,2026-04-25,quantile,0.4,12,Colorado,Ensemble
2026-04-25,08,0,wk inc flu hosp,2026-04-25,quantile,0.45,14,Colorado,Ensemble
2026-04-25,08,0,wk inc flu hosp,2026-04-25,quantile,0.5,16,Colorado,Ensemble
2026-04-25,08,0,wk inc flu hosp,2026-04-25,quantile,0.55,18,Colorado,Ensemble
2026-04-25,08,0,wk inc flu hosp,2026-04-25,quantile,0.6,20,Colorado,Ensemble
2026-04-25,08,0,wk inc flu hosp,2026-04-25,quantile,0.65,21,Colorado,Ensemble
2026-04-25,08,0,wk inc flu hosp,2026-04-25,quantile,0.7,23,Colorado,Ensemble
2026-04-25,08,0,wk inc flu hosp,2026-04-25,quantile,0.75,26,Colorado,Ensemble
2026-04-25,08,0,wk inc flu hosp,2026-04-25,quantile,0.8,28,Colorado,Ensemble
2026-04-25,08,0,wk inc flu hosp,2026-04-25,quantile,0.85,32,Colorado,Ensemble
2026-04-25,08,0,wk inc flu hosp,2026-04-25,quantile,0.9,39,Colorado,Ensemble
2026-04-25,08,0,wk inc flu hosp,2026-04-25,quantile,0.95,51,Colorado,Ensemble
2026-04-25,08,0,wk inc flu hosp,2026-04-25,quantile,0.975,59,Colorado,Ensemble
2026-04-25,08,0,wk inc flu hosp,2026-04-25,quantile,0.99,70,Colorado,Ensemble
2026-04-25,08,1,wk inc flu hosp,2026-05-02,quantile,0.01,1,Colorado,Ensemble
2026-04-25,08,1,wk inc flu hosp,2026-05-02,quantile,0.025,1,Colorado,Ensemble
2026-04-25,08,1,wk inc flu hosp,2026-05-02,quantile,0.05,2,Colorado,Ensemble
2026-04-25,08,1,wk inc flu hosp,2026-05-02,quantile,0.1,3,Colorado,Ensemble
2026-04-25,08,1,wk inc flu hosp,2026-05-02,quantile,0.15,4,Colorado,Ensemble
2026-04-25,08,1,wk inc flu hosp,2026-05-02,quantile,0.2,5,Colorado,Ensemble
2026-04-25,08,1,wk inc flu hosp,2026-05-02,quantile,0.25,6,Colorado,Ensemble
2026-04-25,08,1,wk inc flu hosp,2026-05-02,quantile,0.3,7,Colorado,Ensemble
2026-04-25,08,1,wk inc flu hosp,2026-05-02,quantile,0.35,8,Colorado,Ensemble
2026-04-25,08,1,wk inc flu hosp,2026-05-02,quantile,0.4,9,Colorado,Ensemble
2026-04-25,08,1,wk inc flu hosp,2026-05-02,quantile,0.45,11,Colorado,Ensemble
2026-04-25,08,1,wk inc flu hosp,2026-05-02,quantile,0.5,14,Colorado,Ensemble
2026-04-25,08,1,wk inc flu hosp,2026-05-02,quantile,0.55,16,Colorado,Ensemble
2026-04-25,08,1,wk inc flu hosp,2026-05-02,quantile,0.6,18,Colorado,Ensemble
2026-04-25,08,1,wk inc flu hosp,2026-05-02,quantile,0.65,21,Colorado,Ensemble
2026-04-25,08,1,wk inc flu hosp,2026-05-02,quantile,0.7,23,Colorado,Ensemble
2026-04-25,08,1,wk inc flu hosp,2026-05-02,quantile,0.75,28,Colorado,Ensemble
2026-04-25,08,1,wk inc flu hosp,2026-05-02,quantile,0.8,31,Colorado,Ensemble
2026-04-25,08,1,wk inc flu hosp,2026-05-02,quantile,0.85,37,Colorado,Ensemble
2026-04-25,08,1,wk inc flu hosp,2026-05-02,quantile,0.9,49,Colorado,Ensemble
2026-04-25,08,1,wk inc flu hosp,2026-05-02,quantile,0.95,62,Colorado,Ensemble
2026-04-25,08,1,wk inc flu hosp,2026-05-02,quantile,0.975,77,Colorado,Ensemble
2026-04-25,08,1,wk inc flu hosp,2026-05-02,quantile,0.99,94,Colorado,Ensemble
2026-04-25,08,2,wk inc flu hosp,2026-05-09,quantile,0.01,0,Colorado,Ensemble
2026-04-25,08,2,wk inc flu hosp,2026-05-09,quantile,0.025,1,Colorado,Ensemble
2026-04-25,08,2,wk inc flu hosp,2026-05-09,quantile,0.05,1,Colorado,Ensemble
2026-04-25,08,2,wk inc flu hosp,2026-05-09,quantile,0.1,2,Colorado,Ensemble
2026-04-25,08,2,wk inc flu hosp,2026-05-09,quantile,0.15,2,Colorado,Ensemble
2026-04-25,08,2,wk inc flu hosp,2026-05-09,quantile,0.2,3,Colorado,Ensemble
2026-04-25,08,2,wk inc flu hosp,2026-05-09,quantile,0.25,4,Colorado,Ensemble
2026-04-25,08,2,wk inc flu hosp,2026-05-09,quantile,0.3,5,Colorado,Ensemble
2026-04-25,08,2,wk inc flu hosp,2026-05-09,quantile,0.35,6,Colorado,Ensemble
2026-04-25,08,2,wk inc flu hosp,2026-05-09,quantile,0.4,7,Colorado,Ensemble
2026-04-25,08,2,wk inc flu hosp,2026-05-09,quantile,0.45,9,Colorado,Ensemble
2026-04-25,08,2,wk inc flu hosp,2026-05-09,quantile,0.5,11,Colorado,Ensemble
2026-04-25,08,2,wk inc flu hosp,2026-05-09,quantile,0.55,13,Colorado,Ensemble
2026-04-25,08,2,wk inc flu hosp,2026-05-09,quantile,0.6,16,Colorado,Ensemble
2026-04-25,08,2,wk inc flu hosp,2026-05-09,quantile,0.65,20,Colorado,Ensemble
2026-04-25,08,2,wk inc flu hosp,2026-05-09,quantile,0.7,23,Colorado,Ensemble
2026-04-25,08,2,wk inc flu hosp,2026-05-09,quantile,0.75,26,Colorado,Ensemble
2026-04-25,08,2,wk inc flu hosp,2026-05-09,quantile,0.8,31,Colorado,Ensemble
2026-04-25,08,2,wk inc flu hosp,2026-05-09,quantile,0.85,43,Colorado,Ensemble
2026-04-25,08,2,wk inc flu hosp,2026-05-09,quantile,0.9,54,Colorado,Ensemble
2026-04-25,08,2,wk inc flu hosp,2026-05-09,quantile,0.95,71,Colorado,Ensemble
2026-04-25,08,2,wk inc flu hosp,2026-05-09,quantile,0.975,90,Colorado,Ensemble
2026-04-25,08,2,wk inc flu hosp,2026-05-09,quantile,0.99,114,Colorado,Ensemble
2026-04-25,08,3,wk inc flu hosp,2026-05-16,quantile,0.01,0,Colorado,Ensemble
2026-04-25,08,3,wk inc flu hosp,2026-05-16,quantile,0.025,0,Colorado,Ensemble
2026-04-25,08,3,wk inc flu hosp,2026-05-16,quantile,0.05,1,Colorado,Ensemble
2026-04-25,08,3,wk inc flu hosp,2026-05-16,quantile,0.1,1,Colorado,Ensemble
2026-04-25,08,3,wk inc flu hosp,2026-05-16,quantile,0.15,2,Colorado,Ensemble
2026-04-25,08,3,wk inc flu hosp,2026-05-16,quantile,0.2,2,Colorado,Ensemble
2026-04-25,08,3,wk inc flu hosp,2026-05-16,quantile,0.25,3,Colorado,Ensemble
2026-04-25,08,3,wk inc flu hosp,2026-05-16,quantile,0.3,4,Colorado,Ensemble
2026-04-25,08,3,wk inc flu hosp,2026-05-16,quantile,0.35,5,Colorado,Ensemble
2026-04-25,08,3,wk inc flu hosp,2026-05-16,quantile,0.4,6,Colorado,Ensemble
2026-04-25,08,3,wk inc flu hosp,2026-05-16,quantile,0.45,7,Colorado,Ensemble
2026-04-25,08,3,wk inc flu hosp,2026-05-16,quantile,0.5,10,Colorado,Ensemble
2026-04-25,08,3,wk inc flu hosp,2026-05-16,quantile,0.55,12,Colorado,Ensemble
2026-04-25,08,3,wk inc flu hosp,2026-05-16,quantile,0.6,15,Colorado,Ensemble
2026-04-25,08,3,wk inc flu hosp,2026-05-16,quantile,0.65,18,Colorado,Ensemble
2026-04-25,08,3,wk inc flu hosp,2026-05-16,quantile,0.7,21,Colorado,Ensemble
2026-04-25,08,3,wk inc flu hosp,2026-05-16,quantile,0.75,26,Colorado,Ensemble
2026-04-25,08,3,wk inc flu hosp,2026-05-16,quantile,0.8,36,Colorado,Ensemble
2026-04-25,08,3,wk inc flu hosp,2026-05-16,quantile,0.85,44,Colorado,Ensemble
2026-04-25,08,3,wk inc flu hosp,2026-05-16,quantile,0.9,55,Colorado,Ensemble
2026-04-25,08,3,wk inc flu hosp,2026-05-16,quantile,0.95,78,Colorado,Ensemble
2026-04-25,08,3,wk inc flu hosp,2026-05-16,quantile,0.975,99,Colorado,Ensemble
2026-04-25,08,3,wk inc flu hosp,2026-05-16,quantile,0.99,134,Colorado,Ensemble
2026-04-25,09,0,wk inc flu hosp,2026-04-25,quantile,0.01,5,Connecticut,Ensemble
2026-04-25,09,0,wk inc flu hosp,2026-04-25,quantile,0.025,7,Connecticut,Ensemble
2026-04-25,09,0,wk inc flu hosp,2026-04-25,quantile,0.05,9,Connecticut,Ensemble
2026-04-25,09,0,wk inc flu hosp,2026-04-25,quantile,0.1,11,Connecticut,Ensemble
2026-04-25,09,0,wk inc flu hosp,2026-04-25,quantile,0.15,13,Connecticut,Ensemble
2026-04-25,09,0,wk inc flu hosp,2026-04-25,quantile,0.2,15,Connecticut,Ensemble
2026-04-25,09,0,wk inc flu hosp,2026-04-25,quantile,0.25,17,Connecticut,Ensemble
2026-04-25,09,0,wk inc flu hosp,2026-04-25,quantile,0.3,18,Connecticut,Ensemble
2026-04-25,09,0,wk inc flu hosp,2026-04-25,quantile,0.35,20,Connecticut,Ensemble
2026-04-25,09,0,wk inc flu hosp,2026-04-25,quantile,0.4,21,Connecticut,Ensemble
2026-04-25,09,0,wk inc flu hosp,2026-04-25,quantile,0.45,23,Connecticut,Ensemble
2026-04-25,09,0,wk inc flu hosp,2026-04-25,quantile,0.5,26,Connecticut,Ensemble
2026-04-25,09,0,wk inc flu hosp,2026-04-25,quantile,0.55,28,Connecticut,Ensemble
2026-04-25,09,0,wk inc flu hosp,2026-04-25,quantile,0.6,30,Connecticut,Ensemble
2026-04-25,09,0,wk inc flu hosp,2026-04-25,quantile,0.65,32,Connecticut,Ensemble
2026-04-25,09,0,wk inc flu hosp,2026-04-25,quantile,0.7,34,Connecticut,Ensemble
2026-04-25,09,0,wk inc flu hosp,2026-04-25,quantile,0.75,36,Connecticut,Ensemble
2026-04-25,09,0,wk inc flu hosp,2026-04-25,quantile,0.8,38,Connecticut,Ensemble
2026-04-25,09,0,wk inc flu hosp,2026-04-25,quantile,0.85,41,Connecticut,Ensemble
2026-04-25,09,0,wk inc flu hosp,2026-04-25,quantile,0.9,48,Connecticut,Ensemble
2026-04-25,09,0,wk inc flu hosp,2026-04-25,quantile,0.95,61,Connecticut,Ensemble
2026-04-25,09,0,wk inc flu hosp,2026-04-25,quantile,0.975,68,Connecticut,Ensemble
2026-04-25,09,0,wk inc flu hosp,2026-04-25,quantile,0.99,80,Connecticut,Ensemble
2026-04-25,09,1,wk inc flu hosp,2026-05-02,quantile,0.01,3,Connecticut,Ensemble
2026-04-25,09,1,wk inc flu hosp,2026-05-02,quantile,0.025,5,Connecticut,Ensemble
2026-04-25,09,1,wk inc flu hosp,2026-05-02,quantile,0.05,6,Connecticut,Ensemble
2026-04-25,09,1,wk inc flu hosp,2026-05-02,quantile,0.1,8,Connecticut,Ensemble
2026-04-25,09,1,wk inc flu hosp,2026-05-02,quantile,0.15,10,Connecticut,Ensemble
2026-04-25,09,1,wk inc flu hosp,2026-05-02,quantile,0.2,11,Connecticut,Ensemble
2026-04-25,09,1,wk inc flu hosp,2026-05-02,quantile,0.25,12,Connecticut,Ensemble
2026-04-25,09,1,wk inc flu hosp,2026-05-02,quantile,0.3,14,Connecticut,Ensemble
2026-04-25,09,1,wk inc flu hosp,2026-05-02,quantile,0.35,15,Connecticut,Ensemble
2026-04-25,09,1,wk inc flu hosp,2026-05-02,quantile,0.4,17,Connecticut,Ensemble
2026-04-25,09,1,wk inc flu hosp,2026-05-02,quantile,0.45,19,Connecticut,Ensemble
2026-04-25,09,1,wk inc flu hosp,2026-05-02,quantile,0.5,22,Connecticut,Ensemble
2026-04-25,09,1,wk inc flu hosp,2026-05-02,quantile,0.55,24,Connecticut,Ensemble
2026-04-25,09,1,wk inc flu hosp,2026-05-02,quantile,0.6,26,Connecticut,Ensemble
2026-04-25,09,1,wk inc flu hosp,2026-05-02,quantile,0.65,29,Connecticut,Ensemble
2026-04-25,09,1,wk inc flu hosp,2026-05-02,quantile,0.7,31,Connecticut,Ensemble
2026-04-25,09,1,wk inc flu hosp,2026-05-02,quantile,0.75,34,Connecticut,Ensemble
2026-04-25,09,1,wk inc flu hosp,2026-05-02,quantile,0.8,38,Connecticut,Ensemble
2026-04-25,09,1,wk inc flu hosp,2026-05-02,quantile,0.85,47,Connecticut,Ensemble
2026-04-25,09,1,wk inc flu hosp,2026-05-02,quantile,0.9,54,Connecticut,Ensemble
2026-04-25,09,1,wk inc flu hosp,2026-05-02,quantile,0.95,70,Connecticut,Ensemble
2026-04-25,09,1,wk inc flu hosp,2026-05-02,quantile,0.975,82,Connecticut,Ensemble
2026-04-25,09,1,wk inc flu hosp,2026-05-02,quantile,0.99,98,Connecticut,Ensemble
2026-04-25,09,2,wk inc flu hosp,2026-05-09,quantile,0.01,2,Connecticut,Ensemble
2026-04-25,09,2,wk inc flu hosp,2026-05-09,quantile,0.025,3,Connecticut,Ensemble
2026-04-25,09,2,wk inc flu hosp,2026-05-09,quantile,0.05,4,Connecticut,Ensemble
2026-04-25,09,2,wk inc flu hosp,2026-05-09,quantile,0.1,6,Connecticut,Ensemble
2026-04-25,09,2,wk inc flu hosp,2026-05-09,quantile,0.15,8,Connecticut,Ensemble
2026-04-25,09,2,wk inc flu hosp,2026-05-09,quantile,0.2,9,Connecticut,Ensemble
2026-04-25,09,2,wk inc flu hosp,2026-05-09,quantile,0.25,10,Connecticut,Ensemble
2026-04-25,09,2,wk inc flu hosp,2026-05-09,quantile,0.3,12,Connecticut,Ensemble
2026-04-25,09,2,wk inc flu hosp,2026-05-09,quantile,0.35,13,Connecticut,Ensemble
2026-04-25,09,2,wk inc flu hosp,2026-05-09,quantile,0.4,14,Connecticut,Ensemble
2026-04-25,09,2,wk inc flu hosp,2026-05-09,quantile,0.45,16,Connecticut,Ensemble
2026-04-25,09,2,wk inc flu hosp,2026-05-09,quantile,0.5,19,Connecticut,Ensemble
2026-04-25,09,2,wk inc flu hosp,2026-05-09,quantile,0.55,21,Connecticut,Ensemble
2026-04-25,09,2,wk inc flu hosp,2026-05-09,quantile,0.6,23,Connecticut,Ensemble
2026-04-25,09,2,wk inc flu hosp,2026-05-09,quantile,0.65,26,Connecticut,Ensemble
2026-04-25,09,2,wk inc flu hosp,2026-05-09,quantile,0.7,29,Connecticut,Ensemble
2026-04-25,09,2,wk inc flu hosp,2026-05-09,quantile,0.75,33,Connecticut,Ensemble
2026-04-25,09,2,wk inc flu hosp,2026-05-09,quantile,0.8,38,Connecticut,Ensemble
2026-04-25,09,2,wk inc flu hosp,2026-05-09,quantile,0.85,49,Connecticut,Ensemble
2026-04-25,09,2,wk inc flu hosp,2026-05-09,quantile,0.9,59,Connecticut,Ensemble
2026-04-25,09,2,wk inc flu hosp,2026-05-09,quantile,0.95,76,Connecticut,Ensemble
2026-04-25,09,2,wk inc flu hosp,2026-05-09,quantile,0.975,93,Connecticut,Ensemble
2026-04-25,09,2,wk inc flu hosp,2026-05-09,quantile,0.99,112,Connecticut,Ensemble
2026-04-25,09,3,wk inc flu hosp,2026-05-16,quantile,0.01,2,Connecticut,Ensemble
2026-04-25,09,3,wk inc flu hosp,2026-05-16,quantile,0.025,3,Connecticut,Ensemble
2026-04-25,09,3,wk inc flu hosp,2026-05-16,quantile,0.05,3,Connecticut,Ensemble
2026-04-25,09,3,wk inc flu hosp,2026-05-16,quantile,0.1,5,Connecticut,Ensemble
2026-04-25,09,3,wk inc flu hosp,2026-05-16,quantile,0.15,7,Connecticut,Ensemble
2026-04-25,09,3,wk inc flu hosp,2026-05-16,quantile,0.2,8,Connecticut,Ensemble
2026-04-25,09,3,wk inc flu hosp,2026-05-16,quantile,0.25,8,Connecticut,Ensemble
2026-04-25,09,3,wk inc flu hosp,2026-05-16,quantile,0.3,10,Connecticut,Ensemble
2026-04-25,09,3,wk inc flu hosp,2026-05-16,quantile,0.35,11,Connecticut,Ensemble
2026-04-25,09,3,wk inc flu hosp,2026-05-16,quantile,0.4,12,Connecticut,Ensemble
2026-04-25,09,3,wk inc flu hosp,2026-05-16,quantile,0.45,14,Connecticut,Ensemble
2026-04-25,09,3,wk inc flu hosp,2026-05-16,quantile,0.5,17,Connecticut,Ensemble
2026-04-25,09,3,wk inc flu hosp,2026-05-16,quantile,0.55,19,Connecticut,Ensemble
2026-04-25,09,3,wk inc flu hosp,2026-05-16,quantile,0.6,22,Connecticut,Ensemble
2026-04-25,09,3,wk inc flu hosp,2026-05-16,quantile,0.65,25,Connecticut,Ensemble
2026-04-25,09,3,wk inc flu hosp,2026-05-16,quantile,0.7,28,Connecticut,Ensemble
2026-04-25,09,3,wk inc flu hosp,2026-05-16,quantile,0.75,33,Connecticut,Ensemble
2026-04-25,09,3,wk inc flu hosp,2026-05-16,quantile,0.8,37,Connecticut,Ensemble
2026-04-25,09,3,wk inc flu hosp,2026-05-16,quantile,0.85,44,Connecticut,Ensemble
2026-04-25,09,3,wk inc flu hosp,2026-05-16,quantile,0.9,67,Connecticut,Ensemble
2026-04-25,09,3,wk inc flu hosp,2026-05-16,quantile,0.95,85,Connecticut,Ensemble
2026-04-25,09,3,wk inc flu hosp,2026-05-16,quantile,0.975,102,Connecticut,Ensemble
2026-04-25,09,3,wk inc flu hosp,2026-05-16,quantile,0.99,124,Connecticut,Ensemble
2026-04-25,10,0,wk inc flu hosp,2026-04-25,quantile,0.01,0,Delaware,Ensemble
2026-04-25,10,0,wk inc flu hosp,2026-04-25,quantile,0.025,0,Delaware,Ensemble
2026-04-25,10,0,wk inc flu hosp,2026-04-25,quantile,0.05,0,Delaware,Ensemble
2026-04-25,10,0,wk inc flu hosp,2026-04-25,quantile,0.1,0,Delaware,Ensemble
2026-04-25,10,0,wk inc flu hosp,2026-04-25,quantile,0.15,0,Delaware,Ensemble
2026-04-25,10,0,wk inc flu hosp,2026-04-25,quantile,0.2,0,Delaware,Ensemble
2026-04-25,10,0,wk inc flu hosp,2026-04-25,quantile,0.25,0,Delaware,Ensemble
2026-04-25,10,0,wk inc flu hosp,2026-04-25,quantile,0.3,0,Delaware,Ensemble
2026-04-25,10,0,wk inc flu hosp,2026-04-25,quantile,0.35,1,Delaware,Ensemble
2026-04-25,10,0,wk inc flu hosp,2026-04-25,quantile,0.4,1,Delaware,Ensemble
2026-04-25,10,0,wk inc flu hosp,2026-04-25,quantile,0.45,1,Delaware,Ensemble
2026-04-25,10,0,wk inc flu hosp,2026-04-25,quantile,0.5,3,Delaware,Ensemble
2026-04-25,10,0,wk inc flu hosp,2026-04-25,quantile,0.55,3,Delaware,Ensemble
2026-04-25,10,0,wk inc flu hosp,2026-04-25,quantile,0.6,3,Delaware,Ensemble
2026-04-25,10,0,wk inc flu hosp,2026-04-25,quantile,0.65,4,Delaware,Ensemble
2026-04-25,10,0,wk inc flu hosp,2026-04-25,quantile,0.7,5,Delaware,Ensemble
2026-04-25,10,0,wk inc flu hosp,2026-04-25,quantile,0.75,6,Delaware,Ensemble
2026-04-25,10,0,wk inc flu hosp,2026-04-25,quantile,0.8,7,Delaware,Ensemble
2026-04-25,10,0,wk inc flu hosp,2026-04-25,quantile,0.85,8,Delaware,Ensemble
2026-04-25,10,0,wk inc flu hosp,2026-04-25,quantile,0.9,10,Delaware,Ensemble
2026-04-25,10,0,wk inc flu hosp,2026-04-25,quantile,0.95,13,Delaware,Ensemble
2026-04-25,10,0,wk inc flu hosp,2026-04-25,quantile,0.975,15,Delaware,Ensemble
2026-04-25,10,0,wk inc flu hosp,2026-04-25,quantile,0.99,18,Delaware,Ensemble
2026-04-25,10,1,wk inc flu hosp,2026-05-02,quantile,0.01,0,Delaware,Ensemble
2026-04-25,10,1,wk inc flu hosp,2026-05-02,quantile,0.025,0,Delaware,Ensemble
2026-04-25,10,1,wk inc flu hosp,2026-05-02,quantile,0.05,0,Delaware,Ensemble
2026-04-25,10,1,wk inc flu hosp,2026-05-02,quantile,0.1,0,Delaware,Ensemble
2026-04-25,10,1,wk inc flu hosp,2026-05-02,quantile,0.15,0,Delaware,Ensemble
2026-04-25,10,1,wk inc flu hosp,2026-05-02,quantile,0.2,0,Delaware,Ensemble
2026-04-25,10,1,wk inc flu hosp,2026-05-02,quantile,0.25,0,Delaware,Ensemble
2026-04-25,10,1,wk inc flu hosp,2026-05-02,quantile,0.3,0,Delaware,Ensemble
2026-04-25,10,1,wk inc flu hosp,2026-05-02,quantile,0.35,0,Delaware,Ensemble
2026-04-25,10,1,wk inc flu hosp,2026-05-02,quantile,0.4,0,Delaware,Ensemble
2026-04-25,10,1,wk inc flu hosp,2026-05-02,quantile,0.45,1,Delaware,Ensemble
2026-04-25,10,1,wk inc flu hosp,2026-05-02,quantile,0.5,2,Delaware,Ensemble
2026-04-25,10,1,wk inc flu hosp,2026-05-02,quantile,0.55,2,Delaware,Ensemble
2026-04-25,10,1,wk inc flu hosp,2026-05-02,quantile,0.6,3,Delaware,Ensemble
2026-04-25,10,1,wk inc flu hosp,2026-05-02,quantile,0.65,4,Delaware,Ensemble
2026-04-25,10,1,wk inc flu hosp,2026-05-02,quantile,0.7,4,Delaware,Ensemble
2026-04-25,10,1,wk inc flu hosp,2026-05-02,quantile,0.75,6,Delaware,Ensemble
2026-04-25,10,1,wk inc flu hosp,2026-05-02,quantile,0.8,7,Delaware,Ensemble
2026-04-25,10,1,wk inc flu hosp,2026-05-02,quantile,0.85,8,Delaware,Ensemble
2026-04-25,10,1,wk inc flu hosp,2026-05-02,quantile,0.9,9,Delaware,Ensemble
2026-04-25,10,1,wk inc flu hosp,2026-05-02,quantile,0.95,16,Delaware,Ensemble
2026-04-25,10,1,wk inc flu hosp,2026-05-02,quantile,0.975,19,Delaware,Ensemble
2026-04-25,10,1,wk inc flu hosp,2026-05-02,quantile,0.99,23,Delaware,Ensemble
2026-04-25,10,2,wk inc flu hosp,2026-05-09,quantile,0.01,0,Delaware,Ensemble
2026-04-25,10,2,wk inc flu hosp,2026-05-09,quantile,0.025,0,Delaware,Ensemble
2026-04-25,10,2,wk inc flu hosp,2026-05-09,quantile,0.05,0,Delaware,Ensemble
2026-04-25,10,2,wk inc flu hosp,2026-05-09,quantile,0.1,0,Delaware,Ensemble
2026-04-25,10,2,wk inc flu hosp,2026-05-09,quantile,0.15,0,Delaware,Ensemble
2026-04-25,10,2,wk inc flu hosp,2026-05-09,quantile,0.2,0,Delaware,Ensemble
2026-04-25,10,2,wk inc flu hosp,2026-05-09,quantile,0.25,0,Delaware,Ensemble
2026-04-25,10,2,wk inc flu hosp,2026-05-09,quantile,0.3,0,Delaware,Ensemble
2026-04-25,10,2,wk inc flu hosp,2026-05-09,quantile,0.35,0,Delaware,Ensemble
2026-04-25,10,2,wk inc flu hosp,2026-05-09,quantile,0.4,0,Delaware,Ensemble
2026-04-25,10,2,wk inc flu hosp,2026-05-09,quantile,0.45,0,Delaware,Ensemble
2026-04-25,10,2,wk inc flu hosp,2026-05-09,quantile,0.5,2,Delaware,Ensemble
2026-04-25,10,2,wk inc flu hosp,2026-05-09,quantile,0.55,3,Delaware,Ensemble
2026-04-25,10,2,wk inc flu hosp,2026-05-09,quantile,0.6,3,Delaware,Ensemble
2026-04-25,10,2,wk inc flu hosp,2026-05-09,quantile,0.65,4,Delaware,Ensemble
2026-04-25,10,2,wk inc flu hosp,2026-05-09,quantile,0.7,4,Delaware,Ensemble
2026-04-25,10,2,wk inc flu hosp,2026-05-09,quantile,0.75,5,Delaware,Ensemble
2026-04-25,10,2,wk inc flu hosp,2026-05-09,quantile,0.8,6,Delaware,Ensemble
2026-04-25,10,2,wk inc flu hosp,2026-05-09,quantile,0.85,8,Delaware,Ensemble
2026-04-25,10,2,wk inc flu hosp,2026-05-09,quantile,0.9,10,Delaware,Ensemble
2026-04-25,10,2,wk inc flu hosp,2026-05-09,quantile,0.95,17,Delaware,Ensemble
2026-04-25,10,2,wk inc flu hosp,2026-05-09,quantile,0.975,21,Delaware,Ensemble
2026-04-25,10,2,wk inc flu hosp,2026-05-09,quantile,0.99,26,Delaware,Ensemble
2026-04-25,10,3,wk inc flu hosp,2026-05-16,quantile,0.01,0,Delaware,Ensemble
2026-04-25,10,3,wk inc flu hosp,2026-05-16,quantile,0.025,0,Delaware,Ensemble
2026-04-25,10,3,wk inc flu hosp,2026-05-16,quantile,0.05,0,Delaware,Ensemble
2026-04-25,10,3,wk inc flu hosp,2026-05-16,quantile,0.1,0,Delaware,Ensemble
2026-04-25,10,3,wk inc flu hosp,2026-05-16,quantile,0.15,0,Delaware,Ensemble
2026-04-25,10,3,wk inc flu hosp,2026-05-16,quantile,0.2,0,Delaware,Ensemble
2026-04-25,10,3,wk inc flu hosp,2026-05-16,quantile,0.25,0,Delaware,Ensemble
2026-04-25,10,3,wk inc flu hosp,2026-05-16,quantile,0.3,0,Delaware,Ensemble
2026-04-25,10,3,wk inc flu hosp,2026-05-16,quantile,0.35,0,Delaware,Ensemble
2026-04-25,10,3,wk inc flu hosp,2026-05-16,quantile,0.4,0,Delaware,Ensemble
2026-04-25,10,3,wk inc flu hosp,2026-05-16,quantile,0.45,0,Delaware,Ensemble
2026-04-25,10,3,wk inc flu hosp,2026-05-16,quantile,0.5,2,Delaware,Ensemble
2026-04-25,10,3,wk inc flu hosp,2026-05-16,quantile,0.55,2,Delaware,Ensemble
2026-04-25,10,3,wk inc flu hosp,2026-05-16,quantile,0.6,3,Delaware,Ensemble
2026-04-25,10,3,wk inc flu hosp,2026-05-16,quantile,0.65,3,Delaware,Ensemble
2026-04-25,10,3,wk inc flu hosp,2026-05-16,quantile,0.7,4,Delaware,Ensemble
2026-04-25,10,3,wk inc flu hosp,2026-05-16,quantile,0.75,6,Delaware,Ensemble
2026-04-25,10,3,wk inc flu hosp,2026-05-16,quantile,0.8,7,Delaware,Ensemble
2026-04-25,10,3,wk inc flu hosp,2026-05-16,quantile,0.85,9,Delaware,Ensemble
2026-04-25,10,3,wk inc flu hosp,2026-05-16,quantile,0.9,15,Delaware,Ensemble
2026-04-25,10,3,wk inc flu hosp,2026-05-16,quantile,0.95,19,Delaware,Ensemble
2026-04-25,10,3,wk inc flu hosp,2026-05-16,quantile,0.975,23,Delaware,Ensemble
2026-04-25,10,3,wk inc flu hosp,2026-05-16,quantile,0.99,29,Delaware,Ensemble
2026-04-25,11,0,wk inc flu hosp,2026-04-25,quantile,0.01,0,District of Columbia,Ensemble
2026-04-25,11,0,wk inc flu hosp,2026-04-25,quantile,0.025,0,District of Columbia,Ensemble
2026-04-25,11,0,wk inc flu hosp,2026-04-25,quantile,0.05,0,District of Columbia,Ensemble
2026-04-25,11,0,wk inc flu hosp,2026-04-25,quantile,0.1,0,District of Columbia,Ensemble
2026-04-25,11,0,wk inc flu hosp,2026-04-25,quantile,0.15,0,District of Columbia,Ensemble
2026-04-25,11,0,wk inc flu hosp,2026-04-25,quantile,0.2,1,District of Columbia,Ensemble
2026-04-25,11,0,wk inc flu hosp,2026-04-25,quantile,0.25,1,District of Columbia,Ensemble
2026-04-25,11,0,wk inc flu hosp,2026-04-25,quantile,0.3,1,District of Columbia,Ensemble
2026-04-25,11,0,wk inc flu hosp,2026-04-25,quantile,0.35,1,District of Columbia,Ensemble
2026-04-25,11,0,wk inc flu hosp,2026-04-25,quantile,0.4,2,District of Columbia,Ensemble
2026-04-25,11,0,wk inc flu hosp,2026-04-25,quantile,0.45,2,District of Columbia,Ensemble
2026-04-25,11,0,wk inc flu hosp,2026-04-25,quantile,0.5,3,District of Columbia,Ensemble
2026-04-25,11,0,wk inc flu hosp,2026-04-25,quantile,0.55,4,District of Columbia,Ensemble
2026-04-25,11,0,wk inc flu hosp,2026-04-25,quantile,0.6,4,District of Columbia,Ensemble
2026-04-25,11,0,wk inc flu hosp,2026-04-25,quantile,0.65,5,District of Columbia,Ensemble
2026-04-25,11,0,wk inc flu hosp,2026-04-25,quantile,0.7,5,District of Columbia,Ensemble
2026-04-25,11,0,wk inc flu hosp,2026-04-25,quantile,0.75,6,District of Columbia,Ensemble
2026-04-25,11,0,wk inc flu hosp,2026-04-25,quantile,0.8,6,District of Columbia,Ensemble
2026-04-25,11,0,wk inc flu hosp,2026-04-25,quantile,0.85,7,District of Columbia,Ensemble
2026-04-25,11,0,wk inc flu hosp,2026-04-25,quantile,0.9,8,District of Columbia,Ensemble
2026-04-25,11,0,wk inc flu hosp,2026-04-25,quantile,0.95,11,District of Columbia,Ensemble
2026-04-25,11,0,wk inc flu hosp,2026-04-25,quantile,0.975,14,District of Columbia,Ensemble
2026-04-25,11,0,wk inc flu hosp,2026-04-25,quantile,0.99,17,District of Columbia,Ensemble
2026-04-25,11,1,wk inc flu hosp,2026-05-02,quantile,0.01,0,District of Columbia,Ensemble
2026-04-25,11,1,wk inc flu hosp,2026-05-02,quantile,0.025,0,District of Columbia,Ensemble
2026-04-25,11,1,wk inc flu hosp,2026-05-02,quantile,0.05,0,District of Columbia,Ensemble
2026-04-25,11,1,wk inc flu hosp,2026-05-02,quantile,0.1,0,District of Columbia,Ensemble
2026-04-25,11,1,wk inc flu hosp,2026-05-02,quantile,0.15,0,District of Columbia,Ensemble
2026-04-25,11,1,wk inc flu hosp,2026-05-02,quantile,0.2,0,District of Columbia,Ensemble
2026-04-25,11,1,wk inc flu hosp,2026-05-02,quantile,0.25,1,District of Columbia,Ensemble
2026-04-25,11,1,wk inc flu hosp,2026-05-02,quantile,0.3,1,District of Columbia,Ensemble
2026-04-25,11,1,wk inc flu hosp,2026-05-02,quantile,0.35,1,District of Columbia,Ensemble
2026-04-25,11,1,wk inc flu hosp,2026-05-02,quantile,0.4,1,District of Columbia,Ensemble
2026-04-25,11,1,wk inc flu hosp,2026-05-02,quantile,0.45,2,District of Columbia,Ensemble
2026-04-25,11,1,wk inc flu hosp,2026-05-02,quantile,0.5,3,District of Columbia,Ensemble
2026-04-25,11,1,wk inc flu hosp,2026-05-02,quantile,0.55,3,District of Columbia,Ensemble
2026-04-25,11,1,wk inc flu hosp,2026-05-02,quantile,0.6,4,District of Columbia,Ensemble
2026-04-25,11,1,wk inc flu hosp,2026-05-02,quantile,0.65,5,District of Columbia,Ensemble
2026-04-25,11,1,wk inc flu hosp,2026-05-02,quantile,0.7,5,District of Columbia,Ensemble
2026-04-25,11,1,wk inc flu hosp,2026-05-02,quantile,0.75,6,District of Columbia,Ensemble
2026-04-25,11,1,wk inc flu hosp,2026-05-02,quantile,0.8,6,District of Columbia,Ensemble
2026-04-25,11,1,wk inc flu hosp,2026-05-02,quantile,0.85,7,District of Columbia,Ensemble
2026-04-25,11,1,wk inc flu hosp,2026-05-02,quantile,0.9,10,District of Columbia,Ensemble
2026-04-25,11,1,wk inc flu hosp,2026-05-02,quantile,0.95,13,District of Columbia,Ensemble
2026-04-25,11,1,wk inc flu hosp,2026-05-02,quantile,0.975,16,District of Columbia,Ensemble
2026-04-25,11,1,wk inc flu hosp,2026-05-02,quantile,0.99,22,District of Columbia,Ensemble
2026-04-25,11,2,wk inc flu hosp,2026-05-09,quantile,0.01,0,District of Columbia,Ensemble
2026-04-25,11,2,wk inc flu hosp,2026-05-09,quantile,0.025,0,District of Columbia,Ensemble
2026-04-25,11,2,wk inc flu hosp,2026-05-09,quantile,0.05,0,District of Columbia,Ensemble
2026-04-25,11,2,wk inc flu hosp,2026-05-09,quantile,0.1,0,District of Columbia,Ensemble
2026-04-25,11,2,wk inc flu hosp,2026-05-09,quantile,0.15,0,District of Columbia,Ensemble
2026-04-25,11,2,wk inc flu hosp,2026-05-09,quantile,0.2,0,District of Columbia,Ensemble
2026-04-25,11,2,wk inc flu hosp,2026-05-09,quantile,0.25,0,District of Columbia,Ensemble
2026-04-25,11,2,wk inc flu hosp,2026-05-09,quantile,0.3,1,District of Columbia,Ensemble
2026-04-25,11,2,wk inc flu hosp,2026-05-09,quantile,0.35,1,District of Columbia,Ensemble
2026-04-25,11,2,wk inc flu hosp,2026-05-09,quantile,0.4,1,District of Columbia,Ensemble
2026-04-25,11,2,wk inc flu hosp,2026-05-09,quantile,0.45,1,District of Columbia,Ensemble
2026-04-25,11,2,wk inc flu hosp,2026-05-09,quantile,0.5,3,District of Columbia,Ensemble
2026-04-25,11,2,wk inc flu hosp,2026-05-09,quantile,0.55,3,District of Columbia,Ensemble
2026-04-25,11,2,wk inc flu hosp,2026-05-09,quantile,0.6,4,District of Columbia,Ensemble
2026-04-25,11,2,wk inc flu hosp,2026-05-09,quantile,0.65,5,District of Columbia,Ensemble
2026-04-25,11,2,wk inc flu hosp,2026-05-09,quantile,0.7,5,District of Columbia,Ensemble
2026-04-25,11,2,wk inc flu hosp,2026-05-09,quantile,0.75,6,District of Columbia,Ensemble
2026-04-25,11,2,wk inc flu hosp,2026-05-09,quantile,0.8,7,District of Columbia,Ensemble
2026-04-25,11,2,wk inc flu hosp,2026-05-09,quantile,0.85,8,District of Columbia,Ensemble
2026-04-25,11,2,wk inc flu hosp,2026-05-09,quantile,0.9,10,District of Columbia,Ensemble
2026-04-25,11,2,wk inc flu hosp,2026-05-09,quantile,0.95,16,District of Columbia,Ensemble
2026-04-25,11,2,wk inc flu hosp,2026-05-09,quantile,0.975,21,District of Columbia,Ensemble
2026-04-25,11,2,wk inc flu hosp,2026-05-09,quantile,0.99,27,District of Columbia,Ensemble
2026-04-25,11,3,wk inc flu hosp,2026-05-16,quantile,0.01,0,District of Columbia,Ensemble
2026-04-25,11,3,wk inc flu hosp,2026-05-16,quantile,0.025,0,District of Columbia,Ensemble
2026-04-25,11,3,wk inc flu hosp,2026-05-16,quantile,0.05,0,District of Columbia,Ensemble
2026-04-25,11,3,wk inc flu hosp,2026-05-16,quantile,0.1,0,District of Columbia,Ensemble
2026-04-25,11,3,wk inc flu hosp,2026-05-16,quantile,0.15,0,District of Columbia,Ensemble
2026-04-25,11,3,wk inc flu hosp,2026-05-16,quantile,0.2,0,District of Columbia,Ensemble
2026-04-25,11,3,wk inc flu hosp,2026-05-16,quantile,0.25,0,District of Columbia,Ensemble
2026-04-25,11,3,wk inc flu hosp,2026-05-16,quantile,0.3,0,District of Columbia,Ensemble
2026-04-25,11,3,wk inc flu hosp,2026-05-16,quantile,0.35,1,District of Columbia,Ensemble
2026-04-25,11,3,wk inc flu hosp,2026-05-16,quantile,0.4,1,District of Columbia,Ensemble
2026-04-25,11,3,wk inc flu hosp,2026-05-16,quantile,0.45,1,District of Columbia,Ensemble
2026-04-25,11,3,wk inc flu hosp,2026-05-16,quantile,0.5,3,District of Columbia,Ensemble
2026-04-25,11,3,wk inc flu hosp,2026-05-16,quantile,0.55,3,District of Columbia,Ensemble
2026-04-25,11,3,wk inc flu hosp,2026-05-16,quantile,0.6,4,District of Columbia,Ensemble
2026-04-25,11,3,wk inc flu hosp,2026-05-16,quantile,0.65,4,District of Columbia,Ensemble
2026-04-25,11,3,wk inc flu hosp,2026-05-16,quantile,0.7,5,District of Columbia,Ensemble
2026-04-25,11,3,wk inc flu hosp,2026-05-16,quantile,0.75,6,District of Columbia,Ensemble
2026-04-25,11,3,wk inc flu hosp,2026-05-16,quantile,0.8,7,District of Columbia,Ensemble
2026-04-25,11,3,wk inc flu hosp,2026-05-16,quantile,0.85,9,District of Columbia,Ensemble
2026-04-25,11,3,wk inc flu hosp,2026-05-16,quantile,0.9,11,District of Columbia,Ensemble
2026-04-25,11,3,wk inc flu hosp,2026-05-16,quantile,0.95,18,District of Columbia,Ensemble
2026-04-25,11,3,wk inc flu hosp,2026-05-16,quantile,0.975,23,District of Columbia,Ensemble
2026-04-25,11,3,wk inc flu hosp,2026-05-16,quantile,0.99,31,District of Columbia,Ensemble
2026-04-25,12,0,wk inc flu hosp,2026-04-25,quantile,0.01,43,Florida,Ensemble
2026-04-25,12,0,wk inc flu hosp,2026-04-25,quantile,0.025,50,Florida,Ensemble
2026-04-25,12,0,wk inc flu hosp,2026-04-25,quantile,0.05,59,Florida,Ensemble
2026-04-25,12,0,wk inc flu hosp,2026-04-25,quantile,0.1,71,Florida,Ensemble
2026-04-25,12,0,wk inc flu hosp,2026-04-25,quantile,0.15,81,Florida,Ensemble
2026-04-25,12,0,wk inc flu hosp,2026-04-25,quantile,0.2,93,Florida,Ensemble
2026-04-25,12,0,wk inc flu hosp,2026-04-25,quantile,0.25,101,Florida,Ensemble
2026-04-25,12,0,wk inc flu hosp,2026-04-25,quantile,0.3,109,Florida,Ensemble
2026-04-25,12,0,wk inc flu hosp,2026-04-25,quantile,0.35,116,Florida,Ensemble
2026-04-25,12,0,wk inc flu hosp,2026-04-25,quantile,0.4,124,Florida,Ensemble
2026-04-25,12,0,wk inc flu hosp,2026-04-25,quantile,0.45,131,Florida,Ensemble
2026-04-25,12,0,wk inc flu hosp,2026-04-25,quantile,0.5,140,Florida,Ensemble
2026-04-25,12,0,wk inc flu hosp,2026-04-25,quantile,0.55,149,Florida,Ensemble
2026-04-25,12,0,wk inc flu hosp,2026-04-25,quantile,0.6,157,Florida,Ensemble
2026-04-25,12,0,wk inc flu hosp,2026-04-25,quantile,0.65,165,Florida,Ensemble
2026-04-25,12,0,wk inc flu hosp,2026-04-25,quantile,0.7,174,Florida,Ensemble
2026-04-25,12,0,wk inc flu hosp,2026-04-25,quantile,0.75,183,Florida,Ensemble
2026-04-25,12,0,wk inc flu hosp,2026-04-25,quantile,0.8,194,Florida,Ensemble
2026-04-25,12,0,wk inc flu hosp,2026-04-25,quantile,0.85,212,Florida,Ensemble
2026-04-25,12,0,wk inc flu hosp,2026-04-25,quantile,0.9,248,Florida,Ensemble
2026-04-25,12,0,wk inc flu hosp,2026-04-25,quantile,0.95,283,Florida,Ensemble
2026-04-25,12,0,wk inc flu hosp,2026-04-25,quantile,0.975,313,Florida,Ensemble
2026-04-25,12,0,wk inc flu hosp,2026-04-25,quantile,0.99,352,Florida,Ensemble
2026-04-25,12,1,wk inc flu hosp,2026-05-02,quantile,0.01,32,Florida,Ensemble
2026-04-25,12,1,wk inc flu hosp,2026-05-02,quantile,0.025,37,Florida,Ensemble
2026-04-25,12,1,wk inc flu hosp,2026-05-02,quantile,0.05,43,Florida,Ensemble
2026-04-25,12,1,wk inc flu hosp,2026-05-02,quantile,0.1,53,Florida,Ensemble
2026-04-25,12,1,wk inc flu hosp,2026-05-02,quantile,0.15,61,Florida,Ensemble
2026-04-25,12,1,wk inc flu hosp,2026-05-02,quantile,0.2,69,Florida,Ensemble
2026-04-25,12,1,wk inc flu hosp,2026-05-02,quantile,0.25,78,Florida,Ensemble
2026-04-25,12,1,wk inc flu hosp,2026-05-02,quantile,0.3,86,Florida,Ensemble
2026-04-25,12,1,wk inc flu hosp,2026-05-02,quantile,0.35,96,Florida,Ensemble
2026-04-25,12,1,wk inc flu hosp,2026-05-02,quantile,0.4,104,Florida,Ensemble
2026-04-25,12,1,wk inc flu hosp,2026-05-02,quantile,0.45,113,Florida,Ensemble
2026-04-25,12,1,wk inc flu hosp,2026-05-02,quantile,0.5,125,Florida,Ensemble
2026-04-25,12,1,wk inc flu hosp,2026-05-02,quantile,0.55,134,Florida,Ensemble
2026-04-25,12,1,wk inc flu hosp,2026-05-02,quantile,0.6,145,Florida,Ensemble
2026-04-25,12,1,wk inc flu hosp,2026-05-02,quantile,0.65,155,Florida,Ensemble
2026-04-25,12,1,wk inc flu hosp,2026-05-02,quantile,0.7,170,Florida,Ensemble
2026-04-25,12,1,wk inc flu hosp,2026-05-02,quantile,0.75,190,Florida,Ensemble
2026-04-25,12,1,wk inc flu hosp,2026-05-02,quantile,0.8,211,Florida,Ensemble
2026-04-25,12,1,wk inc flu hosp,2026-05-02,quantile,0.85,236,Florida,Ensemble
2026-04-25,12,1,wk inc flu hosp,2026-05-02,quantile,0.9,261,Florida,Ensemble
2026-04-25,12,1,wk inc flu hosp,2026-05-02,quantile,0.95,311,Florida,Ensemble
2026-04-25,12,1,wk inc flu hosp,2026-05-02,quantile,0.975,351,Florida,Ensemble
2026-04-25,12,1,wk inc flu hosp,2026-05-02,quantile,0.99,409,Florida,Ensemble
2026-04-25,12,2,wk inc flu hosp,2026-05-09,quantile,0.01,25,Florida,Ensemble
2026-04-25,12,2,wk inc flu hosp,2026-05-09,quantile,0.025,30,Florida,Ensemble
2026-04-25,12,2,wk inc flu hosp,2026-05-09,quantile,0.05,35,Florida,Ensemble
2026-04-25,12,2,wk inc flu hosp,2026-05-09,quantile,0.1,43,Florida,Ensemble
2026-04-25,12,2,wk inc flu hosp,2026-05-09,quantile,0.15,51,Florida,Ensemble
2026-04-25,12,2,wk inc flu hosp,2026-05-09,quantile,0.2,58,Florida,Ensemble
2026-04-25,12,2,wk inc flu hosp,2026-05-09,quantile,0.25,65,Florida,Ensemble
2026-04-25,12,2,wk inc flu hosp,2026-05-09,quantile,0.3,73,Florida,Ensemble
2026-04-25,12,2,wk inc flu hosp,2026-05-09,quantile,0.35,82,Florida,Ensemble
2026-04-25,12,2,wk inc flu hosp,2026-05-09,quantile,0.4,91,Florida,Ensemble
2026-04-25,12,2,wk inc flu hosp,2026-05-09,quantile,0.45,102,Florida,Ensemble
2026-04-25,12,2,wk inc flu hosp,2026-05-09,quantile,0.5,114,Florida,Ensemble
2026-04-25,12,2,wk inc flu hosp,2026-05-09,quantile,0.55,124,Florida,Ensemble
2026-04-25,12,2,wk inc flu hosp,2026-05-09,quantile,0.6,135,Florida,Ensemble
2026-04-25,12,2,wk inc flu hosp,2026-05-09,quantile,0.65,155,Florida,Ensemble
2026-04-25,12,2,wk inc flu hosp,2026-05-09,quantile,0.7,175,Florida,Ensemble
2026-04-25,12,2,wk inc flu hosp,2026-05-09,quantile,0.75,194,Florida,Ensemble
2026-04-25,12,2,wk inc flu hosp,2026-05-09,quantile,0.8,211,Florida,Ensemble
2026-04-25,12,2,wk inc flu hosp,2026-05-09,quantile,0.85,242,Florida,Ensemble
2026-04-25,12,2,wk inc flu hosp,2026-05-09,quantile,0.9,294,Florida,Ensemble
2026-04-25,12,2,wk inc flu hosp,2026-05-09,quantile,0.95,339,Florida,Ensemble
2026-04-25,12,2,wk inc flu hosp,2026-05-09,quantile,0.975,389,Florida,Ensemble
2026-04-25,12,2,wk inc flu hosp,2026-05-09,quantile,0.99,461,Florida,Ensemble
2026-04-25,12,3,wk inc flu hosp,2026-05-16,quantile,0.01,21,Florida,Ensemble
2026-04-25,12,3,wk inc flu hosp,2026-05-16,quantile,0.025,25,Florida,Ensemble
2026-04-25,12,3,wk inc flu hosp,2026-05-16,quantile,0.05,30,Florida,Ensemble
2026-04-25,12,3,wk inc flu hosp,2026-05-16,quantile,0.1,38,Florida,Ensemble
2026-04-25,12,3,wk inc flu hosp,2026-05-16,quantile,0.15,45,Florida,Ensemble
2026-04-25,12,3,wk inc flu hosp,2026-05-16,quantile,0.2,51,Florida,Ensemble
2026-04-25,12,3,wk inc flu hosp,2026-05-16,quantile,0.25,56,Florida,Ensemble
2026-04-25,12,3,wk inc flu hosp,2026-05-16,quantile,0.3,64,Florida,Ensemble
2026-04-25,12,3,wk inc flu hosp,2026-05-16,quantile,0.35,73,Florida,Ensemble
2026-04-25,12,3,wk inc flu hosp,2026-05-16,quantile,0.4,81,Florida,Ensemble
2026-04-25,12,3,wk inc flu hosp,2026-05-16,quantile,0.45,92,Florida,Ensemble
2026-04-25,12,3,wk inc flu hosp,2026-05-16,quantile,0.5,105,Florida,Ensemble
2026-04-25,12,3,wk inc flu hosp,2026-05-16,quantile,0.55,115,Florida,Ensemble
2026-04-25,12,3,wk inc flu hosp,2026-05-16,quantile,0.6,137,Florida,Ensemble
2026-04-25,12,3,wk inc flu hosp,2026-05-16,quantile,0.65,150,Florida,Ensemble
2026-04-25,12,3,wk inc flu hosp,2026-05-16,quantile,0.7,171,Florida,Ensemble
2026-04-25,12,3,wk inc flu hosp,2026-05-16,quantile,0.75,203,Florida,Ensemble
2026-04-25,12,3,wk inc flu hosp,2026-05-16,quantile,0.8,223,Florida,Ensemble
2026-04-25,12,3,wk inc flu hosp,2026-05-16,quantile,0.85,246,Florida,Ensemble
2026-04-25,12,3,wk inc flu hosp,2026-05-16,quantile,0.9,286,Florida,Ensemble
2026-04-25,12,3,wk inc flu hosp,2026-05-16,quantile,0.95,348,Florida,Ensemble
2026-04-25,12,3,wk inc flu hosp,2026-05-16,quantile,0.975,404,Florida,Ensemble
2026-04-25,12,3,wk inc flu hosp,2026-05-16,quantile,0.99,490,Florida,Ensemble
2026-04-25,13,0,wk inc flu hosp,2026-04-25,quantile,0.01,6,Georgia,Ensemble
2026-04-25,13,0,wk inc flu hosp,2026-04-25,quantile,0.025,7,Georgia,Ensemble
2026-04-25,13,0,wk inc flu hosp,2026-04-25,quantile,0.05,9,Georgia,Ensemble
2026-04-25,13,0,wk inc flu hosp,2026-04-25,quantile,0.1,11,Georgia,Ensemble
2026-04-25,13,0,wk inc flu hosp,2026-04-25,quantile,0.15,13,Georgia,Ensemble
2026-04-25,13,0,wk inc flu hosp,2026-04-25,quantile,0.2,15,Georgia,Ensemble
2026-04-25,13,0,wk inc flu hosp,2026-04-25,quantile,0.25,17,Georgia,Ensemble
2026-04-25,13,0,wk inc flu hosp,2026-04-25,quantile,0.3,20,Georgia,Ensemble
2026-04-25,13,0,wk inc flu hosp,2026-04-25,quantile,0.35,22,Georgia,Ensemble
2026-04-25,13,0,wk inc flu hosp,2026-04-25,quantile,0.4,24,Georgia,Ensemble
2026-04-25,13,0,wk inc flu hosp,2026-04-25,quantile,0.45,27,Georgia,Ensemble
2026-04-25,13,0,wk inc flu hosp,2026-04-25,quantile,0.5,31,Georgia,Ensemble
2026-04-25,13,0,wk inc flu hosp,2026-04-25,quantile,0.55,34,Georgia,Ensemble
2026-04-25,13,0,wk inc flu hosp,2026-04-25,quantile,0.6,36,Georgia,Ensemble
2026-04-25,13,0,wk inc flu hosp,2026-04-25,quantile,0.65,39,Georgia,Ensemble
2026-04-25,13,0,wk inc flu hosp,2026-04-25,quantile,0.7,42,Georgia,Ensemble
2026-04-25,13,0,wk inc flu hosp,2026-04-25,quantile,0.75,46,Georgia,Ensemble
2026-04-25,13,0,wk inc flu hosp,2026-04-25,quantile,0.8,50,Georgia,Ensemble
2026-04-25,13,0,wk inc flu hosp,2026-04-25,quantile,0.85,56,Georgia,Ensemble
2026-04-25,13,0,wk inc flu hosp,2026-04-25,quantile,0.9,65,Georgia,Ensemble
2026-04-25,13,0,wk inc flu hosp,2026-04-25,quantile,0.95,94,Georgia,Ensemble
2026-04-25,13,0,wk inc flu hosp,2026-04-25,quantile,0.975,107,Georgia,Ensemble
2026-04-25,13,0,wk inc flu hosp,2026-04-25,quantile,0.99,122,Georgia,Ensemble
2026-04-25,13,1,wk inc flu hosp,2026-05-02,quantile,0.01,4,Georgia,Ensemble
2026-04-25,13,1,wk inc flu hosp,2026-05-02,quantile,0.025,5,Georgia,Ensemble
2026-04-25,13,1,wk inc flu hosp,2026-05-02,quantile,0.05,6,Georgia,Ensemble
2026-04-25,13,1,wk inc flu hosp,2026-05-02,quantile,0.1,8,Georgia,Ensemble
2026-04-25,13,1,wk inc flu hosp,2026-05-02,quantile,0.15,9,Georgia,Ensemble
2026-04-25,13,1,wk inc flu hosp,2026-05-02,quantile,0.2,11,Georgia,Ensemble
2026-04-25,13,1,wk inc flu hosp,2026-05-02,quantile,0.25,13,Georgia,Ensemble
2026-04-25,13,1,wk inc flu hosp,2026-05-02,quantile,0.3,15,Georgia,Ensemble
2026-04-25,13,1,wk inc flu hosp,2026-05-02,quantile,0.35,17,Georgia,Ensemble
2026-04-25,13,1,wk inc flu hosp,2026-05-02,quantile,0.4,19,Georgia,Ensemble
2026-04-25,13,1,wk inc flu hosp,2026-05-02,quantile,0.45,22,Georgia,Ensemble
2026-04-25,13,1,wk inc flu hosp,2026-05-02,quantile,0.5,26,Georgia,Ensemble
2026-04-25,13,1,wk inc flu hosp,2026-05-02,quantile,0.55,30,Georgia,Ensemble
2026-04-25,13,1,wk inc flu hosp,2026-05-02,quantile,0.6,32,Georgia,Ensemble
2026-04-25,13,1,wk inc flu hosp,2026-05-02,quantile,0.65,36,Georgia,Ensemble
2026-04-25,13,1,wk inc flu hosp,2026-05-02,quantile,0.7,40,Georgia,Ensemble
2026-04-25,13,1,wk inc flu hosp,2026-05-02,quantile,0.75,45,Georgia,Ensemble
2026-04-25,13,1,wk inc flu hosp,2026-05-02,quantile,0.8,54,Georgia,Ensemble
2026-04-25,13,1,wk inc flu hosp,2026-05-02,quantile,0.85,61,Georgia,Ensemble
2026-04-25,13,1,wk inc flu hosp,2026-05-02,quantile,0.9,75,Georgia,Ensemble
2026-04-25,13,1,wk inc flu hosp,2026-05-02,quantile,0.95,103,Georgia,Ensemble
2026-04-25,13,1,wk inc flu hosp,2026-05-02,quantile,0.975,119,Georgia,Ensemble
2026-04-25,13,1,wk inc flu hosp,2026-05-02,quantile,0.99,141,Georgia,Ensemble
2026-04-25,13,2,wk inc flu hosp,2026-05-09,quantile,0.01,3,Georgia,Ensemble
2026-04-25,13,2,wk inc flu hosp,2026-05-09,quantile,0.025,3,Georgia,Ensemble
2026-04-25,13,2,wk inc flu hosp,2026-05-09,quantile,0.05,4,Georgia,Ensemble
2026-04-25,13,2,wk inc flu hosp,2026-05-09,quantile,0.1,6,Georgia,Ensemble
2026-04-25,13,2,wk inc flu hosp,2026-05-09,quantile,0.15,7,Georgia,Ensemble
2026-04-25,13,2,wk inc flu hosp,2026-05-09,quantile,0.2,9,Georgia,Ensemble
2026-04-25,13,2,wk inc flu hosp,2026-05-09,quantile,0.25,10,Georgia,Ensemble
2026-04-25,13,2,wk inc flu hosp,2026-05-09,quantile,0.3,12,Georgia,Ensemble
2026-04-25,13,2,wk inc flu hosp,2026-05-09,quantile,0.35,14,Georgia,Ensemble
2026-04-25,13,2,wk inc flu hosp,2026-05-09,quantile,0.4,16,Georgia,Ensemble
2026-04-25,13,2,wk inc flu hosp,2026-05-09,quantile,0.45,19,Georgia,Ensemble
2026-04-25,13,2,wk inc flu hosp,2026-05-09,quantile,0.5,23,Georgia,Ensemble
2026-04-25,13,2,wk inc flu hosp,2026-05-09,quantile,0.55,26,Georgia,Ensemble
2026-04-25,13,2,wk inc flu hosp,2026-05-09,quantile,0.6,32,Georgia,Ensemble
2026-04-25,13,2,wk inc flu hosp,2026-05-09,quantile,0.65,37,Georgia,Ensemble
2026-04-25,13,2,wk inc flu hosp,2026-05-09,quantile,0.7,44,Georgia,Ensemble
2026-04-25,13,2,wk inc flu hosp,2026-05-09,quantile,0.75,49,Georgia,Ensemble
2026-04-25,13,2,wk inc flu hosp,2026-05-09,quantile,0.8,55,Georgia,Ensemble
2026-04-25,13,2,wk inc flu hosp,2026-05-09,quantile,0.85,63,Georgia,Ensemble
2026-04-25,13,2,wk inc flu hosp,2026-05-09,quantile,0.9,80,Georgia,Ensemble
2026-04-25,13,2,wk inc flu hosp,2026-05-09,quantile,0.95,121,Georgia,Ensemble
2026-04-25,13,2,wk inc flu hosp,2026-05-09,quantile,0.975,141,Georgia,Ensemble
2026-04-25,13,2,wk inc flu hosp,2026-05-09,quantile,0.99,169,Georgia,Ensemble
2026-04-25,13,3,wk inc flu hosp,2026-05-16,quantile,0.01,2,Georgia,Ensemble
2026-04-25,13,3,wk inc flu hosp,2026-05-16,quantile,0.025,3,Georgia,Ensemble
2026-04-25,13,3,wk inc flu hosp,2026-05-16,quantile,0.05,4,Georgia,Ensemble
2026-04-25,13,3,wk inc flu hosp,2026-05-16,quantile,0.1,5,Georgia,Ensemble
2026-04-25,13,3,wk inc flu hosp,2026-05-16,quantile,0.15,7,Georgia,Ensemble
2026-04-25,13,3,wk inc flu hosp,2026-05-16,quantile,0.2,8,Georgia,Ensemble
2026-04-25,13,3,wk inc flu hosp,2026-05-16,quantile,0.25,9,Georgia,Ensemble
2026-04-25,13,3,wk inc flu hosp,2026-05-16,quantile,0.3,10,Georgia,Ensemble
2026-04-25,13,3,wk inc flu hosp,2026-05-16,quantile,0.35,12,Georgia,Ensemble
2026-04-25,13,3,wk inc flu hosp,2026-05-16,quantile,0.4,14,Georgia,Ensemble
2026-04-25,13,3,wk inc flu hosp,2026-05-16,quantile,0.45,17,Georgia,Ensemble
2026-04-25,13,3,wk inc flu hosp,2026-05-16,quantile,0.5,20,Georgia,Ensemble
2026-04-25,13,3,wk inc flu hosp,2026-05-16,quantile,0.55,23,Georgia,Ensemble
2026-04-25,13,3,wk inc flu hosp,2026-05-16,quantile,0.6,29,Georgia,Ensemble
2026-04-25,13,3,wk inc flu hosp,2026-05-16,quantile,0.65,36,Georgia,Ensemble
2026-04-25,13,3,wk inc flu hosp,2026-05-16,quantile,0.7,41,Georgia,Ensemble
2026-04-25,13,3,wk inc flu hosp,2026-05-16,quantile,0.75,48,Georgia,Ensemble
2026-04-25,13,3,wk inc flu hosp,2026-05-16,quantile,0.8,54,Georgia,Ensemble
2026-04-25,13,3,wk inc flu hosp,2026-05-16,quantile,0.85,64,Georgia,Ensemble
2026-04-25,13,3,wk inc flu hosp,2026-05-16,quantile,0.9,92,Georgia,Ensemble
2026-04-25,13,3,wk inc flu hosp,2026-05-16,quantile,0.95,124,Georgia,Ensemble
2026-04-25,13,3,wk inc flu hosp,2026-05-16,quantile,0.975,148,Georgia,Ensemble
2026-04-25,13,3,wk inc flu hosp,2026-05-16,quantile,0.99,181,Georgia,Ensemble
2026-04-25,15,0,wk inc flu hosp,2026-04-25,quantile,0.01,0,Hawaii,Ensemble
2026-04-25,15,0,wk inc flu hosp,2026-04-25,quantile,0.025,0,Hawaii,Ensemble
2026-04-25,15,0,wk inc flu hosp,2026-04-25,quantile,0.05,0,Hawaii,Ensemble
2026-04-25,15,0,wk inc flu hosp,2026-04-25,quantile,0.1,0,Hawaii,Ensemble
2026-04-25,15,0,wk inc flu hosp,2026-04-25,quantile,0.15,0,Hawaii,Ensemble
2026-04-25,15,0,wk inc flu hosp,2026-04-25,quantile,0.2,1,Hawaii,Ensemble
2026-04-25,15,0,wk inc flu hosp,2026-04-25,quantile,0.25,1,Hawaii,Ensemble
2026-04-25,15,0,wk inc flu hosp,2026-04-25,quantile,0.3,1,Hawaii,Ensemble
2026-04-25,15,0,wk inc flu hosp,2026-04-25,quantile,0.35,1,Hawaii,Ensemble
2026-04-25,15,0,wk inc flu hosp,2026-04-25,quantile,0.4,2,Hawaii,Ensemble
2026-04-25,15,0,wk inc flu hosp,2026-04-25,quantile,0.45,2,Hawaii,Ensemble
2026-04-25,15,0,wk inc flu hosp,2026-04-25,quantile,0.5,4,Hawaii,Ensemble
2026-04-25,15,0,wk inc flu hosp,2026-04-25,quantile,0.55,4,Hawaii,Ensemble
2026-04-25,15,0,wk inc flu hosp,2026-04-25,quantile,0.6,5,Hawaii,Ensemble
2026-04-25,15,0,wk inc flu hosp,2026-04-25,quantile,0.65,5,Hawaii,Ensemble
2026-04-25,15,0,wk inc flu hosp,2026-04-25,quantile,0.7,6,Hawaii,Ensemble
2026-04-25,15,0,wk inc flu hosp,2026-04-25,quantile,0.75,6,Hawaii,Ensemble
2026-04-25,15,0,wk inc flu hosp,2026-04-25,quantile,0.8,7,Hawaii,Ensemble
2026-04-25,15,0,wk inc flu hosp,2026-04-25,quantile,0.85,8,Hawaii,Ensemble
2026-04-25,15,0,wk inc flu hosp,2026-04-25,quantile,0.9,9,Hawaii,Ensemble
2026-04-25,15,0,wk inc flu hosp,2026-04-25,quantile,0.95,12,Hawaii,Ensemble
2026-04-25,15,0,wk inc flu hosp,2026-04-25,quantile,0.975,14,Hawaii,Ensemble
2026-04-25,15,0,wk inc flu hosp,2026-04-25,quantile,0.99,18,Hawaii,Ensemble
2026-04-25,15,1,wk inc flu hosp,2026-05-02,quantile,0.01,0,Hawaii,Ensemble
2026-04-25,15,1,wk inc flu hosp,2026-05-02,quantile,0.025,0,Hawaii,Ensemble
2026-04-25,15,1,wk inc flu hosp,2026-05-02,quantile,0.05,0,Hawaii,Ensemble
2026-04-25,15,1,wk inc flu hosp,2026-05-02,quantile,0.1,0,Hawaii,Ensemble
2026-04-25,15,1,wk inc flu hosp,2026-05-02,quantile,0.15,0,Hawaii,Ensemble
2026-04-25,15,1,wk inc flu hosp,2026-05-02,quantile,0.2,0,Hawaii,Ensemble
2026-04-25,15,1,wk inc flu hosp,2026-05-02,quantile,0.25,1,Hawaii,Ensemble
2026-04-25,15,1,wk inc flu hosp,2026-05-02,quantile,0.3,1,Hawaii,Ensemble
2026-04-25,15,1,wk inc flu hosp,2026-05-02,quantile,0.35,1,Hawaii,Ensemble
2026-04-25,15,1,wk inc flu hosp,2026-05-02,quantile,0.4,1,Hawaii,Ensemble
2026-04-25,15,1,wk inc flu hosp,2026-05-02,quantile,0.45,2,Hawaii,Ensemble
2026-04-25,15,1,wk inc flu hosp,2026-05-02,quantile,0.5,4,Hawaii,Ensemble
2026-04-25,15,1,wk inc flu hosp,2026-05-02,quantile,0.55,4,Hawaii,Ensemble
2026-04-25,15,1,wk inc flu hosp,2026-05-02,quantile,0.6,5,Hawaii,Ensemble
2026-04-25,15,1,wk inc flu hosp,2026-05-02,quantile,0.65,5,Hawaii,Ensemble
2026-04-25,15,1,wk inc flu hosp,2026-05-02,quantile,0.7,6,Hawaii,Ensemble
2026-04-25,15,1,wk inc flu hosp,2026-05-02,quantile,0.75,7,Hawaii,Ensemble
2026-04-25,15,1,wk inc flu hosp,2026-05-02,quantile,0.8,8,Hawaii,Ensemble
2026-04-25,15,1,wk inc flu hosp,2026-05-02,quantile,0.85,9,Hawaii,Ensemble
2026-04-25,15,1,wk inc flu hosp,2026-05-02,quantile,0.9,10,Hawaii,Ensemble
2026-04-25,15,1,wk inc flu hosp,2026-05-02,quantile,0.95,14,Hawaii,Ensemble
2026-04-25,15,1,wk inc flu hosp,2026-05-02,quantile,0.975,17,Hawaii,Ensemble
2026-04-25,15,1,wk inc flu hosp,2026-05-02,quantile,0.99,21,Hawaii,Ensemble
2026-04-25,15,2,wk inc flu hosp,2026-05-09,quantile,0.01,0,Hawaii,Ensemble
2026-04-25,15,2,wk inc flu hosp,2026-05-09,quantile,0.025,0,Hawaii,Ensemble
2026-04-25,15,2,wk inc flu hosp,2026-05-09,quantile,0.05,0,Hawaii,Ensemble
2026-04-25,15,2,wk inc flu hosp,2026-05-09,quantile,0.1,0,Hawaii,Ensemble
2026-04-25,15,2,wk inc flu hosp,2026-05-09,quantile,0.15,0,Hawaii,Ensemble
2026-04-25,15,2,wk inc flu hosp,2026-05-09,quantile,0.2,0,Hawaii,Ensemble
2026-04-25,15,2,wk inc flu hosp,2026-05-09,quantile,0.25,1,Hawaii,Ensemble
2026-04-25,15,2,wk inc flu hosp,2026-05-09,quantile,0.3,1,Hawaii,Ensemble
2026-04-25,15,2,wk inc flu hosp,2026-05-09,quantile,0.35,1,Hawaii,Ensemble
2026-04-25,15,2,wk inc flu hosp,2026-05-09,quantile,0.4,1,Hawaii,Ensemble
2026-04-25,15,2,wk inc flu hosp,2026-05-09,quantile,0.45,2,Hawaii,Ensemble
2026-04-25,15,2,wk inc flu hosp,2026-05-09,quantile,0.5,3,Hawaii,Ensemble
2026-04-25,15,2,wk inc flu hosp,2026-05-09,quantile,0.55,4,Hawaii,Ensemble
2026-04-25,15,2,wk inc flu hosp,2026-05-09,quantile,0.6,4,Hawaii,Ensemble
2026-04-25,15,2,wk inc flu hosp,2026-05-09,quantile,0.65,5,Hawaii,Ensemble
2026-04-25,15,2,wk inc flu hosp,2026-05-09,quantile,0.7,6,Hawaii,Ensemble
2026-04-25,15,2,wk inc flu hosp,2026-05-09,quantile,0.75,7,Hawaii,Ensemble
2026-04-25,15,2,wk inc flu hosp,2026-05-09,quantile,0.8,8,Hawaii,Ensemble
2026-04-25,15,2,wk inc flu hosp,2026-05-09,quantile,0.85,9,Hawaii,Ensemble
2026-04-25,15,2,wk inc flu hosp,2026-05-09,quantile,0.9,11,Hawaii,Ensemble
2026-04-25,15,2,wk inc flu hosp,2026-05-09,quantile,0.95,15,Hawaii,Ensemble
2026-04-25,15,2,wk inc flu hosp,2026-05-09,quantile,0.975,18,Hawaii,Ensemble
2026-04-25,15,2,wk inc flu hosp,2026-05-09,quantile,0.99,23,Hawaii,Ensemble
2026-04-25,15,3,wk inc flu hosp,2026-05-16,quantile,0.01,0,Hawaii,Ensemble
2026-04-25,15,3,wk inc flu hosp,2026-05-16,quantile,0.025,0,Hawaii,Ensemble
2026-04-25,15,3,wk inc flu hosp,2026-05-16,quantile,0.05,0,Hawaii,Ensemble
2026-04-25,15,3,wk inc flu hosp,2026-05-16,quantile,0.1,0,Hawaii,Ensemble
2026-04-25,15,3,wk inc flu hosp,2026-05-16,quantile,0.15,0,Hawaii,Ensemble
2026-04-25,15,3,wk inc flu hosp,2026-05-16,quantile,0.2,0,Hawaii,Ensemble
2026-04-25,15,3,wk inc flu hosp,2026-05-16,quantile,0.25,1,Hawaii,Ensemble
2026-04-25,15,3,wk inc flu hosp,2026-05-16,quantile,0.3,1,Hawaii,Ensemble
2026-04-25,15,3,wk inc flu hosp,2026-05-16,quantile,0.35,1,Hawaii,Ensemble
2026-04-25,15,3,wk inc flu hosp,2026-05-16,quantile,0.4,1,Hawaii,Ensemble
2026-04-25,15,3,wk inc flu hosp,2026-05-16,quantile,0.45,2,Hawaii,Ensemble
2026-04-25,15,3,wk inc flu hosp,2026-05-16,quantile,0.5,3,Hawaii,Ensemble
2026-04-25,15,3,wk inc flu hosp,2026-05-16,quantile,0.55,4,Hawaii,Ensemble
2026-04-25,15,3,wk inc flu hosp,2026-05-16,quantile,0.6,5,Hawaii,Ensemble
2026-04-25,15,3,wk inc flu hosp,2026-05-16,quantile,0.65,5,Hawaii,Ensemble
2026-04-25,15,3,wk inc flu hosp,2026-05-16,quantile,0.7,6,Hawaii,Ensemble
2026-04-25,15,3,wk inc flu hosp,2026-05-16,quantile,0.75,7,Hawaii,Ensemble
2026-04-25,15,3,wk inc flu hosp,2026-05-16,quantile,0.8,8,Hawaii,Ensemble
2026-04-25,15,3,wk inc flu hosp,2026-05-16,quantile,0.85,10,Hawaii,Ensemble
2026-04-25,15,3,wk inc flu hosp,2026-05-16,quantile,0.9,13,Hawaii,Ensemble
2026-04-25,15,3,wk inc flu hosp,2026-05-16,quantile,0.95,16,Hawaii,Ensemble
2026-04-25,15,3,wk inc flu hosp,2026-05-16,quantile,0.975,20,Hawaii,Ensemble
2026-04-25,15,3,wk inc flu hosp,2026-05-16,quantile,0.99,26,Hawaii,Ensemble
2026-04-25,16,0,wk inc flu hosp,2026-04-25,quantile,0.01,0,Idaho,Ensemble
2026-04-25,16,0,wk inc flu hosp,2026-04-25,quantile,0.025,1,Idaho,Ensemble
2026-04-25,16,0,wk inc flu hosp,2026-04-25,quantile,0.05,1,Idaho,Ensemble
2026-04-25,16,0,wk inc flu hosp,2026-04-25,quantile,0.1,1,Idaho,Ensemble
2026-04-25,16,0,wk inc flu hosp,2026-04-25,quantile,0.15,2,Idaho,Ensemble
2026-04-25,16,0,wk inc flu hosp,2026-04-25,quantile,0.2,3,Idaho,Ensemble
2026-04-25,16,0,wk inc flu hosp,2026-04-25,quantile,0.25,3,Idaho,Ensemble
2026-04-25,16,0,wk inc flu hosp,2026-04-25,quantile,0.3,3,Idaho,Ensemble
2026-04-25,16,0,wk inc flu hosp,2026-04-25,quantile,0.35,4,Idaho,Ensemble
2026-04-25,16,0,wk inc flu hosp,2026-04-25,quantile,0.4,5,Idaho,Ensemble
2026-04-25,16,0,wk inc flu hosp,2026-04-25,quantile,0.45,5,Idaho,Ensemble
2026-04-25,16,0,wk inc flu hosp,2026-04-25,quantile,0.5,7,Idaho,Ensemble
2026-04-25,16,0,wk inc flu hosp,2026-04-25,quantile,0.55,8,Idaho,Ensemble
2026-04-25,16,0,wk inc flu hosp,2026-04-25,quantile,0.6,9,Idaho,Ensemble
2026-04-25,16,0,wk inc flu hosp,2026-04-25,quantile,0.65,10,Idaho,Ensemble
2026-04-25,16,0,wk inc flu hosp,2026-04-25,quantile,0.7,11,Idaho,Ensemble
2026-04-25,16,0,wk inc flu hosp,2026-04-25,quantile,0.75,13,Idaho,Ensemble
2026-04-25,16,0,wk inc flu hosp,2026-04-25,quantile,0.8,14,Idaho,Ensemble
2026-04-25,16,0,wk inc flu hosp,2026-04-25,quantile,0.85,16,Idaho,Ensemble
2026-04-25,16,0,wk inc flu hosp,2026-04-25,quantile,0.9,19,Idaho,Ensemble
2026-04-25,16,0,wk inc flu hosp,2026-04-25,quantile,0.95,24,Idaho,Ensemble
2026-04-25,16,0,wk inc flu hosp,2026-04-25,quantile,0.975,28,Idaho,Ensemble
2026-04-25,16,0,wk inc flu hosp,2026-04-25,quantile,0.99,34,Idaho,Ensemble
2026-04-25,16,1,wk inc flu hosp,2026-05-02,quantile,0.01,0,Idaho,Ensemble
2026-04-25,16,1,wk inc flu hosp,2026-05-02,quantile,0.025,0,Idaho,Ensemble
2026-04-25,16,1,wk inc flu hosp,2026-05-02,quantile,0.05,0,Idaho,Ensemble
2026-04-25,16,1,wk inc flu hosp,2026-05-02,quantile,0.1,1,Idaho,Ensemble
2026-04-25,16,1,wk inc flu hosp,2026-05-02,quantile,0.15,1,Idaho,Ensemble
2026-04-25,16,1,wk inc flu hosp,2026-05-02,quantile,0.2,1,Idaho,Ensemble
2026-04-25,16,1,wk inc flu hosp,2026-05-02,quantile,0.25,2,Idaho,Ensemble
2026-04-25,16,1,wk inc flu hosp,2026-05-02,quantile,0.3,2,Idaho,Ensemble
2026-04-25,16,1,wk inc flu hosp,2026-05-02,quantile,0.35,3,Idaho,Ensemble
2026-04-25,16,1,wk inc flu hosp,2026-05-02,quantile,0.4,3,Idaho,Ensemble
2026-04-25,16,1,wk inc flu hosp,2026-05-02,quantile,0.45,4,Idaho,Ensemble
2026-04-25,16,1,wk inc flu hosp,2026-05-02,quantile,0.5,6,Idaho,Ensemble
2026-04-25,16,1,wk inc flu hosp,2026-05-02,quantile,0.55,6,Idaho,Ensemble
2026-04-25,16,1,wk inc flu hosp,2026-05-02,quantile,0.6,8,Idaho,Ensemble
2026-04-25,16,1,wk inc flu hosp,2026-05-02,quantile,0.65,9,Idaho,Ensemble
2026-04-25,16,1,wk inc flu hosp,2026-05-02,quantile,0.7,10,Idaho,Ensemble
2026-04-25,16,1,wk inc flu hosp,2026-05-02,quantile,0.75,11,Idaho,Ensemble
2026-04-25,16,1,wk inc flu hosp,2026-05-02,quantile,0.8,13,Idaho,Ensemble
2026-04-25,16,1,wk inc flu hosp,2026-05-02,quantile,0.85,16,Idaho,Ensemble
2026-04-25,16,1,wk inc flu hosp,2026-05-02,quantile,0.9,20,Idaho,Ensemble
2026-04-25,16,1,wk inc flu hosp,2026-05-02,quantile,0.95,27,Idaho,Ensemble
2026-04-25,16,1,wk inc flu hosp,2026-05-02,quantile,0.975,32,Idaho,Ensemble
2026-04-25,16,1,wk inc flu hosp,2026-05-02,quantile,0.99,38,Idaho,Ensemble
2026-04-25,16,2,wk inc flu hosp,2026-05-09,quantile,0.01,0,Idaho,Ensemble
2026-04-25,16,2,wk inc flu hosp,2026-05-09,quantile,0.025,0,Idaho,Ensemble
2026-04-25,16,2,wk inc flu hosp,2026-05-09,quantile,0.05,0,Idaho,Ensemble
2026-04-25,16,2,wk inc flu hosp,2026-05-09,quantile,0.1,0,Idaho,Ensemble
2026-04-25,16,2,wk inc flu hosp,2026-05-09,quantile,0.15,1,Idaho,Ensemble
2026-04-25,16,2,wk inc flu hosp,2026-05-09,quantile,0.2,1,Idaho,Ensemble
2026-04-25,16,2,wk inc flu hosp,2026-05-09,quantile,0.25,1,Idaho,Ensemble
2026-04-25,16,2,wk inc flu hosp,2026-05-09,quantile,0.3,2,Idaho,Ensemble
2026-04-25,16,2,wk inc flu hosp,2026-05-09,quantile,0.35,2,Idaho,Ensemble
2026-04-25,16,2,wk inc flu hosp,2026-05-09,quantile,0.4,3,Idaho,Ensemble
2026-04-25,16,2,wk inc flu hosp,2026-05-09,quantile,0.45,3,Idaho,Ensemble
2026-04-25,16,2,wk inc flu hosp,2026-05-09,quantile,0.5,5,Idaho,Ensemble
2026-04-25,16,2,wk inc flu hosp,2026-05-09,quantile,0.55,6,Idaho,Ensemble
2026-04-25,16,2,wk inc flu hosp,2026-05-09,quantile,0.6,7,Idaho,Ensemble
2026-04-25,16,2,wk inc flu hosp,2026-05-09,quantile,0.65,9,Idaho,Ensemble
2026-04-25,16,2,wk inc flu hosp,2026-05-09,quantile,0.7,10,Idaho,Ensemble
2026-04-25,16,2,wk inc flu hosp,2026-05-09,quantile,0.75,11,Idaho,Ensemble
2026-04-25,16,2,wk inc flu hosp,2026-05-09,quantile,0.8,14,Idaho,Ensemble
2026-04-25,16,2,wk inc flu hosp,2026-05-09,quantile,0.85,17,Idaho,Ensemble
2026-04-25,16,2,wk inc flu hosp,2026-05-09,quantile,0.9,21,Idaho,Ensemble
2026-04-25,16,2,wk inc flu hosp,2026-05-09,quantile,0.95,31,Idaho,Ensemble
2026-04-25,16,2,wk inc flu hosp,2026-05-09,quantile,0.975,38,Idaho,Ensemble
2026-04-25,16,2,wk inc flu hosp,2026-05-09,quantile,0.99,50,Idaho,Ensemble
2026-04-25,16,3,wk inc flu hosp,2026-05-16,quantile,0.01,0,Idaho,Ensemble
2026-04-25,16,3,wk inc flu hosp,2026-05-16,quantile,0.025,0,Idaho,Ensemble
2026-04-25,16,3,wk inc flu hosp,2026-05-16,quantile,0.05,0,Idaho,Ensemble
2026-04-25,16,3,wk inc flu hosp,2026-05-16,quantile,0.1,0,Idaho,Ensemble
2026-04-25,16,3,wk inc flu hosp,2026-05-16,quantile,0.15,0,Idaho,Ensemble
2026-04-25,16,3,wk inc flu hosp,2026-05-16,quantile,0.2,1,Idaho,Ensemble
2026-04-25,16,3,wk inc flu hosp,2026-05-16,quantile,0.25,1,Idaho,Ensemble
2026-04-25,16,3,wk inc flu hosp,2026-05-16,quantile,0.3,1,Idaho,Ensemble
2026-04-25,16,3,wk inc flu hosp,2026-05-16,quantile,0.35,1,Idaho,Ensemble
2026-04-25,16,3,wk inc flu hosp,2026-05-16,quantile,0.4,2,Idaho,Ensemble
2026-04-25,16,3,wk inc flu hosp,2026-05-16,quantile,0.45,2,Idaho,Ensemble
2026-04-25,16,3,wk inc flu hosp,2026-05-16,quantile,0.5,4,Idaho,Ensemble
2026-04-25,16,3,wk inc flu hosp,2026-05-16,quantile,0.55,5,Idaho,Ensemble
2026-04-25,16,3,wk inc flu hosp,2026-05-16,quantile,0.6,6,Idaho,Ensemble
2026-04-25,16,3,wk inc flu hosp,2026-05-16,quantile,0.65,8,Idaho,Ensemble
2026-04-25,16,3,wk inc flu hosp,2026-05-16,quantile,0.7,9,Idaho,Ensemble
2026-04-25,16,3,wk inc flu hosp,2026-05-16,quantile,0.75,10,Idaho,Ensemble
2026-04-25,16,3,wk inc flu hosp,2026-05-16,quantile,0.8,13,Idaho,Ensemble
2026-04-25,16,3,wk inc flu hosp,2026-05-16,quantile,0.85,16,Idaho,Ensemble
2026-04-25,16,3,wk inc flu hosp,2026-05-16,quantile,0.9,19,Idaho,Ensemble
2026-04-25,16,3,wk inc flu hosp,2026-05-16,quantile,0.95,31,Idaho,Ensemble
2026-04-25,16,3,wk inc flu hosp,2026-05-16,quantile,0.975,39,Idaho,Ensemble
2026-04-25,16,3,wk inc flu hosp,2026-05-16,quantile,0.99,51,Idaho,Ensemble
2026-04-25,17,0,wk inc flu hosp,2026-04-25,quantile,0.01,11,Illinois,Ensemble
2026-04-25,17,0,wk inc flu hosp,2026-04-25,quantile,0.025,14,Illinois,Ensemble
2026-04-25,17,0,wk inc flu hosp,2026-04-25,quantile,0.05,17,Illinois,Ensemble
2026-04-25,17,0,wk inc flu hosp,2026-04-25,quantile,0.1,21,Illinois,Ensemble
2026-04-25,17,0,wk inc flu hosp,2026-04-25,quantile,0.15,25,Illinois,Ensemble
2026-04-25,17,0,wk inc flu hosp,2026-04-25,quantile,0.2,29,Illinois,Ensemble
2026-04-25,17,0,wk inc flu hosp,2026-04-25,quantile,0.25,33,Illinois,Ensemble
2026-04-25,17,0,wk inc flu hosp,2026-04-25,quantile,0.3,38,Illinois,Ensemble
2026-04-25,17,0,wk inc flu hosp,2026-04-25,quantile,0.35,42,Illinois,Ensemble
2026-04-25,17,0,wk inc flu hosp,2026-04-25,quantile,0.4,47,Illinois,Ensemble
2026-04-25,17,0,wk inc flu hosp,2026-04-25,quantile,0.45,51,Illinois,Ensemble
2026-04-25,17,0,wk inc flu hosp,2026-04-25,quantile,0.5,57,Illinois,Ensemble
2026-04-25,17,0,wk inc flu hosp,2026-04-25,quantile,0.55,62,Illinois,Ensemble
2026-04-25,17,0,wk inc flu hosp,2026-04-25,quantile,0.6,66,Illinois,Ensemble
2026-04-25,17,0,wk inc flu hosp,2026-04-25,quantile,0.65,71,Illinois,Ensemble
2026-04-25,17,0,wk inc flu hosp,2026-04-25,quantile,0.7,76,Illinois,Ensemble
2026-04-25,17,0,wk inc flu hosp,2026-04-25,quantile,0.75,82,Illinois,Ensemble
2026-04-25,17,0,wk inc flu hosp,2026-04-25,quantile,0.8,89,Illinois,Ensemble
2026-04-25,17,0,wk inc flu hosp,2026-04-25,quantile,0.85,98,Illinois,Ensemble
2026-04-25,17,0,wk inc flu hosp,2026-04-25,quantile,0.9,120,Illinois,Ensemble
2026-04-25,17,0,wk inc flu hosp,2026-04-25,quantile,0.95,145,Illinois,Ensemble
2026-04-25,17,0,wk inc flu hosp,2026-04-25,quantile,0.975,165,Illinois,Ensemble
2026-04-25,17,0,wk inc flu hosp,2026-04-25,quantile,0.99,197,Illinois,Ensemble
2026-04-25,17,1,wk inc flu hosp,2026-05-02,quantile,0.01,7,Illinois,Ensemble
2026-04-25,17,1,wk inc flu hosp,2026-05-02,quantile,0.025,9,Illinois,Ensemble
2026-04-25,17,1,wk inc flu hosp,2026-05-02,quantile,0.05,11,Illinois,Ensemble
2026-04-25,17,1,wk inc flu hosp,2026-05-02,quantile,0.1,15,Illinois,Ensemble
2026-04-25,17,1,wk inc flu hosp,2026-05-02,quantile,0.15,17,Illinois,Ensemble
2026-04-25,17,1,wk inc flu hosp,2026-05-02,quantile,0.2,20,Illinois,Ensemble
2026-04-25,17,1,wk inc flu hosp,2026-05-02,quantile,0.25,23,Illinois,Ensemble
2026-04-25,17,1,wk inc flu hosp,2026-05-02,quantile,0.3,27,Illinois,Ensemble
2026-04-25,17,1,wk inc flu hosp,2026-05-02,quantile,0.35,32,Illinois,Ensemble
2026-04-25,17,1,wk inc flu hosp,2026-05-02,quantile,0.4,37,Illinois,Ensemble
2026-04-25,17,1,wk inc flu hosp,2026-05-02,quantile,0.45,41,Illinois,Ensemble
2026-04-25,17,1,wk inc flu hosp,2026-05-02,quantile,0.5,49,Illinois,Ensemble
2026-04-25,17,1,wk inc flu hosp,2026-05-02,quantile,0.55,55,Illinois,Ensemble
2026-04-25,17,1,wk inc flu hosp,2026-05-02,quantile,0.6,60,Illinois,Ensemble
2026-04-25,17,1,wk inc flu hosp,2026-05-02,quantile,0.65,67,Illinois,Ensemble
2026-04-25,17,1,wk inc flu hosp,2026-05-02,quantile,0.7,74,Illinois,Ensemble
2026-04-25,17,1,wk inc flu hosp,2026-05-02,quantile,0.75,82,Illinois,Ensemble
2026-04-25,17,1,wk inc flu hosp,2026-05-02,quantile,0.8,90,Illinois,Ensemble
2026-04-25,17,1,wk inc flu hosp,2026-05-02,quantile,0.85,105,Illinois,Ensemble
2026-04-25,17,1,wk inc flu hosp,2026-05-02,quantile,0.9,125,Illinois,Ensemble
2026-04-25,17,1,wk inc flu hosp,2026-05-02,quantile,0.95,180,Illinois,Ensemble
2026-04-25,17,1,wk inc flu hosp,2026-05-02,quantile,0.975,212,Illinois,Ensemble
2026-04-25,17,1,wk inc flu hosp,2026-05-02,quantile,0.99,256,Illinois,Ensemble
2026-04-25,17,2,wk inc flu hosp,2026-05-09,quantile,0.01,5,Illinois,Ensemble
2026-04-25,17,2,wk inc flu hosp,2026-05-09,quantile,0.025,7,Illinois,Ensemble
2026-04-25,17,2,wk inc flu hosp,2026-05-09,quantile,0.05,8,Illinois,Ensemble
2026-04-25,17,2,wk inc flu hosp,2026-05-09,quantile,0.1,10,Illinois,Ensemble
2026-04-25,17,2,wk inc flu hosp,2026-05-09,quantile,0.15,13,Illinois,Ensemble
2026-04-25,17,2,wk inc flu hosp,2026-05-09,quantile,0.2,15,Illinois,Ensemble
2026-04-25,17,2,wk inc flu hosp,2026-05-09,quantile,0.25,18,Illinois,Ensemble
2026-04-25,17,2,wk inc flu hosp,2026-05-09,quantile,0.3,21,Illinois,Ensemble
2026-04-25,17,2,wk inc flu hosp,2026-05-09,quantile,0.35,25,Illinois,Ensemble
2026-04-25,17,2,wk inc flu hosp,2026-05-09,quantile,0.4,30,Illinois,Ensemble
2026-04-25,17,2,wk inc flu hosp,2026-05-09,quantile,0.45,35,Illinois,Ensemble
2026-04-25,17,2,wk inc flu hosp,2026-05-09,quantile,0.5,43,Illinois,Ensemble
2026-04-25,17,2,wk inc flu hosp,2026-05-09,quantile,0.55,51,Illinois,Ensemble
2026-04-25,17,2,wk inc flu hosp,2026-05-09,quantile,0.6,60,Illinois,Ensemble
2026-04-25,17,2,wk inc flu hosp,2026-05-09,quantile,0.65,67,Illinois,Ensemble
2026-04-25,17,2,wk inc flu hosp,2026-05-09,quantile,0.7,76,Illinois,Ensemble
2026-04-25,17,2,wk inc flu hosp,2026-05-09,quantile,0.75,87,Illinois,Ensemble
2026-04-25,17,2,wk inc flu hosp,2026-05-09,quantile,0.8,98,Illinois,Ensemble
2026-04-25,17,2,wk inc flu hosp,2026-05-09,quantile,0.85,113,Illinois,Ensemble
2026-04-25,17,2,wk inc flu hosp,2026-05-09,quantile,0.9,149,Illinois,Ensemble
2026-04-25,17,2,wk inc flu hosp,2026-05-09,quantile,0.95,217,Illinois,Ensemble
2026-04-25,17,2,wk inc flu hosp,2026-05-09,quantile,0.975,261,Illinois,Ensemble
2026-04-25,17,2,wk inc flu hosp,2026-05-09,quantile,0.99,315,Illinois,Ensemble
2026-04-25,17,3,wk inc flu hosp,2026-05-16,quantile,0.01,4,Illinois,Ensemble
2026-04-25,17,3,wk inc flu hosp,2026-05-16,quantile,0.025,5,Illinois,Ensemble
2026-04-25,17,3,wk inc flu hosp,2026-05-16,quantile,0.05,7,Illinois,Ensemble
2026-04-25,17,3,wk inc flu hosp,2026-05-16,quantile,0.1,9,Illinois,Ensemble
2026-04-25,17,3,wk inc flu hosp,2026-05-16,quantile,0.15,11,Illinois,Ensemble
2026-04-25,17,3,wk inc flu hosp,2026-05-16,quantile,0.2,13,Illinois,Ensemble
2026-04-25,17,3,wk inc flu hosp,2026-05-16,quantile,0.25,15,Illinois,Ensemble
2026-04-25,17,3,wk inc flu hosp,2026-05-16,quantile,0.3,18,Illinois,Ensemble
2026-04-25,17,3,wk inc flu hosp,2026-05-16,quantile,0.35,22,Illinois,Ensemble
2026-04-25,17,3,wk inc flu hosp,2026-05-16,quantile,0.4,26,Illinois,Ensemble
2026-04-25,17,3,wk inc flu hosp,2026-05-16,quantile,0.45,31,Illinois,Ensemble
2026-04-25,17,3,wk inc flu hosp,2026-05-16,quantile,0.5,39,Illinois,Ensemble
2026-04-25,17,3,wk inc flu hosp,2026-05-16,quantile,0.55,48,Illinois,Ensemble
2026-04-25,17,3,wk inc flu hosp,2026-05-16,quantile,0.6,58,Illinois,Ensemble
2026-04-25,17,3,wk inc flu hosp,2026-05-16,quantile,0.65,66,Illinois,Ensemble
2026-04-25,17,3,wk inc flu hosp,2026-05-16,quantile,0.7,75,Illinois,Ensemble
2026-04-25,17,3,wk inc flu hosp,2026-05-16,quantile,0.75,86,Illinois,Ensemble
2026-04-25,17,3,wk inc flu hosp,2026-05-16,quantile,0.8,99,Illinois,Ensemble
2026-04-25,17,3,wk inc flu hosp,2026-05-16,quantile,0.85,118,Illinois,Ensemble
2026-04-25,17,3,wk inc flu hosp,2026-05-16,quantile,0.9,160,Illinois,Ensemble
2026-04-25,17,3,wk inc flu hosp,2026-05-16,quantile,0.95,229,Illinois,Ensemble
2026-04-25,17,3,wk inc flu hosp,2026-05-16,quantile,0.975,273,Illinois,Ensemble
2026-04-25,17,3,wk inc flu hosp,2026-05-16,quantile,0.99,337,Illinois,Ensemble
2026-04-25,18,0,wk inc flu hosp,2026-04-25,quantile,0.01,4,Indiana,Ensemble
2026-04-25,18,0,wk inc flu hosp,2026-04-25,quantile,0.025,6,Indiana,Ensemble
2026-04-25,18,0,wk inc flu hosp,2026-04-25,quantile,0.05,7,Indiana,Ensemble
2026-04-25,18,0,wk inc flu hosp,2026-04-25,quantile,0.1,9,Indiana,Ensemble
2026-04-25,18,0,wk inc flu hosp,2026-04-25,quantile,0.15,11,Indiana,Ensemble
2026-04-25,18,0,wk inc flu hosp,2026-04-25,quantile,0.2,13,Indiana,Ensemble
2026-04-25,18,0,wk inc flu hosp,2026-04-25,quantile,0.25,15,Indiana,Ensemble
2026-04-25,18,0,wk inc flu hosp,2026-04-25,quantile,0.3,17,Indiana,Ensemble
2026-04-25,18,0,wk inc flu hosp,2026-04-25,quantile,0.35,20,Indiana,Ensemble
2026-04-25,18,0,wk inc flu hosp,2026-04-25,quantile,0.4,22,Indiana,Ensemble
2026-04-25,18,0,wk inc flu hosp,2026-04-25,quantile,0.45,24,Indiana,Ensemble
2026-04-25,18,0,wk inc flu hosp,2026-04-25,quantile,0.5,28,Indiana,Ensemble
2026-04-25,18,0,wk inc flu hosp,2026-04-25,quantile,0.55,31,Indiana,Ensemble
2026-04-25,18,0,wk inc flu hosp,2026-04-25,quantile,0.6,33,Indiana,Ensemble
2026-04-25,18,0,wk inc flu hosp,2026-04-25,quantile,0.65,36,Indiana,Ensemble
2026-04-25,18,0,wk inc flu hosp,2026-04-25,quantile,0.7,39,Indiana,Ensemble
2026-04-25,18,0,wk inc flu hosp,2026-04-25,quantile,0.75,44,Indiana,Ensemble
2026-04-25,18,0,wk inc flu hosp,2026-04-25,quantile,0.8,48,Indiana,Ensemble
2026-04-25,18,0,wk inc flu hosp,2026-04-25,quantile,0.85,54,Indiana,Ensemble
2026-04-25,18,0,wk inc flu hosp,2026-04-25,quantile,0.9,61,Indiana,Ensemble
2026-04-25,18,0,wk inc flu hosp,2026-04-25,quantile,0.95,73,Indiana,Ensemble
2026-04-25,18,0,wk inc flu hosp,2026-04-25,quantile,0.975,83,Indiana,Ensemble
2026-04-25,18,0,wk inc flu hosp,2026-04-25,quantile,0.99,96,Indiana,Ensemble
2026-04-25,18,1,wk inc flu hosp,2026-05-02,quantile,0.01,2,Indiana,Ensemble
2026-04-25,18,1,wk inc flu hosp,2026-05-02,quantile,0.025,4,Indiana,Ensemble
2026-04-25,18,1,wk inc flu hosp,2026-05-02,quantile,0.05,4,Indiana,Ensemble
2026-04-25,18,1,wk inc flu hosp,2026-05-02,quantile,0.1,6,Indiana,Ensemble
2026-04-25,18,1,wk inc flu hosp,2026-05-02,quantile,0.15,7,Indiana,Ensemble
2026-04-25,18,1,wk inc flu hosp,2026-05-02,quantile,0.2,8,Indiana,Ensemble
2026-04-25,18,1,wk inc flu hosp,2026-05-02,quantile,0.25,10,Indiana,Ensemble
2026-04-25,18,1,wk inc flu hosp,2026-05-02,quantile,0.3,12,Indiana,Ensemble
2026-04-25,18,1,wk inc flu hosp,2026-05-02,quantile,0.35,14,Indiana,Ensemble
2026-04-25,18,1,wk inc flu hosp,2026-05-02,quantile,0.4,17,Indiana,Ensemble
2026-04-25,18,1,wk inc flu hosp,2026-05-02,quantile,0.45,20,Indiana,Ensemble
2026-04-25,18,1,wk inc flu hosp,2026-05-02,quantile,0.5,25,Indiana,Ensemble
2026-04-25,18,1,wk inc flu hosp,2026-05-02,quantile,0.55,28,Indiana,Ensemble
2026-04-25,18,1,wk inc flu hosp,2026-05-02,quantile,0.6,32,Indiana,Ensemble
2026-04-25,18,1,wk inc flu hosp,2026-05-02,quantile,0.65,36,Indiana,Ensemble
2026-04-25,18,1,wk inc flu hosp,2026-05-02,quantile,0.7,41,Indiana,Ensemble
2026-04-25,18,1,wk inc flu hosp,2026-05-02,quantile,0.75,45,Indiana,Ensemble
2026-04-25,18,1,wk inc flu hosp,2026-05-02,quantile,0.8,52,Indiana,Ensemble
2026-04-25,18,1,wk inc flu hosp,2026-05-02,quantile,0.85,59,Indiana,Ensemble
2026-04-25,18,1,wk inc flu hosp,2026-05-02,quantile,0.9,72,Indiana,Ensemble
2026-04-25,18,1,wk inc flu hosp,2026-05-02,quantile,0.95,90,Indiana,Ensemble
2026-04-25,18,1,wk inc flu hosp,2026-05-02,quantile,0.975,104,Indiana,Ensemble
2026-04-25,18,1,wk inc flu hosp,2026-05-02,quantile,0.99,126,Indiana,Ensemble
2026-04-25,18,2,wk inc flu hosp,2026-05-09,quantile,0.01,2,Indiana,Ensemble
2026-04-25,18,2,wk inc flu hosp,2026-05-09,quantile,0.025,2,Indiana,Ensemble
2026-04-25,18,2,wk inc flu hosp,2026-05-09,quantile,0.05,3,Indiana,Ensemble
2026-04-25,18,2,wk inc flu hosp,2026-05-09,quantile,0.1,4,Indiana,Ensemble
2026-04-25,18,2,wk inc flu hosp,2026-05-09,quantile,0.15,5,Indiana,Ensemble
2026-04-25,18,2,wk inc flu hosp,2026-05-09,quantile,0.2,6,Indiana,Ensemble
2026-04-25,18,2,wk inc flu hosp,2026-05-09,quantile,0.25,8,Indiana,Ensemble
2026-04-25,18,2,wk inc flu hosp,2026-05-09,quantile,0.3,9,Indiana,Ensemble
2026-04-25,18,2,wk inc flu hosp,2026-05-09,quantile,0.35,11,Indiana,Ensemble
2026-04-25,18,2,wk inc flu hosp,2026-05-09,quantile,0.4,13,Indiana,Ensemble
2026-04-25,18,2,wk inc flu hosp,2026-05-09,quantile,0.45,16,Indiana,Ensemble
2026-04-25,18,2,wk inc flu hosp,2026-05-09,quantile,0.5,22,Indiana,Ensemble
2026-04-25,18,2,wk inc flu hosp,2026-05-09,quantile,0.55,25,Indiana,Ensemble
2026-04-25,18,2,wk inc flu hosp,2026-05-09,quantile,0.6,29,Indiana,Ensemble
2026-04-25,18,2,wk inc flu hosp,2026-05-09,quantile,0.65,34,Indiana,Ensemble
2026-04-25,18,2,wk inc flu hosp,2026-05-09,quantile,0.7,41,Indiana,Ensemble
2026-04-25,18,2,wk inc flu hosp,2026-05-09,quantile,0.75,46,Indiana,Ensemble
2026-04-25,18,2,wk inc flu hosp,2026-05-09,quantile,0.8,52,Indiana,Ensemble
2026-04-25,18,2,wk inc flu hosp,2026-05-09,quantile,0.85,63,Indiana,Ensemble
2026-04-25,18,2,wk inc flu hosp,2026-05-09,quantile,0.9,85,Indiana,Ensemble
2026-04-25,18,2,wk inc flu hosp,2026-05-09,quantile,0.95,107,Indiana,Ensemble
2026-04-25,18,2,wk inc flu hosp,2026-05-09,quantile,0.975,126,Indiana,Ensemble
2026-04-25,18,2,wk inc flu hosp,2026-05-09,quantile,0.99,158,Indiana,Ensemble
2026-04-25,18,3,wk inc flu hosp,2026-05-16,quantile,0.01,1,Indiana,Ensemble
2026-04-25,18,3,wk inc flu hosp,2026-05-16,quantile,0.025,2,Indiana,Ensemble
2026-04-25,18,3,wk inc flu hosp,2026-05-16,quantile,0.05,2,Indiana,Ensemble
2026-04-25,18,3,wk inc flu hosp,2026-05-16,quantile,0.1,3,Indiana,Ensemble
2026-04-25,18,3,wk inc flu hosp,2026-05-16,quantile,0.15,4,Indiana,Ensemble
2026-04-25,18,3,wk inc flu hosp,2026-05-16,quantile,0.2,5,Indiana,Ensemble
2026-04-25,18,3,wk inc flu hosp,2026-05-16,quantile,0.25,6,Indiana,Ensemble
2026-04-25,18,3,wk inc flu hosp,2026-05-16,quantile,0.3,7,Indiana,Ensemble
2026-04-25,18,3,wk inc flu hosp,2026-05-16,quantile,0.35,9,Indiana,Ensemble
2026-04-25,18,3,wk inc flu hosp,2026-05-16,quantile,0.4,11,Indiana,Ensemble
2026-04-25,18,3,wk inc flu hosp,2026-05-16,quantile,0.45,14,Indiana,Ensemble
2026-04-25,18,3,wk inc flu hosp,2026-05-16,quantile,0.5,20,Indiana,Ensemble
2026-04-25,18,3,wk inc flu hosp,2026-05-16,quantile,0.55,24,Indiana,Ensemble
2026-04-25,18,3,wk inc flu hosp,2026-05-16,quantile,0.6,28,Indiana,Ensemble
2026-04-25,18,3,wk inc flu hosp,2026-05-16,quantile,0.65,34,Indiana,Ensemble
2026-04-25,18,3,wk inc flu hosp,2026-05-16,quantile,0.7,40,Indiana,Ensemble
2026-04-25,18,3,wk inc flu hosp,2026-05-16,quantile,0.75,48,Indiana,Ensemble
2026-04-25,18,3,wk inc flu hosp,2026-05-16,quantile,0.8,54,Indiana,Ensemble
2026-04-25,18,3,wk inc flu hosp,2026-05-16,quantile,0.85,64,Indiana,Ensemble
2026-04-25,18,3,wk inc flu hosp,2026-05-16,quantile,0.9,82,Indiana,Ensemble
2026-04-25,18,3,wk inc flu hosp,2026-05-16,quantile,0.95,113,Indiana,Ensemble
2026-04-25,18,3,wk inc flu hosp,2026-05-16,quantile,0.975,134,Indiana,Ensemble
2026-04-25,18,3,wk inc flu hosp,2026-05-16,quantile,0.99,170,Indiana,Ensemble
2026-04-25,19,0,wk inc flu hosp,2026-04-25,quantile,0.01,1,Iowa,Ensemble
2026-04-25,19,0,wk inc flu hosp,2026-04-25,quantile,0.025,1,Iowa,Ensemble
2026-04-25,19,0,wk inc flu hosp,2026-04-25,quantile,0.05,2,Iowa,Ensemble
2026-04-25,19,0,wk inc flu hosp,2026-04-25,quantile,0.1,3,Iowa,Ensemble
2026-04-25,19,0,wk inc flu hosp,2026-04-25,quantile,0.15,3,Iowa,Ensemble
2026-04-25,19,0,wk inc flu hosp,2026-04-25,quantile,0.2,4,Iowa,Ensemble
2026-04-25,19,0,wk inc flu hosp,2026-04-25,quantile,0.25,5,Iowa,Ensemble
2026-04-25,19,0,wk inc flu hosp,2026-04-25,quantile,0.3,6,Iowa,Ensemble
2026-04-25,19,0,wk inc flu hosp,2026-04-25,quantile,0.35,6,Iowa,Ensemble
2026-04-25,19,0,wk inc flu hosp,2026-04-25,quantile,0.4,8,Iowa,Ensemble
2026-04-25,19,0,wk inc flu hosp,2026-04-25,quantile,0.45,9,Iowa,Ensemble
2026-04-25,19,0,wk inc flu hosp,2026-04-25,quantile,0.5,11,Iowa,Ensemble
2026-04-25,19,0,wk inc flu hosp,2026-04-25,quantile,0.55,12,Iowa,Ensemble
2026-04-25,19,0,wk inc flu hosp,2026-04-25,quantile,0.6,13,Iowa,Ensemble
2026-04-25,19,0,wk inc flu hosp,2026-04-25,quantile,0.65,15,Iowa,Ensemble
2026-04-25,19,0,wk inc flu hosp,2026-04-25,quantile,0.7,16,Iowa,Ensemble
2026-04-25,19,0,wk inc flu hosp,2026-04-25,quantile,0.75,18,Iowa,Ensemble
2026-04-25,19,0,wk inc flu hosp,2026-04-25,quantile,0.8,19,Iowa,Ensemble
2026-04-25,19,0,wk inc flu hosp,2026-04-25,quantile,0.85,23,Iowa,Ensemble
2026-04-25,19,0,wk inc flu hosp,2026-04-25,quantile,0.9,26,Iowa,Ensemble
2026-04-25,19,0,wk inc flu hosp,2026-04-25,quantile,0.95,33,Iowa,Ensemble
2026-04-25,19,0,wk inc flu hosp,2026-04-25,quantile,0.975,39,Iowa,Ensemble
2026-04-25,19,0,wk inc flu hosp,2026-04-25,quantile,0.99,46,Iowa,Ensemble
2026-04-25,19,1,wk inc flu hosp,2026-05-02,quantile,0.01,0,Iowa,Ensemble
2026-04-25,19,1,wk inc flu hosp,2026-05-02,quantile,0.025,0,Iowa,Ensemble
2026-04-25,19,1,wk inc flu hosp,2026-05-02,quantile,0.05,1,Iowa,Ensemble
2026-04-25,19,1,wk inc flu hosp,2026-05-02,quantile,0.1,1,Iowa,Ensemble
2026-04-25,19,1,wk inc flu hosp,2026-05-02,quantile,0.15,2,Iowa,Ensemble
2026-04-25,19,1,wk inc flu hosp,2026-05-02,quantile,0.2,3,Iowa,Ensemble
2026-04-25,19,1,wk inc flu hosp,2026-05-02,quantile,0.25,3,Iowa,Ensemble
2026-04-25,19,1,wk inc flu hosp,2026-05-02,quantile,0.3,4,Iowa,Ensemble
2026-04-25,19,1,wk inc flu hosp,2026-05-02,quantile,0.35,4,Iowa,Ensemble
2026-04-25,19,1,wk inc flu hosp,2026-05-02,quantile,0.4,5,Iowa,Ensemble
2026-04-25,19,1,wk inc flu hosp,2026-05-02,quantile,0.45,6,Iowa,Ensemble
2026-04-25,19,1,wk inc flu hosp,2026-05-02,quantile,0.5,10,Iowa,Ensemble
2026-04-25,19,1,wk inc flu hosp,2026-05-02,quantile,0.55,11,Iowa,Ensemble
2026-04-25,19,1,wk inc flu hosp,2026-05-02,quantile,0.6,13,Iowa,Ensemble
2026-04-25,19,1,wk inc flu hosp,2026-05-02,quantile,0.65,14,Iowa,Ensemble
2026-04-25,19,1,wk inc flu hosp,2026-05-02,quantile,0.7,16,Iowa,Ensemble
2026-04-25,19,1,wk inc flu hosp,2026-05-02,quantile,0.75,17,Iowa,Ensemble
2026-04-25,19,1,wk inc flu hosp,2026-05-02,quantile,0.8,20,Iowa,Ensemble
2026-04-25,19,1,wk inc flu hosp,2026-05-02,quantile,0.85,25,Iowa,Ensemble
2026-04-25,19,1,wk inc flu hosp,2026-05-02,quantile,0.9,30,Iowa,Ensemble
2026-04-25,19,1,wk inc flu hosp,2026-05-02,quantile,0.95,37,Iowa,Ensemble
2026-04-25,19,1,wk inc flu hosp,2026-05-02,quantile,0.975,44,Iowa,Ensemble
2026-04-25,19,1,wk inc flu hosp,2026-05-02,quantile,0.99,53,Iowa,Ensemble
2026-04-25,19,2,wk inc flu hosp,2026-05-09,quantile,0.01,0,Iowa,Ensemble
2026-04-25,19,2,wk inc flu hosp,2026-05-09,quantile,0.025,0,Iowa,Ensemble
2026-04-25,19,2,wk inc flu hosp,2026-05-09,quantile,0.05,0,Iowa,Ensemble
2026-04-25,19,2,wk inc flu hosp,2026-05-09,quantile,0.1,1,Iowa,Ensemble
2026-04-25,19,2,wk inc flu hosp,2026-05-09,quantile,0.15,1,Iowa,Ensemble
2026-04-25,19,2,wk inc flu hosp,2026-05-09,quantile,0.2,2,Iowa,Ensemble
2026-04-25,19,2,wk inc flu hosp,2026-05-09,quantile,0.25,2,Iowa,Ensemble
2026-04-25,19,2,wk inc flu hosp,2026-05-09,quantile,0.3,2,Iowa,Ensemble
2026-04-25,19,2,wk inc flu hosp,2026-05-09,quantile,0.35,3,Iowa,Ensemble
2026-04-25,19,2,wk inc flu hosp,2026-05-09,quantile,0.4,4,Iowa,Ensemble
2026-04-25,19,2,wk inc flu hosp,2026-05-09,quantile,0.45,5,Iowa,Ensemble
2026-04-25,19,2,wk inc flu hosp,2026-05-09,quantile,0.5,7,Iowa,Ensemble
2026-04-25,19,2,wk inc flu hosp,2026-05-09,quantile,0.55,9,Iowa,Ensemble
2026-04-25,19,2,wk inc flu hosp,2026-05-09,quantile,0.6,10,Iowa,Ensemble
2026-04-25,19,2,wk inc flu hosp,2026-05-09,quantile,0.65,12,Iowa,Ensemble
2026-04-25,19,2,wk inc flu hosp,2026-05-09,quantile,0.7,14,Iowa,Ensemble
2026-04-25,19,2,wk inc flu hosp,2026-05-09,quantile,0.75,17,Iowa,Ensemble
2026-04-25,19,2,wk inc flu hosp,2026-05-09,quantile,0.8,22,Iowa,Ensemble
2026-04-25,19,2,wk inc flu hosp,2026-05-09,quantile,0.85,26,Iowa,Ensemble
2026-04-25,19,2,wk inc flu hosp,2026-05-09,quantile,0.9,31,Iowa,Ensemble
2026-04-25,19,2,wk inc flu hosp,2026-05-09,quantile,0.95,43,Iowa,Ensemble
2026-04-25,19,2,wk inc flu hosp,2026-05-09,quantile,0.975,51,Iowa,Ensemble
2026-04-25,19,2,wk inc flu hosp,2026-05-09,quantile,0.99,62,Iowa,Ensemble
2026-04-25,19,3,wk inc flu hosp,2026-05-16,quantile,0.01,0,Iowa,Ensemble
2026-04-25,19,3,wk inc flu hosp,2026-05-16,quantile,0.025,0,Iowa,Ensemble
2026-04-25,19,3,wk inc flu hosp,2026-05-16,quantile,0.05,0,Iowa,Ensemble
2026-04-25,19,3,wk inc flu hosp,2026-05-16,quantile,0.1,0,Iowa,Ensemble
2026-04-25,19,3,wk inc flu hosp,2026-05-16,quantile,0.15,1,Iowa,Ensemble
2026-04-25,19,3,wk inc flu hosp,2026-05-16,quantile,0.2,1,Iowa,Ensemble
2026-04-25,19,3,wk inc flu hosp,2026-05-16,quantile,0.25,1,Iowa,Ensemble
2026-04-25,19,3,wk inc flu hosp,2026-05-16,quantile,0.3,2,Iowa,Ensemble
2026-04-25,19,3,wk inc flu hosp,2026-05-16,quantile,0.35,2,Iowa,Ensemble
2026-04-25,19,3,wk inc flu hosp,2026-05-16,quantile,0.4,3,Iowa,Ensemble
2026-04-25,19,3,wk inc flu hosp,2026-05-16,quantile,0.45,4,Iowa,Ensemble
2026-04-25,19,3,wk inc flu hosp,2026-05-16,quantile,0.5,6,Iowa,Ensemble
2026-04-25,19,3,wk inc flu hosp,2026-05-16,quantile,0.55,7,Iowa,Ensemble
2026-04-25,19,3,wk inc flu hosp,2026-05-16,quantile,0.6,9,Iowa,Ensemble
2026-04-25,19,3,wk inc flu hosp,2026-05-16,quantile,0.65,11,Iowa,Ensemble
2026-04-25,19,3,wk inc flu hosp,2026-05-16,quantile,0.7,13,Iowa,Ensemble
2026-04-25,19,3,wk inc flu hosp,2026-05-16,quantile,0.75,16,Iowa,Ensemble
2026-04-25,19,3,wk inc flu hosp,2026-05-16,quantile,0.8,19,Iowa,Ensemble
2026-04-25,19,3,wk inc flu hosp,2026-05-16,quantile,0.85,26,Iowa,Ensemble
2026-04-25,19,3,wk inc flu hosp,2026-05-16,quantile,0.9,35,Iowa,Ensemble
2026-04-25,19,3,wk inc flu hosp,2026-05-16,quantile,0.95,44,Iowa,Ensemble
2026-04-25,19,3,wk inc flu hosp,2026-05-16,quantile,0.975,53,Iowa,Ensemble
2026-04-25,19,3,wk inc flu hosp,2026-05-16,quantile,0.99,67,Iowa,Ensemble
2026-04-25,20,0,wk inc flu hosp,2026-04-25,quantile,0.01,0,Kansas,Ensemble
2026-04-25,20,0,wk inc flu hosp,2026-04-25,quantile,0.025,0,Kansas,Ensemble
2026-04-25,20,0,wk inc flu hosp,2026-04-25,quantile,0.05,1,Kansas,Ensemble
2026-04-25,20,0,wk inc flu hosp,2026-04-25,quantile,0.1,1,Kansas,Ensemble
2026-04-25,20,0,wk inc flu hosp,2026-04-25,quantile,0.15,1,Kansas,Ensemble
2026-04-25,20,0,wk inc flu hosp,2026-04-25,quantile,0.2,2,Kansas,Ensemble
2026-04-25,20,0,wk inc flu hosp,2026-04-25,quantile,0.25,2,Kansas,Ensemble
2026-04-25,20,0,wk inc flu hosp,2026-04-25,quantile,0.3,2,Kansas,Ensemble
2026-04-25,20,0,wk inc flu hosp,2026-04-25,quantile,0.35,3,Kansas,Ensemble
2026-04-25,20,0,wk inc flu hosp,2026-04-25,quantile,0.4,4,Kansas,Ensemble
2026-04-25,20,0,wk inc flu hosp,2026-04-25,quantile,0.45,4,Kansas,Ensemble
2026-04-25,20,0,wk inc flu hosp,2026-04-25,quantile,0.5,6,Kansas,Ensemble
2026-04-25,20,0,wk inc flu hosp,2026-04-25,quantile,0.55,7,Kansas,Ensemble
2026-04-25,20,0,wk inc flu hosp,2026-04-25,quantile,0.6,8,Kansas,Ensemble
2026-04-25,20,0,wk inc flu hosp,2026-04-25,quantile,0.65,9,Kansas,Ensemble
2026-04-25,20,0,wk inc flu hosp,2026-04-25,quantile,0.7,10,Kansas,Ensemble
2026-04-25,20,0,wk inc flu hosp,2026-04-25,quantile,0.75,11,Kansas,Ensemble
2026-04-25,20,0,wk inc flu hosp,2026-04-25,quantile,0.8,13,Kansas,Ensemble
2026-04-25,20,0,wk inc flu hosp,2026-04-25,quantile,0.85,16,Kansas,Ensemble
2026-04-25,20,0,wk inc flu hosp,2026-04-25,quantile,0.9,18,Kansas,Ensemble
2026-04-25,20,0,wk inc flu hosp,2026-04-25,quantile,0.95,23,Kansas,Ensemble
2026-04-25,20,0,wk inc flu hosp,2026-04-25,quantile,0.975,27,Kansas,Ensemble
2026-04-25,20,0,wk inc flu hosp,2026-04-25,quantile,0.99,32,Kansas,Ensemble
2026-04-25,20,1,wk inc flu hosp,2026-05-02,quantile,0.01,0,Kansas,Ensemble
2026-04-25,20,1,wk inc flu hosp,2026-05-02,quantile,0.025,0,Kansas,Ensemble
2026-04-25,20,1,wk inc flu hosp,2026-05-02,quantile,0.05,0,Kansas,Ensemble
2026-04-25,20,1,wk inc flu hosp,2026-05-02,quantile,0.1,0,Kansas,Ensemble
2026-04-25,20,1,wk inc flu hosp,2026-05-02,quantile,0.15,1,Kansas,Ensemble
2026-04-25,20,1,wk inc flu hosp,2026-05-02,quantile,0.2,1,Kansas,Ensemble
2026-04-25,20,1,wk inc flu hosp,2026-05-02,quantile,0.25,1,Kansas,Ensemble
2026-04-25,20,1,wk inc flu hosp,2026-05-02,quantile,0.3,2,Kansas,Ensemble
2026-04-25,20,1,wk inc flu hosp,2026-05-02,quantile,0.35,2,Kansas,Ensemble
2026-04-25,20,1,wk inc flu hosp,2026-05-02,quantile,0.4,2,Kansas,Ensemble
2026-04-25,20,1,wk inc flu hosp,2026-05-02,quantile,0.45,3,Kansas,Ensemble
2026-04-25,20,1,wk inc flu hosp,2026-05-02,quantile,0.5,5,Kansas,Ensemble
2026-04-25,20,1,wk inc flu hosp,2026-05-02,quantile,0.55,6,Kansas,Ensemble
2026-04-25,20,1,wk inc flu hosp,2026-05-02,quantile,0.6,7,Kansas,Ensemble
2026-04-25,20,1,wk inc flu hosp,2026-05-02,quantile,0.65,8,Kansas,Ensemble
2026-04-25,20,1,wk inc flu hosp,2026-05-02,quantile,0.7,9,Kansas,Ensemble
2026-04-25,20,1,wk inc flu hosp,2026-05-02,quantile,0.75,11,Kansas,Ensemble
2026-04-25,20,1,wk inc flu hosp,2026-05-02,quantile,0.8,13,Kansas,Ensemble
2026-04-25,20,1,wk inc flu hosp,2026-05-02,quantile,0.85,15,Kansas,Ensemble
2026-04-25,20,1,wk inc flu hosp,2026-05-02,quantile,0.9,20,Kansas,Ensemble
2026-04-25,20,1,wk inc flu hosp,2026-05-02,quantile,0.95,28,Kansas,Ensemble
2026-04-25,20,1,wk inc flu hosp,2026-05-02,quantile,0.975,32,Kansas,Ensemble
2026-04-25,20,1,wk inc flu hosp,2026-05-02,quantile,0.99,38,Kansas,Ensemble
2026-04-25,20,2,wk inc flu hosp,2026-05-09,quantile,0.01,0,Kansas,Ensemble
2026-04-25,20,2,wk inc flu hosp,2026-05-09,quantile,0.025,0,Kansas,Ensemble
2026-04-25,20,2,wk inc flu hosp,2026-05-09,quantile,0.05,0,Kansas,Ensemble
2026-04-25,20,2,wk inc flu hosp,2026-05-09,quantile,0.1,0,Kansas,Ensemble
2026-04-25,20,2,wk inc flu hosp,2026-05-09,quantile,0.15,1,Kansas,Ensemble
2026-04-25,20,2,wk inc flu hosp,2026-05-09,quantile,0.2,1,Kansas,Ensemble
2026-04-25,20,2,wk inc flu hosp,2026-05-09,quantile,0.25,1,Kansas,Ensemble
2026-04-25,20,2,wk inc flu hosp,2026-05-09,quantile,0.3,1,Kansas,Ensemble
2026-04-25,20,2,wk inc flu hosp,2026-05-09,quantile,0.35,2,Kansas,Ensemble
2026-04-25,20,2,wk inc flu hosp,2026-05-09,quantile,0.4,2,Kansas,Ensemble
2026-04-25,20,2,wk inc flu hosp,2026-05-09,quantile,0.45,3,Kansas,Ensemble
2026-04-25,20,2,wk inc flu hosp,2026-05-09,quantile,0.5,4,Kansas,Ensemble
2026-04-25,20,2,wk inc flu hosp,2026-05-09,quantile,0.55,5,Kansas,Ensemble
2026-04-25,20,2,wk inc flu hosp,2026-05-09,quantile,0.6,7,Kansas,Ensemble
2026-04-25,20,2,wk inc flu hosp,2026-05-09,quantile,0.65,9,Kansas,Ensemble
2026-04-25,20,2,wk inc flu hosp,2026-05-09,quantile,0.7,11,Kansas,Ensemble
2026-04-25,20,2,wk inc flu hosp,2026-05-09,quantile,0.75,13,Kansas,Ensemble
2026-04-25,20,2,wk inc flu hosp,2026-05-09,quantile,0.8,15,Kansas,Ensemble
2026-04-25,20,2,wk inc flu hosp,2026-05-09,quantile,0.85,19,Kansas,Ensemble
2026-04-25,20,2,wk inc flu hosp,2026-05-09,quantile,0.9,24,Kansas,Ensemble
2026-04-25,20,2,wk inc flu hosp,2026-05-09,quantile,0.95,33,Kansas,Ensemble
2026-04-25,20,2,wk inc flu hosp,2026-05-09,quantile,0.975,39,Kansas,Ensemble
2026-04-25,20,2,wk inc flu hosp,2026-05-09,quantile,0.99,48,Kansas,Ensemble
2026-04-25,20,3,wk inc flu hosp,2026-05-16,quantile,0.01,0,Kansas,Ensemble
2026-04-25,20,3,wk inc flu hosp,2026-05-16,quantile,0.025,0,Kansas,Ensemble
2026-04-25,20,3,wk inc flu hosp,2026-05-16,quantile,0.05,0,Kansas,Ensemble
2026-04-25,20,3,wk inc flu hosp,2026-05-16,quantile,0.1,0,Kansas,Ensemble
2026-04-25,20,3,wk inc flu hosp,2026-05-16,quantile,0.15,0,Kansas,Ensemble
2026-04-25,20,3,wk inc flu hosp,2026-05-16,quantile,0.2,1,Kansas,Ensemble
2026-04-25,20,3,wk inc flu hosp,2026-05-16,quantile,0.25,1,Kansas,Ensemble
2026-04-25,20,3,wk inc flu hosp,2026-05-16,quantile,0.3,1,Kansas,Ensemble
2026-04-25,20,3,wk inc flu hosp,2026-05-16,quantile,0.35,1,Kansas,Ensemble
2026-04-25,20,3,wk inc flu hosp,2026-05-16,quantile,0.4,2,Kansas,Ensemble
2026-04-25,20,3,wk inc flu hosp,2026-05-16,quantile,0.45,2,Kansas,Ensemble
2026-04-25,20,3,wk inc flu hosp,2026-05-16,quantile,0.5,4,Kansas,Ensemble
2026-04-25,20,3,wk inc flu hosp,2026-05-16,quantile,0.55,6,Kansas,Ensemble
2026-04-25,20,3,wk inc flu hosp,2026-05-16,quantile,0.6,7,Kansas,Ensemble
2026-04-25,20,3,wk inc flu hosp,2026-05-16,quantile,0.65,8,Kansas,Ensemble
2026-04-25,20,3,wk inc flu hosp,2026-05-16,quantile,0.7,10,Kansas,Ensemble
2026-04-25,20,3,wk inc flu hosp,2026-05-16,quantile,0.75,13,Kansas,Ensemble
2026-04-25,20,3,wk inc flu hosp,2026-05-16,quantile,0.8,15,Kansas,Ensemble
2026-04-25,20,3,wk inc flu hosp,2026-05-16,quantile,0.85,19,Kansas,Ensemble
2026-04-25,20,3,wk inc flu hosp,2026-05-16,quantile,0.9,24,Kansas,Ensemble
2026-04-25,20,3,wk inc flu hosp,2026-05-16,quantile,0.95,34,Kansas,Ensemble
2026-04-25,20,3,wk inc flu hosp,2026-05-16,quantile,0.975,41,Kansas,Ensemble
2026-04-25,20,3,wk inc flu hosp,2026-05-16,quantile,0.99,51,Kansas,Ensemble
2026-04-25,21,0,wk inc flu hosp,2026-04-25,quantile,0.01,2,Kentucky,Ensemble
2026-04-25,21,0,wk inc flu hosp,2026-04-25,quantile,0.025,3,Kentucky,Ensemble
2026-04-25,21,0,wk inc flu hosp,2026-04-25,quantile,0.05,4,Kentucky,Ensemble
2026-04-25,21,0,wk inc flu hosp,2026-04-25,quantile,0.1,5,Kentucky,Ensemble
2026-04-25,21,0,wk inc flu hosp,2026-04-25,quantile,0.15,6,Kentucky,Ensemble
2026-04-25,21,0,wk inc flu hosp,2026-04-25,quantile,0.2,7,Kentucky,Ensemble
2026-04-25,21,0,wk inc flu hosp,2026-04-25,quantile,0.25,8,Kentucky,Ensemble
2026-04-25,21,0,wk inc flu hosp,2026-04-25,quantile,0.3,9,Kentucky,Ensemble
2026-04-25,21,0,wk inc flu hosp,2026-04-25,quantile,0.35,11,Kentucky,Ensemble
2026-04-25,21,0,wk inc flu hosp,2026-04-25,quantile,0.4,13,Kentucky,Ensemble
2026-04-25,21,0,wk inc flu hosp,2026-04-25,quantile,0.45,14,Kentucky,Ensemble
2026-04-25,21,0,wk inc flu hosp,2026-04-25,quantile,0.5,17,Kentucky,Ensemble
2026-04-25,21,0,wk inc flu hosp,2026-04-25,quantile,0.55,19,Kentucky,Ensemble
2026-04-25,21,0,wk inc flu hosp,2026-04-25,quantile,0.6,21,Kentucky,Ensemble
2026-04-25,21,0,wk inc flu hosp,2026-04-25,quantile,0.65,23,Kentucky,Ensemble
2026-04-25,21,0,wk inc flu hosp,2026-04-25,quantile,0.7,26,Kentucky,Ensemble
2026-04-25,21,0,wk inc flu hosp,2026-04-25,quantile,0.75,28,Kentucky,Ensemble
2026-04-25,21,0,wk inc flu hosp,2026-04-25,quantile,0.8,31,Kentucky,Ensemble
2026-04-25,21,0,wk inc flu hosp,2026-04-25,quantile,0.85,35,Kentucky,Ensemble
2026-04-25,21,0,wk inc flu hosp,2026-04-25,quantile,0.9,40,Kentucky,Ensemble
2026-04-25,21,0,wk inc flu hosp,2026-04-25,quantile,0.95,55,Kentucky,Ensemble
2026-04-25,21,0,wk inc flu hosp,2026-04-25,quantile,0.975,63,Kentucky,Ensemble
2026-04-25,21,0,wk inc flu hosp,2026-04-25,quantile,0.99,77,Kentucky,Ensemble
2026-04-25,21,1,wk inc flu hosp,2026-05-02,quantile,0.01,1,Kentucky,Ensemble
2026-04-25,21,1,wk inc flu hosp,2026-05-02,quantile,0.025,2,Kentucky,Ensemble
2026-04-25,21,1,wk inc flu hosp,2026-05-02,quantile,0.05,2,Kentucky,Ensemble
2026-04-25,21,1,wk inc flu hosp,2026-05-02,quantile,0.1,3,Kentucky,Ensemble
2026-04-25,21,1,wk inc flu hosp,2026-05-02,quantile,0.15,4,Kentucky,Ensemble
2026-04-25,21,1,wk inc flu hosp,2026-05-02,quantile,0.2,5,Kentucky,Ensemble
2026-04-25,21,1,wk inc flu hosp,2026-05-02,quantile,0.25,5,Kentucky,Ensemble
2026-04-25,21,1,wk inc flu hosp,2026-05-02,quantile,0.3,6,Kentucky,Ensemble
2026-04-25,21,1,wk inc flu hosp,2026-05-02,quantile,0.35,7,Kentucky,Ensemble
2026-04-25,21,1,wk inc flu hosp,2026-05-02,quantile,0.4,8,Kentucky,Ensemble
2026-04-25,21,1,wk inc flu hosp,2026-05-02,quantile,0.45,10,Kentucky,Ensemble
2026-04-25,21,1,wk inc flu hosp,2026-05-02,quantile,0.5,14,Kentucky,Ensemble
2026-04-25,21,1,wk inc flu hosp,2026-05-02,quantile,0.55,16,Kentucky,Ensemble
2026-04-25,21,1,wk inc flu hosp,2026-05-02,quantile,0.6,18,Kentucky,Ensemble
2026-04-25,21,1,wk inc flu hosp,2026-05-02,quantile,0.65,21,Kentucky,Ensemble
2026-04-25,21,1,wk inc flu hosp,2026-05-02,quantile,0.7,24,Kentucky,Ensemble
2026-04-25,21,1,wk inc flu hosp,2026-05-02,quantile,0.75,27,Kentucky,Ensemble
2026-04-25,21,1,wk inc flu hosp,2026-05-02,quantile,0.8,31,Kentucky,Ensemble
2026-04-25,21,1,wk inc flu hosp,2026-05-02,quantile,0.85,36,Kentucky,Ensemble
2026-04-25,21,1,wk inc flu hosp,2026-05-02,quantile,0.9,50,Kentucky,Ensemble
2026-04-25,21,1,wk inc flu hosp,2026-05-02,quantile,0.95,63,Kentucky,Ensemble
2026-04-25,21,1,wk inc flu hosp,2026-05-02,quantile,0.975,77,Kentucky,Ensemble
2026-04-25,21,1,wk inc flu hosp,2026-05-02,quantile,0.99,92,Kentucky,Ensemble
2026-04-25,21,2,wk inc flu hosp,2026-05-09,quantile,0.01,1,Kentucky,Ensemble
2026-04-25,21,2,wk inc flu hosp,2026-05-09,quantile,0.025,1,Kentucky,Ensemble
2026-04-25,21,2,wk inc flu hosp,2026-05-09,quantile,0.05,2,Kentucky,Ensemble
2026-04-25,21,2,wk inc flu hosp,2026-05-09,quantile,0.1,2,Kentucky,Ensemble
2026-04-25,21,2,wk inc flu hosp,2026-05-09,quantile,0.15,3,Kentucky,Ensemble
2026-04-25,21,2,wk inc flu hosp,2026-05-09,quantile,0.2,3,Kentucky,Ensemble
2026-04-25,21,2,wk inc flu hosp,2026-05-09,quantile,0.25,4,Kentucky,Ensemble
2026-04-25,21,2,wk inc flu hosp,2026-05-09,quantile,0.3,5,Kentucky,Ensemble
2026-04-25,21,2,wk inc flu hosp,2026-05-09,quantile,0.35,6,Kentucky,Ensemble
2026-04-25,21,2,wk inc flu hosp,2026-05-09,quantile,0.4,7,Kentucky,Ensemble
2026-04-25,21,2,wk inc flu hosp,2026-05-09,quantile,0.45,9,Kentucky,Ensemble
2026-04-25,21,2,wk inc flu hosp,2026-05-09,quantile,0.5,12,Kentucky,Ensemble
2026-04-25,21,2,wk inc flu hosp,2026-05-09,quantile,0.55,15,Kentucky,Ensemble
2026-04-25,21,2,wk inc flu hosp,2026-05-09,quantile,0.6,18,Kentucky,Ensemble
2026-04-25,21,2,wk inc flu hosp,2026-05-09,quantile,0.65,21,Kentucky,Ensemble
2026-04-25,21,2,wk inc flu hosp,2026-05-09,quantile,0.7,24,Kentucky,Ensemble
2026-04-25,21,2,wk inc flu hosp,2026-05-09,quantile,0.75,28,Kentucky,Ensemble
2026-04-25,21,2,wk inc flu hosp,2026-05-09,quantile,0.8,32,Kentucky,Ensemble
2026-04-25,21,2,wk inc flu hosp,2026-05-09,quantile,0.85,41,Kentucky,Ensemble
2026-04-25,21,2,wk inc flu hosp,2026-05-09,quantile,0.9,52,Kentucky,Ensemble
2026-04-25,21,2,wk inc flu hosp,2026-05-09,quantile,0.95,73,Kentucky,Ensemble
2026-04-25,21,2,wk inc flu hosp,2026-05-09,quantile,0.975,90,Kentucky,Ensemble
2026-04-25,21,2,wk inc flu hosp,2026-05-09,quantile,0.99,111,Kentucky,Ensemble
2026-04-25,21,3,wk inc flu hosp,2026-05-16,quantile,0.01,0,Kentucky,Ensemble
2026-04-25,21,3,wk inc flu hosp,2026-05-16,quantile,0.025,1,Kentucky,Ensemble
2026-04-25,21,3,wk inc flu hosp,2026-05-16,quantile,0.05,1,Kentucky,Ensemble
2026-04-25,21,3,wk inc flu hosp,2026-05-16,quantile,0.1,2,Kentucky,Ensemble
2026-04-25,21,3,wk inc flu hosp,2026-05-16,quantile,0.15,2,Kentucky,Ensemble
2026-04-25,21,3,wk inc flu hosp,2026-05-16,quantile,0.2,3,Kentucky,Ensemble
2026-04-25,21,3,wk inc flu hosp,2026-05-16,quantile,0.25,3,Kentucky,Ensemble
2026-04-25,21,3,wk inc flu hosp,2026-05-16,quantile,0.3,4,Kentucky,Ensemble
2026-04-25,21,3,wk inc flu hosp,2026-05-16,quantile,0.35,5,Kentucky,Ensemble
2026-04-25,21,3,wk inc flu hosp,2026-05-16,quantile,0.4,6,Kentucky,Ensemble
2026-04-25,21,3,wk inc flu hosp,2026-05-16,quantile,0.45,7,Kentucky,Ensemble
2026-04-25,21,3,wk inc flu hosp,2026-05-16,quantile,0.5,11,Kentucky,Ensemble
2026-04-25,21,3,wk inc flu hosp,2026-05-16,quantile,0.55,14,Kentucky,Ensemble
2026-04-25,21,3,wk inc flu hosp,2026-05-16,quantile,0.6,17,Kentucky,Ensemble
2026-04-25,21,3,wk inc flu hosp,2026-05-16,quantile,0.65,20,Kentucky,Ensemble
2026-04-25,21,3,wk inc flu hosp,2026-05-16,quantile,0.7,24,Kentucky,Ensemble
2026-04-25,21,3,wk inc flu hosp,2026-05-16,quantile,0.75,29,Kentucky,Ensemble
2026-04-25,21,3,wk inc flu hosp,2026-05-16,quantile,0.8,33,Kentucky,Ensemble
2026-04-25,21,3,wk inc flu hosp,2026-05-16,quantile,0.85,40,Kentucky,Ensemble
2026-04-25,21,3,wk inc flu hosp,2026-05-16,quantile,0.9,53,Kentucky,Ensemble
2026-04-25,21,3,wk inc flu hosp,2026-05-16,quantile,0.95,77,Kentucky,Ensemble
2026-04-25,21,3,wk inc flu hosp,2026-05-16,quantile,0.975,94,Kentucky,Ensemble
2026-04-25,21,3,wk inc flu hosp,2026-05-16,quantile,0.99,116,Kentucky,Ensemble
2026-04-25,22,0,wk inc flu hosp,2026-04-25,quantile,0.01,3,Louisiana,Ensemble
2026-04-25,22,0,wk inc flu hosp,2026-04-25,quantile,0.025,4,Louisiana,Ensemble
2026-04-25,22,0,wk inc flu hosp,2026-04-25,quantile,0.05,4,Louisiana,Ensemble
2026-04-25,22,0,wk inc flu hosp,2026-04-25,quantile,0.1,6,Louisiana,Ensemble
2026-04-25,22,0,wk inc flu hosp,2026-04-25,quantile,0.15,7,Louisiana,Ensemble
2026-04-25,22,0,wk inc flu hosp,2026-04-25,quantile,0.2,9,Louisiana,Ensemble
2026-04-25,22,0,wk inc flu hosp,2026-04-25,quantile,0.25,10,Louisiana,Ensemble
2026-04-25,22,0,wk inc flu hosp,2026-04-25,quantile,0.3,11,Louisiana,Ensemble
2026-04-25,22,0,wk inc flu hosp,2026-04-25,quantile,0.35,13,Louisiana,Ensemble
2026-04-25,22,0,wk inc flu hosp,2026-04-25,quantile,0.4,14,Louisiana,Ensemble
2026-04-25,22,0,wk inc flu hosp,2026-04-25,quantile,0.45,16,Louisiana,Ensemble
2026-04-25,22,0,wk inc flu hosp,2026-04-25,quantile,0.5,19,Louisiana,Ensemble
2026-04-25,22,0,wk inc flu hosp,2026-04-25,quantile,0.55,21,Louisiana,Ensemble
2026-04-25,22,0,wk inc flu hosp,2026-04-25,quantile,0.6,23,Louisiana,Ensemble
2026-04-25,22,0,wk inc flu hosp,2026-04-25,quantile,0.65,25,Louisiana,Ensemble
2026-04-25,22,0,wk inc flu hosp,2026-04-25,quantile,0.7,28,Louisiana,Ensemble
2026-04-25,22,0,wk inc flu hosp,2026-04-25,quantile,0.75,30,Louisiana,Ensemble
2026-04-25,22,0,wk inc flu hosp,2026-04-25,quantile,0.8,33,Louisiana,Ensemble
2026-04-25,22,0,wk inc flu hosp,2026-04-25,quantile,0.85,39,Louisiana,Ensemble
2026-04-25,22,0,wk inc flu hosp,2026-04-25,quantile,0.9,43,Louisiana,Ensemble
2026-04-25,22,0,wk inc flu hosp,2026-04-25,quantile,0.95,53,Louisiana,Ensemble
2026-04-25,22,0,wk inc flu hosp,2026-04-25,quantile,0.975,61,Louisiana,Ensemble
2026-04-25,22,0,wk inc flu hosp,2026-04-25,quantile,0.99,70,Louisiana,Ensemble
2026-04-25,22,1,wk inc flu hosp,2026-05-02,quantile,0.01,2,Louisiana,Ensemble
2026-04-25,22,1,wk inc flu hosp,2026-05-02,quantile,0.025,2,Louisiana,Ensemble
2026-04-25,22,1,wk inc flu hosp,2026-05-02,quantile,0.05,3,Louisiana,Ensemble
2026-04-25,22,1,wk inc flu hosp,2026-05-02,quantile,0.1,4,Louisiana,Ensemble
2026-04-25,22,1,wk inc flu hosp,2026-05-02,quantile,0.15,5,Louisiana,Ensemble
2026-04-25,22,1,wk inc flu hosp,2026-05-02,quantile,0.2,6,Louisiana,Ensemble
2026-04-25,22,1,wk inc flu hosp,2026-05-02,quantile,0.25,7,Louisiana,Ensemble
2026-04-25,22,1,wk inc flu hosp,2026-05-02,quantile,0.3,8,Louisiana,Ensemble
2026-04-25,22,1,wk inc flu hosp,2026-05-02,quantile,0.35,9,Louisiana,Ensemble
2026-04-25,22,1,wk inc flu hosp,2026-05-02,quantile,0.4,11,Louisiana,Ensemble
2026-04-25,22,1,wk inc flu hosp,2026-05-02,quantile,0.45,13,Louisiana,Ensemble
2026-04-25,22,1,wk inc flu hosp,2026-05-02,quantile,0.5,16,Louisiana,Ensemble
2026-04-25,22,1,wk inc flu hosp,2026-05-02,quantile,0.55,19,Louisiana,Ensemble
2026-04-25,22,1,wk inc flu hosp,2026-05-02,quantile,0.6,21,Louisiana,Ensemble
2026-04-25,22,1,wk inc flu hosp,2026-05-02,quantile,0.65,24,Louisiana,Ensemble
2026-04-25,22,1,wk inc flu hosp,2026-05-02,quantile,0.7,26,Louisiana,Ensemble
2026-04-25,22,1,wk inc flu hosp,2026-05-02,quantile,0.75,29,Louisiana,Ensemble
2026-04-25,22,1,wk inc flu hosp,2026-05-02,quantile,0.8,33,Louisiana,Ensemble
2026-04-25,22,1,wk inc flu hosp,2026-05-02,quantile,0.85,40,Louisiana,Ensemble
2026-04-25,22,1,wk inc flu hosp,2026-05-02,quantile,0.9,45,Louisiana,Ensemble
2026-04-25,22,1,wk inc flu hosp,2026-05-02,quantile,0.95,55,Louisiana,Ensemble
2026-04-25,22,1,wk inc flu hosp,2026-05-02,quantile,0.975,72,Louisiana,Ensemble
2026-04-25,22,1,wk inc flu hosp,2026-05-02,quantile,0.99,83,Louisiana,Ensemble
2026-04-25,22,2,wk inc flu hosp,2026-05-09,quantile,0.01,1,Louisiana,Ensemble
2026-04-25,22,2,wk inc flu hosp,2026-05-09,quantile,0.025,2,Louisiana,Ensemble
2026-04-25,22,2,wk inc flu hosp,2026-05-09,quantile,0.05,3,Louisiana,Ensemble
2026-04-25,22,2,wk inc flu hosp,2026-05-09,quantile,0.1,4,Louisiana,Ensemble
2026-04-25,22,2,wk inc flu hosp,2026-05-09,quantile,0.15,5,Louisiana,Ensemble
2026-04-25,22,2,wk inc flu hosp,2026-05-09,quantile,0.2,6,Louisiana,Ensemble
2026-04-25,22,2,wk inc flu hosp,2026-05-09,quantile,0.25,7,Louisiana,Ensemble
2026-04-25,22,2,wk inc flu hosp,2026-05-09,quantile,0.3,8,Louisiana,Ensemble
2026-04-25,22,2,wk inc flu hosp,2026-05-09,quantile,0.35,9,Louisiana,Ensemble
2026-04-25,22,2,wk inc flu hosp,2026-05-09,quantile,0.4,10,Louisiana,Ensemble
2026-04-25,22,2,wk inc flu hosp,2026-05-09,quantile,0.45,12,Louisiana,Ensemble
2026-04-25,22,2,wk inc flu hosp,2026-05-09,quantile,0.5,16,Louisiana,Ensemble
2026-04-25,22,2,wk inc flu hosp,2026-05-09,quantile,0.55,18,Louisiana,Ensemble
2026-04-25,22,2,wk inc flu hosp,2026-05-09,quantile,0.6,21,Louisiana,Ensemble
2026-04-25,22,2,wk inc flu hosp,2026-05-09,quantile,0.65,24,Louisiana,Ensemble
2026-04-25,22,2,wk inc flu hosp,2026-05-09,quantile,0.7,27,Louisiana,Ensemble
2026-04-25,22,2,wk inc flu hosp,2026-05-09,quantile,0.75,32,Louisiana,Ensemble
2026-04-25,22,2,wk inc flu hosp,2026-05-09,quantile,0.8,38,Louisiana,Ensemble
2026-04-25,22,2,wk inc flu hosp,2026-05-09,quantile,0.85,42,Louisiana,Ensemble
2026-04-25,22,2,wk inc flu hosp,2026-05-09,quantile,0.9,52,Louisiana,Ensemble
2026-04-25,22,2,wk inc flu hosp,2026-05-09,quantile,0.95,63,Louisiana,Ensemble
2026-04-25,22,2,wk inc flu hosp,2026-05-09,quantile,0.975,77,Louisiana,Ensemble
2026-04-25,22,2,wk inc flu hosp,2026-05-09,quantile,0.99,94,Louisiana,Ensemble
2026-04-25,22,3,wk inc flu hosp,2026-05-16,quantile,0.01,1,Louisiana,Ensemble
2026-04-25,22,3,wk inc flu hosp,2026-05-16,quantile,0.025,2,Louisiana,Ensemble
2026-04-25,22,3,wk inc flu hosp,2026-05-16,quantile,0.05,2,Louisiana,Ensemble
2026-04-25,22,3,wk inc flu hosp,2026-05-16,quantile,0.1,3,Louisiana,Ensemble
2026-04-25,22,3,wk inc flu hosp,2026-05-16,quantile,0.15,4,Louisiana,Ensemble
2026-04-25,22,3,wk inc flu hosp,2026-05-16,quantile,0.2,5,Louisiana,Ensemble
2026-04-25,22,3,wk inc flu hosp,2026-05-16,quantile,0.25,6,Louisiana,Ensemble
2026-04-25,22,3,wk inc flu hosp,2026-05-16,quantile,0.3,7,Louisiana,Ensemble
2026-04-25,22,3,wk inc flu hosp,2026-05-16,quantile,0.35,8,Louisiana,Ensemble
2026-04-25,22,3,wk inc flu hosp,2026-05-16,quantile,0.4,9,Louisiana,Ensemble
2026-04-25,22,3,wk inc flu hosp,2026-05-16,quantile,0.45,10,Louisiana,Ensemble
2026-04-25,22,3,wk inc flu hosp,2026-05-16,quantile,0.5,14,Louisiana,Ensemble
2026-04-25,22,3,wk inc flu hosp,2026-05-16,quantile,0.55,16,Louisiana,Ensemble
2026-04-25,22,3,wk inc flu hosp,2026-05-16,quantile,0.6,20,Louisiana,Ensemble
2026-04-25,22,3,wk inc flu hosp,2026-05-16,quantile,0.65,23,Louisiana,Ensemble
2026-04-25,22,3,wk inc flu hosp,2026-05-16,quantile,0.7,28,Louisiana,Ensemble
2026-04-25,22,3,wk inc flu hosp,2026-05-16,quantile,0.75,33,Louisiana,Ensemble
2026-04-25,22,3,wk inc flu hosp,2026-05-16,quantile,0.8,38,Louisiana,Ensemble
2026-04-25,22,3,wk inc flu hosp,2026-05-16,quantile,0.85,43,Louisiana,Ensemble
2026-04-25,22,3,wk inc flu hosp,2026-05-16,quantile,0.9,52,Louisiana,Ensemble
2026-04-25,22,3,wk inc flu hosp,2026-05-16,quantile,0.95,67,Louisiana,Ensemble
2026-04-25,22,3,wk inc flu hosp,2026-05-16,quantile,0.975,79,Louisiana,Ensemble
2026-04-25,22,3,wk inc flu hosp,2026-05-16,quantile,0.99,97,Louisiana,Ensemble
2026-04-25,23,0,wk inc flu hosp,2026-04-25,quantile,0.01,0,Maine,Ensemble
2026-04-25,23,0,wk inc flu hosp,2026-04-25,quantile,0.025,0,Maine,Ensemble
2026-04-25,23,0,wk inc flu hosp,2026-04-25,quantile,0.05,0,Maine,Ensemble
2026-04-25,23,0,wk inc flu hosp,2026-04-25,quantile,0.1,0,Maine,Ensemble
2026-04-25,23,0,wk inc flu hosp,2026-04-25,quantile,0.15,0,Maine,Ensemble
2026-04-25,23,0,wk inc flu hosp,2026-04-25,quantile,0.2,0,Maine,Ensemble
2026-04-25,23,0,wk inc flu hosp,2026-04-25,quantile,0.25,1,Maine,Ensemble
2026-04-25,23,0,wk inc flu hosp,2026-04-25,quantile,0.3,1,Maine,Ensemble
2026-04-25,23,0,wk inc flu hosp,2026-04-25,quantile,0.35,1,Maine,Ensemble
2026-04-25,23,0,wk inc flu hosp,2026-04-25,quantile,0.4,1,Maine,Ensemble
2026-04-25,23,0,wk inc flu hosp,2026-04-25,quantile,0.45,2,Maine,Ensemble
2026-04-25,23,0,wk inc flu hosp,2026-04-25,quantile,0.5,3,Maine,Ensemble
2026-04-25,23,0,wk inc flu hosp,2026-04-25,quantile,0.55,4,Maine,Ensemble
2026-04-25,23,0,wk inc flu hosp,2026-04-25,quantile,0.6,4,Maine,Ensemble
2026-04-25,23,0,wk inc flu hosp,2026-04-25,quantile,0.65,5,Maine,Ensemble
2026-04-25,23,0,wk inc flu hosp,2026-04-25,quantile,0.7,6,Maine,Ensemble
2026-04-25,23,0,wk inc flu hosp,2026-04-25,quantile,0.75,6,Maine,Ensemble
2026-04-25,23,0,wk inc flu hosp,2026-04-25,quantile,0.8,7,Maine,Ensemble
2026-04-25,23,0,wk inc flu hosp,2026-04-25,quantile,0.85,9,Maine,Ensemble
2026-04-25,23,0,wk inc flu hosp,2026-04-25,quantile,0.9,10,Maine,Ensemble
2026-04-25,23,0,wk inc flu hosp,2026-04-25,quantile,0.95,15,Maine,Ensemble
2026-04-25,23,0,wk inc flu hosp,2026-04-25,quantile,0.975,17,Maine,Ensemble
2026-04-25,23,0,wk inc flu hosp,2026-04-25,quantile,0.99,21,Maine,Ensemble
2026-04-25,23,1,wk inc flu hosp,2026-05-02,quantile,0.01,0,Maine,Ensemble
2026-04-25,23,1,wk inc flu hosp,2026-05-02,quantile,0.025,0,Maine,Ensemble
2026-04-25,23,1,wk inc flu hosp,2026-05-02,quantile,0.05,0,Maine,Ensemble
2026-04-25,23,1,wk inc flu hosp,2026-05-02,quantile,0.1,0,Maine,Ensemble
2026-04-25,23,1,wk inc flu hosp,2026-05-02,quantile,0.15,0,Maine,Ensemble
2026-04-25,23,1,wk inc flu hosp,2026-05-02,quantile,0.2,0,Maine,Ensemble
2026-04-25,23,1,wk inc flu hosp,2026-05-02,quantile,0.25,0,Maine,Ensemble
2026-04-25,23,1,wk inc flu hosp,2026-05-02,quantile,0.3,0,Maine,Ensemble
2026-04-25,23,1,wk inc flu hosp,2026-05-02,quantile,0.35,1,Maine,Ensemble
2026-04-25,23,1,wk inc flu hosp,2026-05-02,quantile,0.4,1,Maine,Ensemble
2026-04-25,23,1,wk inc flu hosp,2026-05-02,quantile,0.45,1,Maine,Ensemble
2026-04-25,23,1,wk inc flu hosp,2026-05-02,quantile,0.5,3,Maine,Ensemble
2026-04-25,23,1,wk inc flu hosp,2026-05-02,quantile,0.55,3,Maine,Ensemble
2026-04-25,23,1,wk inc flu hosp,2026-05-02,quantile,0.6,4,Maine,Ensemble
2026-04-25,23,1,wk inc flu hosp,2026-05-02,quantile,0.65,5,Maine,Ensemble
2026-04-25,23,1,wk inc flu hosp,2026-05-02,quantile,0.7,5,Maine,Ensemble
2026-04-25,23,1,wk inc flu hosp,2026-05-02,quantile,0.75,6,Maine,Ensemble
2026-04-25,23,1,wk inc flu hosp,2026-05-02,quantile,0.8,8,Maine,Ensemble
2026-04-25,23,1,wk inc flu hosp,2026-05-02,quantile,0.85,9,Maine,Ensemble
2026-04-25,23,1,wk inc flu hosp,2026-05-02,quantile,0.9,13,Maine,Ensemble
2026-04-25,23,1,wk inc flu hosp,2026-05-02,quantile,0.95,18,Maine,Ensemble
2026-04-25,23,1,wk inc flu hosp,2026-05-02,quantile,0.975,21,Maine,Ensemble
2026-04-25,23,1,wk inc flu hosp,2026-05-02,quantile,0.99,26,Maine,Ensemble
2026-04-25,23,2,wk inc flu hosp,2026-05-09,quantile,0.01,0,Maine,Ensemble
2026-04-25,23,2,wk inc flu hosp,2026-05-09,quantile,0.025,0,Maine,Ensemble
2026-04-25,23,2,wk inc flu hosp,2026-05-09,quantile,0.05,0,Maine,Ensemble
2026-04-25,23,2,wk inc flu hosp,2026-05-09,quantile,0.1,0,Maine,Ensemble
2026-04-25,23,2,wk inc flu hosp,2026-05-09,quantile,0.15,0,Maine,Ensemble
2026-04-25,23,2,wk inc flu hosp,2026-05-09,quantile,0.2,0,Maine,Ensemble
2026-04-25,23,2,wk inc flu hosp,2026-05-09,quantile,0.25,0,Maine,Ensemble
2026-04-25,23,2,wk inc flu hosp,2026-05-09,quantile,0.3,0,Maine,Ensemble
2026-04-25,23,2,wk inc flu hosp,2026-05-09,quantile,0.35,1,Maine,Ensemble
2026-04-25,23,2,wk inc flu hosp,2026-05-09,quantile,0.4,1,Maine,Ensemble
2026-04-25,23,2,wk inc flu hosp,2026-05-09,quantile,0.45,1,Maine,Ensemble
2026-04-25,23,2,wk inc flu hosp,2026-05-09,quantile,0.5,3,Maine,Ensemble
2026-04-25,23,2,wk inc flu hosp,2026-05-09,quantile,0.55,3,Maine,Ensemble
2026-04-25,23,2,wk inc flu hosp,2026-05-09,quantile,0.6,4,Maine,Ensemble
2026-04-25,23,2,wk inc flu hosp,2026-05-09,quantile,0.65,4,Maine,Ensemble
2026-04-25,23,2,wk inc flu hosp,2026-05-09,quantile,0.7,5,Maine,Ensemble
2026-04-25,23,2,wk inc flu hosp,2026-05-09,quantile,0.75,6,Maine,Ensemble
2026-04-25,23,2,wk inc flu hosp,2026-05-09,quantile,0.8,8,Maine,Ensemble
2026-04-25,23,2,wk inc flu hosp,2026-05-09,quantile,0.85,10,Maine,Ensemble
2026-04-25,23,2,wk inc flu hosp,2026-05-09,quantile,0.9,13,Maine,Ensemble
2026-04-25,23,2,wk inc flu hosp,2026-05-09,quantile,0.95,19,Maine,Ensemble
2026-04-25,23,2,wk inc flu hosp,2026-05-09,quantile,0.975,23,Maine,Ensemble
2026-04-25,23,2,wk inc flu hosp,2026-05-09,quantile,0.99,29,Maine,Ensemble
2026-04-25,23,3,wk inc flu hosp,2026-05-16,quantile,0.01,0,Maine,Ensemble
2026-04-25,23,3,wk inc flu hosp,2026-05-16,quantile,0.025,0,Maine,Ensemble
2026-04-25,23,3,wk inc flu hosp,2026-05-16,quantile,0.05,0,Maine,Ensemble
2026-04-25,23,3,wk inc flu hosp,2026-05-16,quantile,0.1,0,Maine,Ensemble
2026-04-25,23,3,wk inc flu hosp,2026-05-16,quantile,0.15,0,Maine,Ensemble
2026-04-25,23,3,wk inc flu hosp,2026-05-16,quantile,0.2,0,Maine,Ensemble
2026-04-25,23,3,wk inc flu hosp,2026-05-16,quantile,0.25,0,Maine,Ensemble
2026-04-25,23,3,wk inc flu hosp,2026-05-16,quantile,0.3,0,Maine,Ensemble
2026-04-25,23,3,wk inc flu hosp,2026-05-16,quantile,0.35,0,Maine,Ensemble
2026-04-25,23,3,wk inc flu hosp,2026-05-16,quantile,0.4,1,Maine,Ensemble
2026-04-25,23,3,wk inc flu hosp,2026-05-16,quantile,0.45,1,Maine,Ensemble
2026-04-25,23,3,wk inc flu hosp,2026-05-16,quantile,0.5,2,Maine,Ensemble
2026-04-25,23,3,wk inc flu hosp,2026-05-16,quantile,0.55,3,Maine,Ensemble
2026-04-25,23,3,wk inc flu hosp,2026-05-16,quantile,0.6,3,Maine,Ensemble
2026-04-25,23,3,wk inc flu hosp,2026-05-16,quantile,0.65,4,Maine,Ensemble
2026-04-25,23,3,wk inc flu hosp,2026-05-16,quantile,0.7,5,Maine,Ensemble
2026-04-25,23,3,wk inc flu hosp,2026-05-16,quantile,0.75,6,Maine,Ensemble
2026-04-25,23,3,wk inc flu hosp,2026-05-16,quantile,0.8,8,Maine,Ensemble
2026-04-25,23,3,wk inc flu hosp,2026-05-16,quantile,0.85,11,Maine,Ensemble
2026-04-25,23,3,wk inc flu hosp,2026-05-16,quantile,0.9,15,Maine,Ensemble
2026-04-25,23,3,wk inc flu hosp,2026-05-16,quantile,0.95,20,Maine,Ensemble
2026-04-25,23,3,wk inc flu hosp,2026-05-16,quantile,0.975,24,Maine,Ensemble
2026-04-25,23,3,wk inc flu hosp,2026-05-16,quantile,0.99,31,Maine,Ensemble
2026-04-25,24,0,wk inc flu hosp,2026-04-25,quantile,0.01,0,Maryland,Ensemble
2026-04-25,24,0,wk inc flu hosp,2026-04-25,quantile,0.025,0,Maryland,Ensemble
2026-04-25,24,0,wk inc flu hosp,2026-04-25,quantile,0.05,1,Maryland,Ensemble
2026-04-25,24,0,wk inc flu hosp,2026-04-25,quantile,0.1,1,Maryland,Ensemble
2026-04-25,24,0,wk inc flu hosp,2026-04-25,quantile,0.15,2,Maryland,Ensemble
2026-04-25,24,0,wk inc flu hosp,2026-04-25,quantile,0.2,2,Maryland,Ensemble
2026-04-25,24,0,wk inc flu hosp,2026-04-25,quantile,0.25,3,Maryland,Ensemble
2026-04-25,24,0,wk inc flu hosp,2026-04-25,quantile,0.3,3,Maryland,Ensemble
2026-04-25,24,0,wk inc flu hosp,2026-04-25,quantile,0.35,3,Maryland,Ensemble
2026-04-25,24,0,wk inc flu hosp,2026-04-25,quantile,0.4,4,Maryland,Ensemble
2026-04-25,24,0,wk inc flu hosp,2026-04-25,quantile,0.45,5,Maryland,Ensemble
2026-04-25,24,0,wk inc flu hosp,2026-04-25,quantile,0.5,7,Maryland,Ensemble
2026-04-25,24,0,wk inc flu hosp,2026-04-25,quantile,0.55,8,Maryland,Ensemble
2026-04-25,24,0,wk inc flu hosp,2026-04-25,quantile,0.6,9,Maryland,Ensemble
2026-04-25,24,0,wk inc flu hosp,2026-04-25,quantile,0.65,10,Maryland,Ensemble
2026-04-25,24,0,wk inc flu hosp,2026-04-25,quantile,0.7,11,Maryland,Ensemble
2026-04-25,24,0,wk inc flu hosp,2026-04-25,quantile,0.75,12,Maryland,Ensemble
2026-04-25,24,0,wk inc flu hosp,2026-04-25,quantile,0.8,15,Maryland,Ensemble
2026-04-25,24,0,wk inc flu hosp,2026-04-25,quantile,0.85,18,Maryland,Ensemble
2026-04-25,24,0,wk inc flu hosp,2026-04-25,quantile,0.9,23,Maryland,Ensemble
2026-04-25,24,0,wk inc flu hosp,2026-04-25,quantile,0.95,30,Maryland,Ensemble
2026-04-25,24,0,wk inc flu hosp,2026-04-25,quantile,0.975,38,Maryland,Ensemble
2026-04-25,24,0,wk inc flu hosp,2026-04-25,quantile,0.99,48,Maryland,Ensemble
2026-04-25,24,1,wk inc flu hosp,2026-05-02,quantile,0.01,0,Maryland,Ensemble
2026-04-25,24,1,wk inc flu hosp,2026-05-02,quantile,0.025,0,Maryland,Ensemble
2026-04-25,24,1,wk inc flu hosp,2026-05-02,quantile,0.05,0,Maryland,Ensemble
2026-04-25,24,1,wk inc flu hosp,2026-05-02,quantile,0.1,1,Maryland,Ensemble
2026-04-25,24,1,wk inc flu hosp,2026-05-02,quantile,0.15,1,Maryland,Ensemble
2026-04-25,24,1,wk inc flu hosp,2026-05-02,quantile,0.2,1,Maryland,Ensemble
2026-04-25,24,1,wk inc flu hosp,2026-05-02,quantile,0.25,2,Maryland,Ensemble
2026-04-25,24,1,wk inc flu hosp,2026-05-02,quantile,0.3,2,Maryland,Ensemble
2026-04-25,24,1,wk inc flu hosp,2026-05-02,quantile,0.35,3,Maryland,Ensemble
2026-04-25,24,1,wk inc flu hosp,2026-05-02,quantile,0.4,3,Maryland,Ensemble
2026-04-25,24,1,wk inc flu hosp,2026-05-02,quantile,0.45,4,Maryland,Ensemble
2026-04-25,24,1,wk inc flu hosp,2026-05-02,quantile,0.5,6,Maryland,Ensemble
2026-04-25,24,1,wk inc flu hosp,2026-05-02,quantile,0.55,8,Maryland,Ensemble
2026-04-25,24,1,wk inc flu hosp,2026-05-02,quantile,0.6,9,Maryland,Ensemble
2026-04-25,24,1,wk inc flu hosp,2026-05-02,quantile,0.65,11,Maryland,Ensemble
2026-04-25,24,1,wk inc flu hosp,2026-05-02,quantile,0.7,13,Maryland,Ensemble
2026-04-25,24,1,wk inc flu hosp,2026-05-02,quantile,0.75,15,Maryland,Ensemble
2026-04-25,24,1,wk inc flu hosp,2026-05-02,quantile,0.8,18,Maryland,Ensemble
2026-04-25,24,1,wk inc flu hosp,2026-05-02,quantile,0.85,22,Maryland,Ensemble
2026-04-25,24,1,wk inc flu hosp,2026-05-02,quantile,0.9,36,Maryland,Ensemble
2026-04-25,24,1,wk inc flu hosp,2026-05-02,quantile,0.95,47,Maryland,Ensemble
2026-04-25,24,1,wk inc flu hosp,2026-05-02,quantile,0.975,58,Maryland,Ensemble
2026-04-25,24,1,wk inc flu hosp,2026-05-02,quantile,0.99,74,Maryland,Ensemble
2026-04-25,24,2,wk inc flu hosp,2026-05-09,quantile,0.01,0,Maryland,Ensemble
2026-04-25,24,2,wk inc flu hosp,2026-05-09,quantile,0.025,0,Maryland,Ensemble
2026-04-25,24,2,wk inc flu hosp,2026-05-09,quantile,0.05,0,Maryland,Ensemble
2026-04-25,24,2,wk inc flu hosp,2026-05-09,quantile,0.1,1,Maryland,Ensemble
2026-04-25,24,2,wk inc flu hosp,2026-05-09,quantile,0.15,1,Maryland,Ensemble
2026-04-25,24,2,wk inc flu hosp,2026-05-09,quantile,0.2,1,Maryland,Ensemble
2026-04-25,24,2,wk inc flu hosp,2026-05-09,quantile,0.25,2,Maryland,Ensemble
2026-04-25,24,2,wk inc flu hosp,2026-05-09,quantile,0.3,2,Maryland,Ensemble
2026-04-25,24,2,wk inc flu hosp,2026-05-09,quantile,0.35,3,Maryland,Ensemble
2026-04-25,24,2,wk inc flu hosp,2026-05-09,quantile,0.4,3,Maryland,Ensemble
2026-04-25,24,2,wk inc flu hosp,2026-05-09,quantile,0.45,4,Maryland,Ensemble
2026-04-25,24,2,wk inc flu hosp,2026-05-09,quantile,0.5,6,Maryland,Ensemble
2026-04-25,24,2,wk inc flu hosp,2026-05-09,quantile,0.55,8,Maryland,Ensemble
2026-04-25,24,2,wk inc flu hosp,2026-05-09,quantile,0.6,9,Maryland,Ensemble
2026-04-25,24,2,wk inc flu hosp,2026-05-09,quantile,0.65,11,Maryland,Ensemble
2026-04-25,24,2,wk inc flu hosp,2026-05-09,quantile,0.7,14,Maryland,Ensemble
2026-04-25,24,2,wk inc flu hosp,2026-05-09,quantile,0.75,17,Maryland,Ensemble
2026-04-25,24,2,wk inc flu hosp,2026-05-09,quantile,0.8,20,Maryland,Ensemble
2026-04-25,24,2,wk inc flu hosp,2026-05-09,quantile,0.85,27,Maryland,Ensemble
2026-04-25,24,2,wk inc flu hosp,2026-05-09,quantile,0.9,39,Maryland,Ensemble
2026-04-25,24,2,wk inc flu hosp,2026-05-09,quantile,0.95,55,Maryland,Ensemble
2026-04-25,24,2,wk inc flu hosp,2026-05-09,quantile,0.975,68,Maryland,Ensemble
2026-04-25,24,2,wk inc flu hosp,2026-05-09,quantile,0.99,87,Maryland,Ensemble
2026-04-25,24,3,wk inc flu hosp,2026-05-16,quantile,0.01,0,Maryland,Ensemble
2026-04-25,24,3,wk inc flu hosp,2026-05-16,quantile,0.025,0,Maryland,Ensemble
2026-04-25,24,3,wk inc flu hosp,2026-05-16,quantile,0.05,0,Maryland,Ensemble
2026-04-25,24,3,wk inc flu hosp,2026-05-16,quantile,0.1,0,Maryland,Ensemble
2026-04-25,24,3,wk inc flu hosp,2026-05-16,quantile,0.15,1,Maryland,Ensemble
2026-04-25,24,3,wk inc flu hosp,2026-05-16,quantile,0.2,1,Maryland,Ensemble
2026-04-25,24,3,wk inc flu hosp,2026-05-16,quantile,0.25,1,Maryland,Ensemble
2026-04-25,24,3,wk inc flu hosp,2026-05-16,quantile,0.3,2,Maryland,Ensemble
2026-04-25,24,3,wk inc flu hosp,2026-05-16,quantile,0.35,2,Maryland,Ensemble
2026-04-25,24,3,wk inc flu hosp,2026-05-16,quantile,0.4,3,Maryland,Ensemble
2026-04-25,24,3,wk inc flu hosp,2026-05-16,quantile,0.45,4,Maryland,Ensemble
2026-04-25,24,3,wk inc flu hosp,2026-05-16,quantile,0.5,6,Maryland,Ensemble
2026-04-25,24,3,wk inc flu hosp,2026-05-16,quantile,0.55,7,Maryland,Ensemble
2026-04-25,24,3,wk inc flu hosp,2026-05-16,quantile,0.6,9,Maryland,Ensemble
2026-04-25,24,3,wk inc flu hosp,2026-05-16,quantile,0.65,11,Maryland,Ensemble
2026-04-25,24,3,wk inc flu hosp,2026-05-16,quantile,0.7,15,Maryland,Ensemble
2026-04-25,24,3,wk inc flu hosp,2026-05-16,quantile,0.75,18,Maryland,Ensemble
2026-04-25,24,3,wk inc flu hosp,2026-05-16,quantile,0.8,22,Maryland,Ensemble
2026-04-25,24,3,wk inc flu hosp,2026-05-16,quantile,0.85,36,Maryland,Ensemble
2026-04-25,24,3,wk inc flu hosp,2026-05-16,quantile,0.9,45,Maryland,Ensemble
2026-04-25,24,3,wk inc flu hosp,2026-05-16,quantile,0.95,60,Maryland,Ensemble
2026-04-25,24,3,wk inc flu hosp,2026-05-16,quantile,0.975,77,Maryland,Ensemble
2026-04-25,24,3,wk inc flu hosp,2026-05-16,quantile,0.99,95,Maryland,Ensemble
2026-04-25,25,0,wk inc flu hosp,2026-04-25,quantile,0.01,6,Massachusetts,Ensemble
2026-04-25,25,0,wk inc flu hosp,2026-04-25,quantile,0.025,8,Massachusetts,Ensemble
2026-04-25,25,0,wk inc flu hosp,2026-04-25,quantile,0.05,10,Massachusetts,Ensemble
2026-04-25,25,0,wk inc flu hosp,2026-04-25,quantile,0.1,14,Massachusetts,Ensemble
2026-04-25,25,0,wk inc flu hosp,2026-04-25,quantile,0.15,17,Massachusetts,Ensemble
2026-04-25,25,0,wk inc flu hosp,2026-04-25,quantile,0.2,18,Massachusetts,Ensemble
2026-04-25,25,0,wk inc flu hosp,2026-04-25,quantile,0.25,21,Massachusetts,Ensemble
2026-04-25,25,0,wk inc flu hosp,2026-04-25,quantile,0.3,23,Massachusetts,Ensemble
2026-04-25,25,0,wk inc flu hosp,2026-04-25,quantile,0.35,25,Massachusetts,Ensemble
2026-04-25,25,0,wk inc flu hosp,2026-04-25,quantile,0.4,27,Massachusetts,Ensemble
2026-04-25,25,0,wk inc flu hosp,2026-04-25,quantile,0.45,30,Massachusetts,Ensemble
2026-04-25,25,0,wk inc flu hosp,2026-04-25,quantile,0.5,33,Massachusetts,Ensemble
2026-04-25,25,0,wk inc flu hosp,2026-04-25,quantile,0.55,35,Massachusetts,Ensemble
2026-04-25,25,0,wk inc flu hosp,2026-04-25,quantile,0.6,38,Massachusetts,Ensemble
2026-04-25,25,0,wk inc flu hosp,2026-04-25,quantile,0.65,41,Massachusetts,Ensemble
2026-04-25,25,0,wk inc flu hosp,2026-04-25,quantile,0.7,44,Massachusetts,Ensemble
2026-04-25,25,0,wk inc flu hosp,2026-04-25,quantile,0.75,46,Massachusetts,Ensemble
2026-04-25,25,0,wk inc flu hosp,2026-04-25,quantile,0.8,50,Massachusetts,Ensemble
2026-04-25,25,0,wk inc flu hosp,2026-04-25,quantile,0.85,54,Massachusetts,Ensemble
2026-04-25,25,0,wk inc flu hosp,2026-04-25,quantile,0.9,62,Massachusetts,Ensemble
2026-04-25,25,0,wk inc flu hosp,2026-04-25,quantile,0.95,84,Massachusetts,Ensemble
2026-04-25,25,0,wk inc flu hosp,2026-04-25,quantile,0.975,96,Massachusetts,Ensemble
2026-04-25,25,0,wk inc flu hosp,2026-04-25,quantile,0.99,117,Massachusetts,Ensemble
2026-04-25,25,1,wk inc flu hosp,2026-05-02,quantile,0.01,4,Massachusetts,Ensemble
2026-04-25,25,1,wk inc flu hosp,2026-05-02,quantile,0.025,6,Massachusetts,Ensemble
2026-04-25,25,1,wk inc flu hosp,2026-05-02,quantile,0.05,7,Massachusetts,Ensemble
2026-04-25,25,1,wk inc flu hosp,2026-05-02,quantile,0.1,10,Massachusetts,Ensemble
2026-04-25,25,1,wk inc flu hosp,2026-05-02,quantile,0.15,13,Massachusetts,Ensemble
2026-04-25,25,1,wk inc flu hosp,2026-05-02,quantile,0.2,15,Massachusetts,Ensemble
2026-04-25,25,1,wk inc flu hosp,2026-05-02,quantile,0.25,17,Massachusetts,Ensemble
2026-04-25,25,1,wk inc flu hosp,2026-05-02,quantile,0.3,19,Massachusetts,Ensemble
2026-04-25,25,1,wk inc flu hosp,2026-05-02,quantile,0.35,21,Massachusetts,Ensemble
2026-04-25,25,1,wk inc flu hosp,2026-05-02,quantile,0.4,23,Massachusetts,Ensemble
2026-04-25,25,1,wk inc flu hosp,2026-05-02,quantile,0.45,26,Massachusetts,Ensemble
2026-04-25,25,1,wk inc flu hosp,2026-05-02,quantile,0.5,29,Massachusetts,Ensemble
2026-04-25,25,1,wk inc flu hosp,2026-05-02,quantile,0.55,32,Massachusetts,Ensemble
2026-04-25,25,1,wk inc flu hosp,2026-05-02,quantile,0.6,35,Massachusetts,Ensemble
2026-04-25,25,1,wk inc flu hosp,2026-05-02,quantile,0.65,39,Massachusetts,Ensemble
2026-04-25,25,1,wk inc flu hosp,2026-05-02,quantile,0.7,42,Massachusetts,Ensemble
2026-04-25,25,1,wk inc flu hosp,2026-05-02,quantile,0.75,46,Massachusetts,Ensemble
2026-04-25,25,1,wk inc flu hosp,2026-05-02,quantile,0.8,51,Massachusetts,Ensemble
2026-04-25,25,1,wk inc flu hosp,2026-05-02,quantile,0.85,64,Massachusetts,Ensemble
2026-04-25,25,1,wk inc flu hosp,2026-05-02,quantile,0.9,78,Massachusetts,Ensemble
2026-04-25,25,1,wk inc flu hosp,2026-05-02,quantile,0.95,103,Massachusetts,Ensemble
2026-04-25,25,1,wk inc flu hosp,2026-05-02,quantile,0.975,122,Massachusetts,Ensemble
2026-04-25,25,1,wk inc flu hosp,2026-05-02,quantile,0.99,145,Massachusetts,Ensemble
2026-04-25,25,2,wk inc flu hosp,2026-05-09,quantile,0.01,3,Massachusetts,Ensemble
2026-04-25,25,2,wk inc flu hosp,2026-05-09,quantile,0.025,4,Massachusetts,Ensemble
2026-04-25,25,2,wk inc flu hosp,2026-05-09,quantile,0.05,5,Massachusetts,Ensemble
2026-04-25,25,2,wk inc flu hosp,2026-05-09,quantile,0.1,8,Massachusetts,Ensemble
2026-04-25,25,2,wk inc flu hosp,2026-05-09,quantile,0.15,11,Massachusetts,Ensemble
2026-04-25,25,2,wk inc flu hosp,2026-05-09,quantile,0.2,13,Massachusetts,Ensemble
2026-04-25,25,2,wk inc flu hosp,2026-05-09,quantile,0.25,14,Massachusetts,Ensemble
2026-04-25,25,2,wk inc flu hosp,2026-05-09,quantile,0.3,17,Massachusetts,Ensemble
2026-04-25,25,2,wk inc flu hosp,2026-05-09,quantile,0.35,18,Massachusetts,Ensemble
2026-04-25,25,2,wk inc flu hosp,2026-05-09,quantile,0.4,20,Massachusetts,Ensemble
2026-04-25,25,2,wk inc flu hosp,2026-05-09,quantile,0.45,23,Massachusetts,Ensemble
2026-04-25,25,2,wk inc flu hosp,2026-05-09,quantile,0.5,27,Massachusetts,Ensemble
2026-04-25,25,2,wk inc flu hosp,2026-05-09,quantile,0.55,30,Massachusetts,Ensemble
2026-04-25,25,2,wk inc flu hosp,2026-05-09,quantile,0.6,34,Massachusetts,Ensemble
2026-04-25,25,2,wk inc flu hosp,2026-05-09,quantile,0.65,37,Massachusetts,Ensemble
2026-04-25,25,2,wk inc flu hosp,2026-05-09,quantile,0.7,42,Massachusetts,Ensemble
2026-04-25,25,2,wk inc flu hosp,2026-05-09,quantile,0.75,48,Massachusetts,Ensemble
2026-04-25,25,2,wk inc flu hosp,2026-05-09,quantile,0.8,56,Massachusetts,Ensemble
2026-04-25,25,2,wk inc flu hosp,2026-05-09,quantile,0.85,66,Massachusetts,Ensemble
2026-04-25,25,2,wk inc flu hosp,2026-05-09,quantile,0.9,86,Massachusetts,Ensemble
2026-04-25,25,2,wk inc flu hosp,2026-05-09,quantile,0.95,129,Massachusetts,Ensemble
2026-04-25,25,2,wk inc flu hosp,2026-05-09,quantile,0.975,154,Massachusetts,Ensemble
2026-04-25,25,2,wk inc flu hosp,2026-05-09,quantile,0.99,186,Massachusetts,Ensemble
2026-04-25,25,3,wk inc flu hosp,2026-05-16,quantile,0.01,2,Massachusetts,Ensemble
2026-04-25,25,3,wk inc flu hosp,2026-05-16,quantile,0.025,3,Massachusetts,Ensemble
2026-04-25,25,3,wk inc flu hosp,2026-05-16,quantile,0.05,4,Massachusetts,Ensemble
2026-04-25,25,3,wk inc flu hosp,2026-05-16,quantile,0.1,6,Massachusetts,Ensemble
2026-04-25,25,3,wk inc flu hosp,2026-05-16,quantile,0.15,8,Massachusetts,Ensemble
2026-04-25,25,3,wk inc flu hosp,2026-05-16,quantile,0.2,10,Massachusetts,Ensemble
2026-04-25,25,3,wk inc flu hosp,2026-05-16,quantile,0.25,12,Massachusetts,Ensemble
2026-04-25,25,3,wk inc flu hosp,2026-05-16,quantile,0.3,14,Massachusetts,Ensemble
2026-04-25,25,3,wk inc flu hosp,2026-05-16,quantile,0.35,15,Massachusetts,Ensemble
2026-04-25,25,3,wk inc flu hosp,2026-05-16,quantile,0.4,17,Massachusetts,Ensemble
2026-04-25,25,3,wk inc flu hosp,2026-05-16,quantile,0.45,19,Massachusetts,Ensemble
2026-04-25,25,3,wk inc flu hosp,2026-05-16,quantile,0.5,24,Massachusetts,Ensemble
2026-04-25,25,3,wk inc flu hosp,2026-05-16,quantile,0.55,28,Massachusetts,Ensemble
2026-04-25,25,3,wk inc flu hosp,2026-05-16,quantile,0.6,32,Massachusetts,Ensemble
2026-04-25,25,3,wk inc flu hosp,2026-05-16,quantile,0.65,37,Massachusetts,Ensemble
2026-04-25,25,3,wk inc flu hosp,2026-05-16,quantile,0.7,43,Massachusetts,Ensemble
2026-04-25,25,3,wk inc flu hosp,2026-05-16,quantile,0.75,49,Massachusetts,Ensemble
2026-04-25,25,3,wk inc flu hosp,2026-05-16,quantile,0.8,56,Massachusetts,Ensemble
2026-04-25,25,3,wk inc flu hosp,2026-05-16,quantile,0.85,69,Massachusetts,Ensemble
2026-04-25,25,3,wk inc flu hosp,2026-05-16,quantile,0.9,98,Massachusetts,Ensemble
2026-04-25,25,3,wk inc flu hosp,2026-05-16,quantile,0.95,142,Massachusetts,Ensemble
2026-04-25,25,3,wk inc flu hosp,2026-05-16,quantile,0.975,168,Massachusetts,Ensemble
2026-04-25,25,3,wk inc flu hosp,2026-05-16,quantile,0.99,207,Massachusetts,Ensemble
2026-04-25,26,0,wk inc flu hosp,2026-04-25,quantile,0.01,8,Michigan,Ensemble
2026-04-25,26,0,wk inc flu hosp,2026-04-25,quantile,0.025,11,Michigan,Ensemble
2026-04-25,26,0,wk inc flu hosp,2026-04-25,quantile,0.05,13,Michigan,Ensemble
2026-04-25,26,0,wk inc flu hosp,2026-04-25,quantile,0.1,16,Michigan,Ensemble
2026-04-25,26,0,wk inc flu hosp,2026-04-25,quantile,0.15,20,Michigan,Ensemble
2026-04-25,26,0,wk inc flu hosp,2026-04-25,quantile,0.2,22,Michigan,Ensemble
2026-04-25,26,0,wk inc flu hosp,2026-04-25,quantile,0.25,25,Michigan,Ensemble
2026-04-25,26,0,wk inc flu hosp,2026-04-25,quantile,0.3,28,Michigan,Ensemble
2026-04-25,26,0,wk inc flu hosp,2026-04-25,quantile,0.35,31,Michigan,Ensemble
2026-04-25,26,0,wk inc flu hosp,2026-04-25,quantile,0.4,34,Michigan,Ensemble
2026-04-25,26,0,wk inc flu hosp,2026-04-25,quantile,0.45,37,Michigan,Ensemble
2026-04-25,26,0,wk inc flu hosp,2026-04-25,quantile,0.5,41,Michigan,Ensemble
2026-04-25,26,0,wk inc flu hosp,2026-04-25,quantile,0.55,44,Michigan,Ensemble
2026-04-25,26,0,wk inc flu hosp,2026-04-25,quantile,0.6,47,Michigan,Ensemble
2026-04-25,26,0,wk inc flu hosp,2026-04-25,quantile,0.65,50,Michigan,Ensemble
2026-04-25,26,0,wk inc flu hosp,2026-04-25,quantile,0.7,54,Michigan,Ensemble
2026-04-25,26,0,wk inc flu hosp,2026-04-25,quantile,0.75,57,Michigan,Ensemble
2026-04-25,26,0,wk inc flu hosp,2026-04-25,quantile,0.8,61,Michigan,Ensemble
2026-04-25,26,0,wk inc flu hosp,2026-04-25,quantile,0.85,67,Michigan,Ensemble
2026-04-25,26,0,wk inc flu hosp,2026-04-25,quantile,0.9,78,Michigan,Ensemble
2026-04-25,26,0,wk inc flu hosp,2026-04-25,quantile,0.95,95,Michigan,Ensemble
2026-04-25,26,0,wk inc flu hosp,2026-04-25,quantile,0.975,108,Michigan,Ensemble
2026-04-25,26,0,wk inc flu hosp,2026-04-25,quantile,0.99,125,Michigan,Ensemble
2026-04-25,26,1,wk inc flu hosp,2026-05-02,quantile,0.01,5,Michigan,Ensemble
2026-04-25,26,1,wk inc flu hosp,2026-05-02,quantile,0.025,6,Michigan,Ensemble
2026-04-25,26,1,wk inc flu hosp,2026-05-02,quantile,0.05,8,Michigan,Ensemble
2026-04-25,26,1,wk inc flu hosp,2026-05-02,quantile,0.1,10,Michigan,Ensemble
2026-04-25,26,1,wk inc flu hosp,2026-05-02,quantile,0.15,13,Michigan,Ensemble
2026-04-25,26,1,wk inc flu hosp,2026-05-02,quantile,0.2,15,Michigan,Ensemble
2026-04-25,26,1,wk inc flu hosp,2026-05-02,quantile,0.25,17,Michigan,Ensemble
2026-04-25,26,1,wk inc flu hosp,2026-05-02,quantile,0.3,20,Michigan,Ensemble
2026-04-25,26,1,wk inc flu hosp,2026-05-02,quantile,0.35,22,Michigan,Ensemble
2026-04-25,26,1,wk inc flu hosp,2026-05-02,quantile,0.4,25,Michigan,Ensemble
2026-04-25,26,1,wk inc flu hosp,2026-05-02,quantile,0.45,28,Michigan,Ensemble
2026-04-25,26,1,wk inc flu hosp,2026-05-02,quantile,0.5,33,Michigan,Ensemble
2026-04-25,26,1,wk inc flu hosp,2026-05-02,quantile,0.55,37,Michigan,Ensemble
2026-04-25,26,1,wk inc flu hosp,2026-05-02,quantile,0.6,41,Michigan,Ensemble
2026-04-25,26,1,wk inc flu hosp,2026-05-02,quantile,0.65,45,Michigan,Ensemble
2026-04-25,26,1,wk inc flu hosp,2026-05-02,quantile,0.7,49,Michigan,Ensemble
2026-04-25,26,1,wk inc flu hosp,2026-05-02,quantile,0.75,54,Michigan,Ensemble
2026-04-25,26,1,wk inc flu hosp,2026-05-02,quantile,0.8,59,Michigan,Ensemble
2026-04-25,26,1,wk inc flu hosp,2026-05-02,quantile,0.85,67,Michigan,Ensemble
2026-04-25,26,1,wk inc flu hosp,2026-05-02,quantile,0.9,87,Michigan,Ensemble
2026-04-25,26,1,wk inc flu hosp,2026-05-02,quantile,0.95,112,Michigan,Ensemble
2026-04-25,26,1,wk inc flu hosp,2026-05-02,quantile,0.975,130,Michigan,Ensemble
2026-04-25,26,1,wk inc flu hosp,2026-05-02,quantile,0.99,151,Michigan,Ensemble
2026-04-25,26,2,wk inc flu hosp,2026-05-09,quantile,0.01,3,Michigan,Ensemble
2026-04-25,26,2,wk inc flu hosp,2026-05-09,quantile,0.025,4,Michigan,Ensemble
2026-04-25,26,2,wk inc flu hosp,2026-05-09,quantile,0.05,6,Michigan,Ensemble
2026-04-25,26,2,wk inc flu hosp,2026-05-09,quantile,0.1,8,Michigan,Ensemble
2026-04-25,26,2,wk inc flu hosp,2026-05-09,quantile,0.15,10,Michigan,Ensemble
2026-04-25,26,2,wk inc flu hosp,2026-05-09,quantile,0.2,11,Michigan,Ensemble
2026-04-25,26,2,wk inc flu hosp,2026-05-09,quantile,0.25,13,Michigan,Ensemble
2026-04-25,26,2,wk inc flu hosp,2026-05-09,quantile,0.3,16,Michigan,Ensemble
2026-04-25,26,2,wk inc flu hosp,2026-05-09,quantile,0.35,19,Michigan,Ensemble
2026-04-25,26,2,wk inc flu hosp,2026-05-09,quantile,0.4,21,Michigan,Ensemble
2026-04-25,26,2,wk inc flu hosp,2026-05-09,quantile,0.45,24,Michigan,Ensemble
2026-04-25,26,2,wk inc flu hosp,2026-05-09,quantile,0.5,31,Michigan,Ensemble
2026-04-25,26,2,wk inc flu hosp,2026-05-09,quantile,0.55,35,Michigan,Ensemble
2026-04-25,26,2,wk inc flu hosp,2026-05-09,quantile,0.6,39,Michigan,Ensemble
2026-04-25,26,2,wk inc flu hosp,2026-05-09,quantile,0.65,44,Michigan,Ensemble
2026-04-25,26,2,wk inc flu hosp,2026-05-09,quantile,0.7,49,Michigan,Ensemble
2026-04-25,26,2,wk inc flu hosp,2026-05-09,quantile,0.75,54,Michigan,Ensemble
2026-04-25,26,2,wk inc flu hosp,2026-05-09,quantile,0.8,62,Michigan,Ensemble
2026-04-25,26,2,wk inc flu hosp,2026-05-09,quantile,0.85,76,Michigan,Ensemble
2026-04-25,26,2,wk inc flu hosp,2026-05-09,quantile,0.9,101,Michigan,Ensemble
2026-04-25,26,2,wk inc flu hosp,2026-05-09,quantile,0.95,130,Michigan,Ensemble
2026-04-25,26,2,wk inc flu hosp,2026-05-09,quantile,0.975,152,Michigan,Ensemble
2026-04-25,26,2,wk inc flu hosp,2026-05-09,quantile,0.99,181,Michigan,Ensemble
2026-04-25,26,3,wk inc flu hosp,2026-05-16,quantile,0.01,3,Michigan,Ensemble
2026-04-25,26,3,wk inc flu hosp,2026-05-16,quantile,0.025,4,Michigan,Ensemble
2026-04-25,26,3,wk inc flu hosp,2026-05-16,quantile,0.05,5,Michigan,Ensemble
2026-04-25,26,3,wk inc flu hosp,2026-05-16,quantile,0.1,6,Michigan,Ensemble
2026-04-25,26,3,wk inc flu hosp,2026-05-16,quantile,0.15,8,Michigan,Ensemble
2026-04-25,26,3,wk inc flu hosp,2026-05-16,quantile,0.2,9,Michigan,Ensemble
2026-04-25,26,3,wk inc flu hosp,2026-05-16,quantile,0.25,10,Michigan,Ensemble
2026-04-25,26,3,wk inc flu hosp,2026-05-16,quantile,0.3,12,Michigan,Ensemble
2026-04-25,26,3,wk inc flu hosp,2026-05-16,quantile,0.35,15,Michigan,Ensemble
2026-04-25,26,3,wk inc flu hosp,2026-05-16,quantile,0.4,18,Michigan,Ensemble
2026-04-25,26,3,wk inc flu hosp,2026-05-16,quantile,0.45,20,Michigan,Ensemble
2026-04-25,26,3,wk inc flu hosp,2026-05-16,quantile,0.5,25,Michigan,Ensemble
2026-04-25,26,3,wk inc flu hosp,2026-05-16,quantile,0.55,29,Michigan,Ensemble
2026-04-25,26,3,wk inc flu hosp,2026-05-16,quantile,0.6,33,Michigan,Ensemble
2026-04-25,26,3,wk inc flu hosp,2026-05-16,quantile,0.65,38,Michigan,Ensemble
2026-04-25,26,3,wk inc flu hosp,2026-05-16,quantile,0.7,47,Michigan,Ensemble
2026-04-25,26,3,wk inc flu hosp,2026-05-16,quantile,0.75,54,Michigan,Ensemble
2026-04-25,26,3,wk inc flu hosp,2026-05-16,quantile,0.8,63,Michigan,Ensemble
2026-04-25,26,3,wk inc flu hosp,2026-05-16,quantile,0.85,74,Michigan,Ensemble
2026-04-25,26,3,wk inc flu hosp,2026-05-16,quantile,0.9,112,Michigan,Ensemble
2026-04-25,26,3,wk inc flu hosp,2026-05-16,quantile,0.95,136,Michigan,Ensemble
2026-04-25,26,3,wk inc flu hosp,2026-05-16,quantile,0.975,161,Michigan,Ensemble
2026-04-25,26,3,wk inc flu hosp,2026-05-16,quantile,0.99,198,Michigan,Ensemble
2026-04-25,27,0,wk inc flu hosp,2026-04-25,quantile,0.01,3,Minnesota,Ensemble
2026-04-25,27,0,wk inc flu hosp,2026-04-25,quantile,0.025,3,Minnesota,Ensemble
2026-04-25,27,0,wk inc flu hosp,2026-04-25,quantile,0.05,4,Minnesota,Ensemble
2026-04-25,27,0,wk inc flu hosp,2026-04-25,quantile,0.1,5,Minnesota,Ensemble
2026-04-25,27,0,wk inc flu hosp,2026-04-25,quantile,0.15,6,Minnesota,Ensemble
2026-04-25,27,0,wk inc flu hosp,2026-04-25,quantile,0.2,7,Minnesota,Ensemble
2026-04-25,27,0,wk inc flu hosp,2026-04-25,quantile,0.25,8,Minnesota,Ensemble
2026-04-25,27,0,wk inc flu hosp,2026-04-25,quantile,0.3,10,Minnesota,Ensemble
2026-04-25,27,0,wk inc flu hosp,2026-04-25,quantile,0.35,11,Minnesota,Ensemble
2026-04-25,27,0,wk inc flu hosp,2026-04-25,quantile,0.4,13,Minnesota,Ensemble
2026-04-25,27,0,wk inc flu hosp,2026-04-25,quantile,0.45,15,Minnesota,Ensemble
2026-04-25,27,0,wk inc flu hosp,2026-04-25,quantile,0.5,18,Minnesota,Ensemble
2026-04-25,27,0,wk inc flu hosp,2026-04-25,quantile,0.55,20,Minnesota,Ensemble
2026-04-25,27,0,wk inc flu hosp,2026-04-25,quantile,0.6,21,Minnesota,Ensemble
2026-04-25,27,0,wk inc flu hosp,2026-04-25,quantile,0.65,24,Minnesota,Ensemble
2026-04-25,27,0,wk inc flu hosp,2026-04-25,quantile,0.7,27,Minnesota,Ensemble
2026-04-25,27,0,wk inc flu hosp,2026-04-25,quantile,0.75,30,Minnesota,Ensemble
2026-04-25,27,0,wk inc flu hosp,2026-04-25,quantile,0.8,33,Minnesota,Ensemble
2026-04-25,27,0,wk inc flu hosp,2026-04-25,quantile,0.85,39,Minnesota,Ensemble
2026-04-25,27,0,wk inc flu hosp,2026-04-25,quantile,0.9,46,Minnesota,Ensemble
2026-04-25,27,0,wk inc flu hosp,2026-04-25,quantile,0.95,59,Minnesota,Ensemble
2026-04-25,27,0,wk inc flu hosp,2026-04-25,quantile,0.975,69,Minnesota,Ensemble
2026-04-25,27,0,wk inc flu hosp,2026-04-25,quantile,0.99,82,Minnesota,Ensemble
2026-04-25,27,1,wk inc flu hosp,2026-05-02,quantile,0.01,1,Minnesota,Ensemble
2026-04-25,27,1,wk inc flu hosp,2026-05-02,quantile,0.025,2,Minnesota,Ensemble
2026-04-25,27,1,wk inc flu hosp,2026-05-02,quantile,0.05,2,Minnesota,Ensemble
2026-04-25,27,1,wk inc flu hosp,2026-05-02,quantile,0.1,3,Minnesota,Ensemble
2026-04-25,27,1,wk inc flu hosp,2026-05-02,quantile,0.15,4,Minnesota,Ensemble
2026-04-25,27,1,wk inc flu hosp,2026-05-02,quantile,0.2,4,Minnesota,Ensemble
2026-04-25,27,1,wk inc flu hosp,2026-05-02,quantile,0.25,5,Minnesota,Ensemble
2026-04-25,27,1,wk inc flu hosp,2026-05-02,quantile,0.3,6,Minnesota,Ensemble
2026-04-25,27,1,wk inc flu hosp,2026-05-02,quantile,0.35,7,Minnesota,Ensemble
2026-04-25,27,1,wk inc flu hosp,2026-05-02,quantile,0.4,9,Minnesota,Ensemble
2026-04-25,27,1,wk inc flu hosp,2026-05-02,quantile,0.45,11,Minnesota,Ensemble
2026-04-25,27,1,wk inc flu hosp,2026-05-02,quantile,0.5,14,Minnesota,Ensemble
2026-04-25,27,1,wk inc flu hosp,2026-05-02,quantile,0.55,16,Minnesota,Ensemble
2026-04-25,27,1,wk inc flu hosp,2026-05-02,quantile,0.6,19,Minnesota,Ensemble
2026-04-25,27,1,wk inc flu hosp,2026-05-02,quantile,0.65,22,Minnesota,Ensemble
2026-04-25,27,1,wk inc flu hosp,2026-05-02,quantile,0.7,25,Minnesota,Ensemble
2026-04-25,27,1,wk inc flu hosp,2026-05-02,quantile,0.75,28,Minnesota,Ensemble
2026-04-25,27,1,wk inc flu hosp,2026-05-02,quantile,0.8,32,Minnesota,Ensemble
2026-04-25,27,1,wk inc flu hosp,2026-05-02,quantile,0.85,43,Minnesota,Ensemble
2026-04-25,27,1,wk inc flu hosp,2026-05-02,quantile,0.9,54,Minnesota,Ensemble
2026-04-25,27,1,wk inc flu hosp,2026-05-02,quantile,0.95,69,Minnesota,Ensemble
2026-04-25,27,1,wk inc flu hosp,2026-05-02,quantile,0.975,82,Minnesota,Ensemble
2026-04-25,27,1,wk inc flu hosp,2026-05-02,quantile,0.99,98,Minnesota,Ensemble
2026-04-25,27,2,wk inc flu hosp,2026-05-09,quantile,0.01,1,Minnesota,Ensemble
2026-04-25,27,2,wk inc flu hosp,2026-05-09,quantile,0.025,1,Minnesota,Ensemble
2026-04-25,27,2,wk inc flu hosp,2026-05-09,quantile,0.05,2,Minnesota,Ensemble
2026-04-25,27,2,wk inc flu hosp,2026-05-09,quantile,0.1,2,Minnesota,Ensemble
2026-04-25,27,2,wk inc flu hosp,2026-05-09,quantile,0.15,3,Minnesota,Ensemble
2026-04-25,27,2,wk inc flu hosp,2026-05-09,quantile,0.2,3,Minnesota,Ensemble
2026-04-25,27,2,wk inc flu hosp,2026-05-09,quantile,0.25,4,Minnesota,Ensemble
2026-04-25,27,2,wk inc flu hosp,2026-05-09,quantile,0.3,4,Minnesota,Ensemble
2026-04-25,27,2,wk inc flu hosp,2026-05-09,quantile,0.35,5,Minnesota,Ensemble
2026-04-25,27,2,wk inc flu hosp,2026-05-09,quantile,0.4,6,Minnesota,Ensemble
2026-04-25,27,2,wk inc flu hosp,2026-05-09,quantile,0.45,8,Minnesota,Ensemble
2026-04-25,27,2,wk inc flu hosp,2026-05-09,quantile,0.5,12,Minnesota,Ensemble
2026-04-25,27,2,wk inc flu hosp,2026-05-09,quantile,0.55,14,Minnesota,Ensemble
2026-04-25,27,2,wk inc flu hosp,2026-05-09,quantile,0.6,17,Minnesota,Ensemble
2026-04-25,27,2,wk inc flu hosp,2026-05-09,quantile,0.65,21,Minnesota,Ensemble
2026-04-25,27,2,wk inc flu hosp,2026-05-09,quantile,0.7,24,Minnesota,Ensemble
2026-04-25,27,2,wk inc flu hosp,2026-05-09,quantile,0.75,29,Minnesota,Ensemble
2026-04-25,27,2,wk inc flu hosp,2026-05-09,quantile,0.8,35,Minnesota,Ensemble
2026-04-25,27,2,wk inc flu hosp,2026-05-09,quantile,0.85,43,Minnesota,Ensemble
2026-04-25,27,2,wk inc flu hosp,2026-05-09,quantile,0.9,57,Minnesota,Ensemble
2026-04-25,27,2,wk inc flu hosp,2026-05-09,quantile,0.95,79,Minnesota,Ensemble
2026-04-25,27,2,wk inc flu hosp,2026-05-09,quantile,0.975,96,Minnesota,Ensemble
2026-04-25,27,2,wk inc flu hosp,2026-05-09,quantile,0.99,118,Minnesota,Ensemble
2026-04-25,27,3,wk inc flu hosp,2026-05-16,quantile,0.01,1,Minnesota,Ensemble
2026-04-25,27,3,wk inc flu hosp,2026-05-16,quantile,0.025,1,Minnesota,Ensemble
2026-04-25,27,3,wk inc flu hosp,2026-05-16,quantile,0.05,1,Minnesota,Ensemble
2026-04-25,27,3,wk inc flu hosp,2026-05-16,quantile,0.1,1,Minnesota,Ensemble
2026-04-25,27,3,wk inc flu hosp,2026-05-16,quantile,0.15,2,Minnesota,Ensemble
2026-04-25,27,3,wk inc flu hosp,2026-05-16,quantile,0.2,2,Minnesota,Ensemble
2026-04-25,27,3,wk inc flu hosp,2026-05-16,quantile,0.25,3,Minnesota,Ensemble
2026-04-25,27,3,wk inc flu hosp,2026-05-16,quantile,0.3,4,Minnesota,Ensemble
2026-04-25,27,3,wk inc flu hosp,2026-05-16,quantile,0.35,4,Minnesota,Ensemble
2026-04-25,27,3,wk inc flu hosp,2026-05-16,quantile,0.4,5,Minnesota,Ensemble
2026-04-25,27,3,wk inc flu hosp,2026-05-16,quantile,0.45,6,Minnesota,Ensemble
2026-04-25,27,3,wk inc flu hosp,2026-05-16,quantile,0.5,9,Minnesota,Ensemble
2026-04-25,27,3,wk inc flu hosp,2026-05-16,quantile,0.55,12,Minnesota,Ensemble
2026-04-25,27,3,wk inc flu hosp,2026-05-16,quantile,0.6,16,Minnesota,Ensemble
2026-04-25,27,3,wk inc flu hosp,2026-05-16,quantile,0.65,19,Minnesota,Ensemble
2026-04-25,27,3,wk inc flu hosp,2026-05-16,quantile,0.7,24,Minnesota,Ensemble
2026-04-25,27,3,wk inc flu hosp,2026-05-16,quantile,0.75,28,Minnesota,Ensemble
2026-04-25,27,3,wk inc flu hosp,2026-05-16,quantile,0.8,34,Minnesota,Ensemble
2026-04-25,27,3,wk inc flu hosp,2026-05-16,quantile,0.85,43,Minnesota,Ensemble
2026-04-25,27,3,wk inc flu hosp,2026-05-16,quantile,0.9,67,Minnesota,Ensemble
2026-04-25,27,3,wk inc flu hosp,2026-05-16,quantile,0.95,86,Minnesota,Ensemble
2026-04-25,27,3,wk inc flu hosp,2026-05-16,quantile,0.975,106,Minnesota,Ensemble
2026-04-25,27,3,wk inc flu hosp,2026-05-16,quantile,0.99,133,Minnesota,Ensemble
2026-04-25,28,0,wk inc flu hosp,2026-04-25,quantile,0.01,2,Mississippi,Ensemble
2026-04-25,28,0,wk inc flu hosp,2026-04-25,quantile,0.025,3,Mississippi,Ensemble
2026-04-25,28,0,wk inc flu hosp,2026-04-25,quantile,0.05,4,Mississippi,Ensemble
2026-04-25,28,0,wk inc flu hosp,2026-04-25,quantile,0.1,5,Mississippi,Ensemble
2026-04-25,28,0,wk inc flu hosp,2026-04-25,quantile,0.15,5,Mississippi,Ensemble
2026-04-25,28,0,wk inc flu hosp,2026-04-25,quantile,0.2,7,Mississippi,Ensemble
2026-04-25,28,0,wk inc flu hosp,2026-04-25,quantile,0.25,7,Mississippi,Ensemble
2026-04-25,28,0,wk inc flu hosp,2026-04-25,quantile,0.3,8,Mississippi,Ensemble
2026-04-25,28,0,wk inc flu hosp,2026-04-25,quantile,0.35,9,Mississippi,Ensemble
2026-04-25,28,0,wk inc flu hosp,2026-04-25,quantile,0.4,10,Mississippi,Ensemble
2026-04-25,28,0,wk inc flu hosp,2026-04-25,quantile,0.45,12,Mississippi,Ensemble
2026-04-25,28,0,wk inc flu hosp,2026-04-25,quantile,0.5,14,Mississippi,Ensemble
2026-04-25,28,0,wk inc flu hosp,2026-04-25,quantile,0.55,15,Mississippi,Ensemble
2026-04-25,28,0,wk inc flu hosp,2026-04-25,quantile,0.6,17,Mississippi,Ensemble
2026-04-25,28,0,wk inc flu hosp,2026-04-25,quantile,0.65,18,Mississippi,Ensemble
2026-04-25,28,0,wk inc flu hosp,2026-04-25,quantile,0.7,19,Mississippi,Ensemble
2026-04-25,28,0,wk inc flu hosp,2026-04-25,quantile,0.75,21,Mississippi,Ensemble
2026-04-25,28,0,wk inc flu hosp,2026-04-25,quantile,0.8,23,Mississippi,Ensemble
2026-04-25,28,0,wk inc flu hosp,2026-04-25,quantile,0.85,25,Mississippi,Ensemble
2026-04-25,28,0,wk inc flu hosp,2026-04-25,quantile,0.9,30,Mississippi,Ensemble
2026-04-25,28,0,wk inc flu hosp,2026-04-25,quantile,0.95,35,Mississippi,Ensemble
2026-04-25,28,0,wk inc flu hosp,2026-04-25,quantile,0.975,40,Mississippi,Ensemble
2026-04-25,28,0,wk inc flu hosp,2026-04-25,quantile,0.99,46,Mississippi,Ensemble
2026-04-25,28,1,wk inc flu hosp,2026-05-02,quantile,0.01,1,Mississippi,Ensemble
2026-04-25,28,1,wk inc flu hosp,2026-05-02,quantile,0.025,2,Mississippi,Ensemble
2026-04-25,28,1,wk inc flu hosp,2026-05-02,quantile,0.05,2,Mississippi,Ensemble
2026-04-25,28,1,wk inc flu hosp,2026-05-02,quantile,0.1,3,Mississippi,Ensemble
2026-04-25,28,1,wk inc flu hosp,2026-05-02,quantile,0.15,4,Mississippi,Ensemble
2026-04-25,28,1,wk inc flu hosp,2026-05-02,quantile,0.2,5,Mississippi,Ensemble
2026-04-25,28,1,wk inc flu hosp,2026-05-02,quantile,0.25,6,Mississippi,Ensemble
2026-04-25,28,1,wk inc flu hosp,2026-05-02,quantile,0.3,7,Mississippi,Ensemble
2026-04-25,28,1,wk inc flu hosp,2026-05-02,quantile,0.35,8,Mississippi,Ensemble
2026-04-25,28,1,wk inc flu hosp,2026-05-02,quantile,0.4,9,Mississippi,Ensemble
2026-04-25,28,1,wk inc flu hosp,2026-05-02,quantile,0.45,10,Mississippi,Ensemble
2026-04-25,28,1,wk inc flu hosp,2026-05-02,quantile,0.5,13,Mississippi,Ensemble
2026-04-25,28,1,wk inc flu hosp,2026-05-02,quantile,0.55,14,Mississippi,Ensemble
2026-04-25,28,1,wk inc flu hosp,2026-05-02,quantile,0.6,16,Mississippi,Ensemble
2026-04-25,28,1,wk inc flu hosp,2026-05-02,quantile,0.65,18,Mississippi,Ensemble
2026-04-25,28,1,wk inc flu hosp,2026-05-02,quantile,0.7,19,Mississippi,Ensemble
2026-04-25,28,1,wk inc flu hosp,2026-05-02,quantile,0.75,21,Mississippi,Ensemble
2026-04-25,28,1,wk inc flu hosp,2026-05-02,quantile,0.8,25,Mississippi,Ensemble
2026-04-25,28,1,wk inc flu hosp,2026-05-02,quantile,0.85,28,Mississippi,Ensemble
2026-04-25,28,1,wk inc flu hosp,2026-05-02,quantile,0.9,34,Mississippi,Ensemble
2026-04-25,28,1,wk inc flu hosp,2026-05-02,quantile,0.95,42,Mississippi,Ensemble
2026-04-25,28,1,wk inc flu hosp,2026-05-02,quantile,0.975,48,Mississippi,Ensemble
2026-04-25,28,1,wk inc flu hosp,2026-05-02,quantile,0.99,56,Mississippi,Ensemble
2026-04-25,28,2,wk inc flu hosp,2026-05-09,quantile,0.01,1,Mississippi,Ensemble
2026-04-25,28,2,wk inc flu hosp,2026-05-09,quantile,0.025,1,Mississippi,Ensemble
2026-04-25,28,2,wk inc flu hosp,2026-05-09,quantile,0.05,2,Mississippi,Ensemble
2026-04-25,28,2,wk inc flu hosp,2026-05-09,quantile,0.1,3,Mississippi,Ensemble
2026-04-25,28,2,wk inc flu hosp,2026-05-09,quantile,0.15,4,Mississippi,Ensemble
2026-04-25,28,2,wk inc flu hosp,2026-05-09,quantile,0.2,4,Mississippi,Ensemble
2026-04-25,28,2,wk inc flu hosp,2026-05-09,quantile,0.25,5,Mississippi,Ensemble
2026-04-25,28,2,wk inc flu hosp,2026-05-09,quantile,0.3,6,Mississippi,Ensemble
2026-04-25,28,2,wk inc flu hosp,2026-05-09,quantile,0.35,7,Mississippi,Ensemble
2026-04-25,28,2,wk inc flu hosp,2026-05-09,quantile,0.4,8,Mississippi,Ensemble
2026-04-25,28,2,wk inc flu hosp,2026-05-09,quantile,0.45,9,Mississippi,Ensemble
2026-04-25,28,2,wk inc flu hosp,2026-05-09,quantile,0.5,12,Mississippi,Ensemble
2026-04-25,28,2,wk inc flu hosp,2026-05-09,quantile,0.55,15,Mississippi,Ensemble
2026-04-25,28,2,wk inc flu hosp,2026-05-09,quantile,0.6,16,Mississippi,Ensemble
2026-04-25,28,2,wk inc flu hosp,2026-05-09,quantile,0.65,18,Mississippi,Ensemble
2026-04-25,28,2,wk inc flu hosp,2026-05-09,quantile,0.7,21,Mississippi,Ensemble
2026-04-25,28,2,wk inc flu hosp,2026-05-09,quantile,0.75,24,Mississippi,Ensemble
2026-04-25,28,2,wk inc flu hosp,2026-05-09,quantile,0.8,27,Mississippi,Ensemble
2026-04-25,28,2,wk inc flu hosp,2026-05-09,quantile,0.85,31,Mississippi,Ensemble
2026-04-25,28,2,wk inc flu hosp,2026-05-09,quantile,0.9,36,Mississippi,Ensemble
2026-04-25,28,2,wk inc flu hosp,2026-05-09,quantile,0.95,47,Mississippi,Ensemble
2026-04-25,28,2,wk inc flu hosp,2026-05-09,quantile,0.975,55,Mississippi,Ensemble
2026-04-25,28,2,wk inc flu hosp,2026-05-09,quantile,0.99,64,Mississippi,Ensemble
2026-04-25,28,3,wk inc flu hosp,2026-05-16,quantile,0.01,1,Mississippi,Ensemble
2026-04-25,28,3,wk inc flu hosp,2026-05-16,quantile,0.025,1,Mississippi,Ensemble
2026-04-25,28,3,wk inc flu hosp,2026-05-16,quantile,0.05,2,Mississippi,Ensemble
2026-04-25,28,3,wk inc flu hosp,2026-05-16,quantile,0.1,2,Mississippi,Ensemble
2026-04-25,28,3,wk inc flu hosp,2026-05-16,quantile,0.15,3,Mississippi,Ensemble
2026-04-25,28,3,wk inc flu hosp,2026-05-16,quantile,0.2,4,Mississippi,Ensemble
2026-04-25,28,3,wk inc flu hosp,2026-05-16,quantile,0.25,4,Mississippi,Ensemble
2026-04-25,28,3,wk inc flu hosp,2026-05-16,quantile,0.3,5,Mississippi,Ensemble
2026-04-25,28,3,wk inc flu hosp,2026-05-16,quantile,0.35,6,Mississippi,Ensemble
2026-04-25,28,3,wk inc flu hosp,2026-05-16,quantile,0.4,7,Mississippi,Ensemble
2026-04-25,28,3,wk inc flu hosp,2026-05-16,quantile,0.45,8,Mississippi,Ensemble
2026-04-25,28,3,wk inc flu hosp,2026-05-16,quantile,0.5,11,Mississippi,Ensemble
2026-04-25,28,3,wk inc flu hosp,2026-05-16,quantile,0.55,13,Mississippi,Ensemble
2026-04-25,28,3,wk inc flu hosp,2026-05-16,quantile,0.6,15,Mississippi,Ensemble
2026-04-25,28,3,wk inc flu hosp,2026-05-16,quantile,0.65,17,Mississippi,Ensemble
2026-04-25,28,3,wk inc flu hosp,2026-05-16,quantile,0.7,22,Mississippi,Ensemble
2026-04-25,28,3,wk inc flu hosp,2026-05-16,quantile,0.75,25,Mississippi,Ensemble
2026-04-25,28,3,wk inc flu hosp,2026-05-16,quantile,0.8,28,Mississippi,Ensemble
2026-04-25,28,3,wk inc flu hosp,2026-05-16,quantile,0.85,32,Mississippi,Ensemble
2026-04-25,28,3,wk inc flu hosp,2026-05-16,quantile,0.9,39,Mississippi,Ensemble
2026-04-25,28,3,wk inc flu hosp,2026-05-16,quantile,0.95,50,Mississippi,Ensemble
2026-04-25,28,3,wk inc flu hosp,2026-05-16,quantile,0.975,59,Mississippi,Ensemble
2026-04-25,28,3,wk inc flu hosp,2026-05-16,quantile,0.99,71,Mississippi,Ensemble
2026-04-25,29,0,wk inc flu hosp,2026-04-25,quantile,0.01,2,Missouri,Ensemble
2026-04-25,29,0,wk inc flu hosp,2026-04-25,quantile,0.025,3,Missouri,Ensemble
2026-04-25,29,0,wk inc flu hosp,2026-04-25,quantile,0.05,5,Missouri,Ensemble
2026-04-25,29,0,wk inc flu hosp,2026-04-25,quantile,0.1,6,Missouri,Ensemble
2026-04-25,29,0,wk inc flu hosp,2026-04-25,quantile,0.15,7,Missouri,Ensemble
2026-04-25,29,0,wk inc flu hosp,2026-04-25,quantile,0.2,8,Missouri,Ensemble
2026-04-25,29,0,wk inc flu hosp,2026-04-25,quantile,0.25,9,Missouri,Ensemble
2026-04-25,29,0,wk inc flu hosp,2026-04-25,quantile,0.3,11,Missouri,Ensemble
2026-04-25,29,0,wk inc flu hosp,2026-04-25,quantile,0.35,12,Missouri,Ensemble
2026-04-25,29,0,wk inc flu hosp,2026-04-25,quantile,0.4,14,Missouri,Ensemble
2026-04-25,29,0,wk inc flu hosp,2026-04-25,quantile,0.45,15,Missouri,Ensemble
2026-04-25,29,0,wk inc flu hosp,2026-04-25,quantile,0.5,19,Missouri,Ensemble
2026-04-25,29,0,wk inc flu hosp,2026-04-25,quantile,0.55,21,Missouri,Ensemble
2026-04-25,29,0,wk inc flu hosp,2026-04-25,quantile,0.6,24,Missouri,Ensemble
2026-04-25,29,0,wk inc flu hosp,2026-04-25,quantile,0.65,26,Missouri,Ensemble
2026-04-25,29,0,wk inc flu hosp,2026-04-25,quantile,0.7,29,Missouri,Ensemble
2026-04-25,29,0,wk inc flu hosp,2026-04-25,quantile,0.75,32,Missouri,Ensemble
2026-04-25,29,0,wk inc flu hosp,2026-04-25,quantile,0.8,35,Missouri,Ensemble
2026-04-25,29,0,wk inc flu hosp,2026-04-25,quantile,0.85,41,Missouri,Ensemble
2026-04-25,29,0,wk inc flu hosp,2026-04-25,quantile,0.9,49,Missouri,Ensemble
2026-04-25,29,0,wk inc flu hosp,2026-04-25,quantile,0.95,67,Missouri,Ensemble
2026-04-25,29,0,wk inc flu hosp,2026-04-25,quantile,0.975,78,Missouri,Ensemble
2026-04-25,29,0,wk inc flu hosp,2026-04-25,quantile,0.99,92,Missouri,Ensemble
2026-04-25,29,1,wk inc flu hosp,2026-05-02,quantile,0.01,1,Missouri,Ensemble
2026-04-25,29,1,wk inc flu hosp,2026-05-02,quantile,0.025,2,Missouri,Ensemble
2026-04-25,29,1,wk inc flu hosp,2026-05-02,quantile,0.05,3,Missouri,Ensemble
2026-04-25,29,1,wk inc flu hosp,2026-05-02,quantile,0.1,4,Missouri,Ensemble
2026-04-25,29,1,wk inc flu hosp,2026-05-02,quantile,0.15,5,Missouri,Ensemble
2026-04-25,29,1,wk inc flu hosp,2026-05-02,quantile,0.2,6,Missouri,Ensemble
2026-04-25,29,1,wk inc flu hosp,2026-05-02,quantile,0.25,7,Missouri,Ensemble
2026-04-25,29,1,wk inc flu hosp,2026-05-02,quantile,0.3,8,Missouri,Ensemble
2026-04-25,29,1,wk inc flu hosp,2026-05-02,quantile,0.35,10,Missouri,Ensemble
2026-04-25,29,1,wk inc flu hosp,2026-05-02,quantile,0.4,11,Missouri,Ensemble
2026-04-25,29,1,wk inc flu hosp,2026-05-02,quantile,0.45,13,Missouri,Ensemble
2026-04-25,29,1,wk inc flu hosp,2026-05-02,quantile,0.5,16,Missouri,Ensemble
2026-04-25,29,1,wk inc flu hosp,2026-05-02,quantile,0.55,19,Missouri,Ensemble
2026-04-25,29,1,wk inc flu hosp,2026-05-02,quantile,0.6,22,Missouri,Ensemble
2026-04-25,29,1,wk inc flu hosp,2026-05-02,quantile,0.65,24,Missouri,Ensemble
2026-04-25,29,1,wk inc flu hosp,2026-05-02,quantile,0.7,29,Missouri,Ensemble
2026-04-25,29,1,wk inc flu hosp,2026-05-02,quantile,0.75,32,Missouri,Ensemble
2026-04-25,29,1,wk inc flu hosp,2026-05-02,quantile,0.8,39,Missouri,Ensemble
2026-04-25,29,1,wk inc flu hosp,2026-05-02,quantile,0.85,48,Missouri,Ensemble
2026-04-25,29,1,wk inc flu hosp,2026-05-02,quantile,0.9,55,Missouri,Ensemble
2026-04-25,29,1,wk inc flu hosp,2026-05-02,quantile,0.95,80,Missouri,Ensemble
2026-04-25,29,1,wk inc flu hosp,2026-05-02,quantile,0.975,95,Missouri,Ensemble
2026-04-25,29,1,wk inc flu hosp,2026-05-02,quantile,0.99,114,Missouri,Ensemble
2026-04-25,29,2,wk inc flu hosp,2026-05-09,quantile,0.01,1,Missouri,Ensemble
2026-04-25,29,2,wk inc flu hosp,2026-05-09,quantile,0.025,1,Missouri,Ensemble
2026-04-25,29,2,wk inc flu hosp,2026-05-09,quantile,0.05,2,Missouri,Ensemble
2026-04-25,29,2,wk inc flu hosp,2026-05-09,quantile,0.1,3,Missouri,Ensemble
2026-04-25,29,2,wk inc flu hosp,2026-05-09,quantile,0.15,4,Missouri,Ensemble
2026-04-25,29,2,wk inc flu hosp,2026-05-09,quantile,0.2,5,Missouri,Ensemble
2026-04-25,29,2,wk inc flu hosp,2026-05-09,quantile,0.25,6,Missouri,Ensemble
2026-04-25,29,2,wk inc flu hosp,2026-05-09,quantile,0.3,6,Missouri,Ensemble
2026-04-25,29,2,wk inc flu hosp,2026-05-09,quantile,0.35,7,Missouri,Ensemble
2026-04-25,29,2,wk inc flu hosp,2026-05-09,quantile,0.4,9,Missouri,Ensemble
2026-04-25,29,2,wk inc flu hosp,2026-05-09,quantile,0.45,10,Missouri,Ensemble
2026-04-25,29,2,wk inc flu hosp,2026-05-09,quantile,0.5,13,Missouri,Ensemble
2026-04-25,29,2,wk inc flu hosp,2026-05-09,quantile,0.55,15,Missouri,Ensemble
2026-04-25,29,2,wk inc flu hosp,2026-05-09,quantile,0.6,19,Missouri,Ensemble
2026-04-25,29,2,wk inc flu hosp,2026-05-09,quantile,0.65,22,Missouri,Ensemble
2026-04-25,29,2,wk inc flu hosp,2026-05-09,quantile,0.7,25,Missouri,Ensemble
2026-04-25,29,2,wk inc flu hosp,2026-05-09,quantile,0.75,30,Missouri,Ensemble
2026-04-25,29,2,wk inc flu hosp,2026-05-09,quantile,0.8,36,Missouri,Ensemble
2026-04-25,29,2,wk inc flu hosp,2026-05-09,quantile,0.85,54,Missouri,Ensemble
2026-04-25,29,2,wk inc flu hosp,2026-05-09,quantile,0.9,67,Missouri,Ensemble
2026-04-25,29,2,wk inc flu hosp,2026-05-09,quantile,0.95,85,Missouri,Ensemble
2026-04-25,29,2,wk inc flu hosp,2026-05-09,quantile,0.975,102,Missouri,Ensemble
2026-04-25,29,2,wk inc flu hosp,2026-05-09,quantile,0.99,124,Missouri,Ensemble
2026-04-25,29,3,wk inc flu hosp,2026-05-16,quantile,0.01,1,Missouri,Ensemble
2026-04-25,29,3,wk inc flu hosp,2026-05-16,quantile,0.025,1,Missouri,Ensemble
2026-04-25,29,3,wk inc flu hosp,2026-05-16,quantile,0.05,1,Missouri,Ensemble
2026-04-25,29,3,wk inc flu hosp,2026-05-16,quantile,0.1,2,Missouri,Ensemble
2026-04-25,29,3,wk inc flu hosp,2026-05-16,quantile,0.15,3,Missouri,Ensemble
2026-04-25,29,3,wk inc flu hosp,2026-05-16,quantile,0.2,4,Missouri,Ensemble
2026-04-25,29,3,wk inc flu hosp,2026-05-16,quantile,0.25,4,Missouri,Ensemble
2026-04-25,29,3,wk inc flu hosp,2026-05-16,quantile,0.3,5,Missouri,Ensemble
2026-04-25,29,3,wk inc flu hosp,2026-05-16,quantile,0.35,6,Missouri,Ensemble
2026-04-25,29,3,wk inc flu hosp,2026-05-16,quantile,0.4,7,Missouri,Ensemble
2026-04-25,29,3,wk inc flu hosp,2026-05-16,quantile,0.45,9,Missouri,Ensemble
2026-04-25,29,3,wk inc flu hosp,2026-05-16,quantile,0.5,12,Missouri,Ensemble
2026-04-25,29,3,wk inc flu hosp,2026-05-16,quantile,0.55,14,Missouri,Ensemble
2026-04-25,29,3,wk inc flu hosp,2026-05-16,quantile,0.6,17,Missouri,Ensemble
2026-04-25,29,3,wk inc flu hosp,2026-05-16,quantile,0.65,22,Missouri,Ensemble
2026-04-25,29,3,wk inc flu hosp,2026-05-16,quantile,0.7,26,Missouri,Ensemble
2026-04-25,29,3,wk inc flu hosp,2026-05-16,quantile,0.75,31,Missouri,Ensemble
2026-04-25,29,3,wk inc flu hosp,2026-05-16,quantile,0.8,37,Missouri,Ensemble
2026-04-25,29,3,wk inc flu hosp,2026-05-16,quantile,0.85,49,Missouri,Ensemble
2026-04-25,29,3,wk inc flu hosp,2026-05-16,quantile,0.9,69,Missouri,Ensemble
2026-04-25,29,3,wk inc flu hosp,2026-05-16,quantile,0.95,91,Missouri,Ensemble
2026-04-25,29,3,wk inc flu hosp,2026-05-16,quantile,0.975,110,Missouri,Ensemble
2026-04-25,29,3,wk inc flu hosp,2026-05-16,quantile,0.99,136,Missouri,Ensemble
2026-04-25,30,0,wk inc flu hosp,2026-04-25,quantile,0.01,0,Montana,Ensemble
2026-04-25,30,0,wk inc flu hosp,2026-04-25,quantile,0.025,0,Montana,Ensemble
2026-04-25,30,0,wk inc flu hosp,2026-04-25,quantile,0.05,0,Montana,Ensemble
2026-04-25,30,0,wk inc flu hosp,2026-04-25,quantile,0.1,0,Montana,Ensemble
2026-04-25,30,0,wk inc flu hosp,2026-04-25,quantile,0.15,1,Montana,Ensemble
2026-04-25,30,0,wk inc flu hosp,2026-04-25,quantile,0.2,1,Montana,Ensemble
2026-04-25,30,0,wk inc flu hosp,2026-04-25,quantile,0.25,1,Montana,Ensemble
2026-04-25,30,0,wk inc flu hosp,2026-04-25,quantile,0.3,2,Montana,Ensemble
2026-04-25,30,0,wk inc flu hosp,2026-04-25,quantile,0.35,2,Montana,Ensemble
2026-04-25,30,0,wk inc flu hosp,2026-04-25,quantile,0.4,3,Montana,Ensemble
2026-04-25,30,0,wk inc flu hosp,2026-04-25,quantile,0.45,3,Montana,Ensemble
2026-04-25,30,0,wk inc flu hosp,2026-04-25,quantile,0.5,5,Montana,Ensemble
2026-04-25,30,0,wk inc flu hosp,2026-04-25,quantile,0.55,5,Montana,Ensemble
2026-04-25,30,0,wk inc flu hosp,2026-04-25,quantile,0.6,6,Montana,Ensemble
2026-04-25,30,0,wk inc flu hosp,2026-04-25,quantile,0.65,7,Montana,Ensemble
2026-04-25,30,0,wk inc flu hosp,2026-04-25,quantile,0.7,7,Montana,Ensemble
2026-04-25,30,0,wk inc flu hosp,2026-04-25,quantile,0.75,8,Montana,Ensemble
2026-04-25,30,0,wk inc flu hosp,2026-04-25,quantile,0.8,10,Montana,Ensemble
2026-04-25,30,0,wk inc flu hosp,2026-04-25,quantile,0.85,11,Montana,Ensemble
2026-04-25,30,0,wk inc flu hosp,2026-04-25,quantile,0.9,13,Montana,Ensemble
2026-04-25,30,0,wk inc flu hosp,2026-04-25,quantile,0.95,17,Montana,Ensemble
2026-04-25,30,0,wk inc flu hosp,2026-04-25,quantile,0.975,20,Montana,Ensemble
2026-04-25,30,0,wk inc flu hosp,2026-04-25,quantile,0.99,23,Montana,Ensemble
2026-04-25,30,1,wk inc flu hosp,2026-05-02,quantile,0.01,0,Montana,Ensemble
2026-04-25,30,1,wk inc flu hosp,2026-05-02,quantile,0.025,0,Montana,Ensemble
2026-04-25,30,1,wk inc flu hosp,2026-05-02,quantile,0.05,0,Montana,Ensemble
2026-04-25,30,1,wk inc flu hosp,2026-05-02,quantile,0.1,0,Montana,Ensemble
2026-04-25,30,1,wk inc flu hosp,2026-05-02,quantile,0.15,0,Montana,Ensemble
2026-04-25,30,1,wk inc flu hosp,2026-05-02,quantile,0.2,0,Montana,Ensemble
2026-04-25,30,1,wk inc flu hosp,2026-05-02,quantile,0.25,1,Montana,Ensemble
2026-04-25,30,1,wk inc flu hosp,2026-05-02,quantile,0.3,1,Montana,Ensemble
2026-04-25,30,1,wk inc flu hosp,2026-05-02,quantile,0.35,1,Montana,Ensemble
2026-04-25,30,1,wk inc flu hosp,2026-05-02,quantile,0.4,2,Montana,Ensemble
2026-04-25,30,1,wk inc flu hosp,2026-05-02,quantile,0.45,2,Montana,Ensemble
2026-04-25,30,1,wk inc flu hosp,2026-05-02,quantile,0.5,4,Montana,Ensemble
2026-04-25,30,1,wk inc flu hosp,2026-05-02,quantile,0.55,5,Montana,Ensemble
2026-04-25,30,1,wk inc flu hosp,2026-05-02,quantile,0.6,5,Montana,Ensemble
2026-04-25,30,1,wk inc flu hosp,2026-05-02,quantile,0.65,6,Montana,Ensemble
2026-04-25,30,1,wk inc flu hosp,2026-05-02,quantile,0.7,7,Montana,Ensemble
2026-04-25,30,1,wk inc flu hosp,2026-05-02,quantile,0.75,8,Montana,Ensemble
2026-04-25,30,1,wk inc flu hosp,2026-05-02,quantile,0.8,9,Montana,Ensemble
2026-04-25,30,1,wk inc flu hosp,2026-05-02,quantile,0.85,11,Montana,Ensemble
2026-04-25,30,1,wk inc flu hosp,2026-05-02,quantile,0.9,14,Montana,Ensemble
2026-04-25,30,1,wk inc flu hosp,2026-05-02,quantile,0.95,18,Montana,Ensemble
2026-04-25,30,1,wk inc flu hosp,2026-05-02,quantile,0.975,22,Montana,Ensemble
2026-04-25,30,1,wk inc flu hosp,2026-05-02,quantile,0.99,27,Montana,Ensemble
2026-04-25,30,2,wk inc flu hosp,2026-05-09,quantile,0.01,0,Montana,Ensemble
2026-04-25,30,2,wk inc flu hosp,2026-05-09,quantile,0.025,0,Montana,Ensemble
2026-04-25,30,2,wk inc flu hosp,2026-05-09,quantile,0.05,0,Montana,Ensemble
2026-04-25,30,2,wk inc flu hosp,2026-05-09,quantile,0.1,0,Montana,Ensemble
2026-04-25,30,2,wk inc flu hosp,2026-05-09,quantile,0.15,0,Montana,Ensemble
2026-04-25,30,2,wk inc flu hosp,2026-05-09,quantile,0.2,0,Montana,Ensemble
2026-04-25,30,2,wk inc flu hosp,2026-05-09,quantile,0.25,0,Montana,Ensemble
2026-04-25,30,2,wk inc flu hosp,2026-05-09,quantile,0.3,1,Montana,Ensemble
2026-04-25,30,2,wk inc flu hosp,2026-05-09,quantile,0.35,1,Montana,Ensemble
2026-04-25,30,2,wk inc flu hosp,2026-05-09,quantile,0.4,1,Montana,Ensemble
2026-04-25,30,2,wk inc flu hosp,2026-05-09,quantile,0.45,1,Montana,Ensemble
2026-04-25,30,2,wk inc flu hosp,2026-05-09,quantile,0.5,3,Montana,Ensemble
2026-04-25,30,2,wk inc flu hosp,2026-05-09,quantile,0.55,3,Montana,Ensemble
2026-04-25,30,2,wk inc flu hosp,2026-05-09,quantile,0.6,4,Montana,Ensemble
2026-04-25,30,2,wk inc flu hosp,2026-05-09,quantile,0.65,5,Montana,Ensemble
2026-04-25,30,2,wk inc flu hosp,2026-05-09,quantile,0.7,6,Montana,Ensemble
2026-04-25,30,2,wk inc flu hosp,2026-05-09,quantile,0.75,7,Montana,Ensemble
2026-04-25,30,2,wk inc flu hosp,2026-05-09,quantile,0.8,10,Montana,Ensemble
2026-04-25,30,2,wk inc flu hosp,2026-05-09,quantile,0.85,11,Montana,Ensemble
2026-04-25,30,2,wk inc flu hosp,2026-05-09,quantile,0.9,14,Montana,Ensemble
2026-04-25,30,2,wk inc flu hosp,2026-05-09,quantile,0.95,19,Montana,Ensemble
2026-04-25,30,2,wk inc flu hosp,2026-05-09,quantile,0.975,23,Montana,Ensemble
2026-04-25,30,2,wk inc flu hosp,2026-05-09,quantile,0.99,30,Montana,Ensemble
2026-04-25,30,3,wk inc flu hosp,2026-05-16,quantile,0.01,0,Montana,Ensemble
2026-04-25,30,3,wk inc flu hosp,2026-05-16,quantile,0.025,0,Montana,Ensemble
2026-04-25,30,3,wk inc flu hosp,2026-05-16,quantile,0.05,0,Montana,Ensemble
2026-04-25,30,3,wk inc flu hosp,2026-05-16,quantile,0.1,0,Montana,Ensemble
2026-04-25,30,3,wk inc flu hosp,2026-05-16,quantile,0.15,0,Montana,Ensemble
2026-04-25,30,3,wk inc flu hosp,2026-05-16,quantile,0.2,0,Montana,Ensemble
2026-04-25,30,3,wk inc flu hosp,2026-05-16,quantile,0.25,0,Montana,Ensemble
2026-04-25,30,3,wk inc flu hosp,2026-05-16,quantile,0.3,0,Montana,Ensemble
2026-04-25,30,3,wk inc flu hosp,2026-05-16,quantile,0.35,1,Montana,Ensemble
2026-04-25,30,3,wk inc flu hosp,2026-05-16,quantile,0.4,1,Montana,Ensemble
2026-04-25,30,3,wk inc flu hosp,2026-05-16,quantile,0.45,1,Montana,Ensemble
2026-04-25,30,3,wk inc flu hosp,2026-05-16,quantile,0.5,3,Montana,Ensemble
2026-04-25,30,3,wk inc flu hosp,2026-05-16,quantile,0.55,3,Montana,Ensemble
2026-04-25,30,3,wk inc flu hosp,2026-05-16,quantile,0.6,4,Montana,Ensemble
2026-04-25,30,3,wk inc flu hosp,2026-05-16,quantile,0.65,4,Montana,Ensemble
2026-04-25,30,3,wk inc flu hosp,2026-05-16,quantile,0.7,6,Montana,Ensemble
2026-04-25,30,3,wk inc flu hosp,2026-05-16,quantile,0.75,7,Montana,Ensemble
2026-04-25,30,3,wk inc flu hosp,2026-05-16,quantile,0.8,9,Montana,Ensemble
2026-04-25,30,3,wk inc flu hosp,2026-05-16,quantile,0.85,11,Montana,Ensemble
2026-04-25,30,3,wk inc flu hosp,2026-05-16,quantile,0.9,14,Montana,Ensemble
2026-04-25,30,3,wk inc flu hosp,2026-05-16,quantile,0.95,20,Montana,Ensemble
2026-04-25,30,3,wk inc flu hosp,2026-05-16,quantile,0.975,24,Montana,Ensemble
2026-04-25,30,3,wk inc flu hosp,2026-05-16,quantile,0.99,31,Montana,Ensemble
2026-04-25,31,0,wk inc flu hosp,2026-04-25,quantile,0.01,0,Nebraska,Ensemble
2026-04-25,31,0,wk inc flu hosp,2026-04-25,quantile,0.025,0,Nebraska,Ensemble
2026-04-25,31,0,wk inc flu hosp,2026-04-25,quantile,0.05,1,Nebraska,Ensemble
2026-04-25,31,0,wk inc flu hosp,2026-04-25,quantile,0.1,1,Nebraska,Ensemble
2026-04-25,31,0,wk inc flu hosp,2026-04-25,quantile,0.15,1,Nebraska,Ensemble
2026-04-25,31,0,wk inc flu hosp,2026-04-25,quantile,0.2,2,Nebraska,Ensemble
2026-04-25,31,0,wk inc flu hosp,2026-04-25,quantile,0.25,2,Nebraska,Ensemble
2026-04-25,31,0,wk inc flu hosp,2026-04-25,quantile,0.3,3,Nebraska,Ensemble
2026-04-25,31,0,wk inc flu hosp,2026-04-25,quantile,0.35,3,Nebraska,Ensemble
2026-04-25,31,0,wk inc flu hosp,2026-04-25,quantile,0.4,4,Nebraska,Ensemble
2026-04-25,31,0,wk inc flu hosp,2026-04-25,quantile,0.45,5,Nebraska,Ensemble
2026-04-25,31,0,wk inc flu hosp,2026-04-25,quantile,0.5,6,Nebraska,Ensemble
2026-04-25,31,0,wk inc flu hosp,2026-04-25,quantile,0.55,7,Nebraska,Ensemble
2026-04-25,31,0,wk inc flu hosp,2026-04-25,quantile,0.6,8,Nebraska,Ensemble
2026-04-25,31,0,wk inc flu hosp,2026-04-25,quantile,0.65,9,Nebraska,Ensemble
2026-04-25,31,0,wk inc flu hosp,2026-04-25,quantile,0.7,10,Nebraska,Ensemble
2026-04-25,31,0,wk inc flu hosp,2026-04-25,quantile,0.75,11,Nebraska,Ensemble
2026-04-25,31,0,wk inc flu hosp,2026-04-25,quantile,0.8,12,Nebraska,Ensemble
2026-04-25,31,0,wk inc flu hosp,2026-04-25,quantile,0.85,13,Nebraska,Ensemble
2026-04-25,31,0,wk inc flu hosp,2026-04-25,quantile,0.9,17,Nebraska,Ensemble
2026-04-25,31,0,wk inc flu hosp,2026-04-25,quantile,0.95,20,Nebraska,Ensemble
2026-04-25,31,0,wk inc flu hosp,2026-04-25,quantile,0.975,24,Nebraska,Ensemble
2026-04-25,31,0,wk inc flu hosp,2026-04-25,quantile,0.99,30,Nebraska,Ensemble
2026-04-25,31,1,wk inc flu hosp,2026-05-02,quantile,0.01,0,Nebraska,Ensemble
2026-04-25,31,1,wk inc flu hosp,2026-05-02,quantile,0.025,0,Nebraska,Ensemble
2026-04-25,31,1,wk inc flu hosp,2026-05-02,quantile,0.05,0,Nebraska,Ensemble
2026-04-25,31,1,wk inc flu hosp,2026-05-02,quantile,0.1,1,Nebraska,Ensemble
2026-04-25,31,1,wk inc flu hosp,2026-05-02,quantile,0.15,1,Nebraska,Ensemble
2026-04-25,31,1,wk inc flu hosp,2026-05-02,quantile,0.2,1,Nebraska,Ensemble
2026-04-25,31,1,wk inc flu hosp,2026-05-02,quantile,0.25,1,Nebraska,Ensemble
2026-04-25,31,1,wk inc flu hosp,2026-05-02,quantile,0.3,2,Nebraska,Ensemble
2026-04-25,31,1,wk inc flu hosp,2026-05-02,quantile,0.35,2,Nebraska,Ensemble
2026-04-25,31,1,wk inc flu hosp,2026-05-02,quantile,0.4,3,Nebraska,Ensemble
2026-04-25,31,1,wk inc flu hosp,2026-05-02,quantile,0.45,3,Nebraska,Ensemble
2026-04-25,31,1,wk inc flu hosp,2026-05-02,quantile,0.5,5,Nebraska,Ensemble
2026-04-25,31,1,wk inc flu hosp,2026-05-02,quantile,0.55,6,Nebraska,Ensemble
2026-04-25,31,1,wk inc flu hosp,2026-05-02,quantile,0.6,7,Nebraska,Ensemble
2026-04-25,31,1,wk inc flu hosp,2026-05-02,quantile,0.65,8,Nebraska,Ensemble
2026-04-25,31,1,wk inc flu hosp,2026-05-02,quantile,0.7,9,Nebraska,Ensemble
2026-04-25,31,1,wk inc flu hosp,2026-05-02,quantile,0.75,10,Nebraska,Ensemble
2026-04-25,31,1,wk inc flu hosp,2026-05-02,quantile,0.8,12,Nebraska,Ensemble
2026-04-25,31,1,wk inc flu hosp,2026-05-02,quantile,0.85,14,Nebraska,Ensemble
2026-04-25,31,1,wk inc flu hosp,2026-05-02,quantile,0.9,18,Nebraska,Ensemble
2026-04-25,31,1,wk inc flu hosp,2026-05-02,quantile,0.95,23,Nebraska,Ensemble
2026-04-25,31,1,wk inc flu hosp,2026-05-02,quantile,0.975,28,Nebraska,Ensemble
2026-04-25,31,1,wk inc flu hosp,2026-05-02,quantile,0.99,34,Nebraska,Ensemble
2026-04-25,31,2,wk inc flu hosp,2026-05-09,quantile,0.01,0,Nebraska,Ensemble
2026-04-25,31,2,wk inc flu hosp,2026-05-09,quantile,0.025,0,Nebraska,Ensemble
2026-04-25,31,2,wk inc flu hosp,2026-05-09,quantile,0.05,0,Nebraska,Ensemble
2026-04-25,31,2,wk inc flu hosp,2026-05-09,quantile,0.1,0,Nebraska,Ensemble
2026-04-25,31,2,wk inc flu hosp,2026-05-09,quantile,0.15,0,Nebraska,Ensemble
2026-04-25,31,2,wk inc flu hosp,2026-05-09,quantile,0.2,1,Nebraska,Ensemble
2026-04-25,31,2,wk inc flu hosp,2026-05-09,quantile,0.25,1,Nebraska,Ensemble
2026-04-25,31,2,wk inc flu hosp,2026-05-09,quantile,0.3,1,Nebraska,Ensemble
2026-04-25,31,2,wk inc flu hosp,2026-05-09,quantile,0.35,2,Nebraska,Ensemble
2026-04-25,31,2,wk inc flu hosp,2026-05-09,quantile,0.4,2,Nebraska,Ensemble
2026-04-25,31,2,wk inc flu hosp,2026-05-09,quantile,0.45,2,Nebraska,Ensemble
2026-04-25,31,2,wk inc flu hosp,2026-05-09,quantile,0.5,4,Nebraska,Ensemble
2026-04-25,31,2,wk inc flu hosp,2026-05-09,quantile,0.55,5,Nebraska,Ensemble
2026-04-25,31,2,wk inc flu hosp,2026-05-09,quantile,0.6,6,Nebraska,Ensemble
2026-04-25,31,2,wk inc flu hosp,2026-05-09,quantile,0.65,7,Nebraska,Ensemble
2026-04-25,31,2,wk inc flu hosp,2026-05-09,quantile,0.7,8,Nebraska,Ensemble
2026-04-25,31,2,wk inc flu hosp,2026-05-09,quantile,0.75,10,Nebraska,Ensemble
2026-04-25,31,2,wk inc flu hosp,2026-05-09,quantile,0.8,13,Nebraska,Ensemble
2026-04-25,31,2,wk inc flu hosp,2026-05-09,quantile,0.85,15,Nebraska,Ensemble
2026-04-25,31,2,wk inc flu hosp,2026-05-09,quantile,0.9,19,Nebraska,Ensemble
2026-04-25,31,2,wk inc flu hosp,2026-05-09,quantile,0.95,27,Nebraska,Ensemble
2026-04-25,31,2,wk inc flu hosp,2026-05-09,quantile,0.975,33,Nebraska,Ensemble
2026-04-25,31,2,wk inc flu hosp,2026-05-09,quantile,0.99,42,Nebraska,Ensemble
2026-04-25,31,3,wk inc flu hosp,2026-05-16,quantile,0.01,0,Nebraska,Ensemble
2026-04-25,31,3,wk inc flu hosp,2026-05-16,quantile,0.025,0,Nebraska,Ensemble
2026-04-25,31,3,wk inc flu hosp,2026-05-16,quantile,0.05,0,Nebraska,Ensemble
2026-04-25,31,3,wk inc flu hosp,2026-05-16,quantile,0.1,0,Nebraska,Ensemble
2026-04-25,31,3,wk inc flu hosp,2026-05-16,quantile,0.15,0,Nebraska,Ensemble
2026-04-25,31,3,wk inc flu hosp,2026-05-16,quantile,0.2,0,Nebraska,Ensemble
2026-04-25,31,3,wk inc flu hosp,2026-05-16,quantile,0.25,1,Nebraska,Ensemble
2026-04-25,31,3,wk inc flu hosp,2026-05-16,quantile,0.3,1,Nebraska,Ensemble
2026-04-25,31,3,wk inc flu hosp,2026-05-16,quantile,0.35,1,Nebraska,Ensemble
2026-04-25,31,3,wk inc flu hosp,2026-05-16,quantile,0.4,2,Nebraska,Ensemble
2026-04-25,31,3,wk inc flu hosp,2026-05-16,quantile,0.45,2,Nebraska,Ensemble
2026-04-25,31,3,wk inc flu hosp,2026-05-16,quantile,0.5,4,Nebraska,Ensemble
2026-04-25,31,3,wk inc flu hosp,2026-05-16,quantile,0.55,5,Nebraska,Ensemble
2026-04-25,31,3,wk inc flu hosp,2026-05-16,quantile,0.6,7,Nebraska,Ensemble
2026-04-25,31,3,wk inc flu hosp,2026-05-16,quantile,0.65,8,Nebraska,Ensemble
2026-04-25,31,3,wk inc flu hosp,2026-05-16,quantile,0.7,9,Nebraska,Ensemble
2026-04-25,31,3,wk inc flu hosp,2026-05-16,quantile,0.75,11,Nebraska,Ensemble
2026-04-25,31,3,wk inc flu hosp,2026-05-16,quantile,0.8,13,Nebraska,Ensemble
2026-04-25,31,3,wk inc flu hosp,2026-05-16,quantile,0.85,17,Nebraska,Ensemble
2026-04-25,31,3,wk inc flu hosp,2026-05-16,quantile,0.9,20,Nebraska,Ensemble
2026-04-25,31,3,wk inc flu hosp,2026-05-16,quantile,0.95,28,Nebraska,Ensemble
2026-04-25,31,3,wk inc flu hosp,2026-05-16,quantile,0.975,35,Nebraska,Ensemble
2026-04-25,31,3,wk inc flu hosp,2026-05-16,quantile,0.99,43,Nebraska,Ensemble
2026-04-25,32,0,wk inc flu hosp,2026-04-25,quantile,0.01,2,Nevada,Ensemble
2026-04-25,32,0,wk inc flu hosp,2026-04-25,quantile,0.025,3,Nevada,Ensemble
2026-04-25,32,0,wk inc flu hosp,2026-04-25,quantile,0.05,4,Nevada,Ensemble
2026-04-25,32,0,wk inc flu hosp,2026-04-25,quantile,0.1,6,Nevada,Ensemble
2026-04-25,32,0,wk inc flu hosp,2026-04-25,quantile,0.15,7,Nevada,Ensemble
2026-04-25,32,0,wk inc flu hosp,2026-04-25,quantile,0.2,9,Nevada,Ensemble
2026-04-25,32,0,wk inc flu hosp,2026-04-25,quantile,0.25,10,Nevada,Ensemble
2026-04-25,32,0,wk inc flu hosp,2026-04-25,quantile,0.3,11,Nevada,Ensemble
2026-04-25,32,0,wk inc flu hosp,2026-04-25,quantile,0.35,12,Nevada,Ensemble
2026-04-25,32,0,wk inc flu hosp,2026-04-25,quantile,0.4,13,Nevada,Ensemble
2026-04-25,32,0,wk inc flu hosp,2026-04-25,quantile,0.45,14,Nevada,Ensemble
2026-04-25,32,0,wk inc flu hosp,2026-04-25,quantile,0.5,17,Nevada,Ensemble
2026-04-25,32,0,wk inc flu hosp,2026-04-25,quantile,0.55,18,Nevada,Ensemble
2026-04-25,32,0,wk inc flu hosp,2026-04-25,quantile,0.6,19,Nevada,Ensemble
2026-04-25,32,0,wk inc flu hosp,2026-04-25,quantile,0.65,20,Nevada,Ensemble
2026-04-25,32,0,wk inc flu hosp,2026-04-25,quantile,0.7,22,Nevada,Ensemble
2026-04-25,32,0,wk inc flu hosp,2026-04-25,quantile,0.75,23,Nevada,Ensemble
2026-04-25,32,0,wk inc flu hosp,2026-04-25,quantile,0.8,25,Nevada,Ensemble
2026-04-25,32,0,wk inc flu hosp,2026-04-25,quantile,0.85,27,Nevada,Ensemble
2026-04-25,32,0,wk inc flu hosp,2026-04-25,quantile,0.9,31,Nevada,Ensemble
2026-04-25,32,0,wk inc flu hosp,2026-04-25,quantile,0.95,37,Nevada,Ensemble
2026-04-25,32,0,wk inc flu hosp,2026-04-25,quantile,0.975,43,Nevada,Ensemble
2026-04-25,32,0,wk inc flu hosp,2026-04-25,quantile,0.99,50,Nevada,Ensemble
2026-04-25,32,1,wk inc flu hosp,2026-05-02,quantile,0.01,1,Nevada,Ensemble
2026-04-25,32,1,wk inc flu hosp,2026-05-02,quantile,0.025,1,Nevada,Ensemble
2026-04-25,32,1,wk inc flu hosp,2026-05-02,quantile,0.05,2,Nevada,Ensemble
2026-04-25,32,1,wk inc flu hosp,2026-05-02,quantile,0.1,4,Nevada,Ensemble
2026-04-25,32,1,wk inc flu hosp,2026-05-02,quantile,0.15,5,Nevada,Ensemble
2026-04-25,32,1,wk inc flu hosp,2026-05-02,quantile,0.2,6,Nevada,Ensemble
2026-04-25,32,1,wk inc flu hosp,2026-05-02,quantile,0.25,7,Nevada,Ensemble
2026-04-25,32,1,wk inc flu hosp,2026-05-02,quantile,0.3,8,Nevada,Ensemble
2026-04-25,32,1,wk inc flu hosp,2026-05-02,quantile,0.35,10,Nevada,Ensemble
2026-04-25,32,1,wk inc flu hosp,2026-05-02,quantile,0.4,11,Nevada,Ensemble
2026-04-25,32,1,wk inc flu hosp,2026-05-02,quantile,0.45,12,Nevada,Ensemble
2026-04-25,32,1,wk inc flu hosp,2026-05-02,quantile,0.5,15,Nevada,Ensemble
2026-04-25,32,1,wk inc flu hosp,2026-05-02,quantile,0.55,16,Nevada,Ensemble
2026-04-25,32,1,wk inc flu hosp,2026-05-02,quantile,0.6,17,Nevada,Ensemble
2026-04-25,32,1,wk inc flu hosp,2026-05-02,quantile,0.65,19,Nevada,Ensemble
2026-04-25,32,1,wk inc flu hosp,2026-05-02,quantile,0.7,21,Nevada,Ensemble
2026-04-25,32,1,wk inc flu hosp,2026-05-02,quantile,0.75,23,Nevada,Ensemble
2026-04-25,32,1,wk inc flu hosp,2026-05-02,quantile,0.8,26,Nevada,Ensemble
2026-04-25,32,1,wk inc flu hosp,2026-05-02,quantile,0.85,29,Nevada,Ensemble
2026-04-25,32,1,wk inc flu hosp,2026-05-02,quantile,0.9,35,Nevada,Ensemble
2026-04-25,32,1,wk inc flu hosp,2026-05-02,quantile,0.95,45,Nevada,Ensemble
2026-04-25,32,1,wk inc flu hosp,2026-05-02,quantile,0.975,52,Nevada,Ensemble
2026-04-25,32,1,wk inc flu hosp,2026-05-02,quantile,0.99,61,Nevada,Ensemble
2026-04-25,32,2,wk inc flu hosp,2026-05-09,quantile,0.01,1,Nevada,Ensemble
2026-04-25,32,2,wk inc flu hosp,2026-05-09,quantile,0.025,1,Nevada,Ensemble
2026-04-25,32,2,wk inc flu hosp,2026-05-09,quantile,0.05,1,Nevada,Ensemble
2026-04-25,32,2,wk inc flu hosp,2026-05-09,quantile,0.1,2,Nevada,Ensemble
2026-04-25,32,2,wk inc flu hosp,2026-05-09,quantile,0.15,4,Nevada,Ensemble
2026-04-25,32,2,wk inc flu hosp,2026-05-09,quantile,0.2,4,Nevada,Ensemble
2026-04-25,32,2,wk inc flu hosp,2026-05-09,quantile,0.25,6,Nevada,Ensemble
2026-04-25,32,2,wk inc flu hosp,2026-05-09,quantile,0.3,7,Nevada,Ensemble
2026-04-25,32,2,wk inc flu hosp,2026-05-09,quantile,0.35,8,Nevada,Ensemble
2026-04-25,32,2,wk inc flu hosp,2026-05-09,quantile,0.4,9,Nevada,Ensemble
2026-04-25,32,2,wk inc flu hosp,2026-05-09,quantile,0.45,10,Nevada,Ensemble
2026-04-25,32,2,wk inc flu hosp,2026-05-09,quantile,0.5,13,Nevada,Ensemble
2026-04-25,32,2,wk inc flu hosp,2026-05-09,quantile,0.55,15,Nevada,Ensemble
2026-04-25,32,2,wk inc flu hosp,2026-05-09,quantile,0.6,17,Nevada,Ensemble
2026-04-25,32,2,wk inc flu hosp,2026-05-09,quantile,0.65,18,Nevada,Ensemble
2026-04-25,32,2,wk inc flu hosp,2026-05-09,quantile,0.7,22,Nevada,Ensemble
2026-04-25,32,2,wk inc flu hosp,2026-05-09,quantile,0.75,24,Nevada,Ensemble
2026-04-25,32,2,wk inc flu hosp,2026-05-09,quantile,0.8,27,Nevada,Ensemble
2026-04-25,32,2,wk inc flu hosp,2026-05-09,quantile,0.85,30,Nevada,Ensemble
2026-04-25,32,2,wk inc flu hosp,2026-05-09,quantile,0.9,36,Nevada,Ensemble
2026-04-25,32,2,wk inc flu hosp,2026-05-09,quantile,0.95,51,Nevada,Ensemble
2026-04-25,32,2,wk inc flu hosp,2026-05-09,quantile,0.975,60,Nevada,Ensemble
2026-04-25,32,2,wk inc flu hosp,2026-05-09,quantile,0.99,73,Nevada,Ensemble
2026-04-25,32,3,wk inc flu hosp,2026-05-16,quantile,0.01,0,Nevada,Ensemble
2026-04-25,32,3,wk inc flu hosp,2026-05-16,quantile,0.025,1,Nevada,Ensemble
2026-04-25,32,3,wk inc flu hosp,2026-05-16,quantile,0.05,1,Nevada,Ensemble
2026-04-25,32,3,wk inc flu hosp,2026-05-16,quantile,0.1,2,Nevada,Ensemble
2026-04-25,32,3,wk inc flu hosp,2026-05-16,quantile,0.15,3,Nevada,Ensemble
2026-04-25,32,3,wk inc flu hosp,2026-05-16,quantile,0.2,4,Nevada,Ensemble
2026-04-25,32,3,wk inc flu hosp,2026-05-16,quantile,0.25,5,Nevada,Ensemble
2026-04-25,32,3,wk inc flu hosp,2026-05-16,quantile,0.3,6,Nevada,Ensemble
2026-04-25,32,3,wk inc flu hosp,2026-05-16,quantile,0.35,7,Nevada,Ensemble
2026-04-25,32,3,wk inc flu hosp,2026-05-16,quantile,0.4,8,Nevada,Ensemble
2026-04-25,32,3,wk inc flu hosp,2026-05-16,quantile,0.45,9,Nevada,Ensemble
2026-04-25,32,3,wk inc flu hosp,2026-05-16,quantile,0.5,12,Nevada,Ensemble
2026-04-25,32,3,wk inc flu hosp,2026-05-16,quantile,0.55,14,Nevada,Ensemble
2026-04-25,32,3,wk inc flu hosp,2026-05-16,quantile,0.6,15,Nevada,Ensemble
2026-04-25,32,3,wk inc flu hosp,2026-05-16,quantile,0.65,17,Nevada,Ensemble
2026-04-25,32,3,wk inc flu hosp,2026-05-16,quantile,0.7,21,Nevada,Ensemble
2026-04-25,32,3,wk inc flu hosp,2026-05-16,quantile,0.75,23,Nevada,Ensemble
2026-04-25,32,3,wk inc flu hosp,2026-05-16,quantile,0.8,26,Nevada,Ensemble
2026-04-25,32,3,wk inc flu hosp,2026-05-16,quantile,0.85,30,Nevada,Ensemble
2026-04-25,32,3,wk inc flu hosp,2026-05-16,quantile,0.9,40,Nevada,Ensemble
2026-04-25,32,3,wk inc flu hosp,2026-05-16,quantile,0.95,54,Nevada,Ensemble
2026-04-25,32,3,wk inc flu hosp,2026-05-16,quantile,0.975,65,Nevada,Ensemble
2026-04-25,32,3,wk inc flu hosp,2026-05-16,quantile,0.99,79,Nevada,Ensemble
2026-04-25,33,0,wk inc flu hosp,2026-04-25,quantile,0.01,0,New Hampshire,Ensemble
2026-04-25,33,0,wk inc flu hosp,2026-04-25,quantile,0.025,0,New Hampshire,Ensemble
2026-04-25,33,0,wk inc flu hosp,2026-04-25,quantile,0.05,1,New Hampshire,Ensemble
2026-04-25,33,0,wk inc flu hosp,2026-04-25,quantile,0.1,1,New Hampshire,Ensemble
2026-04-25,33,0,wk inc flu hosp,2026-04-25,quantile,0.15,2,New Hampshire,Ensemble
2026-04-25,33,0,wk inc flu hosp,2026-04-25,quantile,0.2,2,New Hampshire,Ensemble
2026-04-25,33,0,wk inc flu hosp,2026-04-25,quantile,0.25,3,New Hampshire,Ensemble
2026-04-25,33,0,wk inc flu hosp,2026-04-25,quantile,0.3,3,New Hampshire,Ensemble
2026-04-25,33,0,wk inc flu hosp,2026-04-25,quantile,0.35,4,New Hampshire,Ensemble
2026-04-25,33,0,wk inc flu hosp,2026-04-25,quantile,0.4,4,New Hampshire,Ensemble
2026-04-25,33,0,wk inc flu hosp,2026-04-25,quantile,0.45,5,New Hampshire,Ensemble
2026-04-25,33,0,wk inc flu hosp,2026-04-25,quantile,0.5,7,New Hampshire,Ensemble
2026-04-25,33,0,wk inc flu hosp,2026-04-25,quantile,0.55,7,New Hampshire,Ensemble
2026-04-25,33,0,wk inc flu hosp,2026-04-25,quantile,0.6,8,New Hampshire,Ensemble
2026-04-25,33,0,wk inc flu hosp,2026-04-25,quantile,0.65,9,New Hampshire,Ensemble
2026-04-25,33,0,wk inc flu hosp,2026-04-25,quantile,0.7,10,New Hampshire,Ensemble
2026-04-25,33,0,wk inc flu hosp,2026-04-25,quantile,0.75,11,New Hampshire,Ensemble
2026-04-25,33,0,wk inc flu hosp,2026-04-25,quantile,0.8,12,New Hampshire,Ensemble
2026-04-25,33,0,wk inc flu hosp,2026-04-25,quantile,0.85,13,New Hampshire,Ensemble
2026-04-25,33,0,wk inc flu hosp,2026-04-25,quantile,0.9,15,New Hampshire,Ensemble
2026-04-25,33,0,wk inc flu hosp,2026-04-25,quantile,0.95,18,New Hampshire,Ensemble
2026-04-25,33,0,wk inc flu hosp,2026-04-25,quantile,0.975,23,New Hampshire,Ensemble
2026-04-25,33,0,wk inc flu hosp,2026-04-25,quantile,0.99,28,New Hampshire,Ensemble
2026-04-25,33,1,wk inc flu hosp,2026-05-02,quantile,0.01,0,New Hampshire,Ensemble
2026-04-25,33,1,wk inc flu hosp,2026-05-02,quantile,0.025,0,New Hampshire,Ensemble
2026-04-25,33,1,wk inc flu hosp,2026-05-02,quantile,0.05,0,New Hampshire,Ensemble
2026-04-25,33,1,wk inc flu hosp,2026-05-02,quantile,0.1,1,New Hampshire,Ensemble
2026-04-25,33,1,wk inc flu hosp,2026-05-02,quantile,0.15,1,New Hampshire,Ensemble
2026-04-25,33,1,wk inc flu hosp,2026-05-02,quantile,0.2,1,New Hampshire,Ensemble
2026-04-25,33,1,wk inc flu hosp,2026-05-02,quantile,0.25,2,New Hampshire,Ensemble
2026-04-25,33,1,wk inc flu hosp,2026-05-02,quantile,0.3,2,New Hampshire,Ensemble
2026-04-25,33,1,wk inc flu hosp,2026-05-02,quantile,0.35,3,New Hampshire,Ensemble
2026-04-25,33,1,wk inc flu hosp,2026-05-02,quantile,0.4,3,New Hampshire,Ensemble
2026-04-25,33,1,wk inc flu hosp,2026-05-02,quantile,0.45,4,New Hampshire,Ensemble
2026-04-25,33,1,wk inc flu hosp,2026-05-02,quantile,0.5,6,New Hampshire,Ensemble
2026-04-25,33,1,wk inc flu hosp,2026-05-02,quantile,0.55,6,New Hampshire,Ensemble
2026-04-25,33,1,wk inc flu hosp,2026-05-02,quantile,0.6,7,New Hampshire,Ensemble
2026-04-25,33,1,wk inc flu hosp,2026-05-02,quantile,0.65,8,New Hampshire,Ensemble
2026-04-25,33,1,wk inc flu hosp,2026-05-02,quantile,0.7,9,New Hampshire,Ensemble
2026-04-25,33,1,wk inc flu hosp,2026-05-02,quantile,0.75,10,New Hampshire,Ensemble
2026-04-25,33,1,wk inc flu hosp,2026-05-02,quantile,0.8,11,New Hampshire,Ensemble
2026-04-25,33,1,wk inc flu hosp,2026-05-02,quantile,0.85,13,New Hampshire,Ensemble
2026-04-25,33,1,wk inc flu hosp,2026-05-02,quantile,0.9,16,New Hampshire,Ensemble
2026-04-25,33,1,wk inc flu hosp,2026-05-02,quantile,0.95,23,New Hampshire,Ensemble
2026-04-25,33,1,wk inc flu hosp,2026-05-02,quantile,0.975,27,New Hampshire,Ensemble
2026-04-25,33,1,wk inc flu hosp,2026-05-02,quantile,0.99,33,New Hampshire,Ensemble
2026-04-25,33,2,wk inc flu hosp,2026-05-09,quantile,0.01,0,New Hampshire,Ensemble
2026-04-25,33,2,wk inc flu hosp,2026-05-09,quantile,0.025,0,New Hampshire,Ensemble
2026-04-25,33,2,wk inc flu hosp,2026-05-09,quantile,0.05,0,New Hampshire,Ensemble
2026-04-25,33,2,wk inc flu hosp,2026-05-09,quantile,0.1,0,New Hampshire,Ensemble
2026-04-25,33,2,wk inc flu hosp,2026-05-09,quantile,0.15,1,New Hampshire,Ensemble
2026-04-25,33,2,wk inc flu hosp,2026-05-09,quantile,0.2,1,New Hampshire,Ensemble
2026-04-25,33,2,wk inc flu hosp,2026-05-09,quantile,0.25,1,New Hampshire,Ensemble
2026-04-25,33,2,wk inc flu hosp,2026-05-09,quantile,0.3,2,New Hampshire,Ensemble
2026-04-25,33,2,wk inc flu hosp,2026-05-09,quantile,0.35,2,New Hampshire,Ensemble
2026-04-25,33,2,wk inc flu hosp,2026-05-09,quantile,0.4,3,New Hampshire,Ensemble
2026-04-25,33,2,wk inc flu hosp,2026-05-09,quantile,0.45,3,New Hampshire,Ensemble
2026-04-25,33,2,wk inc flu hosp,2026-05-09,quantile,0.5,5,New Hampshire,Ensemble
2026-04-25,33,2,wk inc flu hosp,2026-05-09,quantile,0.55,6,New Hampshire,Ensemble
2026-04-25,33,2,wk inc flu hosp,2026-05-09,quantile,0.6,7,New Hampshire,Ensemble
2026-04-25,33,2,wk inc flu hosp,2026-05-09,quantile,0.65,8,New Hampshire,Ensemble
2026-04-25,33,2,wk inc flu hosp,2026-05-09,quantile,0.7,9,New Hampshire,Ensemble
2026-04-25,33,2,wk inc flu hosp,2026-05-09,quantile,0.75,11,New Hampshire,Ensemble
2026-04-25,33,2,wk inc flu hosp,2026-05-09,quantile,0.8,12,New Hampshire,Ensemble
2026-04-25,33,2,wk inc flu hosp,2026-05-09,quantile,0.85,14,New Hampshire,Ensemble
2026-04-25,33,2,wk inc flu hosp,2026-05-09,quantile,0.9,20,New Hampshire,Ensemble
2026-04-25,33,2,wk inc flu hosp,2026-05-09,quantile,0.95,26,New Hampshire,Ensemble
2026-04-25,33,2,wk inc flu hosp,2026-05-09,quantile,0.975,33,New Hampshire,Ensemble
2026-04-25,33,2,wk inc flu hosp,2026-05-09,quantile,0.99,40,New Hampshire,Ensemble
2026-04-25,33,3,wk inc flu hosp,2026-05-16,quantile,0.01,0,New Hampshire,Ensemble
2026-04-25,33,3,wk inc flu hosp,2026-05-16,quantile,0.025,0,New Hampshire,Ensemble
2026-04-25,33,3,wk inc flu hosp,2026-05-16,quantile,0.05,0,New Hampshire,Ensemble
2026-04-25,33,3,wk inc flu hosp,2026-05-16,quantile,0.1,0,New Hampshire,Ensemble
2026-04-25,33,3,wk inc flu hosp,2026-05-16,quantile,0.15,0,New Hampshire,Ensemble
2026-04-25,33,3,wk inc flu hosp,2026-05-16,quantile,0.2,1,New Hampshire,Ensemble
2026-04-25,33,3,wk inc flu hosp,2026-05-16,quantile,0.25,1,New Hampshire,Ensemble
2026-04-25,33,3,wk inc flu hosp,2026-05-16,quantile,0.3,1,New Hampshire,Ensemble
2026-04-25,33,3,wk inc flu hosp,2026-05-16,quantile,0.35,2,New Hampshire,Ensemble
2026-04-25,33,3,wk inc flu hosp,2026-05-16,quantile,0.4,2,New Hampshire,Ensemble
2026-04-25,33,3,wk inc flu hosp,2026-05-16,quantile,0.45,3,New Hampshire,Ensemble
2026-04-25,33,3,wk inc flu hosp,2026-05-16,quantile,0.5,4,New Hampshire,Ensemble
2026-04-25,33,3,wk inc flu hosp,2026-05-16,quantile,0.55,5,New Hampshire,Ensemble
2026-04-25,33,3,wk inc flu hosp,2026-05-16,quantile,0.6,6,New Hampshire,Ensemble
2026-04-25,33,3,wk inc flu hosp,2026-05-16,quantile,0.65,7,New Hampshire,Ensemble
2026-04-25,33,3,wk inc flu hosp,2026-05-16,quantile,0.7,9,New Hampshire,Ensemble
2026-04-25,33,3,wk inc flu hosp,2026-05-16,quantile,0.75,10,New Hampshire,Ensemble
2026-04-25,33,3,wk inc flu hosp,2026-05-16,quantile,0.8,12,New Hampshire,Ensemble
2026-04-25,33,3,wk inc flu hosp,2026-05-16,quantile,0.85,14,New Hampshire,Ensemble
2026-04-25,33,3,wk inc flu hosp,2026-05-16,quantile,0.9,22,New Hampshire,Ensemble
2026-04-25,33,3,wk inc flu hosp,2026-05-16,quantile,0.95,29,New Hampshire,Ensemble
2026-04-25,33,3,wk inc flu hosp,2026-05-16,quantile,0.975,36,New Hampshire,Ensemble
2026-04-25,33,3,wk inc flu hosp,2026-05-16,quantile,0.99,44,New Hampshire,Ensemble
2026-04-25,34,0,wk inc flu hosp,2026-04-25,quantile,0.01,4,New Jersey,Ensemble
2026-04-25,34,0,wk inc flu hosp,2026-04-25,quantile,0.025,5,New Jersey,Ensemble
2026-04-25,34,0,wk inc flu hosp,2026-04-25,quantile,0.05,6,New Jersey,Ensemble
2026-04-25,34,0,wk inc flu hosp,2026-04-25,quantile,0.1,8,New Jersey,Ensemble
2026-04-25,34,0,wk inc flu hosp,2026-04-25,quantile,0.15,9,New Jersey,Ensemble
2026-04-25,34,0,wk inc flu hosp,2026-04-25,quantile,0.2,12,New Jersey,Ensemble
2026-04-25,34,0,wk inc flu hosp,2026-04-25,quantile,0.25,14,New Jersey,Ensemble
2026-04-25,34,0,wk inc flu hosp,2026-04-25,quantile,0.3,15,New Jersey,Ensemble
2026-04-25,34,0,wk inc flu hosp,2026-04-25,quantile,0.35,17,New Jersey,Ensemble
2026-04-25,34,0,wk inc flu hosp,2026-04-25,quantile,0.4,18,New Jersey,Ensemble
2026-04-25,34,0,wk inc flu hosp,2026-04-25,quantile,0.45,21,New Jersey,Ensemble
2026-04-25,34,0,wk inc flu hosp,2026-04-25,quantile,0.5,24,New Jersey,Ensemble
2026-04-25,34,0,wk inc flu hosp,2026-04-25,quantile,0.55,27,New Jersey,Ensemble
2026-04-25,34,0,wk inc flu hosp,2026-04-25,quantile,0.6,30,New Jersey,Ensemble
2026-04-25,34,0,wk inc flu hosp,2026-04-25,quantile,0.65,33,New Jersey,Ensemble
2026-04-25,34,0,wk inc flu hosp,2026-04-25,quantile,0.7,36,New Jersey,Ensemble
2026-04-25,34,0,wk inc flu hosp,2026-04-25,quantile,0.75,40,New Jersey,Ensemble
2026-04-25,34,0,wk inc flu hosp,2026-04-25,quantile,0.8,44,New Jersey,Ensemble
2026-04-25,34,0,wk inc flu hosp,2026-04-25,quantile,0.85,49,New Jersey,Ensemble
2026-04-25,34,0,wk inc flu hosp,2026-04-25,quantile,0.9,58,New Jersey,Ensemble
2026-04-25,34,0,wk inc flu hosp,2026-04-25,quantile,0.95,87,New Jersey,Ensemble
2026-04-25,34,0,wk inc flu hosp,2026-04-25,quantile,0.975,102,New Jersey,Ensemble
2026-04-25,34,0,wk inc flu hosp,2026-04-25,quantile,0.99,123,New Jersey,Ensemble
2026-04-25,34,1,wk inc flu hosp,2026-05-02,quantile,0.01,2,New Jersey,Ensemble
2026-04-25,34,1,wk inc flu hosp,2026-05-02,quantile,0.025,3,New Jersey,Ensemble
2026-04-25,34,1,wk inc flu hosp,2026-05-02,quantile,0.05,4,New Jersey,Ensemble
2026-04-25,34,1,wk inc flu hosp,2026-05-02,quantile,0.1,5,New Jersey,Ensemble
2026-04-25,34,1,wk inc flu hosp,2026-05-02,quantile,0.15,7,New Jersey,Ensemble
2026-04-25,34,1,wk inc flu hosp,2026-05-02,quantile,0.2,8,New Jersey,Ensemble
2026-04-25,34,1,wk inc flu hosp,2026-05-02,quantile,0.25,9,New Jersey,Ensemble
2026-04-25,34,1,wk inc flu hosp,2026-05-02,quantile,0.3,11,New Jersey,Ensemble
2026-04-25,34,1,wk inc flu hosp,2026-05-02,quantile,0.35,12,New Jersey,Ensemble
2026-04-25,34,1,wk inc flu hosp,2026-05-02,quantile,0.4,14,New Jersey,Ensemble
2026-04-25,34,1,wk inc flu hosp,2026-05-02,quantile,0.45,16,New Jersey,Ensemble
2026-04-25,34,1,wk inc flu hosp,2026-05-02,quantile,0.5,20,New Jersey,Ensemble
2026-04-25,34,1,wk inc flu hosp,2026-05-02,quantile,0.55,24,New Jersey,Ensemble
2026-04-25,34,1,wk inc flu hosp,2026-05-02,quantile,0.6,28,New Jersey,Ensemble
2026-04-25,34,1,wk inc flu hosp,2026-05-02,quantile,0.65,32,New Jersey,Ensemble
2026-04-25,34,1,wk inc flu hosp,2026-05-02,quantile,0.7,36,New Jersey,Ensemble
2026-04-25,34,1,wk inc flu hosp,2026-05-02,quantile,0.75,41,New Jersey,Ensemble
2026-04-25,34,1,wk inc flu hosp,2026-05-02,quantile,0.8,46,New Jersey,Ensemble
2026-04-25,34,1,wk inc flu hosp,2026-05-02,quantile,0.85,54,New Jersey,Ensemble
2026-04-25,34,1,wk inc flu hosp,2026-05-02,quantile,0.9,76,New Jersey,Ensemble
2026-04-25,34,1,wk inc flu hosp,2026-05-02,quantile,0.95,114,New Jersey,Ensemble
2026-04-25,34,1,wk inc flu hosp,2026-05-02,quantile,0.975,134,New Jersey,Ensemble
2026-04-25,34,1,wk inc flu hosp,2026-05-02,quantile,0.99,161,New Jersey,Ensemble
2026-04-25,34,2,wk inc flu hosp,2026-05-09,quantile,0.01,1,New Jersey,Ensemble
2026-04-25,34,2,wk inc flu hosp,2026-05-09,quantile,0.025,2,New Jersey,Ensemble
2026-04-25,34,2,wk inc flu hosp,2026-05-09,quantile,0.05,3,New Jersey,Ensemble
2026-04-25,34,2,wk inc flu hosp,2026-05-09,quantile,0.1,4,New Jersey,Ensemble
2026-04-25,34,2,wk inc flu hosp,2026-05-09,quantile,0.15,5,New Jersey,Ensemble
2026-04-25,34,2,wk inc flu hosp,2026-05-09,quantile,0.2,6,New Jersey,Ensemble
2026-04-25,34,2,wk inc flu hosp,2026-05-09,quantile,0.25,7,New Jersey,Ensemble
2026-04-25,34,2,wk inc flu hosp,2026-05-09,quantile,0.3,8,New Jersey,Ensemble
2026-04-25,34,2,wk inc flu hosp,2026-05-09,quantile,0.35,9,New Jersey,Ensemble
2026-04-25,34,2,wk inc flu hosp,2026-05-09,quantile,0.4,11,New Jersey,Ensemble
2026-04-25,34,2,wk inc flu hosp,2026-05-09,quantile,0.45,13,New Jersey,Ensemble
2026-04-25,34,2,wk inc flu hosp,2026-05-09,quantile,0.5,18,New Jersey,Ensemble
2026-04-25,34,2,wk inc flu hosp,2026-05-09,quantile,0.55,22,New Jersey,Ensemble
2026-04-25,34,2,wk inc flu hosp,2026-05-09,quantile,0.6,26,New Jersey,Ensemble
2026-04-25,34,2,wk inc flu hosp,2026-05-09,quantile,0.65,30,New Jersey,Ensemble
2026-04-25,34,2,wk inc flu hosp,2026-05-09,quantile,0.7,35,New Jersey,Ensemble
2026-04-25,34,2,wk inc flu hosp,2026-05-09,quantile,0.75,41,New Jersey,Ensemble
2026-04-25,34,2,wk inc flu hosp,2026-05-09,quantile,0.8,62,New Jersey,Ensemble
2026-04-25,34,2,wk inc flu hosp,2026-05-09,quantile,0.85,73,New Jersey,Ensemble
2026-04-25,34,2,wk inc flu hosp,2026-05-09,quantile,0.9,102,New Jersey,Ensemble
2026-04-25,34,2,wk inc flu hosp,2026-05-09,quantile,0.95,132,New Jersey,Ensemble
2026-04-25,34,2,wk inc flu hosp,2026-05-09,quantile,0.975,159,New Jersey,Ensemble
2026-04-25,34,2,wk inc flu hosp,2026-05-09,quantile,0.99,194,New Jersey,Ensemble
2026-04-25,34,3,wk inc flu hosp,2026-05-16,quantile,0.01,1,New Jersey,Ensemble
2026-04-25,34,3,wk inc flu hosp,2026-05-16,quantile,0.025,1,New Jersey,Ensemble
2026-04-25,34,3,wk inc flu hosp,2026-05-16,quantile,0.05,2,New Jersey,Ensemble
2026-04-25,34,3,wk inc flu hosp,2026-05-16,quantile,0.1,3,New Jersey,Ensemble
2026-04-25,34,3,wk inc flu hosp,2026-05-16,quantile,0.15,4,New Jersey,Ensemble
2026-04-25,34,3,wk inc flu hosp,2026-05-16,quantile,0.2,5,New Jersey,Ensemble
2026-04-25,34,3,wk inc flu hosp,2026-05-16,quantile,0.25,6,New Jersey,Ensemble
2026-04-25,34,3,wk inc flu hosp,2026-05-16,quantile,0.3,7,New Jersey,Ensemble
2026-04-25,34,3,wk inc flu hosp,2026-05-16,quantile,0.35,8,New Jersey,Ensemble
2026-04-25,34,3,wk inc flu hosp,2026-05-16,quantile,0.4,10,New Jersey,Ensemble
2026-04-25,34,3,wk inc flu hosp,2026-05-16,quantile,0.45,12,New Jersey,Ensemble
2026-04-25,34,3,wk inc flu hosp,2026-05-16,quantile,0.5,16,New Jersey,Ensemble
2026-04-25,34,3,wk inc flu hosp,2026-05-16,quantile,0.55,20,New Jersey,Ensemble
2026-04-25,34,3,wk inc flu hosp,2026-05-16,quantile,0.6,25,New Jersey,Ensemble
2026-04-25,34,3,wk inc flu hosp,2026-05-16,quantile,0.65,30,New Jersey,Ensemble
2026-04-25,34,3,wk inc flu hosp,2026-05-16,quantile,0.7,37,New Jersey,Ensemble
2026-04-25,34,3,wk inc flu hosp,2026-05-16,quantile,0.75,44,New Jersey,Ensemble
2026-04-25,34,3,wk inc flu hosp,2026-05-16,quantile,0.8,53,New Jersey,Ensemble
2026-04-25,34,3,wk inc flu hosp,2026-05-16,quantile,0.85,88,New Jersey,Ensemble
2026-04-25,34,3,wk inc flu hosp,2026-05-16,quantile,0.9,117,New Jersey,Ensemble
2026-04-25,34,3,wk inc flu hosp,2026-05-16,quantile,0.95,147,New Jersey,Ensemble
2026-04-25,34,3,wk inc flu hosp,2026-05-16,quantile,0.975,179,New Jersey,Ensemble
2026-04-25,34,3,wk inc flu hosp,2026-05-16,quantile,0.99,225,New Jersey,Ensemble
2026-04-25,35,0,wk inc flu hosp,2026-04-25,quantile,0.01,0,New Mexico,Ensemble
2026-04-25,35,0,wk inc flu hosp,2026-04-25,quantile,0.025,0,New Mexico,Ensemble
2026-04-25,35,0,wk inc flu hosp,2026-04-25,quantile,0.05,0,New Mexico,Ensemble
2026-04-25,35,0,wk inc flu hosp,2026-04-25,quantile,0.1,1,New Mexico,Ensemble
2026-04-25,35,0,wk inc flu hosp,2026-04-25,quantile,0.15,1,New Mexico,Ensemble
2026-04-25,35,0,wk inc flu hosp,2026-04-25,quantile,0.2,2,New Mexico,Ensemble
2026-04-25,35,0,wk inc flu hosp,2026-04-25,quantile,0.25,2,New Mexico,Ensemble
2026-04-25,35,0,wk inc flu hosp,2026-04-25,quantile,0.3,3,New Mexico,Ensemble
2026-04-25,35,0,wk inc flu hosp,2026-04-25,quantile,0.35,3,New Mexico,Ensemble
2026-04-25,35,0,wk inc flu hosp,2026-04-25,quantile,0.4,4,New Mexico,Ensemble
2026-04-25,35,0,wk inc flu hosp,2026-04-25,quantile,0.45,5,New Mexico,Ensemble
2026-04-25,35,0,wk inc flu hosp,2026-04-25,quantile,0.5,6,New Mexico,Ensemble
2026-04-25,35,0,wk inc flu hosp,2026-04-25,quantile,0.55,8,New Mexico,Ensemble
2026-04-25,35,0,wk inc flu hosp,2026-04-25,quantile,0.6,8,New Mexico,Ensemble
2026-04-25,35,0,wk inc flu hosp,2026-04-25,quantile,0.65,9,New Mexico,Ensemble
2026-04-25,35,0,wk inc flu hosp,2026-04-25,quantile,0.7,10,New Mexico,Ensemble
2026-04-25,35,0,wk inc flu hosp,2026-04-25,quantile,0.75,12,New Mexico,Ensemble
2026-04-25,35,0,wk inc flu hosp,2026-04-25,quantile,0.8,14,New Mexico,Ensemble
2026-04-25,35,0,wk inc flu hosp,2026-04-25,quantile,0.85,16,New Mexico,Ensemble
2026-04-25,35,0,wk inc flu hosp,2026-04-25,quantile,0.9,20,New Mexico,Ensemble
2026-04-25,35,0,wk inc flu hosp,2026-04-25,quantile,0.95,26,New Mexico,Ensemble
2026-04-25,35,0,wk inc flu hosp,2026-04-25,quantile,0.975,30,New Mexico,Ensemble
2026-04-25,35,0,wk inc flu hosp,2026-04-25,quantile,0.99,36,New Mexico,Ensemble
2026-04-25,35,1,wk inc flu hosp,2026-05-02,quantile,0.01,0,New Mexico,Ensemble
2026-04-25,35,1,wk inc flu hosp,2026-05-02,quantile,0.025,0,New Mexico,Ensemble
2026-04-25,35,1,wk inc flu hosp,2026-05-02,quantile,0.05,0,New Mexico,Ensemble
2026-04-25,35,1,wk inc flu hosp,2026-05-02,quantile,0.1,0,New Mexico,Ensemble
2026-04-25,35,1,wk inc flu hosp,2026-05-02,quantile,0.15,1,New Mexico,Ensemble
2026-04-25,35,1,wk inc flu hosp,2026-05-02,quantile,0.2,1,New Mexico,Ensemble
2026-04-25,35,1,wk inc flu hosp,2026-05-02,quantile,0.25,1,New Mexico,Ensemble
2026-04-25,35,1,wk inc flu hosp,2026-05-02,quantile,0.3,2,New Mexico,Ensemble
2026-04-25,35,1,wk inc flu hosp,2026-05-02,quantile,0.35,2,New Mexico,Ensemble
2026-04-25,35,1,wk inc flu hosp,2026-05-02,quantile,0.4,3,New Mexico,Ensemble
2026-04-25,35,1,wk inc flu hosp,2026-05-02,quantile,0.45,3,New Mexico,Ensemble
2026-04-25,35,1,wk inc flu hosp,2026-05-02,quantile,0.5,5,New Mexico,Ensemble
2026-04-25,35,1,wk inc flu hosp,2026-05-02,quantile,0.55,6,New Mexico,Ensemble
2026-04-25,35,1,wk inc flu hosp,2026-05-02,quantile,0.6,7,New Mexico,Ensemble
2026-04-25,35,1,wk inc flu hosp,2026-05-02,quantile,0.65,9,New Mexico,Ensemble
2026-04-25,35,1,wk inc flu hosp,2026-05-02,quantile,0.7,10,New Mexico,Ensemble
2026-04-25,35,1,wk inc flu hosp,2026-05-02,quantile,0.75,12,New Mexico,Ensemble
2026-04-25,35,1,wk inc flu hosp,2026-05-02,quantile,0.8,14,New Mexico,Ensemble
2026-04-25,35,1,wk inc flu hosp,2026-05-02,quantile,0.85,17,New Mexico,Ensemble
2026-04-25,35,1,wk inc flu hosp,2026-05-02,quantile,0.9,21,New Mexico,Ensemble
2026-04-25,35,1,wk inc flu hosp,2026-05-02,quantile,0.95,33,New Mexico,Ensemble
2026-04-25,35,1,wk inc flu hosp,2026-05-02,quantile,0.975,39,New Mexico,Ensemble
2026-04-25,35,1,wk inc flu hosp,2026-05-02,quantile,0.99,46,New Mexico,Ensemble
2026-04-25,35,2,wk inc flu hosp,2026-05-09,quantile,0.01,0,New Mexico,Ensemble
2026-04-25,35,2,wk inc flu hosp,2026-05-09,quantile,0.025,0,New Mexico,Ensemble
2026-04-25,35,2,wk inc flu hosp,2026-05-09,quantile,0.05,0,New Mexico,Ensemble
2026-04-25,35,2,wk inc flu hosp,2026-05-09,quantile,0.1,0,New Mexico,Ensemble
2026-04-25,35,2,wk inc flu hosp,2026-05-09,quantile,0.15,0,New Mexico,Ensemble
2026-04-25,35,2,wk inc flu hosp,2026-05-09,quantile,0.2,1,New Mexico,Ensemble
2026-04-25,35,2,wk inc flu hosp,2026-05-09,quantile,0.25,1,New Mexico,Ensemble
2026-04-25,35,2,wk inc flu hosp,2026-05-09,quantile,0.3,1,New Mexico,Ensemble
2026-04-25,35,2,wk inc flu hosp,2026-05-09,quantile,0.35,2,New Mexico,Ensemble
2026-04-25,35,2,wk inc flu hosp,2026-05-09,quantile,0.4,2,New Mexico,Ensemble
2026-04-25,35,2,wk inc flu hosp,2026-05-09,quantile,0.45,3,New Mexico,Ensemble
2026-04-25,35,2,wk inc flu hosp,2026-05-09,quantile,0.5,5,New Mexico,Ensemble
2026-04-25,35,2,wk inc flu hosp,2026-05-09,quantile,0.55,6,New Mexico,Ensemble
2026-04-25,35,2,wk inc flu hosp,2026-05-09,quantile,0.6,7,New Mexico,Ensemble
2026-04-25,35,2,wk inc flu hosp,2026-05-09,quantile,0.65,8,New Mexico,Ensemble
2026-04-25,35,2,wk inc flu hosp,2026-05-09,quantile,0.7,10,New Mexico,Ensemble
2026-04-25,35,2,wk inc flu hosp,2026-05-09,quantile,0.75,12,New Mexico,Ensemble
2026-04-25,35,2,wk inc flu hosp,2026-05-09,quantile,0.8,14,New Mexico,Ensemble
2026-04-25,35,2,wk inc flu hosp,2026-05-09,quantile,0.85,18,New Mexico,Ensemble
2026-04-25,35,2,wk inc flu hosp,2026-05-09,quantile,0.9,27,New Mexico,Ensemble
2026-04-25,35,2,wk inc flu hosp,2026-05-09,quantile,0.95,40,New Mexico,Ensemble
2026-04-25,35,2,wk inc flu hosp,2026-05-09,quantile,0.975,46,New Mexico,Ensemble
2026-04-25,35,2,wk inc flu hosp,2026-05-09,quantile,0.99,56,New Mexico,Ensemble
2026-04-25,35,3,wk inc flu hosp,2026-05-16,quantile,0.01,0,New Mexico,Ensemble
2026-04-25,35,3,wk inc flu hosp,2026-05-16,quantile,0.025,0,New Mexico,Ensemble
2026-04-25,35,3,wk inc flu hosp,2026-05-16,quantile,0.05,0,New Mexico,Ensemble
2026-04-25,35,3,wk inc flu hosp,2026-05-16,quantile,0.1,0,New Mexico,Ensemble
2026-04-25,35,3,wk inc flu hosp,2026-05-16,quantile,0.15,0,New Mexico,Ensemble
2026-04-25,35,3,wk inc flu hosp,2026-05-16,quantile,0.2,1,New Mexico,Ensemble
2026-04-25,35,3,wk inc flu hosp,2026-05-16,quantile,0.25,1,New Mexico,Ensemble
2026-04-25,35,3,wk inc flu hosp,2026-05-16,quantile,0.3,1,New Mexico,Ensemble
2026-04-25,35,3,wk inc flu hosp,2026-05-16,quantile,0.35,2,New Mexico,Ensemble
2026-04-25,35,3,wk inc flu hosp,2026-05-16,quantile,0.4,2,New Mexico,Ensemble
2026-04-25,35,3,wk inc flu hosp,2026-05-16,quantile,0.45,3,New Mexico,Ensemble
2026-04-25,35,3,wk inc flu hosp,2026-05-16,quantile,0.5,5,New Mexico,Ensemble
2026-04-25,35,3,wk inc flu hosp,2026-05-16,quantile,0.55,6,New Mexico,Ensemble
2026-04-25,35,3,wk inc flu hosp,2026-05-16,quantile,0.6,7,New Mexico,Ensemble
2026-04-25,35,3,wk inc flu hosp,2026-05-16,quantile,0.65,9,New Mexico,Ensemble
2026-04-25,35,3,wk inc flu hosp,2026-05-16,quantile,0.7,12,New Mexico,Ensemble
2026-04-25,35,3,wk inc flu hosp,2026-05-16,quantile,0.75,14,New Mexico,Ensemble
2026-04-25,35,3,wk inc flu hosp,2026-05-16,quantile,0.8,16,New Mexico,Ensemble
2026-04-25,35,3,wk inc flu hosp,2026-05-16,quantile,0.85,24,New Mexico,Ensemble
2026-04-25,35,3,wk inc flu hosp,2026-05-16,quantile,0.9,29,New Mexico,Ensemble
2026-04-25,35,3,wk inc flu hosp,2026-05-16,quantile,0.95,42,New Mexico,Ensemble
2026-04-25,35,3,wk inc flu hosp,2026-05-16,quantile,0.975,50,New Mexico,Ensemble
2026-04-25,35,3,wk inc flu hosp,2026-05-16,quantile,0.99,62,New Mexico,Ensemble
2026-04-25,36,0,wk inc flu hosp,2026-04-25,quantile,0.01,19,New York,Ensemble
2026-04-25,36,0,wk inc flu hosp,2026-04-25,quantile,0.025,23,New York,Ensemble
2026-04-25,36,0,wk inc flu hosp,2026-04-25,quantile,0.05,30,New York,Ensemble
2026-04-25,36,0,wk inc flu hosp,2026-04-25,quantile,0.1,40,New York,Ensemble
2026-04-25,36,0,wk inc flu hosp,2026-04-25,quantile,0.15,46,New York,Ensemble
2026-04-25,36,0,wk inc flu hosp,2026-04-25,quantile,0.2,53,New York,Ensemble
2026-04-25,36,0,wk inc flu hosp,2026-04-25,quantile,0.25,58,New York,Ensemble
2026-04-25,36,0,wk inc flu hosp,2026-04-25,quantile,0.3,63,New York,Ensemble
2026-04-25,36,0,wk inc flu hosp,2026-04-25,quantile,0.35,68,New York,Ensemble
2026-04-25,36,0,wk inc flu hosp,2026-04-25,quantile,0.4,73,New York,Ensemble
2026-04-25,36,0,wk inc flu hosp,2026-04-25,quantile,0.45,79,New York,Ensemble
2026-04-25,36,0,wk inc flu hosp,2026-04-25,quantile,0.5,87,New York,Ensemble
2026-04-25,36,0,wk inc flu hosp,2026-04-25,quantile,0.55,95,New York,Ensemble
2026-04-25,36,0,wk inc flu hosp,2026-04-25,quantile,0.6,101,New York,Ensemble
2026-04-25,36,0,wk inc flu hosp,2026-04-25,quantile,0.65,108,New York,Ensemble
2026-04-25,36,0,wk inc flu hosp,2026-04-25,quantile,0.7,114,New York,Ensemble
2026-04-25,36,0,wk inc flu hosp,2026-04-25,quantile,0.75,122,New York,Ensemble
2026-04-25,36,0,wk inc flu hosp,2026-04-25,quantile,0.8,131,New York,Ensemble
2026-04-25,36,0,wk inc flu hosp,2026-04-25,quantile,0.85,144,New York,Ensemble
2026-04-25,36,0,wk inc flu hosp,2026-04-25,quantile,0.9,162,New York,Ensemble
2026-04-25,36,0,wk inc flu hosp,2026-04-25,quantile,0.95,213,New York,Ensemble
2026-04-25,36,0,wk inc flu hosp,2026-04-25,quantile,0.975,244,New York,Ensemble
2026-04-25,36,0,wk inc flu hosp,2026-04-25,quantile,0.99,285,New York,Ensemble
2026-04-25,36,1,wk inc flu hosp,2026-05-02,quantile,0.01,10,New York,Ensemble
2026-04-25,36,1,wk inc flu hosp,2026-05-02,quantile,0.025,13,New York,Ensemble
2026-04-25,36,1,wk inc flu hosp,2026-05-02,quantile,0.05,17,New York,Ensemble
2026-04-25,36,1,wk inc flu hosp,2026-05-02,quantile,0.1,25,New York,Ensemble
2026-04-25,36,1,wk inc flu hosp,2026-05-02,quantile,0.15,31,New York,Ensemble
2026-04-25,36,1,wk inc flu hosp,2026-05-02,quantile,0.2,37,New York,Ensemble
2026-04-25,36,1,wk inc flu hosp,2026-05-02,quantile,0.25,43,New York,Ensemble
2026-04-25,36,1,wk inc flu hosp,2026-05-02,quantile,0.3,48,New York,Ensemble
2026-04-25,36,1,wk inc flu hosp,2026-05-02,quantile,0.35,52,New York,Ensemble
2026-04-25,36,1,wk inc flu hosp,2026-05-02,quantile,0.4,58,New York,Ensemble
2026-04-25,36,1,wk inc flu hosp,2026-05-02,quantile,0.45,63,New York,Ensemble
2026-04-25,36,1,wk inc flu hosp,2026-05-02,quantile,0.5,71,New York,Ensemble
2026-04-25,36,1,wk inc flu hosp,2026-05-02,quantile,0.55,79,New York,Ensemble
2026-04-25,36,1,wk inc flu hosp,2026-05-02,quantile,0.6,87,New York,Ensemble
2026-04-25,36,1,wk inc flu hosp,2026-05-02,quantile,0.65,97,New York,Ensemble
2026-04-25,36,1,wk inc flu hosp,2026-05-02,quantile,0.7,106,New York,Ensemble
2026-04-25,36,1,wk inc flu hosp,2026-05-02,quantile,0.75,116,New York,Ensemble
2026-04-25,36,1,wk inc flu hosp,2026-05-02,quantile,0.8,129,New York,Ensemble
2026-04-25,36,1,wk inc flu hosp,2026-05-02,quantile,0.85,148,New York,Ensemble
2026-04-25,36,1,wk inc flu hosp,2026-05-02,quantile,0.9,194,New York,Ensemble
2026-04-25,36,1,wk inc flu hosp,2026-05-02,quantile,0.95,242,New York,Ensemble
2026-04-25,36,1,wk inc flu hosp,2026-05-02,quantile,0.975,301,New York,Ensemble
2026-04-25,36,1,wk inc flu hosp,2026-05-02,quantile,0.99,370,New York,Ensemble
2026-04-25,36,2,wk inc flu hosp,2026-05-09,quantile,0.01,7,New York,Ensemble
2026-04-25,36,2,wk inc flu hosp,2026-05-09,quantile,0.025,9,New York,Ensemble
2026-04-25,36,2,wk inc flu hosp,2026-05-09,quantile,0.05,11,New York,Ensemble
2026-04-25,36,2,wk inc flu hosp,2026-05-09,quantile,0.1,16,New York,Ensemble
2026-04-25,36,2,wk inc flu hosp,2026-05-09,quantile,0.15,24,New York,Ensemble
2026-04-25,36,2,wk inc flu hosp,2026-05-09,quantile,0.2,28,New York,Ensemble
2026-04-25,36,2,wk inc flu hosp,2026-05-09,quantile,0.25,33,New York,Ensemble
2026-04-25,36,2,wk inc flu hosp,2026-05-09,quantile,0.3,39,New York,Ensemble
2026-04-25,36,2,wk inc flu hosp,2026-05-09,quantile,0.35,42,New York,Ensemble
2026-04-25,36,2,wk inc flu hosp,2026-05-09,quantile,0.4,47,New York,Ensemble
2026-04-25,36,2,wk inc flu hosp,2026-05-09,quantile,0.45,51,New York,Ensemble
2026-04-25,36,2,wk inc flu hosp,2026-05-09,quantile,0.5,60,New York,Ensemble
2026-04-25,36,2,wk inc flu hosp,2026-05-09,quantile,0.55,69,New York,Ensemble
2026-04-25,36,2,wk inc flu hosp,2026-05-09,quantile,0.6,78,New York,Ensemble
2026-04-25,36,2,wk inc flu hosp,2026-05-09,quantile,0.65,89,New York,Ensemble
2026-04-25,36,2,wk inc flu hosp,2026-05-09,quantile,0.7,100,New York,Ensemble
2026-04-25,36,2,wk inc flu hosp,2026-05-09,quantile,0.75,113,New York,Ensemble
2026-04-25,36,2,wk inc flu hosp,2026-05-09,quantile,0.8,135,New York,Ensemble
2026-04-25,36,2,wk inc flu hosp,2026-05-09,quantile,0.85,163,New York,Ensemble
2026-04-25,36,2,wk inc flu hosp,2026-05-09,quantile,0.9,233,New York,Ensemble
2026-04-25,36,2,wk inc flu hosp,2026-05-09,quantile,0.95,292,New York,Ensemble
2026-04-25,36,2,wk inc flu hosp,2026-05-09,quantile,0.975,349,New York,Ensemble
2026-04-25,36,2,wk inc flu hosp,2026-05-09,quantile,0.99,442,New York,Ensemble
2026-04-25,36,3,wk inc flu hosp,2026-05-16,quantile,0.01,5,New York,Ensemble
2026-04-25,36,3,wk inc flu hosp,2026-05-16,quantile,0.025,6,New York,Ensemble
2026-04-25,36,3,wk inc flu hosp,2026-05-16,quantile,0.05,8,New York,Ensemble
2026-04-25,36,3,wk inc flu hosp,2026-05-16,quantile,0.1,12,New York,Ensemble
2026-04-25,36,3,wk inc flu hosp,2026-05-16,quantile,0.15,18,New York,Ensemble
2026-04-25,36,3,wk inc flu hosp,2026-05-16,quantile,0.2,23,New York,Ensemble
2026-04-25,36,3,wk inc flu hosp,2026-05-16,quantile,0.25,28,New York,Ensemble
2026-04-25,36,3,wk inc flu hosp,2026-05-16,quantile,0.3,31,New York,Ensemble
2026-04-25,36,3,wk inc flu hosp,2026-05-16,quantile,0.35,35,New York,Ensemble
2026-04-25,36,3,wk inc flu hosp,2026-05-16,quantile,0.4,39,New York,Ensemble
2026-04-25,36,3,wk inc flu hosp,2026-05-16,quantile,0.45,44,New York,Ensemble
2026-04-25,36,3,wk inc flu hosp,2026-05-16,quantile,0.5,54,New York,Ensemble
2026-04-25,36,3,wk inc flu hosp,2026-05-16,quantile,0.55,63,New York,Ensemble
2026-04-25,36,3,wk inc flu hosp,2026-05-16,quantile,0.6,73,New York,Ensemble
2026-04-25,36,3,wk inc flu hosp,2026-05-16,quantile,0.65,85,New York,Ensemble
2026-04-25,36,3,wk inc flu hosp,2026-05-16,quantile,0.7,97,New York,Ensemble
2026-04-25,36,3,wk inc flu hosp,2026-05-16,quantile,0.75,113,New York,Ensemble
2026-04-25,36,3,wk inc flu hosp,2026-05-16,quantile,0.8,134,New York,Ensemble
2026-04-25,36,3,wk inc flu hosp,2026-05-16,quantile,0.85,161,New York,Ensemble
2026-04-25,36,3,wk inc flu hosp,2026-05-16,quantile,0.9,254,New York,Ensemble
2026-04-25,36,3,wk inc flu hosp,2026-05-16,quantile,0.95,330,New York,Ensemble
2026-04-25,36,3,wk inc flu hosp,2026-05-16,quantile,0.975,403,New York,Ensemble
2026-04-25,36,3,wk inc flu hosp,2026-05-16,quantile,0.99,515,New York,Ensemble
2026-04-25,37,0,wk inc flu hosp,2026-04-25,quantile,0.01,1,North Carolina,Ensemble
2026-04-25,37,0,wk inc flu hosp,2026-04-25,quantile,0.025,1,North Carolina,Ensemble
2026-04-25,37,0,wk inc flu hosp,2026-04-25,quantile,0.05,2,North Carolina,Ensemble
2026-04-25,37,0,wk inc flu hosp,2026-04-25,quantile,0.1,3,North Carolina,Ensemble
2026-04-25,37,0,wk inc flu hosp,2026-04-25,quantile,0.15,4,North Carolina,Ensemble
2026-04-25,37,0,wk inc flu hosp,2026-04-25,quantile,0.2,5,North Carolina,Ensemble
2026-04-25,37,0,wk inc flu hosp,2026-04-25,quantile,0.25,6,North Carolina,Ensemble
2026-04-25,37,0,wk inc flu hosp,2026-04-25,quantile,0.3,7,North Carolina,Ensemble
2026-04-25,37,0,wk inc flu hosp,2026-04-25,quantile,0.35,8,North Carolina,Ensemble
2026-04-25,37,0,wk inc flu hosp,2026-04-25,quantile,0.4,10,North Carolina,Ensemble
2026-04-25,37,0,wk inc flu hosp,2026-04-25,quantile,0.45,11,North Carolina,Ensemble
2026-04-25,37,0,wk inc flu hosp,2026-04-25,quantile,0.5,15,North Carolina,Ensemble
2026-04-25,37,0,wk inc flu hosp,2026-04-25,quantile,0.55,17,North Carolina,Ensemble
2026-04-25,37,0,wk inc flu hosp,2026-04-25,quantile,0.6,19,North Carolina,Ensemble
2026-04-25,37,0,wk inc flu hosp,2026-04-25,quantile,0.65,21,North Carolina,Ensemble
2026-04-25,37,0,wk inc flu hosp,2026-04-25,quantile,0.7,24,North Carolina,Ensemble
2026-04-25,37,0,wk inc flu hosp,2026-04-25,quantile,0.75,27,North Carolina,Ensemble
2026-04-25,37,0,wk inc flu hosp,2026-04-25,quantile,0.8,30,North Carolina,Ensemble
2026-04-25,37,0,wk inc flu hosp,2026-04-25,quantile,0.85,36,North Carolina,Ensemble
2026-04-25,37,0,wk inc flu hosp,2026-04-25,quantile,0.9,63,North Carolina,Ensemble
2026-04-25,37,0,wk inc flu hosp,2026-04-25,quantile,0.95,81,North Carolina,Ensemble
2026-04-25,37,0,wk inc flu hosp,2026-04-25,quantile,0.975,98,North Carolina,Ensemble
2026-04-25,37,0,wk inc flu hosp,2026-04-25,quantile,0.99,119,North Carolina,Ensemble
2026-04-25,37,1,wk inc flu hosp,2026-05-02,quantile,0.01,1,North Carolina,Ensemble
2026-04-25,37,1,wk inc flu hosp,2026-05-02,quantile,0.025,1,North Carolina,Ensemble
2026-04-25,37,1,wk inc flu hosp,2026-05-02,quantile,0.05,1,North Carolina,Ensemble
2026-04-25,37,1,wk inc flu hosp,2026-05-02,quantile,0.1,2,North Carolina,Ensemble
2026-04-25,37,1,wk inc flu hosp,2026-05-02,quantile,0.15,3,North Carolina,Ensemble
2026-04-25,37,1,wk inc flu hosp,2026-05-02,quantile,0.2,3,North Carolina,Ensemble
2026-04-25,37,1,wk inc flu hosp,2026-05-02,quantile,0.25,4,North Carolina,Ensemble
2026-04-25,37,1,wk inc flu hosp,2026-05-02,quantile,0.3,5,North Carolina,Ensemble
2026-04-25,37,1,wk inc flu hosp,2026-05-02,quantile,0.35,6,North Carolina,Ensemble
2026-04-25,37,1,wk inc flu hosp,2026-05-02,quantile,0.4,8,North Carolina,Ensemble
2026-04-25,37,1,wk inc flu hosp,2026-05-02,quantile,0.45,9,North Carolina,Ensemble
2026-04-25,37,1,wk inc flu hosp,2026-05-02,quantile,0.5,12,North Carolina,Ensemble
2026-04-25,37,1,wk inc flu hosp,2026-05-02,quantile,0.55,14,North Carolina,Ensemble
2026-04-25,37,1,wk inc flu hosp,2026-05-02,quantile,0.6,16,North Carolina,Ensemble
2026-04-25,37,1,wk inc flu hosp,2026-05-02,quantile,0.65,19,North Carolina,Ensemble
2026-04-25,37,1,wk inc flu hosp,2026-05-02,quantile,0.7,23,North Carolina,Ensemble
2026-04-25,37,1,wk inc flu hosp,2026-05-02,quantile,0.75,27,North Carolina,Ensemble
2026-04-25,37,1,wk inc flu hosp,2026-05-02,quantile,0.8,32,North Carolina,Ensemble
2026-04-25,37,1,wk inc flu hosp,2026-05-02,quantile,0.85,43,North Carolina,Ensemble
2026-04-25,37,1,wk inc flu hosp,2026-05-02,quantile,0.9,62,North Carolina,Ensemble
2026-04-25,37,1,wk inc flu hosp,2026-05-02,quantile,0.95,122,North Carolina,Ensemble
2026-04-25,37,1,wk inc flu hosp,2026-05-02,quantile,0.975,146,North Carolina,Ensemble
2026-04-25,37,1,wk inc flu hosp,2026-05-02,quantile,0.99,179,North Carolina,Ensemble
2026-04-25,37,2,wk inc flu hosp,2026-05-09,quantile,0.01,0,North Carolina,Ensemble
2026-04-25,37,2,wk inc flu hosp,2026-05-09,quantile,0.025,1,North Carolina,Ensemble
2026-04-25,37,2,wk inc flu hosp,2026-05-09,quantile,0.05,1,North Carolina,Ensemble
2026-04-25,37,2,wk inc flu hosp,2026-05-09,quantile,0.1,1,North Carolina,Ensemble
2026-04-25,37,2,wk inc flu hosp,2026-05-09,quantile,0.15,2,North Carolina,Ensemble
2026-04-25,37,2,wk inc flu hosp,2026-05-09,quantile,0.2,3,North Carolina,Ensemble
2026-04-25,37,2,wk inc flu hosp,2026-05-09,quantile,0.25,3,North Carolina,Ensemble
2026-04-25,37,2,wk inc flu hosp,2026-05-09,quantile,0.3,4,North Carolina,Ensemble
2026-04-25,37,2,wk inc flu hosp,2026-05-09,quantile,0.35,5,North Carolina,Ensemble
2026-04-25,37,2,wk inc flu hosp,2026-05-09,quantile,0.4,6,North Carolina,Ensemble
2026-04-25,37,2,wk inc flu hosp,2026-05-09,quantile,0.45,7,North Carolina,Ensemble
2026-04-25,37,2,wk inc flu hosp,2026-05-09,quantile,0.5,12,North Carolina,Ensemble
2026-04-25,37,2,wk inc flu hosp,2026-05-09,quantile,0.55,14,North Carolina,Ensemble
2026-04-25,37,2,wk inc flu hosp,2026-05-09,quantile,0.6,17,North Carolina,Ensemble
2026-04-25,37,2,wk inc flu hosp,2026-05-09,quantile,0.65,20,North Carolina,Ensemble
2026-04-25,37,2,wk inc flu hosp,2026-05-09,quantile,0.7,25,North Carolina,Ensemble
2026-04-25,37,2,wk inc flu hosp,2026-05-09,quantile,0.75,31,North Carolina,Ensemble
2026-04-25,37,2,wk inc flu hosp,2026-05-09,quantile,0.8,37,North Carolina,Ensemble
2026-04-25,37,2,wk inc flu hosp,2026-05-09,quantile,0.85,71,North Carolina,Ensemble
2026-04-25,37,2,wk inc flu hosp,2026-05-09,quantile,0.9,104,North Carolina,Ensemble
2026-04-25,37,2,wk inc flu hosp,2026-05-09,quantile,0.95,149,North Carolina,Ensemble
2026-04-25,37,2,wk inc flu hosp,2026-05-09,quantile,0.975,190,North Carolina,Ensemble
2026-04-25,37,2,wk inc flu hosp,2026-05-09,quantile,0.99,235,North Carolina,Ensemble
2026-04-25,37,3,wk inc flu hosp,2026-05-16,quantile,0.01,0,North Carolina,Ensemble
2026-04-25,37,3,wk inc flu hosp,2026-05-16,quantile,0.025,0,North Carolina,Ensemble
2026-04-25,37,3,wk inc flu hosp,2026-05-16,quantile,0.05,1,North Carolina,Ensemble
2026-04-25,37,3,wk inc flu hosp,2026-05-16,quantile,0.1,1,North Carolina,Ensemble
2026-04-25,37,3,wk inc flu hosp,2026-05-16,quantile,0.15,2,North Carolina,Ensemble
2026-04-25,37,3,wk inc flu hosp,2026-05-16,quantile,0.2,2,North Carolina,Ensemble
2026-04-25,37,3,wk inc flu hosp,2026-05-16,quantile,0.25,3,North Carolina,Ensemble
2026-04-25,37,3,wk inc flu hosp,2026-05-16,quantile,0.3,4,North Carolina,Ensemble
2026-04-25,37,3,wk inc flu hosp,2026-05-16,quantile,0.35,5,North Carolina,Ensemble
2026-04-25,37,3,wk inc flu hosp,2026-05-16,quantile,0.4,6,North Carolina,Ensemble
2026-04-25,37,3,wk inc flu hosp,2026-05-16,quantile,0.45,7,North Carolina,Ensemble
2026-04-25,37,3,wk inc flu hosp,2026-05-16,quantile,0.5,10,North Carolina,Ensemble
2026-04-25,37,3,wk inc flu hosp,2026-05-16,quantile,0.55,14,North Carolina,Ensemble
2026-04-25,37,3,wk inc flu hosp,2026-05-16,quantile,0.6,18,North Carolina,Ensemble
2026-04-25,37,3,wk inc flu hosp,2026-05-16,quantile,0.65,22,North Carolina,Ensemble
2026-04-25,37,3,wk inc flu hosp,2026-05-16,quantile,0.7,26,North Carolina,Ensemble
2026-04-25,37,3,wk inc flu hosp,2026-05-16,quantile,0.75,34,North Carolina,Ensemble
2026-04-25,37,3,wk inc flu hosp,2026-05-16,quantile,0.8,42,North Carolina,Ensemble
2026-04-25,37,3,wk inc flu hosp,2026-05-16,quantile,0.85,68,North Carolina,Ensemble
2026-04-25,37,3,wk inc flu hosp,2026-05-16,quantile,0.9,99,North Carolina,Ensemble
2026-04-25,37,3,wk inc flu hosp,2026-05-16,quantile,0.95,173,North Carolina,Ensemble
2026-04-25,37,3,wk inc flu hosp,2026-05-16,quantile,0.975,207,North Carolina,Ensemble
2026-04-25,37,3,wk inc flu hosp,2026-05-16,quantile,0.99,258,North Carolina,Ensemble
2026-04-25,38,0,wk inc flu hosp,2026-04-25,quantile,0.01,0,North Dakota,Ensemble
2026-04-25,38,0,wk inc flu hosp,2026-04-25,quantile,0.025,0,North Dakota,Ensemble
2026-04-25,38,0,wk inc flu hosp,2026-04-25,quantile,0.05,1,North Dakota,Ensemble
2026-04-25,38,0,wk inc flu hosp,2026-04-25,quantile,0.1,1,North Dakota,Ensemble
2026-04-25,38,0,wk inc flu hosp,2026-04-25,quantile,0.15,2,North Dakota,Ensemble
2026-04-25,38,0,wk inc flu hosp,2026-04-25,quantile,0.2,2,North Dakota,Ensemble
2026-04-25,38,0,wk inc flu hosp,2026-04-25,quantile,0.25,3,North Dakota,Ensemble
2026-04-25,38,0,wk inc flu hosp,2026-04-25,quantile,0.3,3,North Dakota,Ensemble
2026-04-25,38,0,wk inc flu hosp,2026-04-25,quantile,0.35,4,North Dakota,Ensemble
2026-04-25,38,0,wk inc flu hosp,2026-04-25,quantile,0.4,4,North Dakota,Ensemble
2026-04-25,38,0,wk inc flu hosp,2026-04-25,quantile,0.45,5,North Dakota,Ensemble
2026-04-25,38,0,wk inc flu hosp,2026-04-25,quantile,0.5,7,North Dakota,Ensemble
2026-04-25,38,0,wk inc flu hosp,2026-04-25,quantile,0.55,7,North Dakota,Ensemble
2026-04-25,38,0,wk inc flu hosp,2026-04-25,quantile,0.6,8,North Dakota,Ensemble
2026-04-25,38,0,wk inc flu hosp,2026-04-25,quantile,0.65,9,North Dakota,Ensemble
2026-04-25,38,0,wk inc flu hosp,2026-04-25,quantile,0.7,9,North Dakota,Ensemble
2026-04-25,38,0,wk inc flu hosp,2026-04-25,quantile,0.75,10,North Dakota,Ensemble
2026-04-25,38,0,wk inc flu hosp,2026-04-25,quantile,0.8,11,North Dakota,Ensemble
2026-04-25,38,0,wk inc flu hosp,2026-04-25,quantile,0.85,13,North Dakota,Ensemble
2026-04-25,38,0,wk inc flu hosp,2026-04-25,quantile,0.9,15,North Dakota,Ensemble
2026-04-25,38,0,wk inc flu hosp,2026-04-25,quantile,0.95,18,North Dakota,Ensemble
2026-04-25,38,0,wk inc flu hosp,2026-04-25,quantile,0.975,21,North Dakota,Ensemble
2026-04-25,38,0,wk inc flu hosp,2026-04-25,quantile,0.99,24,North Dakota,Ensemble
2026-04-25,38,1,wk inc flu hosp,2026-05-02,quantile,0.01,0,North Dakota,Ensemble
2026-04-25,38,1,wk inc flu hosp,2026-05-02,quantile,0.025,0,North Dakota,Ensemble
2026-04-25,38,1,wk inc flu hosp,2026-05-02,quantile,0.05,0,North Dakota,Ensemble
2026-04-25,38,1,wk inc flu hosp,2026-05-02,quantile,0.1,1,North Dakota,Ensemble
2026-04-25,38,1,wk inc flu hosp,2026-05-02,quantile,0.15,1,North Dakota,Ensemble
2026-04-25,38,1,wk inc flu hosp,2026-05-02,quantile,0.2,1,North Dakota,Ensemble
2026-04-25,38,1,wk inc flu hosp,2026-05-02,quantile,0.25,2,North Dakota,Ensemble
2026-04-25,38,1,wk inc flu hosp,2026-05-02,quantile,0.3,2,North Dakota,Ensemble
2026-04-25,38,1,wk inc flu hosp,2026-05-02,quantile,0.35,3,North Dakota,Ensemble
2026-04-25,38,1,wk inc flu hosp,2026-05-02,quantile,0.4,3,North Dakota,Ensemble
2026-04-25,38,1,wk inc flu hosp,2026-05-02,quantile,0.45,4,North Dakota,Ensemble
2026-04-25,38,1,wk inc flu hosp,2026-05-02,quantile,0.5,5,North Dakota,Ensemble
2026-04-25,38,1,wk inc flu hosp,2026-05-02,quantile,0.55,6,North Dakota,Ensemble
2026-04-25,38,1,wk inc flu hosp,2026-05-02,quantile,0.6,7,North Dakota,Ensemble
2026-04-25,38,1,wk inc flu hosp,2026-05-02,quantile,0.65,8,North Dakota,Ensemble
2026-04-25,38,1,wk inc flu hosp,2026-05-02,quantile,0.7,9,North Dakota,Ensemble
2026-04-25,38,1,wk inc flu hosp,2026-05-02,quantile,0.75,10,North Dakota,Ensemble
2026-04-25,38,1,wk inc flu hosp,2026-05-02,quantile,0.8,11,North Dakota,Ensemble
2026-04-25,38,1,wk inc flu hosp,2026-05-02,quantile,0.85,13,North Dakota,Ensemble
2026-04-25,38,1,wk inc flu hosp,2026-05-02,quantile,0.9,15,North Dakota,Ensemble
2026-04-25,38,1,wk inc flu hosp,2026-05-02,quantile,0.95,18,North Dakota,Ensemble
2026-04-25,38,1,wk inc flu hosp,2026-05-02,quantile,0.975,22,North Dakota,Ensemble
2026-04-25,38,1,wk inc flu hosp,2026-05-02,quantile,0.99,26,North Dakota,Ensemble
2026-04-25,38,2,wk inc flu hosp,2026-05-09,quantile,0.01,0,North Dakota,Ensemble
2026-04-25,38,2,wk inc flu hosp,2026-05-09,quantile,0.025,0,North Dakota,Ensemble
2026-04-25,38,2,wk inc flu hosp,2026-05-09,quantile,0.05,0,North Dakota,Ensemble
2026-04-25,38,2,wk inc flu hosp,2026-05-09,quantile,0.1,0,North Dakota,Ensemble
2026-04-25,38,2,wk inc flu hosp,2026-05-09,quantile,0.15,1,North Dakota,Ensemble
2026-04-25,38,2,wk inc flu hosp,2026-05-09,quantile,0.2,1,North Dakota,Ensemble
2026-04-25,38,2,wk inc flu hosp,2026-05-09,quantile,0.25,1,North Dakota,Ensemble
2026-04-25,38,2,wk inc flu hosp,2026-05-09,quantile,0.3,2,North Dakota,Ensemble
2026-04-25,38,2,wk inc flu hosp,2026-05-09,quantile,0.35,2,North Dakota,Ensemble
2026-04-25,38,2,wk inc flu hosp,2026-05-09,quantile,0.4,2,North Dakota,Ensemble
2026-04-25,38,2,wk inc flu hosp,2026-05-09,quantile,0.45,3,North Dakota,Ensemble
2026-04-25,38,2,wk inc flu hosp,2026-05-09,quantile,0.5,5,North Dakota,Ensemble
2026-04-25,38,2,wk inc flu hosp,2026-05-09,quantile,0.55,6,North Dakota,Ensemble
2026-04-25,38,2,wk inc flu hosp,2026-05-09,quantile,0.6,6,North Dakota,Ensemble
2026-04-25,38,2,wk inc flu hosp,2026-05-09,quantile,0.65,7,North Dakota,Ensemble
2026-04-25,38,2,wk inc flu hosp,2026-05-09,quantile,0.7,8,North Dakota,Ensemble
2026-04-25,38,2,wk inc flu hosp,2026-05-09,quantile,0.75,10,North Dakota,Ensemble
2026-04-25,38,2,wk inc flu hosp,2026-05-09,quantile,0.8,11,North Dakota,Ensemble
2026-04-25,38,2,wk inc flu hosp,2026-05-09,quantile,0.85,13,North Dakota,Ensemble
2026-04-25,38,2,wk inc flu hosp,2026-05-09,quantile,0.9,15,North Dakota,Ensemble
2026-04-25,38,2,wk inc flu hosp,2026-05-09,quantile,0.95,20,North Dakota,Ensemble
2026-04-25,38,2,wk inc flu hosp,2026-05-09,quantile,0.975,24,North Dakota,Ensemble
2026-04-25,38,2,wk inc flu hosp,2026-05-09,quantile,0.99,29,North Dakota,Ensemble
2026-04-25,38,3,wk inc flu hosp,2026-05-16,quantile,0.01,0,North Dakota,Ensemble
2026-04-25,38,3,wk inc flu hosp,2026-05-16,quantile,0.025,0,North Dakota,Ensemble
2026-04-25,38,3,wk inc flu hosp,2026-05-16,quantile,0.05,0,North Dakota,Ensemble
2026-04-25,38,3,wk inc flu hosp,2026-05-16,quantile,0.1,0,North Dakota,Ensemble
2026-04-25,38,3,wk inc flu hosp,2026-05-16,quantile,0.15,0,North Dakota,Ensemble
2026-04-25,38,3,wk inc flu hosp,2026-05-16,quantile,0.2,1,North Dakota,Ensemble
2026-04-25,38,3,wk inc flu hosp,2026-05-16,quantile,0.25,1,North Dakota,Ensemble
2026-04-25,38,3,wk inc flu hosp,2026-05-16,quantile,0.3,1,North Dakota,Ensemble
2026-04-25,38,3,wk inc flu hosp,2026-05-16,quantile,0.35,1,North Dakota,Ensemble
2026-04-25,38,3,wk inc flu hosp,2026-05-16,quantile,0.4,2,North Dakota,Ensemble
2026-04-25,38,3,wk inc flu hosp,2026-05-16,quantile,0.45,2,North Dakota,Ensemble
2026-04-25,38,3,wk inc flu hosp,2026-05-16,quantile,0.5,4,North Dakota,Ensemble
2026-04-25,38,3,wk inc flu hosp,2026-05-16,quantile,0.55,5,North Dakota,Ensemble
2026-04-25,38,3,wk inc flu hosp,2026-05-16,quantile,0.6,6,North Dakota,Ensemble
2026-04-25,38,3,wk inc flu hosp,2026-05-16,quantile,0.65,7,North Dakota,Ensemble
2026-04-25,38,3,wk inc flu hosp,2026-05-16,quantile,0.7,7,North Dakota,Ensemble
2026-04-25,38,3,wk inc flu hosp,2026-05-16,quantile,0.75,9,North Dakota,Ensemble
2026-04-25,38,3,wk inc flu hosp,2026-05-16,quantile,0.8,11,North Dakota,Ensemble
2026-04-25,38,3,wk inc flu hosp,2026-05-16,quantile,0.85,13,North Dakota,Ensemble
2026-04-25,38,3,wk inc flu hosp,2026-05-16,quantile,0.9,15,North Dakota,Ensemble
2026-04-25,38,3,wk inc flu hosp,2026-05-16,quantile,0.95,21,North Dakota,Ensemble
2026-04-25,38,3,wk inc flu hosp,2026-05-16,quantile,0.975,25,North Dakota,Ensemble
2026-04-25,38,3,wk inc flu hosp,2026-05-16,quantile,0.99,31,North Dakota,Ensemble
2026-04-25,39,0,wk inc flu hosp,2026-04-25,quantile,0.01,4,Ohio,Ensemble
2026-04-25,39,0,wk inc flu hosp,2026-04-25,quantile,0.025,4,Ohio,Ensemble
2026-04-25,39,0,wk inc flu hosp,2026-04-25,quantile,0.05,5,Ohio,Ensemble
2026-04-25,39,0,wk inc flu hosp,2026-04-25,quantile,0.1,7,Ohio,Ensemble
2026-04-25,39,0,wk inc flu hosp,2026-04-25,quantile,0.15,8,Ohio,Ensemble
2026-04-25,39,0,wk inc flu hosp,2026-04-25,quantile,0.2,10,Ohio,Ensemble
2026-04-25,39,0,wk inc flu hosp,2026-04-25,quantile,0.25,11,Ohio,Ensemble
2026-04-25,39,0,wk inc flu hosp,2026-04-25,quantile,0.3,12,Ohio,Ensemble
2026-04-25,39,0,wk inc flu hosp,2026-04-25,quantile,0.35,13,Ohio,Ensemble
2026-04-25,39,0,wk inc flu hosp,2026-04-25,quantile,0.4,15,Ohio,Ensemble
2026-04-25,39,0,wk inc flu hosp,2026-04-25,quantile,0.45,18,Ohio,Ensemble
2026-04-25,39,0,wk inc flu hosp,2026-04-25,quantile,0.5,22,Ohio,Ensemble
2026-04-25,39,0,wk inc flu hosp,2026-04-25,quantile,0.55,25,Ohio,Ensemble
2026-04-25,39,0,wk inc flu hosp,2026-04-25,quantile,0.6,29,Ohio,Ensemble
2026-04-25,39,0,wk inc flu hosp,2026-04-25,quantile,0.65,33,Ohio,Ensemble
2026-04-25,39,0,wk inc flu hosp,2026-04-25,quantile,0.7,38,Ohio,Ensemble
2026-04-25,39,0,wk inc flu hosp,2026-04-25,quantile,0.75,43,Ohio,Ensemble
2026-04-25,39,0,wk inc flu hosp,2026-04-25,quantile,0.8,49,Ohio,Ensemble
2026-04-25,39,0,wk inc flu hosp,2026-04-25,quantile,0.85,60,Ohio,Ensemble
2026-04-25,39,0,wk inc flu hosp,2026-04-25,quantile,0.9,70,Ohio,Ensemble
2026-04-25,39,0,wk inc flu hosp,2026-04-25,quantile,0.95,100,Ohio,Ensemble
2026-04-25,39,0,wk inc flu hosp,2026-04-25,quantile,0.975,119,Ohio,Ensemble
2026-04-25,39,0,wk inc flu hosp,2026-04-25,quantile,0.99,143,Ohio,Ensemble
2026-04-25,39,1,wk inc flu hosp,2026-05-02,quantile,0.01,2,Ohio,Ensemble
2026-04-25,39,1,wk inc flu hosp,2026-05-02,quantile,0.025,3,Ohio,Ensemble
2026-04-25,39,1,wk inc flu hosp,2026-05-02,quantile,0.05,3,Ohio,Ensemble
2026-04-25,39,1,wk inc flu hosp,2026-05-02,quantile,0.1,5,Ohio,Ensemble
2026-04-25,39,1,wk inc flu hosp,2026-05-02,quantile,0.15,6,Ohio,Ensemble
2026-04-25,39,1,wk inc flu hosp,2026-05-02,quantile,0.2,7,Ohio,Ensemble
2026-04-25,39,1,wk inc flu hosp,2026-05-02,quantile,0.25,8,Ohio,Ensemble
2026-04-25,39,1,wk inc flu hosp,2026-05-02,quantile,0.3,9,Ohio,Ensemble
2026-04-25,39,1,wk inc flu hosp,2026-05-02,quantile,0.35,10,Ohio,Ensemble
2026-04-25,39,1,wk inc flu hosp,2026-05-02,quantile,0.4,11,Ohio,Ensemble
2026-04-25,39,1,wk inc flu hosp,2026-05-02,quantile,0.45,14,Ohio,Ensemble
2026-04-25,39,1,wk inc flu hosp,2026-05-02,quantile,0.5,18,Ohio,Ensemble
2026-04-25,39,1,wk inc flu hosp,2026-05-02,quantile,0.55,22,Ohio,Ensemble
2026-04-25,39,1,wk inc flu hosp,2026-05-02,quantile,0.6,29,Ohio,Ensemble
2026-04-25,39,1,wk inc flu hosp,2026-05-02,quantile,0.65,35,Ohio,Ensemble
2026-04-25,39,1,wk inc flu hosp,2026-05-02,quantile,0.7,41,Ohio,Ensemble
2026-04-25,39,1,wk inc flu hosp,2026-05-02,quantile,0.75,46,Ohio,Ensemble
2026-04-25,39,1,wk inc flu hosp,2026-05-02,quantile,0.8,55,Ohio,Ensemble
2026-04-25,39,1,wk inc flu hosp,2026-05-02,quantile,0.85,70,Ohio,Ensemble
2026-04-25,39,1,wk inc flu hosp,2026-05-02,quantile,0.9,107,Ohio,Ensemble
2026-04-25,39,1,wk inc flu hosp,2026-05-02,quantile,0.95,139,Ohio,Ensemble
2026-04-25,39,1,wk inc flu hosp,2026-05-02,quantile,0.975,163,Ohio,Ensemble
2026-04-25,39,1,wk inc flu hosp,2026-05-02,quantile,0.99,194,Ohio,Ensemble
2026-04-25,39,2,wk inc flu hosp,2026-05-09,quantile,0.01,1,Ohio,Ensemble
2026-04-25,39,2,wk inc flu hosp,2026-05-09,quantile,0.025,2,Ohio,Ensemble
2026-04-25,39,2,wk inc flu hosp,2026-05-09,quantile,0.05,3,Ohio,Ensemble
2026-04-25,39,2,wk inc flu hosp,2026-05-09,quantile,0.1,3,Ohio,Ensemble
2026-04-25,39,2,wk inc flu hosp,2026-05-09,quantile,0.15,4,Ohio,Ensemble
2026-04-25,39,2,wk inc flu hosp,2026-05-09,quantile,0.2,5,Ohio,Ensemble
2026-04-25,39,2,wk inc flu hosp,2026-05-09,quantile,0.25,6,Ohio,Ensemble
2026-04-25,39,2,wk inc flu hosp,2026-05-09,quantile,0.3,7,Ohio,Ensemble
2026-04-25,39,2,wk inc flu hosp,2026-05-09,quantile,0.35,7,Ohio,Ensemble
2026-04-25,39,2,wk inc flu hosp,2026-05-09,quantile,0.4,8,Ohio,Ensemble
2026-04-25,39,2,wk inc flu hosp,2026-05-09,quantile,0.45,10,Ohio,Ensemble
2026-04-25,39,2,wk inc flu hosp,2026-05-09,quantile,0.5,17,Ohio,Ensemble
2026-04-25,39,2,wk inc flu hosp,2026-05-09,quantile,0.55,22,Ohio,Ensemble
2026-04-25,39,2,wk inc flu hosp,2026-05-09,quantile,0.6,29,Ohio,Ensemble
2026-04-25,39,2,wk inc flu hosp,2026-05-09,quantile,0.65,36,Ohio,Ensemble
2026-04-25,39,2,wk inc flu hosp,2026-05-09,quantile,0.7,43,Ohio,Ensemble
2026-04-25,39,2,wk inc flu hosp,2026-05-09,quantile,0.75,51,Ohio,Ensemble
2026-04-25,39,2,wk inc flu hosp,2026-05-09,quantile,0.8,60,Ohio,Ensemble
2026-04-25,39,2,wk inc flu hosp,2026-05-09,quantile,0.85,80,Ohio,Ensemble
2026-04-25,39,2,wk inc flu hosp,2026-05-09,quantile,0.9,100,Ohio,Ensemble
2026-04-25,39,2,wk inc flu hosp,2026-05-09,quantile,0.95,171,Ohio,Ensemble
2026-04-25,39,2,wk inc flu hosp,2026-05-09,quantile,0.975,210,Ohio,Ensemble
2026-04-25,39,2,wk inc flu hosp,2026-05-09,quantile,0.99,255,Ohio,Ensemble
2026-04-25,39,3,wk inc flu hosp,2026-05-16,quantile,0.01,1,Ohio,Ensemble
2026-04-25,39,3,wk inc flu hosp,2026-05-16,quantile,0.025,1,Ohio,Ensemble
2026-04-25,39,3,wk inc flu hosp,2026-05-16,quantile,0.05,2,Ohio,Ensemble
2026-04-25,39,3,wk inc flu hosp,2026-05-16,quantile,0.1,3,Ohio,Ensemble
2026-04-25,39,3,wk inc flu hosp,2026-05-16,quantile,0.15,3,Ohio,Ensemble
2026-04-25,39,3,wk inc flu hosp,2026-05-16,quantile,0.2,4,Ohio,Ensemble
2026-04-25,39,3,wk inc flu hosp,2026-05-16,quantile,0.25,5,Ohio,Ensemble
2026-04-25,39,3,wk inc flu hosp,2026-05-16,quantile,0.3,5,Ohio,Ensemble
2026-04-25,39,3,wk inc flu hosp,2026-05-16,quantile,0.35,6,Ohio,Ensemble
2026-04-25,39,3,wk inc flu hosp,2026-05-16,quantile,0.4,7,Ohio,Ensemble
2026-04-25,39,3,wk inc flu hosp,2026-05-16,quantile,0.45,10,Ohio,Ensemble
2026-04-25,39,3,wk inc flu hosp,2026-05-16,quantile,0.5,14,Ohio,Ensemble
2026-04-25,39,3,wk inc flu hosp,2026-05-16,quantile,0.55,18,Ohio,Ensemble
2026-04-25,39,3,wk inc flu hosp,2026-05-16,quantile,0.6,23,Ohio,Ensemble
2026-04-25,39,3,wk inc flu hosp,2026-05-16,quantile,0.65,34,Ohio,Ensemble
2026-04-25,39,3,wk inc flu hosp,2026-05-16,quantile,0.7,42,Ohio,Ensemble
2026-04-25,39,3,wk inc flu hosp,2026-05-16,quantile,0.75,56,Ohio,Ensemble
2026-04-25,39,3,wk inc flu hosp,2026-05-16,quantile,0.8,66,Ohio,Ensemble
2026-04-25,39,3,wk inc flu hosp,2026-05-16,quantile,0.85,97,Ohio,Ensemble
2026-04-25,39,3,wk inc flu hosp,2026-05-16,quantile,0.9,136,Ohio,Ensemble
2026-04-25,39,3,wk inc flu hosp,2026-05-16,quantile,0.95,186,Ohio,Ensemble
2026-04-25,39,3,wk inc flu hosp,2026-05-16,quantile,0.975,220,Ohio,Ensemble
2026-04-25,39,3,wk inc flu hosp,2026-05-16,quantile,0.99,267,Ohio,Ensemble
2026-04-25,40,0,wk inc flu hosp,2026-04-25,quantile,0.01,1,Oklahoma,Ensemble
2026-04-25,40,0,wk inc flu hosp,2026-04-25,quantile,0.025,1,Oklahoma,Ensemble
2026-04-25,40,0,wk inc flu hosp,2026-04-25,quantile,0.05,1,Oklahoma,Ensemble
2026-04-25,40,0,wk inc flu hosp,2026-04-25,quantile,0.1,2,Oklahoma,Ensemble
2026-04-25,40,0,wk inc flu hosp,2026-04-25,quantile,0.15,2,Oklahoma,Ensemble
2026-04-25,40,0,wk inc flu hosp,2026-04-25,quantile,0.2,2,Oklahoma,Ensemble
2026-04-25,40,0,wk inc flu hosp,2026-04-25,quantile,0.25,3,Oklahoma,Ensemble
2026-04-25,40,0,wk inc flu hosp,2026-04-25,quantile,0.3,3,Oklahoma,Ensemble
2026-04-25,40,0,wk inc flu hosp,2026-04-25,quantile,0.35,4,Oklahoma,Ensemble
2026-04-25,40,0,wk inc flu hosp,2026-04-25,quantile,0.4,5,Oklahoma,Ensemble
2026-04-25,40,0,wk inc flu hosp,2026-04-25,quantile,0.45,5,Oklahoma,Ensemble
2026-04-25,40,0,wk inc flu hosp,2026-04-25,quantile,0.5,8,Oklahoma,Ensemble
2026-04-25,40,0,wk inc flu hosp,2026-04-25,quantile,0.55,9,Oklahoma,Ensemble
2026-04-25,40,0,wk inc flu hosp,2026-04-25,quantile,0.6,10,Oklahoma,Ensemble
2026-04-25,40,0,wk inc flu hosp,2026-04-25,quantile,0.65,12,Oklahoma,Ensemble
2026-04-25,40,0,wk inc flu hosp,2026-04-25,quantile,0.7,14,Oklahoma,Ensemble
2026-04-25,40,0,wk inc flu hosp,2026-04-25,quantile,0.75,16,Oklahoma,Ensemble
2026-04-25,40,0,wk inc flu hosp,2026-04-25,quantile,0.8,19,Oklahoma,Ensemble
2026-04-25,40,0,wk inc flu hosp,2026-04-25,quantile,0.85,24,Oklahoma,Ensemble
2026-04-25,40,0,wk inc flu hosp,2026-04-25,quantile,0.9,27,Oklahoma,Ensemble
2026-04-25,40,0,wk inc flu hosp,2026-04-25,quantile,0.95,34,Oklahoma,Ensemble
2026-04-25,40,0,wk inc flu hosp,2026-04-25,quantile,0.975,40,Oklahoma,Ensemble
2026-04-25,40,0,wk inc flu hosp,2026-04-25,quantile,0.99,49,Oklahoma,Ensemble
2026-04-25,40,1,wk inc flu hosp,2026-05-02,quantile,0.01,0,Oklahoma,Ensemble
2026-04-25,40,1,wk inc flu hosp,2026-05-02,quantile,0.025,0,Oklahoma,Ensemble
2026-04-25,40,1,wk inc flu hosp,2026-05-02,quantile,0.05,1,Oklahoma,Ensemble
2026-04-25,40,1,wk inc flu hosp,2026-05-02,quantile,0.1,1,Oklahoma,Ensemble
2026-04-25,40,1,wk inc flu hosp,2026-05-02,quantile,0.15,2,Oklahoma,Ensemble
2026-04-25,40,1,wk inc flu hosp,2026-05-02,quantile,0.2,2,Oklahoma,Ensemble
2026-04-25,40,1,wk inc flu hosp,2026-05-02,quantile,0.25,2,Oklahoma,Ensemble
2026-04-25,40,1,wk inc flu hosp,2026-05-02,quantile,0.3,3,Oklahoma,Ensemble
2026-04-25,40,1,wk inc flu hosp,2026-05-02,quantile,0.35,4,Oklahoma,Ensemble
2026-04-25,40,1,wk inc flu hosp,2026-05-02,quantile,0.4,4,Oklahoma,Ensemble
2026-04-25,40,1,wk inc flu hosp,2026-05-02,quantile,0.45,5,Oklahoma,Ensemble
2026-04-25,40,1,wk inc flu hosp,2026-05-02,quantile,0.5,7,Oklahoma,Ensemble
2026-04-25,40,1,wk inc flu hosp,2026-05-02,quantile,0.55,9,Oklahoma,Ensemble
2026-04-25,40,1,wk inc flu hosp,2026-05-02,quantile,0.6,11,Oklahoma,Ensemble
2026-04-25,40,1,wk inc flu hosp,2026-05-02,quantile,0.65,13,Oklahoma,Ensemble
2026-04-25,40,1,wk inc flu hosp,2026-05-02,quantile,0.7,15,Oklahoma,Ensemble
2026-04-25,40,1,wk inc flu hosp,2026-05-02,quantile,0.75,18,Oklahoma,Ensemble
2026-04-25,40,1,wk inc flu hosp,2026-05-02,quantile,0.8,21,Oklahoma,Ensemble
2026-04-25,40,1,wk inc flu hosp,2026-05-02,quantile,0.85,27,Oklahoma,Ensemble
2026-04-25,40,1,wk inc flu hosp,2026-05-02,quantile,0.9,33,Oklahoma,Ensemble
2026-04-25,40,1,wk inc flu hosp,2026-05-02,quantile,0.95,41,Oklahoma,Ensemble
2026-04-25,40,1,wk inc flu hosp,2026-05-02,quantile,0.975,49,Oklahoma,Ensemble
2026-04-25,40,1,wk inc flu hosp,2026-05-02,quantile,0.99,60,Oklahoma,Ensemble
2026-04-25,40,2,wk inc flu hosp,2026-05-09,quantile,0.01,0,Oklahoma,Ensemble
2026-04-25,40,2,wk inc flu hosp,2026-05-09,quantile,0.025,0,Oklahoma,Ensemble
2026-04-25,40,2,wk inc flu hosp,2026-05-09,quantile,0.05,0,Oklahoma,Ensemble
2026-04-25,40,2,wk inc flu hosp,2026-05-09,quantile,0.1,1,Oklahoma,Ensemble
2026-04-25,40,2,wk inc flu hosp,2026-05-09,quantile,0.15,1,Oklahoma,Ensemble
2026-04-25,40,2,wk inc flu hosp,2026-05-09,quantile,0.2,2,Oklahoma,Ensemble
2026-04-25,40,2,wk inc flu hosp,2026-05-09,quantile,0.25,2,Oklahoma,Ensemble
2026-04-25,40,2,wk inc flu hosp,2026-05-09,quantile,0.3,3,Oklahoma,Ensemble
2026-04-25,40,2,wk inc flu hosp,2026-05-09,quantile,0.35,4,Oklahoma,Ensemble
2026-04-25,40,2,wk inc flu hosp,2026-05-09,quantile,0.4,4,Oklahoma,Ensemble
2026-04-25,40,2,wk inc flu hosp,2026-05-09,quantile,0.45,5,Oklahoma,Ensemble
2026-04-25,40,2,wk inc flu hosp,2026-05-09,quantile,0.5,8,Oklahoma,Ensemble
2026-04-25,40,2,wk inc flu hosp,2026-05-09,quantile,0.55,9,Oklahoma,Ensemble
2026-04-25,40,2,wk inc flu hosp,2026-05-09,quantile,0.6,11,Oklahoma,Ensemble
2026-04-25,40,2,wk inc flu hosp,2026-05-09,quantile,0.65,14,Oklahoma,Ensemble
2026-04-25,40,2,wk inc flu hosp,2026-05-09,quantile,0.7,17,Oklahoma,Ensemble
2026-04-25,40,2,wk inc flu hosp,2026-05-09,quantile,0.75,21,Oklahoma,Ensemble
2026-04-25,40,2,wk inc flu hosp,2026-05-09,quantile,0.8,25,Oklahoma,Ensemble
2026-04-25,40,2,wk inc flu hosp,2026-05-09,quantile,0.85,29,Oklahoma,Ensemble
2026-04-25,40,2,wk inc flu hosp,2026-05-09,quantile,0.9,37,Oklahoma,Ensemble
2026-04-25,40,2,wk inc flu hosp,2026-05-09,quantile,0.95,51,Oklahoma,Ensemble
2026-04-25,40,2,wk inc flu hosp,2026-05-09,quantile,0.975,62,Oklahoma,Ensemble
2026-04-25,40,2,wk inc flu hosp,2026-05-09,quantile,0.99,79,Oklahoma,Ensemble
2026-04-25,40,3,wk inc flu hosp,2026-05-16,quantile,0.01,0,Oklahoma,Ensemble
2026-04-25,40,3,wk inc flu hosp,2026-05-16,quantile,0.025,0,Oklahoma,Ensemble
2026-04-25,40,3,wk inc flu hosp,2026-05-16,quantile,0.05,0,Oklahoma,Ensemble
2026-04-25,40,3,wk inc flu hosp,2026-05-16,quantile,0.1,1,Oklahoma,Ensemble
2026-04-25,40,3,wk inc flu hosp,2026-05-16,quantile,0.15,1,Oklahoma,Ensemble
2026-04-25,40,3,wk inc flu hosp,2026-05-16,quantile,0.2,1,Oklahoma,Ensemble
2026-04-25,40,3,wk inc flu hosp,2026-05-16,quantile,0.25,2,Oklahoma,Ensemble
2026-04-25,40,3,wk inc flu hosp,2026-05-16,quantile,0.3,3,Oklahoma,Ensemble
2026-04-25,40,3,wk inc flu hosp,2026-05-16,quantile,0.35,3,Oklahoma,Ensemble
2026-04-25,40,3,wk inc flu hosp,2026-05-16,quantile,0.4,4,Oklahoma,Ensemble
2026-04-25,40,3,wk inc flu hosp,2026-05-16,quantile,0.45,5,Oklahoma,Ensemble
2026-04-25,40,3,wk inc flu hosp,2026-05-16,quantile,0.5,7,Oklahoma,Ensemble
2026-04-25,40,3,wk inc flu hosp,2026-05-16,quantile,0.55,9,Oklahoma,Ensemble
2026-04-25,40,3,wk inc flu hosp,2026-05-16,quantile,0.6,11,Oklahoma,Ensemble
2026-04-25,40,3,wk inc flu hosp,2026-05-16,quantile,0.65,14,Oklahoma,Ensemble
2026-04-25,40,3,wk inc flu hosp,2026-05-16,quantile,0.7,17,Oklahoma,Ensemble
2026-04-25,40,3,wk inc flu hosp,2026-05-16,quantile,0.75,20,Oklahoma,Ensemble
2026-04-25,40,3,wk inc flu hosp,2026-05-16,quantile,0.8,25,Oklahoma,Ensemble
2026-04-25,40,3,wk inc flu hosp,2026-05-16,quantile,0.85,31,Oklahoma,Ensemble
2026-04-25,40,3,wk inc flu hosp,2026-05-16,quantile,0.9,38,Oklahoma,Ensemble
2026-04-25,40,3,wk inc flu hosp,2026-05-16,quantile,0.95,55,Oklahoma,Ensemble
2026-04-25,40,3,wk inc flu hosp,2026-05-16,quantile,0.975,69,Oklahoma,Ensemble
2026-04-25,40,3,wk inc flu hosp,2026-05-16,quantile,0.99,89,Oklahoma,Ensemble
2026-04-25,41,0,wk inc flu hosp,2026-04-25,quantile,0.01,1,Oregon,Ensemble
2026-04-25,41,0,wk inc flu hosp,2026-04-25,quantile,0.025,1,Oregon,Ensemble
2026-04-25,41,0,wk inc flu hosp,2026-04-25,quantile,0.05,1,Oregon,Ensemble
2026-04-25,41,0,wk inc flu hosp,2026-04-25,quantile,0.1,2,Oregon,Ensemble
2026-04-25,41,0,wk inc flu hosp,2026-04-25,quantile,0.15,2,Oregon,Ensemble
2026-04-25,41,0,wk inc flu hosp,2026-04-25,quantile,0.2,3,Oregon,Ensemble
2026-04-25,41,0,wk inc flu hosp,2026-04-25,quantile,0.25,3,Oregon,Ensemble
2026-04-25,41,0,wk inc flu hosp,2026-04-25,quantile,0.3,4,Oregon,Ensemble
2026-04-25,41,0,wk inc flu hosp,2026-04-25,quantile,0.35,5,Oregon,Ensemble
2026-04-25,41,0,wk inc flu hosp,2026-04-25,quantile,0.4,5,Oregon,Ensemble
2026-04-25,41,0,wk inc flu hosp,2026-04-25,quantile,0.45,7,Oregon,Ensemble
2026-04-25,41,0,wk inc flu hosp,2026-04-25,quantile,0.5,9,Oregon,Ensemble
2026-04-25,41,0,wk inc flu hosp,2026-04-25,quantile,0.55,10,Oregon,Ensemble
2026-04-25,41,0,wk inc flu hosp,2026-04-25,quantile,0.6,11,Oregon,Ensemble
2026-04-25,41,0,wk inc flu hosp,2026-04-25,quantile,0.65,12,Oregon,Ensemble
2026-04-25,41,0,wk inc flu hosp,2026-04-25,quantile,0.7,14,Oregon,Ensemble
2026-04-25,41,0,wk inc flu hosp,2026-04-25,quantile,0.75,15,Oregon,Ensemble
2026-04-25,41,0,wk inc flu hosp,2026-04-25,quantile,0.8,19,Oregon,Ensemble
2026-04-25,41,0,wk inc flu hosp,2026-04-25,quantile,0.85,22,Oregon,Ensemble
2026-04-25,41,0,wk inc flu hosp,2026-04-25,quantile,0.9,33,Oregon,Ensemble
2026-04-25,41,0,wk inc flu hosp,2026-04-25,quantile,0.95,41,Oregon,Ensemble
2026-04-25,41,0,wk inc flu hosp,2026-04-25,quantile,0.975,48,Oregon,Ensemble
2026-04-25,41,0,wk inc flu hosp,2026-04-25,quantile,0.99,58,Oregon,Ensemble
2026-04-25,41,1,wk inc flu hosp,2026-05-02,quantile,0.01,0,Oregon,Ensemble
2026-04-25,41,1,wk inc flu hosp,2026-05-02,quantile,0.025,1,Oregon,Ensemble
2026-04-25,41,1,wk inc flu hosp,2026-05-02,quantile,0.05,1,Oregon,Ensemble
2026-04-25,41,1,wk inc flu hosp,2026-05-02,quantile,0.1,1,Oregon,Ensemble
2026-04-25,41,1,wk inc flu hosp,2026-05-02,quantile,0.15,2,Oregon,Ensemble
2026-04-25,41,1,wk inc flu hosp,2026-05-02,quantile,0.2,2,Oregon,Ensemble
2026-04-25,41,1,wk inc flu hosp,2026-05-02,quantile,0.25,2,Oregon,Ensemble
2026-04-25,41,1,wk inc flu hosp,2026-05-02,quantile,0.3,3,Oregon,Ensemble
2026-04-25,41,1,wk inc flu hosp,2026-05-02,quantile,0.35,4,Oregon,Ensemble
2026-04-25,41,1,wk inc flu hosp,2026-05-02,quantile,0.4,4,Oregon,Ensemble
2026-04-25,41,1,wk inc flu hosp,2026-05-02,quantile,0.45,5,Oregon,Ensemble
2026-04-25,41,1,wk inc flu hosp,2026-05-02,quantile,0.5,8,Oregon,Ensemble
2026-04-25,41,1,wk inc flu hosp,2026-05-02,quantile,0.55,9,Oregon,Ensemble
2026-04-25,41,1,wk inc flu hosp,2026-05-02,quantile,0.6,10,Oregon,Ensemble
2026-04-25,41,1,wk inc flu hosp,2026-05-02,quantile,0.65,12,Oregon,Ensemble
2026-04-25,41,1,wk inc flu hosp,2026-05-02,quantile,0.7,14,Oregon,Ensemble
2026-04-25,41,1,wk inc flu hosp,2026-05-02,quantile,0.75,16,Oregon,Ensemble
2026-04-25,41,1,wk inc flu hosp,2026-05-02,quantile,0.8,21,Oregon,Ensemble
2026-04-25,41,1,wk inc flu hosp,2026-05-02,quantile,0.85,26,Oregon,Ensemble
2026-04-25,41,1,wk inc flu hosp,2026-05-02,quantile,0.9,38,Oregon,Ensemble
2026-04-25,41,1,wk inc flu hosp,2026-05-02,quantile,0.95,46,Oregon,Ensemble
2026-04-25,41,1,wk inc flu hosp,2026-05-02,quantile,0.975,55,Oregon,Ensemble
2026-04-25,41,1,wk inc flu hosp,2026-05-02,quantile,0.99,67,Oregon,Ensemble
2026-04-25,41,2,wk inc flu hosp,2026-05-09,quantile,0.01,0,Oregon,Ensemble
2026-04-25,41,2,wk inc flu hosp,2026-05-09,quantile,0.025,0,Oregon,Ensemble
2026-04-25,41,2,wk inc flu hosp,2026-05-09,quantile,0.05,0,Oregon,Ensemble
2026-04-25,41,2,wk inc flu hosp,2026-05-09,quantile,0.1,1,Oregon,Ensemble
2026-04-25,41,2,wk inc flu hosp,2026-05-09,quantile,0.15,1,Oregon,Ensemble
2026-04-25,41,2,wk inc flu hosp,2026-05-09,quantile,0.2,1,Oregon,Ensemble
2026-04-25,41,2,wk inc flu hosp,2026-05-09,quantile,0.25,2,Oregon,Ensemble
2026-04-25,41,2,wk inc flu hosp,2026-05-09,quantile,0.3,2,Oregon,Ensemble
2026-04-25,41,2,wk inc flu hosp,2026-05-09,quantile,0.35,3,Oregon,Ensemble
2026-04-25,41,2,wk inc flu hosp,2026-05-09,quantile,0.4,3,Oregon,Ensemble
2026-04-25,41,2,wk inc flu hosp,2026-05-09,quantile,0.45,4,Oregon,Ensemble
2026-04-25,41,2,wk inc flu hosp,2026-05-09,quantile,0.5,7,Oregon,Ensemble
2026-04-25,41,2,wk inc flu hosp,2026-05-09,quantile,0.55,8,Oregon,Ensemble
2026-04-25,41,2,wk inc flu hosp,2026-05-09,quantile,0.6,10,Oregon,Ensemble
2026-04-25,41,2,wk inc flu hosp,2026-05-09,quantile,0.65,12,Oregon,Ensemble
2026-04-25,41,2,wk inc flu hosp,2026-05-09,quantile,0.7,14,Oregon,Ensemble
2026-04-25,41,2,wk inc flu hosp,2026-05-09,quantile,0.75,17,Oregon,Ensemble
2026-04-25,41,2,wk inc flu hosp,2026-05-09,quantile,0.8,19,Oregon,Ensemble
2026-04-25,41,2,wk inc flu hosp,2026-05-09,quantile,0.85,29,Oregon,Ensemble
2026-04-25,41,2,wk inc flu hosp,2026-05-09,quantile,0.9,39,Oregon,Ensemble
2026-04-25,41,2,wk inc flu hosp,2026-05-09,quantile,0.95,52,Oregon,Ensemble
2026-04-25,41,2,wk inc flu hosp,2026-05-09,quantile,0.975,63,Oregon,Ensemble
2026-04-25,41,2,wk inc flu hosp,2026-05-09,quantile,0.99,78,Oregon,Ensemble
2026-04-25,41,3,wk inc flu hosp,2026-05-16,quantile,0.01,0,Oregon,Ensemble
2026-04-25,41,3,wk inc flu hosp,2026-05-16,quantile,0.025,0,Oregon,Ensemble
2026-04-25,41,3,wk inc flu hosp,2026-05-16,quantile,0.05,0,Oregon,Ensemble
2026-04-25,41,3,wk inc flu hosp,2026-05-16,quantile,0.1,0,Oregon,Ensemble
2026-04-25,41,3,wk inc flu hosp,2026-05-16,quantile,0.15,1,Oregon,Ensemble
2026-04-25,41,3,wk inc flu hosp,2026-05-16,quantile,0.2,1,Oregon,Ensemble
2026-04-25,41,3,wk inc flu hosp,2026-05-16,quantile,0.25,1,Oregon,Ensemble
2026-04-25,41,3,wk inc flu hosp,2026-05-16,quantile,0.3,2,Oregon,Ensemble
2026-04-25,41,3,wk inc flu hosp,2026-05-16,quantile,0.35,2,Oregon,Ensemble
2026-04-25,41,3,wk inc flu hosp,2026-05-16,quantile,0.4,3,Oregon,Ensemble
2026-04-25,41,3,wk inc flu hosp,2026-05-16,quantile,0.45,4,Oregon,Ensemble
2026-04-25,41,3,wk inc flu hosp,2026-05-16,quantile,0.5,6,Oregon,Ensemble
2026-04-25,41,3,wk inc flu hosp,2026-05-16,quantile,0.55,8,Oregon,Ensemble
2026-04-25,41,3,wk inc flu hosp,2026-05-16,quantile,0.6,10,Oregon,Ensemble
2026-04-25,41,3,wk inc flu hosp,2026-05-16,quantile,0.65,12,Oregon,Ensemble
2026-04-25,41,3,wk inc flu hosp,2026-05-16,quantile,0.7,15,Oregon,Ensemble
2026-04-25,41,3,wk inc flu hosp,2026-05-16,quantile,0.75,18,Oregon,Ensemble
2026-04-25,41,3,wk inc flu hosp,2026-05-16,quantile,0.8,21,Oregon,Ensemble
2026-04-25,41,3,wk inc flu hosp,2026-05-16,quantile,0.85,28,Oregon,Ensemble
2026-04-25,41,3,wk inc flu hosp,2026-05-16,quantile,0.9,37,Oregon,Ensemble
2026-04-25,41,3,wk inc flu hosp,2026-05-16,quantile,0.95,53,Oregon,Ensemble
2026-04-25,41,3,wk inc flu hosp,2026-05-16,quantile,0.975,65,Oregon,Ensemble
2026-04-25,41,3,wk inc flu hosp,2026-05-16,quantile,0.99,80,Oregon,Ensemble
2026-04-25,42,0,wk inc flu hosp,2026-04-25,quantile,0.01,49,Pennsylvania,Ensemble
2026-04-25,42,0,wk inc flu hosp,2026-04-25,quantile,0.025,56,Pennsylvania,Ensemble
2026-04-25,42,0,wk inc flu hosp,2026-04-25,quantile,0.05,64,Pennsylvania,Ensemble
2026-04-25,42,0,wk inc flu hosp,2026-04-25,quantile,0.1,77,Pennsylvania,Ensemble
2026-04-25,42,0,wk inc flu hosp,2026-04-25,quantile,0.15,87,Pennsylvania,Ensemble
2026-04-25,42,0,wk inc flu hosp,2026-04-25,quantile,0.2,97,Pennsylvania,Ensemble
2026-04-25,42,0,wk inc flu hosp,2026-04-25,quantile,0.25,107,Pennsylvania,Ensemble
2026-04-25,42,0,wk inc flu hosp,2026-04-25,quantile,0.3,117,Pennsylvania,Ensemble
2026-04-25,42,0,wk inc flu hosp,2026-04-25,quantile,0.35,125,Pennsylvania,Ensemble
2026-04-25,42,0,wk inc flu hosp,2026-04-25,quantile,0.4,133,Pennsylvania,Ensemble
2026-04-25,42,0,wk inc flu hosp,2026-04-25,quantile,0.45,142,Pennsylvania,Ensemble
2026-04-25,42,0,wk inc flu hosp,2026-04-25,quantile,0.5,153,Pennsylvania,Ensemble
2026-04-25,42,0,wk inc flu hosp,2026-04-25,quantile,0.55,162,Pennsylvania,Ensemble
2026-04-25,42,0,wk inc flu hosp,2026-04-25,quantile,0.6,171,Pennsylvania,Ensemble
2026-04-25,42,0,wk inc flu hosp,2026-04-25,quantile,0.65,180,Pennsylvania,Ensemble
2026-04-25,42,0,wk inc flu hosp,2026-04-25,quantile,0.7,189,Pennsylvania,Ensemble
2026-04-25,42,0,wk inc flu hosp,2026-04-25,quantile,0.75,200,Pennsylvania,Ensemble
2026-04-25,42,0,wk inc flu hosp,2026-04-25,quantile,0.8,214,Pennsylvania,Ensemble
2026-04-25,42,0,wk inc flu hosp,2026-04-25,quantile,0.85,229,Pennsylvania,Ensemble
2026-04-25,42,0,wk inc flu hosp,2026-04-25,quantile,0.9,250,Pennsylvania,Ensemble
2026-04-25,42,0,wk inc flu hosp,2026-04-25,quantile,0.95,313,Pennsylvania,Ensemble
2026-04-25,42,0,wk inc flu hosp,2026-04-25,quantile,0.975,349,Pennsylvania,Ensemble
2026-04-25,42,0,wk inc flu hosp,2026-04-25,quantile,0.99,390,Pennsylvania,Ensemble
2026-04-25,42,1,wk inc flu hosp,2026-05-02,quantile,0.01,32,Pennsylvania,Ensemble
2026-04-25,42,1,wk inc flu hosp,2026-05-02,quantile,0.025,37,Pennsylvania,Ensemble
2026-04-25,42,1,wk inc flu hosp,2026-05-02,quantile,0.05,43,Pennsylvania,Ensemble
2026-04-25,42,1,wk inc flu hosp,2026-05-02,quantile,0.1,51,Pennsylvania,Ensemble
2026-04-25,42,1,wk inc flu hosp,2026-05-02,quantile,0.15,60,Pennsylvania,Ensemble
2026-04-25,42,1,wk inc flu hosp,2026-05-02,quantile,0.2,69,Pennsylvania,Ensemble
2026-04-25,42,1,wk inc flu hosp,2026-05-02,quantile,0.25,76,Pennsylvania,Ensemble
2026-04-25,42,1,wk inc flu hosp,2026-05-02,quantile,0.3,84,Pennsylvania,Ensemble
2026-04-25,42,1,wk inc flu hosp,2026-05-02,quantile,0.35,92,Pennsylvania,Ensemble
2026-04-25,42,1,wk inc flu hosp,2026-05-02,quantile,0.4,101,Pennsylvania,Ensemble
2026-04-25,42,1,wk inc flu hosp,2026-05-02,quantile,0.45,112,Pennsylvania,Ensemble
2026-04-25,42,1,wk inc flu hosp,2026-05-02,quantile,0.5,127,Pennsylvania,Ensemble
2026-04-25,42,1,wk inc flu hosp,2026-05-02,quantile,0.55,138,Pennsylvania,Ensemble
2026-04-25,42,1,wk inc flu hosp,2026-05-02,quantile,0.6,149,Pennsylvania,Ensemble
2026-04-25,42,1,wk inc flu hosp,2026-05-02,quantile,0.65,161,Pennsylvania,Ensemble
2026-04-25,42,1,wk inc flu hosp,2026-05-02,quantile,0.7,173,Pennsylvania,Ensemble
2026-04-25,42,1,wk inc flu hosp,2026-05-02,quantile,0.75,185,Pennsylvania,Ensemble
2026-04-25,42,1,wk inc flu hosp,2026-05-02,quantile,0.8,201,Pennsylvania,Ensemble
2026-04-25,42,1,wk inc flu hosp,2026-05-02,quantile,0.85,234,Pennsylvania,Ensemble
2026-04-25,42,1,wk inc flu hosp,2026-05-02,quantile,0.9,270,Pennsylvania,Ensemble
2026-04-25,42,1,wk inc flu hosp,2026-05-02,quantile,0.95,331,Pennsylvania,Ensemble
2026-04-25,42,1,wk inc flu hosp,2026-05-02,quantile,0.975,375,Pennsylvania,Ensemble
2026-04-25,42,1,wk inc flu hosp,2026-05-02,quantile,0.99,431,Pennsylvania,Ensemble
2026-04-25,42,2,wk inc flu hosp,2026-05-09,quantile,0.01,24,Pennsylvania,Ensemble
2026-04-25,42,2,wk inc flu hosp,2026-05-09,quantile,0.025,28,Pennsylvania,Ensemble
2026-04-25,42,2,wk inc flu hosp,2026-05-09,quantile,0.05,32,Pennsylvania,Ensemble
2026-04-25,42,2,wk inc flu hosp,2026-05-09,quantile,0.1,39,Pennsylvania,Ensemble
2026-04-25,42,2,wk inc flu hosp,2026-05-09,quantile,0.15,45,Pennsylvania,Ensemble
2026-04-25,42,2,wk inc flu hosp,2026-05-09,quantile,0.2,51,Pennsylvania,Ensemble
2026-04-25,42,2,wk inc flu hosp,2026-05-09,quantile,0.25,58,Pennsylvania,Ensemble
2026-04-25,42,2,wk inc flu hosp,2026-05-09,quantile,0.3,66,Pennsylvania,Ensemble
2026-04-25,42,2,wk inc flu hosp,2026-05-09,quantile,0.35,75,Pennsylvania,Ensemble
2026-04-25,42,2,wk inc flu hosp,2026-05-09,quantile,0.4,84,Pennsylvania,Ensemble
2026-04-25,42,2,wk inc flu hosp,2026-05-09,quantile,0.45,96,Pennsylvania,Ensemble
2026-04-25,42,2,wk inc flu hosp,2026-05-09,quantile,0.5,110,Pennsylvania,Ensemble
2026-04-25,42,2,wk inc flu hosp,2026-05-09,quantile,0.55,121,Pennsylvania,Ensemble
2026-04-25,42,2,wk inc flu hosp,2026-05-09,quantile,0.6,136,Pennsylvania,Ensemble
2026-04-25,42,2,wk inc flu hosp,2026-05-09,quantile,0.65,152,Pennsylvania,Ensemble
2026-04-25,42,2,wk inc flu hosp,2026-05-09,quantile,0.7,166,Pennsylvania,Ensemble
2026-04-25,42,2,wk inc flu hosp,2026-05-09,quantile,0.75,185,Pennsylvania,Ensemble
2026-04-25,42,2,wk inc flu hosp,2026-05-09,quantile,0.8,206,Pennsylvania,Ensemble
2026-04-25,42,2,wk inc flu hosp,2026-05-09,quantile,0.85,230,Pennsylvania,Ensemble
2026-04-25,42,2,wk inc flu hosp,2026-05-09,quantile,0.9,299,Pennsylvania,Ensemble
2026-04-25,42,2,wk inc flu hosp,2026-05-09,quantile,0.95,354,Pennsylvania,Ensemble
2026-04-25,42,2,wk inc flu hosp,2026-05-09,quantile,0.975,408,Pennsylvania,Ensemble
2026-04-25,42,2,wk inc flu hosp,2026-05-09,quantile,0.99,479,Pennsylvania,Ensemble
2026-04-25,42,3,wk inc flu hosp,2026-05-16,quantile,0.01,20,Pennsylvania,Ensemble
2026-04-25,42,3,wk inc flu hosp,2026-05-16,quantile,0.025,23,Pennsylvania,Ensemble
2026-04-25,42,3,wk inc flu hosp,2026-05-16,quantile,0.05,27,Pennsylvania,Ensemble
2026-04-25,42,3,wk inc flu hosp,2026-05-16,quantile,0.1,32,Pennsylvania,Ensemble
2026-04-25,42,3,wk inc flu hosp,2026-05-16,quantile,0.15,37,Pennsylvania,Ensemble
2026-04-25,42,3,wk inc flu hosp,2026-05-16,quantile,0.2,42,Pennsylvania,Ensemble
2026-04-25,42,3,wk inc flu hosp,2026-05-16,quantile,0.25,48,Pennsylvania,Ensemble
2026-04-25,42,3,wk inc flu hosp,2026-05-16,quantile,0.3,54,Pennsylvania,Ensemble
2026-04-25,42,3,wk inc flu hosp,2026-05-16,quantile,0.35,63,Pennsylvania,Ensemble
2026-04-25,42,3,wk inc flu hosp,2026-05-16,quantile,0.4,74,Pennsylvania,Ensemble
2026-04-25,42,3,wk inc flu hosp,2026-05-16,quantile,0.45,86,Pennsylvania,Ensemble
2026-04-25,42,3,wk inc flu hosp,2026-05-16,quantile,0.5,99,Pennsylvania,Ensemble
2026-04-25,42,3,wk inc flu hosp,2026-05-16,quantile,0.55,110,Pennsylvania,Ensemble
2026-04-25,42,3,wk inc flu hosp,2026-05-16,quantile,0.6,126,Pennsylvania,Ensemble
2026-04-25,42,3,wk inc flu hosp,2026-05-16,quantile,0.65,143,Pennsylvania,Ensemble
2026-04-25,42,3,wk inc flu hosp,2026-05-16,quantile,0.7,159,Pennsylvania,Ensemble
2026-04-25,42,3,wk inc flu hosp,2026-05-16,quantile,0.75,176,Pennsylvania,Ensemble
2026-04-25,42,3,wk inc flu hosp,2026-05-16,quantile,0.8,200,Pennsylvania,Ensemble
2026-04-25,42,3,wk inc flu hosp,2026-05-16,quantile,0.85,227,Pennsylvania,Ensemble
2026-04-25,42,3,wk inc flu hosp,2026-05-16,quantile,0.9,279,Pennsylvania,Ensemble
2026-04-25,42,3,wk inc flu hosp,2026-05-16,quantile,0.95,350,Pennsylvania,Ensemble
2026-04-25,42,3,wk inc flu hosp,2026-05-16,quantile,0.975,434,Pennsylvania,Ensemble
2026-04-25,42,3,wk inc flu hosp,2026-05-16,quantile,0.99,521,Pennsylvania,Ensemble
2026-04-25,44,0,wk inc flu hosp,2026-04-25,quantile,0.01,1,Rhode Island,Ensemble
2026-04-25,44,0,wk inc flu hosp,2026-04-25,quantile,0.025,1,Rhode Island,Ensemble
2026-04-25,44,0,wk inc flu hosp,2026-04-25,quantile,0.05,1,Rhode Island,Ensemble
2026-04-25,44,0,wk inc flu hosp,2026-04-25,quantile,0.1,2,Rhode Island,Ensemble
2026-04-25,44,0,wk inc flu hosp,2026-04-25,quantile,0.15,3,Rhode Island,Ensemble
2026-04-25,44,0,wk inc flu hosp,2026-04-25,quantile,0.2,3,Rhode Island,Ensemble
2026-04-25,44,0,wk inc flu hosp,2026-04-25,quantile,0.25,4,Rhode Island,Ensemble
2026-04-25,44,0,wk inc flu hosp,2026-04-25,quantile,0.3,4,Rhode Island,Ensemble
2026-04-25,44,0,wk inc flu hosp,2026-04-25,quantile,0.35,5,Rhode Island,Ensemble
2026-04-25,44,0,wk inc flu hosp,2026-04-25,quantile,0.4,6,Rhode Island,Ensemble
2026-04-25,44,0,wk inc flu hosp,2026-04-25,quantile,0.45,6,Rhode Island,Ensemble
2026-04-25,44,0,wk inc flu hosp,2026-04-25,quantile,0.5,8,Rhode Island,Ensemble
2026-04-25,44,0,wk inc flu hosp,2026-04-25,quantile,0.55,9,Rhode Island,Ensemble
2026-04-25,44,0,wk inc flu hosp,2026-04-25,quantile,0.6,10,Rhode Island,Ensemble
2026-04-25,44,0,wk inc flu hosp,2026-04-25,quantile,0.65,10,Rhode Island,Ensemble
2026-04-25,44,0,wk inc flu hosp,2026-04-25,quantile,0.7,11,Rhode Island,Ensemble
2026-04-25,44,0,wk inc flu hosp,2026-04-25,quantile,0.75,12,Rhode Island,Ensemble
2026-04-25,44,0,wk inc flu hosp,2026-04-25,quantile,0.8,13,Rhode Island,Ensemble
2026-04-25,44,0,wk inc flu hosp,2026-04-25,quantile,0.85,15,Rhode Island,Ensemble
2026-04-25,44,0,wk inc flu hosp,2026-04-25,quantile,0.9,18,Rhode Island,Ensemble
2026-04-25,44,0,wk inc flu hosp,2026-04-25,quantile,0.95,24,Rhode Island,Ensemble
2026-04-25,44,0,wk inc flu hosp,2026-04-25,quantile,0.975,27,Rhode Island,Ensemble
2026-04-25,44,0,wk inc flu hosp,2026-04-25,quantile,0.99,33,Rhode Island,Ensemble
2026-04-25,44,1,wk inc flu hosp,2026-05-02,quantile,0.01,0,Rhode Island,Ensemble
2026-04-25,44,1,wk inc flu hosp,2026-05-02,quantile,0.025,1,Rhode Island,Ensemble
2026-04-25,44,1,wk inc flu hosp,2026-05-02,quantile,0.05,1,Rhode Island,Ensemble
2026-04-25,44,1,wk inc flu hosp,2026-05-02,quantile,0.1,1,Rhode Island,Ensemble
2026-04-25,44,1,wk inc flu hosp,2026-05-02,quantile,0.15,2,Rhode Island,Ensemble
2026-04-25,44,1,wk inc flu hosp,2026-05-02,quantile,0.2,2,Rhode Island,Ensemble
2026-04-25,44,1,wk inc flu hosp,2026-05-02,quantile,0.25,3,Rhode Island,Ensemble
2026-04-25,44,1,wk inc flu hosp,2026-05-02,quantile,0.3,3,Rhode Island,Ensemble
2026-04-25,44,1,wk inc flu hosp,2026-05-02,quantile,0.35,4,Rhode Island,Ensemble
2026-04-25,44,1,wk inc flu hosp,2026-05-02,quantile,0.4,4,Rhode Island,Ensemble
2026-04-25,44,1,wk inc flu hosp,2026-05-02,quantile,0.45,5,Rhode Island,Ensemble
2026-04-25,44,1,wk inc flu hosp,2026-05-02,quantile,0.5,7,Rhode Island,Ensemble
2026-04-25,44,1,wk inc flu hosp,2026-05-02,quantile,0.55,7,Rhode Island,Ensemble
2026-04-25,44,1,wk inc flu hosp,2026-05-02,quantile,0.6,8,Rhode Island,Ensemble
2026-04-25,44,1,wk inc flu hosp,2026-05-02,quantile,0.65,9,Rhode Island,Ensemble
2026-04-25,44,1,wk inc flu hosp,2026-05-02,quantile,0.7,10,Rhode Island,Ensemble
2026-04-25,44,1,wk inc flu hosp,2026-05-02,quantile,0.75,11,Rhode Island,Ensemble
2026-04-25,44,1,wk inc flu hosp,2026-05-02,quantile,0.8,12,Rhode Island,Ensemble
2026-04-25,44,1,wk inc flu hosp,2026-05-02,quantile,0.85,16,Rhode Island,Ensemble
2026-04-25,44,1,wk inc flu hosp,2026-05-02,quantile,0.9,21,Rhode Island,Ensemble
2026-04-25,44,1,wk inc flu hosp,2026-05-02,quantile,0.95,27,Rhode Island,Ensemble
2026-04-25,44,1,wk inc flu hosp,2026-05-02,quantile,0.975,32,Rhode Island,Ensemble
2026-04-25,44,1,wk inc flu hosp,2026-05-02,quantile,0.99,38,Rhode Island,Ensemble
2026-04-25,44,2,wk inc flu hosp,2026-05-09,quantile,0.01,0,Rhode Island,Ensemble
2026-04-25,44,2,wk inc flu hosp,2026-05-09,quantile,0.025,0,Rhode Island,Ensemble
2026-04-25,44,2,wk inc flu hosp,2026-05-09,quantile,0.05,1,Rhode Island,Ensemble
2026-04-25,44,2,wk inc flu hosp,2026-05-09,quantile,0.1,1,Rhode Island,Ensemble
2026-04-25,44,2,wk inc flu hosp,2026-05-09,quantile,0.15,1,Rhode Island,Ensemble
2026-04-25,44,2,wk inc flu hosp,2026-05-09,quantile,0.2,1,Rhode Island,Ensemble
2026-04-25,44,2,wk inc flu hosp,2026-05-09,quantile,0.25,2,Rhode Island,Ensemble
2026-04-25,44,2,wk inc flu hosp,2026-05-09,quantile,0.3,2,Rhode Island,Ensemble
2026-04-25,44,2,wk inc flu hosp,2026-05-09,quantile,0.35,3,Rhode Island,Ensemble
2026-04-25,44,2,wk inc flu hosp,2026-05-09,quantile,0.4,3,Rhode Island,Ensemble
2026-04-25,44,2,wk inc flu hosp,2026-05-09,quantile,0.45,4,Rhode Island,Ensemble
2026-04-25,44,2,wk inc flu hosp,2026-05-09,quantile,0.5,6,Rhode Island,Ensemble
2026-04-25,44,2,wk inc flu hosp,2026-05-09,quantile,0.55,6,Rhode Island,Ensemble
2026-04-25,44,2,wk inc flu hosp,2026-05-09,quantile,0.6,7,Rhode Island,Ensemble
2026-04-25,44,2,wk inc flu hosp,2026-05-09,quantile,0.65,8,Rhode Island,Ensemble
2026-04-25,44,2,wk inc flu hosp,2026-05-09,quantile,0.7,9,Rhode Island,Ensemble
2026-04-25,44,2,wk inc flu hosp,2026-05-09,quantile,0.75,11,Rhode Island,Ensemble
2026-04-25,44,2,wk inc flu hosp,2026-05-09,quantile,0.8,12,Rhode Island,Ensemble
2026-04-25,44,2,wk inc flu hosp,2026-05-09,quantile,0.85,17,Rhode Island,Ensemble
2026-04-25,44,2,wk inc flu hosp,2026-05-09,quantile,0.9,20,Rhode Island,Ensemble
2026-04-25,44,2,wk inc flu hosp,2026-05-09,quantile,0.95,28,Rhode Island,Ensemble
2026-04-25,44,2,wk inc flu hosp,2026-05-09,quantile,0.975,34,Rhode Island,Ensemble
2026-04-25,44,2,wk inc flu hosp,2026-05-09,quantile,0.99,42,Rhode Island,Ensemble
2026-04-25,44,3,wk inc flu hosp,2026-05-16,quantile,0.01,0,Rhode Island,Ensemble
2026-04-25,44,3,wk inc flu hosp,2026-05-16,quantile,0.025,0,Rhode Island,Ensemble
2026-04-25,44,3,wk inc flu hosp,2026-05-16,quantile,0.05,0,Rhode Island,Ensemble
2026-04-25,44,3,wk inc flu hosp,2026-05-16,quantile,0.1,1,Rhode Island,Ensemble
2026-04-25,44,3,wk inc flu hosp,2026-05-16,quantile,0.15,1,Rhode Island,Ensemble
2026-04-25,44,3,wk inc flu hosp,2026-05-16,quantile,0.2,1,Rhode Island,Ensemble
2026-04-25,44,3,wk inc flu hosp,2026-05-16,quantile,0.25,2,Rhode Island,Ensemble
2026-04-25,44,3,wk inc flu hosp,2026-05-16,quantile,0.3,2,Rhode Island,Ensemble
2026-04-25,44,3,wk inc flu hosp,2026-05-16,quantile,0.35,3,Rhode Island,Ensemble
2026-04-25,44,3,wk inc flu hosp,2026-05-16,quantile,0.4,3,Rhode Island,Ensemble
2026-04-25,44,3,wk inc flu hosp,2026-05-16,quantile,0.45,4,Rhode Island,Ensemble
2026-04-25,44,3,wk inc flu hosp,2026-05-16,quantile,0.5,5,Rhode Island,Ensemble
2026-04-25,44,3,wk inc flu hosp,2026-05-16,quantile,0.55,6,Rhode Island,Ensemble
2026-04-25,44,3,wk inc flu hosp,2026-05-16,quantile,0.6,7,Rhode Island,Ensemble
2026-04-25,44,3,wk inc flu hosp,2026-05-16,quantile,0.65,8,Rhode Island,Ensemble
2026-04-25,44,3,wk inc flu hosp,2026-05-16,quantile,0.7,9,Rhode Island,Ensemble
2026-04-25,44,3,wk inc flu hosp,2026-05-16,quantile,0.75,10,Rhode Island,Ensemble
2026-04-25,44,3,wk inc flu hosp,2026-05-16,quantile,0.8,12,Rhode Island,Ensemble
2026-04-25,44,3,wk inc flu hosp,2026-05-16,quantile,0.85,17,Rhode Island,Ensemble
2026-04-25,44,3,wk inc flu hosp,2026-05-16,quantile,0.9,24,Rhode Island,Ensemble
2026-04-25,44,3,wk inc flu hosp,2026-05-16,quantile,0.95,30,Rhode Island,Ensemble
2026-04-25,44,3,wk inc flu hosp,2026-05-16,quantile,0.975,37,Rhode Island,Ensemble
2026-04-25,44,3,wk inc flu hosp,2026-05-16,quantile,0.99,46,Rhode Island,Ensemble
2026-04-25,45,0,wk inc flu hosp,2026-04-25,quantile,0.01,0,South Carolina,Ensemble
2026-04-25,45,0,wk inc flu hosp,2026-04-25,quantile,0.025,0,South Carolina,Ensemble
2026-04-25,45,0,wk inc flu hosp,2026-04-25,quantile,0.05,0,South Carolina,Ensemble
2026-04-25,45,0,wk inc flu hosp,2026-04-25,quantile,0.1,1,South Carolina,Ensemble
2026-04-25,45,0,wk inc flu hosp,2026-04-25,quantile,0.15,1,South Carolina,Ensemble
2026-04-25,45,0,wk inc flu hosp,2026-04-25,quantile,0.2,2,South Carolina,Ensemble
2026-04-25,45,0,wk inc flu hosp,2026-04-25,quantile,0.25,2,South Carolina,Ensemble
2026-04-25,45,0,wk inc flu hosp,2026-04-25,quantile,0.3,2,South Carolina,Ensemble
2026-04-25,45,0,wk inc flu hosp,2026-04-25,quantile,0.35,3,South Carolina,Ensemble
2026-04-25,45,0,wk inc flu hosp,2026-04-25,quantile,0.4,4,South Carolina,Ensemble
2026-04-25,45,0,wk inc flu hosp,2026-04-25,quantile,0.45,4,South Carolina,Ensemble
2026-04-25,45,0,wk inc flu hosp,2026-04-25,quantile,0.5,6,South Carolina,Ensemble
2026-04-25,45,0,wk inc flu hosp,2026-04-25,quantile,0.55,7,South Carolina,Ensemble
2026-04-25,45,0,wk inc flu hosp,2026-04-25,quantile,0.6,9,South Carolina,Ensemble
2026-04-25,45,0,wk inc flu hosp,2026-04-25,quantile,0.65,11,South Carolina,Ensemble
2026-04-25,45,0,wk inc flu hosp,2026-04-25,quantile,0.7,13,South Carolina,Ensemble
2026-04-25,45,0,wk inc flu hosp,2026-04-25,quantile,0.75,14,South Carolina,Ensemble
2026-04-25,45,0,wk inc flu hosp,2026-04-25,quantile,0.8,16,South Carolina,Ensemble
2026-04-25,45,0,wk inc flu hosp,2026-04-25,quantile,0.85,19,South Carolina,Ensemble
2026-04-25,45,0,wk inc flu hosp,2026-04-25,quantile,0.9,22,South Carolina,Ensemble
2026-04-25,45,0,wk inc flu hosp,2026-04-25,quantile,0.95,38,South Carolina,Ensemble
2026-04-25,45,0,wk inc flu hosp,2026-04-25,quantile,0.975,44,South Carolina,Ensemble
2026-04-25,45,0,wk inc flu hosp,2026-04-25,quantile,0.99,54,South Carolina,Ensemble
2026-04-25,45,1,wk inc flu hosp,2026-05-02,quantile,0.01,0,South Carolina,Ensemble
2026-04-25,45,1,wk inc flu hosp,2026-05-02,quantile,0.025,0,South Carolina,Ensemble
2026-04-25,45,1,wk inc flu hosp,2026-05-02,quantile,0.05,0,South Carolina,Ensemble
2026-04-25,45,1,wk inc flu hosp,2026-05-02,quantile,0.1,0,South Carolina,Ensemble
2026-04-25,45,1,wk inc flu hosp,2026-05-02,quantile,0.15,1,South Carolina,Ensemble
2026-04-25,45,1,wk inc flu hosp,2026-05-02,quantile,0.2,1,South Carolina,Ensemble
2026-04-25,45,1,wk inc flu hosp,2026-05-02,quantile,0.25,2,South Carolina,Ensemble
2026-04-25,45,1,wk inc flu hosp,2026-05-02,quantile,0.3,2,South Carolina,Ensemble
2026-04-25,45,1,wk inc flu hosp,2026-05-02,quantile,0.35,2,South Carolina,Ensemble
2026-04-25,45,1,wk inc flu hosp,2026-05-02,quantile,0.4,3,South Carolina,Ensemble
2026-04-25,45,1,wk inc flu hosp,2026-05-02,quantile,0.45,3,South Carolina,Ensemble
2026-04-25,45,1,wk inc flu hosp,2026-05-02,quantile,0.5,5,South Carolina,Ensemble
2026-04-25,45,1,wk inc flu hosp,2026-05-02,quantile,0.55,6,South Carolina,Ensemble
2026-04-25,45,1,wk inc flu hosp,2026-05-02,quantile,0.6,8,South Carolina,Ensemble
2026-04-25,45,1,wk inc flu hosp,2026-05-02,quantile,0.65,10,South Carolina,Ensemble
2026-04-25,45,1,wk inc flu hosp,2026-05-02,quantile,0.7,12,South Carolina,Ensemble
2026-04-25,45,1,wk inc flu hosp,2026-05-02,quantile,0.75,14,South Carolina,Ensemble
2026-04-25,45,1,wk inc flu hosp,2026-05-02,quantile,0.8,18,South Carolina,Ensemble
2026-04-25,45,1,wk inc flu hosp,2026-05-02,quantile,0.85,21,South Carolina,Ensemble
2026-04-25,45,1,wk inc flu hosp,2026-05-02,quantile,0.9,38,South Carolina,Ensemble
2026-04-25,45,1,wk inc flu hosp,2026-05-02,quantile,0.95,48,South Carolina,Ensemble
2026-04-25,45,1,wk inc flu hosp,2026-05-02,quantile,0.975,62,South Carolina,Ensemble
2026-04-25,45,1,wk inc flu hosp,2026-05-02,quantile,0.99,75,South Carolina,Ensemble
2026-04-25,45,2,wk inc flu hosp,2026-05-09,quantile,0.01,0,South Carolina,Ensemble
2026-04-25,45,2,wk inc flu hosp,2026-05-09,quantile,0.025,0,South Carolina,Ensemble
2026-04-25,45,2,wk inc flu hosp,2026-05-09,quantile,0.05,0,South Carolina,Ensemble
2026-04-25,45,2,wk inc flu hosp,2026-05-09,quantile,0.1,0,South Carolina,Ensemble
2026-04-25,45,2,wk inc flu hosp,2026-05-09,quantile,0.15,1,South Carolina,Ensemble
2026-04-25,45,2,wk inc flu hosp,2026-05-09,quantile,0.2,1,South Carolina,Ensemble
2026-04-25,45,2,wk inc flu hosp,2026-05-09,quantile,0.25,1,South Carolina,Ensemble
2026-04-25,45,2,wk inc flu hosp,2026-05-09,quantile,0.3,2,South Carolina,Ensemble
2026-04-25,45,2,wk inc flu hosp,2026-05-09,quantile,0.35,2,South Carolina,Ensemble
2026-04-25,45,2,wk inc flu hosp,2026-05-09,quantile,0.4,2,South Carolina,Ensemble
2026-04-25,45,2,wk inc flu hosp,2026-05-09,quantile,0.45,3,South Carolina,Ensemble
2026-04-25,45,2,wk inc flu hosp,2026-05-09,quantile,0.5,5,South Carolina,Ensemble
2026-04-25,45,2,wk inc flu hosp,2026-05-09,quantile,0.55,7,South Carolina,Ensemble
2026-04-25,45,2,wk inc flu hosp,2026-05-09,quantile,0.6,9,South Carolina,Ensemble
2026-04-25,45,2,wk inc flu hosp,2026-05-09,quantile,0.65,11,South Carolina,Ensemble
2026-04-25,45,2,wk inc flu hosp,2026-05-09,quantile,0.7,13,South Carolina,Ensemble
2026-04-25,45,2,wk inc flu hosp,2026-05-09,quantile,0.75,17,South Carolina,Ensemble
2026-04-25,45,2,wk inc flu hosp,2026-05-09,quantile,0.8,20,South Carolina,Ensemble
2026-04-25,45,2,wk inc flu hosp,2026-05-09,quantile,0.85,32,South Carolina,Ensemble
2026-04-25,45,2,wk inc flu hosp,2026-05-09,quantile,0.9,40,South Carolina,Ensemble
2026-04-25,45,2,wk inc flu hosp,2026-05-09,quantile,0.95,66,South Carolina,Ensemble
2026-04-25,45,2,wk inc flu hosp,2026-05-09,quantile,0.975,79,South Carolina,Ensemble
2026-04-25,45,2,wk inc flu hosp,2026-05-09,quantile,0.99,98,South Carolina,Ensemble
2026-04-25,45,3,wk inc flu hosp,2026-05-16,quantile,0.01,0,South Carolina,Ensemble
2026-04-25,45,3,wk inc flu hosp,2026-05-16,quantile,0.025,0,South Carolina,Ensemble
2026-04-25,45,3,wk inc flu hosp,2026-05-16,quantile,0.05,0,South Carolina,Ensemble
2026-04-25,45,3,wk inc flu hosp,2026-05-16,quantile,0.1,0,South Carolina,Ensemble
2026-04-25,45,3,wk inc flu hosp,2026-05-16,quantile,0.15,0,South Carolina,Ensemble
2026-04-25,45,3,wk inc flu hosp,2026-05-16,quantile,0.2,1,South Carolina,Ensemble
2026-04-25,45,3,wk inc flu hosp,2026-05-16,quantile,0.25,1,South Carolina,Ensemble
2026-04-25,45,3,wk inc flu hosp,2026-05-16,quantile,0.3,1,South Carolina,Ensemble
2026-04-25,45,3,wk inc flu hosp,2026-05-16,quantile,0.35,2,South Carolina,Ensemble
2026-04-25,45,3,wk inc flu hosp,2026-05-16,quantile,0.4,3,South Carolina,Ensemble
2026-04-25,45,3,wk inc flu hosp,2026-05-16,quantile,0.45,3,South Carolina,Ensemble
2026-04-25,45,3,wk inc flu hosp,2026-05-16,quantile,0.5,5,South Carolina,Ensemble
2026-04-25,45,3,wk inc flu hosp,2026-05-16,quantile,0.55,6,South Carolina,Ensemble
2026-04-25,45,3,wk inc flu hosp,2026-05-16,quantile,0.6,7,South Carolina,Ensemble
2026-04-25,45,3,wk inc flu hosp,2026-05-16,quantile,0.65,11,South Carolina,Ensemble
2026-04-25,45,3,wk inc flu hosp,2026-05-16,quantile,0.7,13,South Carolina,Ensemble
2026-04-25,45,3,wk inc flu hosp,2026-05-16,quantile,0.75,18,South Carolina,Ensemble
2026-04-25,45,3,wk inc flu hosp,2026-05-16,quantile,0.8,22,South Carolina,Ensemble
2026-04-25,45,3,wk inc flu hosp,2026-05-16,quantile,0.85,32,South Carolina,Ensemble
2026-04-25,45,3,wk inc flu hosp,2026-05-16,quantile,0.9,50,South Carolina,Ensemble
2026-04-25,45,3,wk inc flu hosp,2026-05-16,quantile,0.95,67,South Carolina,Ensemble
2026-04-25,45,3,wk inc flu hosp,2026-05-16,quantile,0.975,83,South Carolina,Ensemble
2026-04-25,45,3,wk inc flu hosp,2026-05-16,quantile,0.99,104,South Carolina,Ensemble
2026-04-25,46,0,wk inc flu hosp,2026-04-25,quantile,0.01,0,South Dakota,Ensemble
2026-04-25,46,0,wk inc flu hosp,2026-04-25,quantile,0.025,0,South Dakota,Ensemble
2026-04-25,46,0,wk inc flu hosp,2026-04-25,quantile,0.05,0,South Dakota,Ensemble
2026-04-25,46,0,wk inc flu hosp,2026-04-25,quantile,0.1,0,South Dakota,Ensemble
2026-04-25,46,0,wk inc flu hosp,2026-04-25,quantile,0.15,1,South Dakota,Ensemble
2026-04-25,46,0,wk inc flu hosp,2026-04-25,quantile,0.2,1,South Dakota,Ensemble
2026-04-25,46,0,wk inc flu hosp,2026-04-25,quantile,0.25,1,South Dakota,Ensemble
2026-04-25,46,0,wk inc flu hosp,2026-04-25,quantile,0.3,2,South Dakota,Ensemble
2026-04-25,46,0,wk inc flu hosp,2026-04-25,quantile,0.35,2,South Dakota,Ensemble
2026-04-25,46,0,wk inc flu hosp,2026-04-25,quantile,0.4,3,South Dakota,Ensemble
2026-04-25,46,0,wk inc flu hosp,2026-04-25,quantile,0.45,3,South Dakota,Ensemble
2026-04-25,46,0,wk inc flu hosp,2026-04-25,quantile,0.5,5,South Dakota,Ensemble
2026-04-25,46,0,wk inc flu hosp,2026-04-25,quantile,0.55,6,South Dakota,Ensemble
2026-04-25,46,0,wk inc flu hosp,2026-04-25,quantile,0.6,6,South Dakota,Ensemble
2026-04-25,46,0,wk inc flu hosp,2026-04-25,quantile,0.65,7,South Dakota,Ensemble
2026-04-25,46,0,wk inc flu hosp,2026-04-25,quantile,0.7,7,South Dakota,Ensemble
2026-04-25,46,0,wk inc flu hosp,2026-04-25,quantile,0.75,9,South Dakota,Ensemble
2026-04-25,46,0,wk inc flu hosp,2026-04-25,quantile,0.8,9,South Dakota,Ensemble
2026-04-25,46,0,wk inc flu hosp,2026-04-25,quantile,0.85,11,South Dakota,Ensemble
2026-04-25,46,0,wk inc flu hosp,2026-04-25,quantile,0.9,13,South Dakota,Ensemble
2026-04-25,46,0,wk inc flu hosp,2026-04-25,quantile,0.95,16,South Dakota,Ensemble
2026-04-25,46,0,wk inc flu hosp,2026-04-25,quantile,0.975,18,South Dakota,Ensemble
2026-04-25,46,0,wk inc flu hosp,2026-04-25,quantile,0.99,22,South Dakota,Ensemble
2026-04-25,46,1,wk inc flu hosp,2026-05-02,quantile,0.01,0,South Dakota,Ensemble
2026-04-25,46,1,wk inc flu hosp,2026-05-02,quantile,0.025,0,South Dakota,Ensemble
2026-04-25,46,1,wk inc flu hosp,2026-05-02,quantile,0.05,0,South Dakota,Ensemble
2026-04-25,46,1,wk inc flu hosp,2026-05-02,quantile,0.1,0,South Dakota,Ensemble
2026-04-25,46,1,wk inc flu hosp,2026-05-02,quantile,0.15,0,South Dakota,Ensemble
2026-04-25,46,1,wk inc flu hosp,2026-05-02,quantile,0.2,0,South Dakota,Ensemble
2026-04-25,46,1,wk inc flu hosp,2026-05-02,quantile,0.25,1,South Dakota,Ensemble
2026-04-25,46,1,wk inc flu hosp,2026-05-02,quantile,0.3,1,South Dakota,Ensemble
2026-04-25,46,1,wk inc flu hosp,2026-05-02,quantile,0.35,1,South Dakota,Ensemble
2026-04-25,46,1,wk inc flu hosp,2026-05-02,quantile,0.4,2,South Dakota,Ensemble
2026-04-25,46,1,wk inc flu hosp,2026-05-02,quantile,0.45,2,South Dakota,Ensemble
2026-04-25,46,1,wk inc flu hosp,2026-05-02,quantile,0.5,4,South Dakota,Ensemble
2026-04-25,46,1,wk inc flu hosp,2026-05-02,quantile,0.55,4,South Dakota,Ensemble
2026-04-25,46,1,wk inc flu hosp,2026-05-02,quantile,0.6,5,South Dakota,Ensemble
2026-04-25,46,1,wk inc flu hosp,2026-05-02,quantile,0.65,6,South Dakota,Ensemble
2026-04-25,46,1,wk inc flu hosp,2026-05-02,quantile,0.7,7,South Dakota,Ensemble
2026-04-25,46,1,wk inc flu hosp,2026-05-02,quantile,0.75,8,South Dakota,Ensemble
2026-04-25,46,1,wk inc flu hosp,2026-05-02,quantile,0.8,9,South Dakota,Ensemble
2026-04-25,46,1,wk inc flu hosp,2026-05-02,quantile,0.85,10,South Dakota,Ensemble
2026-04-25,46,1,wk inc flu hosp,2026-05-02,quantile,0.9,13,South Dakota,Ensemble
2026-04-25,46,1,wk inc flu hosp,2026-05-02,quantile,0.95,15,South Dakota,Ensemble
2026-04-25,46,1,wk inc flu hosp,2026-05-02,quantile,0.975,18,South Dakota,Ensemble
2026-04-25,46,1,wk inc flu hosp,2026-05-02,quantile,0.99,22,South Dakota,Ensemble
2026-04-25,46,2,wk inc flu hosp,2026-05-09,quantile,0.01,0,South Dakota,Ensemble
2026-04-25,46,2,wk inc flu hosp,2026-05-09,quantile,0.025,0,South Dakota,Ensemble
2026-04-25,46,2,wk inc flu hosp,2026-05-09,quantile,0.05,0,South Dakota,Ensemble
2026-04-25,46,2,wk inc flu hosp,2026-05-09,quantile,0.1,0,South Dakota,Ensemble
2026-04-25,46,2,wk inc flu hosp,2026-05-09,quantile,0.15,0,South Dakota,Ensemble
2026-04-25,46,2,wk inc flu hosp,2026-05-09,quantile,0.2,0,South Dakota,Ensemble
2026-04-25,46,2,wk inc flu hosp,2026-05-09,quantile,0.25,0,South Dakota,Ensemble
2026-04-25,46,2,wk inc flu hosp,2026-05-09,quantile,0.3,1,South Dakota,Ensemble
2026-04-25,46,2,wk inc flu hosp,2026-05-09,quantile,0.35,1,South Dakota,Ensemble
2026-04-25,46,2,wk inc flu hosp,2026-05-09,quantile,0.4,1,South Dakota,Ensemble
2026-04-25,46,2,wk inc flu hosp,2026-05-09,quantile,0.45,2,South Dakota,Ensemble
2026-04-25,46,2,wk inc flu hosp,2026-05-09,quantile,0.5,3,South Dakota,Ensemble
2026-04-25,46,2,wk inc flu hosp,2026-05-09,quantile,0.55,4,South Dakota,Ensemble
2026-04-25,46,2,wk inc flu hosp,2026-05-09,quantile,0.6,5,South Dakota,Ensemble
2026-04-25,46,2,wk inc flu hosp,2026-05-09,quantile,0.65,5,South Dakota,Ensemble
2026-04-25,46,2,wk inc flu hosp,2026-05-09,quantile,0.7,6,South Dakota,Ensemble
2026-04-25,46,2,wk inc flu hosp,2026-05-09,quantile,0.75,7,South Dakota,Ensemble
2026-04-25,46,2,wk inc flu hosp,2026-05-09,quantile,0.8,8,South Dakota,Ensemble
2026-04-25,46,2,wk inc flu hosp,2026-05-09,quantile,0.85,10,South Dakota,Ensemble
2026-04-25,46,2,wk inc flu hosp,2026-05-09,quantile,0.9,12,South Dakota,Ensemble
2026-04-25,46,2,wk inc flu hosp,2026-05-09,quantile,0.95,17,South Dakota,Ensemble
2026-04-25,46,2,wk inc flu hosp,2026-05-09,quantile,0.975,20,South Dakota,Ensemble
2026-04-25,46,2,wk inc flu hosp,2026-05-09,quantile,0.99,26,South Dakota,Ensemble
2026-04-25,46,3,wk inc flu hosp,2026-05-16,quantile,0.01,0,South Dakota,Ensemble
2026-04-25,46,3,wk inc flu hosp,2026-05-16,quantile,0.025,0,South Dakota,Ensemble
2026-04-25,46,3,wk inc flu hosp,2026-05-16,quantile,0.05,0,South Dakota,Ensemble
2026-04-25,46,3,wk inc flu hosp,2026-05-16,quantile,0.1,0,South Dakota,Ensemble
2026-04-25,46,3,wk inc flu hosp,2026-05-16,quantile,0.15,0,South Dakota,Ensemble
2026-04-25,46,3,wk inc flu hosp,2026-05-16,quantile,0.2,0,South Dakota,Ensemble
2026-04-25,46,3,wk inc flu hosp,2026-05-16,quantile,0.25,0,South Dakota,Ensemble
2026-04-25,46,3,wk inc flu hosp,2026-05-16,quantile,0.3,0,South Dakota,Ensemble
2026-04-25,46,3,wk inc flu hosp,2026-05-16,quantile,0.35,1,South Dakota,Ensemble
2026-04-25,46,3,wk inc flu hosp,2026-05-16,quantile,0.4,1,South Dakota,Ensemble
2026-04-25,46,3,wk inc flu hosp,2026-05-16,quantile,0.45,1,South Dakota,Ensemble
2026-04-25,46,3,wk inc flu hosp,2026-05-16,quantile,0.5,3,South Dakota,Ensemble
2026-04-25,46,3,wk inc flu hosp,2026-05-16,quantile,0.55,3,South Dakota,Ensemble
2026-04-25,46,3,wk inc flu hosp,2026-05-16,quantile,0.6,4,South Dakota,Ensemble
2026-04-25,46,3,wk inc flu hosp,2026-05-16,quantile,0.65,5,South Dakota,Ensemble
2026-04-25,46,3,wk inc flu hosp,2026-05-16,quantile,0.7,6,South Dakota,Ensemble
2026-04-25,46,3,wk inc flu hosp,2026-05-16,quantile,0.75,7,South Dakota,Ensemble
2026-04-25,46,3,wk inc flu hosp,2026-05-16,quantile,0.8,8,South Dakota,Ensemble
2026-04-25,46,3,wk inc flu hosp,2026-05-16,quantile,0.85,10,South Dakota,Ensemble
2026-04-25,46,3,wk inc flu hosp,2026-05-16,quantile,0.9,12,South Dakota,Ensemble
2026-04-25,46,3,wk inc flu hosp,2026-05-16,quantile,0.95,16,South Dakota,Ensemble
2026-04-25,46,3,wk inc flu hosp,2026-05-16,quantile,0.975,21,South Dakota,Ensemble
2026-04-25,46,3,wk inc flu hosp,2026-05-16,quantile,0.99,27,South Dakota,Ensemble
2026-04-25,47,0,wk inc flu hosp,2026-04-25,quantile,0.01,9,Tennessee,Ensemble
2026-04-25,47,0,wk inc flu hosp,2026-04-25,quantile,0.025,11,Tennessee,Ensemble
2026-04-25,47,0,wk inc flu hosp,2026-04-25,quantile,0.05,13,Tennessee,Ensemble
2026-04-25,47,0,wk inc flu hosp,2026-04-25,quantile,0.1,17,Tennessee,Ensemble
2026-04-25,47,0,wk inc flu hosp,2026-04-25,quantile,0.15,20,Tennessee,Ensemble
2026-04-25,47,0,wk inc flu hosp,2026-04-25,quantile,0.2,23,Tennessee,Ensemble
2026-04-25,47,0,wk inc flu hosp,2026-04-25,quantile,0.25,25,Tennessee,Ensemble
2026-04-25,47,0,wk inc flu hosp,2026-04-25,quantile,0.3,28,Tennessee,Ensemble
2026-04-25,47,0,wk inc flu hosp,2026-04-25,quantile,0.35,30,Tennessee,Ensemble
2026-04-25,47,0,wk inc flu hosp,2026-04-25,quantile,0.4,33,Tennessee,Ensemble
2026-04-25,47,0,wk inc flu hosp,2026-04-25,quantile,0.45,35,Tennessee,Ensemble
2026-04-25,47,0,wk inc flu hosp,2026-04-25,quantile,0.5,39,Tennessee,Ensemble
2026-04-25,47,0,wk inc flu hosp,2026-04-25,quantile,0.55,41,Tennessee,Ensemble
2026-04-25,47,0,wk inc flu hosp,2026-04-25,quantile,0.6,44,Tennessee,Ensemble
2026-04-25,47,0,wk inc flu hosp,2026-04-25,quantile,0.65,46,Tennessee,Ensemble
2026-04-25,47,0,wk inc flu hosp,2026-04-25,quantile,0.7,49,Tennessee,Ensemble
2026-04-25,47,0,wk inc flu hosp,2026-04-25,quantile,0.75,52,Tennessee,Ensemble
2026-04-25,47,0,wk inc flu hosp,2026-04-25,quantile,0.8,56,Tennessee,Ensemble
2026-04-25,47,0,wk inc flu hosp,2026-04-25,quantile,0.85,61,Tennessee,Ensemble
2026-04-25,47,0,wk inc flu hosp,2026-04-25,quantile,0.9,75,Tennessee,Ensemble
2026-04-25,47,0,wk inc flu hosp,2026-04-25,quantile,0.95,86,Tennessee,Ensemble
2026-04-25,47,0,wk inc flu hosp,2026-04-25,quantile,0.975,96,Tennessee,Ensemble
2026-04-25,47,0,wk inc flu hosp,2026-04-25,quantile,0.99,108,Tennessee,Ensemble
2026-04-25,47,1,wk inc flu hosp,2026-05-02,quantile,0.01,6,Tennessee,Ensemble
2026-04-25,47,1,wk inc flu hosp,2026-05-02,quantile,0.025,7,Tennessee,Ensemble
2026-04-25,47,1,wk inc flu hosp,2026-05-02,quantile,0.05,9,Tennessee,Ensemble
2026-04-25,47,1,wk inc flu hosp,2026-05-02,quantile,0.1,11,Tennessee,Ensemble
2026-04-25,47,1,wk inc flu hosp,2026-05-02,quantile,0.15,14,Tennessee,Ensemble
2026-04-25,47,1,wk inc flu hosp,2026-05-02,quantile,0.2,16,Tennessee,Ensemble
2026-04-25,47,1,wk inc flu hosp,2026-05-02,quantile,0.25,19,Tennessee,Ensemble
2026-04-25,47,1,wk inc flu hosp,2026-05-02,quantile,0.3,21,Tennessee,Ensemble
2026-04-25,47,1,wk inc flu hosp,2026-05-02,quantile,0.35,24,Tennessee,Ensemble
2026-04-25,47,1,wk inc flu hosp,2026-05-02,quantile,0.4,27,Tennessee,Ensemble
2026-04-25,47,1,wk inc flu hosp,2026-05-02,quantile,0.45,29,Tennessee,Ensemble
2026-04-25,47,1,wk inc flu hosp,2026-05-02,quantile,0.5,34,Tennessee,Ensemble
2026-04-25,47,1,wk inc flu hosp,2026-05-02,quantile,0.55,37,Tennessee,Ensemble
2026-04-25,47,1,wk inc flu hosp,2026-05-02,quantile,0.6,40,Tennessee,Ensemble
2026-04-25,47,1,wk inc flu hosp,2026-05-02,quantile,0.65,43,Tennessee,Ensemble
2026-04-25,47,1,wk inc flu hosp,2026-05-02,quantile,0.7,46,Tennessee,Ensemble
2026-04-25,47,1,wk inc flu hosp,2026-05-02,quantile,0.75,50,Tennessee,Ensemble
2026-04-25,47,1,wk inc flu hosp,2026-05-02,quantile,0.8,56,Tennessee,Ensemble
2026-04-25,47,1,wk inc flu hosp,2026-05-02,quantile,0.85,62,Tennessee,Ensemble
2026-04-25,47,1,wk inc flu hosp,2026-05-02,quantile,0.9,71,Tennessee,Ensemble
2026-04-25,47,1,wk inc flu hosp,2026-05-02,quantile,0.95,108,Tennessee,Ensemble
2026-04-25,47,1,wk inc flu hosp,2026-05-02,quantile,0.975,120,Tennessee,Ensemble
2026-04-25,47,1,wk inc flu hosp,2026-05-02,quantile,0.99,139,Tennessee,Ensemble
2026-04-25,47,2,wk inc flu hosp,2026-05-09,quantile,0.01,4,Tennessee,Ensemble
2026-04-25,47,2,wk inc flu hosp,2026-05-09,quantile,0.025,5,Tennessee,Ensemble
2026-04-25,47,2,wk inc flu hosp,2026-05-09,quantile,0.05,7,Tennessee,Ensemble
2026-04-25,47,2,wk inc flu hosp,2026-05-09,quantile,0.1,9,Tennessee,Ensemble
2026-04-25,47,2,wk inc flu hosp,2026-05-09,quantile,0.15,11,Tennessee,Ensemble
2026-04-25,47,2,wk inc flu hosp,2026-05-09,quantile,0.2,13,Tennessee,Ensemble
2026-04-25,47,2,wk inc flu hosp,2026-05-09,quantile,0.25,15,Tennessee,Ensemble
2026-04-25,47,2,wk inc flu hosp,2026-05-09,quantile,0.3,17,Tennessee,Ensemble
2026-04-25,47,2,wk inc flu hosp,2026-05-09,quantile,0.35,20,Tennessee,Ensemble
2026-04-25,47,2,wk inc flu hosp,2026-05-09,quantile,0.4,23,Tennessee,Ensemble
2026-04-25,47,2,wk inc flu hosp,2026-05-09,quantile,0.45,25,Tennessee,Ensemble
2026-04-25,47,2,wk inc flu hosp,2026-05-09,quantile,0.5,31,Tennessee,Ensemble
2026-04-25,47,2,wk inc flu hosp,2026-05-09,quantile,0.55,35,Tennessee,Ensemble
2026-04-25,47,2,wk inc flu hosp,2026-05-09,quantile,0.6,38,Tennessee,Ensemble
2026-04-25,47,2,wk inc flu hosp,2026-05-09,quantile,0.65,42,Tennessee,Ensemble
2026-04-25,47,2,wk inc flu hosp,2026-05-09,quantile,0.7,45,Tennessee,Ensemble
2026-04-25,47,2,wk inc flu hosp,2026-05-09,quantile,0.75,49,Tennessee,Ensemble
2026-04-25,47,2,wk inc flu hosp,2026-05-09,quantile,0.8,54,Tennessee,Ensemble
2026-04-25,47,2,wk inc flu hosp,2026-05-09,quantile,0.85,65,Tennessee,Ensemble
2026-04-25,47,2,wk inc flu hosp,2026-05-09,quantile,0.9,80,Tennessee,Ensemble
2026-04-25,47,2,wk inc flu hosp,2026-05-09,quantile,0.95,120,Tennessee,Ensemble
2026-04-25,47,2,wk inc flu hosp,2026-05-09,quantile,0.975,135,Tennessee,Ensemble
2026-04-25,47,2,wk inc flu hosp,2026-05-09,quantile,0.99,156,Tennessee,Ensemble
2026-04-25,47,3,wk inc flu hosp,2026-05-16,quantile,0.01,4,Tennessee,Ensemble
2026-04-25,47,3,wk inc flu hosp,2026-05-16,quantile,0.025,5,Tennessee,Ensemble
2026-04-25,47,3,wk inc flu hosp,2026-05-16,quantile,0.05,6,Tennessee,Ensemble
2026-04-25,47,3,wk inc flu hosp,2026-05-16,quantile,0.1,8,Tennessee,Ensemble
2026-04-25,47,3,wk inc flu hosp,2026-05-16,quantile,0.15,9,Tennessee,Ensemble
2026-04-25,47,3,wk inc flu hosp,2026-05-16,quantile,0.2,11,Tennessee,Ensemble
2026-04-25,47,3,wk inc flu hosp,2026-05-16,quantile,0.25,13,Tennessee,Ensemble
2026-04-25,47,3,wk inc flu hosp,2026-05-16,quantile,0.3,15,Tennessee,Ensemble
2026-04-25,47,3,wk inc flu hosp,2026-05-16,quantile,0.35,17,Tennessee,Ensemble
2026-04-25,47,3,wk inc flu hosp,2026-05-16,quantile,0.4,20,Tennessee,Ensemble
2026-04-25,47,3,wk inc flu hosp,2026-05-16,quantile,0.45,23,Tennessee,Ensemble
2026-04-25,47,3,wk inc flu hosp,2026-05-16,quantile,0.5,27,Tennessee,Ensemble
2026-04-25,47,3,wk inc flu hosp,2026-05-16,quantile,0.55,31,Tennessee,Ensemble
2026-04-25,47,3,wk inc flu hosp,2026-05-16,quantile,0.6,35,Tennessee,Ensemble
2026-04-25,47,3,wk inc flu hosp,2026-05-16,quantile,0.65,41,Tennessee,Ensemble
2026-04-25,47,3,wk inc flu hosp,2026-05-16,quantile,0.7,45,Tennessee,Ensemble
2026-04-25,47,3,wk inc flu hosp,2026-05-16,quantile,0.75,51,Tennessee,Ensemble
2026-04-25,47,3,wk inc flu hosp,2026-05-16,quantile,0.8,56,Tennessee,Ensemble
2026-04-25,47,3,wk inc flu hosp,2026-05-16,quantile,0.85,68,Tennessee,Ensemble
2026-04-25,47,3,wk inc flu hosp,2026-05-16,quantile,0.9,83,Tennessee,Ensemble
2026-04-25,47,3,wk inc flu hosp,2026-05-16,quantile,0.95,120,Tennessee,Ensemble
2026-04-25,47,3,wk inc flu hosp,2026-05-16,quantile,0.975,136,Tennessee,Ensemble
2026-04-25,47,3,wk inc flu hosp,2026-05-16,quantile,0.99,163,Tennessee,Ensemble
2026-04-25,48,0,wk inc flu hosp,2026-04-25,quantile,0.01,26,Texas,Ensemble
2026-04-25,48,0,wk inc flu hosp,2026-04-25,quantile,0.025,31,Texas,Ensemble
2026-04-25,48,0,wk inc flu hosp,2026-04-25,quantile,0.05,37,Texas,Ensemble
2026-04-25,48,0,wk inc flu hosp,2026-04-25,quantile,0.1,46,Texas,Ensemble
2026-04-25,48,0,wk inc flu hosp,2026-04-25,quantile,0.15,54,Texas,Ensemble
2026-04-25,48,0,wk inc flu hosp,2026-04-25,quantile,0.2,61,Texas,Ensemble
2026-04-25,48,0,wk inc flu hosp,2026-04-25,quantile,0.25,67,Texas,Ensemble
2026-04-25,48,0,wk inc flu hosp,2026-04-25,quantile,0.3,74,Texas,Ensemble
2026-04-25,48,0,wk inc flu hosp,2026-04-25,quantile,0.35,81,Texas,Ensemble
2026-04-25,48,0,wk inc flu hosp,2026-04-25,quantile,0.4,89,Texas,Ensemble
2026-04-25,48,0,wk inc flu hosp,2026-04-25,quantile,0.45,97,Texas,Ensemble
2026-04-25,48,0,wk inc flu hosp,2026-04-25,quantile,0.5,108,Texas,Ensemble
2026-04-25,48,0,wk inc flu hosp,2026-04-25,quantile,0.55,116,Texas,Ensemble
2026-04-25,48,0,wk inc flu hosp,2026-04-25,quantile,0.6,124,Texas,Ensemble
2026-04-25,48,0,wk inc flu hosp,2026-04-25,quantile,0.65,132,Texas,Ensemble
2026-04-25,48,0,wk inc flu hosp,2026-04-25,quantile,0.7,140,Texas,Ensemble
2026-04-25,48,0,wk inc flu hosp,2026-04-25,quantile,0.75,150,Texas,Ensemble
2026-04-25,48,0,wk inc flu hosp,2026-04-25,quantile,0.8,160,Texas,Ensemble
2026-04-25,48,0,wk inc flu hosp,2026-04-25,quantile,0.85,173,Texas,Ensemble
2026-04-25,48,0,wk inc flu hosp,2026-04-25,quantile,0.9,203,Texas,Ensemble
2026-04-25,48,0,wk inc flu hosp,2026-04-25,quantile,0.95,237,Texas,Ensemble
2026-04-25,48,0,wk inc flu hosp,2026-04-25,quantile,0.975,265,Texas,Ensemble
2026-04-25,48,0,wk inc flu hosp,2026-04-25,quantile,0.99,303,Texas,Ensemble
2026-04-25,48,1,wk inc flu hosp,2026-05-02,quantile,0.01,18,Texas,Ensemble
2026-04-25,48,1,wk inc flu hosp,2026-05-02,quantile,0.025,22,Texas,Ensemble
2026-04-25,48,1,wk inc flu hosp,2026-05-02,quantile,0.05,27,Texas,Ensemble
2026-04-25,48,1,wk inc flu hosp,2026-05-02,quantile,0.1,34,Texas,Ensemble
2026-04-25,48,1,wk inc flu hosp,2026-05-02,quantile,0.15,41,Texas,Ensemble
2026-04-25,48,1,wk inc flu hosp,2026-05-02,quantile,0.2,46,Texas,Ensemble
2026-04-25,48,1,wk inc flu hosp,2026-05-02,quantile,0.25,52,Texas,Ensemble
2026-04-25,48,1,wk inc flu hosp,2026-05-02,quantile,0.3,58,Texas,Ensemble
2026-04-25,48,1,wk inc flu hosp,2026-05-02,quantile,0.35,65,Texas,Ensemble
2026-04-25,48,1,wk inc flu hosp,2026-05-02,quantile,0.4,71,Texas,Ensemble
2026-04-25,48,1,wk inc flu hosp,2026-05-02,quantile,0.45,80,Texas,Ensemble
2026-04-25,48,1,wk inc flu hosp,2026-05-02,quantile,0.5,93,Texas,Ensemble
2026-04-25,48,1,wk inc flu hosp,2026-05-02,quantile,0.55,103,Texas,Ensemble
2026-04-25,48,1,wk inc flu hosp,2026-05-02,quantile,0.6,112,Texas,Ensemble
2026-04-25,48,1,wk inc flu hosp,2026-05-02,quantile,0.65,121,Texas,Ensemble
2026-04-25,48,1,wk inc flu hosp,2026-05-02,quantile,0.7,133,Texas,Ensemble
2026-04-25,48,1,wk inc flu hosp,2026-05-02,quantile,0.75,145,Texas,Ensemble
2026-04-25,48,1,wk inc flu hosp,2026-05-02,quantile,0.8,161,Texas,Ensemble
2026-04-25,48,1,wk inc flu hosp,2026-05-02,quantile,0.85,183,Texas,Ensemble
2026-04-25,48,1,wk inc flu hosp,2026-05-02,quantile,0.9,217,Texas,Ensemble
2026-04-25,48,1,wk inc flu hosp,2026-05-02,quantile,0.95,282,Texas,Ensemble
2026-04-25,48,1,wk inc flu hosp,2026-05-02,quantile,0.975,321,Texas,Ensemble
2026-04-25,48,1,wk inc flu hosp,2026-05-02,quantile,0.99,378,Texas,Ensemble
2026-04-25,48,2,wk inc flu hosp,2026-05-09,quantile,0.01,14,Texas,Ensemble
2026-04-25,48,2,wk inc flu hosp,2026-05-09,quantile,0.025,17,Texas,Ensemble
2026-04-25,48,2,wk inc flu hosp,2026-05-09,quantile,0.05,21,Texas,Ensemble
2026-04-25,48,2,wk inc flu hosp,2026-05-09,quantile,0.1,26,Texas,Ensemble
2026-04-25,48,2,wk inc flu hosp,2026-05-09,quantile,0.15,32,Texas,Ensemble
2026-04-25,48,2,wk inc flu hosp,2026-05-09,quantile,0.2,37,Texas,Ensemble
2026-04-25,48,2,wk inc flu hosp,2026-05-09,quantile,0.25,42,Texas,Ensemble
2026-04-25,48,2,wk inc flu hosp,2026-05-09,quantile,0.3,49,Texas,Ensemble
2026-04-25,48,2,wk inc flu hosp,2026-05-09,quantile,0.35,55,Texas,Ensemble
2026-04-25,48,2,wk inc flu hosp,2026-05-09,quantile,0.4,63,Texas,Ensemble
2026-04-25,48,2,wk inc flu hosp,2026-05-09,quantile,0.45,69,Texas,Ensemble
2026-04-25,48,2,wk inc flu hosp,2026-05-09,quantile,0.5,82,Texas,Ensemble
2026-04-25,48,2,wk inc flu hosp,2026-05-09,quantile,0.55,93,Texas,Ensemble
2026-04-25,48,2,wk inc flu hosp,2026-05-09,quantile,0.6,103,Texas,Ensemble
2026-04-25,48,2,wk inc flu hosp,2026-05-09,quantile,0.65,114,Texas,Ensemble
2026-04-25,48,2,wk inc flu hosp,2026-05-09,quantile,0.7,126,Texas,Ensemble
2026-04-25,48,2,wk inc flu hosp,2026-05-09,quantile,0.75,143,Texas,Ensemble
2026-04-25,48,2,wk inc flu hosp,2026-05-09,quantile,0.8,158,Texas,Ensemble
2026-04-25,48,2,wk inc flu hosp,2026-05-09,quantile,0.85,184,Texas,Ensemble
2026-04-25,48,2,wk inc flu hosp,2026-05-09,quantile,0.9,237,Texas,Ensemble
2026-04-25,48,2,wk inc flu hosp,2026-05-09,quantile,0.95,319,Texas,Ensemble
2026-04-25,48,2,wk inc flu hosp,2026-05-09,quantile,0.975,373,Texas,Ensemble
2026-04-25,48,2,wk inc flu hosp,2026-05-09,quantile,0.99,453,Texas,Ensemble
2026-04-25,48,3,wk inc flu hosp,2026-05-16,quantile,0.01,11,Texas,Ensemble
2026-04-25,48,3,wk inc flu hosp,2026-05-16,quantile,0.025,14,Texas,Ensemble
2026-04-25,48,3,wk inc flu hosp,2026-05-16,quantile,0.05,18,Texas,Ensemble
2026-04-25,48,3,wk inc flu hosp,2026-05-16,quantile,0.1,22,Texas,Ensemble
2026-04-25,48,3,wk inc flu hosp,2026-05-16,quantile,0.15,28,Texas,Ensemble
2026-04-25,48,3,wk inc flu hosp,2026-05-16,quantile,0.2,33,Texas,Ensemble
2026-04-25,48,3,wk inc flu hosp,2026-05-16,quantile,0.25,37,Texas,Ensemble
2026-04-25,48,3,wk inc flu hosp,2026-05-16,quantile,0.3,43,Texas,Ensemble
2026-04-25,48,3,wk inc flu hosp,2026-05-16,quantile,0.35,49,Texas,Ensemble
2026-04-25,48,3,wk inc flu hosp,2026-05-16,quantile,0.4,55,Texas,Ensemble
2026-04-25,48,3,wk inc flu hosp,2026-05-16,quantile,0.45,62,Texas,Ensemble
2026-04-25,48,3,wk inc flu hosp,2026-05-16,quantile,0.5,75,Texas,Ensemble
2026-04-25,48,3,wk inc flu hosp,2026-05-16,quantile,0.55,86,Texas,Ensemble
2026-04-25,48,3,wk inc flu hosp,2026-05-16,quantile,0.6,97,Texas,Ensemble
2026-04-25,48,3,wk inc flu hosp,2026-05-16,quantile,0.65,109,Texas,Ensemble
2026-04-25,48,3,wk inc flu hosp,2026-05-16,quantile,0.7,127,Texas,Ensemble
2026-04-25,48,3,wk inc flu hosp,2026-05-16,quantile,0.75,142,Texas,Ensemble
2026-04-25,48,3,wk inc flu hosp,2026-05-16,quantile,0.8,170,Texas,Ensemble
2026-04-25,48,3,wk inc flu hosp,2026-05-16,quantile,0.85,197,Texas,Ensemble
2026-04-25,48,3,wk inc flu hosp,2026-05-16,quantile,0.9,249,Texas,Ensemble
2026-04-25,48,3,wk inc flu hosp,2026-05-16,quantile,0.95,326,Texas,Ensemble
2026-04-25,48,3,wk inc flu hosp,2026-05-16,quantile,0.975,391,Texas,Ensemble
2026-04-25,48,3,wk inc flu hosp,2026-05-16,quantile,0.99,498,Texas,Ensemble
2026-04-25,49,0,wk inc flu hosp,2026-04-25,quantile,0.01,0,Utah,Ensemble
2026-04-25,49,0,wk inc flu hosp,2026-04-25,quantile,0.025,0,Utah,Ensemble
2026-04-25,49,0,wk inc flu hosp,2026-04-25,quantile,0.05,0,Utah,Ensemble
2026-04-25,49,0,wk inc flu hosp,2026-04-25,quantile,0.1,1,Utah,Ensemble
2026-04-25,49,0,wk inc flu hosp,2026-04-25,quantile,0.15,1,Utah,Ensemble
2026-04-25,49,0,wk inc flu hosp,2026-04-25,quantile,0.2,1,Utah,Ensemble
2026-04-25,49,0,wk inc flu hosp,2026-04-25,quantile,0.25,1,Utah,Ensemble
2026-04-25,49,0,wk inc flu hosp,2026-04-25,quantile,0.3,2,Utah,Ensemble
2026-04-25,49,0,wk inc flu hosp,2026-04-25,quantile,0.35,2,Utah,Ensemble
2026-04-25,49,0,wk inc flu hosp,2026-04-25,quantile,0.4,3,Utah,Ensemble
2026-04-25,49,0,wk inc flu hosp,2026-04-25,quantile,0.45,3,Utah,Ensemble
2026-04-25,49,0,wk inc flu hosp,2026-04-25,quantile,0.5,5,Utah,Ensemble
2026-04-25,49,0,wk inc flu hosp,2026-04-25,quantile,0.55,6,Utah,Ensemble
2026-04-25,49,0,wk inc flu hosp,2026-04-25,quantile,0.6,7,Utah,Ensemble
2026-04-25,49,0,wk inc flu hosp,2026-04-25,quantile,0.65,8,Utah,Ensemble
2026-04-25,49,0,wk inc flu hosp,2026-04-25,quantile,0.7,9,Utah,Ensemble
2026-04-25,49,0,wk inc flu hosp,2026-04-25,quantile,0.75,10,Utah,Ensemble
2026-04-25,49,0,wk inc flu hosp,2026-04-25,quantile,0.8,11,Utah,Ensemble
2026-04-25,49,0,wk inc flu hosp,2026-04-25,quantile,0.85,12,Utah,Ensemble
2026-04-25,49,0,wk inc flu hosp,2026-04-25,quantile,0.9,15,Utah,Ensemble
2026-04-25,49,0,wk inc flu hosp,2026-04-25,quantile,0.95,20,Utah,Ensemble
2026-04-25,49,0,wk inc flu hosp,2026-04-25,quantile,0.975,24,Utah,Ensemble
2026-04-25,49,0,wk inc flu hosp,2026-04-25,quantile,0.99,28,Utah,Ensemble
2026-04-25,49,1,wk inc flu hosp,2026-05-02,quantile,0.01,0,Utah,Ensemble
2026-04-25,49,1,wk inc flu hosp,2026-05-02,quantile,0.025,0,Utah,Ensemble
2026-04-25,49,1,wk inc flu hosp,2026-05-02,quantile,0.05,0,Utah,Ensemble
2026-04-25,49,1,wk inc flu hosp,2026-05-02,quantile,0.1,0,Utah,Ensemble
2026-04-25,49,1,wk inc flu hosp,2026-05-02,quantile,0.15,0,Utah,Ensemble
2026-04-25,49,1,wk inc flu hosp,2026-05-02,quantile,0.2,1,Utah,Ensemble
2026-04-25,49,1,wk inc flu hosp,2026-05-02,quantile,0.25,1,Utah,Ensemble
2026-04-25,49,1,wk inc flu hosp,2026-05-02,quantile,0.3,1,Utah,Ensemble
2026-04-25,49,1,wk inc flu hosp,2026-05-02,quantile,0.35,2,Utah,Ensemble
2026-04-25,49,1,wk inc flu hosp,2026-05-02,quantile,0.4,2,Utah,Ensemble
2026-04-25,49,1,wk inc flu hosp,2026-05-02,quantile,0.45,3,Utah,Ensemble
2026-04-25,49,1,wk inc flu hosp,2026-05-02,quantile,0.5,4,Utah,Ensemble
2026-04-25,49,1,wk inc flu hosp,2026-05-02,quantile,0.55,5,Utah,Ensemble
2026-04-25,49,1,wk inc flu hosp,2026-05-02,quantile,0.6,6,Utah,Ensemble
2026-04-25,49,1,wk inc flu hosp,2026-05-02,quantile,0.65,8,Utah,Ensemble
2026-04-25,49,1,wk inc flu hosp,2026-05-02,quantile,0.7,9,Utah,Ensemble
2026-04-25,49,1,wk inc flu hosp,2026-05-02,quantile,0.75,10,Utah,Ensemble
2026-04-25,49,1,wk inc flu hosp,2026-05-02,quantile,0.8,11,Utah,Ensemble
2026-04-25,49,1,wk inc flu hosp,2026-05-02,quantile,0.85,14,Utah,Ensemble
2026-04-25,49,1,wk inc flu hosp,2026-05-02,quantile,0.9,21,Utah,Ensemble
2026-04-25,49,1,wk inc flu hosp,2026-05-02,quantile,0.95,25,Utah,Ensemble
2026-04-25,49,1,wk inc flu hosp,2026-05-02,quantile,0.975,29,Utah,Ensemble
2026-04-25,49,1,wk inc flu hosp,2026-05-02,quantile,0.99,35,Utah,Ensemble
2026-04-25,49,2,wk inc flu hosp,2026-05-09,quantile,0.01,0,Utah,Ensemble
2026-04-25,49,2,wk inc flu hosp,2026-05-09,quantile,0.025,0,Utah,Ensemble
2026-04-25,49,2,wk inc flu hosp,2026-05-09,quantile,0.05,0,Utah,Ensemble
2026-04-25,49,2,wk inc flu hosp,2026-05-09,quantile,0.1,0,Utah,Ensemble
2026-04-25,49,2,wk inc flu hosp,2026-05-09,quantile,0.15,0,Utah,Ensemble
2026-04-25,49,2,wk inc flu hosp,2026-05-09,quantile,0.2,0,Utah,Ensemble
2026-04-25,49,2,wk inc flu hosp,2026-05-09,quantile,0.25,1,Utah,Ensemble
2026-04-25,49,2,wk inc flu hosp,2026-05-09,quantile,0.3,1,Utah,Ensemble
2026-04-25,49,2,wk inc flu hosp,2026-05-09,quantile,0.35,1,Utah,Ensemble
2026-04-25,49,2,wk inc flu hosp,2026-05-09,quantile,0.4,2,Utah,Ensemble
2026-04-25,49,2,wk inc flu hosp,2026-05-09,quantile,0.45,2,Utah,Ensemble
2026-04-25,49,2,wk inc flu hosp,2026-05-09,quantile,0.5,4,Utah,Ensemble
2026-04-25,49,2,wk inc flu hosp,2026-05-09,quantile,0.55,5,Utah,Ensemble
2026-04-25,49,2,wk inc flu hosp,2026-05-09,quantile,0.6,6,Utah,Ensemble
2026-04-25,49,2,wk inc flu hosp,2026-05-09,quantile,0.65,7,Utah,Ensemble
2026-04-25,49,2,wk inc flu hosp,2026-05-09,quantile,0.7,8,Utah,Ensemble
2026-04-25,49,2,wk inc flu hosp,2026-05-09,quantile,0.75,11,Utah,Ensemble
2026-04-25,49,2,wk inc flu hosp,2026-05-09,quantile,0.8,12,Utah,Ensemble
2026-04-25,49,2,wk inc flu hosp,2026-05-09,quantile,0.85,15,Utah,Ensemble
2026-04-25,49,2,wk inc flu hosp,2026-05-09,quantile,0.9,19,Utah,Ensemble
2026-04-25,49,2,wk inc flu hosp,2026-05-09,quantile,0.95,29,Utah,Ensemble
2026-04-25,49,2,wk inc flu hosp,2026-05-09,quantile,0.975,36,Utah,Ensemble
2026-04-25,49,2,wk inc flu hosp,2026-05-09,quantile,0.99,43,Utah,Ensemble
2026-04-25,49,3,wk inc flu hosp,2026-05-16,quantile,0.01,0,Utah,Ensemble
2026-04-25,49,3,wk inc flu hosp,2026-05-16,quantile,0.025,0,Utah,Ensemble
2026-04-25,49,3,wk inc flu hosp,2026-05-16,quantile,0.05,0,Utah,Ensemble
2026-04-25,49,3,wk inc flu hosp,2026-05-16,quantile,0.1,0,Utah,Ensemble
2026-04-25,49,3,wk inc flu hosp,2026-05-16,quantile,0.15,0,Utah,Ensemble
2026-04-25,49,3,wk inc flu hosp,2026-05-16,quantile,0.2,0,Utah,Ensemble
2026-04-25,49,3,wk inc flu hosp,2026-05-16,quantile,0.25,1,Utah,Ensemble
2026-04-25,49,3,wk inc flu hosp,2026-05-16,quantile,0.3,1,Utah,Ensemble
2026-04-25,49,3,wk inc flu hosp,2026-05-16,quantile,0.35,1,Utah,Ensemble
2026-04-25,49,3,wk inc flu hosp,2026-05-16,quantile,0.4,1,Utah,Ensemble
2026-04-25,49,3,wk inc flu hosp,2026-05-16,quantile,0.45,2,Utah,Ensemble
2026-04-25,49,3,wk inc flu hosp,2026-05-16,quantile,0.5,4,Utah,Ensemble
2026-04-25,49,3,wk inc flu hosp,2026-05-16,quantile,0.55,5,Utah,Ensemble
2026-04-25,49,3,wk inc flu hosp,2026-05-16,quantile,0.6,6,Utah,Ensemble
2026-04-25,49,3,wk inc flu hosp,2026-05-16,quantile,0.65,7,Utah,Ensemble
2026-04-25,49,3,wk inc flu hosp,2026-05-16,quantile,0.7,9,Utah,Ensemble
2026-04-25,49,3,wk inc flu hosp,2026-05-16,quantile,0.75,10,Utah,Ensemble
2026-04-25,49,3,wk inc flu hosp,2026-05-16,quantile,0.8,12,Utah,Ensemble
2026-04-25,49,3,wk inc flu hosp,2026-05-16,quantile,0.85,14,Utah,Ensemble
2026-04-25,49,3,wk inc flu hosp,2026-05-16,quantile,0.9,20,Utah,Ensemble
2026-04-25,49,3,wk inc flu hosp,2026-05-16,quantile,0.95,29,Utah,Ensemble
2026-04-25,49,3,wk inc flu hosp,2026-05-16,quantile,0.975,36,Utah,Ensemble
2026-04-25,49,3,wk inc flu hosp,2026-05-16,quantile,0.99,46,Utah,Ensemble
2026-04-25,50,0,wk inc flu hosp,2026-04-25,quantile,0.01,0,Vermont,Ensemble
2026-04-25,50,0,wk inc flu hosp,2026-04-25,quantile,0.025,0,Vermont,Ensemble
2026-04-25,50,0,wk inc flu hosp,2026-04-25,quantile,0.05,0,Vermont,Ensemble
2026-04-25,50,0,wk inc flu hosp,2026-04-25,quantile,0.1,0,Vermont,Ensemble
2026-04-25,50,0,wk inc flu hosp,2026-04-25,quantile,0.15,0,Vermont,Ensemble
2026-04-25,50,0,wk inc flu hosp,2026-04-25,quantile,0.2,0,Vermont,Ensemble
2026-04-25,50,0,wk inc flu hosp,2026-04-25,quantile,0.25,1,Vermont,Ensemble
2026-04-25,50,0,wk inc flu hosp,2026-04-25,quantile,0.3,1,Vermont,Ensemble
2026-04-25,50,0,wk inc flu hosp,2026-04-25,quantile,0.35,1,Vermont,Ensemble
2026-04-25,50,0,wk inc flu hosp,2026-04-25,quantile,0.4,1,Vermont,Ensemble
2026-04-25,50,0,wk inc flu hosp,2026-04-25,quantile,0.45,1,Vermont,Ensemble
2026-04-25,50,0,wk inc flu hosp,2026-04-25,quantile,0.5,3,Vermont,Ensemble
2026-04-25,50,0,wk inc flu hosp,2026-04-25,quantile,0.55,3,Vermont,Ensemble
2026-04-25,50,0,wk inc flu hosp,2026-04-25,quantile,0.6,4,Vermont,Ensemble
2026-04-25,50,0,wk inc flu hosp,2026-04-25,quantile,0.65,4,Vermont,Ensemble
2026-04-25,50,0,wk inc flu hosp,2026-04-25,quantile,0.7,4,Vermont,Ensemble
2026-04-25,50,0,wk inc flu hosp,2026-04-25,quantile,0.75,5,Vermont,Ensemble
2026-04-25,50,0,wk inc flu hosp,2026-04-25,quantile,0.8,5,Vermont,Ensemble
2026-04-25,50,0,wk inc flu hosp,2026-04-25,quantile,0.85,6,Vermont,Ensemble
2026-04-25,50,0,wk inc flu hosp,2026-04-25,quantile,0.9,8,Vermont,Ensemble
2026-04-25,50,0,wk inc flu hosp,2026-04-25,quantile,0.95,10,Vermont,Ensemble
2026-04-25,50,0,wk inc flu hosp,2026-04-25,quantile,0.975,12,Vermont,Ensemble
2026-04-25,50,0,wk inc flu hosp,2026-04-25,quantile,0.99,14,Vermont,Ensemble
2026-04-25,50,1,wk inc flu hosp,2026-05-02,quantile,0.01,0,Vermont,Ensemble
2026-04-25,50,1,wk inc flu hosp,2026-05-02,quantile,0.025,0,Vermont,Ensemble
2026-04-25,50,1,wk inc flu hosp,2026-05-02,quantile,0.05,0,Vermont,Ensemble
2026-04-25,50,1,wk inc flu hosp,2026-05-02,quantile,0.1,0,Vermont,Ensemble
2026-04-25,50,1,wk inc flu hosp,2026-05-02,quantile,0.15,0,Vermont,Ensemble
2026-04-25,50,1,wk inc flu hosp,2026-05-02,quantile,0.2,0,Vermont,Ensemble
2026-04-25,50,1,wk inc flu hosp,2026-05-02,quantile,0.25,0,Vermont,Ensemble
2026-04-25,50,1,wk inc flu hosp,2026-05-02,quantile,0.3,0,Vermont,Ensemble
2026-04-25,50,1,wk inc flu hosp,2026-05-02,quantile,0.35,1,Vermont,Ensemble
2026-04-25,50,1,wk inc flu hosp,2026-05-02,quantile,0.4,1,Vermont,Ensemble
2026-04-25,50,1,wk inc flu hosp,2026-05-02,quantile,0.45,1,Vermont,Ensemble
2026-04-25,50,1,wk inc flu hosp,2026-05-02,quantile,0.5,2,Vermont,Ensemble
2026-04-25,50,1,wk inc flu hosp,2026-05-02,quantile,0.55,3,Vermont,Ensemble
2026-04-25,50,1,wk inc flu hosp,2026-05-02,quantile,0.6,3,Vermont,Ensemble
2026-04-25,50,1,wk inc flu hosp,2026-05-02,quantile,0.65,4,Vermont,Ensemble
2026-04-25,50,1,wk inc flu hosp,2026-05-02,quantile,0.7,4,Vermont,Ensemble
2026-04-25,50,1,wk inc flu hosp,2026-05-02,quantile,0.75,5,Vermont,Ensemble
2026-04-25,50,1,wk inc flu hosp,2026-05-02,quantile,0.8,5,Vermont,Ensemble
2026-04-25,50,1,wk inc flu hosp,2026-05-02,quantile,0.85,6,Vermont,Ensemble
2026-04-25,50,1,wk inc flu hosp,2026-05-02,quantile,0.9,8,Vermont,Ensemble
2026-04-25,50,1,wk inc flu hosp,2026-05-02,quantile,0.95,10,Vermont,Ensemble
2026-04-25,50,1,wk inc flu hosp,2026-05-02,quantile,0.975,13,Vermont,Ensemble
2026-04-25,50,1,wk inc flu hosp,2026-05-02,quantile,0.99,16,Vermont,Ensemble
2026-04-25,50,2,wk inc flu hosp,2026-05-09,quantile,0.01,0,Vermont,Ensemble
2026-04-25,50,2,wk inc flu hosp,2026-05-09,quantile,0.025,0,Vermont,Ensemble
2026-04-25,50,2,wk inc flu hosp,2026-05-09,quantile,0.05,0,Vermont,Ensemble
2026-04-25,50,2,wk inc flu hosp,2026-05-09,quantile,0.1,0,Vermont,Ensemble
2026-04-25,50,2,wk inc flu hosp,2026-05-09,quantile,0.15,0,Vermont,Ensemble
2026-04-25,50,2,wk inc flu hosp,2026-05-09,quantile,0.2,0,Vermont,Ensemble
2026-04-25,50,2,wk inc flu hosp,2026-05-09,quantile,0.25,0,Vermont,Ensemble
2026-04-25,50,2,wk inc flu hosp,2026-05-09,quantile,0.3,0,Vermont,Ensemble
2026-04-25,50,2,wk inc flu hosp,2026-05-09,quantile,0.35,0,Vermont,Ensemble
2026-04-25,50,2,wk inc flu hosp,2026-05-09,quantile,0.4,1,Vermont,Ensemble
2026-04-25,50,2,wk inc flu hosp,2026-05-09,quantile,0.45,1,Vermont,Ensemble
2026-04-25,50,2,wk inc flu hosp,2026-05-09,quantile,0.5,2,Vermont,Ensemble
2026-04-25,50,2,wk inc flu hosp,2026-05-09,quantile,0.55,3,Vermont,Ensemble
2026-04-25,50,2,wk inc flu hosp,2026-05-09,quantile,0.6,3,Vermont,Ensemble
2026-04-25,50,2,wk inc flu hosp,2026-05-09,quantile,0.65,3,Vermont,Ensemble
2026-04-25,50,2,wk inc flu hosp,2026-05-09,quantile,0.7,4,Vermont,Ensemble
2026-04-25,50,2,wk inc flu hosp,2026-05-09,quantile,0.75,5,Vermont,Ensemble
2026-04-25,50,2,wk inc flu hosp,2026-05-09,quantile,0.8,5,Vermont,Ensemble
2026-04-25,50,2,wk inc flu hosp,2026-05-09,quantile,0.85,6,Vermont,Ensemble
2026-04-25,50,2,wk inc flu hosp,2026-05-09,quantile,0.9,8,Vermont,Ensemble
2026-04-25,50,2,wk inc flu hosp,2026-05-09,quantile,0.95,11,Vermont,Ensemble
2026-04-25,50,2,wk inc flu hosp,2026-05-09,quantile,0.975,13,Vermont,Ensemble
2026-04-25,50,2,wk inc flu hosp,2026-05-09,quantile,0.99,17,Vermont,Ensemble
2026-04-25,50,3,wk inc flu hosp,2026-05-16,quantile,0.01,0,Vermont,Ensemble
2026-04-25,50,3,wk inc flu hosp,2026-05-16,quantile,0.025,0,Vermont,Ensemble
2026-04-25,50,3,wk inc flu hosp,2026-05-16,quantile,0.05,0,Vermont,Ensemble
2026-04-25,50,3,wk inc flu hosp,2026-05-16,quantile,0.1,0,Vermont,Ensemble
2026-04-25,50,3,wk inc flu hosp,2026-05-16,quantile,0.15,0,Vermont,Ensemble
2026-04-25,50,3,wk inc flu hosp,2026-05-16,quantile,0.2,0,Vermont,Ensemble
2026-04-25,50,3,wk inc flu hosp,2026-05-16,quantile,0.25,0,Vermont,Ensemble
2026-04-25,50,3,wk inc flu hosp,2026-05-16,quantile,0.3,0,Vermont,Ensemble
2026-04-25,50,3,wk inc flu hosp,2026-05-16,quantile,0.35,0,Vermont,Ensemble
2026-04-25,50,3,wk inc flu hosp,2026-05-16,quantile,0.4,0,Vermont,Ensemble
2026-04-25,50,3,wk inc flu hosp,2026-05-16,quantile,0.45,1,Vermont,Ensemble
2026-04-25,50,3,wk inc flu hosp,2026-05-16,quantile,0.5,2,Vermont,Ensemble
2026-04-25,50,3,wk inc flu hosp,2026-05-16,quantile,0.55,2,Vermont,Ensemble
2026-04-25,50,3,wk inc flu hosp,2026-05-16,quantile,0.6,3,Vermont,Ensemble
2026-04-25,50,3,wk inc flu hosp,2026-05-16,quantile,0.65,3,Vermont,Ensemble
2026-04-25,50,3,wk inc flu hosp,2026-05-16,quantile,0.7,4,Vermont,Ensemble
2026-04-25,50,3,wk inc flu hosp,2026-05-16,quantile,0.75,4,Vermont,Ensemble
2026-04-25,50,3,wk inc flu hosp,2026-05-16,quantile,0.8,5,Vermont,Ensemble
2026-04-25,50,3,wk inc flu hosp,2026-05-16,quantile,0.85,6,Vermont,Ensemble
2026-04-25,50,3,wk inc flu hosp,2026-05-16,quantile,0.9,8,Vermont,Ensemble
2026-04-25,50,3,wk inc flu hosp,2026-05-16,quantile,0.95,11,Vermont,Ensemble
2026-04-25,50,3,wk inc flu hosp,2026-05-16,quantile,0.975,14,Vermont,Ensemble
2026-04-25,50,3,wk inc flu hosp,2026-05-16,quantile,0.99,19,Vermont,Ensemble
2026-04-25,51,0,wk inc flu hosp,2026-04-25,quantile,0.01,1,Virginia,Ensemble
2026-04-25,51,0,wk inc flu hosp,2026-04-25,quantile,0.025,2,Virginia,Ensemble
2026-04-25,51,0,wk inc flu hosp,2026-04-25,quantile,0.05,3,Virginia,Ensemble
2026-04-25,51,0,wk inc flu hosp,2026-04-25,quantile,0.1,4,Virginia,Ensemble
2026-04-25,51,0,wk inc flu hosp,2026-04-25,quantile,0.15,5,Virginia,Ensemble
2026-04-25,51,0,wk inc flu hosp,2026-04-25,quantile,0.2,5,Virginia,Ensemble
2026-04-25,51,0,wk inc flu hosp,2026-04-25,quantile,0.25,6,Virginia,Ensemble
2026-04-25,51,0,wk inc flu hosp,2026-04-25,quantile,0.3,7,Virginia,Ensemble
2026-04-25,51,0,wk inc flu hosp,2026-04-25,quantile,0.35,8,Virginia,Ensemble
2026-04-25,51,0,wk inc flu hosp,2026-04-25,quantile,0.4,9,Virginia,Ensemble
2026-04-25,51,0,wk inc flu hosp,2026-04-25,quantile,0.45,11,Virginia,Ensemble
2026-04-25,51,0,wk inc flu hosp,2026-04-25,quantile,0.5,14,Virginia,Ensemble
2026-04-25,51,0,wk inc flu hosp,2026-04-25,quantile,0.55,15,Virginia,Ensemble
2026-04-25,51,0,wk inc flu hosp,2026-04-25,quantile,0.6,18,Virginia,Ensemble
2026-04-25,51,0,wk inc flu hosp,2026-04-25,quantile,0.65,20,Virginia,Ensemble
2026-04-25,51,0,wk inc flu hosp,2026-04-25,quantile,0.7,22,Virginia,Ensemble
2026-04-25,51,0,wk inc flu hosp,2026-04-25,quantile,0.75,24,Virginia,Ensemble
2026-04-25,51,0,wk inc flu hosp,2026-04-25,quantile,0.8,27,Virginia,Ensemble
2026-04-25,51,0,wk inc flu hosp,2026-04-25,quantile,0.85,30,Virginia,Ensemble
2026-04-25,51,0,wk inc flu hosp,2026-04-25,quantile,0.9,36,Virginia,Ensemble
2026-04-25,51,0,wk inc flu hosp,2026-04-25,quantile,0.95,50,Virginia,Ensemble
2026-04-25,51,0,wk inc flu hosp,2026-04-25,quantile,0.975,58,Virginia,Ensemble
2026-04-25,51,0,wk inc flu hosp,2026-04-25,quantile,0.99,69,Virginia,Ensemble
2026-04-25,51,1,wk inc flu hosp,2026-05-02,quantile,0.01,1,Virginia,Ensemble
2026-04-25,51,1,wk inc flu hosp,2026-05-02,quantile,0.025,1,Virginia,Ensemble
2026-04-25,51,1,wk inc flu hosp,2026-05-02,quantile,0.05,2,Virginia,Ensemble
2026-04-25,51,1,wk inc flu hosp,2026-05-02,quantile,0.1,3,Virginia,Ensemble
2026-04-25,51,1,wk inc flu hosp,2026-05-02,quantile,0.15,4,Virginia,Ensemble
2026-04-25,51,1,wk inc flu hosp,2026-05-02,quantile,0.2,4,Virginia,Ensemble
2026-04-25,51,1,wk inc flu hosp,2026-05-02,quantile,0.25,5,Virginia,Ensemble
2026-04-25,51,1,wk inc flu hosp,2026-05-02,quantile,0.3,6,Virginia,Ensemble
2026-04-25,51,1,wk inc flu hosp,2026-05-02,quantile,0.35,7,Virginia,Ensemble
2026-04-25,51,1,wk inc flu hosp,2026-05-02,quantile,0.4,8,Virginia,Ensemble
2026-04-25,51,1,wk inc flu hosp,2026-05-02,quantile,0.45,9,Virginia,Ensemble
2026-04-25,51,1,wk inc flu hosp,2026-05-02,quantile,0.5,13,Virginia,Ensemble
2026-04-25,51,1,wk inc flu hosp,2026-05-02,quantile,0.55,15,Virginia,Ensemble
2026-04-25,51,1,wk inc flu hosp,2026-05-02,quantile,0.6,17,Virginia,Ensemble
2026-04-25,51,1,wk inc flu hosp,2026-05-02,quantile,0.65,19,Virginia,Ensemble
2026-04-25,51,1,wk inc flu hosp,2026-05-02,quantile,0.7,22,Virginia,Ensemble
2026-04-25,51,1,wk inc flu hosp,2026-05-02,quantile,0.75,25,Virginia,Ensemble
2026-04-25,51,1,wk inc flu hosp,2026-05-02,quantile,0.8,28,Virginia,Ensemble
2026-04-25,51,1,wk inc flu hosp,2026-05-02,quantile,0.85,43,Virginia,Ensemble
2026-04-25,51,1,wk inc flu hosp,2026-05-02,quantile,0.9,50,Virginia,Ensemble
2026-04-25,51,1,wk inc flu hosp,2026-05-02,quantile,0.95,66,Virginia,Ensemble
2026-04-25,51,1,wk inc flu hosp,2026-05-02,quantile,0.975,77,Virginia,Ensemble
2026-04-25,51,1,wk inc flu hosp,2026-05-02,quantile,0.99,91,Virginia,Ensemble
2026-04-25,51,2,wk inc flu hosp,2026-05-09,quantile,0.01,1,Virginia,Ensemble
2026-04-25,51,2,wk inc flu hosp,2026-05-09,quantile,0.025,1,Virginia,Ensemble
2026-04-25,51,2,wk inc flu hosp,2026-05-09,quantile,0.05,2,Virginia,Ensemble
2026-04-25,51,2,wk inc flu hosp,2026-05-09,quantile,0.1,2,Virginia,Ensemble
2026-04-25,51,2,wk inc flu hosp,2026-05-09,quantile,0.15,3,Virginia,Ensemble
2026-04-25,51,2,wk inc flu hosp,2026-05-09,quantile,0.2,4,Virginia,Ensemble
2026-04-25,51,2,wk inc flu hosp,2026-05-09,quantile,0.25,4,Virginia,Ensemble
2026-04-25,51,2,wk inc flu hosp,2026-05-09,quantile,0.3,5,Virginia,Ensemble
2026-04-25,51,2,wk inc flu hosp,2026-05-09,quantile,0.35,6,Virginia,Ensemble
2026-04-25,51,2,wk inc flu hosp,2026-05-09,quantile,0.4,7,Virginia,Ensemble
2026-04-25,51,2,wk inc flu hosp,2026-05-09,quantile,0.45,8,Virginia,Ensemble
2026-04-25,51,2,wk inc flu hosp,2026-05-09,quantile,0.5,11,Virginia,Ensemble
2026-04-25,51,2,wk inc flu hosp,2026-05-09,quantile,0.55,14,Virginia,Ensemble
2026-04-25,51,2,wk inc flu hosp,2026-05-09,quantile,0.6,16,Virginia,Ensemble
2026-04-25,51,2,wk inc flu hosp,2026-05-09,quantile,0.65,19,Virginia,Ensemble
2026-04-25,51,2,wk inc flu hosp,2026-05-09,quantile,0.7,23,Virginia,Ensemble
2026-04-25,51,2,wk inc flu hosp,2026-05-09,quantile,0.75,26,Virginia,Ensemble
2026-04-25,51,2,wk inc flu hosp,2026-05-09,quantile,0.8,30,Virginia,Ensemble
2026-04-25,51,2,wk inc flu hosp,2026-05-09,quantile,0.85,35,Virginia,Ensemble
2026-04-25,51,2,wk inc flu hosp,2026-05-09,quantile,0.9,56,Virginia,Ensemble
2026-04-25,51,2,wk inc flu hosp,2026-05-09,quantile,0.95,79,Virginia,Ensemble
2026-04-25,51,2,wk inc flu hosp,2026-05-09,quantile,0.975,92,Virginia,Ensemble
2026-04-25,51,2,wk inc flu hosp,2026-05-09,quantile,0.99,113,Virginia,Ensemble
2026-04-25,51,3,wk inc flu hosp,2026-05-16,quantile,0.01,1,Virginia,Ensemble
2026-04-25,51,3,wk inc flu hosp,2026-05-16,quantile,0.025,1,Virginia,Ensemble
2026-04-25,51,3,wk inc flu hosp,2026-05-16,quantile,0.05,1,Virginia,Ensemble
2026-04-25,51,3,wk inc flu hosp,2026-05-16,quantile,0.1,2,Virginia,Ensemble
2026-04-25,51,3,wk inc flu hosp,2026-05-16,quantile,0.15,2,Virginia,Ensemble
2026-04-25,51,3,wk inc flu hosp,2026-05-16,quantile,0.2,3,Virginia,Ensemble
2026-04-25,51,3,wk inc flu hosp,2026-05-16,quantile,0.25,4,Virginia,Ensemble
2026-04-25,51,3,wk inc flu hosp,2026-05-16,quantile,0.3,4,Virginia,Ensemble
2026-04-25,51,3,wk inc flu hosp,2026-05-16,quantile,0.35,5,Virginia,Ensemble
2026-04-25,51,3,wk inc flu hosp,2026-05-16,quantile,0.4,6,Virginia,Ensemble
2026-04-25,51,3,wk inc flu hosp,2026-05-16,quantile,0.45,7,Virginia,Ensemble
2026-04-25,51,3,wk inc flu hosp,2026-05-16,quantile,0.5,10,Virginia,Ensemble
2026-04-25,51,3,wk inc flu hosp,2026-05-16,quantile,0.55,12,Virginia,Ensemble
2026-04-25,51,3,wk inc flu hosp,2026-05-16,quantile,0.6,17,Virginia,Ensemble
2026-04-25,51,3,wk inc flu hosp,2026-05-16,quantile,0.65,19,Virginia,Ensemble
2026-04-25,51,3,wk inc flu hosp,2026-05-16,quantile,0.7,23,Virginia,Ensemble
2026-04-25,51,3,wk inc flu hosp,2026-05-16,quantile,0.75,28,Virginia,Ensemble
2026-04-25,51,3,wk inc flu hosp,2026-05-16,quantile,0.8,32,Virginia,Ensemble
2026-04-25,51,3,wk inc flu hosp,2026-05-16,quantile,0.85,42,Virginia,Ensemble
2026-04-25,51,3,wk inc flu hosp,2026-05-16,quantile,0.9,52,Virginia,Ensemble
2026-04-25,51,3,wk inc flu hosp,2026-05-16,quantile,0.95,76,Virginia,Ensemble
2026-04-25,51,3,wk inc flu hosp,2026-05-16,quantile,0.975,97,Virginia,Ensemble
2026-04-25,51,3,wk inc flu hosp,2026-05-16,quantile,0.99,119,Virginia,Ensemble
2026-04-25,53,0,wk inc flu hosp,2026-04-25,quantile,0.01,7,Washington,Ensemble
2026-04-25,53,0,wk inc flu hosp,2026-04-25,quantile,0.025,9,Washington,Ensemble
2026-04-25,53,0,wk inc flu hosp,2026-04-25,quantile,0.05,11,Washington,Ensemble
2026-04-25,53,0,wk inc flu hosp,2026-04-25,quantile,0.1,14,Washington,Ensemble
2026-04-25,53,0,wk inc flu hosp,2026-04-25,quantile,0.15,17,Washington,Ensemble
2026-04-25,53,0,wk inc flu hosp,2026-04-25,quantile,0.2,19,Washington,Ensemble
2026-04-25,53,0,wk inc flu hosp,2026-04-25,quantile,0.25,21,Washington,Ensemble
2026-04-25,53,0,wk inc flu hosp,2026-04-25,quantile,0.3,23,Washington,Ensemble
2026-04-25,53,0,wk inc flu hosp,2026-04-25,quantile,0.35,25,Washington,Ensemble
2026-04-25,53,0,wk inc flu hosp,2026-04-25,quantile,0.4,27,Washington,Ensemble
2026-04-25,53,0,wk inc flu hosp,2026-04-25,quantile,0.45,29,Washington,Ensemble
2026-04-25,53,0,wk inc flu hosp,2026-04-25,quantile,0.5,32,Washington,Ensemble
2026-04-25,53,0,wk inc flu hosp,2026-04-25,quantile,0.55,33,Washington,Ensemble
2026-04-25,53,0,wk inc flu hosp,2026-04-25,quantile,0.6,35,Washington,Ensemble
2026-04-25,53,0,wk inc flu hosp,2026-04-25,quantile,0.65,37,Washington,Ensemble
2026-04-25,53,0,wk inc flu hosp,2026-04-25,quantile,0.7,40,Washington,Ensemble
2026-04-25,53,0,wk inc flu hosp,2026-04-25,quantile,0.75,42,Washington,Ensemble
2026-04-25,53,0,wk inc flu hosp,2026-04-25,quantile,0.8,45,Washington,Ensemble
2026-04-25,53,0,wk inc flu hosp,2026-04-25,quantile,0.85,49,Washington,Ensemble
2026-04-25,53,0,wk inc flu hosp,2026-04-25,quantile,0.9,55,Washington,Ensemble
2026-04-25,53,0,wk inc flu hosp,2026-04-25,quantile,0.95,63,Washington,Ensemble
2026-04-25,53,0,wk inc flu hosp,2026-04-25,quantile,0.975,71,Washington,Ensemble
2026-04-25,53,0,wk inc flu hosp,2026-04-25,quantile,0.99,85,Washington,Ensemble
2026-04-25,53,1,wk inc flu hosp,2026-05-02,quantile,0.01,4,Washington,Ensemble
2026-04-25,53,1,wk inc flu hosp,2026-05-02,quantile,0.025,6,Washington,Ensemble
2026-04-25,53,1,wk inc flu hosp,2026-05-02,quantile,0.05,8,Washington,Ensemble
2026-04-25,53,1,wk inc flu hosp,2026-05-02,quantile,0.1,10,Washington,Ensemble
2026-04-25,53,1,wk inc flu hosp,2026-05-02,quantile,0.15,12,Washington,Ensemble
2026-04-25,53,1,wk inc flu hosp,2026-05-02,quantile,0.2,14,Washington,Ensemble
2026-04-25,53,1,wk inc flu hosp,2026-05-02,quantile,0.25,16,Washington,Ensemble
2026-04-25,53,1,wk inc flu hosp,2026-05-02,quantile,0.3,18,Washington,Ensemble
2026-04-25,53,1,wk inc flu hosp,2026-05-02,quantile,0.35,20,Washington,Ensemble
2026-04-25,53,1,wk inc flu hosp,2026-05-02,quantile,0.4,22,Washington,Ensemble
2026-04-25,53,1,wk inc flu hosp,2026-05-02,quantile,0.45,24,Washington,Ensemble
2026-04-25,53,1,wk inc flu hosp,2026-05-02,quantile,0.5,27,Washington,Ensemble
2026-04-25,53,1,wk inc flu hosp,2026-05-02,quantile,0.55,29,Washington,Ensemble
2026-04-25,53,1,wk inc flu hosp,2026-05-02,quantile,0.6,32,Washington,Ensemble
2026-04-25,53,1,wk inc flu hosp,2026-05-02,quantile,0.65,34,Washington,Ensemble
2026-04-25,53,1,wk inc flu hosp,2026-05-02,quantile,0.7,37,Washington,Ensemble
2026-04-25,53,1,wk inc flu hosp,2026-05-02,quantile,0.75,40,Washington,Ensemble
2026-04-25,53,1,wk inc flu hosp,2026-05-02,quantile,0.8,43,Washington,Ensemble
2026-04-25,53,1,wk inc flu hosp,2026-05-02,quantile,0.85,48,Washington,Ensemble
2026-04-25,53,1,wk inc flu hosp,2026-05-02,quantile,0.9,57,Washington,Ensemble
2026-04-25,53,1,wk inc flu hosp,2026-05-02,quantile,0.95,68,Washington,Ensemble
2026-04-25,53,1,wk inc flu hosp,2026-05-02,quantile,0.975,80,Washington,Ensemble
2026-04-25,53,1,wk inc flu hosp,2026-05-02,quantile,0.99,94,Washington,Ensemble
2026-04-25,53,2,wk inc flu hosp,2026-05-09,quantile,0.01,3,Washington,Ensemble
2026-04-25,53,2,wk inc flu hosp,2026-05-09,quantile,0.025,4,Washington,Ensemble
2026-04-25,53,2,wk inc flu hosp,2026-05-09,quantile,0.05,5,Washington,Ensemble
2026-04-25,53,2,wk inc flu hosp,2026-05-09,quantile,0.1,7,Washington,Ensemble
2026-04-25,53,2,wk inc flu hosp,2026-05-09,quantile,0.15,9,Washington,Ensemble
2026-04-25,53,2,wk inc flu hosp,2026-05-09,quantile,0.2,11,Washington,Ensemble
2026-04-25,53,2,wk inc flu hosp,2026-05-09,quantile,0.25,13,Washington,Ensemble
2026-04-25,53,2,wk inc flu hosp,2026-05-09,quantile,0.3,15,Washington,Ensemble
2026-04-25,53,2,wk inc flu hosp,2026-05-09,quantile,0.35,16,Washington,Ensemble
2026-04-25,53,2,wk inc flu hosp,2026-05-09,quantile,0.4,18,Washington,Ensemble
2026-04-25,53,2,wk inc flu hosp,2026-05-09,quantile,0.45,20,Washington,Ensemble
2026-04-25,53,2,wk inc flu hosp,2026-05-09,quantile,0.5,24,Washington,Ensemble
2026-04-25,53,2,wk inc flu hosp,2026-05-09,quantile,0.55,26,Washington,Ensemble
2026-04-25,53,2,wk inc flu hosp,2026-05-09,quantile,0.6,29,Washington,Ensemble
2026-04-25,53,2,wk inc flu hosp,2026-05-09,quantile,0.65,32,Washington,Ensemble
2026-04-25,53,2,wk inc flu hosp,2026-05-09,quantile,0.7,35,Washington,Ensemble
2026-04-25,53,2,wk inc flu hosp,2026-05-09,quantile,0.75,38,Washington,Ensemble
2026-04-25,53,2,wk inc flu hosp,2026-05-09,quantile,0.8,42,Washington,Ensemble
2026-04-25,53,2,wk inc flu hosp,2026-05-09,quantile,0.85,47,Washington,Ensemble
2026-04-25,53,2,wk inc flu hosp,2026-05-09,quantile,0.9,60,Washington,Ensemble
2026-04-25,53,2,wk inc flu hosp,2026-05-09,quantile,0.95,74,Washington,Ensemble
2026-04-25,53,2,wk inc flu hosp,2026-05-09,quantile,0.975,87,Washington,Ensemble
2026-04-25,53,2,wk inc flu hosp,2026-05-09,quantile,0.99,105,Washington,Ensemble
2026-04-25,53,3,wk inc flu hosp,2026-05-16,quantile,0.01,2,Washington,Ensemble
2026-04-25,53,3,wk inc flu hosp,2026-05-16,quantile,0.025,3,Washington,Ensemble
2026-04-25,53,3,wk inc flu hosp,2026-05-16,quantile,0.05,4,Washington,Ensemble
2026-04-25,53,3,wk inc flu hosp,2026-05-16,quantile,0.1,6,Washington,Ensemble
2026-04-25,53,3,wk inc flu hosp,2026-05-16,quantile,0.15,7,Washington,Ensemble
2026-04-25,53,3,wk inc flu hosp,2026-05-16,quantile,0.2,9,Washington,Ensemble
2026-04-25,53,3,wk inc flu hosp,2026-05-16,quantile,0.25,11,Washington,Ensemble
2026-04-25,53,3,wk inc flu hosp,2026-05-16,quantile,0.3,13,Washington,Ensemble
2026-04-25,53,3,wk inc flu hosp,2026-05-16,quantile,0.35,15,Washington,Ensemble
2026-04-25,53,3,wk inc flu hosp,2026-05-16,quantile,0.4,16,Washington,Ensemble
2026-04-25,53,3,wk inc flu hosp,2026-05-16,quantile,0.45,18,Washington,Ensemble
2026-04-25,53,3,wk inc flu hosp,2026-05-16,quantile,0.5,22,Washington,Ensemble
2026-04-25,53,3,wk inc flu hosp,2026-05-16,quantile,0.55,25,Washington,Ensemble
2026-04-25,53,3,wk inc flu hosp,2026-05-16,quantile,0.6,27,Washington,Ensemble
2026-04-25,53,3,wk inc flu hosp,2026-05-16,quantile,0.65,30,Washington,Ensemble
2026-04-25,53,3,wk inc flu hosp,2026-05-16,quantile,0.7,33,Washington,Ensemble
2026-04-25,53,3,wk inc flu hosp,2026-05-16,quantile,0.75,38,Washington,Ensemble
2026-04-25,53,3,wk inc flu hosp,2026-05-16,quantile,0.8,43,Washington,Ensemble
2026-04-25,53,3,wk inc flu hosp,2026-05-16,quantile,0.85,51,Washington,Ensemble
2026-04-25,53,3,wk inc flu hosp,2026-05-16,quantile,0.9,59,Washington,Ensemble
2026-04-25,53,3,wk inc flu hosp,2026-05-16,quantile,0.95,78,Washington,Ensemble
2026-04-25,53,3,wk inc flu hosp,2026-05-16,quantile,0.975,92,Washington,Ensemble
2026-04-25,53,3,wk inc flu hosp,2026-05-16,quantile,0.99,113,Washington,Ensemble
2026-04-25,54,0,wk inc flu hosp,2026-04-25,quantile,0.01,2,West Virginia,Ensemble
2026-04-25,54,0,wk inc flu hosp,2026-04-25,quantile,0.025,3,West Virginia,Ensemble
2026-04-25,54,0,wk inc flu hosp,2026-04-25,quantile,0.05,4,West Virginia,Ensemble
2026-04-25,54,0,wk inc flu hosp,2026-04-25,quantile,0.1,5,West Virginia,Ensemble
2026-04-25,54,0,wk inc flu hosp,2026-04-25,quantile,0.15,7,West Virginia,Ensemble
2026-04-25,54,0,wk inc flu hosp,2026-04-25,quantile,0.2,8,West Virginia,Ensemble
2026-04-25,54,0,wk inc flu hosp,2026-04-25,quantile,0.25,9,West Virginia,Ensemble
2026-04-25,54,0,wk inc flu hosp,2026-04-25,quantile,0.3,11,West Virginia,Ensemble
2026-04-25,54,0,wk inc flu hosp,2026-04-25,quantile,0.35,12,West Virginia,Ensemble
2026-04-25,54,0,wk inc flu hosp,2026-04-25,quantile,0.4,13,West Virginia,Ensemble
2026-04-25,54,0,wk inc flu hosp,2026-04-25,quantile,0.45,15,West Virginia,Ensemble
2026-04-25,54,0,wk inc flu hosp,2026-04-25,quantile,0.5,17,West Virginia,Ensemble
2026-04-25,54,0,wk inc flu hosp,2026-04-25,quantile,0.55,19,West Virginia,Ensemble
2026-04-25,54,0,wk inc flu hosp,2026-04-25,quantile,0.6,21,West Virginia,Ensemble
2026-04-25,54,0,wk inc flu hosp,2026-04-25,quantile,0.65,22,West Virginia,Ensemble
2026-04-25,54,0,wk inc flu hosp,2026-04-25,quantile,0.7,24,West Virginia,Ensemble
2026-04-25,54,0,wk inc flu hosp,2026-04-25,quantile,0.75,26,West Virginia,Ensemble
2026-04-25,54,0,wk inc flu hosp,2026-04-25,quantile,0.8,28,West Virginia,Ensemble
2026-04-25,54,0,wk inc flu hosp,2026-04-25,quantile,0.85,33,West Virginia,Ensemble
2026-04-25,54,0,wk inc flu hosp,2026-04-25,quantile,0.9,37,West Virginia,Ensemble
2026-04-25,54,0,wk inc flu hosp,2026-04-25,quantile,0.95,44,West Virginia,Ensemble
2026-04-25,54,0,wk inc flu hosp,2026-04-25,quantile,0.975,51,West Virginia,Ensemble
2026-04-25,54,0,wk inc flu hosp,2026-04-25,quantile,0.99,62,West Virginia,Ensemble
2026-04-25,54,1,wk inc flu hosp,2026-05-02,quantile,0.01,1,West Virginia,Ensemble
2026-04-25,54,1,wk inc flu hosp,2026-05-02,quantile,0.025,1,West Virginia,Ensemble
2026-04-25,54,1,wk inc flu hosp,2026-05-02,quantile,0.05,2,West Virginia,Ensemble
2026-04-25,54,1,wk inc flu hosp,2026-05-02,quantile,0.1,3,West Virginia,Ensemble
2026-04-25,54,1,wk inc flu hosp,2026-05-02,quantile,0.15,4,West Virginia,Ensemble
2026-04-25,54,1,wk inc flu hosp,2026-05-02,quantile,0.2,5,West Virginia,Ensemble
2026-04-25,54,1,wk inc flu hosp,2026-05-02,quantile,0.25,7,West Virginia,Ensemble
2026-04-25,54,1,wk inc flu hosp,2026-05-02,quantile,0.3,8,West Virginia,Ensemble
2026-04-25,54,1,wk inc flu hosp,2026-05-02,quantile,0.35,9,West Virginia,Ensemble
2026-04-25,54,1,wk inc flu hosp,2026-05-02,quantile,0.4,11,West Virginia,Ensemble
2026-04-25,54,1,wk inc flu hosp,2026-05-02,quantile,0.45,12,West Virginia,Ensemble
2026-04-25,54,1,wk inc flu hosp,2026-05-02,quantile,0.5,15,West Virginia,Ensemble
2026-04-25,54,1,wk inc flu hosp,2026-05-02,quantile,0.55,17,West Virginia,Ensemble
2026-04-25,54,1,wk inc flu hosp,2026-05-02,quantile,0.6,18,West Virginia,Ensemble
2026-04-25,54,1,wk inc flu hosp,2026-05-02,quantile,0.65,20,West Virginia,Ensemble
2026-04-25,54,1,wk inc flu hosp,2026-05-02,quantile,0.7,22,West Virginia,Ensemble
2026-04-25,54,1,wk inc flu hosp,2026-05-02,quantile,0.75,25,West Virginia,Ensemble
2026-04-25,54,1,wk inc flu hosp,2026-05-02,quantile,0.8,27,West Virginia,Ensemble
2026-04-25,54,1,wk inc flu hosp,2026-05-02,quantile,0.85,33,West Virginia,Ensemble
2026-04-25,54,1,wk inc flu hosp,2026-05-02,quantile,0.9,40,West Virginia,Ensemble
2026-04-25,54,1,wk inc flu hosp,2026-05-02,quantile,0.95,51,West Virginia,Ensemble
2026-04-25,54,1,wk inc flu hosp,2026-05-02,quantile,0.975,60,West Virginia,Ensemble
2026-04-25,54,1,wk inc flu hosp,2026-05-02,quantile,0.99,74,West Virginia,Ensemble
2026-04-25,54,2,wk inc flu hosp,2026-05-09,quantile,0.01,1,West Virginia,Ensemble
2026-04-25,54,2,wk inc flu hosp,2026-05-09,quantile,0.025,1,West Virginia,Ensemble
2026-04-25,54,2,wk inc flu hosp,2026-05-09,quantile,0.05,1,West Virginia,Ensemble
2026-04-25,54,2,wk inc flu hosp,2026-05-09,quantile,0.1,2,West Virginia,Ensemble
2026-04-25,54,2,wk inc flu hosp,2026-05-09,quantile,0.15,3,West Virginia,Ensemble
2026-04-25,54,2,wk inc flu hosp,2026-05-09,quantile,0.2,4,West Virginia,Ensemble
2026-04-25,54,2,wk inc flu hosp,2026-05-09,quantile,0.25,4,West Virginia,Ensemble
2026-04-25,54,2,wk inc flu hosp,2026-05-09,quantile,0.3,6,West Virginia,Ensemble
2026-04-25,54,2,wk inc flu hosp,2026-05-09,quantile,0.35,7,West Virginia,Ensemble
2026-04-25,54,2,wk inc flu hosp,2026-05-09,quantile,0.4,8,West Virginia,Ensemble
2026-04-25,54,2,wk inc flu hosp,2026-05-09,quantile,0.45,10,West Virginia,Ensemble
2026-04-25,54,2,wk inc flu hosp,2026-05-09,quantile,0.5,13,West Virginia,Ensemble
2026-04-25,54,2,wk inc flu hosp,2026-05-09,quantile,0.55,15,West Virginia,Ensemble
2026-04-25,54,2,wk inc flu hosp,2026-05-09,quantile,0.6,17,West Virginia,Ensemble
2026-04-25,54,2,wk inc flu hosp,2026-05-09,quantile,0.65,19,West Virginia,Ensemble
2026-04-25,54,2,wk inc flu hosp,2026-05-09,quantile,0.7,22,West Virginia,Ensemble
2026-04-25,54,2,wk inc flu hosp,2026-05-09,quantile,0.75,24,West Virginia,Ensemble
2026-04-25,54,2,wk inc flu hosp,2026-05-09,quantile,0.8,27,West Virginia,Ensemble
2026-04-25,54,2,wk inc flu hosp,2026-05-09,quantile,0.85,32,West Virginia,Ensemble
2026-04-25,54,2,wk inc flu hosp,2026-05-09,quantile,0.9,41,West Virginia,Ensemble
2026-04-25,54,2,wk inc flu hosp,2026-05-09,quantile,0.95,54,West Virginia,Ensemble
2026-04-25,54,2,wk inc flu hosp,2026-05-09,quantile,0.975,66,West Virginia,Ensemble
2026-04-25,54,2,wk inc flu hosp,2026-05-09,quantile,0.99,80,West Virginia,Ensemble
2026-04-25,54,3,wk inc flu hosp,2026-05-16,quantile,0.01,0,West Virginia,Ensemble
2026-04-25,54,3,wk inc flu hosp,2026-05-16,quantile,0.025,0,West Virginia,Ensemble
2026-04-25,54,3,wk inc flu hosp,2026-05-16,quantile,0.05,1,West Virginia,Ensemble
2026-04-25,54,3,wk inc flu hosp,2026-05-16,quantile,0.1,1,West Virginia,Ensemble
2026-04-25,54,3,wk inc flu hosp,2026-05-16,quantile,0.15,2,West Virginia,Ensemble
2026-04-25,54,3,wk inc flu hosp,2026-05-16,quantile,0.2,3,West Virginia,Ensemble
2026-04-25,54,3,wk inc flu hosp,2026-05-16,quantile,0.25,3,West Virginia,Ensemble
2026-04-25,54,3,wk inc flu hosp,2026-05-16,quantile,0.3,4,West Virginia,Ensemble
2026-04-25,54,3,wk inc flu hosp,2026-05-16,quantile,0.35,5,West Virginia,Ensemble
2026-04-25,54,3,wk inc flu hosp,2026-05-16,quantile,0.4,7,West Virginia,Ensemble
2026-04-25,54,3,wk inc flu hosp,2026-05-16,quantile,0.45,8,West Virginia,Ensemble
2026-04-25,54,3,wk inc flu hosp,2026-05-16,quantile,0.5,11,West Virginia,Ensemble
2026-04-25,54,3,wk inc flu hosp,2026-05-16,quantile,0.55,13,West Virginia,Ensemble
2026-04-25,54,3,wk inc flu hosp,2026-05-16,quantile,0.6,15,West Virginia,Ensemble
2026-04-25,54,3,wk inc flu hosp,2026-05-16,quantile,0.65,18,West Virginia,Ensemble
2026-04-25,54,3,wk inc flu hosp,2026-05-16,quantile,0.7,20,West Virginia,Ensemble
2026-04-25,54,3,wk inc flu hosp,2026-05-16,quantile,0.75,23,West Virginia,Ensemble
2026-04-25,54,3,wk inc flu hosp,2026-05-16,quantile,0.8,26,West Virginia,Ensemble
2026-04-25,54,3,wk inc flu hosp,2026-05-16,quantile,0.85,32,West Virginia,Ensemble
2026-04-25,54,3,wk inc flu hosp,2026-05-16,quantile,0.9,41,West Virginia,Ensemble
2026-04-25,54,3,wk inc flu hosp,2026-05-16,quantile,0.95,54,West Virginia,Ensemble
2026-04-25,54,3,wk inc flu hosp,2026-05-16,quantile,0.975,67,West Virginia,Ensemble
2026-04-25,54,3,wk inc flu hosp,2026-05-16,quantile,0.99,81,West Virginia,Ensemble
2026-04-25,55,0,wk inc flu hosp,2026-04-25,quantile,0.01,4,Wisconsin,Ensemble
2026-04-25,55,0,wk inc flu hosp,2026-04-25,quantile,0.025,5,Wisconsin,Ensemble
2026-04-25,55,0,wk inc flu hosp,2026-04-25,quantile,0.05,6,Wisconsin,Ensemble
2026-04-25,55,0,wk inc flu hosp,2026-04-25,quantile,0.1,8,Wisconsin,Ensemble
2026-04-25,55,0,wk inc flu hosp,2026-04-25,quantile,0.15,10,Wisconsin,Ensemble
2026-04-25,55,0,wk inc flu hosp,2026-04-25,quantile,0.2,12,Wisconsin,Ensemble
2026-04-25,55,0,wk inc flu hosp,2026-04-25,quantile,0.25,14,Wisconsin,Ensemble
2026-04-25,55,0,wk inc flu hosp,2026-04-25,quantile,0.3,16,Wisconsin,Ensemble
2026-04-25,55,0,wk inc flu hosp,2026-04-25,quantile,0.35,18,Wisconsin,Ensemble
2026-04-25,55,0,wk inc flu hosp,2026-04-25,quantile,0.4,20,Wisconsin,Ensemble
2026-04-25,55,0,wk inc flu hosp,2026-04-25,quantile,0.45,22,Wisconsin,Ensemble
2026-04-25,55,0,wk inc flu hosp,2026-04-25,quantile,0.5,26,Wisconsin,Ensemble
2026-04-25,55,0,wk inc flu hosp,2026-04-25,quantile,0.55,28,Wisconsin,Ensemble
2026-04-25,55,0,wk inc flu hosp,2026-04-25,quantile,0.6,30,Wisconsin,Ensemble
2026-04-25,55,0,wk inc flu hosp,2026-04-25,quantile,0.65,32,Wisconsin,Ensemble
2026-04-25,55,0,wk inc flu hosp,2026-04-25,quantile,0.7,34,Wisconsin,Ensemble
2026-04-25,55,0,wk inc flu hosp,2026-04-25,quantile,0.75,37,Wisconsin,Ensemble
2026-04-25,55,0,wk inc flu hosp,2026-04-25,quantile,0.8,41,Wisconsin,Ensemble
2026-04-25,55,0,wk inc flu hosp,2026-04-25,quantile,0.85,45,Wisconsin,Ensemble
2026-04-25,55,0,wk inc flu hosp,2026-04-25,quantile,0.9,52,Wisconsin,Ensemble
2026-04-25,55,0,wk inc flu hosp,2026-04-25,quantile,0.95,72,Wisconsin,Ensemble
2026-04-25,55,0,wk inc flu hosp,2026-04-25,quantile,0.975,83,Wisconsin,Ensemble
2026-04-25,55,0,wk inc flu hosp,2026-04-25,quantile,0.99,97,Wisconsin,Ensemble
2026-04-25,55,1,wk inc flu hosp,2026-05-02,quantile,0.01,2,Wisconsin,Ensemble
2026-04-25,55,1,wk inc flu hosp,2026-05-02,quantile,0.025,3,Wisconsin,Ensemble
2026-04-25,55,1,wk inc flu hosp,2026-05-02,quantile,0.05,4,Wisconsin,Ensemble
2026-04-25,55,1,wk inc flu hosp,2026-05-02,quantile,0.1,5,Wisconsin,Ensemble
2026-04-25,55,1,wk inc flu hosp,2026-05-02,quantile,0.15,6,Wisconsin,Ensemble
2026-04-25,55,1,wk inc flu hosp,2026-05-02,quantile,0.2,8,Wisconsin,Ensemble
2026-04-25,55,1,wk inc flu hosp,2026-05-02,quantile,0.25,9,Wisconsin,Ensemble
2026-04-25,55,1,wk inc flu hosp,2026-05-02,quantile,0.3,10,Wisconsin,Ensemble
2026-04-25,55,1,wk inc flu hosp,2026-05-02,quantile,0.35,12,Wisconsin,Ensemble
2026-04-25,55,1,wk inc flu hosp,2026-05-02,quantile,0.4,14,Wisconsin,Ensemble
2026-04-25,55,1,wk inc flu hosp,2026-05-02,quantile,0.45,17,Wisconsin,Ensemble
2026-04-25,55,1,wk inc flu hosp,2026-05-02,quantile,0.5,21,Wisconsin,Ensemble
2026-04-25,55,1,wk inc flu hosp,2026-05-02,quantile,0.55,23,Wisconsin,Ensemble
2026-04-25,55,1,wk inc flu hosp,2026-05-02,quantile,0.6,26,Wisconsin,Ensemble
2026-04-25,55,1,wk inc flu hosp,2026-05-02,quantile,0.65,29,Wisconsin,Ensemble
2026-04-25,55,1,wk inc flu hosp,2026-05-02,quantile,0.7,32,Wisconsin,Ensemble
2026-04-25,55,1,wk inc flu hosp,2026-05-02,quantile,0.75,36,Wisconsin,Ensemble
2026-04-25,55,1,wk inc flu hosp,2026-05-02,quantile,0.8,43,Wisconsin,Ensemble
2026-04-25,55,1,wk inc flu hosp,2026-05-02,quantile,0.85,48,Wisconsin,Ensemble
2026-04-25,55,1,wk inc flu hosp,2026-05-02,quantile,0.9,66,Wisconsin,Ensemble
2026-04-25,55,1,wk inc flu hosp,2026-05-02,quantile,0.95,87,Wisconsin,Ensemble
2026-04-25,55,1,wk inc flu hosp,2026-05-02,quantile,0.975,101,Wisconsin,Ensemble
2026-04-25,55,1,wk inc flu hosp,2026-05-02,quantile,0.99,124,Wisconsin,Ensemble
2026-04-25,55,2,wk inc flu hosp,2026-05-09,quantile,0.01,1,Wisconsin,Ensemble
2026-04-25,55,2,wk inc flu hosp,2026-05-09,quantile,0.025,2,Wisconsin,Ensemble
2026-04-25,55,2,wk inc flu hosp,2026-05-09,quantile,0.05,2,Wisconsin,Ensemble
2026-04-25,55,2,wk inc flu hosp,2026-05-09,quantile,0.1,3,Wisconsin,Ensemble
2026-04-25,55,2,wk inc flu hosp,2026-05-09,quantile,0.15,4,Wisconsin,Ensemble
2026-04-25,55,2,wk inc flu hosp,2026-05-09,quantile,0.2,5,Wisconsin,Ensemble
2026-04-25,55,2,wk inc flu hosp,2026-05-09,quantile,0.25,6,Wisconsin,Ensemble
2026-04-25,55,2,wk inc flu hosp,2026-05-09,quantile,0.3,7,Wisconsin,Ensemble
2026-04-25,55,2,wk inc flu hosp,2026-05-09,quantile,0.35,8,Wisconsin,Ensemble
2026-04-25,55,2,wk inc flu hosp,2026-05-09,quantile,0.4,10,Wisconsin,Ensemble
2026-04-25,55,2,wk inc flu hosp,2026-05-09,quantile,0.45,12,Wisconsin,Ensemble
2026-04-25,55,2,wk inc flu hosp,2026-05-09,quantile,0.5,16,Wisconsin,Ensemble
2026-04-25,55,2,wk inc flu hosp,2026-05-09,quantile,0.55,19,Wisconsin,Ensemble
2026-04-25,55,2,wk inc flu hosp,2026-05-09,quantile,0.6,22,Wisconsin,Ensemble
2026-04-25,55,2,wk inc flu hosp,2026-05-09,quantile,0.65,26,Wisconsin,Ensemble
2026-04-25,55,2,wk inc flu hosp,2026-05-09,quantile,0.7,30,Wisconsin,Ensemble
2026-04-25,55,2,wk inc flu hosp,2026-05-09,quantile,0.75,34,Wisconsin,Ensemble
2026-04-25,55,2,wk inc flu hosp,2026-05-09,quantile,0.8,39,Wisconsin,Ensemble
2026-04-25,55,2,wk inc flu hosp,2026-05-09,quantile,0.85,49,Wisconsin,Ensemble
2026-04-25,55,2,wk inc flu hosp,2026-05-09,quantile,0.9,73,Wisconsin,Ensemble
2026-04-25,55,2,wk inc flu hosp,2026-05-09,quantile,0.95,94,Wisconsin,Ensemble
2026-04-25,55,2,wk inc flu hosp,2026-05-09,quantile,0.975,114,Wisconsin,Ensemble
2026-04-25,55,2,wk inc flu hosp,2026-05-09,quantile,0.99,139,Wisconsin,Ensemble
2026-04-25,55,3,wk inc flu hosp,2026-05-16,quantile,0.01,1,Wisconsin,Ensemble
2026-04-25,55,3,wk inc flu hosp,2026-05-16,quantile,0.025,1,Wisconsin,Ensemble
2026-04-25,55,3,wk inc flu hosp,2026-05-16,quantile,0.05,2,Wisconsin,Ensemble
2026-04-25,55,3,wk inc flu hosp,2026-05-16,quantile,0.1,3,Wisconsin,Ensemble
2026-04-25,55,3,wk inc flu hosp,2026-05-16,quantile,0.15,3,Wisconsin,Ensemble
2026-04-25,55,3,wk inc flu hosp,2026-05-16,quantile,0.2,4,Wisconsin,Ensemble
2026-04-25,55,3,wk inc flu hosp,2026-05-16,quantile,0.25,5,Wisconsin,Ensemble
2026-04-25,55,3,wk inc flu hosp,2026-05-16,quantile,0.3,5,Wisconsin,Ensemble
2026-04-25,55,3,wk inc flu hosp,2026-05-16,quantile,0.35,7,Wisconsin,Ensemble
2026-04-25,55,3,wk inc flu hosp,2026-05-16,quantile,0.4,8,Wisconsin,Ensemble
2026-04-25,55,3,wk inc flu hosp,2026-05-16,quantile,0.45,10,Wisconsin,Ensemble
2026-04-25,55,3,wk inc flu hosp,2026-05-16,quantile,0.5,14,Wisconsin,Ensemble
2026-04-25,55,3,wk inc flu hosp,2026-05-16,quantile,0.55,16,Wisconsin,Ensemble
2026-04-25,55,3,wk inc flu hosp,2026-05-16,quantile,0.6,19,Wisconsin,Ensemble
2026-04-25,55,3,wk inc flu hosp,2026-05-16,quantile,0.65,23,Wisconsin,Ensemble
2026-04-25,55,3,wk inc flu hosp,2026-05-16,quantile,0.7,29,Wisconsin,Ensemble
2026-04-25,55,3,wk inc flu hosp,2026-05-16,quantile,0.75,34,Wisconsin,Ensemble
2026-04-25,55,3,wk inc flu hosp,2026-05-16,quantile,0.8,40,Wisconsin,Ensemble
2026-04-25,55,3,wk inc flu hosp,2026-05-16,quantile,0.85,50,Wisconsin,Ensemble
2026-04-25,55,3,wk inc flu hosp,2026-05-16,quantile,0.9,77,Wisconsin,Ensemble
2026-04-25,55,3,wk inc flu hosp,2026-05-16,quantile,0.95,101,Wisconsin,Ensemble
2026-04-25,55,3,wk inc flu hosp,2026-05-16,quantile,0.975,123,Wisconsin,Ensemble
2026-04-25,55,3,wk inc flu hosp,2026-05-16,quantile,0.99,154,Wisconsin,Ensemble
2026-04-25,56,0,wk inc flu hosp,2026-04-25,quantile,0.01,0,Wyoming,Ensemble
2026-04-25,56,0,wk inc flu hosp,2026-04-25,quantile,0.025,0,Wyoming,Ensemble
2026-04-25,56,0,wk inc flu hosp,2026-04-25,quantile,0.05,1,Wyoming,Ensemble
2026-04-25,56,0,wk inc flu hosp,2026-04-25,quantile,0.1,1,Wyoming,Ensemble
2026-04-25,56,0,wk inc flu hosp,2026-04-25,quantile,0.15,1,Wyoming,Ensemble
2026-04-25,56,0,wk inc flu hosp,2026-04-25,quantile,0.2,2,Wyoming,Ensemble
2026-04-25,56,0,wk inc flu hosp,2026-04-25,quantile,0.25,2,Wyoming,Ensemble
2026-04-25,56,0,wk inc flu hosp,2026-04-25,quantile,0.3,2,Wyoming,Ensemble
2026-04-25,56,0,wk inc flu hosp,2026-04-25,quantile,0.35,3,Wyoming,Ensemble
2026-04-25,56,0,wk inc flu hosp,2026-04-25,quantile,0.4,3,Wyoming,Ensemble
2026-04-25,56,0,wk inc flu hosp,2026-04-25,quantile,0.45,4,Wyoming,Ensemble
2026-04-25,56,0,wk inc flu hosp,2026-04-25,quantile,0.5,6,Wyoming,Ensemble
2026-04-25,56,0,wk inc flu hosp,2026-04-25,quantile,0.55,6,Wyoming,Ensemble
2026-04-25,56,0,wk inc flu hosp,2026-04-25,quantile,0.6,6,Wyoming,Ensemble
2026-04-25,56,0,wk inc flu hosp,2026-04-25,quantile,0.65,7,Wyoming,Ensemble
2026-04-25,56,0,wk inc flu hosp,2026-04-25,quantile,0.7,8,Wyoming,Ensemble
2026-04-25,56,0,wk inc flu hosp,2026-04-25,quantile,0.75,9,Wyoming,Ensemble
2026-04-25,56,0,wk inc flu hosp,2026-04-25,quantile,0.8,10,Wyoming,Ensemble
2026-04-25,56,0,wk inc flu hosp,2026-04-25,quantile,0.85,11,Wyoming,Ensemble
2026-04-25,56,0,wk inc flu hosp,2026-04-25,quantile,0.9,12,Wyoming,Ensemble
2026-04-25,56,0,wk inc flu hosp,2026-04-25,quantile,0.95,15,Wyoming,Ensemble
2026-04-25,56,0,wk inc flu hosp,2026-04-25,quantile,0.975,18,Wyoming,Ensemble
2026-04-25,56,0,wk inc flu hosp,2026-04-25,quantile,0.99,21,Wyoming,Ensemble
2026-04-25,56,1,wk inc flu hosp,2026-05-02,quantile,0.01,0,Wyoming,Ensemble
2026-04-25,56,1,wk inc flu hosp,2026-05-02,quantile,0.025,0,Wyoming,Ensemble
2026-04-25,56,1,wk inc flu hosp,2026-05-02,quantile,0.05,0,Wyoming,Ensemble
2026-04-25,56,1,wk inc flu hosp,2026-05-02,quantile,0.1,1,Wyoming,Ensemble
2026-04-25,56,1,wk inc flu hosp,2026-05-02,quantile,0.15,1,Wyoming,Ensemble
2026-04-25,56,1,wk inc flu hosp,2026-05-02,quantile,0.2,1,Wyoming,Ensemble
2026-04-25,56,1,wk inc flu hosp,2026-05-02,quantile,0.25,1,Wyoming,Ensemble
2026-04-25,56,1,wk inc flu hosp,2026-05-02,quantile,0.3,2,Wyoming,Ensemble
2026-04-25,56,1,wk inc flu hosp,2026-05-02,quantile,0.35,2,Wyoming,Ensemble
2026-04-25,56,1,wk inc flu hosp,2026-05-02,quantile,0.4,3,Wyoming,Ensemble
2026-04-25,56,1,wk inc flu hosp,2026-05-02,quantile,0.45,3,Wyoming,Ensemble
2026-04-25,56,1,wk inc flu hosp,2026-05-02,quantile,0.5,5,Wyoming,Ensemble
2026-04-25,56,1,wk inc flu hosp,2026-05-02,quantile,0.55,5,Wyoming,Ensemble
2026-04-25,56,1,wk inc flu hosp,2026-05-02,quantile,0.6,6,Wyoming,Ensemble
2026-04-25,56,1,wk inc flu hosp,2026-05-02,quantile,0.65,7,Wyoming,Ensemble
2026-04-25,56,1,wk inc flu hosp,2026-05-02,quantile,0.7,7,Wyoming,Ensemble
2026-04-25,56,1,wk inc flu hosp,2026-05-02,quantile,0.75,8,Wyoming,Ensemble
2026-04-25,56,1,wk inc flu hosp,2026-05-02,quantile,0.8,10,Wyoming,Ensemble
2026-04-25,56,1,wk inc flu hosp,2026-05-02,quantile,0.85,11,Wyoming,Ensemble
2026-04-25,56,1,wk inc flu hosp,2026-05-02,quantile,0.9,13,Wyoming,Ensemble
2026-04-25,56,1,wk inc flu hosp,2026-05-02,quantile,0.95,17,Wyoming,Ensemble
2026-04-25,56,1,wk inc flu hosp,2026-05-02,quantile,0.975,20,Wyoming,Ensemble
2026-04-25,56,1,wk inc flu hosp,2026-05-02,quantile,0.99,24,Wyoming,Ensemble
2026-04-25,56,2,wk inc flu hosp,2026-05-09,quantile,0.01,0,Wyoming,Ensemble
2026-04-25,56,2,wk inc flu hosp,2026-05-09,quantile,0.025,0,Wyoming,Ensemble
2026-04-25,56,2,wk inc flu hosp,2026-05-09,quantile,0.05,0,Wyoming,Ensemble
2026-04-25,56,2,wk inc flu hosp,2026-05-09,quantile,0.1,0,Wyoming,Ensemble
2026-04-25,56,2,wk inc flu hosp,2026-05-09,quantile,0.15,1,Wyoming,Ensemble
2026-04-25,56,2,wk inc flu hosp,2026-05-09,quantile,0.2,1,Wyoming,Ensemble
2026-04-25,56,2,wk inc flu hosp,2026-05-09,quantile,0.25,1,Wyoming,Ensemble
2026-04-25,56,2,wk inc flu hosp,2026-05-09,quantile,0.3,1,Wyoming,Ensemble
2026-04-25,56,2,wk inc flu hosp,2026-05-09,quantile,0.35,2,Wyoming,Ensemble
2026-04-25,56,2,wk inc flu hosp,2026-05-09,quantile,0.4,2,Wyoming,Ensemble
2026-04-25,56,2,wk inc flu hosp,2026-05-09,quantile,0.45,3,Wyoming,Ensemble
2026-04-25,56,2,wk inc flu hosp,2026-05-09,quantile,0.5,4,Wyoming,Ensemble
2026-04-25,56,2,wk inc flu hosp,2026-05-09,quantile,0.55,5,Wyoming,Ensemble
2026-04-25,56,2,wk inc flu hosp,2026-05-09,quantile,0.6,6,Wyoming,Ensemble
2026-04-25,56,2,wk inc flu hosp,2026-05-09,quantile,0.65,6,Wyoming,Ensemble
2026-04-25,56,2,wk inc flu hosp,2026-05-09,quantile,0.7,7,Wyoming,Ensemble
2026-04-25,56,2,wk inc flu hosp,2026-05-09,quantile,0.75,8,Wyoming,Ensemble
2026-04-25,56,2,wk inc flu hosp,2026-05-09,quantile,0.8,9,Wyoming,Ensemble
2026-04-25,56,2,wk inc flu hosp,2026-05-09,quantile,0.85,11,Wyoming,Ensemble
2026-04-25,56,2,wk inc flu hosp,2026-05-09,quantile,0.9,13,Wyoming,Ensemble
2026-04-25,56,2,wk inc flu hosp,2026-05-09,quantile,0.95,18,Wyoming,Ensemble
2026-04-25,56,2,wk inc flu hosp,2026-05-09,quantile,0.975,21,Wyoming,Ensemble
2026-04-25,56,2,wk inc flu hosp,2026-05-09,quantile,0.99,26,Wyoming,Ensemble
2026-04-25,56,3,wk inc flu hosp,2026-05-16,quantile,0.01,0,Wyoming,Ensemble
2026-04-25,56,3,wk inc flu hosp,2026-05-16,quantile,0.025,0,Wyoming,Ensemble
2026-04-25,56,3,wk inc flu hosp,2026-05-16,quantile,0.05,0,Wyoming,Ensemble
2026-04-25,56,3,wk inc flu hosp,2026-05-16,quantile,0.1,0,Wyoming,Ensemble
2026-04-25,56,3,wk inc flu hosp,2026-05-16,quantile,0.15,0,Wyoming,Ensemble
2026-04-25,56,3,wk inc flu hosp,2026-05-16,quantile,0.2,1,Wyoming,Ensemble
2026-04-25,56,3,wk inc flu hosp,2026-05-16,quantile,0.25,1,Wyoming,Ensemble
2026-04-25,56,3,wk inc flu hosp,2026-05-16,quantile,0.3,1,Wyoming,Ensemble
2026-04-25,56,3,wk inc flu hosp,2026-05-16,quantile,0.35,1,Wyoming,Ensemble
2026-04-25,56,3,wk inc flu hosp,2026-05-16,quantile,0.4,2,Wyoming,Ensemble
2026-04-25,56,3,wk inc flu hosp,2026-05-16,quantile,0.45,2,Wyoming,Ensemble
2026-04-25,56,3,wk inc flu hosp,2026-05-16,quantile,0.5,4,Wyoming,Ensemble
2026-04-25,56,3,wk inc flu hosp,2026-05-16,quantile,0.55,5,Wyoming,Ensemble
2026-04-25,56,3,wk inc flu hosp,2026-05-16,quantile,0.6,5,Wyoming,Ensemble
2026-04-25,56,3,wk inc flu hosp,2026-05-16,quantile,0.65,6,Wyoming,Ensemble
2026-04-25,56,3,wk inc flu hosp,2026-05-16,quantile,0.7,7,Wyoming,Ensemble
2026-04-25,56,3,wk inc flu hosp,2026-05-16,quantile,0.75,8,Wyoming,Ensemble
2026-04-25,56,3,wk inc flu hosp,2026-05-16,quantile,0.8,9,Wyoming,Ensemble
2026-04-25,56,3,wk inc flu hosp,2026-05-16,quantile,0.85,11,Wyoming,Ensemble
2026-04-25,56,3,wk inc flu hosp,2026-05-16,quantile,0.9,14,Wyoming,Ensemble
2026-04-25,56,3,wk inc flu hosp,2026-05-16,quantile,0.95,18,Wyoming,Ensemble
2026-04-25,56,3,wk inc flu hosp,2026-05-16,quantile,0.975,23,Wyoming,Ensemble
2026-04-25,56,3,wk inc flu hosp,2026-05-16,quantile,0.99,28,Wyoming,Ensemble
2026-04-25,72,0,wk inc flu hosp,2026-04-25,quantile,0.01,22,Puerto Rico,Ensemble
2026-04-25,72,0,wk inc flu hosp,2026-04-25,quantile,0.025,27,Puerto Rico,Ensemble
2026-04-25,72,0,wk inc flu hosp,2026-04-25,quantile,0.05,32,Puerto Rico,Ensemble
2026-04-25,72,0,wk inc flu hosp,2026-04-25,quantile,0.1,39,Puerto Rico,Ensemble
2026-04-25,72,0,wk inc flu hosp,2026-04-25,quantile,0.15,45,Puerto Rico,Ensemble
2026-04-25,72,0,wk inc flu hosp,2026-04-25,quantile,0.2,50,Puerto Rico,Ensemble
2026-04-25,72,0,wk inc flu hosp,2026-04-25,quantile,0.25,54,Puerto Rico,Ensemble
2026-04-25,72,0,wk inc flu hosp,2026-04-25,quantile,0.3,58,Puerto Rico,Ensemble
2026-04-25,72,0,wk inc flu hosp,2026-04-25,quantile,0.35,62,Puerto Rico,Ensemble
2026-04-25,72,0,wk inc flu hosp,2026-04-25,quantile,0.4,66,Puerto Rico,Ensemble
2026-04-25,72,0,wk inc flu hosp,2026-04-25,quantile,0.45,69,Puerto Rico,Ensemble
2026-04-25,72,0,wk inc flu hosp,2026-04-25,quantile,0.5,75,Puerto Rico,Ensemble
2026-04-25,72,0,wk inc flu hosp,2026-04-25,quantile,0.55,79,Puerto Rico,Ensemble
2026-04-25,72,0,wk inc flu hosp,2026-04-25,quantile,0.6,84,Puerto Rico,Ensemble
2026-04-25,72,0,wk inc flu hosp,2026-04-25,quantile,0.65,88,Puerto Rico,Ensemble
2026-04-25,72,0,wk inc flu hosp,2026-04-25,quantile,0.7,94,Puerto Rico,Ensemble
2026-04-25,72,0,wk inc flu hosp,2026-04-25,quantile,0.75,99,Puerto Rico,Ensemble
2026-04-25,72,0,wk inc flu hosp,2026-04-25,quantile,0.8,105,Puerto Rico,Ensemble
2026-04-25,72,0,wk inc flu hosp,2026-04-25,quantile,0.85,112,Puerto Rico,Ensemble
2026-04-25,72,0,wk inc flu hosp,2026-04-25,quantile,0.9,122,Puerto Rico,Ensemble
2026-04-25,72,0,wk inc flu hosp,2026-04-25,quantile,0.95,138,Puerto Rico,Ensemble
2026-04-25,72,0,wk inc flu hosp,2026-04-25,quantile,0.975,155,Puerto Rico,Ensemble
2026-04-25,72,0,wk inc flu hosp,2026-04-25,quantile,0.99,175,Puerto Rico,Ensemble
2026-04-25,72,1,wk inc flu hosp,2026-05-02,quantile,0.01,17,Puerto Rico,Ensemble
2026-04-25,72,1,wk inc flu hosp,2026-05-02,quantile,0.025,21,Puerto Rico,Ensemble
2026-04-25,72,1,wk inc flu hosp,2026-05-02,quantile,0.05,26,Puerto Rico,Ensemble
2026-04-25,72,1,wk inc flu hosp,2026-05-02,quantile,0.1,31,Puerto Rico,Ensemble
2026-04-25,72,1,wk inc flu hosp,2026-05-02,quantile,0.15,36,Puerto Rico,Ensemble
2026-04-25,72,1,wk inc flu hosp,2026-05-02,quantile,0.2,42,Puerto Rico,Ensemble
2026-04-25,72,1,wk inc flu hosp,2026-05-02,quantile,0.25,47,Puerto Rico,Ensemble
2026-04-25,72,1,wk inc flu hosp,2026-05-02,quantile,0.3,51,Puerto Rico,Ensemble
2026-04-25,72,1,wk inc flu hosp,2026-05-02,quantile,0.35,56,Puerto Rico,Ensemble
2026-04-25,72,1,wk inc flu hosp,2026-05-02,quantile,0.4,60,Puerto Rico,Ensemble
2026-04-25,72,1,wk inc flu hosp,2026-05-02,quantile,0.45,64,Puerto Rico,Ensemble
2026-04-25,72,1,wk inc flu hosp,2026-05-02,quantile,0.5,69,Puerto Rico,Ensemble
2026-04-25,72,1,wk inc flu hosp,2026-05-02,quantile,0.55,74,Puerto Rico,Ensemble
2026-04-25,72,1,wk inc flu hosp,2026-05-02,quantile,0.6,79,Puerto Rico,Ensemble
2026-04-25,72,1,wk inc flu hosp,2026-05-02,quantile,0.65,85,Puerto Rico,Ensemble
2026-04-25,72,1,wk inc flu hosp,2026-05-02,quantile,0.7,91,Puerto Rico,Ensemble
2026-04-25,72,1,wk inc flu hosp,2026-05-02,quantile,0.75,97,Puerto Rico,Ensemble
2026-04-25,72,1,wk inc flu hosp,2026-05-02,quantile,0.8,105,Puerto Rico,Ensemble
2026-04-25,72,1,wk inc flu hosp,2026-05-02,quantile,0.85,115,Puerto Rico,Ensemble
2026-04-25,72,1,wk inc flu hosp,2026-05-02,quantile,0.9,132,Puerto Rico,Ensemble
2026-04-25,72,1,wk inc flu hosp,2026-05-02,quantile,0.95,154,Puerto Rico,Ensemble
2026-04-25,72,1,wk inc flu hosp,2026-05-02,quantile,0.975,174,Puerto Rico,Ensemble
2026-04-25,72,1,wk inc flu hosp,2026-05-02,quantile,0.99,203,Puerto Rico,Ensemble
2026-04-25,72,2,wk inc flu hosp,2026-05-09,quantile,0.01,14,Puerto Rico,Ensemble
2026-04-25,72,2,wk inc flu hosp,2026-05-09,quantile,0.025,18,Puerto Rico,Ensemble
2026-04-25,72,2,wk inc flu hosp,2026-05-09,quantile,0.05,21,Puerto Rico,Ensemble
2026-04-25,72,2,wk inc flu hosp,2026-05-09,quantile,0.1,27,Puerto Rico,Ensemble
2026-04-25,72,2,wk inc flu hosp,2026-05-09,quantile,0.15,31,Puerto Rico,Ensemble
2026-04-25,72,2,wk inc flu hosp,2026-05-09,quantile,0.2,36,Puerto Rico,Ensemble
2026-04-25,72,2,wk inc flu hosp,2026-05-09,quantile,0.25,41,Puerto Rico,Ensemble
2026-04-25,72,2,wk inc flu hosp,2026-05-09,quantile,0.3,45,Puerto Rico,Ensemble
2026-04-25,72,2,wk inc flu hosp,2026-05-09,quantile,0.35,49,Puerto Rico,Ensemble
2026-04-25,72,2,wk inc flu hosp,2026-05-09,quantile,0.4,54,Puerto Rico,Ensemble
2026-04-25,72,2,wk inc flu hosp,2026-05-09,quantile,0.45,59,Puerto Rico,Ensemble
2026-04-25,72,2,wk inc flu hosp,2026-05-09,quantile,0.5,65,Puerto Rico,Ensemble
2026-04-25,72,2,wk inc flu hosp,2026-05-09,quantile,0.55,71,Puerto Rico,Ensemble
2026-04-25,72,2,wk inc flu hosp,2026-05-09,quantile,0.6,77,Puerto Rico,Ensemble
2026-04-25,72,2,wk inc flu hosp,2026-05-09,quantile,0.65,82,Puerto Rico,Ensemble
2026-04-25,72,2,wk inc flu hosp,2026-05-09,quantile,0.7,88,Puerto Rico,Ensemble
2026-04-25,72,2,wk inc flu hosp,2026-05-09,quantile,0.75,96,Puerto Rico,Ensemble
2026-04-25,72,2,wk inc flu hosp,2026-05-09,quantile,0.8,106,Puerto Rico,Ensemble
2026-04-25,72,2,wk inc flu hosp,2026-05-09,quantile,0.85,118,Puerto Rico,Ensemble
2026-04-25,72,2,wk inc flu hosp,2026-05-09,quantile,0.9,135,Puerto Rico,Ensemble
2026-04-25,72,2,wk inc flu hosp,2026-05-09,quantile,0.95,164,Puerto Rico,Ensemble
2026-04-25,72,2,wk inc flu hosp,2026-05-09,quantile,0.975,191,Puerto Rico,Ensemble
2026-04-25,72,2,wk inc flu hosp,2026-05-09,quantile,0.99,228,Puerto Rico,Ensemble
2026-04-25,72,3,wk inc flu hosp,2026-05-16,quantile,0.01,12,Puerto Rico,Ensemble
2026-04-25,72,3,wk inc flu hosp,2026-05-16,quantile,0.025,15,Puerto Rico,Ensemble
2026-04-25,72,3,wk inc flu hosp,2026-05-16,quantile,0.05,19,Puerto Rico,Ensemble
2026-04-25,72,3,wk inc flu hosp,2026-05-16,quantile,0.1,24,Puerto Rico,Ensemble
2026-04-25,72,3,wk inc flu hosp,2026-05-16,quantile,0.15,28,Puerto Rico,Ensemble
2026-04-25,72,3,wk inc flu hosp,2026-05-16,quantile,0.2,32,Puerto Rico,Ensemble
2026-04-25,72,3,wk inc flu hosp,2026-05-16,quantile,0.25,36,Puerto Rico,Ensemble
2026-04-25,72,3,wk inc flu hosp,2026-05-16,quantile,0.3,41,Puerto Rico,Ensemble
2026-04-25,72,3,wk inc flu hosp,2026-05-16,quantile,0.35,45,Puerto Rico,Ensemble
2026-04-25,72,3,wk inc flu hosp,2026-05-16,quantile,0.4,50,Puerto Rico,Ensemble
2026-04-25,72,3,wk inc flu hosp,2026-05-16,quantile,0.45,55,Puerto Rico,Ensemble
2026-04-25,72,3,wk inc flu hosp,2026-05-16,quantile,0.5,62,Puerto Rico,Ensemble
2026-04-25,72,3,wk inc flu hosp,2026-05-16,quantile,0.55,67,Puerto Rico,Ensemble
2026-04-25,72,3,wk inc flu hosp,2026-05-16,quantile,0.6,73,Puerto Rico,Ensemble
2026-04-25,72,3,wk inc flu hosp,2026-05-16,quantile,0.65,79,Puerto Rico,Ensemble
2026-04-25,72,3,wk inc flu hosp,2026-05-16,quantile,0.7,86,Puerto Rico,Ensemble
2026-04-25,72,3,wk inc flu hosp,2026-05-16,quantile,0.75,94,Puerto Rico,Ensemble
2026-04-25,72,3,wk inc flu hosp,2026-05-16,quantile,0.8,103,Puerto Rico,Ensemble
2026-04-25,72,3,wk inc flu hosp,2026-05-16,quantile,0.85,118,Puerto Rico,Ensemble
2026-04-25,72,3,wk inc flu hosp,2026-05-16,quantile,0.9,136,Puerto Rico,Ensemble
2026-04-25,72,3,wk inc flu hosp,2026-05-16,quantile,0.95,170,Puerto Rico,Ensemble
2026-04-25,72,3,wk inc flu hosp,2026-05-16,quantile,0.975,205,Puerto Rico,Ensemble
2026-04-25,72,3,wk inc flu hosp,2026-05-16,quantile,0.99,247,Puerto Rico,Ensemble
2026-04-25,US,0,wk inc flu hosp,2026-04-25,quantile,0.01,506,US,Ensemble
2026-04-25,US,0,wk inc flu hosp,2026-04-25,quantile,0.025,575,US,Ensemble
2026-04-25,US,0,wk inc flu hosp,2026-04-25,quantile,0.05,657,US,Ensemble
2026-04-25,US,0,wk inc flu hosp,2026-04-25,quantile,0.1,768,US,Ensemble
2026-04-25,US,0,wk inc flu hosp,2026-04-25,quantile,0.15,865,US,Ensemble
2026-04-25,US,0,wk inc flu hosp,2026-04-25,quantile,0.2,965,US,Ensemble
2026-04-25,US,0,wk inc flu hosp,2026-04-25,quantile,0.25,1065,US,Ensemble
2026-04-25,US,0,wk inc flu hosp,2026-04-25,quantile,0.3,1154,US,Ensemble
2026-04-25,US,0,wk inc flu hosp,2026-04-25,quantile,0.35,1233,US,Ensemble
2026-04-25,US,0,wk inc flu hosp,2026-04-25,quantile,0.4,1307,US,Ensemble
2026-04-25,US,0,wk inc flu hosp,2026-04-25,quantile,0.45,1382,US,Ensemble
2026-04-25,US,0,wk inc flu hosp,2026-04-25,quantile,0.5,1466,US,Ensemble
2026-04-25,US,0,wk inc flu hosp,2026-04-25,quantile,0.55,1543,US,Ensemble
2026-04-25,US,0,wk inc flu hosp,2026-04-25,quantile,0.6,1615,US,Ensemble
2026-04-25,US,0,wk inc flu hosp,2026-04-25,quantile,0.65,1694,US,Ensemble
2026-04-25,US,0,wk inc flu hosp,2026-04-25,quantile,0.7,1781,US,Ensemble
2026-04-25,US,0,wk inc flu hosp,2026-04-25,quantile,0.75,1883,US,Ensemble
2026-04-25,US,0,wk inc flu hosp,2026-04-25,quantile,0.8,2015,US,Ensemble
2026-04-25,US,0,wk inc flu hosp,2026-04-25,quantile,0.85,2159,US,Ensemble
2026-04-25,US,0,wk inc flu hosp,2026-04-25,quantile,0.9,2437,US,Ensemble
2026-04-25,US,0,wk inc flu hosp,2026-04-25,quantile,0.95,2930,US,Ensemble
2026-04-25,US,0,wk inc flu hosp,2026-04-25,quantile,0.975,3267,US,Ensemble
2026-04-25,US,0,wk inc flu hosp,2026-04-25,quantile,0.99,3646,US,Ensemble
2026-04-25,US,1,wk inc flu hosp,2026-05-02,quantile,0.01,335,US,Ensemble
2026-04-25,US,1,wk inc flu hosp,2026-05-02,quantile,0.025,398,US,Ensemble
2026-04-25,US,1,wk inc flu hosp,2026-05-02,quantile,0.05,452,US,Ensemble
2026-04-25,US,1,wk inc flu hosp,2026-05-02,quantile,0.1,532,US,Ensemble
2026-04-25,US,1,wk inc flu hosp,2026-05-02,quantile,0.15,598,US,Ensemble
2026-04-25,US,1,wk inc flu hosp,2026-05-02,quantile,0.2,672,US,Ensemble
2026-04-25,US,1,wk inc flu hosp,2026-05-02,quantile,0.25,745,US,Ensemble
2026-04-25,US,1,wk inc flu hosp,2026-05-02,quantile,0.3,835,US,Ensemble
2026-04-25,US,1,wk inc flu hosp,2026-05-02,quantile,0.35,923,US,Ensemble
2026-04-25,US,1,wk inc flu hosp,2026-05-02,quantile,0.4,1008,US,Ensemble
2026-04-25,US,1,wk inc flu hosp,2026-05-02,quantile,0.45,1119,US,Ensemble
2026-04-25,US,1,wk inc flu hosp,2026-05-02,quantile,0.5,1233,US,Ensemble
2026-04-25,US,1,wk inc flu hosp,2026-05-02,quantile,0.55,1336,US,Ensemble
2026-04-25,US,1,wk inc flu hosp,2026-05-02,quantile,0.6,1467,US,Ensemble
2026-04-25,US,1,wk inc flu hosp,2026-05-02,quantile,0.65,1569,US,Ensemble
2026-04-25,US,1,wk inc flu hosp,2026-05-02,quantile,0.7,1707,US,Ensemble
2026-04-25,US,1,wk inc flu hosp,2026-05-02,quantile,0.75,1832,US,Ensemble
2026-04-25,US,1,wk inc flu hosp,2026-05-02,quantile,0.8,1995,US,Ensemble
2026-04-25,US,1,wk inc flu hosp,2026-05-02,quantile,0.85,2187,US,Ensemble
2026-04-25,US,1,wk inc flu hosp,2026-05-02,quantile,0.9,2868,US,Ensemble
2026-04-25,US,1,wk inc flu hosp,2026-05-02,quantile,0.95,3407,US,Ensemble
2026-04-25,US,1,wk inc flu hosp,2026-05-02,quantile,0.975,3835,US,Ensemble
2026-04-25,US,1,wk inc flu hosp,2026-05-02,quantile,0.99,4391,US,Ensemble
2026-04-25,US,2,wk inc flu hosp,2026-05-09,quantile,0.01,240,US,Ensemble
2026-04-25,US,2,wk inc flu hosp,2026-05-09,quantile,0.025,291,US,Ensemble
2026-04-25,US,2,wk inc flu hosp,2026-05-09,quantile,0.05,342,US,Ensemble
2026-04-25,US,2,wk inc flu hosp,2026-05-09,quantile,0.1,410,US,Ensemble
2026-04-25,US,2,wk inc flu hosp,2026-05-09,quantile,0.15,471,US,Ensemble
2026-04-25,US,2,wk inc flu hosp,2026-05-09,quantile,0.2,526,US,Ensemble
2026-04-25,US,2,wk inc flu hosp,2026-05-09,quantile,0.25,582,US,Ensemble
2026-04-25,US,2,wk inc flu hosp,2026-05-09,quantile,0.3,642,US,Ensemble
2026-04-25,US,2,wk inc flu hosp,2026-05-09,quantile,0.35,719,US,Ensemble
2026-04-25,US,2,wk inc flu hosp,2026-05-09,quantile,0.4,803,US,Ensemble
2026-04-25,US,2,wk inc flu hosp,2026-05-09,quantile,0.45,901,US,Ensemble
2026-04-25,US,2,wk inc flu hosp,2026-05-09,quantile,0.5,1071,US,Ensemble
2026-04-25,US,2,wk inc flu hosp,2026-05-09,quantile,0.55,1199,US,Ensemble
2026-04-25,US,2,wk inc flu hosp,2026-05-09,quantile,0.6,1319,US,Ensemble
2026-04-25,US,2,wk inc flu hosp,2026-05-09,quantile,0.65,1447,US,Ensemble
2026-04-25,US,2,wk inc flu hosp,2026-05-09,quantile,0.7,1591,US,Ensemble
2026-04-25,US,2,wk inc flu hosp,2026-05-09,quantile,0.75,1752,US,Ensemble
2026-04-25,US,2,wk inc flu hosp,2026-05-09,quantile,0.8,2173,US,Ensemble
2026-04-25,US,2,wk inc flu hosp,2026-05-09,quantile,0.85,2451,US,Ensemble
2026-04-25,US,2,wk inc flu hosp,2026-05-09,quantile,0.9,2875,US,Ensemble
2026-04-25,US,2,wk inc flu hosp,2026-05-09,quantile,0.95,3848,US,Ensemble
2026-04-25,US,2,wk inc flu hosp,2026-05-09,quantile,0.975,4512,US,Ensemble
2026-04-25,US,2,wk inc flu hosp,2026-05-09,quantile,0.99,5241,US,Ensemble
2026-04-25,US,3,wk inc flu hosp,2026-05-16,quantile,0.01,200,US,Ensemble
2026-04-25,US,3,wk inc flu hosp,2026-05-16,quantile,0.025,232,US,Ensemble
2026-04-25,US,3,wk inc flu hosp,2026-05-16,quantile,0.05,282,US,Ensemble
2026-04-25,US,3,wk inc flu hosp,2026-05-16,quantile,0.1,348,US,Ensemble
2026-04-25,US,3,wk inc flu hosp,2026-05-16,quantile,0.15,407,US,Ensemble
2026-04-25,US,3,wk inc flu hosp,2026-05-16,quantile,0.2,457,US,Ensemble
2026-04-25,US,3,wk inc flu hosp,2026-05-16,quantile,0.25,501,US,Ensemble
2026-04-25,US,3,wk inc flu hosp,2026-05-16,quantile,0.3,553,US,Ensemble
2026-04-25,US,3,wk inc flu hosp,2026-05-16,quantile,0.35,623,US,Ensemble
2026-04-25,US,3,wk inc flu hosp,2026-05-16,quantile,0.4,701,US,Ensemble
2026-04-25,US,3,wk inc flu hosp,2026-05-16,quantile,0.45,791,US,Ensemble
2026-04-25,US,3,wk inc flu hosp,2026-05-16,quantile,0.5,952,US,Ensemble
2026-04-25,US,3,wk inc flu hosp,2026-05-16,quantile,0.55,1080,US,Ensemble
2026-04-25,US,3,wk inc flu hosp,2026-05-16,quantile,0.6,1190,US,Ensemble
2026-04-25,US,3,wk inc flu hosp,2026-05-16,quantile,0.65,1315,US,Ensemble
2026-04-25,US,3,wk inc flu hosp,2026-05-16,quantile,0.7,1459,US,Ensemble
2026-04-25,US,3,wk inc flu hosp,2026-05-16,quantile,0.75,1683,US,Ensemble
2026-04-25,US,3,wk inc flu hosp,2026-05-16,quantile,0.8,2036,US,Ensemble
2026-04-25,US,3,wk inc flu hosp,2026-05-16,quantile,0.85,2343,US,Ensemble
2026-04-25,US,3,wk inc flu hosp,2026-05-16,quantile,0.9,2946,US,Ensemble
2026-04-25,US,3,wk inc flu hosp,2026-05-16,quantile,0.95,4046,US,Ensemble
2026-04-25,US,3,wk inc flu hosp,2026-05-16,quantile,0.975,4664,US,Ensemble
2026-04-25,US,3,wk inc flu hosp,2026-05-16,quantile,0.99,5478,US,Ensemble
